game_date,game_pk,bp_batters_faced,bp_strikeouts,bp_walks,bp_swings,bp_whiffs,bp_pitches,team,bp_K_pct,bp_BB_pct,bp_whiff_pct
2026-03-26,823974,21,2,3,29,5,77,AZ,0.09523809523809523,0.14285714285714285,0.1724137931034483
2026-03-27,823971,12,1,0,22,5,42,AZ,0.08333333333333333,0.0,0.22727272727272727
2026-03-28,823973,12,1,1,29,6,60,AZ,0.08333333333333333,0.08333333333333333,0.20689655172413793
2026-03-30,825108,21,4,3,34,11,85,AZ,0.19047619047619047,0.14285714285714285,0.3235294117647059
2026-03-31,825107,10,6,1,19,3,45,AZ,0.6,0.1,0.15789473684210525
2026-04-01,825106,11,3,0,23,9,45,AZ,0.2727272727272727,0.0,0.391304347826087
2026-04-02,825105,31,3,5,50,11,117,AZ,0.0967741935483871,0.16129032258064516,0.22
2026-04-03,825103,8,2,0,16,5,24,AZ,0.25,0.0,0.3125
2026-04-04,825104,12,4,0,31,7,57,AZ,0.3333333333333333,0.0,0.22580645161290322
2026-04-05,825102,23,4,0,40,10,82,AZ,0.17391304347826086,0.0,0.25
2026-04-07,823648,16,2,0,29,4,57,AZ,0.125,0.0,0.13793103448275862
2026-04-08,823646,13,2,1,24,3,52,AZ,0.15384615384615385,0.07692307692307693,0.125
2026-04-09,823645,10,3,0,21,9,31,AZ,0.3,0.0,0.42857142857142855
2026-04-10,823482,12,6,0,22,7,50,AZ,0.5,0.0,0.3181818181818182
2026-04-11,823480,7,5,1,18,8,38,AZ,0.7142857142857143,0.14285714285714285,0.4444444444444444
2026-04-12,823479,14,3,1,26,4,52,AZ,0.21428571428571427,0.07142857142857142,0.15384615384615385
2026-04-13,824856,16,2,2,21,3,48,AZ,0.125,0.125,0.14285714285714285
2026-04-14,824853,14,2,2,22,5,55,AZ,0.14285714285714285,0.14285714285714285,0.22727272727272727
2026-04-15,824855,17,5,0,33,8,61,AZ,0.29411764705882354,0.0,0.24242424242424243
2026-04-17,825101,8,2,0,17,4,25,AZ,0.25,0.0,0.23529411764705882
2026-04-18,825098,13,4,0,27,9,41,AZ,0.3076923076923077,0.0,0.3333333333333333
2026-04-19,825100,33,6,3,56,13,117,AZ,0.18181818181818182,0.09090909090909091,0.23214285714285715
2026-04-21,825099,21,3,3,31,8,81,AZ,0.14285714285714285,0.14285714285714285,0.25806451612903225
2026-04-22,825097,18,4,2,28,5,62,AZ,0.2222222222222222,0.1111111111111111,0.17857142857142858
2026-04-23,825096,17,4,2,27,7,55,AZ,0.23529411764705882,0.11764705882352941,0.25925925925925924
2026-04-25,825093,28,7,4,59,15,116,AZ,0.25,0.14285714285714285,0.2542372881355932
2026-04-26,825094,16,2,0,34,5,53,AZ,0.125,0.0,0.14705882352941177
2026-04-28,823798,20,1,1,30,1,64,AZ,0.05,0.05,0.03333333333333333
2026-04-29,823796,14,6,0,27,12,67,AZ,0.42857142857142855,0.0,0.4444444444444444
2026-04-30,823795,22,4,4,39,9,90,AZ,0.18181818181818182,0.18181818181818182,0.23076923076923078
2026-05-01,824686,15,2,1,20,3,53,AZ,0.13333333333333333,0.06666666666666667,0.15
2026-05-02,824685,10,3,2,21,5,52,AZ,0.3,0.2,0.23809523809523808
2026-05-03,824687,18,3,3,28,10,64,AZ,0.16666666666666666,0.16666666666666666,0.35714285714285715
2026-05-05,825092,6,2,0,15,4,26,AZ,0.3333333333333333,0.0,0.26666666666666666
2026-05-06,825091,9,1,0,15,1,36,AZ,0.1111111111111111,0.0,0.06666666666666667
2026-05-07,825090,10,3,1,18,5,40,AZ,0.3,0.1,0.2777777777777778
2026-05-08,825088,13,3,0,26,6,37,AZ,0.23076923076923078,0.0,0.23076923076923078
2026-05-09,825089,6,2,0,16,5,29,AZ,0.3333333333333333,0.0,0.3125
2026-05-10,825085,3,0,1,3,1,9,AZ,0.0,0.3333333333333333,0.3333333333333333
2026-05-11,822901,9,2,0,17,5,33,AZ,0.2222222222222222,0.0,0.29411764705882354
2026-05-12,822903,14,6,0,29,7,53,AZ,0.42857142857142855,0.0,0.2413793103448276
2026-05-13,822900,10,2,1,15,2,35,AZ,0.2,0.1,0.13333333333333333
2026-05-16,824359,12,1,1,26,7,51,AZ,0.08333333333333333,0.08333333333333333,0.2692307692307692
2026-05-17,824358,16,0,2,21,0,46,AZ,0.0,0.125,0.0
2026-05-18,825087,12,2,0,23,4,51,AZ,0.16666666666666666,0.0,0.17391304347826086
2026-05-19,825086,7,3,1,15,5,29,AZ,0.42857142857142855,0.14285714285714285,0.3333333333333333
2026-05-20,825084,10,1,1,20,2,37,AZ,0.1,0.1,0.1
2026-05-21,825083,10,2,1,20,2,38,AZ,0.2,0.1,0.1
2026-05-22,825082,16,2,2,38,5,77,AZ,0.125,0.125,0.13157894736842105
2026-05-23,825080,14,1,1,23,6,49,AZ,0.07142857142857142,0.07142857142857142,0.2608695652173913
2026-05-24,825081,3,1,0,6,0,11,AZ,0.3333333333333333,0.0,0.0
2026-05-25,823219,7,1,0,9,1,26,AZ,0.14285714285714285,0.0,0.1111111111111111
2026-05-26,823216,13,4,1,25,4,56,AZ,0.3076923076923077,0.07692307692307693,0.16
2026-05-27,823217,10,2,1,21,5,39,AZ,0.2,0.1,0.23809523809523808
2026-05-29,823135,19,7,0,37,11,80,AZ,0.3684210526315789,0.0,0.2972972972972973
2026-05-30,823132,10,0,0,25,3,37,AZ,0.0,0.0,0.12
2026-05-31,823133,16,7,1,29,11,58,AZ,0.4375,0.0625,0.3793103448275862
2026-06-01,825078,9,2,0,13,3,32,AZ,0.2222222222222222,0.0,0.23076923076923078
2026-06-02,825079,15,4,1,22,8,57,AZ,0.26666666666666666,0.06666666666666667,0.36363636363636365
2026-06-03,825077,23,5,3,36,7,99,AZ,0.21739130434782608,0.13043478260869565,0.19444444444444445
2026-06-04,825076,7,2,0,12,5,21,AZ,0.2857142857142857,0.0,0.4166666666666667
2026-06-05,825073,27,3,4,35,3,88,AZ,0.1111111111111111,0.14814814814814814,0.08571428571428572
2026-06-06,825075,13,3,4,24,9,53,AZ,0.23076923076923078,0.3076923076923077,0.375
2026-06-07,825074,6,1,0,11,4,24,AZ,0.16666666666666666,0.0,0.36363636363636365
2026-06-09,823858,17,1,1,22,3,60,AZ,0.058823529411764705,0.058823529411764705,0.13636363636363635
2026-06-10,823856,16,2,1,19,3,39,AZ,0.125,0.0625,0.15789473684210525
2026-06-11,823855,8,3,1,14,4,31,AZ,0.375,0.125,0.2857142857142857
2026-06-12,824507,24,5,3,41,12,102,AZ,0.20833333333333334,0.125,0.2926829268292683
2026-06-13,824508,4,3,0,9,5,15,AZ,0.75,0.0,0.5555555555555556
2026-06-14,824506,12,3,1,28,7,59,AZ,0.25,0.08333333333333333,0.25
2026-06-15,825071,7,2,0,13,5,28,AZ,0.2857142857142857,0.0,0.38461538461538464
2026-06-16,825070,14,6,0,31,14,56,AZ,0.42857142857142855,0.0,0.45161290322580644
2026-06-17,825072,6,2,0,14,4,23,AZ,0.3333333333333333,0.0,0.2857142857142857
2026-06-19,825069,35,5,5,50,13,117,AZ,0.14285714285714285,0.14285714285714285,0.26
2026-06-20,825068,27,1,5,51,8,108,AZ,0.037037037037037035,0.18518518518518517,0.1568627450980392
2026-06-21,825067,21,2,1,37,11,71,AZ,0.09523809523809523,0.047619047619047616,0.2972972972972973
2026-06-22,823040,7,2,1,11,1,31,AZ,0.2857142857142857,0.14285714285714285,0.09090909090909091
2026-06-23,823043,12,4,1,19,7,45,AZ,0.3333333333333333,0.08333333333333333,0.3684210526315789
2026-06-24,823041,24,4,0,41,9,76,AZ,0.16666666666666666,0.0,0.21951219512195122
2026-06-26,822962,6,0,0,11,3,20,AZ,0.0,0.0,0.2727272727272727
2026-06-27,822960,10,3,2,17,4,42,AZ,0.3,0.2,0.23529411764705882
2026-06-28,822959,7,2,0,15,3,26,AZ,0.2857142857142857,0.0,0.2
2026-06-29,825065,11,2,1,17,4,37,AZ,0.18181818181818182,0.09090909090909091,0.23529411764705882
2026-06-30,825066,13,1,1,21,1,48,AZ,0.07692307692307693,0.07692307692307693,0.047619047619047616
2026-07-01,825064,15,2,0,32,2,62,AZ,0.13333333333333333,0.0,0.0625
2026-03-27,824946,11,2,0,19,5,39,ATL,0.18181818181818182,0.0,0.2631578947368421
2026-03-28,824945,13,5,1,31,6,61,ATL,0.38461538461538464,0.07692307692307693,0.1935483870967742
2026-03-29,824944,15,4,1,24,4,56,ATL,0.26666666666666666,0.06666666666666667,0.16666666666666666
2026-03-30,824943,11,2,0,24,8,39,ATL,0.18181818181818182,0.0,0.3333333333333333
2026-03-31,824942,18,5,0,35,9,61,ATL,0.2777777777777778,0.0,0.2571428571428571
2026-04-01,824940,11,3,0,31,9,38,ATL,0.2727272727272727,0.0,0.2903225806451613
2026-04-02,825105,15,2,1,23,5,52,ATL,0.13333333333333333,0.06666666666666667,0.21739130434782608
2026-04-03,825103,10,1,0,18,5,35,ATL,0.1,0.0,0.2777777777777778
2026-04-04,825104,3,1,0,3,1,7,ATL,0.3333333333333333,0.0,0.3333333333333333
2026-04-05,825102,17,4,1,34,10,66,ATL,0.23529411764705882,0.058823529411764705,0.29411764705882354
2026-04-06,824052,12,3,0,22,6,36,ATL,0.25,0.0,0.2727272727272727
2026-04-07,824051,18,7,2,49,15,87,ATL,0.3888888888888889,0.1111111111111111,0.30612244897959184
2026-04-08,824050,8,4,0,18,6,31,ATL,0.5,0.0,0.3333333333333333
2026-04-10,824941,18,2,2,36,8,71,ATL,0.1111111111111111,0.1111111111111111,0.2222222222222222
2026-04-11,824939,22,2,5,41,7,99,ATL,0.09090909090909091,0.22727272727272727,0.17073170731707318
2026-04-12,824938,10,2,0,16,1,33,ATL,0.2,0.0,0.0625
2026-04-13,824937,28,6,1,44,10,105,ATL,0.21428571428571427,0.03571428571428571,0.22727272727272727
2026-04-14,824935,15,5,0,28,8,54,ATL,0.3333333333333333,0.0,0.2857142857142857
2026-04-15,824936,16,5,2,30,12,58,ATL,0.3125,0.125,0.4
2026-04-17,823476,12,1,1,27,7,52,ATL,0.08333333333333333,0.08333333333333333,0.25925925925925924
2026-04-18,823474,6,3,0,16,7,29,ATL,0.5,0.0,0.4375
2026-04-19,823475,19,3,3,40,8,74,ATL,0.15789473684210525,0.15789473684210525,0.2
2026-04-20,822749,7,3,0,19,8,28,ATL,0.42857142857142855,0.0,0.42105263157894735
2026-04-21,822747,35,9,8,60,18,147,ATL,0.2571428571428571,0.22857142857142856,0.3
2026-04-22,822748,24,5,1,41,8,96,ATL,0.20833333333333334,0.041666666666666664,0.1951219512195122
2026-04-23,822745,6,3,0,11,2,23,ATL,0.5,0.0,0.18181818181818182
2026-04-24,824932,13,1,1,34,2,61,ATL,0.07692307692307693,0.07692307692307693,0.058823529411764705
2026-04-25,824933,16,6,2,34,11,71,ATL,0.375,0.125,0.3235294117647059
2026-04-26,824934,11,3,0,21,6,49,ATL,0.2727272727272727,0.0,0.2857142857142857
2026-04-28,824931,17,3,1,22,4,58,ATL,0.17647058823529413,0.058823529411764705,0.18181818181818182
2026-04-29,824930,11,6,0,21,10,45,ATL,0.5454545454545454,0.0,0.47619047619047616
2026-04-30,824929,19,5,5,38,7,87,ATL,0.2631578947368421,0.2631578947368421,0.18421052631578946
2026-05-01,824366,13,1,1,28,8,58,ATL,0.07692307692307693,0.07692307692307693,0.2857142857142857
2026-05-02,824365,6,2,0,17,2,26,ATL,0.3333333333333333,0.0,0.11764705882352941
2026-05-03,824364,24,7,1,47,17,72,ATL,0.2916666666666667,0.041666666666666664,0.3617021276595745
2026-05-04,823143,15,4,2,26,8,56,ATL,0.26666666666666666,0.13333333333333333,0.3076923076923077
2026-05-05,823142,10,7,0,24,11,51,ATL,0.7,0.0,0.4583333333333333
2026-05-06,823141,12,4,1,26,7,56,ATL,0.3333333333333333,0.08333333333333333,0.2692307692307692
2026-05-08,823957,3,0,0,5,0,9,ATL,0.0,0.0,0.0
2026-05-09,823955,14,1,1,30,5,60,ATL,0.07142857142857142,0.07142857142857142,0.16666666666666666
2026-05-10,823954,14,2,2,25,4,55,ATL,0.14285714285714285,0.14285714285714285,0.16
2026-05-12,824927,16,4,1,26,6,61,ATL,0.25,0.0625,0.23076923076923078
2026-05-13,824928,17,6,2,24,7,60,ATL,0.35294117647058826,0.11764705882352941,0.2916666666666667
2026-05-14,824926,11,2,1,23,4,46,ATL,0.18181818181818182,0.09090909090909091,0.17391304347826086
2026-05-15,824925,20,5,1,40,15,76,ATL,0.25,0.05,0.375
2026-05-16,824924,3,2,0,5,3,14,ATL,0.6666666666666666,0.0,0.6
2026-05-17,824923,13,3,0,21,3,41,ATL,0.23076923076923078,0.0,0.14285714285714285
2026-05-18,823867,22,4,6,30,7,88,ATL,0.18181818181818182,0.2727272727272727,0.23333333333333334
2026-05-19,823865,17,3,2,29,7,72,ATL,0.17647058823529413,0.11764705882352941,0.2413793103448276
2026-05-20,823866,6,0,1,11,0,25,ATL,0.0,0.16666666666666666,0.0
2026-05-21,823864,10,4,0,20,11,31,ATL,0.4,0.0,0.55
2026-05-22,824922,21,4,1,50,11,89,ATL,0.19047619047619047,0.047619047619047616,0.22
2026-05-23,824920,13,5,0,19,6,41,ATL,0.38461538461538464,0.0,0.3157894736842105
2026-05-24,824921,14,3,2,25,5,53,ATL,0.21428571428571427,0.14285714285714285,0.2
2026-05-26,824758,18,3,1,31,4,72,ATL,0.16666666666666666,0.05555555555555555,0.12903225806451613
2026-05-27,824756,20,2,0,41,6,67,ATL,0.1,0.0,0.14634146341463414
2026-05-28,824757,14,3,0,28,5,51,ATL,0.21428571428571427,0.0,0.17857142857142858
2026-05-29,824515,16,6,0,33,12,65,ATL,0.375,0.0,0.36363636363636365
2026-05-30,824513,13,3,0,26,7,49,ATL,0.23076923076923078,0.0,0.2692307692307692
2026-05-31,824512,13,5,1,24,5,53,ATL,0.38461538461538464,0.07692307692307693,0.20833333333333334
2026-06-02,824918,9,3,0,19,3,28,ATL,0.3333333333333333,0.0,0.15789473684210525
2026-06-03,824917,13,4,1,25,5,50,ATL,0.3076923076923077,0.07692307692307693,0.2
2026-06-04,824919,17,3,1,33,6,69,ATL,0.17647058823529413,0.058823529411764705,0.18181818181818182
2026-06-05,824914,13,2,1,23,8,51,ATL,0.15384615384615385,0.07692307692307693,0.34782608695652173
2026-06-06,824915,17,7,2,41,14,85,ATL,0.4117647058823529,0.11764705882352941,0.34146341463414637
2026-06-07,824916,14,4,2,32,9,64,ATL,0.2857142857142857,0.14285714285714285,0.28125
2026-06-09,824591,24,3,3,45,7,92,ATL,0.125,0.125,0.15555555555555556
2026-06-10,824590,9,2,0,13,6,35,ATL,0.2222222222222222,0.0,0.46153846153846156
2026-06-12,823617,18,5,1,33,8,77,ATL,0.2777777777777778,0.05555555555555555,0.24242424242424243
2026-06-13,823616,13,6,1,27,7,50,ATL,0.46153846153846156,0.07692307692307693,0.25925925925925924
2026-06-14,823615,18,5,5,38,11,88,ATL,0.2777777777777778,0.2777777777777778,0.2894736842105263
2026-06-16,824912,27,2,0,47,7,103,ATL,0.07407407407407407,0.0,0.14893617021276595
2026-06-17,824913,17,2,0,35,6,55,ATL,0.11764705882352941,0.0,0.17142857142857143
2026-06-19,824910,15,2,2,30,5,65,ATL,0.13333333333333333,0.13333333333333333,0.16666666666666666
2026-06-20,824909,13,3,0,25,3,49,ATL,0.23076923076923078,0.0,0.12
2026-06-21,824908,11,3,1,25,5,58,ATL,0.2727272727272727,0.09090909090909091,0.2
2026-06-22,823288,13,5,2,31,8,65,ATL,0.38461538461538464,0.15384615384615385,0.25806451612903225
2026-06-23,823286,16,1,0,36,10,66,ATL,0.0625,0.0,0.2777777777777778
2026-06-24,823284,17,4,2,32,9,67,ATL,0.23529411764705882,0.11764705882352941,0.28125
2026-06-26,823206,25,4,4,39,8,91,ATL,0.16,0.16,0.20512820512820512
2026-06-27,823207,13,4,0,22,4,47,ATL,0.3076923076923077,0.0,0.18181818181818182
2026-06-28,823204,9,2,1,18,8,35,ATL,0.2222222222222222,0.1111111111111111,0.4444444444444444
2026-06-30,824907,15,5,2,22,5,62,ATL,0.3333333333333333,0.13333333333333333,0.22727272727272727
2026-07-01,824905,12,5,0,29,14,52,ATL,0.4166666666666667,0.0,0.4827586206896552
2026-03-26,824865,8,4,0,18,8,33,BAL,0.5,0.0,0.4444444444444444
2026-03-28,824862,16,6,1,32,16,66,BAL,0.375,0.0625,0.5
2026-03-29,824864,22,8,5,38,14,103,BAL,0.36363636363636365,0.22727272727272727,0.3684210526315789
2026-03-30,824863,19,8,1,36,11,81,BAL,0.42105263157894735,0.05263157894736842,0.3055555555555556
2026-03-31,824861,26,4,1,38,8,77,BAL,0.15384615384615385,0.038461538461538464,0.21052631578947367
2026-04-01,824860,12,2,1,22,5,42,BAL,0.16666666666666666,0.08333333333333333,0.22727272727272727
2026-04-03,823406,15,4,3,24,5,70,BAL,0.26666666666666666,0.2,0.20833333333333334
2026-04-04,823404,16,2,2,31,5,75,BAL,0.125,0.125,0.16129032258064516
2026-04-05,823405,25,3,3,41,10,94,BAL,0.12,0.12,0.24390243902439024
2026-04-06,824619,16,3,3,28,7,66,BAL,0.1875,0.1875,0.25
2026-04-07,824618,11,6,1,18,9,50,BAL,0.5454545454545454,0.09090909090909091,0.5
2026-04-08,824617,17,5,3,25,7,64,BAL,0.29411764705882354,0.17647058823529413,0.28
2026-04-10,824858,16,2,1,27,5,52,BAL,0.125,0.0625,0.18518518518518517
2026-04-11,824857,15,4,0,31,8,54,BAL,0.26666666666666666,0.0,0.25806451612903225
2026-04-12,824859,9,2,0,17,4,31,BAL,0.2222222222222222,0.0,0.23529411764705882
2026-04-13,824856,16,2,1,28,6,63,BAL,0.125,0.0625,0.21428571428571427
2026-04-14,824853,15,7,0,24,7,62,BAL,0.4666666666666667,0.0,0.2916666666666667
2026-04-15,824855,17,4,0,28,9,45,BAL,0.23529411764705882,0.0,0.32142857142857145
2026-04-16,824453,9,4,1,25,9,48,BAL,0.4444444444444444,0.1111111111111111,0.36
2026-04-17,824454,19,5,2,33,12,68,BAL,0.2631578947368421,0.10526315789473684,0.36363636363636365
2026-04-18,824451,7,1,0,15,4,33,BAL,0.14285714285714285,0.0,0.26666666666666666
2026-04-19,824452,13,7,2,25,14,56,BAL,0.5384615384615384,0.15384615384615385,0.56
2026-04-20,824125,27,6,3,47,13,108,BAL,0.2222222222222222,0.1111111111111111,0.2765957446808511
2026-04-21,824127,11,3,2,24,11,52,BAL,0.2727272727272727,0.18181818181818182,0.4583333333333333
2026-04-22,824123,13,2,0,25,4,43,BAL,0.15384615384615385,0.0,0.16
2026-04-24,824854,12,1,1,23,6,46,BAL,0.08333333333333333,0.08333333333333333,0.2608695652173913
2026-04-25,824851,40,5,3,62,10,139,BAL,0.125,0.075,0.16129032258064516
2026-04-26,824852,17,3,1,36,10,69,BAL,0.17647058823529413,0.058823529411764705,0.2777777777777778
2026-04-28,824849,16,6,0,27,10,62,BAL,0.375,0.0,0.37037037037037035
2026-04-30,824848,12,0,0,18,3,30,BAL,0.0,0.0,0.16666666666666666
2026-04-30,824850,21,5,1,35,8,72,BAL,0.23809523809523808,0.047619047619047616,0.22857142857142856
2026-05-01,823557,20,4,4,38,8,91,BAL,0.2,0.2,0.21052631578947367
2026-05-02,823554,18,4,3,32,7,82,BAL,0.2222222222222222,0.16666666666666666,0.21875
2026-05-03,823555,22,1,1,39,7,75,BAL,0.045454545454545456,0.045454545454545456,0.1794871794871795
2026-05-04,823552,15,0,3,22,3,49,BAL,0.0,0.2,0.13636363636363635
2026-05-05,823873,20,7,2,36,14,75,BAL,0.35,0.1,0.3888888888888889
2026-05-06,823872,11,2,1,26,8,46,BAL,0.18181818181818182,0.09090909090909091,0.3076923076923077
2026-05-07,823870,22,3,1,42,6,77,BAL,0.13636363636363635,0.045454545454545456,0.14285714285714285
2026-05-08,824846,10,2,1,12,2,30,BAL,0.2,0.1,0.16666666666666666
2026-05-09,824847,20,5,1,38,9,67,BAL,0.25,0.05,0.23684210526315788
2026-05-10,824845,32,8,4,63,20,134,BAL,0.25,0.125,0.31746031746031744
2026-05-11,824844,13,4,0,25,11,41,BAL,0.3076923076923077,0.0,0.44
2026-05-12,824843,18,3,3,30,10,75,BAL,0.16666666666666666,0.16666666666666666,0.3333333333333333
2026-05-13,824841,10,0,2,21,1,44,BAL,0.0,0.2,0.047619047619047616
2026-05-15,822739,3,1,0,5,3,9,BAL,0.3333333333333333,0.0,0.6
2026-05-16,822737,20,1,3,41,8,82,BAL,0.05,0.15,0.1951219512195122
2026-05-17,822738,21,8,1,44,17,90,BAL,0.38095238095238093,0.047619047619047616,0.38636363636363635
2026-05-18,822980,26,1,5,38,1,95,BAL,0.038461538461538464,0.19230769230769232,0.02631578947368421
2026-05-19,822979,12,4,0,27,10,60,BAL,0.3333333333333333,0.0,0.37037037037037035
2026-05-20,822977,11,0,1,19,0,49,BAL,0.0,0.09090909090909091,0.0
2026-05-22,824842,31,10,0,55,15,108,BAL,0.3225806451612903,0.0,0.2727272727272727
2026-05-24,824839,11,2,2,15,3,33,BAL,0.18181818181818182,0.18181818181818182,0.2
2026-05-24,824840,17,1,1,24,2,54,BAL,0.058823529411764705,0.058823529411764705,0.08333333333333333
2026-05-25,824838,30,7,1,51,10,110,BAL,0.23333333333333334,0.03333333333333333,0.19607843137254902
2026-05-26,824837,7,1,0,11,3,18,BAL,0.14285714285714285,0.0,0.2727272727272727
2026-05-27,824836,15,3,1,32,5,53,BAL,0.2,0.06666666666666667,0.15625
2026-05-28,824834,14,3,3,25,5,62,BAL,0.21428571428571427,0.21428571428571427,0.2
2026-05-29,824835,13,2,0,23,5,41,BAL,0.15384615384615385,0.0,0.21739130434782608
2026-05-30,824833,13,2,2,26,5,59,BAL,0.15384615384615385,0.15384615384615385,0.19230769230769232
2026-05-31,824832,11,0,1,19,3,36,BAL,0.0,0.09090909090909091,0.15789473684210525
2026-06-02,824754,7,3,0,16,4,25,BAL,0.42857142857142855,0.0,0.25
2026-06-03,824755,26,6,1,43,11,93,BAL,0.23076923076923078,0.038461538461538464,0.2558139534883721
2026-06-04,824753,12,3,0,22,6,40,BAL,0.25,0.0,0.2727272727272727
2026-06-05,822810,9,1,0,19,4,42,BAL,0.1111111111111111,0.0,0.21052631578947367
2026-06-06,822808,15,3,0,29,8,53,BAL,0.2,0.0,0.27586206896551724
2026-06-07,822807,10,2,0,27,5,47,BAL,0.2,0.0,0.18518518518518517
2026-06-08,824829,18,5,2,33,12,72,BAL,0.2777777777777778,0.1111111111111111,0.36363636363636365
2026-06-09,824830,18,2,0,31,6,59,BAL,0.1111111111111111,0.0,0.1935483870967742
2026-06-10,824831,9,2,1,14,3,33,BAL,0.2222222222222222,0.1111111111111111,0.21428571428571427
2026-06-11,824827,19,4,1,39,10,68,BAL,0.21052631578947367,0.05263157894736842,0.2564102564102564
2026-06-12,824826,14,5,1,26,10,58,BAL,0.35714285714285715,0.07142857142857142,0.38461538461538464
2026-06-13,824828,21,1,1,30,3,50,BAL,0.047619047619047616,0.047619047619047616,0.1
2026-06-14,824823,15,3,2,30,5,67,BAL,0.2,0.13333333333333333,0.16666666666666666
2026-06-16,823128,8,0,2,15,6,28,BAL,0.0,0.25,0.4
2026-06-17,823127,7,2,1,10,3,18,BAL,0.2857142857142857,0.14285714285714285,0.3
2026-06-18,823125,3,1,0,3,1,10,BAL,0.3333333333333333,0.0,0.3333333333333333
2026-06-19,823936,18,5,2,38,9,79,BAL,0.2777777777777778,0.1111111111111111,0.23684210526315788
2026-06-20,823937,11,3,1,17,7,39,BAL,0.2727272727272727,0.09090909090909091,0.4117647058823529
2026-06-21,823934,13,1,1,29,3,51,BAL,0.07692307692307693,0.07692307692307693,0.10344827586206896
2026-06-22,824016,4,1,0,6,2,9,BAL,0.25,0.0,0.3333333333333333
2026-06-23,824017,9,3,1,17,7,30,BAL,0.3333333333333333,0.1111111111111111,0.4117647058823529
2026-06-24,824018,29,12,5,67,19,120,BAL,0.41379310344827586,0.1724137931034483,0.2835820895522388
2026-06-26,824824,8,3,0,14,7,28,BAL,0.375,0.0,0.5
2026-06-27,824825,22,6,1,40,9,88,BAL,0.2727272727272727,0.045454545454545456,0.225
2026-06-28,824821,19,4,0,31,6,62,BAL,0.21052631578947367,0.0,0.1935483870967742
2026-06-29,824822,14,2,0,34,5,57,BAL,0.14285714285714285,0.0,0.14705882352941177
2026-06-30,824819,23,8,0,45,11,88,BAL,0.34782608695652173,0.0,0.24444444444444444
2026-07-01,824818,9,2,0,16,3,31,BAL,0.2222222222222222,0.0,0.1875
2026-03-26,824541,11,4,1,18,6,46,BOS,0.36363636363636365,0.09090909090909091,0.3333333333333333
2026-03-28,824540,29,7,6,49,14,118,BOS,0.2413793103448276,0.20689655172413793,0.2857142857142857
2026-03-29,824538,12,3,2,17,5,40,BOS,0.25,0.16666666666666666,0.29411764705882354
2026-03-30,824214,19,3,1,36,5,72,BOS,0.15789473684210525,0.05263157894736842,0.1388888888888889
2026-03-31,824212,15,4,2,23,7,53,BOS,0.26666666666666666,0.13333333333333333,0.30434782608695654
2026-04-01,824211,13,2,2,31,3,69,BOS,0.15384615384615385,0.15384615384615385,0.0967741935483871
2026-04-03,824786,10,3,1,21,6,47,BOS,0.3,0.1,0.2857142857142857
2026-04-04,824782,20,5,1,38,9,79,BOS,0.25,0.05,0.23684210526315788
2026-04-05,824781,21,5,1,45,12,82,BOS,0.23809523809523808,0.047619047619047616,0.26666666666666666
2026-04-06,824783,26,6,4,40,11,105,BOS,0.23076923076923078,0.15384615384615385,0.275
2026-04-07,824780,8,1,1,16,4,32,BOS,0.125,0.125,0.25
2026-04-08,824779,10,5,1,16,5,43,BOS,0.5,0.1,0.3125
2026-04-10,823076,18,4,3,32,5,79,BOS,0.2222222222222222,0.16666666666666666,0.15625
2026-04-11,823074,14,2,1,22,5,46,BOS,0.14285714285714285,0.07142857142857142,0.22727272727272727
2026-04-12,823075,8,2,0,13,3,28,BOS,0.25,0.0,0.23076923076923078
2026-04-13,823725,23,4,2,33,7,87,BOS,0.17391304347826086,0.08695652173913043,0.21212121212121213
2026-04-14,823723,15,7,1,37,11,74,BOS,0.4666666666666667,0.06666666666666667,0.2972972972972973
2026-04-15,823722,15,2,2,35,6,71,BOS,0.13333333333333333,0.13333333333333333,0.17142857142857143
2026-04-17,824778,8,2,1,15,4,26,BOS,0.25,0.125,0.26666666666666666
2026-04-18,824775,19,3,1,28,6,72,BOS,0.15789473684210525,0.05263157894736842,0.21428571428571427
2026-04-19,824777,16,0,1,30,1,57,BOS,0.0,0.0625,0.03333333333333333
2026-04-20,824776,30,5,3,56,10,120,BOS,0.16666666666666666,0.1,0.17857142857142858
2026-04-21,824773,16,5,1,24,7,54,BOS,0.3125,0.0625,0.2916666666666667
2026-04-22,824774,13,5,0,24,8,52,BOS,0.38461538461538464,0.0,0.3333333333333333
2026-04-23,824770,17,6,0,26,6,69,BOS,0.35294117647058826,0.0,0.23076923076923078
2026-04-24,824854,21,3,1,43,9,80,BOS,0.14285714285714285,0.047619047619047616,0.20930232558139536
2026-04-25,824851,12,2,0,22,4,48,BOS,0.16666666666666666,0.0,0.18181818181818182
2026-04-26,824852,9,3,0,21,5,30,BOS,0.3333333333333333,0.0,0.23809523809523808
2026-04-27,822825,4,0,0,6,1,10,BOS,0.0,0.0,0.16666666666666666
2026-04-28,822823,14,3,1,24,5,46,BOS,0.21428571428571427,0.07142857142857142,0.20833333333333334
2026-04-29,822821,19,1,1,33,5,67,BOS,0.05263157894736842,0.05263157894736842,0.15151515151515152
2026-05-01,824772,18,3,0,33,8,59,BOS,0.16666666666666666,0.0,0.24242424242424243
2026-05-02,824771,22,4,1,32,8,65,BOS,0.18181818181818182,0.045454545454545456,0.25
2026-05-03,824769,27,6,4,46,11,101,BOS,0.2222222222222222,0.14814814814814814,0.2391304347826087
2026-05-04,824283,9,3,1,18,7,39,BOS,0.3333333333333333,0.1111111111111111,0.3888888888888889
2026-05-05,824281,28,9,1,54,9,108,BOS,0.32142857142857145,0.03571428571428571,0.16666666666666666
2026-05-06,824282,15,5,3,29,5,67,BOS,0.3333333333333333,0.2,0.1724137931034483
2026-05-07,824767,20,2,2,37,5,68,BOS,0.1,0.1,0.13513513513513514
2026-05-08,824768,6,4,0,18,7,28,BOS,0.6666666666666666,0.0,0.3888888888888889
2026-05-10,824765,15,1,3,25,3,62,BOS,0.06666666666666667,0.2,0.12
2026-05-12,824764,30,7,2,54,14,115,BOS,0.23333333333333334,0.06666666666666667,0.25925925925925924
2026-05-13,824763,12,4,2,24,6,47,BOS,0.3333333333333333,0.16666666666666666,0.25
2026-05-14,824762,18,6,0,34,12,63,BOS,0.3333333333333333,0.0,0.35294117647058826
2026-05-15,824925,14,5,0,26,8,49,BOS,0.35714285714285715,0.0,0.3076923076923077
2026-05-16,824924,6,0,2,7,0,20,BOS,0.0,0.3333333333333333,0.0
2026-05-17,824923,12,4,3,21,7,48,BOS,0.3333333333333333,0.25,0.3333333333333333
2026-05-18,824114,10,4,0,21,5,43,BOS,0.4,0.0,0.23809523809523808
2026-05-19,824112,15,7,0,28,9,54,BOS,0.4666666666666667,0.0,0.32142857142857145
2026-05-20,824111,10,3,0,20,6,41,BOS,0.3,0.0,0.3
2026-05-22,824761,19,2,2,33,8,73,BOS,0.10526315789473684,0.10526315789473684,0.24242424242424243
2026-05-23,824760,34,8,1,64,16,123,BOS,0.23529411764705882,0.029411764705882353,0.25
2026-05-24,824759,24,8,3,49,10,103,BOS,0.3333333333333333,0.125,0.20408163265306123
2026-05-26,824758,15,6,0,28,7,61,BOS,0.4,0.0,0.25
2026-05-27,824756,8,1,1,17,4,34,BOS,0.125,0.125,0.23529411764705882
2026-05-28,824757,22,3,3,45,10,86,BOS,0.13636363636363635,0.13636363636363635,0.2222222222222222
2026-05-29,824433,24,5,0,35,10,64,BOS,0.20833333333333334,0.0,0.2857142857142857
2026-05-30,824431,12,4,1,19,9,36,BOS,0.3333333333333333,0.08333333333333333,0.47368421052631576
2026-05-31,824430,16,5,0,36,11,69,BOS,0.3125,0.0,0.3055555555555556
2026-06-02,824754,14,5,1,25,6,59,BOS,0.35714285714285715,0.07142857142857142,0.24
2026-06-03,824755,13,2,2,24,5,53,BOS,0.15384615384615385,0.15384615384615385,0.20833333333333334
2026-06-04,824753,17,4,3,30,8,65,BOS,0.23529411764705882,0.17647058823529413,0.26666666666666666
2026-06-05,823538,10,2,2,10,1,29,BOS,0.2,0.2,0.1
2026-06-07,823537,10,4,1,18,7,43,BOS,0.4,0.1,0.3888888888888889
2026-06-08,822972,15,4,3,28,9,61,BOS,0.26666666666666666,0.2,0.32142857142857145
2026-06-09,822969,8,2,0,19,4,32,BOS,0.25,0.0,0.21052631578947367
2026-06-10,822970,15,1,0,24,4,57,BOS,0.06666666666666667,0.0,0.16666666666666666
2026-06-12,824752,10,1,0,22,3,36,BOS,0.1,0.0,0.13636363636363635
2026-06-13,824749,17,5,0,33,10,66,BOS,0.29411764705882354,0.0,0.30303030303030304
2026-06-14,824751,17,3,1,33,5,57,BOS,0.17647058823529413,0.058823529411764705,0.15151515151515152
2026-06-16,824750,17,1,2,32,6,65,BOS,0.058823529411764705,0.11764705882352941,0.1875
2026-06-17,824746,16,5,0,29,7,58,BOS,0.3125,0.0,0.2413793103448276
2026-06-18,824748,9,2,0,22,3,36,BOS,0.2222222222222222,0.0,0.13636363636363635
2026-06-19,823124,9,3,1,17,4,35,BOS,0.3333333333333333,0.1111111111111111,0.23529411764705882
2026-06-20,823126,9,3,0,18,5,34,BOS,0.3333333333333333,0.0,0.2777777777777778
2026-06-21,823123,7,2,1,15,4,30,BOS,0.2857142857142857,0.14285714285714285,0.26666666666666666
2026-06-22,824344,12,0,0,23,5,27,BOS,0.0,0.0,0.21739130434782608
2026-06-23,824340,7,1,0,13,4,21,BOS,0.14285714285714285,0.0,0.3076923076923077
2026-06-24,824341,15,2,0,31,5,49,BOS,0.13333333333333333,0.0,0.16129032258064516
2026-06-25,824747,14,1,2,31,5,57,BOS,0.07142857142857142,0.14285714285714285,0.16129032258064516
2026-06-26,824743,8,0,0,21,5,34,BOS,0.0,0.0,0.23809523809523808
2026-06-27,824745,9,3,1,19,4,39,BOS,0.3333333333333333,0.1111111111111111,0.21052631578947367
2026-06-28,824744,13,3,1,24,3,48,BOS,0.23076923076923078,0.07692307692307693,0.125
2026-06-29,824741,11,4,1,24,6,45,BOS,0.36363636363636365,0.09090909090909091,0.25
2026-06-30,824742,26,3,3,47,9,95,BOS,0.11538461538461539,0.11538461538461539,0.19148936170212766
2026-07-01,824740,28,5,7,40,10,102,BOS,0.17857142857142858,0.25,0.25
2026-03-26,824704,23,5,1,33,7,75,CHC,0.21739130434782608,0.043478260869565216,0.21212121212121213
2026-03-28,824701,10,2,3,15,3,41,CHC,0.2,0.3,0.2
2026-03-29,824700,18,2,1,26,6,66,CHC,0.1111111111111111,0.05555555555555555,0.23076923076923078
2026-03-30,824702,13,4,0,21,6,42,CHC,0.3076923076923077,0.0,0.2857142857142857
2026-03-31,824699,19,6,3,42,13,81,CHC,0.3157894736842105,0.15789473684210525,0.30952380952380953
2026-04-01,824698,13,6,0,20,5,42,CHC,0.46153846153846156,0.0,0.25
2026-04-03,824458,30,5,3,59,15,126,CHC,0.16666666666666666,0.1,0.2542372881355932
2026-04-05,824459,11,1,1,27,8,55,CHC,0.09090909090909091,0.09090909090909091,0.2962962962962963
2026-04-05,824460,18,0,3,26,3,75,CHC,0.0,0.16666666666666666,0.11538461538461539
2026-04-06,823002,8,1,1,11,1,29,CHC,0.125,0.125,0.09090909090909091
2026-04-07,822999,17,2,1,31,3,59,CHC,0.11764705882352941,0.058823529411764705,0.0967741935483871
2026-04-08,823000,14,5,0,30,6,57,CHC,0.35714285714285715,0.0,0.2
2026-04-10,824695,12,2,0,26,4,51,CHC,0.16666666666666666,0.0,0.15384615384615385
2026-04-11,824697,23,8,2,51,12,103,CHC,0.34782608695652173,0.08695652173913043,0.23529411764705882
2026-04-12,824696,12,5,1,20,9,48,CHC,0.4166666666666667,0.08333333333333333,0.45
2026-04-13,823481,19,2,3,23,3,70,CHC,0.10526315789473684,0.15789473684210525,0.13043478260869565
2026-04-14,823478,32,7,1,59,8,131,CHC,0.21875,0.03125,0.13559322033898305
2026-04-15,823477,11,1,0,20,5,36,CHC,0.09090909090909091,0.0,0.25
2026-04-17,824693,13,2,0,29,5,47,CHC,0.15384615384615385,0.0,0.1724137931034483
2026-04-18,824694,13,3,1,26,6,52,CHC,0.23076923076923078,0.07692307692307693,0.23076923076923078
2026-04-19,824691,16,6,0,36,10,62,CHC,0.375,0.0,0.2777777777777778
2026-04-20,824692,10,0,3,15,5,44,CHC,0.0,0.3,0.3333333333333333
2026-04-21,824690,11,2,1,13,2,30,CHC,0.18181818181818182,0.09090909090909091,0.15384615384615385
2026-04-22,824688,17,7,0,27,4,69,CHC,0.4117647058823529,0.0,0.14814814814814814
2026-04-23,824689,16,2,5,39,6,79,CHC,0.125,0.3125,0.15384615384615385
2026-04-24,823962,13,2,0,28,6,49,CHC,0.15384615384615385,0.0,0.21428571428571427
2026-04-25,823960,24,3,2,43,6,101,CHC,0.125,0.08333333333333333,0.13953488372093023
2026-04-26,823959,9,2,0,13,3,27,CHC,0.2222222222222222,0.0,0.23076923076923078
2026-04-27,823311,19,4,1,49,7,86,CHC,0.21052631578947367,0.05263157894736842,0.14285714285714285
2026-04-28,823310,10,3,0,26,3,44,CHC,0.3,0.0,0.11538461538461539
2026-04-29,823312,8,2,3,14,7,33,CHC,0.25,0.375,0.5
2026-05-01,824686,16,7,2,34,9,72,CHC,0.4375,0.125,0.2647058823529412
2026-05-02,824685,6,1,0,10,4,24,CHC,0.16666666666666666,0.0,0.4
2026-05-03,824687,15,3,2,26,9,66,CHC,0.2,0.13333333333333333,0.34615384615384615
2026-05-04,824684,12,4,2,16,1,55,CHC,0.3333333333333333,0.16666666666666666,0.0625
2026-05-05,824682,16,4,1,28,7,67,CHC,0.25,0.0625,0.25
2026-05-06,824683,19,3,1,29,9,68,CHC,0.15789473684210525,0.05263157894736842,0.3103448275862069
2026-05-07,824681,17,2,5,25,3,82,CHC,0.11764705882352941,0.29411764705882354,0.12
2026-05-08,822904,20,1,4,26,4,70,CHC,0.05,0.2,0.15384615384615385
2026-05-09,822905,13,1,3,28,3,55,CHC,0.07692307692307693,0.23076923076923078,0.10714285714285714
2026-05-10,822902,11,3,0,19,6,39,CHC,0.2727272727272727,0.0,0.3157894736842105
2026-05-12,824927,15,4,1,29,10,55,CHC,0.26666666666666666,0.06666666666666667,0.3448275862068966
2026-05-13,824928,5,1,0,9,2,17,CHC,0.2,0.0,0.2222222222222222
2026-05-14,824926,19,6,0,40,8,71,CHC,0.3157894736842105,0.0,0.2
2026-05-15,824601,18,3,1,34,5,75,CHC,0.16666666666666666,0.05555555555555555,0.14705882352941177
2026-05-16,824600,9,4,1,21,9,44,CHC,0.4444444444444444,0.1111111111111111,0.42857142857142855
2026-05-17,824599,22,5,1,43,11,80,CHC,0.22727272727272727,0.045454545454545456,0.2558139534883721
2026-05-18,824680,17,2,1,25,4,58,CHC,0.11764705882352941,0.058823529411764705,0.16
2026-05-19,824677,17,1,1,34,5,70,CHC,0.058823529411764705,0.058823529411764705,0.14705882352941177
2026-05-20,824678,24,7,2,40,11,94,CHC,0.2916666666666667,0.08333333333333333,0.275
2026-05-22,824679,17,5,3,27,8,77,CHC,0.29411764705882354,0.17647058823529413,0.2962962962962963
2026-05-23,824674,8,1,0,12,1,31,CHC,0.125,0.0,0.08333333333333333
2026-05-24,824676,11,2,1,18,4,42,CHC,0.18181818181818182,0.09090909090909091,0.2222222222222222
2026-05-25,823380,10,2,0,29,8,44,CHC,0.2,0.0,0.27586206896551724
2026-05-26,823379,19,3,1,34,5,67,CHC,0.15789473684210525,0.05263157894736842,0.14705882352941177
2026-05-27,823376,15,5,2,28,6,71,CHC,0.3333333333333333,0.13333333333333333,0.21428571428571427
2026-05-28,823378,14,3,2,36,8,70,CHC,0.21428571428571427,0.14285714285714285,0.2222222222222222
2026-05-29,823055,12,3,0,21,5,39,CHC,0.25,0.0,0.23809523809523808
2026-05-30,823054,8,1,1,16,4,32,CHC,0.125,0.125,0.25
2026-05-31,823053,24,4,4,39,10,98,CHC,0.16666666666666666,0.16666666666666666,0.2564102564102564
2026-06-02,824675,8,2,0,18,6,28,CHC,0.25,0.0,0.3333333333333333
2026-06-03,824671,19,3,0,41,5,81,CHC,0.15789473684210525,0.0,0.12195121951219512
2026-06-04,824672,12,3,2,22,7,44,CHC,0.25,0.16666666666666666,0.3181818181818182
2026-06-05,824673,29,3,1,52,11,97,CHC,0.10344827586206896,0.034482758620689655,0.21153846153846154
2026-06-06,824669,20,6,2,40,14,83,CHC,0.3,0.1,0.35
2026-06-07,824670,30,7,2,55,10,112,CHC,0.23333333333333334,0.06666666666666667,0.18181818181818182
2026-06-09,824347,15,2,2,25,5,52,CHC,0.13333333333333333,0.13333333333333333,0.2
2026-06-10,824348,17,4,1,35,6,62,CHC,0.23529411764705882,0.058823529411764705,0.17142857142857143
2026-06-11,824346,18,6,0,37,11,61,CHC,0.3333333333333333,0.0,0.2972972972972973
2026-06-12,823211,10,2,0,20,5,40,CHC,0.2,0.0,0.25
2026-06-13,823213,14,4,1,31,7,64,CHC,0.2857142857142857,0.07142857142857142,0.22580645161290322
2026-06-14,823212,34,2,5,68,10,143,CHC,0.058823529411764705,0.14705882352941177,0.14705882352941177
2026-06-15,824666,16,6,3,31,7,64,CHC,0.375,0.1875,0.22580645161290322
2026-06-16,824667,20,5,4,39,11,81,CHC,0.25,0.2,0.28205128205128205
2026-06-17,824668,16,2,2,37,10,73,CHC,0.125,0.125,0.2702702702702703
2026-06-19,824663,10,3,0,21,8,39,CHC,0.3,0.0,0.38095238095238093
2026-06-20,824665,18,3,1,29,5,68,CHC,0.16666666666666666,0.05555555555555555,0.1724137931034483
2026-06-23,823614,17,6,3,30,14,71,CHC,0.35294117647058826,0.17647058823529413,0.4666666666666667
2026-06-24,823611,18,4,3,29,8,69,CHC,0.2222222222222222,0.16666666666666666,0.27586206896551724
2026-06-24,823613,14,4,1,27,6,63,CHC,0.2857142857142857,0.07142857142857142,0.2222222222222222
2026-06-25,823612,25,4,2,48,10,93,CHC,0.16,0.08,0.20833333333333334
2026-06-26,823773,16,4,2,33,10,60,CHC,0.25,0.125,0.30303030303030304
2026-06-27,823770,11,3,1,23,6,47,CHC,0.2727272727272727,0.09090909090909091,0.2608695652173913
2026-06-28,823769,35,10,4,56,17,126,CHC,0.2857142857142857,0.11428571428571428,0.30357142857142855
2026-06-29,824662,11,3,1,20,4,52,CHC,0.2727272727272727,0.09090909090909091,0.2
2026-06-30,824661,18,2,2,24,2,64,CHC,0.1111111111111111,0.1111111111111111,0.08333333333333333
2026-07-01,824660,16,2,0,24,3,46,CHC,0.125,0.0,0.125
2026-03-26,823812,34,1,7,64,7,136,CWS,0.029411764705882353,0.20588235294117646,0.109375
2026-03-28,823811,21,4,4,37,9,88,CWS,0.19047619047619047,0.19047619047619047,0.24324324324324326
2026-03-29,823810,21,7,3,38,5,89,CWS,0.3333333333333333,0.14285714285714285,0.13157894736842105
2026-03-30,823890,17,6,2,26,7,64,CWS,0.35294117647058826,0.11764705882352941,0.2692307692307692
2026-03-31,823888,15,1,2,17,1,54,CWS,0.06666666666666667,0.13333333333333333,0.058823529411764705
2026-04-01,823889,23,5,2,43,9,82,CWS,0.21739130434782608,0.08695652173913043,0.20930232558139536
2026-04-03,824621,35,10,1,72,18,132,CWS,0.2857142857142857,0.02857142857142857,0.25
2026-04-04,824622,35,1,5,67,7,145,CWS,0.02857142857142857,0.14285714285714285,0.1044776119402985
2026-04-05,824620,12,3,1,28,4,53,CWS,0.25,0.08333333333333333,0.14285714285714285
2026-04-06,824619,29,6,1,48,9,107,CWS,0.20689655172413793,0.034482758620689655,0.1875
2026-04-07,824618,26,5,3,43,13,98,CWS,0.19230769230769232,0.11538461538461539,0.3023255813953488
2026-04-08,824617,20,4,3,30,8,79,CWS,0.2,0.15,0.26666666666666666
2026-04-09,824130,14,5,2,25,9,55,CWS,0.35714285714285715,0.14285714285714285,0.36
2026-04-10,824128,3,0,1,6,0,14,CWS,0.0,0.3333333333333333,0.0
2026-04-11,824129,10,2,0,18,5,39,CWS,0.2,0.0,0.2777777777777778
2026-04-12,824126,33,7,6,54,12,121,CWS,0.21212121212121213,0.18181818181818182,0.2222222222222222
2026-04-14,824616,23,3,2,33,4,77,CWS,0.13043478260869565,0.08695652173913043,0.12121212121212122
2026-04-15,824615,15,3,2,26,4,62,CWS,0.2,0.13333333333333333,0.15384615384615385
2026-04-16,824614,41,10,5,91,13,202,CWS,0.24390243902439024,0.12195121951219512,0.14285714285714285
2026-04-17,825019,9,1,2,12,4,39,CWS,0.1111111111111111,0.2222222222222222,0.3333333333333333
2026-04-18,825020,32,3,3,52,7,110,CWS,0.09375,0.09375,0.1346153846153846
2026-04-19,825018,19,5,2,43,11,86,CWS,0.2631578947368421,0.10526315789473684,0.2558139534883721
2026-04-21,825099,18,3,6,25,6,69,CWS,0.16666666666666666,0.3333333333333333,0.24
2026-04-22,825097,22,4,3,53,10,112,CWS,0.18181818181818182,0.13636363636363635,0.18867924528301888
2026-04-23,825096,10,5,0,21,8,38,CWS,0.5,0.0,0.38095238095238093
2026-04-24,824611,33,5,4,54,10,127,CWS,0.15151515151515152,0.12121212121212122,0.18518518518518517
2026-04-25,824613,20,7,5,27,12,84,CWS,0.35,0.25,0.4444444444444444
2026-04-26,824612,32,4,0,50,10,106,CWS,0.125,0.0,0.2
2026-04-27,824609,22,4,0,47,9,90,CWS,0.18181818181818182,0.0,0.19148936170212766
2026-04-28,824610,13,6,2,27,9,53,CWS,0.46153846153846156,0.15384615384615385,0.3333333333333333
2026-04-29,824608,9,3,0,16,4,39,CWS,0.3333333333333333,0.0,0.25
2026-05-01,823309,14,3,1,26,8,52,CWS,0.21428571428571427,0.07142857142857142,0.3076923076923077
2026-05-02,823308,12,3,2,16,1,42,CWS,0.25,0.16666666666666666,0.0625
2026-05-03,823307,12,3,1,27,5,55,CWS,0.25,0.08333333333333333,0.18518518518518517
2026-05-04,824039,6,4,0,6,2,28,CWS,0.6666666666666666,0.0,0.3333333333333333
2026-05-05,824040,10,3,0,25,6,42,CWS,0.3,0.0,0.24
2026-05-06,824036,17,2,2,28,10,58,CWS,0.11764705882352941,0.11764705882352941,0.35714285714285715
2026-05-08,824607,21,3,1,41,9,82,CWS,0.14285714285714285,0.047619047619047616,0.21951219512195122
2026-05-09,824606,15,4,2,24,7,62,CWS,0.26666666666666666,0.13333333333333333,0.2916666666666667
2026-05-10,824605,14,3,1,23,9,47,CWS,0.21428571428571427,0.07142857142857142,0.391304347826087
2026-05-12,824604,18,3,1,34,6,66,CWS,0.16666666666666666,0.05555555555555555,0.17647058823529413
2026-05-13,824603,20,7,1,27,7,72,CWS,0.35,0.05,0.25925925925925924
2026-05-14,824602,10,1,0,13,0,35,CWS,0.1,0.0,0.0
2026-05-15,824601,25,4,5,39,10,101,CWS,0.16,0.2,0.2564102564102564
2026-05-16,824600,14,2,2,27,5,65,CWS,0.14285714285714285,0.14285714285714285,0.18518518518518517
2026-05-17,824599,31,4,3,50,14,121,CWS,0.12903225806451613,0.0967741935483871,0.28
2026-05-18,823137,13,3,1,25,7,65,CWS,0.23076923076923078,0.07692307692307693,0.28
2026-05-19,823136,12,8,1,24,13,54,CWS,0.6666666666666666,0.08333333333333333,0.5416666666666666
2026-05-20,823134,13,2,1,20,5,40,CWS,0.15384615384615385,0.07692307692307693,0.25
2026-05-22,823223,12,5,1,18,3,43,CWS,0.4166666666666667,0.08333333333333333,0.16666666666666666
2026-05-23,823222,36,5,3,63,9,145,CWS,0.1388888888888889,0.08333333333333333,0.14285714285714285
2026-05-24,823220,19,5,1,45,12,85,CWS,0.2631578947368421,0.05263157894736842,0.26666666666666666
2026-05-25,824598,12,3,0,23,6,45,CWS,0.25,0.0,0.2608695652173913
2026-05-26,824597,15,5,1,40,11,73,CWS,0.3333333333333333,0.06666666666666667,0.275
2026-05-27,824596,11,1,0,20,3,33,CWS,0.09090909090909091,0.0,0.15
2026-05-28,824595,13,3,0,25,7,42,CWS,0.23076923076923078,0.0,0.28
2026-05-29,824594,33,8,4,45,10,129,CWS,0.24242424242424243,0.12121212121212122,0.2222222222222222
2026-05-30,824593,13,6,0,25,5,56,CWS,0.46153846153846156,0.0,0.2
2026-05-31,824592,13,2,3,26,5,56,CWS,0.15384615384615385,0.23076923076923078,0.19230769230769232
2026-06-01,823702,14,2,0,28,4,52,CWS,0.14285714285714285,0.0,0.14285714285714285
2026-06-02,823700,11,2,0,19,5,46,CWS,0.18181818181818182,0.0,0.2631578947368421
2026-06-03,823701,16,6,0,32,13,55,CWS,0.375,0.0,0.40625
2026-06-05,823455,17,3,2,30,4,59,CWS,0.17647058823529413,0.11764705882352941,0.13333333333333333
2026-06-06,823454,32,13,5,59,19,133,CWS,0.40625,0.15625,0.3220338983050847
2026-06-07,823453,36,8,6,79,18,154,CWS,0.2222222222222222,0.16666666666666666,0.22784810126582278
2026-06-09,824591,39,5,2,72,11,151,CWS,0.1282051282051282,0.05128205128205128,0.1527777777777778
2026-06-10,824590,13,1,2,29,5,57,CWS,0.07692307692307693,0.15384615384615385,0.1724137931034483
2026-06-12,824588,12,2,0,22,2,42,CWS,0.16666666666666666,0.0,0.09090909090909091
2026-06-13,824587,24,5,5,39,9,96,CWS,0.20833333333333334,0.20833333333333334,0.23076923076923078
2026-06-14,824586,35,11,4,65,16,151,CWS,0.3142857142857143,0.11428571428571428,0.24615384615384617
2026-06-16,823535,25,6,3,46,15,96,CWS,0.24,0.12,0.32608695652173914
2026-06-17,823536,21,4,2,36,9,79,CWS,0.19047619047619047,0.09523809523809523,0.25
2026-06-18,823533,26,8,1,51,18,89,CWS,0.3076923076923077,0.038461538461538464,0.35294117647058826
2026-06-19,824264,25,5,1,53,12,104,CWS,0.2,0.04,0.22641509433962265
2026-06-20,824263,27,3,5,45,8,107,CWS,0.1111111111111111,0.18518518518518517,0.17777777777777778
2026-06-21,824260,19,3,1,35,7,73,CWS,0.15789473684210525,0.05263157894736842,0.2
2026-06-22,824585,18,7,4,36,13,81,CWS,0.3888888888888889,0.2222222222222222,0.3611111111111111
2026-06-23,824584,9,2,1,15,3,45,CWS,0.2222222222222222,0.1111111111111111,0.2
2026-06-24,824583,40,10,6,66,24,155,CWS,0.25,0.15,0.36363636363636365
2026-06-26,824582,10,4,0,19,6,37,CWS,0.4,0.0,0.3157894736842105
2026-06-27,824581,14,6,2,19,6,49,CWS,0.42857142857142855,0.14285714285714285,0.3157894736842105
2026-06-28,824580,20,6,1,33,10,69,CWS,0.3,0.05,0.30303030303030304
2026-06-29,824822,12,5,1,24,10,53,CWS,0.4166666666666667,0.08333333333333333,0.4166666666666667
2026-06-30,824819,15,3,0,30,7,46,CWS,0.2,0.0,0.23333333333333334
2026-07-01,824818,19,5,3,39,10,79,CWS,0.2631578947368421,0.15789473684210525,0.2564102564102564
2026-03-26,824541,16,3,2,23,8,48,CIN,0.1875,0.125,0.34782608695652173
2026-03-28,824540,27,10,3,48,16,111,CIN,0.37037037037037035,0.1111111111111111,0.3333333333333333
2026-03-29,824538,18,2,3,33,9,80,CIN,0.1111111111111111,0.16666666666666666,0.2727272727272727
2026-03-30,824539,16,4,2,37,10,73,CIN,0.25,0.125,0.2702702702702703
2026-03-31,824537,15,4,1,21,3,55,CIN,0.26666666666666666,0.06666666666666667,0.14285714285714285
2026-04-01,824536,17,5,2,37,10,78,CIN,0.29411764705882354,0.11764705882352941,0.2702702702702703
2026-04-03,822919,15,4,1,25,5,52,CIN,0.26666666666666666,0.06666666666666667,0.2
2026-04-04,822920,12,3,3,25,9,52,CIN,0.25,0.25,0.36
2026-04-05,822917,12,6,2,36,13,68,CIN,0.5,0.16666666666666666,0.3611111111111111
2026-04-06,823886,8,2,1,14,4,34,CIN,0.25,0.125,0.2857142857142857
2026-04-07,823887,18,5,4,33,8,72,CIN,0.2777777777777778,0.2222222222222222,0.24242424242424243
2026-04-08,823885,22,3,2,30,6,77,CIN,0.13636363636363635,0.09090909090909091,0.2
2026-04-09,823884,14,3,3,23,4,51,CIN,0.21428571428571427,0.21428571428571427,0.17391304347826086
2026-04-10,824534,18,5,4,27,9,79,CIN,0.2777777777777778,0.2222222222222222,0.3333333333333333
2026-04-11,824535,19,4,3,31,9,75,CIN,0.21052631578947367,0.15789473684210525,0.2903225806451613
2026-04-12,824533,28,2,7,36,5,107,CIN,0.07142857142857142,0.25,0.1388888888888889
2026-04-14,824531,10,4,1,18,5,36,CIN,0.4,0.1,0.2777777777777778
2026-04-15,824532,11,2,1,24,5,50,CIN,0.18181818181818182,0.09090909090909091,0.20833333333333334
2026-04-16,824530,16,5,1,23,4,60,CIN,0.3125,0.0625,0.17391304347826086
2026-04-17,823720,14,2,1,21,2,51,CIN,0.14285714285714285,0.07142857142857142,0.09523809523809523
2026-04-18,823721,18,9,2,36,14,81,CIN,0.5,0.1111111111111111,0.3888888888888889
2026-04-19,823718,18,3,2,33,5,72,CIN,0.16666666666666666,0.1111111111111111,0.15151515151515152
2026-04-20,822994,13,2,3,19,3,49,CIN,0.15384615384615385,0.23076923076923078,0.15789473684210525
2026-04-21,822995,19,4,5,25,3,87,CIN,0.21052631578947367,0.2631578947368421,0.12
2026-04-22,822993,13,1,0,23,0,44,CIN,0.07692307692307693,0.0,0.0
2026-04-24,824529,23,2,4,43,2,104,CIN,0.08695652173913043,0.17391304347826086,0.046511627906976744
2026-04-25,824527,13,3,2,19,5,43,CIN,0.23076923076923078,0.15384615384615385,0.2631578947368421
2026-04-26,824528,22,5,4,29,8,81,CIN,0.22727272727272727,0.18181818181818182,0.27586206896551724
2026-04-28,824526,13,3,1,22,6,46,CIN,0.23076923076923078,0.07692307692307693,0.2727272727272727
2026-04-29,824525,32,7,2,51,8,93,CIN,0.21875,0.0625,0.1568627450980392
2026-04-30,824524,14,4,1,24,5,39,CIN,0.2857142857142857,0.07142857142857142,0.20833333333333334
2026-05-01,823389,25,4,6,43,9,119,CIN,0.16,0.24,0.20930232558139536
2026-05-02,823388,41,8,7,66,14,159,CIN,0.1951219512195122,0.17073170731707318,0.21212121212121213
2026-05-03,823387,6,0,2,5,1,21,CIN,0.0,0.3333333333333333,0.2
2026-05-04,824684,15,4,3,22,7,54,CIN,0.26666666666666666,0.2,0.3181818181818182
2026-05-05,824682,18,3,3,28,7,70,CIN,0.16666666666666666,0.16666666666666666,0.25
2026-05-06,824683,17,4,1,24,5,74,CIN,0.23529411764705882,0.058823529411764705,0.20833333333333334
2026-05-07,824681,25,2,3,35,5,90,CIN,0.08,0.12,0.14285714285714285
2026-05-08,824522,19,2,1,31,2,63,CIN,0.10526315789473684,0.05263157894736842,0.06451612903225806
2026-05-09,824523,9,3,0,18,3,39,CIN,0.3333333333333333,0.0,0.16666666666666666
2026-05-10,824520,9,5,0,17,7,42,CIN,0.5555555555555556,0.0,0.4117647058823529
2026-05-12,824521,27,8,4,47,17,107,CIN,0.2962962962962963,0.14814814814814814,0.3617021276595745
2026-05-13,824519,23,4,1,30,7,80,CIN,0.17391304347826086,0.043478260869565216,0.23333333333333334
2026-05-14,824517,11,3,1,20,6,47,CIN,0.2727272727272727,0.09090909090909091,0.3
2026-05-15,824439,21,4,5,34,7,96,CIN,0.19047619047619047,0.23809523809523808,0.20588235294117646
2026-05-16,824435,20,5,5,32,7,87,CIN,0.25,0.25,0.21875
2026-05-17,824436,20,3,3,24,2,63,CIN,0.15,0.15,0.08333333333333333
2026-05-18,823465,11,0,1,12,2,34,CIN,0.0,0.09090909090909091,0.16666666666666666
2026-05-19,823464,10,5,1,22,8,48,CIN,0.5,0.1,0.36363636363636365
2026-05-20,823462,14,4,0,26,10,50,CIN,0.2857142857142857,0.0,0.38461538461538464
2026-05-23,824516,25,5,4,47,11,106,CIN,0.2,0.16,0.23404255319148937
2026-05-23,824518,22,2,5,38,12,92,CIN,0.09090909090909091,0.22727272727272727,0.3157894736842105
2026-05-25,823625,12,5,0,24,5,54,CIN,0.4166666666666667,0.0,0.20833333333333334
2026-05-26,823624,11,2,0,25,5,47,CIN,0.18181818181818182,0.0,0.2
2026-05-27,823626,10,1,1,18,2,45,CIN,0.1,0.1,0.1111111111111111
2026-05-29,824515,20,5,0,37,9,62,CIN,0.25,0.0,0.24324324324324326
2026-05-30,824513,16,4,1,24,7,54,CIN,0.25,0.0625,0.2916666666666667
2026-05-31,824512,11,1,2,18,2,43,CIN,0.09090909090909091,0.18181818181818182,0.1111111111111111
2026-06-01,824510,38,5,2,59,9,134,CIN,0.13157894736842105,0.05263157894736842,0.15254237288135594
2026-06-02,824511,17,6,4,35,13,82,CIN,0.35294117647058826,0.23529411764705882,0.37142857142857144
2026-06-03,824509,16,4,1,35,6,69,CIN,0.25,0.0625,0.17142857142857143
2026-06-05,823049,26,4,6,37,11,109,CIN,0.15384615384615385,0.23076923076923078,0.2972972972972973
2026-06-06,823048,12,4,0,21,5,48,CIN,0.3333333333333333,0.0,0.23809523809523808
2026-06-07,823047,25,3,3,40,5,94,CIN,0.12,0.12,0.125
2026-06-08,823289,13,0,0,26,2,45,CIN,0.0,0.0,0.07692307692307693
2026-06-09,823290,23,6,0,33,7,79,CIN,0.2608695652173913,0.0,0.21212121212121213
2026-06-10,823287,13,2,0,30,5,65,CIN,0.15384615384615385,0.0,0.16666666666666666
2026-06-12,824507,18,1,3,34,5,85,CIN,0.05555555555555555,0.16666666666666666,0.14705882352941177
2026-06-13,824508,15,2,1,29,7,60,CIN,0.13333333333333333,0.06666666666666667,0.2413793103448276
2026-06-14,824506,18,2,2,30,3,75,CIN,0.1111111111111111,0.1111111111111111,0.1
2026-06-15,824505,17,4,3,31,8,65,CIN,0.23529411764705882,0.17647058823529413,0.25806451612903225
2026-06-16,824504,19,6,3,35,13,77,CIN,0.3157894736842105,0.15789473684210525,0.37142857142857144
2026-06-17,824503,19,2,1,31,2,60,CIN,0.10526315789473684,0.05263157894736842,0.06451612903225806
2026-06-19,823534,11,1,2,15,2,42,CIN,0.09090909090909091,0.18181818181818182,0.13333333333333333
2026-06-20,823532,16,2,0,31,7,59,CIN,0.125,0.0,0.22580645161290322
2026-06-21,823531,15,3,1,28,7,50,CIN,0.2,0.06666666666666667,0.25
2026-06-22,824502,11,4,1,14,3,42,CIN,0.36363636363636365,0.09090909090909091,0.21428571428571427
2026-06-23,824501,21,8,3,36,14,84,CIN,0.38095238095238093,0.14285714285714285,0.3888888888888889
2026-06-24,824500,15,2,2,22,6,58,CIN,0.13333333333333333,0.13333333333333333,0.2727272727272727
2026-06-26,823363,15,4,1,40,13,68,CIN,0.26666666666666666,0.06666666666666667,0.325
2026-06-27,823364,14,2,3,23,4,52,CIN,0.14285714285714285,0.21428571428571427,0.17391304347826086
2026-06-28,823362,20,5,8,27,10,81,CIN,0.25,0.4,0.37037037037037035
2026-06-29,823771,17,2,2,28,3,62,CIN,0.11764705882352941,0.11764705882352941,0.10714285714285714
2026-06-30,823768,13,4,1,25,3,53,CIN,0.3076923076923077,0.07692307692307693,0.12
2026-07-01,823767,15,1,2,27,6,66,CIN,0.06666666666666667,0.13333333333333333,0.2222222222222222
2026-03-27,823893,14,2,0,19,3,44,COL,0.14285714285714285,0.0,0.15789473684210525
2026-03-28,823892,14,3,1,29,9,65,COL,0.21428571428571427,0.07142857142857142,0.3103448275862069
2026-03-29,823891,18,6,1,25,6,62,COL,0.3333333333333333,0.05555555555555555,0.24
2026-03-30,822834,20,5,2,39,10,75,COL,0.25,0.1,0.2564102564102564
2026-03-31,822836,29,6,2,65,18,118,COL,0.20689655172413793,0.06896551724137931,0.27692307692307694
2026-04-01,822835,17,3,0,40,6,70,COL,0.17647058823529413,0.0,0.15
2026-04-03,824377,20,7,1,35,14,77,COL,0.35,0.05,0.4
2026-04-04,824378,33,10,2,65,19,126,COL,0.30303030303030304,0.06060606060606061,0.2923076923076923
2026-04-05,824379,12,5,0,27,4,46,COL,0.4166666666666667,0.0,0.14814814814814814
2026-04-06,824376,18,2,0,41,9,76,COL,0.1111111111111111,0.0,0.21951219512195122
2026-04-07,824375,8,3,0,13,3,26,COL,0.375,0.0,0.23076923076923078
2026-04-08,824374,11,2,0,23,6,44,COL,0.18181818181818182,0.0,0.2608695652173913
2026-04-09,823319,47,7,4,85,19,178,COL,0.14893617021276595,0.0851063829787234,0.2235294117647059
2026-04-10,823318,11,2,3,19,5,51,COL,0.18181818181818182,0.2727272727272727,0.2631578947368421
2026-04-11,823316,19,1,3,38,9,82,COL,0.05263157894736842,0.15789473684210525,0.23684210526315788
2026-04-12,823317,32,2,5,59,13,118,COL,0.0625,0.15625,0.22033898305084745
2026-04-14,824210,19,6,0,36,10,65,COL,0.3157894736842105,0.0,0.2777777777777778
2026-04-15,824209,16,4,2,37,7,71,COL,0.25,0.125,0.1891891891891892
2026-04-16,824208,33,11,5,64,18,148,COL,0.3333333333333333,0.15151515151515152,0.28125
2026-04-17,824373,19,5,1,32,6,66,COL,0.2631578947368421,0.05263157894736842,0.1875
2026-04-18,824372,15,3,1,28,8,51,COL,0.2,0.06666666666666667,0.2857142857142857
2026-04-19,824371,21,4,1,36,8,85,COL,0.19047619047619047,0.047619047619047616,0.2222222222222222
2026-04-20,824370,22,6,2,35,7,88,COL,0.2727272727272727,0.09090909090909091,0.2
2026-04-21,824369,33,12,1,69,20,143,COL,0.36363636363636365,0.030303030303030304,0.2898550724637681
2026-04-22,824367,14,3,2,31,10,61,COL,0.21428571428571427,0.14285714285714285,0.3225806451612903
2026-04-23,824368,37,10,4,79,20,159,COL,0.2702702702702703,0.10810810810810811,0.25316455696202533
2026-04-24,823638,9,1,0,16,3,22,COL,0.1111111111111111,0.0,0.1875
2026-04-26,823635,14,5,1,34,11,70,COL,0.35714285714285715,0.07142857142857142,0.3235294117647059
2026-04-26,823637,8,0,1,12,2,26,COL,0.0,0.125,0.16666666666666666
2026-04-28,824526,15,3,0,25,6,50,COL,0.2,0.0,0.24
2026-04-29,824525,16,7,0,32,15,62,COL,0.4375,0.0,0.46875
2026-04-30,824524,13,2,1,19,4,45,COL,0.15384615384615385,0.07692307692307693,0.21052631578947367
2026-05-01,824366,18,3,4,32,12,68,COL,0.16666666666666666,0.2222222222222222,0.375
2026-05-02,824365,37,7,3,64,19,138,COL,0.1891891891891892,0.08108108108108109,0.296875
2026-05-03,824364,21,2,3,40,9,87,COL,0.09523809523809523,0.14285714285714285,0.225
2026-05-04,824363,12,7,0,23,7,45,COL,0.5833333333333334,0.0,0.30434782608695654
2026-05-06,824361,18,1,1,26,6,59,COL,0.05555555555555555,0.05555555555555555,0.23076923076923078
2026-05-07,824362,14,4,3,19,8,48,COL,0.2857142857142857,0.21428571428571427,0.42105263157894735
2026-05-08,823466,24,6,1,45,15,92,COL,0.25,0.041666666666666664,0.3333333333333333
2026-05-09,823468,13,3,0,31,7,52,COL,0.23076923076923078,0.0,0.22580645161290322
2026-05-10,823463,13,1,1,24,3,50,COL,0.07692307692307693,0.07692307692307693,0.125
2026-05-12,823385,15,2,2,29,5,62,COL,0.13333333333333333,0.13333333333333333,0.1724137931034483
2026-05-13,823386,16,3,0,23,7,47,COL,0.1875,0.0,0.30434782608695654
2026-05-14,823383,29,7,2,58,13,109,COL,0.2413793103448276,0.06896551724137931,0.22413793103448276
2026-05-15,824360,22,2,1,42,5,82,COL,0.09090909090909091,0.045454545454545456,0.11904761904761904
2026-05-16,824359,17,3,3,38,8,88,COL,0.17647058823529413,0.17647058823529413,0.21052631578947367
2026-05-17,824358,17,6,1,34,11,70,COL,0.35294117647058826,0.058823529411764705,0.3235294117647059
2026-05-18,824357,16,4,3,30,7,64,COL,0.25,0.1875,0.23333333333333334
2026-05-19,824356,41,5,4,56,7,118,COL,0.12195121951219512,0.0975609756097561,0.125
2026-05-20,824355,20,3,0,35,9,64,COL,0.15,0.0,0.2571428571428571
2026-05-21,825083,21,4,6,38,14,91,COL,0.19047619047619047,0.2857142857142857,0.3684210526315789
2026-05-22,825082,8,0,0,9,1,26,COL,0.0,0.0,0.1111111111111111
2026-05-23,825080,14,3,2,21,4,56,COL,0.21428571428571427,0.14285714285714285,0.19047619047619047
2026-05-24,825081,26,6,0,44,10,88,COL,0.23076923076923078,0.0,0.22727272727272727
2026-05-25,823948,14,0,2,23,2,48,COL,0.0,0.14285714285714285,0.08695652173913043
2026-05-26,823949,22,3,1,32,5,71,COL,0.13636363636363635,0.045454545454545456,0.15625
2026-05-27,823947,12,1,1,24,4,52,COL,0.08333333333333333,0.08333333333333333,0.16666666666666666
2026-05-29,824353,25,5,1,50,11,89,COL,0.2,0.04,0.22
2026-05-30,824352,14,3,0,29,6,59,COL,0.21428571428571427,0.0,0.20689655172413793
2026-05-31,824354,40,7,2,73,14,145,COL,0.175,0.05,0.1917808219178082
2026-06-01,824027,14,1,3,21,6,48,COL,0.07142857142857142,0.21428571428571427,0.2857142857142857
2026-06-02,824026,13,3,0,26,3,55,COL,0.23076923076923078,0.0,0.11538461538461539
2026-06-03,824024,21,3,1,44,9,78,COL,0.14285714285714285,0.047619047619047616,0.20454545454545456
2026-06-05,824350,24,7,4,33,13,89,COL,0.2916666666666667,0.16666666666666666,0.3939393939393939
2026-06-06,824351,31,7,3,61,12,128,COL,0.22580645161290322,0.0967741935483871,0.19672131147540983
2026-06-07,824349,24,3,2,33,3,69,COL,0.125,0.08333333333333333,0.09090909090909091
2026-06-09,824347,16,3,2,26,4,61,COL,0.1875,0.125,0.15384615384615385
2026-06-10,824348,16,4,2,31,9,64,COL,0.25,0.125,0.2903225806451613
2026-06-11,824346,20,5,0,36,8,72,COL,0.25,0.0,0.2222222222222222
2026-06-12,824997,28,6,4,59,15,115,COL,0.21428571428571427,0.14285714285714285,0.2542372881355932
2026-06-13,824995,13,2,2,26,9,63,COL,0.15384615384615385,0.15384615384615385,0.34615384615384615
2026-06-14,824994,16,2,0,31,6,55,COL,0.125,0.0,0.1935483870967742
2026-06-15,824666,22,3,8,35,9,97,COL,0.13636363636363635,0.36363636363636365,0.2571428571428571
2026-06-16,824667,15,1,1,24,3,53,COL,0.06666666666666667,0.06666666666666667,0.125
2026-06-17,824668,15,4,2,26,6,61,COL,0.26666666666666666,0.13333333333333333,0.23076923076923078
2026-06-19,824345,9,1,1,15,5,29,COL,0.1111111111111111,0.1111111111111111,0.3333333333333333
2026-06-20,824342,12,5,1,25,6,54,COL,0.4166666666666667,0.08333333333333333,0.24
2026-06-21,824343,16,1,0,37,7,56,COL,0.0625,0.0,0.1891891891891892
2026-06-22,824344,11,0,2,24,1,48,COL,0.0,0.18181818181818182,0.041666666666666664
2026-06-23,824340,18,1,1,31,4,51,COL,0.05555555555555555,0.05555555555555555,0.12903225806451613
2026-06-24,824341,9,4,0,24,8,44,COL,0.4444444444444444,0.0,0.3333333333333333
2026-06-26,823688,19,2,0,41,5,72,COL,0.10526315789473684,0.0,0.12195121951219512
2026-06-27,823689,14,3,1,31,8,62,COL,0.21428571428571427,0.07142857142857142,0.25806451612903225
2026-06-28,823686,9,1,0,15,1,34,COL,0.1111111111111111,0.0,0.06666666666666667
2026-06-29,824339,21,1,2,40,5,76,COL,0.047619047619047616,0.09523809523809523,0.125
2026-06-30,824338,26,1,2,43,6,91,COL,0.038461538461538464,0.07692307692307693,0.13953488372093023
2026-07-01,824337,14,4,1,15,2,47,COL,0.2857142857142857,0.07142857142857142,0.13333333333333333
2026-03-26,823325,14,1,3,25,5,54,DET,0.07142857142857142,0.21428571428571427,0.2
2026-03-27,823324,11,7,1,22,9,44,DET,0.6363636363636364,0.09090909090909091,0.4090909090909091
2026-03-28,823323,14,4,0,41,8,66,DET,0.2857142857142857,0.0,0.1951219512195122
2026-03-30,825108,23,2,4,32,5,88,DET,0.08695652173913043,0.17391304347826086,0.15625
2026-03-31,825107,12,3,2,23,6,51,DET,0.25,0.16666666666666666,0.2608695652173913
2026-04-01,825106,5,0,2,6,2,20,DET,0.0,0.4,0.3333333333333333
2026-04-03,824299,12,4,1,21,9,40,DET,0.3333333333333333,0.08333333333333333,0.42857142857142855
2026-04-04,824295,18,3,2,37,9,76,DET,0.16666666666666666,0.1111111111111111,0.24324324324324326
2026-04-05,824296,20,4,2,32,8,69,DET,0.2,0.1,0.25
2026-04-06,823728,18,6,4,26,8,72,DET,0.3333333333333333,0.2222222222222222,0.3076923076923077
2026-04-07,823727,13,3,1,25,3,51,DET,0.23076923076923078,0.07692307692307693,0.12
2026-04-08,823726,12,2,4,16,5,52,DET,0.16666666666666666,0.3333333333333333,0.3125
2026-04-09,823724,13,3,2,24,7,59,DET,0.23076923076923078,0.15384615384615385,0.2916666666666667
2026-04-10,824297,9,2,1,11,1,35,DET,0.2222222222222222,0.1111111111111111,0.09090909090909091
2026-04-11,824294,12,2,2,30,4,61,DET,0.16666666666666666,0.16666666666666666,0.13333333333333333
2026-04-12,824293,10,1,0,14,1,29,DET,0.1,0.0,0.07142857142857142
2026-04-14,824292,7,3,0,12,4,28,DET,0.42857142857142855,0.0,0.3333333333333333
2026-04-15,824291,13,1,0,27,6,50,DET,0.07692307692307693,0.0,0.2222222222222222
2026-04-16,824289,16,3,1,29,5,59,DET,0.1875,0.0625,0.1724137931034483
2026-04-17,824778,12,2,2,20,4,47,DET,0.16666666666666666,0.16666666666666666,0.2
2026-04-18,824775,10,2,0,18,3,42,DET,0.2,0.0,0.16666666666666666
2026-04-19,824777,12,3,1,29,7,53,DET,0.25,0.08333333333333333,0.2413793103448276
2026-04-20,824776,24,4,2,41,5,88,DET,0.16666666666666666,0.08333333333333333,0.12195121951219512
2026-04-21,824290,24,2,2,31,4,85,DET,0.08333333333333333,0.08333333333333333,0.12903225806451613
2026-04-22,824286,14,2,2,29,3,65,DET,0.14285714285714285,0.14285714285714285,0.10344827586206896
2026-04-23,824288,12,1,2,12,1,46,DET,0.08333333333333333,0.16666666666666666,0.08333333333333333
2026-04-24,824529,21,9,1,35,8,89,DET,0.42857142857142855,0.047619047619047616,0.22857142857142856
2026-04-25,824527,27,8,5,50,16,113,DET,0.2962962962962963,0.18518518518518517,0.32
2026-04-26,824528,14,2,0,27,5,55,DET,0.14285714285714285,0.0,0.18518518518518517
2026-04-28,824931,24,6,1,42,13,83,DET,0.25,0.041666666666666664,0.30952380952380953
2026-04-29,824930,7,1,3,20,6,40,DET,0.14285714285714285,0.42857142857142855,0.3
2026-04-30,824929,12,3,0,18,7,50,DET,0.25,0.0,0.3888888888888889
2026-05-01,824287,21,7,1,33,6,75,DET,0.3333333333333333,0.047619047619047616,0.18181818181818182
2026-05-02,824284,9,3,0,15,5,28,DET,0.3333333333333333,0.0,0.3333333333333333
2026-05-03,824285,33,6,2,57,10,118,DET,0.18181818181818182,0.06060606060606061,0.17543859649122806
2026-05-04,824283,37,10,3,64,16,148,DET,0.2702702702702703,0.08108108108108109,0.25
2026-05-05,824281,21,8,1,33,8,67,DET,0.38095238095238093,0.047619047619047616,0.24242424242424243
2026-05-06,824282,18,5,6,36,11,82,DET,0.2777777777777778,0.3333333333333333,0.3055555555555556
2026-05-08,824116,14,2,2,25,3,56,DET,0.14285714285714285,0.14285714285714285,0.12
2026-05-09,824115,26,5,2,44,9,100,DET,0.19230769230769232,0.07692307692307693,0.20454545454545456
2026-05-10,824113,32,8,3,47,14,110,DET,0.25,0.09375,0.2978723404255319
2026-05-12,823632,25,6,3,40,10,105,DET,0.24,0.12,0.25
2026-05-13,823631,10,5,0,20,6,38,DET,0.5,0.0,0.3
2026-05-14,823630,19,0,2,33,1,72,DET,0.0,0.10526315789473684,0.030303030303030304
2026-05-15,824280,27,5,2,62,12,118,DET,0.18518518518518517,0.07407407407407407,0.1935483870967742
2026-05-16,824278,16,2,1,22,3,44,DET,0.125,0.0625,0.13636363636363635
2026-05-17,824279,12,1,1,24,2,43,DET,0.08333333333333333,0.08333333333333333,0.08333333333333333
2026-05-18,824277,19,4,3,34,5,75,DET,0.21052631578947367,0.15789473684210525,0.14705882352941177
2026-05-19,824276,13,3,0,20,4,45,DET,0.23076923076923078,0.0,0.2
2026-05-20,824273,23,4,2,38,11,78,DET,0.17391304347826086,0.08695652173913043,0.2894736842105263
2026-05-21,824274,10,3,1,23,5,52,DET,0.3,0.1,0.21739130434782608
2026-05-22,824842,22,3,2,47,8,97,DET,0.13636363636363635,0.09090909090909091,0.1702127659574468
2026-05-24,824839,14,1,3,27,4,59,DET,0.07142857142857142,0.21428571428571427,0.14814814814814814
2026-05-24,824840,13,6,2,33,11,65,DET,0.46153846153846156,0.15384615384615385,0.3333333333333333
2026-05-26,824275,18,4,1,37,9,71,DET,0.2222222222222222,0.05555555555555555,0.24324324324324326
2026-05-27,824270,17,3,2,32,6,66,DET,0.17647058823529413,0.11764705882352941,0.1875
2026-05-28,824272,16,3,2,22,4,63,DET,0.1875,0.125,0.18181818181818182
2026-05-29,824594,11,2,0,20,6,34,DET,0.18181818181818182,0.0,0.3
2026-05-30,824593,7,3,0,21,6,30,DET,0.42857142857142855,0.0,0.2857142857142857
2026-05-31,824592,9,0,0,22,4,38,DET,0.0,0.0,0.18181818181818182
2026-06-01,822974,27,4,6,53,10,138,DET,0.14814814814814814,0.2222222222222222,0.18867924528301888
2026-06-02,822971,11,4,0,23,8,35,DET,0.36363636363636365,0.0,0.34782608695652173
2026-06-03,822973,3,1,0,6,1,12,DET,0.3333333333333333,0.0,0.16666666666666666
2026-06-05,824271,19,4,1,33,7,63,DET,0.21052631578947367,0.05263157894736842,0.21212121212121213
2026-06-06,824269,17,6,0,27,9,57,DET,0.35294117647058826,0.0,0.3333333333333333
2026-06-07,824268,19,4,1,32,14,68,DET,0.21052631578947367,0.05263157894736842,0.4375
2026-06-09,824267,19,6,3,38,11,79,DET,0.3157894736842105,0.15789473684210525,0.2894736842105263
2026-06-10,824266,19,1,3,30,4,73,DET,0.05263157894736842,0.15789473684210525,0.13333333333333333
2026-06-11,824265,9,3,0,20,9,33,DET,0.3333333333333333,0.0,0.45
2026-06-12,824425,22,7,1,43,10,85,DET,0.3181818181818182,0.045454545454545456,0.23255813953488372
2026-06-13,824426,12,2,0,18,5,30,DET,0.16666666666666666,0.0,0.2777777777777778
2026-06-15,824181,25,5,1,41,6,83,DET,0.2,0.04,0.14634146341463414
2026-06-16,824182,11,2,1,17,2,40,DET,0.18181818181818182,0.09090909090909091,0.11764705882352941
2026-06-17,824178,14,1,2,21,5,48,DET,0.07142857142857142,0.14285714285714285,0.23809523809523808
2026-06-19,824264,11,4,1,22,3,46,DET,0.36363636363636365,0.09090909090909091,0.13636363636363635
2026-06-20,824263,13,2,1,16,4,31,DET,0.15384615384615385,0.07692307692307693,0.25
2026-06-21,824260,9,4,0,28,10,46,DET,0.4444444444444444,0.0,0.35714285714285715
2026-06-22,824261,13,4,0,23,5,37,DET,0.3076923076923077,0.0,0.21739130434782608
2026-06-23,824262,12,7,1,25,12,49,DET,0.5833333333333334,0.08333333333333333,0.48
2026-06-24,824259,11,4,0,16,7,39,DET,0.36363636363636365,0.0,0.4375
2026-06-25,824258,12,1,0,21,3,46,DET,0.08333333333333333,0.0,0.14285714285714285
2026-06-26,824255,7,2,1,14,4,27,DET,0.2857142857142857,0.14285714285714285,0.2857142857142857
2026-06-27,824257,18,3,2,34,9,70,DET,0.16666666666666666,0.1111111111111111,0.2647058823529412
2026-06-28,824256,23,4,2,48,6,81,DET,0.17391304347826086,0.08695652173913043,0.125
2026-06-29,823529,9,3,1,14,4,31,DET,0.3333333333333333,0.1111111111111111,0.2857142857142857
2026-06-30,823528,13,2,1,25,5,60,DET,0.15384615384615385,0.07692307692307693,0.2
2026-07-01,823530,19,5,0,31,10,68,DET,0.2631578947368421,0.0,0.3225806451612903
2026-03-26,824218,21,5,2,44,14,91,HOU,0.23809523809523808,0.09523809523809523,0.3181818181818182
2026-03-27,824216,16,5,4,26,9,68,HOU,0.3125,0.25,0.34615384615384615
2026-03-28,824213,19,7,4,27,9,82,HOU,0.3684210526315789,0.21052631578947367,0.3333333333333333
2026-03-29,824215,26,9,4,58,20,120,HOU,0.34615384615384615,0.15384615384615385,0.3448275862068966
2026-03-30,824214,7,3,1,14,4,33,HOU,0.42857142857142855,0.14285714285714285,0.2857142857142857
2026-03-31,824212,13,5,1,22,6,50,HOU,0.38461538461538464,0.07692307692307693,0.2727272727272727
2026-04-01,824211,14,7,0,28,11,56,HOU,0.5,0.0,0.39285714285714285
2026-04-03,825026,21,4,2,36,9,78,HOU,0.19047619047619047,0.09523809523809523,0.25
2026-04-04,825027,12,4,0,24,7,49,HOU,0.3333333333333333,0.0,0.2916666666666667
2026-04-05,825025,31,2,6,57,12,119,HOU,0.06451612903225806,0.1935483870967742,0.21052631578947367
2026-04-06,824376,23,4,2,37,6,70,HOU,0.17391304347826086,0.08695652173913043,0.16216216216216217
2026-04-07,824375,10,1,1,18,3,35,HOU,0.1,0.1,0.16666666666666666
2026-04-08,824374,38,6,9,67,9,155,HOU,0.15789473684210525,0.23684210526315788,0.13432835820895522
2026-04-10,823156,37,10,6,69,20,154,HOU,0.2702702702702703,0.16216216216216217,0.2898550724637681
2026-04-11,823155,18,4,5,50,7,96,HOU,0.2222222222222222,0.2777777777777778,0.14
2026-04-12,823154,33,6,5,50,14,118,HOU,0.18181818181818182,0.15151515151515152,0.28
2026-04-13,823153,8,0,0,12,2,23,HOU,0.0,0.0,0.16666666666666666
2026-04-14,824210,24,7,4,53,18,104,HOU,0.2916666666666667,0.16666666666666666,0.33962264150943394
2026-04-15,824209,11,5,1,20,5,44,HOU,0.45454545454545453,0.09090909090909091,0.25
2026-04-16,824208,23,2,2,40,4,86,HOU,0.08695652173913043,0.08695652173913043,0.1
2026-04-17,824207,18,1,3,32,4,70,HOU,0.05555555555555555,0.16666666666666666,0.125
2026-04-18,824206,17,7,1,36,8,80,HOU,0.4117647058823529,0.058823529411764705,0.2222222222222222
2026-04-19,824205,25,6,1,53,10,103,HOU,0.24,0.04,0.18867924528301888
2026-04-20,824450,16,3,2,26,6,70,HOU,0.1875,0.125,0.23076923076923078
2026-04-21,824448,22,3,3,34,4,82,HOU,0.13636363636363635,0.13636363636363635,0.11764705882352941
2026-04-22,824449,12,2,1,30,8,58,HOU,0.16666666666666666,0.08333333333333333,0.26666666666666666
2026-04-24,824204,20,1,1,35,3,85,HOU,0.05,0.05,0.08571428571428572
2026-04-25,824203,24,0,7,32,6,97,HOU,0.0,0.2916666666666667,0.1875
2026-04-26,824202,10,1,0,20,5,35,HOU,0.1,0.0,0.25
2026-04-28,824849,21,6,2,35,11,77,HOU,0.2857142857142857,0.09523809523809523,0.3142857142857143
2026-04-30,824848,19,2,4,22,4,61,HOU,0.10526315789473684,0.21052631578947367,0.18181818181818182
2026-04-30,824850,17,5,4,28,11,70,HOU,0.29411764705882354,0.23529411764705882,0.39285714285714285
2026-05-01,824772,7,1,0,10,1,26,HOU,0.14285714285714285,0.0,0.1
2026-05-02,824771,17,3,2,27,5,60,HOU,0.17647058823529413,0.11764705882352941,0.18518518518518517
2026-05-03,824769,31,8,3,57,19,113,HOU,0.25806451612903225,0.0967741935483871,0.3333333333333333
2026-05-04,824201,39,10,4,69,16,152,HOU,0.2564102564102564,0.10256410256410256,0.2318840579710145
2026-05-05,824200,9,2,0,19,5,37,HOU,0.2222222222222222,0.0,0.2631578947368421
2026-05-06,824198,30,5,2,59,9,112,HOU,0.16666666666666666,0.06666666666666667,0.15254237288135594
2026-05-08,824522,8,3,0,17,7,41,HOU,0.375,0.0,0.4117647058823529
2026-05-09,824523,7,2,0,12,4,24,HOU,0.2857142857142857,0.0,0.3333333333333333
2026-05-10,824520,23,5,4,36,7,90,HOU,0.21739130434782608,0.17391304347826086,0.19444444444444445
2026-05-11,824199,7,1,0,17,5,27,HOU,0.14285714285714285,0.0,0.29411764705882354
2026-05-12,824197,24,1,3,53,7,95,HOU,0.041666666666666664,0.125,0.1320754716981132
2026-05-13,824195,19,5,4,37,11,81,HOU,0.2631578947368421,0.21052631578947367,0.2972972972972973
2026-05-14,824196,15,2,2,25,2,56,HOU,0.13333333333333333,0.13333333333333333,0.08
2026-05-15,824194,5,1,0,7,1,17,HOU,0.2,0.0,0.14285714285714285
2026-05-16,824193,20,2,4,32,4,76,HOU,0.1,0.2,0.125
2026-05-17,824192,13,2,0,28,2,51,HOU,0.15384615384615385,0.0,0.07142857142857142
2026-05-18,823705,15,1,3,24,5,57,HOU,0.06666666666666667,0.2,0.20833333333333334
2026-05-19,823704,14,4,0,34,10,60,HOU,0.2857142857142857,0.0,0.29411764705882354
2026-05-20,823703,6,1,0,14,3,24,HOU,0.16666666666666666,0.0,0.21428571428571427
2026-05-22,824679,17,1,1,26,2,56,HOU,0.058823529411764705,0.058823529411764705,0.07692307692307693
2026-05-23,824674,10,3,0,18,4,40,HOU,0.3,0.0,0.2222222222222222
2026-05-24,824676,16,0,3,27,3,64,HOU,0.0,0.1875,0.1111111111111111
2026-05-25,822899,10,2,1,17,3,39,HOU,0.2,0.1,0.17647058823529413
2026-05-26,822898,8,0,0,14,1,23,HOU,0.0,0.0,0.07142857142857142
2026-05-27,822897,8,4,1,15,7,35,HOU,0.5,0.125,0.4666666666666667
2026-05-28,822896,13,5,2,23,9,58,HOU,0.38461538461538464,0.15384615384615385,0.391304347826087
2026-05-29,824191,18,2,2,23,1,69,HOU,0.1111111111111111,0.1111111111111111,0.043478260869565216
2026-05-30,824190,13,6,0,24,7,50,HOU,0.46153846153846156,0.0,0.2916666666666667
2026-05-31,824187,9,2,0,16,3,34,HOU,0.2222222222222222,0.0,0.1875
2026-06-02,824189,19,8,3,38,12,87,HOU,0.42105263157894735,0.15789473684210525,0.3157894736842105
2026-06-03,824188,26,8,5,51,16,121,HOU,0.3076923076923077,0.19230769230769232,0.3137254901960784
2026-06-04,824185,15,6,1,33,6,71,HOU,0.4,0.06666666666666667,0.18181818181818182
2026-06-05,824186,11,6,1,25,8,50,HOU,0.5454545454545454,0.09090909090909091,0.32
2026-06-06,824184,15,5,2,27,5,68,HOU,0.3333333333333333,0.13333333333333333,0.18518518518518517
2026-06-07,824183,13,5,1,26,9,53,HOU,0.38461538461538464,0.07692307692307693,0.34615384615384615
2026-06-08,824025,15,5,0,34,11,57,HOU,0.3333333333333333,0.0,0.3235294117647059
2026-06-09,824023,19,2,3,29,7,61,HOU,0.10526315789473684,0.15789473684210525,0.2413793103448276
2026-06-10,824022,11,1,1,20,5,38,HOU,0.09090909090909091,0.09090909090909091,0.25
2026-06-12,824102,35,5,2,77,10,146,HOU,0.14285714285714285,0.05714285714285714,0.12987012987012986
2026-06-13,824100,15,1,1,26,3,56,HOU,0.06666666666666667,0.06666666666666667,0.11538461538461539
2026-06-14,824099,7,2,0,16,4,32,HOU,0.2857142857142857,0.0,0.25
2026-06-15,824181,24,9,2,46,16,99,HOU,0.375,0.08333333333333333,0.34782608695652173
2026-06-16,824182,13,2,1,27,11,41,HOU,0.15384615384615385,0.07692307692307693,0.4074074074074074
2026-06-17,824178,7,4,0,16,8,28,HOU,0.5714285714285714,0.0,0.5
2026-06-19,824179,10,4,0,17,7,32,HOU,0.4,0.0,0.4117647058823529
2026-06-20,824180,12,3,0,23,8,51,HOU,0.25,0.0,0.34782608695652173
2026-06-21,824177,10,6,1,22,10,41,HOU,0.6,0.1,0.45454545454545453
2026-06-22,822800,24,4,3,42,12,84,HOU,0.16666666666666666,0.125,0.2857142857142857
2026-06-23,822799,28,4,1,51,10,103,HOU,0.14285714285714285,0.03571428571428571,0.19607843137254902
2026-06-24,822798,11,3,1,22,5,48,HOU,0.2727272727272727,0.09090909090909091,0.22727272727272727
2026-06-25,824258,11,3,0,23,2,35,HOU,0.2727272727272727,0.0,0.08695652173913043
2026-06-26,824255,16,2,2,29,4,67,HOU,0.125,0.125,0.13793103448275862
2026-06-27,824257,20,4,1,35,8,65,HOU,0.2,0.05,0.22857142857142856
2026-06-28,824256,20,3,5,34,7,80,HOU,0.15,0.25,0.20588235294117646
2026-06-29,824176,14,4,1,22,4,49,HOU,0.2857142857142857,0.07142857142857142,0.18181818181818182
2026-06-30,824175,12,6,0,29,12,46,HOU,0.5,0.0,0.41379310344827586
2026-07-01,824174,29,10,1,57,14,132,HOU,0.3448275862068966,0.034482758620689655,0.24561403508771928
2026-03-27,824946,17,5,0,28,11,59,KC,0.29411764705882354,0.0,0.39285714285714285
2026-03-28,824945,15,1,3,25,3,52,KC,0.06666666666666667,0.2,0.12
2026-03-29,824944,9,2,0,18,2,39,KC,0.2222222222222222,0.0,0.1111111111111111
2026-03-30,824135,10,2,0,16,3,32,KC,0.2,0.0,0.1875
2026-04-01,824136,27,6,8,47,12,123,KC,0.2222222222222222,0.2962962962962963,0.2553191489361702
2026-04-02,824133,16,4,1,32,6,75,KC,0.25,0.0625,0.1875
2026-04-04,824132,22,8,3,47,14,102,KC,0.36363636363636365,0.13636363636363635,0.2978723404255319
2026-04-04,824134,15,5,1,23,6,56,KC,0.3333333333333333,0.06666666666666667,0.2608695652173913
2026-04-05,824131,22,3,4,38,6,93,KC,0.13636363636363635,0.18181818181818182,0.15789473684210525
2026-04-06,824456,8,2,1,12,2,38,KC,0.25,0.125,0.16666666666666666
2026-04-07,824457,12,3,2,29,7,56,KC,0.25,0.16666666666666666,0.2413793103448276
2026-04-08,824455,36,7,3,66,19,145,KC,0.19444444444444445,0.08333333333333333,0.2878787878787879
2026-04-09,824130,11,1,1,20,6,38,KC,0.09090909090909091,0.09090909090909091,0.3
2026-04-10,824128,6,0,0,8,0,17,KC,0.0,0.0,0.0
2026-04-11,824129,3,1,0,4,0,12,KC,0.3333333333333333,0.0,0.0
2026-04-12,824126,17,5,2,27,10,71,KC,0.29411764705882354,0.11764705882352941,0.37037037037037035
2026-04-14,824292,11,1,2,18,2,42,KC,0.09090909090909091,0.18181818181818182,0.1111111111111111
2026-04-15,824291,7,2,1,9,2,24,KC,0.2857142857142857,0.14285714285714285,0.2222222222222222
2026-04-16,824289,21,5,1,40,8,79,KC,0.23809523809523808,0.047619047619047616,0.2
2026-04-17,823559,10,2,2,18,6,45,KC,0.2,0.2,0.3333333333333333
2026-04-18,823558,21,3,5,31,5,84,KC,0.14285714285714285,0.23809523809523808,0.16129032258064516
2026-04-19,823556,16,3,2,23,2,58,KC,0.1875,0.125,0.08695652173913043
2026-04-20,824125,23,7,4,47,10,107,KC,0.30434782608695654,0.17391304347826086,0.2127659574468085
2026-04-21,824127,13,1,2,25,6,59,KC,0.07692307692307693,0.15384615384615385,0.24
2026-04-22,824123,15,3,1,31,9,64,KC,0.2,0.06666666666666667,0.2903225806451613
2026-04-24,824124,11,3,3,15,3,45,KC,0.2727272727272727,0.2727272727272727,0.2
2026-04-25,824121,12,3,0,17,3,45,KC,0.25,0.0,0.17647058823529413
2026-04-26,824122,16,5,4,37,7,81,KC,0.3125,0.25,0.1891891891891892
2026-04-28,825017,20,5,2,45,9,96,KC,0.25,0.1,0.2
2026-04-29,825015,13,2,1,30,6,55,KC,0.15384615384615385,0.07692307692307693,0.2
2026-04-30,825016,10,0,0,10,1,29,KC,0.0,0.0,0.1
2026-05-01,823146,15,5,2,30,7,66,KC,0.3333333333333333,0.13333333333333333,0.23333333333333334
2026-05-02,823144,12,3,0,26,9,48,KC,0.25,0.0,0.34615384615384615
2026-05-03,823145,7,3,1,12,6,29,KC,0.42857142857142855,0.14285714285714285,0.5
2026-05-04,824120,6,0,0,10,1,16,KC,0.0,0.0,0.1
2026-05-05,824119,11,2,2,16,3,37,KC,0.18181818181818182,0.18181818181818182,0.1875
2026-05-06,824118,24,4,4,53,13,121,KC,0.16666666666666666,0.16666666666666666,0.24528301886792453
2026-05-07,824117,23,6,4,37,9,102,KC,0.2608695652173913,0.17391304347826086,0.24324324324324326
2026-05-08,824116,15,1,1,24,2,51,KC,0.06666666666666667,0.06666666666666667,0.08333333333333333
2026-05-09,824115,8,3,0,16,2,33,KC,0.375,0.0,0.125
2026-05-10,824113,23,5,4,37,12,95,KC,0.21739130434782608,0.17391304347826086,0.32432432432432434
2026-05-12,824604,13,5,1,28,12,54,KC,0.38461538461538464,0.07692307692307693,0.42857142857142855
2026-05-13,824603,14,4,2,21,8,53,KC,0.2857142857142857,0.14285714285714285,0.38095238095238093
2026-05-14,824602,14,3,2,22,7,58,KC,0.21428571428571427,0.14285714285714285,0.3181818181818182
2026-05-15,823061,24,6,2,38,14,76,KC,0.25,0.08333333333333333,0.3684210526315789
2026-05-16,823060,9,0,1,12,0,28,KC,0.0,0.1111111111111111,0.0
2026-05-17,823058,10,1,1,21,4,43,KC,0.1,0.1,0.19047619047619047
2026-05-18,824114,14,3,1,21,7,39,KC,0.21428571428571427,0.07142857142857142,0.3333333333333333
2026-05-19,824112,30,7,1,61,11,122,KC,0.23333333333333334,0.03333333333333333,0.18032786885245902
2026-05-20,824111,15,2,1,36,10,71,KC,0.13333333333333333,0.06666666666666667,0.2777777777777778
2026-05-22,824110,11,0,1,20,3,42,KC,0.0,0.09090909090909091,0.15
2026-05-24,824108,14,2,0,29,6,51,KC,0.14285714285714285,0.0,0.20689655172413793
2026-05-25,824107,9,1,0,13,4,22,KC,0.1111111111111111,0.0,0.3076923076923077
2026-05-26,824106,39,5,5,74,11,166,KC,0.1282051282051282,0.1282051282051282,0.14864864864864866
2026-05-27,824104,18,3,3,33,6,79,KC,0.16666666666666666,0.16666666666666666,0.18181818181818182
2026-05-29,822894,15,5,1,30,14,61,KC,0.3333333333333333,0.06666666666666667,0.4666666666666667
2026-05-30,822893,15,1,1,24,3,56,KC,0.06666666666666667,0.06666666666666667,0.125
2026-05-31,822895,12,3,1,19,6,42,KC,0.25,0.08333333333333333,0.3157894736842105
2026-06-01,824510,17,7,2,28,11,60,KC,0.4117647058823529,0.11764705882352941,0.39285714285714285
2026-06-02,824511,12,3,2,21,3,47,KC,0.25,0.16666666666666666,0.14285714285714285
2026-06-03,824509,9,3,1,18,6,39,KC,0.3333333333333333,0.1111111111111111,0.3333333333333333
2026-06-04,823698,16,3,1,30,8,57,KC,0.1875,0.0625,0.26666666666666666
2026-06-05,823699,9,4,0,18,9,31,KC,0.4444444444444444,0.0,0.5
2026-06-06,823697,16,4,1,27,8,71,KC,0.25,0.0625,0.2962962962962963
2026-06-07,823696,15,1,1,20,3,47,KC,0.06666666666666667,0.06666666666666667,0.15
2026-06-09,824105,14,5,1,19,4,52,KC,0.35714285714285715,0.07142857142857142,0.21052631578947367
2026-06-10,824103,36,7,8,65,17,162,KC,0.19444444444444445,0.2222222222222222,0.26153846153846155
2026-06-11,824101,8,4,0,12,2,32,KC,0.5,0.0,0.16666666666666666
2026-06-12,824102,34,4,4,64,12,139,KC,0.11764705882352941,0.11764705882352941,0.1875
2026-06-13,824100,20,4,1,40,8,80,KC,0.2,0.05,0.2
2026-06-14,824099,5,1,0,12,4,16,KC,0.2,0.0,0.3333333333333333
2026-06-15,822724,15,2,3,23,7,64,KC,0.13333333333333333,0.2,0.30434782608695654
2026-06-16,822723,12,1,3,21,6,52,KC,0.08333333333333333,0.25,0.2857142857142857
2026-06-17,822721,12,1,0,25,2,51,KC,0.08333333333333333,0.0,0.08
2026-06-18,824098,21,2,4,32,10,76,KC,0.09523809523809523,0.19047619047619047,0.3125
2026-06-19,824097,13,1,1,25,2,55,KC,0.07692307692307693,0.07692307692307693,0.08
2026-06-21,824095,33,7,1,63,12,119,KC,0.21212121212121213,0.030303030303030304,0.19047619047619047
2026-06-22,822964,7,3,1,12,5,33,KC,0.42857142857142855,0.14285714285714285,0.4166666666666667
2026-06-23,822963,20,3,2,34,4,79,KC,0.15,0.1,0.11764705882352941
2026-06-24,822965,11,1,1,16,1,34,KC,0.09090909090909091,0.09090909090909091,0.0625
2026-06-25,822961,17,2,0,28,2,63,KC,0.11764705882352941,0.0,0.07142857142857142
2026-06-26,824582,48,6,6,74,13,162,KC,0.125,0.125,0.17567567567567569
2026-06-27,824581,6,1,0,11,3,24,KC,0.16666666666666666,0.0,0.2727272727272727
2026-06-28,824580,17,2,2,40,7,69,KC,0.11764705882352941,0.11764705882352941,0.175
2026-06-30,824096,24,2,8,27,3,95,KC,0.08333333333333333,0.3333333333333333,0.1111111111111111
2026-07-01,824094,11,3,0,25,5,51,KC,0.2727272727272727,0.0,0.2
2026-03-26,824218,12,2,2,15,2,39,LAA,0.16666666666666666,0.16666666666666666,0.13333333333333333
2026-03-27,824216,16,7,2,34,14,73,LAA,0.4375,0.125,0.4117647058823529
2026-03-28,824213,23,3,4,38,8,100,LAA,0.13043478260869565,0.17391304347826086,0.21052631578947367
2026-03-29,824215,20,3,2,25,6,73,LAA,0.15,0.1,0.24
2026-03-30,824702,18,3,3,30,2,70,LAA,0.16666666666666666,0.16666666666666666,0.06666666666666667
2026-03-31,824699,13,4,2,16,4,46,LAA,0.3076923076923077,0.15384615384615385,0.25
2026-04-01,824698,14,5,1,34,10,65,LAA,0.35714285714285715,0.07142857142857142,0.29411764705882354
2026-04-03,824056,16,3,1,39,9,68,LAA,0.1875,0.0625,0.23076923076923078
2026-04-04,824054,13,3,1,23,7,54,LAA,0.23076923076923078,0.07692307692307693,0.30434782608695654
2026-04-05,824053,32,11,3,56,29,121,LAA,0.34375,0.09375,0.5178571428571429
2026-04-06,824052,6,1,1,18,5,32,LAA,0.16666666666666666,0.16666666666666666,0.2777777777777778
2026-04-07,824051,19,4,2,36,8,76,LAA,0.21052631578947367,0.10526315789473684,0.2222222222222222
2026-04-08,824050,20,5,4,31,9,89,LAA,0.25,0.2,0.2903225806451613
2026-04-10,824534,9,2,1,16,3,37,LAA,0.2222222222222222,0.1111111111111111,0.1875
2026-04-11,824535,25,4,4,48,11,108,LAA,0.16,0.16,0.22916666666666666
2026-04-12,824533,14,2,3,21,4,59,LAA,0.14285714285714285,0.21428571428571427,0.19047619047619047
2026-04-13,823563,27,4,3,51,12,119,LAA,0.14814814814814814,0.1111111111111111,0.23529411764705882
2026-04-14,823562,7,3,0,24,8,45,LAA,0.42857142857142855,0.0,0.3333333333333333
2026-04-15,823561,8,0,1,13,5,32,LAA,0.0,0.125,0.38461538461538464
2026-04-16,823560,26,6,2,48,14,101,LAA,0.23076923076923078,0.07692307692307693,0.2916666666666667
2026-04-17,824048,11,5,0,23,11,50,LAA,0.45454545454545453,0.0,0.4782608695652174
2026-04-18,824049,17,2,4,23,6,60,LAA,0.11764705882352941,0.23529411764705882,0.2608695652173913
2026-04-19,824047,10,3,1,16,8,39,LAA,0.3,0.1,0.5
2026-04-20,824046,12,1,1,21,3,38,LAA,0.08333333333333333,0.08333333333333333,0.14285714285714285
2026-04-21,824045,14,3,0,23,7,44,LAA,0.21428571428571427,0.0,0.30434782608695654
2026-04-22,824044,18,5,1,33,9,70,LAA,0.2777777777777778,0.05555555555555555,0.2727272727272727
2026-04-24,824124,14,5,2,30,9,63,LAA,0.35714285714285715,0.14285714285714285,0.3
2026-04-25,824121,27,3,5,45,5,117,LAA,0.1111111111111111,0.18518518518518517,0.1111111111111111
2026-04-26,824122,25,2,5,43,6,100,LAA,0.08,0.2,0.13953488372093023
2026-04-27,824609,11,4,0,20,4,42,LAA,0.36363636363636365,0.0,0.2
2026-04-28,824610,15,3,1,27,7,61,LAA,0.2,0.06666666666666667,0.25925925925925924
2026-04-29,824608,32,7,5,62,20,135,LAA,0.21875,0.15625,0.3225806451612903
2026-05-01,824041,17,2,1,29,6,67,LAA,0.11764705882352941,0.058823529411764705,0.20689655172413793
2026-05-02,824042,12,4,0,19,7,45,LAA,0.3333333333333333,0.0,0.3684210526315789
2026-05-03,824043,12,3,1,15,6,43,LAA,0.25,0.08333333333333333,0.4
2026-05-04,824039,22,4,0,36,8,73,LAA,0.18181818181818182,0.0,0.2222222222222222
2026-05-05,824040,23,9,2,36,12,83,LAA,0.391304347826087,0.08695652173913043,0.3333333333333333
2026-05-06,824036,14,5,2,23,5,59,LAA,0.35714285714285715,0.14285714285714285,0.21739130434782608
2026-05-08,822822,14,6,0,38,11,70,LAA,0.42857142857142855,0.0,0.2894736842105263
2026-05-09,822820,24,2,1,37,5,87,LAA,0.08333333333333333,0.041666666666666664,0.13513513513513514
2026-05-10,822819,4,2,0,7,3,20,LAA,0.5,0.0,0.42857142857142855
2026-05-11,824441,33,3,9,46,10,139,LAA,0.09090909090909091,0.2727272727272727,0.21739130434782608
2026-05-12,824442,13,0,3,21,3,51,LAA,0.0,0.23076923076923078,0.14285714285714285
2026-05-13,824438,8,3,0,18,4,39,LAA,0.375,0.0,0.2222222222222222
2026-05-15,824037,11,3,1,21,8,40,LAA,0.2727272727272727,0.09090909090909091,0.38095238095238093
2026-05-16,824038,24,3,3,49,11,102,LAA,0.125,0.125,0.22448979591836735
2026-05-17,824034,21,7,2,42,7,77,LAA,0.3333333333333333,0.09523809523809523,0.16666666666666666
2026-05-18,824035,13,2,2,21,5,52,LAA,0.15384615384615385,0.15384615384615385,0.23809523809523808
2026-05-19,824033,19,1,2,35,3,70,LAA,0.05263157894736842,0.10526315789473684,0.08571428571428572
2026-05-20,824032,19,4,1,26,7,67,LAA,0.21052631578947367,0.05263157894736842,0.2692307692307692
2026-05-21,824031,18,2,3,32,4,74,LAA,0.1111111111111111,0.16666666666666666,0.125
2026-05-22,824029,14,1,1,20,2,42,LAA,0.07142857142857142,0.07142857142857142,0.1
2026-05-23,824030,17,5,2,32,11,71,LAA,0.29411764705882354,0.11764705882352941,0.34375
2026-05-24,824028,6,2,1,13,7,27,LAA,0.3333333333333333,0.16666666666666666,0.5384615384615384
2026-05-26,824275,21,8,4,35,13,90,LAA,0.38095238095238093,0.19047619047619047,0.37142857142857144
2026-05-27,824270,12,2,0,21,1,40,LAA,0.16666666666666666,0.0,0.047619047619047616
2026-05-28,824272,17,4,5,26,11,65,LAA,0.23529411764705882,0.29411764705882354,0.4230769230769231
2026-05-29,822978,13,2,1,20,3,44,LAA,0.15384615384615385,0.07692307692307693,0.15
2026-05-30,822975,18,4,5,40,10,84,LAA,0.2222222222222222,0.2777777777777778,0.25
2026-05-31,822976,25,5,5,29,3,100,LAA,0.2,0.2,0.10344827586206896
2026-06-01,824027,23,4,3,43,11,88,LAA,0.17391304347826086,0.13043478260869565,0.2558139534883721
2026-06-02,824026,22,5,2,49,12,89,LAA,0.22727272727272727,0.09090909090909091,0.24489795918367346
2026-06-03,824024,13,2,0,27,4,54,LAA,0.15384615384615385,0.0,0.14814814814814814
2026-06-05,823943,9,3,1,20,6,42,LAA,0.3333333333333333,0.1111111111111111,0.3
2026-06-06,823942,31,8,3,58,12,129,LAA,0.25806451612903225,0.0967741935483871,0.20689655172413793
2026-06-07,823941,13,7,1,32,9,65,LAA,0.5384615384615384,0.07692307692307693,0.28125
2026-06-08,824025,20,7,4,32,17,82,LAA,0.35,0.2,0.53125
2026-06-09,824023,15,5,1,22,7,53,LAA,0.3333333333333333,0.06666666666666667,0.3181818181818182
2026-06-10,824022,12,4,0,20,6,49,LAA,0.3333333333333333,0.0,0.3
2026-06-12,824020,19,5,3,28,11,73,LAA,0.2631578947368421,0.15789473684210525,0.39285714285714285
2026-06-13,824019,16,3,2,26,6,54,LAA,0.1875,0.125,0.23076923076923078
2026-06-14,824021,29,3,2,44,8,96,LAA,0.10344827586206896,0.06896551724137931,0.18181818181818182
2026-06-15,825071,5,0,1,8,0,18,LAA,0.0,0.2,0.0
2026-06-16,825070,8,3,1,13,4,34,LAA,0.375,0.125,0.3076923076923077
2026-06-17,825072,20,2,1,33,4,74,LAA,0.1,0.05,0.12121212121212122
2026-06-18,824989,11,3,2,18,5,49,LAA,0.2727272727272727,0.18181818181818182,0.2777777777777778
2026-06-19,824990,24,4,5,37,12,98,LAA,0.16666666666666666,0.20833333333333334,0.32432432432432434
2026-06-20,824988,15,7,2,33,12,67,LAA,0.4666666666666667,0.13333333333333333,0.36363636363636365
2026-06-21,824987,12,2,1,34,9,55,LAA,0.16666666666666666,0.08333333333333333,0.2647058823529412
2026-06-22,824016,18,9,0,37,19,74,LAA,0.5,0.0,0.5135135135135135
2026-06-23,824017,12,5,1,22,6,47,LAA,0.4166666666666667,0.08333333333333333,0.2727272727272727
2026-06-24,824018,24,6,1,42,12,95,LAA,0.25,0.041666666666666664,0.2857142857142857
2026-06-26,824014,18,5,0,40,7,79,LAA,0.2777777777777778,0.0,0.175
2026-06-27,824015,13,5,2,31,10,60,LAA,0.38461538461538464,0.15384615384615385,0.3225806451612903
2026-06-28,824011,15,5,2,31,9,69,LAA,0.3333333333333333,0.13333333333333333,0.2903225806451613
2026-06-29,823121,13,3,2,18,5,46,LAA,0.23076923076923078,0.15384615384615385,0.2777777777777778
2026-06-30,823122,17,7,2,37,8,81,LAA,0.4117647058823529,0.11764705882352941,0.21621621621621623
2026-03-26,823974,10,2,0,15,6,32,LAD,0.2,0.0,0.4
2026-03-27,823971,21,6,2,44,8,102,LAD,0.2857142857142857,0.09523809523809523,0.18181818181818182
2026-03-28,823973,10,1,0,20,3,37,LAD,0.1,0.0,0.15
2026-03-30,823972,21,4,1,40,12,76,LAD,0.19047619047619047,0.047619047619047616,0.3
2026-03-31,823969,13,4,2,29,5,62,LAD,0.3076923076923077,0.15384615384615385,0.1724137931034483
2026-04-01,823970,12,3,2,29,5,61,LAD,0.25,0.16666666666666666,0.1724137931034483
2026-04-03,822758,15,3,2,19,5,53,LAD,0.2,0.13333333333333333,0.2631578947368421
2026-04-04,822757,13,2,0,27,9,57,LAD,0.15384615384615385,0.0,0.3333333333333333
2026-04-05,822756,16,3,2,29,6,61,LAD,0.1875,0.125,0.20689655172413793
2026-04-06,822832,17,4,1,25,3,56,LAD,0.23529411764705882,0.058823529411764705,0.12
2026-04-07,822831,12,4,2,24,8,48,LAD,0.3333333333333333,0.16666666666666666,0.3333333333333333
2026-04-08,822833,13,1,3,18,3,44,LAD,0.07692307692307693,0.23076923076923078,0.16666666666666666
2026-04-10,823968,15,7,1,26,10,55,LAD,0.4666666666666667,0.06666666666666667,0.38461538461538464
2026-04-11,823967,11,5,1,20,7,49,LAD,0.45454545454545453,0.09090909090909091,0.35
2026-04-12,823966,22,5,4,36,9,87,LAD,0.22727272727272727,0.18181818181818182,0.25
2026-04-13,823964,3,0,0,3,0,8,LAD,0.0,0.0,0.0
2026-04-14,823965,4,4,0,10,8,17,LAD,1.0,0.0,0.8
2026-04-15,823963,13,4,0,22,7,45,LAD,0.3076923076923077,0.0,0.3181818181818182
2026-04-17,824373,7,3,1,15,3,31,LAD,0.42857142857142855,0.14285714285714285,0.2
2026-04-18,824372,12,3,0,23,4,50,LAD,0.25,0.0,0.17391304347826086
2026-04-19,824371,19,3,1,29,3,70,LAD,0.15789473684210525,0.05263157894736842,0.10344827586206896
2026-04-20,824370,10,2,1,23,6,40,LAD,0.2,0.1,0.2608695652173913
2026-04-21,823236,4,1,1,10,3,16,LAD,0.25,0.25,0.3
2026-04-22,823231,9,1,0,15,3,29,LAD,0.1111111111111111,0.0,0.2
2026-04-23,823233,3,0,0,9,2,13,LAD,0.0,0.0,0.2222222222222222
2026-04-24,823962,15,3,1,24,6,55,LAD,0.2,0.06666666666666667,0.25
2026-04-25,823960,15,6,1,33,10,63,LAD,0.4,0.06666666666666667,0.30303030303030304
2026-04-26,823959,12,2,2,19,4,44,LAD,0.16666666666666666,0.16666666666666666,0.21052631578947367
2026-04-27,823961,14,7,2,23,12,53,LAD,0.5,0.14285714285714285,0.5217391304347826
2026-04-28,823956,12,4,0,34,10,60,LAD,0.3333333333333333,0.0,0.29411764705882354
2026-04-29,823958,14,4,0,22,7,39,LAD,0.2857142857142857,0.0,0.3181818181818182
2026-05-01,823066,16,3,1,23,5,57,LAD,0.1875,0.0625,0.21739130434782608
2026-05-02,823067,8,1,1,15,0,31,LAD,0.125,0.125,0.0
2026-05-03,823065,11,2,1,20,4,39,LAD,0.18181818181818182,0.09090909090909091,0.2
2026-05-04,824201,12,7,1,25,11,49,LAD,0.5833333333333334,0.08333333333333333,0.44
2026-05-05,824200,3,1,0,6,1,11,LAD,0.3333333333333333,0.0,0.16666666666666666
2026-05-06,824198,27,6,0,43,14,95,LAD,0.2222222222222222,0.0,0.32558139534883723
2026-05-08,823957,18,4,2,37,10,76,LAD,0.2222222222222222,0.1111111111111111,0.2702702702702703
2026-05-09,823955,25,6,2,50,13,95,LAD,0.24,0.08,0.26
2026-05-10,823954,3,0,0,6,1,11,LAD,0.0,0.0,0.16666666666666666
2026-05-11,823953,24,2,4,46,12,94,LAD,0.08333333333333333,0.16666666666666666,0.2608695652173913
2026-05-12,823951,13,3,0,24,7,49,LAD,0.23076923076923078,0.0,0.2916666666666667
2026-05-13,823952,8,2,0,18,3,29,LAD,0.25,0.0,0.16666666666666666
2026-05-14,823950,10,4,1,25,6,47,LAD,0.4,0.1,0.24
2026-05-15,824037,26,9,4,47,11,114,LAD,0.34615384615384615,0.15384615384615385,0.23404255319148937
2026-05-16,824038,13,2,3,21,4,48,LAD,0.15384615384615385,0.23076923076923078,0.19047619047619047
2026-05-17,824034,7,3,0,15,5,29,LAD,0.42857142857142855,0.0,0.3333333333333333
2026-05-18,823301,4,0,0,4,0,6,LAD,0.0,0.0,0.0
2026-05-19,823302,19,4,2,33,11,68,LAD,0.21052631578947367,0.10526315789473684,0.3333333333333333
2026-05-20,823299,13,4,0,26,9,45,LAD,0.3076923076923077,0.0,0.34615384615384615
2026-05-22,823788,11,0,1,16,4,30,LAD,0.0,0.09090909090909091,0.25
2026-05-23,823787,16,7,2,26,10,73,LAD,0.4375,0.125,0.38461538461538464
2026-05-24,823786,6,4,0,14,5,31,LAD,0.6666666666666666,0.0,0.35714285714285715
2026-05-25,823948,11,4,0,24,8,42,LAD,0.36363636363636365,0.0,0.3333333333333333
2026-05-26,823949,18,3,1,27,4,54,LAD,0.16666666666666666,0.05555555555555555,0.14814814814814814
2026-05-27,823947,10,3,0,22,6,40,LAD,0.3,0.0,0.2727272727272727
2026-05-29,823946,8,2,0,17,3,29,LAD,0.25,0.0,0.17647058823529413
2026-05-30,823945,15,4,1,31,14,53,LAD,0.26666666666666666,0.06666666666666667,0.45161290322580644
2026-05-31,823944,15,2,2,35,5,62,LAD,0.13333333333333333,0.13333333333333333,0.14285714285714285
2026-06-01,825078,7,1,0,15,4,21,LAD,0.14285714285714285,0.0,0.26666666666666666
2026-06-02,825079,24,3,5,34,6,93,LAD,0.125,0.20833333333333334,0.17647058823529413
2026-06-03,825077,11,3,1,17,3,44,LAD,0.2727272727272727,0.09090909090909091,0.17647058823529413
2026-06-04,825076,13,4,1,22,6,51,LAD,0.3076923076923077,0.07692307692307693,0.2727272727272727
2026-06-05,823943,8,4,0,15,6,31,LAD,0.5,0.0,0.4
2026-06-06,823942,4,1,0,5,1,14,LAD,0.25,0.0,0.2
2026-06-07,823941,38,12,4,75,19,155,LAD,0.3157894736842105,0.10526315789473684,0.25333333333333335
2026-06-09,823374,14,7,2,32,6,69,LAD,0.5,0.14285714285714285,0.1875
2026-06-10,823372,11,1,2,23,6,45,LAD,0.09090909090909091,0.18181818181818182,0.2608695652173913
2026-06-11,823371,20,9,1,36,11,70,LAD,0.45,0.05,0.3055555555555556
2026-06-12,824588,17,3,4,39,6,78,LAD,0.17647058823529413,0.23529411764705882,0.15384615384615385
2026-06-13,824587,2,0,0,4,0,8,LAD,0.0,0.0,0.0
2026-06-14,824586,13,2,0,24,4,47,LAD,0.15384615384615385,0.0,0.16666666666666666
2026-06-15,823938,11,3,0,19,4,41,LAD,0.2727272727272727,0.0,0.21052631578947367
2026-06-16,823939,9,3,1,16,6,33,LAD,0.3333333333333333,0.1111111111111111,0.375
2026-06-17,823940,12,2,2,21,6,51,LAD,0.16666666666666666,0.16666666666666666,0.2857142857142857
2026-06-19,823936,13,4,1,19,2,42,LAD,0.3076923076923077,0.07692307692307693,0.10526315789473684
2026-06-20,823937,12,5,2,24,9,48,LAD,0.4166666666666667,0.16666666666666666,0.375
2026-06-21,823934,27,5,2,39,9,102,LAD,0.18518518518518517,0.07407407407407407,0.23076923076923078
2026-06-22,823692,28,3,3,56,6,106,LAD,0.10714285714285714,0.10714285714285714,0.10714285714285714
2026-06-23,823690,8,2,0,18,7,27,LAD,0.25,0.0,0.3888888888888889
2026-06-24,823691,14,6,2,25,14,62,LAD,0.42857142857142855,0.14285714285714285,0.56
2026-06-26,823285,18,2,3,22,6,65,LAD,0.1111111111111111,0.16666666666666666,0.2727272727272727
2026-06-27,823283,15,2,2,29,3,61,LAD,0.13333333333333333,0.13333333333333333,0.10344827586206896
2026-06-28,823281,17,5,1,28,10,62,LAD,0.29411764705882354,0.058823529411764705,0.35714285714285715
2026-06-29,824986,13,5,2,20,7,57,LAD,0.38461538461538464,0.15384615384615385,0.35
2026-06-30,824984,7,4,1,14,3,30,LAD,0.5714285714285714,0.14285714285714285,0.21428571428571427
2026-07-01,824985,34,2,2,46,5,94,LAD,0.058823529411764705,0.058823529411764705,0.10869565217391304
2026-03-27,823893,9,4,0,19,6,35,MIA,0.4444444444444444,0.0,0.3157894736842105
2026-03-28,823892,7,2,0,10,3,21,MIA,0.2857142857142857,0.0,0.3
2026-03-29,823891,14,6,0,23,13,47,MIA,0.42857142857142855,0.0,0.5652173913043478
2026-03-30,823890,18,4,2,28,11,64,MIA,0.2222222222222222,0.1111111111111111,0.39285714285714285
2026-03-31,823888,15,8,1,30,12,73,MIA,0.5333333333333333,0.06666666666666667,0.4
2026-04-03,823568,21,6,5,35,13,96,MIA,0.2857142857142857,0.23809523809523808,0.37142857142857144
2026-04-04,823569,21,5,7,28,9,92,MIA,0.23809523809523808,0.3333333333333333,0.32142857142857145
2026-04-05,823566,37,8,7,63,17,163,MIA,0.21621621621621623,0.1891891891891892,0.2698412698412698
2026-04-06,823886,6,1,1,7,2,23,MIA,0.16666666666666666,0.16666666666666666,0.2857142857142857
2026-04-07,823887,11,2,3,21,4,60,MIA,0.18181818181818182,0.2727272727272727,0.19047619047619047
2026-04-08,823885,14,5,0,28,6,62,MIA,0.35714285714285715,0.0,0.21428571428571427
2026-04-09,823884,16,5,1,24,10,49,MIA,0.3125,0.0625,0.4166666666666667
2026-04-10,824297,8,3,0,15,4,34,MIA,0.375,0.0,0.26666666666666666
2026-04-11,824294,13,2,2,19,3,46,MIA,0.15384615384615385,0.15384615384615385,0.15789473684210525
2026-04-12,824293,9,2,1,16,5,37,MIA,0.2222222222222222,0.1111111111111111,0.3125
2026-04-13,824937,20,8,4,34,12,88,MIA,0.4,0.2,0.35294117647058826
2026-04-14,824935,14,2,0,29,5,48,MIA,0.14285714285714285,0.0,0.1724137931034483
2026-04-15,824936,17,3,0,24,1,47,MIA,0.17647058823529413,0.0,0.041666666666666664
2026-04-17,823883,22,7,4,37,12,94,MIA,0.3181818181818182,0.18181818181818182,0.32432432432432434
2026-04-18,823882,20,4,5,25,5,76,MIA,0.2,0.25,0.2
2026-04-19,823881,13,3,2,20,5,53,MIA,0.23076923076923078,0.15384615384615385,0.25
2026-04-20,823879,13,5,0,28,12,56,MIA,0.38461538461538464,0.0,0.42857142857142855
2026-04-21,823880,14,5,1,26,6,59,MIA,0.35714285714285715,0.07142857142857142,0.23076923076923078
2026-04-22,823878,16,7,1,24,6,56,MIA,0.4375,0.0625,0.25
2026-04-24,823232,12,2,1,23,6,45,MIA,0.16666666666666666,0.08333333333333333,0.2608695652173913
2026-04-25,823229,15,1,3,20,2,53,MIA,0.06666666666666667,0.2,0.1
2026-04-26,823230,16,1,3,26,6,50,MIA,0.0625,0.1875,0.23076923076923078
2026-04-27,823961,23,5,4,43,8,97,MIA,0.21739130434782608,0.17391304347826086,0.18604651162790697
2026-04-28,823956,13,0,0,20,1,36,MIA,0.0,0.0,0.05
2026-04-29,823958,11,2,3,13,4,47,MIA,0.18181818181818182,0.2727272727272727,0.3076923076923077
2026-05-01,823877,18,4,1,36,9,78,MIA,0.2222222222222222,0.05555555555555555,0.25
2026-05-02,823876,6,3,0,15,2,28,MIA,0.5,0.0,0.13333333333333333
2026-05-03,823875,23,5,0,41,10,83,MIA,0.21739130434782608,0.0,0.24390243902439024
2026-05-04,823874,13,2,0,29,5,54,MIA,0.15384615384615385,0.0,0.1724137931034483
2026-05-05,823873,18,5,2,29,7,68,MIA,0.2777777777777778,0.1111111111111111,0.2413793103448276
2026-05-06,823872,16,3,2,22,6,64,MIA,0.1875,0.125,0.2727272727272727
2026-05-07,823870,15,3,1,26,7,59,MIA,0.2,0.06666666666666667,0.2692307692307692
2026-05-08,823871,15,4,2,25,10,54,MIA,0.26666666666666666,0.13333333333333333,0.4
2026-05-09,823869,14,2,0,22,6,41,MIA,0.14285714285714285,0.0,0.2727272727272727
2026-05-10,823868,10,2,1,20,5,44,MIA,0.2,0.1,0.25
2026-05-12,823712,10,2,3,16,2,45,MIA,0.2,0.3,0.125
2026-05-13,823710,12,4,1,22,5,45,MIA,0.3333333333333333,0.08333333333333333,0.22727272727272727
2026-05-14,823709,25,4,1,39,7,83,MIA,0.16,0.04,0.1794871794871795
2026-05-15,822983,8,3,0,14,3,30,MIA,0.375,0.0,0.21428571428571427
2026-05-16,822981,18,3,3,27,3,71,MIA,0.16666666666666666,0.16666666666666666,0.1111111111111111
2026-05-17,822982,14,0,2,26,5,55,MIA,0.0,0.14285714285714285,0.19230769230769232
2026-05-18,823867,11,3,1,24,5,47,MIA,0.2727272727272727,0.09090909090909091,0.20833333333333334
2026-05-19,823865,31,9,5,52,10,125,MIA,0.2903225806451613,0.16129032258064516,0.19230769230769232
2026-05-20,823866,16,3,1,28,5,56,MIA,0.1875,0.0625,0.17857142857142858
2026-05-21,823864,15,6,1,34,10,70,MIA,0.4,0.06666666666666667,0.29411764705882354
2026-05-22,823863,10,5,1,19,8,46,MIA,0.5,0.1,0.42105263157894735
2026-05-23,823862,8,3,0,14,3,32,MIA,0.375,0.0,0.21428571428571427
2026-05-24,823861,21,4,3,33,3,80,MIA,0.19047619047619047,0.14285714285714285,0.09090909090909091
2026-05-25,822812,16,5,1,29,9,64,MIA,0.3125,0.0625,0.3103448275862069
2026-05-26,822811,9,2,0,18,2,35,MIA,0.2222222222222222,0.0,0.1111111111111111
2026-05-27,822809,16,4,1,31,6,62,MIA,0.25,0.0625,0.1935483870967742
2026-05-29,823623,13,3,1,20,7,40,MIA,0.23076923076923078,0.07692307692307693,0.35
2026-05-30,823622,14,2,1,24,9,49,MIA,0.14285714285714285,0.07142857142857142,0.375
2026-05-31,823621,33,8,6,49,9,140,MIA,0.24242424242424243,0.18181818181818182,0.1836734693877551
2026-06-01,822730,7,2,1,14,6,29,MIA,0.2857142857142857,0.14285714285714285,0.42857142857142855
2026-06-02,822728,26,8,0,49,8,95,MIA,0.3076923076923077,0.0,0.16326530612244897
2026-06-03,822727,9,2,1,16,4,37,MIA,0.2222222222222222,0.1111111111111111,0.25
2026-06-05,823860,34,5,4,46,10,111,MIA,0.14705882352941177,0.11764705882352941,0.21739130434782608
2026-06-06,823859,30,8,5,54,12,132,MIA,0.26666666666666666,0.16666666666666666,0.2222222222222222
2026-06-07,823857,7,3,0,18,6,41,MIA,0.42857142857142855,0.0,0.3333333333333333
2026-06-09,823858,21,6,6,34,10,88,MIA,0.2857142857142857,0.2857142857142857,0.29411764705882354
2026-06-10,823856,21,6,3,36,8,87,MIA,0.2857142857142857,0.14285714285714285,0.2222222222222222
2026-06-11,823855,15,8,1,25,9,59,MIA,0.5333333333333333,0.06666666666666667,0.36
2026-06-12,823370,4,2,0,9,2,18,MIA,0.5,0.0,0.2222222222222222
2026-06-13,823369,29,7,3,46,15,104,MIA,0.2413793103448276,0.10344827586206896,0.32608695652173914
2026-06-14,823368,12,3,0,20,5,46,MIA,0.25,0.0,0.25
2026-06-15,823452,14,3,1,30,5,62,MIA,0.21428571428571427,0.07142857142857142,0.16666666666666666
2026-06-16,823451,13,3,1,31,10,59,MIA,0.23076923076923078,0.07692307692307693,0.3225806451612903
2026-06-17,823450,10,6,0,21,7,41,MIA,0.6,0.0,0.3333333333333333
2026-06-19,823853,28,4,0,51,8,110,MIA,0.14285714285714285,0.0,0.1568627450980392
2026-06-20,823854,16,5,1,34,9,75,MIA,0.3125,0.0625,0.2647058823529412
2026-06-21,823852,15,0,1,22,0,49,MIA,0.0,0.06666666666666667,0.0
2026-06-22,823851,15,3,2,25,6,60,MIA,0.2,0.13333333333333333,0.24
2026-06-23,823849,13,3,0,24,4,43,MIA,0.23076923076923078,0.0,0.16666666666666666
2026-06-24,823850,16,6,0,31,8,55,MIA,0.375,0.0,0.25806451612903225
2026-06-26,823039,7,2,0,14,3,29,MIA,0.2857142857142857,0.0,0.21428571428571427
2026-06-27,823038,21,5,1,40,9,74,MIA,0.23809523809523808,0.047619047619047616,0.225
2026-06-28,823037,1,1,0,2,1,7,MIA,1.0,0.0,0.5
2026-06-29,824339,13,2,0,27,6,45,MIA,0.15384615384615385,0.0,0.2222222222222222
2026-06-30,824338,16,4,2,28,5,66,MIA,0.25,0.125,0.17857142857142858
2026-07-01,824337,7,1,0,12,2,19,MIA,0.14285714285714285,0.0,0.16666666666666666
2026-03-26,823812,16,9,2,31,11,61,MIL,0.5625,0.125,0.3548387096774194
2026-03-28,823811,17,7,3,31,7,82,MIL,0.4117647058823529,0.17647058823529413,0.22580645161290322
2026-03-29,823810,21,9,1,35,14,81,MIL,0.42857142857142855,0.047619047619047616,0.4
2026-03-30,823809,15,6,1,23,13,54,MIL,0.4,0.06666666666666667,0.5652173913043478
2026-03-31,823807,17,2,2,34,2,71,MIL,0.11764705882352941,0.11764705882352941,0.058823529411764705
2026-04-01,823806,11,4,1,20,7,43,MIL,0.36363636363636365,0.09090909090909091,0.35
2026-04-04,824132,19,6,3,33,6,77,MIL,0.3157894736842105,0.15789473684210525,0.18181818181818182
2026-04-04,824134,30,6,4,48,9,132,MIL,0.2,0.13333333333333333,0.1875
2026-04-05,824131,18,3,2,27,7,61,MIL,0.16666666666666666,0.1111111111111111,0.25925925925925924
2026-04-06,824783,14,0,1,17,2,54,MIL,0.0,0.07142857142857142,0.11764705882352941
2026-04-07,824780,10,1,1,19,4,42,MIL,0.1,0.1,0.21052631578947367
2026-04-08,824779,24,4,4,36,10,83,MIL,0.16666666666666666,0.16666666666666666,0.2777777777777778
2026-04-10,823808,29,2,2,46,6,102,MIL,0.06896551724137931,0.06896551724137931,0.13043478260869565
2026-04-11,823805,19,4,4,33,5,82,MIL,0.21052631578947367,0.21052631578947367,0.15151515151515152
2026-04-12,823804,19,1,1,30,3,66,MIL,0.05263157894736842,0.05263157894736842,0.1
2026-04-14,823802,21,2,1,33,5,67,MIL,0.09523809523809523,0.047619047619047616,0.15151515151515152
2026-04-15,823803,10,4,1,18,9,41,MIL,0.4,0.1,0.5
2026-04-16,823801,9,2,0,16,4,33,MIL,0.2222222222222222,0.0,0.25
2026-04-17,823883,20,5,4,39,12,94,MIL,0.25,0.2,0.3076923076923077
2026-04-18,823882,11,0,0,18,2,37,MIL,0.0,0.0,0.1111111111111111
2026-04-19,823881,15,4,2,23,8,57,MIL,0.26666666666666666,0.13333333333333333,0.34782608695652173
2026-04-21,824290,24,6,2,42,11,100,MIL,0.25,0.08333333333333333,0.2619047619047619
2026-04-22,824286,28,4,1,59,14,115,MIL,0.14285714285714285,0.03571428571428571,0.23728813559322035
2026-04-23,824288,13,4,1,21,3,60,MIL,0.3076923076923077,0.07692307692307693,0.14285714285714285
2026-04-24,823800,19,2,1,42,8,71,MIL,0.10526315789473684,0.05263157894736842,0.19047619047619047
2026-04-25,823799,16,6,1,24,9,49,MIL,0.375,0.0625,0.375
2026-04-26,823797,14,6,3,29,12,67,MIL,0.42857142857142855,0.21428571428571427,0.41379310344827586
2026-04-28,823798,14,3,0,25,4,45,MIL,0.21428571428571427,0.0,0.16
2026-04-29,823796,21,5,2,41,10,91,MIL,0.23809523809523808,0.09523809523809523,0.24390243902439024
2026-04-30,823795,28,11,1,59,16,110,MIL,0.39285714285714285,0.03571428571428571,0.2711864406779661
2026-05-01,822744,15,5,3,23,6,60,MIL,0.3333333333333333,0.2,0.2608695652173913
2026-05-02,822746,12,1,0,26,1,52,MIL,0.08333333333333333,0.0,0.038461538461538464
2026-05-03,822742,10,1,1,13,0,28,MIL,0.1,0.1,0.0
2026-05-04,823064,19,5,1,40,12,81,MIL,0.2631578947368421,0.05263157894736842,0.3
2026-05-06,823063,19,4,1,36,9,76,MIL,0.21052631578947367,0.05263157894736842,0.25
2026-05-08,823794,10,3,0,17,7,40,MIL,0.3,0.0,0.4117647058823529
2026-05-09,823792,21,9,2,37,11,95,MIL,0.42857142857142855,0.09523809523809523,0.2972972972972973
2026-05-10,823793,17,5,4,23,6,65,MIL,0.29411764705882354,0.23529411764705882,0.2608695652173913
2026-05-12,823790,14,7,1,32,11,57,MIL,0.5,0.07142857142857142,0.34375
2026-05-13,823791,9,3,1,18,8,33,MIL,0.3333333333333333,0.1111111111111111,0.4444444444444444
2026-05-14,823789,18,3,3,34,8,69,MIL,0.16666666666666666,0.16666666666666666,0.23529411764705882
2026-05-15,823707,15,3,1,26,7,50,MIL,0.2,0.06666666666666667,0.2692307692307692
2026-05-16,823706,13,3,0,31,7,52,MIL,0.23076923076923078,0.0,0.22580645161290322
2026-05-17,823708,15,5,1,25,8,69,MIL,0.3333333333333333,0.06666666666666667,0.32
2026-05-18,824680,16,5,0,28,9,42,MIL,0.3125,0.0,0.32142857142857145
2026-05-19,824677,14,5,1,22,8,58,MIL,0.35714285714285715,0.07142857142857142,0.36363636363636365
2026-05-20,824678,6,2,1,11,4,27,MIL,0.3333333333333333,0.16666666666666666,0.36363636363636365
2026-05-22,823788,18,2,3,45,6,93,MIL,0.1111111111111111,0.16666666666666666,0.13333333333333333
2026-05-23,823787,26,1,7,39,4,104,MIL,0.038461538461538464,0.2692307692307692,0.10256410256410256
2026-05-24,823786,19,5,2,40,8,78,MIL,0.2631578947368421,0.10526315789473684,0.2
2026-05-25,823784,6,1,0,9,2,21,MIL,0.16666666666666666,0.0,0.2222222222222222
2026-05-26,823785,12,3,1,19,2,44,MIL,0.25,0.08333333333333333,0.10526315789473684
2026-05-27,823783,18,4,1,29,7,70,MIL,0.2222222222222222,0.05555555555555555,0.2413793103448276
2026-05-29,824191,23,8,2,42,13,97,MIL,0.34782608695652173,0.08695652173913043,0.30952380952380953
2026-05-30,824190,19,4,2,42,10,86,MIL,0.21052631578947367,0.10526315789473684,0.23809523809523808
2026-05-31,824187,6,3,0,13,6,25,MIL,0.5,0.0,0.46153846153846156
2026-06-01,823781,19,5,3,33,8,76,MIL,0.2631578947368421,0.15789473684210525,0.24242424242424243
2026-06-02,823782,16,2,0,37,6,53,MIL,0.125,0.0,0.16216216216216217
2026-06-03,823780,16,3,2,26,5,49,MIL,0.1875,0.125,0.19230769230769232
2026-06-04,823779,31,3,0,55,9,113,MIL,0.0967741935483871,0.0,0.16363636363636364
2026-06-05,824350,23,6,4,35,9,85,MIL,0.2608695652173913,0.17391304347826086,0.2571428571428571
2026-06-06,824351,8,3,1,21,6,36,MIL,0.375,0.125,0.2857142857142857
2026-06-07,824349,9,3,0,24,3,39,MIL,0.3333333333333333,0.0,0.125
2026-06-08,824998,40,16,1,66,19,140,MIL,0.4,0.025,0.2878787878787879
2026-06-09,824999,14,1,1,24,3,46,MIL,0.07142857142857142,0.07142857142857142,0.125
2026-06-10,824996,12,2,1,19,5,45,MIL,0.16666666666666666,0.08333333333333333,0.2631578947368421
2026-06-13,823776,24,8,2,45,16,103,MIL,0.3333333333333333,0.08333333333333333,0.35555555555555557
2026-06-14,823777,11,3,0,23,4,49,MIL,0.2727272727272727,0.0,0.17391304347826086
2026-06-16,823775,15,6,3,26,12,64,MIL,0.4,0.2,0.46153846153846156
2026-06-17,823774,18,7,1,40,11,73,MIL,0.3888888888888889,0.05555555555555555,0.275
2026-06-18,823772,21,6,5,35,16,91,MIL,0.2857142857142857,0.23809523809523808,0.45714285714285713
2026-06-19,824910,8,3,0,13,5,26,MIL,0.375,0.0,0.38461538461538464
2026-06-20,824909,8,2,0,18,3,30,MIL,0.25,0.0,0.16666666666666666
2026-06-21,824908,11,2,0,23,7,40,MIL,0.18181818181818182,0.0,0.30434782608695654
2026-06-22,824502,13,4,0,24,8,49,MIL,0.3076923076923077,0.0,0.3333333333333333
2026-06-23,824501,9,3,0,16,6,42,MIL,0.3333333333333333,0.0,0.375
2026-06-24,824500,28,1,8,48,4,116,MIL,0.03571428571428571,0.2857142857142857,0.08333333333333333
2026-06-26,823773,13,0,3,24,2,54,MIL,0.0,0.23076923076923078,0.08333333333333333
2026-06-27,823770,21,2,4,47,7,89,MIL,0.09523809523809523,0.19047619047619047,0.14893617021276595
2026-06-28,823769,21,6,3,34,9,86,MIL,0.2857142857142857,0.14285714285714285,0.2647058823529412
2026-06-29,823771,13,5,0,26,7,46,MIL,0.38461538461538464,0.0,0.2692307692307692
2026-06-30,823768,12,3,0,21,5,45,MIL,0.25,0.0,0.23809523809523808
2026-07-01,823767,11,3,0,16,4,36,MIL,0.2727272727272727,0.0,0.25
2026-03-26,824865,13,1,1,18,2,45,MIN,0.07692307692307693,0.07692307692307693,0.1111111111111111
2026-03-28,824862,20,7,3,27,10,77,MIN,0.35,0.15,0.37037037037037035
2026-03-29,824864,21,4,3,43,11,88,MIN,0.19047619047619047,0.14285714285714285,0.2558139534883721
2026-03-30,824135,12,5,1,20,6,50,MIN,0.4166666666666667,0.08333333333333333,0.3
2026-04-01,824136,24,5,5,37,8,95,MIN,0.20833333333333334,0.20833333333333334,0.21621621621621623
2026-04-02,824133,12,3,1,21,4,43,MIN,0.25,0.08333333333333333,0.19047619047619047
2026-04-03,823732,21,3,1,35,4,83,MIN,0.14285714285714285,0.047619047619047616,0.11428571428571428
2026-04-04,823730,21,2,2,31,5,81,MIN,0.09523809523809523,0.09523809523809523,0.16129032258064516
2026-04-05,823729,15,1,3,22,4,57,MIN,0.06666666666666667,0.2,0.18181818181818182
2026-04-06,823728,16,4,4,18,4,63,MIN,0.25,0.25,0.2222222222222222
2026-04-07,823727,14,4,3,21,5,57,MIN,0.2857142857142857,0.21428571428571427,0.23809523809523808
2026-04-08,823726,20,4,1,33,4,86,MIN,0.2,0.05,0.12121212121212122
2026-04-09,823724,11,3,0,23,6,49,MIN,0.2727272727272727,0.0,0.2608695652173913
2026-04-10,822829,21,2,1,43,7,78,MIN,0.09523809523809523,0.047619047619047616,0.16279069767441862
2026-04-11,822830,10,0,1,21,0,39,MIN,0.0,0.1,0.0
2026-04-12,822828,18,2,0,53,11,79,MIN,0.1111111111111111,0.0,0.20754716981132076
2026-04-13,823725,14,3,3,23,6,56,MIN,0.21428571428571427,0.21428571428571427,0.2608695652173913
2026-04-14,823723,9,2,1,19,1,37,MIN,0.2222222222222222,0.1111111111111111,0.05263157894736842
2026-04-15,823722,16,4,1,30,6,63,MIN,0.25,0.0625,0.2
2026-04-17,823720,10,2,1,13,2,39,MIN,0.2,0.1,0.15384615384615385
2026-04-18,823721,15,2,0,24,8,47,MIN,0.13333333333333333,0.0,0.3333333333333333
2026-04-19,823718,19,4,2,32,7,88,MIN,0.21052631578947367,0.10526315789473684,0.21875
2026-04-21,823640,12,6,0,35,12,58,MIN,0.5,0.0,0.34285714285714286
2026-04-22,823641,17,2,5,35,7,75,MIN,0.11764705882352941,0.29411764705882354,0.2
2026-04-23,823639,13,4,1,23,5,46,MIN,0.3076923076923077,0.07692307692307693,0.21739130434782608
2026-04-24,822992,5,2,0,7,1,17,MIN,0.4,0.0,0.14285714285714285
2026-04-25,822989,12,3,1,21,3,42,MIN,0.25,0.08333333333333333,0.14285714285714285
2026-04-26,822991,12,2,1,21,2,46,MIN,0.16666666666666666,0.08333333333333333,0.09523809523809523
2026-04-27,823719,16,2,2,22,3,54,MIN,0.125,0.125,0.13636363636363635
2026-04-28,823716,17,1,1,26,3,51,MIN,0.058823529411764705,0.058823529411764705,0.11538461538461539
2026-04-29,823717,12,3,3,28,5,63,MIN,0.25,0.25,0.17857142857142858
2026-04-30,823714,11,0,1,23,2,45,MIN,0.0,0.09090909090909091,0.08695652173913043
2026-05-01,823713,16,1,1,29,6,50,MIN,0.0625,0.0625,0.20689655172413793
2026-05-02,823715,22,1,3,30,4,72,MIN,0.045454545454545456,0.13636363636363635,0.13333333333333333
2026-05-03,823711,39,8,2,60,16,133,MIN,0.20512820512820512,0.05128205128205128,0.26666666666666666
2026-05-05,822743,11,2,1,20,4,48,MIN,0.18181818181818182,0.09090909090909091,0.2
2026-05-06,822740,20,4,3,38,10,77,MIN,0.2,0.15,0.2631578947368421
2026-05-07,822741,17,3,2,39,8,77,MIN,0.17647058823529413,0.11764705882352941,0.20512820512820512
2026-05-08,824443,15,0,1,26,4,62,MIN,0.0,0.06666666666666667,0.15384615384615385
2026-05-09,824444,21,2,4,32,3,80,MIN,0.09523809523809523,0.19047619047619047,0.09375
2026-05-10,824440,40,9,6,59,14,152,MIN,0.225,0.15,0.23728813559322035
2026-05-13,823710,24,6,1,44,9,82,MIN,0.25,0.041666666666666664,0.20454545454545456
2026-05-14,823709,9,3,2,16,4,41,MIN,0.3333333333333333,0.2222222222222222,0.25
2026-05-15,823707,15,1,0,33,5,62,MIN,0.06666666666666667,0.0,0.15151515151515152
2026-05-16,823706,13,1,1,17,4,37,MIN,0.07692307692307693,0.07692307692307693,0.23529411764705882
2026-05-17,823708,19,4,3,25,4,71,MIN,0.21052631578947367,0.15789473684210525,0.16
2026-05-18,823705,25,3,5,36,8,106,MIN,0.12,0.2,0.2222222222222222
2026-05-19,823704,9,1,0,17,2,35,MIN,0.1111111111111111,0.0,0.11764705882352941
2026-05-20,823703,10,6,0,22,10,46,MIN,0.6,0.0,0.45454545454545453
2026-05-22,824761,18,6,2,29,9,70,MIN,0.3333333333333333,0.1111111111111111,0.3103448275862069
2026-05-23,824760,19,4,4,31,9,83,MIN,0.21052631578947367,0.21052631578947367,0.2903225806451613
2026-05-24,824759,16,4,1,28,2,56,MIN,0.25,0.0625,0.07142857142857142
2026-05-25,824598,8,1,1,15,2,35,MIN,0.125,0.125,0.13333333333333333
2026-05-26,824597,12,3,0,23,6,52,MIN,0.25,0.0,0.2608695652173913
2026-05-27,824596,23,3,4,29,8,76,MIN,0.13043478260869565,0.17391304347826086,0.27586206896551724
2026-05-28,824595,20,6,1,37,6,79,MIN,0.3,0.05,0.16216216216216217
2026-05-29,823377,20,7,3,38,8,84,MIN,0.35,0.15,0.21052631578947367
2026-05-30,823375,18,1,5,26,3,66,MIN,0.05555555555555555,0.2777777777777778,0.11538461538461539
2026-05-31,823373,17,3,3,30,5,65,MIN,0.17647058823529413,0.17647058823529413,0.16666666666666666
2026-06-01,823702,13,2,1,25,2,50,MIN,0.15384615384615385,0.07692307692307693,0.08
2026-06-02,823700,13,7,1,26,12,53,MIN,0.5384615384615384,0.07692307692307693,0.46153846153846156
2026-06-03,823701,24,5,3,39,10,83,MIN,0.20833333333333334,0.125,0.2564102564102564
2026-06-04,823698,35,5,5,54,7,127,MIN,0.14285714285714285,0.14285714285714285,0.12962962962962962
2026-06-05,823699,9,2,0,18,3,30,MIN,0.2222222222222222,0.0,0.16666666666666666
2026-06-06,823697,13,1,1,21,4,46,MIN,0.07692307692307693,0.07692307692307693,0.19047619047619047
2026-06-07,823696,21,8,2,39,8,90,MIN,0.38095238095238093,0.09523809523809523,0.20512820512820512
2026-06-09,824267,18,5,3,29,8,78,MIN,0.2777777777777778,0.16666666666666666,0.27586206896551724
2026-06-10,824266,28,10,4,63,16,141,MIN,0.35714285714285715,0.14285714285714285,0.25396825396825395
2026-06-11,824265,12,1,2,24,3,47,MIN,0.08333333333333333,0.16666666666666666,0.125
2026-06-12,823695,18,3,3,29,4,71,MIN,0.16666666666666666,0.16666666666666666,0.13793103448275862
2026-06-13,823694,15,3,1,25,5,61,MIN,0.2,0.06666666666666667,0.2
2026-06-14,823693,10,4,1,14,6,38,MIN,0.4,0.1,0.42857142857142855
2026-06-15,822887,14,5,0,17,3,46,MIN,0.35714285714285715,0.0,0.17647058823529413
2026-06-16,822888,7,4,1,14,8,33,MIN,0.5714285714285714,0.14285714285714285,0.5714285714285714
2026-06-18,822889,20,3,1,30,4,70,MIN,0.15,0.05,0.13333333333333333
2026-06-19,825069,11,4,1,27,8,47,MIN,0.36363636363636365,0.09090909090909091,0.2962962962962963
2026-06-20,825068,22,4,5,28,3,83,MIN,0.18181818181818182,0.22727272727272727,0.10714285714285714
2026-06-21,825067,14,3,2,24,5,61,MIN,0.21428571428571427,0.14285714285714285,0.20833333333333334
2026-06-22,823692,12,3,0,19,6,47,MIN,0.25,0.0,0.3157894736842105
2026-06-23,823690,42,6,4,80,15,164,MIN,0.14285714285714285,0.09523809523809523,0.1875
2026-06-24,823691,11,2,0,15,1,41,MIN,0.18181818181818182,0.0,0.06666666666666667
2026-06-26,823688,18,1,1,33,8,51,MIN,0.05555555555555555,0.05555555555555555,0.24242424242424243
2026-06-27,823689,18,2,3,33,8,78,MIN,0.1111111111111111,0.16666666666666666,0.24242424242424243
2026-06-28,823686,12,4,0,16,4,34,MIN,0.3333333333333333,0.0,0.25
2026-06-29,824176,9,1,2,17,2,43,MIN,0.1111111111111111,0.2222222222222222,0.11764705882352941
2026-06-30,824175,15,4,0,22,4,48,MIN,0.26666666666666666,0.0,0.18181818181818182
2026-07-01,824174,19,2,1,39,8,73,MIN,0.10526315789473684,0.05263157894736842,0.20512820512820512
2026-03-26,823649,16,3,0,30,9,59,NYM,0.1875,0.0,0.3
2026-03-28,823651,25,6,2,41,11,90,NYM,0.24,0.08,0.2682926829268293
2026-03-29,823647,23,4,6,37,10,91,NYM,0.17391304347826086,0.2608695652173913,0.2702702702702703
2026-03-30,823080,11,4,0,21,9,43,NYM,0.36363636363636365,0.0,0.42857142857142855
2026-03-31,823077,9,2,0,15,3,33,NYM,0.2222222222222222,0.0,0.2
2026-04-01,823078,19,6,1,36,10,78,NYM,0.3157894736842105,0.05263157894736842,0.2777777777777778
2026-04-02,823242,17,2,2,32,5,74,NYM,0.11764705882352941,0.11764705882352941,0.15625
2026-04-03,823240,16,4,1,46,7,82,NYM,0.25,0.0625,0.15217391304347827
2026-04-04,823239,6,1,0,17,1,30,NYM,0.16666666666666666,0.0,0.058823529411764705
2026-04-05,823238,11,1,0,24,2,43,NYM,0.09090909090909091,0.0,0.08333333333333333
2026-04-07,823648,22,5,0,39,10,86,NYM,0.22727272727272727,0.0,0.2564102564102564
2026-04-08,823646,18,2,2,36,6,70,NYM,0.1111111111111111,0.1111111111111111,0.16666666666666666
2026-04-09,823645,15,1,1,26,4,55,NYM,0.06666666666666667,0.06666666666666667,0.15384615384615385
2026-04-10,823643,14,1,0,22,3,41,NYM,0.07142857142857142,0.0,0.13636363636363635
2026-04-11,823644,28,8,2,51,14,106,NYM,0.2857142857142857,0.07142857142857142,0.27450980392156865
2026-04-12,823642,9,4,0,22,6,41,NYM,0.4444444444444444,0.0,0.2727272727272727
2026-04-13,823964,12,5,1,30,2,60,NYM,0.4166666666666667,0.08333333333333333,0.06666666666666667
2026-04-14,823965,6,1,1,5,1,19,NYM,0.16666666666666666,0.16666666666666666,0.2
2026-04-15,823963,18,4,1,31,6,64,NYM,0.2222222222222222,0.05555555555555555,0.1935483870967742
2026-04-17,824693,24,3,1,39,5,87,NYM,0.125,0.041666666666666664,0.1282051282051282
2026-04-18,824694,9,0,1,15,3,31,NYM,0.0,0.1111111111111111,0.2
2026-04-19,824691,31,6,2,44,9,113,NYM,0.1935483870967742,0.06451612903225806,0.20454545454545456
2026-04-21,823640,12,5,3,23,13,49,NYM,0.4166666666666667,0.25,0.5652173913043478
2026-04-22,823641,10,4,2,20,7,46,NYM,0.4,0.2,0.35
2026-04-23,823639,37,8,2,63,15,136,NYM,0.21621621621621623,0.05405405405405406,0.23809523809523808
2026-04-24,823638,15,7,1,32,9,61,NYM,0.4666666666666667,0.06666666666666667,0.28125
2026-04-26,823635,13,2,1,28,7,52,NYM,0.15384615384615385,0.07692307692307693,0.25
2026-04-26,823637,22,8,3,42,13,83,NYM,0.36363636363636365,0.13636363636363635,0.30952380952380953
2026-04-28,823636,10,5,1,18,8,39,NYM,0.5,0.1,0.4444444444444444
2026-04-29,823633,30,10,3,53,18,123,NYM,0.3333333333333333,0.1,0.33962264150943394
2026-04-30,823634,12,3,0,20,6,39,NYM,0.25,0.0,0.3
2026-05-01,824041,12,6,0,27,10,50,NYM,0.5,0.0,0.37037037037037035
2026-05-02,824042,26,2,2,50,10,90,NYM,0.07692307692307693,0.07692307692307693,0.2
2026-05-03,824043,9,5,0,20,10,32,NYM,0.5555555555555556,0.0,0.5
2026-05-04,824363,29,11,0,69,17,116,NYM,0.3793103448275862,0.0,0.2463768115942029
2026-05-06,824361,22,7,1,40,9,81,NYM,0.3181818181818182,0.045454545454545456,0.225
2026-05-07,824362,18,4,5,33,5,75,NYM,0.2222222222222222,0.2777777777777778,0.15151515151515152
2026-05-08,825088,16,4,2,26,7,53,NYM,0.25,0.125,0.2692307692307692
2026-05-09,825089,10,2,2,13,2,36,NYM,0.2,0.2,0.15384615384615385
2026-05-10,825085,30,7,1,49,12,109,NYM,0.23333333333333334,0.03333333333333333,0.24489795918367346
2026-05-12,823632,14,4,2,27,7,59,NYM,0.2857142857142857,0.14285714285714285,0.25925925925925924
2026-05-13,823631,20,5,3,38,4,80,NYM,0.25,0.15,0.10526315789473684
2026-05-14,823630,7,2,0,17,4,29,NYM,0.2857142857142857,0.0,0.23529411764705882
2026-05-15,823629,18,3,2,31,5,75,NYM,0.16666666666666666,0.1111111111111111,0.16129032258064516
2026-05-16,823627,37,12,3,63,18,131,NYM,0.32432432432432434,0.08108108108108109,0.2857142857142857
2026-05-17,823628,22,4,3,32,7,71,NYM,0.18181818181818182,0.13636363636363635,0.21875
2026-05-18,822734,39,5,5,69,15,145,NYM,0.1282051282051282,0.1282051282051282,0.21739130434782608
2026-05-19,822736,8,1,0,18,3,28,NYM,0.125,0.0,0.16666666666666666
2026-05-20,822735,16,2,0,29,8,54,NYM,0.125,0.0,0.27586206896551724
2026-05-21,822733,14,4,1,26,7,52,NYM,0.2857142857142857,0.07142857142857142,0.2692307692307692
2026-05-22,823863,24,5,1,43,10,93,NYM,0.20833333333333334,0.041666666666666664,0.23255813953488372
2026-05-23,823862,3,0,0,8,1,12,NYM,0.0,0.0,0.125
2026-05-24,823861,15,1,2,22,3,50,NYM,0.06666666666666667,0.13333333333333333,0.13636363636363635
2026-05-25,823625,20,9,2,46,14,96,NYM,0.45,0.1,0.30434782608695654
2026-05-26,823624,18,8,2,42,13,84,NYM,0.4444444444444444,0.1111111111111111,0.30952380952380953
2026-05-27,823626,41,6,8,67,13,158,NYM,0.14634146341463414,0.1951219512195122,0.19402985074626866
2026-05-29,823623,22,4,1,34,7,62,NYM,0.18181818181818182,0.045454545454545456,0.20588235294117646
2026-05-30,823622,14,7,1,21,9,56,NYM,0.5,0.07142857142857142,0.42857142857142855
2026-05-31,823621,15,3,1,25,7,51,NYM,0.2,0.06666666666666667,0.28
2026-06-01,823131,29,9,1,58,20,124,NYM,0.3103448275862069,0.034482758620689655,0.3448275862068966
2026-06-02,823129,32,8,3,69,19,130,NYM,0.25,0.09375,0.2753623188405797
2026-06-03,823130,10,3,1,15,4,36,NYM,0.3,0.1,0.26666666666666666
2026-06-05,823293,11,2,0,21,5,38,NYM,0.18181818181818182,0.0,0.23809523809523808
2026-06-06,823292,8,1,0,18,6,34,NYM,0.125,0.0,0.3333333333333333
2026-06-07,823291,34,7,2,57,13,131,NYM,0.20588235294117646,0.058823529411764705,0.22807017543859648
2026-06-09,823620,12,1,0,14,1,28,NYM,0.08333333333333333,0.0,0.07142857142857142
2026-06-10,823618,35,6,2,57,11,126,NYM,0.17142857142857143,0.05714285714285714,0.19298245614035087
2026-06-11,823619,14,3,1,34,10,61,NYM,0.21428571428571427,0.07142857142857142,0.29411764705882354
2026-06-12,823617,21,7,0,49,11,89,NYM,0.3333333333333333,0.0,0.22448979591836735
2026-06-13,823616,12,4,0,27,11,53,NYM,0.3333333333333333,0.0,0.4074074074074074
2026-06-14,823615,14,2,2,25,3,50,NYM,0.14285714285714285,0.14285714285714285,0.12
2026-06-15,824505,28,5,2,50,9,109,NYM,0.17857142857142858,0.07142857142857142,0.18
2026-06-16,824504,16,8,1,29,8,72,NYM,0.5,0.0625,0.27586206896551724
2026-06-17,824503,10,0,1,13,2,31,NYM,0.0,0.1,0.15384615384615385
2026-06-18,823448,15,5,2,38,9,67,NYM,0.3333333333333333,0.13333333333333333,0.23684210526315788
2026-06-20,823447,23,4,0,48,10,83,NYM,0.17391304347826086,0.0,0.20833333333333334
2026-06-21,823449,16,2,1,32,7,67,NYM,0.125,0.0625,0.21875
2026-06-23,823614,21,3,2,37,4,88,NYM,0.14285714285714285,0.09523809523809523,0.10810810810810811
2026-06-24,823611,27,7,2,52,6,108,NYM,0.25925925925925924,0.07407407407407407,0.11538461538461539
2026-06-24,823613,14,5,2,22,7,58,NYM,0.35714285714285715,0.14285714285714285,0.3181818181818182
2026-06-25,823612,15,7,1,32,13,65,NYM,0.4666666666666667,0.06666666666666667,0.40625
2026-06-26,823610,13,2,1,21,6,39,NYM,0.15384615384615385,0.07692307692307693,0.2857142857142857
2026-06-27,823609,16,4,1,34,10,61,NYM,0.25,0.0625,0.29411764705882354
2026-06-28,823608,35,7,1,86,16,139,NYM,0.2,0.02857142857142857,0.18604651162790697
2026-06-29,822792,10,4,2,12,3,39,NYM,0.4,0.2,0.25
2026-06-30,822793,10,2,0,21,5,39,NYM,0.2,0.0,0.23809523809523808
2026-07-01,822791,16,3,2,30,5,60,NYM,0.1875,0.125,0.16666666666666666
2026-03-25,823244,11,2,1,18,8,35,NYY,0.18181818181818182,0.09090909090909091,0.4444444444444444
2026-03-27,823243,13,5,2,28,7,53,NYY,0.38461538461538464,0.15384615384615385,0.25
2026-03-28,823241,16,5,1,32,7,63,NYY,0.3125,0.0625,0.21875
2026-03-30,823159,19,4,1,27,10,65,NYY,0.21052631578947367,0.05263157894736842,0.37037037037037035
2026-03-31,823158,7,1,0,11,4,17,NYY,0.14285714285714285,0.0,0.36363636363636365
2026-04-01,823157,14,3,1,38,7,71,NYY,0.21428571428571427,0.07142857142857142,0.18421052631578946
2026-04-03,823568,10,4,0,14,4,33,NYY,0.4,0.0,0.2857142857142857
2026-04-04,823569,27,6,1,49,12,113,NYY,0.2222222222222222,0.037037037037037035,0.24489795918367346
2026-04-05,823566,12,5,2,18,9,49,NYY,0.4166666666666667,0.16666666666666666,0.5
2026-04-07,823567,17,6,4,23,12,66,NYY,0.35294117647058826,0.23529411764705882,0.5217391304347826
2026-04-08,823564,18,4,0,35,6,64,NYY,0.2222222222222222,0.0,0.17142857142857143
2026-04-09,823565,4,1,0,12,2,19,NYY,0.25,0.0,0.16666666666666666
2026-04-10,822997,20,3,2,34,4,72,NYY,0.15,0.1,0.11764705882352941
2026-04-11,822996,9,2,0,15,6,30,NYY,0.2222222222222222,0.0,0.4
2026-04-12,822998,13,1,0,20,0,40,NYY,0.07692307692307693,0.0,0.0
2026-04-13,823563,26,2,2,46,9,100,NYY,0.07692307692307693,0.07692307692307693,0.1956521739130435
2026-04-14,823562,21,2,4,38,3,86,NYY,0.09523809523809523,0.19047619047619047,0.07894736842105263
2026-04-15,823561,13,2,0,19,4,39,NYY,0.15384615384615385,0.0,0.21052631578947367
2026-04-16,823560,22,4,3,42,14,91,NYY,0.18181818181818182,0.13636363636363635,0.3333333333333333
2026-04-17,823559,11,4,1,21,8,44,NYY,0.36363636363636365,0.09090909090909091,0.38095238095238093
2026-04-18,823558,9,1,1,16,2,32,NYY,0.1111111111111111,0.1111111111111111,0.125
2026-04-19,823556,8,1,1,10,1,34,NYY,0.125,0.125,0.1
2026-04-21,824773,10,2,0,18,2,42,NYY,0.2,0.0,0.1111111111111111
2026-04-22,824774,5,0,0,12,3,26,NYY,0.0,0.0,0.25
2026-04-23,824770,3,0,0,5,1,11,NYY,0.0,0.0,0.2
2026-04-24,824204,14,5,1,27,7,57,NYY,0.35714285714285715,0.07142857142857142,0.25925925925925924
2026-04-25,824203,14,5,2,21,5,45,NYY,0.35714285714285715,0.14285714285714285,0.23809523809523808
2026-04-26,824202,14,4,0,30,7,54,NYY,0.2857142857142857,0.0,0.23333333333333334
2026-04-27,822906,15,3,2,27,8,58,NYY,0.2,0.13333333333333333,0.2962962962962963
2026-04-28,822908,16,3,2,29,13,58,NYY,0.1875,0.125,0.4482758620689655
2026-04-29,822907,14,3,0,29,6,61,NYY,0.21428571428571427,0.0,0.20689655172413793
2026-05-01,823557,9,3,1,15,5,36,NYY,0.3333333333333333,0.1111111111111111,0.3333333333333333
2026-05-02,823554,15,3,3,21,2,65,NYY,0.2,0.2,0.09523809523809523
2026-05-03,823555,12,3,0,24,8,51,NYY,0.25,0.0,0.3333333333333333
2026-05-04,823552,13,4,0,26,6,42,NYY,0.3076923076923077,0.0,0.23076923076923078
2026-05-05,823553,19,6,1,35,13,72,NYY,0.3157894736842105,0.05263157894736842,0.37142857142857144
2026-05-06,823550,18,7,2,43,11,83,NYY,0.3888888888888889,0.1111111111111111,0.2558139534883721
2026-05-07,823551,34,4,5,57,11,125,NYY,0.11764705882352941,0.14705882352941177,0.19298245614035087
2026-05-08,823794,8,2,0,15,1,29,NYY,0.25,0.0,0.06666666666666667
2026-05-09,823792,18,2,2,29,6,66,NYY,0.1111111111111111,0.1111111111111111,0.20689655172413793
2026-05-10,823793,17,8,1,28,9,62,NYY,0.47058823529411764,0.058823529411764705,0.32142857142857145
2026-05-11,824844,7,2,0,14,4,29,NYY,0.2857142857142857,0.0,0.2857142857142857
2026-05-12,824843,12,2,0,24,4,43,NYY,0.16666666666666666,0.0,0.16666666666666666
2026-05-13,824841,23,5,2,40,9,91,NYY,0.21739130434782608,0.08695652173913043,0.225
2026-05-15,823629,10,1,1,19,4,36,NYY,0.1,0.1,0.21052631578947367
2026-05-16,823627,19,5,2,38,9,85,NYY,0.2631578947368421,0.10526315789473684,0.23684210526315788
2026-05-17,823628,26,2,3,47,9,100,NYY,0.07692307692307693,0.11538461538461539,0.19148936170212766
2026-05-18,823549,15,6,3,36,14,77,NYY,0.4,0.2,0.3888888888888889
2026-05-19,823548,18,4,2,38,8,74,NYY,0.2222222222222222,0.1111111111111111,0.21052631578947367
2026-05-20,823547,9,4,0,15,5,25,NYY,0.4444444444444444,0.0,0.3333333333333333
2026-05-21,823545,16,3,0,29,5,56,NYY,0.1875,0.0,0.1724137931034483
2026-05-22,823546,16,5,0,27,6,61,NYY,0.3125,0.0,0.2222222222222222
2026-05-24,823544,10,2,1,15,2,35,NYY,0.2,0.1,0.13333333333333333
2026-05-25,824107,13,2,2,17,3,46,NYY,0.15384615384615385,0.15384615384615385,0.17647058823529413
2026-05-26,824106,12,0,1,24,4,44,NYY,0.0,0.08333333333333333,0.16666666666666666
2026-05-27,824104,7,0,0,13,5,28,NYY,0.0,0.0,0.38461538461538464
2026-05-29,825002,14,1,2,23,4,51,NYY,0.07142857142857142,0.14285714285714285,0.17391304347826086
2026-05-30,825000,6,1,0,12,4,22,NYY,0.16666666666666666,0.0,0.3333333333333333
2026-05-31,825001,18,1,2,35,6,60,NYY,0.05555555555555555,0.1111111111111111,0.17142857142857143
2026-06-02,823541,22,9,2,60,16,106,NYY,0.4090909090909091,0.09090909090909091,0.26666666666666666
2026-06-03,823540,13,5,0,19,9,40,NYY,0.38461538461538464,0.0,0.47368421052631576
2026-06-04,823542,10,1,1,23,6,41,NYY,0.1,0.1,0.2608695652173913
2026-06-05,823538,9,4,0,16,5,30,NYY,0.4444444444444444,0.0,0.3125
2026-06-07,823537,11,1,0,23,5,42,NYY,0.09090909090909091,0.0,0.21739130434782608
2026-06-08,824427,25,7,4,51,17,112,NYY,0.28,0.16,0.3333333333333333
2026-06-09,824429,21,5,2,31,6,73,NYY,0.23809523809523808,0.09523809523809523,0.1935483870967742
2026-06-10,824428,12,2,1,19,5,39,NYY,0.16666666666666666,0.08333333333333333,0.2631578947368421
2026-06-12,822803,19,6,3,35,9,73,NYY,0.3157894736842105,0.15789473684210525,0.2571428571428571
2026-06-13,822802,9,4,3,11,5,37,NYY,0.4444444444444444,0.3333333333333333,0.45454545454545453
2026-06-14,822801,18,5,0,39,10,67,NYY,0.2777777777777778,0.0,0.2564102564102564
2026-06-16,823535,10,3,0,19,5,36,NYY,0.3,0.0,0.2631578947368421
2026-06-17,823536,17,4,1,26,3,55,NYY,0.23529411764705882,0.058823529411764705,0.11538461538461539
2026-06-18,823533,13,3,0,20,6,36,NYY,0.23076923076923078,0.0,0.3
2026-06-19,823534,10,4,1,25,9,48,NYY,0.4,0.1,0.36
2026-06-20,823532,18,2,1,29,6,63,NYY,0.1111111111111111,0.05555555555555555,0.20689655172413793
2026-06-21,823531,18,2,1,34,4,70,NYY,0.1111111111111111,0.05555555555555555,0.11764705882352941
2026-06-22,824261,13,2,2,17,6,49,NYY,0.15384615384615385,0.15384615384615385,0.35294117647058826
2026-06-23,824262,13,2,1,30,7,56,NYY,0.15384615384615385,0.07692307692307693,0.23333333333333334
2026-06-24,824259,12,5,1,28,8,49,NYY,0.4166666666666667,0.08333333333333333,0.2857142857142857
2026-06-25,824747,14,1,1,20,6,45,NYY,0.07142857142857142,0.07142857142857142,0.3
2026-06-26,824743,9,2,1,17,5,38,NYY,0.2222222222222222,0.1111111111111111,0.29411764705882354
2026-06-27,824745,9,4,1,16,7,30,NYY,0.4444444444444444,0.1111111111111111,0.4375
2026-06-28,824744,16,2,0,29,7,58,NYY,0.125,0.0,0.2413793103448276
2026-06-29,823529,29,6,1,50,10,95,NYY,0.20689655172413793,0.034482758620689655,0.2
2026-06-30,823528,19,3,0,32,6,54,NYY,0.15789473684210525,0.0,0.1875
2026-07-01,823530,22,3,3,31,9,73,NYY,0.13636363636363635,0.13636363636363635,0.2903225806451613
2026-03-27,822839,16,0,1,26,4,47,ATH,0.0,0.0625,0.15384615384615385
2026-03-28,822838,30,5,3,50,14,109,ATH,0.16666666666666666,0.1,0.28
2026-03-29,822837,12,2,1,20,3,46,ATH,0.16666666666666666,0.08333333333333333,0.15
2026-03-30,824943,14,3,0,29,10,50,ATH,0.21428571428571427,0.0,0.3448275862068966
2026-03-31,824942,18,3,3,36,6,74,ATH,0.16666666666666666,0.16666666666666666,0.16666666666666666
2026-04-01,824940,17,3,0,39,8,66,ATH,0.17647058823529413,0.0,0.20512820512820512
2026-04-03,825026,17,3,4,27,9,64,ATH,0.17647058823529413,0.23529411764705882,0.3333333333333333
2026-04-04,825027,33,5,7,55,13,123,ATH,0.15151515151515152,0.21212121212121213,0.23636363636363636
2026-04-05,825025,30,5,5,50,10,124,ATH,0.16666666666666666,0.16666666666666666,0.2
2026-04-07,823567,15,1,0,32,6,60,ATH,0.06666666666666667,0.0,0.1875
2026-04-08,823564,14,8,2,27,15,60,ATH,0.5714285714285714,0.14285714285714285,0.5555555555555556
2026-04-09,823565,7,2,1,17,3,35,ATH,0.2857142857142857,0.14285714285714285,0.17647058823529413
2026-04-10,823643,19,6,0,44,12,70,ATH,0.3157894736842105,0.0,0.2727272727272727
2026-04-11,823644,16,5,1,30,10,55,ATH,0.3125,0.0625,0.3333333333333333
2026-04-12,823642,11,2,1,19,4,40,ATH,0.18181818181818182,0.09090909090909091,0.21052631578947367
2026-04-13,825024,16,5,2,33,14,69,ATH,0.3125,0.125,0.42424242424242425
2026-04-14,825022,11,3,2,19,6,45,ATH,0.2727272727272727,0.18181818181818182,0.3157894736842105
2026-04-15,825021,15,5,1,34,10,74,ATH,0.3333333333333333,0.06666666666666667,0.29411764705882354
2026-04-16,825023,25,2,3,33,5,91,ATH,0.08,0.12,0.15151515151515152
2026-04-17,825019,19,7,3,41,17,91,ATH,0.3684210526315789,0.15789473684210525,0.4146341463414634
2026-04-18,825020,26,4,3,43,10,92,ATH,0.15384615384615385,0.11538461538461539,0.23255813953488372
2026-04-19,825018,16,4,2,28,10,66,ATH,0.25,0.125,0.35714285714285715
2026-04-20,823149,15,3,0,29,5,54,ATH,0.2,0.0,0.1724137931034483
2026-04-21,823148,13,4,1,28,9,60,ATH,0.3076923076923077,0.07692307692307693,0.32142857142857145
2026-04-22,823147,17,3,0,26,6,48,ATH,0.17647058823529413,0.0,0.23076923076923078
2026-04-24,822909,9,2,0,19,6,37,ATH,0.2222222222222222,0.0,0.3157894736842105
2026-04-25,822910,6,1,0,16,5,24,ATH,0.16666666666666666,0.0,0.3125
2026-04-26,822911,25,8,4,46,11,92,ATH,0.32,0.16,0.2391304347826087
2026-04-28,825017,20,4,2,24,6,66,ATH,0.2,0.1,0.25
2026-04-29,825015,9,1,2,16,6,42,ATH,0.1111111111111111,0.2222222222222222,0.375
2026-04-30,825016,27,2,3,45,6,101,ATH,0.07407407407407407,0.1111111111111111,0.13333333333333333
2026-05-01,825012,22,5,3,42,11,91,ATH,0.22727272727272727,0.13636363636363635,0.2619047619047619
2026-05-02,825014,23,3,5,41,5,103,ATH,0.13043478260869565,0.21739130434782608,0.12195121951219512
2026-05-03,825013,10,2,1,13,2,34,ATH,0.2,0.1,0.15384615384615385
2026-05-05,823469,17,3,1,28,6,56,ATH,0.17647058823529413,0.058823529411764705,0.21428571428571427
2026-05-06,823470,14,2,1,25,7,49,ATH,0.14285714285714285,0.07142857142857142,0.28
2026-05-07,823467,5,1,0,7,1,14,ATH,0.2,0.0,0.14285714285714285
2026-05-08,824846,14,4,2,25,5,67,ATH,0.2857142857142857,0.14285714285714285,0.2
2026-05-09,824847,16,5,1,26,7,62,ATH,0.3125,0.0625,0.2692307692307692
2026-05-10,824845,9,6,1,11,8,35,ATH,0.6666666666666666,0.1111111111111111,0.7272727272727273
2026-05-12,825011,17,4,1,35,9,75,ATH,0.23529411764705882,0.058823529411764705,0.2571428571428571
2026-05-13,825010,14,3,0,23,5,49,ATH,0.21428571428571427,0.0,0.21739130434782608
2026-05-14,825008,18,2,0,36,7,69,ATH,0.1111111111111111,0.0,0.19444444444444445
2026-05-15,825009,17,5,1,33,7,68,ATH,0.29411764705882354,0.058823529411764705,0.21212121212121213
2026-05-16,825007,14,4,0,24,9,41,ATH,0.2857142857142857,0.0,0.375
2026-05-17,825006,20,1,2,41,7,86,ATH,0.05,0.1,0.17073170731707318
2026-05-19,824033,23,3,0,39,11,77,ATH,0.13043478260869565,0.0,0.28205128205128205
2026-05-20,824032,19,5,1,30,13,81,ATH,0.2631578947368421,0.05263157894736842,0.43333333333333335
2026-05-21,824031,11,2,1,23,9,45,ATH,0.18181818181818182,0.09090909090909091,0.391304347826087
2026-05-22,823298,10,2,0,14,2,27,ATH,0.2,0.0,0.14285714285714285
2026-05-23,823300,21,6,2,35,11,80,ATH,0.2857142857142857,0.09523809523809523,0.3142857142857143
2026-05-24,823297,32,6,4,62,17,146,ATH,0.1875,0.125,0.27419354838709675
2026-05-25,825005,19,8,0,36,9,67,ATH,0.42105263157894735,0.0,0.25
2026-05-26,825004,14,3,0,18,4,36,ATH,0.21428571428571427,0.0,0.2222222222222222
2026-05-27,825003,21,2,2,41,9,76,ATH,0.09523809523809523,0.09523809523809523,0.21951219512195122
2026-05-29,825002,35,5,2,60,7,142,ATH,0.14285714285714285,0.05714285714285714,0.11666666666666667
2026-05-30,825000,17,4,6,32,12,94,ATH,0.23529411764705882,0.35294117647058826,0.375
2026-05-31,825001,29,7,3,47,11,113,ATH,0.2413793103448276,0.10344827586206896,0.23404255319148937
2026-06-02,824675,8,1,1,13,4,28,ATH,0.125,0.125,0.3076923076923077
2026-06-03,824671,21,6,1,41,11,87,ATH,0.2857142857142857,0.047619047619047616,0.2682926829268293
2026-06-04,824672,16,2,0,27,7,59,ATH,0.125,0.0,0.25925925925925924
2026-06-05,824186,14,7,2,26,11,64,ATH,0.5,0.14285714285714285,0.4230769230769231
2026-06-06,824184,20,5,2,49,10,90,ATH,0.25,0.1,0.20408163265306123
2026-06-07,824183,9,4,0,24,7,48,ATH,0.4444444444444444,0.0,0.2916666666666667
2026-06-08,824998,34,12,3,56,14,143,ATH,0.35294117647058826,0.08823529411764706,0.25
2026-06-09,824999,10,8,0,23,8,51,ATH,0.8,0.0,0.34782608695652173
2026-06-10,824996,19,5,0,40,12,78,ATH,0.2631578947368421,0.0,0.3
2026-06-12,824997,14,4,0,30,7,48,ATH,0.2857142857142857,0.0,0.23333333333333334
2026-06-13,824995,19,3,3,32,7,66,ATH,0.15789473684210525,0.15789473684210525,0.21875
2026-06-14,824994,36,2,5,64,7,131,ATH,0.05555555555555555,0.1388888888888889,0.109375
2026-06-15,824993,12,3,1,26,4,53,ATH,0.25,0.08333333333333333,0.15384615384615385
2026-06-16,824991,18,3,1,34,7,73,ATH,0.16666666666666666,0.05555555555555555,0.20588235294117646
2026-06-17,824992,29,8,2,48,17,105,ATH,0.27586206896551724,0.06896551724137931,0.3541666666666667
2026-06-18,824989,10,4,1,28,6,55,ATH,0.4,0.1,0.21428571428571427
2026-06-19,824990,26,7,1,47,16,88,ATH,0.2692307692307692,0.038461538461538464,0.3404255319148936
2026-06-20,824988,18,2,1,35,10,67,ATH,0.1111111111111111,0.05555555555555555,0.2857142857142857
2026-06-21,824987,18,4,1,35,9,72,ATH,0.2222222222222222,0.05555555555555555,0.2571428571428571
2026-06-23,823210,18,6,3,36,9,79,ATH,0.3333333333333333,0.16666666666666666,0.25
2026-06-24,823208,16,4,2,28,8,59,ATH,0.25,0.125,0.2857142857142857
2026-06-25,823209,15,4,2,25,9,58,ATH,0.26666666666666666,0.13333333333333333,0.36
2026-06-26,824014,13,6,3,32,10,68,ATH,0.46153846153846156,0.23076923076923078,0.3125
2026-06-27,824015,15,3,0,26,6,45,ATH,0.2,0.0,0.23076923076923078
2026-06-28,824011,9,3,0,17,8,31,ATH,0.3333333333333333,0.0,0.47058823529411764
2026-06-29,824986,21,5,2,43,14,84,ATH,0.23809523809523808,0.09523809523809523,0.32558139534883723
2026-06-30,824984,17,1,1,36,5,62,ATH,0.058823529411764705,0.058823529411764705,0.1388888888888889
2026-07-01,824985,12,7,1,21,12,46,ATH,0.5833333333333334,0.08333333333333333,0.5714285714285714
2026-03-26,823486,15,1,1,27,6,61,PHI,0.06666666666666667,0.06666666666666667,0.2222222222222222
2026-03-28,823488,20,6,1,37,12,82,PHI,0.3,0.05,0.32432432432432434
2026-03-29,823487,14,3,2,24,6,62,PHI,0.21428571428571427,0.14285714285714285,0.25
2026-03-30,823484,22,4,2,49,12,86,PHI,0.18181818181818182,0.09090909090909091,0.24489795918367346
2026-03-31,823485,16,4,1,35,9,72,PHI,0.25,0.0625,0.2571428571428571
2026-04-01,823483,19,4,0,34,6,65,PHI,0.21052631578947367,0.0,0.17647058823529413
2026-04-03,824377,9,6,1,15,7,39,PHI,0.6666666666666666,0.1111111111111111,0.4666666666666667
2026-04-04,824378,9,2,1,18,5,33,PHI,0.2222222222222222,0.1111111111111111,0.2777777777777778
2026-04-05,824379,9,4,0,18,6,33,PHI,0.4444444444444444,0.0,0.3333333333333333
2026-04-06,823237,17,6,0,36,9,82,PHI,0.35294117647058826,0.0,0.25
2026-04-07,823235,12,2,1,28,5,57,PHI,0.16666666666666666,0.08333333333333333,0.17857142857142858
2026-04-08,823234,11,3,0,19,2,41,PHI,0.2727272727272727,0.0,0.10526315789473684
2026-04-10,823482,15,2,0,27,5,53,PHI,0.13333333333333333,0.0,0.18518518518518517
2026-04-11,823480,17,5,1,35,11,69,PHI,0.29411764705882354,0.058823529411764705,0.3142857142857143
2026-04-12,823479,29,10,2,59,20,120,PHI,0.3448275862068966,0.06896551724137931,0.3389830508474576
2026-04-13,823481,18,4,2,31,5,68,PHI,0.2222222222222222,0.1111111111111111,0.16129032258064516
2026-04-14,823478,24,6,4,37,6,98,PHI,0.25,0.16666666666666666,0.16216216216216217
2026-04-15,823477,16,4,1,22,4,65,PHI,0.25,0.0625,0.18181818181818182
2026-04-17,823476,20,1,1,36,6,75,PHI,0.05,0.05,0.16666666666666666
2026-04-18,823474,13,4,3,30,8,64,PHI,0.3076923076923077,0.23076923076923078,0.26666666666666666
2026-04-19,823475,21,5,3,32,5,81,PHI,0.23809523809523808,0.14285714285714285,0.15625
2026-04-20,824692,14,5,1,24,3,65,PHI,0.35714285714285715,0.07142857142857142,0.125
2026-04-21,824690,24,3,6,38,8,94,PHI,0.125,0.25,0.21052631578947367
2026-04-22,824688,33,6,1,48,9,108,PHI,0.18181818181818182,0.030303030303030304,0.1875
2026-04-23,824689,22,3,1,29,5,64,PHI,0.13636363636363635,0.045454545454545456,0.1724137931034483
2026-04-24,824932,11,1,0,19,1,38,PHI,0.09090909090909091,0.0,0.05263157894736842
2026-04-25,824933,21,2,1,43,9,79,PHI,0.09523809523809523,0.047619047619047616,0.20930232558139536
2026-04-26,824934,11,2,0,19,4,39,PHI,0.18181818181818182,0.0,0.21052631578947367
2026-04-28,823473,6,4,0,18,5,37,PHI,0.6666666666666666,0.0,0.2777777777777778
2026-04-30,823471,40,10,4,83,16,160,PHI,0.25,0.1,0.1927710843373494
2026-04-30,823472,11,3,0,23,6,48,PHI,0.2727272727272727,0.0,0.2608695652173913
2026-05-01,823877,17,4,2,25,4,80,PHI,0.23529411764705882,0.11764705882352941,0.16
2026-05-02,823876,14,3,3,20,5,44,PHI,0.21428571428571427,0.21428571428571427,0.25
2026-05-03,823875,8,0,0,12,0,24,PHI,0.0,0.0,0.0
2026-05-04,823874,11,2,0,17,4,36,PHI,0.18181818181818182,0.0,0.23529411764705882
2026-05-05,823469,7,2,3,6,1,27,PHI,0.2857142857142857,0.42857142857142855,0.16666666666666666
2026-05-06,823470,13,4,2,21,5,54,PHI,0.3076923076923077,0.15384615384615385,0.23809523809523808
2026-05-07,823467,24,5,2,45,11,95,PHI,0.20833333333333334,0.08333333333333333,0.24444444444444444
2026-05-08,823466,31,10,0,59,20,112,PHI,0.3225806451612903,0.0,0.3389830508474576
2026-05-09,823468,14,7,0,27,9,53,PHI,0.5,0.0,0.3333333333333333
2026-05-10,823463,6,3,0,14,6,24,PHI,0.5,0.0,0.42857142857142855
2026-05-12,824764,7,3,1,14,3,27,PHI,0.42857142857142855,0.14285714285714285,0.21428571428571427
2026-05-13,824763,12,4,0,20,6,50,PHI,0.3333333333333333,0.0,0.3
2026-05-14,824762,14,6,1,24,8,53,PHI,0.42857142857142855,0.07142857142857142,0.3333333333333333
2026-05-15,823384,26,9,1,53,13,113,PHI,0.34615384615384615,0.038461538461538464,0.24528301886792453
2026-05-17,823381,7,1,0,13,5,25,PHI,0.14285714285714285,0.0,0.38461538461538464
2026-05-18,823465,13,3,1,27,6,54,PHI,0.23076923076923078,0.07692307692307693,0.2222222222222222
2026-05-19,823464,14,3,3,19,6,52,PHI,0.21428571428571427,0.21428571428571427,0.3157894736842105
2026-05-20,823462,20,5,0,36,9,83,PHI,0.25,0.0,0.25
2026-05-22,823461,4,1,0,5,1,14,PHI,0.25,0.0,0.2
2026-05-23,823458,10,4,0,29,6,48,PHI,0.4,0.0,0.20689655172413793
2026-05-24,823459,10,2,0,17,2,37,PHI,0.2,0.0,0.11764705882352941
2026-05-25,823296,11,4,1,22,6,53,PHI,0.36363636363636365,0.09090909090909091,0.2727272727272727
2026-05-26,823294,13,6,2,23,13,46,PHI,0.46153846153846156,0.15384615384615385,0.5652173913043478
2026-05-27,823295,7,2,0,18,3,38,PHI,0.2857142857142857,0.0,0.16666666666666666
2026-05-29,823946,7,1,0,10,0,25,PHI,0.14285714285714285,0.0,0.0
2026-05-30,823945,13,3,0,29,10,60,PHI,0.23076923076923078,0.0,0.3448275862068966
2026-05-31,823944,22,4,3,36,9,90,PHI,0.18181818181818182,0.13636363636363635,0.25
2026-06-02,823460,15,4,1,26,4,53,PHI,0.26666666666666666,0.06666666666666667,0.15384615384615385
2026-06-03,823456,10,3,1,18,6,38,PHI,0.3,0.1,0.3333333333333333
2026-06-04,823457,10,2,2,15,3,43,PHI,0.2,0.2,0.2
2026-06-05,823455,12,4,0,27,9,52,PHI,0.3333333333333333,0.0,0.3333333333333333
2026-06-06,823454,15,6,1,24,8,51,PHI,0.4,0.06666666666666667,0.3333333333333333
2026-06-07,823453,19,7,1,43,14,90,PHI,0.3684210526315789,0.05263157894736842,0.32558139534883723
2026-06-08,822806,9,1,1,15,1,29,PHI,0.1111111111111111,0.1111111111111111,0.06666666666666667
2026-06-09,822805,9,3,0,19,4,42,PHI,0.3333333333333333,0.0,0.21052631578947367
2026-06-10,822804,16,3,3,22,4,57,PHI,0.1875,0.1875,0.18181818181818182
2026-06-12,823778,32,6,3,44,10,112,PHI,0.1875,0.09375,0.22727272727272727
2026-06-13,823776,21,3,2,34,6,80,PHI,0.14285714285714285,0.09523809523809523,0.17647058823529413
2026-06-14,823777,9,2,0,19,3,42,PHI,0.2222222222222222,0.0,0.15789473684210525
2026-06-15,823452,12,4,0,27,9,49,PHI,0.3333333333333333,0.0,0.3333333333333333
2026-06-16,823451,8,3,0,14,4,26,PHI,0.375,0.0,0.2857142857142857
2026-06-17,823450,33,6,2,47,6,106,PHI,0.18181818181818182,0.06060606060606061,0.1276595744680851
2026-06-18,823448,17,3,2,42,8,76,PHI,0.17647058823529413,0.11764705882352941,0.19047619047619047
2026-06-20,823447,12,3,0,23,7,43,PHI,0.25,0.0,0.30434782608695654
2026-06-21,823449,12,7,0,26,13,51,PHI,0.5833333333333334,0.0,0.5
2026-06-22,822720,33,6,0,61,10,117,PHI,0.18181818181818182,0.0,0.16393442622950818
2026-06-23,822718,12,4,1,19,5,39,PHI,0.3333333333333333,0.08333333333333333,0.2631578947368421
2026-06-24,822719,17,5,1,38,8,71,PHI,0.29411764705882354,0.058823529411764705,0.21052631578947367
2026-06-25,822717,13,6,0,27,9,53,PHI,0.46153846153846156,0.0,0.3333333333333333
2026-06-26,823610,7,2,0,12,3,28,PHI,0.2857142857142857,0.0,0.25
2026-06-27,823609,32,8,5,60,14,123,PHI,0.25,0.15625,0.23333333333333334
2026-06-28,823608,23,4,5,34,9,99,PHI,0.17391304347826086,0.21739130434782608,0.2647058823529412
2026-06-29,823444,20,8,3,41,12,83,PHI,0.4,0.15,0.2926829268292683
2026-06-30,823445,9,4,1,24,9,46,PHI,0.4444444444444444,0.1111111111111111,0.375
2026-07-01,823446,20,3,2,27,7,74,PHI,0.15,0.1,0.25925925925925924
2026-03-26,823649,36,9,7,75,17,155,PIT,0.25,0.19444444444444445,0.22666666666666666
2026-03-28,823651,20,5,5,30,8,92,PIT,0.25,0.25,0.26666666666666666
2026-03-29,823647,20,8,2,37,16,79,PIT,0.4,0.1,0.43243243243243246
2026-03-30,824539,7,4,1,8,2,31,PIT,0.5714285714285714,0.14285714285714285,0.25
2026-03-31,824537,22,6,2,35,7,91,PIT,0.2727272727272727,0.09090909090909091,0.2
2026-04-01,824536,15,4,1,28,7,62,PIT,0.26666666666666666,0.06666666666666667,0.25
2026-04-03,823406,13,5,1,28,9,58,PIT,0.38461538461538464,0.07692307692307693,0.32142857142857145
2026-04-04,823404,17,3,4,24,2,75,PIT,0.17647058823529413,0.23529411764705882,0.08333333333333333
2026-04-05,823405,12,6,0,31,10,56,PIT,0.5,0.0,0.3225806451612903
2026-04-06,823401,21,5,1,37,9,79,PIT,0.23809523809523808,0.047619047619047616,0.24324324324324326
2026-04-07,823402,9,3,0,15,5,31,PIT,0.3333333333333333,0.0,0.3333333333333333
2026-04-08,823403,19,5,0,40,13,61,PIT,0.2631578947368421,0.0,0.325
2026-04-10,824695,15,4,4,25,6,66,PIT,0.26666666666666666,0.26666666666666666,0.24
2026-04-11,824697,30,5,4,42,8,118,PIT,0.16666666666666666,0.13333333333333333,0.19047619047619047
2026-04-12,824696,19,3,5,39,8,83,PIT,0.15789473684210525,0.2631578947368421,0.20512820512820512
2026-04-13,823400,18,3,1,31,7,62,PIT,0.16666666666666666,0.05555555555555555,0.22580645161290322
2026-04-14,823398,17,5,0,45,11,77,PIT,0.29411764705882354,0.0,0.24444444444444444
2026-04-15,823399,30,7,2,57,13,117,PIT,0.23333333333333334,0.06666666666666667,0.22807017543859648
2026-04-16,823396,23,3,1,35,8,76,PIT,0.13043478260869565,0.043478260869565216,0.22857142857142856
2026-04-17,823397,12,3,1,20,2,43,PIT,0.25,0.08333333333333333,0.1
2026-04-18,823394,41,7,3,60,12,159,PIT,0.17073170731707318,0.07317073170731707,0.2
2026-04-19,823393,7,2,0,13,3,20,PIT,0.2857142857142857,0.0,0.23076923076923078
2026-04-21,822914,16,4,3,24,4,68,PIT,0.25,0.1875,0.16666666666666666
2026-04-22,822913,9,5,0,18,6,36,PIT,0.5555555555555556,0.0,0.3333333333333333
2026-04-23,822912,15,3,2,32,5,60,PIT,0.2,0.13333333333333333,0.15625
2026-04-24,823800,7,2,1,10,2,23,PIT,0.2857142857142857,0.14285714285714285,0.2
2026-04-25,823799,18,5,1,32,5,71,PIT,0.2777777777777778,0.05555555555555555,0.15625
2026-04-26,823797,17,3,1,28,6,64,PIT,0.17647058823529413,0.058823529411764705,0.21428571428571427
2026-04-27,823395,31,6,2,59,11,122,PIT,0.1935483870967742,0.06451612903225806,0.1864406779661017
2026-04-28,823390,23,3,2,38,7,84,PIT,0.13043478260869565,0.08695652173913043,0.18421052631578946
2026-04-29,823392,18,5,1,26,7,70,PIT,0.2777777777777778,0.05555555555555555,0.2692307692307692
2026-04-30,823391,21,3,3,34,8,78,PIT,0.14285714285714285,0.14285714285714285,0.23529411764705882
2026-05-01,823389,6,2,0,12,2,28,PIT,0.3333333333333333,0.0,0.16666666666666666
2026-05-02,823388,12,3,0,15,3,28,PIT,0.25,0.0,0.2
2026-05-03,823387,4,2,0,7,2,17,PIT,0.5,0.0,0.2857142857142857
2026-05-05,825092,19,0,1,35,2,69,PIT,0.0,0.05263157894736842,0.05714285714285714
2026-05-06,825091,4,1,1,4,2,15,PIT,0.25,0.25,0.5
2026-05-07,825090,11,2,2,23,5,49,PIT,0.18181818181818182,0.18181818181818182,0.21739130434782608
2026-05-08,823225,12,4,0,23,8,41,PIT,0.3333333333333333,0.0,0.34782608695652173
2026-05-09,823224,11,1,3,21,6,44,PIT,0.09090909090909091,0.2727272727272727,0.2857142857142857
2026-05-10,823221,33,5,1,60,12,128,PIT,0.15151515151515152,0.030303030303030304,0.2
2026-05-12,823385,5,0,0,14,2,24,PIT,0.0,0.0,0.14285714285714285
2026-05-13,823386,15,2,1,25,6,53,PIT,0.13333333333333333,0.06666666666666667,0.24
2026-05-14,823383,29,4,4,55,10,114,PIT,0.13793103448275862,0.13793103448275862,0.18181818181818182
2026-05-15,823384,19,2,2,43,8,80,PIT,0.10526315789473684,0.10526315789473684,0.18604651162790697
2026-05-16,823382,27,9,4,57,15,110,PIT,0.3333333333333333,0.14814814814814814,0.2631578947368421
2026-05-17,823381,15,6,0,28,10,57,PIT,0.4,0.0,0.35714285714285715
2026-05-19,823059,16,4,3,27,11,55,PIT,0.25,0.1875,0.4074074074074074
2026-05-20,823057,16,5,1,34,10,66,PIT,0.3125,0.0625,0.29411764705882354
2026-05-21,823056,9,2,0,24,5,38,PIT,0.2222222222222222,0.0,0.20833333333333334
2026-05-22,822816,16,4,4,34,9,71,PIT,0.25,0.25,0.2647058823529412
2026-05-23,822814,9,2,0,13,4,28,PIT,0.2222222222222222,0.0,0.3076923076923077
2026-05-24,822813,13,3,2,21,6,56,PIT,0.23076923076923078,0.15384615384615385,0.2857142857142857
2026-05-25,823380,13,5,0,29,8,55,PIT,0.38461538461538464,0.0,0.27586206896551724
2026-05-26,823379,10,4,1,20,9,43,PIT,0.4,0.1,0.45
2026-05-27,823376,26,5,5,34,5,88,PIT,0.19230769230769232,0.19230769230769232,0.14705882352941177
2026-05-28,823378,19,4,3,30,5,78,PIT,0.21052631578947367,0.15789473684210525,0.16666666666666666
2026-05-29,823377,15,6,0,27,5,57,PIT,0.4,0.0,0.18518518518518517
2026-05-30,823375,21,5,4,36,9,89,PIT,0.23809523809523808,0.19047619047619047,0.25
2026-05-31,823373,10,3,0,22,10,33,PIT,0.3,0.0,0.45454545454545453
2026-06-02,824189,17,6,3,32,11,67,PIT,0.35294117647058826,0.17647058823529413,0.34375
2026-06-03,824188,20,5,3,36,9,93,PIT,0.25,0.15,0.25
2026-06-04,824185,15,3,0,24,6,55,PIT,0.2,0.0,0.25
2026-06-05,824914,14,6,2,29,10,59,PIT,0.42857142857142855,0.14285714285714285,0.3448275862068966
2026-06-06,824915,10,2,1,21,1,43,PIT,0.2,0.1,0.047619047619047616
2026-06-07,824916,26,8,2,57,10,114,PIT,0.3076923076923077,0.07692307692307693,0.17543859649122806
2026-06-09,823374,26,2,7,46,7,113,PIT,0.07692307692307693,0.2692307692307692,0.15217391304347827
2026-06-10,823372,23,4,3,40,7,92,PIT,0.17391304347826086,0.13043478260869565,0.175
2026-06-11,823371,25,4,4,50,3,111,PIT,0.16,0.16,0.06
2026-06-12,823370,21,3,4,32,7,71,PIT,0.14285714285714285,0.19047619047619047,0.21875
2026-06-13,823369,15,4,1,22,9,51,PIT,0.26666666666666666,0.06666666666666667,0.4090909090909091
2026-06-14,823368,16,2,2,28,9,64,PIT,0.125,0.125,0.32142857142857145
2026-06-15,824993,21,4,1,50,13,85,PIT,0.19047619047619047,0.047619047619047616,0.26
2026-06-16,824991,16,6,1,29,10,65,PIT,0.375,0.0625,0.3448275862068966
2026-06-17,824992,11,5,0,20,6,40,PIT,0.45454545454545453,0.0,0.3
2026-06-19,824345,9,1,0,18,4,30,PIT,0.1111111111111111,0.0,0.2222222222222222
2026-06-20,824342,8,2,1,15,3,32,PIT,0.25,0.125,0.2
2026-06-21,824343,26,7,2,48,11,100,PIT,0.2692307692307692,0.07692307692307693,0.22916666666666666
2026-06-23,823365,11,5,1,24,11,50,PIT,0.45454545454545453,0.09090909090909091,0.4583333333333333
2026-06-24,823367,11,3,0,21,2,39,PIT,0.2727272727272727,0.0,0.09523809523809523
2026-06-25,823366,16,3,3,27,7,68,PIT,0.1875,0.1875,0.25925925925925924
2026-06-26,823363,14,6,0,24,9,59,PIT,0.42857142857142855,0.0,0.375
2026-06-27,823364,22,5,3,30,8,83,PIT,0.22727272727272727,0.13636363636363635,0.26666666666666666
2026-06-28,823362,15,2,3,30,8,65,PIT,0.13333333333333333,0.2,0.26666666666666666
2026-06-29,823444,16,5,2,27,9,69,PIT,0.3125,0.125,0.3333333333333333
2026-06-30,823445,11,2,1,25,7,41,PIT,0.18181818181818182,0.09090909090909091,0.28
2026-07-01,823446,20,8,3,45,17,96,PIT,0.4,0.15,0.37777777777777777
2026-03-26,823325,24,6,1,46,19,97,SD,0.25,0.041666666666666664,0.41304347826086957
2026-03-27,823324,21,3,4,35,8,79,SD,0.14285714285714285,0.19047619047619047,0.22857142857142856
2026-03-28,823323,10,5,1,13,3,41,SD,0.5,0.1,0.23076923076923078
2026-03-30,823320,17,4,0,35,7,67,SD,0.23529411764705882,0.0,0.2
2026-03-31,823322,25,6,1,43,7,90,SD,0.24,0.04,0.16279069767441862
2026-04-01,823321,16,6,1,26,9,64,SD,0.375,0.0625,0.34615384615384615
2026-04-03,824786,9,3,0,19,8,30,SD,0.3333333333333333,0.0,0.42105263157894735
2026-04-04,824782,11,5,0,26,9,50,SD,0.45454545454545453,0.0,0.34615384615384615
2026-04-05,824781,26,6,1,46,16,88,SD,0.23076923076923078,0.038461538461538464,0.34782608695652173
2026-04-06,823401,15,2,4,26,5,69,SD,0.13333333333333333,0.26666666666666666,0.19230769230769232
2026-04-07,823402,17,2,1,33,7,62,SD,0.11764705882352941,0.058823529411764705,0.21212121212121213
2026-04-08,823403,12,2,1,21,8,43,SD,0.16666666666666666,0.08333333333333333,0.38095238095238093
2026-04-09,823319,24,6,2,40,12,83,SD,0.25,0.08333333333333333,0.3
2026-04-10,823318,14,3,1,26,8,52,SD,0.21428571428571427,0.07142857142857142,0.3076923076923077
2026-04-11,823316,18,5,2,39,13,79,SD,0.2777777777777778,0.1111111111111111,0.3333333333333333
2026-04-12,823317,23,8,2,52,16,97,SD,0.34782608695652173,0.08695652173913043,0.3076923076923077
2026-04-14,823315,9,2,1,20,5,42,SD,0.2222222222222222,0.1111111111111111,0.25
2026-04-15,823314,23,6,3,48,11,101,SD,0.2608695652173913,0.13043478260869565,0.22916666666666666
2026-04-16,823313,16,5,1,29,13,56,SD,0.3125,0.0625,0.4482758620689655
2026-04-17,824048,21,5,2,40,10,92,SD,0.23809523809523808,0.09523809523809523,0.25
2026-04-18,824049,16,5,2,39,17,72,SD,0.3125,0.125,0.4358974358974359
2026-04-19,824047,17,5,2,30,14,74,SD,0.29411764705882354,0.11764705882352941,0.4666666666666667
2026-04-21,824369,6,3,0,12,7,20,SD,0.5,0.0,0.5833333333333334
2026-04-22,824367,23,4,1,58,13,97,SD,0.17391304347826086,0.043478260869565216,0.22413793103448276
2026-04-23,824368,16,1,0,30,7,51,SD,0.0625,0.0,0.23333333333333334
2026-04-25,825093,12,2,1,31,9,57,SD,0.16666666666666666,0.08333333333333333,0.2903225806451613
2026-04-26,825094,19,0,2,39,8,70,SD,0.0,0.10526315789473684,0.20512820512820512
2026-04-27,823311,16,4,1,30,8,65,SD,0.25,0.0625,0.26666666666666666
2026-04-28,823310,22,3,3,41,9,90,SD,0.13636363636363635,0.13636363636363635,0.21951219512195122
2026-04-29,823312,19,2,4,34,10,82,SD,0.10526315789473684,0.21052631578947367,0.29411764705882354
2026-05-01,823309,17,3,2,40,12,75,SD,0.17647058823529413,0.11764705882352941,0.3
2026-05-02,823308,9,4,0,16,6,36,SD,0.4444444444444444,0.0,0.375
2026-05-03,823307,16,8,0,32,15,63,SD,0.5,0.0,0.46875
2026-05-04,823228,9,2,1,16,2,34,SD,0.2222222222222222,0.1111111111111111,0.125
2026-05-05,823227,12,3,0,24,5,39,SD,0.25,0.0,0.20833333333333334
2026-05-06,823226,27,13,0,56,21,106,SD,0.48148148148148145,0.0,0.375
2026-05-07,823306,14,2,3,28,7,54,SD,0.14285714285714285,0.21428571428571427,0.25
2026-05-08,823303,19,4,1,35,13,59,SD,0.21052631578947367,0.05263157894736842,0.37142857142857144
2026-05-09,823304,17,6,2,32,14,69,SD,0.35294117647058826,0.11764705882352941,0.4375
2026-05-10,823305,13,5,1,34,13,55,SD,0.38461538461538464,0.07692307692307693,0.38235294117647056
2026-05-12,823790,33,8,2,61,13,118,SD,0.24242424242424243,0.06060606060606061,0.21311475409836064
2026-05-13,823791,12,2,0,20,5,48,SD,0.16666666666666666,0.0,0.25
2026-05-14,823789,26,9,3,46,11,105,SD,0.34615384615384615,0.11538461538461539,0.2391304347826087
2026-05-15,823140,15,6,3,23,9,64,SD,0.4,0.2,0.391304347826087
2026-05-16,823139,17,3,2,34,12,61,SD,0.17647058823529413,0.11764705882352941,0.35294117647058826
2026-05-17,823138,15,5,2,25,11,61,SD,0.3333333333333333,0.13333333333333333,0.44
2026-05-18,823301,10,1,3,22,5,47,SD,0.1,0.3,0.22727272727272727
2026-05-19,823302,15,5,1,39,12,78,SD,0.3333333333333333,0.06666666666666667,0.3076923076923077
2026-05-20,823299,18,3,3,33,5,85,SD,0.16666666666666666,0.16666666666666666,0.15151515151515152
2026-05-22,823298,15,4,1,33,10,54,SD,0.26666666666666666,0.06666666666666667,0.30303030303030304
2026-05-23,823300,14,5,1,28,12,53,SD,0.35714285714285715,0.07142857142857142,0.42857142857142855
2026-05-24,823297,24,7,3,42,12,95,SD,0.2916666666666667,0.125,0.2857142857142857
2026-05-25,823296,8,2,1,15,3,29,SD,0.25,0.125,0.2
2026-05-26,823294,13,2,2,27,5,61,SD,0.15384615384615385,0.15384615384615385,0.18518518518518517
2026-05-27,823295,14,1,0,24,3,50,SD,0.07142857142857142,0.0,0.125
2026-05-29,822732,26,7,2,47,15,90,SD,0.2692307692307692,0.07692307692307693,0.3191489361702128
2026-05-30,822731,12,2,2,18,4,43,SD,0.16666666666666666,0.16666666666666666,0.2222222222222222
2026-05-31,822729,13,2,1,29,8,56,SD,0.15384615384615385,0.07692307692307693,0.27586206896551724
2026-06-02,823460,14,2,3,22,4,50,SD,0.14285714285714285,0.21428571428571427,0.18181818181818182
2026-06-03,823456,9,2,0,20,3,33,SD,0.2222222222222222,0.0,0.15
2026-06-04,823457,19,5,2,38,10,78,SD,0.2631578947368421,0.10526315789473684,0.2631578947368421
2026-06-05,823293,12,4,0,31,12,54,SD,0.3333333333333333,0.0,0.3870967741935484
2026-06-06,823292,15,4,1,27,8,50,SD,0.26666666666666666,0.06666666666666667,0.2962962962962963
2026-06-07,823291,22,4,2,47,12,88,SD,0.18181818181818182,0.09090909090909091,0.2553191489361702
2026-06-08,823289,16,7,2,29,11,67,SD,0.4375,0.125,0.3793103448275862
2026-06-09,823290,30,13,3,56,21,134,SD,0.43333333333333335,0.1,0.375
2026-06-10,823287,10,1,1,18,4,38,SD,0.1,0.1,0.2222222222222222
2026-06-12,824826,13,5,1,23,9,52,SD,0.38461538461538464,0.07692307692307693,0.391304347826087
2026-06-13,824828,17,2,1,28,7,52,SD,0.11764705882352941,0.058823529411764705,0.25
2026-06-14,824823,16,5,1,30,13,59,SD,0.3125,0.0625,0.43333333333333335
2026-06-15,823046,30,3,3,45,7,110,SD,0.1,0.1,0.15555555555555556
2026-06-16,823045,17,2,2,25,3,58,SD,0.11764705882352941,0.11764705882352941,0.12
2026-06-17,823044,30,3,3,53,10,112,SD,0.1,0.1,0.18867924528301888
2026-06-19,822886,21,4,2,47,10,74,SD,0.19047619047619047,0.09523809523809523,0.2127659574468085
2026-06-20,822885,19,10,0,52,21,94,SD,0.5263157894736842,0.0,0.40384615384615385
2026-06-21,822883,32,5,4,48,13,109,SD,0.15625,0.125,0.2708333333333333
2026-06-22,823288,8,4,1,15,6,32,SD,0.5,0.125,0.4
2026-06-23,823286,42,12,3,83,25,171,SD,0.2857142857142857,0.07142857142857142,0.30120481927710846
2026-06-24,823284,11,1,0,23,6,44,SD,0.09090909090909091,0.0,0.2608695652173913
2026-06-26,823285,14,1,0,24,3,53,SD,0.07142857142857142,0.0,0.125
2026-06-27,823283,40,4,4,78,10,155,SD,0.1,0.1,0.1282051282051282
2026-06-28,823281,16,4,0,37,8,65,SD,0.25,0.0,0.21621621621621623
2026-06-29,824662,20,6,2,29,10,80,SD,0.3,0.1,0.3448275862068966
2026-06-30,824661,18,1,3,32,5,73,SD,0.05555555555555555,0.16666666666666666,0.15625
2026-07-01,824660,26,4,3,40,8,83,SD,0.15384615384615385,0.11538461538461539,0.2
2026-03-25,823244,14,5,2,23,9,51,SF,0.35714285714285715,0.14285714285714285,0.391304347826087
2026-03-27,823243,16,3,3,21,5,65,SF,0.1875,0.1875,0.23809523809523808
2026-03-28,823241,18,5,1,32,7,69,SF,0.2777777777777778,0.05555555555555555,0.21875
2026-03-30,823320,11,4,1,20,9,50,SF,0.36363636363636365,0.09090909090909091,0.45
2026-03-31,823322,11,3,0,24,8,46,SF,0.2727272727272727,0.0,0.3333333333333333
2026-04-01,823321,14,3,4,17,7,46,SF,0.21428571428571427,0.2857142857142857,0.4117647058823529
2026-04-02,823242,11,3,0,25,7,49,SF,0.2727272727272727,0.0,0.28
2026-04-03,823240,22,6,4,49,12,106,SF,0.2727272727272727,0.18181818181818182,0.24489795918367346
2026-04-04,823239,19,3,1,34,6,66,SF,0.15789473684210525,0.05263157894736842,0.17647058823529413
2026-04-05,823238,13,2,1,26,6,51,SF,0.15384615384615385,0.07692307692307693,0.23076923076923078
2026-04-06,823237,16,4,4,17,7,63,SF,0.25,0.25,0.4117647058823529
2026-04-07,823235,9,1,1,14,2,36,SF,0.1111111111111111,0.1111111111111111,0.14285714285714285
2026-04-08,823234,12,4,1,25,8,56,SF,0.3333333333333333,0.08333333333333333,0.32
2026-04-10,824858,14,2,2,22,7,46,SF,0.14285714285714285,0.14285714285714285,0.3181818181818182
2026-04-11,824857,11,5,1,25,12,46,SF,0.45454545454545453,0.09090909090909091,0.48
2026-04-12,824859,18,4,3,30,9,82,SF,0.2222222222222222,0.16666666666666666,0.3
2026-04-14,824531,10,3,1,19,4,51,SF,0.3,0.1,0.21052631578947367
2026-04-15,824532,15,4,1,30,14,51,SF,0.26666666666666666,0.06666666666666667,0.4666666666666667
2026-04-16,824530,10,6,1,22,7,53,SF,0.6,0.1,0.3181818181818182
2026-04-17,822752,11,3,1,19,4,43,SF,0.2727272727272727,0.09090909090909091,0.21052631578947367
2026-04-18,822751,24,7,0,31,8,80,SF,0.2916666666666667,0.0,0.25806451612903225
2026-04-19,822750,6,1,0,12,2,28,SF,0.16666666666666666,0.0,0.16666666666666666
2026-04-21,823236,16,5,2,25,10,70,SF,0.3125,0.125,0.4
2026-04-22,823231,8,0,1,10,1,29,SF,0.0,0.125,0.1
2026-04-23,823233,8,2,1,9,3,25,SF,0.25,0.125,0.3333333333333333
2026-04-24,823232,23,3,3,47,5,96,SF,0.13043478260869565,0.13043478260869565,0.10638297872340426
2026-04-25,823229,16,2,2,27,3,67,SF,0.125,0.125,0.1111111111111111
2026-04-26,823230,4,1,0,4,0,12,SF,0.25,0.0,0.0
2026-04-28,823473,16,3,2,34,6,67,SF,0.1875,0.125,0.17647058823529413
2026-04-30,823471,23,2,3,30,6,85,SF,0.08695652173913043,0.13043478260869565,0.2
2026-04-30,823472,8,2,0,20,2,40,SF,0.25,0.0,0.1
2026-05-01,822990,6,1,0,9,0,21,SF,0.16666666666666666,0.0,0.0
2026-05-02,822988,13,1,3,17,1,50,SF,0.07692307692307693,0.23076923076923078,0.058823529411764705
2026-05-03,822987,17,1,2,26,4,57,SF,0.058823529411764705,0.11764705882352941,0.15384615384615385
2026-05-04,823228,7,2,0,17,7,26,SF,0.2857142857142857,0.0,0.4117647058823529
2026-05-05,823227,23,1,2,45,5,94,SF,0.043478260869565216,0.08695652173913043,0.1111111111111111
2026-05-06,823226,15,1,3,28,6,64,SF,0.06666666666666667,0.2,0.21428571428571427
2026-05-08,823225,13,1,3,21,3,59,SF,0.07692307692307693,0.23076923076923078,0.14285714285714285
2026-05-09,823224,34,3,2,58,8,138,SF,0.08823529411764706,0.058823529411764705,0.13793103448275862
2026-05-10,823221,28,1,6,42,10,102,SF,0.03571428571428571,0.21428571428571427,0.23809523809523808
2026-05-11,823953,12,3,0,23,2,47,SF,0.25,0.0,0.08695652173913043
2026-05-12,823951,14,4,2,28,5,63,SF,0.2857142857142857,0.14285714285714285,0.17857142857142858
2026-05-13,823952,12,0,1,27,4,48,SF,0.0,0.08333333333333333,0.14814814814814814
2026-05-14,823950,11,2,2,21,6,47,SF,0.18181818181818182,0.18181818181818182,0.2857142857142857
2026-05-15,825009,9,3,0,18,6,32,SF,0.3333333333333333,0.0,0.3333333333333333
2026-05-16,825007,10,3,2,20,5,48,SF,0.3,0.2,0.25
2026-05-17,825006,10,3,0,21,3,40,SF,0.3,0.0,0.14285714285714285
2026-05-18,825087,16,2,0,24,5,51,SF,0.125,0.0,0.20833333333333334
2026-05-19,825086,14,2,4,23,5,62,SF,0.14285714285714285,0.2857142857142857,0.21739130434782608
2026-05-20,825084,11,4,1,20,9,39,SF,0.36363636363636365,0.09090909090909091,0.45
2026-05-22,823223,24,5,4,47,11,97,SF,0.20833333333333334,0.16666666666666666,0.23404255319148937
2026-05-23,823222,16,7,1,35,11,68,SF,0.4375,0.0625,0.3142857142857143
2026-05-24,823220,18,5,1,36,9,65,SF,0.2777777777777778,0.05555555555555555,0.25
2026-05-25,823219,18,2,2,23,2,60,SF,0.1111111111111111,0.1111111111111111,0.08695652173913043
2026-05-26,823216,19,4,3,25,7,70,SF,0.21052631578947367,0.15789473684210525,0.28
2026-05-27,823217,9,2,0,15,3,26,SF,0.2222222222222222,0.0,0.2
2026-05-29,824353,23,3,0,43,7,73,SF,0.13043478260869565,0.0,0.16279069767441862
2026-05-30,824352,21,3,2,35,4,75,SF,0.14285714285714285,0.09523809523809523,0.11428571428571428
2026-05-31,824354,24,4,3,44,5,84,SF,0.16666666666666666,0.125,0.11363636363636363
2026-06-01,823781,28,2,6,47,9,106,SF,0.07142857142857142,0.21428571428571427,0.19148936170212766
2026-06-02,823782,19,2,4,41,10,91,SF,0.10526315789473684,0.21052631578947367,0.24390243902439024
2026-06-03,823780,8,1,1,11,2,26,SF,0.125,0.125,0.18181818181818182
2026-06-04,823779,25,3,5,46,6,107,SF,0.12,0.2,0.13043478260869565
2026-06-05,824673,18,3,1,26,5,57,SF,0.16666666666666666,0.05555555555555555,0.19230769230769232
2026-06-06,824669,17,3,1,28,5,66,SF,0.17647058823529413,0.058823529411764705,0.17857142857142858
2026-06-07,824670,19,4,2,31,8,67,SF,0.21052631578947367,0.10526315789473684,0.25806451612903225
2026-06-08,823218,7,1,0,14,4,25,SF,0.14285714285714285,0.0,0.2857142857142857
2026-06-09,823214,24,5,5,54,13,113,SF,0.20833333333333334,0.20833333333333334,0.24074074074074073
2026-06-10,823215,18,3,1,30,3,77,SF,0.16666666666666666,0.05555555555555555,0.1
2026-06-12,823211,15,2,0,30,5,58,SF,0.13333333333333333,0.0,0.16666666666666666
2026-06-13,823213,25,8,1,42,8,95,SF,0.32,0.04,0.19047619047619047
2026-06-14,823212,3,2,0,7,1,15,SF,0.6666666666666666,0.0,0.14285714285714285
2026-06-16,824912,31,11,3,54,15,123,SF,0.3548387096774194,0.0967741935483871,0.2777777777777778
2026-06-17,824913,18,5,0,40,9,77,SF,0.2777777777777778,0.0,0.225
2026-06-19,823853,12,1,1,19,4,46,SF,0.08333333333333333,0.08333333333333333,0.21052631578947367
2026-06-20,823854,20,3,2,37,8,81,SF,0.15,0.1,0.21621621621621623
2026-06-23,823210,5,1,1,6,2,18,SF,0.2,0.2,0.3333333333333333
2026-06-24,823208,13,3,0,21,6,43,SF,0.23076923076923078,0.0,0.2857142857142857
2026-06-25,823209,20,3,2,42,7,77,SF,0.15,0.1,0.16666666666666666
2026-06-26,823206,14,3,1,32,6,58,SF,0.21428571428571427,0.07142857142857142,0.1875
2026-06-27,823207,7,1,1,18,2,34,SF,0.14285714285714285,0.14285714285714285,0.1111111111111111
2026-06-28,823204,5,1,0,10,3,18,SF,0.2,0.0,0.3
2026-06-29,825065,14,0,3,19,2,59,SF,0.0,0.21428571428571427,0.10526315789473684
2026-06-30,825066,22,1,1,37,2,76,SF,0.045454545454545456,0.045454545454545456,0.05405405405405406
2026-07-01,825064,16,5,1,25,9,55,SF,0.3125,0.0625,0.36
2026-03-26,823163,20,4,2,37,10,77,SEA,0.2,0.1,0.2702702702702703
2026-03-27,823162,12,3,1,21,6,51,SEA,0.25,0.08333333333333333,0.2857142857142857
2026-03-28,823161,18,4,2,36,9,80,SEA,0.2222222222222222,0.1111111111111111,0.25
2026-03-29,823160,10,5,0,27,6,44,SEA,0.5,0.0,0.2222222222222222
2026-03-30,823159,13,3,0,28,9,54,SEA,0.23076923076923078,0.0,0.32142857142857145
2026-03-31,823158,13,4,0,23,7,49,SEA,0.3076923076923077,0.0,0.30434782608695654
2026-04-01,823157,11,3,0,17,2,43,SEA,0.2727272727272727,0.0,0.11764705882352941
2026-04-03,824056,9,6,0,20,7,40,SEA,0.6666666666666666,0.0,0.35
2026-04-04,824054,5,2,0,11,3,25,SEA,0.4,0.0,0.2727272727272727
2026-04-05,824053,28,5,1,47,12,101,SEA,0.17857142857142858,0.03571428571428571,0.2553191489361702
2026-04-06,822918,8,2,1,15,2,39,SEA,0.25,0.125,0.13333333333333333
2026-04-08,822915,10,2,1,19,9,33,SEA,0.2,0.1,0.47368421052631576
2026-04-10,823156,18,1,2,27,2,76,SEA,0.05555555555555555,0.1111111111111111,0.07407407407407407
2026-04-11,823155,26,6,2,41,10,94,SEA,0.23076923076923078,0.07692307692307693,0.24390243902439024
2026-04-12,823154,6,1,0,7,1,15,SEA,0.16666666666666666,0.0,0.14285714285714285
2026-04-13,823153,5,0,1,9,3,20,SEA,0.0,0.2,0.3333333333333333
2026-04-14,823315,6,1,0,10,2,21,SEA,0.16666666666666666,0.0,0.2
2026-04-15,823314,15,1,1,31,5,54,SEA,0.06666666666666667,0.06666666666666667,0.16129032258064516
2026-04-16,823313,11,3,0,18,5,37,SEA,0.2727272727272727,0.0,0.2777777777777778
2026-04-17,823152,21,5,1,35,9,78,SEA,0.23809523809523808,0.047619047619047616,0.2571428571428571
2026-04-18,823151,20,3,6,37,11,85,SEA,0.15,0.3,0.2972972972972973
2026-04-19,823150,8,5,0,23,6,35,SEA,0.625,0.0,0.2608695652173913
2026-04-20,823149,20,1,2,35,5,66,SEA,0.05,0.1,0.14285714285714285
2026-04-21,823148,22,4,1,49,9,85,SEA,0.18181818181818182,0.045454545454545456,0.1836734693877551
2026-04-22,823147,18,4,1,29,5,63,SEA,0.2222222222222222,0.05555555555555555,0.1724137931034483
2026-04-24,823069,11,3,0,20,6,42,SEA,0.2727272727272727,0.0,0.3
2026-04-25,823070,26,6,2,42,14,92,SEA,0.23076923076923078,0.07692307692307693,0.3333333333333333
2026-04-26,823068,10,1,1,16,1,38,SEA,0.1,0.1,0.0625
2026-04-27,823719,19,4,5,34,11,82,SEA,0.21052631578947367,0.2631578947368421,0.3235294117647059
2026-04-28,823716,13,3,0,25,5,55,SEA,0.23076923076923078,0.0,0.2
2026-04-29,823717,15,5,1,34,13,71,SEA,0.3333333333333333,0.06666666666666667,0.38235294117647056
2026-05-01,823146,14,5,2,22,5,50,SEA,0.35714285714285715,0.14285714285714285,0.22727272727272727
2026-05-02,823144,11,3,0,19,5,36,SEA,0.2727272727272727,0.0,0.2631578947368421
2026-05-03,823145,13,2,3,25,4,54,SEA,0.15384615384615385,0.23076923076923078,0.16
2026-05-04,823143,12,4,0,21,8,41,SEA,0.3333333333333333,0.0,0.38095238095238093
2026-05-05,823142,8,4,1,12,4,33,SEA,0.5,0.125,0.3333333333333333
2026-05-06,823141,11,3,0,25,6,45,SEA,0.2727272727272727,0.0,0.24
2026-05-08,824607,14,3,0,25,7,49,SEA,0.21428571428571427,0.0,0.28
2026-05-09,824606,19,4,2,42,8,74,SEA,0.21052631578947367,0.10526315789473684,0.19047619047619047
2026-05-10,824605,12,1,0,17,3,44,SEA,0.08333333333333333,0.0,0.17647058823529413
2026-05-11,824199,15,6,1,24,9,58,SEA,0.4,0.06666666666666667,0.375
2026-05-12,824197,11,3,1,19,5,39,SEA,0.2727272727272727,0.09090909090909091,0.2631578947368421
2026-05-13,824195,19,3,2,29,9,69,SEA,0.15789473684210525,0.10526315789473684,0.3103448275862069
2026-05-14,824196,13,2,2,28,5,60,SEA,0.15384615384615385,0.15384615384615385,0.17857142857142858
2026-05-15,823140,13,1,0,21,2,37,SEA,0.07692307692307693,0.0,0.09523809523809523
2026-05-16,823139,9,1,2,13,2,33,SEA,0.1111111111111111,0.2222222222222222,0.15384615384615385
2026-05-17,823138,16,4,2,39,7,70,SEA,0.25,0.125,0.1794871794871795
2026-05-18,823137,13,3,1,27,8,48,SEA,0.23076923076923078,0.07692307692307693,0.2962962962962963
2026-05-19,823136,16,7,2,34,13,69,SEA,0.4375,0.125,0.38235294117647056
2026-05-20,823134,18,7,1,38,12,76,SEA,0.3888888888888889,0.05555555555555555,0.3157894736842105
2026-05-22,824110,12,4,0,29,7,69,SEA,0.3333333333333333,0.0,0.2413793103448276
2026-05-23,824109,8,1,2,12,3,34,SEA,0.125,0.25,0.25
2026-05-24,824108,16,1,2,26,3,63,SEA,0.0625,0.125,0.11538461538461539
2026-05-25,825005,18,4,0,43,12,83,SEA,0.2222222222222222,0.0,0.27906976744186046
2026-05-26,825004,13,2,0,23,6,46,SEA,0.15384615384615385,0.0,0.2608695652173913
2026-05-27,825003,12,2,1,21,5,43,SEA,0.16666666666666666,0.08333333333333333,0.23809523809523808
2026-05-29,823135,26,3,3,44,9,98,SEA,0.11538461538461539,0.11538461538461539,0.20454545454545456
2026-05-30,823132,8,0,1,21,2,42,SEA,0.0,0.125,0.09523809523809523
2026-05-31,823133,20,3,2,42,9,71,SEA,0.15,0.1,0.21428571428571427
2026-06-01,823131,12,5,0,29,11,58,SEA,0.4166666666666667,0.0,0.3793103448275862
2026-06-02,823129,11,3,1,16,4,36,SEA,0.2727272727272727,0.09090909090909091,0.25
2026-06-03,823130,20,5,0,26,3,55,SEA,0.25,0.0,0.11538461538461539
2026-06-05,824271,8,3,0,13,5,32,SEA,0.375,0.0,0.38461538461538464
2026-06-06,824269,12,2,3,16,1,46,SEA,0.16666666666666666,0.25,0.0625
2026-06-07,824268,17,2,4,30,5,76,SEA,0.11764705882352941,0.23529411764705882,0.16666666666666666
2026-06-08,824829,19,3,4,25,5,75,SEA,0.15789473684210525,0.21052631578947367,0.2
2026-06-09,824830,21,3,1,38,8,78,SEA,0.14285714285714285,0.047619047619047616,0.21052631578947367
2026-06-10,824831,12,0,2,14,2,39,SEA,0.0,0.16666666666666666,0.14285714285714285
2026-06-11,824827,11,3,2,20,5,46,SEA,0.2727272727272727,0.18181818181818182,0.25
2026-06-12,822726,3,1,0,4,1,9,SEA,0.3333333333333333,0.0,0.25
2026-06-13,822725,11,3,1,23,6,42,SEA,0.2727272727272727,0.09090909090909091,0.2608695652173913
2026-06-14,822722,19,6,2,29,8,65,SEA,0.3157894736842105,0.10526315789473684,0.27586206896551724
2026-06-16,823128,7,2,0,13,1,26,SEA,0.2857142857142857,0.0,0.07692307692307693
2026-06-17,823127,12,4,2,21,3,55,SEA,0.3333333333333333,0.16666666666666666,0.14285714285714285
2026-06-18,823125,8,2,2,11,3,32,SEA,0.25,0.25,0.2727272727272727
2026-06-19,823124,19,4,0,34,11,63,SEA,0.21052631578947367,0.0,0.3235294117647059
2026-06-20,823126,15,5,2,42,17,71,SEA,0.3333333333333333,0.13333333333333333,0.40476190476190477
2026-06-21,823123,10,5,0,19,9,35,SEA,0.5,0.0,0.47368421052631576
2026-06-23,823365,11,5,1,25,11,47,SEA,0.45454545454545453,0.09090909090909091,0.44
2026-06-24,823367,22,3,1,39,12,72,SEA,0.13636363636363635,0.045454545454545456,0.3076923076923077
2026-06-25,823366,11,2,1,13,4,29,SEA,0.18181818181818182,0.09090909090909091,0.3076923076923077
2026-06-26,824423,9,3,0,14,4,35,SEA,0.3333333333333333,0.0,0.2857142857142857
2026-06-27,824421,3,1,0,7,2,10,SEA,0.3333333333333333,0.0,0.2857142857142857
2026-06-28,824422,17,1,3,28,3,62,SEA,0.058823529411764705,0.17647058823529413,0.10714285714285714
2026-06-29,823121,4,1,1,5,2,19,SEA,0.25,0.25,0.4
2026-06-30,823122,11,1,2,21,2,40,SEA,0.09090909090909091,0.18181818181818182,0.09523809523809523
2026-03-26,823081,26,3,4,40,8,90,STL,0.11538461538461539,0.15384615384615385,0.2
2026-03-28,823082,18,2,1,38,6,73,STL,0.1111111111111111,0.05555555555555555,0.15789473684210525
2026-03-29,823079,26,3,3,40,6,101,STL,0.11538461538461539,0.11538461538461539,0.15
2026-03-30,823080,18,3,2,33,9,61,STL,0.16666666666666666,0.1111111111111111,0.2727272727272727
2026-03-31,823077,12,2,1,21,6,49,STL,0.16666666666666666,0.08333333333333333,0.2857142857142857
2026-04-01,823078,21,4,3,36,7,77,STL,0.19047619047619047,0.14285714285714285,0.19444444444444445
2026-04-03,824299,15,1,2,23,4,58,STL,0.06666666666666667,0.13333333333333333,0.17391304347826086
2026-04-04,824295,22,4,4,38,4,90,STL,0.18181818181818182,0.18181818181818182,0.10526315789473684
2026-04-05,824296,17,4,4,33,6,74,STL,0.23529411764705882,0.23529411764705882,0.18181818181818182
2026-04-06,822755,20,2,3,38,8,80,STL,0.1,0.15,0.21052631578947367
2026-04-07,822754,19,7,2,27,8,72,STL,0.3684210526315789,0.10526315789473684,0.2962962962962963
2026-04-08,822753,10,1,1,16,2,35,STL,0.1,0.1,0.125
2026-04-10,823076,11,3,0,14,5,39,STL,0.2727272727272727,0.0,0.35714285714285715
2026-04-11,823074,25,4,2,48,5,94,STL,0.16,0.08,0.10416666666666667
2026-04-12,823075,16,2,2,25,5,63,STL,0.125,0.125,0.2
2026-04-13,823073,19,4,2,30,7,71,STL,0.21052631578947367,0.10526315789473684,0.23333333333333334
2026-04-14,823072,21,4,2,40,5,93,STL,0.19047619047619047,0.09523809523809523,0.125
2026-04-15,823071,12,4,1,21,5,56,STL,0.3333333333333333,0.08333333333333333,0.23809523809523808
2026-04-17,824207,17,4,2,32,9,62,STL,0.23529411764705882,0.11764705882352941,0.28125
2026-04-18,824206,17,4,5,25,6,74,STL,0.23529411764705882,0.29411764705882354,0.24
2026-04-19,824205,17,2,1,36,3,77,STL,0.11764705882352941,0.058823529411764705,0.08333333333333333
2026-04-20,823879,11,1,4,17,2,45,STL,0.09090909090909091,0.36363636363636365,0.11764705882352941
2026-04-21,823880,18,4,3,34,10,82,STL,0.2222222222222222,0.16666666666666666,0.29411764705882354
2026-04-22,823878,13,3,0,19,5,43,STL,0.23076923076923078,0.0,0.2631578947368421
2026-04-24,823069,13,2,2,21,4,54,STL,0.15384615384615385,0.15384615384615385,0.19047619047619047
2026-04-25,823070,30,3,2,60,9,113,STL,0.1,0.06666666666666667,0.15
2026-04-26,823068,12,6,0,27,5,59,STL,0.5,0.0,0.18518518518518517
2026-04-27,823395,10,5,0,25,9,44,STL,0.5,0.0,0.36
2026-04-28,823390,14,4,1,25,2,54,STL,0.2857142857142857,0.07142857142857142,0.08
2026-04-29,823392,18,3,4,35,13,79,STL,0.16666666666666666,0.2222222222222222,0.37142857142857144
2026-04-30,823391,21,4,1,42,8,96,STL,0.19047619047619047,0.047619047619047616,0.19047619047619047
2026-05-01,823066,14,2,2,21,6,58,STL,0.14285714285714285,0.14285714285714285,0.2857142857142857
2026-05-02,823067,15,5,1,29,11,65,STL,0.3333333333333333,0.06666666666666667,0.3793103448275862
2026-05-03,823065,15,2,1,18,2,43,STL,0.13333333333333333,0.06666666666666667,0.1111111111111111
2026-05-04,823064,17,2,2,22,5,55,STL,0.11764705882352941,0.11764705882352941,0.22727272727272727
2026-05-06,823063,13,3,1,26,2,60,STL,0.23076923076923078,0.07692307692307693,0.07692307692307693
2026-05-07,823306,9,3,0,15,4,29,STL,0.3333333333333333,0.0,0.26666666666666666
2026-05-08,823303,9,1,0,18,5,32,STL,0.1111111111111111,0.0,0.2777777777777778
2026-05-09,823304,8,3,0,18,8,31,STL,0.375,0.0,0.4444444444444444
2026-05-10,823305,18,8,2,39,13,82,STL,0.4444444444444444,0.1111111111111111,0.3333333333333333
2026-05-12,825011,15,3,2,24,7,63,STL,0.2,0.13333333333333333,0.2916666666666667
2026-05-13,825010,13,1,0,19,1,42,STL,0.07692307692307693,0.0,0.05263157894736842
2026-05-14,825008,17,5,2,27,9,62,STL,0.29411764705882354,0.11764705882352941,0.3333333333333333
2026-05-15,823061,20,4,2,27,9,69,STL,0.2,0.1,0.3333333333333333
2026-05-16,823060,11,0,0,14,2,34,STL,0.0,0.0,0.14285714285714285
2026-05-17,823058,10,2,2,17,4,38,STL,0.2,0.2,0.23529411764705882
2026-05-19,823059,23,4,2,41,8,92,STL,0.17391304347826086,0.08695652173913043,0.1951219512195122
2026-05-20,823057,19,5,2,45,10,85,STL,0.2631578947368421,0.10526315789473684,0.2222222222222222
2026-05-21,823056,14,2,0,22,4,44,STL,0.14285714285714285,0.0,0.18181818181818182
2026-05-23,824516,22,8,2,38,9,90,STL,0.36363636363636365,0.09090909090909091,0.23684210526315788
2026-05-23,824518,11,3,2,20,6,41,STL,0.2727272727272727,0.18181818181818182,0.3
2026-05-25,823784,14,2,2,22,3,59,STL,0.14285714285714285,0.14285714285714285,0.13636363636363635
2026-05-26,823785,15,6,1,25,7,59,STL,0.4,0.06666666666666667,0.28
2026-05-27,823783,5,1,0,5,0,15,STL,0.2,0.0,0.0
2026-05-29,823055,22,5,0,34,9,79,STL,0.22727272727272727,0.0,0.2647058823529412
2026-05-30,823054,26,3,3,37,7,85,STL,0.11538461538461539,0.11538461538461539,0.1891891891891892
2026-05-31,823053,15,4,0,29,5,61,STL,0.26666666666666666,0.0,0.1724137931034483
2026-06-01,823050,13,4,0,25,7,48,STL,0.3076923076923077,0.0,0.28
2026-06-02,823052,16,6,1,32,7,66,STL,0.375,0.0625,0.21875
2026-06-03,823051,15,3,2,31,8,61,STL,0.2,0.13333333333333333,0.25806451612903225
2026-06-05,823049,19,6,2,41,6,78,STL,0.3157894736842105,0.10526315789473684,0.14634146341463414
2026-06-06,823048,19,2,1,24,5,66,STL,0.10526315789473684,0.05263157894736842,0.20833333333333334
2026-06-07,823047,14,4,0,26,7,49,STL,0.2857142857142857,0.0,0.2692307692307692
2026-06-09,823620,10,3,0,20,4,32,STL,0.3,0.0,0.2
2026-06-10,823618,10,2,0,10,1,27,STL,0.2,0.0,0.1
2026-06-11,823619,14,4,0,24,9,50,STL,0.2857142857142857,0.0,0.375
2026-06-12,823695,14,1,2,21,2,44,STL,0.07142857142857142,0.14285714285714285,0.09523809523809523
2026-06-13,823694,19,4,4,31,5,73,STL,0.21052631578947367,0.21052631578947367,0.16129032258064516
2026-06-14,823693,13,4,1,24,10,53,STL,0.3076923076923077,0.07692307692307693,0.4166666666666667
2026-06-16,823045,7,2,1,16,5,32,STL,0.2857142857142857,0.14285714285714285,0.3125
2026-06-17,823044,19,2,2,33,5,70,STL,0.10526315789473684,0.10526315789473684,0.15151515151515152
2026-06-18,824098,31,3,2,61,6,119,STL,0.0967741935483871,0.06451612903225806,0.09836065573770492
2026-06-19,824097,12,1,2,20,3,41,STL,0.08333333333333333,0.16666666666666666,0.15
2026-06-21,824095,32,7,3,45,12,102,STL,0.21875,0.09375,0.26666666666666666
2026-06-22,823040,11,0,0,19,1,42,STL,0.0,0.0,0.05263157894736842
2026-06-23,823043,15,2,4,32,4,82,STL,0.13333333333333333,0.26666666666666666,0.125
2026-06-24,823041,19,2,3,34,7,75,STL,0.10526315789473684,0.15789473684210525,0.20588235294117646
2026-06-26,823039,16,0,4,23,3,67,STL,0.0,0.25,0.13043478260869565
2026-06-27,823038,10,2,1,13,4,32,STL,0.2,0.1,0.3076923076923077
2026-06-28,823037,13,4,0,26,7,54,STL,0.3076923076923077,0.0,0.2692307692307692
2026-06-30,824907,20,3,3,38,7,84,STL,0.15,0.15,0.18421052631578946
2026-07-01,824905,13,2,3,20,4,48,STL,0.15384615384615385,0.23076923076923078,0.2
2026-03-26,823081,20,1,0,40,8,76,TB,0.05,0.0,0.2
2026-03-28,823082,16,4,2,27,7,63,TB,0.25,0.125,0.25925925925925924
2026-03-29,823079,19,3,2,34,9,67,TB,0.15789473684210525,0.10526315789473684,0.2647058823529412
2026-03-30,823809,12,4,1,17,7,46,TB,0.3333333333333333,0.08333333333333333,0.4117647058823529
2026-03-31,823807,17,2,1,25,4,65,TB,0.11764705882352941,0.058823529411764705,0.16
2026-04-01,823806,16,2,1,36,9,65,TB,0.125,0.0625,0.25
2026-04-03,823732,16,3,3,33,12,73,TB,0.1875,0.1875,0.36363636363636365
2026-04-04,823730,12,4,2,16,4,49,TB,0.3333333333333333,0.16666666666666666,0.25
2026-04-05,823729,14,3,1,26,7,63,TB,0.21428571428571427,0.07142857142857142,0.2692307692307692
2026-04-06,823002,18,4,0,30,8,69,TB,0.2222222222222222,0.0,0.26666666666666666
2026-04-07,822999,26,3,2,38,4,95,TB,0.11538461538461539,0.07692307692307693,0.10526315789473684
2026-04-08,823000,17,4,1,28,6,61,TB,0.23529411764705882,0.058823529411764705,0.21428571428571427
2026-04-10,822997,15,5,0,30,13,60,TB,0.3333333333333333,0.0,0.43333333333333335
2026-04-11,822996,23,5,3,34,11,81,TB,0.21739130434782608,0.13043478260869565,0.3235294117647059
2026-04-12,822998,16,1,1,26,4,57,TB,0.0625,0.0625,0.15384615384615385
2026-04-14,824616,18,2,3,32,6,70,TB,0.1111111111111111,0.16666666666666666,0.1875
2026-04-15,824615,29,5,4,50,11,114,TB,0.1724137931034483,0.13793103448275862,0.22
2026-04-16,824614,15,3,3,30,8,68,TB,0.2,0.2,0.26666666666666666
2026-04-17,823397,13,3,2,29,10,58,TB,0.23076923076923078,0.15384615384615385,0.3448275862068966
2026-04-18,823394,39,11,3,75,21,158,TB,0.28205128205128205,0.07692307692307693,0.28
2026-04-19,823393,16,4,0,29,8,64,TB,0.25,0.0,0.27586206896551724
2026-04-20,822994,12,2,0,18,4,40,TB,0.16666666666666666,0.0,0.2222222222222222
2026-04-21,822995,32,7,6,51,12,124,TB,0.21875,0.1875,0.23529411764705882
2026-04-22,822993,3,1,0,9,2,13,TB,0.3333333333333333,0.0,0.2222222222222222
2026-04-24,822992,14,2,1,29,6,55,TB,0.14285714285714285,0.07142857142857142,0.20689655172413793
2026-04-25,822989,15,4,0,37,6,60,TB,0.26666666666666666,0.0,0.16216216216216217
2026-04-26,822991,28,4,3,62,10,114,TB,0.14285714285714285,0.10714285714285714,0.16129032258064516
2026-04-27,824446,9,4,1,17,6,41,TB,0.4444444444444444,0.1111111111111111,0.35294117647058826
2026-04-28,824447,10,3,1,12,3,34,TB,0.3,0.1,0.25
2026-04-29,824445,13,1,1,25,4,48,TB,0.07692307692307693,0.07692307692307693,0.16
2026-05-01,822990,10,2,0,21,3,36,TB,0.2,0.0,0.14285714285714285
2026-05-02,822988,24,5,0,47,8,86,TB,0.20833333333333334,0.0,0.1702127659574468
2026-05-03,822987,14,4,0,25,8,45,TB,0.2857142857142857,0.0,0.32
2026-05-04,822984,17,4,1,35,8,65,TB,0.23529411764705882,0.058823529411764705,0.22857142857142856
2026-05-05,822986,12,2,1,16,4,43,TB,0.16666666666666666,0.08333333333333333,0.25
2026-05-06,822985,12,3,0,24,4,47,TB,0.25,0.0,0.16666666666666666
2026-05-07,824767,17,3,0,38,5,69,TB,0.17647058823529413,0.0,0.13157894736842105
2026-05-08,824768,13,3,0,24,7,46,TB,0.23076923076923078,0.0,0.2916666666666667
2026-05-10,824765,12,5,1,33,8,60,TB,0.4166666666666667,0.08333333333333333,0.24242424242424243
2026-05-11,822818,12,4,1,29,5,49,TB,0.3333333333333333,0.08333333333333333,0.1724137931034483
2026-05-12,822817,23,5,2,41,9,86,TB,0.21739130434782608,0.08695652173913043,0.21951219512195122
2026-05-13,822815,21,2,6,41,7,89,TB,0.09523809523809523,0.2857142857142857,0.17073170731707318
2026-05-15,822983,27,4,0,42,8,87,TB,0.14814814814814814,0.0,0.19047619047619047
2026-05-16,822981,22,6,2,36,10,75,TB,0.2727272727272727,0.09090909090909091,0.2777777777777778
2026-05-17,822982,15,3,1,27,5,49,TB,0.2,0.06666666666666667,0.18518518518518517
2026-05-18,822980,20,5,1,29,4,69,TB,0.25,0.05,0.13793103448275862
2026-05-19,822979,13,3,1,22,5,48,TB,0.23076923076923078,0.07692307692307693,0.22727272727272727
2026-05-20,822977,22,4,1,34,6,69,TB,0.18181818181818182,0.045454545454545456,0.17647058823529413
2026-05-22,823546,12,3,1,24,6,52,TB,0.25,0.08333333333333333,0.25
2026-05-24,823544,5,0,1,6,0,14,TB,0.0,0.2,0.0
2026-05-25,824838,33,6,2,58,8,129,TB,0.18181818181818182,0.06060606060606061,0.13793103448275862
2026-05-26,824837,24,6,2,49,10,94,TB,0.25,0.08333333333333333,0.20408163265306123
2026-05-27,824836,23,3,0,44,4,74,TB,0.13043478260869565,0.0,0.09090909090909091
2026-05-29,822978,12,3,4,26,7,55,TB,0.25,0.3333333333333333,0.2692307692307692
2026-05-30,822975,28,3,4,53,8,113,TB,0.10714285714285714,0.14285714285714285,0.1509433962264151
2026-05-31,822976,17,3,0,29,5,53,TB,0.17647058823529413,0.0,0.1724137931034483
2026-06-01,822974,25,3,2,37,11,84,TB,0.12,0.08,0.2972972972972973
2026-06-02,822971,30,4,3,48,12,113,TB,0.13333333333333333,0.1,0.25
2026-06-03,822973,19,3,0,42,10,82,TB,0.15789473684210525,0.0,0.23809523809523808
2026-06-05,823860,8,5,1,21,8,35,TB,0.625,0.125,0.38095238095238093
2026-06-06,823859,11,5,1,25,9,45,TB,0.45454545454545453,0.09090909090909091,0.36
2026-06-07,823857,16,4,3,37,10,80,TB,0.25,0.1875,0.2702702702702703
2026-06-08,822972,19,5,0,33,6,63,TB,0.2631578947368421,0.0,0.18181818181818182
2026-06-09,822969,6,0,0,9,0,19,TB,0.0,0.0,0.0
2026-06-10,822970,12,2,2,26,3,52,TB,0.16666666666666666,0.16666666666666666,0.11538461538461539
2026-06-12,824020,18,3,1,39,6,69,TB,0.16666666666666666,0.05555555555555555,0.15384615384615385
2026-06-13,824019,21,6,2,48,12,90,TB,0.2857142857142857,0.09523809523809523,0.25
2026-06-14,824021,33,10,5,55,18,135,TB,0.30303030303030304,0.15151515151515152,0.32727272727272727
2026-06-15,823938,11,3,1,18,2,33,TB,0.2727272727272727,0.09090909090909091,0.1111111111111111
2026-06-16,823939,3,1,0,5,1,7,TB,0.3333333333333333,0.0,0.2
2026-06-17,823940,21,2,3,41,8,82,TB,0.09523809523809523,0.14285714285714285,0.1951219512195122
2026-06-19,822966,14,2,0,32,4,57,TB,0.14285714285714285,0.0,0.125
2026-06-20,822967,15,4,0,26,6,60,TB,0.26666666666666666,0.0,0.23076923076923078
2026-06-21,822968,10,4,0,21,4,47,TB,0.4,0.0,0.19047619047619047
2026-06-22,822964,9,2,0,18,1,36,TB,0.2222222222222222,0.0,0.05555555555555555
2026-06-23,822963,17,2,0,26,4,54,TB,0.11764705882352941,0.0,0.15384615384615385
2026-06-24,822965,14,5,0,28,6,59,TB,0.35714285714285715,0.0,0.21428571428571427
2026-06-25,822961,26,9,2,61,14,115,TB,0.34615384615384615,0.07692307692307693,0.22950819672131148
2026-06-26,822962,12,1,1,27,3,52,TB,0.08333333333333333,0.08333333333333333,0.1111111111111111
2026-06-27,822960,25,7,0,40,9,99,TB,0.28,0.0,0.225
2026-06-28,822959,11,4,0,20,5,40,TB,0.36363636363636365,0.0,0.25
2026-06-30,824096,11,2,1,21,4,44,TB,0.18181818181818182,0.09090909090909091,0.19047619047619047
2026-07-01,824094,13,3,1,25,7,42,TB,0.23076923076923078,0.07692307692307693,0.28
2026-03-26,823486,14,3,1,29,5,63,TEX,0.21428571428571427,0.07142857142857142,0.1724137931034483
2026-03-28,823488,26,8,2,42,12,100,TEX,0.3076923076923077,0.07692307692307693,0.2857142857142857
2026-03-29,823487,15,3,5,29,9,71,TEX,0.2,0.3333333333333333,0.3103448275862069
2026-03-30,824863,11,3,0,19,6,31,TEX,0.2727272727272727,0.0,0.3157894736842105
2026-03-31,824861,18,4,1,33,9,63,TEX,0.2222222222222222,0.05555555555555555,0.2727272727272727
2026-04-01,824860,19,2,3,34,7,75,TEX,0.10526315789473684,0.15789473684210525,0.20588235294117646
2026-04-03,822919,13,2,0,24,3,52,TEX,0.15384615384615385,0.0,0.125
2026-04-04,822920,14,4,0,25,6,56,TEX,0.2857142857142857,0.0,0.24
2026-04-05,822917,19,3,3,29,8,68,TEX,0.15789473684210525,0.15789473684210525,0.27586206896551724
2026-04-06,822918,14,1,1,19,2,55,TEX,0.07142857142857142,0.07142857142857142,0.10526315789473684
2026-04-07,822916,11,2,0,21,4,38,TEX,0.18181818181818182,0.0,0.19047619047619047
2026-04-08,822915,13,4,0,25,6,49,TEX,0.3076923076923077,0.0,0.24
2026-04-10,823968,20,2,1,42,11,84,TEX,0.1,0.05,0.2619047619047619
2026-04-11,823967,17,4,2,38,8,73,TEX,0.23529411764705882,0.11764705882352941,0.21052631578947367
2026-04-12,823966,14,3,3,15,5,55,TEX,0.21428571428571427,0.21428571428571427,0.3333333333333333
2026-04-13,825024,8,1,0,11,2,19,TEX,0.125,0.0,0.18181818181818182
2026-04-14,825022,13,6,2,25,9,56,TEX,0.46153846153846156,0.15384615384615385,0.36
2026-04-15,825021,15,5,2,38,9,72,TEX,0.3333333333333333,0.13333333333333333,0.23684210526315788
2026-04-16,825023,16,0,0,31,1,68,TEX,0.0,0.0,0.03225806451612903
2026-04-17,823152,19,4,3,31,8,72,TEX,0.21052631578947367,0.15789473684210525,0.25806451612903225
2026-04-18,823151,13,5,2,31,9,65,TEX,0.38461538461538464,0.15384615384615385,0.2903225806451613
2026-04-19,823150,14,2,3,15,1,55,TEX,0.14285714285714285,0.21428571428571427,0.06666666666666667
2026-04-21,822914,11,4,0,23,7,39,TEX,0.36363636363636365,0.0,0.30434782608695654
2026-04-22,822913,17,4,0,32,4,64,TEX,0.23529411764705882,0.0,0.125
2026-04-23,822912,12,3,1,18,5,47,TEX,0.25,0.08333333333333333,0.2777777777777778
2026-04-24,822909,12,2,0,22,2,45,TEX,0.16666666666666666,0.0,0.09090909090909091
2026-04-25,822910,13,3,0,29,7,46,TEX,0.23076923076923078,0.0,0.2413793103448276
2026-04-26,822911,15,2,1,26,5,51,TEX,0.13333333333333333,0.06666666666666667,0.19230769230769232
2026-04-27,822906,12,1,2,17,2,56,TEX,0.08333333333333333,0.16666666666666666,0.11764705882352941
2026-04-28,822908,11,2,0,22,3,46,TEX,0.18181818181818182,0.0,0.13636363636363635
2026-04-29,822907,7,1,0,9,1,27,TEX,0.14285714285714285,0.0,0.1111111111111111
2026-05-01,824287,20,3,1,43,11,85,TEX,0.15,0.05,0.2558139534883721
2026-05-02,824284,25,5,3,52,10,107,TEX,0.2,0.12,0.19230769230769232
2026-05-03,824285,7,2,0,15,1,27,TEX,0.2857142857142857,0.0,0.06666666666666667
2026-05-05,823553,9,0,1,17,1,36,TEX,0.0,0.1111111111111111,0.058823529411764705
2026-05-06,823550,4,1,1,8,0,21,TEX,0.25,0.25,0.0
2026-05-07,823551,18,2,3,29,10,74,TEX,0.1111111111111111,0.16666666666666666,0.3448275862068966
2026-05-08,822904,24,3,3,42,8,100,TEX,0.125,0.125,0.19047619047619047
2026-05-09,822905,15,3,1,27,8,59,TEX,0.2,0.06666666666666667,0.2962962962962963
2026-05-10,822902,6,1,0,10,1,20,TEX,0.16666666666666666,0.0,0.1
2026-05-11,822901,25,6,1,37,10,79,TEX,0.24,0.04,0.2702702702702703
2026-05-12,822903,7,0,3,10,2,32,TEX,0.0,0.42857142857142855,0.2
2026-05-13,822900,24,3,4,49,6,102,TEX,0.125,0.16666666666666666,0.12244897959183673
2026-05-15,824194,6,3,0,12,5,24,TEX,0.5,0.0,0.4166666666666667
2026-05-16,824193,6,1,1,10,2,25,TEX,0.16666666666666666,0.16666666666666666,0.2
2026-05-17,824192,6,2,0,10,5,17,TEX,0.3333333333333333,0.0,0.5
2026-05-18,824357,28,4,2,45,11,97,TEX,0.14285714285714285,0.07142857142857142,0.24444444444444444
2026-05-19,824356,29,7,3,53,17,106,TEX,0.2413793103448276,0.10344827586206896,0.32075471698113206
2026-05-20,824355,13,6,0,31,12,60,TEX,0.46153846153846156,0.0,0.3870967741935484
2026-05-22,824029,23,0,1,31,1,66,TEX,0.0,0.043478260869565216,0.03225806451612903
2026-05-23,824030,7,0,1,17,0,34,TEX,0.0,0.14285714285714285,0.0
2026-05-24,824028,12,5,0,24,7,51,TEX,0.4166666666666667,0.0,0.2916666666666667
2026-05-25,822899,22,2,1,29,5,57,TEX,0.09090909090909091,0.045454545454545456,0.1724137931034483
2026-05-26,822898,13,3,0,24,7,39,TEX,0.23076923076923078,0.0,0.2916666666666667
2026-05-27,822897,16,2,2,23,4,63,TEX,0.125,0.125,0.17391304347826086
2026-05-28,822896,7,1,0,17,3,29,TEX,0.14285714285714285,0.0,0.17647058823529413
2026-05-29,822894,11,2,2,17,3,43,TEX,0.18181818181818182,0.18181818181818182,0.17647058823529413
2026-05-30,822893,18,5,1,32,5,67,TEX,0.2777777777777778,0.05555555555555555,0.15625
2026-05-31,822895,17,2,2,25,7,51,TEX,0.11764705882352941,0.11764705882352941,0.28
2026-06-01,823050,13,6,0,32,11,53,TEX,0.46153846153846156,0.0,0.34375
2026-06-02,823052,11,3,0,21,7,38,TEX,0.2727272727272727,0.0,0.3333333333333333
2026-06-03,823051,12,3,0,18,1,44,TEX,0.25,0.0,0.05555555555555555
2026-06-05,822892,14,6,1,32,8,67,TEX,0.42857142857142855,0.07142857142857142,0.25
2026-06-06,822891,19,2,1,36,3,74,TEX,0.10526315789473684,0.05263157894736842,0.08333333333333333
2026-06-07,822890,12,2,0,24,5,37,TEX,0.16666666666666666,0.0,0.20833333333333334
2026-06-09,824105,11,0,0,19,2,36,TEX,0.0,0.0,0.10526315789473684
2026-06-10,824103,20,5,1,36,6,69,TEX,0.25,0.05,0.16666666666666666
2026-06-11,824101,13,4,1,18,4,41,TEX,0.3076923076923077,0.07692307692307693,0.2222222222222222
2026-06-12,824752,16,1,1,39,7,64,TEX,0.0625,0.0625,0.1794871794871795
2026-06-13,824749,12,3,1,26,5,56,TEX,0.25,0.08333333333333333,0.19230769230769232
2026-06-14,824751,9,3,0,18,4,40,TEX,0.3333333333333333,0.0,0.2222222222222222
2026-06-15,822887,6,1,0,9,1,14,TEX,0.16666666666666666,0.0,0.1111111111111111
2026-06-16,822888,28,2,1,44,7,95,TEX,0.07142857142857142,0.03571428571428571,0.1590909090909091
2026-06-18,822889,22,4,1,42,7,83,TEX,0.18181818181818182,0.045454545454545456,0.16666666666666666
2026-06-19,822886,13,1,0,20,2,42,TEX,0.07692307692307693,0.0,0.1
2026-06-20,822885,20,3,2,37,9,72,TEX,0.15,0.1,0.24324324324324326
2026-06-21,822883,11,3,1,17,2,38,TEX,0.2727272727272727,0.09090909090909091,0.11764705882352941
2026-06-22,823851,32,12,1,63,28,136,TEX,0.375,0.03125,0.4444444444444444
2026-06-23,823849,30,5,3,51,12,99,TEX,0.16666666666666666,0.1,0.23529411764705882
2026-06-24,823850,9,3,1,14,6,32,TEX,0.3333333333333333,0.1111111111111111,0.42857142857142855
2026-06-25,822797,8,3,0,22,8,43,TEX,0.375,0.0,0.36363636363636365
2026-06-26,822796,12,2,2,27,4,53,TEX,0.16666666666666666,0.16666666666666666,0.14814814814814814
2026-06-27,822794,23,6,0,49,13,95,TEX,0.2608695652173913,0.0,0.2653061224489796
2026-06-28,822795,11,3,0,18,4,38,TEX,0.2727272727272727,0.0,0.2222222222222222
2026-06-29,824420,34,3,0,61,13,118,TEX,0.08823529411764706,0.0,0.21311475409836064
2026-06-30,824418,7,3,0,12,5,23,TEX,0.42857142857142855,0.0,0.4166666666666667
2026-07-01,824419,14,1,1,19,2,45,TEX,0.07142857142857142,0.07142857142857142,0.10526315789473684
2026-03-27,822839,13,5,2,26,9,51,TOR,0.38461538461538464,0.15384615384615385,0.34615384615384615
2026-03-28,822838,23,7,3,31,10,84,TOR,0.30434782608695654,0.13043478260869565,0.3225806451612903
2026-03-29,822837,13,6,0,30,13,46,TOR,0.46153846153846156,0.0,0.43333333333333335
2026-03-30,822834,40,7,3,64,12,138,TOR,0.175,0.075,0.1875
2026-03-31,822836,11,2,0,26,8,53,TOR,0.18181818181818182,0.0,0.3076923076923077
2026-04-01,822835,19,7,2,39,14,73,TOR,0.3684210526315789,0.10526315789473684,0.358974358974359
2026-04-03,824621,21,5,0,38,13,83,TOR,0.23809523809523808,0.0,0.34210526315789475
2026-04-04,824622,28,6,3,60,13,125,TOR,0.21428571428571427,0.10714285714285714,0.21666666666666667
2026-04-05,824620,24,6,1,39,10,93,TOR,0.25,0.041666666666666664,0.2564102564102564
2026-04-06,822832,41,6,4,77,11,165,TOR,0.14634146341463414,0.0975609756097561,0.14285714285714285
2026-04-07,822831,15,6,0,30,7,61,TOR,0.4,0.0,0.23333333333333334
2026-04-08,822833,18,5,3,29,5,72,TOR,0.2777777777777778,0.16666666666666666,0.1724137931034483
2026-04-10,822829,17,9,1,30,4,80,TOR,0.5294117647058824,0.058823529411764705,0.13333333333333333
2026-04-11,822830,12,2,1,22,4,43,TOR,0.16666666666666666,0.08333333333333333,0.18181818181818182
2026-04-12,822828,23,9,0,45,18,77,TOR,0.391304347826087,0.0,0.4
2026-04-14,823802,25,7,3,44,11,102,TOR,0.28,0.12,0.25
2026-04-15,823803,11,0,0,17,3,38,TOR,0.0,0.0,0.17647058823529413
2026-04-16,823801,12,2,2,16,3,39,TOR,0.16666666666666666,0.16666666666666666,0.1875
2026-04-17,825101,34,6,2,64,8,127,TOR,0.17647058823529413,0.058823529411764705,0.125
2026-04-18,825098,10,2,1,15,2,35,TOR,0.2,0.1,0.13333333333333333
2026-04-19,825100,11,1,0,20,5,37,TOR,0.09090909090909091,0.0,0.25
2026-04-20,824046,14,6,1,31,7,58,TOR,0.42857142857142855,0.07142857142857142,0.22580645161290322
2026-04-21,824045,15,2,0,37,8,60,TOR,0.13333333333333333,0.0,0.21621621621621623
2026-04-22,824044,16,5,3,35,11,67,TOR,0.3125,0.1875,0.3142857142857143
2026-04-24,822827,25,8,1,36,6,87,TOR,0.32,0.04,0.16666666666666666
2026-04-25,822826,11,4,1,27,6,52,TOR,0.36363636363636365,0.09090909090909091,0.2222222222222222
2026-04-26,822824,18,6,2,37,9,77,TOR,0.3333333333333333,0.1111111111111111,0.24324324324324326
2026-04-27,822825,13,3,1,21,4,49,TOR,0.23076923076923078,0.07692307692307693,0.19047619047619047
2026-04-28,822823,12,6,1,27,6,52,TOR,0.5,0.08333333333333333,0.2222222222222222
2026-04-29,822821,18,5,1,29,6,60,TOR,0.2777777777777778,0.05555555555555555,0.20689655172413793
2026-04-30,823714,12,4,2,22,10,50,TOR,0.3333333333333333,0.16666666666666666,0.45454545454545453
2026-05-01,823713,16,6,1,33,14,61,TOR,0.375,0.0625,0.42424242424242425
2026-05-02,823715,6,0,0,15,1,27,TOR,0.0,0.0,0.06666666666666667
2026-05-03,823711,16,3,1,32,7,58,TOR,0.1875,0.0625,0.21875
2026-05-04,822984,15,3,0,31,5,63,TOR,0.2,0.0,0.16129032258064516
2026-05-05,822986,11,2,0,20,1,46,TOR,0.18181818181818182,0.0,0.05
2026-05-06,822985,12,2,2,27,3,60,TOR,0.16666666666666666,0.16666666666666666,0.1111111111111111
2026-05-08,822822,7,1,0,12,2,24,TOR,0.14285714285714285,0.0,0.16666666666666666
2026-05-09,822820,20,3,0,41,8,68,TOR,0.15,0.0,0.1951219512195122
2026-05-10,822819,24,4,2,47,9,88,TOR,0.16666666666666666,0.08333333333333333,0.19148936170212766
2026-05-11,822818,16,2,1,23,2,64,TOR,0.125,0.0625,0.08695652173913043
2026-05-12,822817,25,7,5,53,10,126,TOR,0.28,0.2,0.18867924528301888
2026-05-13,822815,16,3,2,23,3,57,TOR,0.1875,0.125,0.13043478260869565
2026-05-15,824280,12,3,1,22,8,49,TOR,0.25,0.08333333333333333,0.36363636363636365
2026-05-16,824278,35,11,2,69,22,133,TOR,0.3142857142857143,0.05714285714285714,0.3188405797101449
2026-05-17,824279,13,2,2,22,2,55,TOR,0.15384615384615385,0.15384615384615385,0.09090909090909091
2026-05-18,823549,18,2,1,34,9,79,TOR,0.1111111111111111,0.05555555555555555,0.2647058823529412
2026-05-19,823548,13,3,2,18,7,42,TOR,0.23076923076923078,0.15384615384615385,0.3888888888888889
2026-05-20,823547,13,3,0,25,4,50,TOR,0.23076923076923078,0.0,0.16
2026-05-21,823545,27,10,2,50,12,103,TOR,0.37037037037037035,0.07407407407407407,0.24
2026-05-22,822816,9,3,1,21,4,39,TOR,0.3333333333333333,0.1111111111111111,0.19047619047619047
2026-05-23,822814,13,5,3,27,10,57,TOR,0.38461538461538464,0.23076923076923078,0.37037037037037035
2026-05-24,822813,18,4,3,25,6,64,TOR,0.2222222222222222,0.16666666666666666,0.24
2026-05-25,822812,12,2,1,20,3,48,TOR,0.16666666666666666,0.08333333333333333,0.15
2026-05-26,822811,30,4,3,54,9,115,TOR,0.13333333333333333,0.1,0.16666666666666666
2026-05-27,822809,14,2,0,27,10,59,TOR,0.14285714285714285,0.0,0.37037037037037035
2026-05-28,824834,15,4,0,30,9,60,TOR,0.26666666666666666,0.0,0.3
2026-05-29,824835,32,2,4,47,10,123,TOR,0.0625,0.125,0.2127659574468085
2026-05-30,824833,19,3,4,25,6,70,TOR,0.15789473684210525,0.21052631578947367,0.24
2026-05-31,824832,21,4,2,38,5,84,TOR,0.19047619047619047,0.09523809523809523,0.13157894736842105
2026-06-02,824918,7,1,0,16,5,32,TOR,0.14285714285714285,0.0,0.3125
2026-06-03,824917,12,0,1,18,1,50,TOR,0.0,0.08333333333333333,0.05555555555555555
2026-06-04,824919,28,5,2,53,13,115,TOR,0.17857142857142858,0.07142857142857142,0.24528301886792453
2026-06-05,822810,21,4,2,36,7,84,TOR,0.19047619047619047,0.09523809523809523,0.19444444444444445
2026-06-06,822808,30,10,1,61,15,125,TOR,0.3333333333333333,0.03333333333333333,0.2459016393442623
2026-06-07,822807,16,5,2,29,10,62,TOR,0.3125,0.125,0.3448275862068966
2026-06-08,822806,20,5,1,33,7,78,TOR,0.25,0.05,0.21212121212121213
2026-06-09,822805,12,4,1,20,5,39,TOR,0.3333333333333333,0.08333333333333333,0.25
2026-06-10,822804,24,5,2,62,9,112,TOR,0.20833333333333334,0.08333333333333333,0.14516129032258066
2026-06-12,822803,16,5,1,35,6,62,TOR,0.3125,0.0625,0.17142857142857143
2026-06-13,822802,10,2,0,21,4,35,TOR,0.2,0.0,0.19047619047619047
2026-06-14,822801,25,5,4,39,11,92,TOR,0.2,0.16,0.28205128205128205
2026-06-16,824750,18,5,2,31,10,61,TOR,0.2777777777777778,0.1111111111111111,0.3225806451612903
2026-06-17,824746,34,6,5,60,10,134,TOR,0.17647058823529413,0.14705882352941177,0.16666666666666666
2026-06-18,824748,6,0,0,11,3,19,TOR,0.0,0.0,0.2727272727272727
2026-06-19,824663,38,1,7,61,7,141,TOR,0.02631578947368421,0.18421052631578946,0.11475409836065574
2026-06-20,824665,24,3,4,36,6,93,TOR,0.125,0.16666666666666666,0.16666666666666666
2026-06-22,822800,12,1,2,17,2,37,TOR,0.08333333333333333,0.16666666666666666,0.11764705882352941
2026-06-23,822799,32,8,1,57,11,125,TOR,0.25,0.03125,0.19298245614035087
2026-06-24,822798,15,3,2,21,4,49,TOR,0.2,0.13333333333333333,0.19047619047619047
2026-06-25,822797,11,1,4,12,1,43,TOR,0.09090909090909091,0.36363636363636365,0.08333333333333333
2026-06-26,822796,18,5,2,38,6,76,TOR,0.2777777777777778,0.1111111111111111,0.15789473684210525
2026-06-27,822794,21,3,1,51,7,79,TOR,0.14285714285714285,0.047619047619047616,0.13725490196078433
2026-06-28,822795,16,6,2,39,9,72,TOR,0.375,0.125,0.23076923076923078
2026-06-29,822792,11,2,1,13,3,38,TOR,0.18181818181818182,0.09090909090909091,0.23076923076923078
2026-06-30,822793,12,4,1,22,6,49,TOR,0.3333333333333333,0.08333333333333333,0.2727272727272727
2026-07-01,822791,29,10,1,54,13,120,TOR,0.3448275862068966,0.034482758620689655,0.24074074074074073
2026-03-26,824704,23,4,3,47,8,107,WSH,0.17391304347826086,0.13043478260869565,0.1702127659574468
2026-03-28,824701,16,3,3,18,4,61,WSH,0.1875,0.1875,0.2222222222222222
2026-03-29,824700,14,3,1,19,3,40,WSH,0.21428571428571427,0.07142857142857142,0.15789473684210525
2026-03-30,823484,18,4,2,33,10,69,WSH,0.2222222222222222,0.1111111111111111,0.30303030303030304
2026-03-31,823485,29,1,2,49,10,98,WSH,0.034482758620689655,0.06896551724137931,0.20408163265306123
2026-04-01,823483,20,1,3,31,4,78,WSH,0.05,0.15,0.12903225806451613
2026-04-03,822758,23,4,4,31,7,83,WSH,0.17391304347826086,0.17391304347826086,0.22580645161290322
2026-04-04,822757,24,4,1,45,7,91,WSH,0.16666666666666666,0.041666666666666664,0.15555555555555556
2026-04-05,822756,20,4,2,39,6,87,WSH,0.2,0.1,0.15384615384615385
2026-04-06,822755,20,2,4,32,4,83,WSH,0.1,0.2,0.125
2026-04-07,822754,27,5,5,46,10,109,WSH,0.18518518518518517,0.18518518518518517,0.21739130434782608
2026-04-08,822753,25,6,4,64,17,134,WSH,0.24,0.16,0.265625
2026-04-10,823808,14,2,0,28,4,56,WSH,0.14285714285714285,0.0,0.14285714285714285
2026-04-11,823805,16,6,1,18,5,59,WSH,0.375,0.0625,0.2777777777777778
2026-04-12,823804,17,2,2,27,6,61,WSH,0.11764705882352941,0.11764705882352941,0.2222222222222222
2026-04-13,823400,38,7,4,60,14,136,WSH,0.18421052631578946,0.10526315789473684,0.23333333333333334
2026-04-14,823398,34,6,4,62,19,132,WSH,0.17647058823529413,0.11764705882352941,0.3064516129032258
2026-04-15,823399,10,2,0,21,5,39,WSH,0.2,0.0,0.23809523809523808
2026-04-16,823396,22,4,2,45,11,84,WSH,0.18181818181818182,0.09090909090909091,0.24444444444444444
2026-04-17,822752,21,3,2,39,6,89,WSH,0.14285714285714285,0.09523809523809523,0.15384615384615385
2026-04-18,822751,33,6,0,63,14,125,WSH,0.18181818181818182,0.0,0.2222222222222222
2026-04-19,822750,33,9,1,64,15,123,WSH,0.2727272727272727,0.030303030303030304,0.234375
2026-04-20,822749,21,2,3,39,8,77,WSH,0.09523809523809523,0.14285714285714285,0.20512820512820512
2026-04-21,822747,14,3,2,23,8,57,WSH,0.21428571428571427,0.14285714285714285,0.34782608695652173
2026-04-22,822748,9,0,1,14,4,35,WSH,0.0,0.1111111111111111,0.2857142857142857
2026-04-23,822745,21,5,2,38,11,75,WSH,0.23809523809523808,0.09523809523809523,0.2894736842105263
2026-04-24,824611,30,2,4,42,3,104,WSH,0.06666666666666667,0.13333333333333333,0.07142857142857142
2026-04-25,824613,21,5,4,36,10,71,WSH,0.23809523809523808,0.19047619047619047,0.2777777777777778
2026-04-26,824612,12,5,0,19,6,43,WSH,0.4166666666666667,0.0,0.3157894736842105
2026-04-28,823636,16,2,2,23,2,59,WSH,0.125,0.125,0.08695652173913043
2026-04-29,823633,11,2,0,17,2,40,WSH,0.18181818181818182,0.0,0.11764705882352941
2026-04-30,823634,20,1,1,34,6,68,WSH,0.05,0.05,0.17647058823529413
2026-05-01,822744,21,2,1,39,5,84,WSH,0.09523809523809523,0.047619047619047616,0.1282051282051282
2026-05-02,822746,15,3,1,31,6,65,WSH,0.2,0.06666666666666667,0.1935483870967742
2026-05-03,822742,25,4,1,32,6,85,WSH,0.16,0.04,0.1875
2026-05-05,822743,24,2,3,40,8,92,WSH,0.08333333333333333,0.125,0.2
2026-05-06,822740,12,2,0,22,5,37,WSH,0.16666666666666666,0.0,0.22727272727272727
2026-05-07,822741,19,6,2,35,8,80,WSH,0.3157894736842105,0.10526315789473684,0.22857142857142856
2026-05-08,823871,8,2,1,23,4,44,WSH,0.25,0.125,0.17391304347826086
2026-05-09,823869,31,2,2,56,5,122,WSH,0.06451612903225806,0.06451612903225806,0.08928571428571429
2026-05-10,823868,11,3,2,23,4,51,WSH,0.2727272727272727,0.18181818181818182,0.17391304347826086
2026-05-12,824521,26,8,1,44,8,91,WSH,0.3076923076923077,0.038461538461538464,0.18181818181818182
2026-05-13,824519,26,4,3,47,8,104,WSH,0.15384615384615385,0.11538461538461539,0.1702127659574468
2026-05-14,824517,19,2,1,32,6,66,WSH,0.10526315789473684,0.05263157894736842,0.1875
2026-05-15,822739,19,7,3,21,10,68,WSH,0.3684210526315789,0.15789473684210525,0.47619047619047616
2026-05-16,822737,12,4,2,19,3,50,WSH,0.3333333333333333,0.16666666666666666,0.15789473684210525
2026-05-17,822738,33,7,1,69,10,139,WSH,0.21212121212121213,0.030303030303030304,0.14492753623188406
2026-05-18,822734,39,3,1,63,11,129,WSH,0.07692307692307693,0.02564102564102564,0.1746031746031746
2026-05-19,822736,13,4,0,32,12,50,WSH,0.3076923076923077,0.0,0.375
2026-05-20,822735,14,5,1,26,9,56,WSH,0.35714285714285715,0.07142857142857142,0.34615384615384615
2026-05-21,822733,10,3,1,20,6,44,WSH,0.3,0.1,0.3
2026-05-22,824922,41,8,3,84,20,163,WSH,0.1951219512195122,0.07317073170731707,0.23809523809523808
2026-05-23,824920,15,4,0,31,7,58,WSH,0.26666666666666666,0.0,0.22580645161290322
2026-05-24,824921,15,2,2,26,7,55,WSH,0.13333333333333333,0.13333333333333333,0.2692307692307692
2026-05-25,824437,27,7,2,52,8,106,WSH,0.25925925925925924,0.07407407407407407,0.15384615384615385
2026-05-26,824434,14,5,1,17,5,47,WSH,0.35714285714285715,0.07142857142857142,0.29411764705882354
2026-05-27,824432,33,1,2,51,4,113,WSH,0.030303030303030304,0.06060606060606061,0.0784313725490196
2026-05-29,822732,37,4,3,74,10,159,WSH,0.10810810810810811,0.08108108108108109,0.13513513513513514
2026-05-30,822731,18,4,6,28,7,84,WSH,0.2222222222222222,0.3333333333333333,0.25
2026-05-31,822729,9,1,1,20,3,45,WSH,0.1111111111111111,0.1111111111111111,0.15
2026-06-01,822730,19,4,1,33,6,76,WSH,0.21052631578947367,0.05263157894736842,0.18181818181818182
2026-06-02,822728,30,4,2,46,4,107,WSH,0.13333333333333333,0.06666666666666667,0.08695652173913043
2026-06-03,822727,26,6,7,62,14,124,WSH,0.23076923076923078,0.2692307692307692,0.22580645161290322
2026-06-05,825073,18,3,0,32,4,67,WSH,0.16666666666666666,0.0,0.125
2026-06-06,825075,12,1,1,26,1,50,WSH,0.08333333333333333,0.08333333333333333,0.038461538461538464
2026-06-07,825074,14,2,3,25,9,56,WSH,0.14285714285714285,0.21428571428571427,0.36
2026-06-08,823218,37,6,1,62,9,118,WSH,0.16216216216216217,0.02702702702702703,0.14516129032258066
2026-06-09,823214,22,2,2,40,7,87,WSH,0.09090909090909091,0.09090909090909091,0.175
2026-06-10,823215,18,2,4,30,7,74,WSH,0.1111111111111111,0.2222222222222222,0.23333333333333334
2026-06-12,822726,30,4,2,58,13,111,WSH,0.13333333333333333,0.06666666666666667,0.22413793103448276
2026-06-13,822725,18,3,3,25,4,69,WSH,0.16666666666666666,0.16666666666666666,0.16
2026-06-14,822722,26,5,0,48,5,93,WSH,0.19230769230769232,0.0,0.10416666666666667
2026-06-15,822724,19,5,2,36,7,86,WSH,0.2631578947368421,0.10526315789473684,0.19444444444444445
2026-06-16,822723,14,2,2,31,3,64,WSH,0.14285714285714285,0.14285714285714285,0.0967741935483871
2026-06-17,822721,19,1,2,29,5,70,WSH,0.05263157894736842,0.10526315789473684,0.1724137931034483
2026-06-19,822966,26,2,1,43,2,85,WSH,0.07692307692307693,0.038461538461538464,0.046511627906976744
2026-06-20,822967,25,9,2,41,9,93,WSH,0.36,0.08,0.21951219512195122
2026-06-21,822968,20,4,2,39,6,75,WSH,0.2,0.1,0.15384615384615385
2026-06-22,822720,5,3,0,9,4,15,WSH,0.6,0.0,0.4444444444444444
2026-06-23,822718,44,11,3,82,17,166,WSH,0.25,0.06818181818181818,0.2073170731707317
2026-06-24,822719,25,3,1,51,7,104,WSH,0.12,0.04,0.13725490196078433
2026-06-25,822717,20,2,4,25,6,64,WSH,0.1,0.2,0.24
2026-06-26,824824,18,7,4,39,7,83,WSH,0.3888888888888889,0.2222222222222222,0.1794871794871795
2026-06-27,824825,14,3,1,28,6,58,WSH,0.21428571428571427,0.07142857142857142,0.21428571428571427
2026-06-28,824821,15,2,2,24,6,60,WSH,0.13333333333333333,0.13333333333333333,0.25
2026-06-29,824741,3,1,1,8,3,19,WSH,0.3333333333333333,0.3333333333333333,0.375
2026-06-30,824742,8,0,0,14,3,27,WSH,0.0,0.0,0.21428571428571427
2026-07-01,824740,29,9,2,62,16,125,WSH,0.3103448275862069,0.06896551724137931,0.25806451612903225
