Date,home_team,away_team,total_runs,home_runs,away_runs,home_off_roll5,home_def_roll5,home_off_roll10,home_def_roll10,home_off_roll20,home_def_roll20,away_off_roll5,away_def_roll5,away_off_roll10,away_def_roll10,away_off_roll20,away_def_roll20,game_date,home_SP_name,home_SP_K_pct_talent,home_SP_BB_pct_talent,home_SP_whiff_pct_talent,away_SP_name,away_SP_K_pct_talent,away_SP_BB_pct_talent,away_SP_whiff_pct_talent
2025-04-22,ARI,TBR,6.0,5.0,1.0,7.0,5.8,5.8,4.5,5.55,4.55,1.4,3.8,4.2,4.2,4.05,3.8,2025-04-22,Brandon Pfaadt,0.18127587991718422,0.05464285714285713,0.2124176548089591,Zack Littell,0.20494227994227993,0.0504232804232804,0.1812109697183928
2025-04-25,ARI,ATL,10.0,2.0,8.0,6.0,5.2,5.9,4.3,5.4,4.55,5.0,4.4,4.6,4.7,4.05,4.5,2025-04-25,Zac Gallen,0.23859381359381357,0.10932030932030927,0.2696874071874072,Chris Sale,0.29109730848861276,0.0636363636363636,0.26639895608581543
2025-04-27,ARI,ATL,10.0,6.0,4.0,5.2,6.4,5.2,5.1,5.35,4.75,5.8,4.2,5.1,4.1,4.45,4.35,2025-04-27,Brandon Pfaadt,0.1904752493882928,0.043714285714285706,0.209064558629776,Spencer Schwellenbach,0.20634336677814935,0.03539130434782608,0.23725965148800549
2025-05-05,ARI,NYM,9.0,4.0,5.0,3.0,4.6,4.1,5.5,4.55,4.55,4.6,4.4,6.3,4.3,5.45,3.35,2025-05-05,Ryne Nelson,0.27034077034077036,0.05173992673992673,0.20034215784215784,Griffin Canning,0.23032654099015648,0.10773745959100646,0.26007123421436645
2025-05-06,ARI,NYM,6.0,5.0,1.0,3.2,4.0,3.4,4.7,4.55,4.55,5.0,4.4,6.4,4.2,5.65,3.4,2025-05-06,Zac Gallen,0.26092992009141075,0.11032491777833386,0.2423414646159007,David Peterson,0.2112779973649539,0.06454545454545453,0.1778114116459981
2025-05-07,ARI,NYM,8.0,1.0,7.0,3.4,3.6,3.7,4.2,4.75,4.35,4.8,4.6,6.3,4.7,5.3,3.65,2025-05-07,Merrill Kelly,0.17731664470794903,0.07523056653491433,0.179386148898344,Kodai Senga,0.24048875101506675,0.09310151836467623,0.26788187532868385
2025-05-08,ARI,LAD,8.0,5.0,3.0,2.8,4.6,3.3,4.8,4.6,4.55,6.4,2.6,7.6,3.1,5.65,3.7,2025-05-08,Brandon Pfaadt,0.19954581305512978,0.036515495086923644,0.2148080180688876,Jack Dreyer,0.2871031746031746,0.12242063492063492,0.2645408163265306
2025-05-09,ARI,LAD,25.0,11.0,14.0,3.4,4.6,3.6,4.3,4.4,4.7,6.6,3.4,7.9,3.3,5.65,3.95,2025-05-09,Eduardo Rodr\xc3\xadguez,0.2716106644678073,0.07277468563182846,0.2078993612986436,Roki Sasaki,0.17666157372039717,0.1415414650708768,0.20923683853508412
2025-05-10,ARI,LAD,3.0,3.0,0.0,5.2,6.0,4.1,5.3,4.95,5.05,7.4,5.0,8.5,4.0,6.35,3.7,2025-05-10,Ryne Nelson,0.24970606878501614,0.07158822537112008,0.19844753626003625,Dustin May,0.20884399551066213,0.10235690235690233,0.20447878857850146
2025-05-17,ARI,COL,26.0,12.0,14.0,5.0,5.2,5.0,5.1,4.2,4.9,2.8,5.0,2.9,8.9,2.85,7.25,2025-05-17,Zac Gallen,0.25018829175834,0.107372055391379,0.24073247472370277,Germ\xc3\xa1n M\xc3\xa1rquez,0.11850678794042635,0.07647745571658614,0.16586452298461463
2025-05-18,ARI,COL,1.0,1.0,0.0,7.2,6.4,5.7,6.4,4.7,5.3,3.8,6.8,4.0,9.2,3.45,7.55,2025-05-18,Merrill Kelly,0.19647578222457446,0.05851266286048892,0.18841144914315644,Chase Dollander,0.20508658008658007,0.1071428571428571,0.20186828307946317
2025-05-26,ARI,PIT,5.0,5.0,0.0,4.2,4.4,5.6,5.3,4.6,5.1,3.2,3.2,2.7,3.7,2.35,3.8,2025-05-26,Ryne Nelson,0.23932447138188762,0.07010168194378719,0.19891903550994458,Andrew Heaney,0.18254409519626907,0.09185559529037787,0.18456866963731336
2025-05-27,ARI,PIT,15.0,6.0,9.0,3.4,3.4,5.5,4.3,4.75,4.95,3.0,4.2,2.3,4.2,2.15,3.6,2025-05-27,Corbin Burnes,0.24109072176705024,0.10246856382122078,0.24867318199607252,Joey Wentz,0.14911816578483245,0.08787477954144621,0.1837036914268035
2025-05-28,ARI,PIT,11.0,1.0,10.0,4.4,4.6,5.3,4.5,4.95,5.05,4.2,5.2,2.8,4.0,2.55,3.8,2025-05-28,Zac Gallen,0.23803284477197517,0.10648622713840102,0.22696394061004052,Paul Skenes,0.2624380691771996,0.06831110918067439,0.2608318585761081
2025-05-30,ARI,WSN,16.0,7.0,9.0,4.0,5.8,4.6,5.5,4.8,5.3,3.0,3.2,4.6,3.7,4.0,4.85,2025-05-30,Merrill Kelly,0.22423776121404576,0.06287399688585457,0.2132011678372706,Jake Irvin,0.16953421078540334,0.06807135105894814,0.160761921306689
2025-05-31,ARI,WSN,18.0,7.0,11.0,4.4,6.4,4.1,5.0,4.9,5.7,4.8,3.8,5.3,3.9,4.25,5.15,2025-05-31,Ryne Nelson,0.23326965432228586,0.06425987511513825,0.19749396436896435,Michael Soroka,0.2258621361588113,0.04701315308732186,0.19863570138002085
2025-06-01,ARI,WSN,4.0,3.0,1.0,5.2,7.8,4.7,6.1,5.2,5.9,6.4,5.2,6.0,4.3,4.3,5.05,2025-06-01,Corbin Burnes,0.23698164959034518,0.09888837410576537,0.23936141935202082,Mitchell Parker,0.1581281476538393,0.1008088639511564,0.18531041066564366
2025-06-10,ARI,SEA,13.0,10.0,3.0,4.8,6.2,4.8,7.1,5.15,5.7,3.6,4.4,3.3,4.3,3.45,3.5,2025-06-10,Brandon Pfaadt,0.16196041755258747,0.05541769915368182,0.19500631791601689,Logan Evans,0.17308102391435723,0.07275597858931189,0.15386863020102848
2025-06-11,ARI,SEA,7.0,5.0,2.0,5.2,6.2,5.2,6.5,5.25,5.5,3.8,5.8,3.3,4.8,3.5,3.85,2025-06-11,Eduardo Rodr\xc3\xadguez,0.2386988936988937,0.0802279942279942,0.20423923032840538,Bryan Woo,0.2364331723027375,0.036101046698872756,0.20174381668793503
2025-06-13,ARI,SDP,6.0,5.0,1.0,5.8,6.4,5.6,5.7,5.1,5.6,3.8,2.0,3.5,3.0,3.1,4.45,2025-06-13,Ryne Nelson,0.21731236476924223,0.0718866156449084,0.189816255173398,Stephen Kolek,0.163833188925018,0.0945934013512724,0.15883485108409118
2025-06-14,ARI,SDP,15.0,8.0,7.0,4.6,4.6,5.4,4.9,4.75,4.95,3.6,3.0,3.3,3.3,3.1,4.45,2025-06-14,Zac Gallen,0.2194067589875043,0.10282118904789708,0.22640734013679456,Ryan Bergert,0.14642857142857144,0.0492063492063492,0.0694120694120694
2025-06-15,ARI,SDP,10.0,2.0,8.0,6.0,3.4,5.5,4.5,5.1,5.3,4.4,3.8,4.0,3.6,3.4,4.65,2025-06-15,Merrill Kelly,0.24161594846377452,0.0649524750611707,0.22284528988079919,Nick Pivetta,0.26684310350214235,0.07200820537204974,0.23100591306475413
2025-06-27,ARI,MIA,17.0,8.0,9.0,4.8,3.0,5.4,4.9,5.45,4.7,5.4,3.8,4.3,3.4,3.95,4.1,2025-06-27,Merrill Kelly,0.2479356940362375,0.06705080698287218,0.23319560871214448,Eury P\xc3\xa9rez,0.2111111111111111,0.13040935672514617,0.160427807486631
2025-06-29,ARI,MIA,10.0,4.0,6.0,5.4,4.2,6.0,5.0,5.7,5.1,6.0,5.0,4.9,4.1,4.2,4.2,2025-06-29,Eduardo Rodr\xc3\xadguez,0.24049215989015316,0.07777164121645723,0.21789769854321778,Cal Quantrill,0.17325455226585929,0.06747204528669057,0.17846731089057702
2025-06-30,ARI,SFG,6.0,4.0,2.0,5.8,4.6,6.0,5.1,5.5,5.25,2.4,4.6,3.3,4.2,4.15,4.5,2025-06-30,Ryne Nelson,0.22080301777988898,0.0771721413817571,0.1834003535921694,Logan Webb,0.27812693842105607,0.05349422908246435,0.2431053826212759
2025-07-01,ARI,SFG,10.0,8.0,2.0,4.6,5.0,6.3,4.5,5.6,5.3,2.4,4.6,3.3,4.2,4.1,4.6,2025-07-01,Anthony DeSclafani,0.21818181818181817,0.0606060606060606,0.23471081796563012,Hayden Birdsong,0.22146517793447615,0.09650935484268815,0.24910365793128347
2025-07-03,ARI,SFG,9.0,2.0,7.0,5.4,5.2,6.2,4.2,5.45,4.9,1.8,3.8,3.3,4.9,4.05,4.9,2025-07-03,Brandon Pfaadt,0.1787617949307433,0.05273435926136389,0.19929815843447465,Robbie Ray,0.2750481918384731,0.0969427143851696,0.26961088552355317
2025-07-04,ARI,KCR,12.0,3.0,9.0,5.2,5.2,5.0,4.1,5.5,4.6,2.8,3.8,2.8,4.1,2.95,3.65,2025-07-04,Eduardo Rodr\xc3\xadguez,0.2411712913265708,0.08114509541528173,0.2201907200758451,Kris Bubic,0.25708521378930416,0.07290725420016035,0.27586597055695794
2025-07-05,ARI,KCR,8.0,7.0,1.0,4.2,5.2,4.8,4.7,5.55,4.85,4.4,3.4,3.6,3.9,3.4,3.75,2025-07-05,Ryne Nelson,0.22473988716248774,0.0728848001938817,0.18603195787978394,Michael Wacha,0.18227315168491634,0.0662277260486979,0.20508419237635975
2025-07-06,ARI,KCR,4.0,0.0,4.0,4.8,4.2,5.3,4.4,5.4,4.75,4.2,3.6,3.7,4.3,3.25,3.8,2025-07-06,Anthony DeSclafani,0.23506493506493503,0.04545454545454545,0.21449465193576106,Michael Lorenzen,0.1940941849168463,0.0681962177435764,0.20208685021314793
2025-07-18,ARI,STL,10.0,7.0,3.0,5.2,4.6,4.2,4.1,4.6,4.1,5.2,5.2,4.1,6.1,3.95,4.95,2025-07-18,Brandon Pfaadt,0.184305666141041,0.05139390039174665,0.19561959984683014,Andre Pallante,0.15185012652403954,0.07775183395956341,0.2108941110819678
2025-07-19,ARI,STL,11.0,10.0,1.0,5.0,4.8,4.6,3.5,4.7,4.1,5.4,5.0,4.4,6.3,4.05,5.1,2025-07-19,Ryne Nelson,0.2149552923856329,0.07468722926540262,0.17792659758964105,Sonny Gray,0.2741215039478601,0.04392269693185024,0.2517057918045044
2025-07-20,ARI,STL,8.0,5.0,3.0,6.4,4.2,4.9,3.5,5.1,3.95,4.0,6.8,4.2,6.2,3.7,5.5,2025-07-20,Merrill Kelly,0.24382030316069217,0.07211010518848045,0.2292619112446887,Miles Mikolas,0.16994904853600504,0.05458948861122773,0.15972438758301477
2025-07-21,ARI,HOU,9.0,3.0,6.0,6.4,3.6,5.4,3.4,4.85,4.1,3.6,5.0,5.8,4.5,4.75,4.3,2025-07-21,Zac Gallen,0.22322789368441537,0.08947198333067895,0.22697916871493978,Colton Gordon,0.1980007735832574,0.04079889807162533,0.16800045034085542
2025-07-22,ARI,HOU,4.0,1.0,3.0,6.0,2.8,5.1,3.7,4.8,4.35,4.4,4.8,5.8,4.1,5.0,4.0,2025-07-22,Eduardo Rodr\xc3\xadguez,0.23637453026039978,0.07384286757928059,0.21888240981963006,Framber Valdez,0.2569790592082078,0.08357887304427189,0.2359077446520485
2025-07-23,ARI,HOU,7.0,3.0,4.0,5.2,3.2,5.2,3.9,4.7,4.15,4.4,3.6,4.3,4.1,4.75,3.7,2025-07-23,Brandon Pfaadt,0.18662884437245048,0.04882420537215931,0.19694973096559976,Brandon Walter,0.25632548309178743,0.01706349206349205,0.22683681480379664
2025-08-04,ARI,SDP,8.0,6.0,2.0,3.6,6.0,2.3,5.0,3.7,4.35,5.6,2.6,5.4,3.4,4.6,3.0,2025-08-04,Brandon Pfaadt,0.1845868282173792,0.04817352003529634,0.19604125739955708,JP Sears,0.20762870188083415,0.0614653341249971,0.18626712648171548
2025-08-08,ARI,COL,7.0,6.0,1.0,4.4,3.2,2.7,4.8,3.7,4.45,3.8,11.8,4.9,10.1,4.65,7.95,2025-08-08,Zac Gallen,0.2176712267638543,0.0812130958728312,0.22382937757679394,Austin Gomber,0.13593854164029598,0.05747996318171752,0.15886049095519938
2025-08-09,ARI,COL,11.0,6.0,5.0,5.4,2.4,3.3,4.7,3.85,4.3,2.4,12.0,4.9,10.2,4.55,8.05,2025-08-09,Eduardo Rodr\xc3\xadguez,0.2260884255163431,0.07879504468749317,0.20910557614942327,Bradley Blalock,0.11502034893847757,0.05264584931505856,0.1445443974909739
2025-08-10,ARI,COL,19.0,13.0,6.0,5.2,3.0,3.9,4.6,3.9,4.25,2.4,11.4,4.6,10.2,4.7,8.15,2025-08-10,Brandon Pfaadt,0.1832502771577607,0.05109574157222325,0.1942066876798439,Tanner Gordon,0.11494012809802279,0.05821846282372597,0.13396039580250105
2025-08-18,ARI,CLE,4.0,1.0,3.0,5.8,5.2,5.9,4.3,4.35,4.6,3.6,6.8,4.2,5.0,4.4,4.35,2025-08-18,Zac Gallen,0.2119966590575286,0.0831943090725699,0.21585224880644419,Gavin Williams,0.2299504608091226,0.12324467655270444,0.2521059413214716
2025-08-19,ARI,CLE,11.0,6.0,5.0,4.8,5.0,5.8,4.3,4.25,4.55,3.4,4.4,4.1,5.0,4.4,4.3,2025-08-19,Eduardo Rodr\xc3\xadguez,0.2186655419574674,0.08187276529926629,0.20616033790237373,Tanner Bibee,0.21038323453321542,0.07549213801073067,0.21840402690182173
2025-08-24,ARI,CIN,7.0,1.0,6.0,5.8,5.0,6.2,4.3,5.05,4.45,4.0,5.4,5.1,4.1,3.9,3.9,2025-08-24,Zac Gallen,0.20885966380949655,0.07999452795439413,0.21246022287035343,Brady Singer,0.21750230075239937,0.0912529968329305,0.2047527809696269
2025-09-02,ARI,TEX,8.0,5.0,3.0,4.4,2.4,5.2,4.0,5.5,4.15,10.0,3.4,7.3,3.0,5.55,4.1,2025-09-02,Nabil Crismatt,0.18258609486679656,0.08252111760883686,0.26319444444444445,Jacob Latz,0.24415409995475354,0.10523926569678202,0.27014179243093844
2025-09-03,ARI,TEX,2.0,2.0,0.0,4.8,2.6,5.1,3.8,5.45,4.25,9.2,3.8,7.2,2.9,5.6,4.2,2025-09-03,Zac Gallen,0.2177976945989368,0.08070355800169461,0.21246306409389962,Jack Leiter,0.22677605248721536,0.11539544674825329,0.22797985318726552
2025-09-06,ARI,BOS,6.0,5.0,1.0,5.4,2.8,5.2,3.6,5.1,3.95,5.6,6.2,4.4,4.9,4.25,4.2,2025-09-06,Brandon Pfaadt,0.18169200462861404,0.04834122161076853,0.18976553197770066,Lucas Giolito,0.19792471014600377,0.08204651074438667,0.2070103062318157
2025-09-07,ARI,BOS,11.0,4.0,7.0,5.2,2.8,5.2,3.0,5.2,3.9,4.8,6.8,4.0,5.4,4.25,4.25,2025-09-07,Ryne Nelson,0.221717131564143,0.06338885740079105,0.18793317762790973,Brayan Bello,0.18253840493972778,0.0820934589961488,0.18629581202254988
2025-09-15,ARI,SFG,9.0,8.0,1.0,5.4,6.4,5.3,4.8,5.25,4.4,5.6,7.2,5.8,5.7,6.55,4.85,2025-09-15,Zac Gallen,0.21392599644048918,0.08041591339417423,0.2076866149230138,Kai-Wei Teng,0.23902075450063065,0.14625616328402705,0.2664791832691925
2025-09-19,ARI,PHI,10.0,2.0,8.0,6.6,4.4,6.0,5.1,5.15,4.4,5.6,5.8,5.9,4.4,5.7,4.15,2025-09-19,Ryne Nelson,0.21763119360308228,0.06811512226092833,0.18935270793810247,Taijuan Walker,0.17451876895940915,0.07416111190675995,0.17604918646625986
2025-09-20,ARI,PHI,7.0,4.0,3.0,6.0,5.4,5.2,5.4,5.2,4.5,5.6,5.8,6.3,4.1,5.85,3.95,2025-09-20,Zac Gallen,0.21624174770738583,0.07935794998207338,0.21091260501234585,Aaron Nola,0.2378899892378153,0.07230570878396962,0.2368261647136586
2025-09-21,ARI,PHI,11.0,9.0,2.0,5.2,4.2,5.1,5.6,5.15,4.3,4.6,5.4,6.5,4.5,6.0,3.85,2025-09-21,Eduardo Rodr\xc3\xadguez,0.2035062182405177,0.08451694336557457,0.20270562660765373,Ranger Suarez,0.2421282375286623,0.06115176260197496,0.20754362404030594
2025-09-23,ARI,LAD,9.0,5.0,4.0,5.8,3.8,5.6,5.1,5.2,3.95,4.2,2.4,6.6,3.2,4.7,3.55,2025-09-23,Brandon Pfaadt,0.18451457700570806,0.04628138826678548,0.19069327743790904,Shohei Ohtani,0.32283177348966824,0.04663779203252885,0.28146434499924894
2025-09-25,ARI,LAD,8.0,0.0,8.0,5.2,4.4,5.6,4.4,5.3,4.05,4.0,3.4,6.3,3.5,4.9,3.65,2025-09-25,Nabil Crismatt,0.20427159167760664,0.049255082149818954,0.24794321878949205,Yoshinobu Yamamoto,0.2889002026269107,0.09080777328836333,0.26719359160844053
2025-04-25,ATH,CHW,11.0,6.0,5.0,3.6,5.6,4.4,4.5,4.45,5.75,3.6,5.6,2.6,5.6,3.1,4.95,2025-04-25,Luis Severino,0.16895420543696402,0.07128571428571429,0.1412363878357667,Tyler Gilbert,0.27714285714285714,0.09047619047619046,0.1575174825174825
2025-04-26,ATH,CHW,13.0,3.0,10.0,4.2,6.4,5.0,4.2,4.6,5.1,4.0,4.8,2.8,6.0,2.9,5.25,2025-04-26,Jeffrey Springs,0.2239598997493734,0.1478195488721804,0.25416819868647106,Tyler Gilbert,0.3142857142857143,0.07539682539682539,0.1979312354312354
2025-05-06,ATH,SEA,8.0,3.0,5.0,5.0,2.6,4.2,4.7,4.25,4.5,6.0,3.2,6.7,3.8,5.8,3.9,2025-05-06,Jeffrey Springs,0.18718224131757963,0.12259219477264585,0.2200810344884961,Emerson Hancock,0.15711433756805804,0.0650191570881226,0.16435536980749743
2025-05-09,ATH,NYY,12.0,2.0,10.0,4.6,4.6,4.0,5.0,4.5,4.6,5.0,3.4,6.3,3.2,4.95,2.75,2025-05-09,Osvaldo Bido,0.13356808248112592,0.0880356358617228,0.1970014186931675,Will Warren,0.24642053852580167,0.12070239701818646,0.23254811389081315
2025-05-10,ATH,NYY,18.0,11.0,7.0,3.8,6.4,3.9,5.0,4.0,4.95,6.4,3.8,6.2,3.2,5.25,2.8,2025-05-10,JP Sears,0.20240333165799002,0.03649921507064363,0.17712202345206202,Carlos Rod\xc3\xb3n,0.30295106865759036,0.10566042150281277,0.2684825018763972
2025-05-11,ATH,NYY,14.0,2.0,12.0,4.8,6.0,4.8,5.6,4.4,5.25,7.4,5.4,6.4,4.2,5.4,3.25,2025-05-11,Luis Severino,0.18546817326989737,0.07899267399267398,0.1427951001209314,Ryan Yarbrough,0.23556166056166056,0.10133801383801383,0.25912127404028507
2025-05-19,ATH,LAA,7.0,3.0,4.0,3.8,8.2,4.2,8.1,4.2,6.4,5.6,5.2,5.1,5.2,4.1,5.85,2025-05-19,J.T. Ginn,0.23695652173913043,0.09565217391304348,0.20306580404499616,Jos\xc3\xa9 Soriano,0.19259815153534954,0.1044809994085356,0.24755690727195034
2025-05-20,ATH,LAA,12.0,5.0,7.0,2.2,8.8,4.2,8.0,4.15,6.45,5.6,4.6,5.0,4.7,4.25,5.75,2025-05-20,Gunnar Hoglund,0.21818181818181817,0.05515151515151514,0.2704565030146426,Kyle Hendricks,0.13712152033552957,0.10176728586171309,0.1379227638495055
2025-05-21,ATH,LAA,15.0,5.0,10.0,2.6,8.4,4.2,8.1,4.1,6.55,6.8,4.6,5.6,4.8,4.6,5.75,2025-05-21,JP Sears,0.19022904631600282,0.0498168498168498,0.1796075804914093,Jack Kochanowicz,0.13637904768339548,0.0928955102868146,0.16676375121258083
2025-05-22,ATH,LAA,15.0,5.0,10.0,3.2,6.6,4.5,8.1,4.2,6.55,7.6,5.2,6.1,5.1,4.95,5.75,2025-05-22,Luis Severino,0.17844700238403383,0.07587529861442903,0.14979163565230066,Tyler Anderson,0.2061802171705553,0.06977727586423237,0.24304411974516274
2025-05-23,ATH,PHI,7.0,3.0,4.0,4.0,6.8,3.9,8.4,4.35,7.0,5.6,2.4,5.2,3.6,5.15,3.15,2025-05-23,Jacob Lopez,0.19791666666666666,0.1388888888888889,0.17788461538461536,Zack Wheeler,0.3295899470899471,0.049576719576719566,0.2800727271424909
2025-05-25,ATH,PHI,9.0,5.0,4.0,4.2,7.0,4.0,7.6,4.4,6.45,6.2,3.0,5.4,3.6,5.0,3.0,2025-05-25,Gunnar Hoglund,0.22045454545454543,0.06409090909090907,0.26344843786704253,Jes\xc3\xbas Luzardo,0.2788318265109869,0.07600951544429804,0.28199380758175174
2025-06-02,ATH,MIN,14.0,4.0,10.0,4.2,8.8,4.0,8.3,4.1,8.2,2.4,4.0,3.1,3.6,4.05,2.8,2025-06-02,Luis Severino,0.17870583532002818,0.06989608217869085,0.1539831794344428,Joe Ryan,0.29175386814142795,0.037641003334783214,0.2438396793343317
2025-06-03,ATH,MIN,13.0,3.0,10.0,4.4,9.8,3.9,8.3,4.2,8.2,3.4,4.0,3.4,4.0,4.3,2.8,2025-06-03,Osvaldo Bido,0.1480458305337532,0.09553768829131146,0.19766777009468584,Pablo L\xc3\xb3pez,0.2624638499054975,0.04954233765217745,0.25206370001457135
2025-06-04,ATH,MIN,7.0,1.0,6.0,5.0,9.4,3.7,8.3,3.8,8.35,5.0,3.2,4.2,3.8,4.35,2.9,2025-06-04,Jeffrey Springs,0.18444457102351833,0.11948469658995971,0.2270464641176609,Zebby Matthews,0.3511256354393609,0.08968772694262887,0.25555555555555554
2025-06-05,ATH,MIN,17.0,14.0,3.0,3.8,8.4,3.5,8.5,3.75,8.05,5.4,3.0,4.2,3.4,4.4,2.85,2025-06-05,Sean Newcomb,0.20288164245195567,0.09334708087520423,0.20076375893801665,David Festa,0.2680311890838206,0.09064327485380114,0.2286324786324786
2025-06-06,ATH,BAL,9.0,5.0,4.0,5.2,7.4,4.4,8.4,3.9,8.15,3.8,2.0,3.9,2.7,3.7,4.95,2025-06-06,JP Sears,0.17249642869208084,0.041330891330891316,0.16183480624767782,Dean Kremer,0.17290285197893893,0.06142969952752559,0.17687231777102708
2025-06-07,ATH,BAL,11.0,4.0,7.0,5.4,6.6,4.8,7.7,4.0,7.9,3.8,2.6,3.8,3.1,3.75,4.9,2025-06-07,Luis Severino,0.16770648535035568,0.06726671321989046,0.15353433087395862,Charlie Morton,0.20763386514025897,0.09818213517290973,0.21855846007631716
2025-06-08,ATH,BAL,6.0,5.0,1.0,5.4,6.0,4.9,7.9,4.1,7.3,4.6,3.0,4.0,3.3,3.8,4.7,2025-06-08,Sean Newcomb,0.1967636070292327,0.10193875696500543,0.19849061945326,Tomoyuki Sugano,0.14128996205083158,0.04199210008992616,0.16204117339836385
2025-06-16,ATH,HOU,4.0,3.0,1.0,4.4,3.8,5.1,4.0,4.4,6.15,5.8,2.8,4.6,2.5,4.5,3.5,2025-06-16,J.T. Ginn,0.27493961352657004,0.07173913043478261,0.22637342710782118,Ryan Gusto,0.2160315069235516,0.12452781414902829,0.22758954581013402
2025-06-17,ATH,HOU,16.0,3.0,13.0,4.2,2.6,5.3,3.5,4.4,6.0,5.6,2.6,4.4,2.8,4.1,3.55,2025-06-17,Sean Newcomb,0.20009088158990565,0.09556758465469259,0.19545995573743125,Jason Alexander,0.3055555555555555,0.08055555555555555,0.3384615384615384
2025-06-18,ATH,HOU,15.0,4.0,11.0,3.8,4.0,4.2,4.5,4.3,6.45,6.2,2.8,5.7,2.8,4.6,3.45,2025-06-18,Luis Severino,0.15947260476395905,0.07226607209215903,0.14737943180113852,Framber Valdez,0.2683644690744712,0.07902366354443884,0.25729786554118544
2025-06-20,ATH,CLE,6.0,5.0,1.0,3.4,5.4,4.1,5.2,4.45,6.45,2.2,3.2,3.2,3.5,3.3,3.85,2025-06-20,Jeffrey Springs,0.19261738521387642,0.10052602887690605,0.23734731622166497,Tanner Bibee,0.18966316292403243,0.07732902190976723,0.2057076142356637
2025-06-21,ATH,CLE,6.0,2.0,4.0,3.6,5.6,4.2,4.6,4.55,6.25,1.8,3.4,2.9,3.8,3.25,3.75,2025-06-21,Sean Newcomb,0.19406226511695315,0.09420822339676377,0.18961519875073252,Luis Ortiz,0.25188845137870625,0.11753104377595701,0.2631853761781421
2025-06-22,ATH,CLE,3.0,0.0,3.0,3.4,6.0,3.9,4.9,4.65,5.85,2.6,2.6,2.9,3.3,3.2,3.4,2025-06-22,JP Sears,0.17708805204457376,0.05268193794509582,0.16897944450974176,Slade Cecconi,0.262266139657444,0.07370882740447955,0.29212144538231494
2025-07-04,ATH,SFG,13.0,11.0,2.0,4.6,5.0,3.2,5.1,3.7,4.85,2.6,4.0,3.5,4.4,4.2,4.85,2025-07-04,JP Sears,0.18024636914662487,0.06000251375133591,0.1785584088057299,Justin Verlander,0.18531640662075438,0.08813385177933669,0.2249268779606133
2025-07-05,ATH,SFG,9.0,2.0,7.0,6.8,4.8,4.1,4.9,4.0,4.9,3.0,6.0,3.4,5.3,4.0,5.15,2025-07-05,Luis Severino,0.15621033561979752,0.07233452135626045,0.14161146293849497,Logan Webb,0.2765643307309974,0.052506454450898875,0.23988759387482642
2025-07-06,ATH,SFG,8.0,2.0,6.0,5.8,6.2,4.3,5.3,3.9,4.9,4.0,5.4,3.2,5.0,3.85,4.9,2025-07-06,Sean Newcomb,0.19756463360743295,0.07372817483224992,0.1790622052334925,Hayden Birdsong,0.2264296145528832,0.10251024752409792,0.2486245180401633
2025-07-08,ATH,ATL,11.0,10.0,1.0,5.2,5.0,4.1,4.8,3.75,4.9,2.4,3.4,2.2,4.4,3.65,3.85,2025-07-08,Jeffrey Springs,0.1913725185362612,0.09877520573427004,0.2333239692035804,Didier Fuentes,0.1731078904991948,0.07004830917874394,0.20278976229728618
2025-07-09,ATH,ATL,11.0,2.0,9.0,6.0,4.4,4.8,4.9,3.95,4.75,2.6,4.6,2.0,4.7,3.1,4.15,2025-07-09,Mitch Spence,0.20103283633680918,0.07241144811020586,0.2807118395917359,Bryce Elder,0.18755739751427497,0.0862168434625312,0.18342953039389975
2025-07-11,ATH,TOR,13.0,6.0,7.0,5.4,5.0,5.0,5.0,3.85,5.2,6.2,4.4,6.3,4.9,5.65,4.75,2025-07-11,Luis Severino,0.15277342800344454,0.07331213028009365,0.1413352615398182,Max Scherzer,0.21803561935140878,0.07356459330143537,0.19220908089753586
2025-07-12,ATH,TOR,7.0,4.0,3.0,4.4,6.0,5.6,5.4,4.0,5.45,5.4,3.8,6.1,5.5,5.9,4.9,2025-07-12,Sean Newcomb,0.2317594629188383,0.07782992084566992,0.19673722881481315,Kevin Gausman,0.23464590083197445,0.07862192307367745,0.2421951433263802
2025-07-13,ATH,TOR,9.0,6.0,3.0,4.8,5.2,5.3,5.7,4.05,5.55,4.4,3.6,6.3,4.4,5.85,4.55,2025-07-13,Jeffrey Springs,0.1856862456308439,0.09576949315176458,0.22856255729060998,Chris Bassitt,0.22492469910625784,0.0644292202108446,0.2011103632388879
2025-07-29,ATH,SEA,7.0,6.0,1.0,6.6,2.0,4.8,3.5,5.1,4.35,3.4,3.8,3.5,4.1,4.35,4.05,2025-07-29,Luis Severino,0.16906189994236878,0.07164835493886876,0.14291022408733728,Logan Evans,0.168236176793489,0.08130469150231993,0.1750753310637367
2025-07-30,ATH,SEA,9.0,5.0,4.0,6.8,1.8,4.6,3.4,5.15,4.1,3.2,3.0,2.8,4.3,4.25,4.05,2025-07-30,Jeffrey Springs,0.1892354040492172,0.08477613251536693,0.2260267183930459,Bryan Woo,0.24761659234485317,0.04827768487551093,0.22789138061245087
2025-08-01,ATH,ARI,6.0,5.0,1.0,4.8,2.0,4.9,3.0,4.85,4.2,1.0,6.4,2.7,4.9,3.65,4.2,2025-08-01,Sean Newcomb,0.28783291373867576,0.06601295899401295,0.2141950614983213,Anthony DeSclafani,0.24754755048872695,0.04067599067599066,0.2513323649542353
2025-08-02,ATH,ARI,9.0,2.0,7.0,4.8,2.0,5.2,2.4,5.0,3.9,1.2,7.0,1.8,5.3,3.35,4.4,2025-08-02,J.T. Ginn,0.2857692709215328,0.043028332343593725,0.25190007610794396,Zac Gallen,0.22251486838443357,0.08490460023068715,0.2251101595615099
2025-08-03,ATH,ARI,10.0,4.0,6.0,3.8,3.2,5.2,2.5,5.0,3.95,2.6,6.2,2.0,5.2,3.7,4.3,2025-08-03,Sean Newcomb,0.28668646180720075,0.07158832387298227,0.2137649081195843,Eduardo Rodr\xc3\xadguez,0.22657159891459408,0.07592617035853748,0.21394748485149148
2025-08-11,ATH,TBR,11.0,4.0,7.0,4.6,2.0,5.5,3.5,5.05,3.45,4.2,4.6,3.0,4.3,3.35,4.85,2025-08-11,Jeffrey Springs,0.1983195882147064,0.07969558178988001,0.2286651776149757,Ryan Pepiot,0.23212815232086845,0.08757019341320937,0.22169481932562043
2025-08-12,ATH,TBR,6.0,6.0,0.0,5.2,3.0,5.4,3.8,5.15,3.4,4.2,4.8,3.3,4.0,3.5,4.9,2025-08-12,Jacob Lopez,0.2540954721112997,0.09349539183730639,0.24046906207510746,Shane Baz,0.24806217559326701,0.0887322107946921,0.233381503045245
2025-08-13,ATH,TBR,10.0,2.0,8.0,5.2,3.0,5.5,3.7,5.35,3.05,3.2,5.2,3.3,4.1,3.35,4.95,2025-08-13,Sean Newcomb,0.29057370110104513,0.07256707466134486,0.20912780395292377,Drew Rasmussen,0.22566175038075692,0.05602663608956513,0.1914475038892677
2025-08-15,ATH,LAA,13.0,10.0,3.0,5.2,4.0,5.5,3.8,5.35,3.15,6.0,5.6,5.0,4.7,4.4,4.8,2025-08-15,Jack Perkins,0.22941519265048674,0.0981521093285799,0.2912972827022063,Yusei Kikuchi,0.23729137529137526,0.09205790273799425,0.21867269996334596
2025-08-16,ATH,LAA,9.0,7.0,2.0,5.0,4.0,6.1,3.5,5.8,3.2,5.6,6.4,5.3,5.6,4.3,4.95,2025-08-16,Sean Newcomb,0.28812576323344935,0.0706058023732004,0.2079802056478898,Tyler Anderson,0.182892941598543,0.07928037970571049,0.23553208157772057
2025-08-25,ATH,DET,11.0,8.0,3.0,5.4,4.4,5.2,4.2,5.5,3.8,7.2,3.8,5.9,4.1,5.2,4.45,2025-08-25,Sean Newcomb,0.2833899164139258,0.06371743140996133,0.20790907165795736,Tarik Skubal,0.3298900436783495,0.04136880285575937,0.3101630616162203
2025-08-27,ATH,DET,7.0,7.0,0.0,5.6,4.6,5.7,4.3,5.6,3.9,5.8,5.4,5.6,4.0,5.15,4.6,2025-08-27,Luis Morales,0.21144688644688642,0.14774114774114772,0.19349154135338342,Casey Mize,0.21176565383087118,0.06308838705577835,0.20783240037466735
2025-08-29,ATH,TEX,7.0,2.0,5.0,5.8,4.0,6.0,3.6,5.7,3.7,8.4,2.0,6.1,3.1,4.65,4.15,2025-08-29,Jeffrey Springs,0.19307736742858359,0.08087533829249226,0.23586337022397505,Jack Leiter,0.22395472143593487,0.11678945167933676,0.2281315948076524
2025-08-30,ATH,TEX,12.0,3.0,9.0,4.6,4.4,5.6,4.1,5.55,3.9,7.4,2.4,6.3,2.9,4.8,4.25,2025-08-30,Sean Newcomb,0.2825949184040704,0.06815273066210512,0.20891123661848218,Merrill Kelly,0.2333401159835603,0.07334148847200798,0.22220878955052947
2025-08-31,ATH,TEX,15.0,6.0,9.0,4.8,5.6,5.7,4.2,5.6,4.0,8.2,3.0,7.0,2.7,5.15,4.25,2025-08-31,J.T. Ginn,0.2802941189668878,0.06069205394148184,0.26776048094286575,Jacob deGrom,0.27603170992919274,0.05825220473229624,0.27169086911789925
2025-09-08,ATH,BOS,7.0,0.0,7.0,6.4,3.8,6.1,4.5,5.9,4.4,5.0,6.8,4.4,5.6,4.5,4.4,2025-09-08,Luis Morales,0.24560227212401123,0.11907380863902602,0.2182410315442751,Garrett Crochet,0.30224709153280577,0.059097311418739966,0.258023423554378
2025-09-10,ATH,BOS,9.0,5.0,4.0,6.0,5.0,5.2,5.3,5.4,4.7,5.2,3.8,5.2,5.0,4.65,3.9,2025-09-10,Sean Newcomb,0.27137430479618,0.06805365972907589,0.20313196899206482,Kyle Harrison,0.29115262046847723,0.06595065562456866,0.2963034302789942
2025-09-12,ATH,CIN,3.0,3.0,0.0,5.0,5.0,5.4,4.8,5.55,4.5,3.8,2.6,5.1,5.0,4.45,4.8,2025-09-12,Sean Newcomb,0.26547486338756743,0.0665742323436612,0.2003882974253477,Brady Singer,0.226162768528928,0.09165446145797367,0.21382338636993997
2025-09-13,ATH,CIN,16.0,11.0,5.0,2.2,4.2,5.1,3.9,5.2,4.35,3.0,2.2,4.9,4.9,4.05,4.95,2025-09-13,Luis Severino,0.18308734190927706,0.07135105557764419,0.15461411380411258,Nick Martinez,0.14755588452062693,0.05363863448152815,0.19955743526834813
2025-09-14,ATH,CIN,11.0,7.0,4.0,3.8,4.4,5.1,4.1,5.4,4.5,2.8,3.8,4.7,5.6,3.9,5.0,2025-09-14,Sean Newcomb,0.28110305778357664,0.06515775931507266,0.20558098140447742,Nick Lodolo,0.23253718984221414,0.043044422759083246,0.22943381179576972
2025-09-23,ATH,HOU,6.0,5.0,1.0,2.2,4.0,3.7,3.9,4.55,4.55,3.6,4.8,4.4,4.6,4.2,4.2,2025-09-23,Jeffrey Springs,0.19425821734783125,0.079687637081525,0.23222846456926152,Cristian Javier,0.21649841386683488,0.10764736516616212,0.19935699221413503
2025-09-24,ATH,HOU,6.0,6.0,0.0,2.8,4.0,4.2,3.4,4.7,4.35,2.6,4.8,4.5,4.5,4.15,4.45,2025-09-24,Luis Severino,0.17757955040644052,0.07084823690801949,0.15214510704722478,Hunter Brown,0.2833894589039516,0.07666307578626416,0.25091668949869045
2025-09-25,ATH,HOU,16.0,5.0,11.0,3.0,3.4,4.3,3.0,4.85,3.9,1.6,5.6,3.4,4.8,4.1,4.55,2025-09-25,J.T. Ginn,0.27274064279109,0.06427834716424273,0.2767337105712462,Framber Valdez,0.23196280882387826,0.08637734435035781,0.2379876554155751
2025-09-26,ATH,KCR,7.0,4.0,3.0,3.2,5.0,4.5,4.1,4.8,4.0,5.2,4.0,6.8,4.3,5.1,4.4,2025-09-26,Mason Barnett,0.1757723112128146,0.1063215102974828,0.21164264910900377,Noah Cameron,0.20346245875048977,0.07302197585005263,0.24212409648476085
2025-09-27,ATH,KCR,6.0,2.0,4.0,4.0,5.2,3.8,3.9,4.45,4.0,5.4,4.6,6.1,4.4,5.05,4.45,2025-09-27,Luis Morales,0.2021956465434726,0.1036634433735883,0.2112915310130732,Michael Wacha,0.17218830123177944,0.06245313033718829,0.19302624330787133
2025-04-23,ATL,STL,5.0,4.0,1.0,5.4,5.0,4.7,5.0,3.85,4.5,4.8,5.2,4.4,3.6,5.15,4.65,2025-04-23,Bryce Elder,0.15177224736048264,0.08088235294117646,0.19146108763799918,Miles Mikolas,0.1369047619047619,0.08630952380952381,0.1420133907221425
2025-05-02,ATL,LAD,3.0,1.0,2.0,5.4,3.0,5.2,3.7,4.55,4.25,8.8,3.6,6.5,3.6,5.15,4.45,2025-05-02,Grant Holmes,0.288349077822762,0.12947031039136297,0.292519850471657,Yoshinobu Yamamoto,0.340030303030303,0.08878787878787876,0.2868511794348437
2025-05-03,ATL,LAD,13.0,3.0,10.0,4.0,3.0,4.9,3.6,4.6,4.15,9.2,3.2,5.9,3.0,5.1,4.45,2025-05-03,Spencer Schwellenbach,0.21041434410999627,0.0359030100334448,0.2520642023269611,Roki Sasaki,0.17866055513114332,0.15318309141838551,0.22476841676841675
2025-05-04,ATL,LAD,7.0,4.0,3.0,3.8,3.8,4.6,4.4,4.4,4.4,9.6,3.0,6.6,3.3,5.25,4.2,2025-05-04,Bryce Elder,0.1390633484162896,0.08852941176470588,0.16953130723745413,Dustin May,0.20261279461279455,0.1068282828282828,0.2155873122516486
2025-05-05,ATL,CIN,4.0,4.0,0.0,3.4,3.8,4.3,4.1,4.45,4.35,4.6,5.2,4.8,4.5,5.8,4.1,2025-05-05,AJ Smith-Shawver,0.25569358178053825,0.1040372670807453,0.30152086475615886,Brady Singer,0.26358412500288925,0.09133774819129507,0.24782802699116865
2025-05-07,ATL,CIN,7.0,3.0,4.0,2.6,3.4,4.3,3.1,4.5,4.05,4.4,4.2,4.0,4.2,5.55,4.2,2025-05-07,Grant Holmes,0.3030569735375227,0.12339691201247262,0.29446307882993344,Hunter Greene,0.3394533253956004,0.051818365561998814,0.29363469051874913
2025-05-12,ATL,WSN,7.0,4.0,3.0,3.2,2.8,3.5,3.3,4.1,3.8,2.0,7.4,4.0,6.1,3.95,5.75,2025-05-12,Grant Holmes,0.2923487648888106,0.11340708061960919,0.29253891490642425,Jake Irvin,0.1694613425610427,0.07091046648392972,0.18444320631794228
2025-05-14,ATL,WSN,9.0,4.0,5.0,3.4,3.2,3.0,3.3,4.35,3.6,1.6,5.8,4.0,6.2,3.8,6.05,2025-05-14,Bryce Elder,0.19209534163315675,0.0768407362945178,0.18615852645554382,Mitchell Parker,0.13338940648723255,0.11447798879864092,0.18832454193798728
2025-05-15,ATL,WSN,7.0,5.0,2.0,3.6,3.4,3.3,3.6,4.25,3.65,2.6,4.6,3.4,6.0,3.85,6.1,2025-05-15,AJ Smith-Shawver,0.24883540372670807,0.10705659075224289,0.2654078492313786,Trevor Williams,0.1850712693103997,0.06563002215176125,0.19726888278810026
2025-05-23,ATL,SDP,3.0,1.0,2.0,5.6,4.0,4.6,3.7,4.4,3.55,0.6,6.4,4.3,5.5,4.65,4.95,2025-05-23,Chris Sale,0.29984361853927066,0.06315166315166312,0.29114785509676455,Nick Pivetta,0.27896660844029264,0.0765722386775018,0.24402874311373576
2025-05-25,ATL,SDP,8.0,3.0,5.0,5.4,3.8,4.9,3.3,4.2,3.3,0.8,6.2,2.2,5.4,4.65,4.95,2025-05-25,Spencer Schwellenbach,0.19320857886075274,0.045978198934720646,0.24054960764754213,Dylan Cease,0.2799264267387837,0.08283988627695718,0.3020531559514355
2025-05-30,ATL,BOS,6.0,1.0,5.0,4.6,3.2,4.7,3.6,4.2,3.6,4.8,4.0,4.2,4.1,4.35,4.15,2025-05-30,Grant Holmes,0.26471885514732507,0.1035512562084802,0.28037158250038424,Lucas Giolito,0.19195245334375763,0.06778589526415613,0.1619556498867158
2025-05-31,ATL,BOS,5.0,5.0,0.0,3.4,4.0,4.4,3.9,4.1,3.35,5.6,3.2,4.5,3.8,4.3,4.15,2025-05-31,Spencer Schwellenbach,0.21135844831497003,0.041798362667927864,0.24654069903442244,Walker Buehler,0.2195048701298701,0.07263618326118323,0.18337351193054685
2025-06-01,ATL,BOS,4.0,1.0,3.0,3.8,3.0,4.3,3.2,4.15,3.2,1.8,3.2,3.8,3.7,4.15,4.2,2025-06-01,Bryce Elder,0.185940566786155,0.07318802521008402,0.1865373592972495,Garrett Crochet,0.2941751766751766,0.08020582812249476,0.2625950145014468
2025-06-03,ATL,ARI,11.0,3.0,8.0,4.0,3.2,3.4,3.1,4.0,3.35,4.8,8.0,4.1,5.7,5.1,5.8,2025-06-03,Spencer Strider,0.23111946532999159,0.10008354218880533,0.2744107744107744,Zac Gallen,0.22819677437431055,0.10761237487686759,0.2284206492629075
2025-06-04,ATL,ARI,3.0,1.0,2.0,3.8,3.8,3.4,3.4,4.0,3.55,5.2,6.8,4.8,5.7,4.95,5.25,2025-06-04,Chris Sale,0.2968782291246059,0.06624818083151414,0.2827600885870783,Merrill Kelly,0.2263846144462086,0.06457894158981113,0.21626773718416473
2025-06-05,ATL,ARI,21.0,10.0,11.0,2.2,3.6,3.4,3.4,3.95,3.5,5.4,5.0,4.7,5.4,4.9,5.3,2025-06-05,Grant Holmes,0.27390895055171466,0.09839420707999573,0.27498114016783587,Brandon Pfaadt,0.16565319744667567,0.05023191918119452,0.1932388263910003
2025-06-13,ATL,COL,16.0,12.0,4.0,3.8,2.8,3.9,3.8,4.15,3.85,5.2,8.8,4.3,6.1,3.3,5.8,2025-06-13,Bryce Elder,0.20919689787336843,0.07055042016806722,0.19136674217969635,Germ\xc3\xa1n M\xc3\xa1rquez,0.13595038483262384,0.07234545956953982,0.19269917131153538
2025-06-14,ATL,COL,5.0,4.0,1.0,5.8,3.0,4.6,4.2,4.45,3.7,5.8,9.6,4.4,6.8,3.3,6.05,2025-06-14,Spencer Strider,0.2150353155616313,0.10223194349510138,0.2846930846930847,Chase Dollander,0.19737012987012986,0.11198412698412694,0.2054025922504183
2025-06-18,ATL,NYM,5.0,5.0,0.0,4.8,4.2,4.7,4.2,4.05,3.8,3.6,5.4,5.4,4.2,4.8,3.45,2025-06-18,Chris Sale,0.3110401101084331,0.07306417127845696,0.2791164904976077,Paul Blackburn,0.1052631578947368,0.0350877192982456,0.15565565565565567
2025-06-19,ATL,NYM,8.0,7.0,1.0,5.6,3.4,5.1,4.0,4.25,3.7,2.6,6.4,4.8,4.6,4.8,3.6,2025-06-19,Spencer Strider,0.2776809447862079,0.09276904382167539,0.3205775705775706,Clay Holmes,0.2081933093603574,0.07823825869020375,0.21500834909896355
2025-06-27,ATL,PHI,13.0,0.0,13.0,3.2,4.4,3.8,3.9,4.35,3.95,2.4,3.4,3.6,3.2,3.85,3.4,2025-06-27,Bryce Elder,0.19461293517666065,0.073783198464571,0.183628007476201,Taijuan Walker,0.2129606234495658,0.07351620397054426,0.2118971446269871
2025-06-28,ATL,PHI,7.0,6.0,1.0,2.6,6.0,3.7,4.2,4.2,4.2,4.2,1.2,4.4,3.0,4.45,3.3,2025-06-28,Spencer Schwellenbach,0.23058995633022628,0.040673696271522335,0.2464431492368841,Jes\xc3\xbas Luzardo,0.2680649379305948,0.07763952787576557,0.2736931739228892
2025-06-29,ATL,PHI,3.0,1.0,2.0,3.2,5.8,3.8,4.3,4.45,4.15,3.0,2.2,4.2,2.8,4.45,3.15,2025-06-29,Spencer Strider,0.2975464228753702,0.09859464000911367,0.3222620633334919,Ranger Suarez,0.2307236397063983,0.06241340715478642,0.19583240744856595
2025-07-01,ATL,LAA,4.0,0.0,4.0,2.0,5.4,3.2,4.4,4.0,3.7,7.6,6.4,5.9,5.3,5.5,5.2,2025-07-01,Grant Holmes,0.2952869659478429,0.10899011377854771,0.2952772993387818,Tyler Anderson,0.19004202872409393,0.08129905722297025,0.23582546805171467
2025-07-03,ATL,LAA,6.0,1.0,5.0,3.0,4.6,3.1,4.5,4.15,3.7,5.8,5.4,6.0,5.0,5.4,5.1,2025-07-03,Bryce Elder,0.1877398753857434,0.0843018997972558,0.17953622094793134,Jos\xc3\xa9 Soriano,0.20039815328994265,0.10837071970240675,0.25471675717459324
2025-07-04,ATL,BAL,5.0,2.0,3.0,3.2,3.0,2.9,4.5,3.85,3.9,6.4,7.2,4.5,5.9,4.8,4.85,2025-07-04,Spencer Strider,0.28035872509556714,0.09954444191286294,0.3111465254322397,Charlie Morton,0.22863265669318522,0.0964055696206165,0.2251463618042862
2025-07-06,ATL,BAL,3.0,1.0,2.0,2.4,3.4,2.8,4.6,3.9,3.85,2.6,6.0,4.3,5.8,4.8,4.7,2025-07-06,Grant Holmes,0.3011043567285183,0.10960177412418394,0.30356436295576306,Trevor Rogers,0.21734006734006728,0.08409090909090908,0.25046398948837967
2025-07-19,ATL,NYY,21.0,9.0,12.0,6.6,4.2,4.6,4.4,3.8,4.3,5.2,4.4,5.8,5.5,5.6,5.2,2025-07-19,Joey Wentz,0.16445776445776444,0.10538766788766789,0.20421698795444612,Will Warren,0.2612625151460964,0.1120902143876972,0.23175430600266722
2025-07-20,ATL,NYY,6.0,2.0,4.0,6.6,6.2,4.7,5.3,3.9,4.9,5.8,5.0,6.5,5.6,5.75,5.65,2025-07-20,Grant Holmes,0.2821895732295795,0.11016333584220032,0.29701745046971056,Marcus Stroman,0.13079286380201707,0.13094965675057205,0.17409157696435396
2025-07-21,ATL,SFG,14.0,9.0,5.0,5.8,6.0,4.8,5.2,3.85,4.85,3.6,5.4,3.8,4.8,3.6,5.05,2025-07-21,Bryce Elder,0.19114552503631183,0.08276790447307508,0.20138957427958948,Hayden Birdsong,0.2287444974616027,0.10874837151152938,0.2539352276220261
2025-07-23,ATL,SFG,12.0,3.0,9.0,5.4,6.6,5.4,6.1,3.8,5.25,4.6,5.4,3.9,5.3,3.75,5.05,2025-07-23,Spencer Strider,0.2906670408863391,0.09848635526267102,0.32696215711378296,Justin Verlander,0.18543069149047406,0.08202542123737773,0.22697285958482838
2025-08-04,ATL,MIL,4.0,1.0,3.0,4.6,5.8,4.0,6.4,4.35,5.85,10.0,5.4,7.6,4.7,6.6,3.55,2025-08-04,Erick Fedde,0.13344004962473477,0.11205453361139173,0.16289197281015058,Quinn Priester,0.19499850552896045,0.0822941458478206,0.22186398086373943
2025-08-05,ATL,MIL,9.0,2.0,7.0,4.6,4.8,3.9,6.3,4.35,5.75,8.8,5.0,6.9,4.6,6.3,3.55,2025-08-05,Joey Wentz,0.17483704035428174,0.1011033985171916,0.205435845597015,Freddy Peralta,0.2561269260040526,0.08863663641546438,0.2631452101380534
2025-08-06,ATL,MIL,9.0,4.0,5.0,3.0,4.8,3.2,6.5,4.35,5.95,9.6,3.4,7.5,4.3,6.5,3.6,2025-08-06,Spencer Strider,0.2785479398073383,0.09905973308228945,0.3011558245914374,Jose Quintana,0.15811430417408673,0.0926905974460322,0.15064647292545716
2025-08-07,ATL,MIA,14.0,8.0,6.0,2.6,4.0,3.6,6.1,4.5,6.1,4.0,4.4,4.3,4.4,4.45,3.5,2025-08-07,Carlos Carrasco,0.1786037765569929,0.0667395199558942,0.2242446629279857,Eury P\xc3\xa9rez,0.2605003819709702,0.09345181134654816,0.2504713425018058
2025-08-08,ATL,MIA,6.0,1.0,5.0,3.8,4.6,4.1,5.8,4.85,5.9,4.8,6.0,4.7,4.9,4.65,3.65,2025-08-08,Bryce Elder,0.18139320068815457,0.08955804904919999,0.19781420245939055,Edward Cabrera,0.2502719468852192,0.08241801803586699,0.2722994511251925
2025-08-09,ATL,MIA,8.0,7.0,1.0,3.2,5.2,3.9,5.5,4.45,6.05,4.4,5.6,5.1,4.3,4.6,3.7,2025-08-09,Erick Fedde,0.12737459282361047,0.11129015004896915,0.15873454547462426,Sandy Alcantara,0.16802810362035145,0.08888923807290501,0.17861029753493907
2025-08-10,ATL,MIA,8.0,7.0,1.0,5.6,4.6,4.3,4.7,4.55,5.85,4.8,5.6,5.1,5.8,4.25,4.35,2025-08-10,Joey Wentz,0.17317580567580568,0.09912217412217411,0.2059953914845219,Cal Quantrill,0.18270642289355807,0.06286776274138452,0.185152593311642
2025-08-18,ATL,CHW,22.0,9.0,13.0,6.4,2.8,6.0,4.0,5.05,4.9,2.8,4.4,3.3,4.8,4.15,4.7,2025-08-18,Spencer Strider,0.2644112655132392,0.09485908462882145,0.290512688199082,Yoendrys G\xc3\xb3mez,0.1726190476190476,0.14712595097210482,0.2112654952471886
2025-08-19,ATL,CHW,21.0,11.0,10.0,6.0,4.2,6.8,4.8,5.35,5.15,3.6,5.0,4.0,4.9,4.2,4.9,2025-08-19,Bryce Elder,0.18034789771335621,0.08815210169413754,0.1978002240739166,Tyler Alexander,0.19694657902939894,0.06120265844126079,0.17010515019764025
2025-08-20,ATL,CHW,1.0,1.0,0.0,7.4,5.6,7.2,5.7,5.85,5.25,5.6,7.0,4.5,5.1,4.65,5.15,2025-08-20,Hurston Waldrep,0.25757575757575757,0.07575757575757573,0.2617767537122376,Mart\xc3\xadn P\xc3\xa9rez,0.21610389610389608,0.13370129870129865,0.2069437229437229
2025-08-23,ATL,NYM,11.0,2.0,9.0,6.6,7.8,6.5,6.2,5.45,5.05,6.8,5.0,6.8,5.7,5.3,5.9,2025-08-23,Cal Quantrill,0.17422691939845994,0.05961290949706279,0.18251884985570135,Clay Holmes,0.18360333046053867,0.0947847266387312,0.20404315991466476
2025-08-24,ATL,NYM,7.0,4.0,3.0,6.0,8.8,6.2,5.8,5.45,5.35,7.2,4.8,6.4,5.4,5.45,5.65,2025-08-24,Bryce Elder,0.17771228353652974,0.08792263653409924,0.1963176737211904,David Peterson,0.21143031766512363,0.0851642446388823,0.22319282637928164
2025-09-05,ATL,SEA,5.0,4.0,1.0,3.2,5.4,4.6,4.4,5.55,5.3,3.6,6.2,5.2,5.6,4.5,5.75,2025-09-05,Chris Sale,0.3126176856305932,0.06886046534484032,0.27845311966159725,Logan Gilbert,0.34076563939493,0.05951866325893784,0.3090632436629558
2025-09-06,ATL,SEA,12.0,2.0,10.0,3.2,1.8,4.8,3.6,5.5,4.7,3.2,6.2,4.2,5.6,4.5,5.95,2025-09-06,Hurston Waldrep,0.23951251646903818,0.0720696091348265,0.23767195985453551,Bryce Miller,0.18300477046472466,0.09658573183744806,0.20688655111780715
2025-09-07,ATL,SEA,20.0,2.0,18.0,3.4,3.4,4.6,4.3,5.05,4.9,4.4,6.2,4.3,5.2,4.85,5.85,2025-09-07,Joey Wentz,0.17863887320409058,0.09772134835488872,0.20160331940587217,Emerson Hancock,0.15426939475012957,0.08637578190430245,0.1683749937803918
2025-09-08,ATL,CHC,5.0,4.0,1.0,3.2,6.8,4.7,5.9,4.95,5.65,4.0,4.2,4.6,5.3,4.3,4.3,2025-09-08,Bryce Elder,0.18096121105742646,0.08349094894264547,0.19553304580685463,Aaron Civale,0.2056812206009542,0.07762373733309226,0.18968756292852876
2025-09-09,ATL,CHC,7.0,1.0,6.0,3.4,6.2,4.0,5.8,5.05,5.7,3.4,4.4,4.4,4.5,4.15,4.35,2025-09-09,Spencer Strider,0.23691041850321626,0.09403897733537621,0.2792287299120089,Ben Brown,0.262586469307018,0.06612167448178789,0.2640157500651725
2025-09-10,ATL,CHC,5.0,2.0,3.0,2.6,7.2,2.9,6.3,4.6,5.95,4.4,3.6,4.7,4.2,4.45,4.05,2025-09-10,Chris Sale,0.31540488059349947,0.0648098497363203,0.28502904806026946,Jameson Taillon,0.18835552869877809,0.047630472756330866,0.1922004678680281
2025-09-12,ATL,HOU,14.0,3.0,11.0,2.2,7.6,2.7,4.7,4.45,5.9,4.0,4.0,3.8,4.4,3.95,4.5,2025-09-12,Hurston Waldrep,0.2377639751552795,0.0942414831545266,0.23943310844674473,Colton Gordon,0.19663377359673123,0.04654741092241091,0.16815145340018778
2025-09-13,ATL,HOU,8.0,2.0,6.0,2.4,7.8,2.9,5.6,4.15,5.8,5.4,3.0,4.8,4.3,4.5,4.15,2025-09-13,Bryce Elder,0.18332276261512942,0.08175131098493965,0.19952990579276225,Hunter Brown,0.2881633356866276,0.07783896199268868,0.25022527115496607
2025-09-14,ATL,HOU,11.0,8.0,3.0,2.4,5.4,2.8,6.1,3.7,5.6,4.4,3.4,5.4,4.2,4.7,3.9,2025-09-14,Joey Wentz,0.17714890450397697,0.09674297756725292,0.2027082080430654,Framber Valdez,0.23947360986823396,0.08038359358449311,0.24407407524684635
2025-09-22,ATL,WSN,16.0,11.0,5.0,7.4,3.0,6.3,4.1,4.6,5.2,3.8,8.0,3.3,6.6,4.5,5.55,2025-09-22,Chris Sale,0.3203431921709954,0.06027608980984265,0.2829601305329571,MacKenzie Gore,0.2725984096973602,0.0890894426801473,0.27304340974946184
2025-09-23,ATL,WSN,5.0,3.0,2.0,8.4,3.4,7.2,4.3,4.95,4.5,4.2,8.0,3.5,6.9,4.7,5.9,2025-09-23,Hurston Waldrep,0.24789049919484699,0.08255819060166884,0.2426645427470442,Brad Lord,0.20145228060731785,0.0808409695744289,0.19647954244164173
2025-09-24,ATL,WSN,7.0,3.0,4.0,7.2,3.0,7.2,3.4,5.05,4.5,4.0,7.4,3.7,6.7,4.6,5.7,2025-09-24,Bryce Elder,0.1886036975781113,0.07996916259289284,0.2038084223956235,Andrew Alvarez,0.18753496058988045,0.08857424357996437,0.19838709677419353
2025-09-26,ATL,PIT,12.0,3.0,9.0,5.8,3.6,7.3,3.2,5.05,4.65,4.2,1.6,3.4,2.9,3.75,3.75,2025-09-26,Joey Wentz,0.18314437278968168,0.09540155972936291,0.20554231079430801,Mitch Keller,0.1956431898577761,0.06552861324951083,0.1794976318137687
2025-09-27,ATL,PIT,4.0,1.0,3.0,5.2,4.4,6.8,3.8,5.05,4.9,5.4,1.4,3.8,3.1,3.7,3.75,2025-09-27,Spencer Strider,0.24135726474867306,0.09602545306206632,0.2866215790192946,Bubba Chandler,0.24029804904417904,0.0374269005847953,0.2548130340582713
2025-04-28,BAL,NYY,7.0,4.0,3.0,2.0,4.4,3.0,6.8,3.5,5.7,5.0,2.2,4.4,2.3,4.9,3.2,2025-04-28,Tomoyuki Sugano,0.07758602749907094,0.049965493443754304,0.14713440264828107,Ryan Yarbrough,0.2520408163265306,0.09251700680272108,0.27656517152315463
2025-04-29,BAL,NYY,18.0,3.0,15.0,2.2,4.2,2.8,6.9,3.5,5.45,5.2,2.4,4.3,2.4,4.6,3.05,2025-04-29,Charlie Morton,0.18709339774557163,0.16125201288244764,0.20132260708241093,Carlos Rod\xc3\xb3n,0.31365698043234275,0.12599960962279796,0.2664199962165078
2025-04-30,BAL,NYY,9.0,5.0,4.0,2.4,7.0,2.8,7.6,3.55,5.8,7.2,2.8,5.2,2.4,4.9,3.0,2025-04-30,Cade Povich,0.2076190476190476,0.08752380952380952,0.17590956558061815,Carlos Carrasco,0.15741183767499553,0.07665248981038454,0.18541631108835407
2025-05-02,BAL,KCR,3.0,3.0,0.0,2.8,7.0,2.4,7.5,3.4,5.95,3.8,2.0,3.8,2.6,2.85,3.3,2025-05-02,Dean Kremer,0.14117917107047537,0.05715148378191853,0.14099748882357574,Michael Wacha,0.18922009954618646,0.09478846435368171,0.20954918789221114
2025-05-03,BAL,KCR,4.0,0.0,4.0,3.0,5.8,2.5,5.1,3.5,5.75,3.4,2.6,3.5,2.2,2.75,3.4,2025-05-03,Tomoyuki Sugano,0.12526108352195306,0.049213668778886145,0.1821358117307104,Kris Bubic,0.24744229736983359,0.07315888352120233,0.2787880883375273
2025-05-04,BAL,KCR,17.0,6.0,11.0,3.0,5.2,2.5,4.8,3.25,5.9,3.6,1.2,3.8,1.9,2.95,3.2,2025-05-04,Charlie Morton,0.18417529330572807,0.15012077294685988,0.20827652035635222,Michael Lorenzen,0.19049981419546635,0.08786324786324785,0.20775760915560904
2025-05-14,BAL,MIN,9.0,3.0,6.0,3.4,3.8,3.2,4.7,3.0,6.15,4.8,1.4,3.7,2.6,4.7,2.8,2025-05-14,Charlie Morton,0.1740207445296959,0.11096689400397838,0.19820427853516084,Bailey Ober,0.20039939744998164,0.05465105779153765,0.24027064811431817
2025-05-15,BAL,MIN,4.0,0.0,4.0,4.4,4.6,3.3,5.7,2.9,5.4,4.8,2.6,4.8,2.9,4.9,2.8,2025-05-15,Tomoyuki Sugano,0.1406849430762474,0.047779816801555915,0.18285185879803278,Chris Paddack,0.1753626965140123,0.09508857370699474,0.17658136383649087
2025-05-16,BAL,WSN,7.0,3.0,4.0,3.6,5.2,3.3,5.7,2.9,5.25,2.6,4.8,3.2,6.4,3.9,6.25,2025-05-16,Cade Povich,0.18639455782312922,0.07680272108843537,0.1939036579544098,MacKenzie Gore,0.3652878030897354,0.07192056467418784,0.32049764693818766
2025-05-17,BAL,WSN,16.0,6.0,10.0,3.8,5.0,3.0,5.0,2.9,5.25,3.2,4.2,2.6,5.8,3.85,6.2,2025-05-17,Charlie Morton,0.18850370714820838,0.10845475212482883,0.19750172507525443,Jake Irvin,0.15474753083615317,0.07126197843839019,0.16679851957606265
2025-05-18,BAL,WSN,14.0,4.0,10.0,3.6,6.4,3.5,5.1,3.1,5.7,4.6,4.6,3.5,5.5,4.35,6.4,2025-05-18,Zach Eflin,0.14628623188405793,0.0357142857142857,0.1877028651572831,Michael Soroka,0.24199244915357443,0.06446636625664758,0.21409719631333854
2025-05-26,BAL,STL,7.0,5.0,2.0,3.6,6.2,3.7,6.7,3.35,5.8,3.8,4.2,5.6,3.7,5.2,2.85,2025-05-26,Charlie Morton,0.2040450648858577,0.10462518944775977,0.20555305190721854,Erick Fedde,0.13064077087860973,0.11108649860590065,0.15188644688644687
2025-05-27,BAL,STL,11.0,4.0,7.0,3.8,5.6,3.6,6.1,3.45,5.9,3.4,4.2,4.4,3.5,5.0,2.85,2025-05-27,Tomoyuki Sugano,0.1370479544609979,0.04639052010791139,0.1687456137083916,Andre Pallante,0.1468027375201288,0.08928157349896479,0.2034268393426928
2025-05-28,BAL,STL,10.0,4.0,6.0,4.2,6.0,4.0,6.4,3.65,6.05,4.6,4.0,4.1,3.6,5.1,2.85,2025-05-28,Cade Povich,0.21941359767446722,0.08432921345964822,0.21097655781277944,Miles Mikolas,0.14714455110107283,0.07524825898738942,0.13462072888170634
2025-05-30,BAL,CHW,3.0,2.0,1.0,4.0,3.4,4.1,6.6,3.55,5.8,5.6,4.4,4.1,4.0,3.35,4.6,2025-05-30,Zach Eflin,0.12979127018982087,0.03896103896103895,0.16977810058104584,Sean Burke,0.16170686727998979,0.12636829427343257,0.22343136516542017
2025-05-31,BAL,CHW,6.0,4.0,2.0,4.0,3.4,3.7,5.7,3.6,5.4,3.8,3.8,4.0,3.6,3.25,4.5,2025-05-31,Dean Kremer,0.16414576859240887,0.06002121067338457,0.17780010423505985,Davis Martin,0.13889450251110327,0.06271811997108438,0.17142828486989253
2025-06-10,BAL,DET,8.0,3.0,5.0,3.8,3.8,3.7,3.1,3.85,4.75,2.8,3.8,3.9,2.9,3.45,3.05,2025-06-10,Cade Povich,0.23633839809729135,0.08490572010334856,0.2133488243966421,Brant Hurter,0.30177368927368925,0.04535233285233284,0.2129448400088235
2025-06-11,BAL,DET,11.0,10.0,1.0,3.8,4.4,3.6,3.0,3.85,4.8,3.6,2.8,4.0,2.9,3.65,3.1,2025-06-11,Zach Eflin,0.1622472987962118,0.03442911255411254,0.18517671269068636,Casey Mize,0.2128968253968254,0.06977513227513225,0.2309227730768547
2025-06-12,BAL,DET,5.0,1.0,4.0,5.0,4.0,4.4,3.0,4.05,4.35,2.8,4.0,3.4,3.4,3.55,3.5,2025-06-12,Dean Kremer,0.1660128890062,0.05990946623053644,0.16807444717325576,Tarik Skubal,0.3311807987670056,0.02226523878697791,0.31520637985399796
2025-06-13,BAL,LAA,2.0,2.0,0.0,4.4,3.8,4.1,3.2,3.9,4.05,5.6,4.4,5.5,5.1,4.9,4.55,2025-06-13,Charlie Morton,0.21231012598276022,0.10645147430953056,0.21827361035694365,Jack Kochanowicz,0.15990241505643718,0.10161065049288952,0.18472308282328467
2025-06-14,BAL,LAA,11.0,6.0,5.0,3.4,3.0,4.0,3.0,3.8,3.8,4.6,4.0,5.1,5.2,4.7,4.5,2025-06-14,Tomoyuki Sugano,0.13741451042454386,0.04225844204105071,0.1564140745899427,Tyler Anderson,0.18791497552367115,0.07920567726587792,0.2381470438815452
2025-06-15,BAL,LAA,13.0,11.0,2.0,4.4,3.0,4.1,3.4,4.0,3.8,4.0,4.0,5.1,5.1,4.6,4.55,2025-06-15,Cade Povich,0.23747686492251707,0.08130246565029173,0.21187410352300887,Yusei Kikuchi,0.1983920427398688,0.11293162024855385,0.19559538974215532
2025-06-27,BAL,TBR,30.0,22.0,8.0,2.6,4.6,4.2,4.6,4.15,4.0,4.6,2.6,5.8,3.9,5.35,3.4,2025-06-27,Tomoyuki Sugano,0.14290209951079513,0.04852874500700586,0.1562897616545838,Ryan Pepiot,0.2335247854171205,0.07584610274921368,0.2271172061604342
2025-06-28,BAL,TBR,14.0,3.0,11.0,6.0,5.6,5.3,5.2,5.1,4.3,4.6,6.4,5.9,6.0,5.5,4.45,2025-06-28,Zach Eflin,0.15953057702069556,0.04392787347332799,0.18572584497045738,Zack Littell,0.17139575642650584,0.024756318818818807,0.17660070548870868
2025-06-29,BAL,TBR,6.0,5.0,1.0,6.6,6.0,5.5,5.6,5.05,4.7,6.2,5.2,6.9,5.8,5.8,4.4,2025-06-29,Dean Kremer,0.1855836247033329,0.06260240961470935,0.18471967940942144,Taj Bradley,0.20955809835028938,0.0969091515844948,0.20452609369980285
2025-07-10,BAL,NYM,4.0,3.0,1.0,2.4,4.0,4.5,5.0,4.4,4.7,6.4,4.4,4.2,5.9,3.7,6.1,2025-07-10,Charlie Morton,0.23133620107775443,0.09343685543005772,0.23050303102106465,David Peterson,0.20173714056479503,0.08439462498286025,0.2135228332060368
2025-07-11,BAL,MIA,7.0,5.0,2.0,3.0,2.6,4.7,5.0,4.75,4.7,4.0,3.8,3.6,3.0,4.45,3.5,2025-07-11,Dean Kremer,0.18642786842316458,0.06048665366425343,0.18722670538229305,Edward Cabrera,0.24673093948456262,0.09322155300416166,0.2573335956348193
2025-07-12,BAL,MIA,6.0,0.0,6.0,4.0,1.8,5.2,4.5,4.7,4.55,4.2,4.2,3.6,3.5,4.15,3.6,2025-07-12,Trevor Rogers,0.22387205387205383,0.08393939393939392,0.25491664613615833,Janson Junk,0.22333379533989753,0.021452621452621445,0.19015658468883564
2025-07-13,BAL,MIA,12.0,1.0,11.0,3.4,2.6,3.0,4.3,4.15,4.75,4.4,4.0,4.1,3.3,4.35,3.4,2025-07-13,Brandon Young,0.20808034579201626,0.10722095092804469,0.21700288062357026,Eury P\xc3\xa9rez,0.2673202614379085,0.10091896407685878,0.23404458235622405
2025-07-25,BAL,COL,11.0,5.0,6.0,3.8,5.0,2.9,5.9,3.8,5.45,5.4,4.6,4.3,4.7,4.0,5.75,2025-07-25,Dean Kremer,0.1933235431193097,0.06220721906705885,0.1898813933346298,Kyle Freeland,0.1682504247130267,0.058518341561819814,0.18775466114847864
2025-07-26,BAL,COL,18.0,18.0,0.0,3.8,5.6,2.9,6.3,4.05,5.4,4.6,4.4,4.7,4.2,4.0,5.5,2025-07-26,Trevor Rogers,0.22401117401117396,0.08285048285048283,0.23299517277202794,Antonio Senzatela,0.11168461250209846,0.07482830340705347,0.15772218440296362
2025-07-27,BAL,COL,6.0,5.0,1.0,6.4,3.6,4.7,5.7,3.85,5.0,4.4,6.6,4.4,5.8,4.0,6.15,2025-07-27,Tomoyuki Sugano,0.14091813348106252,0.05588653782017624,0.1616369531303119,Austin Gomber,0.12870515032169164,0.04700114004625278,0.14999234839983067
2025-07-28,BAL,TOR,15.0,11.0,4.0,6.8,2.6,5.1,4.7,3.95,4.5,7.0,4.2,6.1,3.6,6.1,4.15,2025-07-28,Zach Eflin,0.1563549326927253,0.041443243366320257,0.1869033751197357,Chris Bassitt,0.2312901862651688,0.055643417454820335,0.21716448366678656
2025-07-29,BAL,TOR,20.0,16.0,4.0,8.6,2.8,6.1,4.0,4.25,4.65,6.2,5.6,6.1,4.7,6.05,4.5,2025-07-29,Charlie Morton,0.22325762894351592,0.09573598109374672,0.22428949591613387,Eric Lauer,0.2537025045473704,0.06072481949071999,0.19196205213829892
2025-07-30,BAL,TOR,17.0,8.0,9.0,10.6,2.2,7.2,3.9,5.1,4.15,4.0,8.2,5.3,5.7,5.2,4.75,2025-07-30,Dean Kremer,0.19327516927113741,0.06290797420305971,0.19017649038405451,Jos\xc3\xa9 Berr\xc3\xados,0.20489388466167116,0.07953222483854892,0.20240766499255736
2025-08-08,BAL,ATH,5.0,3.0,2.0,3.0,5.4,5.3,4.7,5.2,4.7,5.8,4.4,5.3,3.2,5.25,3.7,2025-08-08,Tomoyuki Sugano,0.1528126233095177,0.05686929932271546,0.161852772948805,J.T. Ginn,0.27185068663492984,0.05618864626710326,0.25694868818318295
2025-08-09,BAL,ATH,14.0,3.0,11.0,2.8,5.2,4.5,4.5,5.3,4.25,5.8,3.6,4.8,3.4,5.05,3.7,2025-08-09,Brandon Young,0.20029956680605038,0.09570476109759096,0.2030142676736607,Jack Perkins,0.2296532443591267,0.10400739420347263,0.2866266104098589
2025-08-10,BAL,ATH,5.0,2.0,3.0,2.8,6.4,3.2,5.2,5.3,4.6,7.2,3.0,5.8,3.4,5.3,3.45,2025-08-10,Cade Povich,0.2453264902799064,0.07769648570890805,0.2077408282298059,Sean Newcomb,0.29887580684678927,0.06749756250881185,0.21510288406586445
2025-08-12,BAL,SEA,1.0,0.0,1.0,2.6,4.4,3.1,5.3,5.15,4.6,6.4,3.6,5.2,3.6,4.35,3.85,2025-08-12,Dean Kremer,0.19638350055373235,0.06306252554934275,0.19439867871452685,George Kirby,0.25555183130044196,0.06135899696540426,0.23248985345388404
2025-08-13,BAL,SEA,7.0,4.0,3.0,2.6,3.6,2.3,4.5,4.9,4.15,5.0,3.0,5.2,3.0,4.0,3.65,2025-08-13,Trevor Rogers,0.2303287453287453,0.06994819994819992,0.22952307097536018,Logan Gilbert,0.3535542165690907,0.06112263737406756,0.31604257141601455
2025-08-14,BAL,SEA,8.0,5.0,3.0,2.4,4.0,2.7,4.7,4.95,4.0,4.0,2.6,5.1,2.9,3.85,3.8,2025-08-14,Tomoyuki Sugano,0.1523601014707734,0.05753108441843618,0.16003906597441367,Logan Evans,0.17672019951523055,0.07957489830160634,0.1787377164075714
2025-08-21,BAL,HOU,9.0,2.0,7.0,6.8,1.8,4.7,2.7,5.0,3.7,1.2,7.4,2.9,6.9,3.5,6.05,2025-08-21,Brandon Young,0.1963948327343621,0.08899908260925891,0.2088544253939288,Jason Alexander,0.23650303144374288,0.08528013049752178,0.2631538316586024
2025-08-24,BAL,HOU,5.0,3.0,2.0,7.0,5.8,5.3,3.9,4.25,4.55,5.6,6.8,4.0,7.4,4.55,5.55,2025-08-24,Trevor Rogers,0.23527395444062107,0.06162349995683327,0.2290905170493919,Spencer Arrighetti,0.1917033690946734,0.13853115000941085,0.27075976627210024
2025-08-25,BAL,BOS,7.0,3.0,4.0,5.2,6.2,5.4,3.8,4.25,4.55,4.8,3.4,5.1,3.3,6.0,3.6,2025-08-25,Tomoyuki Sugano,0.1500800930148756,0.054820160716899824,0.16165974210047748,Richard Fitts,0.17963033698327813,0.0753671165435871,0.20279170690574683
2025-08-28,BAL,BOS,5.0,2.0,3.0,3.2,4.6,5.0,4.3,3.9,4.5,5.2,2.6,4.6,3.2,5.2,3.4,2025-08-28,Cade Povich,0.25258107195447344,0.0849619136192026,0.22704138347690273,Jordan Hicks,0.17811693054571615,0.11756213285298742,0.1945472870185666
2025-09-05,BAL,LAD,3.0,2.0,1.0,6.0,4.8,4.5,5.4,4.95,4.6,3.2,5.4,4.2,3.6,4.45,3.8,2025-09-05,Dean Kremer,0.19471311200186522,0.06214382259640329,0.2037801520901222,Shohei Ohtani,0.3228163383665775,0.0433749663414735,0.28926087845416615
2025-09-06,BAL,LAD,7.0,4.0,3.0,4.2,4.8,4.4,5.1,5.05,4.6,3.2,4.6,3.5,3.6,4.25,3.6,2025-09-06,Trevor Rogers,0.23835883693026547,0.06047320404463259,0.2342126792100378,Yoshinobu Yamamoto,0.27916393558132685,0.08619934188195055,0.2597636540913688
2025-09-07,BAL,LAD,7.0,2.0,5.0,4.6,2.8,4.8,4.9,5.05,4.6,2.8,4.6,3.1,4.0,4.25,3.7,2025-09-07,Tomoyuki Sugano,0.1551035178125479,0.05548488208187203,0.16857169667083702,Clayton Kershaw,0.16521461827301553,0.070532214252021,0.20195589528195235
2025-09-11,BAL,PIT,5.0,3.0,2.0,4.2,3.2,4.8,5.1,4.9,4.7,2.6,4.4,3.9,4.3,4.3,3.45,2025-09-11,Cade Povich,0.24510386638533088,0.08259750165928655,0.22040469783462063,Johan Oviedo,0.29780075187969923,0.15659774436090224,0.3292124542124542
2025-09-18,BAL,NYY,7.0,0.0,7.0,4.2,5.0,3.3,4.2,3.9,4.8,5.8,6.0,4.9,6.0,5.65,4.65,2025-09-18,Cade Povich,0.24648503670242797,0.08301308112177676,0.2233844629428896,Max Fried,0.22599545288775671,0.06572696781442405,0.23106941979610118
2025-09-19,BAL,NYY,6.0,4.0,2.0,3.4,5.4,3.1,4.8,3.75,4.95,6.2,5.4,5.2,5.7,5.75,4.6,2025-09-19,Trevor Rogers,0.24123443685943682,0.06688185656935655,0.2368466634144741,Will Warren,0.23732403109331576,0.09850589118729663,0.22085626542227285
2025-09-20,BAL,NYY,7.0,1.0,6.0,3.8,3.6,3.1,4.7,3.95,4.8,5.8,5.0,5.2,4.9,5.3,4.7,2025-09-20,Tomoyuki Sugano,0.1533996951116516,0.051521676218881166,0.16648757115105864,Carlos Rod\xc3\xb3n,0.2559941959330168,0.09787610119331352,0.27385913623247515
2025-09-23,BAL,TBR,6.0,6.0,0.0,3.2,4.6,3.0,4.8,3.9,4.95,4.6,4.2,4.1,4.6,4.55,4.25,2025-09-23,Dean Kremer,0.19982080797120644,0.06549058909036812,0.20741665886679408,Ryan Pepiot,0.23904864291381325,0.09528586013930103,0.23295747139363135
2025-09-24,BAL,TBR,8.0,2.0,6.0,2.8,3.2,3.3,4.6,4.1,4.8,4.2,5.2,4.0,4.7,4.2,4.35,2025-09-24,Tyler Wells,0.22106782106782105,0.015151515151515133,0.19522591645353793,Shane Baz,0.25212318527639116,0.08910934442118539,0.23403407074305033
2025-09-25,BAL,TBR,11.0,6.0,5.0,2.6,4.2,3.4,4.6,3.8,4.35,4.6,5.6,4.2,4.3,4.0,4.35,2025-09-25,Cade Povich,0.24608552248303797,0.08586279834727037,0.2222709170884663,Drew Rasmussen,0.2155628743996963,0.05781726356955188,0.19133151045352934
2025-04-24,BOS,SEA,7.0,3.0,4.0,6.2,4.8,4.5,4.8,5.05,5.3,5.0,4.4,5.3,4.2,4.0,4.15,2025-04-24,Garrett Crochet,0.28439153439153436,0.08108465608465605,0.2594474153297682,Bryan Woo,0.21499597423510464,0.05808172302737515,0.18819039451114922
2025-05-04,BOS,MIN,9.0,4.0,5.0,6.8,2.8,6.1,3.7,4.75,4.55,3.8,3.2,5.0,2.6,4.15,3.25,2025-05-04,Garrett Crochet,0.2863114134542705,0.10236205593348448,0.2582619461370962,Chris Paddack,0.17866541353383456,0.11163324979114451,0.17589765890449494
2025-05-07,BOS,TEX,10.0,6.0,4.0,3.2,4.0,5.3,3.7,4.9,4.25,3.2,4.0,3.7,3.7,3.4,3.1,2025-05-07,Tanner Houck,0.1895434237768334,0.07745995423340958,0.22076371403745393,Tyler Mahle,0.22508047508047507,0.11568986568986564,0.2339439556963014
2025-05-08,BOS,TEX,5.0,5.0,0.0,4.0,4.0,5.6,3.7,5.1,4.3,4.0,4.6,3.9,4.0,3.4,3.4,2025-05-08,Brayan Bello,0.16142697881828313,0.09527313266443697,0.21862745098039213,Jacob Latz,0.12352941176470589,0.10529411764705883,0.22380952380952382
2025-05-16,BOS,ATL,6.0,2.0,4.0,5.0,4.4,4.5,4.2,5.25,4.2,4.2,3.2,3.7,3.6,4.3,3.6,2025-05-16,Garrett Crochet,0.2863230185452407,0.09341964619742395,0.2693366088703885,Chris Sale,0.298971541966711,0.06162150606595048,0.28948401133200596
2025-05-17,BOS,ATL,13.0,7.0,6.0,4.4,5.2,4.1,4.5,5.15,4.0,4.4,2.8,3.8,2.8,4.2,3.6,2025-05-17,Lucas Giolito,0.19754313319530706,0.05703243616287094,0.16318849449204403,Grant Holmes,0.2791892402876384,0.1056372117584932,0.28587438430958645
2025-05-18,BOS,ATL,14.0,4.0,10.0,3.8,6.2,4.5,4.7,5.3,4.2,4.8,3.6,4.0,3.2,4.15,3.65,2025-05-18,Sean Newcomb,0.2589799094226189,0.06443055614097026,0.22165739488202285,Spencer Schwellenbach,0.20277143682940782,0.0471186337369912,0.2518452430651703
2025-05-19,BOS,NYM,4.0,3.0,1.0,4.0,8.0,4.5,5.2,5.1,4.55,1.8,4.2,3.8,3.5,5.05,4.1,2025-05-19,Hunter Dobbins,0.1979834577660664,0.03148148148148146,0.24700570977166722,Kodai Senga,0.2380938359885728,0.10823522968259808,0.25812382280813795
2025-05-20,BOS,NYM,2.0,2.0,0.0,4.2,5.4,4.7,4.7,5.0,4.2,1.6,4.6,3.2,3.7,4.75,3.85,2025-05-20,Walker Buehler,0.20100649350649347,0.06351491101491098,0.17010777200495678,Clay Holmes,0.23162104133118624,0.08278582930756842,0.2028738135059974
2025-05-21,BOS,NYM,6.0,1.0,5.0,3.6,4.2,4.3,4.3,4.95,4.0,1.6,4.2,2.5,3.7,3.8,3.7,2025-05-21,Sean Newcomb,0.253081918480357,0.06798750052687323,0.2141975377467617,Tylor Megill,0.28996030952889207,0.11917892460361161,0.2575679556776142
2025-05-23,BOS,BAL,24.0,19.0,5.0,3.4,4.4,3.9,4.8,4.8,4.0,3.8,6.8,3.7,6.0,3.35,5.85,2025-05-23,Brayan Bello,0.13891454761019975,0.1340563194186382,0.1759775692119666,Cade Povich,0.21423160173160172,0.07856601731601731,0.19466570071010858
2025-05-24,BOS,BAL,3.0,1.0,2.0,5.8,4.2,4.8,5.2,5.4,4.1,4.2,9.8,4.0,7.4,3.4,6.65,2025-05-24,Lucas Giolito,0.1822482589873894,0.06550159984942593,0.15989137086903302,Zach Eflin,0.14665861513687597,0.02857142857142856,0.17873372069725504
2025-05-25,BOS,BAL,6.0,1.0,5.0,5.2,2.6,4.6,5.3,4.8,4.05,3.4,8.0,3.5,7.2,3.35,5.95,2025-05-25,Walker Buehler,0.22943413729128012,0.06872706658420942,0.18866380457567725,Dean Kremer,0.1631690411038237,0.06167550565376649,0.1694931581368267
2025-06-02,BOS,LAA,13.0,6.0,7.0,2.2,3.0,3.7,2.8,4.1,4.0,2.6,3.2,3.3,3.9,4.7,4.5,2025-06-02,Richard Fitts,0.18849206349206346,0.0704365079365079,0.2174354733316997,Tyler Anderson,0.17960199586681797,0.08170588304975655,0.2265222639812201
2025-06-04,BOS,LAA,20.0,11.0,9.0,3.2,3.4,4.0,3.4,4.35,4.05,3.6,3.8,3.0,4.0,4.9,4.45,2025-06-04,Lucas Giolito,0.1837699015959885,0.0723612619264793,0.15877256538178694,Jos\xc3\xa9 Soriano,0.16681243174246665,0.11521732127054463,0.22708633124761354
2025-06-10,BOS,TBR,4.0,3.0,1.0,8.8,7.8,5.5,5.4,5.05,5.35,4.2,2.6,5.6,2.2,5.15,2.25,2025-06-10,Lucas Giolito,0.16772114014350034,0.07222802042677816,0.14449413167178377,Ryan Pepiot,0.20275441085266938,0.07424778043622465,0.21512898329207714
2025-06-11,BOS,TBR,7.0,4.0,3.0,8.2,6.6,5.7,5.0,5.1,4.7,3.4,3.0,5.2,2.5,5.0,2.4,2025-06-11,Walker Buehler,0.20879717341482046,0.07701650963415667,0.18346742656571408,Zack Littell,0.16438092198961762,0.030469315469315455,0.1652753596746422
2025-06-14,BOS,NYY,7.0,4.0,3.0,6.8,5.4,5.9,5.0,5.05,4.55,6.2,5.2,5.4,4.1,4.75,4.05,2025-06-14,Hunter Dobbins,0.17671102712864722,0.045448343079922,0.20678807287693393,Carlos Rod\xc3\xb3n,0.3082350672102225,0.09296384487378272,0.29162712216907855
2025-06-15,BOS,NYY,2.0,2.0,0.0,6.4,4.2,5.8,5.2,5.15,4.5,5.4,4.0,5.0,4.2,4.7,4.1,2025-06-15,Brayan Bello,0.16186724708463834,0.10710045831784958,0.16649807280635828,Max Fried,0.2373625566504127,0.053524522842363906,0.21661258193110416
2025-06-27,BOS,TOR,9.0,0.0,9.0,4.2,6.2,3.2,4.3,4.55,4.65,5.2,3.6,5.0,4.6,5.05,4.65,2025-06-27,Brayan Bello,0.18136373154489094,0.10233798876914812,0.1717768492898514,Jos\xc3\xa9 Berr\xc3\xados,0.20895138225301263,0.08569285987764245,0.21247746653776997
2025-06-28,BOS,TOR,16.0,15.0,1.0,2.8,7.0,2.8,4.9,4.3,5.05,6.8,2.2,5.7,4.3,5.1,4.45,2025-06-28,Lucas Giolito,0.20415428050210654,0.07706064949543208,0.18634514917801628,Chris Bassitt,0.23416418294557345,0.05367918521591682,0.21089488687839228
2025-06-29,BOS,TOR,8.0,3.0,5.0,5.4,6.6,4.1,5.0,5.05,4.85,5.6,5.0,5.4,4.7,5.0,4.8,2025-06-29,Walker Buehler,0.19678537149125383,0.09907863378451612,0.1829501203052758,Eric Lauer,0.23798650385674208,0.07884718518047361,0.20093394949854276
2025-07-01,BOS,CIN,8.0,5.0,3.0,6.6,5.2,5.5,5.3,5.4,5.0,4.4,5.8,4.4,5.4,5.0,4.95,2025-07-01,Brayan Bello,0.17006519516610621,0.10242339546860357,0.17026893111705346,Brady Singer,0.20519473304475125,0.10036012081789765,0.2114370747715087
2025-07-02,BOS,CIN,12.0,4.0,8.0,7.2,4.8,5.7,5.5,5.1,4.7,4.8,5.4,4.1,5.4,4.95,5.1,2025-07-02,Jordan Hicks,0.19341383076122848,0.11722497856252405,0.20782110954528013,Nick Martinez,0.18034085566481128,0.050778436197589344,0.18122141324921798
2025-07-07,BOS,COL,12.0,9.0,3.0,7.2,4.0,6.9,4.6,5.15,4.35,4.2,5.6,3.4,6.0,4.5,5.9,2025-07-07,Richard Fitts,0.16723356009070292,0.07596371882086164,0.21651074666573317,Austin Gomber,0.0791301169590643,0.047078834907782224,0.13446071117961914
2025-07-08,BOS,COL,12.0,10.0,2.0,8.0,4.0,7.6,4.4,5.4,4.35,4.2,6.4,3.6,6.1,4.45,5.75,2025-07-08,Brayan Bello,0.1705227232424768,0.09930911932168651,0.17001162651345442,Kyle Freeland,0.16576584151452964,0.053186813186813175,0.18703984460788928
2025-07-09,BOS,COL,12.0,10.0,2.0,9.2,2.8,8.6,3.7,5.7,4.3,3.2,7.2,3.7,6.8,4.5,6.05,2025-07-09,Lucas Giolito,0.20461132570577845,0.07571146078642328,0.184384145078201,Antonio Senzatela,0.11043738066936991,0.07859034826722033,0.15232130175827865
2025-07-10,BOS,TBR,7.0,4.0,3.0,9.0,2.8,8.1,3.8,6.1,4.4,3.6,4.4,4.8,6.3,5.3,5.1,2025-07-10,Walker Buehler,0.18687073919783567,0.09639446506938766,0.1810483534228215,Taj Bradley,0.20247756890396093,0.09077109770473611,0.20125883583836476
2025-07-11,BOS,TBR,9.0,5.0,4.0,7.8,2.8,8.2,3.6,6.2,4.55,3.6,4.4,4.3,4.5,5.1,5.25,2025-07-11,Jordan Hicks,0.18173710191607492,0.12400042767077997,0.2130934708521201,Drew Rasmussen,0.22407551980565396,0.05727080749010571,0.1859037201860324
2025-07-12,BOS,TBR,1.0,1.0,0.0,7.6,2.8,7.4,3.4,6.45,4.35,3.4,4.2,3.6,4.7,5.25,5.25,2025-07-12,Garrett Crochet,0.31056446477499106,0.0706640240850767,0.2610003887643876,Shane Baz,0.24348082883488426,0.08854219492027776,0.23883019236791636
2025-07-13,BOS,TBR,5.0,4.0,1.0,6.0,2.2,7.0,3.1,6.35,4.3,3.2,3.4,3.5,4.3,4.65,4.9,2025-07-13,Brayan Bello,0.17935656189499852,0.09470871338710943,0.17564721504892108,Ryan Pepiot,0.23314367894775057,0.08553706898179396,0.23124030635845583
2025-07-25,BOS,LAD,7.0,2.0,5.0,2.4,3.2,4.2,2.7,5.9,3.55,5.6,5.8,3.9,5.2,4.0,5.15,2025-07-25,Brayan Bello,0.17897977180780414,0.08591945298862597,0.17879236061739534,Emmet Sheehan,0.23928571428571427,0.07023809523809521,0.25851449275362315
2025-07-26,BOS,LAD,6.0,4.0,2.0,2.0,4.0,3.4,3.0,6.0,3.35,5.2,4.6,4.3,4.5,4.1,5.2,2025-07-26,Garrett Crochet,0.30409095313857215,0.0674614538900253,0.2622323679499474,Clayton Kershaw,0.16454294497772756,0.0777788234309973,0.21414660854278955
2025-07-27,BOS,LAD,7.0,4.0,3.0,2.6,3.6,2.8,3.0,5.45,3.4,4.6,4.2,4.4,4.6,3.95,5.2,2025-07-27,Walker Buehler,0.1786416024596288,0.09437520673543254,0.17565647552653046,Dustin May,0.21975954087065197,0.09598760293204735,0.18980667998979553
2025-08-02,BOS,HOU,10.0,7.0,3.0,6.6,3.2,4.3,3.6,5.65,3.0,3.8,3.8,3.7,4.6,4.75,4.55,2025-08-02,Walker Buehler,0.17837890473844167,0.10120943438056551,0.1782434614540689,Colton Gordon,0.20135145761355933,0.04043930428545812,0.17422059221903455
2025-08-03,BOS,HOU,7.0,6.0,1.0,7.2,3.4,4.9,3.5,5.45,3.05,4.2,4.2,3.4,5.0,4.6,4.55,2025-08-03,Lucas Giolito,0.2055388152741285,0.07008909491505362,0.20615663298719006,Framber Valdez,0.2641523046784702,0.08146044739498011,0.24564933510846718
2025-08-04,BOS,KCR,13.0,8.0,5.0,7.6,3.0,5.5,3.0,5.25,2.95,6.2,4.8,6.2,4.8,5.05,4.15,2025-08-04,Brayan Bello,0.17862350510121824,0.08878006194721672,0.18331171112884745,Bailey Falter,0.15011394469595743,0.08790529554106566,0.1514297446597107
2025-08-05,BOS,KCR,8.0,6.0,2.0,8.4,3.0,5.7,3.4,5.35,3.0,6.4,6.2,6.0,5.2,4.85,4.4,2025-08-05,Jordan Hicks,0.1785997230720521,0.11669594968402085,0.19482278717663012,Ryan Bergert,0.20421888053467,0.08484089010404797,0.13062858319078086
2025-08-06,BOS,KCR,10.0,3.0,7.0,8.0,2.4,6.2,3.2,5.2,2.95,5.4,5.4,5.0,5.4,4.9,4.35,2025-08-06,Jordan Hicks,0.17115806794404995,0.11183361844718664,0.19191350437760388,Michael Wacha,0.18262232716778168,0.0711976151501843,0.21025211939030192
2025-08-15,BOS,MIA,3.0,2.0,1.0,6.6,4.0,6.3,3.8,5.3,3.7,5.4,6.4,4.8,5.9,4.7,4.85,2025-08-15,Lucas Giolito,0.19285989929128883,0.07761887801973019,0.20064509367686767,Sandy Alcantara,0.16796891070932168,0.09227086540306857,0.17826775013416227
2025-08-16,BOS,MIA,12.0,7.0,5.0,5.0,3.8,5.8,3.6,5.35,3.55,4.4,5.2,4.6,5.4,4.5,4.9,2025-08-16,Brayan Bello,0.1844688855677689,0.08794386557129132,0.18533757991022706,Cal Quantrill,0.1776612161010845,0.060134381752628675,0.1830313343139026
2025-08-17,BOS,MIA,8.0,3.0,5.0,6.0,3.6,5.9,4.0,5.7,3.5,5.2,5.2,4.5,5.7,4.4,5.05,2025-08-17,Garrett Crochet,0.3047488622488622,0.06580108934275598,0.26632005580349644,Janson Junk,0.1823156333453816,0.025467093293180244,0.17453642653710705
2025-08-18,BOS,BAL,9.0,3.0,6.0,5.4,3.2,5.4,4.0,5.55,3.7,5.6,1.4,4.1,2.9,5.6,3.55,2025-08-18,Jordan Hicks,0.17630276233474634,0.11210607354035639,0.20590724198644153,Trevor Rogers,0.23120795029885935,0.06358927268018175,0.22803140580472386
2025-08-29,BOS,PIT,6.0,2.0,4.0,3.4,2.8,4.2,2.9,5.05,3.45,4.2,3.0,4.5,2.6,3.85,4.3,2025-08-29,Jordan Hicks,0.17237122310875755,0.12183432211579427,0.1882715680824838,Paul Skenes,0.28655613897329296,0.0593798027864474,0.2788288667429606
2025-08-30,BOS,PIT,13.0,3.0,10.0,3.4,2.2,4.1,2.8,4.75,3.4,4.2,3.4,4.4,2.6,3.7,4.4,2025-08-30,Jordan Hicks,0.16698462238660888,0.1180269995496757,0.18238808157990619,Johan Oviedo,0.3344298245614035,0.16337719298245615,0.36535409035409033
2025-08-31,BOS,PIT,7.0,5.0,2.0,3.2,3.6,4.1,3.2,4.6,3.8,5.0,2.6,5.1,2.2,4.05,4.45,2025-08-31,Lucas Giolito,0.19592112491486108,0.07642967792269079,0.20136406389290992,Mitch Keller,0.19185520002750275,0.06984935056593668,0.18370230742639054
2025-09-02,BOS,CLE,18.0,11.0,7.0,3.8,4.4,4.5,3.5,4.5,3.65,3.6,3.4,2.6,5.1,3.35,5.05,2025-09-02,Garrett Crochet,0.30774342255823733,0.06128610073054515,0.262950217019355,Slade Cecconi,0.1997214299388212,0.05882872450505298,0.2010281586438608
2025-09-03,BOS,CLE,9.0,1.0,8.0,5.4,5.4,4.4,4.1,4.95,3.7,4.4,5.6,2.8,5.6,3.25,5.35,2025-09-03,Jordan Hicks,0.1619244823142874,0.12051102986635219,0.17686117001687873,Joey Cantillo,0.321954807513081,0.12248243387989302,0.31779324929856817
2025-09-12,BOS,NYY,5.0,1.0,4.0,5.0,2.8,5.3,4.5,4.7,3.85,3.8,6.0,4.4,5.3,5.7,4.55,2025-09-12,Lucas Giolito,0.19294247637153983,0.08391405375550029,0.2038852987928296,Luis Gil,0.19492605030362462,0.14883577520877286,0.20998250980969874
2025-09-13,BOS,NYY,8.0,3.0,5.0,5.0,2.6,4.9,4.7,4.45,3.9,4.0,6.0,4.6,5.1,5.25,4.45,2025-09-13,Brayan Bello,0.17886217866278173,0.08060825906820326,0.1853917691630064,Max Fried,0.22583083985736105,0.06534089508653948,0.23107977114185532
2025-09-14,BOS,NYY,10.0,6.0,4.0,4.2,2.8,4.6,4.8,4.55,4.15,4.2,6.0,4.4,5.3,5.35,4.3,2025-09-14,Garrett Crochet,0.3061925941236286,0.05705947309395583,0.26166524907444655,Paul Blackburn,0.192035681896363,0.05563608218406979,0.18955510901381267
2025-09-18,BOS,ATH,8.0,3.0,5.0,3.0,4.0,4.1,3.9,4.2,4.05,5.6,2.8,5.8,3.9,5.15,4.45,2025-09-18,Brayan Bello,0.17841049303329598,0.08225239762123276,0.18685874067548763,J.T. Ginn,0.27977591149542763,0.06535509385460349,0.27727788143421134
2025-09-26,BOS,DET,7.0,4.0,3.0,4.2,3.6,4.5,4.1,4.7,4.4,2.8,4.8,2.0,4.9,4.25,4.9,2025-09-26,Kyle Harrison,0.2691400450927305,0.06109385783298825,0.2760578957383468,Casey Mize,0.219416116069646,0.06129164221438989,0.21863849684276795
2025-09-27,BOS,DET,3.0,1.0,2.0,3.8,3.6,4.6,3.9,4.6,4.35,2.4,4.4,2.1,4.5,4.15,5.1,2025-09-27,Connelly Early,0.3641456582633053,0.05508870214752567,0.3416106584190805,Tyler Holton,0.18123993558776166,0.05440533701403267,0.22574879416311638
2025-04-19,CHC,ARI,8.0,6.0,2.0,7.8,5.4,6.5,5.0,6.7,4.7,7.6,5.0,5.7,4.4,5.75,4.75,2025-04-19,Ben Brown,0.21766578831796216,0.08454106280193234,0.22870561390347585,Zac Gallen,0.2519459706959707,0.11813186813186807,0.30065092565092566
2025-04-23,CHC,LAD,13.0,7.0,6.0,5.8,5.8,6.4,4.4,6.85,4.5,4.2,2.6,3.7,4.1,4.1,4.05,2025-04-23,Matthew Boyd,0.2097237002128306,0.09463996148778753,0.2097426113308132,Jack Dreyer,0.32716049382716045,0.12654320987654322,0.24166666666666664
2025-05-05,CHC,SFG,11.0,9.0,2.0,5.4,2.6,5.7,3.1,6.1,4.05,5.0,3.0,4.1,3.3,4.45,3.85,2025-05-05,Matthew Boyd,0.20907986940595633,0.0917729613381787,0.2177036512185928,Landen Roupp,0.24708624708624705,0.10830419580419577,0.28331571529245947
2025-05-07,CHC,SFG,4.0,1.0,3.0,6.6,2.2,6.0,3.1,6.2,3.75,4.8,3.8,3.7,3.7,4.05,4.1,2025-05-07,Drew Pomeranz,0.21333333333333332,0.10666666666666666,0.20555555555555555,Robbie Ray,0.26164230294665075,0.13638298094819828,0.2614937612106868
2025-05-12,CHC,MIA,7.0,5.0,2.0,4.0,4.6,4.7,3.6,5.8,4.05,2.4,5.6,3.3,7.0,3.85,6.8,2025-05-12,Drew Pomeranz,0.33095238095238094,0.07619047619047618,0.3075396825396825,Cal Quantrill,0.16166993806745356,0.07413980084787533,0.18784242651614078
2025-05-13,CHC,MIA,9.0,5.0,4.0,3.2,4.6,4.9,3.4,5.25,4.15,2.0,5.2,3.3,6.0,3.85,6.75,2025-05-13,Ben Brown,0.2537677126186443,0.08323250248716084,0.25852720218342873,Valente Bellozo,0.19305910770105142,0.1284455811310031,0.19696969696969693
2025-05-17,CHC,CHW,10.0,7.0,3.0,5.2,3.6,4.4,3.9,5.7,3.85,2.6,5.4,2.3,4.8,3.45,4.75,2025-05-17,Matthew Boyd,0.23652004698200346,0.06882972100363402,0.2257777384139446,Sean Burke,0.15219531407937203,0.11938125213487531,0.22586055742440245
2025-05-18,CHC,CHW,8.0,6.0,2.0,6.2,3.0,5.1,3.8,5.4,3.45,3.0,6.2,2.6,5.2,3.5,4.9,2025-05-18,Drew Pomeranz,0.35,0.05925925925925926,0.2868165784832451,Jonathan Cannon,0.1842390720432599,0.08253124847163705,0.17860613296921457
2025-05-30,CHC,CIN,8.0,2.0,6.0,6.6,4.4,6.9,3.7,5.65,3.8,6.0,4.8,4.7,4.3,4.15,4.1,2025-05-30,Colin Rea,0.18601119894598153,0.05752635046113307,0.18750329354184583,Andrew Abbott,0.27469674680773076,0.1045649779917514,0.2181938995963386
2025-05-31,CHC,CIN,2.0,2.0,0.0,4.4,4.4,6.4,4.0,5.75,3.9,6.0,4.4,5.0,4.4,4.4,4.0,2025-05-31,Drew Pomeranz,0.32023809523809527,0.055952380952380955,0.23676303854875283,Nick Lodolo,0.2078233150673543,0.044044821471188905,0.19872115329303977
2025-06-01,CHC,CIN,10.0,7.0,3.0,4.0,3.2,6.0,3.8,5.4,3.8,4.4,2.6,4.3,4.5,4.4,3.9,2025-06-01,Jameson Taillon,0.20469321485131758,0.04648235602781056,0.20268634684219097,Nick Martinez,0.17439356427498717,0.052044641787724784,0.19862461385867694
2025-06-12,CHC,PIT,5.0,3.0,2.0,3.4,3.8,4.1,2.8,5.25,3.4,4.2,2.0,3.5,3.1,3.85,3.1,2025-06-12,Jameson Taillon,0.19527552962335568,0.04575262901349856,0.20457961316365653,Andrew Heaney,0.1753769097247358,0.07988891945413681,0.17849965486824718
2025-06-14,CHC,PIT,3.0,2.0,1.0,3.8,3.6,4.2,3.0,5.1,3.4,4.2,2.4,3.3,2.8,3.9,3.25,2025-06-14,Drew Pomeranz,0.2710526315789474,0.0543859649122807,0.2222639933166249,Braxton Ashcraft,0.23571428571428568,0.14999999999999997,0.15370370370370368
2025-06-17,CHC,MIL,8.0,5.0,3.0,3.0,3.6,3.7,2.8,4.85,3.05,3.8,3.6,2.8,3.2,4.4,3.2,2025-06-17,Ben Brown,0.26849563479998256,0.06664567316741228,0.27002435214418063,Chad Patrick,0.2162545686649424,0.07987536505080363,0.17809220127167708
2025-06-19,CHC,MIL,15.0,7.0,8.0,4.0,3.4,3.4,2.8,4.4,3.15,4.0,3.4,3.1,3.5,4.15,3.2,2025-06-19,Drew Pomeranz,0.2575,0.06416666666666666,0.21115079365079364,Freddy Peralta,0.24374696318174577,0.09332440345483821,0.27167947075897325
2025-06-20,CHC,SEA,13.0,4.0,9.0,3.8,4.2,4.1,3.4,4.65,3.5,3.8,1.6,4.0,3.5,3.5,3.65,2025-06-20,Matthew Boyd,0.2258411946014103,0.058045712596219275,0.19858012957831336,George Kirby,0.2701685042646141,0.06388599958394006,0.2033956045569631
2025-06-21,CHC,SEA,17.0,10.0,7.0,4.2,4.6,3.8,4.2,4.2,3.65,4.8,1.8,4.3,3.1,3.7,3.7,2025-06-21,Drew Pomeranz,0.2642857142857143,0.0611111111111111,0.20789871504157217,Emerson Hancock,0.1647775755485716,0.08171141499451028,0.1781012062907684
2025-06-22,CHC,SEA,20.0,6.0,14.0,5.6,5.6,4.7,4.6,4.5,3.7,5.0,3.8,4.7,3.9,4.0,4.1,2025-06-22,Colin Rea,0.17207648953301125,0.053053115698043225,0.17853384759980043,Logan Gilbert,0.3943457245598468,0.04735051915503041,0.36395324692176734
2025-07-01,CHC,CLE,7.0,5.0,2.0,5.4,2.4,5.6,5.8,4.85,4.6,2.4,7.4,2.5,4.8,2.7,4.35,2025-07-01,Matthew Boyd,0.22587061465422445,0.05736894589011291,0.1982435441169549,Gavin Williams,0.22046187283243918,0.12830572599808865,0.2545679480215524
2025-07-02,CHC,CLE,9.0,5.0,4.0,4.8,2.8,5.7,5.1,4.75,4.65,1.6,6.4,2.3,5.1,2.8,4.4,2025-07-02,Shota Imanaga,0.19261663528287565,0.061082762080204515,0.21203802733214494,Tanner Bibee,0.20204157708233791,0.06766289417104633,0.21282579510926694
2025-07-04,CHC,STL,14.0,11.0,3.0,5.2,3.6,5.2,4.8,4.95,4.7,3.2,3.8,3.7,3.9,4.2,4.1,2025-07-04,Colin Rea,0.16207184806289665,0.04899022191221678,0.17197999340647352,Miles Mikolas,0.16351410817443424,0.05828817468763119,0.15025508516746933
2025-07-05,CHC,STL,14.0,6.0,8.0,6.6,2.8,5.7,3.7,5.2,4.8,2.0,4.8,3.2,4.8,3.9,4.15,2025-07-05,Drew Pomeranz,0.26282051282051283,0.05897435897435897,0.1969169719169719,Matthew Liberatore,0.1967467727522075,0.0453249110993676,0.20115591370796365
2025-07-06,CHC,STL,11.0,11.0,0.0,5.4,3.8,6.1,3.7,5.5,5.0,2.2,6.0,3.2,4.7,4.2,4.2,2025-07-06,Matthew Boyd,0.22389632510442842,0.05625674545313794,0.19573248596628437,Erick Fedde,0.13469064953643708,0.10239089446113095,0.15040424993985363
2025-07-18,CHC,BOS,5.0,4.0,1.0,3.8,3.8,5.3,4.2,5.5,4.65,4.8,2.0,7.0,2.4,6.2,4.1,2025-07-18,Drew Pomeranz,0.26264367816091955,0.07011494252873562,0.196031746031746,Lucas Giolito,0.21085001493720207,0.06988750226439072,0.1958417749439804
2025-07-19,CHC,BOS,6.0,6.0,0.0,4.2,3.2,5.2,3.9,5.2,4.35,3.0,2.4,6.0,2.6,6.15,4.15,2025-07-19,Shota Imanaga,0.18614680057600308,0.04855605837238013,0.21073390237637754,Brayan Bello,0.1801660075457919,0.08878941880041509,0.17508593077503018
2025-07-20,CHC,BOS,7.0,1.0,6.0,3.8,3.0,4.7,3.6,5.2,3.65,2.2,3.0,5.0,2.9,5.9,4.0,2025-07-20,Drew Pomeranz,0.2538888888888889,0.06777777777777777,0.20060846560846557,Jordan Hicks,0.19065452729356072,0.11670628486661644,0.2123232666843483
2025-07-21,CHC,KCR,16.0,4.0,12.0,4.0,2.0,4.2,3.4,5.15,3.55,3.0,4.0,3.7,3.6,3.65,3.75,2025-07-21,Ben Brown,0.2545851057155405,0.06864847230064619,0.251564964840746,Noah Cameron,0.21088982979333856,0.07693659654185968,0.23958651151746793
2025-07-23,CHC,KCR,12.0,4.0,8.0,4.2,3.8,4.0,3.8,4.9,3.75,4.6,3.8,4.4,3.9,4.25,3.9,2025-07-23,Drew Pomeranz,0.2456989247311828,0.07365591397849462,0.19413722478238604,Seth Lugo,0.21644121840041033,0.06987236935926804,0.1845408448291771
2025-08-01,CHC,BAL,1.0,1.0,0.0,5.6,5.0,4.8,6.3,4.75,4.95,8.6,4.0,7.5,3.8,5.35,4.5,2025-08-01,Cade Horton,0.1728081932931431,0.07328276517239726,0.24748384656887332,Trevor Rogers,0.2244188681688681,0.07817599067599065,0.23453115353401502
2025-08-02,CHC,BAL,7.0,3.0,4.0,4.6,4.8,4.8,5.7,4.5,4.55,7.6,4.0,7.2,3.3,5.25,4.5,2025-08-02,Matthew Boyd,0.22962590283446765,0.059476011983367306,0.2050448548512694,Tomoyuki Sugano,0.1490896181113572,0.057440037016123956,0.16682041159624528
2025-08-03,CHC,BAL,8.0,5.0,3.0,4.2,4.8,4.7,4.9,4.1,4.75,6.2,3.8,7.4,3.3,5.3,4.6,2025-08-03,Drew Pomeranz,0.2623809523809524,0.07238095238095238,0.20505668934240362,Brandon Young,0.2015274888472829,0.09576309433002793,0.20865420902760518
2025-08-04,CHC,CIN,5.0,2.0,3.0,4.4,3.8,4.6,5.2,4.3,4.5,3.2,3.6,3.7,2.9,4.25,3.5,2025-08-04,Drew Pomeranz,0.2662037037037037,0.07592592592592592,0.20332892416225745,Nick Martinez,0.17890674909536797,0.056192397321979566,0.17248897261687265
2025-08-05,CHC,CIN,6.0,1.0,5.0,4.2,2.6,4.4,4.7,4.3,4.45,3.4,3.0,3.9,2.5,4.3,3.0,2025-08-05,Shota Imanaga,0.194859863339951,0.04079669136665847,0.21087154675389969,Zack Littell,0.16826244593371195,0.03787472537472536,0.17773693502533036
2025-08-06,CHC,CIN,7.0,6.0,1.0,2.4,3.0,4.0,4.0,3.95,4.65,3.6,2.2,3.9,2.6,4.2,2.95,2025-08-06,Drew Pomeranz,0.25900900900900903,0.07387387387387387,0.20459030459030456,Andrew Abbott,0.22277429602057697,0.07742907738894418,0.21710149941030232
2025-08-15,CHC,PIT,5.0,2.0,3.0,3.4,2.4,3.1,2.9,3.9,3.9,3.0,9.8,3.3,6.7,4.85,5.45,2025-08-15,Colin Rea,0.1677574768562087,0.05667416269318442,0.17016196743318332,Braxton Ashcraft,0.21789630122963455,0.10002405002405,0.2203004353387495
2025-08-16,CHC,PIT,4.0,3.0,1.0,2.0,2.8,2.8,2.9,3.7,4.05,3.4,9.8,3.1,6.5,4.85,5.55,2025-08-16,Shota Imanaga,0.21477321375579045,0.03569710494582616,0.2110384915426932,Mike Burrows,0.22853538521125003,0.08904190341597797,0.2305152301521652
2025-08-18,CHC,MIL,7.0,0.0,7.0,2.8,2.0,3.2,2.5,3.6,3.25,10.0,4.0,7.5,3.3,7.55,4.0,2025-08-18,Drew Pomeranz,0.2758333333333333,0.07333333333333333,0.2277876984126984,Freddy Peralta,0.26109131737827385,0.08881843277495449,0.27182099648339364
2025-08-19,CHC,MIL,10.0,6.0,4.0,2.0,3.2,2.6,3.1,3.3,3.55,10.0,2.8,7.9,3.2,7.4,3.9,2025-08-19,Drew Pomeranz,0.26910569105691057,0.07154471544715447,0.22467092528068136,Brandon Woodruff,0.33941043083900224,0.051587301587301584,0.24917704694602696
2025-08-20,CHC,MIL,7.0,4.0,3.0,3.4,3.2,2.7,3.0,3.35,3.2,6.8,4.6,7.2,3.6,7.4,3.8,2025-08-20,Colin Rea,0.17104717778196035,0.05840719618545705,0.17603841556512428,Jacob Misiorowski,0.3562570448053016,0.12509470000468115,0.2672852295720201
2025-08-21,CHC,MIL,5.0,1.0,4.0,3.6,3.6,2.9,3.0,3.4,2.9,5.0,4.4,7.2,3.8,7.4,3.9,2025-08-21,Drew Pomeranz,0.2785714285714286,0.06984126984126984,0.2336073318216175,Quinn Priester,0.19008687315683395,0.07885717759950346,0.21549876245507427
2025-09-02,CHC,ATL,7.0,4.0,3.0,5.2,6.4,4.8,4.7,3.85,3.85,6.2,5.0,4.6,5.1,5.9,5.4,2025-09-02,Drew Pomeranz,0.26555555555555554,0.0651851851851852,0.2225228475228475,Joey Wentz,0.1721282518277403,0.09912491742415014,0.20079263272173117
2025-09-03,CHC,ATL,6.0,1.0,5.0,5.4,4.6,5.1,4.6,4.0,3.75,4.6,5.4,4.8,5.5,5.65,5.3,2025-09-03,Drew Pomeranz,0.2652173913043478,0.063768115942029,0.22163796348578954,Bryce Elder,0.1779595245816624,0.08712099020102136,0.19316491736367442
2025-09-05,CHC,WSN,16.0,11.0,5.0,5.0,4.8,4.9,4.9,3.85,3.95,4.4,3.6,3.3,5.1,4.05,5.1,2025-09-05,Javier Assad,0.12134740259740255,0.057990620490620454,0.13358031326781325,Jake Irvin,0.14946172253131082,0.07974607855299086,0.16284549874448515
2025-09-06,CHC,WSN,3.0,1.0,2.0,5.0,4.4,4.8,5.3,4.35,4.1,5.2,5.0,3.6,5.9,3.9,5.3,2025-09-06,Drew Pomeranz,0.26382978723404255,0.0624113475177305,0.22330524085843234,Brad Lord,0.19980589285546754,0.08099427591844173,0.19883844315751256
2025-09-12,CHC,TBR,10.0,6.0,4.0,2.8,3.0,3.9,3.7,4.3,3.95,2.8,4.0,4.4,4.0,4.65,4.2,2025-09-12,Drew Pomeranz,0.28027210884353737,0.0598639455782313,0.24072135347645549,Shane Baz,0.25122442119949473,0.08707093624958938,0.23765555198660152
2025-09-13,CHC,TBR,9.0,4.0,5.0,3.8,3.4,4.1,3.8,4.4,4.1,3.2,4.6,3.8,4.4,4.8,4.15,2025-09-13,Drew Pomeranz,0.2813333333333333,0.05866666666666667,0.24090692640692637,Drew Rasmussen,0.21808143469231528,0.05631936248252852,0.19032967956755695
2025-09-14,CHC,TBR,7.0,4.0,3.0,4.0,3.2,4.0,3.7,4.4,4.2,4.0,5.0,3.7,4.3,4.9,3.7,2025-09-14,Javier Assad,0.1351731601731601,0.0654401154401154,0.14134700923494026,Adrian Houser,0.19139720159841678,0.07205558750452967,0.1793967731750003
2025-09-23,CHC,NYM,16.0,7.0,9.0,3.0,3.8,3.7,3.2,3.8,3.45,6.4,4.0,4.7,5.7,5.45,5.75,2025-09-23,Drew Pomeranz,0.2839506172839506,0.05802469135802469,0.25072951739618404,David Peterson,0.20733838475988745,0.08918551122537362,0.22236136844671073
2025-09-24,CHC,NYM,13.0,10.0,3.0,2.8,4.8,3.8,3.7,3.95,3.75,6.6,4.8,5.3,5.5,4.95,5.65,2025-09-24,Matthew Boyd,0.21984068770453205,0.05926585885510369,0.21013908871638282,Clay Holmes,0.1831136188680294,0.091437959938735,0.2074396090437638
2025-09-25,CHC,NYM,13.0,5.0,8.0,4.8,5.2,4.4,3.5,4.2,3.6,6.4,5.4,5.3,5.4,4.7,5.6,2025-09-25,Drew Pomeranz,0.28484848484848485,0.06303030303030303,0.2461707988980716,Nolan McLean,0.27629767058338484,0.0894403215831787,0.25725566381580706
2025-09-26,CHC,STL,13.0,12.0,1.0,5.0,5.4,4.5,4.0,4.25,3.85,6.0,3.8,4.6,4.6,3.9,4.5,2025-09-26,Colin Rea,0.18146676502198017,0.06160455832726444,0.18728162936225196,Miles Mikolas,0.149242159675226,0.054845543705383505,0.1449705054602907
2025-09-27,CHC,STL,10.0,7.0,3.0,6.8,4.4,5.3,4.1,4.8,3.65,4.8,6.0,4.5,5.0,3.75,5.0,2025-09-27,Drew Pomeranz,0.2886904761904762,0.06190476190476191,0.24574314574314574,Michael McGreevy,0.14754390322682656,0.04756009889233573,0.1717449190812235
2025-04-29,CHW,MIL,9.0,2.0,7.0,4.4,4.6,3.7,6.0,3.25,5.0,4.2,4.0,5.4,3.5,5.6,3.35,2025-04-29,Tyler Gilbert,0.31700680272108844,0.11224489795918366,0.2104716711859569,Freddy Peralta,0.2661738261738262,0.08153679653679652,0.3111508374769953
2025-04-30,CHW,MIL,10.0,4.0,6.0,4.4,5.2,3.6,5.5,3.3,5.05,5.2,3.6,5.6,3.4,5.55,3.35,2025-04-30,Shane Smith,0.20777511961722483,0.08173843700159486,0.25623645035409737,Tyler Alexander,0.18784847081471795,0.10634716319784968,0.14326683324845088
2025-05-01,CHW,MIL,8.0,8.0,0.0,4.8,5.6,3.9,5.8,3.3,5.0,5.4,3.2,6.1,3.5,5.5,3.5,2025-05-01,Sean Burke,0.16041418324027015,0.0946779388083736,0.2555407528865204,Chad Patrick,0.18170577409707844,0.10529100529100527,0.15014283019376393
2025-05-02,CHW,HOU,10.0,7.0,3.0,5.8,4.4,4.7,5.0,3.6,4.65,5.0,4.2,4.2,2.8,4.4,3.35,2025-05-02,Jonathan Cannon,0.19362960866922382,0.12379687270745558,0.1862410688726478,Framber Valdez,0.21432290588712377,0.08764757351963746,0.21391719636315967
2025-05-03,CHW,HOU,11.0,3.0,8.0,6.2,3.8,5.1,4.3,3.8,4.6,5.6,5.2,4.3,3.2,4.4,3.5,2025-05-03,Davis Martin,0.14337387250430725,0.08004053917097394,0.15917975925875316,Hunter Brown,0.2943511198945981,0.05108146684233639,0.259221536064683
2025-05-09,CHW,MIA,8.0,6.0,2.0,1.4,5.4,3.8,4.6,3.3,5.3,3.4,6.4,4.0,8.4,4.6,7.25,2025-05-09,Bryse Wilson,0.12282509157509157,0.08102487789987788,0.14870556288996004,Max Meyer,0.2842530497274554,0.07959462754707988,0.2699554622486953
2025-05-10,CHW,MIA,4.0,1.0,3.0,2.0,4.2,3.4,4.5,3.55,5.25,3.6,6.4,3.4,8.6,4.35,7.25,2025-05-10,Tyler Gilbert,0.316005291005291,0.10119047619047618,0.2390970140970141,Edward Cabrera,0.21461980048936566,0.1065358554488989,0.2136441683619103
2025-05-11,CHW,MIA,6.0,4.0,2.0,2.2,4.2,3.3,4.1,3.45,4.8,2.4,5.4,3.7,7.3,3.95,7.1,2025-05-11,Tyler Gilbert,0.28440476190476194,0.14107142857142857,0.23185397935397933,Sandy Alcantara,0.16248196248196248,0.12887445887445886,0.2196144973179481
2025-05-21,CHW,SEA,11.0,5.0,6.0,2.0,6.2,2.6,4.7,3.2,4.65,4.0,1.0,3.4,4.0,5.0,3.9,2025-05-21,Shane Smith,0.21736298915932778,0.07823632973518554,0.25870197115503746,Logan Evans,0.14966783216783214,0.08945804195804195,0.12624807987711212
2025-05-23,CHW,TEX,5.0,4.0,1.0,2.4,4.8,2.5,5.1,2.95,4.8,2.6,3.0,3.1,2.6,3.4,3.15,2025-05-23,Sean Burke,0.15179059748624962,0.1259616454399063,0.22077450168196217,Tyler Mahle,0.19179546299111513,0.0986640654031958,0.21475958695431402
2025-05-24,CHW,TEX,15.0,10.0,5.0,2.6,3.6,2.8,4.9,3.05,4.5,1.8,3.6,3.0,2.9,3.45,3.2,2025-05-24,Bryse Wilson,0.11678658642944355,0.07923825513111225,0.15036801351400314,Jack Leiter,0.19453274985883678,0.10999811782420475,0.21683180818282535
2025-05-25,CHW,TEX,9.0,4.0,5.0,4.2,3.4,3.4,5.2,3.35,4.45,2.2,4.8,3.1,3.8,3.65,3.05,2025-05-25,Davis Martin,0.14861728609554695,0.05648993196819282,0.1698211133568818,Patrick Corbin,0.17962387853692197,0.08250457060525708,0.2087495423255045
2025-06-02,CHW,DET,14.0,1.0,13.0,3.6,3.8,4.2,3.8,3.4,4.25,3.0,2.0,2.9,2.2,3.65,3.45,2025-06-02,Bryse Wilson,0.1343852328227328,0.09584862475487474,0.18816923404697497,Jack Flaherty,0.29629234401961674,0.0810068719159628,0.2685394229288933
2025-06-03,CHW,DET,9.0,8.0,1.0,3.0,5.2,3.8,4.5,3.15,4.8,5.0,2.0,3.7,2.2,4.2,3.45,2025-06-03,Shane Smith,0.2277399166259162,0.09659299614469158,0.25658503522310555,Tyler Holton,0.20125661375661374,0.07377645502645502,0.22837089381207024
2025-06-06,CHW,KCR,9.0,7.0,2.0,3.4,5.2,3.6,4.5,3.5,4.85,4.6,4.0,3.7,4.4,3.35,3.9,2025-06-06,Davis Martin,0.1381895258525693,0.06111479837929112,0.169823753884358,Seth Lugo,0.1878565788831244,0.06704334361976126,0.16593518859309658
2025-06-07,CHW,KCR,5.0,4.0,1.0,4.4,4.8,3.9,4.2,3.65,4.85,4.0,4.0,3.8,4.8,3.4,4.1,2025-06-07,Adrian Houser,0.19672919672919673,0.07511624178290839,0.1983405483405483,Michael Wacha,0.17730673714369363,0.06725965660748268,0.18446983193932873
2025-06-08,CHW,KCR,12.0,5.0,7.0,4.8,4.4,4.2,4.1,3.8,4.55,4.0,4.8,3.5,4.7,3.1,4.05,2025-06-08,Tyler Alexander,0.17484930407454108,0.05241796693251416,0.11511730177696565,Michael Lorenzen,0.1841480485152399,0.06825813386689196,0.20949791287961403
2025-06-17,CHW,STL,14.0,2.0,12.0,2.2,4.2,3.9,3.7,3.85,4.1,2.8,4.4,3.8,4.7,3.9,5.0,2025-06-17,Tyler Alexander,0.17565075016074913,0.05430995451888894,0.13263164580197004,Matthew Liberatore,0.19914231810552877,0.0375508877348342,0.20234952436480536
2025-06-19,CHW,STL,9.0,4.0,5.0,1.8,6.2,3.3,4.8,3.75,4.65,4.8,3.8,4.5,4.2,4.3,4.95,2025-06-19,Tyler Gilbert,0.2682234432234432,0.1085164835164835,0.24123077776923926,Erick Fedde,0.14484544858676204,0.10608219288176576,0.1505163507043206
2025-06-25,CHW,ARI,10.0,7.0,3.0,2.6,4.8,2.4,5.0,3.15,4.9,7.0,3.2,5.9,4.9,5.65,4.9,2025-06-25,Tyler Alexander,0.16731297586217495,0.04996515815737783,0.13002111413781242,Zac Gallen,0.2178890337721859,0.10163164583001535,0.22744393791957282
2025-06-27,CHW,SFG,4.0,1.0,3.0,2.6,5.2,2.8,4.9,3.4,4.85,4.8,6.0,3.9,5.4,4.4,4.55,2025-06-27,Tyler Alexander,0.16087786140593743,0.05573572899747868,0.12929380632909312,Landen Roupp,0.20088048666309533,0.10043491291317377,0.21977640494159026
2025-06-28,CHW,SFG,1.0,1.0,0.0,2.6,4.4,2.8,4.9,3.35,4.85,4.4,4.8,3.7,4.4,4.55,4.55,2025-06-28,Adrian Houser,0.17872025387017887,0.08982365479117098,0.18502886002886,Robbie Ray,0.27593435600229077,0.09756685142554704,0.27396156586877524
2025-06-29,CHW,SFG,7.0,5.0,2.0,2.0,4.0,2.8,4.7,3.35,4.2,3.8,4.6,3.3,4.0,4.35,4.5,2025-06-29,Tyler Gilbert,0.25854341736694675,0.09033613445378151,0.23152941829412413,Justin Verlander,0.19114405589043262,0.08906808301735834,0.23141588249654677
2025-07-07,CHW,TOR,12.0,4.0,8.0,4.6,4.4,3.8,3.6,3.1,4.3,7.8,5.0,7.0,4.9,5.45,4.95,2025-07-07,Tyler Alexander,0.1701872135347127,0.05724911099216427,0.1445340589239681,Jos\xc3\xa9 Berr\xc3\xados,0.211828838096954,0.07848624581716365,0.21295908308955952
2025-07-09,CHW,TOR,3.0,2.0,1.0,4.6,5.0,3.5,4.1,3.15,4.5,8.4,5.0,6.8,4.7,5.6,5.05,2025-07-09,Adrian Houser,0.1799022593681514,0.08098843074855065,0.198146645021645,Eric Lauer,0.2377368319347258,0.07021335249536578,0.19498178772325675
2025-07-11,CHW,CLE,6.0,2.0,4.0,4.6,4.0,3.6,3.9,3.2,4.4,3.2,3.0,2.4,4.7,2.55,4.35,2025-07-11,Tyler Alexander,0.17198152417910959,0.0552750037165724,0.14386047068521057,Gavin Williams,0.220612573830855,0.1305141806851697,0.2579932608698947
2025-07-12,CHW,CLE,8.0,2.0,6.0,4.4,4.4,3.7,4.3,3.25,4.5,3.2,2.4,2.8,4.3,2.65,4.1,2025-07-12,Tyler Gilbert,0.24353741496598638,0.08582766439909296,0.21916588702302986,Tanner Bibee,0.20099070541290218,0.07316978152790508,0.214534609897696
2025-07-25,CHW,CHC,17.0,12.0,5.0,7.8,4.4,5.9,4.2,4.85,3.9,4.2,5.2,4.2,4.2,4.95,4.15,2025-07-25,Adrian Houser,0.17434138791410153,0.07702850683660276,0.17825669825669824,Drew Pomeranz,0.2505208333333333,0.07135416666666666,0.20195932539682537
2025-07-26,CHW,CHC,7.0,1.0,6.0,8.2,4.6,6.7,3.9,5.1,4.0,4.0,7.6,3.9,5.3,5.0,4.4,2025-07-26,Tyler Alexander,0.18710825628731806,0.05790547211814374,0.1665647908747114,Cade Horton,0.1758452397039353,0.07560178348221824,0.2564795934728686
2025-07-27,CHW,CHC,9.0,4.0,5.0,7.0,5.4,6.6,4.4,5.1,4.15,5.0,6.6,4.5,4.3,4.7,4.3,2025-07-27,Tyler Alexander,0.18901406670285387,0.05615076084183635,0.16656787801992218,Drew Pomeranz,0.26313131313131316,0.0691919191919192,0.2023328523328523
2025-07-28,CHW,PHI,8.0,6.0,2.0,6.2,5.8,6.8,4.5,5.25,4.4,6.0,4.4,5.2,4.3,4.9,3.45,2025-07-28,Davis Martin,0.1531871547668649,0.0671634436417045,0.1820732463805532,Cristopher S\xc3\xa1nchez,0.263846805291599,0.06888699681128464,0.278224763941518
2025-07-29,CHW,PHI,9.0,3.0,6.0,6.8,5.4,7.2,4.1,5.3,4.4,6.0,4.0,5.2,4.5,4.9,3.7,2025-07-29,Tyler Gilbert,0.23108465608465606,0.0960758377425044,0.21825098769543214,Jes\xc3\xbas Luzardo,0.2756230382225449,0.09202455778425855,0.2825539701105808
2025-07-30,CHW,PHI,12.0,9.0,3.0,5.2,4.8,6.5,4.6,5.4,4.4,6.4,4.4,5.4,4.3,5.0,3.85,2025-07-30,Tyler Alexander,0.19080777062335819,0.06185220905237057,0.16166882278404213,Taijuan Walker,0.19877216379425164,0.08029282428026906,0.19067611463045814
2025-08-08,CHW,CLE,14.0,5.0,9.0,4.2,5.4,4.4,4.9,5.55,4.4,4.2,2.4,4.7,3.6,5.25,3.65,2025-08-08,Aaron Civale,0.19399810674631662,0.07987031019014902,0.18437729124653807,Tanner Bibee,0.20751014862830963,0.06778629507930525,0.22364770987363405
2025-08-09,CHW,CLE,4.0,1.0,3.0,4.0,6.6,4.8,5.2,5.7,4.8,5.0,3.4,5.3,3.7,5.35,3.65,2025-08-09,Tyler Gilbert,0.22297619047619047,0.10146825396825396,0.22392588892588888,Joey Cantillo,0.33275617372617117,0.12173478027279196,0.3205868074759626
2025-08-10,CHW,CLE,10.0,6.0,4.0,4.0,7.2,4.5,5.0,5.65,4.75,4.6,2.8,5.0,3.4,5.3,3.6,2025-08-10,Davis Martin,0.16340043067664548,0.07102656791915102,0.19535770383599083,Slade Cecconi,0.21081255183739653,0.06637767224723744,0.2217241917198904
2025-08-11,CHW,DET,3.0,1.0,2.0,4.2,6.4,4.5,5.2,5.85,4.65,5.2,6.4,5.0,4.9,4.6,4.85,2025-08-11,Tyler Alexander,0.19013738510306014,0.06056946880745506,0.1664121352934086,Tyler Holton,0.18544444444444444,0.04541269841269841,0.21393737634914103
2025-08-12,CHW,DET,15.0,9.0,6.0,3.8,5.2,4.3,4.8,5.4,4.7,5.0,5.4,4.5,4.8,4.6,4.85,2025-08-12,Tyler Gilbert,0.21578341013824884,0.10894777265745008,0.21963502447373415,Jack Flaherty,0.28855939086674104,0.09668269478399576,0.2595805575528841
2025-08-13,CHW,DET,1.0,0.0,1.0,4.4,4.8,4.3,5.1,5.35,4.8,5.4,5.4,4.7,5.2,4.9,5.15,2025-08-13,Mart\xc3\xadn P\xc3\xa9rez,0.20346320346320343,0.13379329004329,0.217012987012987,Troy Melton,0.18749999999999997,0.08333333333333333,0.23507683215130024
2025-08-22,CHW,MIN,16.0,7.0,9.0,5.4,6.6,4.4,4.9,4.45,4.95,3.8,6.0,3.5,5.2,3.9,5.75,2025-08-22,Aaron Civale,0.19599834340302705,0.0786365214163804,0.18548125370490062,Zebby Matthews,0.3016472144413321,0.07393012760659816,0.26897359756216516
2025-08-23,CHW,MIN,10.0,7.0,3.0,6.4,7.2,4.5,5.4,4.5,5.3,5.6,6.0,3.5,5.5,4.2,5.65,2025-08-23,Tyler Alexander,0.19202291455366396,0.06383925864689594,0.16585252144269924,Mick Abel,0.18850345560871876,0.10277777777777779,0.2340666509189502
2025-08-24,CHW,MIN,8.0,8.0,0.0,7.4,6.6,5.1,5.5,4.7,5.15,5.2,5.8,3.8,6.0,4.25,5.65,2025-08-24,Yoendrys G\xc3\xb3mez,0.16886054421768706,0.1394740973312402,0.20859746297797946,Taj Bradley,0.1968911817783998,0.09808424222611861,0.1998362611483312
2025-08-25,CHW,KCR,7.0,7.0,0.0,6.4,4.8,5.0,4.9,4.65,5.0,5.2,5.8,5.0,3.9,5.15,4.45,2025-08-25,Tyler Gilbert,0.20899859943977592,0.09933473389355742,0.21692213015742426,Noah Cameron,0.20248175090534612,0.07373515095991574,0.23913296860198743
2025-08-26,CHW,KCR,9.0,4.0,5.0,5.8,2.6,5.7,4.8,4.7,4.85,4.6,6.0,4.7,4.5,4.7,4.65,2025-08-26,Mart\xc3\xadn P\xc3\xa9rez,0.22175324675324673,0.11141774891774887,0.19395847879718844,Michael Lorenzen,0.2003869199244174,0.06793247135654974,0.2134914956891713
2025-08-27,CHW,KCR,13.0,1.0,12.0,6.6,3.4,6.0,5.0,4.85,5.1,4.4,6.0,4.6,4.7,4.85,4.65,2025-08-27,Aaron Civale,0.19672393104598626,0.08381476525463252,0.1892764740752006,Ryan Bergert,0.21598706361864253,0.08064378117009693,0.16090642106193978
2025-08-28,CHW,NYY,14.0,4.0,10.0,5.4,4.0,5.9,5.6,4.65,5.3,6.8,4.4,7.0,4.4,5.1,3.9,2025-08-28,Tyler Alexander,0.18287896624158473,0.0607992939494247,0.15795478232638022,Will Warren,0.24838890122537038,0.10682476694045467,0.2230094680341084
2025-08-29,CHW,NYY,12.0,2.0,10.0,4.8,5.4,6.1,6.0,4.7,5.4,8.6,2.8,6.8,4.0,5.6,4.0,2025-08-29,Yoendrys G\xc3\xb3mez,0.17865580618212196,0.14070213996529785,0.21019484141510641,Carlos Rod\xc3\xb3n,0.26834760338203056,0.10335855096752422,0.28191960152600104
2025-08-31,CHW,NYY,5.0,3.0,2.0,3.6,7.4,5.0,6.1,4.5,5.5,9.2,2.8,7.0,3.8,5.95,3.75,2025-08-31,Mart\xc3\xadn P\xc3\xa9rez,0.22254174397031537,0.09550092764378475,0.20008471114946977,Luis Gil,0.20369357187434986,0.15764544761112262,0.21480884706691156
2025-09-09,CHW,TBR,9.0,4.0,5.0,5.6,5.2,5.5,5.6,5.7,5.6,3.4,3.6,4.8,3.1,4.95,3.9,2025-09-09,Tyler Alexander,0.17601089125502117,0.05551239882338777,0.14791381517893143,Adrian Houser,0.17744577648235726,0.07629415147538436,0.18355566264565248
2025-09-11,CHW,TBR,6.0,5.0,1.0,4.6,5.0,5.9,4.6,5.45,5.35,2.8,4.4,5.0,3.9,4.7,4.0,2025-09-11,Tyler Alexander,0.18077661697299946,0.05433128395480505,0.15185891130987614,Ian Seymour,0.2796529723000311,0.057096171802054146,0.2603937754978147
2025-09-15,CHW,BAL,5.0,1.0,4.0,2.8,3.2,4.2,4.4,4.65,4.7,2.4,5.8,3.5,4.3,4.05,5.4,2025-09-15,Tyler Alexander,0.18048265967495083,0.056671604427968834,0.14869518399092038,Kyle Bradish,0.3112356053532524,0.06390704429920113,0.28385308385308383
2025-09-16,CHW,BAL,15.0,7.0,8.0,1.8,3.0,3.2,4.0,4.3,4.9,2.8,5.0,3.5,4.1,3.9,4.95,2025-09-16,Tyler Alexander,0.17679934008974776,0.055515041072296,0.14880030582470066,Dean Kremer,0.20074608527452592,0.06317115360757071,0.20389145207705134
2025-09-19,CHW,SDP,7.0,4.0,3.0,2.4,4.2,3.3,4.0,4.15,5.2,6.2,5.4,4.6,3.8,4.7,4.65,2025-09-19,Davis Martin,0.1692692315065503,0.08297261514652816,0.19423586147319882,Dylan Cease,0.29906425062458886,0.09654133828476917,0.31831082656377147
2025-09-20,CHW,SDP,10.0,3.0,7.0,3.0,4.2,3.1,3.9,4.3,4.75,4.6,5.6,4.1,4.1,4.5,4.55,2025-09-20,Yoendrys G\xc3\xb3mez,0.19302248843800088,0.13469269726887453,0.21771688166534486,Yu Darvish,0.2322240241997275,0.06921069126951479,0.21533368101465244
2025-09-21,CHW,SDP,5.0,2.0,3.0,3.2,5.0,3.0,4.1,4.25,4.6,4.2,5.0,4.6,4.0,4.7,4.5,2025-09-21,Sean Burke,0.21216924611847832,0.11309195790731247,0.2222059161461834,Kyle Hart,0.2609281727044885,0.07175751879699248,0.16533558455433456
2025-04-28,CIN,STL,4.0,3.0,1.0,6.0,3.6,7.3,4.3,5.65,3.55,4.2,4.4,3.6,4.8,4.15,5.0,2025-04-28,Nick Martinez,0.19464182194616972,0.07813457556935817,0.2186870743341926,Andre Pallante,0.1466583850931677,0.09113457556935815,0.2400438176138064
2025-04-30,CIN,STL,6.0,0.0,6.0,6.0,3.0,7.3,3.9,5.8,3.55,2.4,4.2,3.6,4.7,3.75,4.5,2025-04-30,Brady Singer,0.28151834130781495,0.08351834130781496,0.25364363238940235,Miles Mikolas,0.12552380952380954,0.08504761904761904,0.12982692879393018
2025-05-01,CIN,STL,10.0,9.0,1.0,3.6,4.2,6.1,4.2,5.2,3.8,4.6,3.2,4.7,4.0,3.95,3.25,2025-05-01,Andrew Abbott,0.32581453634085206,0.13032581453634082,0.2553729547990667,Matthew Liberatore,0.22922705314009661,0.016498316498316477,0.22647906919440958
2025-05-02,CIN,WSN,7.0,6.0,1.0,4.2,3.6,4.6,4.1,5.55,3.45,5.0,8.4,4.2,5.3,4.1,5.4,2025-05-02,Hunter Greene,0.30511978871910955,0.04530324467081679,0.2990955447356421,Mitchell Parker,0.13023349436392911,0.10501827077914028,0.18981992797118843
2025-05-03,CIN,WSN,17.0,6.0,11.0,3.8,3.6,4.9,3.6,5.75,3.5,3.6,8.2,3.6,5.9,3.8,5.5,2025-05-03,Nick Lodolo,0.18891224717311672,0.03467006423528162,0.1923696183963378,Trevor Williams,0.19547964113181496,0.06827592697157912,0.19225177700910764
2025-05-04,CIN,WSN,5.0,1.0,4.0,4.4,5.6,5.2,4.3,6.0,4.05,4.8,5.6,4.3,6.2,4.05,5.45,2025-05-04,Nick Martinez,0.18492879101574747,0.08026366145931361,0.20912094904193468,MacKenzie Gore,0.3741771513510644,0.05062225559119967,0.3225537511915893
2025-05-14,CIN,CHW,6.0,2.0,4.0,3.4,5.0,4.0,5.1,5.25,4.65,2.4,3.8,3.3,3.7,3.6,4.75,2025-05-14,Nick Lodolo,0.1958566958987716,0.03406706430549346,0.19125789012575575,Davis Martin,0.14784425719208324,0.0659827853306114,0.15827370833295376
2025-05-15,CIN,CHW,8.0,7.0,1.0,3.8,5.0,4.1,4.6,5.1,4.4,3.0,3.8,2.9,3.9,3.8,4.45,2025-05-15,Nick Martinez,0.19682596389118123,0.060197746094485215,0.22371134115208038,Bryse Wilson,0.11722316145393066,0.08248450267681035,0.14941242242474043
2025-05-16,CIN,CLE,9.0,5.0,4.0,4.4,4.6,3.9,4.6,4.25,4.35,2.6,3.8,5.0,4.0,4.0,4.65,2025-05-16,Brady Singer,0.2147598530114262,0.08557507040273055,0.20345760032995655,Tanner Bibee,0.1596094123268036,0.08907220496894408,0.18000493620809252
2025-05-18,CIN,CLE,4.0,3.0,1.0,3.6,3.2,3.6,3.9,4.4,4.1,3.4,3.6,4.1,3.5,4.05,4.75,2025-05-18,Andrew Abbott,0.31389078757499805,0.10219994430520744,0.22481157452463044,Luis Ortiz,0.27032355325833585,0.11155702087767302,0.27049754788214464
2025-05-23,CIN,CHC,19.0,6.0,13.0,3.0,1.4,4.2,3.1,3.6,3.7,7.2,3.0,6.2,3.3,5.8,3.15,2025-05-23,Hunter Greene,0.36520347790296853,0.04534106986674896,0.3155241042039055,Drew Pomeranz,0.3393939393939394,0.048484848484848485,0.23466810966810964
2025-05-24,CIN,CHC,10.0,6.0,4.0,3.4,3.8,3.5,3.5,3.75,4.3,8.4,3.6,7.3,3.3,6.0,3.45,2025-05-24,Andrew Abbott,0.301516778960388,0.10708047174212584,0.23471244202951516,Colin Rea,0.17261231884057968,0.05127898550724637,0.1793305459729535
2025-05-25,CIN,CHC,19.0,8.0,11.0,4.0,4.4,4.1,3.3,4.05,4.2,8.0,4.4,7.2,3.7,6.05,3.55,2025-05-25,Nick Lodolo,0.20251869005235063,0.03975365144439476,0.20109326862234375,Drew Pomeranz,0.33194444444444443,0.06527777777777778,0.21511243386243384
2025-06-02,CIN,MIL,5.0,2.0,3.0,3.6,3.2,4.6,5.1,4.35,4.1,7.4,3.6,6.1,3.3,4.2,3.8,2025-06-02,Brady Singer,0.1956328984147431,0.09481785139279952,0.19216108306825125,Aaron Civale,0.1772486772486772,0.05555555555555553,0.16717308587227284
2025-06-03,CIN,MIL,6.0,4.0,2.0,2.6,3.4,4.7,5.1,4.45,4.1,6.8,3.0,5.9,3.3,4.15,3.75,2025-06-03,Hunter Greene,0.31821320249044205,0.05279946653765687,0.27841706606822414,Freddy Peralta,0.2435725928660711,0.09559068950373295,0.27503889888827704
2025-06-04,CIN,MIL,10.0,1.0,9.0,3.0,3.2,4.5,4.0,4.0,3.75,6.6,3.4,5.6,3.3,4.2,3.5,2025-06-04,Andrew Abbott,0.2828222290464853,0.09777756497817518,0.22231892730076433,Quinn Priester,0.145091191731049,0.10903243624504892,0.20380182061712726
2025-06-07,CIN,ARI,14.0,13.0,1.0,2.0,4.6,4.0,4.5,4.05,3.9,6.2,5.2,5.3,5.8,5.4,5.4,2025-06-07,Nick Martinez,0.16710714406366578,0.054953965117008584,0.19093781093073756,Ryne Nelson,0.22045403988723825,0.05931680779858916,0.1899944286482748
2025-06-08,CIN,ARI,6.0,4.0,2.0,4.6,4.4,4.5,3.5,4.6,3.75,5.0,5.6,5.1,6.7,5.35,6.0,2025-06-08,Brady Singer,0.19520317275319707,0.0988211256814948,0.19906432614589697,Zac Gallen,0.22203918774152884,0.10218350273534216,0.2296532488922565
2025-06-17,CIN,MIN,11.0,6.0,5.0,5.4,5.4,5.6,4.5,5.15,4.8,3.6,9.4,4.1,7.6,4.15,5.7,2025-06-17,Andrew Abbott,0.2670417831607494,0.0864288807073858,0.22762116554723494,Joey Wentz,0.1484920634920635,0.09783730158730158,0.1883491952999962
2025-06-19,CIN,MIN,17.0,5.0,12.0,6.4,6.4,5.8,4.8,5.15,4.4,3.8,7.4,4.0,8.1,4.1,5.75,2025-06-19,Nick Martinez,0.17537755205457065,0.05579387486219783,0.18299895989185172,Chris Paddack,0.16604232231116156,0.07478592446282471,0.18271988128255276
2025-06-25,CIN,NYY,8.0,1.0,7.0,4.4,5.0,4.9,5.2,4.55,4.35,4.8,3.2,3.0,2.9,4.25,4.4,2025-06-25,Brady Singer,0.1957974588374783,0.09935848784678313,0.20479213901553522,Max Fried,0.24472927410614814,0.05146358711669804,0.21903218265910387
2025-06-27,CIN,SDP,9.0,8.0,1.0,3.4,5.4,4.9,5.9,4.5,4.55,3.8,3.2,4.1,4.3,4.15,3.85,2025-06-27,Nick Martinez,0.17787724586731657,0.04940810455779614,0.17658737873446612,Dylan Cease,0.29148736619861254,0.08611331844046076,0.324035136325743
2025-06-28,CIN,SDP,10.0,4.0,6.0,4.0,3.2,5.5,4.9,4.6,4.5,3.0,4.6,3.9,4.5,3.95,3.95,2025-06-28,Andrew Abbott,0.24998210054430275,0.07313212982932646,0.2182609695098677,Randy V\xc3\xa1squez,0.1280708652204647,0.11052186189414447,0.159209603128425
2025-06-29,CIN,SDP,5.0,3.0,2.0,4.6,3.2,5.4,4.4,4.8,4.7,3.6,5.0,3.9,4.1,4.15,4.0,2025-06-29,Nick Lodolo,0.21653685607595657,0.04852390745306447,0.20678358180412837,Stephen Kolek,0.1725165655808459,0.08354871427922402,0.17269817391890882
2025-07-07,CIN,MIA,6.0,1.0,5.0,4.4,4.6,4.4,5.2,4.65,5.2,3.0,2.8,4.8,3.3,4.5,3.6,2025-07-07,Brady Singer,0.20993117731942976,0.10285994564373559,0.20370548213789053,Janson Junk,0.23250051975738473,0.011634199134199125,0.1977971255168756
2025-07-08,CIN,MIA,14.0,2.0,12.0,4.0,4.6,4.4,5.0,4.65,5.45,3.8,2.6,4.9,3.2,4.2,3.2,2025-07-08,Nick Martinez,0.1746086301786934,0.04810588692403201,0.1806420107601774,Eury P\xc3\xa9rez,0.22666666666666666,0.12110275689223053,0.23207301102259087
2025-07-09,CIN,MIA,9.0,7.0,2.0,2.8,6.2,3.8,6.1,4.65,5.5,5.4,2.8,4.9,2.9,4.6,3.15,2025-07-09,Andrew Abbott,0.23477980877582263,0.06893673474097181,0.21132856591971627,Sandy Alcantara,0.1729511466084356,0.0956824633167344,0.18150865411460448
2025-07-10,CIN,MIA,6.0,6.0,0.0,2.4,5.4,4.1,5.7,4.75,5.05,4.8,3.0,4.2,2.8,4.55,3.45,2025-07-10,Nick Lodolo,0.22167948460312947,0.052035496083635654,0.21835978246534768,Cal Quantrill,0.18718538925418957,0.06574330793270082,0.18039725018248498
2025-07-11,CIN,COL,5.0,2.0,3.0,3.4,4.4,4.4,5.5,4.5,5.0,3.2,8.6,3.3,6.8,4.1,6.5,2025-07-11,Chase Burns,0.2436507936507936,0.14074074074074075,0.1880166700826672,Germ\xc3\xa1n M\xc3\xa1rquez,0.1536652333177316,0.06901609724115136,0.1829893610822388
2025-07-12,CIN,COL,7.0,4.0,3.0,3.6,4.4,4.0,4.5,4.2,4.95,3.2,7.0,3.6,6.5,3.95,6.4,2025-07-12,Brady Singer,0.2055147109466112,0.09956096315628168,0.1982986763926413,Bradley Blalock,0.1247975708502024,0.05643724696356274,0.15645074224021588
2025-07-13,CIN,COL,6.0,4.0,2.0,4.2,4.0,4.1,4.3,4.1,4.85,2.6,7.0,3.4,6.3,3.6,6.3,2025-07-13,Nick Martinez,0.16987819866975876,0.05170059257783042,0.1756639642762226,Austin Gomber,0.10875863902179687,0.046753977017134865,0.15408019685067204
2025-07-25,CIN,TBR,9.0,7.0,2.0,4.2,4.2,4.5,3.3,4.3,4.5,4.6,6.0,4.2,4.5,4.5,5.4,2025-07-25,Nick Martinez,0.17051449609575622,0.05301922357955837,0.17268889239363708,Zack Littell,0.17211660514120466,0.032138388388388374,0.18051062852786337
2025-07-26,CIN,TBR,8.0,6.0,2.0,4.6,4.2,4.6,3.5,4.5,4.5,4.2,6.8,4.1,4.8,4.2,4.65,2025-07-26,Andrew Abbott,0.2287272822531768,0.06710104045772022,0.21470167581151434,Ryan Pepiot,0.23189190000034576,0.08120020526924215,0.22774153158597027
2025-07-27,CIN,TBR,3.0,2.0,1.0,5.4,4.0,5.0,3.4,4.5,3.95,4.0,7.0,3.9,4.9,3.75,4.8,2025-07-27,Brady Singer,0.2062965731852834,0.09827153350732018,0.19741316227219877,Shane Baz,0.2342236550423049,0.08823342997370454,0.22787234319915192
2025-07-28,CIN,LAD,7.0,2.0,5.0,4.2,2.2,4.8,3.2,4.45,3.75,4.2,4.6,4.0,4.2,3.85,4.95,2025-07-28,Chase Burns,0.3031135531135531,0.12382905982905983,0.23984557517212995,Jack Dreyer,0.2546499796499796,0.07517297517297516,0.22915709018650196
2025-07-29,CIN,LAD,9.0,4.0,5.0,4.4,2.0,4.6,3.5,4.15,3.8,3.8,3.0,4.3,4.3,3.85,5.0,2025-07-29,Nick Lodolo,0.22460020710618844,0.04643335561747525,0.22151284894040352,Tyler Glasnow,0.2780079431438127,0.13425898829431437,0.2627471536646225
2025-07-30,CIN,LAD,7.0,5.0,2.0,4.2,3.0,4.2,3.6,3.9,3.75,4.0,3.2,4.8,4.5,3.8,5.15,2025-07-30,Nick Martinez,0.1734527892261685,0.05485482669514692,0.17274211635383813,Shohei Ohtani,0.28679653679653677,0.05086580086580084,0.2640208322273539
2025-08-01,CIN,ATL,5.0,3.0,2.0,3.8,3.0,4.2,3.6,4.1,3.6,4.6,8.2,5.0,7.4,4.45,5.95,2025-08-01,Brady Singer,0.2111249414951417,0.0954234385051401,0.200646160375855,Bryce Elder,0.18029868308157543,0.09247322840503527,0.19706643108703273
2025-08-11,CIN,PHI,5.0,1.0,4.0,3.8,5.0,3.7,3.6,3.95,3.6,4.4,2.0,5.0,3.3,5.2,3.8,2025-08-11,Andrew Abbott,0.21680799501265158,0.07700589938156593,0.21297719367055645,Taijuan Walker,0.1897835743871549,0.07360175559024663,0.18553573813114124
2025-08-12,CIN,PHI,7.0,6.0,1.0,3.8,4.6,3.3,3.8,3.75,3.7,4.2,2.2,5.1,2.5,5.3,3.8,2025-08-12,Brady Singer,0.21581062936224882,0.09729768086755207,0.20515518990838935,Ranger Suarez,0.22558286616095943,0.061938544139355456,0.19844683228729712
2025-08-13,CIN,PHI,8.0,8.0,0.0,5.0,3.4,3.6,3.7,3.95,3.6,4.2,2.4,4.7,2.7,5.1,3.8,2025-08-13,Hunter Greene,0.3169527137264888,0.059857222544114935,0.27170146502069964,Cristopher S\xc3\xa1nchez,0.25622492682159903,0.0646260225661829,0.2750885689065403
2025-08-15,CIN,MIL,18.0,8.0,10.0,6.2,2.8,4.2,3.3,3.95,3.1,9.4,3.2,7.9,2.8,7.05,3.65,2025-08-15,Nick Martinez,0.171061851235961,0.054828485101945636,0.1750729809602733,Aaron Ashby,0.28958058849363194,0.11357832988267771,0.2338061093495876
2025-08-30,CIN,STL,6.0,2.0,4.0,2.2,5.8,3.8,4.6,3.7,4.15,3.4,4.8,4.7,5.1,4.2,5.0,2025-08-30,Andrew Abbott,0.22294898117042164,0.06696165163614429,0.2165045505949863,Michael McGreevy,0.15700840349581766,0.035500639711166015,0.17099175689001786
2025-08-31,CIN,STL,11.0,7.0,4.0,2.4,4.6,3.2,5.0,3.7,4.15,3.8,3.8,4.3,5.0,4.15,4.95,2025-08-31,Nick Martinez,0.1646485319407314,0.058411740228449506,0.17845192844799346,Andre Pallante,0.1547633968286142,0.0806695806361358,0.2119763547900416
2025-09-01,CIN,TOR,9.0,5.0,4.0,2.6,5.2,3.1,4.4,3.9,4.25,5.0,6.0,5.1,4.6,4.6,4.6,2025-09-01,Hunter Greene,0.3134684123620928,0.0535241813495968,0.28101035572486327,Chris Bassitt,0.2319703336276957,0.06782085378602437,0.2176511041886279
2025-09-05,CIN,NYM,9.0,4.0,5.0,6.4,7.4,4.3,6.6,4.75,5.0,6.6,7.0,8.1,5.9,7.1,5.3,2025-09-05,Nick Martinez,0.1574829986944357,0.05476100646417141,0.18962011149142244,David Peterson,0.20926321004103995,0.09131763897748549,0.22348853489141665
2025-09-18,CIN,CHC,1.0,1.0,0.0,5.2,5.8,4.1,4.0,4.35,5.05,4.8,2.6,4.3,3.0,4.4,4.1,2025-09-18,Hunter Greene,0.3131224460348887,0.0682384014475671,0.2904594119706146,Colin Rea,0.17284899052271285,0.06365804360483993,0.18152435034099368
2025-09-19,CIN,CHC,11.0,7.0,4.0,4.4,3.6,3.6,3.7,4.1,5.0,4.0,1.8,4.0,2.5,4.3,3.9,2025-09-19,Nick Martinez,0.15103286752636708,0.05467392493784933,0.20062792979131727,Shota Imanaga,0.21515279030217416,0.036908765453289964,0.22147390015873453
2025-09-20,CIN,CHC,9.0,6.0,3.0,5.0,3.0,4.0,3.9,4.45,4.85,4.0,2.6,4.3,2.8,4.35,3.65,2025-09-20,Zack Littell,0.1732325222502742,0.04079196118411803,0.18344750536110707,Drew Pomeranz,0.28176100628930817,0.05911949685534591,0.24366781017724412
2025-09-21,CIN,CHC,1.0,1.0,0.0,4.0,2.4,4.2,4.0,4.6,4.7,3.8,3.8,4.0,3.3,4.35,3.75,2025-09-21,Nick Martinez,0.14695089813376255,0.05319625129088043,0.19520555331047088,Jameson Taillon,0.1819229447397694,0.05243577291305305,0.18342559950577306
2025-09-23,CIN,PIT,6.0,2.0,4.0,4.2,1.8,4.1,3.9,4.6,4.45,4.2,3.2,3.6,3.4,3.75,3.85,2025-09-23,Brady Singer,0.2262367657785146,0.09008961857289663,0.21596525507888054,Johan Oviedo,0.25914339419978516,0.14685553168635873,0.295123109972734
2025-09-25,CIN,PIT,3.0,2.0,1.0,3.4,2.2,4.3,4.0,4.6,4.45,4.8,2.8,3.8,3.3,3.9,3.75,2025-09-25,Nick Lodolo,0.23399176193119667,0.04307655891541524,0.2372208497019654,Carmen Mlodzinski,0.2391973567810888,0.06467140869054744,0.22998701499766194
2025-04-22,CLE,NYY,5.0,3.0,2.0,4.4,5.2,4.9,3.7,4.0,4.3,3.8,2.4,4.3,2.7,5.85,3.9,2025-04-22,Tanner Bibee,0.15568064182194613,0.12515527950310557,0.23463753199065315,Will Warren,0.22236842105263155,0.1421052631578947,0.25121150779045515
2025-04-23,CLE,NYY,6.0,1.0,5.0,4.8,3.8,4.6,3.8,4.0,4.2,3.4,2.4,4.1,2.7,5.75,3.95,2025-04-23,Joey Cantillo,0.37363716530383195,0.13902918069584735,0.39626623376623377,Carlos Rod\xc3\xb3n,0.317129117259552,0.13638471673254277,0.26553732879314274
2025-04-26,CLE,BOS,9.0,5.0,4.0,4.6,3.6,4.0,4.3,3.75,4.35,4.8,5.0,4.6,4.9,5.05,5.3,2025-04-26,Ben Lively,0.18697110423116609,0.08053221288515404,0.15368089764641485,Walker Buehler,0.21720779220779218,0.06821789321789318,0.17231114458776636
2025-04-27,CLE,BOS,16.0,3.0,13.0,3.6,4.4,4.0,4.7,4.05,4.2,5.4,4.6,5.3,4.0,5.25,5.15,2025-04-27,Logan Allen,0.1805653585544889,0.10948969508752115,0.12793174962292608,Sean Newcomb,0.25124008968402556,0.10421029517139353,0.16639071819504855
2025-04-28,CLE,MIN,12.0,1.0,11.0,3.0,6.2,3.7,5.7,4.1,4.6,6.2,2.0,4.7,3.4,4.05,3.1,2025-04-28,Gavin Williams,0.24146048882890989,0.10992652571599937,0.2797060815631701,Bailey Ober,0.21173581011351908,0.07144169246646023,0.22898205659075224
2025-04-29,CLE,MIN,3.0,2.0,1.0,2.6,8.0,3.7,5.9,3.75,4.85,7.6,1.8,5.7,3.0,4.3,3.1,2025-04-29,Tanner Bibee,0.16621118012422356,0.12512422360248446,0.19971002559252252,Chris Paddack,0.1933458646616541,0.12343358395989971,0.19156499556344272
2025-04-30,CLE,MIN,6.0,4.0,2.0,2.8,7.2,3.7,5.4,3.65,4.4,6.6,1.6,5.2,2.9,4.25,2.95,2025-04-30,Luis Ortiz,0.27877855477855473,0.11970862470862467,0.26436789232958857,Pablo L\xc3\xb3pez,0.22929701877070297,0.04550055207949942,0.23213580005645668
2025-05-09,CLE,PHI,6.0,6.0,0.0,7.2,4.8,4.9,5.6,4.45,5.15,5.4,2.4,5.2,3.3,4.9,4.45,2025-05-09,Gavin Williams,0.24256938199403053,0.12998301082642366,0.27018343300060804,Aaron Nola,0.26197176529474664,0.07308454485473116,0.26085579132899256
2025-05-11,CLE,PHI,3.0,0.0,3.0,6.6,4.8,5.2,3.9,4.45,4.9,5.8,2.6,5.8,3.1,5.05,4.65,2025-05-11,Luis Ortiz,0.2530405826058,0.11507137789746483,0.26035956691757295,Zack Wheeler,0.3362731481481481,0.046018518518518514,0.2914174395403585
2025-05-12,CLE,MIL,5.0,5.0,0.0,4.8,3.4,5.0,4.1,4.35,4.75,2.8,4.2,2.5,4.6,4.3,4.05,2025-05-12,Ben Lively,0.16879075194671164,0.07911552779006338,0.13843561850027364,Freddy Peralta,0.26733870296370293,0.08272997835497833,0.2883720726515747
2025-05-13,CLE,MIL,2.0,2.0,0.0,4.0,3.2,5.1,3.9,4.1,4.4,2.0,4.6,2.5,4.3,3.6,4.25,2025-05-13,Logan Allen,0.15609945954666446,0.11598168911833505,0.15141656498933448,Tyler Alexander,0.15790675127059564,0.08467517735252288,0.10354882046058515
2025-05-26,CLE,LAD,9.0,2.0,7.0,4.0,2.6,3.3,3.4,4.2,3.65,3.0,4.8,5.5,5.7,6.2,4.85,2025-05-26,Gavin Williams,0.260404628001882,0.12412663571702469,0.28153100050302304,Yoshinobu Yamamoto,0.3102982202982203,0.08347763347763344,0.2775045053649951
2025-05-27,CLE,LAD,14.0,5.0,9.0,3.4,2.8,3.3,4.1,4.15,3.75,3.6,4.0,6.1,4.8,5.95,4.6,2025-05-27,Tanner Bibee,0.17397324414715715,0.07882919254658384,0.19656208850135773,Dustin May,0.2338795361017583,0.08624205013093898,0.21397755250016812
2025-05-30,CLE,LAA,5.0,1.0,4.0,3.4,5.2,3.6,4.0,4.25,4.05,1.0,3.6,4.3,4.0,4.7,4.6,2025-05-30,Luis Ortiz,0.260329988851728,0.12066854160332419,0.27300498119485345,Jos\xc3\xa9 Soriano,0.17407205992458816,0.10988134652438859,0.2363669068155784
2025-05-31,CLE,LAA,12.0,7.0,5.0,3.0,5.8,3.6,4.0,3.85,3.75,1.4,2.6,4.3,3.8,4.65,4.25,2025-05-31,Logan Allen,0.1683149242062285,0.11081624896842283,0.16704422707148153,Kyle Hendricks,0.1412356778068852,0.08141382868937047,0.14408498110544415
2025-06-01,CLE,LAA,6.0,4.0,2.0,4.4,5.8,4.2,4.2,3.75,3.95,2.4,3.4,4.1,4.0,4.85,4.4,2025-06-01,Gavin Williams,0.24809511636534728,0.1355696688336588,0.280892709904709,Jack Kochanowicz,0.14963480524745343,0.10068074218271846,0.18098852371938431
2025-06-06,CLE,HOU,6.0,2.0,4.0,3.4,2.8,3.2,4.3,3.5,3.6,3.0,4.2,4.1,4.2,3.8,3.8,2025-06-06,Logan Allen,0.21361962806626833,0.10074204451674804,0.1973129337013468,Colton Gordon,0.23233107472237902,0.01136363636363635,0.1822131903781006
2025-06-10,CLE,CIN,1.0,0.0,1.0,2.8,3.4,3.5,3.5,3.4,3.8,5.8,3.6,4.2,3.5,4.55,3.8,2025-06-10,Slade Cecconi,0.22818181818181815,0.06545454545454543,0.2623885172798216,Andrew Abbott,0.27761692921875986,0.09184596232651149,0.22457683048905525
2025-06-11,CLE,CIN,13.0,11.0,2.0,2.0,3.6,2.8,3.2,3.2,3.6,5.2,3.2,4.1,3.2,4.4,3.75,2025-06-11,Logan Allen,0.20199083190025213,0.09851971364652522,0.19067411079486205,Nick Lodolo,0.20798502949921654,0.04426170208401299,0.1973395545047771
2025-06-24,CLE,TOR,16.0,6.0,10.0,2.6,2.2,3.2,3.2,3.0,3.2,4.6,4.4,3.9,5.0,5.2,5.05,2025-06-24,Logan Allen,0.2062209604290349,0.09449494317506736,0.19966683616785277,Eric Lauer,0.2400460238076337,0.07368842543765142,0.20102734444839704
2025-06-26,CLE,TOR,6.0,0.0,6.0,3.0,3.8,2.7,4.0,3.25,3.5,5.0,5.4,4.4,5.4,5.15,5.0,2025-06-26,Tanner Bibee,0.19606657111004935,0.07217375378244942,0.2096808481165514,Kevin Gausman,0.2370671444904328,0.0738912812333865,0.2389145952720795
2025-06-27,CLE,STL,5.0,0.0,5.0,2.8,4.6,2.5,3.9,2.9,3.55,3.4,4.8,5.0,3.9,4.3,4.8,2025-06-27,Luis Ortiz,0.2640813951998359,0.11549274230683523,0.26310000189325006,Sonny Gray,0.2572523176990355,0.049635416113676965,0.23586284450562162
2025-06-28,CLE,STL,15.0,6.0,9.0,2.6,4.6,2.2,4.0,2.7,3.7,4.2,4.0,4.7,3.4,4.5,4.4,2025-06-28,Slade Cecconi,0.2412830647613256,0.06867350041263082,0.26870482864271683,Miles Mikolas,0.15774838205272984,0.05884071966680661,0.14360542417863395
2025-06-29,CLE,STL,7.0,0.0,7.0,3.0,6.0,2.8,4.3,2.9,4.0,4.4,4.8,5.4,3.7,4.6,4.2,2025-06-29,Logan Allen,0.20234943961030913,0.0931335519016678,0.19605268345363228,Matthew Liberatore,0.19652989093568798,0.03501323850599211,0.19918169257054583
2025-07-04,CLE,DET,3.0,1.0,2.0,2.4,6.2,2.6,5.4,2.9,4.45,7.0,5.4,6.4,4.1,5.85,5.3,2025-07-04,Slade Cecconi,0.24088458642806465,0.07199407476581386,0.25247783617348835,Tyler Holton,0.18575963718820862,0.05058956916099773,0.20984393757503
2025-07-05,CLE,DET,1.0,0.0,1.0,2.6,5.6,2.6,5.1,2.75,4.45,5.4,4.6,5.7,3.9,5.7,5.2,2025-07-05,Logan Allen,0.20532759963466482,0.0925210382411469,0.19161189073778026,Casey Mize,0.21523458770353177,0.05830091865806151,0.21770810147548764
2025-07-18,CLE,ATH,14.0,8.0,6.0,4.2,2.4,3.4,4.0,2.8,4.0,5.6,4.6,5.4,4.8,4.2,5.05,2025-07-18,Slade Cecconi,0.2452717717065543,0.07269497491236618,0.23922820389814028,J.T. Ginn,0.28192611736089995,0.05067367415193501,0.23292170439193258
2025-07-19,CLE,ATH,10.0,2.0,8.0,5.8,3.4,3.6,3.7,3.2,4.0,4.8,6.0,5.4,5.2,4.3,4.9,2025-07-19,Logan Allen,0.20962982401388194,0.0930874837275803,0.1918835526052735,Luis Severino,0.161801423269939,0.07381319043275562,0.14296415063674034
2025-07-20,CLE,ATH,10.0,8.0,2.0,4.8,4.0,3.8,3.8,3.15,4.3,6.0,4.6,5.7,4.8,4.45,4.95,2025-07-20,Gavin Williams,0.21996629801519596,0.13460992556138884,0.2561105746252804,Jeffrey Springs,0.18727149856669303,0.09098101849417636,0.22245357836224972
2025-07-21,CLE,BAL,15.0,10.0,5.0,5.6,4.0,4.4,3.5,3.35,4.3,2.0,7.0,3.0,4.4,3.75,5.15,2025-07-21,Tanner Bibee,0.202373969721314,0.07410342939007275,0.2204057860358035,Tomoyuki Sugano,0.1390850829256626,0.04932950972806043,0.16734881000356452
2025-07-22,CLE,BAL,9.0,6.0,3.0,6.8,4.6,5.0,3.5,3.8,4.45,3.0,7.8,3.2,5.2,3.75,5.5,2025-07-22,Joey Cantillo,0.3396138533366794,0.11607443482443482,0.31714246809044205,Brandon Young,0.20370331846304382,0.08935079244003724,0.20796751679871164
2025-07-23,CLE,BAL,5.0,3.0,2.0,6.8,4.8,5.5,3.6,4.05,4.35,3.4,6.8,3.3,5.7,3.9,5.35,2025-07-23,Slade Cecconi,0.22848397978832757,0.0660863408294238,0.22397369185545218,Zach Eflin,0.14623636226897094,0.04026721735055066,0.18215345312768116
2025-07-24,CLE,BAL,7.0,3.0,4.0,5.8,4.0,5.8,3.7,4.0,4.35,3.6,5.2,3.2,5.9,3.9,5.3,2025-07-24,Logan Allen,0.2073686052061338,0.08818814247876029,0.19009466756510673,Charlie Morton,0.2236848629748398,0.09349211624787071,0.2268836947333442
2025-07-28,CLE,COL,14.0,6.0,8.0,3.8,3.4,5.3,4.0,4.05,4.15,4.2,6.4,4.2,5.9,3.8,6.1,2025-07-28,Slade Cecconi,0.21701940571505784,0.06815490333606272,0.22156938013579053,Bradley Blalock,0.09563462852936534,0.04652349938391127,0.13520177113308365
2025-07-29,CLE,COL,14.0,10.0,4.0,3.8,4.4,5.3,4.6,4.35,4.3,4.2,6.8,4.8,6.1,4.05,6.15,2025-07-29,Logan Allen,0.20440758235323447,0.08377873535482228,0.18977360765623918,Tanner Gordon,0.1322055137844611,0.06101190476190475,0.14524853801169588
2025-08-02,CLE,MIN,9.0,5.0,4.0,5.6,4.0,5.8,3.6,4.8,3.7,3.2,8.2,3.9,5.8,4.35,5.0,2025-08-02,Tanner Bibee,0.2074709493566418,0.06704595992435154,0.22265738917978592,Bailey Ober,0.18717956784562687,0.05752019726005368,0.22978940429551062
2025-08-12,CLE,MIA,7.0,4.0,3.0,4.6,3.0,5.3,3.6,5.3,3.8,3.8,6.2,3.9,5.3,4.1,4.35,2025-08-12,Logan Allen,0.20255291224658808,0.08569100164949964,0.18909382942370853,Janson Junk,0.1885354574959021,0.02728617138555026,0.17348980063338687
2025-08-13,CLE,MIA,17.0,4.0,13.0,4.8,3.2,5.1,3.1,5.2,3.85,3.2,5.4,4.0,5.7,4.2,4.45,2025-08-13,Gavin Williams,0.22907874171386705,0.1258857494463003,0.2541156625553975,Eury P\xc3\xa9rez,0.24077109823447881,0.09286133047314654,0.24038620988536252
2025-08-14,CLE,MIA,13.0,9.0,4.0,4.8,5.6,4.5,4.0,5.0,4.2,4.8,6.0,4.6,5.8,4.65,4.5,2025-08-14,Tanner Bibee,0.21116912767345555,0.07208544167006009,0.22403511985890576,Edward Cabrera,0.2581287199113286,0.08014896898592548,0.27475590714036147
2025-08-16,CLE,ATL,11.0,1.0,10.0,4.2,5.6,4.4,4.2,4.95,4.0,5.8,4.6,5.7,4.6,4.45,5.55,2025-08-16,Slade Cecconi,0.21157319652971823,0.0656561978011253,0.21805369004967548,Joey Wentz,0.17039453845204194,0.10013225826690061,0.20319062463171858
2025-08-17,CLE,ATL,9.0,4.0,5.0,3.6,6.4,4.1,4.7,4.5,4.25,6.4,4.6,6.3,4.2,4.95,5.15,2025-08-17,Logan Allen,0.20280423490253352,0.08921168273720256,0.19110253760733245,Erick Fedde,0.1290829438602651,0.11369782468452122,0.16137705198102978
2025-08-25,CLE,TBR,9.0,0.0,9.0,2.2,5.2,2.9,6.0,4.0,4.55,5.0,7.0,4.9,5.4,3.95,4.85,2025-08-25,Tanner Bibee,0.20996790515188682,0.07407245249030145,0.21431902861644653,Ian Seymour,0.2587632275132275,0.05456349206349206,0.25427128913971014
2025-08-29,CLE,SEA,9.0,5.0,4.0,1.2,5.6,1.9,5.2,3.4,4.8,6.6,4.4,5.0,6.1,5.25,5.05,2025-08-29,Logan Allen,0.20009160179594956,0.09190752403795878,0.18949408009185295,George Kirby,0.2438194474794286,0.06389228321520687,0.23446106425752933
2025-08-30,CLE,SEA,7.0,4.0,3.0,1.6,5.6,2.4,5.4,3.4,4.8,6.8,5.0,5.3,6.3,5.2,5.1,2025-08-30,Gavin Williams,0.2277905528818063,0.12456234232178888,0.2434507228110891,Logan Gilbert,0.34497069593058993,0.058074565444190866,0.3106418476745924
2025-08-31,CLE,SEA,6.0,2.0,4.0,2.4,4.2,2.7,4.7,3.4,4.7,5.2,5.0,5.3,6.0,4.95,5.15,2025-08-31,Tanner Bibee,0.20587099633304765,0.07520229185075403,0.21512576280993162,Bryce Miller,0.1863504060986898,0.1006662888556481,0.21130658422377827
2025-09-08,CLE,KCR,12.0,10.0,2.0,4.4,1.8,4.4,3.7,3.15,4.45,4.2,3.0,4.0,3.2,4.3,3.95,2025-09-08,Slade Cecconi,0.2054041077153205,0.055732475846892296,0.20682199824740027,Ryan Bergert,0.21594000254990964,0.08496909007744918,0.16756209797191723
2025-09-09,CLE,KCR,2.0,2.0,0.0,4.8,2.0,4.9,3.5,3.65,4.45,4.0,4.2,3.0,4.1,4.1,4.35,2025-09-09,Joey Cantillo,0.3205563139293116,0.12106635275056327,0.3142923395701762,Noah Cameron,0.19359721217844786,0.07772527222756054,0.23646967174178868
2025-09-11,CLE,KCR,5.0,3.0,2.0,4.0,1.8,4.8,3.2,3.65,3.9,3.6,4.4,2.8,4.0,3.85,4.35,2025-09-11,Gavin Williams,0.2262033913743336,0.12073323981036135,0.2451467974099947,Stephen Kolek,0.16341517783035303,0.067791435435504,0.16576720215710244
2025-09-12,CLE,CHW,4.0,4.0,0.0,4.0,1.8,4.7,2.8,3.65,3.95,4.2,4.2,6.1,4.5,5.2,4.85,2025-09-12,Tanner Bibee,0.2009212161716924,0.07396429745929804,0.21628699251803682,Mart\xc3\xadn P\xc3\xa9rez,0.20419913419913416,0.09904040404040401,0.18337868927458556
2025-09-13,CLE,CHW,4.0,3.0,1.0,4.4,1.6,4.4,1.7,3.6,3.65,4.2,3.8,5.5,4.4,5.2,5.0,2025-09-13,Parker Messick,0.18400183150183147,0.0334249084249084,0.19945652173913042,Tyler Gilbert,0.24676434676434675,0.09300976800976801,0.2230503470888086
2025-09-14,CLE,CHW,5.0,3.0,2.0,3.0,1.4,3.9,1.7,3.6,3.5,3.2,3.6,4.4,4.4,4.9,4.7,2025-09-14,Slade Cecconi,0.20068945788511003,0.05850140761010324,0.20064756500169692,Yoendrys G\xc3\xb3mez,0.19140028100554413,0.1390892051418367,0.220553004720827
2025-09-23,CLE,DET,7.0,5.0,2.0,5.0,1.8,4.2,1.4,4.5,2.3,1.8,5.8,3.9,4.9,4.2,4.95,2025-09-23,Gavin Williams,0.23412316528271135,0.12001769048967059,0.24549041650946488,Tarik Skubal,0.3185734968753459,0.04095651610869001,0.3024635363601955
2025-09-24,CLE,DET,6.0,5.0,1.0,5.4,2.0,4.4,1.4,4.55,2.1,2.2,6.0,2.9,5.2,4.3,4.85,2025-09-24,Tanner Bibee,0.20974869064913512,0.07181112207312262,0.2162939603124318,Jack Flaherty,0.2756296812025712,0.08982732939126797,0.2504970333970985
2025-09-25,CLE,DET,6.0,2.0,4.0,5.2,1.8,4.5,1.5,4.45,1.6,2.2,6.4,1.9,5.6,4.1,4.95,2025-09-25,Parker Messick,0.2186274836274836,0.03680347430347427,0.23977549339025575,Tyler Holton,0.18022875816993464,0.055205415499533145,0.2253921587831622
2025-09-26,CLE,TEX,10.0,3.0,7.0,4.4,2.6,4.4,1.8,4.15,1.75,2.0,3.6,3.1,4.0,3.85,3.9,2025-09-26,Slade Cecconi,0.20691324705158695,0.05732388457684898,0.20936716753832962,Jack Leiter,0.223891886613256,0.10946465784470319,0.21880941197563936
2025-09-27,CLE,TEX,5.0,3.0,2.0,3.4,4.0,4.4,2.3,4.2,1.9,2.8,3.4,3.0,4.0,3.95,3.95,2025-09-27,Joey Cantillo,0.3093299891108642,0.11613611623181,0.30426504716971065,Jacob Latz,0.2202544237506989,0.10734377636467418,0.2472911967768433
2025-04-26,COL,CIN,10.0,4.0,6.0,3.6,5.0,4.1,6.2,3.5,6.2,8.6,4.2,7.1,4.2,4.95,3.4,2025-04-26,Antonio Senzatela,0.077030303030303,0.04556277056277052,0.15682884748102138,Hunter Greene,0.30214374646293146,0.05436389360498015,0.2922479870161038
2025-04-28,COL,ATL,9.0,3.0,6.0,3.6,7.0,4.3,6.5,3.65,6.35,5.4,5.0,4.7,4.3,4.6,4.35,2025-04-28,Ryan Feltner,0.18611111111111106,0.10999999999999996,0.2513243003029148,Bryce Elder,0.13382918552036197,0.09066176470588234,0.17137359350627715
2025-04-29,COL,ATL,10.0,2.0,8.0,3.4,6.8,4.4,6.5,3.75,6.5,5.2,4.4,5.0,4.0,4.85,4.35,2025-04-29,Germ\xc3\xa1n M\xc3\xa1rquez,0.13462450592885372,0.10695652173913042,0.19371952112189797,AJ Smith-Shawver,0.261559696342305,0.12284334023464454,0.32795374560080437
2025-04-30,COL,ATL,3.0,2.0,1.0,3.4,7.2,3.9,6.5,3.65,6.55,6.0,2.8,5.7,3.9,5.0,4.15,2025-04-30,Chase Dollander,0.2339015151515151,0.07765151515151512,0.19422977384933904,Chris Sale,0.2728841207102076,0.06818181818181815,0.25659032504006635
2025-05-08,COL,DET,12.0,2.0,10.0,2.4,4.6,2.9,5.9,3.15,5.75,8.2,3.0,6.7,3.4,5.3,3.05,2025-05-08,Kyle Freeland,0.18203921238403994,0.042893772893772886,0.20162401377470557,Casey Mize,0.18955026455026455,0.06391093474426807,0.2394055159933637
2025-05-09,COL,SDP,22.0,9.0,13.0,1.8,8.0,2.1,6.6,3.3,6.4,4.4,4.0,3.7,3.6,3.7,3.25,2025-05-09,Antonio Senzatela,0.1047110860154338,0.04496719636471186,0.15855740188038323,Randy V\xc3\xa1squez,0.08489029948657272,0.16422200987418376,0.1496289553310426
2025-05-11,COL,SDP,12.0,9.0,3.0,3.0,12.8,2.6,8.6,3.5,7.55,9.0,4.8,7.0,4.0,5.0,3.7,2025-05-11,Germ\xc3\xa1n M\xc3\xa1rquez,0.12400775764620153,0.08168852081895558,0.17490744018754495,Nick Pivetta,0.27858477362236755,0.07866028708133968,0.24165898961147145
2025-05-19,COL,PHI,12.0,3.0,9.0,3.6,6.6,3.8,8.3,3.1,7.2,4.6,4.2,4.2,3.1,4.55,3.45,2025-05-19,Kyle Freeland,0.1743902868807083,0.04309727309727309,0.20263920146172018,Cristopher S\xc3\xa1nchez,0.2749738305173087,0.1009434587151978,0.28443423923426203
2025-05-20,COL,PHI,11.0,4.0,7.0,4.0,7.6,4.0,8.1,3.05,7.35,6.0,4.6,4.4,3.4,4.8,3.35,2025-05-20,Antonio Senzatela,0.10366417801200406,0.06164115272810923,0.15592623962189178,Jes\xc3\xbas Luzardo,0.2615039618238019,0.06996226353714274,0.28786348990565014
2025-05-22,COL,PHI,2.0,0.0,2.0,5.2,7.6,4.0,6.3,3.3,7.45,6.2,2.8,5.3,3.6,5.55,3.35,2025-05-22,Germ\xc3\xa1n M\xc3\xa1rquez,0.1103898721086618,0.08313147578848061,0.15944714355389167,Ranger Suarez,0.24087301587301582,0.059126984126984104,0.19997486173956758
2025-05-24,COL,NYY,14.0,1.0,13.0,3.0,5.8,3.3,6.2,3.25,7.2,4.0,2.0,5.4,2.4,5.9,3.3,2025-05-24,Kyle Freeland,0.18195125819263747,0.04712087912087911,0.21122143516170197,Max Fried,0.24193332393632244,0.061088178133155625,0.19718368862961974
2025-05-25,COL,NYY,9.0,4.0,5.0,2.6,6.6,3.3,7.1,3.1,7.7,5.0,1.8,5.5,2.3,6.4,3.15,2025-05-25,Antonio Senzatela,0.10364258779701055,0.05892531331736726,0.15461932994541688,Will Warren,0.2804078805337386,0.0973051124652955,0.2439900750724064
2025-06-06,COL,NYM,6.0,2.0,4.0,3.4,4.2,2.6,4.8,2.95,5.5,5.6,2.8,4.8,3.1,3.65,3.15,2025-06-06,Antonio Senzatela,0.11061124740659971,0.06084685200689696,0.14783898865950823,Kodai Senga,0.23660154841036884,0.11187419427069933,0.25247416883548895
2025-06-07,COL,NYM,9.0,1.0,8.0,3.4,3.4,2.7,3.9,3.0,5.5,5.6,2.8,4.7,3.1,3.55,3.15,2025-06-07,Germ\xc3\xa1n M\xc3\xa1rquez,0.13727958356867584,0.07837424786700146,0.19928773861779972,Clay Holmes,0.21121578099838967,0.08250603864734297,0.20718403028974716
2025-06-10,COL,SFG,11.0,5.0,6.0,2.8,5.8,2.8,5.2,3.15,5.75,4.0,2.8,2.7,2.5,3.55,3.0,2025-06-10,Carson Palmquist,0.16208791208791204,0.11114324272219005,0.13557692307692307,Kyle Harrison,0.29192952543336176,0.061766735679779146,0.30200245511738527
2025-06-11,COL,SFG,17.0,7.0,10.0,3.2,6.6,3.2,5.6,2.7,5.45,4.4,3.4,3.2,2.7,3.35,2.95,2025-06-11,Kyle Freeland,0.17539171477471555,0.04240067624683008,0.19770781663771778,Robbie Ray,0.2840676999205427,0.10363398338314722,0.2739573978434347
2025-06-12,COL,SFG,15.0,8.0,7.0,4.0,8.2,3.7,6.2,3.05,5.9,5.2,3.8,4.1,3.1,3.5,2.9,2025-06-12,Antonio Senzatela,0.11019985590568716,0.07236065691324901,0.15230386283502118,Hayden Birdsong,0.2350777828409407,0.09495430495430493,0.25499946912203153
2025-06-21,COL,ARI,8.0,3.0,5.0,7.4,5.2,6.2,6.5,4.5,5.85,6.0,6.8,6.0,5.1,5.55,5.9,2025-06-21,Carson Palmquist,0.13980463980463975,0.1217145427671743,0.15566239316239314,Merrill Kelly,0.2457980736386533,0.06352086078173033,0.2270365562696983
2025-06-22,COL,ARI,6.0,4.0,2.0,6.0,6.0,6.0,6.4,4.6,6.0,6.6,5.8,6.3,5.0,5.55,6.05,2025-06-22,Antonio Senzatela,0.10106209734048442,0.08056971218195866,0.14489082526782918,Brandon Pfaadt,0.16017245849726663,0.053705001102273026,0.19131840069728268
2025-06-24,COL,LAD,16.0,7.0,9.0,5.6,5.6,5.7,5.6,4.7,5.9,5.8,5.4,6.1,5.1,5.55,4.95,2025-06-24,Germ\xc3\xa1n M\xc3\xa1rquez,0.14560144463271843,0.0714295570237599,0.18832482832546257,Jack Dreyer,0.253544061302682,0.0832375478927203,0.23609662255706879
2025-06-25,COL,LAD,9.0,1.0,8.0,5.0,6.2,5.6,5.8,4.95,5.95,6.8,6.2,6.8,5.2,5.6,5.05,2025-06-25,Chase Dollander,0.18454199785721523,0.10293549043549038,0.21085136655788828,Yoshinobu Yamamoto,0.2809954693339786,0.0909127880401172,0.249729678323223
2025-07-01,COL,HOU,11.0,5.0,6.0,3.0,7.0,4.3,6.3,4.6,6.6,3.2,3.4,5.0,4.0,4.7,3.4,2025-07-01,Chase Dollander,0.17384296305700986,0.10201038277961351,0.20424741528420456,Colton Gordon,0.22225106367697897,0.016098484848484827,0.17995895255200955
2025-07-02,COL,HOU,8.0,3.0,5.0,2.6,6.4,3.8,6.3,4.75,6.7,4.0,4.4,4.3,4.2,5.0,3.5,2025-07-02,Austin Gomber,0.09161793372319688,0.0488828909881541,0.1560251342860038,Hunter Brown,0.3156534588599806,0.0756237874444396,0.2620934171561551
2025-07-03,COL,HOU,13.0,7.0,6.0,3.0,5.8,3.8,6.7,4.85,6.55,4.6,4.8,3.7,4.1,4.85,3.55,2025-07-03,Kyle Freeland,0.17168869248729318,0.05160439560439559,0.19117583424841522,Brandon Walter,0.2473671497584541,0.01777777777777776,0.21411995260231514
2025-07-04,COL,CHW,5.0,2.0,3.0,4.2,6.4,3.7,5.9,4.95,6.2,2.6,3.8,2.6,4.1,2.8,4.7,2025-07-04,Antonio Senzatela,0.10788392342367673,0.08095086649108396,0.14951667244994213,Adrian Houser,0.17604593188872478,0.0827059898210037,0.19073902288188
2025-07-05,COL,CHW,13.0,3.0,10.0,3.4,5.0,3.6,5.7,4.8,6.05,3.0,4.2,2.5,4.1,2.7,4.45,2025-07-05,Germ\xc3\xa1n M\xc3\xa1rquez,0.15864756955751702,0.07104747010117851,0.18691349586546213,Jonathan Cannon,0.19609408284313595,0.09079086432651796,0.18676008395462546
2025-07-06,COL,CHW,10.0,6.0,4.0,4.0,6.0,3.5,6.5,4.6,6.05,4.0,4.4,3.5,3.4,3.0,4.5,2025-07-06,Chase Dollander,0.16588989426722342,0.1036524982953554,0.1993108238449853,Shane Smith,0.21686592512178893,0.10344607671123687,0.24020482274256522
2025-07-18,COL,MIN,10.0,6.0,4.0,2.4,6.0,3.3,6.2,3.55,6.45,4.0,3.4,4.1,3.1,3.85,4.15,2025-07-18,Kyle Freeland,0.17136017820293326,0.05517326663106713,0.18810386581496666,Chris Paddack,0.16359441661173063,0.05934306528348148,0.17250234773686787
2025-07-19,COL,MIN,16.0,10.0,6.0,3.2,4.8,3.2,6.0,3.45,5.95,4.0,4.2,4.3,3.6,4.05,4.0,2025-07-19,Antonio Senzatela,0.11148987550828178,0.07674234366734374,0.1525280753499482,Zebby Matthews,0.3109632741985683,0.10298008092125735,0.23896396396396394
2025-07-20,COL,MIN,8.0,1.0,7.0,4.8,4.0,4.0,6.3,3.8,6.0,5.0,4.6,4.8,4.2,3.95,4.05,2025-07-20,Germ\xc3\xa1n M\xc3\xa1rquez,0.1624196947220615,0.06959419738635392,0.18616061803808112,Joe Ryan,0.281146349535486,0.05384440963508768,0.23852093104415084
2025-07-21,COL,STL,8.0,2.0,6.0,4.4,5.0,3.8,6.0,3.65,6.25,3.6,6.6,3.7,6.1,3.45,5.4,2025-07-21,Austin Gomber,0.11444172299435453,0.05483466338729492,0.1409001640422267,Michael McGreevy,0.1882711586658955,0.037562656641604,0.19239024981809355
2025-07-22,COL,STL,12.0,8.0,4.0,4.2,5.4,3.4,6.2,3.4,6.1,3.6,5.6,4.3,5.2,3.75,5.1,2025-07-22,Bradley Blalock,0.11157373328425957,0.04703103913630228,0.13812755651800934,Erick Fedde,0.12314426537470685,0.11529711609680138,0.14714375942174537
2025-07-23,COL,STL,6.0,6.0,0.0,5.4,5.4,3.9,5.7,3.75,5.9,3.4,6.4,4.3,5.8,3.95,5.35,2025-07-23,Tanner Gordon,0.13460735171261481,0.039682539682539666,0.141812865497076,Andre Pallante,0.15017380407540587,0.07787015848800745,0.21558389470923264
2025-08-01,COL,PIT,33.0,17.0,16.0,2.6,8.8,3.6,6.6,3.8,6.45,4.6,1.4,4.1,3.9,3.1,3.95,2025-08-01,Antonio Senzatela,0.11388509461352735,0.07627758219218125,0.15550260948430397,Andrew Heaney,0.16775862680015644,0.0760280461181691,0.17366479367448637
2025-08-02,COL,PIT,13.0,8.0,5.0,6.0,8.4,5.2,7.5,4.5,6.75,6.6,4.6,5.6,4.6,3.65,4.8,2025-08-02,Austin Gomber,0.12452176843624208,0.058983140397614035,0.14260694121348821,Braxton Ashcraft,0.21174751174751172,0.11558441558441558,0.22205838010435708
2025-08-03,COL,PIT,14.0,5.0,9.0,7.4,8.4,5.8,7.4,4.6,6.8,7.2,6.2,5.7,4.4,3.9,4.9,2025-08-03,Bradley Blalock,0.12013863329652802,0.04070806196092236,0.14073744717734563,Mitch Keller,0.18430432471934444,0.06504957127486767,0.17272869194628676
2025-08-04,COL,TOR,16.0,1.0,15.0,6.8,9.0,5.5,7.9,4.7,6.8,4.4,7.6,5.3,6.6,5.05,5.15,2025-08-04,Tanner Gordon,0.12681704260651624,0.06986215538847115,0.1283200425305688,Eric Lauer,0.24998330960200685,0.059953891733562796,0.19338876767229404
2025-08-06,COL,TOR,21.0,1.0,20.0,7.0,11.0,4.8,9.9,4.75,7.05,8.2,4.8,6.1,6.5,5.9,5.0,2025-08-06,Kyle Freeland,0.15942538224172403,0.05466650740563782,0.18339022260255305,Kevin Gausman,0.24051831102430798,0.07212760098733678,0.24692978794519738
2025-08-14,COL,ARI,10.0,2.0,8.0,4.4,5.4,3.4,8.7,4.6,8.05,6.8,3.6,5.6,3.4,4.15,4.15,2025-08-14,Bradley Blalock,0.12090961839245588,0.060424742644422255,0.1523121799640987,Eduardo Rodr\xc3\xadguez,0.21848770794422964,0.08411455171237776,0.20600323851842267
2025-08-15,COL,ARI,7.0,4.0,3.0,3.8,5.8,3.1,8.6,4.3,8.25,7.2,3.8,6.3,3.1,4.05,4.2,2025-08-15,Tanner Gordon,0.130266141544337,0.04990153956319369,0.14521833318025923,Brandon Pfaadt,0.17908707116507624,0.04896675234004728,0.18883213366419824
2025-08-16,COL,ARI,17.0,10.0,7.0,3.4,3.8,3.4,7.4,4.2,8.4,6.6,3.6,5.9,3.3,3.95,4.25,2025-08-16,Chase Dollander,0.16531956137398068,0.11200600465832154,0.2001498033032411,Ryne Nelson,0.2238746423406539,0.06845861081680167,0.18216201976551955
2025-08-18,COL,LAD,7.0,4.0,3.0,5.6,5.6,4.5,5.6,4.7,7.85,4.6,3.8,5.6,3.7,4.4,3.25,2025-08-18,Kyle Freeland,0.15557189631402524,0.0567001919175832,0.18616282862858358,Yoshinobu Yamamoto,0.27709120918607083,0.0906342250561618,0.25363989758372923
2025-08-19,COL,LAD,15.0,4.0,11.0,5.2,5.2,4.8,5.3,4.85,7.75,4.4,3.2,4.7,3.5,4.3,3.35,2025-08-19,Austin Gomber,0.12898468092247992,0.061154934910915726,0.14169925336525882,Jack Dreyer,0.21191286038224813,0.05983155166828636,0.20227521411495
2025-08-20,COL,LAD,11.0,8.0,3.0,5.6,5.8,4.7,5.8,4.65,8.0,5.6,2.8,5.5,3.4,4.75,3.35,2025-08-20,Tanner Gordon,0.12588763575605677,0.049616228070175426,0.14230994397175123,Shohei Ohtani,0.3252550568340042,0.041317941317941295,0.29384916095760233
2025-08-21,COL,LAD,14.0,5.0,9.0,6.4,5.8,4.9,4.8,4.85,7.65,5.6,4.0,5.3,4.1,4.75,3.55,2025-08-21,Chase Dollander,0.17094014983535777,0.11053250566307501,0.20430765801089357,Clayton Kershaw,0.1569415688980906,0.06961889425657539,0.19740780308328207
2025-08-29,COL,CHC,18.0,7.0,11.0,2.0,3.6,3.1,5.3,3.8,5.45,4.8,5.0,4.2,3.9,3.4,3.5,2025-08-29,Germ\xc3\xa1n M\xc3\xa1rquez,0.16054870998595844,0.07861448751703623,0.18885258713617709,Drew Pomeranz,0.27159090909090905,0.06666666666666667,0.22505493244129607
2025-08-31,COL,CHC,11.0,6.0,5.0,3.8,4.8,3.3,5.4,4.0,5.6,4.6,6.2,4.7,4.4,3.7,3.7,2025-08-31,Tanner Gordon,0.13244087783561465,0.055398110661268526,0.13384795517740097,Matthew Boyd,0.2295791951305945,0.0591336350969338,0.20729395889796678
2025-09-01,COL,SFG,10.0,2.0,8.0,3.8,5.6,3.1,5.6,4.0,5.2,9.0,5.4,6.9,4.6,4.6,5.0,2025-09-01,Chase Dollander,0.18040640408609815,0.11262748218366665,0.21131036067641357,Kai-Wei Teng,0.1699346405228758,0.15359477124183002,0.18429324298889513
2025-09-02,COL,SFG,11.0,4.0,7.0,4.2,6.4,2.8,5.5,4.0,5.45,8.2,5.2,7.3,4.0,5.0,4.7,2025-09-02,Kyle Freeland,0.16724514909822255,0.055451724443028774,0.18397177166306458,Logan Webb,0.2603317522652498,0.05162814106163858,0.2303837934093161
2025-09-03,COL,SFG,18.0,8.0,10.0,4.4,7.0,3.2,5.3,4.05,5.8,8.8,5.4,7.6,3.9,5.3,4.7,2025-09-03,Germ\xc3\xa1n M\xc3\xa1rquez,0.1529035333199604,0.0808233214447964,0.18156028706846797,Robbie Ray,0.242714408449732,0.09809690053003013,0.25056820627026094
2025-09-05,COL,SDP,3.0,3.0,0.0,4.6,6.8,3.9,5.8,4.15,6.05,4.8,5.4,4.6,6.1,4.7,4.4,2025-09-05,Kyle Freeland,0.1608126433636755,0.053318965810604586,0.18330619070166468,Nick Pivetta,0.2676834362600105,0.06582014807584768,0.22468352907063835
2025-09-07,COL,SDP,9.0,1.0,8.0,5.0,7.0,4.4,6.3,4.4,6.0,4.0,5.6,4.8,5.5,4.55,4.75,2025-09-07,Antonio Senzatela,0.11018197639785628,0.07546483216508525,0.1569299290698783,Dylan Cease,0.3025688399549166,0.09837762435272888,0.32046521770051584
2025-09-16,COL,MIA,11.0,5.0,6.0,2.6,6.6,2.8,6.1,3.35,5.95,5.2,2.8,4.8,5.6,4.6,6.1,2025-09-16,Kyle Freeland,0.16943984073722773,0.050785978456785896,0.18772697485564804,Eury P\xc3\xa9rez,0.23268827765078542,0.09427314508079078,0.241403948424532
2025-09-17,COL,MIA,12.0,4.0,8.0,3.6,6.0,3.0,6.7,3.6,6.05,5.4,2.4,4.9,5.1,4.65,6.2,2025-09-17,McCade Brown,0.13109945609945609,0.11998834498834496,0.1520939445387662,Ryan Weathers,0.21412130754236014,0.0604344729344729,0.2650824719973656
2025-09-18,COL,MIA,16.0,7.0,9.0,4.4,7.2,2.6,6.5,3.5,6.4,5.4,2.6,5.4,4.6,4.95,6.35,2025-09-18,Tanner Gordon,0.18505830651579636,0.053755567419534994,0.14916786390288908,Sandy Alcantara,0.1886986983632098,0.08126735734248161,0.18699339115859515
2025-09-19,COL,LAA,13.0,7.0,6.0,5.0,8.6,3.2,6.6,3.85,6.65,2.2,7.8,3.5,6.1,3.4,6.35,2025-09-19,Bradley Blalock,0.10075801532704658,0.07743728553701855,0.14557761028754257,Mitch Farris,0.21929824561403508,0.11084529505582134,0.2254429237293374
2025-09-20,COL,LAA,3.0,0.0,3.0,5.8,7.6,3.8,6.9,4.05,6.75,2.8,8.2,3.7,6.5,3.55,5.7,2025-09-20,Germ\xc3\xa1n M\xc3\xa1rquez,0.14105069266506637,0.08220864390375028,0.17367682849648677,Kyle Hendricks,0.15404053134078985,0.06607614381260064,0.15744277937051196
2025-09-21,COL,LAA,4.0,3.0,1.0,4.6,6.4,3.6,6.5,3.7,6.35,3.0,6.0,3.7,5.3,3.7,5.6,2025-09-21,Kyle Freeland,0.1648742268165315,0.05031187702851869,0.18686710322870909,Caden Dana,0.2394444444444444,0.14896825396825392,0.24690864690864686
2025-04-22,DET,SDP,2.0,0.0,2.0,4.6,2.8,4.4,3.1,4.7,3.15,3.4,3.8,4.5,2.4,4.45,2.95,2025-04-22,Jack Flaherty,0.2862554112554112,0.10335497835497832,0.26881459948320413,Nick Pivetta,0.2684324447482342,0.06083732057416265,0.24887440976493722
2025-04-23,DET,SDP,6.0,6.0,0.0,4.4,2.2,3.7,2.7,4.55,2.9,3.0,3.4,4.5,2.3,4.5,2.95,2025-04-23,Reese Olson,0.20148601398601396,0.09816433566433562,0.24057002346476028,Kyle Hart,0.1252631578947368,0.1381578947368421,0.14285714285714285
2025-04-26,DET,BAL,7.0,4.0,3.0,4.4,2.0,3.9,2.7,4.4,2.6,3.2,8.2,4.2,6.2,3.7,5.4,2025-04-26,Casey Mize,0.19652777777777777,0.07800925925925925,0.23773496644652528,Charlie Morton,0.19117874396135265,0.13794685990338162,0.20041065791065785
2025-04-27,DET,BAL,7.0,7.0,0.0,4.4,2.2,3.9,2.6,4.6,2.65,2.0,4.4,3.9,6.2,3.5,5.5,2025-04-27,Tarik Skubal,0.2435098814229249,0.04178656126482212,0.2828278333589851,Dean Kremer,0.14441500528457046,0.035248447204968926,0.14745785615350832
2025-05-09,DET,TEX,3.0,2.0,1.0,9.0,2.0,7.8,3.2,5.85,2.9,3.8,3.0,3.7,4.2,3.25,3.6,2025-05-09,Tarik Skubal,0.29668037966174615,0.02984754376058723,0.30767332247152757,Patrick Corbin,0.15834368530020698,0.07463441211724961,0.19968554223061113
2025-05-10,DET,TEX,13.0,3.0,10.0,7.6,2.0,7.3,3.3,5.95,2.7,3.8,3.0,3.7,4.2,3.05,3.55,2025-05-10,Jack Flaherty,0.28831287759859187,0.07815993530279242,0.27532551427900265,Jacob deGrom,0.24284575074048756,0.06459899749373431,0.2828876614606329
2025-05-11,DET,TEX,7.0,1.0,6.0,7.8,3.0,7.1,3.5,6.05,2.95,4.2,3.4,3.2,4.3,3.55,3.55,2025-05-11,Brant Hurter,0.24167748917748916,0.02909090909090909,0.17394389236494498,Nathan Eovaldi,0.2860154338415207,0.022480237154150186,0.2705220023640762
2025-05-12,DET,BOS,16.0,14.0,2.0,5.4,4.0,6.8,3.5,5.8,3.2,5.0,2.4,5.0,2.8,5.45,3.35,2025-05-12,Jackson Jobe,0.16260727576517048,0.12404875825928456,0.18808098167854262,Tanner Houck,0.17626716247139587,0.07819412662090006,0.21450971319740633
2025-05-14,DET,BOS,11.0,6.0,5.0,6.2,4.0,7.5,3.3,6.15,3.15,5.2,4.0,4.2,4.0,5.5,4.05,2025-05-14,Tyler Holton,0.22896825396825396,0.05337301587301587,0.23337073465749933,Hunter Dobbins,0.20400106133801782,0.039351851851851825,0.2662039457252223
2025-05-22,DET,CLE,7.0,0.0,7.0,3.6,4.0,4.7,4.7,6.0,4.0,3.2,3.8,2.9,3.8,4.05,4.05,2025-05-22,Jack Flaherty,0.28561901061901057,0.08089688089688087,0.2742465962781712,Tanner Bibee,0.15774804905239684,0.08314354727398204,0.1822266099627489
2025-05-25,DET,CLE,5.0,5.0,0.0,3.0,5.2,4.4,4.1,5.6,3.8,4.2,2.2,3.8,2.9,4.4,3.5,2025-05-25,Tarik Skubal,0.33319961519961516,0.02894481042307128,0.31808463878236537,Logan Allen,0.17735474670257276,0.1038054940228853,0.1717158078572017
2025-05-26,DET,SFG,4.0,3.0,1.0,3.2,3.0,3.5,3.9,5.5,3.6,2.8,3.0,4.4,3.5,3.85,3.35,2025-05-26,Tyler Holton,0.20619803476946333,0.07241118669690098,0.22369371991220727,Jordan Hicks,0.16282972399913928,0.08101360907957607,0.20605803552516166
2025-05-27,DET,SFG,4.0,3.0,1.0,2.8,2.4,3.2,3.5,5.15,3.45,2.4,3.2,3.5,3.2,3.75,3.25,2025-05-27,Jack Flaherty,0.2878263403263403,0.0843456543456543,0.2668219366503541,Logan Webb,0.2732224845861209,0.057358214176395965,0.24083091166942097
2025-05-28,DET,SFG,7.0,4.0,3.0,2.4,2.4,3.0,3.2,4.85,3.45,1.8,2.2,2.9,2.7,3.65,3.2,2025-05-28,Tyler Holton,0.19682539682539682,0.06911976911976912,0.22488945991619785,Landen Roupp,0.20871928071928067,0.08098251748251747,0.2254039458593422
2025-06-06,DET,CHC,4.0,3.0,1.0,4.0,2.8,4.2,2.4,4.3,3.25,4.8,1.8,4.6,3.1,5.95,3.2,2025-06-06,Tarik Skubal,0.3415378193539113,0.024120675352559403,0.3226056536468626,Ben Brown,0.27835198398439503,0.06577605530174699,0.2687771742694391
2025-06-07,DET,CHC,7.0,1.0,6.0,4.6,2.8,4.0,2.5,3.75,3.2,4.6,2.4,4.3,2.8,5.75,3.25,2025-06-07,Tyler Holton,0.19346764346764347,0.0681013431013431,0.22426544044191102,Jameson Taillon,0.1948818237586353,0.04623201476462344,0.19643411581101547
2025-06-08,DET,CHC,4.0,4.0,0.0,4.6,4.0,3.8,3.0,3.5,3.25,4.4,2.0,3.8,2.1,5.8,3.1,2025-06-08,Jack Flaherty,0.28609406897450373,0.07787948766209633,0.2561611376848189,Cade Horton,0.17786404416839197,0.04239130434782608,0.2069251458300964
2025-06-13,DET,CIN,16.0,11.0,5.0,3.0,4.0,3.8,3.4,3.55,3.0,5.4,3.6,3.7,4.1,4.35,4.25,2025-06-13,Tyler Holton,0.19988662131519272,0.06323696145124716,0.22718587434973989,Nick Martinez,0.17348351759722996,0.053931865236213045,0.1839425947052962
2025-06-14,DET,CIN,12.0,1.0,11.0,5.0,3.8,4.8,3.9,3.85,3.05,3.8,5.6,4.2,5.0,4.25,4.75,2025-06-14,Jack Flaherty,0.2955553643680734,0.08237826833144556,0.2584344567640086,Brady Singer,0.1911765550688852,0.1022085116180831,0.20084570276715275
2025-06-17,DET,PIT,10.0,7.0,3.0,4.2,7.0,3.9,4.9,3.85,3.6,4.0,2.6,3.4,2.7,3.8,3.3,2025-06-17,Casey Mize,0.21899711399711397,0.0707046657046657,0.22771635497105366,Bailey Falter,0.15324505427994645,0.08732832395145144,0.1498799741277495
2025-06-19,DET,PIT,11.0,9.0,2.0,5.4,5.6,4.1,4.8,4.15,3.6,2.6,3.4,3.4,3.4,3.7,3.25,2025-06-19,Tyler Holton,0.1976719576719577,0.059021164021164016,0.22315126050420167,Andrew Heaney,0.18557726032881308,0.07418256806455562,0.185683234337791
2025-06-24,DET,ATH,15.0,11.0,4.0,7.2,6.0,5.7,6.5,4.85,4.7,2.8,6.4,3.5,4.5,4.3,5.45,2025-06-24,Tyler Holton,0.18978174603174602,0.05533234126984127,0.21701680672268905,Luis Severino,0.1620055669662116,0.07024944258639909,0.14316821731356738
2025-06-25,DET,ATH,3.0,0.0,3.0,8.0,6.2,6.7,5.9,5.05,4.65,3.0,6.0,3.4,5.0,4.15,5.6,2025-06-25,Jack Flaherty,0.2818015772235721,0.09704809399182797,0.24847388369282866,Jacob Lopez,0.2551774433296172,0.09930509104422146,0.2506444504379094
2025-06-26,DET,ATH,8.0,8.0,0.0,6.2,6.4,6.3,6.1,5.05,4.75,2.8,3.8,3.1,4.6,4.1,5.2,2025-06-26,Tyler Holton,0.18403078403078402,0.05365560365560365,0.21044053985230454,Jeffrey Springs,0.19500187556108603,0.09664699822594557,0.24419678242719867
2025-06-27,DET,MIN,5.0,1.0,4.0,6.2,3.6,6.0,5.6,5.4,4.75,5.4,5.4,5.2,6.7,5.05,7.15,2025-06-27,Brant Hurter,0.2679969336219336,0.08262536075036074,0.1967561413188348,David Festa,0.23300947173127623,0.10598737102496496,0.265013595087226
2025-06-28,DET,MIN,15.0,10.0,5.0,5.8,2.8,6.0,4.9,4.8,4.9,4.6,3.8,5.4,6.5,4.75,7.05,2025-06-28,Casey Mize,0.21699819504167328,0.059827024827024816,0.2240998489262648,Bailey Ober,0.18810242876701305,0.05896003717501394,0.2347172797998291
2025-06-29,DET,MIN,3.0,3.0,0.0,6.0,3.2,6.6,4.6,5.25,4.75,5.2,3.6,5.4,6.9,4.7,7.5,2025-06-29,Tarik Skubal,0.318507475921269,0.032802044975958004,0.2990786684798582,Chris Paddack,0.1650851686682291,0.06815507520931945,0.17662096755080509
2025-07-07,DET,TBR,6.0,5.0,1.0,5.0,4.6,4.7,3.5,5.7,4.7,3.8,5.2,5.0,5.2,6.0,4.95,2025-07-07,Tyler Holton,0.19294532627865962,0.049184303350970016,0.20586679116090878,Shane Baz,0.24255268586874454,0.0893932608524074,0.23572216446798985
2025-07-08,DET,TBR,6.0,4.0,2.0,3.8,4.4,5.2,3.3,5.75,4.7,3.8,5.2,4.6,5.6,5.7,4.95,2025-07-08,Jack Flaherty,0.2896956385973988,0.10028268582127463,0.26013580301388656,Ryan Pepiot,0.23220721666707003,0.08334468392522695,0.2275385266880627
2025-07-09,DET,TBR,10.0,3.0,7.0,3.8,3.0,4.8,3.5,5.4,4.55,3.4,4.8,4.5,6.0,5.4,4.95,2025-07-09,Brant Hurter,0.2648101898101898,0.08863944697278031,0.22172741278797123,Zack Littell,0.1750369686754126,0.031079690801913012,0.17956766080144143
2025-07-12,DET,SEA,22.0,7.0,15.0,3.2,4.4,4.3,4.5,5.45,4.55,4.6,4.4,4.3,3.5,5.0,3.95,2025-07-12,Casey Mize,0.21076215839983953,0.0568833265499932,0.2125275613771218,George Kirby,0.24851833690506453,0.045593232092087904,0.2073548489519193
2025-07-13,DET,SEA,12.0,4.0,8.0,4.4,7.4,4.7,6.0,5.45,5.15,7.4,5.8,5.2,4.0,5.75,4.2,2025-07-13,Jack Flaherty,0.29069545354711596,0.09684817763462261,0.262690616678648,Logan Gilbert,0.3541662276424082,0.05529683893528285,0.33234443387408424
2025-07-24,DET,TOR,15.0,4.0,11.0,1.8,4.4,2.6,6.6,3.7,5.05,6.0,3.8,4.8,3.7,5.8,4.2,2025-07-24,Reese Olson,0.23379898451408745,0.08251912666958429,0.28845178382688963,Eric Lauer,0.25682290140225256,0.06477314079010132,0.19057512511773161
2025-07-25,DET,TOR,8.0,2.0,6.0,2.4,5.8,2.7,7.0,3.85,5.4,7.0,4.0,5.8,3.9,6.05,4.4,2025-07-25,Tyler Holton,0.19680693983019562,0.04117755629383536,0.2135034634008642,Jos\xc3\xa9 Berr\xc3\xados,0.20274597440746503,0.07935121967213062,0.20327419540573677
2025-07-26,DET,TOR,7.0,1.0,6.0,2.4,6.8,2.6,6.4,3.45,5.45,6.6,3.2,5.7,3.5,5.9,4.5,2025-07-26,Tarik Skubal,0.3387216122069945,0.033177453786149426,0.31259367134307603,Kevin Gausman,0.23034395165054833,0.07695940870511807,0.24335353597048637
2025-07-27,DET,TOR,14.0,10.0,4.0,2.6,7.4,2.0,5.5,3.35,5.75,7.0,3.2,6.0,3.2,6.15,3.8,2025-07-27,Jack Flaherty,0.29579257485907096,0.10049669320449368,0.26207944974762526,Max Scherzer,0.23265866686919315,0.06392401458190929,0.20800049837613502
2025-07-29,DET,ARI,14.0,12.0,2.0,4.4,5.6,3.1,5.0,3.35,5.45,1.0,4.0,3.5,3.4,3.7,4.05,2025-07-29,Casey Mize,0.213460216490907,0.05642518583055666,0.21041780057917744,Brandon Pfaadt,0.18766239146582583,0.050467497179834266,0.195852745847155
2025-07-30,DET,ARI,9.0,7.0,2.0,6.0,3.8,4.2,4.8,3.6,5.0,1.2,5.8,3.2,4.5,3.7,4.3,2025-07-30,Chris Paddack,0.1760752204718379,0.05765959874854673,0.1825086881720009,Ryne Nelson,0.2115835033185955,0.07400599714030492,0.1762142622715745
2025-08-05,DET,MIN,9.0,3.0,6.0,4.8,3.4,5.4,3.6,4.05,5.3,3.6,7.2,3.2,6.0,4.05,5.3,2025-08-05,Chris Paddack,0.179435437723118,0.055038707896340064,0.1814442436683149,Michael King,0.041666666666666664,0.08333333333333333,0.08888888888888886
2025-08-08,DET,LAA,11.0,6.0,5.0,4.0,5.0,5.8,3.9,3.9,4.7,4.0,3.8,4.4,4.1,4.4,4.7,2025-08-08,Tarik Skubal,0.3386688316100882,0.03584313980559039,0.30686531939671347,Kyle Hendricks,0.15015710046397374,0.05870471181946801,0.15060382662610677
2025-08-09,DET,LAA,11.0,4.0,7.0,3.8,5.0,5.4,4.0,4.0,4.55,5.0,4.8,4.5,4.6,4.15,4.75,2025-08-09,Charlie Morton,0.21839595496733835,0.09206832749685402,0.22400579568709786,Yusei Kikuchi,0.23502573815073813,0.09242142646318845,0.2171457645894783
2025-08-10,DET,LAA,14.0,9.0,5.0,4.6,6.0,5.3,4.6,4.2,4.8,4.8,4.6,4.6,4.6,4.45,4.7,2025-08-10,Casey Mize,0.20978771249938294,0.06364358732207702,0.2150087961039499,Jack Kochanowicz,0.1501986916098281,0.10313619542670427,0.19040381226113667
2025-08-18,DET,HOU,10.0,10.0,0.0,4.6,4.4,4.8,4.9,5.15,4.25,2.4,8.0,4.2,5.7,3.7,5.6,2025-08-18,Jack Flaherty,0.2878997192775965,0.09454818856193532,0.2659748459157168,Spencer Arrighetti,0.1896292113683417,0.13316393751176356,0.26969970784012526
2025-08-20,DET,HOU,9.0,7.0,2.0,5.4,2.6,5.4,4.0,5.6,3.95,1.0,8.8,3.4,6.5,3.5,5.95,2025-08-20,Charlie Morton,0.22743998761959233,0.09175112261491297,0.23414750011242683,Framber Valdez,0.2458175021112302,0.08044218396823341,0.2411236854718546
2025-08-22,DET,KCR,12.0,7.0,5.0,6.6,3.0,5.5,3.7,5.45,3.85,4.8,3.4,5.5,3.7,5.3,4.35,2025-08-22,Casey Mize,0.22184973258472218,0.06418783405843446,0.21424486078739832,Bailey Falter,0.15590979514196632,0.0922772949967727,0.16286601843780033
2025-08-23,DET,KCR,6.0,4.0,2.0,6.6,4.0,5.8,3.5,5.55,4.05,4.6,4.4,5.3,4.0,5.35,4.65,2025-08-23,Tyler Holton,0.17911522633744856,0.04667842445620223,0.2133679410640195,Michael Wacha,0.17659697597088897,0.0661321622017274,0.2037893720662668
2025-08-24,DET,KCR,18.0,8.0,10.0,5.8,3.4,5.3,3.2,5.15,4.05,4.2,4.6,4.7,3.9,5.1,4.35,2025-08-24,Jack Flaherty,0.29078373050649264,0.09236626101945791,0.2664469631901992,Seth Lugo,0.19874563468060835,0.08472445952079294,0.1798222106610529
2025-09-01,DET,NYM,18.0,8.0,10.0,2.8,4.2,5.0,4.0,4.9,4.45,7.6,6.4,8.1,5.3,7.15,5.5,2025-09-01,Charlie Morton,0.23259995187387056,0.09229454059663166,0.2420357570325221,Sean Manaea,0.3090520244791793,0.046577329357649716,0.24325881382088366
2025-09-02,DET,NYM,17.0,5.0,12.0,3.8,4.6,4.8,5.0,5.1,4.5,8.4,8.0,7.9,5.4,7.35,5.55,2025-09-02,Chris Paddack,0.1606719349384712,0.05247894179736736,0.16687415079065204,Nolan McLean,0.281058201058201,0.06349206349206347,0.25615901455767076
2025-09-03,DET,NYM,8.0,6.0,2.0,4.8,5.6,4.6,6.0,5.05,4.85,10.0,7.6,8.2,5.7,7.3,5.55,2025-09-03,Casey Mize,0.21171176956820173,0.06492207274442871,0.21194079954947959,Clay Holmes,0.17926234301901728,0.09239326540623259,0.1991581286687813
2025-09-05,DET,CHW,12.0,5.0,7.0,5.0,5.4,4.5,5.7,5.15,4.6,7.2,4.2,5.4,5.8,5.2,5.35,2025-09-05,Jack Flaherty,0.2807433130792039,0.0890516526194275,0.2569394279979799,Tyler Gilbert,0.2013558201058201,0.09728835978835979,0.20795732045732043
2025-09-06,DET,CHW,6.0,6.0,0.0,5.8,6.2,4.6,6.2,4.95,4.7,8.0,4.8,5.4,6.3,5.55,5.55,2025-09-06,Tarik Skubal,0.3270247657176415,0.04115344993766893,0.3041638851697516,Mart\xc3\xadn P\xc3\xa9rez,0.22972402597402594,0.09356331168831167,0.20251314664602996
2025-09-07,DET,CHW,10.0,4.0,6.0,6.0,6.2,4.4,5.2,5.15,4.65,6.8,5.0,5.0,6.4,5.5,5.7,2025-09-07,Charlie Morton,0.2297516776713233,0.09600852195536848,0.24157146984420852,Davis Martin,0.17196548986074675,0.08215273088790874,0.19590772064094242
2025-09-17,DET,CLE,4.0,0.0,4.0,6.0,4.0,5.6,4.7,5.2,4.85,3.2,1.8,4.0,1.5,3.75,3.1,2025-09-17,Jack Flaherty,0.27886456049168806,0.08822262915084149,0.2509678929879241,Gavin Williams,0.22667913649935656,0.12070795567896958,0.2454975681522766
2025-09-18,DET,CLE,4.0,1.0,3.0,3.6,4.4,5.1,3.9,4.85,4.95,3.4,1.0,3.7,1.4,3.95,2.85,2025-09-18,Tyler Holton,0.18211805555555555,0.05474950396825397,0.228944130828322,Tanner Bibee,0.20548715124623176,0.07141380444346018,0.21728685549561913
2025-09-19,DET,ATL,11.0,1.0,10.0,1.6,4.8,4.6,4.0,4.55,4.85,7.2,3.8,4.8,5.8,4.7,5.05,2025-09-19,Charlie Morton,0.22602123553519943,0.10305720814500514,0.24105672217547672,Bryce Elder,0.18662691671573095,0.08304489961569642,0.20584169263290075
2025-09-20,DET,ATL,11.0,5.0,6.0,1.2,5.0,4.2,4.3,4.4,5.25,8.8,2.8,5.6,4.1,5.15,5.0,2025-09-20,Tyler Holton,0.1823931623931624,0.05390720390720391,0.2268205148295646,Joey Wentz,0.17986860378164726,0.0956298039993692,0.20355508223626603
2025-09-21,DET,ATL,8.0,2.0,6.0,1.8,4.6,4.1,4.9,4.25,5.05,8.4,3.2,5.8,4.5,4.9,5.15,2025-09-21,Casey Mize,0.22016288976463239,0.05903362845340488,0.21485254784703953,Spencer Strider,0.24042810758349603,0.09438691355984587,0.28476634967026876
2025-04-23,HOU,TOR,4.0,3.0,1.0,4.6,2.0,3.7,2.9,3.75,3.55,2.0,4.4,3.6,4.1,3.55,4.1,2025-04-23,Ryan Gusto,0.23808901030768037,0.08051099227569815,0.24973622782446311,Bowden Francis,0.21986166007905134,0.08745059288537545,0.1911939944579829
2025-04-28,HOU,DET,13.0,8.0,5.0,3.0,1.8,3.4,2.2,3.95,3.25,4.6,1.4,4.6,2.1,4.6,2.45,2025-04-28,Ronel Blanco,0.21067656599693213,0.12800521370315415,0.2888917284266121,Jack Flaherty,0.30400432900432894,0.08268398268398267,0.28323349776838147
2025-04-29,HOU,DET,10.0,6.0,4.0,3.6,2.6,4.1,2.3,4.2,3.2,5.6,2.6,5.0,2.4,4.5,2.75,2025-04-29,Ryan Gusto,0.24489262108005258,0.07581214303903379,0.25334533813525406,Reese Olson,0.215034965034965,0.08622377622377618,0.27538284804010094
2025-05-09,HOU,CIN,3.0,3.0,0.0,4.8,4.0,4.9,4.1,4.05,3.3,3.4,4.6,3.8,4.1,5.55,4.35,2025-05-09,Hunter Brown,0.3058723884810841,0.06164125729343119,0.26345972932528383,Nick Martinez,0.1974714312602511,0.0687974241079831,0.2232025717062737
2025-05-12,HOU,KCR,12.0,5.0,7.0,6.0,3.6,5.2,4.4,4.65,3.35,3.6,3.4,4.4,2.8,3.75,2.9,2025-05-12,Ryan Gusto,0.223805371951152,0.10182214299861357,0.23366253572135923,Michael Wacha,0.18191507465963985,0.08109134826526129,0.1951390913433365
2025-05-13,HOU,KCR,3.0,2.0,1.0,6.4,4.2,5.1,4.7,4.6,3.5,4.2,3.8,4.3,3.1,4.05,2.85,2025-05-13,Framber Valdez,0.22835087506751672,0.08660524535711939,0.23233639351297125,Kris Bubic,0.24031856513263833,0.0664481100093228,0.2664521773642566
2025-05-23,HOU,SEA,8.0,3.0,5.0,4.6,3.8,3.6,3.2,4.35,3.95,3.8,3.4,3.6,4.2,4.5,4.2,2025-05-23,Ryan Gusto,0.20836601139437685,0.1287635715443202,0.23833752922656662,Emerson Hancock,0.14962982417480727,0.07810755928982528,0.19281975201428087
2025-05-24,HOU,SEA,3.0,2.0,1.0,4.4,4.2,3.7,3.6,4.3,3.85,3.6,3.8,4.0,3.6,4.4,4.05,2025-05-24,Framber Valdez,0.2353900596599247,0.07630390071919305,0.24242725434526072,Bryan Woo,0.25454464125961707,0.03476024333512254,0.21413536858466922
2025-05-27,HOU,ATH,12.0,11.0,1.0,4.6,3.8,4.0,3.6,4.1,3.55,4.6,7.0,3.4,7.9,4.3,6.6,2025-05-27,Hunter Brown,0.30324110671936755,0.06887351778656124,0.24672339782928598,JP Sears,0.1885974460322286,0.04483516483516482,0.17414682244226837
2025-05-29,HOU,TBR,16.0,3.0,13.0,5.2,2.6,4.9,3.2,4.7,3.3,6.0,1.4,4.8,2.3,4.45,3.55,2025-05-29,Ryan Gusto,0.21731796658519634,0.13119116865246894,0.23073097041847038,Shane Baz,0.23454375068105043,0.09503011151066068,0.20806443386597548
2025-05-30,HOU,TBR,3.0,2.0,1.0,5.2,4.2,4.8,4.2,4.4,3.9,8.0,1.8,6.0,2.1,4.9,3.3,2025-05-30,Framber Valdez,0.23217278150902249,0.08391263701744822,0.2359728286255617,Ryan Pepiot,0.19278689326665335,0.07495713681620726,0.20395320849411827
2025-05-31,HOU,TBR,19.0,3.0,16.0,5.2,4.2,4.6,4.0,4.35,3.95,5.6,2.2,5.8,1.9,4.95,3.05,2025-05-31,Colton Gordon,0.21453667105841015,0.015151515151515133,0.14992766469018068,Zack Littell,0.16371607092950966,0.033552188552188535,0.16097768325960332
2025-06-01,HOU,TBR,1.0,1.0,0.0,4.8,6.8,4.7,5.3,4.05,4.1,7.4,2.4,7.1,2.0,5.55,3.05,2025-06-01,Hunter Brown,0.31030576801327786,0.06261228889687386,0.24810352183614742,Taj Bradley,0.20896555428175978,0.09581103715491063,0.2187189062323019
2025-06-11,HOU,CHW,12.0,10.0,2.0,3.2,3.0,2.8,4.5,3.85,3.85,4.8,3.4,3.8,4.0,3.95,4.0,2025-06-11,Ryan Gusto,0.2114623288466624,0.13056551515967316,0.22598879908228645,Sean Burke,0.17114079157557416,0.11312050268572005,0.21724631076003217
2025-06-12,HOU,CHW,7.0,4.0,3.0,5.2,2.8,3.5,3.4,4.15,3.8,4.4,4.4,3.9,4.8,3.95,4.2,2025-06-12,Framber Valdez,0.25054635131096903,0.08189727868888284,0.2524165692765742,Davis Martin,0.15097093356290678,0.05641366004242257,0.17948766092821858
2025-06-13,HOU,MIN,13.0,10.0,3.0,4.4,3.0,3.7,3.6,4.15,3.8,4.6,8.4,5.6,7.0,4.35,5.3,2025-06-13,Colton Gordon,0.23849643872527163,0.00909090909090908,0.18465944119136937,Chris Paddack,0.17560968043766115,0.0773335596779138,0.1783806079363946
2025-06-14,HOU,MIN,5.0,3.0,2.0,5.6,3.2,4.4,2.3,4.55,3.8,4.4,9.4,4.9,7.6,4.15,5.8,2025-06-14,Hunter Brown,0.3075086563380877,0.08242454312688424,0.25638729569951735,Joe Ryan,0.27968199816377953,0.05121532987929746,0.23593848006104545
2025-06-24,HOU,PHI,1.0,1.0,0.0,6.8,5.2,6.3,4.0,4.7,4.2,5.4,3.4,5.7,3.3,4.65,4.4,2025-06-24,Framber Valdez,0.2581658121618141,0.08657593212865573,0.2468113411717731,Ranger Suarez,0.22755301531163596,0.0611177774970878,0.1963149680870591
2025-06-25,HOU,PHI,2.0,2.0,0.0,6.8,4.6,6.2,3.6,4.5,4.05,4.6,3.2,4.9,3.4,4.3,3.6,2025-06-25,Colton Gordon,0.2239260276609083,0.018398268398268375,0.1731998418776213,Zack Wheeler,0.33068603913531447,0.06191795107737135,0.2781677715343628
2025-06-26,HOU,PHI,3.0,2.0,1.0,4.6,4.0,5.4,3.4,4.45,3.4,4.2,3.4,4.6,3.4,4.2,3.45,2025-06-26,Hunter Brown,0.31061006626224014,0.0806653732740689,0.25680208399095567,Cristopher S\xc3\xa1nchez,0.25037626195597207,0.08288381184033354,0.27117227728882126
2025-06-27,HOU,CHC,11.0,7.0,4.0,2.8,3.4,5.2,3.2,4.45,3.4,5.2,6.0,5.4,5.8,4.8,4.4,2025-06-27,Brandon Walter,0.2548611111111111,0.0222222222222222,0.22320549630844952,Cade Horton,0.17709411663216007,0.05373317805383021,0.23649609367364938
2025-06-28,HOU,CHC,15.0,3.0,12.0,4.0,2.4,4.9,3.3,4.65,2.8,4.8,4.6,5.6,6.4,4.65,4.6,2025-06-28,Ryan Gusto,0.23130231003058474,0.11281865954326026,0.22876461568559506,Drew Pomeranz,0.25,0.05347222222222222,0.19249338624338622
2025-06-29,HOU,CHC,2.0,2.0,0.0,3.0,3.4,4.9,4.3,4.75,3.4,6.8,3.6,6.3,6.4,4.85,4.6,2025-06-29,Framber Valdez,0.24849596614308006,0.08978562602578716,0.23674277520568013,Jameson Taillon,0.19093409509170375,0.05098082925528576,0.20277809888332668
2025-07-07,HOU,CLE,12.0,5.0,7.0,8.0,3.2,6.0,3.8,5.7,3.6,1.4,4.0,2.2,5.0,2.55,4.15,2025-07-07,Colton Gordon,0.21088983437953684,0.023198653198653177,0.17477832819437886,Tanner Bibee,0.20352576238765493,0.07437791109146606,0.21207133657342772
2025-07-09,HOU,CLE,6.0,2.0,4.0,8.0,4.0,6.3,4.4,5.75,3.8,2.8,3.6,2.6,5.5,2.9,4.35,2025-07-09,Brandon Walter,0.22787842190016103,0.0148148148148148,0.20904553873322182,Slade Cecconi,0.23548715374802331,0.07254174167217643,0.23599881733939704
2025-07-11,HOU,TEX,10.0,3.0,7.0,7.2,3.4,5.8,4.4,5.35,3.85,7.6,5.2,6.8,3.8,5.4,3.85,2025-07-11,Ryan Gusto,0.22042737535599785,0.10333535566789315,0.2239148990547227,Jack Leiter,0.19808757478360833,0.10712065638686537,0.20934343286249468
2025-07-13,HOU,TEX,6.0,1.0,5.0,4.2,4.6,5.8,3.9,5.35,4.1,8.8,5.0,7.5,3.5,5.65,3.7,2025-07-13,Colton Gordon,0.19780085094158317,0.02487878787878786,0.15980049537494095,Nathan Eovaldi,0.263840375500222,0.042298233830203126,0.26542795936939506
2025-07-24,HOU,ATH,7.0,2.0,5.0,5.0,3.2,4.1,4.0,4.9,3.85,3.0,5.0,3.9,5.5,4.35,5.2,2025-07-24,Jason Alexander,0.2541798941798941,0.0975132275132275,0.2992340992340992,Luis Severino,0.16123945073327522,0.07506018136452917,0.14196353486890484
2025-07-25,HOU,ATH,18.0,3.0,15.0,5.2,3.0,3.8,4.4,4.9,4.1,2.4,5.0,4.2,4.8,4.6,4.9,2025-07-25,Ryan Gusto,0.21508999004030757,0.09402885979930485,0.22368407948665447,Jeffrey Springs,0.18742410294333575,0.08664858904207272,0.2230054343064992
2025-07-26,HOU,ATH,6.0,1.0,5.0,3.6,5.4,3.6,5.2,4.95,4.8,5.0,4.0,5.1,4.4,5.35,4.9,2025-07-26,Hunter Brown,0.30914048270570005,0.07565254310906483,0.2666920497422401,Sean Newcomb,0.26875815768865374,0.06709475934971544,0.21115423231645003
2025-07-27,HOU,ATH,8.0,1.0,7.0,2.6,5.8,3.5,5.3,4.65,4.85,5.6,2.8,5.2,4.2,5.25,4.95,2025-07-27,Colton Gordon,0.1943212219384988,0.04380924630924629,0.1670723082372874,J.T. Ginn,0.2937103609586447,0.04661402670555987,0.25036922659441674
2025-07-28,HOU,WSN,3.0,1.0,2.0,2.2,7.0,3.3,5.3,4.55,4.6,4.4,2.4,4.0,4.5,4.4,5.55,2025-07-28,Framber Valdez,0.2512729633906545,0.08118564367777259,0.2334873574194461,Brad Lord,0.20218423177182768,0.08072474023560978,0.19944895494882128
2025-07-29,HOU,WSN,11.0,7.0,4.0,1.6,6.8,3.3,5.0,4.5,4.7,3.6,2.4,4.1,3.8,4.05,5.4,2025-07-29,Jason Alexander,0.23215419501133785,0.09310657596371881,0.2900998161502363,Michael Soroka,0.24912973604022196,0.07327458812539799,0.21567829080975362
2025-07-30,HOU,WSN,10.0,9.0,1.0,2.6,6.6,3.9,4.8,4.55,4.65,4.4,2.8,4.3,3.8,3.7,5.4,2025-07-30,Ryan Gusto,0.2166078165602942,0.09211456154716115,0.22912551991342275,MacKenzie Gore,0.29682369543653186,0.08796540435256787,0.2817404014686373
2025-08-12,HOU,BOS,15.0,1.0,14.0,5.8,4.2,5.7,4.1,4.5,4.55,5.4,4.8,6.9,3.9,4.8,3.5,2025-08-12,Colton Gordon,0.20737737390646835,0.040952143095000226,0.17169689912402414,Dustin May,0.21914722314722312,0.08888884263884261,0.18924064613715746
2025-08-13,HOU,BOS,5.0,4.0,1.0,4.6,6.4,5.1,5.1,4.5,4.95,7.0,4.6,7.5,3.5,5.45,3.55,2025-08-13,Hunter Brown,0.2991835805446391,0.07360630617719463,0.25643232864988547,Walker Buehler,0.1685410142645975,0.10161023007294374,0.1777123483913688
2025-08-15,HOU,BAL,7.0,0.0,7.0,4.6,5.4,4.6,5.1,4.15,4.85,2.8,4.2,2.8,4.7,5.1,4.0,2025-08-15,Framber Valdez,0.24780956742041416,0.08249039486540298,0.23814976703481308,Brandon Young,0.19203431600779827,0.0978989908701848,0.2097398679333217
2025-08-26,HOU,COL,7.0,1.0,6.0,6.0,5.4,3.5,7.1,4.6,5.6,2.8,6.0,4.2,5.9,3.65,7.25,2025-08-26,Hunter Brown,0.2916096026356896,0.07737963743181132,0.2506646643825184,Tanner Gordon,0.12578900956093936,0.04873294346978555,0.13637427118476653
2025-08-27,HOU,COL,4.0,4.0,0.0,5.8,5.2,3.5,6.3,4.3,5.7,2.4,5.6,4.4,5.7,3.9,6.55,2025-08-27,Framber Valdez,0.239184802026781,0.08362449660950406,0.2422895488637912,Chase Dollander,0.1735207695304949,0.10922272877841142,0.20684612145473283
2025-08-28,HOU,COL,7.0,4.0,3.0,5.2,4.8,3.5,6.2,4.05,5.65,1.4,4.6,3.4,5.4,3.7,6.25,2025-08-28,Jason Alexander,0.22679444549009764,0.08150678628939496,0.252189257967754,Kyle Freeland,0.16459831236193054,0.057762212961488306,0.18143318051637256
2025-08-29,HOU,LAA,2.0,2.0,0.0,4.0,4.0,3.9,5.8,4.1,5.45,2.8,8.6,2.5,6.4,3.9,6.0,2025-08-29,Cristian Javier,0.2104299209562367,0.13032581453634082,0.20885780885780883,Tyler Anderson,0.18036676942855429,0.08746426511872735,0.2305788494540691
2025-08-30,HOU,LAA,5.0,1.0,4.0,2.6,2.4,4.1,4.6,4.15,5.15,2.6,6.6,2.3,5.9,3.5,5.85,2025-08-30,Spencer Arrighetti,0.17490432273040965,0.11544262500784237,0.2327253371416438,Kyle Hendricks,0.1549779254462253,0.06595741773170766,0.15834852873178823
2025-08-31,HOU,LAA,3.0,0.0,3.0,2.4,2.6,4.2,4.0,3.8,5.25,2.8,6.0,2.6,5.6,3.45,5.85,2025-08-31,Hunter Brown,0.29000923330354766,0.07440349753058781,0.2522416644703703,Jos\xc3\xa9 Soriano,0.20819214372635028,0.1007730074106973,0.24843880605447632
2025-09-02,HOU,NYY,8.0,1.0,7.0,3.0,2.6,4.1,3.7,3.65,5.1,7.6,2.4,5.9,3.8,6.05,3.8,2025-09-02,Framber Valdez,0.23767769425652022,0.08348509289375391,0.2435287894429365,Max Fried,0.23065428831240367,0.06488995609824082,0.23122148258446187
2025-09-03,HOU,NYY,15.0,8.0,7.0,2.4,3.4,3.2,3.7,3.5,5.2,8.0,2.4,6.3,3.3,6.25,3.75,2025-09-03,Jason Alexander,0.23396410352932093,0.07831395657482612,0.25734000244486616,Will Warren,0.24398215475303572,0.10598578716877176,0.22285734417574737
2025-09-04,HOU,NYY,12.0,4.0,8.0,3.6,4.8,3.1,3.6,3.55,5.5,7.2,3.6,7.0,4.0,6.35,3.95,2025-09-04,Cristian Javier,0.22925101214574894,0.13345864661654133,0.21914335664335663,Carlos Rod\xc3\xb3n,0.26590661754695805,0.10252431700439835,0.2807796157572153
2025-09-15,HOU,TEX,9.0,6.0,3.0,4.6,4.2,4.9,4.7,4.5,4.2,5.4,2.4,4.3,3.8,5.65,3.25,2025-09-15,Jason Alexander,0.2259572955225129,0.07656774787209568,0.2524926894783082,Jack Leiter,0.22970267417184123,0.11503209982599483,0.22726986448055278
2025-09-16,HOU,TEX,11.0,6.0,5.0,5.2,4.4,5.4,4.3,4.3,4.0,5.0,3.6,3.7,3.8,5.5,3.4,2025-09-16,Colton Gordon,0.1960964927969235,0.047485798515210266,0.1623169865673167,Merrill Kelly,0.22872215376792035,0.06724190752604176,0.21828578293590206
2025-09-17,HOU,TEX,7.0,5.0,2.0,6.4,4.2,5.2,4.1,4.15,3.85,5.0,4.0,3.9,3.9,5.55,3.4,2025-09-17,Cristian Javier,0.22480370506686295,0.11864414824941137,0.20694213194213193,Jacob deGrom,0.27312355053201737,0.056971214542724816,0.26972293386371854
2025-09-19,HOU,SEA,4.0,0.0,4.0,5.2,4.0,5.3,3.5,4.3,3.8,7.0,3.4,7.4,2.7,5.8,4.15,2025-09-19,Hunter Brown,0.281225169688438,0.07665411022982235,0.24690185331673115,Bryan Woo,0.2726625997690465,0.04907334017528917,0.23133144489218593
2025-09-20,HOU,SEA,10.0,4.0,6.0,4.0,4.4,4.2,3.9,4.25,3.7,6.8,2.8,6.8,2.5,5.55,3.85,2025-09-20,Framber Valdez,0.23421439993274765,0.08360874702910578,0.24044699985519263,George Kirby,0.24544778510530482,0.05648422926945318,0.23263307686272044
2025-09-21,HOU,SEA,10.0,3.0,7.0,4.2,4.0,4.4,4.1,4.25,4.0,5.8,3.2,5.6,2.7,5.55,3.7,2025-09-21,Jason Alexander,0.22745996455235584,0.0749072636300897,0.2548570576762365,Logan Gilbert,0.3335050355739839,0.05728236857825952,0.3082412978562186
2025-04-24,KCR,COL,11.0,7.0,4.0,2.0,4.8,2.1,4.5,2.85,3.9,5.0,6.0,3.5,5.3,3.25,5.65,2025-04-24,Michael Lorenzen,0.17677536231884056,0.07250000000000001,0.2051323486927632,Germ\xc3\xa1n M\xc3\xa1rquez,0.13567193675889325,0.10108695652173913,0.20267571719184618
2025-04-25,KCR,HOU,2.0,2.0,0.0,3.6,4.4,3.1,4.2,3.2,3.75,4.0,1.4,3.9,2.6,3.85,3.45,2025-04-25,Seth Lugo,0.17153731936340627,0.08246021289499546,0.16795361761725966,Hayden Wesneski,0.2776621023903632,0.04707792207792205,0.24981156861056075
2025-04-26,KCR,HOU,2.0,2.0,0.0,3.8,3.2,3.0,3.6,2.75,3.7,3.4,1.4,3.2,2.5,3.75,3.5,2025-04-26,Michael Wacha,0.17706411945542375,0.0970794905577514,0.21890088593576965,Framber Valdez,0.22270472844385886,0.09138398477528908,0.20887454867926988
2025-04-27,KCR,HOU,10.0,3.0,7.0,3.6,1.8,2.8,3.4,2.85,3.45,3.0,1.2,2.9,1.9,3.65,3.25,2025-04-27,Kris Bubic,0.26214814814814813,0.061703703703703684,0.2928790393383661,Hunter Brown,0.27822134387351777,0.05296442687747034,0.2600020134903856
2025-05-05,KCR,CHW,3.0,3.0,0.0,5.2,2.2,4.2,2.1,3.35,3.4,4.8,4.8,4.6,4.7,3.95,4.95,2025-05-05,Cole Ragans,0.35340866862605985,0.07792207792207789,0.3263926955289081,Shane Smith,0.2009237107921318,0.08894869750132905,0.24130815307285894
2025-05-06,KCR,CHW,7.0,4.0,3.0,5.2,2.2,3.9,1.9,3.5,3.05,4.4,4.0,4.4,4.6,3.85,4.95,2025-05-06,Seth Lugo,0.19591059963730767,0.06419115735885919,0.1735582059266459,Sean Burke,0.16996540381633546,0.1006330384591254,0.23944309431089503
2025-05-07,KCR,CHW,3.0,2.0,1.0,4.4,2.4,4.1,2.2,3.55,2.9,4.2,3.6,4.5,4.6,3.95,4.85,2025-05-07,Michael Wacha,0.17933151389673124,0.08696154087458433,0.20748815408182558,Tyler Gilbert,0.3242559523809524,0.1138392857142857,0.21541271228771228
2025-05-08,KCR,CHW,10.0,10.0,0.0,4.8,2.0,4.1,2.3,3.45,2.85,2.8,4.0,4.3,4.2,3.45,4.9,2025-05-08,Kris Bubic,0.23464978872301523,0.07022641143922606,0.2588024884162932,Davis Martin,0.15535942318551013,0.06860617643226338,0.15231280952337573
2025-05-10,KCR,BOS,11.0,1.0,10.0,6.0,2.0,4.8,1.6,3.9,2.65,3.8,3.8,5.7,3.2,5.2,4.25,2025-05-10,Cole Ragans,0.3814931445366228,0.08107606679035248,0.3244080247390641,Garrett Crochet,0.28461339586339585,0.10093043530543529,0.26486809175884807
2025-05-16,KCR,STL,13.0,3.0,10.0,2.6,4.8,4.3,3.4,4.05,2.65,5.6,2.8,5.6,2.2,4.65,3.35,2025-05-16,Cole Ragans,0.3772847623391101,0.08181112365894973,0.31771118831334777,Andre Pallante,0.15002127904301815,0.09076863354037265,0.21770083098470552
2025-05-18,KCR,STL,3.0,2.0,1.0,2.8,4.4,3.2,3.9,3.55,2.9,5.8,2.8,5.6,1.8,5.0,3.2,2025-05-18,Michael Wacha,0.17360705049110842,0.08001770639451797,0.19012363674963245,Matthew Liberatore,0.22197061191626405,0.03982533670033668,0.21880636269095044
2025-05-26,KCR,CIN,11.0,4.0,7.0,3.6,3.2,2.7,3.4,3.5,3.25,4.2,6.4,4.7,4.0,4.4,4.3,2025-05-26,Michael Lorenzen,0.20158110649414995,0.06531493305406347,0.22773383179187318,Nick Martinez,0.1841406130101782,0.05724910596649726,0.20873097768356902
2025-05-28,KCR,CIN,5.0,3.0,2.0,3.8,5.2,2.9,4.2,3.6,3.8,6.8,6.8,4.9,4.1,4.35,4.5,2025-05-28,Noah Cameron,0.19428571428571426,0.08,0.2310139042697182,Hunter Greene,0.3376972091163642,0.05337506863972456,0.2930921330297342
2025-05-30,KCR,DET,12.0,5.0,7.0,2.8,4.8,2.9,3.4,3.2,3.6,3.2,1.6,3.3,3.3,4.95,3.35,2025-05-30,Seth Lugo,0.18912168895510553,0.06142070859712036,0.1720267527577616,Casey Mize,0.22549603174603172,0.053885582010582,0.2532097434023454
2025-05-31,KCR,DET,1.0,1.0,0.0,3.6,5.6,3.4,4.0,3.3,3.95,4.4,2.0,3.7,3.6,4.65,3.55,2025-05-31,Michael Wacha,0.1697101164097211,0.06942160167456608,0.18636378360323463,Tarik Skubal,0.34366109218773794,0.026313464020973894,0.32365061205920365
2025-06-01,KCR,DET,1.0,0.0,1.0,3.0,4.6,3.3,3.9,3.15,3.8,3.4,2.2,3.3,2.6,4.15,3.5,2025-06-01,Kris Bubic,0.25851839701954116,0.07030725016995037,0.2858037844375165,Tyler Holton,0.1991373360938578,0.07698412698412697,0.2238073094850588
2025-06-10,KCR,NYY,12.0,2.0,10.0,5.4,5.6,3.8,4.5,3.4,4.2,5.4,6.2,4.5,6.2,4.65,4.15,2025-06-10,Noah Cameron,0.1599576719576719,0.08186243386243383,0.23967786127840846,Max Fried,0.24422520345827922,0.05764179383023805,0.21996147876604114
2025-06-11,KCR,NYY,9.0,3.0,6.0,3.8,6.2,3.8,4.8,3.35,4.5,7.4,5.8,5.4,6.4,5.05,4.1,2025-06-11,Kris Bubic,0.2658213511140666,0.07085856906604425,0.28822137030229134,Clarke Schmidt,0.2469657234874626,0.10382750904490032,0.26804064949194395
2025-06-12,KCR,NYY,1.0,0.0,1.0,3.0,6.4,3.8,5.2,3.35,4.3,7.8,6.4,5.5,5.9,4.95,4.15,2025-06-12,Seth Lugo,0.191439865100361,0.06921295700970032,0.1599410805391787,Will Warren,0.2804081164163016,0.11982141952657704,0.25548179975327634
2025-06-13,KCR,ATH,10.0,4.0,6.0,2.6,5.2,3.3,4.6,3.35,4.3,4.6,5.0,4.9,6.2,4.5,7.2,2025-06-13,Michael Wacha,0.17905237274802488,0.06516275994536863,0.18720292179014958,Luis Severino,0.16848255272328946,0.07266602962255134,0.1562454045045421
2025-06-14,KCR,ATH,4.0,0.0,4.0,3.2,5.6,3.6,5.2,3.45,4.55,4.8,5.0,5.1,5.8,4.55,7.05,2025-06-14,Michael Lorenzen,0.19562383965509322,0.07033351551083068,0.21261345804272064,Jacob Lopez,0.228392094017094,0.1048076923076923,0.2259119460261101
2025-06-15,KCR,ATH,5.0,2.0,3.0,1.8,5.4,3.6,5.5,3.3,4.7,4.8,3.6,5.1,4.8,4.5,6.55,2025-06-15,Noah Cameron,0.1732980599647266,0.0748853615520282,0.2397315510653404,Jeffrey Springs,0.20042338891962946,0.10770645951097077,0.2403255406722808
2025-06-24,KCR,TBR,6.0,1.0,5.0,3.8,3.4,3.1,3.2,3.45,4.2,7.6,6.4,7.0,4.7,5.6,3.65,2025-06-24,Kris Bubic,0.2530366584428369,0.07580377923627349,0.2825089550129406,Taj Bradley,0.21193443534175796,0.10047121096549011,0.20840506905214742
2025-06-25,KCR,TBR,3.0,0.0,3.0,2.8,3.8,3.2,3.6,3.25,4.1,6.2,5.0,6.8,4.3,5.8,3.6,2025-06-25,Michael Wacha,0.18157623857623853,0.06703339816383293,0.196029380290692,Drew Rasmussen,0.22515628792718573,0.05694552036657297,0.18376412439315393
2025-06-26,KCR,TBR,4.0,0.0,4.0,2.0,4.2,2.8,3.3,3.2,4.25,6.6,4.2,6.3,3.9,5.15,3.45,2025-06-26,Michael Lorenzen,0.1913184388121919,0.07728904677605325,0.20464151967246197,Shane Baz,0.2264803455718787,0.09646227411597355,0.2230777123229811
2025-06-27,KCR,LAD,9.0,4.0,5.0,0.8,4.0,2.8,3.3,3.2,4.4,7.2,4.6,6.3,4.5,5.1,4.7,2025-06-27,Noah Cameron,0.1850871813371813,0.07945947570947569,0.23916965174573185,Dustin May,0.22051596551596547,0.08675999925999923,0.1901929881718125
2025-06-29,KCR,LAD,6.0,1.0,5.0,2.8,4.4,3.3,3.9,3.0,4.3,6.0,4.4,5.9,4.9,5.25,4.8,2025-06-29,Kris Bubic,0.2566803683928016,0.07075019395385526,0.27997132097504085,Jack Dreyer,0.24509259259259258,0.08046296296296296,0.23298863990040458
2025-07-07,KCR,PIT,12.0,9.0,3.0,3.8,3.0,4.1,3.9,3.45,3.6,1.2,1.6,4.5,1.6,3.9,3.2,2025-07-07,Noah Cameron,0.1954381661223766,0.0846202121465279,0.23210651247163622,Andrew Heaney,0.18468138946399812,0.07945934807827387,0.1825098892710886
2025-07-08,KCR,PIT,7.0,4.0,3.0,5.2,3.0,4.6,3.7,3.8,3.6,1.6,3.4,4.6,2.1,3.8,3.55,2025-07-08,Seth Lugo,0.2172725944766854,0.07576550643826745,0.18588225995663377,Mitch Keller,0.18441280047560238,0.059053261106401175,0.17164108155426874
2025-07-09,KCR,PIT,7.0,4.0,3.0,5.4,3.2,4.1,3.5,3.7,3.7,1.2,4.2,4.0,2.4,3.85,3.6,2025-07-09,Kris Bubic,0.25372726003699214,0.07450094512956268,0.2796920364600246,Bailey Falter,0.14866149724419117,0.08736647418446224,0.15955014688497993
2025-07-11,KCR,NYM,11.0,3.0,8.0,4.4,3.2,4.4,3.3,3.6,3.7,5.2,5.4,4.1,6.0,3.7,5.75,2025-07-11,Michael Wacha,0.18272887606220936,0.07313041851689192,0.2126300200726226,Kodai Senga,0.24051111480525314,0.10540032597416857,0.2655219094390477
2025-07-13,KCR,NYM,5.0,3.0,2.0,4.2,4.0,4.0,3.5,3.3,3.95,3.8,4.0,4.9,4.3,4.2,5.35,2025-07-13,Noah Cameron,0.20312560556579695,0.08056382922411628,0.23765168845383852,Clay Holmes,0.1907397969011241,0.09735834700937675,0.20501700792081917
2025-07-26,KCR,CLE,10.0,4.0,6.0,5.6,4.2,4.3,4.0,4.45,3.85,6.0,3.2,5.4,3.6,4.0,4.55,2025-07-26,Michael Wacha,0.17945598845598842,0.07581737666520273,0.21668753088587317,Gavin Williams,0.23012182926828234,0.12980250620639633,0.2626928009960572
2025-07-27,KCR,CLE,5.0,4.0,1.0,6.2,4.8,4.3,4.3,4.2,3.9,5.6,3.6,5.6,3.8,4.0,4.25,2025-07-27,Noah Cameron,0.2162059967323125,0.07101839680787046,0.24213580084129907,Joey Cantillo,0.33655561499268594,0.11985251006303636,0.3177901027001577
2025-07-29,KCR,ATL,15.0,9.0,6.0,4.6,5.4,4.7,4.3,4.6,3.9,3.4,8.2,4.8,7.0,4.2,5.6,2025-07-29,Seth Lugo,0.21820747006354665,0.07058084114737673,0.1876651392605041,Erick Fedde,0.13261205210597152,0.1126572602919613,0.1585365714506581
2025-08-12,KCR,WSN,13.0,8.0,5.0,4.4,4.4,5.4,5.3,4.85,4.7,3.2,4.0,3.9,7.5,3.95,6.0,2025-08-12,Michael Wacha,0.1806110797415145,0.06810206666539367,0.2062258124091379,Mitchell Parker,0.15159549484264404,0.08536834868013594,0.1815377316179128
2025-08-13,KCR,WSN,15.0,7.0,8.0,5.6,4.2,5.5,4.8,5.1,4.55,4.2,4.4,3.5,6.7,4.15,6.0,2025-08-13,Seth Lugo,0.2033911535119153,0.08073366598579257,0.18281781574248576,Jake Irvin,0.15358278978172976,0.07397712081888083,0.1633521900311866
2025-08-15,KCR,CHW,4.0,3.0,1.0,5.6,5.2,5.3,5.0,5.4,4.8,3.4,3.2,3.7,4.9,5.0,4.75,2025-08-15,Noah Cameron,0.20673218715981873,0.06814226222120957,0.24060081706741673,Aaron Civale,0.20106489962989552,0.08121228951080577,0.18346758565124038
2025-08-16,KCR,CHW,8.0,6.0,2.0,5.4,3.6,4.7,4.8,5.4,4.75,3.4,3.2,3.7,5.2,4.65,4.75,2025-08-16,Michael Lorenzen,0.1995148783473919,0.06672235379485919,0.21184745730007182,Tyler Alexander,0.1933574539161375,0.06062027225989046,0.16690616292213956
2025-08-17,KCR,CHW,8.0,6.0,2.0,6.2,4.0,5.1,4.6,5.65,4.7,2.6,3.6,3.4,5.0,4.6,4.85,2025-08-17,Ryan Bergert,0.20846492688597948,0.08297725666146717,0.1474510992142543,Davis Martin,0.158952258602017,0.07402509192364264,0.1906773375734975
2025-08-18,KCR,TEX,7.0,4.0,3.0,6.0,3.6,5.2,4.0,5.6,4.6,4.6,6.6,3.2,5.2,3.9,4.55,2025-08-18,Michael Wacha,0.1785204006943137,0.06888766896013271,0.20656164165399526,Jack Leiter,0.2126750468728976,0.12076939945832121,0.2285351420374908
2025-08-19,KCR,TEX,7.0,5.0,2.0,5.2,3.2,5.4,3.7,5.2,4.55,4.8,6.8,3.3,5.6,3.75,4.65,2025-08-19,Seth Lugo,0.19832877821744638,0.0847849432680738,0.18059003885665686,Merrill Kelly,0.23369963295455284,0.07613188447284554,0.22538231811139725
2025-08-20,KCR,TEX,9.0,3.0,6.0,4.8,2.0,5.2,3.6,5.45,4.35,4.4,6.6,3.3,5.8,3.75,4.85,2025-08-20,Noah Cameron,0.19968655978213118,0.06924898336932256,0.2395197232529935,Jacob Latz,0.23858838873544755,0.10797213244272066,0.27119484354298334
2025-08-21,KCR,TEX,10.0,6.0,4.0,4.8,3.0,5.1,3.3,5.2,4.45,4.6,6.0,3.8,5.2,3.65,4.85,2025-08-21,Michael Lorenzen,0.19830202097307095,0.06940260142794709,0.21258214121127345,Patrick Corbin,0.19337233015041705,0.07906631901209553,0.2364527286540305
2025-08-29,KCR,DET,8.0,3.0,5.0,5.8,4.8,5.2,4.6,5.2,4.3,4.4,6.4,5.5,4.7,4.8,4.7,2025-08-29,Seth Lugo,0.2003196188171935,0.08514500494948503,0.18062932223461078,Tyler Holton,0.18075396825396825,0.04501133786848072,0.21289051459744734
2025-08-30,KCR,DET,4.0,3.0,1.0,6.0,5.0,5.1,4.8,5.25,4.25,4.0,6.0,5.3,5.0,5.05,4.75,2025-08-30,Stephen Kolek,0.16681586186177638,0.07492490580384133,0.16962315815039114,Jack Flaherty,0.2842151254870121,0.08881371251870954,0.26132720819570443
2025-08-31,KCR,DET,5.0,0.0,5.0,4.6,3.6,4.9,4.7,5.05,4.15,3.4,6.2,4.6,4.8,4.8,4.75,2025-08-31,Michael Wacha,0.17621504099764967,0.06519118160422506,0.20004297232231055,Tarik Skubal,0.3336854815588526,0.039777695053614774,0.3093158512933018
2025-09-04,KCR,LAA,7.0,4.0,3.0,2.0,4.0,3.9,4.4,4.6,4.2,3.8,2.6,3.2,4.6,3.25,5.35,2025-09-04,Noah Cameron,0.19182481664717,0.06985435354097282,0.230494391307146,Kyle Hendricks,0.15209415908290896,0.06342059397279581,0.15662883007427192
2025-09-05,KCR,MIN,3.0,2.0,1.0,2.2,3.6,4.1,4.3,4.4,4.1,5.2,7.0,5.5,7.5,4.55,6.85,2025-09-05,Michael Wacha,0.17709596540514413,0.06462854524851303,0.19763897835241517,Pablo L\xc3\xb3pez,0.2559195172301059,0.05802550176171975,0.2518760909223376
2025-09-06,KCR,MIN,13.0,11.0,2.0,2.0,3.6,3.3,3.6,4.15,3.75,4.0,7.0,5.2,6.7,4.55,6.5,2025-09-06,Stephen Kolek,0.16478571349523372,0.06992991208358523,0.16593399522607935,Michael King,0.1986111111111111,0.0865079365079365,0.18808523409363745
2025-09-07,KCR,MIN,6.0,1.0,5.0,4.2,3.0,4.4,3.1,4.55,3.8,3.4,8.0,4.7,7.3,4.45,7.0,2025-09-07,Michael Lorenzen,0.20503836311593,0.06589757889180035,0.21028141194973787,Bailey Ober,0.18894872910076896,0.05249046012426704,0.22019295333430605
2025-09-16,KCR,SEA,17.0,5.0,12.0,4.8,5.0,4.0,4.5,4.05,4.4,5.4,2.2,6.5,3.4,5.65,4.4,2025-09-16,Michael Wacha,0.17853508465309703,0.06542597298032078,0.20040187198268605,Logan Gilbert,0.3395734462818923,0.058067930786362215,0.31161396806825176
2025-09-17,KCR,SEA,12.0,7.0,5.0,5.0,6.8,4.3,5.6,3.8,4.6,7.0,2.8,7.2,3.3,6.15,4.1,2025-09-17,Michael Lorenzen,0.20367152982596612,0.06457278065081698,0.21725429795026338,Bryce Miller,0.1988215257071092,0.08926318981467721,0.2126350109687662
2025-09-19,KCR,TOR,21.0,20.0,1.0,5.6,6.0,3.8,5.6,3.9,4.4,4.6,3.4,4.1,2.8,5.6,4.3,2025-09-19,Michael Lorenzen,0.2088580019662608,0.0619898694247843,0.21656412603225283,Max Scherzer,0.22921271202735732,0.06664547306805123,0.20927217074168158
2025-09-20,KCR,TOR,3.0,2.0,1.0,8.4,4.6,5.6,4.7,4.3,4.4,3.8,6.6,4.1,4.5,5.15,5.1,2025-09-20,Noah Cameron,0.20324105536036052,0.07255327778263078,0.24243455006829276,Shane Bieber,0.2719380619380619,0.03344988344988342,0.3037502671041282
2025-09-21,KCR,TOR,13.0,5.0,8.0,6.8,4.2,5.8,4.6,4.25,4.2,1.8,6.6,3.9,4.3,4.95,4.85,2025-09-21,Michael Wacha,0.1723787024236799,0.06316990494651661,0.1948707729488003,Eric Lauer,0.24392929925262208,0.06098603768317051,0.2033267726741796
2025-04-23,LAA,PIT,3.0,0.0,3.0,3.0,4.2,2.6,5.0,3.85,4.75,4.6,3.4,3.8,3.7,3.6,4.55,2025-04-23,Jack Kochanowicz,0.11481272350837565,0.05533596837944662,0.13959738349982248,Andrew Heaney,0.2185242696112261,0.0613555325511847,0.19294019933554812
2025-04-24,LAA,PIT,7.0,4.0,3.0,2.4,3.8,2.3,3.9,3.8,4.5,4.0,3.2,3.8,3.2,3.55,4.3,2025-04-24,Tyler Anderson,0.23837756446452096,0.12563523433088647,0.239834570191713,Carmen Mlodzinski,0.17081339712918658,0.09785258601048072,0.18368055555555557
2025-05-01,LAA,DET,14.0,4.0,10.0,2.2,7.0,2.5,5.7,3.0,5.0,5.8,4.0,4.8,3.0,4.55,3.0,2025-05-01,Yusei Kikuchi,0.18590554373163068,0.12895718316770946,0.18665512517292507,Casey Mize,0.19888888888888887,0.0624074074074074,0.24473342770267478
2025-05-02,LAA,DET,10.0,1.0,9.0,2.2,6.8,2.7,6.4,3.0,5.35,6.6,4.4,5.5,3.3,4.8,3.2,2025-05-02,Jos\xc3\xa9 Soriano,0.18333960725265067,0.10531557814166505,0.2236577911089717,Tyler Holton,0.21514041514041513,0.06568986568986569,0.23765287000581115
2025-05-03,LAA,DET,7.0,5.0,2.0,2.2,7.6,2.3,6.9,2.85,5.55,7.0,4.6,5.8,3.0,5.1,3.05,2025-05-03,Kyle Hendricks,0.12131750945992428,0.12949432404540762,0.14055164497560807,Jack Flaherty,0.28508297258297255,0.08477633477633474,0.27306495184402163
2025-05-04,LAA,DET,14.0,1.0,13.0,3.2,7.0,2.5,6.2,2.55,5.6,6.4,4.0,6.0,3.3,4.85,3.0,2025-05-04,Jack Kochanowicz,0.1350033541337889,0.06919833789399005,0.17223158899988167,Reese Olson,0.2299204418769636,0.0935922772879294,0.30448570670008407
2025-05-07,LAA,TOR,9.0,5.0,4.0,3.8,7.4,3.0,7.2,2.65,5.65,3.8,4.6,2.9,5.4,3.25,4.75,2025-05-07,Yusei Kikuchi,0.19181514138035874,0.11702823492297175,0.183245921244567,Jos\xc3\xa9 Berr\xc3\xados,0.2136223277527625,0.0937713655104959,0.18277813238870833
2025-05-08,LAA,TOR,13.0,5.0,8.0,4.0,6.2,3.1,6.5,2.75,5.5,3.8,5.2,3.2,5.6,3.15,4.9,2025-05-08,Jos\xc3\xa9 Soriano,0.18820413540910433,0.09648167567422221,0.2298019161886424,Chris Bassitt,0.2644042350564089,0.04257002257002255,0.2235242912382942
2025-05-09,LAA,BAL,5.0,1.0,4.0,4.8,6.0,3.5,6.8,3.0,5.7,2.2,6.8,2.6,6.3,3.25,6.25,2025-05-09,Kyle Hendricks,0.12032869378070611,0.10791193670450634,0.14980610937509822,Tomoyuki Sugano,0.1322113635157113,0.054605504916063904,0.17754498148346604
2025-05-10,LAA,BAL,7.0,5.0,2.0,4.0,6.4,3.6,6.7,3.0,5.75,3.0,6.2,3.0,5.7,3.0,6.25,2025-05-10,Jack Kochanowicz,0.12192834081032836,0.07173522130043866,0.17201732018805188,Charlie Morton,0.15631934577373618,0.12329654889330932,0.20435396027716285
2025-05-11,LAA,BAL,10.0,3.0,7.0,4.8,4.2,3.8,6.4,3.1,5.6,2.2,5.0,2.8,5.9,2.8,6.4,2025-05-11,Tyler Anderson,0.20777659768342996,0.08322013390336369,0.25829591920080947,Zach Eflin,0.11568322981366456,0.01587301587301587,0.18360382020971078
2025-05-23,LAA,MIA,11.0,7.0,4.0,7.4,4.4,6.8,4.9,5.3,5.55,3.0,5.6,3.5,4.7,3.6,6.0,2025-05-23,Yusei Kikuchi,0.2049088375392723,0.10627873880505456,0.20044378275712052,Sandy Alcantara,0.17505564751941563,0.1227180388049953,0.21471371471612766
2025-05-24,LAA,MIA,8.0,2.0,6.0,7.6,4.4,6.6,4.8,5.45,5.25,3.8,6.2,3.7,5.0,3.5,6.0,2025-05-24,Jos\xc3\xa9 Soriano,0.18713143983009045,0.1078260029159579,0.24571788321142196,Cal Quantrill,0.16667895767819488,0.08105610241384456,0.18975045871890314
2025-05-25,LAA,MIA,3.0,0.0,3.0,7.2,5.0,6.4,4.8,5.5,5.1,4.0,6.4,4.1,4.7,3.7,5.35,2025-05-25,Kyle Hendricks,0.13470630867431688,0.09045980965485607,0.13293392962333306,Edward Cabrera,0.21679192098446753,0.09083626863129966,0.23035930515769223
2025-05-26,LAA,NYY,6.0,1.0,5.0,5.8,4.6,6.3,4.6,5.25,5.15,5.0,2.2,4.9,2.2,5.9,3.2,2025-05-26,Jack Kochanowicz,0.14674114291505594,0.10360595925813314,0.17508737609132274,Ryan Yarbrough,0.2417943167943168,0.08724192474192473,0.26461411449691036
2025-05-27,LAA,NYY,5.0,2.0,3.0,4.0,4.6,5.8,4.9,5.25,4.75,5.2,1.8,5.1,2.1,5.95,3.0,2025-05-27,Tyler Anderson,0.18556219545349978,0.0858764713547322,0.22526144690108124,Carlos Rod\xc3\xb3n,0.30870095648751766,0.10242442303707122,0.288880666413889
2025-05-28,LAA,NYY,1.0,0.0,1.0,2.4,4.2,4.9,4.3,4.95,4.75,5.6,2.2,4.8,2.1,5.95,3.1,2025-05-28,Yusei Kikuchi,0.20026677538535242,0.1106030492633363,0.19169131765798833,Clarke Schmidt,0.24583904708128307,0.12128471942136536,0.2724404037942244
2025-06-06,LAA,SEA,9.0,5.0,4.0,5.4,5.8,3.2,4.7,4.9,4.75,1.6,4.4,2.8,4.2,3.25,4.05,2025-06-06,Kyle Hendricks,0.14787659021405145,0.07401257153579134,0.14650741076104679,Bryce Miller,0.1974393310167528,0.11399878520778595,0.20860371073891684
2025-06-08,LAA,SEA,5.0,2.0,3.0,6.2,6.2,4.3,4.8,5.3,4.7,3.2,5.0,3.1,4.3,3.55,3.95,2025-06-08,Tyler Anderson,0.18357455681731039,0.0824728170380344,0.23368707531611843,George Kirby,0.17162471395881,0.061022120518687994,0.19081166272655634
2025-06-09,LAA,ATH,11.0,7.0,4.0,6.2,6.0,4.4,4.6,5.1,4.75,5.8,4.2,5.4,6.8,4.3,6.9,2025-06-09,Yusei Kikuchi,0.19762732807883307,0.11841353975485289,0.19555823269366351,Jeffrey Springs,0.19019954704165223,0.11599157178104544,0.22958135149322548
2025-06-11,LAA,ATH,11.0,6.0,5.0,6.2,5.6,4.9,4.7,4.9,4.5,6.4,4.4,5.1,6.4,4.4,7.1,2025-06-11,Kyle Hendricks,0.14172638053572,0.07093127699422848,0.14025084081667386,Osvaldo Bido,0.14990791414704455,0.11931725279551364,0.19218670737093152
2025-06-21,LAA,HOU,10.0,9.0,1.0,3.4,5.2,4.0,4.6,3.75,4.55,7.6,3.0,6.0,3.0,5.05,3.6,2025-06-21,Jos\xc3\xa9 Soriano,0.18935566929969724,0.10906723524314725,0.24259313287868042,Brandon Walter,0.27314814814814814,0.0185185185185185,0.2221356302980585
2025-06-22,LAA,HOU,15.0,7.0,8.0,4.2,4.2,4.1,4.1,4.2,4.45,5.8,4.2,5.7,3.7,4.85,3.9,2025-06-22,Kyle Hendricks,0.15800149387533763,0.06676097034287906,0.1527080036131714,Ryan Gusto,0.22752953774082962,0.11986982576471403,0.22966954702308762
2025-06-23,LAA,BOS,14.0,9.0,5.0,5.2,3.6,4.6,4.6,4.5,4.6,3.4,5.2,3.2,3.3,4.35,4.35,2025-06-23,Jack Kochanowicz,0.17231225177907097,0.09758637328431377,0.18583336418687246,Walker Buehler,0.20276748578219164,0.0830296310443369,0.18858057904866418
2025-06-25,LAA,BOS,7.0,5.0,2.0,6.2,4.6,4.8,4.7,4.85,4.7,4.4,5.4,3.4,4.1,4.55,4.55,2025-06-25,Yusei Kikuchi,0.21772765278200057,0.10381516771748463,0.21165522528364517,Richard Fitts,0.15079365079365076,0.07857142857142854,0.19617060088758198
2025-06-27,LAA,WSN,24.0,9.0,15.0,6.6,4.6,4.7,4.4,5.1,4.75,5.4,5.4,4.4,5.5,3.45,5.15,2025-06-27,Jos\xc3\xa9 Soriano,0.2015594015069277,0.109462071501989,0.2521706454070962,Jake Irvin,0.16679167069534384,0.06474080413173364,0.1630949796300186
2025-06-28,LAA,WSN,10.0,8.0,2.0,7.8,6.2,5.6,5.7,5.35,5.45,7.0,6.6,5.8,6.1,4.05,5.2,2025-06-28,Kyle Hendricks,0.15280139428364847,0.06497690565335379,0.14840982298013647,Michael Soroka,0.2614723818381107,0.06296743774365254,0.21151442740311097
2025-07-07,LAA,TEX,11.0,6.0,5.0,4.4,2.8,6.1,4.5,5.05,4.55,6.2,2.0,4.4,3.2,4.8,3.15,2025-07-07,Yusei Kikuchi,0.23538042070650766,0.09904653084859032,0.22026391948498872,Jacob deGrom,0.26070134648408977,0.05655269888275674,0.26405040220452675
2025-07-08,LAA,TEX,14.0,1.0,13.0,4.0,3.4,5.8,4.9,4.95,4.5,5.8,3.2,4.8,3.4,5.05,3.35,2025-07-08,Jos\xc3\xa9 Soriano,0.20422218750887747,0.10662362843688843,0.2550585798436376,Nathan Eovaldi,0.26405257623470996,0.045319536246646204,0.2673802966032634
2025-07-09,LAA,TEX,19.0,11.0,8.0,3.4,6.0,5.2,5.4,4.9,5.0,6.4,3.0,5.5,3.3,5.45,3.4,2025-07-09,Kyle Hendricks,0.15541299495616043,0.057332563811782755,0.14412808130876356,Kumar Rocker,0.19620033043239393,0.07282839492659117,0.22587505550370027
2025-07-10,LAA,TEX,15.0,4.0,11.0,5.0,6.0,5.4,5.7,5.1,5.2,6.8,5.2,6.0,4.2,5.65,3.85,2025-07-10,Jack Kochanowicz,0.15428156370566742,0.09685006563343707,0.18513995365091815,Patrick Corbin,0.1840988353225984,0.06835470834255157,0.22589828168082798
2025-07-11,LAA,ARI,11.0,6.0,5.0,4.8,8.0,5.3,6.6,5.0,5.5,3.4,2.8,4.1,3.5,5.05,4.3,2025-07-11,Tyler Anderson,0.1897595810880835,0.07921027308708467,0.2399564643337242,Anthony DeSclafani,0.2586401833460657,0.03636363636363636,0.22344757340046068
2025-07-12,LAA,ARI,15.0,10.0,5.0,5.6,8.4,5.0,5.6,5.3,5.65,4.4,3.2,4.2,3.9,5.25,4.2,2025-07-12,Yusei Kikuchi,0.2321452955892315,0.09841021457967136,0.22356681150812238,Zac Gallen,0.22866094072043724,0.08997050876913573,0.22923014989384244
2025-07-13,LAA,ARI,6.0,1.0,5.0,6.4,8.4,5.2,5.9,5.55,5.6,4.2,4.6,3.9,4.7,5.05,4.45,2025-07-13,Jos\xc3\xa9 Soriano,0.204553983734172,0.11486227403162284,0.26031016562436293,Merrill Kelly,0.24003245208050697,0.0648250414726387,0.23163303676726235
2025-07-24,LAA,SEA,6.0,2.0,4.0,4.6,5.4,5.0,5.8,5.2,5.75,2.4,5.6,5.6,6.1,4.25,4.55,2025-07-24,Yusei Kikuchi,0.2372728720554807,0.0975154466687647,0.22548173130618265,Logan Evans,0.17077408018712364,0.07514944636683765,0.17322802546043298
2025-07-26,LAA,SEA,9.0,2.0,7.0,4.0,4.4,4.8,5.1,5.05,5.85,2.0,5.8,5.7,5.3,4.15,4.4,2025-07-26,Tyler Anderson,0.18419103038668255,0.08454850503763545,0.23429415123368508,George Kirby,0.23742409383141644,0.05245506868140525,0.21823477790411855
2025-07-27,LAA,SEA,5.0,4.0,1.0,2.8,5.4,4.4,5.3,4.7,5.45,2.8,4.0,5.8,4.6,4.5,4.4,2025-07-27,Kyle Hendricks,0.15290414784166154,0.05683772329973915,0.15162876910622164,Logan Gilbert,0.36515530617361275,0.05319988935549575,0.3280639481389551
2025-07-28,LAA,TEX,10.0,6.0,4.0,2.6,4.2,3.8,4.9,4.5,5.4,6.2,1.8,5.0,1.6,5.9,2.7,2025-07-28,Jack Kochanowicz,0.15493341122993054,0.10052462358255443,0.19104297173756968,Jacob deGrom,0.2708056306774842,0.0570618889120033,0.2763135901731674
2025-07-29,LAA,TEX,13.0,8.0,5.0,3.4,4.4,4.3,4.8,4.6,5.6,5.6,2.6,4.7,1.9,6.1,2.7,2025-07-29,Yusei Kikuchi,0.23439287984742527,0.09703549553559952,0.22205074351953796,Patrick Corbin,0.2011686706202606,0.06735907998042165,0.23357859634284583
2025-07-30,LAA,TEX,9.0,3.0,6.0,4.4,4.2,4.5,4.8,4.85,5.45,5.4,3.8,4.7,2.6,6.0,3.1,2025-07-30,Jos\xc3\xa9 Soriano,0.19970138422063768,0.10979447475891235,0.2520964980576959,Nathan Eovaldi,0.26983736836076233,0.05070510205683966,0.26393554425425936
2025-08-01,LAA,CHW,9.0,3.0,6.0,4.6,4.6,4.3,4.5,4.75,5.7,4.6,4.4,6.4,4.5,5.65,4.3,2025-08-01,Tyler Anderson,0.17792629460385806,0.080522385750129,0.22934846701344752,Shane Smith,0.22357779202744876,0.09750762374332166,0.23244091691891022
2025-08-02,LAA,CHW,1.0,0.0,1.0,4.8,4.4,3.8,4.9,4.8,5.85,5.6,3.8,6.3,4.6,5.85,4.15,2025-08-02,Kyle Hendricks,0.1524017975924356,0.05637678951570456,0.14931048854564738,Aaron Civale,0.18094901006246686,0.07902117321176888,0.17841363965744395
2025-08-03,LAA,CHW,13.0,8.0,5.0,4.0,4.4,3.3,4.3,4.5,5.65,5.0,2.8,5.6,4.3,5.75,4.05,2025-08-03,Jack Kochanowicz,0.15400492248661582,0.10458930149433579,0.19278114573133637,Tyler Alexander,0.19147856901371121,0.062125819405976314,0.16197582193602514
2025-08-04,LAA,TBR,6.0,5.0,1.0,4.4,4.6,3.9,4.5,4.85,5.25,2.6,4.4,3.1,5.0,3.55,4.35,2025-08-04,Yusei Kikuchi,0.23256308908482817,0.0928165609470952,0.21895911972418478,Adrian Houser,0.16859318093201148,0.08012692540701259,0.17050820348917597
2025-08-05,LAA,TBR,10.0,3.0,7.0,3.8,3.8,4.1,4.0,4.55,4.9,1.8,4.0,2.3,4.4,3.25,4.45,2025-08-05,Jos\xc3\xa9 Soriano,0.20229085704840385,0.10824141385957155,0.25109954886678165,Ryan Pepiot,0.23087852567319356,0.08759687479034324,0.22600985583578498
2025-08-06,LAA,TBR,9.0,4.0,5.0,3.8,4.0,4.2,4.3,4.5,4.7,2.4,3.2,2.8,4.0,3.45,4.4,2025-08-06,Tyler Anderson,0.1785799944994869,0.08035878080344482,0.23149607054378404,Shane Baz,0.2378066285508557,0.08798080410832644,0.23202803069562697
2025-08-11,LAA,LAD,11.0,7.0,4.0,4.8,6.2,4.3,5.0,4.4,4.9,6.6,3.6,4.5,3.0,4.65,3.75,2025-08-11,Jos\xc3\xa9 Soriano,0.20179857927456166,0.10571548193288306,0.25105373433066575,Jack Dreyer,0.2307495590828924,0.06514991181657848,0.21099597388813074
2025-08-13,LAA,LAD,11.0,6.0,5.0,5.6,5.6,4.7,4.8,4.5,4.65,5.0,3.8,4.7,3.2,4.5,3.7,2025-08-13,Kyle Hendricks,0.15696814135197493,0.05603631582767401,0.15544650983141362,Shohei Ohtani,0.31985930735930734,0.04648268398268396,0.29439609555098684
2025-08-19,LAA,CIN,10.0,4.0,6.0,3.8,6.0,4.3,6.1,4.2,5.05,5.4,3.2,4.6,4.1,4.25,3.35,2025-08-19,Kyle Hendricks,0.15929675763186618,0.06046494282830145,0.1571031131907771,Hunter Greene,0.31434951139213857,0.05486912066543869,0.27746876717806557
2025-08-20,LAA,CIN,3.0,2.0,1.0,3.2,6.4,4.4,6.0,4.3,5.15,6.4,3.2,5.1,3.9,4.2,3.45,2025-08-20,Yusei Kikuchi,0.23393401470324543,0.09428644494037908,0.21382346506447084,Nick Martinez,0.1670410419309254,0.05279780046854024,0.16986593568843686
2025-08-24,LAA,CHC,7.0,3.0,4.0,2.0,5.2,3.3,6.1,3.95,5.35,4.8,2.2,3.9,2.9,3.5,2.9,2025-08-24,Kyle Hendricks,0.15746708503823073,0.06275326251814785,0.1578035269527556,Jameson Taillon,0.18956046547833985,0.05027661013168258,0.19295763671783922
2025-09-06,LAA,ATH,21.0,4.0,17.0,3.8,5.2,3.2,5.6,3.0,5.4,5.8,4.6,5.3,5.1,5.6,4.25,2025-09-06,Yusei Kikuchi,0.2282447068290988,0.0926298407660358,0.2131976932790391,J.T. Ginn,0.28027863902126215,0.06170826162877228,0.2692180632855858
2025-09-08,LAA,MIN,15.0,3.0,12.0,3.8,7.4,3.4,4.9,2.95,5.65,3.8,5.8,4.4,6.5,4.7,6.7,2025-09-08,Caden Dana,0.21058201058201054,0.13121693121693115,0.23426573426573424,Michael King,0.20203703703703704,0.08074074074074074,0.194593837535014
2025-09-09,LAA,MIN,14.0,12.0,2.0,3.6,9.2,3.7,5.9,3.0,5.9,5.6,5.6,4.9,6.4,5.05,6.45,2025-09-09,Kyle Hendricks,0.14646104207983826,0.06612218813541955,0.15518506076868885,Zebby Matthews,0.27119462426367796,0.07317367675423939,0.2529397091371343
2025-09-10,LAA,MIN,7.0,4.0,3.0,5.4,8.8,4.5,6.0,3.55,5.8,4.4,5.8,4.8,6.4,4.75,7.0,2025-09-10,Jos\xc3\xa9 Ure\xc3\xb1a,0.11221857163918199,0.06269186036987894,0.16143788106132093,Taj Bradley,0.1998549493243429,0.0959503646302845,0.20571648685320387
2025-09-23,LAA,KCR,12.0,4.0,8.0,2.8,4.8,2.6,5.4,3.55,5.7,6.8,3.4,5.9,5.1,4.35,4.55,2025-09-23,Jos\xc3\xa9 Ure\xc3\xb1a,0.11717019625187534,0.08300113991244931,0.16661831101408503,Cole Ragans,0.35438114805703735,0.08863652816221984,0.3029486179320066
2025-09-24,LAA,KCR,5.0,3.0,2.0,3.2,4.6,2.6,5.9,3.6,6.1,7.0,3.2,6.5,5.2,4.75,4.5,2025-09-24,Yusei Kikuchi,0.2156654208669011,0.09513187273967448,0.21092178867642936,Stephen Kolek,0.1722949728862397,0.06479609075748505,0.16145118824221072
2025-09-25,LAA,KCR,13.0,4.0,9.0,3.4,4.0,2.8,5.9,3.6,5.8,7.4,3.4,6.5,4.7,4.8,4.4,2025-09-25,Mitch Farris,0.2188215102974828,0.1048731017266486,0.24408219279700305,Michael Lorenzen,0.2061300416784338,0.06358442351852601,0.2135137712602733
2025-09-26,LAA,HOU,7.0,4.0,3.0,3.0,4.4,2.9,6.3,3.55,6.2,3.8,5.8,3.9,5.1,4.65,4.65,2025-09-26,Kyle Hendricks,0.15585029140720794,0.06387360568551395,0.1583350376020212,Jason Alexander,0.21898192742182512,0.07540291478910403,0.25534534220921334
2025-04-25,LAD,PIT,3.0,0.0,3.0,4.2,3.6,3.7,4.3,4.15,4.2,4.4,4.0,3.9,3.1,3.5,4.35,2025-04-25,Yoshinobu Yamamoto,0.3729545454545454,0.06931818181818179,0.3036859255130667,Paul Skenes,0.2580200668896321,0.035692307692307676,0.24206110987894663
2025-04-26,LAD,PIT,12.0,8.0,4.0,2.6,2.8,3.4,4.6,3.8,4.2,3.6,2.0,4.2,2.7,3.55,4.2,2025-04-26,Jack Dreyer,0.2944444444444444,0.15138888888888888,0.2475,Mitch Keller,0.16072200263504607,0.08109969257795342,0.17135564378899598
2025-04-27,LAD,PIT,11.0,9.0,2.0,3.6,3.6,4.2,3.4,3.9,4.35,4.4,3.0,3.6,3.2,3.7,4.3,2025-04-27,Tyler Glasnow,0.30829849498327755,0.16014841137123745,0.2282106283013799,Bailey Falter,0.19796638655462181,0.06714285714285712,0.21570069131044742
2025-04-29,LAD,MIA,17.0,15.0,2.0,4.8,3.2,4.9,3.2,4.2,4.4,4.0,6.6,4.4,6.6,4.4,5.85,2025-04-29,Jack Dreyer,0.28585858585858587,0.1558080808080808,0.25227272727272726,Sandy Alcantara,0.1711111111111111,0.12133333333333332,0.20771060913624123
2025-05-13,LAD,ATH,12.0,1.0,11.0,7.0,4.2,6.9,4.0,6.4,3.55,4.6,8.0,4.8,5.3,4.1,5.85,2025-05-13,Landon Knack,0.16286549707602335,0.14064327485380113,0.1739110562639974,Jeffrey Springs,0.18651173388015488,0.11863180678970149,0.2230587100554829
2025-05-16,LAD,LAA,8.0,2.0,6.0,7.4,4.0,7.4,4.5,7.0,3.9,4.4,5.0,4.2,5.7,3.35,5.95,2025-05-16,Dustin May,0.2054641654641654,0.093025493025493,0.20158332254097117,Jack Kochanowicz,0.12842642864381992,0.08450744907266644,0.16367304990138748
2025-05-18,LAD,LAA,10.0,4.0,6.0,8.0,6.6,7.5,5.4,7.35,4.55,6.2,5.4,5.0,5.2,4.0,6.2,2025-05-18,Tony Gonsolin,0.325,0.06666666666666667,0.3464590964590964,Yusei Kikuchi,0.19526907874733956,0.09956896904265324,0.19422528568454986
2025-05-19,LAD,ARI,14.0,5.0,9.0,8.6,5.6,6.9,5.9,7.25,4.5,7.0,6.2,5.7,5.7,4.5,5.25,2025-05-19,Jack Dreyer,0.31977124183006533,0.10081699346405228,0.26784478497281267,Brandon Pfaadt,0.19671634055692022,0.057094469316691515,0.21000219587176105
2025-05-21,LAD,ARI,4.0,3.0,1.0,7.8,6.8,7.1,6.3,7.5,4.8,7.6,5.2,6.1,5.9,4.85,5.1,2025-05-21,Dustin May,0.2214478114478114,0.09181397306397304,0.21016919100713358,Corbin Burnes,0.23276552352639301,0.11046944199118108,0.24272029270854456
2025-05-30,LAD,NYY,13.0,8.0,5.0,4.6,4.4,4.6,5.5,6.0,5.0,5.4,1.6,4.7,1.8,5.9,2.95,2025-05-30,Tony Gonsolin,0.25690476190476186,0.11261904761904759,0.2830216567058672,Max Fried,0.24441490987218123,0.05903121089028132,0.20405128718395185
2025-05-31,LAD,NYY,20.0,18.0,2.0,5.8,4.4,5.2,5.4,6.25,5.05,3.8,3.0,4.4,2.4,5.9,3.0,2025-05-31,Landon Knack,0.20138616468707995,0.0927508989865969,0.18147271307471555,Will Warren,0.29468898230339874,0.09982282951390499,0.2645899078198347
2025-06-01,LAD,NYY,10.0,3.0,7.0,9.2,4.2,6.1,4.5,6.8,4.95,3.2,5.8,4.1,4.0,5.85,3.7,2025-06-01,Yoshinobu Yamamoto,0.3097031808770939,0.08382552230378314,0.2697540548284956,Ryan Yarbrough,0.24942256817256814,0.0839400183150183,0.2682039639298601
2025-06-04,LAD,NYM,7.0,1.0,6.0,8.4,5.2,6.0,4.6,6.45,5.25,5.4,4.0,4.2,2.7,3.7,3.2,2025-06-04,Tony Gonsolin,0.23877865961199293,0.11236772486772485,0.2621671700619069,Griffin Canning,0.21033304605386982,0.11307780320366129,0.23280210709961494
2025-06-05,LAD,NYM,11.0,6.0,5.0,6.8,5.4,5.6,4.3,6.35,5.3,5.4,3.4,4.8,2.6,3.65,3.15,2025-06-05,Jos\xc3\xa9 Ure\xc3\xb1a,0.08555088702147526,0.05318627450980391,0.16063572144732946,David Peterson,0.21485126862597215,0.07945403081766714,0.21406642532629644
2025-06-13,LAD,SFG,8.0,2.0,6.0,2.8,4.6,5.0,4.8,4.8,5.15,6.0,5.0,4.5,3.5,3.4,3.25,2025-06-13,Yoshinobu Yamamoto,0.29727249200075284,0.08870380826902563,0.2670655770913792,Logan Webb,0.28619495583781296,0.04781442102870671,0.24835655348299532
2025-06-14,LAD,SFG,16.0,11.0,5.0,3.2,4.8,4.4,4.9,4.8,5.15,6.6,5.0,4.9,3.7,3.55,3.25,2025-06-14,Clayton Kershaw,0.16596273291925462,0.10846790890269147,0.19334971334971335,Landen Roupp,0.20837380568149794,0.08218435410743102,0.2283697881757712
2025-06-17,LAD,SDP,14.0,8.0,6.0,5.8,4.0,4.4,4.6,5.0,4.45,4.2,5.2,4.0,3.4,3.9,4.6,2025-06-17,Jack Dreyer,0.25267094017094016,0.09284188034188033,0.22780740501328736,Randy V\xc3\xa1squez,0.13412180514991887,0.12120865849126715,0.15149503208539353
2025-06-19,LAD,SDP,8.0,3.0,5.0,6.8,4.2,5.0,4.5,5.35,4.6,5.4,5.6,4.5,4.3,4.25,4.45,2025-06-19,Yoshinobu Yamamoto,0.28722589005197696,0.09790607942781852,0.25970888434808626,Ryan Bergert,0.1826530612244898,0.0564625850340136,0.09271865085818573
2025-06-20,LAD,WSN,11.0,6.0,5.0,5.2,4.2,5.2,4.8,5.45,4.7,3.0,5.2,2.9,5.5,3.5,4.95,2025-06-20,Clayton Kershaw,0.1730244996549344,0.09733436853002066,0.19621248042300674,MacKenzie Gore,0.3443292644017282,0.06074431204865985,0.2975395158003503
2025-06-21,LAD,WSN,10.0,3.0,7.0,5.4,4.4,5.1,5.0,5.4,4.85,3.4,5.6,3.4,5.6,3.65,5.1,2025-06-21,Dustin May,0.2220941167095013,0.09035692227999917,0.19298889850455547,Jake Irvin,0.15762126033590299,0.06905685774051588,0.16092450001115027
2025-07-01,LAD,CHW,7.0,6.0,1.0,5.2,3.2,6.0,4.7,5.5,4.6,3.0,2.4,3.1,3.7,3.2,4.25,2025-07-01,Jack Dreyer,0.25869175627240143,0.0778673835125448,0.2351502966778109,Tyler Alexander,0.1606174277926121,0.0593694484363185,0.13305215538243156
2025-07-02,LAD,CHW,9.0,5.0,4.0,4.8,3.2,6.3,4.3,5.75,4.55,3.0,2.8,2.8,3.8,3.05,4.3,2025-07-02,Clayton Kershaw,0.18482789855072462,0.0911555383022774,0.19857065063983567,Sean Burke,0.18848371133697217,0.10639904479578391,0.2193137723407093
2025-07-03,LAD,CHW,8.0,6.0,2.0,5.2,3.8,6.2,4.2,5.65,4.6,2.4,3.2,2.5,4.2,2.9,4.45,2025-07-03,Dustin May,0.21581490114823448,0.09097599930933263,0.18731737719565242,Aaron Civale,0.17861771070968674,0.08935425871832453,0.19499430528914452
2025-07-04,LAD,HOU,19.0,1.0,18.0,5.4,3.4,6.5,3.7,5.9,4.15,4.4,5.4,4.2,3.9,4.95,3.8,2025-07-04,Jack Dreyer,0.2584201388888889,0.08324652777777777,0.23474629435107375,Jason Alexander,0.2764444444444444,0.08844444444444444,0.3162237762237762
2025-07-05,LAD,HOU,10.0,4.0,6.0,4.6,5.2,5.3,4.8,5.7,4.95,7.4,3.2,5.2,3.3,5.75,3.65,2025-07-05,Shohei Ohtani,0.21428571428571427,0.047619047619047596,0.22242572242572237,Framber Valdez,0.24799620342878126,0.08921000096544673,0.23850300411514994
2025-07-18,LAD,MIL,2.0,0.0,2.0,2.4,5.2,3.4,5.7,4.7,5.2,6.8,2.2,5.0,3.1,6.6,3.5,2025-07-18,Tyler Glasnow,0.24719899665551837,0.1650989409141583,0.24823651496368268,Quinn Priester,0.18013901605719834,0.087934456821133,0.2137008551711594
2025-07-19,LAD,MIL,15.0,7.0,8.0,2.2,4.6,2.8,5.8,4.55,5.05,5.4,2.0,4.9,2.4,6.3,3.15,2025-07-19,Jack Dreyer,0.2515321869488536,0.07746913580246913,0.22919033354082372,Freddy Peralta,0.2582529101333449,0.08134112867808518,0.26271314550491526
2025-07-20,LAD,MIL,11.0,5.0,6.0,3.4,4.4,3.0,6.2,4.6,5.2,6.4,3.2,5.5,2.8,5.85,3.2,2025-07-20,Clayton Kershaw,0.1714734299516908,0.08079480101219229,0.20525823909403823,Jose Quintana,0.158091629663536,0.10098151569723474,0.15445135879472402
2025-07-21,LAD,MIN,7.0,5.0,2.0,4.2,5.0,2.9,6.6,4.7,5.15,6.0,4.6,5.1,4.0,4.2,3.55,2025-07-21,Shohei Ohtani,0.3012987012987013,0.046753246753246734,0.25595543345543337,David Festa,0.23782712710630327,0.08806279532824152,0.26055874225420916
2025-07-22,LAD,MIN,17.0,7.0,10.0,3.8,3.8,3.3,5.0,4.3,4.9,4.0,4.8,4.7,4.0,4.05,3.5,2025-07-22,Jack Dreyer,0.24859502359502358,0.07923637923637923,0.22659960380548616,Simeon Woods Richardson,0.19485175986723968,0.08687297681105727,0.19677715125703676
2025-07-23,LAD,MIN,7.0,4.0,3.0,4.8,5.6,3.6,5.4,4.2,5.05,5.8,5.8,4.9,4.6,4.45,3.85,2025-07-23,Tyler Glasnow,0.2491519350215002,0.147724558050645,0.24599674704528282,Chris Paddack,0.16583136244781077,0.06054257868597407,0.17615793210441044
2025-08-04,LAD,STL,5.0,2.0,3.0,3.0,2.6,3.4,2.8,3.5,4.1,2.4,4.6,3.4,4.3,3.75,4.95,2025-08-04,Tyler Glasnow,0.26378483835005573,0.14711910070605722,0.25642884247312847,Sonny Gray,0.2654510150737772,0.039827177653264594,0.24844265199513424
2025-08-05,LAD,STL,18.0,12.0,6.0,2.4,2.4,3.2,2.8,3.55,4.0,3.0,4.0,2.8,3.8,3.5,5.0,2025-08-05,Jack Dreyer,0.2348375784422296,0.06818014027316352,0.21365410505287386,Miles Mikolas,0.16580895059319378,0.051803521566516,0.15327791380269984
2025-08-06,LAD,STL,8.0,3.0,5.0,4.4,2.6,3.9,3.2,4.1,3.85,4.2,6.0,3.1,5.0,3.55,5.3,2025-08-06,Shohei Ohtani,0.28392084106369814,0.053123067408781664,0.27825162242864104,Matthew Liberatore,0.17541125219386083,0.05727881337663944,0.1869488822536801
2025-08-08,LAD,TOR,6.0,5.0,1.0,4.0,3.6,4.0,3.3,4.2,3.95,10.4,3.4,7.5,6.5,6.75,4.85,2025-08-08,Clayton Kershaw,0.1561700376917768,0.07313885792146659,0.20385054910885614,Max Scherzer,0.2578273334852282,0.04794301093643196,0.21970351461290166
2025-08-09,LAD,TOR,10.0,9.0,1.0,5.0,3.0,4.2,3.0,4.1,3.6,10.0,2.6,7.2,6.0,6.65,4.8,2025-08-09,Blake Snell,0.1914141414141414,0.11616161616161613,0.26382808937528496,Chris Bassitt,0.23218508620200862,0.0592190263867254,0.21785305589683357
2025-08-10,LAD,TOR,9.0,4.0,5.0,6.2,3.2,4.6,2.9,4.45,3.6,9.4,4.0,6.9,5.8,6.5,5.25,2025-08-10,Tyler Glasnow,0.2643294314381271,0.1400994983277592,0.25642698386684126,Eric Lauer,0.2453546072167102,0.058937934785401894,0.19421902132012955
2025-08-15,LAD,SDP,5.0,3.0,2.0,5.4,4.0,4.7,3.8,4.5,3.7,5.6,3.0,4.9,3.5,4.7,3.25,2025-08-15,Clayton Kershaw,0.15743739524795422,0.07102024384633078,0.20459591805006028,Randy V\xc3\xa1squez,0.11521976057175945,0.10134629833007809,0.14186692098490725
2025-08-16,LAD,SDP,6.0,6.0,0.0,5.0,4.2,5.0,3.6,4.4,3.7,5.6,1.6,4.7,3.7,4.7,3.35,2025-08-16,Blake Snell,0.26260822510822507,0.1228354978354978,0.28715678131717803,Dylan Cease,0.30873306890717594,0.08694849192383318,0.3223040577962402
2025-08-17,LAD,SDP,9.0,5.0,4.0,4.4,4.0,5.3,3.6,4.35,3.2,4.4,2.4,4.2,3.5,4.55,3.45,2025-08-17,Tyler Glasnow,0.27192003648525387,0.14317345697780479,0.26787479816771664,Yu Darvish,0.20832313821444257,0.08257575757575755,0.23423158496179639
2025-08-25,LAD,CIN,7.0,7.0,0.0,4.4,4.4,5.0,3.6,4.85,3.7,3.6,3.6,5.5,4.1,4.1,3.7,2025-08-25,Jack Dreyer,0.20930250305250303,0.056379731379731374,0.21197301159122425,Hunter Greene,0.3270918566696664,0.050648419075789555,0.27698551129344257
2025-08-26,LAD,CIN,9.0,6.0,3.0,5.2,2.8,5.4,3.4,5.2,3.5,2.8,4.8,4.1,4.0,3.9,3.8,2025-08-26,Clayton Kershaw,0.15528489475500343,0.06798510466988725,0.19468520000596154,Nick Martinez,0.17194485565078363,0.05246495976857685,0.1686694249982654
2025-08-27,LAD,CIN,6.0,5.0,1.0,4.6,2.4,5.4,3.7,5.35,3.65,2.2,5.2,4.3,4.2,3.8,4.0,2025-08-27,Shohei Ohtani,0.30772955115060374,0.03718614718614717,0.2839764399837933,Nick Lodolo,0.23550453692304157,0.04437195710528372,0.22384790669096805
2025-08-29,LAD,ARI,3.0,0.0,3.0,5.4,2.2,5.4,3.4,5.5,3.55,4.6,5.6,5.2,5.3,5.55,4.3,2025-08-29,Blake Snell,0.22767547803779684,0.10872876452586594,0.2916362669098647,Zac Gallen,0.21239626241236545,0.078642073617919,0.21292465906034033
2025-08-30,LAD,ARI,7.0,1.0,6.0,5.2,1.8,5.1,3.3,4.9,3.4,5.0,4.4,4.8,4.3,5.4,4.1,2025-08-30,Tyler Glasnow,0.2722107268428338,0.1419037920459325,0.2628951748152697,Eduardo Rodr\xc3\xadguez,0.20896791719097954,0.08251736955895743,0.20225424852629945
2025-08-31,LAD,ARI,9.0,5.0,4.0,3.8,2.6,4.1,3.5,4.8,3.45,5.2,3.2,4.9,3.8,5.4,4.05,2025-08-31,Yoshinobu Yamamoto,0.27412909956388215,0.08979098112703182,0.25475380634517586,Brandon Pfaadt,0.1800038297158691,0.0484481355424805,0.1889136643677337
2025-09-08,LAD,COL,4.0,3.0,1.0,2.4,3.2,3.0,3.9,4.2,3.8,4.8,7.0,4.5,6.7,3.95,6.05,2025-09-08,Tyler Glasnow,0.2692506199804336,0.13176780689979448,0.26072824372381354,Chase Dollander,0.1759315384272478,0.11381428989266514,0.20750159939934965
2025-09-09,LAD,COL,9.0,7.0,2.0,3.0,2.8,2.8,3.9,4.1,3.65,4.2,6.2,4.3,6.6,3.7,5.95,2025-09-09,Emmet Sheehan,0.27535615899252264,0.08519086973632427,0.28667576827493374,Germ\xc3\xa1n M\xc3\xa1rquez,0.14974125150238646,0.08283135228821475,0.1791350525746798
2025-09-10,LAD,COL,9.0,9.0,0.0,3.8,2.2,3.5,3.8,4.3,3.55,3.0,5.6,3.8,6.2,3.6,6.15,2025-09-10,Blake Snell,0.24308102324406666,0.10746630583587101,0.31082557799506205,Kyle Freeland,0.16910163378040546,0.051344189299100715,0.18778921423445324
2025-09-16,LAD,PHI,15.0,6.0,9.0,8.4,2.4,5.4,2.8,4.75,3.15,7.2,5.0,6.3,3.8,5.55,4.35,2025-09-16,Shohei Ohtani,0.3236927546138072,0.04531594136857292,0.28767832777217484,Cristopher S\xc3\xa1nchez,0.25832312672738394,0.06186466505858531,0.2750544823238562
2025-09-17,LAD,PHI,5.0,5.0,0.0,9.0,4.0,6.0,3.4,5.0,3.5,6.8,5.6,6.3,4.1,5.85,4.55,2025-09-17,Blake Snell,0.27162757621694816,0.105626615288451,0.3256721187116601,Jes\xc3\xbas Luzardo,0.28138837499063835,0.08259418253901654,0.27943682995762475
2025-09-18,LAD,SFG,3.0,2.0,1.0,8.6,3.6,6.2,2.9,5.2,3.25,3.6,8.4,4.7,5.9,6.3,5.25,2025-09-18,Jack Dreyer,0.23634530314858182,0.05625813166796773,0.2278569750725006,Logan Webb,0.2614185283262035,0.05497836156345609,0.23221097848735192
2025-09-19,LAD,SFG,9.0,6.0,3.0,7.2,3.8,6.3,2.8,4.9,3.2,3.2,7.8,4.0,5.9,6.15,5.2,2025-09-19,Clayton Kershaw,0.17243053018308768,0.07686283121065726,0.21429998829343963,Robbie Ray,0.2467764652334977,0.09933061612930025,0.2525713334298512
2025-09-20,LAD,SFG,12.0,7.0,5.0,5.8,3.0,6.6,2.7,4.85,3.35,2.4,6.4,4.1,6.2,6.05,5.4,2025-09-20,Tyler Glasnow,0.27474485608996474,0.12999087290527506,0.25890271713430585,Kai-Wei Teng,0.24951778957196913,0.1342909971005946,0.2578224932223331
2025-04-23,MIA,CIN,7.0,2.0,5.0,5.2,6.0,5.4,6.3,4.35,5.35,8.6,4.8,6.8,3.8,5.15,3.4,2025-04-23,Sandy Alcantara,0.17388888888888887,0.13166666666666665,0.1861088496555957,Brady Singer,0.2609888357256778,0.1043979266347687,0.25295197638418887
2025-05-03,MIA,ATH,15.0,9.0,6.0,3.2,10.8,4.6,8.0,4.5,6.9,4.0,3.6,4.3,4.6,4.15,4.4,2025-05-03,Max Meyer,0.3316285580153646,0.07952706547159318,0.2974041796410217,Osvaldo Bido,0.12249609622798024,0.08604157517200994,0.1974275810679547
2025-05-04,MIA,ATH,5.0,2.0,3.0,5.0,9.2,4.5,7.5,4.95,7.1,4.8,5.2,4.4,4.7,4.4,4.75,2025-05-04,Edward Cabrera,0.2247964897421419,0.12230025409373232,0.23233298823016565,JP Sears,0.2216444666444666,0.04258241758241757,0.1868010908528025
2025-05-05,MIA,LAD,11.0,4.0,7.0,4.2,8.4,4.1,7.5,4.8,6.75,8.4,3.4,6.6,3.3,5.2,4.1,2025-05-05,Sandy Alcantara,0.15925925925925924,0.14277777777777778,0.21720982133902456,Yoendrys G\xc3\xb3mez,0.15223214285714284,0.1733058608058608,0.16565158160552895
2025-05-16,MIA,TBR,13.0,9.0,4.0,2.8,3.2,3.2,4.8,3.9,6.4,5.0,4.2,4.3,4.6,2.8,3.8,2025-05-16,Max Meyer,0.271042847082952,0.08303815624655203,0.2768360294676084,Taj Bradley,0.18840753549992678,0.09936087061087058,0.19881222112484748
2025-05-17,MIA,TBR,4.0,0.0,4.0,4.0,3.8,3.2,4.6,3.85,6.05,5.2,5.6,4.4,5.3,3.0,4.2,2025-05-17,Sandy Alcantara,0.1806332556332556,0.1271882284382284,0.2165529290556436,Drew Rasmussen,0.22107226064269406,0.06095304549251915,0.18592089661462474
2025-05-18,MIA,TBR,6.0,5.0,1.0,3.6,3.8,3.0,4.7,3.55,6.1,5.6,4.8,4.1,4.8,3.2,4.0,2025-05-18,Cal Quantrill,0.1480401431774429,0.07803022047873302,0.18221926605876604,Shane Baz,0.262511986487959,0.08909043441938176,0.20150911376104078
2025-05-19,MIA,CHC,15.0,8.0,7.0,4.2,3.0,3.1,4.1,3.6,6.0,6.4,3.0,4.8,3.8,5.4,3.45,2025-05-19,Edward Cabrera,0.19736835225965657,0.09803913880000832,0.20118495511640674,Drew Pomeranz,0.34833333333333333,0.05333333333333333,0.2581349206349206
2025-05-30,MIA,SFG,2.0,0.0,2.0,5.8,5.0,4.4,5.3,3.8,4.95,1.6,3.0,2.3,3.0,3.6,3.4,2025-05-30,Cal Quantrill,0.16667772857704205,0.07295049217246011,0.1874420795136795,Kyle Harrison,0.32705882352941174,0.04444444444444444,0.32172932330827064
2025-05-31,MIA,SFG,1.0,1.0,0.0,5.0,4.0,4.4,5.1,3.7,4.9,2.0,2.4,2.2,2.8,3.4,3.25,2025-05-31,Edward Cabrera,0.24651111267959092,0.09084537141602356,0.24985984655843524,Robbie Ray,0.2702618271788232,0.10793107127099218,0.2566058291529636
2025-06-01,MIA,SFG,6.0,2.0,4.0,4.0,3.6,4.0,5.0,3.55,4.55,1.4,2.2,2.1,2.6,2.95,3.15,2025-06-01,Ryan Weathers,0.24610136452241713,0.06018518518518517,0.23547008547008544,Jordan Hicks,0.17703835811032212,0.0742624749896114,0.20079129446949348
2025-06-02,MIA,COL,10.0,4.0,6.0,3.8,4.4,3.4,4.7,3.6,4.25,1.8,4.4,2.2,5.3,2.85,6.4,2025-06-02,Max Meyer,0.2432353775886555,0.07300196418909786,0.24705119441961546,Germ\xc3\xa1n M\xc3\xa1rquez,0.12878052473226173,0.07850617249826733,0.18785935121941788
2025-06-03,MIA,COL,5.0,2.0,3.0,3.4,4.0,3.7,3.9,3.7,4.25,2.8,4.6,2.3,4.8,3.15,5.55,2025-06-03,Sandy Alcantara,0.16504552978861278,0.12499441270192256,0.1939611688847732,Chase Dollander,0.21695075757575755,0.10624999999999996,0.21552363658341916
2025-06-04,MIA,COL,5.0,2.0,3.0,1.8,3.0,3.8,4.0,3.65,4.35,3.2,4.6,2.6,4.8,2.85,5.5,2025-06-04,Cal Quantrill,0.17804035931246245,0.07010650803556978,0.19016473631678374,Kyle Freeland,0.17551493738275345,0.045934065934065925,0.21021521405594026
2025-06-16,MIA,PHI,7.0,2.0,5.0,4.6,4.0,3.5,4.3,3.6,4.1,6.6,3.2,4.1,3.6,4.0,4.4,2025-06-16,Sandy Alcantara,0.17345344362066767,0.11246613475710462,0.1945697070050645,Taijuan Walker,0.21692837609352036,0.08926967624994661,0.19777986609467482
2025-06-17,MIA,PHI,11.0,8.0,3.0,4.4,4.6,3.5,4.5,3.65,4.25,6.8,2.0,4.5,3.6,4.15,4.5,2025-06-17,Cal Quantrill,0.17932086347418152,0.07016005225387373,0.19221204184069732,Jes\xc3\xbas Luzardo,0.27362183382544164,0.07384993661992258,0.2653627740374512
2025-06-19,MIA,PHI,3.0,1.0,2.0,3.8,3.2,4.0,4.5,3.65,4.15,5.2,3.6,4.7,3.2,4.1,4.6,2025-06-19,Edward Cabrera,0.2523327572734687,0.09907801903849332,0.25001086065968764,Cristopher S\xc3\xa1nchez,0.25805619903445987,0.08880408411464309,0.2745067402438537
2025-06-22,MIA,ATL,8.0,5.0,3.0,3.4,3.6,3.9,4.1,3.05,3.9,4.4,3.4,5.2,2.9,4.55,3.65,2025-06-22,Sandy Alcantara,0.17807071465456556,0.10783419996152913,0.19715538727393353,Bryce Elder,0.19883700672470725,0.07712375859434682,0.19145228310042325
2025-07-01,MIA,MIN,2.0,2.0,0.0,7.2,4.4,5.3,4.0,4.4,4.25,4.2,3.0,4.2,6.7,4.55,6.95,2025-07-01,Edward Cabrera,0.25121376208332724,0.10435820218428911,0.2591185015298571,Joe Ryan,0.2883022295686769,0.055541026955500616,0.23842102954235306
2025-07-02,MIA,MIN,3.0,1.0,2.0,6.6,3.8,4.7,3.7,4.4,4.1,3.8,3.4,3.6,5.2,4.35,6.75,2025-07-02,Janson Junk,0.22223661885316018,0.013296227581941858,0.19869823463326816,Simeon Woods Richardson,0.20095818354332282,0.08269314248416412,0.19903108627987934
2025-07-03,MIA,MIN,5.0,4.0,1.0,6.0,3.8,4.6,3.5,4.3,4.0,2.2,3.4,3.8,4.4,4.25,6.55,2025-07-03,Eury P\xc3\xa9rez,0.19999999999999998,0.13947368421052628,0.17134126377823855,David Festa,0.24138328776486667,0.09273894964684434,0.25804968639899717
2025-07-04,MIA,MIL,11.0,5.0,6.0,4.4,3.0,4.9,3.4,4.4,3.9,5.4,3.6,6.2,3.6,5.7,4.0,2025-07-04,Sandy Alcantara,0.17376059327146282,0.09916261727403029,0.18347794499676728,Aaron Ashby,0.3442099567099567,0.07083333333333333,0.28545787545787543
2025-07-05,MIA,MIL,6.0,4.0,2.0,3.6,2.6,4.8,3.8,4.5,3.7,4.6,3.4,5.9,4.1,5.95,3.9,2025-07-05,Cal Quantrill,0.17805114274924308,0.06638004245627241,0.18333874498555697,Chad Patrick,0.23534499079566457,0.07926409245376952,0.19108172126751632
2025-07-19,MIA,KCR,4.0,3.0,1.0,4.2,3.8,4.8,3.3,4.85,3.35,3.0,3.8,4.1,3.4,3.4,3.8,2025-07-19,Cal Quantrill,0.18941246358855277,0.06461615446169218,0.18604469639741816,Michael Wacha,0.1862694615326194,0.0771761859633713,0.2149342430377612
2025-07-20,MIA,KCR,11.0,4.0,7.0,4.4,2.6,4.6,2.8,4.7,3.3,2.4,3.8,3.9,3.5,3.35,3.8,2025-07-20,Janson Junk,0.2086927234982155,0.0193073593073593,0.18225203733106318,Kris Bubic,0.25352019003493703,0.07499163336310549,0.2742546000910333
2025-07-21,MIA,SDP,3.0,1.0,2.0,5.2,2.8,4.6,3.3,4.9,3.3,4.6,2.6,3.7,3.2,3.3,3.55,2025-07-21,Eury P\xc3\xa9rez,0.26484593837535014,0.0865019692087361,0.24719349295129764,Randy V\xc3\xa1squez,0.11932566703974624,0.11148228710013605,0.1433749919125364
2025-07-22,MIA,SDP,7.0,4.0,3.0,5.0,2.2,4.6,3.2,4.7,3.25,4.0,2.0,3.6,2.7,3.2,3.45,2025-07-22,Edward Cabrera,0.2500602557667775,0.08739520594140156,0.2620835792409764,Stephen Kolek,0.1710073943942947,0.07699572343781487,0.1703574526247317
2025-07-23,MIA,SDP,5.0,3.0,2.0,4.6,2.8,4.5,3.4,4.7,3.3,4.4,2.4,3.8,3.1,3.3,3.65,2025-07-23,Sandy Alcantara,0.16689151174277028,0.09370779106477045,0.17707859335760162,Kyle Hart,0.14980861244019136,0.08646616541353383,0.16429138321995465
2025-08-01,MIA,NYY,25.0,13.0,12.0,3.4,2.8,3.4,2.9,4.0,2.85,4.8,5.0,4.3,5.5,5.4,5.55,2025-08-01,Janson Junk,0.19647318526037058,0.019712654495263184,0.1821841791703239,Carlos Rod\xc3\xb3n,0.2795461565350484,0.0905181757853149,0.28980228997333685
2025-08-02,MIA,NYY,2.0,2.0,0.0,4.6,4.4,4.3,3.4,4.45,3.35,6.4,5.8,5.1,6.6,5.75,5.9,2025-08-02,Eury P\xc3\xa9rez,0.26298984240160705,0.0879623300675932,0.24411345748063887,Cam Schlittler,0.22524154589371978,0.131383712905452,0.2057402604515066
2025-08-04,MIA,HOU,10.0,2.0,8.0,5.8,3.0,4.7,3.2,4.6,3.3,4.2,4.0,3.2,5.5,3.75,4.8,2025-08-04,Sandy Alcantara,0.16834895033652794,0.09158596062322769,0.17902929642923537,Jason Alexander,0.24063492063492062,0.09396825396825395,0.2781428946870123
2025-08-18,MIA,STL,11.0,3.0,8.0,5.6,5.0,4.4,5.2,4.55,5.05,4.0,6.6,3.7,4.9,3.4,4.95,2025-08-18,Valente Bellozo,0.148948634722292,0.05443822363579395,0.1717065174060767,Matthew Liberatore,0.17037984649202662,0.057304902112734424,0.17731283668083472
2025-08-19,MIA,STL,11.0,4.0,7.0,3.6,5.8,4.2,5.9,4.65,5.1,5.6,6.6,4.0,4.9,3.75,4.95,2025-08-19,Edward Cabrera,0.2564188866880378,0.0816233567061724,0.2802553354879168,Michael McGreevy,0.13726953019859195,0.034130411498832544,0.16979957194395812
2025-08-20,MIA,STL,8.0,6.0,2.0,3.6,5.4,4.5,5.9,4.6,5.45,6.0,6.2,4.2,5.3,4.0,4.7,2025-08-20,Sandy Alcantara,0.17485909498532215,0.09041037299540101,0.1780863040234997,Andre Pallante,0.1562791737248259,0.08102630494840637,0.22015304529393784
2025-08-24,MIA,TOR,8.0,5.0,3.0,4.0,5.0,4.6,5.1,4.25,5.2,3.8,4.4,4.7,3.5,5.85,4.05,2025-08-24,Eury P\xc3\xa9rez,0.2591949778583241,0.0939595873234317,0.25281337616417976,Kevin Gausman,0.2359270131722905,0.07184477564134313,0.24067207357414452
2025-08-25,MIA,ATL,3.0,2.0,1.0,4.0,5.0,4.8,5.0,4.4,5.35,5.0,6.8,5.5,5.5,5.45,5.4,2025-08-25,Edward Cabrera,0.2552529932371829,0.07966145587687087,0.28062834471399056,Spencer Strider,0.25504961212391547,0.09237511370638303,0.29303154967756734
2025-08-26,MIA,ATL,13.0,2.0,11.0,3.8,3.6,3.7,4.7,4.15,5.25,3.0,5.2,5.2,5.4,5.45,5.35,2025-08-26,Sandy Alcantara,0.18027852428935756,0.08817326842041256,0.18145465514124826,Hurston Waldrep,0.26926877470355726,0.06768774703557309,0.261549956588526
2025-08-27,MIA,ATL,13.0,1.0,12.0,3.4,4.4,3.5,4.9,4.15,5.4,5.0,5.6,6.1,5.6,5.9,5.1,2025-08-27,Ryan Gusto,0.2121901852250693,0.08779535402419213,0.22407797053175188,Joey Wentz,0.1712836533982779,0.09970446037639713,0.20123948487608947
2025-09-05,MIA,PHI,12.0,3.0,9.0,4.6,5.2,4.4,7.3,4.6,6.15,3.6,3.6,4.8,4.9,5.3,4.75,2025-09-05,Valente Bellozo,0.168229102951886,0.06287017818029915,0.17263462922868195,Cristopher S\xc3\xa1nchez,0.2604984524882103,0.06339198904471821,0.2757345909498444
2025-09-06,MIA,PHI,6.0,2.0,4.0,3.0,5.4,4.5,8.1,4.1,6.4,5.0,4.0,5.4,5.0,5.75,4.5,2025-09-06,Sandy Alcantara,0.18512652217359002,0.0858626601655714,0.18525165389277753,Jes\xc3\xbas Luzardo,0.2777434316029995,0.08299926151158366,0.2772964814259044
2025-09-08,MIA,WSN,22.0,7.0,15.0,3.4,6.4,4.9,6.6,4.2,6.25,5.6,4.4,3.8,4.8,4.05,5.1,2025-09-08,Janson Junk,0.18114441159265493,0.027129349763620855,0.17492809549135577,Cade Cavalli,0.21636275517854464,0.05910261765524921,0.24807093317759513
2025-09-09,MIA,WSN,12.0,5.0,7.0,4.4,8.4,4.9,7.7,4.3,6.65,7.6,5.4,5.1,4.4,4.7,5.45,2025-09-09,Valente Bellozo,0.16817330165598535,0.0606248146738599,0.17385826931780538,Mitchell Parker,0.15070822157428046,0.08664397141405754,0.1887002221291081
2025-09-10,MIA,WSN,11.0,8.0,3.0,4.4,7.8,4.5,6.5,4.3,6.85,7.0,5.4,5.7,4.5,4.6,5.15,2025-09-10,Eury P\xc3\xa9rez,0.22820955587352476,0.1001652166483402,0.24190836186773187,Jake Irvin,0.14775614589230013,0.08389276549943946,0.16585082637398565
2025-09-11,MIA,WSN,5.0,5.0,0.0,5.4,6.6,4.2,6.0,4.55,6.6,6.6,4.8,5.9,4.9,4.7,5.15,2025-09-11,Ryan Weathers,0.21484030589293743,0.07252136752136748,0.24782869612656847,MacKenzie Gore,0.2769178686167414,0.08687031850477903,0.271558248020304
2025-09-12,MIA,DET,10.0,8.0,2.0,6.0,5.8,4.2,5.9,4.6,6.25,7.2,3.6,6.5,4.9,5.55,4.85,2025-09-12,Sandy Alcantara,0.18400936616189584,0.08416976296185595,0.18423776429296548,Chris Paddack,0.1675693022312498,0.04885970443203168,0.17585534378959758
2025-09-14,MIA,DET,2.0,0.0,2.0,6.6,5.4,5.0,5.9,4.7,6.25,6.4,5.2,6.2,5.7,5.6,4.85,2025-09-14,Adam Mazur,0.12717752234993612,0.0809259259259259,0.1949461701416565,Keider Montero,0.181467963815393,0.08214679212893339,0.1837752086411822
2025-09-26,MIA,NYM,8.0,6.0,2.0,3.6,4.8,4.5,3.7,4.35,4.85,6.8,6.2,5.7,5.3,5.05,5.6,2025-09-26,Sandy Alcantara,0.19228528496097935,0.08102758123353468,0.18658038394008114,Brandon Sproat,0.23873969877806192,0.09477124183006534,0.15059523809523806
2025-09-27,MIA,NYM,5.0,0.0,5.0,3.0,3.8,4.6,3.9,4.4,4.9,4.8,6.2,5.6,5.1,4.65,5.5,2025-09-27,Eury P\xc3\xa9rez,0.25637588929126004,0.0876391298091286,0.2521613258342049,Clay Holmes,0.1773913182784035,0.08858052369064953,0.2040821212611462
2025-04-20,MIL,ATH,15.0,14.0,1.0,3.4,3.2,4.9,3.5,4.75,4.9,5.8,2.0,4.9,3.2,4.4,4.8,2025-04-20,Tyler Alexander,0.2005575533035487,0.12015546111655948,0.16559056956115778,Jeffrey Springs,0.22994987468671674,0.11810776942355886,0.26001794066578116
2025-05-02,MIL,CHC,10.0,0.0,10.0,5.0,4.2,4.7,4.2,4.65,3.8,5.6,3.4,6.0,5.0,6.3,3.95,2025-05-02,Tyler Alexander,0.1780875296130826,0.09453081173142193,0.14957051844306746,Ben Brown,0.23536137775268204,0.09834368530020701,0.26749363861235576
2025-05-03,MIL,CHC,8.0,2.0,6.0,4.0,5.0,4.5,4.7,4.55,3.95,6.8,3.4,6.6,4.0,6.3,3.85,2025-05-03,Jose Quintana,0.1608613306982872,0.08469202898550722,0.14323308270676688,Jameson Taillon,0.19098845598845596,0.05154761904761904,0.22950752950752948
2025-05-04,MIL,CHC,4.0,4.0,0.0,3.0,6.0,3.6,5.0,4.3,4.25,7.2,1.8,7.0,3.8,6.45,3.9,2025-05-04,Freddy Peralta,0.2579108986251843,0.08774582560296844,0.2996677508044575,Drew Pomeranz,0.24444444444444446,0.06666666666666667,0.3055555555555555
2025-05-05,MIL,HOU,6.0,5.0,1.0,2.4,5.6,3.8,4.6,4.3,4.0,5.8,5.2,4.4,3.5,4.5,3.3,2025-05-05,Tobias Myers,0.23535353535353534,0.15757575757575756,0.125,Ronel Blanco,0.2255638049974434,0.1233376780859618,0.3179788793799003
2025-05-06,MIL,HOU,7.0,4.0,3.0,2.2,5.0,3.8,4.1,4.45,3.8,4.4,5.2,4.0,3.9,3.85,3.4,2025-05-06,Chad Patrick,0.18059252686581878,0.09024943310657595,0.15564803234937177,Hayden Wesneski,0.2308253340862036,0.03766233766233764,0.2261650443621328
2025-05-07,MIL,HOU,10.0,1.0,9.0,3.0,4.0,4.0,4.1,4.6,3.5,3.8,5.2,4.0,4.2,3.95,3.4,2025-05-07,Tyler Alexander,0.18027877665177433,0.08507773055827975,0.1346134665987607,Framber Valdez,0.22097242864859057,0.08754885183670788,0.22417392341332057
2025-05-16,MIL,MIN,3.0,0.0,3.0,3.0,3.4,3.2,3.4,3.4,4.2,4.6,2.2,5.1,2.3,4.95,2.6,2025-05-16,Tyler Alexander,0.17043722141793408,0.07862695039877124,0.11043819042768623,Joe Ryan,0.2976677489177489,0.027708333333333328,0.26161884479899183
2025-05-17,MIL,MIN,7.0,0.0,7.0,2.6,3.4,2.8,3.7,3.3,4.15,4.6,2.0,5.0,2.0,5.0,2.3,2025-05-17,Tyler Alexander,0.181296962212294,0.07338515370551983,0.12358846491199431,Pablo L\xc3\xb3pez,0.2898812502016163,0.045365394839079025,0.2538201280356585
2025-05-19,MIL,BAL,9.0,5.0,4.0,2.8,3.8,2.4,4.2,3.2,4.15,3.8,7.2,3.7,5.6,3.15,6.0,2025-05-19,Quinn Priester,0.15200102220081832,0.14300552116639645,0.21677927999975294,Dean Kremer,0.15565790891877845,0.05998133106828756,0.1683257312631408
2025-05-26,MIL,BOS,5.0,3.0,2.0,5.0,3.6,3.9,3.7,3.2,4.0,4.8,3.4,4.5,4.4,4.35,4.2,2025-05-26,Chad Patrick,0.19176974394365695,0.07749842749842747,0.15670057062679296,Garrett Crochet,0.2838813375177011,0.08076326030871483,0.2532505053302496
2025-06-07,MIL,SDP,7.0,4.0,3.0,3.8,2.2,5.2,2.9,4.4,3.3,3.0,3.6,4.0,4.6,3.2,5.1,2025-06-07,Jose Quintana,0.16730190099755315,0.09243835874270655,0.15480773816147128,Stephen Kolek,0.17598720526100584,0.08005593794012084,0.15377579473324152
2025-06-08,MIL,SDP,1.0,0.0,1.0,3.6,2.4,5.5,3.0,4.4,3.35,3.6,3.4,4.2,4.3,3.2,4.85,2025-06-08,Freddy Peralta,0.25047726520970665,0.09678456808891589,0.28050927944716697,Ryan Bergert,0.1357142857142857,0.019047619047619042,0.052991452991452984
2025-06-09,MIL,ATL,8.0,1.0,7.0,3.0,2.2,4.9,2.6,4.4,3.15,3.8,5.6,3.9,4.4,4.1,3.95,2025-06-09,Aaron Civale,0.1872843340234644,0.052536231884057955,0.20037981440420463,Chris Sale,0.30362724108543504,0.07298648644802488,0.28212545130511607
2025-06-10,MIL,ATL,5.0,4.0,1.0,2.8,2.8,4.7,3.1,4.45,3.4,4.6,4.2,4.2,4.0,4.25,3.75,2025-06-10,Quinn Priester,0.14625515037750866,0.11347446357205405,0.21159017185289083,Grant Holmes,0.2733518517913263,0.1010818321764063,0.27305951400107925
2025-06-11,MIL,ATL,8.0,2.0,6.0,1.8,2.8,4.5,3.0,4.2,3.2,4.6,4.6,3.4,4.1,4.05,3.85,2025-06-11,Chad Patrick,0.20972330159155916,0.07733899002695994,0.16520660378838717,Spencer Schwellenbach,0.22549418561124243,0.041065851032406196,0.24387397045212925
2025-06-12,MIL,STL,6.0,6.0,0.0,2.2,3.6,3.0,2.9,4.3,3.35,4.2,4.6,3.7,5.9,4.15,4.95,2025-06-12,Aaron Ashby,0.4732142857142857,0.03125,0.33150183150183143,Sonny Gray,0.26312996364540725,0.04609947280515841,0.24870621252480152
2025-06-13,MIL,STL,5.0,3.0,2.0,2.6,3.0,3.1,2.7,4.6,3.0,3.2,5.8,3.6,5.4,4.1,5.15,2025-06-13,Freddy Peralta,0.24330031769472762,0.09701424179685048,0.2757790247927775,Erick Fedde,0.1376723878553408,0.11057935790197486,0.1551015245347229
2025-06-14,MIL,STL,13.0,5.0,8.0,3.2,3.2,3.1,2.7,4.5,3.0,3.2,6.2,3.6,5.7,3.65,5.1,2025-06-14,Jose Quintana,0.1681282938076416,0.09718791172595517,0.1562901042246207,Andre Pallante,0.14910751889012758,0.08007414485675353,0.20666905577704173
2025-06-15,MIL,STL,5.0,3.0,2.0,4.0,3.4,3.4,3.1,4.5,3.2,4.2,5.8,4.3,5.4,3.85,5.1,2025-06-15,Quinn Priester,0.1583727767349385,0.10401825827438288,0.21479099086514994,Miles Mikolas,0.13650454339417548,0.0608418560258025,0.13333228399367988
2025-06-23,MIL,PIT,9.0,4.0,5.0,9.2,5.2,6.5,4.4,5.5,3.7,3.4,5.6,3.7,4.1,3.6,3.4,2025-06-23,Aaron Ashby,0.3488713667285096,0.017857142857142856,0.27514390371533226,Braxton Ashcraft,0.24196042053184907,0.12012987012987011,0.18631897203325773
2025-06-24,MIL,PIT,12.0,9.0,3.0,9.4,5.2,6.7,4.3,4.85,3.6,3.8,5.0,3.2,4.2,3.35,3.55,2025-06-24,Freddy Peralta,0.24726277798288665,0.09374162823891083,0.2648346389716726,Andrew Heaney,0.17900254442283423,0.07793271570083161,0.18580435204860493
2025-06-27,MIL,COL,16.0,10.0,6.0,7.0,3.6,7.1,4.6,5.1,3.65,3.2,5.4,5.3,5.3,4.6,6.05,2025-06-27,Jose Quintana,0.1553359683794466,0.1069169960474308,0.15798662883424203,Kyle Freeland,0.17714944943366445,0.04508634222919937,0.2000693462185401
2025-06-28,MIL,COL,5.0,5.0,0.0,7.2,4.8,7.6,4.4,5.5,3.75,3.8,6.4,4.9,6.2,4.75,6.45,2025-06-28,Aaron Ashby,0.3677624458874459,0.026041666666666664,0.2943223443223443,Antonio Senzatela,0.10962666863765654,0.07851029564677672,0.14899304342543193
2025-07-07,MIL,LAD,10.0,9.0,1.0,3.2,4.0,5.1,3.3,5.9,3.8,3.4,7.0,4.1,5.1,5.3,4.95,2025-07-07,Freddy Peralta,0.25448390980999674,0.0857413507051188,0.26434375316000525,Jack Dreyer,0.25816498316498315,0.08451178451178451,0.23710246724952605
2025-07-08,MIL,LAD,4.0,3.0,1.0,4.4,2.8,5.1,3.1,6.05,3.85,2.6,8.0,3.9,5.9,5.1,5.2,2025-07-08,Jacob Misiorowski,0.2859563123495012,0.1238691090471276,0.2463980524642289,Clayton Kershaw,0.17663714439076755,0.08514237149502847,0.21052085045536412
2025-07-11,MIL,WSN,11.0,8.0,3.0,4.6,2.4,5.0,3.0,6.05,3.8,3.6,6.0,4.4,7.1,5.1,6.6,2025-07-11,Quinn Priester,0.1783768712274399,0.08822202703912049,0.21758746164965986,Mitchell Parker,0.15922870395754918,0.08840947613154247,0.19172852280805483
2025-07-13,MIL,WSN,9.0,8.0,1.0,5.8,2.2,4.9,3.2,6.35,3.7,3.8,5.6,4.8,6.6,5.0,6.5,2025-07-13,Freddy Peralta,0.2571083264561525,0.08351697755587914,0.26257667303417503,Jake Irvin,0.16582726385140964,0.0776157378923101,0.16030171962069978
2025-07-25,MIL,MIA,6.0,1.0,5.0,6.0,3.0,5.7,2.5,5.4,2.8,3.0,3.0,3.6,3.4,4.25,3.15,2025-07-25,Freddy Peralta,0.25423672600691233,0.08367892172239996,0.2621077576237288,Cal Quantrill,0.18775363586505553,0.06121530422686628,0.184741834617588
2025-07-26,MIL,MIA,11.0,4.0,7.0,4.6,2.6,5.5,2.9,5.25,2.95,3.4,3.0,3.9,2.8,4.05,2.8,2025-07-26,Jose Quintana,0.16232732071241385,0.0937685502902894,0.15693263239432867,Janson Junk,0.1936732268956109,0.021504713994832562,0.17305467767197388
2025-07-27,MIL,MIA,5.0,3.0,2.0,4.2,3.0,5.1,3.3,4.95,3.0,4.0,2.4,4.6,2.6,4.1,2.8,2025-07-27,Brandon Woodruff,0.3978835978835979,0.0,0.2779331779331779,Valente Bellozo,0.1565106375421806,0.05406577966254009,0.18289627157411534
2025-07-28,MIL,CHC,12.0,8.0,4.0,3.6,3.4,4.8,3.0,4.85,3.1,5.2,5.0,4.5,4.5,4.95,4.4,2025-07-28,Jacob Misiorowski,0.36092739663879786,0.1017305447477745,0.2835139614905518,Matthew Boyd,0.2371071979761911,0.05244981258253567,0.20696376426049956
2025-07-29,MIL,CHC,12.0,9.0,3.0,5.2,4.0,4.8,3.3,4.9,3.2,4.8,6.6,4.5,5.2,4.9,4.7,2025-07-29,Aaron Ashby,0.3113933452168746,0.1311157796451914,0.2591066613125437,Drew Pomeranz,0.2627450980392157,0.06715686274509804,0.20128384687208214
2025-07-30,MIL,CHC,13.0,3.0,10.0,5.0,4.2,5.5,3.6,5.2,3.0,4.6,6.8,4.4,6.0,4.8,4.95,2025-07-30,Freddy Peralta,0.26127555251073037,0.08400756577634046,0.26345134439840784,Shota Imanaga,0.17907985282763952,0.04393489839486297,0.20825413041314786
2025-08-08,MIL,NYM,5.0,3.0,2.0,7.4,2.4,7.6,4.0,6.35,3.65,3.8,6.0,4.1,4.9,4.1,4.4,2025-08-08,Brandon Woodruff,0.3667301587301587,0.033999999999999996,0.24967307202601313,Kodai Senga,0.23449215968767723,0.1192440401240374,0.26057902533918986
2025-08-09,MIL,NYM,11.0,7.0,4.0,6.4,2.4,7.6,4.0,6.2,3.5,4.2,5.6,3.5,5.1,4.05,4.2,2025-08-09,Tobias Myers,0.22859142668925275,0.07992424242424241,0.13766034514581024,Frankie Montas,0.19309066219821364,0.06496981279589974,0.2274089006231863
2025-08-10,MIL,NYM,13.0,7.0,6.0,5.0,2.6,7.5,4.0,6.15,3.65,2.6,5.8,3.7,5.7,3.85,4.4,2025-08-10,Quinn Priester,0.1930388697345411,0.08203838066092804,0.218706436801445,Sean Manaea,0.28848627980206926,0.04605263157894736,0.22346774193548385
2025-08-11,MIL,PIT,8.0,7.0,1.0,5.8,3.6,7.3,4.3,6.4,3.95,4.2,4.4,5.7,6.4,4.9,5.15,2025-08-11,Jose Quintana,0.16528405098737575,0.08723820936097149,0.1540398176553322,Andrew Heaney,0.1580018379962781,0.07183237061030899,0.16664600448094127
2025-08-12,MIL,PIT,14.0,14.0,0.0,5.8,3.4,7.7,3.4,6.35,3.65,4.0,5.0,4.2,5.4,4.9,5.0,2025-08-12,Freddy Peralta,0.25871254651145953,0.09062526141330486,0.26688670873524234,Paul Skenes,0.2880006563449546,0.060899500356975556,0.2843588225478924
2025-08-13,MIL,PIT,17.0,12.0,5.0,7.6,2.6,7.5,2.5,6.75,3.4,2.6,7.8,3.7,6.0,4.7,5.2,2025-08-13,Brandon Woodruff,0.35894179894179895,0.041666666666666664,0.2584484902542357,Mitch Keller,0.18172972190182332,0.06673104639590142,0.17619177714123904
2025-08-22,MIL,SFG,9.0,5.0,4.0,3.8,3.0,6.9,3.5,7.2,3.75,3.4,5.0,2.7,5.4,3.7,4.95,2025-08-22,Jose Quintana,0.1634838159552118,0.08255284761005582,0.153988012832703,Carson Whisenhunt,0.19227994227994225,0.11204906204906202,0.2889309764309764
2025-08-23,MIL,SFG,8.0,1.0,7.0,3.4,3.8,6.7,3.3,7.0,3.8,2.8,5.8,3.0,5.5,3.65,4.9,2025-08-23,Freddy Peralta,0.26153885412246614,0.09064709445144224,0.2707680521742033,Logan Webb,0.26497265628565364,0.05252261345099539,0.23217532970924062
2025-08-24,MIL,SFG,7.0,3.0,4.0,2.8,4.0,6.1,3.9,6.9,3.65,3.4,5.4,3.6,5.1,3.95,4.8,2025-08-24,Chad Patrick,0.22590140080700719,0.07838313775384712,0.18380828303432212,Robbie Ray,0.2526434888199911,0.09370909749995948,0.2556250636888149
2025-08-25,MIL,ARI,12.0,7.0,5.0,3.2,4.0,5.0,4.3,6.25,3.4,4.6,4.2,5.0,4.3,5.05,4.5,2025-08-25,Brandon Woodruff,0.3326984126984127,0.06299603174603174,0.24728523522670975,Eduardo Rodr\xc3\xadguez,0.21521970563472534,0.08302140583761133,0.20841732042901004
2025-08-26,MIL,ARI,17.0,9.0,8.0,4.0,4.2,4.5,4.3,6.2,3.55,4.6,4.4,5.2,4.8,5.2,4.25,2025-08-26,Tobias Myers,0.23152593712056624,0.06308674985145572,0.18000932192491934,Brandon Pfaadt,0.17787728018005408,0.04804908193212342,0.18997610059031403
2025-08-27,MIL,ARI,5.0,2.0,3.0,5.0,5.6,4.4,4.3,5.95,3.8,6.0,5.6,5.4,5.3,5.5,4.35,2025-08-27,Erick Fedde,0.1298801178752534,0.11351628442404524,0.16365207300773257,Ryne Nelson,0.22203756320979615,0.06647402236123612,0.18887591280672883
2025-09-01,MIL,PHI,18.0,8.0,10.0,4.2,4.0,4.6,4.8,5.75,4.15,5.4,4.0,5.4,4.6,5.0,4.5,2025-09-01,Aaron Ashby,0.3238170879299911,0.09886072708653353,0.2458491478652769,Taijuan Walker,0.1838819526493074,0.07460176934190452,0.18159999388506196
2025-09-03,MIL,PHI,9.0,6.0,3.0,5.4,5.4,4.9,5.4,5.8,4.35,6.4,4.4,5.3,5.2,5.3,4.8,2025-09-03,Jose Quintana,0.1570048378122912,0.08811058506710678,0.15447400295253214,Aaron Nola,0.23398836067314324,0.0726568057546318,0.2381954043047717
2025-09-04,MIL,PHI,2.0,0.0,2.0,5.8,4.8,5.4,5.0,5.75,4.45,7.0,4.4,5.2,5.3,5.25,5.05,2025-09-04,Freddy Peralta,0.2671772352905893,0.09301583940559092,0.27079159332179487,Ranger Suarez,0.23273054461674436,0.05561248012700855,0.20266946813936024
2025-09-12,MIL,STL,10.0,8.0,2.0,4.2,3.8,4.4,4.4,4.5,4.25,2.8,4.4,3.2,4.4,3.95,4.75,2025-09-12,Aaron Ashby,0.32205236892736894,0.10364858906525572,0.24637054046776263,Andre Pallante,0.15656601134085604,0.08205032487641181,0.20768683494240125
2025-09-14,MIL,STL,5.0,2.0,3.0,5.0,4.0,4.8,3.8,4.7,4.3,2.8,4.4,3.0,5.0,3.65,5.0,2025-09-14,Jose Quintana,0.15970304217941264,0.08862419454101872,0.15778648683210045,Miles Mikolas,0.146509456794885,0.05578689206529185,0.14742452784962998
2025-09-16,MIL,LAA,11.0,9.0,2.0,3.4,4.2,4.2,3.1,4.55,4.25,4.4,4.6,4.0,6.9,3.6,5.75,2025-09-16,Freddy Peralta,0.2757422311987529,0.09471333416985588,0.2683772709358273,Caden Dana,0.25168650793650793,0.1504960317460317,0.2729215229215229
2025-09-17,MIL,LAA,11.0,9.0,2.0,5.2,3.6,4.5,3.0,4.95,4.0,2.4,6.0,3.9,7.4,3.55,6.0,2025-09-17,Brandon Woodruff,0.3187301587301587,0.056337181337181325,0.23609568794480673,Jos\xc3\xa9 Ure\xc3\xb1a,0.11277458351761756,0.07256371115697739,0.15917481259532246
2025-09-18,MIL,LAA,7.0,5.0,2.0,6.2,3.0,5.4,3.0,5.25,3.9,2.0,7.2,3.7,7.3,3.45,6.45,2025-09-18,Aaron Ashby,0.3182601389838232,0.1058688387635756,0.2400680581601634,Yusei Kikuchi,0.21993419788411298,0.09416838476353495,0.2150375453004002
2025-09-26,MIL,CIN,4.0,1.0,3.0,2.0,4.4,4.1,3.7,4.3,3.8,3.6,2.4,4.0,3.0,4.35,4.3,2025-09-26,Tobias Myers,0.20121587941281033,0.05721359250771015,0.1754745914431681,Zack Littell,0.1744355478483129,0.04117388433777127,0.18322244351833894
2025-09-27,MIL,CIN,11.0,4.0,7.0,1.2,4.6,3.9,3.4,4.15,3.9,2.8,1.8,3.9,2.4,4.25,4.15,2025-09-27,Jacob Misiorowski,0.3203316268952626,0.1136312877206912,0.25414704477419237,Nick Martinez,0.14307795830272713,0.05687849481442502,0.18946851638856638
2025-04-22,MIN,CHW,6.0,4.0,2.0,3.2,4.8,3.3,3.9,3.2,4.15,2.8,5.8,3.3,5.3,2.95,4.65,2025-04-22,Bailey Ober,0.20466976264189882,0.0793021155830753,0.22372757073844027,Davis Martin,0.13096989966555184,0.06096989966555183,0.15240984159083243
2025-04-25,MIN,LAA,15.0,11.0,4.0,3.8,4.2,3.7,4.1,3.5,3.9,2.8,4.4,2.3,4.1,3.95,4.65,2025-04-25,Pablo L\xc3\xb3pez,0.21482026745184638,0.0303643724696356,0.23199502023031435,Kyle Hendricks,0.11217320261437905,0.096078431372549,0.14343149170338107
2025-04-26,MIN,LAA,6.0,5.0,1.0,5.2,3.8,4.2,3.8,3.95,3.65,3.2,6.0,2.4,4.5,4.0,5.1,2025-04-26,Simeon Woods Richardson,0.20763305322128844,0.06232492997198877,0.1940736164006158,Yusei Kikuchi,0.2230866524779568,0.11264335664335663,0.1999861502075101
2025-04-27,MIN,LAA,5.0,5.0,0.0,5.6,3.2,4.7,3.5,4.2,3.25,2.4,6.2,2.5,4.6,3.8,4.75,2025-04-27,Joe Ryan,0.25160173160173155,0.028000000000000004,0.21278860028860028,Jos\xc3\xa9 Soriano,0.18364389233954448,0.11728778467908899,0.23118004700518466
2025-05-06,MIN,BAL,10.0,9.0,1.0,2.6,3.8,5.1,2.8,4.2,3.45,3.4,6.8,2.8,5.5,3.4,6.25,2025-05-06,Pablo L\xc3\xb3pez,0.2356115280600406,0.036400441663599535,0.23015308448960975,Cade Povich,0.18968253968253967,0.08960317460317462,0.19288760094681145
2025-05-07,MIN,BAL,7.0,5.0,2.0,4.2,3.6,5.4,2.6,4.55,3.35,3.0,5.6,2.7,6.3,3.45,6.25,2025-05-07,Simeon Woods Richardson,0.2217553688141923,0.08321661998132585,0.21821674444892844,Charlie Morton,0.16115338164251206,0.1313556763285024,0.1947419553118082
2025-05-08,MIN,BAL,7.0,5.0,2.0,4.8,3.2,4.8,2.4,4.5,3.1,2.4,5.8,2.6,6.4,3.3,6.3,2025-05-08,Bailey Ober,0.19474216851426476,0.056744066047471606,0.23459502641636362,Dean Kremer,0.1324392894889789,0.05470127181307303,0.14078854523748355
2025-05-09,MIN,SFG,4.0,3.0,1.0,5.6,2.4,4.8,2.5,4.75,3.0,4.8,3.2,4.0,3.6,4.0,3.85,2025-05-09,Chris Paddack,0.16612879601601405,0.10867265566513684,0.17616624731496391,Jordan Hicks,0.20917198386677932,0.08774666042175142,0.21176844735964565
2025-05-10,MIN,SFG,3.0,2.0,1.0,5.4,2.0,4.6,2.6,4.65,3.0,4.2,3.8,3.8,3.7,3.5,3.8,2025-05-10,Joe Ryan,0.2901917130488559,0.03166666666666666,0.256976158761873,Logan Webb,0.29017366992910465,0.06590458152958151,0.25284743551824296
2025-05-19,MIN,CLE,11.0,6.0,5.0,4.8,2.2,4.5,2.0,4.95,2.3,2.6,4.2,3.3,3.7,3.85,4.7,2025-05-19,Bailey Ober,0.1947994643999837,0.06524538470358902,0.24531994118098124,Logan Allen,0.1706779361942405,0.10716579616036134,0.1668644943656677
2025-05-21,MIN,CLE,6.0,1.0,5.0,4.4,2.0,4.6,2.3,4.7,2.35,3.2,5.4,3.0,3.7,3.95,4.65,2025-05-21,Chris Paddack,0.1703707060800882,0.08935409450283589,0.17779454563243632,Gavin Williams,0.25903544525461636,0.12781747402901733,0.27998393995285387
2025-06-06,MIN,TOR,10.0,4.0,6.0,6.0,4.8,4.4,4.3,4.3,3.45,6.0,4.2,5.7,3.1,4.5,3.4,2025-06-06,Bailey Ober,0.19373605054170318,0.056406423193058886,0.2391713617814275,Eric Lauer,0.2239588142949487,0.07473450918829068,0.20443133788998447
2025-06-07,MIN,TOR,9.0,4.0,5.0,6.6,5.6,4.5,4.8,4.35,3.7,5.6,3.6,6.1,3.4,4.65,3.55,2025-06-07,Chris Paddack,0.1832993760296885,0.07683357853996217,0.1853091506612529,Kevin Gausman,0.2385687790978895,0.056379253056884626,0.2386432440900994
2025-06-08,MIN,TOR,9.0,6.0,3.0,5.4,5.8,4.4,4.9,4.45,3.9,5.0,3.6,6.6,3.6,4.75,3.35,2025-06-08,Joe Ryan,0.2802615586168217,0.04411963767226923,0.23567248383424852,Bowden Francis,0.18700371069846544,0.07728008612470404,0.21173641151329833
2025-06-10,MIN,TEX,20.0,4.0,16.0,4.6,5.8,4.8,4.5,4.45,3.9,3.2,2.6,3.6,2.4,3.15,2.95,2025-06-10,Simeon Woods Richardson,0.19670499778858908,0.08089617425917733,0.20588663860425485,Tyler Mahle,0.1872760275770309,0.10268929324113267,0.21490864121370057
2025-06-11,MIN,TEX,8.0,6.0,2.0,4.2,8.8,4.8,5.9,4.25,4.4,5.6,2.4,5.2,2.6,3.7,3.1,2025-06-11,David Festa,0.2799707602339181,0.09429824561403505,0.2548076923076923,Jacob Latz,0.2978699279604257,0.08438333913447035,0.2953273515867219
2025-06-12,MIN,TEX,19.0,3.0,16.0,4.8,6.4,5.4,5.6,4.35,4.5,5.4,2.8,4.3,3.1,3.65,3.2,2025-06-12,Bailey Ober,0.18982228841212162,0.05481472031007633,0.23704575407043013,Patrick Corbin,0.17468554192010644,0.07279356413951793,0.22017250822775344
2025-06-21,MIN,MIL,9.0,0.0,9.0,5.6,8.2,5.1,8.3,4.8,6.55,7.2,5.6,5.2,4.4,5.05,3.5,2025-06-21,Simeon Woods Richardson,0.1962780253801925,0.08213775388697987,0.20679595986660457,Jose Quintana,0.1679658907919777,0.10027814375640459,0.16165180981582447
2025-06-22,MIN,MIL,17.0,8.0,9.0,5.0,8.0,4.7,8.7,4.55,6.8,8.0,4.0,6.0,3.7,5.35,3.4,2025-06-22,David Festa,0.25398724082934604,0.10579479000531627,0.2620127162810089,Quinn Priester,0.15667976593714603,0.09601685379173805,0.2110891197729589
2025-06-23,MIN,SEA,13.0,2.0,11.0,6.2,9.2,4.9,9.3,4.85,6.9,7.8,4.6,5.8,3.5,4.55,4.15,2025-06-23,Bailey Ober,0.1845506366618254,0.06289070632001487,0.2382438863319389,Bryan Woo,0.22875590592981895,0.0396433880129532,0.20692873966279596
2025-06-25,MIN,SEA,2.0,2.0,0.0,4.2,10.4,4.6,9.2,5.0,7.4,9.4,5.4,6.6,3.5,4.95,4.0,2025-06-25,Joe Ryan,0.2832799539641645,0.059243762085867326,0.2365379870673988,George Kirby,0.24786769294778443,0.06081409056237428,0.18722683358470327
2025-06-26,MIN,SEA,11.0,10.0,1.0,3.4,7.0,4.5,7.6,5.05,7.3,7.6,5.0,6.2,3.4,4.85,4.05,2025-06-26,Simeon Woods Richardson,0.18892407901695824,0.08516019584131036,0.1980973372524688,Emerson Hancock,0.17041739574446899,0.08641493252240508,0.18404104803272237
2025-07-04,MIN,TBR,7.0,4.0,3.0,1.6,4.0,3.1,3.9,4.0,6.6,6.0,8.2,5.3,5.4,5.8,4.8,2025-07-04,Chris Paddack,0.1637776377381652,0.06414595313818301,0.17848640083213027,Zack Littell,0.17307835898965254,0.028005947123594173,0.1805915136625755
2025-07-08,MIN,CHC,9.0,8.0,1.0,2.6,3.0,3.4,3.0,4.0,6.1,7.6,3.4,6.5,2.9,5.65,4.8,2025-07-08,Joey Wentz,0.14274591149591148,0.11000330687830688,0.19172948814682222,Shota Imanaga,0.19237880808213284,0.054295788515737346,0.21493327297248863
2025-07-09,MIN,CHC,6.0,4.0,2.0,4.2,2.8,4.0,3.1,4.25,5.35,6.8,4.6,5.8,3.7,5.6,4.85,2025-07-09,David Festa,0.24837934757843222,0.08726553978270221,0.26319392414210374,Drew Pomeranz,0.2623456790123457,0.07530864197530864,0.19703115814226924
2025-07-10,MIN,CHC,9.0,1.0,8.0,4.6,3.0,3.4,3.2,4.3,4.95,6.2,4.6,5.7,4.1,5.55,4.95,2025-07-10,Chris Paddack,0.16856776897493378,0.06058228907495062,0.1768447213532767,Colin Rea,0.16232711576310607,0.050898172546723255,0.1687386806414674
2025-07-11,MIN,PIT,3.0,2.0,1.0,4.6,3.8,3.1,3.9,4.25,5.2,1.8,3.8,3.4,2.6,3.95,3.7,2025-07-11,Joe Ryan,0.28413932855008367,0.05178526067542084,0.24126158336942646,Carmen Mlodzinski,0.16528476396897449,0.06599301283511808,0.18255746749649185
2025-07-13,MIN,PIT,3.0,1.0,2.0,5.4,3.2,4.0,3.1,4.1,4.9,2.8,6.2,2.0,3.9,3.95,3.6,2025-07-13,Simeon Woods Richardson,0.1985656610822466,0.08967682889620081,0.19715485051095885,Mitch Keller,0.18482832109834396,0.05796948623035576,0.1702827790163248
2025-07-25,MIN,WSN,1.0,1.0,0.0,5.6,5.4,4.8,4.8,4.1,4.0,4.2,4.8,3.3,6.1,4.55,6.65,2025-07-25,Zebby Matthews,0.30591347650171175,0.0919078742608154,0.2711711711711712,MacKenzie Gore,0.30214107068454893,0.078077960284482,0.283665259379907
2025-07-26,MIN,WSN,12.0,3.0,9.0,4.6,3.4,4.8,4.0,3.95,3.95,3.4,4.6,3.2,5.4,3.8,6.25,2025-07-26,Joe Ryan,0.28908903205871167,0.05115218915333329,0.24177345592051475,Mitchell Parker,0.15163916689512758,0.08765186185172155,0.18605415384373064
2025-07-28,MIN,BOS,9.0,5.0,4.0,3.8,5.4,3.9,5.1,3.95,4.1,3.4,3.0,2.8,3.0,5.5,3.3,2025-07-28,Simeon Woods Richardson,0.19160209630410863,0.10376484433179475,0.1976364740403141,Jordan Hicks,0.1797362046344698,0.11987334171741966,0.20861543357440443
2025-07-30,MIN,BOS,14.0,1.0,13.0,3.2,5.6,4.4,5.5,4.35,4.55,4.4,4.0,3.4,3.6,5.2,3.35,2025-07-30,Zebby Matthews,0.3132612304180931,0.07658989521734617,0.2610636952742216,Brayan Bello,0.18061052522588908,0.08577577967444304,0.1815909331756882
2025-08-08,MIN,KCR,13.0,9.0,4.0,5.4,4.4,4.3,6.3,4.55,5.15,5.0,4.8,5.7,5.1,5.05,4.5,2025-08-08,Joe Ryan,0.2802653914631239,0.05037221411831354,0.23815104510711366,Seth Lugo,0.21100605316155102,0.0804373395213479,0.18901716035177707
2025-08-09,MIN,KCR,2.0,0.0,2.0,6.4,4.2,4.9,5.8,4.9,5.3,4.0,6.0,5.3,5.6,4.8,4.8,2025-08-09,Michael King,0.07291666666666666,0.0625,0.14999999999999997,Noah Cameron,0.20984766630380663,0.06735174636929021,0.24125625615396246
2025-08-15,MIN,DET,7.0,0.0,7.0,3.2,4.4,4.3,4.4,4.1,5.1,4.4,4.4,4.1,4.7,4.7,4.75,2025-08-15,Jos\xc3\xa9 Ure\xc3\xb1a,0.08806552924199983,0.06827094474153296,0.15194994617657018,Charlie Morton,0.22784193495046304,0.09020377621516168,0.23193445274850283
2025-08-16,MIN,DET,13.0,5.0,8.0,1.4,5.0,3.9,4.6,3.75,5.4,5.0,3.0,4.8,4.5,5.0,4.45,2025-08-16,Michael King,0.07738095238095237,0.10714285714285714,0.173109243697479,Casey Mize,0.21120308877917568,0.06522331271787793,0.21279494166460608
2025-08-17,MIN,DET,9.0,8.0,1.0,2.4,6.2,3.9,5.0,3.9,5.55,4.8,3.0,5.0,4.7,5.2,4.15,2025-08-17,Michael King,0.10937499999999999,0.09375,0.17230392156862742,Chris Paddack,0.17281581791285816,0.052535482238311726,0.17179264002928865
2025-08-19,MIN,ATH,9.0,3.0,6.0,3.6,5.2,4.4,4.5,3.8,5.25,5.8,4.0,5.2,3.0,5.9,3.2,2025-08-19,Joe Ryan,0.2790928031731807,0.04937965781358228,0.233578063125191,Jacob Lopez,0.26045886831596815,0.08857458174060605,0.24660978813130485
2025-08-21,MIN,ATH,11.0,3.0,8.0,4.0,4.6,4.1,4.8,3.8,5.35,6.2,3.2,5.7,3.1,5.45,3.2,2025-08-21,Michael King,0.20833333333333334,0.08333333333333333,0.1809368191721133,Osvaldo Bido,0.2368963979933005,0.08761672774353932,0.2166402265855685
2025-08-29,MIN,SDP,11.0,7.0,4.0,4.4,7.8,5.0,6.9,4.45,5.75,4.6,5.6,4.9,3.9,4.4,3.8,2025-08-29,Zebby Matthews,0.2893762555527261,0.0785728432787256,0.2638638120971328,Nestor Cortes,0.1970259253798985,0.1225204896773524,0.2185579056546798
2025-08-30,MIN,SDP,15.0,3.0,12.0,5.2,7.2,5.2,6.5,4.55,5.75,4.4,6.8,5.0,4.2,4.5,3.85,2025-08-30,Taj Bradley,0.18983552200059373,0.09551980697341626,0.19920945435194828,Nick Pivetta,0.26698994205023074,0.06652019040110922,0.22648759642805608
2025-08-31,MIN,SDP,9.0,7.0,2.0,5.8,8.0,4.7,7.6,4.55,6.05,6.4,5.8,5.7,4.4,4.95,3.9,2025-08-31,Michael King,0.19560185185185186,0.0925925925925926,0.17498832866479921,Kyle Hart,0.14429558745348217,0.08947368421052632,0.16389329805996472
2025-09-01,MIN,CHW,11.0,5.0,6.0,6.4,6.4,5.1,7.2,4.6,6.0,2.8,7.8,4.3,5.2,4.4,5.15,2025-09-01,Bailey Ober,0.1913389605888204,0.05074415872495686,0.2250069187456057,Tyler Alexander,0.178698517362835,0.058035689678996305,0.15077501949336294
2025-09-02,MIN,CHW,15.0,3.0,12.0,6.0,6.6,5.3,7.0,4.4,6.1,3.2,7.8,4.9,5.6,4.65,5.25,2025-09-02,Simeon Woods Richardson,0.1885631086847042,0.10323917456438653,0.1963598864966332,Davis Martin,0.17282831538525117,0.08057026019758938,0.1933318978143206
2025-09-03,MIN,CHW,7.0,3.0,4.0,5.0,7.2,4.7,7.5,4.1,6.5,5.4,6.0,5.4,5.0,4.95,5.2,2025-09-03,Zebby Matthews,0.2756782342566656,0.0720251063388318,0.2502084944223717,Yoendrys G\xc3\xb3mez,0.18623981829573932,0.15065825621746673,0.21360178147372108
2025-09-04,MIN,CHW,19.0,8.0,11.0,4.2,7.2,4.7,7.2,4.25,6.6,5.4,4.6,5.1,5.0,5.1,5.25,2025-09-04,Michael King,0.18824786324786327,0.09316239316239315,0.1717840982546865,Tyler Alexander,0.1779020423738196,0.056746007686129724,0.14989359930709067
2025-09-12,MIN,ARI,17.0,9.0,8.0,4.8,6.2,4.4,6.6,4.75,6.9,4.4,5.4,4.9,4.1,4.85,4.2,2025-09-12,Michael King,0.20503472222222222,0.07569444444444444,0.19632061157796452,Brandon Pfaadt,0.1854842343540641,0.046674282934535134,0.190275184480037
2025-09-14,MIN,ARI,10.0,4.0,6.0,6.2,5.6,4.8,6.8,5.05,6.9,5.0,7.0,5.1,4.9,5.0,4.35,2025-09-14,Michael King,0.1929738562091503,0.08300653594771243,0.18477234030867248,Anthony DeSclafani,0.2153522131463308,0.053853438228438216,0.24003798245256266
2025-09-15,MIN,NYY,7.0,7.0,0.0,6.0,6.6,4.9,6.2,4.8,6.85,4.6,4.8,4.1,5.1,5.55,4.55,2025-09-15,Simeon Woods Richardson,0.20065917876861472,0.10243906663175742,0.20155942416275935,Carlos Rod\xc3\xb3n,0.26017950971049414,0.09968936253743846,0.2761850530184556
2025-09-16,MIN,NYY,19.0,9.0,10.0,5.0,6.0,5.3,5.8,5.0,6.5,4.4,4.0,3.3,5.4,5.5,4.3,2025-09-16,Michael King,0.190189594356261,0.07839506172839507,0.17450721029152402,Ryan Yarbrough,0.2198287742147391,0.07963726088726088,0.25133178071543644
2025-09-17,MIN,NYY,15.0,5.0,10.0,6.4,5.6,5.4,5.7,5.45,6.6,4.6,5.2,4.2,5.6,5.65,4.65,2025-09-17,Taj Bradley,0.20019408468470248,0.09544568337840645,0.21112419101543936,Luis Gil,0.19229942445045417,0.15197043374245886,0.20507615949812052
2025-09-19,MIN,CLE,8.0,2.0,6.0,6.8,6.8,5.8,6.5,5.5,6.6,3.4,0.8,3.7,1.3,4.1,2.45,2025-09-19,Michael King,0.2328111946532999,0.07426900584795322,0.17409455010074204,Parker Messick,0.1805347985347985,0.035073260073260046,0.2040096618357488
2025-09-20,MIN,CLE,6.0,0.0,6.0,5.4,6.4,5.8,6.0,5.25,6.65,3.8,1.2,4.1,1.4,4.25,2.55,2025-09-20,Bailey Ober,0.20091357611432234,0.05019598521908758,0.22239995451711767,Logan Allen,0.1954474335763155,0.08950076551008225,0.18808995246296395
2025-09-21,MIN,CLE,8.0,6.0,2.0,3.2,8.0,4.1,7.0,4.5,6.7,5.4,0.6,4.3,1.2,4.5,2.2,2025-09-21,Simeon Woods Richardson,0.21491350358915687,0.10405452233327546,0.20981849920262796,Joey Cantillo,0.3107728670600524,0.11647589617984354,0.3059608298937641
2025-04-22,NYM,PHI,6.0,5.0,1.0,4.8,2.6,4.8,2.9,4.3,2.65,6.4,6.4,4.6,5.6,4.65,4.6,2025-04-22,Griffin Canning,0.23161817587446876,0.1150223384548327,0.25523843026891807,Cristopher S\xc3\xa1nchez,0.3055344655344655,0.06088661338661337,0.3120158304325654
2025-04-29,NYM,ARI,11.0,8.0,3.0,7.4,3.8,6.1,3.2,5.1,3.05,5.2,6.4,5.8,4.8,5.15,4.65,2025-04-29,David Peterson,0.23353359683794467,0.07745454545454544,0.17051655111805486,Eduardo Rodr\xc3\xadguez,0.2911640211640211,0.060793650793650754,0.21585585378558075
2025-05-01,NYM,ARI,6.0,2.0,4.0,7.8,4.0,6.3,3.4,5.4,3.25,4.0,4.8,5.5,5.3,4.95,4.8,2025-05-01,Kodai Senga,0.225428606481238,0.08014287466919043,0.25479158372775396,Zac Gallen,0.24644722561389223,0.10697327363994025,0.2432580245080245
2025-05-09,NYM,CHC,9.0,7.0,2.0,4.4,4.2,6.3,4.0,5.4,3.65,5.2,2.2,5.4,2.8,5.9,3.9,2025-05-09,Clay Holmes,0.2438854382332643,0.0820910973084886,0.2039757033599398,Jameson Taillon,0.19617192331478045,0.050677179962894225,0.21304727019012729
2025-05-10,NYM,CHC,11.0,5.0,6.0,4.8,3.4,5.1,3.7,5.6,3.45,3.6,3.6,5.2,3.5,5.5,3.95,2025-05-10,Tylor Megill,0.29373812141873595,0.09822622620922715,0.2421362437659551,Drew Pomeranz,0.3444444444444444,0.08888888888888889,0.33796296296296297
2025-05-11,NYM,CHC,8.0,6.0,2.0,5.0,3.6,4.8,4.0,5.65,3.7,3.6,4.2,5.4,3.0,5.7,3.9,2025-05-11,Griffin Canning,0.2382390759507464,0.09914911502358377,0.24855922639619688,Matthew Boyd,0.22268957750324206,0.07866253828986745,0.2236401666529737
2025-05-12,NYM,PIT,7.0,4.0,3.0,5.2,3.2,5.1,3.8,5.7,3.6,2.2,3.6,2.3,4.4,2.75,4.5,2025-05-12,David Peterson,0.21170767121077677,0.07573283858998144,0.18955263855371265,Paul Skenes,0.24900710702341136,0.0640468227424749,0.2537881936743417
2025-05-13,NYM,PIT,3.0,2.0,1.0,5.8,2.8,5.3,3.7,5.75,3.75,2.2,3.2,2.2,4.5,2.85,4.7,2025-05-13,Kodai Senga,0.2321072411297975,0.11226883392296923,0.2572628055812682,Mitch Keller,0.17492240549305765,0.07531871811763112,0.16641596819577187
2025-05-14,NYM,PIT,4.0,0.0,4.0,4.8,2.8,4.6,3.5,5.5,3.6,2.2,3.2,2.0,3.9,2.55,4.3,2025-05-14,Clay Holmes,0.24057367149758452,0.08813405797101447,0.20550576746697435,Bailey Falter,0.18289401135948447,0.07461415396198003,0.18302029641011489
2025-05-24,NYM,LAD,7.0,5.0,2.0,2.2,3.2,2.5,3.2,3.65,3.6,4.6,6.6,6.0,5.3,7.25,4.65,2025-05-24,David Peterson,0.2116700690613734,0.08454434454434451,0.21125961722026348,Tony Gonsolin,0.2794642857142857,0.1095238095238095,0.2945665445665445
2025-05-25,NYM,LAD,4.0,3.0,1.0,2.6,3.2,2.4,3.2,3.75,3.5,4.6,6.4,6.2,5.5,6.9,4.8,2025-05-25,Kodai Senga,0.23221509701041862,0.10855477206354397,0.25953599064427074,Jack Dreyer,0.2913742690058479,0.09546783625730992,0.26638409749864855
2025-05-27,NYM,CHW,10.0,6.0,4.0,3.0,1.4,2.3,3.0,3.45,3.25,4.8,3.8,3.4,5.0,2.85,4.65,2025-05-27,Tylor Megill,0.31096427857600284,0.11226103214325045,0.26514449344318614,Jonathan Cannon,0.1808151648389339,0.07427812362447335,0.1777667962680378
2025-05-28,NYM,CHW,13.0,4.0,9.0,4.2,1.8,2.9,3.0,3.5,3.15,4.6,3.8,3.5,4.3,2.9,4.55,2025-05-28,Griffin Canning,0.21557687697504627,0.10333295194508005,0.24573749022336955,Bryse Wilson,0.1211220261220261,0.08001631084964417,0.15071384965010665
2025-05-30,NYM,COL,6.0,4.0,2.0,4.0,3.4,3.1,3.3,3.5,3.35,2.0,5.0,2.2,5.3,3.1,7.25,2025-05-30,David Peterson,0.21550306215523607,0.08323276723276721,0.2163241316887133,Kyle Freeland,0.17631932562967043,0.050109890109890094,0.20470447593981367
2025-05-31,NYM,COL,10.0,8.0,2.0,3.8,3.4,3.2,3.3,3.45,3.25,1.8,5.4,2.4,5.6,3.1,6.95,2025-05-31,Kodai Senga,0.22982692064271007,0.11436596152385622,0.2515311095285616,Antonio Senzatela,0.11240235254273688,0.058113921197606604,0.15608409152465835
2025-06-01,NYM,COL,8.0,5.0,3.0,4.8,3.6,3.8,2.7,3.8,3.1,2.0,4.4,2.3,5.5,3.15,6.8,2025-06-01,Clay Holmes,0.21905357927097055,0.09000658761528325,0.20437392048924796,Carson Palmquist,0.08913308913308911,0.11644495855022167,0.12094017094017094
2025-06-11,NYM,WSN,5.0,5.0,0.0,7.2,3.0,6.3,3.5,4.3,3.25,1.4,3.2,4.0,4.1,4.1,4.1,2025-06-11,David Peterson,0.21480413909761734,0.0787852425352425,0.22030163062317917,Jake Irvin,0.15232776415569632,0.06672112347985946,0.15552477274013843
2025-06-12,NYM,WSN,7.0,4.0,3.0,7.0,2.8,6.2,3.1,4.55,3.05,1.0,4.2,3.1,4.6,3.85,4.15,2025-06-12,Kodai Senga,0.23862388314428737,0.10979772155973526,0.2616070685589683,Michael Soroka,0.22541818308351003,0.046285510251531416,0.18841564300745012
2025-06-13,NYM,TBR,12.0,5.0,7.0,6.8,2.2,6.2,2.5,4.65,2.9,3.0,3.0,4.2,2.6,5.1,2.35,2025-06-13,Clay Holmes,0.21206243032329988,0.07615942028985506,0.21491543624379025,Taj Bradley,0.21340420195111268,0.09486604928252522,0.21364127230645324
2025-06-14,NYM,TBR,12.0,4.0,8.0,7.0,3.2,6.3,3.0,4.75,3.15,3.6,3.4,4.8,2.9,5.3,2.4,2025-06-14,Tylor Megill,0.2961228209579266,0.11300914502556712,0.2768587441357784,Drew Rasmussen,0.231324188367532,0.0515538555012239,0.18318416270921556
2025-06-15,NYM,TBR,9.0,0.0,9.0,6.2,4.6,5.9,3.6,4.85,3.15,4.4,3.6,4.0,3.0,5.55,2.5,2025-06-15,Griffin Canning,0.21582756678866516,0.10586668480261154,0.22761534383762133,Shane Baz,0.22499868933507372,0.08708609976344528,0.21194281491812503
2025-06-23,NYM,ATL,5.0,2.0,3.0,3.0,6.6,3.3,6.0,4.8,4.75,4.8,2.4,4.8,3.3,4.5,3.65,2025-06-23,Paul Blackburn,0.10835913312693495,0.05572755417956655,0.1461535064476241,Spencer Schwellenbach,0.23529595341890805,0.04071860935629049,0.25474261121853004
2025-06-26,NYM,ATL,4.0,4.0,0.0,5.0,4.8,3.2,6.3,4.75,4.65,4.6,3.6,4.2,3.6,4.4,3.9,2025-06-26,Griffin Canning,0.20451087534382723,0.11317969825750142,0.23145466551397267,Grant Holmes,0.2981174013195831,0.10798949588970694,0.29199300011267304
2025-07-02,NYM,MIL,9.0,2.0,7.0,3.0,6.6,3.5,6.4,3.95,5.55,6.4,3.2,7.8,4.2,5.3,3.7,2025-07-02,Clay Holmes,0.20087179720546425,0.09544711271756465,0.20586734819663582,Freddy Peralta,0.25410828302132643,0.08822741481309254,0.2639620131498095
2025-07-03,NYM,MIL,5.0,3.0,2.0,2.6,8.0,3.1,6.0,3.8,5.9,5.8,3.4,7.7,3.9,5.6,3.9,2025-07-03,David Peterson,0.2054171404215233,0.08297286047286044,0.21888928687715878,Jose Quintana,0.1586970341911053,0.10419027612703498,0.15776562217254322
2025-07-19,NYM,CIN,7.0,2.0,5.0,4.0,4.4,4.6,4.4,3.85,5.2,4.8,2.4,3.6,3.9,4.4,4.25,2025-07-19,Clay Holmes,0.18624102642710372,0.09500430658506051,0.20299856890744272,Nick Martinez,0.16828226713137195,0.051403161762435895,0.17426765471138503
2025-07-20,NYM,CIN,5.0,3.0,2.0,3.8,4.0,4.5,4.7,3.9,5.1,4.6,2.8,4.0,3.6,4.45,4.3,2025-07-20,David Peterson,0.20441841053341753,0.07970603470603468,0.21091971284273847,Andrew Abbott,0.23052273739400037,0.06879485548632774,0.215620530549734
2025-07-21,NYM,LAA,12.0,7.0,5.0,2.8,3.8,4.2,4.4,3.95,5.05,6.0,5.2,5.8,6.8,5.95,5.65,2025-07-21,Kodai Senga,0.23920476533503662,0.1058082391982359,0.2679846301934014,Tyler Anderson,0.18608802418871065,0.07925183766144862,0.23609910656177382
2025-07-22,NYM,LAA,5.0,3.0,2.0,3.6,4.6,3.7,4.3,4.1,4.95,5.0,5.6,5.7,7.0,5.75,5.95,2025-07-22,Frankie Montas,0.21351674641148324,0.05,0.23799533799533795,Kyle Hendricks,0.15555086950537958,0.05707139798598196,0.14894147850101175
2025-08-05,NYM,CLE,5.0,2.0,3.0,4.6,7.4,4.7,4.7,4.2,4.5,6.0,4.2,4.9,3.8,4.95,3.65,2025-08-05,Clay Holmes,0.17653716351604845,0.09178943360917563,0.20178103060461952,Logan Allen,0.19977592877178793,0.08148995203860625,0.18648389563319986
2025-08-06,NYM,CLE,5.0,1.0,4.0,3.8,6.6,4.6,4.8,4.1,4.35,5.4,3.0,4.6,3.7,5.05,3.65,2025-08-06,David Peterson,0.19875986921869507,0.07985261115695895,0.21241410691955745,Gavin Williams,0.23069375783282584,0.12574272632729047,0.2543027381260974
2025-08-12,NYM,ATL,18.0,13.0,5.0,3.0,4.8,3.8,6.1,4.0,4.7,6.2,3.8,4.4,3.9,4.7,5.65,2025-08-12,Clay Holmes,0.18259161178422942,0.09008691818909705,0.20500194531596289,Spencer Strider,0.27597807715351574,0.09512241754347014,0.2990274875673929
2025-08-13,NYM,ATL,17.0,6.0,11.0,5.2,5.2,4.5,5.9,4.55,4.8,5.6,5.2,4.7,4.9,4.6,6.15,2025-08-13,Paul Blackburn,0.14399868134388255,0.05798503611971103,0.18076900429841605,Carlos Carrasco,0.16788625604415075,0.06720842510316191,0.2200020148170053
2025-08-14,NYM,ATL,7.0,3.0,4.0,6.2,6.6,5.0,6.3,4.65,4.95,7.6,5.4,5.4,5.3,4.7,5.85,2025-08-14,Kodai Senga,0.22702037303836184,0.12095270456159089,0.24808653980447298,Bryce Elder,0.1776941433419944,0.08874310299787756,0.19597086010228676
2025-08-17,NYM,SEA,10.0,7.0,3.0,6.8,6.4,4.9,5.6,4.8,5.15,3.8,4.2,5.1,3.9,4.4,3.8,2025-08-17,Clay Holmes,0.18331696129321987,0.09674996326455136,0.20529858143284826,George Kirby,0.2588048976195429,0.05726839716771064,0.23320674610650802
2025-08-25,NYM,PHI,16.0,13.0,3.0,6.2,5.4,6.1,4.7,5.55,5.5,6.0,3.4,6.1,4.0,5.15,3.4,2025-08-25,Kodai Senga,0.2278690603722068,0.11519801381557673,0.24960767305806822,Cristopher S\xc3\xa1nchez,0.26310471045364886,0.06401890372385123,0.27606922029479747
2025-08-26,NYM,PHI,11.0,6.0,5.0,8.0,5.0,7.1,4.6,6.2,5.4,5.4,5.2,6.2,5.0,5.2,4.05,2025-08-26,Sean Manaea,0.2950519485917083,0.05239949552735593,0.2279930886254172,Jes\xc3\xbas Luzardo,0.27824511618083814,0.08221707379221671,0.2822465499206377
2025-08-30,NYM,MIA,19.0,8.0,11.0,9.6,4.8,7.9,5.1,7.0,5.2,4.2,9.4,4.1,7.2,4.25,6.2,2025-08-30,David Peterson,0.21528079726621097,0.08791152100717316,0.22946511332411038,Edward Cabrera,0.2615463413573054,0.07967617518657213,0.2816596265128151
2025-08-31,NYM,MIA,6.0,1.0,5.0,8.6,6.4,8.3,5.7,7.3,5.6,6.0,10.8,4.9,7.2,4.55,6.55,2025-08-31,Kodai Senga,0.2256761613934437,0.11620590060357956,0.2476422283092713,Sandy Alcantara,0.18369976447941186,0.08774056874743812,0.1842795515121354
2025-09-16,NYM,SDP,11.0,8.0,3.0,3.0,7.4,2.7,5.7,5.45,5.7,5.0,3.0,5.0,3.8,4.8,4.65,2025-09-16,Clay Holmes,0.18424789143364065,0.09544517556669373,0.20263845952565943,Kyle Hart,0.21010838785274874,0.06772287862513425,0.14719671201814058
2025-09-17,NYM,SDP,11.0,4.0,7.0,4.0,6.2,3.3,5.4,5.7,5.65,5.4,4.2,4.8,3.9,4.7,5.0,2025-09-17,David Peterson,0.21325523183464531,0.08790642234056553,0.22633459192298214,Nick Pivetta,0.26646388893173395,0.06525960735974147,0.22271962337967874
2025-09-18,NYM,SDP,7.0,6.0,1.0,4.2,5.4,3.2,5.7,5.25,5.85,6.4,5.0,5.5,4.0,4.95,4.8,2025-09-18,Jonah Tong,0.2073268921095008,0.16666666666666663,0.18182219865676916,Kyle Hart,0.25165671755145436,0.06320802005012531,0.15071693121693122
2025-09-21,NYM,WSN,5.0,2.0,3.0,6.4,4.0,4.5,5.5,5.55,5.95,4.0,8.2,3.7,6.9,4.4,5.65,2025-09-21,Clay Holmes,0.18255073949696374,0.09448589193669284,0.2022330505573438,Jake Irvin,0.15034160021090576,0.08086981527605865,0.1670601017430572
2025-04-25,NYY,TOR,6.0,2.0,4.0,3.2,2.0,3.8,2.4,5.0,3.55,1.6,4.8,3.1,4.2,3.5,3.65,2025-04-25,Carlos Carrasco,0.1678415736310473,0.0709303561935141,0.17064772145417306,Jos\xc3\xa9 Berr\xc3\xados,0.20502939089895605,0.10648119995946077,0.19498029443510073
2025-04-27,NYY,TOR,13.0,11.0,2.0,3.4,2.8,3.6,2.3,4.5,3.6,1.8,5.0,2.9,4.3,3.3,3.65,2025-04-27,Max Fried,0.23104217122208123,0.0521183852518185,0.19316222784307885,Kevin Gausman,0.21061162348118864,0.046143540669856445,0.21855242318656948
2025-05-02,NYY,TBR,3.0,3.0,0.0,7.6,3.0,5.5,2.9,4.6,3.05,2.2,3.4,1.6,3.3,3.3,3.8,2025-05-02,Max Fried,0.21253514268506768,0.05676532104318208,0.19288341681958698,Ryan Pepiot,0.22538708209997563,0.08381030638526887,0.2598005848645746
2025-05-03,NYY,TBR,5.0,2.0,3.0,6.0,2.6,5.4,2.9,4.65,2.75,1.4,3.8,1.3,3.0,3.15,3.75,2025-05-03,Ryan Yarbrough,0.2493818681318681,0.09056776556776555,0.2697723028605381,Zack Littell,0.15885040885040883,0.0488932980599647,0.16190708638822557
2025-05-04,NYY,TBR,12.0,5.0,7.0,5.4,3.0,5.2,2.6,4.75,2.65,1.2,3.8,1.6,3.1,3.15,3.65,2025-05-04,Carlos Carrasco,0.17460697197539302,0.06570213412318675,0.21775179605892533,Taj Bradley,0.20575550187869027,0.10217813051146381,0.20922925448329896
2025-05-05,NYY,SDP,7.0,3.0,4.0,5.8,3.6,5.5,3.0,4.8,2.85,5.4,2.4,3.2,2.7,3.85,2.55,2025-05-05,Carlos Rod\xc3\xb3n,0.3164678879896271,0.11480238647940508,0.26697003536704533,Nick Pivetta,0.28713678134730763,0.06146730462519934,0.24026882121338336
2025-05-06,NYY,SDP,15.0,12.0,3.0,3.4,3.8,5.3,3.3,4.55,2.85,4.8,2.2,3.4,3.0,3.95,2.65,2025-05-06,Clarke Schmidt,0.23504611330698286,0.1411067193675889,0.2992784992784993,Ryan Bergert,0.19444444444444442,0.0,0.037037037037037035
2025-05-16,NYY,NYM,8.0,6.0,2.0,8.6,4.4,6.8,3.9,6.15,3.4,3.4,3.2,4.1,3.3,5.25,3.6,2025-05-16,Carlos Rod\xc3\xb3n,0.3104421021812326,0.0939203746691669,0.27711265124055817,Tylor Megill,0.2967935835141213,0.09731158429671012,0.244763950137316
2025-05-17,NYY,NYM,5.0,2.0,3.0,7.8,4.4,7.1,4.1,6.25,3.5,2.8,3.2,3.9,3.4,5.1,3.85,2025-05-17,Clarke Schmidt,0.22798418972332013,0.11075098814229248,0.2639165653119141,Griffin Canning,0.23822109621880783,0.09270785659801675,0.25360043420778333
2025-05-18,NYY,NYM,10.0,8.0,2.0,6.8,2.8,7.1,4.1,6.15,3.35,2.2,3.2,3.7,3.2,5.05,3.7,2025-05-18,Max Fried,0.23016746137852248,0.05821391773249175,0.19730649499151653,David Peterson,0.21889805846327584,0.08068931068931066,0.20841175022386027
2025-05-20,NYY,TEX,7.0,5.0,2.0,6.0,2.8,7.4,3.6,6.45,3.3,4.0,2.8,4.3,2.2,4.0,3.2,2025-05-20,Will Warren,0.2680860508345888,0.10328587375370997,0.24267631080396576,Patrick Corbin,0.184876269348319,0.08068549565770877,0.20285661980057657
2025-05-21,NYY,TEX,7.0,4.0,3.0,4.8,2.2,7.6,3.4,6.45,3.35,2.8,3.2,4.4,2.5,4.05,3.35,2025-05-21,Ryan Yarbrough,0.221529304029304,0.0959661172161172,0.2504505259466014,Jacob deGrom,0.270361509835194,0.05950292397660817,0.28962541384045026
2025-05-22,NYY,TEX,1.0,1.0,0.0,5.0,2.4,6.8,3.4,6.55,3.3,3.2,4.0,3.7,2.6,3.45,3.45,2025-05-22,Carlos Rod\xc3\xb3n,0.3032074157726331,0.10357595624986926,0.28511567183078806,Nathan Eovaldi,0.280706286467156,0.035787220026350444,0.2690260242671252
2025-06-03,NYY,CLE,5.0,3.0,2.0,3.6,6.2,4.4,4.0,5.6,3.7,4.8,4.8,4.1,3.8,3.55,3.75,2025-06-03,Carlos Rod\xc3\xb3n,0.3150271588315066,0.09388905445064862,0.29511030784909514,Tanner Bibee,0.1858254788689571,0.07956804065499716,0.20142008045577978
2025-06-04,NYY,CLE,4.0,0.0,4.0,3.6,6.2,4.6,4.2,5.25,3.7,4.2,3.6,3.8,4.0,3.35,3.9,2025-06-04,Clarke Schmidt,0.23783643892339543,0.11180594767551287,0.2690457306784369,Luis Ortiz,0.2548454444106618,0.11697140145756743,0.2667813878630899
2025-06-05,NYY,CLE,4.0,4.0,0.0,3.4,7.0,4.4,4.3,4.9,3.35,3.6,2.8,3.5,4.0,3.5,3.55,2025-06-05,Max Fried,0.23541063707980248,0.05411194331609121,0.2060946322995749,Slade Cecconi,0.2587878787878788,0.0721212121212121,0.2942958008175399
2025-06-06,NYY,BOS,15.0,9.0,6.0,3.2,5.4,3.5,4.2,4.5,3.25,5.0,4.6,4.9,4.3,4.6,4.3,2025-06-06,Will Warren,0.28203632901621073,0.11531378419727006,0.2641456871064534,Walker Buehler,0.21892496392496388,0.07250200416867081,0.17954714062857122
2025-06-07,NYY,BOS,17.0,7.0,10.0,4.6,3.0,3.9,4.4,4.4,3.3,5.2,6.2,5.4,4.7,4.65,4.75,2025-06-07,Ryan Yarbrough,0.2485512350896966,0.07748309382924766,0.2761954300318566,Garrett Crochet,0.30451334989796525,0.07953065453065451,0.2659685989938913
2025-06-08,NYY,BOS,18.0,7.0,11.0,4.6,4.4,4.1,5.3,4.6,3.7,7.2,6.6,4.5,4.9,4.65,5.05,2025-06-08,Carlos Rod\xc3\xb3n,0.3144629395131067,0.08962539937456321,0.29080416376705776,Hunter Dobbins,0.19634558569849692,0.05049815897769111,0.21494971060400067
2025-06-17,NYY,LAA,4.0,0.0,4.0,4.0,2.2,4.7,4.2,4.65,4.2,4.0,5.6,5.1,5.8,4.2,4.85,2025-06-17,Will Warren,0.27398440742057933,0.1146641072474678,0.24913786167566135,Kyle Hendricks,0.14005512049451077,0.06855194799467244,0.144846929984622
2025-06-18,NYY,LAA,5.0,2.0,3.0,2.0,2.6,4.7,4.2,4.55,4.25,3.4,4.8,4.8,5.2,3.9,4.6,2025-06-18,Ryan Yarbrough,0.23374440374440372,0.08270757020757019,0.270653643978547,Jack Kochanowicz,0.15740938540954882,0.09435274688625454,0.18173265853998882
2025-06-19,NYY,LAA,10.0,7.0,3.0,1.2,2.6,4.5,4.5,4.0,4.35,2.8,4.2,4.2,4.3,3.7,4.5,2025-06-19,Carlos Rod\xc3\xb3n,0.298797173840652,0.0923218107710861,0.2898723888544053,Tyler Anderson,0.1859210487005518,0.0792624146040295,0.2357138002223678
2025-06-20,NYY,BAL,8.0,3.0,5.0,2.4,3.2,4.3,4.2,4.1,4.3,5.8,4.6,5.1,3.8,4.4,3.45,2025-06-20,Max Fried,0.24376060842927405,0.05489449292447791,0.22002888599284007,Tomoyuki Sugano,0.13950395015612405,0.04519236284764233,0.15748653864984474
2025-06-21,NYY,BAL,9.0,9.0,0.0,2.4,3.4,3.9,3.7,4.0,4.5,4.6,4.8,5.3,3.6,4.45,3.3,2025-06-21,Clarke Schmidt,0.24108949460728113,0.09734647434252174,0.25942376290783636,Zach Eflin,0.15643601567514606,0.03879685129685127,0.17798263999381891
2025-06-22,NYY,BAL,6.0,4.0,2.0,4.2,3.0,4.1,2.6,4.3,4.4,4.4,5.2,4.3,4.4,4.35,3.7,2025-06-22,Will Warren,0.28627433581476297,0.10701983343096995,0.2528185259697477,Dean Kremer,0.177666011277758,0.06387735286438563,0.17949046505426006
2025-06-27,NYY,ATH,3.0,3.0,0.0,4.8,2.8,3.6,3.0,4.5,3.55,1.8,5.2,2.7,5.4,3.9,5.1,2025-06-27,Will Warren,0.28227107871522916,0.10496072347116395,0.25017526283348057,Sean Newcomb,0.1970063564265872,0.08924989584956568,0.18292492513227293
2025-06-28,NYY,ATH,7.0,0.0,7.0,4.8,1.8,3.6,2.6,4.3,3.4,1.4,5.0,2.4,5.5,3.75,4.75,2025-06-28,Clarke Schmidt,0.23835981450111884,0.09617871259175605,0.24780511599884994,JP Sears,0.17960700531352702,0.05482409943222298,0.17604643435608802
2025-06-29,NYY,ATH,17.0,12.0,5.0,3.0,3.2,3.6,3.1,4.15,3.65,2.8,4.4,2.8,5.4,4.05,4.45,2025-06-29,Marcus Stroman,0.14259259259259258,0.18333333333333326,0.2080610021786492,Luis Severino,0.15737778851721876,0.06856810282641482,0.14276794784592436
2025-07-08,NYY,SEA,13.0,10.0,3.0,6.2,8.2,5.5,7.0,4.55,5.0,2.6,1.0,2.9,3.0,4.8,3.1,2025-07-08,Will Warren,0.27831503293205556,0.1127693203341563,0.2450388301209886,Logan Gilbert,0.36874951707331566,0.05249318949547781,0.3423230633080043
2025-07-12,NYY,CHC,7.0,2.0,5.0,8.4,5.0,7.0,6.7,5.9,4.95,4.4,4.8,4.9,4.3,5.6,5.35,2025-07-12,Max Fried,0.2368429585150172,0.05230800928820338,0.2218019549877834,Matthew Boyd,0.23777342985008884,0.05605534731392852,0.2021424095854414
2025-07-13,NYY,CHC,5.0,1.0,4.0,7.6,3.6,6.8,6.7,5.9,5.05,3.2,5.2,5.4,4.3,5.5,5.05,2025-07-13,Will Warren,0.2728201913818558,0.11141075198704968,0.2378319500150475,Drew Pomeranz,0.26011904761904764,0.07261904761904761,0.19793083900226757
2025-07-25,NYY,PHI,17.0,5.0,12.0,5.2,5.4,5.2,4.9,5.7,6.1,4.4,4.2,4.5,3.7,4.45,3.2,2025-07-25,Will Warren,0.2620489562237955,0.11468909306764812,0.2352686512194714,Taijuan Walker,0.20202632480308766,0.084116292103139,0.19365092350785482
2025-07-26,NYY,PHI,13.0,4.0,9.0,3.8,6.0,4.8,5.5,5.95,6.35,6.4,5.0,5.6,3.9,5.0,3.35,2025-07-26,Marcus Stroman,0.13808219494718346,0.11224256292906176,0.1716303152691661,Ranger Suarez,0.23000525427865326,0.07246383656482173,0.19956292785930962
2025-07-27,NYY,PHI,7.0,4.0,3.0,3.8,7.4,4.1,6.4,5.55,6.55,7.2,4.6,6.2,3.9,4.8,3.55,2025-07-27,Carlos Rod\xc3\xb3n,0.2747172887056516,0.09256099141228001,0.2843521457268797,Zack Wheeler,0.33431489565185213,0.05461154023110544,0.2830084333976033
2025-07-29,NYY,TBR,12.0,7.0,5.0,3.8,7.2,4.4,6.2,5.4,6.05,3.6,5.6,4.3,4.8,3.75,4.45,2025-07-29,Max Fried,0.22507199706100253,0.06075730754891172,0.2177590693790271,Joe Boyle,0.2411048454469507,0.08631996658312446,0.28650291737248257
2025-07-31,NYY,TBR,11.0,7.0,4.0,4.4,6.6,4.8,6.0,5.3,5.75,2.8,4.8,3.7,5.4,3.7,4.55,2025-07-31,Marcus Stroman,0.14582192057878554,0.12321224256292904,0.18142652586052035,Ryan Pepiot,0.2327149954548755,0.08508504442367054,0.2267136531106173
2025-08-10,NYY,HOU,8.0,1.0,7.0,2.2,3.4,4.3,4.6,4.2,5.5,4.8,4.4,4.5,4.3,4.0,4.8,2025-08-10,Max Fried,0.23216718572236464,0.06391206663483566,0.22650938344688734,Jason Alexander,0.24288321447741737,0.08835825473506631,0.27433839961338763
2025-08-11,NYY,MIN,8.0,6.0,2.0,2.4,4.4,4.0,5.0,4.15,5.6,5.4,3.8,4.7,5.3,4.3,5.2,2025-08-11,Will Warren,0.255639753667738,0.11284914080537646,0.23023337605009983,Zebby Matthews,0.2944697323373794,0.06339480236539058,0.24386924054245007
2025-08-13,NYY,MIN,5.0,1.0,4.0,4.8,3.2,4.6,4.4,4.7,5.2,4.2,5.0,4.0,5.6,4.2,5.55,2025-08-13,Cam Schlittler,0.21837474120082812,0.10657349896480328,0.19895255591723462,Joe Ryan,0.2795215872576334,0.04818211785229991,0.23525006799065531
2025-08-21,NYY,BOS,9.0,3.0,6.0,7.6,4.4,6.2,3.8,5.3,4.95,3.2,4.2,5.1,4.4,5.65,3.8,2025-08-21,Luis Gil,0.22535885167464112,0.13532695374800632,0.22237260946938364,Lucas Giolito,0.19245596696991496,0.07548299165222003,0.20104973786931324
2025-08-22,NYY,BOS,1.0,0.0,1.0,8.0,4.8,6.2,4.2,5.2,4.65,4.2,4.0,5.4,4.0,5.85,3.7,2025-08-22,Max Fried,0.22820919547996005,0.06200422950917701,0.2273690249279991,Brayan Bello,0.17987181501165816,0.08394641713623262,0.18448890203551976
2025-08-23,NYY,BOS,13.0,1.0,12.0,7.2,4.4,5.7,3.9,5.0,4.25,4.0,3.8,4.5,3.8,5.7,3.6,2025-08-23,Paul Blackburn,0.14863752518551276,0.0581048208757187,0.17208771797007089,Jordan Hicks,0.1842588936679822,0.11299530984791802,0.20125581415713786
2025-08-24,NYY,BOS,9.0,7.0,2.0,5.0,5.2,5.7,4.4,4.85,4.7,5.0,3.0,5.5,3.3,6.1,3.5,2025-08-24,Carlos Rod\xc3\xb3n,0.27342390980581494,0.0985926211096318,0.28677975714024895,Walker Buehler,0.16755476821257115,0.10845685251386493,0.1758635117357919
2025-08-25,NYY,WSN,15.0,10.0,5.0,4.8,4.8,5.8,4.4,5.1,4.6,5.0,4.0,4.2,4.7,4.15,5.65,2025-08-25,Cam Schlittler,0.2507841809492675,0.10358388206541194,0.21435154075488266,Brad Lord,0.1996771241082263,0.07977554494521619,0.19914721058951834
2025-08-26,NYY,WSN,6.0,5.0,1.0,4.2,5.2,5.9,4.8,5.25,4.6,5.0,5.2,4.4,5.5,4.25,5.45,2025-08-26,Luis Gil,0.20026913875598085,0.15357854864433806,0.19708248740506804,MacKenzie Gore,0.2817993251020007,0.08636533075496283,0.2730011593598738
2025-08-27,NYY,WSN,13.0,11.0,2.0,4.6,4.2,6.3,4.5,5.15,4.45,3.4,5.6,4.3,5.4,3.95,4.9,2025-08-27,Max Fried,0.23064986744867955,0.06442714375882405,0.23283810925351084,Cade Cavalli,0.1939885772122614,0.06226503759398495,0.24198944070206524
2025-09-05,NYY,TOR,8.0,1.0,7.0,6.8,3.6,7.7,3.2,6.7,3.8,7.6,6.2,6.7,6.2,5.7,4.85,2025-09-05,Ryan Yarbrough,0.22851037851037848,0.08066334706959706,0.26180230735892007,Kevin Gausman,0.24076812710634685,0.06794744183315247,0.2413782226528136
2025-09-06,NYY,TOR,4.0,3.0,1.0,5.0,4.6,7.1,3.7,6.45,4.05,8.8,5.6,7.1,5.8,5.8,4.85,2025-09-06,Luis Gil,0.22046928090978432,0.14586395996579057,0.21720181700020405,Chris Bassitt,0.23224721867501655,0.06824082434512699,0.21976898912839454
2025-09-07,NYY,TOR,7.0,4.0,3.0,5.2,4.2,6.4,3.3,6.15,4.05,7.4,5.4,6.2,5.7,5.8,4.8,2025-09-07,Max Fried,0.2287941861787974,0.0663989882784057,0.23263619153977874,Max Scherzer,0.2153919571011632,0.05418800006020563,0.20531948583401577
2025-09-09,NYY,DET,14.0,2.0,12.0,4.6,4.6,6.3,3.5,6.3,4.0,5.2,5.4,4.5,5.0,5.05,4.5,2025-09-09,Paul Blackburn,0.18123925008599928,0.05119969040247677,0.18219483044150975,Casey Mize,0.20946939320461436,0.06221698638007752,0.20986668965834135
2025-09-10,NYY,DET,12.0,1.0,11.0,3.6,5.4,5.4,4.5,6.2,4.45,6.6,3.4,5.7,4.5,5.6,4.6,2025-09-10,Carlos Rod\xc3\xb3n,0.260875354872925,0.10174761641803978,0.27896204884967674,Jack Flaherty,0.2741181267277358,0.08927259699866565,0.2531742752664503
2025-09-11,NYY,DET,12.0,9.0,3.0,2.2,6.8,4.5,5.2,5.65,4.6,7.6,3.2,6.3,4.3,5.8,4.65,2025-09-11,Ryan Yarbrough,0.22435651723577418,0.07591844430079724,0.2543512972281092,Tyler Holton,0.17831541218637992,0.05651561699948797,0.22450146838192378
2025-09-23,NYY,CHW,5.0,3.0,2.0,7.0,3.8,5.7,3.9,5.1,4.55,3.4,4.8,2.6,3.9,4.25,4.25,2025-09-23,Luis Gil,0.1801920809929963,0.144344089252556,0.19957387017116884,Tyler Gilbert,0.2688208616780045,0.08636621315192744,0.24045151277294133
2025-09-24,NYY,CHW,9.0,8.0,1.0,5.6,2.4,5.1,3.8,4.75,4.55,2.4,3.8,2.3,4.1,4.2,4.3,2025-09-24,Max Fried,0.23547947053653873,0.06489706562686198,0.24225356037615525,Tyler Alexander,0.1782633532879528,0.05440474025085008,0.14832429970820665
2025-09-25,NYY,CHW,8.0,5.0,3.0,5.2,1.6,5.5,3.8,5.05,4.45,2.4,4.8,2.4,4.5,3.95,4.45,2025-09-25,Carlos Rod\xc3\xb3n,0.2576097619254946,0.09601939610794555,0.27869389536806743,Tyler Gilbert,0.2780730897009967,0.08435769656699889,0.24648752410380317
2025-09-26,NYY,BAL,12.0,8.0,4.0,4.8,2.2,5.5,3.8,4.95,4.55,3.8,3.8,3.6,4.6,3.55,4.55,2025-09-26,Will Warren,0.2353424377303453,0.09814497339204144,0.22240045307377276,Trevor Rogers,0.24665201900496014,0.06854987060869411,0.2421452759738037
2025-09-27,NYY,BAL,7.0,6.0,1.0,6.0,2.2,5.9,3.6,5.0,4.35,3.8,5.0,3.8,4.3,3.65,4.3,2025-09-27,Paul Blackburn,0.20700762761244845,0.053918146205850746,0.18493388950858525,Tomoyuki Sugano,0.1541952431503979,0.051773464260015084,0.16764317214584967
2025-04-29,PHI,WSN,13.0,7.0,6.0,5.2,5.6,5.3,5.9,4.3,4.65,3.8,6.8,4.6,5.3,4.45,5.2,2025-04-29,Zack Wheeler,0.3426543209876543,0.05518518518518519,0.30171287421009946,MacKenzie Gore,0.3930617490400099,0.059059298189732955,0.3063127097235208
2025-04-30,PHI,WSN,9.0,7.0,2.0,4.4,4.8,5.6,5.5,4.4,4.9,4.8,7.8,4.0,4.9,4.45,5.35,2025-04-30,Cristopher S\xc3\xa1nchez,0.2807912087912087,0.08507292707292706,0.3056126643460524,Jake Irvin,0.21445420387449374,0.05556677890011222,0.2078685753846565
2025-05-01,PHI,WSN,6.0,2.0,4.0,5.0,4.2,5.7,5.3,4.6,4.95,4.2,8.4,3.9,5.4,4.15,5.6,2025-05-01,Taijuan Walker,0.18877005347593578,0.10427807486631013,0.19069920122551698,Brad Lord,0.09752747252747253,0.1553113553113553,0.1456486743031593
2025-05-02,PHI,ARI,5.0,3.0,2.0,5.2,4.0,5.5,4.6,4.55,5.05,3.8,5.0,4.9,5.1,4.8,4.45,2025-05-02,Jes\xc3\xbas Luzardo,0.286233398452289,0.07143829600351338,0.2946189507407017,Merrill Kelly,0.18835090030742205,0.08776899429073338,0.18908182017938113
2025-05-03,PHI,ARI,9.0,7.0,2.0,5.8,3.6,5.2,4.4,4.65,5.0,3.8,4.0,4.5,5.2,4.6,4.4,2025-05-03,Aaron Nola,0.24766271168445078,0.07801892551892549,0.2591928676616025,Brandon Pfaadt,0.19576641152728105,0.042601410934744254,0.21588713219148
2025-05-12,PHI,STL,5.0,2.0,3.0,5.0,2.2,5.1,2.7,5.2,4.3,5.4,0.8,4.8,3.4,4.75,3.7,2025-05-12,Cristopher S\xc3\xa1nchez,0.27029976234945174,0.09888043633385246,0.2885228514836748,Matthew Liberatore,0.2298711755233494,0.03956228956228954,0.2183183827579116
2025-05-14,PHI,STL,3.0,2.0,1.0,3.8,2.0,4.6,2.4,5.1,3.95,5.6,1.0,5.0,2.7,4.7,3.45,2025-05-14,Taijuan Walker,0.2462643239113827,0.09162719633307867,0.1808997054992478,Sonny Gray,0.25271846605606196,0.05770926235600146,0.23301123171643887
2025-05-17,PHI,PIT,7.0,5.0,2.0,4.4,4.4,5.1,3.5,5.15,3.95,3.2,3.4,2.3,3.6,2.5,4.4,2025-05-17,Zack Wheeler,0.33446502057613164,0.049794238683127566,0.2839810346934706,Joey Wentz,0.15386904761904763,0.09191468253968253,0.1917857004742016
2025-05-29,PHI,ATL,9.0,5.0,4.0,4.2,2.6,5.1,2.6,4.85,2.95,2.8,3.0,4.3,3.5,3.65,3.4,2025-05-29,Zack Wheeler,0.3287181337181337,0.052342472342472336,0.2708453363633034,Chris Sale,0.29356412874199433,0.06090710636165178,0.2943241370444895
2025-05-30,PHI,MIL,8.0,2.0,6.0,3.6,4.2,4.6,3.3,4.75,3.4,4.6,3.2,4.2,3.7,3.35,3.6,2025-05-30,Taijuan Walker,0.21707377021955024,0.08886394083325028,0.16249668747761803,Quinn Priester,0.16121243525672113,0.12114715138338769,0.20842844933434565
2025-05-31,PHI,MIL,24.0,7.0,17.0,3.2,4.8,4.7,3.9,4.45,3.5,4.8,3.2,3.9,3.4,3.55,3.4,2025-05-31,Jes\xc3\xbas Luzardo,0.2828089918428327,0.07203211081446448,0.28380226075184983,Tyler Alexander,0.18359176927826812,0.05503886527913987,0.11632771232035936
2025-06-01,PHI,MIL,7.0,2.0,5.0,3.8,7.2,4.5,5.3,4.45,4.35,6.6,3.6,5.6,3.8,4.2,3.75,2025-06-01,Ranger Suarez,0.24744158140709863,0.0792427687255273,0.1991515837104072,Jose Quintana,0.17344642072902938,0.07885924462011416,0.15679950404552603
2025-06-10,PHI,CHC,12.0,4.0,8.0,1.6,4.0,3.0,6.0,3.9,4.3,2.8,2.2,3.5,2.4,5.75,3.15,2025-06-10,Taijuan Walker,0.21558310544244044,0.10414795562493771,0.17915587552315237,Colin Rea,0.16594109996283907,0.05787065189239101,0.17514014948046297
2025-06-11,PHI,CHC,9.0,7.0,2.0,2.2,5.2,3.1,5.9,3.85,4.6,4.4,2.6,4.1,2.7,5.5,3.2,2025-06-11,Jes\xc3\xbas Luzardo,0.2612248511431178,0.07953070097530124,0.2651708995128595,Drew Pomeranz,0.2833333333333333,0.04607843137254902,0.2337068160597572
2025-06-13,PHI,TOR,8.0,8.0,0.0,3.4,3.8,3.6,5.5,4.15,4.7,5.8,5.0,5.9,4.6,5.25,3.75,2025-06-13,Taijuan Walker,0.21438440502379116,0.09613657442301943,0.1910156799700894,Kevin Gausman,0.23624297557753904,0.061657772052508886,0.2295168406985533
2025-06-14,PHI,TOR,5.0,3.0,2.0,4.2,2.8,3.7,3.8,4.1,4.55,4.6,5.8,5.1,4.7,5.1,4.15,2025-06-14,Cristopher S\xc3\xa1nchez,0.2636616616382502,0.09563516750807717,0.2828021305190219,Bowden Francis,0.18031111756781426,0.09056623334588064,0.21227591831996767
2025-06-15,PHI,TOR,15.0,11.0,4.0,4.6,2.8,3.8,3.5,3.9,4.45,4.0,5.6,4.5,4.6,4.5,4.3,2025-06-15,Zack Wheeler,0.32078825361434055,0.06045477871564827,0.27160259905504885,Jos\xc3\xa9 Berr\xc3\xados,0.2105185273663534,0.09028163577853014,0.21510831806710146
2025-06-21,PHI,NYM,15.0,4.0,11.0,4.8,3.0,5.7,3.1,4.35,4.55,1.4,7.8,4.2,5.5,4.45,4.3,2025-06-21,Taijuan Walker,0.21064566241516366,0.07811096671870328,0.20430738283284047,Griffin Canning,0.20721403310648157,0.11531158146637056,0.22417761781258977
2025-06-22,PHI,NYM,8.0,7.0,1.0,4.6,4.8,5.7,3.4,4.4,4.65,2.8,7.0,4.5,5.8,4.85,4.45,2025-06-22,Jes\xc3\xbas Luzardo,0.26649148934819,0.08003771862303884,0.2688101338170682,David Peterson,0.20559577952935995,0.0751832691118405,0.21847282624843925
2025-07-02,PHI,SDP,10.0,4.0,6.0,4.2,1.8,4.2,2.6,4.5,2.85,2.0,3.8,3.3,4.1,4.0,4.15,2025-07-02,Taijuan Walker,0.20730231720854053,0.08177764942897081,0.20770083861235653,Nick Pivetta,0.27635000606754034,0.06706321448383804,0.23085871951588632
2025-07-04,PHI,CIN,15.0,6.0,9.0,3.2,2.8,3.7,2.0,4.7,2.7,4.8,6.0,4.4,4.6,5.3,4.85,2025-07-04,Jes\xc3\xbas Luzardo,0.27019922546920433,0.08074513109534968,0.2763101529969439,Andrew Abbott,0.24403099812447157,0.0738607872224698,0.21890466649292908
2025-07-05,PHI,CIN,6.0,5.0,1.0,4.2,3.4,3.6,2.8,4.65,3.05,5.8,6.0,5.2,4.6,5.1,5.1,2025-07-05,Ranger Suarez,0.23772079134148097,0.06023596454630933,0.20075673404415084,Nick Lodolo,0.2151116111484116,0.05019444683365344,0.21079631228623846
2025-07-19,PHI,LAA,14.0,9.0,5.0,5.2,3.2,4.4,3.4,4.05,2.7,5.4,6.2,5.2,6.1,5.6,5.55,2025-07-19,Taijuan Walker,0.20212764104324205,0.08582210670829596,0.2003922932126593,Yusei Kikuchi,0.23095469747643657,0.09557303718402113,0.21838847093271627
2025-07-20,PHI,LAA,10.0,2.0,8.0,4.4,4.2,4.7,3.0,4.15,2.9,5.6,5.8,5.2,6.9,5.7,5.9,2025-07-20,Ranger Suarez,0.23586364661961476,0.06620365831241158,0.20954719601306693,Jos\xc3\xa9 Soriano,0.20032628454746337,0.1151191603300417,0.25518939418525005
2025-07-22,PHI,BOS,5.0,4.0,1.0,4.4,5.0,4.4,3.7,4.25,3.25,2.4,2.4,5.0,2.6,5.95,3.6,2025-07-22,Cristopher S\xc3\xa1nchez,0.2573599648230753,0.07251262822240488,0.2731313304647558,Richard Fitts,0.18042027417027415,0.07215007215007212,0.22010728069100707
2025-08-01,PHI,DET,9.0,5.0,4.0,4.6,5.2,5.5,5.1,4.95,4.0,7.0,3.0,4.7,4.9,3.85,5.05,2025-08-01,Ranger Suarez,0.2351843911728969,0.07019701669126951,0.2061168886970578,Jack Flaherty,0.2955961030403851,0.09769526336935905,0.2637088233928001
2025-08-02,PHI,DET,12.0,5.0,7.0,3.8,5.2,5.5,4.9,4.95,4.15,7.6,2.8,5.1,5.1,4.0,5.3,2025-08-02,Zack Wheeler,0.3330471533680643,0.05567399435929456,0.2879963699996611,Tarik Skubal,0.33648090051459795,0.03754995598680898,0.3074264314054563
2025-08-03,PHI,DET,2.0,2.0,0.0,4.2,5.8,5.1,5.1,4.9,4.05,7.0,3.0,5.3,4.8,4.1,5.5,2025-08-03,Cristopher S\xc3\xa1nchez,0.259786073066829,0.06730734390190374,0.27739832590703584,Charlie Morton,0.2165492762608143,0.09607129825758681,0.2220992153753568
2025-08-04,PHI,BAL,16.0,13.0,3.0,4.2,4.6,5.1,4.3,4.75,4.0,3.6,4.0,7.3,3.5,5.1,4.7,2025-08-04,Jes\xc3\xbas Luzardo,0.27008772529634534,0.08958987508777126,0.2735790797864055,Cade Povich,0.23972223428745165,0.08017663495924364,0.2078837878673928
2025-08-05,PHI,BAL,5.0,5.0,0.0,5.6,4.6,6.0,4.5,5.25,4.1,3.6,6.2,7.1,4.2,5.0,5.25,2025-08-05,Taijuan Walker,0.19012989580319722,0.07680183192025736,0.18366462115547658,Dean Kremer,0.19482051281666424,0.06418075223515203,0.19037048829589043
2025-08-06,PHI,BAL,6.0,1.0,5.0,6.0,2.8,5.3,4.0,5.45,3.95,2.0,5.4,5.3,4.7,5.0,5.2,2025-08-06,Ranger Suarez,0.23298536672459083,0.06580970314806517,0.20390531486080876,Trevor Rogers,0.23122947011835895,0.06948976948976947,0.2385647290672726
2025-08-18,PHI,SEA,19.0,12.0,7.0,3.8,4.8,4.0,3.6,4.25,3.85,4.2,5.6,4.6,4.3,4.45,3.65,2025-08-18,Ranger Suarez,0.21900286565995375,0.06246576787764524,0.193090942511699,Logan Gilbert,0.3468745567709089,0.062233070469710654,0.3152771438639139
2025-08-19,PHI,SEA,10.0,6.0,4.0,6.2,4.6,4.3,4.2,4.7,4.0,5.0,7.2,4.5,4.9,4.6,4.15,2025-08-19,Cristopher S\xc3\xa1nchez,0.2555488882040324,0.06359993829259193,0.27217355374910973,Bryce Miller,0.18639105008899057,0.10694673277396387,0.20090123440186725
2025-08-22,PHI,WSN,9.0,4.0,5.0,8.0,4.8,5.3,4.4,5.15,3.85,5.2,5.2,4.8,5.6,4.2,6.65,2025-08-22,Taijuan Walker,0.18253526524626268,0.07232754647076897,0.18276969419944017,Cade Cavalli,0.2110323886639676,0.05921052631578946,0.25462537671839997
2025-08-23,PHI,WSN,10.0,6.0,4.0,8.8,5.4,5.3,4.8,5.2,3.65,5.8,6.0,4.9,5.3,4.4,6.4,2025-08-23,Aaron Nola,0.24011936614110524,0.07068816690555817,0.23883448516572603,Mitchell Parker,0.1451821409695182,0.09348393573078001,0.18088075304147627
2025-08-24,PHI,WSN,5.0,3.0,2.0,7.8,4.4,5.8,4.6,5.25,3.65,4.8,5.0,4.8,5.1,4.15,5.9,2025-08-24,Ranger Suarez,0.22852903062521934,0.059178095884084965,0.1984785005613225,Jake Irvin,0.15113436339492337,0.07940045917746842,0.15999951709497723
2025-08-28,PHI,ATL,23.0,19.0,4.0,3.4,6.2,6.1,5.8,4.55,4.5,6.0,3.4,6.3,5.6,6.3,4.9,2025-08-28,Aaron Nola,0.24010851467373204,0.06789833355050744,0.24621316833247822,Cal Quantrill,0.17225784262252156,0.06556172645051361,0.18283714348052094
2025-08-29,PHI,ATL,3.0,2.0,1.0,6.0,6.2,6.9,5.3,5.45,4.45,6.4,5.4,6.2,7.1,6.1,5.55,2025-08-29,Ranger Suarez,0.24001924576062503,0.056219191089880716,0.2029990199777008,Bryce Elder,0.18099808883032384,0.08771403184315534,0.19626332269838687
2025-08-31,PHI,ATL,4.0,1.0,3.0,5.8,6.0,5.9,4.7,5.1,4.45,5.8,5.2,5.4,6.0,6.1,5.4,2025-08-31,Jes\xc3\xbas Luzardo,0.2767580836591492,0.08446300227610287,0.27901971293170713,Hurston Waldrep,0.2154150197628458,0.0624835309617918,0.22638282241367796
2025-09-08,PHI,NYM,1.0,1.0,0.0,4.4,3.2,5.4,3.8,5.75,4.6,4.8,4.8,6.6,6.4,6.85,5.15,2025-09-08,Aaron Nola,0.23522002523674762,0.07347807710683961,0.2400192010432325,Nolan McLean,0.29033910533910534,0.08170995670995668,0.25094279033001776
2025-09-09,PHI,NYM,12.0,9.0,3.0,4.0,2.0,5.5,3.2,5.8,4.5,2.4,4.0,6.2,5.8,6.5,5.05,2025-09-09,Ranger Suarez,0.2294246107705287,0.05672100375759906,0.20103297716332869,Sean Manaea,0.30814682203126137,0.04691959642188474,0.24325725676311963
2025-09-10,PHI,NYM,14.0,11.0,3.0,5.4,2.6,4.5,3.1,5.7,4.2,2.6,4.6,4.6,5.8,6.25,5.45,2025-09-10,Cristopher S\xc3\xa1nchez,0.2578086929416737,0.06245074075872959,0.2769413487560574,Clay Holmes,0.18306419811527688,0.0941955467437651,0.20254954003985426
2025-09-11,PHI,NYM,10.0,6.0,4.0,5.8,2.6,5.4,3.3,5.65,4.0,2.2,6.0,4.1,5.8,6.2,5.75,2025-09-11,Jes\xc3\xbas Luzardo,0.27877615146814805,0.08544225779898262,0.2783446133661252,David Peterson,0.20768556028643356,0.0894787140770848,0.22138402125346296
2025-09-12,PHI,KCR,10.0,8.0,2.0,6.2,3.0,5.9,3.4,5.65,4.0,1.8,4.6,3.0,3.8,3.8,4.2,2025-09-12,Walker Buehler,0.16896543046419848,0.10808916327413166,0.1806396323435525,Michael Lorenzen,0.20600507460100814,0.0630324667660699,0.21666669217552564
2025-09-13,PHI,KCR,14.0,8.0,6.0,7.0,2.4,5.7,2.8,5.5,4.0,2.0,5.2,3.1,4.1,3.6,4.4,2025-09-13,Taijuan Walker,0.1759882351710996,0.07518387360799976,0.17561118637549553,Ryan Bergert,0.21118971255317553,0.08507950294754257,0.16905556166483537
2025-09-14,PHI,KCR,13.0,3.0,10.0,8.4,3.6,6.2,2.8,5.7,4.05,2.8,4.8,3.4,4.5,3.65,4.45,2025-09-14,Aaron Nola,0.24114586758996692,0.07472314952128613,0.2371606866830016,Noah Cameron,0.19903031196482213,0.07402406878815289,0.2371139730874178
2025-09-24,PHI,MIA,12.0,11.0,1.0,4.4,5.2,5.8,5.1,5.15,4.1,6.2,4.2,5.7,3.5,5.3,5.6,2025-09-24,Jes\xc3\xbas Luzardo,0.27922377303241497,0.0810819278027349,0.2805429157717684,Ryan Weathers,0.19651956230903594,0.06478798978798975,0.25895957917234513
2025-09-25,PHI,MIA,1.0,1.0,0.0,4.8,4.2,5.8,4.9,5.6,4.1,5.2,5.4,5.3,3.9,4.9,5.2,2025-09-25,Taijuan Walker,0.17253727965164983,0.0735796882707848,0.17980690864844848,Janson Junk,0.17860346334316585,0.029330850309111166,0.17284627921281587
2025-09-26,PHI,MIN,4.0,3.0,1.0,5.0,3.2,5.3,4.5,5.6,3.95,3.2,3.0,3.9,4.7,4.4,5.45,2025-09-26,Aaron Nola,0.2334385315771185,0.07299493531830485,0.23988167227619783,Michael King,0.22831349206349208,0.07055555555555557,0.17163982259570493
2025-09-27,PHI,MIN,5.0,0.0,5.0,4.0,3.0,4.8,4.4,5.25,3.6,3.4,2.0,3.3,5.0,4.3,5.4,2025-09-27,Ranger Suarez,0.2362526318370396,0.06061045400265787,0.2021687083469864,Mick Abel,0.189666791756575,0.1116830065359477,0.22503317190022198
2025-04-29,PIT,CHC,9.0,0.0,9.0,3.0,4.2,3.8,3.8,3.8,4.4,6.8,5.8,6.0,4.8,6.85,4.45,2025-04-29,Andrew Heaney,0.2648194156889809,0.04908442604094776,0.23896754408382312,Shota Imanaga,0.20795743387047733,0.06735299483125569,0.2332002376708259
2025-05-01,PIT,CHC,11.0,3.0,8.0,2.6,5.8,3.5,4.9,3.6,4.45,5.4,4.0,5.6,4.9,6.25,4.0,2025-05-01,Joey Wentz,0.18051948051948052,0.0803030303030303,0.22310897617741804,Colin Rea,0.19374999999999998,0.027083333333333334,0.19411589008363203
2025-05-02,PIT,SDP,13.0,4.0,9.0,2.6,7.4,3.1,4.7,3.55,4.35,3.0,3.2,2.6,3.3,3.95,3.35,2025-05-02,Mitch Keller,0.17393500219587174,0.07424974381496117,0.16552364255143606,Dylan Cease,0.26793293345352837,0.0827886993504842,0.27824293300247693
2025-05-03,PIT,SDP,3.0,1.0,2.0,2.6,7.6,3.5,5.3,3.35,4.6,4.8,3.8,3.3,3.4,4.0,3.2,2025-05-03,Bailey Falter,0.17946474241870658,0.07044513457556933,0.1936394649809284,Randy V\xc3\xa1squez,0.07980791350356563,0.15954106280193234,0.13290044788621636
2025-05-09,PIT,ATL,5.0,3.0,2.0,1.0,3.8,1.8,5.7,2.7,4.45,3.0,3.8,4.2,3.4,4.4,4.05,2025-05-09,Bailey Falter,0.18954120778746278,0.07228630582667847,0.18591023908664292,Bryce Elder,0.16350517129928893,0.08964752567693744,0.17353415388067414
2025-05-11,PIT,ATL,7.0,4.0,3.0,1.4,3.8,1.9,5.0,2.85,4.4,3.2,4.0,3.6,3.5,4.35,3.8,2025-05-11,Joey Wentz,0.16564625850340134,0.09484126984126984,0.20132651482765898,Chris Sale,0.2993059476755129,0.060064935064935036,0.27675646927024583
2025-05-19,PIT,CIN,8.0,1.0,7.0,2.2,3.2,2.2,3.2,2.3,4.5,4.2,2.2,3.8,3.6,4.3,4.05,2025-05-19,Mitch Keller,0.18840839336008416,0.07106519799756511,0.1793262712464832,Nick Lodolo,0.1926133593174266,0.03954109419747567,0.19445145788956067
2025-05-20,PIT,CIN,1.0,1.0,0.0,2.2,4.2,2.2,3.7,2.2,4.85,5.2,1.6,4.5,3.3,4.25,3.75,2025-05-20,Bailey Falter,0.1821802976790189,0.0990034309727404,0.17801037841818643,Nick Martinez,0.18944916597090508,0.05350910763954241,0.20811378472777514
2025-05-21,PIT,CIN,4.0,3.0,1.0,1.6,4.2,2.3,3.2,2.05,4.45,3.8,1.6,4.1,3.1,3.95,3.6,2025-05-21,Andrew Heaney,0.18060455021807675,0.09095066143375319,0.1842429662636815,Brady Singer,0.21311986934348998,0.09273339591353827,0.20307342251551694
2025-05-24,PIT,MIL,3.0,2.0,1.0,2.0,3.4,2.4,3.6,2.35,4.0,4.6,4.0,3.6,3.7,3.15,4.25,2025-05-24,Mitch Keller,0.19040088735740907,0.06812534486447526,0.1763936441218349,Tyler Alexander,0.17621307697585348,0.06115429475459985,0.12925301368928818
2025-05-25,PIT,MIL,11.0,5.0,6.0,2.4,3.4,2.3,3.3,2.25,3.9,4.8,3.0,3.3,3.7,2.9,4.15,2025-05-25,Bailey Falter,0.18062893457778365,0.08910308787546636,0.17559395596098315,Logan Henderson,0.38847117794486213,0.06850459482038426,0.23711361737677525
2025-06-05,PIT,HOU,10.0,2.0,8.0,2.8,2.4,4.0,3.1,3.2,3.35,1.8,4.0,3.5,4.1,3.6,3.85,2025-06-05,Mitch Keller,0.18312392787030465,0.06401749753199025,0.16263323157339055,Framber Valdez,0.2386871186821212,0.079793480484385,0.24011795004962203
2025-06-07,PIT,PHI,3.0,2.0,1.0,2.8,4.2,4.0,3.6,3.35,3.65,3.2,4.8,3.5,6.0,4.55,5.0,2025-06-07,Andrew Heaney,0.17015038236052726,0.08654632940864822,0.17802374891428532,Taijuan Walker,0.2351815695735714,0.07725231522720476,0.18717831048806707
2025-06-08,PIT,PHI,3.0,2.0,1.0,2.4,3.2,4.2,3.2,3.25,3.7,3.0,4.2,3.4,6.2,4.25,4.4,2025-06-08,Braxton Ashcraft,0.3928571428571428,0.027777777777777766,0.1450617283950617,Cristopher S\xc3\xa1nchez,0.25884775248905684,0.09765238384803598,0.2745507929107586
2025-06-09,PIT,MIA,13.0,10.0,3.0,2.8,2.8,3.5,2.7,3.15,3.35,2.6,3.8,3.2,4.1,3.6,4.15,2025-06-09,Mike Burrows,0.1850877192982456,0.06842105263157894,0.2372485267222109,Janson Junk,0.3284493284493284,0.01587301587301587,0.28452935694315
2025-06-10,PIT,MIA,5.0,2.0,3.0,4.2,3.4,3.5,2.9,3.55,3.25,2.4,4.6,2.9,4.3,3.6,4.6,2025-06-10,Mitch Keller,0.18277373561654495,0.06184032739216683,0.16639517233993445,Sandy Alcantara,0.1651806245284506,0.11805043386565123,0.19863107147770875
2025-06-11,PIT,MIA,7.0,5.0,2.0,4.2,2.4,3.5,2.9,3.65,3.35,2.6,4.4,2.2,3.7,3.3,4.5,2025-06-11,Bailey Falter,0.1545436248888934,0.09054938383582883,0.15286219435979864,Cal Quantrill,0.17153699603642392,0.0684309656992723,0.18913248977186656
2025-06-20,PIT,TEX,8.0,2.0,6.0,2.6,4.6,3.4,3.5,3.7,3.65,2.0,3.6,5.3,3.3,4.15,2.85,2025-06-20,Braxton Ashcraft,0.2519841269841269,0.12499999999999999,0.16975308641975306,Jacob deGrom,0.25626571369134293,0.056636972866949964,0.27128962173711085
2025-06-21,PIT,TEX,5.0,2.0,3.0,2.0,5.4,3.1,3.7,3.55,3.65,2.6,3.8,5.4,3.5,4.4,2.85,2025-06-21,Mitch Keller,0.17735596663132894,0.059392051855819944,0.1760618904577151,Kumar Rocker,0.19251629576706972,0.06584920067892203,0.23041921500568116
2025-06-22,PIT,TEX,11.0,8.0,3.0,2.0,5.4,3.1,3.9,3.65,3.55,2.8,4.0,5.3,3.5,4.45,2.95,2025-06-22,Bailey Falter,0.15636205066128336,0.08483976902135468,0.15402938999398036,Jack Leiter,0.19325349307090342,0.11586963139976104,0.19766141933242645
2025-06-27,PIT,NYM,10.0,9.0,1.0,4.0,4.6,3.0,5.0,3.25,4.05,3.6,4.0,3.2,5.5,4.55,4.55,2025-06-27,Mitch Keller,0.1804757641714163,0.06136186679664937,0.17547468897077456,David Peterson,0.20522272756073595,0.08017105117105114,0.22295559021282904
2025-06-28,PIT,NYM,11.0,9.0,2.0,5.4,4.2,3.7,4.8,3.5,3.8,3.6,4.4,3.3,5.5,4.35,4.85,2025-06-28,Bailey Falter,0.14908942249495316,0.09203728345752002,0.15603046009610078,Paul Blackburn,0.12835397316821462,0.06958204334365323,0.18358947182476593
2025-06-30,PIT,STL,7.0,7.0,0.0,7.0,3.4,5.4,4.2,4.4,3.8,4.2,3.4,4.9,3.5,4.7,3.85,2025-06-30,Andrew Heaney,0.17633761266913436,0.08158464824225692,0.18460824671223378,Erick Fedde,0.1431088151324644,0.10398263305725933,0.1548703050347787
2025-07-01,PIT,STL,1.0,1.0,0.0,7.8,1.6,5.9,3.3,4.65,3.4,4.2,3.2,4.4,3.8,4.45,4.2,2025-07-01,Paul Skenes,0.26546306719210205,0.07257190564230542,0.27681102745500474,Andre Pallante,0.1603644036116862,0.07972121578099838,0.2204235681363067
2025-07-02,PIT,STL,5.0,5.0,0.0,7.6,0.8,5.8,2.7,4.45,3.2,4.2,2.8,3.8,3.8,4.35,4.2,2025-07-02,Mitch Keller,0.1805547299153437,0.06042614201181973,0.1712800994234741,Sonny Gray,0.2657276192714172,0.046533202606572156,0.243848689451293
2025-07-18,PIT,CHW,11.0,1.0,10.0,2.6,4.6,2.1,4.0,3.95,3.35,2.8,5.0,3.4,4.7,3.25,4.2,2025-07-18,Bailey Falter,0.14835600490803072,0.08778077002939028,0.16017532712411633,Tyler Alexander,0.17458214003980593,0.053432503592686656,0.1480394806367292
2025-07-19,PIT,CHW,14.0,4.0,10.0,2.2,5.8,1.7,5.0,3.9,3.7,4.0,4.0,4.3,4.2,3.55,4.0,2025-07-19,Carmen Mlodzinski,0.17995446622091357,0.0618684495329232,0.1979333400636754,Adrian Houser,0.16846012798536536,0.08053672476794245,0.18605098605098602
2025-07-20,PIT,CHW,9.0,2.0,7.0,2.4,7.0,2.1,5.4,3.7,4.05,5.2,3.2,4.9,4.1,3.7,4.15,2025-07-20,Andrew Heaney,0.17143319366902618,0.07945433930223267,0.17184240947085097,Aaron Civale,0.1575717737967682,0.089059654921268,0.1729543200136683
2025-07-21,PIT,DET,3.0,3.0,0.0,2.6,8.0,2.3,6.0,3.55,4.2,2.8,6.0,3.0,5.2,4.35,4.55,2025-07-21,Braxton Ashcraft,0.21078227328227325,0.11174242424242424,0.19721583227330353,Jack Flaherty,0.29381674546568876,0.09701406302227406,0.26202268948503493
2025-07-22,PIT,DET,13.0,8.0,5.0,2.4,5.6,2.6,5.9,3.55,3.75,1.4,3.6,2.9,5.5,3.8,4.5,2025-07-22,Mitch Keller,0.18240508686160856,0.055071011918837974,0.16758259355388064,Casey Mize,0.21321452349984957,0.05723436864061863,0.211068913115376
2025-07-26,PIT,ARI,2.0,2.0,0.0,4.6,4.6,3.4,5.2,3.7,3.8,4.4,3.4,4.7,4.1,4.45,3.9,2025-07-26,Andrew Heaney,0.16503544702905312,0.07982944842407755,0.17182171756873701,Merrill Kelly,0.24213044745462745,0.0766127985922036,0.22628118531240196
2025-07-27,PIT,ARI,6.0,6.0,0.0,4.2,2.6,3.3,4.8,3.35,3.7,2.4,3.6,4.4,3.9,4.25,3.7,2025-07-27,Carmen Mlodzinski,0.19117645674663217,0.0586978810663021,0.20170564205337974,Zac Gallen,0.2235870049741685,0.08704291452738654,0.22708333528406965
2025-08-05,PIT,SFG,9.0,1.0,8.0,7.6,7.0,6.6,4.6,4.6,5.25,5.6,6.0,5.1,4.8,4.35,5.15,2025-08-05,Braxton Ashcraft,0.2098769286269286,0.1083603896103896,0.21670245862056203,Logan Webb,0.26480345824423784,0.05782059408746063,0.23681545731962994
2025-08-06,PIT,SFG,6.0,2.0,4.0,7.2,8.4,5.9,4.9,4.5,5.2,6.2,5.0,5.0,4.9,4.45,5.1,2025-08-06,Andrew Heaney,0.16265848719812911,0.07509747836532303,0.17043294407855983,Robbie Ray,0.25469397732828425,0.09904239115380035,0.259065579112215
2025-08-07,PIT,CIN,7.0,7.0,0.0,4.4,5.8,5.5,5.2,4.45,5.2,2.8,3.0,3.3,3.0,3.95,3.25,2025-08-07,Paul Skenes,0.2860296703889381,0.06354730472032231,0.288026597441279,Brady Singer,0.2212911990951649,0.0930622940671594,0.20879860763149793
2025-08-08,PIT,CIN,5.0,3.0,2.0,4.8,4.2,6.0,5.2,4.65,5.0,2.2,4.0,2.7,3.5,3.85,3.45,2025-08-08,Mitch Keller,0.18419623154972867,0.06419761363050584,0.17764110906663455,Chase Burns,0.3666928309785452,0.09394383394383392,0.2755410891840461
2025-08-09,PIT,CIN,3.0,1.0,2.0,3.6,3.6,5.7,5.4,4.75,5.0,2.2,3.8,2.7,3.7,3.75,3.45,2025-08-09,Carmen Mlodzinski,0.20843730299471924,0.05307604410475222,0.2006188510103155,Nick Martinez,0.17175047913155325,0.053944701429100385,0.17558941371219774
2025-08-10,PIT,CIN,22.0,8.0,14.0,2.8,3.2,5.2,5.1,4.6,4.5,2.0,3.6,2.7,3.3,3.65,3.4,2025-08-10,Mike Burrows,0.22343076986919647,0.09183061080283353,0.22249080781609537,Zack Littell,0.1743246138362596,0.03957247978987108,0.18331891389290692
2025-08-18,PIT,TOR,7.0,5.0,2.0,2.4,7.0,3.2,6.0,4.35,5.6,5.4,4.4,5.9,4.2,6.0,5.35,2025-08-18,Paul Skenes,0.2844806300911564,0.06246352034269654,0.2811895978511049,Kevin Gausman,0.23782079745129467,0.07087005399147846,0.24272135323547858
2025-08-19,PIT,TOR,10.0,3.0,7.0,3.4,4.6,3.0,6.2,4.5,5.7,5.6,4.6,4.1,4.6,5.8,5.55,2025-08-19,Mitch Keller,0.18355144211665947,0.06769816817642901,0.17756515868716843,Max Scherzer,0.23660374713006288,0.053596573991310806,0.21326281169032132
2025-08-22,PIT,COL,9.0,9.0,0.0,2.8,3.4,3.1,6.6,4.15,5.85,5.4,6.2,5.2,5.4,5.1,7.85,2025-08-22,Braxton Ashcraft,0.21812398128187596,0.09475962633857368,0.2202188334788153,Antonio Senzatela,0.10832986899495975,0.07834040113199157,0.15692629561610363
2025-08-23,PIT,COL,6.0,5.0,1.0,4.4,2.8,3.2,5.2,4.45,5.8,4.2,7.0,4.9,6.3,4.25,7.5,2025-08-23,Carmen Mlodzinski,0.2099962552067815,0.054706918812181954,0.20087359321808196,Kyle Freeland,0.16088519550810143,0.056650425119234175,0.18486227086212342
2025-09-02,PIT,LAD,16.0,9.0,7.0,3.8,3.0,5.1,2.6,4.1,4.6,3.4,3.4,4.3,3.1,4.8,3.6,2025-09-02,Carmen Mlodzinski,0.23229201489435405,0.05920156300273258,0.21973892376159854,Clayton Kershaw,0.16691173485592017,0.06398598086577623,0.20026099319446536
2025-09-03,PIT,LAD,3.0,3.0,0.0,5.2,4.2,5.1,3.3,4.15,4.25,3.6,4.6,4.1,3.5,4.7,4.0,2025-09-03,Braxton Ashcraft,0.22654528011670866,0.09097866419294989,0.22435058756722617,Emmet Sheehan,0.2743203463203463,0.08418614718614717,0.2706624940385973
2025-09-04,PIT,LAD,8.0,5.0,3.0,5.6,3.4,4.9,3.2,4.25,3.9,2.6,5.0,4.0,3.6,4.5,3.9,2025-09-04,Paul Skenes,0.2848934197242468,0.05868766697264571,0.27869212150214057,Blake Snell,0.24483985074047182,0.11182962425198446,0.30858200167365696
2025-09-05,PIT,MIL,7.0,2.0,5.0,5.8,3.6,5.0,3.5,4.5,3.35,4.4,4.8,5.1,4.8,5.05,4.55,2025-09-05,Carmen Mlodzinski,0.2284601572195557,0.06155150718120641,0.21571763566807206,Quinn Priester,0.1879535163778803,0.08207241291535271,0.21963981383962072
2025-09-06,PIT,MIL,5.0,1.0,4.0,4.2,4.0,4.6,3.3,4.35,3.0,4.6,5.0,4.9,4.5,4.7,4.4,2025-09-06,Mitch Keller,0.19636686496158545,0.06897810752624414,0.18532603454211466,Brandon Woodruff,0.3106031746031746,0.061970899470899454,0.2469392992924789
2025-09-07,PIT,MIL,12.0,2.0,10.0,4.0,3.8,3.9,3.4,4.25,3.1,4.6,3.6,4.4,3.8,4.4,4.05,2025-09-07,Bubba Chandler,0.1936507936507936,0.0222222222222222,0.23842850654444855,Jacob Misiorowski,0.3520984249301715,0.1173535617258925,0.2616081573920912
2025-09-15,PIT,CHC,4.0,0.0,4.0,3.4,4.8,3.7,4.3,4.4,3.45,4.6,3.0,4.0,3.7,4.55,4.15,2025-09-15,Braxton Ashcraft,0.2308622536883406,0.10087285902503293,0.22108646576252708,Jameson Taillon,0.18420091015857604,0.050512107013251165,0.18664449852868076
2025-09-16,PIT,CHC,5.0,1.0,4.0,3.0,3.6,2.8,4.0,3.95,3.65,4.2,2.8,4.3,3.2,4.6,4.05,2025-09-16,Carmen Mlodzinski,0.23342484246558945,0.06884375763832469,0.22327700984514592,Drew Pomeranz,0.2758169934640523,0.05751633986928105,0.24108522196757487
2025-09-17,PIT,CHC,12.0,4.0,8.0,2.8,3.8,2.6,4.4,3.75,3.8,4.4,2.6,3.6,2.8,4.2,4.05,2025-09-17,Johan Oviedo,0.281500626566416,0.15049812030075185,0.3179945054945055,Drew Pomeranz,0.2833333333333333,0.05641025641025642,0.24194347319347317
2025-09-19,PIT,ATH,7.0,3.0,4.0,2.6,4.2,2.5,4.9,3.75,4.2,5.6,2.6,5.3,3.8,5.3,4.45,2025-09-19,Mitch Keller,0.19549796285303528,0.0660462336911612,0.18214755287422768,Luis Severino,0.1795269411622346,0.07192903580584738,0.15324496361964654
2025-09-20,PIT,ATH,2.0,2.0,0.0,2.2,4.8,2.6,4.8,3.6,4.05,5.8,3.2,4.0,3.7,5.3,4.05,2025-09-20,Braxton Ashcraft,0.23001492294255452,0.10105578814460392,0.22197553979009857,Luis Morales,0.20747010236140667,0.10662137379528683,0.22065751784425283
2025-09-21,PIT,ATH,11.0,11.0,0.0,2.0,4.0,2.7,4.4,3.3,3.9,3.6,2.6,3.7,3.5,4.9,4.0,2025-09-21,Carmen Mlodzinski,0.23814954690777057,0.06669239021212704,0.2276632396511215,Osvaldo Bido,0.2384745384634187,0.10086774966264568,0.22432489069338285
2025-04-26,SDP,TBR,5.0,1.0,4.0,1.8,3.0,3.5,3.0,3.9,3.2,1.0,3.2,3.7,3.3,3.8,3.75,2025-04-26,Dylan Cease,0.26934560710075584,0.06456383052492888,0.25017058937041414,Ryan Pepiot,0.2404644985199708,0.08057236766232266,0.2696554386795948
2025-04-27,SDP,TBR,6.0,2.0,4.0,1.4,3.4,3.0,3.4,3.6,3.4,1.2,2.2,3.7,2.9,3.7,3.75,2025-04-27,Randy V\xc3\xa1squez,0.08624568668046924,0.17240165631469975,0.14183347863993023,Zack Littell,0.1806204906204906,0.048671957671957644,0.17762183699920403
2025-04-29,SDP,SFG,11.0,7.0,4.0,1.0,3.0,2.2,3.4,3.45,3.5,3.2,2.6,3.1,3.5,3.9,3.75,2025-04-29,Nick Pivetta,0.26274595579858734,0.06466985645933013,0.25148048019290214,Logan Webb,0.3095172741911872,0.069023569023569,0.25342621032062024
2025-05-13,SDP,LAA,10.0,6.0,4.0,9.0,7.8,6.9,5.0,4.7,4.3,4.6,5.2,4.3,5.7,3.5,6.05,2025-05-13,Dylan Cease,0.2686580334234796,0.09334152451286314,0.28631644493929437,Jos\xc3\xa9 Soriano,0.1935247723291201,0.10365223544571367,0.24071082300652552
2025-05-14,SDP,LAA,6.0,5.0,1.0,9.6,6.2,7.0,5.1,4.8,4.2,4.4,4.8,4.6,5.4,3.45,6.15,2025-05-14,Randy V\xc3\xa1squez,0.09927901205075114,0.1486942586399108,0.14655033591466227,Kyle Hendricks,0.13290078514536713,0.11035308860386259,0.14463900284099326
2025-05-17,SDP,SEA,5.0,1.0,4.0,4.0,5.6,6.5,5.2,4.85,4.25,3.2,6.0,3.3,5.3,5.4,4.65,2025-05-17,Nick Pivetta,0.27217076782866256,0.08019138755980859,0.2501420921005137,Emerson Hancock,0.15075860439441802,0.08318897790162157,0.191623044016661
2025-05-27,SDP,MIA,14.0,8.0,6.0,1.6,5.6,2.2,4.8,4.55,4.9,3.0,5.0,4.0,4.2,3.5,4.75,2025-05-27,Stephen Kolek,0.19988989880059968,0.07735663418290853,0.15694574338191358,Max Meyer,0.267558915347521,0.07077835108419814,0.2626654047706679
2025-05-28,SDP,MIA,18.0,8.0,10.0,3.2,6.2,2.4,5.0,4.7,5.05,4.0,3.8,4.3,4.9,3.75,4.85,2025-05-28,Kyle Hart,0.16336842105263155,0.12105263157894737,0.15178571428571427,Sandy Alcantara,0.18155008276747406,0.11844623492449577,0.20990900991118155
2025-05-30,SDP,PIT,5.0,3.0,2.0,4.8,5.4,2.7,5.9,4.65,5.35,5.2,3.8,3.6,3.6,3.05,3.65,2025-05-30,Nick Pivetta,0.27906994759626336,0.08091501480975163,0.2355349597114531,Mitch Keller,0.19581898850673551,0.06193213169497751,0.17482066820993253
2025-05-31,SDP,PIT,5.0,0.0,5.0,5.0,5.6,2.9,5.6,4.7,5.4,5.2,4.2,3.8,3.8,3.0,3.5,2025-05-31,Dylan Cease,0.290842206126167,0.07985444206996106,0.30941002571987364,Bailey Falter,0.16799600113131846,0.09236644352315125,0.1640654588558827
2025-06-01,SDP,PIT,10.0,6.0,4.0,4.8,5.2,2.8,5.7,4.5,5.65,5.2,3.0,4.2,3.1,3.2,3.4,2025-06-01,Randy V\xc3\xa1squez,0.1262560348372705,0.11588172696868346,0.14843070411030287,Andrew Heaney,0.173221904723881,0.09441417753670715,0.18410671598730116
2025-06-11,SDP,LAD,7.0,2.0,5.0,3.8,1.6,4.1,3.5,3.25,4.25,3.0,5.2,4.9,5.3,5.5,5.15,2025-06-11,Randy V\xc3\xa1squez,0.12734484999051093,0.1262588971786296,0.1530270386020837,Jack Dreyer,0.2627777777777778,0.08655555555555555,0.23691970121381886
2025-06-20,SDP,KCR,11.0,5.0,6.0,5.0,4.6,4.7,4.2,4.45,4.25,3.6,2.4,3.4,4.0,3.45,4.35,2025-06-20,Nick Pivetta,0.2745685961091322,0.06984095260737952,0.23158623604460088,Michael Lorenzen,0.19307927967972943,0.07388112154577134,0.20763086410089365
2025-06-21,SDP,KCR,6.0,5.0,1.0,4.4,5.4,5.1,4.8,4.45,4.4,4.8,2.6,3.3,4.0,3.55,4.25,2025-06-21,Dylan Cease,0.30104331406864354,0.08444679892908406,0.32494782357504537,Noah Cameron,0.19854119425547995,0.07133030990173846,0.2507803538748214
2025-06-22,SDP,KCR,5.0,3.0,2.0,4.8,4.4,4.5,4.8,4.3,4.15,4.6,3.0,3.2,3.5,3.5,4.15,2025-06-22,Randy V\xc3\xa1squez,0.13184701813992428,0.113128081258516,0.15893922292882343,Seth Lugo,0.1981597393340051,0.07275894897157792,0.1679933299569029
2025-06-23,SDP,WSN,16.0,6.0,10.0,4.2,3.2,4.6,4.5,4.05,3.75,5.2,7.0,4.6,6.3,3.85,5.45,2025-06-23,Stephen Kolek,0.1639072950898288,0.08727634919913779,0.17086583888887766,Mitchell Parker,0.171212539473409,0.0901169764213242,0.19559159710825894
2025-06-24,SDP,WSN,7.0,4.0,3.0,4.8,4.4,5.1,5.0,4.2,4.15,6.0,6.2,5.3,6.5,3.9,5.4,2025-06-24,Ryan Bergert,0.1806547619047619,0.05634920634920634,0.10139908977118277,Trevor Williams,0.17552898411021978,0.055123451427799224,0.18095243859815754
2025-06-25,SDP,WSN,1.0,1.0,0.0,4.6,4.4,4.8,4.5,4.4,4.05,6.4,6.4,4.7,5.8,3.5,5.25,2025-06-25,Nick Pivetta,0.26578783255899957,0.07153409544942724,0.22915528372292832,MacKenzie Gore,0.3320679446358794,0.06620705180487788,0.29644329606282843
2025-07-05,SDP,TEX,11.0,4.0,7.0,3.0,4.0,3.0,4.3,3.75,4.55,5.2,3.2,4.0,3.6,4.75,3.2,2025-07-05,Stephen Kolek,0.17956051416440538,0.08049883116293091,0.17448085740879823,Patrick Corbin,0.18837209101077163,0.070245022232055,0.23226251495230346
2025-07-06,SDP,TEX,5.0,4.0,1.0,2.6,4.6,3.1,4.8,3.85,4.65,6.0,2.4,4.6,3.4,4.9,3.15,2025-07-06,Kyle Hart,0.14447368421052628,0.10087719298245613,0.14500661375661375,Jacob Latz,0.2713135247964969,0.08031324540612465,0.2933544111412933
2025-07-08,SDP,ARI,1.0,1.0,0.0,3.6,4.6,2.8,4.2,3.8,4.35,3.6,4.8,4.5,5.0,5.2,4.95,2025-07-08,Nick Pivetta,0.27543939189988453,0.06311831951420051,0.2276594176758515,Merrill Kelly,0.24370575255840954,0.06842643266556309,0.23477931658766582
2025-07-09,SDP,ARI,10.0,2.0,8.0,2.6,3.8,2.8,4.2,3.45,4.25,3.2,3.6,4.2,4.4,4.8,4.65,2025-07-09,Dylan Cease,0.28986911183466413,0.08487850528040956,0.3218713383802948,Brandon Pfaadt,0.18660836187903534,0.05424911708017702,0.19954291094943183
2025-07-10,SDP,ARI,7.0,4.0,3.0,2.8,4.4,2.9,4.2,3.4,4.35,4.2,2.2,4.2,3.7,5.1,4.35,2025-07-10,Randy V\xc3\xa1squez,0.12330936811867395,0.10973923955808011,0.14657836447910585,Eduardo Rodr\xc3\xadguez,0.2430419231868507,0.07573542238759629,0.21808995508965667
2025-07-11,SDP,PHI,6.0,4.0,2.0,2.8,3.6,2.7,4.1,3.3,4.1,5.0,1.8,4.6,2.6,4.4,2.7,2025-07-11,Ryan Bergert,0.18527336860670193,0.06860670194003525,0.10647239352209709,Ranger Suarez,0.2406379981236303,0.06279205840987447,0.21034279568082248
2025-07-13,SDP,PHI,3.0,1.0,2.0,3.2,3.4,3.4,4.0,3.35,4.05,4.6,3.2,4.6,3.4,4.4,3.0,2025-07-13,Nick Pivetta,0.27781397113776973,0.06466225125836107,0.22834500558274862,Cristopher S\xc3\xa1nchez,0.2605466295354684,0.07098555201253849,0.2688608488239089
2025-07-28,SDP,NYM,13.0,7.0,6.0,4.2,3.6,4.3,3.0,3.6,3.4,4.8,2.0,4.2,3.3,4.55,3.8,2025-07-28,Dylan Cease,0.29601961121859066,0.08445869014479443,0.32254805596769304,Frankie Montas,0.21696724328303274,0.05538461538461538,0.24753912753912752
2025-07-29,SDP,NYM,8.0,7.0,1.0,5.2,4.2,4.3,3.4,3.9,3.45,5.4,3.0,4.6,3.7,4.75,3.8,2025-07-29,Ryan Bergert,0.20358813700918965,0.0722723475355054,0.12477252259094,Sean Manaea,0.3682748538011696,0.07675438596491226,0.282168458781362
2025-07-30,SDP,NYM,5.0,5.0,0.0,5.2,2.6,4.8,3.1,4.05,3.15,4.4,3.8,4.3,3.6,4.45,4.0,2025-07-30,Yu Darvish,0.14217171717171717,0.11325757575757572,0.21633826917863916,Clay Holmes,0.17899131415966982,0.09219210505088242,0.20213039185034212
2025-08-01,SDP,STL,5.0,4.0,1.0,6.2,2.0,4.5,3.0,4.1,3.1,2.0,4.0,3.2,4.3,3.45,5.2,2025-08-01,Nick Pivetta,0.2703841265664301,0.06477962948105694,0.2308862239065632,Matthew Liberatore,0.18201184441459037,0.055030329870146784,0.19428203144497655
2025-08-02,SDP,STL,13.0,5.0,8.0,6.4,2.0,4.7,3.0,4.15,2.85,2.0,4.2,2.7,4.5,3.5,4.85,2025-08-02,Randy V\xc3\xa1squez,0.11356355869422419,0.10617231253627228,0.14285048287884944,Michael McGreevy,0.14474487500803287,0.03786228391491548,0.18343144454276064
2025-08-03,SDP,STL,10.0,7.0,3.0,5.6,3.2,4.9,3.4,4.35,3.25,3.2,3.4,3.1,4.2,3.7,5.0,2025-08-03,Dylan Cease,0.2996096288904729,0.08819541635033407,0.31979154260119613,Andre Pallante,0.15407374544020505,0.07649260026071618,0.22207692223794226
2025-08-08,SDP,BOS,12.0,2.0,10.0,4.2,4.0,5.2,3.0,4.45,3.15,6.0,3.6,6.3,3.4,4.85,3.2,2025-08-08,Nick Pivetta,0.2684245175076254,0.06183510086828162,0.2286558583570913,Walker Buehler,0.16899054133115526,0.10274761060309867,0.17578743439692956
2025-08-10,SDP,BOS,8.0,6.0,2.0,3.8,5.8,5.1,3.9,4.3,3.45,6.6,3.4,6.9,3.4,4.85,3.2,2025-08-10,Dylan Cease,0.3083222537213219,0.0867762919679524,0.3207096968754524,Brayan Bello,0.17969232984615732,0.08634105884985588,0.1831461255724051
2025-08-18,SDP,SFG,7.0,3.0,4.0,4.4,3.2,3.9,3.7,4.65,3.55,3.2,5.2,2.8,4.4,3.9,4.65,2025-08-18,Nestor Cortes,0.2097689075630252,0.14674369747899157,0.21533685848201972,Robbie Ray,0.25351845914202153,0.09591899986149632,0.25513578052208175
2025-08-19,SDP,SFG,6.0,5.0,1.0,4.0,3.8,4.0,3.5,4.45,3.3,3.8,4.8,2.8,4.5,3.65,4.65,2025-08-19,Nick Pivetta,0.25919683335634897,0.0631565347702838,0.2261362912132986,Kai-Wei Teng,0.14814814814814814,0.18518518518518512,0.18858146684233637
2025-08-20,SDP,SFG,9.0,8.0,1.0,2.8,3.8,4.2,3.4,4.7,3.2,3.8,3.6,2.4,5.0,3.65,4.5,2025-08-20,JP Sears,0.2052903302271524,0.060465169096151065,0.18669370495523,Landen Roupp,0.21123672393858725,0.0967050513323805,0.22326529148482205
2025-08-21,SDP,SFG,12.0,8.0,4.0,4.0,3.4,4.8,2.5,4.95,3.2,2.8,3.8,2.3,5.4,3.65,4.8,2025-08-21,Dylan Cease,0.30059427246667836,0.09610213119424825,0.31655475262724775,Justin Verlander,0.1996205994756719,0.08021038389568406,0.22588969872140913
2025-08-22,SDP,LAD,3.0,2.0,1.0,5.6,3.0,5.0,2.7,4.9,3.3,6.2,5.0,5.3,4.5,4.95,3.7,2025-08-22,Yu Darvish,0.21904745181999016,0.08695967023172904,0.23239166123181573,Blake Snell,0.23617353660831916,0.11565970261622431,0.28805875838707573
2025-08-23,SDP,LAD,6.0,5.0,1.0,5.2,2.2,4.8,2.7,4.65,3.05,5.4,4.6,5.0,4.2,4.75,3.6,2025-08-23,Nestor Cortes,0.20485216308745718,0.1470245876128229,0.22226948678561578,Tyler Glasnow,0.28100606519084775,0.13521058953124168,0.2709142171609866
2025-08-24,SDP,LAD,10.0,2.0,8.0,5.6,1.6,4.8,2.7,4.55,3.05,5.0,4.8,4.7,4.0,4.7,3.6,2025-08-24,Nick Pivetta,0.26549562668876164,0.06396360671280578,0.22463800937608738,Jack Dreyer,0.20687052598817302,0.057485216308745715,0.20959339743941818
2025-09-03,SDP,BAL,12.0,5.0,7.0,4.6,5.4,4.6,5.5,4.7,4.1,6.2,6.8,4.1,5.1,4.7,4.5,2025-09-03,Kyle Hart,0.16135006938834687,0.08619275461380724,0.1431854256854257,Cade Povich,0.2517763034067382,0.08024180730702468,0.2242318948523689
2025-09-10,SDP,CIN,3.0,1.0,2.0,5.0,4.6,4.8,5.0,4.85,4.45,5.2,5.0,5.0,5.4,4.65,4.8,2025-09-10,Nick Pivetta,0.2649914454045706,0.06621668124896302,0.22281675278609583,Andrew Abbott,0.22584033540406065,0.07047744677798003,0.2169763943395952
2025-09-11,SDP,COL,2.0,2.0,0.0,4.2,3.6,4.5,4.5,4.75,4.35,2.4,7.4,3.5,6.7,3.4,6.05,2025-09-11,Randy V\xc3\xa1squez,0.12252287576220806,0.09587696394542872,0.14634097386579462,McCade Brown,0.1081326081326081,0.1266511266511266,0.13261648745519708
2025-09-12,SDP,COL,6.0,2.0,4.0,4.6,3.0,3.5,4.2,4.6,4.3,0.8,5.8,2.9,6.4,3.0,6.0,2025-09-12,JP Sears,0.19705124703148658,0.05972002717971217,0.18168302058888677,Tanner Gordon,0.1647655463444937,0.054266944069575614,0.1426591252887359
2025-09-13,SDP,COL,14.0,11.0,3.0,3.0,2.2,3.5,3.9,4.3,4.45,1.4,4.6,3.1,5.8,2.95,5.65,2025-09-13,Kyle Hart,0.18780903307219093,0.07293233082706765,0.13654151404151404,Antonio Senzatela,0.11263711016961322,0.07702713685613873,0.1598323064245887
2025-09-14,SDP,COL,15.0,9.0,6.0,3.6,2.6,4.3,3.8,4.45,4.4,1.8,6.2,3.0,6.2,3.1,5.75,2025-09-14,Yu Darvish,0.23074269288303814,0.07497824887530768,0.2170179918309141,Germ\xc3\xa1n M\xc3\xa1rquez,0.147183331476591,0.08120627373022912,0.17859294883954877
2025-09-23,SDP,MIL,7.0,7.0,0.0,4.2,3.8,4.8,4.0,4.65,4.25,5.0,3.6,4.2,3.9,4.7,3.8,2025-09-23,Randy V\xc3\xa1squez,0.1384476895147655,0.09170694107783164,0.15248239614225345,Tobias Myers,0.21127667338345085,0.060074272133095664,0.17353403530104078
2025-09-24,SDP,MIL,4.0,1.0,3.0,4.2,3.0,5.3,4.0,4.4,4.1,3.2,4.6,4.2,4.1,4.5,3.85,2025-09-24,Kyle Hart,0.24582504240398975,0.09156223893065998,0.20252051960385295,Erick Fedde,0.12073665420047316,0.11909915410541282,0.1581324904827165
2025-09-26,SDP,ARI,11.0,7.0,4.0,4.2,2.4,5.2,3.9,4.35,3.9,4.0,5.0,5.3,4.7,5.0,4.25,2025-09-26,Yu Darvish,0.23067418788470936,0.06426707046454945,0.20960521345182978,Zac Gallen,0.21952883594867287,0.07911015690227644,0.21404380832793227
2025-04-25,SEA,MIA,12.0,4.0,8.0,4.8,4.4,5.0,3.9,4.0,4.2,4.8,5.8,5.2,6.1,4.2,5.4,2025-04-25,Logan Gilbert,0.380154189822382,0.055764411027568905,0.35977964372968996,Cal Quantrill,0.10110420979986195,0.1019668737060041,0.16732275881330383
2025-04-29,SEA,LAA,8.0,5.0,3.0,7.4,4.4,5.8,4.7,5.05,4.3,1.8,5.4,2.4,4.8,3.5,4.6,2025-04-29,Bryce Miller,0.2403381642512077,0.12867149758454105,0.2154768754084817,Jack Kochanowicz,0.11585017880670052,0.0522687747035573,0.161677906799858
2025-04-30,SEA,LAA,12.0,9.0,3.0,6.8,4.0,5.9,4.2,5.0,4.0,2.4,5.8,2.4,4.8,3.15,4.65,2025-04-30,Emerson Hancock,0.16350877192982452,0.0637037037037037,0.17658730158730154,Tyler Anderson,0.19903538490495007,0.10050818746470917,0.24786765615337042
2025-05-12,SEA,NYY,16.0,5.0,11.0,3.6,5.8,4.8,4.5,5.3,4.6,8.8,4.4,7.3,4.0,5.8,3.2,2025-05-12,Emerson Hancock,0.1438732882362646,0.07019714385231626,0.17037318473488683,Clarke Schmidt,0.21976284584980232,0.11669960474308298,0.2717561717561717
2025-05-27,SEA,WSN,10.0,9.0,1.0,3.4,4.8,3.7,2.9,3.9,4.1,4.0,2.8,4.3,3.7,4.1,5.0,2025-05-27,Logan Evans,0.17806759906759906,0.07989976689976688,0.16290322580645158,Mitchell Parker,0.1548933433716042,0.10612784558436728,0.183841451732208
2025-06-04,SEA,BAL,5.0,2.0,3.0,3.0,4.2,2.9,4.1,3.45,4.25,3.6,2.4,3.9,4.2,3.8,5.1,2025-06-04,Emerson Hancock,0.15167532690622018,0.07829418354120914,0.17609365933191606,Cade Povich,0.2349722379070205,0.08839629211368341,0.21690592905852854
2025-06-05,SEA,BAL,7.0,3.0,4.0,2.8,3.8,3.1,4.3,3.25,4.15,3.4,1.6,3.7,2.5,3.85,4.95,2025-06-05,Bryan Woo,0.23519982433025907,0.03180720245937634,0.19584173941714125,Zach Eflin,0.14696394587698933,0.03934755720470005,0.17353529069411772
2025-06-14,SEA,CLE,7.0,4.0,3.0,4.2,5.4,3.3,4.5,3.5,4.1,4.2,3.8,3.3,3.2,3.75,3.7,2025-06-14,George Kirby,0.28089244851258577,0.045766590389015996,0.20832613834926508,Tanner Bibee,0.19421919217905836,0.07324396339446505,0.20504776038565978
2025-06-15,SEA,CLE,6.0,6.0,0.0,3.8,4.4,3.5,4.7,3.4,4.2,4.0,4.2,3.2,3.4,3.65,3.6,2025-06-15,Emerson Hancock,0.16322842952406155,0.08500749404359799,0.17650566377965246,Luis Ortiz,0.25800188663064916,0.11330929382768845,0.26245138413590124
2025-06-16,SEA,BOS,2.0,0.0,2.0,4.4,4.0,4.0,4.2,3.45,4.15,4.8,2.8,6.0,4.7,4.9,4.2,2025-06-16,Logan Gilbert,0.3723507137408739,0.046470342522974085,0.3586398991865063,Lucas Giolito,0.1684951280603454,0.07950386569951785,0.16100683329791718
2025-06-17,SEA,BOS,8.0,8.0,0.0,3.8,2.4,3.8,4.1,3.45,4.2,3.0,1.4,5.9,4.6,4.8,3.7,2025-06-17,Bryan Woo,0.22712174484749734,0.03628262298830858,0.1983708105459481,Walker Buehler,0.21254288492256404,0.07326176200507749,0.18133402415064917
2025-06-30,SEA,KCR,8.0,6.0,2.0,6.4,5.0,5.7,4.4,4.85,4.3,2.8,4.4,2.8,4.1,2.95,4.2,2025-06-30,George Kirby,0.23193854200719183,0.05861986983268445,0.1799606625531223,Michael Wacha,0.19106105699855697,0.06515862559340818,0.20618320439988222
2025-07-01,SEA,KCR,9.0,3.0,6.0,4.8,4.2,6.3,4.4,5.05,4.25,3.2,5.0,2.6,4.6,3.0,4.3,2025-07-01,Emerson Hancock,0.16445590474408767,0.08955920752856869,0.17905852419365037,Michael Lorenzen,0.18977770305309657,0.07245848135254992,0.20099776615634773
2025-07-02,SEA,KCR,5.0,3.0,2.0,3.2,5.0,5.8,5.0,5.05,4.35,4.4,4.8,2.6,4.4,2.95,4.2,2025-07-02,Logan Gilbert,0.3708327967481285,0.04165909943941978,0.3475306764028331,Noah Cameron,0.18791375183188044,0.0881745047242123,0.23175233411881146
2025-07-03,SEA,KCR,5.0,2.0,3.0,2.6,4.4,6.0,4.9,5.0,4.2,4.0,4.4,2.7,4.2,2.95,3.85,2025-07-03,Logan Evans,0.17941106397628134,0.07478462761071454,0.16550084269331852,Seth Lugo,0.21447348349118048,0.07587826859588034,0.18125313402466467
2025-07-04,SEA,PIT,6.0,6.0,0.0,3.0,4.6,5.3,4.8,4.8,3.95,6.8,0.6,6.1,2.4,4.6,3.15,2025-07-04,Bryan Woo,0.24523353307320694,0.042300143998513534,0.2249456259283507,Bailey Falter,0.14620180940701474,0.09250567854825413,0.15525555908204441
2025-07-06,SEA,PIT,1.0,1.0,0.0,3.0,2.2,3.9,3.2,4.85,3.35,2.6,1.4,4.8,2.4,4.0,3.3,2025-07-06,George Kirby,0.2327081290181976,0.05129238610359889,0.1931798654482677,Carmen Mlodzinski,0.1556622471096155,0.07070679946619794,0.17287001387611142
2025-07-20,SEA,HOU,14.0,3.0,11.0,9.4,4.8,6.0,3.7,6.0,4.3,2.4,5.8,5.2,4.5,4.75,4.35,2025-07-20,Bryan Woo,0.24842014534043516,0.046875490317519274,0.2252530161014866,Hunter Brown,0.3078671747779299,0.07462172457595796,0.26637440642723836
2025-07-22,SEA,MIL,1.0,1.0,0.0,6.4,5.8,5.5,5.1,5.35,4.45,6.0,2.6,5.9,2.4,5.55,3.05,2025-07-22,Logan Gilbert,0.35590237533887414,0.05763321346845373,0.32415261048386806,Jacob Misiorowski,0.3331128759665575,0.10779093941161513,0.2612693853676095
2025-07-31,SEA,TEX,6.0,6.0,0.0,3.2,3.6,2.6,4.7,4.3,4.2,6.2,4.2,5.1,2.9,5.8,3.15,2025-07-31,George Kirby,0.2454165304565762,0.05734307221721407,0.2283504332045615,Jacob Latz,0.24257719064704356,0.10651859034211975,0.26686962869060765
2025-08-01,SEA,TEX,7.0,4.0,3.0,3.0,3.2,2.9,3.6,4.5,4.05,4.6,4.8,4.7,3.4,5.5,3.45,2025-08-01,Logan Gilbert,0.3618000570313417,0.05914015699893436,0.32707978857800935,Jack Leiter,0.21027337261668558,0.11400330240147172,0.21579436945155864
2025-08-03,SEA,TEX,9.0,5.0,4.0,3.6,3.0,3.3,3.3,4.4,4.2,3.6,5.4,4.9,3.6,5.3,3.45,2025-08-03,Logan Evans,0.17852205094958715,0.08147374498823771,0.17364361487860072,Jacob deGrom,0.27378314032776274,0.056328783090796794,0.2763270261021048
2025-08-05,SEA,CHW,11.0,8.0,3.0,4.0,3.6,3.7,3.7,4.6,4.4,4.8,4.0,5.8,4.7,5.5,4.3,2025-08-05,Bryan Woo,0.2464073366247279,0.047742415930821694,0.22711267018035614,Tyler Gilbert,0.22997448979591836,0.09978741496598639,0.22384916670630955
2025-08-06,SEA,CHW,14.0,8.0,6.0,5.4,3.0,4.3,3.0,4.95,4.55,4.8,4.4,5.0,4.6,5.45,4.4,2025-08-06,George Kirby,0.2475173567850913,0.059925073655050745,0.22715162737704203,Tyler Alexander,0.18615971987444146,0.06040010220025475,0.16210612317854295
2025-08-09,SEA,TBR,11.0,7.0,4.0,5.6,3.6,4.3,3.4,5.05,4.0,3.0,3.6,3.2,3.9,3.6,4.45,2025-08-09,Logan Evans,0.17632804703038812,0.07520653383529635,0.1781755013906225,Joe Boyle,0.23412250865258383,0.09260949994032698,0.2677585454684232
2025-08-10,SEA,TBR,9.0,6.0,3.0,6.2,3.8,4.9,3.4,4.8,4.05,3.8,4.4,3.2,4.4,3.75,4.6,2025-08-10,Bryan Woo,0.25299356440660786,0.04557230611578434,0.22736019151465284,Adrian Houser,0.16347232061624864,0.07642587209928535,0.1679658531984113
2025-08-22,SEA,ATH,5.0,3.0,2.0,3.4,7.8,4.1,6.0,4.5,4.7,6.6,3.8,5.9,3.4,5.6,3.3,2025-08-22,Bryan Woo,0.25915435711631357,0.04658230624716129,0.22583219511292155,Luis Morales,0.18192918192918192,0.19698819698819695,0.19548872180451124
2025-08-24,SEA,ATH,15.0,11.0,4.0,3.8,7.6,3.8,5.9,4.5,4.75,6.6,2.8,5.9,3.4,5.35,3.4,2025-08-24,Logan Gilbert,0.33130745176511767,0.058775677665837835,0.30393458648875815,Jacob Lopez,0.2641025915668364,0.08622918598690907,0.2474371934615817
2025-08-25,SEA,SDP,15.0,9.0,6.0,5.4,7.0,4.8,6.3,5.0,4.65,5.0,3.0,3.9,3.4,4.4,3.45,2025-08-25,Bryce Miller,0.1859753347916443,0.1054887653317027,0.20627384945624297,JP Sears,0.2003597548734848,0.05975738125337665,0.1833007654943761
2025-08-27,SEA,SDP,7.0,4.0,3.0,6.2,6.0,5.7,6.7,5.25,5.05,4.4,5.0,5.0,4.0,4.6,3.75,2025-08-27,Bryan Woo,0.2604548494983277,0.04805234733060817,0.22810325513449164,Yu Darvish,0.2224866238399913,0.08285304020598136,0.22090728310211577
2025-09-08,SEA,STL,6.0,4.0,2.0,7.6,4.6,5.5,4.7,5.6,5.7,3.2,3.0,3.2,3.8,4.3,5.3,2025-09-08,Bryan Woo,0.2551012916230307,0.051024900726994095,0.22290870490930517,Miles Mikolas,0.1480370974948905,0.055903755514103835,0.14961672169155527
2025-09-09,SEA,STL,8.0,5.0,3.0,7.4,3.8,5.5,4.6,5.25,5.35,3.2,3.6,3.3,4.0,4.0,4.9,2025-09-09,George Kirby,0.23252841320251394,0.05716677971886931,0.2343804945645171,Matthew Liberatore,0.18242088803807688,0.061301564560013753,0.181680574416268
2025-09-14,SEA,LAA,13.0,11.0,2.0,6.8,2.2,5.6,4.2,5.3,4.6,4.6,4.8,4.2,6.1,3.55,5.8,2025-09-14,George Kirby,0.22590199254238827,0.059308440732925835,0.22578646983629125,Kyle Hendricks,0.14980171914841547,0.06518925284486884,0.159609514578445
2025-09-23,SEA,COL,7.0,4.0,3.0,4.8,2.8,5.9,2.8,5.7,3.7,4.2,5.4,3.9,5.7,3.7,6.2,2025-09-23,Bryce Miller,0.19681184701708154,0.08889257378459323,0.20906754500544053,McCade Brown,0.11487956487956485,0.13599067599067596,0.17167515563101296
2025-09-25,SEA,COL,8.0,6.0,2.0,6.0,2.4,6.5,2.9,6.0,3.5,3.0,4.6,4.0,6.6,3.55,6.2,2025-09-25,Emerson Hancock,0.14075776400407314,0.06992325201776865,0.16313652179803448,Bradley Blalock,0.1069934127494416,0.07497707476144369,0.15168702488080854
2025-09-26,SEA,LAD,5.0,2.0,3.0,6.4,2.8,6.6,2.8,6.1,3.5,5.2,3.2,6.2,3.5,5.25,3.35,2025-09-26,George Kirby,0.24875387751787362,0.053916764302659854,0.23292841131362446,Emmet Sheehan,0.29670841063698206,0.08011595547309831,0.30127667236111394
2025-09-27,SEA,LAD,8.0,3.0,5.0,5.6,2.6,5.7,2.9,6.1,3.15,4.6,3.0,5.2,3.0,5.15,3.25,2025-09-27,Logan Gilbert,0.3265534368695124,0.05663171433194314,0.3053979104455429,Andrew Heaney,0.14988074679890534,0.07623632784758103,0.17074637392727954
2025-04-23,SFG,MIL,6.0,4.0,2.0,3.0,4.4,4.9,4.6,4.3,3.7,6.6,3.0,5.0,3.5,5.4,3.55,2025-04-23,Logan Webb,0.3269762845849802,0.06060606060606057,0.25628536542822256,Freddy Peralta,0.2921358641358641,0.07966233766233763,0.34480957640096577
2025-04-24,SFG,MIL,11.0,6.0,5.0,3.8,4.4,4.8,4.4,4.4,3.65,6.0,3.2,4.8,3.4,5.45,3.2,2025-04-24,Landen Roupp,0.3115384615384615,0.0908653846153846,0.3481878586529749,Tyler Alexander,0.25046462775295725,0.10012955093046623,0.19102244433126783
2025-04-25,SFG,TEX,2.0,0.0,2.0,4.4,5.0,4.4,4.5,4.4,3.75,3.4,3.6,3.0,2.8,3.2,3.5,2025-04-25,Justin Verlander,0.20549450549450543,0.10199800199800194,0.25922304228175286,Nathan Eovaldi,0.2635535479013739,0.01818181818181818,0.26912352044411847
2025-04-26,SFG,TEX,5.0,3.0,2.0,3.6,4.4,4.0,4.1,4.05,3.75,3.0,3.0,3.1,2.5,3.25,3.5,2025-04-26,Robbie Ray,0.24037329819938513,0.16686209925340356,0.24208794343582532,Tyler Mahle,0.25602175602175603,0.1445415695415695,0.2634189738722578
2025-05-01,SFG,COL,7.0,3.0,4.0,2.6,3.6,3.5,4.3,3.8,4.1,2.4,5.8,3.0,5.4,3.15,6.35,2025-05-01,Justin Verlander,0.20747730530339217,0.09224471180992914,0.24632223220449098,Kyle Freeland,0.18032779906343122,0.03722222222222222,0.21197220211700143
2025-05-02,SFG,COL,4.0,4.0,0.0,3.2,4.0,3.4,4.2,3.95,4.2,2.4,5.2,3.2,5.4,3.3,6.15,2025-05-02,Robbie Ray,0.24969379788220367,0.14522458888400913,0.27019233381556873,Antonio Senzatela,0.09317742643829596,0.03796897546897544,0.15720585774933601
2025-05-03,SFG,COL,9.0,6.0,3.0,3.4,3.6,3.3,4.0,4.15,4.15,2.2,4.4,2.9,5.7,3.2,5.5,2025-05-03,Jordan Hicks,0.18847842562235365,0.08649808795236079,0.1975136390367037,Bradley Blalock,0.125,0.03333333333333333,0.15256410256410255
2025-05-04,SFG,COL,12.0,9.0,3.0,4.0,3.8,3.6,3.2,4.25,3.9,2.2,4.4,2.8,5.6,3.0,5.7,2025-05-04,Logan Webb,0.30101480644958906,0.06511544011544008,0.2489684977351348,Germ\xc3\xa1n M\xc3\xa1rquez,0.11835992778021759,0.0953032742887815,0.17954887629723382
2025-05-12,SFG,ARI,3.0,1.0,2.0,3.2,3.6,3.6,3.7,3.35,3.6,4.2,6.4,3.8,5.0,4.65,5.15,2025-05-12,Justin Verlander,0.193465121834687,0.08608829576220876,0.24327207955877364,Merrill Kelly,0.18399821796560925,0.06582674571805004,0.181962880286051
2025-05-13,SFG,ARI,16.0,10.0,6.0,1.6,3.4,3.3,3.2,3.4,3.6,4.4,5.2,3.6,4.9,4.25,5.0,2025-05-13,Robbie Ray,0.25611092812179764,0.1302046735470648,0.2594192859573101,Brandon Pfaadt,0.20344874026939241,0.0463741351241351,0.21352519762845845
2025-05-14,SFG,ARI,15.0,7.0,8.0,3.2,2.8,4.0,3.3,3.75,3.8,4.6,6.6,4.0,5.6,4.25,5.4,2025-05-14,Jordan Hicks,0.2142754858834319,0.07677832786903249,0.21967239143968992,Eduardo Rodr\xc3\xadguez,0.2555164742664742,0.08153499278499275,0.20610548952340993
2025-05-16,SFG,ATH,10.0,9.0,1.0,4.0,4.2,4.4,3.7,3.9,3.95,5.8,9.6,4.8,8.0,4.55,6.3,2025-05-16,Logan Webb,0.29496918808513006,0.06269707658596545,0.24975327601621597,JP Sears,0.20210291520074128,0.038186813186813176,0.1807170646382013
2025-05-18,SFG,ATH,5.0,3.0,2.0,5.6,3.8,4.9,3.8,4.1,3.9,3.8,10.0,4.3,8.0,4.35,6.35,2025-05-18,Justin Verlander,0.19254512887363123,0.08063815590385634,0.23568629294113214,Jeffrey Springs,0.18166122376648686,0.11338700286068705,0.22664320326444815
2025-05-19,SFG,KCR,4.0,1.0,3.0,6.0,3.8,4.6,3.7,4.1,3.45,1.8,3.6,3.0,3.7,3.55,2.95,2025-05-19,Robbie Ray,0.26336844404477255,0.12764224950215286,0.27099896125498274,Kris Bubic,0.2520780408016614,0.06333849094845787,0.28385492688788616
2025-05-20,SFG,KCR,5.0,3.0,2.0,6.0,4.0,3.8,3.7,3.95,3.5,2.2,3.4,3.1,3.7,3.6,3.0,2025-05-20,Kyle Harrison,0.3333333333333333,0.07407407407407407,0.28621553884711776,Michael Lorenzen,0.1998244178437415,0.06774122996345217,0.22703286274747134
2025-06-04,SFG,SDP,11.0,6.0,5.0,2.0,2.0,2.2,2.6,3.05,2.8,5.0,5.4,3.3,5.5,4.6,5.7,2025-06-04,Kyle Harrison,0.3188453159041394,0.06481481481481481,0.325125313283208,Nick Pivetta,0.28532050571992323,0.07355910437250147,0.23003178155586645
2025-06-05,SFG,SDP,5.0,3.0,2.0,3.0,2.4,2.4,2.3,3.2,3.0,4.4,5.4,3.8,5.8,4.7,5.4,2025-06-05,Robbie Ray,0.2777400082472546,0.10893681533174283,0.2647358989457722,Dylan Cease,0.28933262834292583,0.07698778401867643,0.30769993098395826
2025-06-07,SFG,ATL,5.0,3.0,2.0,3.0,2.0,2.3,2.5,3.3,2.95,4.0,4.8,3.7,4.4,4.3,3.85,2025-06-07,Logan Webb,0.2761586703894396,0.05149245341553031,0.24865748494749923,Bryce Elder,0.18305828158769333,0.07838935574229691,0.18541882917925445
2025-06-08,SFG,ATL,7.0,4.0,3.0,3.2,2.4,2.6,2.4,3.4,2.95,3.4,5.4,3.6,4.2,4.2,3.85,2025-06-08,Landen Roupp,0.21907162282162282,0.0823663836163836,0.240456159412641,Spencer Strider,0.21879414445203915,0.09778992936887673,0.28535353535353536
2025-06-17,SFG,CLE,5.0,2.0,3.0,6.4,6.6,5.4,5.0,3.8,3.8,3.2,4.0,3.0,3.7,3.4,3.85,2025-06-17,Robbie Ray,0.28078395264730666,0.1030342770870721,0.2737342503784274,Slade Cecconi,0.2625454545454545,0.06236363636363634,0.2727679566810001
2025-06-18,SFG,CLE,6.0,2.0,4.0,4.8,5.8,5.0,4.8,3.7,3.55,3.8,4.2,2.9,3.9,3.2,3.95,2025-06-18,Justin Verlander,0.1782906159862681,0.0975743403134707,0.23211766364701894,Logan Allen,0.20743209657925374,0.09443777763175754,0.2016478971439752
2025-06-19,SFG,CLE,3.0,2.0,1.0,3.8,5.0,4.9,5.0,3.6,3.75,2.4,4.2,3.3,3.7,3.25,4.0,2025-06-19,Logan Webb,0.27778195878195877,0.05262679296012627,0.25084706896508135,Gavin Williams,0.23047609483127626,0.12838977381148023,0.2635031867966678
2025-06-20,SFG,BOS,12.0,5.0,7.0,3.0,4.8,4.8,4.9,3.7,3.65,2.2,2.4,4.5,3.9,4.7,4.1,2025-06-20,Hayden Birdsong,0.23480849833645884,0.09382735320235319,0.2529508911907935,Hunter Dobbins,0.18229140994379184,0.04564567985620615,0.20273117190286377
2025-06-21,SFG,BOS,5.0,3.0,2.0,3.0,4.0,4.9,5.3,3.8,3.9,2.8,2.8,4.6,3.5,5.0,4.1,2025-06-21,Landen Roupp,0.1934899624185338,0.09829206507777935,0.2171597012652569,Brayan Bello,0.17512407077624467,0.10785356350573737,0.17408915709668935
2025-06-22,SFG,BOS,14.0,9.0,5.0,2.8,3.4,4.6,5.0,3.9,3.85,2.8,3.4,3.8,3.1,4.15,4.0,2025-06-22,Robbie Ray,0.27488553529133236,0.10129353040947241,0.27378595394797023,Lucas Giolito,0.20268350007480437,0.07596110813502116,0.1854452274817465
2025-06-24,SFG,MIA,6.0,2.0,4.0,4.2,3.8,4.5,4.8,4.3,3.95,2.8,3.6,4.2,3.9,3.3,3.95,2025-06-24,Justin Verlander,0.18687576659908672,0.09283617714447749,0.23427187181441467,Cal Quantrill,0.17491559171342067,0.0651486199500256,0.18281161460965184
2025-06-26,SFG,MIA,17.0,5.0,12.0,4.2,3.8,4.0,4.4,4.25,3.95,3.2,3.2,3.5,3.2,3.45,4.05,2025-06-26,Hayden Birdsong,0.23169142089420725,0.09098189392307038,0.25164608763658386,Janson Junk,0.2505041255041255,0.0155122655122655,0.21631073110315394
2025-07-07,SFG,PHI,4.0,3.0,1.0,4.8,5.0,3.6,4.8,3.8,4.6,4.6,3.6,4.4,2.7,4.5,3.05,2025-07-07,Landen Roupp,0.19806196787015198,0.10490863356592255,0.22102254433006077,Cristopher S\xc3\xa1nchez,0.25964572133370084,0.07313277515323548,0.27077244955686613
2025-07-08,SFG,PHI,7.0,4.0,3.0,5.0,3.6,3.4,3.7,3.65,4.55,4.0,3.0,4.4,2.8,4.0,3.0,2025-07-08,Robbie Ray,0.27231253960371926,0.09334912272577844,0.2685213918833558,Taijuan Walker,0.2022396221507811,0.08332151583329399,0.20081779852344706
2025-07-09,SFG,PHI,13.0,0.0,13.0,4.4,3.8,3.5,3.9,3.6,4.15,3.6,3.6,3.4,3.2,3.9,3.1,2025-07-09,Justin Verlander,0.19192079027482747,0.08580683062049518,0.2298690757533426,Jes\xc3\xbas Luzardo,0.27000297220239666,0.0873704015900525,0.2827849857669549
2025-07-11,SFG,LAD,15.0,8.0,7.0,4.0,4.2,3.5,5.1,3.4,4.55,1.6,8.2,3.5,5.8,4.85,5.2,2025-07-11,Logan Webb,0.2732865088128246,0.05538205459258089,0.2412254111682029,Dustin May,0.22396108521108518,0.08769384550634549,0.19085394355994856
2025-07-12,SFG,LAD,3.0,1.0,2.0,4.2,5.2,4.1,5.3,3.7,4.75,2.8,6.2,3.7,5.7,4.8,5.3,2025-07-12,Landen Roupp,0.19499503314720704,0.10437138143659881,0.21280855473990834,Shohei Ohtani,0.2857142857142857,0.0357142857142857,0.24181929181929177
2025-07-25,SFG,NYM,9.0,1.0,8.0,6.4,5.2,4.5,5.5,3.95,4.6,4.2,3.4,4.1,3.9,4.0,5.05,2025-07-25,Logan Webb,0.2608060202887789,0.053733736311733005,0.23242389808642394,Clay Holmes,0.18317897510574854,0.09442075792247415,0.20680212883416357
2025-07-26,SFG,NYM,3.0,1.0,2.0,6.0,5.6,4.2,6.0,3.85,4.95,5.4,2.6,4.6,3.3,4.35,4.65,2025-07-26,Robbie Ray,0.26224724989434794,0.10092921228932712,0.258528407375003,David Peterson,0.20281286489893557,0.07779930976727313,0.21576763864208398
2025-07-29,SFG,PIT,4.0,1.0,3.0,3.8,4.8,4.2,5.1,4.1,5.1,5.6,2.2,4.0,3.9,3.0,3.9,2025-07-29,Justin Verlander,0.1829263651002781,0.0912059986996048,0.2215706404995523,Bailey Falter,0.15475596211255688,0.08206619933876051,0.15864068488160168
2025-08-10,SFG,WSN,8.0,0.0,8.0,4.6,2.4,5.0,4.2,4.65,4.55,2.6,6.0,3.2,8.4,3.65,6.1,2025-08-10,Justin Verlander,0.19094368552034452,0.08662929070251721,0.22674890145763402,MacKenzie Gore,0.27623033061596386,0.08412576256621622,0.273439019584749
2025-08-11,SFG,SDP,5.0,1.0,4.0,3.8,3.0,4.7,4.5,4.25,4.6,4.0,4.6,4.8,3.9,4.55,3.45,2025-08-11,Logan Webb,0.27043664748406127,0.05541140266714977,0.23496096711079917,Yu Darvish,0.19758911579563754,0.09633838383838382,0.2288257380109847
2025-08-12,SFG,SDP,6.0,1.0,5.0,2.4,3.6,4.3,4.3,4.25,4.7,3.4,4.2,4.5,3.4,4.4,3.4,2025-08-12,Robbie Ray,0.2574150616062724,0.09824895818905867,0.2584913057687029,Nestor Cortes,0.18445378151260503,0.1797852474323062,0.23583376002730838
2025-08-15,SFG,TBR,13.0,6.0,7.0,1.0,6.4,3.8,4.4,4.2,5.0,4.4,5.0,3.7,4.3,3.6,4.65,2025-08-15,Landen Roupp,0.20513189346884997,0.09820697056566621,0.2177618893923965,Joe Boyle,0.2377519319131161,0.11392804928989136,0.2663400093361524
2025-08-16,SFG,TBR,3.0,1.0,2.0,1.8,7.0,3.2,4.7,4.2,4.95,5.0,4.8,4.4,4.6,3.75,4.8,2025-08-16,Justin Verlander,0.19293496278278882,0.08422090309046827,0.22241145638475235,Adrian Houser,0.16320521903038335,0.07977772809164801,0.1755582234652002
2025-08-17,SFG,TBR,8.0,7.0,1.0,2.0,5.8,2.9,4.4,4.0,4.6,4.8,3.8,4.5,4.2,3.4,4.3,2025-08-17,Logan Webb,0.2639048958704131,0.054623517989035204,0.22964416107942842,Ryan Pepiot,0.22979954796716412,0.08754564654624622,0.2200997538253229
2025-08-26,SFG,CHC,7.0,5.0,2.0,4.0,5.0,3.9,4.3,3.85,4.35,4.8,2.6,4.1,2.9,3.45,2.9,2025-08-26,Justin Verlander,0.19920494452115,0.07872895951947333,0.22380380332498148,Drew Pomeranz,0.277906976744186,0.06821705426356589,0.23028876807946574
2025-08-27,SFG,CHC,15.0,12.0,3.0,4.8,3.8,3.8,3.8,3.5,4.25,4.4,3.0,4.0,3.3,3.45,3.0,2025-08-27,Carson Whisenhunt,0.15891583906289786,0.11344856124267887,0.24646013708513706,Colin Rea,0.1692761324826542,0.06417358607575997,0.1754711812195674
2025-08-28,SFG,CHC,7.0,4.0,3.0,6.4,2.8,4.9,3.9,3.9,4.15,4.8,4.6,3.9,4.2,3.55,3.35,2025-08-28,Logan Webb,0.2610847801269257,0.053540294434291855,0.22844953777069177,Shota Imanaga,0.2148411472701043,0.04044870866979419,0.21241844119602163
2025-08-29,SFG,BAL,23.0,15.0,8.0,6.4,2.4,4.6,4.1,3.7,4.25,2.0,3.4,4.5,4.6,3.85,4.4,2025-08-29,Robbie Ray,0.24328632256739885,0.09667961401767435,0.251301501659188,Dean Kremer,0.20017778635011513,0.06048538662339046,0.2086592703657778
2025-08-31,SFG,BAL,15.0,13.0,2.0,7.4,5.4,5.7,5.2,4.05,5.1,4.6,5.4,4.6,5.9,4.65,4.3,2025-08-31,Justin Verlander,0.1985953897674124,0.0785265731957603,0.22083648820457163,Tomoyuki Sugano,0.1533076585250498,0.055704277365146916,0.16319335241645838
2025-09-08,SFG,ARI,16.0,11.0,5.0,6.0,4.2,7.1,4.7,6.0,4.3,5.2,3.2,4.8,2.8,5.1,4.05,2025-09-08,Logan Webb,0.26232658212444177,0.05298265657361969,0.23321538674002937,Anthony DeSclafani,0.22094367308271048,0.058749205340114415,0.24119846019618407
2025-09-09,SFG,ARI,8.0,5.0,3.0,6.8,4.4,7.8,4.9,6.2,4.5,5.2,4.8,5.0,3.7,4.95,4.5,2025-09-09,Robbie Ray,0.24688413104237447,0.09628164690673754,0.25365206122645884,Zac Gallen,0.217471337313916,0.07935745830048675,0.20710719488869125
2025-09-13,SFG,LAD,20.0,7.0,13.0,4.8,4.0,7.0,3.8,6.35,4.5,5.4,1.8,4.3,3.2,4.2,3.35,2025-09-13,Logan Webb,0.2625567216946527,0.05378067058526826,0.23210820718202838,Clayton Kershaw,0.1756578680289812,0.0692123369468907,0.2138830286129774
2025-09-14,SFG,LAD,12.0,2.0,10.0,5.8,6.0,6.4,4.9,6.65,4.75,7.4,2.4,5.1,3.5,4.7,3.3,2025-09-14,Robbie Ray,0.24742658983219007,0.09658103060633752,0.25244336933050443,Tyler Glasnow,0.28318463661941917,0.12878038788908353,0.2650517871654818
2025-09-22,SFG,STL,11.0,5.0,6.0,3.4,4.4,3.5,6.1,5.65,5.5,4.6,3.8,3.7,4.1,3.4,4.2,2025-09-22,Justin Verlander,0.2056628787557767,0.08042139411787917,0.22112323097933673,Michael McGreevy,0.15182460788639277,0.042397438818491444,0.17176600892473362
2025-09-23,SFG,STL,17.0,8.0,9.0,3.4,4.4,3.5,6.4,5.15,5.4,4.6,2.6,3.9,4.3,3.55,4.05,2025-09-23,Logan Webb,0.259258814700625,0.05446221084152116,0.2293293854096222,Andre Pallante,0.1502949439181323,0.08680757594525709,0.2029757977192908
2025-09-27,SFG,COL,7.0,4.0,3.0,5.2,4.4,4.1,5.1,4.95,5.4,2.6,5.2,3.6,5.8,3.2,5.95,2025-09-27,Justin Verlander,0.20278206165735613,0.08052539194700255,0.22094798045208242,Kyle Freeland,0.16952334679221231,0.05008408982322024,0.18571066355586804
2025-04-25,STL,MIL,5.0,3.0,2.0,4.2,5.0,3.8,4.0,4.95,4.7,6.8,3.8,5.1,3.5,5.45,3.5,2025-04-25,Matthew Liberatore,0.24305555555555555,0.0206228956228956,0.22952740792158344,Tyler Alexander,0.21468396664539194,0.12153961508325677,0.1637335237125153
2025-04-26,STL,MIL,11.0,6.0,5.0,4.8,4.8,3.3,3.9,4.85,4.75,4.4,4.2,5.2,2.9,5.5,3.65,2025-04-26,Sonny Gray,0.25854600301659125,0.036025641025641,0.2696253043957411,Quinn Priester,0.16875522138680024,0.15455304928989133,0.23087601157776594
2025-04-27,STL,MIL,8.0,1.0,7.0,5.2,4.4,3.9,4.2,4.7,4.9,5.0,4.4,5.2,3.5,5.6,3.85,2025-04-27,Erick Fedde,0.10522624434389141,0.13513574660633482,0.17071428571428568,Jose Quintana,0.12752525252525249,0.06944444444444443,0.1295739348370927
2025-05-02,STL,NYM,12.0,3.0,9.0,3.6,4.0,4.4,4.2,3.75,3.55,7.8,4.8,6.2,3.8,5.4,3.45,2025-05-02,Sonny Gray,0.24014636053851737,0.048539886039886015,0.2466175782245211,Clay Holmes,0.26453301127214174,0.09577294685990335,0.2220986380469139
2025-05-04,STL,NYM,11.0,6.0,5.0,4.0,4.4,4.1,4.4,3.8,4.0,8.2,3.8,6.4,3.7,5.35,3.35,2025-05-04,Erick Fedde,0.11067704270036927,0.1241073750455089,0.16607142857142854,Tylor Megill,0.2992162141189601,0.09285813347598242,0.23249228439361427
2025-05-05,STL,PIT,9.0,6.0,3.0,4.8,5.6,4.1,4.5,3.95,4.25,2.4,5.2,2.4,5.6,3.1,4.4,2025-05-05,Miles Mikolas,0.13634920634920633,0.07087301587301587,0.13011893188967866,Joey Wentz,0.15274725274725276,0.09358974358974358,0.2006188378305963
2025-05-06,STL,PIT,3.0,2.0,1.0,4.2,6.0,4.4,4.6,3.85,4.25,2.2,5.8,2.4,5.8,3.15,4.45,2025-05-06,Matthew Liberatore,0.2188003220611916,0.027637485970819286,0.19914922432867466,Paul Skenes,0.25029383659818444,0.05033922599139989,0.2543293641992476
2025-05-07,STL,PIT,5.0,5.0,0.0,4.4,4.4,4.0,4.2,3.95,4.2,1.8,4.6,2.2,6.0,3.2,4.35,2025-05-07,Sonny Gray,0.24310681834978506,0.06023915697828739,0.24313252736704985,Mitch Keller,0.1669442875964615,0.06959501850806196,0.1601144899681002
2025-05-19,STL,DET,15.0,11.0,4.0,5.4,2.8,5.5,1.9,4.75,3.05,5.8,3.0,5.6,3.5,6.15,3.45,2025-05-19,Sonny Gray,0.2468608587164995,0.05685267764977908,0.23237362011158202,Keider Montero,0.167454719609892,0.10010884709160568,0.20790607832713093
2025-05-20,STL,DET,9.0,4.0,5.0,7.4,3.2,6.1,2.3,5.25,2.9,3.8,4.8,5.0,4.4,6.15,3.85,2025-05-20,Erick Fedde,0.13404530097623302,0.12342944289544516,0.15487382987382983,Tyler Holton,0.20352733686067018,0.08447971781305114,0.21299620858444385
2025-05-21,STL,DET,6.0,1.0,5.0,5.4,2.8,5.5,2.8,5.4,3.0,3.6,4.6,4.4,4.7,6.1,3.95,2025-05-21,Andre Pallante,0.14922526391125424,0.08068322981366458,0.20711729194105344,Tyler Holton,0.1928153717627402,0.08003341687552214,0.20178588181684154
2025-05-23,STL,ARI,7.0,4.0,3.0,3.6,3.2,5.2,3.1,5.15,3.25,6.2,4.4,5.1,4.8,4.6,5.05,2025-05-23,Miles Mikolas,0.14417027417027414,0.07877825877825877,0.14005477812253087,Zac Gallen,0.245169462582506,0.10463484985224111,0.23061271562342553
2025-05-24,STL,ARI,11.0,6.0,5.0,4.2,3.8,5.0,3.3,4.9,3.35,5.2,5.2,5.1,5.2,4.6,4.85,2025-05-24,Matthew Liberatore,0.21867473195975606,0.03967380356269243,0.2156585657781993,Merrill Kelly,0.22266153733545035,0.06516139657444003,0.2070703042288408
2025-05-25,STL,ARI,7.0,4.0,3.0,5.2,4.4,5.3,3.6,5.15,3.15,3.8,3.6,5.5,5.0,4.65,5.0,2025-05-25,Sonny Gray,0.26503191570199236,0.05592931464670593,0.23580292476709047,Brandon Pfaadt,0.17704470650122822,0.055930476930476904,0.18900197628458495
2025-06-03,STL,KCR,17.0,7.0,10.0,3.4,5.4,3.4,4.8,4.45,3.8,2.2,3.4,3.0,3.9,3.05,3.8,2025-06-03,Andre Pallante,0.15702605767823155,0.09126607691825081,0.21090751628556487,Michael Lorenzen,0.18952514383480715,0.06878160058206396,0.22117217031584427
2025-06-05,STL,KCR,12.0,5.0,7.0,3.4,6.6,4.0,5.3,4.6,4.2,3.8,3.4,3.8,4.3,3.05,4.15,2025-06-05,Miles Mikolas,0.14675478671526102,0.06840750817035401,0.1329533053258641,Cole Ragans,0.374253122079209,0.07272099880795531,0.30092846368593873
2025-06-07,STL,LAD,3.0,2.0,1.0,4.0,5.0,4.0,5.2,4.65,4.4,5.6,5.0,5.7,4.7,5.95,5.1,2025-06-07,Erick Fedde,0.14220064239884142,0.10590541550491721,0.15925472175472172,Yoshinobu Yamamoto,0.2902063549099122,0.08919203326317947,0.2610412356148379
2025-06-10,STL,TOR,19.0,9.0,10.0,4.4,5.0,3.9,5.2,4.15,4.35,5.0,3.2,6.7,4.2,4.7,3.4,2025-06-10,Miles Mikolas,0.14093547756591232,0.06591201069461937,0.13749886321537544,Chris Bassitt,0.2403584717498914,0.0542496431967081,0.21060327332984172
2025-06-11,STL,TOR,7.0,2.0,5.0,4.8,5.0,4.1,5.8,4.1,4.7,6.6,4.8,6.5,5.1,5.1,3.8,2025-06-11,Matthew Liberatore,0.20240417794765617,0.037346795046070386,0.2058786513952058,Eric Lauer,0.22374174028585792,0.07928158442864322,0.20160469338100914
2025-06-20,STL,CIN,7.0,6.0,1.0,5.8,3.4,4.5,4.6,4.25,4.9,7.0,6.6,6.2,5.1,5.1,4.8,2025-06-20,Andre Pallante,0.16345698182654703,0.08149742022412829,0.21639677628276321,Brady Singer,0.18894965827825053,0.10347933221679147,0.20643313595820328
2025-06-22,STL,CIN,5.0,1.0,4.0,6.6,3.0,4.9,4.6,4.35,4.8,6.2,5.6,5.0,5.6,4.75,4.55,2025-06-22,Miles Mikolas,0.14758755219935343,0.05947219964300708,0.13841893903309235,Andrew Abbott,0.260813942256328,0.07922647398177032,0.21952230030235667
2025-06-23,STL,CHC,10.0,8.0,2.0,5.2,2.8,4.7,4.3,4.3,4.75,6.4,8.2,4.7,5.9,4.25,4.0,2025-06-23,Matthew Liberatore,0.1973402270607239,0.03486868146806033,0.19424519325938275,Ben Brown,0.2641983275523648,0.0678376488935495,0.2638947931564384
2025-06-24,STL,CHC,15.0,8.0,7.0,6.4,2.6,4.6,3.5,4.35,4.65,5.8,9.2,4.9,6.3,4.2,4.35,2025-06-24,Michael McGreevy,0.23515519568151144,0.03421052631578947,0.20275689223057636,Drew Pomeranz,0.26136363636363635,0.05833333333333333,0.2034992784992785
2025-06-25,STL,CHC,8.0,0.0,8.0,5.6,3.6,5.2,3.7,4.45,4.8,5.8,9.2,4.8,6.7,4.45,4.7,2025-06-25,Erick Fedde,0.14630019645875567,0.10456560224520359,0.15757594441804965,Matthew Boyd,0.23183774654026365,0.0611935422827871,0.20352327245491067
2025-06-26,STL,CHC,3.0,0.0,3.0,4.6,4.4,5.2,3.9,4.4,4.65,6.6,7.4,5.4,6.0,4.75,4.4,2025-06-26,Andre Pallante,0.16525826240318992,0.07923886205045624,0.2167851393453938,Drew Pomeranz,0.25,0.055797101449275355,0.19465148378191857
2025-07-08,STL,WSN,6.0,4.0,2.0,2.2,6.8,3.2,5.0,4.2,4.45,5.8,7.6,5.1,7.1,5.2,6.8,2025-07-08,Sonny Gray,0.2642142299025103,0.04614889657089144,0.24463069931550266,Jake Irvin,0.16862963321067598,0.07338071478376323,0.16127086277423072
2025-07-09,STL,WSN,10.0,2.0,8.0,3.0,7.0,3.6,4.9,4.3,4.4,4.4,7.6,5.0,7.1,4.85,6.45,2025-07-09,Andre Pallante,0.1586038376703338,0.08014682201382967,0.21829338920568803,MacKenzie Gore,0.3133357575507334,0.07517921513090592,0.29191973264434107
2025-07-10,STL,WSN,9.0,8.0,1.0,3.4,7.6,3.3,5.7,4.0,4.55,3.8,6.6,5.8,7.2,5.1,6.35,2025-07-10,Miles Mikolas,0.16229899256753474,0.05485945852953524,0.1510203922824681,Michael Soroka,0.25956031819842557,0.06358397589748822,0.2169884359027644
2025-07-11,STL,ATL,11.0,5.0,6.0,4.4,5.6,3.2,5.2,4.3,4.45,2.8,4.4,2.9,4.5,3.35,4.2,2025-07-11,Matthew Liberatore,0.19540361220668123,0.052888918886361325,0.2017071138304054,Grant Holmes,0.29441007708376793,0.11069824825494771,0.3026248852062116
2025-07-12,STL,ATL,13.0,6.0,7.0,3.8,5.6,3.0,5.8,3.95,4.65,3.8,4.4,3.5,3.7,3.6,3.95,2025-07-12,Erick Fedde,0.12720783567330168,0.11892473365773479,0.1485844059889467,Joey Wentz,0.14703607503607502,0.1056031746031746,0.1913330358936766
2025-07-24,STL,SDP,16.0,9.0,7.0,2.8,6.2,4.1,5.6,3.7,5.65,3.4,2.6,3.8,2.6,3.35,3.4,2025-07-24,Sonny Gray,0.27232019065522894,0.041726562085257726,0.24972656282033984,Yu Darvish,0.13956228956228955,0.11767676767676764,0.2503557874762808
2025-07-25,STL,SDP,3.0,3.0,0.0,4.4,5.6,4.2,6.2,3.7,5.7,4.4,3.6,4.1,3.2,3.4,3.65,2025-07-25,Miles Mikolas,0.16931461107843135,0.05725652383667558,0.15883663786060045,Nick Pivetta,0.27621102520244395,0.06417245710895594,0.2317922372295509
2025-07-26,STL,SDP,4.0,1.0,3.0,4.4,4.6,4.0,5.6,3.5,5.7,2.8,4.0,3.7,3.3,3.3,3.65,2025-07-26,Matthew Liberatore,0.1845478559729767,0.05303706536798322,0.19555166811255462,Randy V\xc3\xa1squez,0.11335938368775893,0.10853975169249766,0.14061800702279192
2025-07-27,STL,SDP,11.0,2.0,9.0,3.4,4.8,3.5,5.2,3.55,5.5,3.0,4.0,3.5,3.0,3.45,3.5,2025-07-27,Michael McGreevy,0.15830923462502408,0.0300501253132832,0.17663947258174756,Stephen Kolek,0.17323759482550277,0.07107297548105988,0.1726376485766754
2025-07-28,STL,MIA,8.0,7.0,1.0,3.0,5.0,3.2,5.7,3.65,5.9,4.2,2.6,4.6,2.4,4.1,2.95,2025-07-28,Andre Pallante,0.15308178053830226,0.07814331723027373,0.22036025552932656,Edward Cabrera,0.2506960974991665,0.0822543114742603,0.2667529813229276
2025-07-29,STL,MIA,5.0,0.0,5.0,4.4,4.0,3.6,5.1,4.0,5.7,3.6,3.4,4.1,3.1,4.1,3.2,2025-07-29,Sonny Gray,0.26817090468046495,0.03973958293834069,0.2503064770624552,Sandy Alcantara,0.1672425883295448,0.08902240151153193,0.1782246636897215
2025-07-30,STL,MIA,2.0,0.0,2.0,2.6,3.6,3.5,4.6,3.85,5.4,4.0,3.0,3.5,3.0,4.15,3.15,2025-07-30,Miles Mikolas,0.16322983290546217,0.054393697644841796,0.1522461573189218,Cal Quantrill,0.18947706518291385,0.05815453901552296,0.1848797428867086
2025-08-08,STL,CHC,5.0,5.0,0.0,5.0,5.8,3.5,5.0,3.5,5.1,3.4,3.2,4.0,4.0,4.25,4.15,2025-08-08,Michael McGreevy,0.1469241785783139,0.038167671927070414,0.18286797810624902,Matthew Boyd,0.2343398769480525,0.05677255689321425,0.21054676856356347
2025-08-09,STL,CHC,10.0,1.0,9.0,4.4,4.8,3.8,4.1,3.5,4.9,2.8,3.4,3.5,4.1,4.0,4.3,2025-08-09,Andre Pallante,0.15533485618465853,0.0792140109926671,0.22496952966868514,Drew Pomeranz,0.2785087719298246,0.07192982456140351,0.2255221386800334
2025-08-10,STL,CHC,5.0,3.0,2.0,4.0,5.2,3.2,4.9,3.4,5.0,3.6,3.0,4.0,3.4,4.25,4.3,2025-08-10,Sonny Gray,0.26903253993824433,0.0399859204017994,0.24930569681825143,Shota Imanaga,0.20409142800617647,0.03807691194221457,0.2128628263530224
2025-08-11,STL,COL,5.0,3.0,2.0,4.0,5.2,3.5,4.6,3.5,4.6,3.4,11.0,4.8,10.5,4.7,8.6,2025-08-11,Miles Mikolas,0.16111308920259407,0.05228972513167436,0.15182037777585536,Chase Dollander,0.16184811184239098,0.11077741946162994,0.19798924755446493
2025-08-12,STL,COL,3.0,0.0,3.0,3.4,3.2,3.8,4.6,3.5,4.45,3.0,9.6,5.0,10.3,4.3,8.45,2025-08-12,Matthew Liberatore,0.16956460108688504,0.05705751649905511,0.18122115770191755,Kyle Freeland,0.15945274499211815,0.05587286419584555,0.18656211676433626
2025-08-13,STL,COL,11.0,5.0,6.0,2.4,3.2,3.7,4.5,3.2,4.5,3.4,5.6,3.6,8.7,4.4,8.1,2025-08-13,Michael McGreevy,0.14355865625602465,0.038396712936186614,0.17316737557981002,Austin Gomber,0.13388314901472792,0.06327042840200729,0.14797444185967945
2025-08-16,STL,NYY,20.0,8.0,12.0,2.8,3.4,3.4,4.3,3.4,4.3,4.2,3.4,3.2,3.4,4.15,5.0,2025-08-16,Sonny Gray,0.2690407994920995,0.03992240448762186,0.2458624038952687,Max Fried,0.22730124529162507,0.06285162796094827,0.22850940096666572
2025-08-17,STL,NYY,12.0,4.0,8.0,3.8,5.4,3.9,5.3,3.35,4.55,6.4,3.6,4.4,4.0,4.7,5.2,2025-08-17,Miles Mikolas,0.1591248946887689,0.05168849962427714,0.15246586859719496,Will Warren,0.2575880765645067,0.10833517517316141,0.23435737434142914
2025-08-25,STL,PIT,13.0,7.0,6.0,4.8,6.2,5.2,6.4,4.45,5.45,4.6,1.8,4.0,3.2,3.85,4.6,2025-08-25,Michael McGreevy,0.14354257717873278,0.03071737034894929,0.171424265912353,Andrew Heaney,0.15016169095657583,0.07928578096148425,0.17007622888437074
2025-08-26,STL,PIT,11.0,3.0,8.0,4.8,6.6,5.4,6.4,4.4,5.5,5.2,1.8,4.1,2.7,3.7,4.7,2025-08-26,Andre Pallante,0.15595393270175875,0.08222969719491456,0.21555744979796976,Mitch Keller,0.18418407895832642,0.07086362324656635,0.17714598591714914
2025-08-27,STL,PIT,3.0,1.0,2.0,5.0,7.0,5.4,6.8,4.4,5.55,6.4,2.2,4.6,2.8,3.85,4.65,2025-08-27,Sonny Gray,0.2680656330976024,0.041676625121441165,0.2464042941144162,Carmen Mlodzinski,0.22939200363289428,0.052602806550174956,0.21109640373533523
2025-08-28,STL,PIT,5.0,4.0,1.0,3.8,6.6,4.7,5.8,4.3,5.55,5.0,2.4,4.7,2.6,3.9,4.3,2025-08-28,Miles Mikolas,0.15035625577067221,0.05847129405047023,0.14982415466497492,Braxton Ashcraft,0.2259677822177822,0.093146645021645,0.22459250718948992
2025-09-01,STL,ATH,14.0,3.0,11.0,3.2,4.0,4.0,5.3,4.1,5.3,5.2,5.2,5.3,4.8,5.7,4.15,2025-09-01,Sonny Gray,0.26739653557546894,0.0441013003814936,0.24902165991505662,Luis Morales,0.22515750915750915,0.13419291819291818,0.20607528436475803
2025-09-02,STL,ATH,3.0,2.0,1.0,3.2,4.6,4.1,5.8,4.2,5.4,5.8,5.2,5.7,4.9,5.45,3.95,2025-09-02,Miles Mikolas,0.15373083201392476,0.05805389995695398,0.15207450769068104,Luis Severino,0.1746703779774744,0.07279887081517515,0.14833195662112197
2025-09-03,STL,ATH,6.0,5.0,1.0,3.4,4.4,3.6,5.5,4.15,5.35,4.6,5.6,5.2,4.8,5.45,3.95,2025-09-03,Matthew Liberatore,0.17638439022626662,0.0618488652376524,0.17994779739291875,Jeffrey Springs,0.19362222335375323,0.08096312382966515,0.2341964351870184
2025-09-06,STL,SFG,5.0,3.0,2.0,3.2,5.6,3.5,4.7,4.35,5.55,9.2,3.6,8.3,4.5,6.1,4.4,2025-09-06,Andre Pallante,0.15792030805718404,0.08360774431627892,0.20968093424226225,Justin Verlander,0.20925997579983083,0.08283039022169454,0.2246558011960478
2025-09-07,STL,SFG,7.0,4.0,3.0,3.0,4.6,3.1,4.3,4.25,5.35,7.0,3.8,8.0,4.6,5.9,4.2,2025-09-07,Sonny Gray,0.26360702796851093,0.045982475137454085,0.24709667031878718,Kai-Wei Teng,0.20261437908496732,0.12287581699346402,0.219775019923031
2025-09-15,STL,CIN,17.0,6.0,11.0,2.8,4.4,2.9,4.5,3.45,4.9,3.0,4.8,4.6,5.9,3.9,5.3,2025-09-15,Matthew Liberatore,0.1775164107033333,0.06458669179853177,0.17958129388233215,Zack Littell,0.17450386314291685,0.042198580535294516,0.18320513690886286
2025-09-16,STL,CIN,3.0,3.0,0.0,3.2,6.0,3.2,4.5,3.65,5.15,4.4,5.6,4.8,5.3,4.15,5.4,2025-09-16,Michael McGreevy,0.14552636559256366,0.036854398734097966,0.1701461206733257,Andrew Abbott,0.22484647635005833,0.07033087831216027,0.21842135819366668
2025-09-17,STL,CIN,8.0,2.0,6.0,3.4,5.2,3.3,4.4,3.45,4.95,4.0,6.0,3.9,4.3,4.1,5.45,2025-09-17,Andre Pallante,0.15116718336358514,0.08549059580543837,0.201904530289215,Brady Singer,0.22463364484924708,0.09006136090613132,0.21280225326462443
2025-09-19,STL,MIL,8.0,7.0,1.0,3.2,5.4,3.0,4.9,3.25,4.75,6.6,2.2,5.4,3.0,5.15,3.75,2025-09-19,Sonny Gray,0.2674048369492386,0.05073196882047548,0.25491815485133673,Tobias Myers,0.21654854508199506,0.05738812271320011,0.17514860858756173
2025-09-21,STL,MIL,6.0,5.0,1.0,4.2,4.0,3.5,4.2,3.5,4.45,5.2,3.2,5.1,3.6,4.75,3.7,2025-09-21,Matthew Liberatore,0.18049330907883537,0.06383281926535439,0.1811041841801854,Erick Fedde,0.1226778760071556,0.11681912590892658,0.1553575964873128
2025-04-29,TBR,KCR,4.0,1.0,3.0,2.0,2.4,3.3,2.8,3.55,3.85,4.0,2.6,3.0,3.7,2.6,3.7,2025-04-29,Taj Bradley,0.2320917874396135,0.10039153439153436,0.23107510537995873,Michael Lorenzen,0.1952664437012263,0.08876923076923075,0.22264246432006418
2025-05-01,TBR,KCR,10.0,2.0,8.0,2.0,1.8,1.4,2.6,3.4,3.7,2.6,1.6,3.1,3.0,2.65,3.3,2025-05-01,Shane Baz,0.32114699792960655,0.081015873015873,0.24086696297004623,Seth Lugo,0.19233048218555462,0.07488968358533572,0.16987587792891298
2025-05-06,TBR,PHI,12.0,4.0,8.0,2.4,4.2,2.3,3.2,3.25,3.7,5.2,3.2,5.2,4.4,4.6,4.75,2025-05-06,Drew Rasmussen,0.25309634752359206,0.05627072732335886,0.19739327568666756,Zack Wheeler,0.3307407407407407,0.05259259259259259,0.2888308152570084
2025-05-07,TBR,PHI,7.0,0.0,7.0,3.2,5.2,2.6,3.5,3.4,3.55,5.4,2.8,4.9,3.8,4.75,4.6,2025-05-07,Shane Baz,0.2735748792270531,0.08537037037037036,0.22056373898297502,Taijuan Walker,0.1706417112299465,0.10689839572192511,0.1820641491694123
2025-05-09,TBR,MIL,7.0,4.0,3.0,2.8,5.0,2.5,4.2,3.1,3.75,3.2,3.8,3.6,4.4,4.4,3.95,2025-05-09,Zack Littell,0.15401463615749328,0.04190854119425546,0.16150477534575178,Jose Quintana,0.180862977602108,0.07644927536231881,0.15179576849099488
2025-05-10,TBR,MIL,5.0,3.0,2.0,3.6,5.0,2.5,4.4,3.1,3.65,3.4,3.4,3.2,4.7,4.3,4.1,2025-05-10,Taj Bradley,0.18285536524666957,0.10706177420463132,0.19399137563769944,Tyler Alexander,0.1638897969561585,0.07734339141661795,0.1223758787261461
2025-05-11,TBR,MIL,6.0,2.0,4.0,3.6,5.0,2.4,4.4,2.85,3.6,3.0,4.0,2.7,4.8,4.15,4.1,2025-05-11,Drew Rasmussen,0.2312254407345075,0.06251776627716474,0.1879912287840609,Tyler Alexander,0.17106564720981196,0.09173144213189978,0.11217788883230058
2025-05-21,TBR,HOU,12.0,8.0,4.0,3.0,4.0,4.0,4.1,3.25,4.25,3.4,3.4,3.4,2.9,4.4,3.9,2025-05-21,Taj Bradley,0.1977763951918541,0.10347228902784456,0.2092422995364498,Hunter Brown,0.31841604450300104,0.06726687161469767,0.2635550981171961
2025-05-23,TBR,TOR,4.0,3.0,1.0,3.8,3.0,4.5,4.3,3.45,4.35,5.0,1.8,5.5,3.3,4.75,4.2,2025-05-23,Drew Rasmussen,0.22176120137936442,0.05418048488223924,0.187485241435222,Jos\xc3\xa9 Ure\xc3\xb1a,0.07973856209150326,0.08509803921568626,0.1528154736434582
2025-05-24,TBR,TOR,4.0,3.0,1.0,3.6,3.2,4.6,4.0,3.55,4.25,4.4,1.4,5.0,3.3,4.75,4.1,2025-05-24,Shane Baz,0.24128049592580483,0.09109625916643457,0.20578587889870292,Jos\xc3\xa9 Berr\xc3\xados,0.2124933013846057,0.0956293738467651,0.21527751941981615
2025-05-25,TBR,TOR,13.0,13.0,0.0,4.0,2.4,3.8,3.2,3.7,4.15,4.2,1.8,4.2,3.5,4.7,3.75,2025-05-25,Ryan Pepiot,0.1912322492599854,0.07828618383116133,0.2094549123222535,Chris Bassitt,0.2558595762336392,0.04559511774804126,0.22021700386680593
2025-05-26,TBR,MIN,9.0,7.0,2.0,6.0,1.6,5.0,2.9,4.25,3.75,3.4,4.0,4.5,2.9,4.1,2.75,2025-05-26,Zack Littell,0.16104005897484158,0.03690740740740739,0.16207545158556366,Chris Paddack,0.1616669688054127,0.08875201838588564,0.17430080535490697
2025-05-27,TBR,MIN,6.0,2.0,4.0,6.8,1.6,4.9,2.8,4.6,3.7,3.4,4.4,4.1,3.3,4.15,3.0,2025-05-27,Taj Bradley,0.20843353828136432,0.10182071229897313,0.2155907968555321,Joe Ryan,0.30009592162223736,0.03723843700159488,0.24679507583919347
2025-05-28,TBR,MIN,5.0,5.0,0.0,5.6,1.6,4.7,2.3,4.55,3.8,3.0,3.8,3.7,2.9,4.25,2.9,2025-05-28,Drew Rasmussen,0.2132214448777916,0.057853345484924414,0.17563326901583773,Pablo L\xc3\xb3pez,0.2771337462718088,0.04538520608696046,0.2534041111273015
2025-06-03,TBR,TEX,6.0,5.0,1.0,7.0,1.8,6.3,1.7,5.4,3.0,4.2,1.2,3.3,2.7,3.5,2.65,2025-06-03,Drew Rasmussen,0.21656494988890146,0.05713940498629491,0.1778484263780343,Tyler Mahle,0.18476642117946462,0.1040003575329662,0.21115102798150898
2025-06-04,TBR,TEX,9.0,5.0,4.0,7.0,2.0,6.5,1.7,5.55,2.85,4.0,2.2,3.4,3.1,3.25,2.85,2025-06-04,Shane Baz,0.22458522789186403,0.08639101046423697,0.19393417432792026,Kumar Rocker,0.1568912351265292,0.06113624937154348,0.21547452547452547
2025-06-05,TBR,TEX,7.0,4.0,3.0,5.4,2.2,6.7,2.0,5.25,2.6,4.8,2.8,3.7,3.2,3.35,3.05,2025-06-05,Ryan Pepiot,0.19187283397928076,0.07249858753606878,0.20291455459478572,Jacob Latz,0.2762705209229273,0.08457424928013163,0.30262824936737975
2025-06-06,TBR,MIA,7.0,4.0,3.0,6.0,2.4,5.8,2.3,5.4,2.6,2.2,3.2,3.6,3.6,3.65,4.3,2025-06-06,Zack Littell,0.1635865785322307,0.03300842509175841,0.16000068726657668,Edward Cabrera,0.24226913719667337,0.0946403301475765,0.24987541916305356
2025-06-08,TBR,MIA,5.0,3.0,2.0,3.6,2.4,5.5,2.4,5.2,2.6,2.6,4.0,3.3,3.8,3.7,4.25,2025-06-08,Drew Rasmussen,0.24018453739815968,0.05237778790410367,0.18329799445013503,Valente Bellozo,0.20475119332216518,0.09119928629199726,0.2211703618961683
2025-06-16,TBR,BAL,8.0,7.0,1.0,5.6,3.2,4.9,2.9,5.6,2.3,6.0,2.4,4.9,3.4,4.3,2.95,2025-06-16,Ryan Pepiot,0.21505766722033587,0.07489674850030384,0.22017079060794917,Zach Eflin,0.16558734251970963,0.034877159877159856,0.18188547300900515
2025-06-17,TBR,BAL,6.0,1.0,5.0,6.8,2.8,5.1,2.9,5.8,2.3,4.2,3.6,4.6,3.8,4.25,3.25,2025-06-17,Zack Littell,0.16851244343480368,0.02829293579293578,0.1698390244597868,Dean Kremer,0.17531884666977832,0.06092122393364626,0.17700509010915622
2025-06-19,TBR,BAL,5.0,1.0,4.0,7.4,3.6,5.5,3.5,5.65,2.9,6.2,5.4,4.8,4.2,4.4,3.75,2025-06-19,Drew Rasmussen,0.2250051136882185,0.05127279779535416,0.18121069076966842,Charlie Morton,0.22880264787074248,0.10277444764137537,0.22749736336817125
2025-06-20,TBR,DET,22.0,14.0,8.0,6.0,3.6,5.2,3.6,5.35,3.0,6.4,5.8,4.7,4.9,4.35,3.7,2025-06-20,Shane Baz,0.22480037025558433,0.0914476746480669,0.21628456190449272,Jack Flaherty,0.2893252192941634,0.09137505868872324,0.2563013833216815
2025-06-21,TBR,DET,11.0,8.0,3.0,7.0,5.2,6.3,4.2,5.95,3.2,5.8,7.6,5.4,5.7,4.6,4.35,2025-06-21,Ryan Pepiot,0.2278809832328073,0.07484190353855519,0.22862198960143285,Brant Hurter,0.2809966548602912,0.04847009051554505,0.19949154810539554
2025-06-22,TBR,DET,12.0,3.0,9.0,7.2,5.6,7.0,4.2,6.1,3.35,6.2,7.0,5.3,6.5,4.6,4.7,2025-06-22,Zack Littell,0.16527828053915009,0.026406740073406727,0.1673214542756752,Casey Mize,0.21524010812054287,0.06481261022927688,0.22647048851069992
2025-06-30,TBR,ATH,10.0,4.0,6.0,5.4,6.0,5.8,5.5,5.65,4.5,3.0,4.6,3.0,5.3,3.6,4.9,2025-06-30,Drew Rasmussen,0.22753138835278924,0.059965372712083215,0.18305472868754732,Sean Newcomb,0.19624694769616696,0.0847874010570874,0.17655645665343705
2025-07-02,TBR,ATH,11.0,6.0,5.0,5.6,7.2,6.1,5.7,5.65,4.65,3.6,5.4,3.2,4.6,3.65,4.9,2025-07-02,Ryan Pepiot,0.22468999411807417,0.08118848886200503,0.22445255766971348,Mitch Spence,0.1996601547902007,0.07509335359576905,0.284935734885257
2025-07-18,TBR,BAL,12.0,11.0,1.0,3.0,3.4,3.2,4.1,4.65,4.9,3.2,4.6,2.8,4.3,4.15,4.95,2025-07-18,Joe Boyle,0.2732699805068226,0.09624756335282651,0.2806794654620741,Charlie Morton,0.2274616987161744,0.09261116650470869,0.2269778794700114
2025-07-19,TBR,BAL,7.0,4.0,3.0,3.8,3.0,3.7,3.7,4.5,4.55,2.8,6.6,2.4,5.3,3.95,5.45,2025-07-19,Zack Littell,0.17459642646442597,0.033829882514093024,0.17927004936337929,Dean Kremer,0.19135271745352436,0.059408408734555884,0.18895161562533028
2025-07-20,TBR,BAL,8.0,3.0,5.0,4.0,2.8,3.8,3.6,4.3,4.55,2.0,6.8,2.5,4.7,3.7,5.05,2025-07-20,Ryan Pepiot,0.22748649500036305,0.08326021553270427,0.22549224452890515,Trevor Rogers,0.24211560044893374,0.08383838383838382,0.2540972051134653
2025-07-21,TBR,CHW,11.0,3.0,8.0,3.8,2.8,3.6,3.5,4.3,4.35,6.2,3.4,5.4,3.7,4.0,3.9,2025-07-21,Shane Baz,0.23698183784357452,0.08809260571394736,0.2348530930918391,Tyler Gilbert,0.24228778467908904,0.0837991718426501,0.21014142861968949
2025-07-22,TBR,CHW,7.0,4.0,3.0,4.4,4.2,3.8,3.8,4.2,4.7,7.4,3.2,5.9,3.8,4.2,3.95,2025-07-22,Drew Rasmussen,0.21754522928956688,0.05951971235904751,0.1870842261411535,Tyler Alexander,0.17701497423207024,0.05977339057356773,0.1593930457774799
2025-07-23,TBR,CHW,20.0,9.0,11.0,5.0,4.0,4.0,3.7,4.25,4.85,7.6,2.8,5.2,3.9,4.35,3.65,2025-07-23,Joe Boyle,0.2763810568086884,0.10789995822890558,0.3105095990965556,Tyler Gilbert,0.25997023809523806,0.09419642857142857,0.2291633135383135
2025-08-01,TBR,LAD,5.0,0.0,5.0,3.2,4.8,3.7,5.8,3.75,4.7,3.4,3.8,4.3,4.2,3.65,5.2,2025-08-01,Shane Baz,0.23389265848184881,0.08836084239919913,0.22870142299290297,Clayton Kershaw,0.1587675408327582,0.07923376274825547,0.20787513190496454
2025-08-03,TBR,LAD,3.0,0.0,3.0,3.4,4.2,3.5,5.0,3.65,4.4,3.4,3.0,3.8,3.8,3.55,4.4,2025-08-03,Joe Boyle,0.2564762600946811,0.0997110832637148,0.297892216089972,Yoshinobu Yamamoto,0.2797568518438084,0.08969764756177796,0.25889519168992825
2025-08-19,TBR,NYY,16.0,3.0,13.0,3.6,4.4,3.9,4.6,3.35,4.3,6.8,4.0,4.9,3.7,4.85,5.2,2025-08-19,Shane Baz,0.24744847383243643,0.08781281312269106,0.2344597428874956,Carlos Rod\xc3\xb3n,0.27636086619804756,0.09933632595401706,0.2875842807591923
2025-08-21,TBR,STL,11.0,4.0,7.0,4.2,5.8,3.7,5.5,3.4,4.65,5.8,6.6,4.3,5.0,3.75,4.95,2025-08-21,Joe Boyle,0.23911282836721431,0.11978789566508863,0.2552651934839873,Sonny Gray,0.2678791675124156,0.04152550830811699,0.24626046587899286
2025-08-22,TBR,STL,16.0,10.0,6.0,3.4,6.8,3.9,5.9,3.55,4.9,5.6,5.0,4.7,5.2,4.1,4.9,2025-08-22,Adrian Houser,0.17410409436279958,0.07407931894224459,0.18039286773506039,Miles Mikolas,0.15430628494630208,0.05859278315442501,0.1502797907389785
2025-08-24,TBR,STL,9.0,7.0,2.0,4.0,6.8,4.5,5.8,3.85,5.1,6.0,5.4,5.0,6.0,4.4,5.3,2025-08-24,Ryan Pepiot,0.23378161663509373,0.08738363449959573,0.2268401031862452,Matthew Liberatore,0.1733239939530358,0.056883778004313254,0.178057689192296
2025-09-01,TBR,SEA,12.0,10.0,2.0,4.8,1.8,4.9,4.4,4.7,4.3,4.2,4.2,5.0,5.0,4.75,4.95,2025-09-01,Shane Baz,0.24652991787431144,0.08867596722287795,0.23432076737495666,Emerson Hancock,0.15579102833586111,0.0904851454174687,0.17378795591407367
2025-09-02,TBR,SEA,11.0,6.0,5.0,5.0,2.2,5.8,3.9,4.85,4.25,3.4,4.8,4.8,5.4,4.7,5.35,2025-09-02,Drew Rasmussen,0.2267597636767444,0.0545787466411036,0.19665441583366844,Bryan Woo,0.25966812451762283,0.04774264166404632,0.22536323551770504
2025-09-03,TBR,SEA,13.0,9.0,4.0,6.2,2.6,6.1,3.1,4.9,4.3,3.6,5.4,5.1,4.9,4.6,5.45,2025-09-03,Adrian Houser,0.16930536828173534,0.07865868978874974,0.176006152430571,George Kirby,0.24217868452422225,0.060342711925473164,0.23351274426254584
2025-09-04,TBR,CLE,6.0,4.0,2.0,7.2,3.2,6.6,2.8,5.25,4.35,5.0,5.0,3.3,5.3,3.5,5.35,2025-09-04,Ryan Pepiot,0.2352902126457523,0.08919516760956858,0.22951478969335012,Logan Allen,0.20040859147046436,0.09318031157496037,0.19374430778062784
2025-09-05,TBR,CLE,8.0,1.0,7.0,7.2,3.4,6.0,2.4,5.25,4.1,4.6,5.2,3.5,4.7,3.4,5.25,2025-09-05,Ian Seymour,0.28262138188608776,0.05437174869947979,0.2623820352094526,Gavin Williams,0.2307498771340471,0.12137342366029812,0.2454079662735042
2025-09-06,TBR,CLE,5.0,2.0,3.0,6.0,4.0,5.4,2.9,5.15,4.15,5.6,4.6,4.2,4.3,3.55,5.15,2025-09-06,Shane Baz,0.24706101592405513,0.08861228405681322,0.23181505994131632,Tanner Bibee,0.20373311306694025,0.07516050600717329,0.21503836261129744
2025-09-07,TBR,CLE,3.0,1.0,2.0,4.4,4.2,4.7,3.2,4.9,4.1,5.4,3.8,4.5,3.6,3.5,4.6,2025-09-07,Drew Rasmussen,0.2222598893885219,0.05255731158032199,0.19337492295494396,Parker Messick,0.192002442002442,0.04456654456654454,0.20344202898550723
2025-09-16,TBR,TOR,11.0,5.0,6.0,3.6,5.0,3.1,4.3,4.85,3.55,6.0,2.0,6.6,3.6,5.7,4.2,2025-09-16,Ryan Pepiot,0.2386710099108413,0.08995088979927693,0.23113827089981567,Jos\xc3\xa9 Berr\xc3\xados,0.1987678342813275,0.07460930984169362,0.19648730458806613
2025-09-17,TBR,TOR,3.0,2.0,1.0,3.6,5.0,3.2,4.7,4.6,3.55,6.8,2.4,6.0,3.2,5.95,4.35,2025-09-17,Ian Seymour,0.2763792069858246,0.059209479246243944,0.2568506460106827,Kevin Gausman,0.24045355948189012,0.06559989729134964,0.2395510828848107
2025-09-18,TBR,TOR,4.0,4.0,0.0,3.8,4.2,3.3,4.1,4.35,3.5,5.8,2.8,4.8,2.5,5.75,4.35,2025-09-18,Shane Baz,0.2527034979532647,0.09015368286978609,0.2363570846767187,Chris Bassitt,0.23241504229911128,0.07002913219122175,0.22536141646870622
2025-09-19,TBR,BOS,18.0,7.0,11.0,3.8,3.0,3.5,3.8,4.1,3.5,2.8,4.0,3.9,3.4,4.15,4.15,2025-09-19,Drew Rasmussen,0.21839837581577776,0.05751211173861689,0.19361880391744415,Garrett Crochet,0.3126528409861743,0.05654637954637952,0.2657635869258111
2025-09-20,TBR,BOS,9.0,3.0,6.0,4.2,4.4,4.1,4.7,4.45,3.9,4.8,4.6,4.9,3.6,4.45,4.5,2025-09-20,Adrian Houser,0.185709629584465,0.07045617061832635,0.17219447940207194,Kyle Harrison,0.2758963463993302,0.058622804999616585,0.2835828471166817
2025-04-19,TEX,LAD,7.0,4.0,3.0,2.6,2.0,3.0,4.3,3.15,3.85,4.8,3.2,3.9,5.1,4.4,4.05,2025-04-19,Nathan Eovaldi,0.2533549783549783,0.022727272727272724,0.27092821007895757,Jack Dreyer,0.37301587301587297,0.11507936507936505,0.28214285714285714
2025-04-20,TEX,LAD,1.0,0.0,1.0,3.2,2.0,3.4,3.9,3.25,3.75,5.0,3.2,3.8,4.9,4.35,4.2,2025-04-20,Tyler Mahle,0.2815656565656566,0.15183080808080804,0.29081217887878386,Tyler Glasnow,0.2860646599777034,0.1926978818283166,0.21732431599604274
2025-04-28,TEX,ATH,3.0,1.0,2.0,2.2,3.0,2.8,3.0,3.15,3.7,4.6,5.6,4.1,4.9,4.55,5.25,2025-04-28,Patrick Corbin,0.15555555555555553,0.07953216374269002,0.20431860431860427,JP Sears,0.2023369963369963,0.051098901098901084,0.19625433227917694
2025-04-29,TEX,ATH,17.0,15.0,2.0,2.0,2.4,2.4,2.9,2.9,3.6,4.0,4.2,4.0,4.9,4.55,4.8,2025-04-29,Jacob deGrom,0.23998405103668258,0.07043859649122804,0.2758468876115935,Jacob Lopez,0.1898148148148148,0.1111111111111111,0.19444444444444442
2025-04-30,TEX,ATH,8.0,1.0,7.0,4.4,2.0,3.9,2.8,3.45,3.55,3.4,6.8,3.4,6.4,4.3,5.35,2025-04-30,Nathan Eovaldi,0.2726582596147813,0.022727272727272717,0.2608549662237572,Luis Severino,0.1874618378641367,0.07273809523809523,0.15428235571679744
2025-05-01,TEX,ATH,3.0,0.0,3.0,4.2,3.4,3.6,3.2,3.5,3.55,4.0,6.4,3.8,6.0,4.4,4.8,2025-05-01,Tyler Mahle,0.22092722092722092,0.12802706552706547,0.24088333292773623,Jeffrey Springs,0.2104427736006683,0.13508771929824556,0.2444155278908998
2025-05-02,TEX,SEA,14.0,1.0,13.0,3.8,3.4,3.6,3.4,3.2,3.2,7.8,4.0,6.3,4.2,5.4,3.95,2025-05-02,Jacob Latz,0.15441176470588236,0.10661764705882353,0.19642857142857142,Bryan Woo,0.241561996779388,0.05516103059581316,0.22011753300022371
2025-05-12,TEX,COL,3.0,2.0,1.0,4.2,3.4,3.7,3.7,3.65,3.45,4.2,11.6,3.3,8.1,3.6,7.3,2025-05-12,Tyler Mahle,0.19694541569541568,0.10747863247863243,0.2158120723453748,Chase Dollander,0.1862373737373737,0.10227272727272724,0.20398146539450882
2025-05-13,TEX,COL,5.0,4.0,1.0,3.8,2.4,3.9,3.5,3.75,3.45,4.0,10.0,3.2,8.2,3.1,6.8,2025-05-13,Jack Leiter,0.1948913043478261,0.1107246376811594,0.2102744881659122,Kyle Freeland,0.17118907274079684,0.04348443223443223,0.1953604059922613
2025-05-14,TEX,COL,11.0,8.0,3.0,4.6,1.6,4.2,2.3,3.55,3.25,4.0,8.6,2.9,8.3,3.05,6.85,2025-05-14,Patrick Corbin,0.15047158960202436,0.0868867014557327,0.18111050087845046,Antonio Senzatela,0.10162220026350458,0.04934629681912288,0.16430590846351714
2025-05-15,TEX,HOU,1.0,1.0,0.0,6.0,1.8,4.9,2.4,3.85,3.15,5.2,4.8,5.0,3.7,4.65,3.45,2025-05-15,Jacob deGrom,0.2749900318979266,0.06277412280701752,0.29752670377805374,Hunter Brown,0.31655138339920946,0.07567523056653488,0.26524948538184556
2025-05-17,TEX,HOU,6.0,5.0,1.0,3.6,2.2,3.9,2.8,3.8,3.25,3.4,3.0,4.7,3.3,4.35,3.6,2025-05-17,Tyler Mahle,0.19921718110123904,0.10036748007762497,0.215473615134423,Ronel Blanco,0.24413724121247002,0.10674827280948558,0.3108112035600825
2025-05-18,TEX,HOU,7.0,3.0,4.0,4.2,2.2,4.0,2.3,3.95,3.15,2.6,2.6,4.5,3.4,4.25,3.8,2025-05-18,Jack Leiter,0.20028820816864293,0.11499780412823889,0.2188795337890538,Framber Valdez,0.22979847898721795,0.08081385794196053,0.24269694927251192
2025-05-26,TEX,TOR,3.0,1.0,2.0,2.8,4.6,2.8,3.9,3.85,3.15,3.8,3.8,3.3,3.7,4.5,4.3,2025-05-26,Jacob deGrom,0.27932535885167464,0.057552631578947355,0.29224181982482633,Kevin Gausman,0.23642621307838696,0.05932177033492823,0.23518985981119256
2025-05-27,TEX,TOR,2.0,2.0,0.0,2.4,4.2,2.8,4.1,3.5,3.2,3.6,4.0,3.2,3.7,4.35,4.2,2025-05-27,Nathan Eovaldi,0.2770057149701418,0.03617020002395494,0.26161456751556833,Bowden Francis,0.17949217213640417,0.07413961212157467,0.20062974644753692
2025-05-28,TEX,TOR,2.0,0.0,2.0,2.8,4.0,2.7,3.5,3.3,3.15,0.8,4.4,2.9,3.1,4.2,4.05,2025-05-28,Tyler Mahle,0.18262397462002203,0.10209129912687222,0.20906998023514714,Eric Lauer,0.2161064425770308,0.05591036414565824,0.17773826458036984
2025-05-30,TEX,STL,12.0,11.0,1.0,2.6,3.6,2.2,3.6,3.1,2.95,5.0,4.2,4.6,4.0,5.1,2.9,2025-05-30,Jack Leiter,0.18463923304955912,0.12028681463464069,0.20999810243024244,Matthew Liberatore,0.21162207357859528,0.035706423206423185,0.21314032824799845
2025-05-31,TEX,STL,2.0,0.0,2.0,3.8,1.8,3.0,3.3,3.65,2.75,4.0,5.4,4.6,4.9,5.05,3.4,2025-05-31,Patrick Corbin,0.18996870011362763,0.0783879011440669,0.22090868408731712,Sonny Gray,0.2577731220186463,0.05084483149700539,0.23089522086264422
2025-06-01,TEX,STL,9.0,8.0,1.0,2.8,1.4,2.8,3.0,3.6,2.75,3.6,4.8,3.7,4.5,4.9,3.4,2025-06-01,Jacob deGrom,0.2539321444106133,0.06022571250260036,0.2732501392346906,Erick Fedde,0.13694615534419066,0.10462408964172787,0.16636141636141633
2025-06-15,TEX,CHW,3.0,2.0,1.0,8.2,3.2,5.4,3.2,4.35,2.95,3.0,5.2,3.9,4.8,4.05,4.3,2025-06-15,Kumar Rocker,0.17460234506158137,0.06849073412540903,0.23812066312066307,Aaron Civale,0.1974465148378191,0.061076604554865396,0.19901352894271854
2025-06-17,TEX,KCR,7.0,1.0,6.0,7.8,3.0,5.5,2.8,4.45,2.95,1.8,4.0,2.8,5.1,3.3,4.7,2025-06-17,Jack Leiter,0.1973539789729721,0.11966922752027803,0.202643626284725,Seth Lugo,0.1834230509451722,0.07534997249698719,0.1597705518977559
2025-06-18,TEX,KCR,9.0,3.0,6.0,4.8,3.4,5.2,2.9,4.45,3.05,2.4,3.0,2.7,4.7,3.2,4.55,2025-06-18,Patrick Corbin,0.18096174676009755,0.07714410046122477,0.2226581325421073,Kris Bubic,0.2554069996905765,0.07878583632852246,0.28207613668929454
2025-06-19,TEX,KCR,5.0,1.0,4.0,5.0,3.4,5.2,3.1,4.35,2.85,3.6,3.4,3.1,4.3,3.45,4.55,2025-06-19,Jacob Latz,0.28315393756570223,0.08146556058320763,0.2927757682005558,Michael Wacha,0.17901801959255373,0.06561031790845454,0.19253876751262192
2025-07-01,TEX,BAL,12.0,10.0,2.0,3.8,3.6,2.9,3.6,4.4,3.4,7.2,5.4,5.5,5.6,5.1,4.5,2025-07-01,Jacob deGrom,0.26069083281325844,0.05736985125858121,0.2645651802492864,Brandon Young,0.17662513772353586,0.1436138655818289,0.2139237199582027
2025-07-02,TEX,BAL,6.0,6.0,0.0,4.6,3.6,3.6,3.7,4.5,3.45,6.4,7.4,4.9,5.4,4.85,4.8,2025-07-02,Nathan Eovaldi,0.26173987847900887,0.04428076754163709,0.2681677919463716,Tomoyuki Sugano,0.13897071829137045,0.04799569844406799,0.15719238325848936
2025-07-18,TEX,DET,2.0,2.0,0.0,8.8,4.0,7.3,3.6,5.1,3.6,4.2,8.8,4.0,6.6,5.2,5.45,2025-07-18,Patrick Corbin,0.18931227281699103,0.06968143672881859,0.23372628622750624,Tyler Holton,0.18490079365079365,0.044265873015873015,0.20139122315592903
2025-07-19,TEX,DET,5.0,4.0,1.0,6.6,3.8,6.5,3.4,5.05,3.55,3.4,8.8,3.6,5.9,4.8,4.85,2025-07-19,Kumar Rocker,0.1870219454147304,0.07053663608045084,0.22673133388036923,Keider Montero,0.16436053743025256,0.07976705051292754,0.1658459022090984
2025-07-20,TEX,DET,3.0,1.0,2.0,5.8,1.8,6.3,3.5,5.15,3.55,3.0,8.2,3.0,5.2,4.7,4.65,2025-07-20,Jacob Latz,0.2704283539367573,0.08227974950664026,0.29041133458304574,Tyler Holton,0.19014711575687185,0.043186217576461475,0.20664184372936165
2025-07-21,TEX,ATH,9.0,7.0,2.0,3.8,1.4,5.7,3.3,5.15,3.35,5.2,4.8,4.8,5.4,4.45,5.15,2025-07-21,Jack Leiter,0.2013321013596328,0.11084228202935294,0.21228510933422978,Sean Newcomb,0.27632049035694906,0.07206474152376845,0.2202593388496947
2025-07-22,TEX,ATH,8.0,6.0,2.0,3.8,1.2,6.3,3.1,5.35,3.15,4.8,5.6,4.8,5.4,4.55,5.35,2025-07-22,Jacob deGrom,0.2635274581294092,0.05767280172555372,0.26454062123491306,Sean Newcomb,0.2783566633203914,0.06949100075506243,0.21869545489918038
2025-07-23,TEX,ATH,3.0,2.0,1.0,4.0,1.4,6.4,2.7,5.6,3.05,4.0,6.2,4.8,5.4,4.45,5.1,2025-07-23,Patrick Corbin,0.19466794020017406,0.07110125109044507,0.23308717156054604,JP Sears,0.19394712762447314,0.06011186753749681,0.18214874109067136
2025-07-25,TEX,ATL,11.0,8.0,3.0,4.0,1.6,5.3,2.7,5.4,3.0,4.6,7.8,5.6,6.0,3.8,5.35,2025-07-25,Nathan Eovaldi,0.26586887054997665,0.04196940903063024,0.26298965530503426,Joey Wentz,0.16365774143551923,0.10148442092886538,0.2045899037444931
2025-07-27,TEX,ATL,9.0,8.0,1.0,4.8,2.0,5.3,1.9,5.65,3.05,3.4,7.0,5.0,6.6,3.95,5.55,2025-07-27,Jack Leiter,0.2047395812360814,0.11303674474222325,0.21186411496916951,Bryce Elder,0.18169892972154233,0.08509491044350789,0.19438308302997226
2025-08-05,TEX,NYY,2.0,2.0,0.0,3.6,5.2,4.6,3.9,5.45,3.5,5.8,6.2,4.8,6.7,5.3,5.55,2025-08-05,Nathan Eovaldi,0.2630768561267282,0.05200337828001935,0.26255748261694545,Will Warren,0.25640255869262935,0.11154444506399532,0.22857862357719852
2025-08-06,TEX,NYY,5.0,2.0,3.0,3.0,3.6,4.2,3.7,5.3,3.2,4.4,5.6,4.4,6.1,4.8,5.5,2025-08-06,Jack Leiter,0.2185969347227326,0.11631337789834714,0.2241736131646345,Carlos Rod\xc3\xb3n,0.28602551618880406,0.09693456979878982,0.29241958171362653
2025-08-08,TEX,PHI,10.0,1.0,9.0,2.2,3.6,4.2,3.9,4.75,3.3,5.2,3.0,4.5,4.1,5.35,4.0,2025-08-08,Merrill Kelly,0.23776425132111131,0.07156112206405707,0.22989648596846637,Cristopher S\xc3\xa1nchez,0.25738200391488847,0.06581531729821219,0.28059958777292154
2025-08-09,TEX,PHI,5.0,2.0,3.0,2.4,4.2,3.5,4.5,4.4,3.2,6.0,1.8,5.1,3.8,5.15,4.05,2025-08-09,Jacob deGrom,0.27166903064344294,0.059966730966834955,0.2724707686293785,Jes\xc3\xbas Luzardo,0.27157729489593707,0.08569466312743339,0.2768511723740542
2025-08-10,TEX,PHI,6.0,2.0,4.0,2.2,4.0,2.9,4.7,3.95,3.15,6.2,2.2,5.2,3.4,5.2,3.95,2025-08-10,Patrick Corbin,0.20293327053232812,0.07272844129060756,0.23567930820099978,Zack Wheeler,0.33414241263055494,0.05314335825205389,0.28721623196937346
2025-08-12,TEX,ARI,5.0,2.0,3.0,1.8,3.8,2.7,4.5,3.7,3.2,6.6,3.4,5.1,4.7,4.3,4.05,2025-08-12,Jack Leiter,0.21649061739836067,0.12226241488578274,0.22600841076727235,Anthony DeSclafani,0.22303804039098157,0.05129079254079253,0.24150878240627865
2025-08-13,TEX,ARI,10.0,4.0,6.0,1.8,4.4,2.4,4.0,3.55,3.3,6.0,3.4,5.2,3.7,4.2,4.1,2025-08-13,Merrill Kelly,0.23510378432765922,0.0776373796592141,0.2262698466721612,Zac Gallen,0.21901825898202706,0.08303755021146322,0.2203171069994663
2025-08-22,TEX,CLE,7.0,4.0,3.0,5.0,4.4,4.0,5.5,3.45,5.1,2.6,4.8,3.7,5.1,4.5,4.4,2025-08-22,Nathan Eovaldi,0.25386441147858757,0.04655845122414356,0.25211095825357055,Slade Cecconi,0.2052943161910553,0.0661823150681846,0.21207839564606057
2025-08-23,TEX,CLE,10.0,10.0,0.0,3.8,4.2,4.2,5.4,3.45,4.95,3.2,5.2,3.7,5.4,4.35,4.4,2025-08-23,Jack Leiter,0.21437163565140224,0.12209806311930661,0.22920369209229774,Logan Allen,0.2052236236656526,0.09092931189851476,0.19129210578673708
2025-08-24,TEX,CLE,5.0,5.0,0.0,5.2,3.4,5.0,5.1,3.7,4.55,3.0,5.2,3.3,5.8,4.3,4.7,2025-08-24,Merrill Kelly,0.23048041630245464,0.0732037350700438,0.2222082729093105,Gavin Williams,0.2298433514676668,0.12013307130877808,0.2489782254077432
2025-08-25,TEX,LAA,4.0,0.0,4.0,5.8,2.4,5.1,4.5,3.65,4.4,2.4,5.2,3.1,5.6,3.7,5.3,2025-08-25,Jacob deGrom,0.2729496978429091,0.05651271326280858,0.27123595967897113,Jos\xc3\xa9 Soriano,0.20466107233120992,0.10272581538803181,0.25030183705657155
2025-08-26,TEX,LAA,10.0,7.0,3.0,4.6,2.6,4.6,4.3,3.65,4.3,2.4,4.0,2.8,5.2,3.75,5.0,2025-08-26,Patrick Corbin,0.18970111463976372,0.08015785396553891,0.2351789629993282,Yusei Kikuchi,0.23075676038638998,0.0907943543870317,0.2117520306858647
2025-08-27,TEX,LAA,23.0,20.0,3.0,5.2,2.0,5.1,3.2,3.85,4.25,2.6,5.2,2.5,5.4,3.75,5.05,2025-08-27,Jacob Latz,0.24223242506613546,0.10702448632312883,0.26992178179499315,Jack Kochanowicz,0.14553598051933808,0.10277719087267659,0.18809158823658184
2025-09-06,TEX,HOU,11.0,0.0,11.0,5.2,3.6,6.8,2.8,5.5,4.1,4.2,5.6,3.3,4.1,3.4,5.6,2025-09-06,Jacob deGrom,0.2782356185216597,0.058148487456267745,0.2701857641339371,Hunter Brown,0.28698419997131747,0.07627744206649195,0.24924858695030366
2025-09-07,TEX,HOU,6.0,4.0,2.0,4.2,5.4,5.8,3.9,5.4,4.5,6.4,5.0,4.3,3.5,3.9,4.9,2025-09-07,Patrick Corbin,0.19486593661532506,0.077088607426136,0.2357695922191601,Framber Valdez,0.2412204957038096,0.08193626229275068,0.24570644840413694
2025-09-08,TEX,MIL,5.0,5.0,0.0,3.2,5.2,5.7,4.1,5.4,4.3,5.0,2.0,5.2,3.7,4.55,4.15,2025-09-08,Jacob Latz,0.23705768729403182,0.10472747374007876,0.2657459721130268,Jose Quintana,0.15996926437637896,0.08915606352365243,0.15881609372741703
2025-09-09,TEX,MIL,9.0,5.0,4.0,2.4,4.0,6.2,3.7,5.4,4.0,3.8,2.4,4.8,3.6,4.35,4.1,2025-09-09,Jack Leiter,0.2316180538659876,0.11599702018267098,0.2296939923931082,Tobias Myers,0.19545621705242583,0.06413966656181189,0.17199867113632467
2025-09-10,TEX,MIL,9.0,6.0,3.0,2.8,3.8,6.0,3.8,5.55,3.5,4.6,3.0,4.5,3.9,4.5,4.15,2025-09-10,Merrill Kelly,0.22894628933846164,0.06956059399245698,0.2196826106999753,Erick Fedde,0.1239630721067161,0.10510767076300485,0.16070553973855783
2025-09-20,TEX,MIA,7.0,3.0,4.0,4.2,4.4,4.1,4.2,5.45,3.5,6.2,4.0,6.1,4.9,5.3,6.15,2025-09-20,Jack Leiter,0.2264861730120376,0.11209440300704264,0.22255616579608783,Adam Mazur,0.13810565424358526,0.0829225589225589,0.2071197268109996
2025-09-21,TEX,MIA,6.0,2.0,4.0,3.2,4.6,4.4,3.5,5.1,3.7,5.4,4.2,6.0,4.8,5.45,5.7,2025-09-21,Merrill Kelly,0.22304181264467673,0.06677060660414906,0.21748780242496243,Eury P\xc3\xa9rez,0.23936899425188563,0.08903574813185795,0.24805434635156415
2025-09-23,TEX,MIN,5.0,1.0,4.0,3.0,5.0,4.2,3.7,4.95,3.9,2.6,6.4,4.5,6.0,4.65,6.2,2025-09-23,Patrick Corbin,0.1911277526961699,0.07404003227367859,0.2360852693907693,Zebby Matthews,0.2555887007123153,0.07527489403022222,0.2539644145855164
2025-09-24,TEX,MIN,6.0,4.0,2.0,2.6,4.6,3.8,4.1,5.0,3.9,2.4,4.6,4.6,5.7,4.5,6.15,2025-09-24,Jacob deGrom,0.27310988578012957,0.05657408802244277,0.2690428326960041,Taj Bradley,0.1994873191898363,0.0970194508009153,0.20912291094141897
2025-09-25,TEX,MIN,4.0,0.0,4.0,2.4,3.8,3.7,3.9,4.85,3.85,2.4,4.2,3.9,5.3,4.35,6.05,2025-09-25,Tyler Mahle,0.19105082983801516,0.09507026196957542,0.2186070968950111,Bailey Ober,0.19472459241761764,0.0513422934798919,0.2220294161682596
2025-04-29,TOR,BOS,12.0,2.0,10.0,1.8,5.2,2.4,4.6,3.05,3.95,6.4,4.6,5.9,3.9,5.75,5.3,2025-04-29,Bowden Francis,0.19407114624505922,0.07905138339920945,0.1815266241378149,Garrett Crochet,0.2969929453262786,0.1009038800705467,0.27069335892865304
2025-05-01,TOR,BOS,6.0,4.0,2.0,2.0,6.2,2.0,5.3,2.9,4.35,7.4,3.4,6.8,4.1,5.85,5.2,2025-05-01,Jos\xc3\xa9 Berr\xc3\xados,0.19984333299550686,0.10322708692273906,0.17915024536258395,Tanner Houck,0.1811339944063056,0.09036994660564451,0.2248779278149381
2025-05-02,TOR,CLE,8.0,5.0,3.0,2.6,6.0,2.1,5.4,2.85,4.3,2.6,6.8,3.1,4.9,3.75,4.2,2025-05-02,Chris Bassitt,0.2794861003194336,0.04966502633169297,0.22744500644467655,Logan Allen,0.16045228684359114,0.11159175607001692,0.13638795288983022
2025-05-03,TOR,CLE,8.0,3.0,5.0,2.8,6.2,2.3,5.6,2.9,4.35,2.6,6.4,3.1,5.4,3.85,4.45,2025-05-03,Kevin Gausman,0.1963430195676572,0.09053628389154704,0.2108626515060493,Gavin Williams,0.22502659783361537,0.11541496190618994,0.26086617908041954
2025-05-04,TOR,CLE,9.0,4.0,5.0,3.0,5.0,2.3,5.3,3.05,4.35,3.0,4.4,3.0,5.3,3.95,4.5,2025-05-04,Bowden Francis,0.17152987677284348,0.06587615283267453,0.19192259328557745,Tanner Bibee,0.17184265010351962,0.1042701863354037,0.19833991494412337
2025-05-13,TOR,TBR,20.0,9.0,11.0,6.6,3.4,5.2,4.0,3.6,4.65,2.6,4.8,2.5,4.5,2.15,3.75,2025-05-13,Jos\xc3\xa9 Berr\xc3\xados,0.2270981082122386,0.09990708767882676,0.21305586584011976,Shane Baz,0.2549009168884945,0.08678004535147389,0.20988796674731192
2025-05-14,TOR,TBR,4.0,3.0,1.0,7.6,4.6,5.7,4.9,3.9,5.15,4.0,5.0,3.6,5.1,2.5,3.85,2025-05-14,Chris Bassitt,0.25721577463987505,0.04155911457635593,0.22422958816684074,Ryan Pepiot,0.19404031157498172,0.08785772978895166,0.21911030706948356
2025-05-15,TOR,TBR,11.0,3.0,8.0,6.6,3.8,5.5,4.7,3.9,5.15,4.2,4.2,3.5,4.6,2.55,3.95,2025-05-15,Jos\xc3\xa9 Ure\xc3\xb1a,0.09586056644880174,0.07516339869281043,0.1299361207897793,Zack Littell,0.15976280663780662,0.041669973544973524,0.16475417842753282
2025-05-16,TOR,DET,9.0,4.0,5.0,6.0,4.8,5.5,5.0,3.9,5.15,5.2,4.8,7.1,3.4,6.3,3.35,2025-05-16,Bowden Francis,0.16495345046462284,0.060615691622556575,0.18203718305942118,Jack Flaherty,0.2856071012321012,0.08505661005661003,0.2810883964226987
2025-05-17,TOR,DET,3.0,2.0,1.0,5.6,5.2,5.5,5.0,4.1,5.05,5.8,5.4,6.7,3.7,6.25,3.35,2025-05-17,Eric Lauer,0.1895424836601307,0.061437908496731995,0.17342342342342343,Tyler Holton,0.21549953314659195,0.06984126984126984,0.22552539732470525
2025-05-18,TOR,DET,5.0,2.0,3.0,4.2,5.2,5.4,4.3,4.15,4.85,5.4,3.8,6.6,3.4,6.3,3.35,2025-05-18,Jos\xc3\xa9 Berr\xc3\xados,0.2196427628553232,0.10213963349229045,0.21319251566740804,Brant Hurter,0.2648899711399711,0.03813131313131313,0.18341478209899262
2025-05-20,TOR,SDP,3.0,3.0,0.0,2.8,3.6,5.2,4.1,4.2,4.85,2.8,4.0,5.9,5.9,4.65,4.45,2025-05-20,Chris Bassitt,0.25530291079100004,0.045830324067871936,0.22246333762978437,Dylan Cease,0.28325158526531524,0.08741468845587835,0.30783683994603944
2025-05-21,TOR,SDP,14.0,14.0,0.0,2.8,3.4,4.7,3.6,4.15,4.75,1.6,3.8,5.6,5.0,4.65,4.3,2025-05-21,Jos\xc3\xa9 Ure\xc3\xb1a,0.0718954248366013,0.10637254901960783,0.12522986837011224,Randy V\xc3\xa1squez,0.11240260008375946,0.1370035922209835,0.14381710075883258
2025-05-29,TOR,ATH,12.0,12.0,0.0,1.0,3.8,2.7,2.6,4.1,3.8,3.4,6.8,3.3,6.7,4.05,7.35,2025-05-29,Jos\xc3\xa9 Ure\xc3\xb1a,0.06644880174291938,0.07091503267973855,0.1749652756552628,Sean Newcomb,0.21090159873363082,0.08906365784646843,0.21511410973846304
2025-05-30,TOR,ATH,18.0,11.0,7.0,3.2,3.2,3.7,2.5,4.55,3.4,2.4,7.2,3.2,7.0,3.75,7.5,2025-05-30,Chris Bassitt,0.24086407756777115,0.04971456985359123,0.21455134322819677,Jeffrey Springs,0.19111124919737354,0.1000439114314712,0.23556583964350886
2025-05-31,TOR,ATH,15.0,8.0,7.0,5.4,2.0,4.6,2.9,4.9,3.5,3.2,8.6,3.7,7.8,3.95,7.95,2025-05-31,Easton Lucas,0.26356107660455486,0.11947032436162867,0.2510239675962672,Gunnar Hoglund,0.1954112554112554,0.07984415584415581,0.2289405684754522
2025-06-01,TOR,ATH,12.0,8.0,4.0,6.6,3.2,5.1,3.6,4.9,3.6,3.6,9.4,4.1,8.2,4.15,8.1,2025-06-01,Kevin Gausman,0.23374169840981887,0.053928882122662024,0.23906148871724578,JP Sears,0.1757812279946667,0.04508824508824508,0.1635600483740901
2025-06-03,TOR,PHI,11.0,3.0,8.0,8.2,3.6,4.5,4.0,5.0,3.65,3.8,8.2,4.0,5.4,4.55,4.3,2025-06-03,Eric Lauer,0.2356442577030812,0.07436974789915964,0.20763903000745101,Cristopher S\xc3\xa1nchez,0.26839335236568435,0.09254385930275255,0.27619993259262243
2025-06-05,TOR,PHI,10.0,9.0,1.0,6.4,5.4,4.8,4.3,4.5,3.9,4.0,6.6,3.8,5.4,4.5,4.5,2025-06-05,Chris Bassitt,0.2425312015385728,0.052818065844052825,0.20963502758881,Taijuan Walker,0.2253663931975952,0.08497754674992523,0.17256280820354045
2025-06-17,TOR,ARI,9.0,5.0,4.0,4.2,6.6,4.6,4.9,4.65,4.7,6.0,4.2,5.4,5.2,4.75,5.45,2025-06-17,Chris Bassitt,0.23057917204361836,0.05530077705704176,0.20220470065013538,Brandon Pfaadt,0.16229657820359314,0.05443548254746644,0.19273910278790488
2025-06-18,TOR,ARI,9.0,8.0,1.0,3.2,5.6,4.9,5.2,4.85,4.75,4.8,4.6,5.0,5.4,4.9,5.55,2025-06-18,Eric Lauer,0.22227335978625964,0.07632047270850158,0.19772269041274884,Eduardo Rodr\xc3\xadguez,0.23448151175423898,0.07643104370377095,0.2139548558541059
2025-06-21,TOR,CHW,8.0,7.0,1.0,4.6,6.4,4.3,6.0,5.45,4.8,3.0,4.6,3.3,4.7,3.6,4.45,2025-06-21,Jos\xc3\xa9 Berr\xc3\xados,0.21097671249845157,0.08426286005996148,0.2152605171524831,Aaron Civale,0.19231654014262703,0.0786749482401656,0.19775950106928672
2025-06-22,TOR,CHW,6.0,2.0,4.0,5.2,4.4,4.7,5.5,5.7,4.85,3.0,5.4,3.0,5.3,3.6,4.7,2025-06-22,Chris Bassitt,0.22755290625305616,0.05408319438904144,0.20400216505123747,Adrian Houser,0.18687809774766295,0.0870987305769914,0.1839393939393939
2025-07-01,TOR,NYY,17.0,12.0,5.0,5.2,4.4,5.1,4.9,4.95,5.05,5.2,3.6,5.0,3.4,4.75,3.95,2025-07-01,Kevin Gausman,0.2356433051026379,0.07150521901344269,0.23787132195646343,Max Fried,0.24680402268813945,0.05078925846277463,0.22698126995366638
2025-07-02,TOR,NYY,20.0,11.0,9.0,6.4,5.4,5.8,4.5,5.25,5.1,4.8,5.8,4.8,4.3,4.55,4.25,2025-07-02,Jos\xc3\xa9 Berr\xc3\xados,0.21626796761067857,0.08310308380640857,0.2159101645845678,Will Warren,0.2852747407515882,0.10999104505969493,0.2501649532550405
2025-07-03,TOR,NYY,13.0,8.0,5.0,6.8,7.2,6.8,4.7,5.55,5.35,6.0,8.0,5.4,4.9,4.65,4.3,2025-07-03,Chris Bassitt,0.2296777449394871,0.06290548701436134,0.20713982432845224,Clarke Schmidt,0.24246034159077634,0.0951906064949543,0.2507212059769604
2025-07-06,TOR,LAA,5.0,3.0,2.0,8.2,5.2,6.9,5.1,5.8,5.3,5.8,5.2,6.2,4.9,5.2,4.6,2025-07-06,Kevin Gausman,0.2288407577436592,0.07671079436559311,0.23858477360608324,Tyler Anderson,0.1960199486030688,0.07896774013142296,0.2420394649095048
2025-07-18,TOR,SFG,4.0,4.0,0.0,4.4,4.4,6.1,4.7,5.75,4.65,3.2,5.2,4.0,5.1,3.65,4.65,2025-07-18,Chris Bassitt,0.23034513081761165,0.06120775920030237,0.2160548450769435,Justin Verlander,0.197792737589839,0.0800863752457955,0.23284512429789098
2025-07-19,TOR,SFG,9.0,6.0,3.0,3.6,3.6,6.0,4.3,5.55,4.6,2.6,5.8,3.8,4.7,3.55,4.8,2025-07-19,Eric Lauer,0.2501673943595563,0.06939979370367999,0.19444737431445272,Logan Webb,0.27212218337218336,0.054696285196285166,0.24166414060979274
2025-07-20,TOR,SFG,14.0,8.0,6.0,4.6,3.8,5.4,4.1,5.6,4.3,2.4,6.4,3.4,5.1,3.45,4.75,2025-07-20,Jos\xc3\xa9 Berr\xc3\xados,0.20246660646117162,0.08123544732240381,0.20397844571656415,Robbie Ray,0.2685414305708836,0.09461203654015712,0.26092851195427946
2025-07-21,TOR,NYY,5.0,4.0,1.0,4.8,3.8,5.1,3.8,5.95,4.25,4.4,5.4,6.4,5.2,5.75,5.65,2025-07-21,Kevin Gausman,0.22687277561656158,0.07906058616133287,0.2439217147302549,Carlos Rod\xc3\xb3n,0.2810457457335268,0.08792978172363476,0.2923197530132237
2025-07-23,TOR,NYY,12.0,8.0,4.0,5.2,3.0,4.8,3.7,5.9,4.3,5.0,5.2,5.8,4.4,5.65,5.7,2025-07-23,Chris Bassitt,0.22819465721606752,0.05829310400028797,0.220259272744087,Max Fried,0.23055636614482186,0.058025942157126545,0.22283306935960634
2025-08-01,TOR,KCR,12.0,3.0,9.0,4.6,9.6,5.8,6.4,5.25,4.9,6.4,5.4,5.5,4.6,4.75,4.05,2025-08-01,Kevin Gausman,0.24205092900959252,0.07556224865340043,0.24916453975211153,Michael Wacha,0.18281522710094136,0.07458797777638355,0.2133377181491475
2025-08-02,TOR,KCR,6.0,4.0,2.0,4.4,9.4,5.7,6.8,5.25,5.25,6.6,5.2,6.1,4.7,5.1,4.05,2025-08-02,Max Scherzer,0.26489790493549886,0.05479201249877939,0.22387884663243182,Noah Cameron,0.22219128268000446,0.06951708275016544,0.24448324363834914
2025-08-13,TOR,CHC,5.0,1.0,4.0,6.4,4.0,7.3,4.4,6.3,5.05,3.6,3.0,3.0,3.0,3.9,4.65,2025-08-13,Kevin Gausman,0.24294344081874225,0.07221223025197752,0.24706327542584097,Cade Horton,0.18029341664353102,0.07403804560555131,0.24262266415526873
2025-08-14,TOR,CHC,3.0,2.0,1.0,2.6,4.6,6.5,4.0,6.15,5.2,3.2,3.0,3.3,3.1,4.05,4.4,2025-08-14,Max Scherzer,0.25054737335439087,0.05543652254178567,0.22075497595220886,Drew Pomeranz,0.2764957264957265,0.07521367521367522,0.22935490435490435
2025-08-15,TOR,TEX,11.0,6.0,5.0,2.8,3.8,6.4,3.2,6.05,5.0,2.2,5.0,2.2,4.3,3.65,3.6,2025-08-15,Chris Bassitt,0.2265340463902919,0.060486628967620026,0.21447226699429353,Jacob deGrom,0.27273978132400173,0.05896978775249591,0.2714937786889708
2025-08-16,TOR,TEX,16.0,14.0,2.0,3.8,3.0,6.6,3.5,5.95,5.05,3.0,4.4,2.7,4.3,3.7,3.85,2025-08-16,Eric Lauer,0.2441371132696319,0.06460786804231056,0.19125649569711003,Patrick Corbin,0.19610137546028447,0.07659963654294835,0.2365945193504258
2025-08-17,TOR,TEX,14.0,4.0,10.0,5.6,2.6,6.5,3.6,6.1,4.95,3.0,6.6,2.6,5.3,3.75,4.45,2025-08-17,Jos\xc3\xa9 Berr\xc3\xados,0.20009449729014941,0.07892775179731698,0.19648403163701256,Nathan Eovaldi,0.25501917051405537,0.04888637378535074,0.25339575144926796
2025-08-25,TOR,MIN,14.0,10.0,4.0,3.6,3.4,4.5,3.9,5.9,4.15,3.6,7.2,3.6,6.2,4.0,5.85,2025-08-25,Max Scherzer,0.2302458307242996,0.06008779453755528,0.2096095490891033,Joe Ryan,0.27992909104625346,0.04940447150103898,0.23466972320887902
2025-08-26,TOR,MIN,12.0,5.0,7.0,5.2,3.2,5.4,3.9,5.95,3.95,3.8,8.0,3.9,6.3,3.95,5.95,2025-08-26,Chris Bassitt,0.23130256820649925,0.0657031076299512,0.2167335805502718,Michael King,0.20972222222222223,0.08611111111111111,0.16998599439775908
2025-08-27,TOR,MIN,17.0,9.0,8.0,4.8,4.0,5.7,4.5,6.05,3.85,4.6,7.4,4.2,6.7,4.25,5.55,2025-08-27,Eric Lauer,0.24062590978006332,0.06789921377062982,0.1914762796079067,Michael King,0.19065656565656566,0.07828282828282829,0.15453272217978098
2025-08-30,TOR,MIL,5.0,1.0,4.0,5.8,6.2,4.8,5.3,5.65,4.45,5.8,4.8,4.5,4.4,5.85,4.0,2025-08-30,Kevin Gausman,0.23720792686684739,0.07056080498058141,0.23977665937313225,Aaron Ashby,0.33461099086099083,0.10215608465608465,0.25404411946078614
2025-08-31,TOR,MIL,12.0,8.0,4.0,5.4,6.0,4.5,4.7,5.2,4.45,5.2,4.0,4.6,4.1,5.9,3.95,2025-08-31,Max Scherzer,0.22917462019292678,0.05870366673188943,0.213808753331678,Brandon Woodruff,0.33276895943562607,0.06062610229276894,0.26203132020151976
2025-09-10,TOR,HOU,5.0,2.0,3.0,7.2,5.2,6.0,5.4,5.85,4.95,5.2,5.2,4.1,3.9,3.8,5.05,2025-09-10,Jos\xc3\xa9 Berr\xc3\xados,0.19906396441722524,0.0755732477782167,0.1961517671468836,Jason Alexander,0.23588592222132593,0.07893128265799072,0.25587586693188696
2025-09-11,TOR,HOU,6.0,6.0,0.0,5.2,4.0,5.3,4.9,5.65,4.85,5.6,4.2,4.0,3.8,3.95,4.8,2025-09-11,Kevin Gausman,0.2383269008919576,0.06675227457556451,0.2406940797802925,Cristian Javier,0.21976444608023554,0.13403964456596032,0.20388611388611383
2025-09-12,TOR,BAL,7.0,6.0,1.0,3.8,2.2,5.7,4.2,5.25,4.75,3.6,3.2,4.9,5.0,4.7,4.8,2025-09-12,Chris Bassitt,0.22905109926463718,0.07051158474574395,0.22104550669508247,Trevor Rogers,0.23913491446824778,0.05921943488610153,0.23637627837381306
2025-09-13,TOR,BAL,9.0,5.0,4.0,3.6,2.2,6.2,3.9,5.35,4.3,2.4,3.4,4.2,4.1,4.15,5.1,2025-09-13,Max Scherzer,0.22857824587965153,0.0646031429130481,0.21074309398872892,Tomoyuki Sugano,0.15167375789356463,0.0534298864492101,0.16479743630031218
2025-09-23,TOR,BOS,5.0,1.0,4.0,2.2,6.6,4.5,4.5,4.9,4.7,4.8,4.8,4.4,4.2,4.6,4.8,2025-09-23,Kevin Gausman,0.24077177416582712,0.06619101182608243,0.24168509440769795,Lucas Giolito,0.19663751304442534,0.08763571206375591,0.20684698532470436
2025-09-24,TOR,BOS,8.0,1.0,7.0,2.2,7.0,4.0,4.9,4.85,4.55,5.4,4.6,4.2,4.3,4.7,4.65,2025-09-24,Max Scherzer,0.22738691752564746,0.06873013100129803,0.21077599340365982,Garrett Crochet,0.3141801686962977,0.058593270528754376,0.26904046924354336
2025-09-25,TOR,BOS,7.0,6.0,1.0,2.4,7.6,3.5,5.5,4.85,4.7,6.2,3.8,4.5,3.9,4.9,4.2,2025-09-25,Eric Lauer,0.23454740312752123,0.058640420849202415,0.21089112757132655,Brayan Bello,0.17799107066305922,0.083283065960157,0.18547621951379695
2025-09-26,TOR,TBR,6.0,4.0,2.0,3.4,3.8,3.6,5.2,4.75,4.55,4.2,4.6,4.2,4.5,3.95,4.4,2025-09-26,Shane Bieber,0.2543928293928293,0.034819347319347285,0.2753474448089957,Adrian Houser,0.1802703019513956,0.0727025928566408,0.169019538040664
2025-04-22,WSN,BAL,7.0,7.0,0.0,3.4,4.6,4.0,5.5,4.2,4.75,5.8,8.0,4.5,6.4,4.6,5.55,2025-04-22,Mitchell Parker,0.15831320450885666,0.09093196457326885,0.1997959183673469,Dean Kremer,0.14205721814417463,0.044060559006211156,0.15066847403803924
2025-04-23,WSN,BAL,7.0,4.0,3.0,4.6,3.4,4.0,5.1,4.3,4.7,4.0,9.2,4.0,7.0,4.0,5.8,2025-04-23,Trevor Williams,0.18205345379258417,0.06931112365894973,0.21624327816188282,Tomoyuki Sugano,0.08736714975845408,0.06245686680469288,0.16010847950082752
2025-04-24,WSN,BAL,3.0,1.0,2.0,5.4,3.8,3.8,4.7,4.4,4.6,3.4,9.6,4.0,7.0,4.05,5.6,2025-04-24,MacKenzie Gore,0.4021088814567076,0.062175505653766505,0.330538214631188,Cade Povich,0.2095238095238095,0.0994047619047619,0.17383432539682536
2025-04-25,WSN,NYM,9.0,5.0,4.0,3.2,2.0,3.5,3.8,4.3,4.45,5.0,2.6,4.6,2.4,4.4,2.65,2025-04-25,Jake Irvin,0.22771541501976283,0.059272727272727255,0.21114441812116228,Kodai Senga,0.2317857581015475,0.08017859333648805,0.2530132891835019
2025-04-26,WSN,NYM,2.0,0.0,2.0,3.6,2.4,3.7,3.2,4.45,4.45,4.8,2.8,4.9,2.6,4.55,2.8,2025-04-26,Brad Lord,0.09294871794871795,0.1811965811965812,0.1389157014157014,Clay Holmes,0.2952173913043478,0.11492753623188404,0.23203560703560702
2025-04-27,WSN,NYM,15.0,8.0,7.0,3.4,2.2,3.4,3.4,4.25,4.25,4.6,2.8,4.3,2.6,4.15,2.6,2025-04-27,Mitchell Parker,0.15628019323671494,0.08756038647342988,0.19513085234093636,Tylor Megill,0.2807985873775347,0.10273410799726586,0.2406928689319116
2025-05-06,WSN,CLE,19.0,10.0,9.0,4.4,4.4,4.6,6.1,4.05,4.95,3.8,3.0,3.2,5.5,3.9,4.65,2025-05-06,Jake Irvin,0.1936701057840488,0.062406992751820316,0.1955946674028763,Ben Lively,0.17034732553308402,0.07538015206082431,0.133581593556963
2025-05-09,WSN,STL,10.0,0.0,10.0,6.4,6.6,5.0,7.4,4.55,5.45,4.8,2.6,4.4,3.5,4.0,4.15,2025-05-09,Mitchell Parker,0.11843143054323177,0.11722654502157602,0.1930058257069061,Erick Fedde,0.11684405857833847,0.13385027751153508,0.15699895342752482
2025-05-10,WSN,STL,6.0,2.0,4.0,4.2,7.4,4.5,6.5,4.55,5.9,5.6,1.6,5.3,3.2,4.45,3.95,2025-05-10,Trevor Williams,0.18953200009100626,0.06951123410750737,0.19409126674040728,Andre Pallante,0.13441585329784086,0.10373558118899731,0.21958017047602713
2025-05-11,WSN,STL,7.0,1.0,6.0,3.8,8.0,4.1,6.2,4.05,5.55,5.4,1.2,5.1,3.4,4.45,3.8,2025-05-11,MacKenzie Gore,0.37854137106854496,0.06702174636957244,0.3317136989593073,Miles Mikolas,0.1236734693877551,0.08115646258503399,0.13385194161972455
2025-05-23,WSN,SFG,4.0,0.0,4.0,6.2,4.2,4.4,4.4,4.45,5.45,4.0,3.2,4.0,3.7,4.0,3.65,2025-05-23,MacKenzie Gore,0.36788945756337055,0.0734241603806821,0.32234618732911463,Landen Roupp,0.22302142302142297,0.08109168609168609,0.24391288102018413
2025-05-24,WSN,SFG,3.0,3.0,0.0,5.8,4.0,4.2,4.4,4.15,5.3,3.0,3.0,4.3,3.4,4.05,3.55,2025-05-24,Jake Irvin,0.16234970082946093,0.06798193444070502,0.16288462506526488,Kyle Harrison,0.35,0.05555555555555555,0.33966165413533833
2025-05-25,WSN,SFG,5.0,2.0,3.0,5.6,3.4,4.4,3.8,4.2,4.95,2.4,3.2,4.2,3.5,3.9,3.6,2025-05-25,Michael Soroka,0.2614943368651808,0.04834977469248568,0.21170926087136754,Robbie Ray,0.2639546765633722,0.11872417839809139,0.26389906512948447
2025-06-03,WSN,CHC,11.0,3.0,8.0,6.2,5.2,5.1,4.0,4.3,4.75,3.2,2.2,6.0,3.3,5.7,3.8,2025-06-03,Trevor Williams,0.1770215291954422,0.06288244035279605,0.19122782878247496,Cade Horton,0.18972135955831607,0.0421195652173913,0.2342661883851815
2025-06-04,WSN,CHC,2.0,2.0,0.0,6.6,5.0,4.4,4.4,4.15,4.75,4.2,2.6,5.4,3.5,6.0,3.6,2025-06-04,MacKenzie Gore,0.37021091160583913,0.06952013365056842,0.3193258253055073,Matthew Boyd,0.2521011597098553,0.05832244172165118,0.21232164969343598
2025-06-05,WSN,CHC,8.0,1.0,7.0,5.2,5.0,4.1,4.1,4.25,4.25,3.8,2.8,5.2,3.6,5.7,3.45,2025-06-05,Jake Irvin,0.15540635988661974,0.06587096069292468,0.1531790480195037,Drew Pomeranz,0.32111111111111107,0.05222222222222222,0.2432010582010582
2025-06-06,WSN,TEX,2.0,2.0,0.0,3.6,5.0,4.2,4.4,4.2,4.4,3.2,3.4,3.5,2.6,3.3,3.2,2025-06-06,Michael Soroka,0.20995757723379202,0.04642400438436242,0.18034456596483217,Patrick Corbin,0.18525754438797915,0.08007292055346973,0.22314214000290974
2025-06-07,WSN,TEX,5.0,0.0,5.0,1.8,3.6,4.1,4.4,4.25,4.1,3.2,3.4,3.0,2.4,2.9,3.15,2025-06-07,Mitchell Parker,0.1532841353493527,0.10074145862189336,0.17848856609867905,Jacob deGrom,0.24726388599958393,0.06607646834477496,0.2684973123164844
2025-06-08,WSN,TEX,6.0,2.0,4.0,1.6,4.0,3.9,4.6,4.1,4.15,2.6,3.2,3.4,2.2,3.1,3.15,2025-06-08,Trevor Williams,0.17893640176248868,0.06180890365672972,0.1884500711207775,Jacob Latz,0.2810257552904612,0.07752639517345399,0.2940758952534315
2025-06-13,WSN,MIA,20.0,9.0,11.0,1.4,3.6,2.5,4.3,3.9,4.1,2.6,4.8,2.4,4.0,3.4,4.55,2025-06-13,Mitchell Parker,0.15980806632980543,0.09299211565097848,0.18202712223865508,Edward Cabrera,0.24185174728652986,0.09470010665662837,0.24424271595642563
2025-06-14,WSN,MIA,7.0,3.0,4.0,2.8,5.8,2.3,4.7,4.15,4.5,4.2,5.8,3.4,4.9,3.7,4.95,2025-06-14,Trevor Williams,0.173269229157277,0.057054372606212045,0.18289845563205936,Janson Junk,0.25770063270063265,0.02326839826839825,0.26602859665473094
2025-06-16,WSN,COL,10.0,4.0,6.0,3.2,5.4,2.3,4.3,3.35,4.35,6.0,6.8,4.6,6.7,3.6,5.75,2025-06-16,Jake Irvin,0.1533519714779085,0.07088390037415522,0.15902625001194673,Carson Palmquist,0.1487179487179487,0.1174860227491806,0.15346153846153845
2025-06-17,WSN,COL,16.0,6.0,10.0,4.0,5.6,2.5,4.9,3.3,4.5,5.8,5.6,4.9,6.9,3.75,5.85,2025-06-17,Michael Soroka,0.22565000110716218,0.05754527601554453,0.1946255923934236,Antonio Senzatela,0.10828081857909046,0.07612060999087408,0.1530080270726741
2025-06-18,WSN,COL,4.0,1.0,3.0,4.6,6.8,3.0,5.2,3.6,4.8,6.2,5.4,5.7,7.1,4.2,5.5,2025-06-18,Mitchell Parker,0.1585972860817581,0.09655390330856164,0.18734020325091233,Germ\xc3\xa1n M\xc3\xa1rquez,0.1500491668683888,0.0705792872873618,0.19480796066229875
2025-07-02,WSN,DET,13.0,2.0,11.0,6.0,5.6,5.6,6.3,4.05,5.6,4.4,2.4,6.2,4.3,5.15,4.55,2025-07-02,Trevor Williams,0.17237092260333103,0.056886569046895104,0.1774554111857727,Jack Flaherty,0.2810159017240219,0.10059797273272333,0.2591070566597013
2025-07-04,WSN,BOS,13.0,2.0,11.0,7.8,7.8,6.6,6.6,5.0,6.1,8.0,4.6,5.4,5.8,5.0,4.65,2025-07-04,Michael Soroka,0.2604294380346461,0.06178857976695686,0.21156958965021105,Lucas Giolito,0.20126878164768305,0.07318993214318276,0.18262782156679166
2025-07-05,WSN,BOS,13.0,3.0,10.0,5.2,8.2,6.1,7.4,5.0,6.45,7.2,4.8,6.3,5.7,5.05,4.4,2025-07-05,Mitchell Parker,0.16100496548066875,0.09171250034421385,0.18980138909568353,Walker Buehler,0.19400746901631463,0.10327978400291535,0.18286926755619765
2025-07-06,WSN,BOS,10.0,4.0,6.0,5.4,8.6,5.7,7.1,5.15,6.7,8.6,4.4,6.8,5.1,5.0,4.2,2025-07-06,Brad Lord,0.20032140640156942,0.09081533276506101,0.20240824227016085,Jordan Hicks,0.18051957537714658,0.11893378951549864,0.20729970224226144
2025-07-18,WSN,SDP,9.0,2.0,7.0,3.6,6.4,4.0,7.0,5.0,6.75,3.2,3.8,2.9,3.8,3.15,3.85,2025-07-18,Michael Soroka,0.2566881569694869,0.06723990937545922,0.217391034850415,Dylan Cease,0.2908071747745401,0.08648409002273619,0.3191007821092671
2025-07-20,WSN,SDP,9.0,1.0,8.0,3.0,6.2,3.3,6.1,4.7,6.75,3.8,2.8,3.3,3.2,3.2,4.0,2025-07-20,MacKenzie Gore,0.3121952790831509,0.0734153967906828,0.28708185197884944,Nick Pivetta,0.2787867250934816,0.06515761035392491,0.23243855523521403
2025-07-21,WSN,CIN,18.0,10.0,8.0,2.6,6.2,3.1,5.9,4.4,6.5,4.6,2.8,4.1,3.6,4.25,4.4,2025-07-21,Jake Irvin,0.16705971018264867,0.07611590337864697,0.15957830030633147,Brady Singer,0.21364551563363166,0.09642617562174054,0.20577903720960194
2025-07-22,WSN,CIN,7.0,6.0,1.0,3.6,6.6,3.7,6.1,4.4,6.6,5.4,4.2,4.8,4.1,4.6,4.55,2025-07-22,Brad Lord,0.20628025183925802,0.08303116138519864,0.20219183149415704,Chase Burns,0.28273809523809523,0.13555555555555554,0.2225342416924352
2025-07-23,WSN,CIN,5.0,0.0,5.0,4.6,5.2,4.1,5.8,4.55,6.45,4.8,5.0,4.7,3.5,4.25,4.8,2025-07-23,Michael Soroka,0.24906757432880924,0.0695799158486407,0.21376786569443298,Nick Lodolo,0.22249688412816454,0.048755023398349015,0.2195884913874237
2025-08-01,WSN,MIL,25.0,9.0,16.0,4.6,4.4,4.0,4.5,3.65,5.3,5.4,5.2,5.0,3.9,5.25,3.35,2025-08-01,Mitchell Parker,0.15203730180488342,0.08538272557306816,0.18554865111265909,Jose Quintana,0.15706105488714178,0.09307286915982566,0.15159866202957856
2025-08-02,WSN,MIL,10.0,2.0,8.0,4.6,7.0,4.8,5.3,3.95,5.6,7.8,5.6,6.0,4.3,5.75,3.55,2025-08-02,Jake Irvin,0.15776131179651906,0.07637330929159294,0.16129221596475765,Brandon Woodruff,0.3584126984126984,0.03,0.25256753050870695
2025-08-03,WSN,MIL,17.0,3.0,14.0,3.6,8.2,4.0,5.3,3.85,5.7,8.8,5.6,6.2,4.5,6.05,3.45,2025-08-03,Brad Lord,0.1997227960782948,0.08004449200101373,0.20058220779736197,Aaron Ashby,0.28738702817650186,0.1217000835421888,0.24060420573578464
2025-08-05,WSN,ATH,23.0,7.0,16.0,3.8,10.8,3.7,6.6,3.9,6.2,4.4,3.8,5.5,2.9,4.7,4.2,2025-08-05,MacKenzie Gore,0.28878625473487135,0.08578515870017843,0.2765097771594568,Luis Severino,0.17356909006345153,0.07248577824192189,0.14898407067711278
2025-08-07,WSN,ATH,6.0,0.0,6.0,4.6,11.0,4.6,7.7,3.9,6.55,5.6,4.6,5.2,3.3,5.15,3.85,2025-08-07,Mitchell Parker,0.15058106081375236,0.08331987441065597,0.18279643969844728,Jacob Lopez,0.2478657940001997,0.09899512076891265,0.23766514847832915
2025-08-14,WSN,PHI,5.0,3.0,2.0,5.8,4.8,4.1,6.6,4.05,5.95,2.4,3.8,4.2,2.8,4.65,3.95,2025-08-14,Brad Lord,0.20238074474253895,0.08061130310294189,0.20193615237104223,Jes\xc3\xbas Luzardo,0.2654699076086064,0.08386016327490144,0.273649040191802
2025-08-15,WSN,PHI,8.0,2.0,6.0,5.6,4.8,4.1,5.4,3.9,6.0,2.2,4.0,4.2,3.1,4.65,3.7,2025-08-15,MacKenzie Gore,0.2836601274463593,0.08251446185322994,0.2767516094549923,Zack Wheeler,0.3341072352698061,0.05704395758270993,0.29381658667696164
2025-08-17,WSN,PHI,20.0,9.0,11.0,4.0,4.6,3.6,4.3,4.1,6.0,1.8,4.2,3.0,3.2,4.15,3.6,2025-08-17,Mitchell Parker,0.15123139684324813,0.08776371510417791,0.18298266847617542,Aaron Nola,0.2371696660827095,0.07113500026543501,0.23545712026961013
2025-08-19,WSN,NYM,9.0,1.0,8.0,4.8,5.2,4.5,4.8,4.1,6.4,5.6,6.0,5.4,5.6,5.0,5.2,2025-08-19,Jake Irvin,0.152894023645006,0.07829076325885287,0.1608181024299391,David Peterson,0.20451988059098247,0.08725673192591904,0.2157077824301503
2025-08-20,WSN,NYM,9.0,5.0,4.0,3.4,5.4,4.6,5.1,3.8,6.7,6.0,4.0,6.1,5.3,5.1,5.1,2025-08-20,Brad Lord,0.20032122612397546,0.07959602052536834,0.20014861812698354,Kodai Senga,0.23109023898828784,0.11687510226201059,0.24958702427165075
2025-08-21,WSN,NYM,12.0,9.0,3.0,3.8,5.8,4.7,5.3,3.95,6.85,6.2,4.2,6.3,5.5,4.9,5.3,2025-08-21,MacKenzie Gore,0.2839803890151716,0.08254721671243408,0.2761163276854882,Sean Manaea,0.2852541750139004,0.053391631252043145,0.22069642022306818
2025-08-29,WSN,TBR,5.0,1.0,4.0,2.8,7.0,4.3,6.5,3.95,5.4,6.0,3.6,5.1,4.7,4.2,4.4,2025-08-29,Mitchell Parker,0.14484296771544583,0.09163665148938636,0.18320762063006668,Adrian Houser,0.1672590595005177,0.07390260244133304,0.17577408396013045
2025-08-30,WSN,TBR,5.0,1.0,4.0,2.2,6.6,3.5,5.8,4.0,5.3,6.0,2.4,4.7,4.6,4.2,4.45,2025-08-30,Jake Irvin,0.1501664240099262,0.08108933105978441,0.16045930509529097,Ryan Pepiot,0.23165898595361967,0.08632585282967604,0.22505237449680754
2025-08-31,WSN,TBR,11.0,4.0,7.0,2.0,6.8,3.5,5.4,4.05,5.25,4.8,1.4,4.4,4.1,4.4,4.35,2025-08-31,Brad Lord,0.20009889030440725,0.07994652058316654,0.19847065098779343,Ian Seymour,0.27505745888098826,0.05489118724412841,0.25394272843665555
2025-09-03,WSN,MIA,15.0,10.0,5.0,2.6,3.4,2.7,5.2,3.8,5.25,5.4,7.0,4.4,6.6,4.5,5.85,2025-09-03,Mitchell Parker,0.14984878372598487,0.08824270143422391,0.186248305882619,Eury P\xc3\xa9rez,0.2367568595984264,0.10350956442489621,0.2485117764684378
2025-09-12,WSN,PIT,11.0,6.0,5.0,6.2,5.6,5.5,4.7,4.45,5.2,2.4,5.0,4.0,4.2,4.25,3.4,2025-09-12,Brad Lord,0.2028406074117827,0.08348250124929965,0.2013123946242124,Mitch Keller,0.1953427201927951,0.06659955209430468,0.1830405719388562
2025-09-14,WSN,PIT,7.0,4.0,3.0,3.4,5.6,5.5,5.5,4.1,5.35,3.0,4.8,3.6,4.4,4.35,3.3,2025-09-14,Cade Cavalli,0.1922565112414736,0.05746210765007755,0.22691794272365298,Mike Burrows,0.23549244799934663,0.08299354877410467,0.23543469333981398
2025-09-15,WSN,ATL,14.0,3.0,11.0,2.8,5.2,4.9,5.3,4.1,5.2,3.2,5.8,3.3,6.0,4.05,5.75,2025-09-15,Mitchell Parker,0.14797444053477324,0.08611930244904077,0.18749835770555795,Spencer Strider,0.24044951296267084,0.09510625923783815,0.2834491115982266
2025-09-16,WSN,ATL,9.0,3.0,6.0,2.8,5.8,4.7,5.3,4.15,5.6,5.2,5.2,3.9,6.2,4.25,5.3,2025-09-16,Jake Irvin,0.14918014737842977,0.08109633998279148,0.1666287718011591,Chris Sale,0.31962151766197655,0.06362476146594502,0.2856082423599514
2025-09-17,WSN,ATL,13.0,4.0,9.0,3.4,6.0,4.8,5.8,4.05,5.4,6.0,5.2,4.1,6.4,4.45,5.0,2025-09-17,Brad Lord,0.2018885939137431,0.08162733455487077,0.1984648021149481,Hurston Waldrep,0.22887681159420287,0.09287796442687744,0.24259220518501928
2025-09-26,WSN,CHW,19.0,9.0,10.0,4.0,6.2,3.5,6.5,4.7,5.85,2.2,5.2,2.6,4.7,3.5,4.55,2025-09-26,Cade Cavalli,0.17598786853172815,0.0711477768495312,0.2407747662625409,Yoendrys G\xc3\xb3mez,0.19289517353991034,0.1279580624054308,0.21048957416744346
2025-09-27,WSN,CHW,11.0,6.0,5.0,4.6,5.8,4.3,7.0,4.9,6.25,3.6,5.6,3.4,5.3,3.8,4.85,2025-09-27,Jake Irvin,0.15274569793158768,0.0811835426395909,0.16630375927787236,Tyler Gilbert,0.27629870129870127,0.08698593073593074,0.24914999772954316
