Date,home_team,away_team,total_runs,home_runs,away_runs,home_off_roll5,home_def_roll5,home_off_roll10,home_def_roll10,home_off_roll20,home_def_roll20,away_off_roll5,away_def_roll5,away_off_roll10,away_def_roll10,away_off_roll20,away_def_roll20
2025-04-22,ARI,TBR,6.0,5.0,1.0,7.0,5.8,5.8,4.5,5.55,4.55,1.4,3.8,4.2,4.2,4.05,3.8
2025-04-25,ARI,ATL,10.0,2.0,8.0,6.0,5.2,5.9,4.3,5.4,4.55,5.0,4.4,4.6,4.7,4.05,4.5
2025-04-27,ARI,ATL,10.0,6.0,4.0,5.2,6.4,5.2,5.1,5.35,4.75,5.8,4.2,5.1,4.1,4.45,4.35
2025-05-05,ARI,NYM,9.0,4.0,5.0,3.0,4.6,4.1,5.5,4.55,4.55,4.6,4.4,6.3,4.3,5.45,3.35
2025-05-06,ARI,NYM,6.0,5.0,1.0,3.2,4.0,3.4,4.7,4.55,4.55,5.0,4.4,6.4,4.2,5.65,3.4
2025-05-07,ARI,NYM,8.0,1.0,7.0,3.4,3.6,3.7,4.2,4.75,4.35,4.8,4.6,6.3,4.7,5.3,3.65
2025-05-08,ARI,LAD,8.0,5.0,3.0,2.8,4.6,3.3,4.8,4.6,4.55,6.4,2.6,7.6,3.1,5.65,3.7
2025-05-09,ARI,LAD,25.0,11.0,14.0,3.4,4.6,3.6,4.3,4.4,4.7,6.6,3.4,7.9,3.3,5.65,3.95
2025-05-10,ARI,LAD,3.0,3.0,0.0,5.2,6.0,4.1,5.3,4.95,5.05,7.4,5.0,8.5,4.0,6.35,3.7
2025-05-11,ARI,LAD,9.0,1.0,8.0,5.0,5.0,4.1,4.5,4.85,4.85,6.8,4.8,7.6,4.1,6.25,3.65
2025-05-16,ARI,COL,8.0,8.0,0.0,4.0,5.2,4.6,5.6,4.35,5.55,2.8,7.6,3.2,8.7,3.05,7.2
2025-05-17,ARI,COL,26.0,12.0,14.0,5.0,5.2,5.0,5.1,4.2,4.9,2.8,5.0,2.9,8.9,2.85,7.25
2025-05-18,ARI,COL,1.0,1.0,0.0,7.2,6.4,5.7,6.4,4.7,5.3,3.8,6.8,4.0,9.2,3.45,7.55
2025-05-26,ARI,PIT,5.0,5.0,0.0,4.2,4.4,5.6,5.3,4.6,5.1,3.2,3.2,2.7,3.7,2.35,3.8
2025-05-27,ARI,PIT,15.0,6.0,9.0,3.4,3.4,5.5,4.3,4.75,4.95,3.0,4.2,2.3,4.2,2.15,3.6
2025-05-28,ARI,PIT,11.0,1.0,10.0,4.4,4.6,5.3,4.5,4.95,5.05,4.2,5.2,2.8,4.0,2.55,3.8
2025-05-30,ARI,WSN,16.0,7.0,9.0,4.0,5.8,4.6,5.5,4.8,5.3,3.0,3.2,4.6,3.7,4.0,4.85
2025-05-31,ARI,WSN,18.0,7.0,11.0,4.4,6.4,4.1,5.0,4.9,5.7,4.8,3.8,5.3,3.9,4.25,5.15
2025-06-01,ARI,WSN,4.0,3.0,1.0,5.2,7.8,4.7,6.1,5.2,5.9,6.4,5.2,6.0,4.3,4.3,5.05
2025-06-10,ARI,SEA,13.0,10.0,3.0,4.8,6.2,4.8,7.1,5.15,5.7,3.6,4.4,3.3,4.3,3.45,3.5
2025-06-11,ARI,SEA,7.0,5.0,2.0,5.2,6.2,5.2,6.5,5.25,5.5,3.8,5.8,3.3,4.8,3.5,3.85
2025-06-13,ARI,SDP,6.0,5.0,1.0,5.8,6.4,5.6,5.7,5.1,5.6,3.8,2.0,3.5,3.0,3.1,4.45
2025-06-14,ARI,SDP,15.0,8.0,7.0,4.6,4.6,5.4,4.9,4.75,4.95,3.6,3.0,3.3,3.3,3.1,4.45
2025-06-15,ARI,SDP,10.0,2.0,8.0,6.0,3.4,5.5,4.5,5.1,5.3,4.4,3.8,4.0,3.6,3.4,4.65
2025-06-27,ARI,MIA,17.0,8.0,9.0,4.8,3.0,5.4,4.9,5.45,4.7,5.4,3.8,4.3,3.4,3.95,4.1
2025-06-29,ARI,MIA,10.0,4.0,6.0,5.4,4.2,6.0,5.0,5.7,5.1,6.0,5.0,4.9,4.1,4.2,4.2
2025-06-30,ARI,SFG,6.0,4.0,2.0,5.8,4.6,6.0,5.1,5.5,5.25,2.4,4.6,3.3,4.2,4.15,4.5
2025-07-01,ARI,SFG,10.0,8.0,2.0,4.6,5.0,6.3,4.5,5.6,5.3,2.4,4.6,3.3,4.2,4.1,4.6
2025-07-03,ARI,SFG,9.0,2.0,7.0,5.4,5.2,6.2,4.2,5.45,4.9,1.8,3.8,3.3,4.9,4.05,4.9
2025-07-04,ARI,KCR,12.0,3.0,9.0,5.2,5.2,5.0,4.1,5.5,4.6,2.8,3.8,2.8,4.1,2.95,3.65
2025-07-05,ARI,KCR,8.0,7.0,1.0,4.2,5.2,4.8,4.7,5.55,4.85,4.4,3.4,3.6,3.9,3.4,3.75
2025-07-06,ARI,KCR,4.0,0.0,4.0,4.8,4.2,5.3,4.4,5.4,4.75,4.2,3.6,3.7,4.3,3.25,3.8
2025-07-18,ARI,STL,10.0,7.0,3.0,5.2,4.6,4.2,4.1,4.6,4.1,5.2,5.2,4.1,6.1,3.95,4.95
2025-07-19,ARI,STL,11.0,10.0,1.0,5.0,4.8,4.6,3.5,4.7,4.1,5.4,5.0,4.4,6.3,4.05,5.1
2025-07-20,ARI,STL,8.0,5.0,3.0,6.4,4.2,4.9,3.5,5.1,3.95,4.0,6.8,4.2,6.2,3.7,5.5
2025-07-21,ARI,HOU,9.0,3.0,6.0,6.4,3.6,5.4,3.4,4.85,4.1,3.6,5.0,5.8,4.5,4.75,4.3
2025-07-22,ARI,HOU,4.0,1.0,3.0,6.0,2.8,5.1,3.7,4.8,4.35,4.4,4.8,5.8,4.1,5.0,4.0
2025-07-23,ARI,HOU,7.0,3.0,4.0,5.2,3.2,5.2,3.9,4.7,4.15,4.4,3.6,4.3,4.1,4.75,3.7
2025-08-04,ARI,SDP,8.0,6.0,2.0,3.6,6.0,2.3,5.0,3.7,4.35,5.6,2.6,5.4,3.4,4.6,3.0
2025-08-06,ARI,SDP,5.0,2.0,3.0,4.4,4.0,2.8,4.9,4.0,4.4,4.6,3.6,4.9,3.1,4.5,3.15
2025-08-08,ARI,COL,7.0,6.0,1.0,4.4,3.2,2.7,4.8,3.7,4.45,3.8,11.8,4.9,10.1,4.65,7.95
2025-08-09,ARI,COL,11.0,6.0,5.0,5.4,2.4,3.3,4.7,3.85,4.3,2.4,12.0,4.9,10.2,4.55,8.05
2025-08-10,ARI,COL,19.0,13.0,6.0,5.2,3.0,3.9,4.6,3.9,4.25,2.4,11.4,4.6,10.2,4.7,8.15
2025-08-18,ARI,CLE,4.0,1.0,3.0,5.8,5.2,5.9,4.3,4.35,4.6,3.6,6.8,4.2,5.0,4.4,4.35
2025-08-19,ARI,CLE,11.0,6.0,5.0,4.8,5.0,5.8,4.3,4.25,4.55,3.4,4.4,4.1,5.0,4.4,4.3
2025-08-23,ARI,CIN,11.0,10.0,1.0,4.4,5.6,5.8,4.7,4.55,4.7,5.4,3.4,5.2,3.4,3.95,3.45
2025-08-24,ARI,CIN,7.0,1.0,6.0,5.8,5.0,6.2,4.3,5.05,4.45,4.0,5.4,5.1,4.1,3.9,3.9
2025-09-02,ARI,TEX,8.0,5.0,3.0,4.4,2.4,5.2,4.0,5.5,4.15,10.0,3.4,7.3,3.0,5.55,4.1
2025-09-03,ARI,TEX,2.0,2.0,0.0,4.8,2.6,5.1,3.8,5.45,4.25,9.2,3.8,7.2,2.9,5.6,4.2
2025-09-05,ARI,BOS,15.0,10.0,5.0,4.0,1.8,4.3,3.7,5.25,4.0,5.2,6.2,4.3,4.2,4.7,3.75
2025-09-06,ARI,BOS,6.0,5.0,1.0,5.4,2.8,5.2,3.6,5.1,3.95,5.6,6.2,4.4,4.9,4.25,4.2
2025-09-07,ARI,BOS,11.0,4.0,7.0,5.2,2.8,5.2,3.0,5.2,3.9,4.8,6.8,4.0,5.4,4.25,4.25
2025-09-15,ARI,SFG,9.0,8.0,1.0,5.4,6.4,5.3,4.8,5.25,4.4,5.6,7.2,5.8,5.7,6.55,4.85
2025-09-16,ARI,SFG,11.0,6.0,5.0,6.0,4.4,5.6,4.6,5.35,4.2,3.6,7.8,5.2,6.1,6.4,5.0
2025-09-19,ARI,PHI,10.0,2.0,8.0,6.6,4.4,6.0,5.1,5.15,4.4,5.6,5.8,5.9,4.4,5.7,4.15
2025-09-20,ARI,PHI,7.0,4.0,3.0,6.0,5.4,5.2,5.4,5.2,4.5,5.6,5.8,6.3,4.1,5.85,3.95
2025-09-21,ARI,PHI,11.0,9.0,2.0,5.2,4.2,5.1,5.6,5.15,4.3,4.6,5.4,6.5,4.5,6.0,3.85
2025-09-23,ARI,LAD,9.0,5.0,4.0,5.8,3.8,5.6,5.1,5.2,3.95,4.2,2.4,6.6,3.2,4.7,3.55
2025-09-25,ARI,LAD,8.0,0.0,8.0,5.2,4.4,5.6,4.4,5.3,4.05,4.0,3.4,6.3,3.5,4.9,3.65
2025-04-22,ATH,TEX,13.0,5.0,8.0,3.6,4.2,4.0,4.2,4.35,5.3,2.4,2.2,2.8,3.0,3.05,3.75
2025-04-23,ATH,TEX,7.0,5.0,2.0,4.0,5.6,4.4,4.8,4.25,5.7,3.4,3.0,3.0,3.3,3.25,3.85
2025-04-24,ATH,TEX,7.0,4.0,3.0,3.4,6.0,4.3,4.3,4.3,5.7,2.8,3.4,2.9,3.3,3.2,4.0
2025-04-25,ATH,CHW,11.0,6.0,5.0,3.6,5.6,4.4,4.5,4.45,5.75,3.6,5.6,2.6,5.6,3.1,4.95
2025-04-26,ATH,CHW,13.0,3.0,10.0,4.2,6.4,5.0,4.2,4.6,5.1,4.0,4.8,2.8,6.0,2.9,5.25
2025-05-06,ATH,SEA,8.0,3.0,5.0,5.0,2.6,4.2,4.7,4.25,4.5,6.0,3.2,6.7,3.8,5.8,3.9
2025-05-07,ATH,SEA,11.0,5.0,6.0,4.2,3.4,4.1,4.9,4.25,4.7,6.0,3.2,6.4,3.6,5.85,3.9
2025-05-09,ATH,NYY,12.0,2.0,10.0,4.6,4.6,4.0,5.0,4.5,4.6,5.0,3.4,6.3,3.2,4.95,2.75
2025-05-10,ATH,NYY,18.0,11.0,7.0,3.8,6.4,3.9,5.0,4.0,4.95,6.4,3.8,6.2,3.2,5.25,2.8
2025-05-11,ATH,NYY,14.0,2.0,12.0,4.8,6.0,4.8,5.6,4.4,5.25,7.4,5.4,6.4,4.2,5.4,3.25
2025-05-19,ATH,LAA,7.0,3.0,4.0,3.8,8.2,4.2,8.1,4.2,6.4,5.6,5.2,5.1,5.2,4.1,5.85
2025-05-20,ATH,LAA,12.0,5.0,7.0,2.2,8.8,4.2,8.0,4.15,6.45,5.6,4.6,5.0,4.7,4.25,5.75
2025-05-21,ATH,LAA,15.0,5.0,10.0,2.6,8.4,4.2,8.1,4.1,6.55,6.8,4.6,5.6,4.8,4.6,5.75
2025-05-22,ATH,LAA,15.0,5.0,10.0,3.2,6.6,4.5,8.1,4.2,6.55,7.6,5.2,6.1,5.1,4.95,5.75
2025-05-23,ATH,PHI,7.0,3.0,4.0,4.0,6.8,3.9,8.4,4.35,7.0,5.6,2.4,5.2,3.6,5.15,3.15
2025-05-25,ATH,PHI,9.0,5.0,4.0,4.2,7.0,4.0,7.6,4.4,6.45,6.2,3.0,5.4,3.6,5.0,3.0
2025-06-02,ATH,MIN,14.0,4.0,10.0,4.2,8.8,4.0,8.3,4.1,8.2,2.4,4.0,3.1,3.6,4.05,2.8
2025-06-03,ATH,MIN,13.0,3.0,10.0,4.4,9.8,3.9,8.3,4.2,8.2,3.4,4.0,3.4,4.0,4.3,2.8
2025-06-04,ATH,MIN,7.0,1.0,6.0,5.0,9.4,3.7,8.3,3.8,8.35,5.0,3.2,4.2,3.8,4.35,2.9
2025-06-05,ATH,MIN,17.0,14.0,3.0,3.8,8.4,3.5,8.5,3.75,8.05,5.4,3.0,4.2,3.4,4.4,2.85
2025-06-06,ATH,BAL,9.0,5.0,4.0,5.2,7.4,4.4,8.4,3.9,8.15,3.8,2.0,3.9,2.7,3.7,4.95
2025-06-07,ATH,BAL,11.0,4.0,7.0,5.4,6.6,4.8,7.7,4.0,7.9,3.8,2.6,3.8,3.1,3.75,4.9
2025-06-08,ATH,BAL,6.0,5.0,1.0,5.4,6.0,4.9,7.9,4.1,7.3,4.6,3.0,4.0,3.3,3.8,4.7
2025-06-16,ATH,HOU,4.0,3.0,1.0,4.4,3.8,5.1,4.0,4.4,6.15,5.8,2.8,4.6,2.5,4.5,3.5
2025-06-17,ATH,HOU,16.0,3.0,13.0,4.2,2.6,5.3,3.5,4.4,6.0,5.6,2.6,4.4,2.8,4.1,3.55
2025-06-18,ATH,HOU,15.0,4.0,11.0,3.8,4.0,4.2,4.5,4.3,6.45,6.2,2.8,5.7,2.8,4.6,3.45
2025-06-20,ATH,CLE,6.0,5.0,1.0,3.4,5.4,4.1,5.2,4.45,6.45,2.2,3.2,3.2,3.5,3.3,3.85
2025-06-21,ATH,CLE,6.0,2.0,4.0,3.6,5.6,4.2,4.6,4.55,6.25,1.8,3.4,2.9,3.8,3.25,3.75
2025-06-22,ATH,CLE,3.0,0.0,3.0,3.4,6.0,3.9,4.9,4.65,5.85,2.6,2.6,2.9,3.3,3.2,3.4
2025-07-04,ATH,SFG,13.0,11.0,2.0,4.6,5.0,3.2,5.1,3.7,4.85,2.6,4.0,3.5,4.4,4.2,4.85
2025-07-05,ATH,SFG,9.0,2.0,7.0,6.8,4.8,4.1,4.9,4.0,4.9,3.0,6.0,3.4,5.3,4.0,5.15
2025-07-06,ATH,SFG,8.0,2.0,6.0,5.8,6.2,4.3,5.3,3.9,4.9,4.0,5.4,3.2,5.0,3.85,4.9
2025-07-08,ATH,ATL,11.0,10.0,1.0,5.2,5.0,4.1,4.8,3.75,4.9,2.4,3.4,2.2,4.4,3.65,3.85
2025-07-09,ATH,ATL,11.0,2.0,9.0,6.0,4.4,4.8,4.9,3.95,4.75,2.6,4.6,2.0,4.7,3.1,4.15
2025-07-11,ATH,TOR,13.0,6.0,7.0,5.4,5.0,5.0,5.0,3.85,5.2,6.2,4.4,6.3,4.9,5.65,4.75
2025-07-12,ATH,TOR,7.0,4.0,3.0,4.4,6.0,5.6,5.4,4.0,5.45,5.4,3.8,6.1,5.5,5.9,4.9
2025-07-13,ATH,TOR,9.0,6.0,3.0,4.8,5.2,5.3,5.7,4.05,5.55,4.4,3.6,6.3,4.4,5.85,4.55
2025-07-28,ATH,SEA,4.0,1.0,3.0,6.6,1.8,5.3,4.0,5.35,4.4,3.0,3.6,4.7,4.7,4.5,4.1
2025-07-29,ATH,SEA,7.0,6.0,1.0,6.6,2.0,4.8,3.5,5.1,4.35,3.4,3.8,3.5,4.1,4.35,4.05
2025-07-30,ATH,SEA,9.0,5.0,4.0,6.8,1.8,4.6,3.4,5.15,4.1,3.2,3.0,2.8,4.3,4.25,4.05
2025-08-01,ATH,ARI,6.0,5.0,1.0,4.8,2.0,4.9,3.0,4.85,4.2,1.0,6.4,2.7,4.9,3.65,4.2
2025-08-02,ATH,ARI,9.0,2.0,7.0,4.8,2.0,5.2,2.4,5.0,3.9,1.2,7.0,1.8,5.3,3.35,4.4
2025-08-03,ATH,ARI,10.0,4.0,6.0,3.8,3.2,5.2,2.5,5.0,3.95,2.6,6.2,2.0,5.2,3.7,4.3
2025-08-11,ATH,TBR,11.0,4.0,7.0,4.6,2.0,5.5,3.5,5.05,3.45,4.2,4.6,3.0,4.3,3.35,4.85
2025-08-12,ATH,TBR,6.0,6.0,0.0,5.2,3.0,5.4,3.8,5.15,3.4,4.2,4.8,3.3,4.0,3.5,4.9
2025-08-13,ATH,TBR,10.0,2.0,8.0,5.2,3.0,5.5,3.7,5.35,3.05,3.2,5.2,3.3,4.1,3.35,4.95
2025-08-15,ATH,LAA,13.0,10.0,3.0,5.2,4.0,5.5,3.8,5.35,3.15,6.0,5.6,5.0,4.7,4.4,4.8
2025-08-16,ATH,LAA,9.0,7.0,2.0,5.0,4.0,6.1,3.5,5.8,3.2,5.6,6.4,5.3,5.6,4.3,4.95
2025-08-25,ATH,DET,11.0,8.0,3.0,5.4,4.4,5.2,4.2,5.5,3.8,7.2,3.8,5.9,4.1,5.2,4.45
2025-08-27,ATH,DET,7.0,7.0,0.0,5.6,4.6,5.7,4.3,5.6,3.9,5.8,5.4,5.6,4.0,5.15,4.6
2025-08-29,ATH,TEX,7.0,2.0,5.0,5.8,4.0,6.0,3.6,5.7,3.7,8.4,2.0,6.1,3.1,4.65,4.15
2025-08-30,ATH,TEX,12.0,3.0,9.0,4.6,4.4,5.6,4.1,5.55,3.9,7.4,2.4,6.3,2.9,4.8,4.25
2025-08-31,ATH,TEX,15.0,6.0,9.0,4.8,5.6,5.7,4.2,5.6,4.0,8.2,3.0,7.0,2.7,5.15,4.25
2025-09-08,ATH,BOS,7.0,0.0,7.0,6.4,3.8,6.1,4.5,5.9,4.4,5.0,6.8,4.4,5.6,4.5,4.4
2025-09-09,ATH,BOS,6.0,0.0,6.0,6.2,4.8,5.4,5.2,5.7,4.4,4.2,5.4,4.8,5.4,4.5,4.15
2025-09-10,ATH,BOS,9.0,5.0,4.0,6.0,5.0,5.2,5.3,5.4,4.7,5.2,3.8,5.2,5.0,4.65,3.9
2025-09-12,ATH,CIN,3.0,3.0,0.0,5.0,5.0,5.4,4.8,5.55,4.5,3.8,2.6,5.1,5.0,4.45,4.8
2025-09-13,ATH,CIN,16.0,11.0,5.0,2.2,4.2,5.1,3.9,5.2,4.35,3.0,2.2,4.9,4.9,4.05,4.95
2025-09-14,ATH,CIN,11.0,7.0,4.0,3.8,4.4,5.1,4.1,5.4,4.5,2.8,3.8,4.7,5.6,3.9,5.0
2025-09-23,ATH,HOU,6.0,5.0,1.0,2.2,4.0,3.7,3.9,4.55,4.55,3.6,4.8,4.4,4.6,4.2,4.2
2025-09-24,ATH,HOU,6.0,6.0,0.0,2.8,4.0,4.2,3.4,4.7,4.35,2.6,4.8,4.5,4.5,4.15,4.45
2025-09-25,ATH,HOU,16.0,5.0,11.0,3.0,3.4,4.3,3.0,4.85,3.9,1.6,5.6,3.4,4.8,4.1,4.55
2025-09-26,ATH,KCR,7.0,4.0,3.0,3.2,5.0,4.5,4.1,4.8,4.0,5.2,4.0,6.8,4.3,5.1,4.4
2025-09-27,ATH,KCR,6.0,2.0,4.0,4.0,5.2,3.8,3.9,4.45,4.0,5.4,4.6,6.1,4.4,5.05,4.45
2025-04-23,ATL,STL,5.0,4.0,1.0,5.4,5.0,4.7,5.0,3.85,4.5,4.8,5.2,4.4,3.6,5.15,4.65
2025-05-02,ATL,LAD,3.0,1.0,2.0,5.4,3.0,5.2,3.7,4.55,4.25,8.8,3.6,6.5,3.6,5.15,4.45
2025-05-03,ATL,LAD,13.0,3.0,10.0,4.0,3.0,4.9,3.6,4.6,4.15,9.2,3.2,5.9,3.0,5.1,4.45
2025-05-04,ATL,LAD,7.0,4.0,3.0,3.8,3.8,4.6,4.4,4.4,4.4,9.6,3.0,6.6,3.3,5.25,4.2
2025-05-05,ATL,CIN,4.0,4.0,0.0,3.4,3.8,4.3,4.1,4.45,4.35,4.6,5.2,4.8,4.5,5.8,4.1
2025-05-07,ATL,CIN,7.0,3.0,4.0,2.6,3.4,4.3,3.1,4.5,4.05,4.4,4.2,4.0,4.2,5.55,4.2
2025-05-12,ATL,WSN,7.0,4.0,3.0,3.2,2.8,3.5,3.3,4.1,3.8,2.0,7.4,4.0,6.1,3.95,5.75
2025-05-13,ATL,WSN,7.0,5.0,2.0,3.2,2.8,3.3,3.3,4.15,3.65,2.4,6.4,3.9,6.3,4.05,5.8
2025-05-14,ATL,WSN,9.0,4.0,5.0,3.4,3.2,3.0,3.3,4.35,3.6,1.6,5.8,4.0,6.2,3.8,6.05
2025-05-15,ATL,WSN,7.0,5.0,2.0,3.6,3.4,3.3,3.6,4.25,3.65,2.6,4.6,3.4,6.0,3.85,6.1
2025-05-23,ATL,SDP,3.0,1.0,2.0,5.6,4.0,4.6,3.7,4.4,3.55,0.6,6.4,4.3,5.5,4.65,4.95
2025-05-24,ATL,SDP,8.0,7.0,1.0,4.8,4.0,4.5,3.6,4.05,3.55,0.8,5.6,2.4,5.6,4.7,4.8
2025-05-25,ATL,SDP,8.0,3.0,5.0,5.4,3.8,4.9,3.3,4.2,3.3,0.8,6.2,2.2,5.4,4.65,4.95
2025-05-30,ATL,BOS,6.0,1.0,5.0,4.6,3.2,4.7,3.6,4.2,3.6,4.8,4.0,4.2,4.1,4.35,4.15
2025-05-31,ATL,BOS,5.0,5.0,0.0,3.4,4.0,4.4,3.9,4.1,3.35,5.6,3.2,4.5,3.8,4.3,4.15
2025-06-01,ATL,BOS,4.0,1.0,3.0,3.8,3.0,4.3,3.2,4.15,3.2,1.8,3.2,3.8,3.7,4.15,4.2
2025-06-03,ATL,ARI,11.0,3.0,8.0,4.0,3.2,3.4,3.1,4.0,3.35,4.8,8.0,4.1,5.7,5.1,5.8
2025-06-04,ATL,ARI,3.0,1.0,2.0,3.8,3.8,3.4,3.4,4.0,3.55,5.2,6.8,4.8,5.7,4.95,5.25
2025-06-05,ATL,ARI,21.0,10.0,11.0,2.2,3.6,3.4,3.4,3.95,3.5,5.4,5.0,4.7,5.4,4.9,5.3
2025-06-13,ATL,COL,16.0,12.0,4.0,3.8,2.8,3.9,3.8,4.15,3.85,5.2,8.8,4.3,6.1,3.3,5.8
2025-06-14,ATL,COL,5.0,4.0,1.0,5.8,3.0,4.6,4.2,4.45,3.7,5.8,9.6,4.4,6.8,3.3,6.05
2025-06-15,ATL,COL,11.0,1.0,10.0,6.0,2.4,4.9,4.0,4.15,3.55,5.0,7.8,3.9,6.8,3.1,5.8
2025-06-18,ATL,NYM,5.0,5.0,0.0,4.8,4.2,4.7,4.2,4.05,3.8,3.6,5.4,5.4,4.2,4.8,3.45
2025-06-19,ATL,NYM,8.0,7.0,1.0,5.6,3.4,5.1,4.0,4.25,3.7,2.6,6.4,4.8,4.6,4.8,3.6
2025-06-27,ATL,PHI,13.0,0.0,13.0,3.2,4.4,3.8,3.9,4.35,3.95,2.4,3.4,3.6,3.2,3.85,3.4
2025-06-28,ATL,PHI,7.0,6.0,1.0,2.6,6.0,3.7,4.2,4.2,4.2,4.2,1.2,4.4,3.0,4.45,3.3
2025-06-29,ATL,PHI,3.0,1.0,2.0,3.2,5.8,3.8,4.3,4.45,4.15,3.0,2.2,4.2,2.8,4.45,3.15
2025-07-01,ATL,LAA,4.0,0.0,4.0,2.0,5.4,3.2,4.4,4.0,3.7,7.6,6.4,5.9,5.3,5.5,5.2
2025-07-02,ATL,LAA,11.0,8.0,3.0,1.4,4.8,3.0,4.2,3.9,3.75,7.0,4.8,6.1,4.2,5.6,5.0
2025-07-03,ATL,LAA,6.0,1.0,5.0,3.0,4.6,3.1,4.5,4.15,3.7,5.8,5.4,6.0,5.0,5.4,5.1
2025-07-04,ATL,BAL,5.0,2.0,3.0,3.2,3.0,2.9,4.5,3.85,3.9,6.4,7.2,4.5,5.9,4.8,4.85
2025-07-06,ATL,BAL,3.0,1.0,2.0,2.4,3.4,2.8,4.6,3.9,3.85,2.6,6.0,4.3,5.8,4.8,4.7
2025-07-18,ATL,NYY,10.0,7.0,3.0,5.4,5.6,3.9,4.5,3.55,4.45,6.6,3.6,6.4,5.9,5.6,5.1
2025-07-19,ATL,NYY,21.0,9.0,12.0,6.6,4.2,4.6,4.4,3.8,4.3,5.2,4.4,5.8,5.5,5.6,5.2
2025-07-20,ATL,NYY,6.0,2.0,4.0,6.6,6.2,4.7,5.3,3.9,4.9,5.8,5.0,6.5,5.6,5.75,5.65
2025-07-21,ATL,SFG,14.0,9.0,5.0,5.8,6.0,4.8,5.2,3.85,4.85,3.6,5.4,3.8,4.8,3.6,5.05
2025-07-22,ATL,SFG,9.0,0.0,9.0,6.2,5.8,5.5,5.4,4.15,5.0,3.0,5.8,3.6,5.5,3.4,5.25
2025-07-23,ATL,SFG,12.0,3.0,9.0,5.4,6.6,5.4,6.1,3.8,5.25,4.6,5.4,3.9,5.3,3.75,5.05
2025-08-04,ATL,MIL,4.0,1.0,3.0,4.6,5.8,4.0,6.4,4.35,5.85,10.0,5.4,7.6,4.7,6.6,3.55
2025-08-05,ATL,MIL,9.0,2.0,7.0,4.6,4.8,3.9,6.3,4.35,5.75,8.8,5.0,6.9,4.6,6.3,3.55
2025-08-06,ATL,MIL,9.0,4.0,5.0,3.0,4.8,3.2,6.5,4.35,5.95,9.6,3.4,7.5,4.3,6.5,3.6
2025-08-07,ATL,MIA,14.0,8.0,6.0,2.6,4.0,3.6,6.1,4.5,6.1,4.0,4.4,4.3,4.4,4.45,3.5
2025-08-08,ATL,MIA,6.0,1.0,5.0,3.8,4.6,4.1,5.8,4.85,5.9,4.8,6.0,4.7,4.9,4.65,3.65
2025-08-09,ATL,MIA,8.0,7.0,1.0,3.2,5.2,3.9,5.5,4.45,6.05,4.4,5.6,5.1,4.3,4.6,3.7
2025-08-09,ATL,MIA,8.0,7.0,1.0,3.2,5.2,3.9,5.5,4.45,6.05,4.2,5.4,4.7,5.0,4.1,4.0
2025-08-09,ATL,MIA,14.0,8.0,6.0,4.4,4.8,4.5,4.8,4.5,5.85,4.4,5.6,5.1,4.3,4.6,3.7
2025-08-09,ATL,MIA,14.0,8.0,6.0,4.4,4.8,4.5,4.8,4.5,5.85,4.2,5.4,4.7,5.0,4.1,4.0
2025-08-10,ATL,MIA,8.0,7.0,1.0,5.6,4.6,4.3,4.7,4.55,5.85,4.8,5.6,5.1,5.8,4.25,4.35
2025-08-18,ATL,CHW,22.0,9.0,13.0,6.4,2.8,6.0,4.0,5.05,4.9,2.8,4.4,3.3,4.8,4.15,4.7
2025-08-19,ATL,CHW,21.0,11.0,10.0,6.0,4.2,6.8,4.8,5.35,5.15,3.6,5.0,4.0,4.9,4.2,4.9
2025-08-20,ATL,CHW,1.0,1.0,0.0,7.4,5.6,7.2,5.7,5.85,5.25,5.6,7.0,4.5,5.1,4.65,5.15
2025-08-22,ATL,NYM,19.0,7.0,12.0,7.2,5.6,6.5,5.1,5.4,4.9,5.0,3.8,6.2,5.7,4.95,5.7
2025-08-23,ATL,NYM,11.0,2.0,9.0,6.6,7.8,6.5,6.2,5.45,5.05,6.8,5.0,6.8,5.7,5.3,5.9
2025-08-24,ATL,NYM,7.0,4.0,3.0,6.0,8.8,6.2,5.8,5.45,5.35,7.2,4.8,6.4,5.4,5.45,5.65
2025-09-05,ATL,SEA,5.0,4.0,1.0,3.2,5.4,4.6,4.4,5.55,5.3,3.6,6.2,5.2,5.6,4.5,5.75
2025-09-06,ATL,SEA,12.0,2.0,10.0,3.2,1.8,4.8,3.6,5.5,4.7,3.2,6.2,4.2,5.6,4.5,5.95
2025-09-07,ATL,SEA,20.0,2.0,18.0,3.4,3.4,4.6,4.3,5.05,4.9,4.4,6.2,4.3,5.2,4.85,5.85
2025-09-08,ATL,CHC,5.0,4.0,1.0,3.2,6.8,4.7,5.9,4.95,5.65,4.0,4.2,4.6,5.3,4.3,4.3
2025-09-09,ATL,CHC,7.0,1.0,6.0,3.4,6.2,4.0,5.8,5.05,5.7,3.4,4.4,4.4,4.5,4.15,4.35
2025-09-10,ATL,CHC,5.0,2.0,3.0,2.6,7.2,2.9,6.3,4.6,5.95,4.4,3.6,4.7,4.2,4.45,4.05
2025-09-12,ATL,HOU,14.0,3.0,11.0,2.2,7.6,2.7,4.7,4.45,5.9,4.0,4.0,3.8,4.4,3.95,4.5
2025-09-13,ATL,HOU,8.0,2.0,6.0,2.4,7.8,2.9,5.6,4.15,5.8,5.4,3.0,4.8,4.3,4.5,4.15
2025-09-14,ATL,HOU,11.0,8.0,3.0,2.4,5.4,2.8,6.1,3.7,5.6,4.4,3.4,5.4,4.2,4.7,3.9
2025-09-22,ATL,WSN,16.0,11.0,5.0,7.4,3.0,6.3,4.1,4.6,5.2,3.8,8.0,3.3,6.6,4.5,5.55
2025-09-23,ATL,WSN,5.0,3.0,2.0,8.4,3.4,7.2,4.3,4.95,4.5,4.2,8.0,3.5,6.9,4.7,5.9
2025-09-24,ATL,WSN,7.0,3.0,4.0,7.2,3.0,7.2,3.4,5.05,4.5,4.0,7.4,3.7,6.7,4.6,5.7
2025-09-26,ATL,PIT,12.0,3.0,9.0,5.8,3.6,7.3,3.2,5.05,4.65,4.2,1.6,3.4,2.9,3.75,3.75
2025-09-27,ATL,PIT,4.0,1.0,3.0,5.2,4.4,6.8,3.8,5.05,4.9,5.4,1.4,3.8,3.1,3.7,3.75
2025-04-28,BAL,NYY,7.0,4.0,3.0,2.0,4.4,3.0,6.8,3.5,5.7,5.0,2.2,4.4,2.3,4.9,3.2
2025-04-29,BAL,NYY,18.0,3.0,15.0,2.2,4.2,2.8,6.9,3.5,5.45,5.2,2.4,4.3,2.4,4.6,3.05
2025-04-30,BAL,NYY,9.0,5.0,4.0,2.4,7.0,2.8,7.6,3.55,5.8,7.2,2.8,5.2,2.4,4.9,3.0
2025-05-02,BAL,KCR,3.0,3.0,0.0,2.8,7.0,2.4,7.5,3.4,5.95,3.8,2.0,3.8,2.6,2.85,3.3
2025-05-03,BAL,KCR,4.0,0.0,4.0,3.0,5.8,2.5,5.1,3.5,5.75,3.4,2.6,3.5,2.2,2.75,3.4
2025-05-04,BAL,KCR,17.0,6.0,11.0,3.0,5.2,2.5,4.8,3.25,5.9,3.6,1.2,3.8,1.9,2.95,3.2
2025-05-14,BAL,MIN,9.0,3.0,6.0,3.4,3.8,3.2,4.7,3.0,6.15,4.8,1.4,3.7,2.6,4.7,2.8
2025-05-14,BAL,MIN,9.0,3.0,6.0,3.4,3.8,3.2,4.7,3.0,6.15,4.2,1.8,4.2,2.7,4.7,2.8
2025-05-14,BAL,MIN,14.0,6.0,8.0,3.6,4.0,3.0,4.9,2.7,6.2,4.8,1.4,3.7,2.6,4.7,2.8
2025-05-14,BAL,MIN,14.0,6.0,8.0,3.6,4.0,3.0,4.9,2.7,6.2,4.2,1.8,4.2,2.7,4.7,2.8
2025-05-15,BAL,MIN,4.0,0.0,4.0,4.4,4.6,3.3,5.7,2.9,5.4,4.8,2.6,4.8,2.9,4.9,2.8
2025-05-16,BAL,WSN,7.0,3.0,4.0,3.6,5.2,3.3,5.7,2.9,5.25,2.6,4.8,3.2,6.4,3.9,6.25
2025-05-17,BAL,WSN,16.0,6.0,10.0,3.8,5.0,3.0,5.0,2.9,5.25,3.2,4.2,2.6,5.8,3.85,6.2
2025-05-18,BAL,WSN,14.0,4.0,10.0,3.6,6.4,3.5,5.1,3.1,5.7,4.6,4.6,3.5,5.5,4.35,6.4
2025-05-26,BAL,STL,7.0,5.0,2.0,3.6,6.2,3.7,6.7,3.35,5.8,3.8,4.2,5.6,3.7,5.2,2.85
2025-05-27,BAL,STL,11.0,4.0,7.0,3.8,5.6,3.6,6.1,3.45,5.9,3.4,4.2,4.4,3.5,5.0,2.85
2025-05-28,BAL,STL,10.0,4.0,6.0,4.2,6.0,4.0,6.4,3.65,6.05,4.6,4.0,4.1,3.6,5.1,2.85
2025-05-30,BAL,CHW,3.0,2.0,1.0,4.0,3.4,4.1,6.6,3.55,5.8,5.6,4.4,4.1,4.0,3.35,4.6
2025-05-31,BAL,CHW,6.0,4.0,2.0,4.0,3.4,3.7,5.7,3.6,5.4,3.8,3.8,4.0,3.6,3.25,4.5
2025-06-01,BAL,CHW,5.0,3.0,2.0,3.8,3.6,3.7,4.9,3.7,5.25,3.4,3.6,4.1,3.5,3.3,4.6
2025-06-10,BAL,DET,8.0,3.0,5.0,3.8,3.8,3.7,3.1,3.85,4.75,2.8,3.8,3.9,2.9,3.45,3.05
2025-06-11,BAL,DET,11.0,10.0,1.0,3.8,4.4,3.6,3.0,3.85,4.8,3.6,2.8,4.0,2.9,3.65,3.1
2025-06-12,BAL,DET,5.0,1.0,4.0,5.0,4.0,4.4,3.0,4.05,4.35,2.8,4.0,3.4,3.4,3.55,3.5
2025-06-13,BAL,LAA,2.0,2.0,0.0,4.4,3.8,4.1,3.2,3.9,4.05,5.6,4.4,5.5,5.1,4.9,4.55
2025-06-14,BAL,LAA,11.0,6.0,5.0,3.4,3.0,4.0,3.0,3.8,3.8,4.6,4.0,5.1,5.2,4.7,4.5
2025-06-15,BAL,LAA,13.0,11.0,2.0,4.4,3.0,4.1,3.4,4.0,3.8,4.0,4.0,5.1,5.1,4.6,4.55
2025-06-23,BAL,TEX,6.0,6.0,0.0,3.8,5.8,4.4,4.4,4.25,3.8,3.2,4.4,4.0,3.9,4.6,3.25
2025-06-25,BAL,TEX,7.0,0.0,7.0,3.4,3.4,4.8,4.4,4.4,3.7,2.6,4.4,3.8,3.9,4.05,3.5
2025-06-27,BAL,TBR,30.0,22.0,8.0,2.6,4.6,4.2,4.6,4.15,4.0,4.6,2.6,5.8,3.9,5.35,3.4
2025-06-28,BAL,TBR,14.0,3.0,11.0,6.0,5.6,5.3,5.2,5.1,4.3,4.6,6.4,5.9,6.0,5.5,4.45
2025-06-29,BAL,TBR,6.0,5.0,1.0,6.6,6.0,5.5,5.6,5.05,4.7,6.2,5.2,6.9,5.8,5.8,4.4
2025-07-10,BAL,NYM,4.0,3.0,1.0,2.4,4.0,4.5,5.0,4.4,4.7,6.4,4.4,4.2,5.9,3.7,6.1
2025-07-10,BAL,NYM,4.0,3.0,1.0,2.4,4.0,4.5,5.0,4.4,4.7,5.2,4.4,3.9,6.2,3.55,5.85
2025-07-10,BAL,NYM,10.0,7.0,3.0,2.0,4.0,4.6,4.7,4.5,4.55,6.4,4.4,4.2,5.9,3.7,6.1
2025-07-10,BAL,NYM,10.0,7.0,3.0,2.0,4.0,4.6,4.7,4.5,4.55,5.2,4.4,3.9,6.2,3.55,5.85
2025-07-11,BAL,MIA,7.0,5.0,2.0,3.0,2.6,4.7,5.0,4.75,4.7,4.0,3.8,3.6,3.0,4.45,3.5
2025-07-12,BAL,MIA,6.0,0.0,6.0,4.0,1.8,5.2,4.5,4.7,4.55,4.2,4.2,3.6,3.5,4.15,3.6
2025-07-13,BAL,MIA,12.0,1.0,11.0,3.4,2.6,3.0,4.3,4.15,4.75,4.4,4.0,4.1,3.3,4.35,3.4
2025-07-25,BAL,COL,11.0,5.0,6.0,3.8,5.0,2.9,5.9,3.8,5.45,5.4,4.6,4.3,4.7,4.0,5.75
2025-07-26,BAL,COL,18.0,18.0,0.0,3.8,5.6,2.9,6.3,4.05,5.4,4.6,4.4,4.7,4.2,4.0,5.5
2025-07-27,BAL,COL,6.0,5.0,1.0,6.4,3.6,4.7,5.7,3.85,5.0,4.4,6.6,4.4,5.8,4.0,6.15
2025-07-28,BAL,TOR,15.0,11.0,4.0,6.8,2.6,5.1,4.7,3.95,4.5,7.0,4.2,6.1,3.6,6.1,4.15
2025-07-29,BAL,TOR,20.0,16.0,4.0,8.6,2.8,6.1,4.0,4.25,4.65,6.2,5.6,6.1,4.7,6.05,4.5
2025-07-29,BAL,TOR,20.0,16.0,4.0,8.6,2.8,6.1,4.0,4.25,4.65,4.8,8.0,5.9,6.0,5.65,5.05
2025-07-29,BAL,TOR,5.0,3.0,2.0,11.0,3.0,7.4,4.0,4.95,4.35,6.2,5.6,6.1,4.7,6.05,4.5
2025-07-29,BAL,TOR,5.0,3.0,2.0,11.0,3.0,7.4,4.0,4.95,4.35,4.8,8.0,5.9,6.0,5.65,5.05
2025-07-30,BAL,TOR,17.0,8.0,9.0,10.6,2.2,7.2,3.9,5.1,4.15,4.0,8.2,5.3,5.7,5.2,4.75
2025-08-08,BAL,ATH,5.0,3.0,2.0,3.0,5.4,5.3,4.7,5.2,4.7,5.8,4.4,5.3,3.2,5.25,3.7
2025-08-09,BAL,ATH,14.0,3.0,11.0,2.8,5.2,4.5,4.5,5.3,4.25,5.8,3.6,4.8,3.4,5.05,3.7
2025-08-10,BAL,ATH,5.0,2.0,3.0,2.8,6.4,3.2,5.2,5.3,4.6,7.2,3.0,5.8,3.4,5.3,3.45
2025-08-12,BAL,SEA,1.0,0.0,1.0,2.6,4.4,3.1,5.3,5.15,4.6,6.4,3.6,5.2,3.6,4.35,3.85
2025-08-13,BAL,SEA,7.0,4.0,3.0,2.6,3.6,2.3,4.5,4.9,4.15,5.0,3.0,5.2,3.0,4.0,3.65
2025-08-14,BAL,SEA,8.0,5.0,3.0,2.4,4.0,2.7,4.7,4.95,4.0,4.0,2.6,5.1,2.9,3.85,3.8
2025-08-21,BAL,HOU,9.0,2.0,7.0,6.8,1.8,4.7,2.7,5.0,3.7,1.2,7.4,2.9,6.9,3.5,6.05
2025-08-22,BAL,HOU,17.0,7.0,10.0,6.4,2.6,4.4,3.3,4.85,4.0,1.8,7.6,3.2,6.5,3.7,5.4
2025-08-23,BAL,HOU,17.0,8.0,9.0,6.8,4.0,4.8,4.1,4.65,4.3,3.8,7.6,3.8,6.7,4.15,5.5
2025-08-24,BAL,HOU,5.0,3.0,2.0,7.0,5.8,5.3,3.9,4.25,4.55,5.6,6.8,4.0,7.4,4.55,5.55
2025-08-25,BAL,BOS,7.0,3.0,4.0,5.2,6.2,5.4,3.8,4.25,4.55,4.8,3.4,5.1,3.3,6.0,3.6
2025-08-26,BAL,BOS,5.0,0.0,5.0,4.6,6.4,5.7,4.1,4.0,4.3,5.0,2.8,4.1,3.5,5.8,3.5
2025-08-27,BAL,BOS,5.0,2.0,3.0,4.2,6.0,5.3,4.3,4.0,4.5,4.8,2.2,4.5,3.1,5.4,3.45
2025-08-28,BAL,BOS,5.0,2.0,3.0,3.2,4.6,5.0,4.3,3.9,4.5,5.2,2.6,4.6,3.2,5.2,3.4
2025-09-05,BAL,LAD,3.0,2.0,1.0,6.0,4.8,4.5,5.4,4.95,4.6,3.2,5.4,4.2,3.6,4.45,3.8
2025-09-06,BAL,LAD,7.0,4.0,3.0,4.2,4.8,4.4,5.1,5.05,4.6,3.2,4.6,3.5,3.6,4.25,3.6
2025-09-07,BAL,LAD,7.0,2.0,5.0,4.6,2.8,4.8,4.9,5.05,4.6,2.8,4.6,3.1,4.0,4.25,3.7
2025-09-11,BAL,PIT,5.0,3.0,2.0,4.2,3.2,4.8,5.1,4.9,4.7,2.6,4.4,3.9,4.3,4.3,3.45
2025-09-18,BAL,NYY,7.0,0.0,7.0,4.2,5.0,3.3,4.2,3.9,4.8,5.8,6.0,4.9,6.0,5.65,4.65
2025-09-19,BAL,NYY,6.0,4.0,2.0,3.4,5.4,3.1,4.8,3.75,4.95,6.2,5.4,5.2,5.7,5.75,4.6
2025-09-20,BAL,NYY,7.0,1.0,6.0,3.8,3.6,3.1,4.7,3.95,4.8,5.8,5.0,5.2,4.9,5.3,4.7
2025-09-23,BAL,TBR,6.0,6.0,0.0,3.2,4.6,3.0,4.8,3.9,4.95,4.6,4.2,4.1,4.6,4.55,4.25
2025-09-24,BAL,TBR,8.0,2.0,6.0,2.8,3.2,3.3,4.6,4.1,4.8,4.2,5.2,4.0,4.7,4.2,4.35
2025-09-25,BAL,TBR,11.0,6.0,5.0,2.6,4.2,3.4,4.6,3.8,4.35,4.6,5.6,4.2,4.3,4.0,4.35
2025-04-24,BOS,SEA,7.0,3.0,4.0,6.2,4.8,4.5,4.8,5.05,5.3,5.0,4.4,5.3,4.2,4.0,4.15
2025-05-02,BOS,MIN,7.0,6.0,1.0,7.2,3.4,6.0,4.2,5.3,4.95,4.8,1.6,5.0,2.7,4.05,3.1
2025-05-03,BOS,MIN,7.0,3.0,4.0,7.6,2.6,6.2,3.5,4.7,4.65,4.0,2.6,4.8,2.9,4.0,3.2
2025-05-04,BOS,MIN,9.0,4.0,5.0,6.8,2.8,6.1,3.7,4.75,4.55,3.8,3.2,5.0,2.6,4.15,3.25
2025-05-06,BOS,TEX,7.0,1.0,6.0,5.0,3.2,5.7,3.9,4.9,4.5,2.2,5.2,3.3,3.6,3.15,3.2
2025-05-07,BOS,TEX,10.0,6.0,4.0,3.2,4.0,5.3,3.7,4.9,4.25,3.2,4.0,3.7,3.7,3.4,3.1
2025-05-08,BOS,TEX,5.0,5.0,0.0,4.0,4.0,5.6,3.7,5.1,4.3,4.0,4.6,3.9,4.0,3.4,3.4
2025-05-16,BOS,ATL,6.0,2.0,4.0,5.0,4.4,4.5,4.2,5.25,4.2,4.2,3.2,3.7,3.6,4.3,3.6
2025-05-17,BOS,ATL,13.0,7.0,6.0,4.4,5.2,4.1,4.5,5.15,4.0,4.4,2.8,3.8,2.8,4.2,3.6
2025-05-18,BOS,ATL,14.0,4.0,10.0,3.8,6.2,4.5,4.7,5.3,4.2,4.8,3.6,4.0,3.2,4.15,3.65
2025-05-19,BOS,NYM,4.0,3.0,1.0,4.0,8.0,4.5,5.2,5.1,4.55,1.8,4.2,3.8,3.5,5.05,4.1
2025-05-20,BOS,NYM,2.0,2.0,0.0,4.2,5.4,4.7,4.7,5.0,4.2,1.6,4.6,3.2,3.7,4.75,3.85
2025-05-21,BOS,NYM,6.0,1.0,5.0,3.6,4.2,4.3,4.3,4.95,4.0,1.6,4.2,2.5,3.7,3.8,3.7
2025-05-23,BOS,BAL,24.0,19.0,5.0,3.4,4.4,3.9,4.8,4.8,4.0,3.8,6.8,3.7,6.0,3.35,5.85
2025-05-24,BOS,BAL,3.0,1.0,2.0,5.8,4.2,4.8,5.2,5.4,4.1,4.2,9.8,4.0,7.4,3.4,6.65
2025-05-25,BOS,BAL,6.0,1.0,5.0,5.2,2.6,4.6,5.3,4.8,4.05,3.4,8.0,3.5,7.2,3.35,5.95
2025-06-02,BOS,LAA,13.0,6.0,7.0,2.2,3.0,3.7,2.8,4.1,4.0,2.6,3.2,3.3,3.9,4.7,4.5
2025-06-04,BOS,LAA,20.0,11.0,9.0,3.2,3.4,4.0,3.4,4.35,4.05,3.6,3.8,3.0,4.0,4.9,4.45
2025-06-10,BOS,TBR,4.0,3.0,1.0,8.8,7.8,5.5,5.4,5.05,5.35,4.2,2.6,5.6,2.2,5.15,2.25
2025-06-11,BOS,TBR,7.0,4.0,3.0,8.2,6.6,5.7,5.0,5.1,4.7,3.4,3.0,5.2,2.5,5.0,2.4
2025-06-14,BOS,NYY,7.0,4.0,3.0,6.8,5.4,5.9,5.0,5.05,4.55,6.2,5.2,5.4,4.1,4.75,4.05
2025-06-15,BOS,NYY,2.0,2.0,0.0,6.4,4.2,5.8,5.2,5.15,4.5,5.4,4.0,5.0,4.2,4.7,4.1
2025-06-27,BOS,TOR,9.0,0.0,9.0,4.2,6.2,3.2,4.3,4.55,4.65,5.2,3.6,5.0,4.6,5.05,4.65
2025-06-28,BOS,TOR,16.0,15.0,1.0,2.8,7.0,2.8,4.9,4.3,5.05,6.8,2.2,5.7,4.3,5.1,4.45
2025-06-29,BOS,TOR,8.0,3.0,5.0,5.4,6.6,4.1,5.0,5.05,4.85,5.6,5.0,5.4,4.7,5.0,4.8
2025-06-30,BOS,CIN,19.0,13.0,6.0,5.0,5.8,4.2,5.5,5.05,5.05,4.4,3.4,4.6,4.5,4.8,4.45
2025-07-01,BOS,CIN,8.0,5.0,3.0,6.6,5.2,5.5,5.3,5.4,5.0,4.4,5.8,4.4,5.4,5.0,4.95
2025-07-02,BOS,CIN,12.0,4.0,8.0,7.2,4.8,5.7,5.5,5.1,4.7,4.8,5.4,4.1,5.4,4.95,5.1
2025-07-07,BOS,COL,12.0,9.0,3.0,7.2,4.0,6.9,4.6,5.15,4.35,4.2,5.6,3.4,6.0,4.5,5.9
2025-07-08,BOS,COL,12.0,10.0,2.0,8.0,4.0,7.6,4.4,5.4,4.35,4.2,6.4,3.6,6.1,4.45,5.75
2025-07-09,BOS,COL,12.0,10.0,2.0,9.2,2.8,8.6,3.7,5.7,4.3,3.2,7.2,3.7,6.8,4.5,6.05
2025-07-10,BOS,TBR,7.0,4.0,3.0,9.0,2.8,8.1,3.8,6.1,4.4,3.6,4.4,4.8,6.3,5.3,5.1
2025-07-11,BOS,TBR,9.0,5.0,4.0,7.8,2.8,8.2,3.6,6.2,4.55,3.6,4.4,4.3,4.5,5.1,5.25
2025-07-12,BOS,TBR,1.0,1.0,0.0,7.6,2.8,7.4,3.4,6.45,4.35,3.4,4.2,3.6,4.7,5.25,5.25
2025-07-13,BOS,TBR,5.0,4.0,1.0,6.0,2.2,7.0,3.1,6.35,4.3,3.2,3.4,3.5,4.3,4.65,4.9
2025-07-25,BOS,LAD,7.0,2.0,5.0,2.4,3.2,4.2,2.7,5.9,3.55,5.6,5.8,3.9,5.2,4.0,5.15
2025-07-26,BOS,LAD,6.0,4.0,2.0,2.0,4.0,3.4,3.0,6.0,3.35,5.2,4.6,4.3,4.5,4.1,5.2
2025-07-27,BOS,LAD,7.0,4.0,3.0,2.6,3.6,2.8,3.0,5.45,3.4,4.6,4.2,4.4,4.6,3.95,5.2
2025-08-02,BOS,HOU,10.0,7.0,3.0,6.6,3.2,4.3,3.6,5.65,3.0,3.8,3.8,3.7,4.6,4.75,4.55
2025-08-03,BOS,HOU,7.0,6.0,1.0,7.2,3.4,4.9,3.5,5.45,3.05,4.2,4.2,3.4,5.0,4.6,4.55
2025-08-04,BOS,KCR,13.0,8.0,5.0,7.6,3.0,5.5,3.0,5.25,2.95,6.2,4.8,6.2,4.8,5.05,4.15
2025-08-05,BOS,KCR,8.0,6.0,2.0,8.4,3.0,5.7,3.4,5.35,3.0,6.4,6.2,6.0,5.2,4.85,4.4
2025-08-06,BOS,KCR,10.0,3.0,7.0,8.0,2.4,6.2,3.2,5.2,2.95,5.4,5.4,5.0,5.4,4.9,4.35
2025-08-15,BOS,MIA,3.0,2.0,1.0,6.6,4.0,6.3,3.8,5.3,3.7,5.4,6.4,4.8,5.9,4.7,4.85
2025-08-16,BOS,MIA,12.0,7.0,5.0,5.0,3.8,5.8,3.6,5.35,3.55,4.4,5.2,4.6,5.4,4.5,4.9
2025-08-17,BOS,MIA,8.0,3.0,5.0,6.0,3.6,5.9,4.0,5.7,3.5,5.2,5.2,4.5,5.7,4.4,5.05
2025-08-18,BOS,BAL,9.0,3.0,6.0,5.4,3.2,5.4,4.0,5.55,3.7,5.6,1.4,4.1,2.9,5.6,3.55
2025-08-29,BOS,PIT,6.0,2.0,4.0,3.4,2.8,4.2,2.9,5.05,3.45,4.2,3.0,4.5,2.6,3.85,4.3
2025-08-30,BOS,PIT,13.0,3.0,10.0,3.4,2.2,4.1,2.8,4.75,3.4,4.2,3.4,4.4,2.6,3.7,4.4
2025-08-31,BOS,PIT,7.0,5.0,2.0,3.2,3.6,4.1,3.2,4.6,3.8,5.0,2.6,5.1,2.2,4.05,4.45
2025-09-01,BOS,CLE,10.0,6.0,4.0,3.2,4.0,4.0,3.1,4.7,3.55,2.8,4.0,2.5,4.6,3.35,4.8
2025-09-02,BOS,CLE,18.0,11.0,7.0,3.8,4.4,4.5,3.5,4.5,3.65,3.6,3.4,2.6,5.1,3.35,5.05
2025-09-03,BOS,CLE,9.0,1.0,8.0,5.4,5.4,4.4,4.1,4.95,3.7,4.4,5.6,2.8,5.6,3.25,5.35
2025-09-12,BOS,NYY,5.0,1.0,4.0,5.0,2.8,5.3,4.5,4.7,3.85,3.8,6.0,4.4,5.3,5.7,4.55
2025-09-13,BOS,NYY,8.0,3.0,5.0,5.0,2.6,4.9,4.7,4.45,3.9,4.0,6.0,4.6,5.1,5.25,4.45
2025-09-14,BOS,NYY,10.0,6.0,4.0,4.2,2.8,4.6,4.8,4.55,4.15,4.2,6.0,4.4,5.3,5.35,4.3
2025-09-16,BOS,ATH,3.0,1.0,2.0,4.0,3.6,4.1,4.5,4.25,4.3,5.2,3.8,5.7,4.3,5.45,4.55
2025-09-18,BOS,ATH,8.0,3.0,5.0,3.0,4.0,4.1,3.9,4.2,4.05,5.6,2.8,5.8,3.9,5.15,4.45
2025-09-26,BOS,DET,7.0,4.0,3.0,4.2,3.6,4.5,4.1,4.7,4.4,2.8,4.8,2.0,4.9,4.25,4.9
2025-09-27,BOS,DET,3.0,1.0,2.0,3.8,3.6,4.6,3.9,4.6,4.35,2.4,4.4,2.1,4.5,4.15,5.1
2025-04-19,CHC,ARI,8.0,6.0,2.0,7.8,5.4,6.5,5.0,6.7,4.7,7.6,5.0,5.7,4.4,5.75,4.75
2025-04-23,CHC,LAD,13.0,7.0,6.0,5.8,5.8,6.4,4.4,6.85,4.5,4.2,2.6,3.7,4.1,4.1,4.05
2025-04-25,CHC,PHI,4.0,4.0,0.0,6.4,6.6,6.4,5.0,6.7,4.5,5.8,5.2,4.7,5.9,4.15,4.55
2025-04-26,CHC,PHI,14.0,4.0,10.0,6.4,4.6,5.8,4.4,6.85,4.1,4.6,5.2,4.3,6.2,4.1,4.5
2025-05-05,CHC,SFG,11.0,9.0,2.0,5.4,2.6,5.7,3.1,6.1,4.05,5.0,3.0,4.1,3.3,4.45,3.85
2025-05-07,CHC,SFG,4.0,1.0,3.0,6.6,2.2,6.0,3.1,6.2,3.75,4.8,3.8,3.7,3.7,4.05,4.1
2025-05-12,CHC,MIA,7.0,5.0,2.0,4.0,4.6,4.7,3.6,5.8,4.05,2.4,5.6,3.3,7.0,3.85,6.8
2025-05-13,CHC,MIA,9.0,5.0,4.0,3.2,4.6,4.9,3.4,5.25,4.15,2.0,5.2,3.3,6.0,3.85,6.75
2025-05-14,CHC,MIA,4.0,1.0,3.0,4.0,4.8,4.6,3.5,5.3,4.25,2.6,4.2,3.0,5.3,3.85,6.7
2025-05-16,CHC,CHW,16.0,13.0,3.0,3.8,4.0,3.7,3.8,5.15,3.9,3.2,3.2,2.3,4.3,3.7,4.3
2025-05-17,CHC,CHW,10.0,7.0,3.0,5.2,3.6,4.4,3.9,5.7,3.85,2.6,5.4,2.3,4.8,3.45,4.75
2025-05-18,CHC,CHW,8.0,6.0,2.0,6.2,3.0,5.1,3.8,5.4,3.45,3.0,6.2,2.6,5.2,3.5,4.9
2025-05-26,CHC,COL,4.0,3.0,1.0,8.8,4.4,7.8,4.1,6.2,3.8,2.6,6.2,3.4,6.8,3.3,7.75
2025-05-28,CHC,COL,3.0,2.0,1.0,6.6,4.4,8.0,3.9,5.85,3.85,1.8,5.0,3.5,6.3,3.2,7.6
2025-05-30,CHC,CIN,8.0,2.0,6.0,6.6,4.4,6.9,3.7,5.65,3.8,6.0,4.8,4.7,4.3,4.15,4.1
2025-05-31,CHC,CIN,2.0,2.0,0.0,4.4,4.4,6.4,4.0,5.75,3.9,6.0,4.4,5.0,4.4,4.4,4.0
2025-06-01,CHC,CIN,10.0,7.0,3.0,4.0,3.2,6.0,3.8,5.4,3.8,4.4,2.6,4.3,4.5,4.4,3.9
2025-06-12,CHC,PIT,5.0,3.0,2.0,3.4,3.8,4.1,2.8,5.25,3.4,4.2,2.0,3.5,3.1,3.85,3.1
2025-06-14,CHC,PIT,3.0,2.0,1.0,3.8,3.6,4.2,3.0,5.1,3.4,4.2,2.4,3.3,2.8,3.9,3.25
2025-06-17,CHC,MIL,8.0,5.0,3.0,3.0,3.6,3.7,2.8,4.85,3.05,3.8,3.6,2.8,3.2,4.4,3.2
2025-06-19,CHC,MIL,15.0,7.0,8.0,4.0,3.4,3.4,2.8,4.4,3.15,4.0,3.4,3.1,3.5,4.15,3.2
2025-06-20,CHC,SEA,13.0,4.0,9.0,3.8,4.2,4.1,3.4,4.65,3.5,3.8,1.6,4.0,3.5,3.5,3.65
2025-06-21,CHC,SEA,17.0,10.0,7.0,4.2,4.6,3.8,4.2,4.2,3.65,4.8,1.8,4.3,3.1,3.7,3.7
2025-06-22,CHC,SEA,20.0,6.0,14.0,5.6,5.6,4.7,4.6,4.5,3.7,5.0,3.8,4.7,3.9,4.0,4.1
2025-07-01,CHC,CLE,7.0,5.0,2.0,5.4,2.4,5.6,5.8,4.85,4.6,2.4,7.4,2.5,4.8,2.7,4.35
2025-07-02,CHC,CLE,9.0,5.0,4.0,4.8,2.8,5.7,5.1,4.75,4.65,1.6,6.4,2.3,5.1,2.8,4.4
2025-07-04,CHC,STL,14.0,11.0,3.0,5.2,3.6,5.2,4.8,4.95,4.7,3.2,3.8,3.7,3.9,4.2,4.1
2025-07-05,CHC,STL,14.0,6.0,8.0,6.6,2.8,5.7,3.7,5.2,4.8,2.0,4.8,3.2,4.8,3.9,4.15
2025-07-06,CHC,STL,11.0,11.0,0.0,5.4,3.8,6.1,3.7,5.5,5.0,2.2,6.0,3.2,4.7,4.2,4.2
2025-07-18,CHC,BOS,5.0,4.0,1.0,3.8,3.8,5.3,4.2,5.5,4.65,4.8,2.0,7.0,2.4,6.2,4.1
2025-07-19,CHC,BOS,6.0,6.0,0.0,4.2,3.2,5.2,3.9,5.2,4.35,3.0,2.4,6.0,2.6,6.15,4.15
2025-07-20,CHC,BOS,7.0,1.0,6.0,3.8,3.0,4.7,3.6,5.2,3.65,2.2,3.0,5.0,2.9,5.9,4.0
2025-07-21,CHC,KCR,16.0,4.0,12.0,4.0,2.0,4.2,3.4,5.15,3.55,3.0,4.0,3.7,3.6,3.65,3.75
2025-07-22,CHC,KCR,6.0,6.0,0.0,3.8,4.0,3.5,4.6,5.0,3.75,4.8,3.2,4.8,3.3,4.25,3.8
2025-07-23,CHC,KCR,12.0,4.0,8.0,4.2,3.8,4.0,3.8,4.9,3.75,4.6,3.8,4.4,3.9,4.25,3.9
2025-08-01,CHC,BAL,1.0,1.0,0.0,5.6,5.0,4.8,6.3,4.75,4.95,8.6,4.0,7.5,3.8,5.35,4.5
2025-08-02,CHC,BAL,7.0,3.0,4.0,4.6,4.8,4.8,5.7,4.5,4.55,7.6,4.0,7.2,3.3,5.25,4.5
2025-08-03,CHC,BAL,8.0,5.0,3.0,4.2,4.8,4.7,4.9,4.1,4.75,6.2,3.8,7.4,3.3,5.3,4.6
2025-08-04,CHC,CIN,5.0,2.0,3.0,4.4,3.8,4.6,5.2,4.3,4.5,3.2,3.6,3.7,2.9,4.25,3.5
2025-08-05,CHC,CIN,6.0,1.0,5.0,4.2,2.6,4.4,4.7,4.3,4.45,3.4,3.0,3.9,2.5,4.3,3.0
2025-08-06,CHC,CIN,7.0,6.0,1.0,2.4,3.0,4.0,4.0,3.95,4.65,3.6,2.2,3.9,2.6,4.2,2.95
2025-08-15,CHC,PIT,5.0,2.0,3.0,3.4,2.4,3.1,2.9,3.9,3.9,3.0,9.8,3.3,6.7,4.85,5.45
2025-08-16,CHC,PIT,4.0,3.0,1.0,2.0,2.8,2.8,2.9,3.7,4.05,3.4,9.8,3.1,6.5,4.85,5.55
2025-08-17,CHC,PIT,7.0,4.0,3.0,2.2,2.4,2.9,2.7,3.65,3.7,2.0,7.6,3.1,6.0,4.5,5.45
2025-08-18,CHC,MIL,7.0,0.0,7.0,2.8,2.0,3.2,2.5,3.6,3.25,10.0,4.0,7.5,3.3,7.55,4.0
2025-08-19,CHC,MIL,10.0,6.0,4.0,2.0,3.2,2.6,3.1,3.3,3.55,10.0,2.8,7.9,3.2,7.4,3.9
2025-08-19,CHC,MIL,10.0,6.0,4.0,2.0,3.2,2.6,3.1,3.3,3.55,9.4,3.8,7.6,3.6,7.55,3.95
2025-08-19,CHC,MIL,5.0,4.0,1.0,3.0,3.6,3.2,3.0,3.35,3.55,10.0,2.8,7.9,3.2,7.4,3.9
2025-08-19,CHC,MIL,5.0,4.0,1.0,3.0,3.6,3.2,3.0,3.35,3.55,9.4,3.8,7.6,3.6,7.55,3.95
2025-08-20,CHC,MIL,7.0,4.0,3.0,3.4,3.2,2.7,3.0,3.35,3.2,6.8,4.6,7.2,3.6,7.4,3.8
2025-08-21,CHC,MIL,5.0,1.0,4.0,3.6,3.6,2.9,3.0,3.4,2.9,5.0,4.4,7.2,3.8,7.4,3.9
2025-09-02,CHC,ATL,7.0,4.0,3.0,5.2,6.4,4.8,4.7,3.85,3.85,6.2,5.0,4.6,5.1,5.9,5.4
2025-09-03,CHC,ATL,6.0,1.0,5.0,5.4,4.6,5.1,4.6,4.0,3.75,4.6,5.4,4.8,5.5,5.65,5.3
2025-09-05,CHC,WSN,16.0,11.0,5.0,5.0,4.8,4.9,4.9,3.85,3.95,4.4,3.6,3.3,5.1,4.05,5.1
2025-09-06,CHC,WSN,3.0,1.0,2.0,5.0,4.4,4.8,5.3,4.35,4.1,5.2,5.0,3.6,5.9,3.9,5.3
2025-09-07,CHC,WSN,9.0,3.0,6.0,4.4,4.2,4.5,5.2,4.3,4.05,4.8,3.8,3.3,5.0,3.85,5.25
2025-09-12,CHC,TBR,10.0,6.0,4.0,2.8,3.0,3.9,3.7,4.3,3.95,2.8,4.0,4.4,4.0,4.65,4.2
2025-09-13,CHC,TBR,9.0,4.0,5.0,3.8,3.4,4.1,3.8,4.4,4.1,3.2,4.6,3.8,4.4,4.8,4.15
2025-09-14,CHC,TBR,7.0,4.0,3.0,4.0,3.2,4.0,3.7,4.4,4.2,4.0,5.0,3.7,4.3,4.9,3.7
2025-09-23,CHC,NYM,16.0,7.0,9.0,3.0,3.8,3.7,3.2,3.8,3.45,6.4,4.0,4.7,5.7,5.45,5.75
2025-09-24,CHC,NYM,13.0,10.0,3.0,2.8,4.8,3.8,3.7,3.95,3.75,6.6,4.8,5.3,5.5,4.95,5.65
2025-09-25,CHC,NYM,13.0,5.0,8.0,4.8,5.2,4.4,3.5,4.2,3.6,6.4,5.4,5.3,5.4,4.7,5.6
2025-09-26,CHC,STL,13.0,12.0,1.0,5.0,5.4,4.5,4.0,4.25,3.85,6.0,3.8,4.6,4.6,3.9,4.5
2025-09-27,CHC,STL,10.0,7.0,3.0,6.8,4.4,5.3,4.1,4.8,3.65,4.8,6.0,4.5,5.0,3.75,5.0
2025-04-29,CHW,MIL,9.0,2.0,7.0,4.4,4.6,3.7,6.0,3.25,5.0,4.2,4.0,5.4,3.5,5.6,3.35
2025-04-30,CHW,MIL,10.0,4.0,6.0,4.4,5.2,3.6,5.5,3.3,5.05,5.2,3.6,5.6,3.4,5.55,3.35
2025-05-01,CHW,MIL,8.0,8.0,0.0,4.8,5.6,3.9,5.8,3.3,5.0,5.4,3.2,6.1,3.5,5.5,3.5
2025-05-02,CHW,HOU,10.0,7.0,3.0,5.8,4.4,4.7,5.0,3.6,4.65,5.0,4.2,4.2,2.8,4.4,3.35
2025-05-03,CHW,HOU,11.0,3.0,8.0,6.2,3.8,5.1,4.3,3.8,4.6,5.6,5.2,4.3,3.2,4.4,3.5
2025-05-09,CHW,MIA,8.0,6.0,2.0,1.4,5.4,3.8,4.6,3.3,5.3,3.4,6.4,4.0,8.4,4.6,7.25
2025-05-10,CHW,MIA,4.0,1.0,3.0,2.0,4.2,3.4,4.5,3.55,5.25,3.6,6.4,3.4,8.6,4.35,7.25
2025-05-11,CHW,MIA,6.0,4.0,2.0,2.2,4.2,3.3,4.1,3.45,4.8,2.4,5.4,3.7,7.3,3.95,7.1
2025-05-19,CHW,SEA,6.0,1.0,5.0,2.6,7.0,2.5,5.4,3.5,5.0,4.4,3.4,4.0,4.6,5.35,4.2
2025-05-20,CHW,SEA,1.0,1.0,0.0,2.0,7.6,2.5,5.7,3.4,4.95,4.4,1.4,4.0,4.4,5.2,4.0
2025-05-21,CHW,SEA,11.0,5.0,6.0,2.0,6.2,2.6,4.7,3.2,4.65,4.0,1.0,3.4,4.0,5.0,3.9
2025-05-23,CHW,TEX,5.0,4.0,1.0,2.4,4.8,2.5,5.1,2.95,4.8,2.6,3.0,3.1,2.6,3.4,3.15
2025-05-24,CHW,TEX,15.0,10.0,5.0,2.6,3.6,2.8,4.9,3.05,4.5,1.8,3.6,3.0,2.9,3.45,3.2
2025-05-25,CHW,TEX,9.0,4.0,5.0,4.2,3.4,3.4,5.2,3.35,4.45,2.2,4.8,3.1,3.8,3.65,3.05
2025-06-02,CHW,DET,14.0,1.0,13.0,3.6,3.8,4.2,3.8,3.4,4.25,3.0,2.0,2.9,2.2,3.65,3.45
2025-06-03,CHW,DET,9.0,8.0,1.0,3.0,5.2,3.8,4.5,3.15,4.8,5.0,2.0,3.7,2.2,4.2,3.45
2025-06-04,CHW,DET,9.0,4.0,5.0,2.8,4.6,4.2,4.5,3.5,4.7,4.4,3.0,3.8,2.3,4.1,3.35
2025-06-06,CHW,KCR,9.0,7.0,2.0,3.4,5.2,3.6,4.5,3.5,4.85,4.6,4.0,3.7,4.4,3.35,3.9
2025-06-07,CHW,KCR,5.0,4.0,1.0,4.4,4.8,3.9,4.2,3.65,4.85,4.0,4.0,3.8,4.8,3.4,4.1
2025-06-08,CHW,KCR,12.0,5.0,7.0,4.8,4.4,4.2,4.1,3.8,4.55,4.0,4.8,3.5,4.7,3.1,4.05
2025-06-17,CHW,STL,14.0,2.0,12.0,2.2,4.2,3.9,3.7,3.85,4.1,2.8,4.4,3.8,4.7,3.9,5.0
2025-06-19,CHW,STL,9.0,4.0,5.0,1.8,6.2,3.3,4.8,3.75,4.65,4.8,3.8,4.5,4.2,4.3,4.95
2025-06-23,CHW,ARI,10.0,0.0,10.0,3.6,5.4,2.9,4.8,3.6,4.5,6.2,5.6,5.5,5.1,5.35,5.8
2025-06-24,CHW,ARI,5.0,1.0,4.0,3.2,5.0,2.5,5.6,3.15,4.8,8.0,4.0,6.0,4.9,5.8,5.3
2025-06-25,CHW,ARI,10.0,7.0,3.0,2.6,4.8,2.4,5.0,3.15,4.9,7.0,3.2,5.9,4.9,5.65,4.9
2025-06-27,CHW,SFG,4.0,1.0,3.0,2.6,5.2,2.8,4.9,3.4,4.85,4.8,6.0,3.9,5.4,4.4,4.55
2025-06-28,CHW,SFG,1.0,1.0,0.0,2.6,4.4,2.8,4.9,3.35,4.85,4.4,4.8,3.7,4.4,4.55,4.55
2025-06-29,CHW,SFG,7.0,5.0,2.0,2.0,4.0,2.8,4.7,3.35,4.2,3.8,4.6,3.3,4.0,4.35,4.5
2025-07-07,CHW,TOR,12.0,4.0,8.0,4.6,4.4,3.8,3.6,3.1,4.3,7.8,5.0,7.0,4.9,5.45,4.95
2025-07-09,CHW,TOR,3.0,2.0,1.0,4.6,5.0,3.5,4.1,3.15,4.5,8.4,5.0,6.8,4.7,5.6,5.05
2025-07-11,CHW,CLE,6.0,2.0,4.0,4.6,4.0,3.6,3.9,3.2,4.4,3.2,3.0,2.4,4.7,2.55,4.35
2025-07-12,CHW,CLE,8.0,2.0,6.0,4.4,4.4,3.7,4.3,3.25,4.5,3.2,2.4,2.8,4.3,2.65,4.1
2025-07-25,CHW,CHC,17.0,12.0,5.0,7.8,4.4,5.9,4.2,4.85,3.9,4.2,5.2,4.2,4.2,4.95,4.15
2025-07-26,CHW,CHC,7.0,1.0,6.0,8.2,4.6,6.7,3.9,5.1,4.0,4.0,7.6,3.9,5.3,5.0,4.4
2025-07-27,CHW,CHC,9.0,4.0,5.0,7.0,5.4,6.6,4.4,5.1,4.15,5.0,6.6,4.5,4.3,4.7,4.3
2025-07-28,CHW,PHI,8.0,6.0,2.0,6.2,5.8,6.8,4.5,5.25,4.4,6.0,4.4,5.2,4.3,4.9,3.45
2025-07-29,CHW,PHI,9.0,3.0,6.0,6.8,5.4,7.2,4.1,5.3,4.4,6.0,4.0,5.2,4.5,4.9,3.7
2025-07-30,CHW,PHI,12.0,9.0,3.0,5.2,4.8,6.5,4.6,5.4,4.4,6.4,4.4,5.4,4.3,5.0,3.85
2025-08-08,CHW,CLE,14.0,5.0,9.0,4.2,5.4,4.4,4.9,5.55,4.4,4.2,2.4,4.7,3.6,5.25,3.65
2025-08-09,CHW,CLE,4.0,1.0,3.0,4.0,6.6,4.8,5.2,5.7,4.8,5.0,3.4,5.3,3.7,5.35,3.65
2025-08-10,CHW,CLE,10.0,6.0,4.0,4.0,7.2,4.5,5.0,5.65,4.75,4.6,2.8,5.0,3.4,5.3,3.6
2025-08-11,CHW,DET,3.0,1.0,2.0,4.2,6.4,4.5,5.2,5.85,4.65,5.2,6.4,5.0,4.9,4.6,4.85
2025-08-12,CHW,DET,15.0,9.0,6.0,3.8,5.2,4.3,4.8,5.4,4.7,5.0,5.4,4.5,4.8,4.6,4.85
2025-08-13,CHW,DET,1.0,0.0,1.0,4.4,4.8,4.3,5.1,5.35,4.8,5.4,5.4,4.7,5.2,4.9,5.15
2025-08-22,CHW,MIN,16.0,7.0,9.0,5.4,6.6,4.4,4.9,4.45,4.95,3.8,6.0,3.5,5.2,3.9,5.75
2025-08-23,CHW,MIN,10.0,7.0,3.0,6.4,7.2,4.5,5.4,4.5,5.3,5.6,6.0,3.5,5.5,4.2,5.65
2025-08-24,CHW,MIN,8.0,8.0,0.0,7.4,6.6,5.1,5.5,4.7,5.15,5.2,5.8,3.8,6.0,4.25,5.65
2025-08-25,CHW,KCR,7.0,7.0,0.0,6.4,4.8,5.0,4.9,4.65,5.0,5.2,5.8,5.0,3.9,5.15,4.45
2025-08-26,CHW,KCR,9.0,4.0,5.0,5.8,2.6,5.7,4.8,4.7,4.85,4.6,6.0,4.7,4.5,4.7,4.65
2025-08-27,CHW,KCR,13.0,1.0,12.0,6.6,3.4,6.0,5.0,4.85,5.1,4.4,6.0,4.6,4.7,4.85,4.65
2025-08-28,CHW,NYY,14.0,4.0,10.0,5.4,4.0,5.9,5.6,4.65,5.3,6.8,4.4,7.0,4.4,5.1,3.9
2025-08-29,CHW,NYY,12.0,2.0,10.0,4.8,5.4,6.1,6.0,4.7,5.4,8.6,2.8,6.8,4.0,5.6,4.0
2025-08-31,CHW,NYY,5.0,3.0,2.0,3.6,7.4,5.0,6.1,4.5,5.5,9.2,2.8,7.0,3.8,5.95,3.75
2025-09-09,CHW,TBR,9.0,4.0,5.0,5.6,5.2,5.5,5.6,5.7,5.6,3.4,3.6,4.8,3.1,4.95,3.9
2025-09-10,CHW,TBR,11.0,6.0,5.0,5.6,5.6,5.5,5.1,5.8,5.55,2.6,3.6,4.9,3.4,4.8,4.0
2025-09-11,CHW,TBR,6.0,5.0,1.0,4.6,5.0,5.9,4.6,5.45,5.35,2.8,4.4,5.0,3.9,4.7,4.0
2025-09-15,CHW,BAL,5.0,1.0,4.0,2.8,3.2,4.2,4.4,4.65,4.7,2.4,5.8,3.5,4.3,4.05,5.4
2025-09-16,CHW,BAL,15.0,7.0,8.0,1.8,3.0,3.2,4.0,4.3,4.9,2.8,5.0,3.5,4.1,3.9,4.95
2025-09-17,CHW,BAL,4.0,1.0,3.0,2.2,4.4,3.2,4.3,4.3,5.3,3.8,6.0,3.7,4.6,3.9,4.85
2025-09-19,CHW,SDP,7.0,4.0,3.0,2.4,4.2,3.3,4.0,4.15,5.2,6.2,5.4,4.6,3.8,4.7,4.65
2025-09-20,CHW,SDP,10.0,3.0,7.0,3.0,4.2,3.1,3.9,4.3,4.75,4.6,5.6,4.1,4.1,4.5,4.55
2025-09-21,CHW,SDP,5.0,2.0,3.0,3.2,5.0,3.0,4.1,4.25,4.6,4.2,5.0,4.6,4.0,4.7,4.5
2025-04-28,CIN,STL,4.0,3.0,1.0,6.0,3.6,7.3,4.3,5.65,3.55,4.2,4.4,3.6,4.8,4.15,5.0
2025-04-30,CIN,STL,6.0,0.0,6.0,6.0,3.0,7.3,3.9,5.8,3.55,2.4,4.2,3.6,4.7,3.75,4.5
2025-04-30,CIN,STL,6.0,0.0,6.0,6.0,3.0,7.3,3.9,5.8,3.55,3.4,3.4,3.8,4.2,3.7,3.6
2025-04-30,CIN,STL,10.0,1.0,9.0,5.0,3.8,6.5,4.2,5.7,3.7,2.4,4.2,3.6,4.7,3.75,4.5
2025-04-30,CIN,STL,10.0,1.0,9.0,5.0,3.8,6.5,4.2,5.7,3.7,3.4,3.4,3.8,4.2,3.7,3.6
2025-05-01,CIN,STL,10.0,9.0,1.0,3.6,4.2,6.1,4.2,5.2,3.8,4.6,3.2,4.7,4.0,3.95,3.25
2025-05-02,CIN,WSN,7.0,6.0,1.0,4.2,3.6,4.6,4.1,5.55,3.45,5.0,8.4,4.2,5.3,4.1,5.4
2025-05-03,CIN,WSN,17.0,6.0,11.0,3.8,3.6,4.9,3.6,5.75,3.5,3.6,8.2,3.6,5.9,3.8,5.5
2025-05-04,CIN,WSN,5.0,1.0,4.0,4.4,5.6,5.2,4.3,6.0,4.05,4.8,5.6,4.3,6.2,4.05,5.45
2025-05-14,CIN,CHW,6.0,2.0,4.0,3.4,5.0,4.0,5.1,5.25,4.65,2.4,3.8,3.3,3.7,3.6,4.75
2025-05-15,CIN,CHW,8.0,7.0,1.0,3.8,5.0,4.1,4.6,5.1,4.4,3.0,3.8,2.9,3.9,3.8,4.45
2025-05-16,CIN,CLE,9.0,5.0,4.0,4.4,4.6,3.9,4.6,4.25,4.35,2.6,3.8,5.0,4.0,4.0,4.65
2025-05-17,CIN,CLE,5.0,4.0,1.0,5.4,4.8,3.8,4.9,4.35,4.25,3.2,3.4,4.9,4.1,4.05,4.8
2025-05-18,CIN,CLE,4.0,3.0,1.0,3.6,3.2,3.6,3.9,4.4,4.1,3.4,3.6,4.1,3.5,4.05,4.75
2025-05-23,CIN,CHC,19.0,6.0,13.0,3.0,1.4,4.2,3.1,3.6,3.7,7.2,3.0,6.2,3.3,5.8,3.15
2025-05-24,CIN,CHC,10.0,6.0,4.0,3.4,3.8,3.5,3.5,3.75,4.3,8.4,3.6,7.3,3.3,6.0,3.45
2025-05-25,CIN,CHC,19.0,8.0,11.0,4.0,4.4,4.1,3.3,4.05,4.2,8.0,4.4,7.2,3.7,6.05,3.55
2025-06-02,CIN,MIL,5.0,2.0,3.0,3.6,3.2,4.6,5.1,4.35,4.1,7.4,3.6,6.1,3.3,4.2,3.8
2025-06-03,CIN,MIL,6.0,4.0,2.0,2.6,3.4,4.7,5.1,4.45,4.1,6.8,3.0,5.9,3.3,4.15,3.75
2025-06-04,CIN,MIL,10.0,1.0,9.0,3.0,3.2,4.5,4.0,4.0,3.75,6.6,3.4,5.6,3.3,4.2,3.5
2025-06-07,CIN,ARI,14.0,13.0,1.0,2.0,4.6,4.0,4.5,4.05,3.9,6.2,5.2,5.3,5.8,5.4,5.4
2025-06-08,CIN,ARI,6.0,4.0,2.0,4.6,4.4,4.5,3.5,4.6,3.75,5.0,5.6,5.1,6.7,5.35,6.0
2025-06-17,CIN,MIN,11.0,6.0,5.0,5.4,5.4,5.6,4.5,5.15,4.8,3.6,9.4,4.1,7.6,4.15,5.7
2025-06-19,CIN,MIN,17.0,5.0,12.0,6.4,6.4,5.8,4.8,5.15,4.4,3.8,7.4,4.0,8.1,4.1,5.75
2025-06-23,CIN,NYY,7.0,6.0,1.0,4.8,5.6,5.0,5.5,4.6,4.4,5.0,2.6,3.5,2.6,4.45,4.5
2025-06-25,CIN,NYY,8.0,1.0,7.0,4.4,5.0,4.9,5.2,4.55,4.35,4.8,3.2,3.0,2.9,4.25,4.4
2025-06-27,CIN,SDP,9.0,8.0,1.0,3.4,5.4,4.9,5.9,4.5,4.55,3.8,3.2,4.1,4.3,4.15,3.85
2025-06-28,CIN,SDP,10.0,4.0,6.0,4.0,3.2,5.5,4.9,4.6,4.5,3.0,4.6,3.9,4.5,3.95,3.95
2025-06-29,CIN,SDP,5.0,3.0,2.0,4.6,3.2,5.4,4.4,4.8,4.7,3.6,5.0,3.9,4.1,4.15,4.0
2025-07-07,CIN,MIA,6.0,1.0,5.0,4.4,4.6,4.4,5.2,4.65,5.2,3.0,2.8,4.8,3.3,4.5,3.6
2025-07-08,CIN,MIA,14.0,2.0,12.0,4.0,4.6,4.4,5.0,4.65,5.45,3.8,2.6,4.9,3.2,4.2,3.2
2025-07-09,CIN,MIA,9.0,7.0,2.0,2.8,6.2,3.8,6.1,4.65,5.5,5.4,2.8,4.9,2.9,4.6,3.15
2025-07-10,CIN,MIA,6.0,6.0,0.0,2.4,5.4,4.1,5.7,4.75,5.05,4.8,3.0,4.2,2.8,4.55,3.45
2025-07-11,CIN,COL,5.0,2.0,3.0,3.4,4.4,4.4,5.5,4.5,5.0,3.2,8.6,3.3,6.8,4.1,6.5
2025-07-12,CIN,COL,7.0,4.0,3.0,3.6,4.4,4.0,4.5,4.2,4.95,3.2,7.0,3.6,6.5,3.95,6.4
2025-07-13,CIN,COL,6.0,4.0,2.0,4.2,4.0,4.1,4.3,4.1,4.85,2.6,7.0,3.4,6.3,3.6,6.3
2025-07-25,CIN,TBR,9.0,7.0,2.0,4.2,4.2,4.5,3.3,4.3,4.5,4.6,6.0,4.2,4.5,4.5,5.4
2025-07-26,CIN,TBR,8.0,6.0,2.0,4.6,4.2,4.6,3.5,4.5,4.5,4.2,6.8,4.1,4.8,4.2,4.65
2025-07-27,CIN,TBR,3.0,2.0,1.0,5.4,4.0,5.0,3.4,4.5,3.95,4.0,7.0,3.9,4.9,3.75,4.8
2025-07-28,CIN,LAD,7.0,2.0,5.0,4.2,2.2,4.8,3.2,4.45,3.75,4.2,4.6,4.0,4.2,3.85,4.95
2025-07-29,CIN,LAD,9.0,4.0,5.0,4.4,2.0,4.6,3.5,4.15,3.8,3.8,3.0,4.3,4.3,3.85,5.0
2025-07-30,CIN,LAD,7.0,5.0,2.0,4.2,3.0,4.2,3.6,3.9,3.75,4.0,3.2,4.8,4.5,3.8,5.15
2025-08-01,CIN,ATL,5.0,3.0,2.0,3.8,3.0,4.2,3.6,4.1,3.6,4.6,8.2,5.0,7.4,4.45,5.95
2025-08-02,CIN,ATL,6.0,2.0,4.0,3.2,3.0,4.3,3.5,4.2,3.55,4.4,7.0,4.5,7.4,4.55,5.9
2025-08-11,CIN,PHI,5.0,1.0,4.0,3.8,5.0,3.7,3.6,3.95,3.6,4.4,2.0,5.0,3.3,5.2,3.8
2025-08-12,CIN,PHI,7.0,6.0,1.0,3.8,4.6,3.3,3.8,3.75,3.7,4.2,2.2,5.1,2.5,5.3,3.8
2025-08-13,CIN,PHI,8.0,8.0,0.0,5.0,3.4,3.6,3.7,3.95,3.6,4.2,2.4,4.7,2.7,5.1,3.8
2025-08-15,CIN,MIL,18.0,8.0,10.0,6.2,2.8,4.2,3.3,3.95,3.1,9.4,3.2,7.9,2.8,7.05,3.65
2025-08-30,CIN,STL,6.0,2.0,4.0,2.2,5.8,3.8,4.6,3.7,4.15,3.4,4.8,4.7,5.1,4.2,5.0
2025-08-31,CIN,STL,11.0,7.0,4.0,2.4,4.6,3.2,5.0,3.7,4.15,3.8,3.8,4.3,5.0,4.15,4.95
2025-09-01,CIN,TOR,9.0,5.0,4.0,2.6,5.2,3.1,4.4,3.9,4.25,5.0,6.0,5.1,4.6,4.6,4.6
2025-09-02,CIN,TOR,21.0,9.0,12.0,3.6,4.6,3.2,4.7,3.9,4.4,4.8,5.6,4.8,4.8,4.75,4.6
2025-09-03,CIN,TOR,22.0,9.0,13.0,4.8,5.8,3.5,5.5,4.3,4.7,5.4,5.8,5.9,5.5,5.3,4.6
2025-09-05,CIN,NYM,9.0,4.0,5.0,6.4,7.4,4.3,6.6,4.75,5.0,6.6,7.0,8.1,5.9,7.1,5.3
2025-09-06,CIN,NYM,9.0,6.0,3.0,6.8,7.6,4.6,6.1,4.85,5.1,6.0,5.6,7.3,6.0,7.2,5.3
2025-09-07,CIN,NYM,5.0,3.0,2.0,6.6,7.4,4.6,6.3,5.05,5.2,6.4,5.8,7.0,6.1,6.9,5.05
2025-09-18,CIN,CHC,1.0,1.0,0.0,5.2,5.8,4.1,4.0,4.35,5.05,4.8,2.6,4.3,3.0,4.4,4.1
2025-09-19,CIN,CHC,11.0,7.0,4.0,4.4,3.6,3.6,3.7,4.1,5.0,4.0,1.8,4.0,2.5,4.3,3.9
2025-09-20,CIN,CHC,9.0,6.0,3.0,5.0,3.0,4.0,3.9,4.45,4.85,4.0,2.6,4.3,2.8,4.35,3.65
2025-09-21,CIN,CHC,1.0,1.0,0.0,4.0,2.4,4.2,4.0,4.6,4.7,3.8,3.8,4.0,3.3,4.35,3.75
2025-09-23,CIN,PIT,6.0,2.0,4.0,4.2,1.8,4.1,3.9,4.6,4.45,4.2,3.2,3.6,3.4,3.75,3.85
2025-09-25,CIN,PIT,3.0,2.0,1.0,3.4,2.2,4.3,4.0,4.6,4.45,4.8,2.8,3.8,3.3,3.9,3.75
2025-04-22,CLE,NYY,5.0,3.0,2.0,4.4,5.2,4.9,3.7,4.0,4.3,3.8,2.4,4.3,2.7,5.85,3.9
2025-04-23,CLE,NYY,6.0,1.0,5.0,4.8,3.8,4.6,3.8,4.0,4.2,3.4,2.4,4.1,2.7,5.75,3.95
2025-04-26,CLE,BOS,9.0,5.0,4.0,4.6,3.6,4.0,4.3,3.75,4.35,4.8,5.0,4.6,4.9,5.05,5.3
2025-04-26,CLE,BOS,9.0,5.0,4.0,4.6,3.6,4.0,4.3,3.75,4.35,4.8,4.4,4.7,5.3,5.15,5.4
2025-04-26,CLE,BOS,10.0,3.0,7.0,3.6,3.0,3.9,4.4,3.9,4.2,4.8,5.0,4.6,4.9,5.05,5.3
2025-04-26,CLE,BOS,10.0,3.0,7.0,3.6,3.0,3.9,4.4,3.9,4.2,4.8,4.4,4.7,5.3,5.15,5.4
2025-04-27,CLE,BOS,16.0,3.0,13.0,3.6,4.4,4.0,4.7,4.05,4.2,5.4,4.6,5.3,4.0,5.25,5.15
2025-04-28,CLE,MIN,12.0,1.0,11.0,3.0,6.2,3.7,5.7,4.1,4.6,6.2,2.0,4.7,3.4,4.05,3.1
2025-04-29,CLE,MIN,3.0,2.0,1.0,2.6,8.0,3.7,5.9,3.75,4.85,7.6,1.8,5.7,3.0,4.3,3.1
2025-04-30,CLE,MIN,6.0,4.0,2.0,2.8,7.2,3.7,5.4,3.65,4.4,6.6,1.6,5.2,2.9,4.25,2.95
2025-05-09,CLE,PHI,6.0,6.0,0.0,7.2,4.8,4.9,5.6,4.45,5.15,5.4,2.4,5.2,3.3,4.9,4.45
2025-05-10,CLE,PHI,8.0,1.0,7.0,7.4,4.2,5.2,4.3,4.45,5.0,5.0,2.8,5.1,3.4,4.9,4.65
2025-05-11,CLE,PHI,3.0,0.0,3.0,6.6,4.8,5.2,3.9,4.45,4.9,5.8,2.6,5.8,3.1,5.05,4.65
2025-05-12,CLE,MIL,5.0,5.0,0.0,4.8,3.4,5.0,4.1,4.35,4.75,2.8,4.2,2.5,4.6,4.3,4.05
2025-05-13,CLE,MIL,2.0,2.0,0.0,4.0,3.2,5.1,3.9,4.1,4.4,2.0,4.6,2.5,4.3,3.6,4.25
2025-05-14,CLE,MIL,14.0,5.0,9.0,2.8,2.0,5.0,3.4,4.05,4.4,1.8,3.2,2.5,3.5,3.5,4.1
2025-05-26,CLE,LAD,9.0,2.0,7.0,4.0,2.6,3.3,3.4,4.2,3.65,3.0,4.8,5.5,5.7,6.2,4.85
2025-05-27,CLE,LAD,14.0,5.0,9.0,3.4,2.8,3.3,4.1,4.15,3.75,3.6,4.0,6.1,4.8,5.95,4.6
2025-05-28,CLE,LAD,11.0,7.0,4.0,3.4,4.4,3.3,4.1,4.15,4.05,4.4,3.2,6.1,5.0,6.3,4.8
2025-05-30,CLE,LAA,5.0,1.0,4.0,3.4,5.2,3.6,4.0,4.25,4.05,1.0,3.6,4.3,4.0,4.7,4.6
2025-05-31,CLE,LAA,12.0,7.0,5.0,3.0,5.8,3.6,4.0,3.85,3.75,1.4,2.6,4.3,3.8,4.65,4.25
2025-06-01,CLE,LAA,6.0,4.0,2.0,4.4,5.8,4.2,4.2,3.75,3.95,2.4,3.4,4.1,4.0,4.85,4.4
2025-06-06,CLE,HOU,6.0,2.0,4.0,3.4,2.8,3.2,4.3,3.5,3.6,3.0,4.2,4.1,4.2,3.8,3.8
2025-06-08,CLE,HOU,6.0,4.0,2.0,2.4,2.6,3.4,4.2,3.35,3.8,3.2,1.4,4.0,4.1,4.0,3.85
2025-06-09,CLE,CIN,11.0,4.0,7.0,2.4,2.6,3.6,3.7,3.45,3.9,4.8,3.4,4.2,3.3,4.45,3.8
2025-06-10,CLE,CIN,1.0,0.0,1.0,2.8,3.4,3.5,3.5,3.4,3.8,5.8,3.6,4.2,3.5,4.55,3.8
2025-06-11,CLE,CIN,13.0,11.0,2.0,2.0,3.6,2.8,3.2,3.2,3.6,5.2,3.2,4.1,3.2,4.4,3.75
2025-06-24,CLE,TOR,16.0,6.0,10.0,2.6,2.2,3.2,3.2,3.0,3.2,4.6,4.4,3.9,5.0,5.2,5.05
2025-06-26,CLE,TOR,6.0,0.0,6.0,3.0,3.8,2.7,4.0,3.25,3.5,5.0,5.4,4.4,5.4,5.15,5.0
2025-06-27,CLE,STL,5.0,0.0,5.0,2.8,4.6,2.5,3.9,2.9,3.55,3.4,4.8,5.0,3.9,4.3,4.8
2025-06-28,CLE,STL,15.0,6.0,9.0,2.6,4.6,2.2,4.0,2.7,3.7,4.2,4.0,4.7,3.4,4.5,4.4
2025-06-29,CLE,STL,7.0,0.0,7.0,3.0,6.0,2.8,4.3,2.9,4.0,4.4,4.8,5.4,3.7,4.6,4.2
2025-07-04,CLE,DET,3.0,1.0,2.0,2.4,6.2,2.6,5.4,2.9,4.45,7.0,5.4,6.4,4.1,5.85,5.3
2025-07-05,CLE,DET,1.0,0.0,1.0,2.6,5.6,2.6,5.1,2.75,4.45,5.4,4.6,5.7,3.9,5.7,5.2
2025-07-18,CLE,ATH,14.0,8.0,6.0,4.2,2.4,3.4,4.0,2.8,4.0,5.6,4.6,5.4,4.8,4.2,5.05
2025-07-19,CLE,ATH,10.0,2.0,8.0,5.8,3.4,3.6,3.7,3.2,4.0,4.8,6.0,5.4,5.2,4.3,4.9
2025-07-20,CLE,ATH,10.0,8.0,2.0,4.8,4.0,3.8,3.8,3.15,4.3,6.0,4.6,5.7,4.8,4.45,4.95
2025-07-21,CLE,BAL,15.0,10.0,5.0,5.6,4.0,4.4,3.5,3.35,4.3,2.0,7.0,3.0,4.4,3.75,5.15
2025-07-22,CLE,BAL,9.0,6.0,3.0,6.8,4.6,5.0,3.5,3.8,4.45,3.0,7.8,3.2,5.2,3.75,5.5
2025-07-23,CLE,BAL,5.0,3.0,2.0,6.8,4.8,5.5,3.6,4.05,4.35,3.4,6.8,3.3,5.7,3.9,5.35
2025-07-24,CLE,BAL,7.0,3.0,4.0,5.8,4.0,5.8,3.7,4.0,4.35,3.6,5.2,3.2,5.9,3.9,5.3
2025-07-28,CLE,COL,14.0,6.0,8.0,3.8,3.4,5.3,4.0,4.05,4.15,4.2,6.4,4.2,5.9,3.8,6.1
2025-07-29,CLE,COL,14.0,10.0,4.0,3.8,4.4,5.3,4.6,4.35,4.3,4.2,6.8,4.8,6.1,4.05,6.15
2025-07-30,CLE,COL,5.0,5.0,0.0,5.2,4.8,5.5,4.4,4.55,4.05,3.8,8.8,4.6,6.7,3.9,6.35
2025-08-02,CLE,MIN,9.0,5.0,4.0,5.6,4.0,5.8,3.6,4.8,3.7,3.2,8.2,3.9,5.8,4.35,5.0
2025-08-03,CLE,MIN,9.0,4.0,5.0,5.4,4.0,5.5,3.8,4.95,3.65,3.4,7.4,3.6,6.2,4.35,5.1
2025-08-12,CLE,MIA,7.0,4.0,3.0,4.6,3.0,5.3,3.6,5.3,3.8,3.8,6.2,3.9,5.3,4.1,4.35
2025-08-13,CLE,MIA,17.0,4.0,13.0,4.8,3.2,5.1,3.1,5.2,3.85,3.2,5.4,4.0,5.7,4.2,4.45
2025-08-14,CLE,MIA,13.0,9.0,4.0,4.8,5.6,4.5,4.0,5.0,4.2,4.8,6.0,4.6,5.8,4.65,4.5
2025-08-15,CLE,ATL,2.0,0.0,2.0,4.8,5.4,4.9,4.4,5.35,4.0,7.0,5.8,5.7,5.3,4.8,5.8
2025-08-16,CLE,ATL,11.0,1.0,10.0,4.2,5.6,4.4,4.2,4.95,4.0,5.8,4.6,5.7,4.6,4.45,5.55
2025-08-17,CLE,ATL,9.0,4.0,5.0,3.6,6.4,4.1,4.7,4.5,4.25,6.4,4.6,6.3,4.2,4.95,5.15
2025-08-25,CLE,TBR,9.0,0.0,9.0,2.2,5.2,2.9,6.0,4.0,4.55,5.0,7.0,4.9,5.4,3.95,4.85
2025-08-26,CLE,TBR,3.0,3.0,0.0,1.6,6.8,2.5,5.6,3.5,4.8,6.6,5.6,5.1,5.0,4.2,4.5
2025-08-29,CLE,SEA,9.0,5.0,4.0,1.2,5.6,1.9,5.2,3.4,4.8,6.6,4.4,5.0,6.1,5.25,5.05
2025-08-30,CLE,SEA,7.0,4.0,3.0,1.6,5.6,2.4,5.4,3.4,4.8,6.8,5.0,5.3,6.3,5.2,5.1
2025-08-31,CLE,SEA,6.0,2.0,4.0,2.4,4.2,2.7,4.7,3.4,4.7,5.2,5.0,5.3,6.0,4.95,5.15
2025-09-08,CLE,KCR,12.0,10.0,2.0,4.4,1.8,4.4,3.7,3.15,4.45,4.2,3.0,4.0,3.2,4.3,3.95
2025-09-09,CLE,KCR,2.0,2.0,0.0,4.8,2.0,4.9,3.5,3.65,4.45,4.0,4.2,3.0,4.1,4.1,4.35
2025-09-10,CLE,KCR,7.0,3.0,4.0,4.8,1.2,4.7,3.2,3.7,3.95,3.2,4.0,2.7,3.8,3.9,4.3
2025-09-11,CLE,KCR,5.0,3.0,2.0,4.0,1.8,4.8,3.2,3.65,3.9,3.6,4.4,2.8,4.0,3.85,4.35
2025-09-12,CLE,CHW,4.0,4.0,0.0,4.0,1.8,4.7,2.8,3.65,3.95,4.2,4.2,6.1,4.5,5.2,4.85
2025-09-13,CLE,CHW,4.0,3.0,1.0,4.4,1.6,4.4,1.7,3.6,3.65,4.2,3.8,5.5,4.4,5.2,5.0
2025-09-14,CLE,CHW,5.0,3.0,2.0,3.0,1.4,3.9,1.7,3.6,3.5,3.2,3.6,4.4,4.4,4.9,4.7
2025-09-23,CLE,DET,7.0,5.0,2.0,5.0,1.8,4.2,1.4,4.5,2.3,1.8,5.8,3.9,4.9,4.2,4.95
2025-09-24,CLE,DET,6.0,5.0,1.0,5.4,2.0,4.4,1.4,4.55,2.1,2.2,6.0,2.9,5.2,4.3,4.85
2025-09-25,CLE,DET,6.0,2.0,4.0,5.2,1.8,4.5,1.5,4.45,1.6,2.2,6.4,1.9,5.6,4.1,4.95
2025-09-26,CLE,TEX,10.0,3.0,7.0,4.4,2.6,4.4,1.8,4.15,1.75,2.0,3.6,3.1,4.0,3.85,3.9
2025-09-27,CLE,TEX,5.0,3.0,2.0,3.4,4.0,4.4,2.3,4.2,1.9,2.8,3.4,3.0,4.0,3.95,3.95
2025-04-25,COL,CIN,15.0,7.0,8.0,4.4,5.8,3.4,5.6,3.35,6.1,8.0,4.6,6.8,3.7,5.25,3.2
2025-04-26,COL,CIN,10.0,4.0,6.0,3.6,5.0,4.1,6.2,3.5,6.2,8.6,4.2,7.1,4.2,4.95,3.4
2025-04-27,COL,CIN,9.0,1.0,8.0,4.0,5.6,4.5,6.2,3.65,6.2,5.0,4.6,7.3,4.6,5.25,3.55
2025-04-28,COL,ATL,9.0,3.0,6.0,3.6,7.0,4.3,6.5,3.65,6.35,5.4,5.0,4.7,4.3,4.6,4.35
2025-04-29,COL,ATL,10.0,2.0,8.0,3.4,6.8,4.4,6.5,3.75,6.5,5.2,4.4,5.0,4.0,4.85,4.35
2025-04-30,COL,ATL,3.0,2.0,1.0,3.4,7.2,3.9,6.5,3.65,6.55,6.0,2.8,5.7,3.9,5.0,4.15
2025-05-08,COL,DET,12.0,2.0,10.0,2.4,4.6,2.9,5.9,3.15,5.75,8.2,3.0,6.7,3.4,5.3,3.05
2025-05-08,COL,DET,12.0,2.0,10.0,2.4,4.6,2.9,5.9,3.15,5.75,8.8,2.6,7.3,3.3,5.75,2.9
2025-05-08,COL,DET,12.0,1.0,11.0,2.4,6.4,2.4,6.1,3.25,6.15,8.2,3.0,6.7,3.4,5.3,3.05
2025-05-08,COL,DET,12.0,1.0,11.0,2.4,6.4,2.4,6.1,3.25,6.15,8.8,2.6,7.3,3.3,5.75,2.9
2025-05-09,COL,SDP,22.0,9.0,13.0,1.8,8.0,2.1,6.6,3.3,6.4,4.4,4.0,3.7,3.6,3.7,3.25
2025-05-10,COL,SDP,21.0,0.0,21.0,3.6,9.8,2.9,7.1,3.6,6.8,5.2,5.0,5.0,4.4,4.25,3.7
2025-05-11,COL,SDP,12.0,9.0,3.0,3.0,12.8,2.6,8.6,3.5,7.55,9.0,4.8,7.0,4.0,5.0,3.7
2025-05-19,COL,PHI,12.0,3.0,9.0,3.6,6.6,3.8,8.3,3.1,7.2,4.6,4.2,4.2,3.1,4.55,3.45
2025-05-20,COL,PHI,11.0,4.0,7.0,4.0,7.6,4.0,8.1,3.05,7.35,6.0,4.6,4.4,3.4,4.8,3.35
2025-05-21,COL,PHI,14.0,5.0,9.0,4.2,7.4,3.5,7.5,3.2,7.3,6.0,2.6,5.1,3.2,5.1,3.3
2025-05-22,COL,PHI,2.0,0.0,2.0,5.2,7.6,4.0,6.3,3.3,7.45,6.2,2.8,5.3,3.6,5.55,3.35
2025-05-23,COL,NYY,5.0,3.0,2.0,2.4,5.6,3.1,6.2,3.2,7.15,4.0,2.0,5.9,3.2,6.05,3.2
2025-05-24,COL,NYY,14.0,1.0,13.0,3.0,5.8,3.3,6.2,3.25,7.2,4.0,2.0,5.4,2.4,5.9,3.3
2025-05-25,COL,NYY,9.0,4.0,5.0,2.6,6.6,3.3,7.1,3.1,7.7,5.0,1.8,5.5,2.3,6.4,3.15
2025-06-06,COL,NYM,6.0,2.0,4.0,3.4,4.2,2.6,4.8,2.95,5.5,5.6,2.8,4.8,3.1,3.65,3.15
2025-06-07,COL,NYM,9.0,1.0,8.0,3.4,3.4,2.7,3.9,3.0,5.5,5.6,2.8,4.7,3.1,3.55,3.15
2025-06-08,COL,NYM,18.0,5.0,13.0,3.0,4.0,2.4,4.2,2.9,5.5,5.6,2.6,5.2,3.1,3.75,3.05
2025-06-10,COL,SFG,11.0,5.0,6.0,2.8,5.8,2.8,5.2,3.15,5.75,4.0,2.8,2.7,2.5,3.55,3.0
2025-06-11,COL,SFG,17.0,7.0,10.0,3.2,6.6,3.2,5.6,2.7,5.45,4.4,3.4,3.2,2.7,3.35,2.95
2025-06-12,COL,SFG,15.0,8.0,7.0,4.0,8.2,3.7,6.2,3.05,5.9,5.2,3.8,4.1,3.1,3.5,2.9
2025-06-20,COL,ARI,22.0,8.0,14.0,6.0,3.2,5.9,6.4,4.15,5.3,4.8,6.6,4.7,5.6,5.0,5.7
2025-06-21,COL,ARI,8.0,3.0,5.0,7.4,5.2,6.2,6.5,4.5,5.85,6.0,6.8,6.0,5.1,5.55,5.9
2025-06-22,COL,ARI,6.0,4.0,2.0,6.0,6.0,6.0,6.4,4.6,6.0,6.6,5.8,6.3,5.0,5.55,6.05
2025-06-24,COL,LAD,16.0,7.0,9.0,5.6,5.6,5.7,5.6,4.7,5.9,5.8,5.4,6.1,5.1,5.55,4.95
2025-06-25,COL,LAD,9.0,1.0,8.0,5.0,6.2,5.6,5.8,4.95,5.95,6.8,6.2,6.8,5.2,5.6,5.05
2025-06-26,COL,LAD,4.0,1.0,3.0,4.6,7.6,5.3,5.4,4.85,6.1,7.8,5.4,6.5,4.8,5.1,5.0
2025-07-01,COL,HOU,11.0,5.0,6.0,3.0,7.0,4.3,6.3,4.6,6.6,3.2,3.4,5.0,4.0,4.7,3.4
2025-07-02,COL,HOU,8.0,3.0,5.0,2.6,6.4,3.8,6.3,4.75,6.7,4.0,4.4,4.3,4.2,5.0,3.5
2025-07-03,COL,HOU,13.0,7.0,6.0,3.0,5.8,3.8,6.7,4.85,6.55,4.6,4.8,3.7,4.1,4.85,3.55
2025-07-04,COL,CHW,5.0,2.0,3.0,4.2,6.4,3.7,5.9,4.95,6.2,2.6,3.8,2.6,4.1,2.8,4.7
2025-07-05,COL,CHW,13.0,3.0,10.0,3.4,5.0,3.6,5.7,4.8,6.05,3.0,4.2,2.5,4.1,2.7,4.45
2025-07-06,COL,CHW,10.0,6.0,4.0,4.0,6.0,3.5,6.5,4.6,6.05,4.0,4.4,3.5,3.4,3.0,4.5
2025-07-18,COL,MIN,10.0,6.0,4.0,2.4,6.0,3.3,6.2,3.55,6.45,4.0,3.4,4.1,3.1,3.85,4.15
2025-07-19,COL,MIN,16.0,10.0,6.0,3.2,4.8,3.2,6.0,3.45,5.95,4.0,4.2,4.3,3.6,4.05,4.0
2025-07-20,COL,MIN,8.0,1.0,7.0,4.8,4.0,4.0,6.3,3.8,6.0,5.0,4.6,4.8,4.2,3.95,4.05
2025-07-21,COL,STL,8.0,2.0,6.0,4.4,5.0,3.8,6.0,3.65,6.25,3.6,6.6,3.7,6.1,3.45,5.4
2025-07-22,COL,STL,12.0,8.0,4.0,4.2,5.4,3.4,6.2,3.4,6.1,3.6,5.6,4.3,5.2,3.75,5.1
2025-07-23,COL,STL,6.0,6.0,0.0,5.4,5.4,3.9,5.7,3.75,5.9,3.4,6.4,4.3,5.8,3.95,5.35
2025-08-01,COL,PIT,33.0,17.0,16.0,2.6,8.8,3.6,6.6,3.8,6.45,4.6,1.4,4.1,3.9,3.1,3.95
2025-08-02,COL,PIT,13.0,8.0,5.0,6.0,8.4,5.2,7.5,4.5,6.75,6.6,4.6,5.6,4.6,3.65,4.8
2025-08-03,COL,PIT,14.0,5.0,9.0,7.4,8.4,5.8,7.4,4.6,6.8,7.2,6.2,5.7,4.4,3.9,4.9
2025-08-04,COL,TOR,16.0,1.0,15.0,6.8,9.0,5.5,7.9,4.7,6.8,4.4,7.6,5.3,6.6,5.05,5.15
2025-08-05,COL,TOR,14.0,4.0,10.0,6.2,10.0,5.0,9.4,4.65,7.05,6.6,4.6,5.7,6.3,5.75,5.1
2025-08-06,COL,TOR,21.0,1.0,20.0,7.0,11.0,4.8,9.9,4.75,7.05,8.2,4.8,6.1,6.5,5.9,5.0
2025-08-14,COL,ARI,10.0,2.0,8.0,4.4,5.4,3.4,8.7,4.6,8.05,6.8,3.6,5.6,3.4,4.15,4.15
2025-08-15,COL,ARI,7.0,4.0,3.0,3.8,5.8,3.1,8.6,4.3,8.25,7.2,3.8,6.3,3.1,4.05,4.2
2025-08-16,COL,ARI,17.0,10.0,7.0,3.4,3.8,3.4,7.4,4.2,8.4,6.6,3.6,5.9,3.3,3.95,4.25
2025-08-17,COL,ARI,11.0,6.0,5.0,5.0,4.6,4.0,7.1,4.4,8.5,5.4,4.4,6.0,3.9,4.15,4.45
2025-08-18,COL,LAD,7.0,4.0,3.0,5.6,5.6,4.5,5.6,4.7,7.85,4.6,3.8,5.6,3.7,4.4,3.25
2025-08-19,COL,LAD,15.0,4.0,11.0,5.2,5.2,4.8,5.3,4.85,7.75,4.4,3.2,4.7,3.5,4.3,3.35
2025-08-20,COL,LAD,11.0,8.0,3.0,5.6,5.8,4.7,5.8,4.65,8.0,5.6,2.8,5.5,3.4,4.75,3.35
2025-08-21,COL,LAD,14.0,5.0,9.0,6.4,5.8,4.9,4.8,4.85,7.65,5.6,4.0,5.3,4.1,4.75,3.55
2025-08-29,COL,CHC,18.0,7.0,11.0,2.0,3.6,3.1,5.3,3.8,5.45,4.8,5.0,4.2,3.9,3.4,3.5
2025-08-30,COL,CHC,7.0,3.0,4.0,3.2,4.8,3.4,6.1,4.1,5.7,4.6,6.2,4.7,4.2,3.95,3.6
2025-08-31,COL,CHC,11.0,6.0,5.0,3.8,4.8,3.3,5.4,4.0,5.6,4.6,6.2,4.7,4.4,3.7,3.7
2025-09-01,COL,SFG,10.0,2.0,8.0,3.8,5.6,3.1,5.6,4.0,5.2,9.0,5.4,6.9,4.6,4.6,5.0
2025-09-02,COL,SFG,11.0,4.0,7.0,4.2,6.4,2.8,5.5,4.0,5.45,8.2,5.2,7.3,4.0,5.0,4.7
2025-09-03,COL,SFG,18.0,8.0,10.0,4.4,7.0,3.2,5.3,4.05,5.8,8.8,5.4,7.6,3.9,5.3,4.7
2025-09-05,COL,SDP,3.0,3.0,0.0,4.6,6.8,3.9,5.8,4.15,6.05,4.8,5.4,4.6,6.1,4.7,4.4
2025-09-06,COL,SDP,18.0,8.0,10.0,4.6,6.0,4.2,5.4,4.2,5.65,2.4,5.4,4.4,5.6,4.15,4.5
2025-09-07,COL,SDP,9.0,1.0,8.0,5.0,7.0,4.4,6.3,4.4,6.0,4.0,5.6,4.8,5.5,4.55,4.75
2025-09-16,COL,MIA,11.0,5.0,6.0,2.6,6.6,2.8,6.1,3.35,5.95,5.2,2.8,4.8,5.6,4.6,6.1
2025-09-17,COL,MIA,12.0,4.0,8.0,3.6,6.0,3.0,6.7,3.6,6.05,5.4,2.4,4.9,5.1,4.65,6.2
2025-09-18,COL,MIA,16.0,7.0,9.0,4.4,7.2,2.6,6.5,3.5,6.4,5.4,2.6,5.4,4.6,4.95,6.35
2025-09-19,COL,LAA,13.0,7.0,6.0,5.0,8.6,3.2,6.6,3.85,6.65,2.2,7.8,3.5,6.1,3.4,6.35
2025-09-20,COL,LAA,3.0,0.0,3.0,5.8,7.6,3.8,6.9,4.05,6.75,2.8,8.2,3.7,6.5,3.55,5.7
2025-09-21,COL,LAA,4.0,3.0,1.0,4.6,6.4,3.6,6.5,3.7,6.35,3.0,6.0,3.7,5.3,3.7,5.6
2025-04-21,DET,SDP,10.0,6.0,4.0,3.4,3.0,4.1,3.1,4.6,3.2,4.6,3.4,4.5,2.8,4.45,2.8
2025-04-22,DET,SDP,2.0,0.0,2.0,4.6,2.8,4.4,3.1,4.7,3.15,3.4,3.8,4.5,2.4,4.45,2.95
2025-04-23,DET,SDP,6.0,6.0,0.0,4.4,2.2,3.7,2.7,4.55,2.9,3.0,3.4,4.5,2.3,4.5,2.95
2025-04-26,DET,BAL,7.0,4.0,3.0,4.4,2.0,3.9,2.7,4.4,2.6,3.2,8.2,4.2,6.2,3.7,5.4
2025-04-26,DET,BAL,7.0,4.0,3.0,4.4,2.0,3.9,2.7,4.4,2.6,2.0,8.0,4.0,6.2,3.8,5.45
2025-04-26,DET,BAL,8.0,6.0,2.0,3.8,2.0,4.2,2.5,4.4,2.7,3.2,8.2,4.2,6.2,3.7,5.4
2025-04-26,DET,BAL,8.0,6.0,2.0,3.8,2.0,4.2,2.5,4.4,2.7,2.0,8.0,4.0,6.2,3.8,5.45
2025-04-27,DET,BAL,7.0,7.0,0.0,4.4,2.2,3.9,2.6,4.6,2.65,2.0,4.4,3.9,6.2,3.5,5.5
2025-05-09,DET,TEX,3.0,2.0,1.0,9.0,2.0,7.8,3.2,5.85,2.9,3.8,3.0,3.7,4.2,3.25,3.6
2025-05-10,DET,TEX,13.0,3.0,10.0,7.6,2.0,7.3,3.3,5.95,2.7,3.8,3.0,3.7,4.2,3.05,3.55
2025-05-11,DET,TEX,7.0,1.0,6.0,7.8,3.0,7.1,3.5,6.05,2.95,4.2,3.4,3.2,4.3,3.55,3.55
2025-05-12,DET,BOS,16.0,14.0,2.0,5.4,4.0,6.8,3.5,5.8,3.2,5.0,2.4,5.0,2.8,5.45,3.35
2025-05-14,DET,BOS,11.0,6.0,5.0,6.2,4.0,7.5,3.3,6.15,3.15,5.2,4.0,4.2,4.0,5.5,4.05
2025-05-22,DET,CLE,7.0,0.0,7.0,3.6,4.0,4.7,4.7,6.0,4.0,3.2,3.8,2.9,3.8,4.05,4.05
2025-05-23,DET,CLE,4.0,1.0,3.0,3.4,5.0,4.4,4.4,5.75,3.95,3.8,2.8,3.5,3.1,4.35,3.5
2025-05-25,DET,CLE,5.0,5.0,0.0,3.0,5.2,4.4,4.1,5.6,3.8,4.2,2.2,3.8,2.9,4.4,3.5
2025-05-26,DET,SFG,4.0,3.0,1.0,3.2,3.0,3.5,3.9,5.5,3.6,2.8,3.0,4.4,3.5,3.85,3.35
2025-05-27,DET,SFG,4.0,3.0,1.0,2.8,2.4,3.2,3.5,5.15,3.45,2.4,3.2,3.5,3.2,3.75,3.25
2025-05-28,DET,SFG,7.0,4.0,3.0,2.4,2.4,3.0,3.2,4.85,3.45,1.8,2.2,2.9,2.7,3.65,3.2
2025-06-06,DET,CHC,4.0,3.0,1.0,4.0,2.8,4.2,2.4,4.3,3.25,4.8,1.8,4.6,3.1,5.95,3.2
2025-06-07,DET,CHC,7.0,1.0,6.0,4.6,2.8,4.0,2.5,3.75,3.2,4.6,2.4,4.3,2.8,5.75,3.25
2025-06-08,DET,CHC,4.0,4.0,0.0,4.6,4.0,3.8,3.0,3.5,3.25,4.4,2.0,3.8,2.1,5.8,3.1
2025-06-13,DET,CIN,16.0,11.0,5.0,3.0,4.0,3.8,3.4,3.55,3.0,5.4,3.6,3.7,4.1,4.35,4.25
2025-06-14,DET,CIN,12.0,1.0,11.0,5.0,3.8,4.8,3.9,3.85,3.05,3.8,5.6,4.2,5.0,4.25,4.75
2025-06-15,DET,CIN,12.0,4.0,8.0,4.4,6.0,3.6,4.9,3.65,3.55,5.2,5.4,5.0,4.4,4.8,4.75
2025-06-17,DET,PIT,10.0,7.0,3.0,4.2,7.0,3.9,4.9,3.85,3.6,4.0,2.6,3.4,2.7,3.8,3.3
2025-06-19,DET,PIT,11.0,9.0,2.0,5.4,5.6,4.1,4.8,4.15,3.6,2.6,3.4,3.4,3.4,3.7,3.25
2025-06-24,DET,ATH,15.0,11.0,4.0,7.2,6.0,5.7,6.5,4.85,4.7,2.8,6.4,3.5,4.5,4.3,5.45
2025-06-25,DET,ATH,3.0,0.0,3.0,8.0,6.2,6.7,5.9,5.05,4.65,3.0,6.0,3.4,5.0,4.15,5.6
2025-06-26,DET,ATH,8.0,8.0,0.0,6.2,6.4,6.3,6.1,5.05,4.75,2.8,3.8,3.1,4.6,4.1,5.2
2025-06-27,DET,MIN,5.0,1.0,4.0,6.2,3.6,6.0,5.6,5.4,4.75,5.4,5.4,5.2,6.7,5.05,7.15
2025-06-28,DET,MIN,15.0,10.0,5.0,5.8,2.8,6.0,4.9,4.8,4.9,4.6,3.8,5.4,6.5,4.75,7.05
2025-06-29,DET,MIN,3.0,3.0,0.0,6.0,3.2,6.6,4.6,5.25,4.75,5.2,3.6,5.4,6.9,4.7,7.5
2025-07-07,DET,TBR,6.0,5.0,1.0,5.0,4.6,4.7,3.5,5.7,4.7,3.8,5.2,5.0,5.2,6.0,4.95
2025-07-08,DET,TBR,6.0,4.0,2.0,3.8,4.4,5.2,3.3,5.75,4.7,3.8,5.2,4.6,5.6,5.7,4.95
2025-07-09,DET,TBR,10.0,3.0,7.0,3.8,3.0,4.8,3.5,5.4,4.55,3.4,4.8,4.5,6.0,5.4,4.95
2025-07-11,DET,SEA,15.0,3.0,12.0,3.0,2.2,5.0,3.8,5.5,4.35,3.4,3.8,3.2,4.2,4.7,3.8
2025-07-12,DET,SEA,22.0,7.0,15.0,3.2,4.4,4.3,4.5,5.45,4.55,4.6,4.4,4.3,3.5,5.0,3.95
2025-07-13,DET,SEA,12.0,4.0,8.0,4.4,7.4,4.7,6.0,5.45,5.15,7.4,5.8,5.2,4.0,5.75,4.2
2025-07-24,DET,TOR,15.0,4.0,11.0,1.8,4.4,2.6,6.6,3.7,5.05,6.0,3.8,4.8,3.7,5.8,4.2
2025-07-25,DET,TOR,8.0,2.0,6.0,2.4,5.8,2.7,7.0,3.85,5.4,7.0,4.0,5.8,3.9,6.05,4.4
2025-07-26,DET,TOR,7.0,1.0,6.0,2.4,6.8,2.6,6.4,3.45,5.45,6.6,3.2,5.7,3.5,5.9,4.5
2025-07-27,DET,TOR,14.0,10.0,4.0,2.6,7.4,2.0,5.5,3.35,5.75,7.0,3.2,6.0,3.2,6.15,3.8
2025-07-28,DET,ARI,6.0,5.0,1.0,3.6,6.6,2.6,5.1,3.3,5.85,1.4,4.2,3.9,3.9,4.05,3.9
2025-07-29,DET,ARI,14.0,12.0,2.0,4.4,5.6,3.1,5.0,3.35,5.45,1.0,4.0,3.5,3.4,3.7,4.05
2025-07-30,DET,ARI,9.0,7.0,2.0,6.0,3.8,4.2,4.8,3.6,5.0,1.2,5.8,3.2,4.5,3.7,4.3
2025-08-04,DET,MIN,9.0,6.0,3.0,6.0,3.2,5.2,4.4,3.9,5.5,4.0,6.8,3.9,6.1,4.3,5.05
2025-08-05,DET,MIN,9.0,3.0,6.0,4.8,3.4,5.4,3.6,4.05,5.3,3.6,7.2,3.2,6.0,4.05,5.3
2025-08-06,DET,MIN,13.0,4.0,9.0,4.0,4.2,5.5,3.6,4.05,5.0,3.8,6.2,3.5,5.9,4.15,5.35
2025-08-08,DET,LAA,11.0,6.0,5.0,4.0,5.0,5.8,3.9,3.9,4.7,4.0,3.8,4.4,4.1,4.4,4.7
2025-08-09,DET,LAA,11.0,4.0,7.0,3.8,5.0,5.4,4.0,4.0,4.55,5.0,4.8,4.5,4.6,4.15,4.75
2025-08-10,DET,LAA,14.0,9.0,5.0,4.6,6.0,5.3,4.6,4.2,4.8,4.8,4.6,4.6,4.6,4.45,4.7
2025-08-18,DET,HOU,10.0,10.0,0.0,4.6,4.4,4.8,4.9,5.15,4.25,2.4,8.0,4.2,5.7,3.7,5.6
2025-08-20,DET,HOU,9.0,7.0,2.0,5.4,2.6,5.4,4.0,5.6,3.95,1.0,8.8,3.4,6.5,3.5,5.95
2025-08-22,DET,KCR,12.0,7.0,5.0,6.6,3.0,5.5,3.7,5.45,3.85,4.8,3.4,5.5,3.7,5.3,4.35
2025-08-23,DET,KCR,6.0,4.0,2.0,6.6,4.0,5.8,3.5,5.55,4.05,4.6,4.4,5.3,4.0,5.35,4.65
2025-08-24,DET,KCR,18.0,8.0,10.0,5.8,3.4,5.3,3.2,5.15,4.05,4.2,4.6,4.7,3.9,5.1,4.35
2025-09-01,DET,NYM,18.0,8.0,10.0,2.8,4.2,5.0,4.0,4.9,4.45,7.6,6.4,8.1,5.3,7.15,5.5
2025-09-02,DET,NYM,17.0,5.0,12.0,3.8,4.6,4.8,5.0,5.1,4.5,8.4,8.0,7.9,5.4,7.35,5.55
2025-09-03,DET,NYM,8.0,6.0,2.0,4.8,5.6,4.6,6.0,5.05,4.85,10.0,7.6,8.2,5.7,7.3,5.55
2025-09-05,DET,CHW,12.0,5.0,7.0,5.0,5.4,4.5,5.7,5.15,4.6,7.2,4.2,5.4,5.8,5.2,5.35
2025-09-06,DET,CHW,6.0,6.0,0.0,5.8,6.2,4.6,6.2,4.95,4.7,8.0,4.8,5.4,6.3,5.55,5.55
2025-09-07,DET,CHW,10.0,4.0,6.0,6.0,6.2,4.4,5.2,5.15,4.65,6.8,5.0,5.0,6.4,5.5,5.7
2025-09-17,DET,CLE,4.0,0.0,4.0,6.0,4.0,5.6,4.7,5.2,4.85,3.2,1.8,4.0,1.5,3.75,3.1
2025-09-18,DET,CLE,4.0,1.0,3.0,3.6,4.4,5.1,3.9,4.85,4.95,3.4,1.0,3.7,1.4,3.95,2.85
2025-09-19,DET,ATL,11.0,1.0,10.0,1.6,4.8,4.6,4.0,4.55,4.85,7.2,3.8,4.8,5.8,4.7,5.05
2025-09-20,DET,ATL,11.0,5.0,6.0,1.2,5.0,4.2,4.3,4.4,5.25,8.8,2.8,5.6,4.1,5.15,5.0
2025-09-21,DET,ATL,8.0,2.0,6.0,1.8,4.6,4.1,4.9,4.25,5.05,8.4,3.2,5.8,4.5,4.9,5.15
2025-04-23,HOU,TOR,4.0,3.0,1.0,4.6,2.0,3.7,2.9,3.75,3.55,2.0,4.4,3.6,4.1,3.55,4.1
2025-04-28,HOU,DET,13.0,8.0,5.0,3.0,1.8,3.4,2.2,3.95,3.25,4.6,1.4,4.6,2.1,4.6,2.45
2025-04-29,HOU,DET,10.0,6.0,4.0,3.6,2.6,4.1,2.3,4.2,3.2,5.6,2.6,5.0,2.4,4.5,2.75
2025-04-30,HOU,DET,11.0,4.0,7.0,4.2,3.2,4.1,2.3,4.25,3.3,5.2,3.8,4.8,2.9,4.5,2.9
2025-05-09,HOU,CIN,3.0,3.0,0.0,4.8,4.0,4.9,4.1,4.05,3.3,3.4,4.6,3.8,4.1,5.55,4.35
2025-05-10,HOU,CIN,22.0,9.0,13.0,4.8,2.6,5.2,3.9,4.05,2.9,2.2,5.0,3.0,4.3,5.15,4.3
2025-05-11,HOU,CIN,6.0,6.0,0.0,5.0,4.6,5.4,4.9,4.4,3.55,3.6,4.6,4.0,5.1,5.65,4.5
2025-05-12,HOU,KCR,12.0,5.0,7.0,6.0,3.6,5.2,4.4,4.65,3.35,3.6,3.4,4.4,2.8,3.75,2.9
2025-05-13,HOU,KCR,3.0,2.0,1.0,6.4,4.2,5.1,4.7,4.6,3.5,4.2,3.8,4.3,3.1,4.05,2.85
2025-05-14,HOU,KCR,7.0,4.0,3.0,5.0,4.2,4.9,4.1,4.55,3.45,4.0,4.0,4.4,3.0,3.95,2.6
2025-05-22,HOU,SEA,11.0,9.0,2.0,3.0,4.4,3.2,3.7,4.2,4.05,4.2,1.8,3.7,3.9,5.1,3.75
2025-05-23,HOU,SEA,8.0,3.0,5.0,4.6,3.8,3.6,3.2,4.35,3.95,3.8,3.4,3.6,4.2,4.5,4.2
2025-05-24,HOU,SEA,3.0,2.0,1.0,4.4,4.2,3.7,3.6,4.3,3.85,3.6,3.8,4.0,3.6,4.4,4.05
2025-05-25,HOU,SEA,8.0,5.0,3.0,4.0,3.8,3.5,3.4,4.25,3.55,2.8,4.0,3.6,2.7,4.2,4.0
2025-05-27,HOU,ATH,12.0,11.0,1.0,4.6,3.8,4.0,3.6,4.1,3.55,4.6,7.0,3.4,7.9,4.3,6.6
2025-05-28,HOU,ATH,8.0,5.0,3.0,6.0,2.4,4.5,3.4,4.6,3.35,3.8,7.8,3.2,8.1,4.2,7.15
2025-05-29,HOU,TBR,16.0,3.0,13.0,5.2,2.6,4.9,3.2,4.7,3.3,6.0,1.4,4.8,2.3,4.45,3.55
2025-05-30,HOU,TBR,3.0,2.0,1.0,5.2,4.2,4.8,4.2,4.4,3.9,8.0,1.8,6.0,2.1,4.9,3.3
2025-05-31,HOU,TBR,19.0,3.0,16.0,5.2,4.2,4.6,4.0,4.35,3.95,5.6,2.2,5.8,1.9,4.95,3.05
2025-06-01,HOU,TBR,1.0,1.0,0.0,4.8,6.8,4.7,5.3,4.05,4.1,7.4,2.4,7.1,2.0,5.55,3.05
2025-06-10,HOU,CHW,6.0,2.0,4.0,3.4,2.2,3.1,4.4,3.8,3.9,5.6,3.2,4.3,4.2,3.9,4.25
2025-06-11,HOU,CHW,12.0,10.0,2.0,3.2,3.0,2.8,4.5,3.85,3.85,4.8,3.4,3.8,4.0,3.95,4.0
2025-06-12,HOU,CHW,7.0,4.0,3.0,5.2,2.8,3.5,3.4,4.15,3.8,4.4,4.4,3.9,4.8,3.95,4.2
2025-06-13,HOU,MIN,13.0,10.0,3.0,4.4,3.0,3.7,3.6,4.15,3.8,4.6,8.4,5.6,7.0,4.35,5.3
2025-06-14,HOU,MIN,5.0,3.0,2.0,5.6,3.2,4.4,2.3,4.55,3.8,4.4,9.4,4.9,7.6,4.15,5.8
2025-06-24,HOU,PHI,1.0,1.0,0.0,6.8,5.2,6.3,4.0,4.7,4.2,5.4,3.4,5.7,3.3,4.65,4.4
2025-06-25,HOU,PHI,2.0,2.0,0.0,6.8,4.6,6.2,3.6,4.5,4.05,4.6,3.2,4.9,3.4,4.3,3.6
2025-06-26,HOU,PHI,3.0,2.0,1.0,4.6,4.0,5.4,3.4,4.45,3.4,4.2,3.4,4.6,3.4,4.2,3.45
2025-06-27,HOU,CHC,11.0,7.0,4.0,2.8,3.4,5.2,3.2,4.45,3.4,5.2,6.0,5.4,5.8,4.8,4.4
2025-06-28,HOU,CHC,15.0,3.0,12.0,4.0,2.4,4.9,3.3,4.65,2.8,4.8,4.6,5.6,6.4,4.65,4.6
2025-06-29,HOU,CHC,2.0,2.0,0.0,3.0,3.4,4.9,4.3,4.75,3.4,6.8,3.6,6.3,6.4,4.85,4.6
2025-07-07,HOU,CLE,12.0,5.0,7.0,8.0,3.2,6.0,3.8,5.7,3.6,1.4,4.0,2.2,5.0,2.55,4.15
2025-07-09,HOU,CLE,6.0,2.0,4.0,8.0,4.0,6.3,4.4,5.75,3.8,2.8,3.6,2.6,5.5,2.9,4.35
2025-07-11,HOU,TEX,10.0,3.0,7.0,7.2,3.4,5.8,4.4,5.35,3.85,7.6,5.2,6.8,3.8,5.4,3.85
2025-07-13,HOU,TEX,6.0,1.0,5.0,4.2,4.6,5.8,3.9,5.35,4.1,8.8,5.0,7.5,3.5,5.65,3.7
2025-07-24,HOU,ATH,7.0,2.0,5.0,5.0,3.2,4.1,4.0,4.9,3.85,3.0,5.0,3.9,5.5,4.35,5.2
2025-07-25,HOU,ATH,18.0,3.0,15.0,5.2,3.0,3.8,4.4,4.9,4.1,2.4,5.0,4.2,4.8,4.6,4.9
2025-07-26,HOU,ATH,6.0,1.0,5.0,3.6,5.4,3.6,5.2,4.95,4.8,5.0,4.0,5.1,4.4,5.35,4.9
2025-07-27,HOU,ATH,8.0,1.0,7.0,2.6,5.8,3.5,5.3,4.65,4.85,5.6,2.8,5.2,4.2,5.25,4.95
2025-07-28,HOU,WSN,3.0,1.0,2.0,2.2,7.0,3.3,5.3,4.55,4.6,4.4,2.4,4.0,4.5,4.4,5.55
2025-07-29,HOU,WSN,11.0,7.0,4.0,1.6,6.8,3.3,5.0,4.5,4.7,3.6,2.4,4.1,3.8,4.05,5.4
2025-07-30,HOU,WSN,10.0,9.0,1.0,2.6,6.6,3.9,4.8,4.55,4.65,4.4,2.8,4.3,3.8,3.7,5.4
2025-08-11,HOU,BOS,13.0,7.0,6.0,6.0,3.4,5.1,3.7,4.2,4.5,5.8,4.4,6.7,3.7,4.75,3.35
2025-08-12,HOU,BOS,15.0,1.0,14.0,5.8,4.2,5.7,4.1,4.5,4.55,5.4,4.8,6.9,3.9,4.8,3.5
2025-08-13,HOU,BOS,5.0,4.0,1.0,4.6,6.4,5.1,5.1,4.5,4.95,7.0,4.6,7.5,3.5,5.45,3.55
2025-08-15,HOU,BAL,7.0,0.0,7.0,4.6,5.4,4.6,5.1,4.15,4.85,2.8,4.2,2.8,4.7,5.1,4.0
2025-08-17,HOU,BAL,12.0,0.0,12.0,3.8,5.8,4.3,5.1,3.85,5.05,3.6,2.0,3.2,4.2,5.25,3.85
2025-08-26,HOU,COL,7.0,1.0,6.0,6.0,5.4,3.5,7.1,4.6,5.6,2.8,6.0,4.2,5.9,3.65,7.25
2025-08-27,HOU,COL,4.0,4.0,0.0,5.8,5.2,3.5,6.3,4.3,5.7,2.4,5.6,4.4,5.7,3.9,6.55
2025-08-28,HOU,COL,7.0,4.0,3.0,5.2,4.8,3.5,6.2,4.05,5.65,1.4,4.6,3.4,5.4,3.7,6.25
2025-08-29,HOU,LAA,2.0,2.0,0.0,4.0,4.0,3.9,5.8,4.1,5.45,2.8,8.6,2.5,6.4,3.9,6.0
2025-08-30,HOU,LAA,5.0,1.0,4.0,2.6,2.4,4.1,4.6,4.15,5.15,2.6,6.6,2.3,5.9,3.5,5.85
2025-08-31,HOU,LAA,3.0,0.0,3.0,2.4,2.6,4.2,4.0,3.8,5.25,2.8,6.0,2.6,5.6,3.45,5.85
2025-09-01,HOU,LAA,11.0,8.0,3.0,2.2,2.0,4.0,3.6,3.45,5.25,2.6,6.0,2.5,5.0,3.45,5.5
2025-09-02,HOU,NYY,8.0,1.0,7.0,3.0,2.6,4.1,3.7,3.65,5.1,7.6,2.4,5.9,3.8,6.05,3.8
2025-09-03,HOU,NYY,15.0,8.0,7.0,2.4,3.4,3.2,3.7,3.5,5.2,8.0,2.4,6.3,3.3,6.25,3.75
2025-09-04,HOU,NYY,12.0,4.0,8.0,3.6,4.8,3.1,3.6,3.55,5.5,7.2,3.6,7.0,4.0,6.35,3.95
2025-09-15,HOU,TEX,9.0,6.0,3.0,4.6,4.2,4.9,4.7,4.5,4.2,5.4,2.4,4.3,3.8,5.65,3.25
2025-09-16,HOU,TEX,11.0,6.0,5.0,5.2,4.4,5.4,4.3,4.3,4.0,5.0,3.6,3.7,3.8,5.5,3.4
2025-09-17,HOU,TEX,7.0,5.0,2.0,6.4,4.2,5.2,4.1,4.15,3.85,5.0,4.0,3.9,3.9,5.55,3.4
2025-09-19,HOU,SEA,4.0,0.0,4.0,5.2,4.0,5.3,3.5,4.3,3.8,7.0,3.4,7.4,2.7,5.8,4.15
2025-09-20,HOU,SEA,10.0,4.0,6.0,4.0,4.4,4.2,3.9,4.25,3.7,6.8,2.8,6.8,2.5,5.55,3.85
2025-09-21,HOU,SEA,10.0,3.0,7.0,4.2,4.0,4.4,4.1,4.25,4.0,5.8,3.2,5.6,2.7,5.55,3.7
2025-04-24,KCR,COL,11.0,7.0,4.0,2.0,4.8,2.1,4.5,2.85,3.9,5.0,6.0,3.5,5.3,3.25,5.65
2025-04-24,KCR,COL,11.0,7.0,4.0,2.0,4.8,2.1,4.5,2.85,3.9,5.4,6.2,3.2,5.8,3.35,5.85
2025-04-24,KCR,COL,8.0,6.0,2.0,3.0,4.8,2.5,4.7,3.0,3.95,5.0,6.0,3.5,5.3,3.25,5.65
2025-04-24,KCR,COL,8.0,6.0,2.0,3.0,4.8,2.5,4.7,3.0,3.95,5.4,6.2,3.2,5.8,3.35,5.85
2025-04-25,KCR,HOU,2.0,2.0,0.0,3.6,4.4,3.1,4.2,3.2,3.75,4.0,1.4,3.9,2.6,3.85,3.45
2025-04-26,KCR,HOU,2.0,2.0,0.0,3.8,3.2,3.0,3.6,2.75,3.7,3.4,1.4,3.2,2.5,3.75,3.5
2025-04-27,KCR,HOU,10.0,3.0,7.0,3.6,1.8,2.8,3.4,2.85,3.45,3.0,1.2,2.9,1.9,3.65,3.25
2025-05-05,KCR,CHW,3.0,3.0,0.0,5.2,2.2,4.2,2.1,3.35,3.4,4.8,4.8,4.6,4.7,3.95,4.95
2025-05-06,KCR,CHW,7.0,4.0,3.0,5.2,2.2,3.9,1.9,3.5,3.05,4.4,4.0,4.4,4.6,3.85,4.95
2025-05-07,KCR,CHW,3.0,2.0,1.0,4.4,2.4,4.1,2.2,3.55,2.9,4.2,3.6,4.5,4.6,3.95,4.85
2025-05-08,KCR,CHW,10.0,10.0,0.0,4.8,2.0,4.1,2.3,3.45,2.85,2.8,4.0,4.3,4.2,3.45,4.9
2025-05-10,KCR,BOS,11.0,1.0,10.0,6.0,2.0,4.8,1.6,3.9,2.65,3.8,3.8,5.7,3.2,5.2,4.25
2025-05-11,KCR,BOS,4.0,1.0,3.0,4.0,2.8,4.6,2.5,3.85,2.95,5.2,3.2,6.0,3.0,5.65,3.5
2025-05-16,KCR,STL,13.0,3.0,10.0,2.6,4.8,4.3,3.4,4.05,2.65,5.6,2.8,5.6,2.2,4.65,3.35
2025-05-17,KCR,STL,1.0,0.0,1.0,3.0,4.8,3.5,3.8,3.85,2.95,6.8,3.0,6.1,2.1,5.1,3.3
2025-05-18,KCR,STL,3.0,2.0,1.0,2.8,4.4,3.2,3.9,3.55,2.9,5.8,2.8,5.6,1.8,5.0,3.2
2025-05-26,KCR,CIN,11.0,4.0,7.0,3.6,3.2,2.7,3.4,3.5,3.25,4.2,6.4,4.7,4.0,4.4,4.3
2025-05-27,KCR,CIN,9.0,2.0,7.0,3.8,4.4,3.0,3.9,3.7,3.45,5.6,7.0,4.7,4.3,4.3,4.45
2025-05-28,KCR,CIN,5.0,3.0,2.0,3.8,5.2,2.9,4.2,3.6,3.8,6.8,6.8,4.9,4.1,4.35,4.5
2025-05-30,KCR,DET,12.0,5.0,7.0,2.8,4.8,2.9,3.4,3.2,3.6,3.2,1.6,3.3,3.3,4.95,3.35
2025-05-31,KCR,DET,1.0,1.0,0.0,3.6,5.6,3.4,4.0,3.3,3.95,4.4,2.0,3.7,3.6,4.65,3.55
2025-06-01,KCR,DET,1.0,0.0,1.0,3.0,4.6,3.3,3.9,3.15,3.8,3.4,2.2,3.3,2.6,4.15,3.5
2025-06-10,KCR,NYY,12.0,2.0,10.0,5.4,5.6,3.8,4.5,3.4,4.2,5.4,6.2,4.5,6.2,4.65,4.15
2025-06-11,KCR,NYY,9.0,3.0,6.0,3.8,6.2,3.8,4.8,3.35,4.5,7.4,5.8,5.4,6.4,5.05,4.1
2025-06-12,KCR,NYY,1.0,0.0,1.0,3.0,6.4,3.8,5.2,3.35,4.3,7.8,6.4,5.5,5.9,4.95,4.15
2025-06-13,KCR,ATH,10.0,4.0,6.0,2.6,5.2,3.3,4.6,3.35,4.3,4.6,5.0,4.9,6.2,4.5,7.2
2025-06-14,KCR,ATH,4.0,0.0,4.0,3.2,5.6,3.6,5.2,3.45,4.55,4.8,5.0,5.1,5.8,4.55,7.05
2025-06-15,KCR,ATH,5.0,2.0,3.0,1.8,5.4,3.6,5.5,3.3,4.7,4.8,3.6,5.1,4.8,4.5,6.55
2025-06-24,KCR,TBR,6.0,1.0,5.0,3.8,3.4,3.1,3.2,3.45,4.2,7.6,6.4,7.0,4.7,5.6,3.65
2025-06-25,KCR,TBR,3.0,0.0,3.0,2.8,3.8,3.2,3.6,3.25,4.1,6.2,5.0,6.8,4.3,5.8,3.6
2025-06-26,KCR,TBR,4.0,0.0,4.0,2.0,4.2,2.8,3.3,3.2,4.25,6.6,4.2,6.3,3.9,5.15,3.45
2025-06-27,KCR,LAD,9.0,4.0,5.0,0.8,4.0,2.8,3.3,3.2,4.4,7.2,4.6,6.3,4.5,5.1,4.7
2025-06-28,KCR,LAD,14.0,9.0,5.0,1.4,4.0,3.0,3.5,2.9,4.3,7.6,4.0,6.2,4.6,5.3,4.6
2025-06-29,KCR,LAD,6.0,1.0,5.0,2.8,4.4,3.3,3.9,3.0,4.3,6.0,4.4,5.9,4.9,5.25,4.8
2025-07-07,KCR,PIT,12.0,9.0,3.0,3.8,3.0,4.1,3.9,3.45,3.6,1.2,1.6,4.5,1.6,3.9,3.2
2025-07-08,KCR,PIT,7.0,4.0,3.0,5.2,3.0,4.6,3.7,3.8,3.6,1.6,3.4,4.6,2.1,3.8,3.55
2025-07-09,KCR,PIT,7.0,4.0,3.0,5.4,3.2,4.1,3.5,3.7,3.7,1.2,4.2,4.0,2.4,3.85,3.6
2025-07-11,KCR,NYM,11.0,3.0,8.0,4.4,3.2,4.4,3.3,3.6,3.7,5.2,5.4,4.1,6.0,3.7,5.75
2025-07-12,KCR,NYM,4.0,1.0,3.0,4.8,3.4,4.5,3.5,3.55,4.05,5.6,5.0,4.7,5.4,4.1,5.65
2025-07-13,KCR,NYM,5.0,3.0,2.0,4.2,4.0,4.0,3.5,3.3,3.95,3.8,4.0,4.9,4.3,4.2,5.35
2025-07-26,KCR,CLE,10.0,4.0,6.0,5.6,4.2,4.3,4.0,4.45,3.85,6.0,3.2,5.4,3.6,4.0,4.55
2025-07-27,KCR,CLE,5.0,4.0,1.0,6.2,4.8,4.3,4.3,4.2,3.9,5.6,3.6,5.6,3.8,4.0,4.25
2025-07-28,KCR,ATL,17.0,7.0,10.0,5.6,4.2,4.3,4.1,4.35,3.7,3.2,7.8,4.5,6.9,4.0,5.3
2025-07-29,KCR,ATL,15.0,9.0,6.0,4.6,5.4,4.7,4.3,4.6,3.9,3.4,8.2,4.8,7.0,4.2,5.6
2025-08-11,KCR,WSN,11.0,7.0,4.0,4.0,5.2,5.1,5.0,4.7,4.65,2.8,2.8,3.6,7.7,3.95,5.75
2025-08-12,KCR,WSN,13.0,8.0,5.0,4.4,4.4,5.4,5.3,4.85,4.7,3.2,4.0,3.9,7.5,3.95,6.0
2025-08-13,KCR,WSN,15.0,7.0,8.0,5.6,4.2,5.5,4.8,5.1,4.55,4.2,4.4,3.5,6.7,4.15,6.0
2025-08-15,KCR,CHW,4.0,3.0,1.0,5.6,5.2,5.3,5.0,5.4,4.8,3.4,3.2,3.7,4.9,5.0,4.75
2025-08-16,KCR,CHW,8.0,6.0,2.0,5.4,3.6,4.7,4.8,5.4,4.75,3.4,3.2,3.7,5.2,4.65,4.75
2025-08-17,KCR,CHW,8.0,6.0,2.0,6.2,4.0,5.1,4.6,5.65,4.7,2.6,3.6,3.4,5.0,4.6,4.85
2025-08-18,KCR,TEX,7.0,4.0,3.0,6.0,3.6,5.2,4.0,5.6,4.6,4.6,6.6,3.2,5.2,3.9,4.55
2025-08-19,KCR,TEX,7.0,5.0,2.0,5.2,3.2,5.4,3.7,5.2,4.55,4.8,6.8,3.3,5.6,3.75,4.65
2025-08-20,KCR,TEX,9.0,3.0,6.0,4.8,2.0,5.2,3.6,5.45,4.35,4.4,6.6,3.3,5.8,3.75,4.85
2025-08-21,KCR,TEX,10.0,6.0,4.0,4.8,3.0,5.1,3.3,5.2,4.45,4.6,6.0,3.8,5.2,3.65,4.85
2025-08-29,KCR,DET,8.0,3.0,5.0,5.8,4.8,5.2,4.6,5.2,4.3,4.4,6.4,5.5,4.7,4.8,4.7
2025-08-30,KCR,DET,4.0,3.0,1.0,6.0,5.0,5.1,4.8,5.25,4.25,4.0,6.0,5.3,5.0,5.05,4.75
2025-08-31,KCR,DET,5.0,0.0,5.0,4.6,3.6,4.9,4.7,5.05,4.15,3.4,6.2,4.6,4.8,4.8,4.75
2025-09-02,KCR,LAA,6.0,1.0,5.0,4.6,3.2,4.6,4.6,4.85,3.95,2.6,6.2,2.6,5.7,3.4,5.65
2025-09-03,KCR,LAA,7.0,3.0,4.0,3.8,3.4,4.1,4.7,4.8,4.2,3.0,2.4,2.9,5.5,3.4,5.4
2025-09-04,KCR,LAA,7.0,4.0,3.0,2.0,4.0,3.9,4.4,4.6,4.2,3.8,2.6,3.2,4.6,3.25,5.35
2025-09-05,KCR,MIN,3.0,2.0,1.0,2.2,3.6,4.1,4.3,4.4,4.1,5.2,7.0,5.5,7.5,4.55,6.85
2025-09-06,KCR,MIN,13.0,11.0,2.0,2.0,3.6,3.3,3.6,4.15,3.75,4.0,7.0,5.2,6.7,4.55,6.5
2025-09-07,KCR,MIN,6.0,1.0,5.0,4.2,3.0,4.4,3.1,4.55,3.8,3.4,8.0,4.7,7.3,4.45,7.0
2025-09-16,KCR,SEA,17.0,5.0,12.0,4.8,5.0,4.0,4.5,4.05,4.4,5.4,2.2,6.5,3.4,5.65,4.4
2025-09-17,KCR,SEA,12.0,7.0,5.0,5.0,6.8,4.3,5.6,3.8,4.6,7.0,2.8,7.2,3.3,6.15,4.1
2025-09-18,KCR,SEA,2.0,0.0,2.0,6.0,7.2,3.9,5.9,4.15,4.5,7.0,3.6,7.3,3.1,6.25,4.35
2025-09-19,KCR,TOR,21.0,20.0,1.0,5.6,6.0,3.8,5.6,3.9,4.4,4.6,3.4,4.1,2.8,5.6,4.3
2025-09-20,KCR,TOR,3.0,2.0,1.0,8.4,4.6,5.6,4.7,4.3,4.4,3.8,6.6,4.1,4.5,5.15,5.1
2025-09-21,KCR,TOR,13.0,5.0,8.0,6.8,4.2,5.8,4.6,4.25,4.2,1.8,6.6,3.9,4.3,4.95,4.85
2025-04-23,LAA,PIT,3.0,0.0,3.0,3.0,4.2,2.6,5.0,3.85,4.75,4.6,3.4,3.8,3.7,3.6,4.55
2025-04-24,LAA,PIT,7.0,4.0,3.0,2.4,3.8,2.3,3.9,3.8,4.5,4.0,3.2,3.8,3.2,3.55,4.3
2025-05-01,LAA,DET,14.0,4.0,10.0,2.2,7.0,2.5,5.7,3.0,5.0,5.8,4.0,4.8,3.0,4.55,3.0
2025-05-02,LAA,DET,10.0,1.0,9.0,2.2,6.8,2.7,6.4,3.0,5.35,6.6,4.4,5.5,3.3,4.8,3.2
2025-05-03,LAA,DET,7.0,5.0,2.0,2.2,7.6,2.3,6.9,2.85,5.55,7.0,4.6,5.8,3.0,5.1,3.05
2025-05-04,LAA,DET,14.0,1.0,13.0,3.2,7.0,2.5,6.2,2.55,5.6,6.4,4.0,6.0,3.3,4.85,3.0
2025-05-06,LAA,TOR,11.0,8.0,3.0,2.8,8.6,2.6,7.2,2.45,5.55,3.6,5.0,2.7,5.1,3.15,4.45
2025-05-07,LAA,TOR,9.0,5.0,4.0,3.8,7.4,3.0,7.2,2.65,5.65,3.8,4.6,2.9,5.4,3.25,4.75
2025-05-08,LAA,TOR,13.0,5.0,8.0,4.0,6.2,3.1,6.5,2.75,5.5,3.8,5.2,3.2,5.6,3.15,4.9
2025-05-09,LAA,BAL,5.0,1.0,4.0,4.8,6.0,3.5,6.8,3.0,5.7,2.2,6.8,2.6,6.3,3.25,6.25
2025-05-10,LAA,BAL,7.0,5.0,2.0,4.0,6.4,3.6,6.7,3.0,5.75,3.0,6.2,3.0,5.7,3.0,6.25
2025-05-11,LAA,BAL,10.0,3.0,7.0,4.8,4.2,3.8,6.4,3.1,5.6,2.2,5.0,2.8,5.9,2.8,6.4
2025-05-23,LAA,MIA,11.0,7.0,4.0,7.4,4.4,6.8,4.9,5.3,5.55,3.0,5.6,3.5,4.7,3.6,6.0
2025-05-24,LAA,MIA,8.0,2.0,6.0,7.6,4.4,6.6,4.8,5.45,5.25,3.8,6.2,3.7,5.0,3.5,6.0
2025-05-25,LAA,MIA,3.0,0.0,3.0,7.2,5.0,6.4,4.8,5.5,5.1,4.0,6.4,4.1,4.7,3.7,5.35
2025-05-26,LAA,NYY,6.0,1.0,5.0,5.8,4.6,6.3,4.6,5.25,5.15,5.0,2.2,4.9,2.2,5.9,3.2
2025-05-27,LAA,NYY,5.0,2.0,3.0,4.0,4.6,5.8,4.9,5.25,4.75,5.2,1.8,5.1,2.1,5.95,3.0
2025-05-28,LAA,NYY,1.0,0.0,1.0,2.4,4.2,4.9,4.3,4.95,4.75,5.6,2.2,4.8,2.1,5.95,3.1
2025-06-06,LAA,SEA,9.0,5.0,4.0,5.4,5.8,3.2,4.7,4.9,4.75,1.6,4.4,2.8,4.2,3.25,4.05
2025-06-07,LAA,SEA,14.0,8.0,6.0,5.6,6.4,3.5,4.5,4.95,4.65,2.4,3.6,3.0,3.8,3.3,4.0
2025-06-08,LAA,SEA,5.0,2.0,3.0,6.2,6.2,4.3,4.8,5.3,4.7,3.2,5.0,3.1,4.3,3.55,3.95
2025-06-09,LAA,ATH,11.0,7.0,4.0,6.2,6.0,4.4,4.6,5.1,4.75,5.8,4.2,5.4,6.8,4.3,6.9
2025-06-11,LAA,ATH,11.0,6.0,5.0,6.2,5.6,4.9,4.7,4.9,4.5,6.4,4.4,5.1,6.4,4.4,7.1
2025-06-21,LAA,HOU,10.0,9.0,1.0,3.4,5.2,4.0,4.6,3.75,4.55,7.6,3.0,6.0,3.0,5.05,3.6
2025-06-22,LAA,HOU,15.0,7.0,8.0,4.2,4.2,4.1,4.1,4.2,4.45,5.8,4.2,5.7,3.7,4.85,3.9
2025-06-23,LAA,BOS,14.0,9.0,5.0,5.2,3.6,4.6,4.6,4.5,4.6,3.4,5.2,3.2,3.3,4.35,4.35
2025-06-25,LAA,BOS,7.0,5.0,2.0,6.2,4.6,4.8,4.7,4.85,4.7,4.4,5.4,3.4,4.1,4.55,4.55
2025-06-27,LAA,WSN,24.0,9.0,15.0,6.6,4.6,4.7,4.4,5.1,4.75,5.4,5.4,4.4,5.5,3.45,5.15
2025-06-28,LAA,WSN,10.0,8.0,2.0,7.8,6.2,5.6,5.7,5.35,5.45,7.0,6.6,5.8,6.1,4.05,5.2
2025-07-07,LAA,TEX,11.0,6.0,5.0,4.4,2.8,6.1,4.5,5.05,4.55,6.2,2.0,4.4,3.2,4.8,3.15
2025-07-08,LAA,TEX,14.0,1.0,13.0,4.0,3.4,5.8,4.9,4.95,4.5,5.8,3.2,4.8,3.4,5.05,3.35
2025-07-09,LAA,TEX,19.0,11.0,8.0,3.4,6.0,5.2,5.4,4.9,5.0,6.4,3.0,5.5,3.3,5.45,3.4
2025-07-10,LAA,TEX,15.0,4.0,11.0,5.0,6.0,5.4,5.7,5.1,5.2,6.8,5.2,6.0,4.2,5.65,3.85
2025-07-11,LAA,ARI,11.0,6.0,5.0,4.8,8.0,5.3,6.6,5.0,5.5,3.4,2.8,4.1,3.5,5.05,4.3
2025-07-12,LAA,ARI,15.0,10.0,5.0,5.6,8.4,5.0,5.6,5.3,5.65,4.4,3.2,4.2,3.9,5.25,4.2
2025-07-13,LAA,ARI,6.0,1.0,5.0,6.4,8.4,5.2,5.9,5.55,5.6,4.2,4.6,3.9,4.7,5.05,4.45
2025-07-24,LAA,SEA,6.0,2.0,4.0,4.6,5.4,5.0,5.8,5.2,5.75,2.4,5.6,5.6,6.1,4.25,4.55
2025-07-26,LAA,SEA,9.0,2.0,7.0,4.0,4.4,4.8,5.1,5.05,5.85,2.0,5.8,5.7,5.3,4.15,4.4
2025-07-27,LAA,SEA,5.0,4.0,1.0,2.8,5.4,4.4,5.3,4.7,5.45,2.8,4.0,5.8,4.6,4.5,4.4
2025-07-28,LAA,TEX,10.0,6.0,4.0,2.6,4.2,3.8,4.9,4.5,5.4,6.2,1.8,5.0,1.6,5.9,2.7
2025-07-29,LAA,TEX,13.0,8.0,5.0,3.4,4.4,4.3,4.8,4.6,5.6,5.6,2.6,4.7,1.9,6.1,2.7
2025-07-30,LAA,TEX,9.0,3.0,6.0,4.4,4.2,4.5,4.8,4.85,5.45,5.4,3.8,4.7,2.6,6.0,3.1
2025-08-01,LAA,CHW,9.0,3.0,6.0,4.6,4.6,4.3,4.5,4.75,5.7,4.6,4.4,6.4,4.5,5.65,4.3
2025-08-02,LAA,CHW,1.0,0.0,1.0,4.8,4.4,3.8,4.9,4.8,5.85,5.6,3.8,6.3,4.6,5.85,4.15
2025-08-03,LAA,CHW,13.0,8.0,5.0,4.0,4.4,3.3,4.3,4.5,5.65,5.0,2.8,5.6,4.3,5.75,4.05
2025-08-04,LAA,TBR,6.0,5.0,1.0,4.4,4.6,3.9,4.5,4.85,5.25,2.6,4.4,3.1,5.0,3.55,4.35
2025-08-05,LAA,TBR,10.0,3.0,7.0,3.8,3.8,4.1,4.0,4.55,4.9,1.8,4.0,2.3,4.4,3.25,4.45
2025-08-06,LAA,TBR,9.0,4.0,5.0,3.8,4.0,4.2,4.3,4.5,4.7,2.4,3.2,2.8,4.0,3.45,4.4
2025-08-11,LAA,LAD,11.0,7.0,4.0,4.8,6.2,4.3,5.0,4.4,4.9,6.6,3.6,4.5,3.0,4.65,3.75
2025-08-13,LAA,LAD,11.0,6.0,5.0,5.6,5.6,4.7,4.8,4.5,4.65,5.0,3.8,4.7,3.2,4.5,3.7
2025-08-18,LAA,CIN,5.0,1.0,4.0,4.6,7.0,4.7,5.8,4.3,5.15,7.4,4.6,4.7,4.1,4.3,3.3
2025-08-19,LAA,CIN,10.0,4.0,6.0,3.8,6.0,4.3,6.1,4.2,5.05,5.4,3.2,4.6,4.1,4.25,3.35
2025-08-20,LAA,CIN,3.0,2.0,1.0,3.2,6.4,4.4,6.0,4.3,5.15,6.4,3.2,5.1,3.9,4.2,3.45
2025-08-22,LAA,CHC,5.0,2.0,3.0,2.4,5.6,4.2,5.6,4.3,4.85,3.0,3.8,2.9,2.9,2.95,2.95
2025-08-23,LAA,CHC,13.0,1.0,12.0,2.2,4.2,3.9,5.3,4.2,4.95,3.6,2.8,2.8,3.0,3.05,3.05
2025-08-24,LAA,CHC,7.0,3.0,4.0,2.0,5.2,3.3,6.1,3.95,5.35,4.8,2.2,3.9,2.9,3.5,2.9
2025-09-05,LAA,ATH,14.0,4.0,10.0,3.6,3.2,3.2,4.6,3.15,5.1,4.4,5.6,4.5,5.0,5.2,4.2
2025-09-06,LAA,ATH,21.0,4.0,17.0,3.8,5.2,3.2,5.6,3.0,5.4,5.8,4.6,5.3,5.1,5.6,4.25
2025-09-07,LAA,ATH,7.0,4.0,3.0,4.0,7.0,3.3,6.6,2.9,6.0,8.0,3.6,6.6,4.4,5.9,4.3
2025-09-08,LAA,MIN,15.0,3.0,12.0,3.8,7.4,3.4,4.9,2.95,5.65,3.8,5.8,4.4,6.5,4.7,6.7
2025-09-09,LAA,MIN,14.0,12.0,2.0,3.6,9.2,3.7,5.9,3.0,5.9,5.6,5.6,4.9,6.4,5.05,6.45
2025-09-10,LAA,MIN,7.0,4.0,3.0,5.4,8.8,4.5,6.0,3.55,5.8,4.4,5.8,4.8,6.4,4.75,7.0
2025-09-23,LAA,KCR,12.0,4.0,8.0,2.8,4.8,2.6,5.4,3.55,5.7,6.8,3.4,5.9,5.1,4.35,4.55
2025-09-24,LAA,KCR,5.0,3.0,2.0,3.2,4.6,2.6,5.9,3.6,6.1,7.0,3.2,6.5,5.2,4.75,4.5
2025-09-25,LAA,KCR,13.0,4.0,9.0,3.4,4.0,2.8,5.9,3.6,5.8,7.4,3.4,6.5,4.7,4.8,4.4
2025-09-26,LAA,HOU,7.0,4.0,3.0,3.0,4.4,2.9,6.3,3.55,6.2,3.8,5.8,3.9,5.1,4.65,4.65
2025-09-27,LAA,HOU,7.0,1.0,6.0,3.2,5.0,3.1,5.5,3.55,6.2,3.6,5.4,3.9,4.7,4.4,4.7
2025-04-25,LAD,PIT,3.0,0.0,3.0,4.2,3.6,3.7,4.3,4.15,4.2,4.4,4.0,3.9,3.1,3.5,4.35
2025-04-26,LAD,PIT,12.0,8.0,4.0,2.6,2.8,3.4,4.6,3.8,4.2,3.6,2.0,4.2,2.7,3.55,4.2
2025-04-27,LAD,PIT,11.0,9.0,2.0,3.6,3.6,4.2,3.4,3.9,4.35,4.4,3.0,3.6,3.2,3.7,4.3
2025-04-29,LAD,MIA,17.0,15.0,2.0,4.8,3.2,4.9,3.2,4.2,4.4,4.0,6.6,4.4,6.6,4.4,5.85
2025-04-30,LAD,MIA,19.0,12.0,7.0,7.6,3.6,5.9,3.1,4.65,4.25,3.6,9.0,4.4,7.5,4.3,6.5
2025-05-13,LAD,ATH,12.0,1.0,11.0,7.0,4.2,6.9,4.0,6.4,3.55,4.6,8.0,4.8,5.3,4.1,5.85
2025-05-14,LAD,ATH,12.0,9.0,3.0,5.2,6.2,5.8,4.4,6.15,4.0,6.2,7.2,5.2,5.3,4.5,5.65
2025-05-15,LAD,ATH,21.0,19.0,2.0,6.4,5.8,6.5,4.6,6.2,3.8,5.8,7.8,5.2,6.2,4.5,6.05
2025-05-16,LAD,LAA,8.0,2.0,6.0,7.4,4.0,7.4,4.5,7.0,3.9,4.4,5.0,4.2,5.7,3.35,5.95
2025-05-17,LAD,LAA,20.0,9.0,11.0,7.8,4.6,7.3,4.7,6.95,4.0,4.6,5.0,4.7,4.6,3.65,5.9
2025-05-18,LAD,LAA,10.0,4.0,6.0,8.0,6.6,7.5,5.4,7.35,4.55,6.2,5.4,5.0,5.2,4.0,6.2
2025-05-19,LAD,ARI,14.0,5.0,9.0,8.6,5.6,6.9,5.9,7.25,4.5,7.0,6.2,5.7,5.7,4.5,5.25
2025-05-21,LAD,ARI,4.0,3.0,1.0,7.8,6.8,7.1,6.3,7.5,4.8,7.6,5.2,6.1,5.9,4.85,5.1
2025-05-30,LAD,NYY,13.0,8.0,5.0,4.6,4.4,4.6,5.5,6.0,5.0,5.4,1.6,4.7,1.8,5.9,2.95
2025-05-31,LAD,NYY,20.0,18.0,2.0,5.8,4.4,5.2,5.4,6.25,5.05,3.8,3.0,4.4,2.4,5.9,3.0
2025-06-01,LAD,NYY,10.0,3.0,7.0,9.2,4.2,6.1,4.5,6.8,4.95,3.2,5.8,4.1,4.0,5.85,3.7
2025-06-04,LAD,NYM,7.0,1.0,6.0,8.4,5.2,6.0,4.6,6.45,5.25,5.4,4.0,4.2,2.7,3.7,3.2
2025-06-05,LAD,NYM,11.0,6.0,5.0,6.8,5.4,5.6,4.3,6.35,5.3,5.4,3.4,4.8,2.6,3.65,3.15
2025-06-13,LAD,SFG,8.0,2.0,6.0,2.8,4.6,5.0,4.8,4.8,5.15,6.0,5.0,4.5,3.5,3.4,3.25
2025-06-14,LAD,SFG,16.0,11.0,5.0,3.2,4.8,4.4,4.9,4.8,5.15,6.6,5.0,4.9,3.7,3.55,3.25
2025-06-15,LAD,SFG,9.0,5.0,4.0,5.2,5.4,3.7,5.2,4.9,4.85,6.8,6.6,5.4,4.7,3.75,3.65
2025-06-16,LAD,SDP,9.0,6.0,3.0,4.8,5.6,3.9,4.9,4.95,4.75,5.8,4.2,4.2,3.4,3.75,4.45
2025-06-17,LAD,SDP,14.0,8.0,6.0,5.8,4.0,4.4,4.6,5.0,4.45,4.2,5.2,4.0,3.4,3.9,4.6
2025-06-18,LAD,SDP,7.0,4.0,3.0,6.4,4.8,4.6,4.7,5.25,4.7,5.0,5.8,4.4,3.9,4.2,4.3
2025-06-19,LAD,SDP,8.0,3.0,5.0,6.8,4.2,5.0,4.5,5.35,4.6,5.4,5.6,4.5,4.3,4.25,4.45
2025-06-20,LAD,WSN,11.0,6.0,5.0,5.2,4.2,5.2,4.8,5.45,4.7,3.0,5.2,2.9,5.5,3.5,4.95
2025-06-21,LAD,WSN,10.0,3.0,7.0,5.4,4.4,5.1,5.0,5.4,4.85,3.4,5.6,3.4,5.6,3.65,5.1
2025-06-22,LAD,WSN,20.0,13.0,7.0,4.8,5.2,5.3,4.6,5.1,4.95,4.6,5.6,3.9,5.5,3.95,4.8
2025-07-01,LAD,CHW,7.0,6.0,1.0,5.2,3.2,6.0,4.7,5.5,4.6,3.0,2.4,3.1,3.7,3.2,4.25
2025-07-02,LAD,CHW,9.0,5.0,4.0,4.8,3.2,6.3,4.3,5.75,4.55,3.0,2.8,2.8,3.8,3.05,4.3
2025-07-03,LAD,CHW,8.0,6.0,2.0,5.2,3.8,6.2,4.2,5.65,4.6,2.4,3.2,2.5,4.2,2.9,4.45
2025-07-04,LAD,HOU,19.0,1.0,18.0,5.4,3.4,6.5,3.7,5.9,4.15,4.4,5.4,4.2,3.9,4.95,3.8
2025-07-05,LAD,HOU,10.0,4.0,6.0,4.6,5.2,5.3,4.8,5.7,4.95,7.4,3.2,5.2,3.3,5.75,3.65
2025-07-06,LAD,HOU,6.0,1.0,5.0,4.4,6.2,4.8,4.7,5.8,4.95,8.2,4.0,5.7,3.7,5.95,3.65
2025-07-18,LAD,MIL,2.0,0.0,2.0,2.4,5.2,3.4,5.7,4.7,5.2,6.8,2.2,5.0,3.1,6.6,3.5
2025-07-19,LAD,MIL,15.0,7.0,8.0,2.2,4.6,2.8,5.8,4.55,5.05,5.4,2.0,4.9,2.4,6.3,3.15
2025-07-20,LAD,MIL,11.0,5.0,6.0,3.4,4.4,3.0,6.2,4.6,5.2,6.4,3.2,5.5,2.8,5.85,3.2
2025-07-21,LAD,MIN,7.0,5.0,2.0,4.2,5.0,2.9,6.6,4.7,5.15,6.0,4.6,5.1,4.0,4.2,3.55
2025-07-22,LAD,MIN,17.0,7.0,10.0,3.8,3.8,3.3,5.0,4.3,4.9,4.0,4.8,4.7,4.0,4.05,3.5
2025-07-23,LAD,MIN,7.0,4.0,3.0,4.8,5.6,3.6,5.4,4.2,5.05,5.8,5.8,4.9,4.6,4.45,3.85
2025-08-04,LAD,STL,5.0,2.0,3.0,3.0,2.6,3.4,2.8,3.5,4.1,2.4,4.6,3.4,4.3,3.75,4.95
2025-08-05,LAD,STL,18.0,12.0,6.0,2.4,2.4,3.2,2.8,3.55,4.0,3.0,4.0,2.8,3.8,3.5,5.0
2025-08-06,LAD,STL,8.0,3.0,5.0,4.4,2.6,3.9,3.2,4.1,3.85,4.2,6.0,3.1,5.0,3.55,5.3
2025-08-08,LAD,TOR,6.0,5.0,1.0,4.0,3.6,4.0,3.3,4.2,3.95,10.4,3.4,7.5,6.5,6.75,4.85
2025-08-09,LAD,TOR,10.0,9.0,1.0,5.0,3.0,4.2,3.0,4.1,3.6,10.0,2.6,7.2,6.0,6.65,4.8
2025-08-10,LAD,TOR,9.0,4.0,5.0,6.2,3.2,4.6,2.9,4.45,3.6,9.4,4.0,6.9,5.8,6.5,5.25
2025-08-15,LAD,SDP,5.0,3.0,2.0,5.4,4.0,4.7,3.8,4.5,3.7,5.6,3.0,4.9,3.5,4.7,3.25
2025-08-16,LAD,SDP,6.0,6.0,0.0,5.0,4.2,5.0,3.6,4.4,3.7,5.6,1.6,4.7,3.7,4.7,3.35
2025-08-17,LAD,SDP,9.0,5.0,4.0,4.4,4.0,5.3,3.6,4.35,3.2,4.4,2.4,4.2,3.5,4.55,3.45
2025-08-25,LAD,CIN,7.0,7.0,0.0,4.4,4.4,5.0,3.6,4.85,3.7,3.6,3.6,5.5,4.1,4.1,3.7
2025-08-26,LAD,CIN,9.0,6.0,3.0,5.2,2.8,5.4,3.4,5.2,3.5,2.8,4.8,4.1,4.0,3.9,3.8
2025-08-27,LAD,CIN,6.0,5.0,1.0,4.6,2.4,5.4,3.7,5.35,3.65,2.2,5.2,4.3,4.2,3.8,4.0
2025-08-29,LAD,ARI,3.0,0.0,3.0,5.4,2.2,5.4,3.4,5.5,3.55,4.6,5.6,5.2,5.3,5.55,4.3
2025-08-30,LAD,ARI,7.0,1.0,6.0,5.2,1.8,5.1,3.3,4.9,3.4,5.0,4.4,4.8,4.3,5.4,4.1
2025-08-31,LAD,ARI,9.0,5.0,4.0,3.8,2.6,4.1,3.5,4.8,3.45,5.2,3.2,4.9,3.8,5.4,4.05
2025-09-08,LAD,COL,4.0,3.0,1.0,2.4,3.2,3.0,3.9,4.2,3.8,4.8,7.0,4.5,6.7,3.95,6.05
2025-09-09,LAD,COL,9.0,7.0,2.0,3.0,2.8,2.8,3.9,4.1,3.65,4.2,6.2,4.3,6.6,3.7,5.95
2025-09-10,LAD,COL,9.0,9.0,0.0,3.8,2.2,3.5,3.8,4.3,3.55,3.0,5.6,3.8,6.2,3.6,6.15
2025-09-16,LAD,PHI,15.0,6.0,9.0,8.4,2.4,5.4,2.8,4.75,3.15,7.2,5.0,6.3,3.8,5.55,4.35
2025-09-17,LAD,PHI,5.0,5.0,0.0,9.0,4.0,6.0,3.4,5.0,3.5,6.8,5.6,6.3,4.1,5.85,4.55
2025-09-18,LAD,SFG,3.0,2.0,1.0,8.6,3.6,6.2,2.9,5.2,3.25,3.6,8.4,4.7,5.9,6.3,5.25
2025-09-19,LAD,SFG,9.0,6.0,3.0,7.2,3.8,6.3,2.8,4.9,3.2,3.2,7.8,4.0,5.9,6.15,5.2
2025-09-20,LAD,SFG,12.0,7.0,5.0,5.8,3.0,6.6,2.7,4.85,3.35,2.4,6.4,4.1,6.2,6.05,5.4
2025-09-21,LAD,SFG,4.0,1.0,3.0,5.2,3.6,6.8,3.0,4.9,3.45,3.0,5.8,4.3,6.5,5.7,5.6
2025-04-23,MIA,CIN,7.0,2.0,5.0,5.2,6.0,5.4,6.3,4.35,5.35,8.6,4.8,6.8,3.8,5.15,3.4
2025-05-02,MIA,ATH,7.0,1.0,6.0,4.6,10.4,4.7,8.1,4.65,6.6,3.4,5.4,3.8,5.9,4.35,4.55
2025-05-03,MIA,ATH,15.0,9.0,6.0,3.2,10.8,4.6,8.0,4.5,6.9,4.0,3.6,4.3,4.6,4.15,4.4
2025-05-04,MIA,ATH,5.0,2.0,3.0,5.0,9.2,4.5,7.5,4.95,7.1,4.8,5.2,4.4,4.7,4.4,4.75
2025-05-05,MIA,LAD,11.0,4.0,7.0,4.2,8.4,4.1,7.5,4.8,6.75,8.4,3.4,6.6,3.3,5.2,4.1
2025-05-07,MIA,LAD,11.0,1.0,10.0,4.6,6.8,4.1,7.9,4.75,7.1,6.8,3.8,7.2,3.7,5.45,3.9
2025-05-16,MIA,TBR,13.0,9.0,4.0,2.8,3.2,3.2,4.8,3.9,6.4,5.0,4.2,4.3,4.6,2.8,3.8
2025-05-17,MIA,TBR,4.0,0.0,4.0,4.0,3.8,3.2,4.6,3.85,6.05,5.2,5.6,4.4,5.3,3.0,4.2
2025-05-18,MIA,TBR,6.0,5.0,1.0,3.6,3.8,3.0,4.7,3.55,6.1,5.6,4.8,4.1,4.8,3.2,4.0
2025-05-19,MIA,CHC,15.0,8.0,7.0,4.2,3.0,3.1,4.1,3.6,6.0,6.4,3.0,4.8,3.8,5.4,3.45
2025-05-20,MIA,CHC,15.0,1.0,14.0,5.0,3.4,3.8,3.8,3.9,6.1,6.8,3.8,5.4,4.3,5.4,3.55
2025-05-21,MIA,CHC,3.0,1.0,2.0,4.6,6.0,3.7,4.6,3.55,6.6,9.4,3.4,6.6,3.7,5.9,3.6
2025-05-30,MIA,SFG,2.0,0.0,2.0,5.8,5.0,4.4,5.3,3.8,4.95,1.6,3.0,2.3,3.0,3.6,3.4
2025-05-31,MIA,SFG,1.0,1.0,0.0,5.0,4.0,4.4,5.1,3.7,4.9,2.0,2.4,2.2,2.8,3.4,3.25
2025-06-01,MIA,SFG,6.0,2.0,4.0,4.0,3.6,4.0,5.0,3.55,4.55,1.4,2.2,2.1,2.6,2.95,3.15
2025-06-02,MIA,COL,10.0,4.0,6.0,3.8,4.4,3.4,4.7,3.6,4.25,1.8,4.4,2.2,5.3,2.85,6.4
2025-06-03,MIA,COL,5.0,2.0,3.0,3.4,4.0,3.7,3.9,3.7,4.25,2.8,4.6,2.3,4.8,3.15,5.55
2025-06-04,MIA,COL,5.0,2.0,3.0,1.8,3.0,3.8,4.0,3.65,4.35,3.2,4.6,2.6,4.8,2.85,5.5
2025-06-16,MIA,PHI,7.0,2.0,5.0,4.6,4.0,3.5,4.3,3.6,4.1,6.6,3.2,4.1,3.6,4.0,4.4
2025-06-17,MIA,PHI,11.0,8.0,3.0,4.4,4.6,3.5,4.5,3.65,4.25,6.8,2.0,4.5,3.6,4.15,4.5
2025-06-18,MIA,PHI,6.0,2.0,4.0,5.6,4.2,4.1,4.5,3.85,4.05,6.0,3.2,4.7,3.5,4.1,4.75
2025-06-19,MIA,PHI,3.0,1.0,2.0,3.8,3.2,4.0,4.5,3.65,4.15,5.2,3.6,4.7,3.2,4.1,4.6
2025-06-20,MIA,ATL,8.0,6.0,2.0,3.2,3.0,3.9,4.4,3.55,4.25,5.8,3.2,4.8,3.0,4.25,3.7
2025-06-21,MIA,ATL,7.0,0.0,7.0,3.8,3.2,4.2,3.6,3.55,3.95,3.8,3.6,4.8,3.3,4.2,3.75
2025-06-22,MIA,ATL,8.0,5.0,3.0,3.4,3.6,3.9,4.1,3.05,3.9,4.4,3.4,5.2,2.9,4.55,3.65
2025-07-01,MIA,MIN,2.0,2.0,0.0,7.2,4.4,5.3,4.0,4.4,4.25,4.2,3.0,4.2,6.7,4.55,6.95
2025-07-02,MIA,MIN,3.0,1.0,2.0,6.6,3.8,4.7,3.7,4.4,4.1,3.8,3.4,3.6,5.2,4.35,6.75
2025-07-03,MIA,MIN,5.0,4.0,1.0,6.0,3.8,4.6,3.5,4.3,4.0,2.2,3.4,3.8,4.4,4.25,6.55
2025-07-04,MIA,MIL,11.0,5.0,6.0,4.4,3.0,4.9,3.4,4.4,3.9,5.4,3.6,6.2,3.6,5.7,4.0
2025-07-05,MIA,MIL,6.0,4.0,2.0,3.6,2.6,4.8,3.8,4.5,3.7,4.6,3.4,5.9,4.1,5.95,3.9
2025-07-06,MIA,MIL,4.0,1.0,3.0,3.2,2.2,5.2,3.3,4.55,3.7,4.0,4.2,5.2,3.7,5.85,4.05
2025-07-19,MIA,KCR,4.0,3.0,1.0,4.2,3.8,4.8,3.3,4.85,3.35,3.0,3.8,4.1,3.4,3.4,3.8
2025-07-20,MIA,KCR,11.0,4.0,7.0,4.4,2.6,4.6,2.8,4.7,3.3,2.4,3.8,3.9,3.5,3.35,3.8
2025-07-21,MIA,SDP,3.0,1.0,2.0,5.2,2.8,4.6,3.3,4.9,3.3,4.6,2.6,3.7,3.2,3.3,3.55
2025-07-22,MIA,SDP,7.0,4.0,3.0,5.0,2.2,4.6,3.2,4.7,3.25,4.0,2.0,3.6,2.7,3.2,3.45
2025-07-23,MIA,SDP,5.0,3.0,2.0,4.6,2.8,4.5,3.4,4.7,3.3,4.4,2.4,3.8,3.1,3.3,3.65
2025-08-01,MIA,NYY,25.0,13.0,12.0,3.4,2.8,3.4,2.9,4.0,2.85,4.8,5.0,4.3,5.5,5.4,5.55
2025-08-02,MIA,NYY,2.0,2.0,0.0,4.6,4.4,4.3,3.4,4.45,3.35,6.4,5.8,5.1,6.6,5.75,5.9
2025-08-03,MIA,NYY,10.0,7.0,3.0,4.6,3.8,4.4,3.2,4.5,3.2,5.6,5.6,5.0,6.4,5.45,5.4
2025-08-04,MIA,HOU,10.0,2.0,8.0,5.8,3.0,4.7,3.2,4.6,3.3,4.2,4.0,3.2,5.5,3.75,4.8
2025-08-05,MIA,HOU,10.0,3.0,7.0,5.2,4.6,4.6,3.8,4.1,3.6,5.6,4.0,3.6,5.4,3.85,4.7
2025-08-06,MIA,HOU,10.0,6.0,4.0,5.4,6.0,4.4,4.4,4.15,3.6,5.6,3.8,4.1,5.2,3.95,4.8
2025-08-18,MIA,STL,11.0,3.0,8.0,5.6,5.0,4.4,5.2,4.55,5.05,4.0,6.6,3.7,4.9,3.4,4.95
2025-08-19,MIA,STL,11.0,4.0,7.0,3.6,5.8,4.2,5.9,4.65,5.1,5.6,6.6,4.0,4.9,3.75,4.95
2025-08-20,MIA,STL,8.0,6.0,2.0,3.6,5.4,4.5,5.9,4.6,5.45,6.0,6.2,4.2,5.3,4.0,4.7
2025-08-22,MIA,TOR,7.0,2.0,5.0,4.6,5.4,4.5,5.3,4.8,5.55,5.6,4.4,4.7,3.7,5.8,4.75
2025-08-24,MIA,TOR,8.0,5.0,3.0,4.0,5.0,4.6,5.1,4.25,5.2,3.8,4.4,4.7,3.5,5.85,4.05
2025-08-25,MIA,ATL,3.0,2.0,1.0,4.0,5.0,4.8,5.0,4.4,5.35,5.0,6.8,5.5,5.5,5.45,5.4
2025-08-26,MIA,ATL,13.0,2.0,11.0,3.8,3.6,3.7,4.7,4.15,5.25,3.0,5.2,5.2,5.4,5.45,5.35
2025-08-27,MIA,ATL,13.0,1.0,12.0,3.4,4.4,3.5,4.9,4.15,5.4,5.0,5.6,6.1,5.6,5.9,5.1
2025-09-05,MIA,PHI,12.0,3.0,9.0,4.6,5.2,4.4,7.3,4.6,6.15,3.6,3.6,4.8,4.9,5.3,4.75
2025-09-06,MIA,PHI,6.0,2.0,4.0,3.0,5.4,4.5,8.1,4.1,6.4,5.0,4.0,5.4,5.0,5.75,4.5
2025-09-07,MIA,PHI,9.0,5.0,4.0,2.4,6.0,4.5,7.4,4.0,6.15,5.6,3.8,5.5,3.9,5.85,4.45
2025-09-08,MIA,WSN,22.0,7.0,15.0,3.4,6.4,4.9,6.6,4.2,6.25,5.6,4.4,3.8,4.8,4.05,5.1
2025-09-09,MIA,WSN,12.0,5.0,7.0,4.4,8.4,4.9,7.7,4.3,6.65,7.6,5.4,5.1,4.4,4.7,5.45
2025-09-10,MIA,WSN,11.0,8.0,3.0,4.4,7.8,4.5,6.5,4.3,6.85,7.0,5.4,5.7,4.5,4.6,5.15
2025-09-11,MIA,WSN,5.0,5.0,0.0,5.4,6.6,4.2,6.0,4.55,6.6,6.6,4.8,5.9,4.9,4.7,5.15
2025-09-12,MIA,DET,10.0,8.0,2.0,6.0,5.8,4.2,5.9,4.6,6.25,7.2,3.6,6.5,4.9,5.55,4.85
2025-09-14,MIA,DET,2.0,0.0,2.0,6.6,5.4,5.0,5.9,4.7,6.25,6.4,5.2,6.2,5.7,5.6,4.85
2025-09-26,MIA,NYM,8.0,6.0,2.0,3.6,4.8,4.5,3.7,4.35,4.85,6.8,6.2,5.7,5.3,5.05,5.6
2025-09-27,MIA,NYM,5.0,0.0,5.0,3.0,3.8,4.6,3.9,4.4,4.9,4.8,6.2,5.6,5.1,4.65,5.5
2025-04-20,MIL,ATH,15.0,14.0,1.0,3.4,3.2,4.9,3.5,4.75,4.9,5.8,2.0,4.9,3.2,4.4,4.8
2025-05-02,MIL,CHC,10.0,0.0,10.0,5.0,4.2,4.7,4.2,4.65,3.8,5.6,3.4,6.0,5.0,6.3,3.95
2025-05-03,MIL,CHC,8.0,2.0,6.0,4.0,5.0,4.5,4.7,4.55,3.95,6.8,3.4,6.6,4.0,6.3,3.85
2025-05-04,MIL,CHC,4.0,4.0,0.0,3.0,6.0,3.6,5.0,4.3,4.25,7.2,1.8,7.0,3.8,6.45,3.9
2025-05-05,MIL,HOU,6.0,5.0,1.0,2.4,5.6,3.8,4.6,4.3,4.0,5.8,5.2,4.4,3.5,4.5,3.3
2025-05-06,MIL,HOU,7.0,4.0,3.0,2.2,5.0,3.8,4.1,4.45,3.8,4.4,5.2,4.0,3.9,3.85,3.4
2025-05-07,MIL,HOU,10.0,1.0,9.0,3.0,4.0,4.0,4.1,4.6,3.5,3.8,5.2,4.0,4.2,3.95,3.4
2025-05-16,MIL,MIN,3.0,0.0,3.0,3.0,3.4,3.2,3.4,3.4,4.2,4.6,2.2,5.1,2.3,4.95,2.6
2025-05-17,MIL,MIN,7.0,0.0,7.0,2.6,3.4,2.8,3.7,3.3,4.15,4.6,2.0,5.0,2.0,5.0,2.3
2025-05-18,MIL,MIN,7.0,5.0,2.0,1.8,4.4,2.3,4.3,3.05,4.2,5.6,1.8,5.2,1.6,5.15,2.2
2025-05-19,MIL,BAL,9.0,5.0,4.0,2.8,3.8,2.4,4.2,3.2,4.15,3.8,7.2,3.7,5.6,3.15,6.0
2025-05-20,MIL,BAL,7.0,5.0,2.0,3.8,4.2,2.8,3.7,3.2,4.05,3.4,6.6,3.9,5.6,3.25,5.95
2025-05-26,MIL,BOS,5.0,3.0,2.0,5.0,3.6,3.9,3.7,3.2,4.0,4.8,3.4,4.5,4.4,4.35,4.2
2025-06-06,MIL,SDP,2.0,0.0,2.0,7.2,3.2,6.0,3.2,4.5,3.35,3.2,4.0,4.0,4.7,4.15,5.1
2025-06-07,MIL,SDP,7.0,4.0,3.0,3.8,2.2,5.2,2.9,4.4,3.3,3.0,3.6,4.0,4.6,3.2,5.1
2025-06-08,MIL,SDP,1.0,0.0,1.0,3.6,2.4,5.5,3.0,4.4,3.35,3.6,3.4,4.2,4.3,3.2,4.85
2025-06-09,MIL,ATL,8.0,1.0,7.0,3.0,2.2,4.9,2.6,4.4,3.15,3.8,5.6,3.9,4.4,4.1,3.95
2025-06-10,MIL,ATL,5.0,4.0,1.0,2.8,2.8,4.7,3.1,4.45,3.4,4.6,4.2,4.2,4.0,4.25,3.75
2025-06-11,MIL,ATL,8.0,2.0,6.0,1.8,2.8,4.5,3.0,4.2,3.2,4.6,4.6,3.4,4.1,4.05,3.85
2025-06-12,MIL,STL,6.0,6.0,0.0,2.2,3.6,3.0,2.9,4.3,3.35,4.2,4.6,3.7,5.9,4.15,4.95
2025-06-13,MIL,STL,5.0,3.0,2.0,2.6,3.0,3.1,2.7,4.6,3.0,3.2,5.8,3.6,5.4,4.1,5.15
2025-06-14,MIL,STL,13.0,5.0,8.0,3.2,3.2,3.1,2.7,4.5,3.0,3.2,6.2,3.6,5.7,3.65,5.1
2025-06-15,MIL,STL,5.0,3.0,2.0,4.0,3.4,3.4,3.1,4.5,3.2,4.2,5.8,4.3,5.4,3.85,5.1
2025-06-23,MIL,PIT,9.0,4.0,5.0,9.2,5.2,6.5,4.4,5.5,3.7,3.4,5.6,3.7,4.1,3.6,3.4
2025-06-24,MIL,PIT,12.0,9.0,3.0,9.4,5.2,6.7,4.3,4.85,3.6,3.8,5.0,3.2,4.2,3.35,3.55
2025-06-25,MIL,PIT,6.0,4.0,2.0,9.6,4.4,7.0,4.6,5.05,3.65,4.0,5.0,3.3,4.8,3.4,3.85
2025-06-27,MIL,COL,16.0,10.0,6.0,7.0,3.6,7.1,4.6,5.1,3.65,3.2,5.4,5.3,5.3,4.6,6.05
2025-06-28,MIL,COL,5.0,5.0,0.0,7.2,4.8,7.6,4.4,5.5,3.75,3.8,6.4,4.9,6.2,4.75,6.45
2025-07-07,MIL,LAD,10.0,9.0,1.0,3.2,4.0,5.1,3.3,5.9,3.8,3.4,7.0,4.1,5.1,5.3,4.95
2025-07-08,MIL,LAD,4.0,3.0,1.0,4.4,2.8,5.1,3.1,6.05,3.85,2.6,8.0,3.9,5.9,5.1,5.2
2025-07-11,MIL,WSN,11.0,8.0,3.0,4.6,2.4,5.0,3.0,6.05,3.8,3.6,6.0,4.4,7.1,5.1,6.6
2025-07-12,MIL,WSN,11.0,6.0,5.0,5.0,2.0,4.8,2.7,6.2,3.55,3.6,5.6,4.5,7.1,5.05,6.7
2025-07-13,MIL,WSN,9.0,8.0,1.0,5.8,2.2,4.9,3.2,6.35,3.7,3.8,5.6,4.8,6.6,5.0,6.5
2025-07-25,MIL,MIA,6.0,1.0,5.0,6.0,3.0,5.7,2.5,5.4,2.8,3.0,3.0,3.6,3.4,4.25,3.15
2025-07-26,MIL,MIA,11.0,4.0,7.0,4.6,2.6,5.5,2.9,5.25,2.95,3.4,3.0,3.9,2.8,4.05,2.8
2025-07-27,MIL,MIA,5.0,3.0,2.0,4.2,3.0,5.1,3.3,4.95,3.0,4.0,2.4,4.6,2.6,4.1,2.8
2025-07-28,MIL,CHC,12.0,8.0,4.0,3.6,3.4,4.8,3.0,4.85,3.1,5.2,5.0,4.5,4.5,4.95,4.4
2025-07-29,MIL,CHC,12.0,9.0,3.0,5.2,4.0,4.8,3.3,4.9,3.2,4.8,6.6,4.5,5.2,4.9,4.7
2025-07-30,MIL,CHC,13.0,3.0,10.0,5.0,4.2,5.5,3.6,5.2,3.0,4.6,6.8,4.4,6.0,4.8,4.95
2025-08-08,MIL,NYM,5.0,3.0,2.0,7.4,2.4,7.6,4.0,6.35,3.65,3.8,6.0,4.1,4.9,4.1,4.4
2025-08-09,MIL,NYM,11.0,7.0,4.0,6.4,2.4,7.6,4.0,6.2,3.5,4.2,5.6,3.5,5.1,4.05,4.2
2025-08-10,MIL,NYM,13.0,7.0,6.0,5.0,2.6,7.5,4.0,6.15,3.65,2.6,5.8,3.7,5.7,3.85,4.4
2025-08-11,MIL,PIT,8.0,7.0,1.0,5.8,3.6,7.3,4.3,6.4,3.95,4.2,4.4,5.7,6.4,4.9,5.15
2025-08-12,MIL,PIT,14.0,14.0,0.0,5.8,3.4,7.7,3.4,6.35,3.65,4.0,5.0,4.2,5.4,4.9,5.0
2025-08-13,MIL,PIT,17.0,12.0,5.0,7.6,2.6,7.5,2.5,6.75,3.4,2.6,7.8,3.7,6.0,4.7,5.2
2025-08-22,MIL,SFG,9.0,5.0,4.0,3.8,3.0,6.9,3.5,7.2,3.75,3.4,5.0,2.7,5.4,3.7,4.95
2025-08-23,MIL,SFG,8.0,1.0,7.0,3.4,3.8,6.7,3.3,7.0,3.8,2.8,5.8,3.0,5.5,3.65,4.9
2025-08-24,MIL,SFG,7.0,3.0,4.0,2.8,4.0,6.1,3.9,6.9,3.65,3.4,5.4,3.6,5.1,3.95,4.8
2025-08-25,MIL,ARI,12.0,7.0,5.0,3.2,4.0,5.0,4.3,6.25,3.4,4.6,4.2,5.0,4.3,5.05,4.5
2025-08-26,MIL,ARI,17.0,9.0,8.0,4.0,4.2,4.5,4.3,6.2,3.55,4.6,4.4,5.2,4.8,5.2,4.25
2025-08-27,MIL,ARI,5.0,2.0,3.0,5.0,5.6,4.4,4.3,5.95,3.8,6.0,5.6,5.4,5.3,5.5,4.35
2025-08-28,MIL,ARI,10.0,4.0,6.0,4.4,5.4,3.9,4.6,5.9,3.9,5.4,5.0,4.9,5.3,5.6,4.2
2025-09-01,MIL,PHI,18.0,8.0,10.0,4.2,4.0,4.6,4.8,5.75,4.15,5.4,4.0,5.4,4.6,5.0,4.5
2025-09-03,MIL,PHI,9.0,6.0,3.0,5.4,5.4,4.9,5.4,5.8,4.35,6.4,4.4,5.3,5.2,5.3,4.8
2025-09-04,MIL,PHI,2.0,0.0,2.0,5.8,4.8,5.4,5.0,5.75,4.45,7.0,4.4,5.2,5.3,5.25,5.05
2025-09-12,MIL,STL,10.0,8.0,2.0,4.2,3.8,4.4,4.4,4.5,4.25,2.8,4.4,3.2,4.4,3.95,4.75
2025-09-14,MIL,STL,5.0,2.0,3.0,5.0,4.0,4.8,3.8,4.7,4.3,2.8,4.4,3.0,5.0,3.65,5.0
2025-09-16,MIL,LAA,11.0,9.0,2.0,3.4,4.2,4.2,3.1,4.55,4.25,4.4,4.6,4.0,6.9,3.6,5.75
2025-09-17,MIL,LAA,11.0,9.0,2.0,5.2,3.6,4.5,3.0,4.95,4.0,2.4,6.0,3.9,7.4,3.55,6.0
2025-09-18,MIL,LAA,7.0,5.0,2.0,6.2,3.0,5.4,3.0,5.25,3.9,2.0,7.2,3.7,7.3,3.45,6.45
2025-09-26,MIL,CIN,4.0,1.0,3.0,2.0,4.4,4.1,3.7,4.3,3.8,3.6,2.4,4.0,3.0,4.35,4.3
2025-09-27,MIL,CIN,11.0,4.0,7.0,1.2,4.6,3.9,3.4,4.15,3.9,2.8,1.8,3.9,2.4,4.25,4.15
2025-04-22,MIN,CHW,6.0,4.0,2.0,3.2,4.8,3.3,3.9,3.2,4.15,2.8,5.8,3.3,5.3,2.95,4.65
2025-04-23,MIN,CHW,9.0,6.0,3.0,3.8,4.2,3.3,4.1,3.25,4.0,3.0,6.0,3.4,5.1,3.05,4.8
2025-04-25,MIN,LAA,15.0,11.0,4.0,3.8,4.2,3.7,4.1,3.5,3.9,2.8,4.4,2.3,4.1,3.95,4.65
2025-04-26,MIN,LAA,6.0,5.0,1.0,5.2,3.8,4.2,3.8,3.95,3.65,3.2,6.0,2.4,4.5,4.0,5.1
2025-04-27,MIN,LAA,5.0,5.0,0.0,5.6,3.2,4.7,3.5,4.2,3.25,2.4,6.2,2.5,4.6,3.8,4.75
2025-05-06,MIN,BAL,10.0,9.0,1.0,2.6,3.8,5.1,2.8,4.2,3.45,3.4,6.8,2.8,5.5,3.4,6.25
2025-05-07,MIN,BAL,7.0,5.0,2.0,4.2,3.6,5.4,2.6,4.55,3.35,3.0,5.6,2.7,6.3,3.45,6.25
2025-05-08,MIN,BAL,7.0,5.0,2.0,4.8,3.2,4.8,2.4,4.5,3.1,2.4,5.8,2.6,6.4,3.3,6.3
2025-05-09,MIN,SFG,4.0,3.0,1.0,5.6,2.4,4.8,2.5,4.75,3.0,4.8,3.2,4.0,3.6,4.0,3.85
2025-05-10,MIN,SFG,3.0,2.0,1.0,5.4,2.0,4.6,2.6,4.65,3.0,4.2,3.8,3.8,3.7,3.5,3.8
2025-05-19,MIN,CLE,11.0,6.0,5.0,4.8,2.2,4.5,2.0,4.95,2.3,2.6,4.2,3.3,3.7,3.85,4.7
2025-05-21,MIN,CLE,6.0,1.0,5.0,4.4,2.0,4.6,2.3,4.7,2.35,3.2,5.4,3.0,3.7,3.95,4.65
2025-05-23,MIN,KCR,4.0,3.0,1.0,3.8,3.0,4.2,2.6,4.5,2.55,3.0,2.0,3.0,3.4,3.8,2.95
2025-05-24,MIN,KCR,9.0,5.0,4.0,3.8,3.2,4.2,2.6,4.4,2.6,3.2,2.4,3.0,3.4,3.7,3.1
2025-06-06,MIN,TOR,10.0,4.0,6.0,6.0,4.8,4.4,4.3,4.3,3.45,6.0,4.2,5.7,3.1,4.5,3.4
2025-06-07,MIN,TOR,9.0,4.0,5.0,6.6,5.6,4.5,4.8,4.35,3.7,5.6,3.6,6.1,3.4,4.65,3.55
2025-06-08,MIN,TOR,9.0,6.0,3.0,5.4,5.8,4.4,4.9,4.45,3.9,5.0,3.6,6.6,3.6,4.75,3.35
2025-06-10,MIN,TEX,20.0,4.0,16.0,4.6,5.8,4.8,4.5,4.45,3.9,3.2,2.6,3.6,2.4,3.15,2.95
2025-06-11,MIN,TEX,8.0,6.0,2.0,4.2,8.8,4.8,5.9,4.25,4.4,5.6,2.4,5.2,2.6,3.7,3.1
2025-06-12,MIN,TEX,19.0,3.0,16.0,4.8,6.4,5.4,5.6,4.35,4.5,5.4,2.8,4.3,3.1,3.65,3.2
2025-06-20,MIN,MIL,23.0,6.0,17.0,5.0,8.0,4.9,7.2,4.65,5.75,4.4,4.8,3.5,3.9,4.5,3.45
2025-06-21,MIN,MIL,9.0,0.0,9.0,5.6,8.2,5.1,8.3,4.8,6.55,7.2,5.6,5.2,4.4,5.05,3.5
2025-06-22,MIN,MIL,17.0,8.0,9.0,5.0,8.0,4.7,8.7,4.55,6.8,8.0,4.0,6.0,3.7,5.35,3.4
2025-06-23,MIN,SEA,13.0,2.0,11.0,6.2,9.2,4.9,9.3,4.85,6.9,7.8,4.6,5.8,3.5,4.55,4.15
2025-06-24,MIN,SEA,11.0,5.0,6.0,5.6,10.2,4.7,8.8,4.75,7.35,8.4,5.0,6.7,3.2,4.65,4.2
2025-06-25,MIN,SEA,2.0,2.0,0.0,4.2,10.4,4.6,9.2,5.0,7.4,9.4,5.4,6.6,3.5,4.95,4.0
2025-06-26,MIN,SEA,11.0,10.0,1.0,3.4,7.0,4.5,7.6,5.05,7.3,7.6,5.0,6.2,3.4,4.85,4.05
2025-07-04,MIN,TBR,7.0,4.0,3.0,1.6,4.0,3.1,3.9,4.0,6.6,6.0,8.2,5.3,5.4,5.8,4.8
2025-07-05,MIN,TBR,11.0,6.0,5.0,1.4,2.6,3.3,3.1,4.0,5.95,5.0,4.6,4.8,5.5,5.9,4.85
2025-07-08,MIN,CHC,9.0,8.0,1.0,2.6,3.0,3.4,3.0,4.0,6.1,7.6,3.4,6.5,2.9,5.65,4.8
2025-07-09,MIN,CHC,6.0,4.0,2.0,4.2,2.8,4.0,3.1,4.25,5.35,6.8,4.6,5.8,3.7,5.6,4.85
2025-07-10,MIN,CHC,9.0,1.0,8.0,4.6,3.0,3.4,3.2,4.3,4.95,6.2,4.6,5.7,4.1,5.55,4.95
2025-07-11,MIN,PIT,3.0,2.0,1.0,4.6,3.8,3.1,3.9,4.25,5.2,1.8,3.8,3.4,2.6,3.95,3.7
2025-07-12,MIN,PIT,16.0,12.0,4.0,4.2,3.4,2.8,3.0,4.1,4.95,2.0,4.0,2.3,2.7,3.85,3.45
2025-07-13,MIN,PIT,3.0,1.0,2.0,5.4,3.2,4.0,3.1,4.1,4.9,2.8,6.2,2.0,3.9,3.95,3.6
2025-07-25,MIN,WSN,1.0,1.0,0.0,5.6,5.4,4.8,4.8,4.1,4.0,4.2,4.8,3.3,6.1,4.55,6.65
2025-07-26,MIN,WSN,12.0,3.0,9.0,4.6,3.4,4.8,4.0,3.95,3.95,3.4,4.6,3.2,5.4,3.8,6.25
2025-07-27,MIN,WSN,9.0,2.0,7.0,3.8,5.0,4.9,4.8,3.85,3.9,5.0,3.6,3.8,4.9,4.15,6.0
2025-07-28,MIN,BOS,9.0,5.0,4.0,3.8,5.4,3.9,5.1,3.95,4.1,3.4,3.0,2.8,3.0,5.5,3.3
2025-07-29,MIN,BOS,13.0,5.0,8.0,2.8,4.8,4.3,5.3,4.2,4.2,3.0,3.8,2.7,3.1,5.05,3.25
2025-07-30,MIN,BOS,14.0,1.0,13.0,3.2,5.6,4.4,5.5,4.35,4.55,4.4,4.0,3.4,3.6,5.2,3.35
2025-08-08,MIN,KCR,13.0,9.0,4.0,5.4,4.4,4.3,6.3,4.55,5.15,5.0,4.8,5.7,5.1,5.05,4.5
2025-08-09,MIN,KCR,2.0,0.0,2.0,6.4,4.2,4.9,5.8,4.9,5.3,4.0,6.0,5.3,5.6,4.8,4.8
2025-08-15,MIN,DET,7.0,0.0,7.0,3.2,4.4,4.3,4.4,4.1,5.1,4.4,4.4,4.1,4.7,4.7,4.75
2025-08-16,MIN,DET,13.0,5.0,8.0,1.4,5.0,3.9,4.6,3.75,5.4,5.0,3.0,4.8,4.5,5.0,4.45
2025-08-17,MIN,DET,9.0,8.0,1.0,2.4,6.2,3.9,5.0,3.9,5.55,4.8,3.0,5.0,4.7,5.2,4.15
2025-08-19,MIN,ATH,9.0,3.0,6.0,3.6,5.2,4.4,4.5,3.8,5.25,5.8,4.0,5.2,3.0,5.9,3.2
2025-08-21,MIN,ATH,11.0,3.0,8.0,4.0,4.6,4.1,4.8,3.8,5.35,6.2,3.2,5.7,3.1,5.45,3.2
2025-08-29,MIN,SDP,11.0,7.0,4.0,4.4,7.8,5.0,6.9,4.45,5.75,4.6,5.6,4.9,3.9,4.4,3.8
2025-08-30,MIN,SDP,15.0,3.0,12.0,5.2,7.2,5.2,6.5,4.55,5.75,4.4,6.8,5.0,4.2,4.5,3.85
2025-08-31,MIN,SDP,9.0,7.0,2.0,5.8,8.0,4.7,7.6,4.55,6.05,6.4,5.8,5.7,4.4,4.95,3.9
2025-09-01,MIN,CHW,11.0,5.0,6.0,6.4,6.4,5.1,7.2,4.6,6.0,2.8,7.8,4.3,5.2,4.4,5.15
2025-09-02,MIN,CHW,15.0,3.0,12.0,6.0,6.6,5.3,7.0,4.4,6.1,3.2,7.8,4.9,5.6,4.65,5.25
2025-09-03,MIN,CHW,7.0,3.0,4.0,5.0,7.2,4.7,7.5,4.1,6.5,5.4,6.0,5.4,5.0,4.95,5.2
2025-09-04,MIN,CHW,19.0,8.0,11.0,4.2,7.2,4.7,7.2,4.25,6.6,5.4,4.6,5.1,5.0,5.1,5.25
2025-09-12,MIN,ARI,17.0,9.0,8.0,4.8,6.2,4.4,6.6,4.75,6.9,4.4,5.4,4.9,4.1,4.85,4.2
2025-09-14,MIN,ARI,10.0,4.0,6.0,6.2,5.6,4.8,6.8,5.05,6.9,5.0,7.0,5.1,4.9,5.0,4.35
2025-09-15,MIN,NYY,7.0,7.0,0.0,6.0,6.6,4.9,6.2,4.8,6.85,4.6,4.8,4.1,5.1,5.55,4.55
2025-09-16,MIN,NYY,19.0,9.0,10.0,5.0,6.0,5.3,5.8,5.0,6.5,4.4,4.0,3.3,5.4,5.5,4.3
2025-09-17,MIN,NYY,15.0,5.0,10.0,6.4,5.6,5.4,5.7,5.45,6.6,4.6,5.2,4.2,5.6,5.65,4.65
2025-09-19,MIN,CLE,8.0,2.0,6.0,6.8,6.8,5.8,6.5,5.5,6.6,3.4,0.8,3.7,1.3,4.1,2.45
2025-09-20,MIN,CLE,6.0,0.0,6.0,5.4,6.4,5.8,6.0,5.25,6.65,3.8,1.2,4.1,1.4,4.25,2.55
2025-09-20,MIN,CLE,6.0,0.0,6.0,5.4,6.4,5.8,6.0,5.25,6.65,4.4,1.0,3.7,1.2,4.3,2.35
2025-09-20,MIN,CLE,8.0,0.0,8.0,4.6,6.4,5.3,6.5,4.85,6.5,3.8,1.2,4.1,1.4,4.25,2.55
2025-09-20,MIN,CLE,8.0,0.0,8.0,4.6,6.4,5.3,6.5,4.85,6.5,4.4,1.0,3.7,1.2,4.3,2.35
2025-09-21,MIN,CLE,8.0,6.0,2.0,3.2,8.0,4.1,7.0,4.5,6.7,5.4,0.6,4.3,1.2,4.5,2.2
2025-04-22,NYM,PHI,6.0,5.0,1.0,4.8,2.6,4.8,2.9,4.3,2.65,6.4,6.4,4.6,5.6,4.65,4.6
2025-04-29,NYM,ARI,11.0,8.0,3.0,7.4,3.8,6.1,3.2,5.1,3.05,5.2,6.4,5.8,4.8,5.15,4.65
2025-04-30,NYM,ARI,7.0,3.0,4.0,8.0,4.2,6.5,3.4,5.35,3.1,3.6,5.4,5.6,5.2,4.95,4.8
2025-05-01,NYM,ARI,6.0,2.0,4.0,7.8,4.0,6.3,3.4,5.4,3.25,4.0,4.8,5.5,5.3,4.95,4.8
2025-05-09,NYM,CHC,9.0,7.0,2.0,4.4,4.2,6.3,4.0,5.4,3.65,5.2,2.2,5.4,2.8,5.9,3.9
2025-05-10,NYM,CHC,11.0,5.0,6.0,4.8,3.4,5.1,3.7,5.6,3.45,3.6,3.6,5.2,3.5,5.5,3.95
2025-05-11,NYM,CHC,8.0,6.0,2.0,5.0,3.6,4.8,4.0,5.65,3.7,3.6,4.2,5.4,3.0,5.7,3.9
2025-05-12,NYM,PIT,7.0,4.0,3.0,5.2,3.2,5.1,3.8,5.7,3.6,2.2,3.6,2.3,4.4,2.75,4.5
2025-05-13,NYM,PIT,3.0,2.0,1.0,5.8,2.8,5.3,3.7,5.75,3.75,2.2,3.2,2.2,4.5,2.85,4.7
2025-05-14,NYM,PIT,4.0,0.0,4.0,4.8,2.8,4.6,3.5,5.5,3.6,2.2,3.2,2.0,3.9,2.55,4.3
2025-05-24,NYM,LAD,7.0,5.0,2.0,2.2,3.2,2.5,3.2,3.65,3.6,4.6,6.6,6.0,5.3,7.25,4.65
2025-05-25,NYM,LAD,4.0,3.0,1.0,2.6,3.2,2.4,3.2,3.75,3.5,4.6,6.4,6.2,5.5,6.9,4.8
2025-05-26,NYM,CHW,3.0,2.0,1.0,2.8,1.8,2.3,3.0,3.8,3.35,4.8,3.4,3.4,5.5,3.15,4.7
2025-05-27,NYM,CHW,10.0,6.0,4.0,3.0,1.4,2.3,3.0,3.45,3.25,4.8,3.8,3.4,5.0,2.85,4.65
2025-05-28,NYM,CHW,13.0,4.0,9.0,4.2,1.8,2.9,3.0,3.5,3.15,4.6,3.8,3.5,4.3,2.9,4.55
2025-05-30,NYM,COL,6.0,4.0,2.0,4.0,3.4,3.1,3.3,3.5,3.35,2.0,5.0,2.2,5.3,3.1,7.25
2025-05-31,NYM,COL,10.0,8.0,2.0,3.8,3.4,3.2,3.3,3.45,3.25,1.8,5.4,2.4,5.6,3.1,6.95
2025-06-01,NYM,COL,8.0,5.0,3.0,4.8,3.6,3.8,2.7,3.8,3.1,2.0,4.4,2.3,5.5,3.15,6.8
2025-06-11,NYM,WSN,5.0,5.0,0.0,7.2,3.0,6.3,3.5,4.3,3.25,1.4,3.2,4.0,4.1,4.1,4.1
2025-06-12,NYM,WSN,7.0,4.0,3.0,7.0,2.8,6.2,3.1,4.55,3.05,1.0,4.2,3.1,4.6,3.85,4.15
2025-06-13,NYM,TBR,12.0,5.0,7.0,6.8,2.2,6.2,2.5,4.65,2.9,3.0,3.0,4.2,2.6,5.1,2.35
2025-06-14,NYM,TBR,12.0,4.0,8.0,7.0,3.2,6.3,3.0,4.75,3.15,3.6,3.4,4.8,2.9,5.3,2.4
2025-06-15,NYM,TBR,9.0,0.0,9.0,6.2,4.6,5.9,3.6,4.85,3.15,4.4,3.6,4.0,3.0,5.55,2.5
2025-06-23,NYM,ATL,5.0,2.0,3.0,3.0,6.6,3.3,6.0,4.8,4.75,4.8,2.4,4.8,3.3,4.5,3.65
2025-06-24,NYM,ATL,11.0,4.0,7.0,3.4,6.2,3.0,6.3,4.6,4.7,4.4,2.8,5.0,3.1,4.2,3.6
2025-06-25,NYM,ATL,10.0,7.0,3.0,4.0,6.2,3.0,6.7,4.6,4.6,4.4,3.4,5.1,3.3,4.5,3.55
2025-06-26,NYM,ATL,4.0,4.0,0.0,5.0,4.8,3.2,6.3,4.75,4.65,4.6,3.6,4.2,3.6,4.4,3.9
2025-07-02,NYM,MIL,9.0,2.0,7.0,3.0,6.6,3.5,6.4,3.95,5.55,6.4,3.2,7.8,4.2,5.3,3.7
2025-07-02,NYM,MIL,9.0,2.0,7.0,3.0,6.6,3.5,6.4,3.95,5.55,7.0,2.6,8.2,3.9,5.65,3.7
2025-07-02,NYM,MIL,10.0,7.0,3.0,2.0,7.4,3.5,6.1,3.85,5.8,6.4,3.2,7.8,4.2,5.3,3.7
2025-07-02,NYM,MIL,10.0,7.0,3.0,2.0,7.4,3.5,6.1,3.85,5.8,7.0,2.6,8.2,3.9,5.65,3.7
2025-07-03,NYM,MIL,5.0,3.0,2.0,2.6,8.0,3.1,6.0,3.8,5.9,5.8,3.4,7.7,3.9,5.6,3.9
2025-07-04,NYM,NYY,11.0,6.0,5.0,3.0,6.6,3.3,5.5,3.3,5.75,7.0,8.2,5.0,5.7,4.55,4.15
2025-07-05,NYM,NYY,18.0,12.0,6.0,3.8,5.8,3.7,5.7,3.35,6.0,5.6,8.4,5.1,6.1,4.3,4.35
2025-07-06,NYM,NYY,10.0,4.0,6.0,6.0,4.6,4.5,5.6,3.75,6.15,6.0,9.8,5.6,6.7,4.3,4.8
2025-07-18,NYM,CIN,12.0,4.0,8.0,3.4,3.4,4.9,3.9,4.2,5.0,4.6,2.0,3.7,4.1,4.05,4.35
2025-07-19,NYM,CIN,7.0,2.0,5.0,4.0,4.4,4.6,4.4,3.85,5.2,4.8,2.4,3.6,3.9,4.4,4.25
2025-07-20,NYM,CIN,5.0,3.0,2.0,3.8,4.0,4.5,4.7,3.9,5.1,4.6,2.8,4.0,3.6,4.45,4.3
2025-07-21,NYM,LAA,12.0,7.0,5.0,2.8,3.8,4.2,4.4,3.95,5.05,6.0,5.2,5.8,6.8,5.95,5.65
2025-07-22,NYM,LAA,5.0,3.0,2.0,3.6,4.6,3.7,4.3,4.1,4.95,5.0,5.6,5.7,7.0,5.75,5.95
2025-07-23,NYM,LAA,9.0,6.0,3.0,3.8,4.4,3.6,3.9,3.9,4.9,5.2,5.2,5.8,6.0,5.5,5.7
2025-08-02,NYM,SFG,18.0,12.0,6.0,2.8,4.6,4.1,3.6,4.3,4.15,2.2,4.8,4.3,5.0,4.05,4.85
2025-08-03,NYM,SFG,16.0,4.0,12.0,4.8,5.6,5.0,4.0,4.6,4.2,3.2,5.6,4.6,5.6,4.0,5.35
2025-08-05,NYM,CLE,5.0,2.0,3.0,4.6,7.4,4.7,4.7,4.2,4.5,6.0,4.2,4.9,3.8,4.95,3.65
2025-08-06,NYM,CLE,5.0,1.0,4.0,3.8,6.6,4.6,4.8,4.1,4.35,5.4,3.0,4.6,3.7,5.05,3.65
2025-08-12,NYM,ATL,18.0,13.0,5.0,3.0,4.8,3.8,6.1,4.0,4.7,6.2,3.8,4.4,3.9,4.7,5.65
2025-08-13,NYM,ATL,17.0,6.0,11.0,5.2,5.2,4.5,5.9,4.55,4.8,5.6,5.2,4.7,4.9,4.6,6.15
2025-08-14,NYM,ATL,7.0,3.0,4.0,6.2,6.6,5.0,6.3,4.65,4.95,7.6,5.4,5.4,5.3,4.7,5.85
2025-08-15,NYM,SEA,20.0,9.0,11.0,6.4,6.8,5.3,6.2,4.7,4.9,4.0,3.2,4.8,3.4,3.85,3.5
2025-08-16,NYM,SEA,4.0,3.0,1.0,7.4,7.6,5.0,6.7,5.0,5.35,4.8,4.2,5.5,4.0,4.4,3.65
2025-08-17,NYM,SEA,10.0,7.0,3.0,6.8,6.4,4.9,5.6,4.8,5.15,3.8,4.2,5.1,3.9,4.4,3.8
2025-08-25,NYM,PHI,16.0,13.0,3.0,6.2,5.4,6.1,4.7,5.55,5.5,6.0,3.4,6.1,4.0,5.15,3.4
2025-08-26,NYM,PHI,11.0,6.0,5.0,8.0,5.0,7.1,4.6,6.2,5.4,5.4,5.2,6.2,5.0,5.2,4.05
2025-08-27,NYM,PHI,6.0,6.0,0.0,8.6,4.2,6.8,4.0,5.9,5.35,4.2,6.0,6.1,5.4,4.8,4.2
2025-08-28,NYM,MIA,11.0,4.0,7.0,7.4,2.8,7.1,3.9,6.0,4.75,2.4,6.4,3.5,5.9,4.05,5.65
2025-08-29,NYM,MIA,28.0,19.0,9.0,6.4,3.8,6.8,4.3,6.1,4.95,3.4,6.2,3.7,5.6,4.1,5.65
2025-08-30,NYM,MIA,19.0,8.0,11.0,9.6,4.8,7.9,5.1,7.0,5.2,4.2,9.4,4.1,7.2,4.25,6.2
2025-08-31,NYM,MIA,6.0,1.0,5.0,8.6,6.4,8.3,5.7,7.3,5.6,6.0,10.8,4.9,7.2,4.55,6.55
2025-09-12,NYM,TEX,11.0,3.0,8.0,2.4,6.0,4.4,5.9,6.25,5.6,4.0,4.0,4.6,3.8,5.35,3.45
2025-09-13,NYM,TEX,5.0,2.0,3.0,2.6,7.0,3.7,5.9,5.8,5.65,5.6,2.4,4.9,3.9,5.6,3.4
2025-09-16,NYM,SDP,11.0,8.0,3.0,3.0,7.4,2.7,5.7,5.45,5.7,5.0,3.0,5.0,3.8,4.8,4.65
2025-09-17,NYM,SDP,11.0,4.0,7.0,4.0,6.2,3.3,5.4,5.7,5.65,5.4,4.2,4.8,3.9,4.7,5.0
2025-09-18,NYM,SDP,7.0,6.0,1.0,4.2,5.4,3.2,5.7,5.25,5.85,6.4,5.0,5.5,4.0,4.95,4.8
2025-09-19,NYM,WSN,18.0,12.0,6.0,4.6,4.4,3.5,5.2,5.25,5.65,3.0,6.8,4.6,6.4,4.2,5.6
2025-09-21,NYM,WSN,5.0,2.0,3.0,6.4,4.0,4.5,5.5,5.55,5.95,4.0,8.2,3.7,6.9,4.4,5.65
2025-04-25,NYY,TOR,6.0,2.0,4.0,3.2,2.0,3.8,2.4,5.0,3.55,1.6,4.8,3.1,4.2,3.5,3.65
2025-04-27,NYY,TOR,13.0,11.0,2.0,3.4,2.8,3.6,2.3,4.5,3.6,1.8,5.0,2.9,4.3,3.3,3.65
2025-04-27,NYY,TOR,13.0,11.0,2.0,3.4,2.8,3.6,2.3,4.5,3.6,1.6,5.6,2.7,4.9,3.15,3.75
2025-04-27,NYY,TOR,6.0,5.0,1.0,4.8,3.2,4.3,2.4,4.8,3.35,1.8,5.0,2.9,4.3,3.3,3.65
2025-04-27,NYY,TOR,6.0,5.0,1.0,4.8,3.2,4.3,2.4,4.8,3.35,1.6,5.6,2.7,4.9,3.15,3.75
2025-05-02,NYY,TBR,3.0,3.0,0.0,7.6,3.0,5.5,2.9,4.6,3.05,2.2,3.4,1.6,3.3,3.3,3.8
2025-05-03,NYY,TBR,5.0,2.0,3.0,6.0,2.6,5.4,2.9,4.65,2.75,1.4,3.8,1.3,3.0,3.15,3.75
2025-05-04,NYY,TBR,12.0,5.0,7.0,5.4,3.0,5.2,2.6,4.75,2.65,1.2,3.8,1.6,3.1,3.15,3.65
2025-05-05,NYY,SDP,7.0,3.0,4.0,5.8,3.6,5.5,3.0,4.8,2.85,5.4,2.4,3.2,2.7,3.85,2.55
2025-05-06,NYY,SDP,15.0,12.0,3.0,3.4,3.8,5.3,3.3,4.55,2.85,4.8,2.2,3.4,3.0,3.95,2.65
2025-05-16,NYY,NYM,8.0,6.0,2.0,8.6,4.4,6.8,3.9,6.15,3.4,3.4,3.2,4.1,3.3,5.25,3.6
2025-05-17,NYY,NYM,5.0,2.0,3.0,7.8,4.4,7.1,4.1,6.25,3.5,2.8,3.2,3.9,3.4,5.1,3.85
2025-05-18,NYY,NYM,10.0,8.0,2.0,6.8,2.8,7.1,4.1,6.15,3.35,2.2,3.2,3.7,3.2,5.05,3.7
2025-05-20,NYY,TEX,7.0,5.0,2.0,6.0,2.8,7.4,3.6,6.45,3.3,4.0,2.8,4.3,2.2,4.0,3.2
2025-05-21,NYY,TEX,7.0,4.0,3.0,4.8,2.2,7.6,3.4,6.45,3.35,2.8,3.2,4.4,2.5,4.05,3.35
2025-05-22,NYY,TEX,1.0,1.0,0.0,5.0,2.4,6.8,3.4,6.55,3.3,3.2,4.0,3.7,2.6,3.45,3.45
2025-06-03,NYY,CLE,5.0,3.0,2.0,3.6,6.2,4.4,4.0,5.6,3.7,4.8,4.8,4.1,3.8,3.55,3.75
2025-06-04,NYY,CLE,4.0,0.0,4.0,3.6,6.2,4.6,4.2,5.25,3.7,4.2,3.6,3.8,4.0,3.35,3.9
2025-06-05,NYY,CLE,4.0,4.0,0.0,3.4,7.0,4.4,4.3,4.9,3.35,3.6,2.8,3.5,4.0,3.5,3.55
2025-06-06,NYY,BOS,15.0,9.0,6.0,3.2,5.4,3.5,4.2,4.5,3.25,5.0,4.6,4.9,4.3,4.6,4.3
2025-06-07,NYY,BOS,17.0,7.0,10.0,4.6,3.0,3.9,4.4,4.4,3.3,5.2,6.2,5.4,4.7,4.65,4.75
2025-06-08,NYY,BOS,18.0,7.0,11.0,4.6,4.4,4.1,5.3,4.6,3.7,7.2,6.6,4.5,4.9,4.65,5.05
2025-06-17,NYY,LAA,4.0,0.0,4.0,4.0,2.2,4.7,4.2,4.65,4.2,4.0,5.6,5.1,5.8,4.2,4.85
2025-06-18,NYY,LAA,5.0,2.0,3.0,2.0,2.6,4.7,4.2,4.55,4.25,3.4,4.8,4.8,5.2,3.9,4.6
2025-06-19,NYY,LAA,10.0,7.0,3.0,1.2,2.6,4.5,4.5,4.0,4.35,2.8,4.2,4.2,4.3,3.7,4.5
2025-06-20,NYY,BAL,8.0,3.0,5.0,2.4,3.2,4.3,4.2,4.1,4.3,5.8,4.6,5.1,3.8,4.4,3.45
2025-06-21,NYY,BAL,9.0,9.0,0.0,2.4,3.4,3.9,3.7,4.0,4.5,4.6,4.8,5.3,3.6,4.45,3.3
2025-06-22,NYY,BAL,6.0,4.0,2.0,4.2,3.0,4.1,2.6,4.3,4.4,4.4,5.2,4.3,4.4,4.35,3.7
2025-06-27,NYY,ATH,3.0,3.0,0.0,4.8,2.8,3.6,3.0,4.5,3.55,1.8,5.2,2.7,5.4,3.9,5.1
2025-06-28,NYY,ATH,7.0,0.0,7.0,4.8,1.8,3.6,2.6,4.3,3.4,1.4,5.0,2.4,5.5,3.75,4.75
2025-06-29,NYY,ATH,17.0,12.0,5.0,3.0,3.2,3.6,3.1,4.15,3.65,2.8,4.4,2.8,5.4,4.05,4.45
2025-07-08,NYY,SEA,13.0,10.0,3.0,6.2,8.2,5.5,7.0,4.55,5.0,2.6,1.0,2.9,3.0,4.8,3.1
2025-07-09,NYY,SEA,15.0,9.0,6.0,6.4,6.6,6.2,7.3,4.9,4.95,2.6,2.6,2.6,3.5,4.6,3.5
2025-07-11,NYY,CHC,11.0,11.0,0.0,7.2,6.2,7.1,7.2,5.35,5.15,5.6,4.2,6.1,3.5,5.85,4.95
2025-07-12,NYY,CHC,7.0,2.0,5.0,8.4,5.0,7.0,6.7,5.9,4.95,4.4,4.8,4.9,4.3,5.6,5.35
2025-07-13,NYY,CHC,5.0,1.0,4.0,7.6,3.6,6.8,6.7,5.9,5.05,3.2,5.2,5.4,4.3,5.5,5.05
2025-07-25,NYY,PHI,17.0,5.0,12.0,5.2,5.4,5.2,4.9,5.7,6.1,4.4,4.2,4.5,3.7,4.45,3.2
2025-07-26,NYY,PHI,13.0,4.0,9.0,3.8,6.0,4.8,5.5,5.95,6.35,6.4,5.0,5.6,3.9,5.0,3.35
2025-07-27,NYY,PHI,7.0,4.0,3.0,3.8,7.4,4.1,6.4,5.55,6.55,7.2,4.6,6.2,3.9,4.8,3.55
2025-07-28,NYY,TBR,6.0,2.0,4.0,4.4,7.2,4.3,6.2,5.55,6.45,3.6,5.8,4.0,5.0,3.75,4.65
2025-07-29,NYY,TBR,12.0,7.0,5.0,3.8,7.2,4.4,6.2,5.4,6.05,3.6,5.6,4.3,4.8,3.75,4.45
2025-07-31,NYY,TBR,11.0,7.0,4.0,4.4,6.6,4.8,6.0,5.3,5.75,2.8,4.8,3.7,5.4,3.7,4.55
2025-08-09,NYY,HOU,9.0,5.0,4.0,3.6,5.2,4.2,5.1,4.5,5.3,4.6,4.8,4.2,4.3,3.9,4.75
2025-08-10,NYY,HOU,8.0,1.0,7.0,2.2,3.4,4.3,4.6,4.2,5.5,4.8,4.4,4.5,4.3,4.0,4.8
2025-08-11,NYY,MIN,8.0,6.0,2.0,2.4,4.4,4.0,5.0,4.15,5.6,5.4,3.8,4.7,5.3,4.3,5.2
2025-08-12,NYY,MIN,10.0,9.0,1.0,3.0,3.4,4.4,4.8,4.4,5.5,5.2,3.8,4.4,5.5,4.35,5.4
2025-08-13,NYY,MIN,5.0,1.0,4.0,4.8,3.2,4.6,4.4,4.7,5.2,4.2,5.0,4.0,5.6,4.2,5.55
2025-08-21,NYY,BOS,9.0,3.0,6.0,7.6,4.4,6.2,3.8,5.3,4.95,3.2,4.2,5.1,4.4,5.65,3.8
2025-08-22,NYY,BOS,1.0,0.0,1.0,8.0,4.8,6.2,4.2,5.2,4.65,4.2,4.0,5.4,4.0,5.85,3.7
2025-08-23,NYY,BOS,13.0,1.0,12.0,7.2,4.4,5.7,3.9,5.0,4.25,4.0,3.8,4.5,3.8,5.7,3.6
2025-08-24,NYY,BOS,9.0,7.0,2.0,5.0,5.2,5.7,4.4,4.85,4.7,5.0,3.0,5.5,3.3,6.1,3.5
2025-08-25,NYY,WSN,15.0,10.0,5.0,4.8,4.8,5.8,4.4,5.1,4.6,5.0,4.0,4.2,4.7,4.15,5.65
2025-08-26,NYY,WSN,6.0,5.0,1.0,4.2,5.2,5.9,4.8,5.25,4.6,5.0,5.2,4.4,5.5,4.25,5.45
2025-08-27,NYY,WSN,13.0,11.0,2.0,4.6,4.2,6.3,4.5,5.15,4.45,3.4,5.6,4.3,5.4,3.95,4.9
2025-09-05,NYY,TOR,8.0,1.0,7.0,6.8,3.6,7.7,3.2,6.7,3.8,7.6,6.2,6.7,6.2,5.7,4.85
2025-09-06,NYY,TOR,4.0,3.0,1.0,5.0,4.6,7.1,3.7,6.45,4.05,8.8,5.6,7.1,5.8,5.8,4.85
2025-09-07,NYY,TOR,7.0,4.0,3.0,5.2,4.2,6.4,3.3,6.15,4.05,7.4,5.4,6.2,5.7,5.8,4.8
2025-09-09,NYY,DET,14.0,2.0,12.0,4.6,4.6,6.3,3.5,6.3,4.0,5.2,5.4,4.5,5.0,5.05,4.5
2025-09-10,NYY,DET,12.0,1.0,11.0,3.6,5.4,5.4,4.5,6.2,4.45,6.6,3.4,5.7,4.5,5.6,4.6
2025-09-11,NYY,DET,12.0,9.0,3.0,2.2,6.8,4.5,5.2,5.65,4.6,7.6,3.2,6.3,4.3,5.8,4.65
2025-09-23,NYY,CHW,5.0,3.0,2.0,7.0,3.8,5.7,3.9,5.1,4.55,3.4,4.8,2.6,3.9,4.25,4.25
2025-09-24,NYY,CHW,9.0,8.0,1.0,5.6,2.4,5.1,3.8,4.75,4.55,2.4,3.8,2.3,4.1,4.2,4.3
2025-09-25,NYY,CHW,8.0,5.0,3.0,5.2,1.6,5.5,3.8,5.05,4.45,2.4,4.8,2.4,4.5,3.95,4.45
2025-09-26,NYY,BAL,12.0,8.0,4.0,4.8,2.2,5.5,3.8,4.95,4.55,3.8,3.8,3.6,4.6,3.55,4.55
2025-09-27,NYY,BAL,7.0,6.0,1.0,6.0,2.2,5.9,3.6,5.0,4.35,3.8,5.0,3.8,4.3,3.65,4.3
2025-04-29,PHI,WSN,13.0,7.0,6.0,5.2,5.6,5.3,5.9,4.3,4.65,3.8,6.8,4.6,5.3,4.45,5.2
2025-04-30,PHI,WSN,9.0,7.0,2.0,4.4,4.8,5.6,5.5,4.4,4.9,4.8,7.8,4.0,4.9,4.45,5.35
2025-05-01,PHI,WSN,6.0,2.0,4.0,5.0,4.2,5.7,5.3,4.6,4.95,4.2,8.4,3.9,5.4,4.15,5.6
2025-05-02,PHI,ARI,5.0,3.0,2.0,5.2,4.0,5.5,4.6,4.55,5.05,3.8,5.0,4.9,5.1,4.8,4.45
2025-05-03,PHI,ARI,9.0,7.0,2.0,5.8,3.6,5.2,4.4,4.65,5.0,3.8,4.0,4.5,5.2,4.6,4.4
2025-05-12,PHI,STL,5.0,2.0,3.0,5.0,2.2,5.1,2.7,5.2,4.3,5.4,0.8,4.8,3.4,4.75,3.7
2025-05-14,PHI,STL,3.0,2.0,1.0,3.8,2.0,4.6,2.4,5.1,3.95,5.6,1.0,5.0,2.7,4.7,3.45
2025-05-14,PHI,STL,3.0,2.0,1.0,3.8,2.0,4.6,2.4,5.1,3.95,4.8,1.4,4.8,2.0,4.45,3.2
2025-05-14,PHI,STL,21.0,7.0,14.0,2.8,2.2,4.1,2.3,4.9,3.8,5.6,1.0,5.0,2.7,4.7,3.45
2025-05-14,PHI,STL,21.0,7.0,14.0,2.8,2.2,4.1,2.3,4.9,3.8,4.8,1.4,4.8,2.0,4.45,3.2
2025-05-16,PHI,PIT,12.0,8.0,4.0,4.2,3.8,4.6,3.3,5.05,3.95,3.0,2.2,2.0,3.0,2.75,4.15
2025-05-17,PHI,PIT,7.0,5.0,2.0,4.4,4.4,5.1,3.5,5.15,3.95,3.2,3.4,2.3,3.6,2.5,4.4
2025-05-18,PHI,PIT,1.0,1.0,0.0,4.8,4.8,4.9,3.5,5.05,3.95,2.8,3.8,2.5,3.7,2.45,4.65
2025-05-27,PHI,ATL,2.0,2.0,0.0,5.2,3.4,5.6,4.0,4.85,3.15,4.8,3.4,4.8,3.5,4.05,3.4
2025-05-29,PHI,ATL,9.0,5.0,4.0,4.2,2.6,5.1,2.6,4.85,2.95,2.8,3.0,4.3,3.5,3.65,3.4
2025-05-29,PHI,ATL,9.0,5.0,4.0,4.2,2.6,5.1,2.6,4.85,2.95,3.0,3.0,4.3,3.5,3.8,3.55
2025-05-29,PHI,ATL,12.0,3.0,9.0,3.4,2.4,4.8,2.6,4.95,3.05,2.8,3.0,4.3,3.5,3.65,3.4
2025-05-29,PHI,ATL,12.0,3.0,9.0,3.4,2.4,4.8,2.6,4.95,3.05,3.0,3.0,4.3,3.5,3.8,3.55
2025-05-30,PHI,MIL,8.0,2.0,6.0,3.6,4.2,4.6,3.3,4.75,3.4,4.6,3.2,4.2,3.7,3.35,3.6
2025-05-31,PHI,MIL,24.0,7.0,17.0,3.2,4.8,4.7,3.9,4.45,3.5,4.8,3.2,3.9,3.4,3.55,3.4
2025-06-01,PHI,MIL,7.0,2.0,5.0,3.8,7.2,4.5,5.3,4.45,4.35,6.6,3.6,5.6,3.8,4.2,3.75
2025-06-10,PHI,CHC,12.0,4.0,8.0,1.6,4.0,3.0,6.0,3.9,4.3,2.8,2.2,3.5,2.4,5.75,3.15
2025-06-11,PHI,CHC,9.0,7.0,2.0,2.2,5.2,3.1,5.9,3.85,4.6,4.4,2.6,4.1,2.7,5.5,3.2
2025-06-13,PHI,TOR,8.0,8.0,0.0,3.4,3.8,3.6,5.5,4.15,4.7,5.8,5.0,5.9,4.6,5.25,3.75
2025-06-14,PHI,TOR,5.0,3.0,2.0,4.2,2.8,3.7,3.8,4.1,4.55,4.6,5.8,5.1,4.7,5.1,4.15
2025-06-15,PHI,TOR,15.0,11.0,4.0,4.6,2.8,3.8,3.5,3.9,4.45,4.0,5.6,4.5,4.6,4.5,4.3
2025-06-20,PHI,NYM,12.0,10.0,2.0,5.0,3.4,4.8,3.1,4.1,4.65,2.0,7.2,4.4,4.7,4.6,3.9
2025-06-21,PHI,NYM,15.0,4.0,11.0,4.8,3.0,5.7,3.1,4.35,4.55,1.4,7.8,4.2,5.5,4.45,4.3
2025-06-22,PHI,NYM,8.0,7.0,1.0,4.6,4.8,5.7,3.4,4.4,4.65,2.8,7.0,4.5,5.8,4.85,4.45
2025-06-30,PHI,SDP,4.0,4.0,0.0,3.4,2.2,4.0,2.7,4.35,2.95,2.8,3.6,3.8,4.0,4.15,4.15
2025-07-02,PHI,SDP,10.0,4.0,6.0,4.2,1.8,4.2,2.6,4.5,2.85,2.0,3.8,3.3,4.1,4.0,4.15
2025-07-02,PHI,SDP,10.0,4.0,6.0,4.2,1.8,4.2,2.6,4.5,2.85,3.0,4.6,3.4,3.9,4.25,4.35
2025-07-02,PHI,SDP,6.0,5.0,1.0,4.8,2.6,3.6,3.0,4.65,3.05,2.0,3.8,3.3,4.1,4.0,4.15
2025-07-02,PHI,SDP,6.0,5.0,1.0,4.8,2.6,3.6,3.0,4.65,3.05,3.0,4.6,3.4,3.9,4.25,4.35
2025-07-04,PHI,CIN,15.0,6.0,9.0,3.2,2.8,3.7,2.0,4.7,2.7,4.8,6.0,4.4,4.6,5.3,4.85
2025-07-05,PHI,CIN,6.0,5.0,1.0,4.2,3.4,3.6,2.8,4.65,3.05,5.8,6.0,5.2,4.6,5.1,5.1
2025-07-06,PHI,CIN,4.0,3.0,1.0,4.8,3.4,4.1,2.8,4.5,3.1,5.4,6.6,4.9,5.0,4.95,5.25
2025-07-18,PHI,LAA,11.0,5.0,6.0,4.8,2.8,4.4,2.9,4.0,2.95,6.4,6.8,4.9,6.4,5.5,5.3
2025-07-19,PHI,LAA,14.0,9.0,5.0,5.2,3.2,4.4,3.4,4.05,2.7,5.4,6.2,5.2,6.1,5.6,5.55
2025-07-20,PHI,LAA,10.0,2.0,8.0,4.4,4.2,4.7,3.0,4.15,2.9,5.6,5.8,5.2,6.9,5.7,5.9
2025-07-22,PHI,BOS,5.0,4.0,1.0,4.4,5.0,4.4,3.7,4.25,3.25,2.4,2.4,5.0,2.6,5.95,3.6
2025-08-01,PHI,DET,9.0,5.0,4.0,4.6,5.2,5.5,5.1,4.95,4.0,7.0,3.0,4.7,4.9,3.85,5.05
2025-08-02,PHI,DET,12.0,5.0,7.0,3.8,5.2,5.5,4.9,4.95,4.15,7.6,2.8,5.1,5.1,4.0,5.3
2025-08-03,PHI,DET,2.0,2.0,0.0,4.2,5.8,5.1,5.1,4.9,4.05,7.0,3.0,5.3,4.8,4.1,5.5
2025-08-04,PHI,BAL,16.0,13.0,3.0,4.2,4.6,5.1,4.3,4.75,4.0,3.6,4.0,7.3,3.5,5.1,4.7
2025-08-05,PHI,BAL,5.0,5.0,0.0,5.6,4.6,6.0,4.5,5.25,4.1,3.6,6.2,7.1,4.2,5.0,5.25
2025-08-06,PHI,BAL,6.0,1.0,5.0,6.0,2.8,5.3,4.0,5.45,3.95,2.0,5.4,5.3,4.7,5.0,5.2
2025-08-18,PHI,SEA,19.0,12.0,7.0,3.8,4.8,4.0,3.6,4.25,3.85,4.2,5.6,4.6,4.3,4.45,3.65
2025-08-19,PHI,SEA,10.0,6.0,4.0,6.2,4.6,4.3,4.2,4.7,4.0,5.0,7.2,4.5,4.9,4.6,4.15
2025-08-20,PHI,SEA,13.0,11.0,2.0,7.0,4.8,4.6,4.4,4.9,3.9,5.2,7.4,4.6,5.3,4.45,4.35
2025-08-22,PHI,WSN,9.0,4.0,5.0,8.0,4.8,5.3,4.4,5.15,3.85,5.2,5.2,4.8,5.6,4.2,6.65
2025-08-23,PHI,WSN,10.0,6.0,4.0,8.8,5.4,5.3,4.8,5.2,3.65,5.8,6.0,4.9,5.3,4.4,6.4
2025-08-24,PHI,WSN,5.0,3.0,2.0,7.8,4.4,5.8,4.6,5.25,3.65,4.8,5.0,4.8,5.1,4.15,5.9
2025-08-28,PHI,ATL,23.0,19.0,4.0,3.4,6.2,6.1,5.8,4.55,4.5,6.0,3.4,6.3,5.6,6.3,4.9
2025-08-29,PHI,ATL,3.0,2.0,1.0,6.0,6.2,6.9,5.3,5.45,4.45,6.4,5.4,6.2,7.1,6.1,5.55
2025-08-31,PHI,ATL,4.0,1.0,3.0,5.8,6.0,5.9,4.7,5.1,4.45,5.8,5.2,5.4,6.0,6.1,5.4
2025-09-08,PHI,NYM,1.0,1.0,0.0,4.4,3.2,5.4,3.8,5.75,4.6,4.8,4.8,6.6,6.4,6.85,5.15
2025-09-09,PHI,NYM,12.0,9.0,3.0,4.0,2.0,5.5,3.2,5.8,4.5,2.4,4.0,6.2,5.8,6.5,5.05
2025-09-10,PHI,NYM,14.0,11.0,3.0,5.4,2.6,4.5,3.1,5.7,4.2,2.6,4.6,4.6,5.8,6.25,5.45
2025-09-11,PHI,NYM,10.0,6.0,4.0,5.8,2.6,5.4,3.3,5.65,4.0,2.2,6.0,4.1,5.8,6.2,5.75
2025-09-12,PHI,KCR,10.0,8.0,2.0,6.2,3.0,5.9,3.4,5.65,4.0,1.8,4.6,3.0,3.8,3.8,4.2
2025-09-13,PHI,KCR,14.0,8.0,6.0,7.0,2.4,5.7,2.8,5.5,4.0,2.0,5.2,3.1,4.1,3.6,4.4
2025-09-14,PHI,KCR,13.0,3.0,10.0,8.4,3.6,6.2,2.8,5.7,4.05,2.8,4.8,3.4,4.5,3.65,4.45
2025-09-24,PHI,MIA,12.0,11.0,1.0,4.4,5.2,5.8,5.1,5.15,4.1,6.2,4.2,5.7,3.5,5.3,5.6
2025-09-25,PHI,MIA,1.0,1.0,0.0,4.8,4.2,5.8,4.9,5.6,4.1,5.2,5.4,5.3,3.9,4.9,5.2
2025-09-26,PHI,MIN,4.0,3.0,1.0,5.0,3.2,5.3,4.5,5.6,3.95,3.2,3.0,3.9,4.7,4.4,5.45
2025-09-27,PHI,MIN,5.0,0.0,5.0,4.0,3.0,4.8,4.4,5.25,3.6,3.4,2.0,3.3,5.0,4.3,5.4
2025-04-29,PIT,CHC,9.0,0.0,9.0,3.0,4.2,3.8,3.8,3.8,4.4,6.8,5.8,6.0,4.8,6.85,4.45
2025-04-30,PIT,CHC,7.0,4.0,3.0,2.4,6.0,3.2,4.6,3.6,4.75,6.0,3.6,6.9,4.5,7.0,3.95
2025-05-01,PIT,CHC,11.0,3.0,8.0,2.6,5.8,3.5,4.9,3.6,4.45,5.4,4.0,5.6,4.9,6.25,4.0
2025-05-02,PIT,SDP,13.0,4.0,9.0,2.6,7.4,3.1,4.7,3.55,4.35,3.0,3.2,2.6,3.3,3.95,3.35
2025-05-03,PIT,SDP,3.0,1.0,2.0,2.6,7.6,3.5,5.3,3.35,4.6,4.8,3.8,3.3,3.4,4.0,3.2
2025-05-04,PIT,SDP,4.0,0.0,4.0,2.4,6.2,2.7,5.2,3.25,4.45,5.0,3.2,3.2,3.3,3.85,3.05
2025-05-09,PIT,ATL,5.0,3.0,2.0,1.0,3.8,1.8,5.7,2.7,4.45,3.0,3.8,4.2,3.4,4.4,4.05
2025-05-11,PIT,ATL,7.0,4.0,3.0,1.4,3.8,1.9,5.0,2.85,4.4,3.2,4.0,3.6,3.5,4.35,3.8
2025-05-19,PIT,CIN,8.0,1.0,7.0,2.2,3.2,2.2,3.2,2.3,4.5,4.2,2.2,3.8,3.6,4.3,4.05
2025-05-20,PIT,CIN,1.0,1.0,0.0,2.2,4.2,2.2,3.7,2.2,4.85,5.2,1.6,4.5,3.3,4.25,3.75
2025-05-21,PIT,CIN,4.0,3.0,1.0,1.6,4.2,2.3,3.2,2.05,4.45,3.8,1.6,4.1,3.1,3.95,3.6
2025-05-22,PIT,MIL,13.0,5.0,8.0,1.4,2.8,2.3,3.1,2.1,4.05,3.0,3.6,3.0,3.5,3.1,4.1
2025-05-24,PIT,MIL,3.0,2.0,1.0,2.0,3.4,2.4,3.6,2.35,4.0,4.6,4.0,3.6,3.7,3.15,4.25
2025-05-25,PIT,MIL,11.0,5.0,6.0,2.4,3.4,2.3,3.3,2.25,3.9,4.8,3.0,3.3,3.7,2.9,4.15
2025-06-03,PIT,HOU,3.0,0.0,3.0,6.0,3.2,4.5,3.7,3.4,3.45,2.8,6.6,4.4,4.5,3.8,4.1
2025-06-04,PIT,HOU,3.0,3.0,0.0,4.2,2.6,4.2,3.9,3.25,3.5,2.4,6.0,3.8,4.3,3.7,3.75
2025-06-05,PIT,HOU,10.0,2.0,8.0,2.8,2.4,4.0,3.1,3.2,3.35,1.8,4.0,3.5,4.1,3.6,3.85
2025-06-06,PIT,PHI,9.0,5.0,4.0,2.8,3.4,4.0,3.8,3.15,3.55,3.8,7.2,3.5,6.0,4.45,4.8
2025-06-07,PIT,PHI,3.0,2.0,1.0,2.8,4.2,4.0,3.6,3.35,3.65,3.2,4.8,3.5,6.0,4.55,5.0
2025-06-08,PIT,PHI,3.0,2.0,1.0,2.4,3.2,4.2,3.2,3.25,3.7,3.0,4.2,3.4,6.2,4.25,4.4
2025-06-09,PIT,MIA,13.0,10.0,3.0,2.8,2.8,3.5,2.7,3.15,3.35,2.6,3.8,3.2,4.1,3.6,4.15
2025-06-10,PIT,MIA,5.0,2.0,3.0,4.2,3.4,3.5,2.9,3.55,3.25,2.4,4.6,2.9,4.3,3.6,4.6
2025-06-11,PIT,MIA,7.0,5.0,2.0,4.2,2.4,3.5,2.9,3.65,3.35,2.6,4.4,2.2,3.7,3.3,4.5
2025-06-20,PIT,TEX,8.0,2.0,6.0,2.6,4.6,3.4,3.5,3.7,3.65,2.0,3.6,5.3,3.3,4.15,2.85
2025-06-21,PIT,TEX,5.0,2.0,3.0,2.0,5.4,3.1,3.7,3.55,3.65,2.6,3.8,5.4,3.5,4.4,2.85
2025-06-22,PIT,TEX,11.0,8.0,3.0,2.0,5.4,3.1,3.9,3.65,3.55,2.8,4.0,5.3,3.5,4.45,2.95
2025-06-27,PIT,NYM,10.0,9.0,1.0,4.0,4.6,3.0,5.0,3.25,4.05,3.6,4.0,3.2,5.5,4.55,4.55
2025-06-28,PIT,NYM,11.0,9.0,2.0,5.4,4.2,3.7,4.8,3.5,3.8,3.6,4.4,3.3,5.5,4.35,4.85
2025-06-29,PIT,NYM,13.0,12.0,1.0,5.6,4.0,4.5,4.8,3.95,3.75,3.6,5.6,3.5,5.9,4.15,5.25
2025-06-30,PIT,STL,7.0,7.0,0.0,7.0,3.4,5.4,4.2,4.4,3.8,4.2,3.4,4.9,3.5,4.7,3.85
2025-07-01,PIT,STL,1.0,1.0,0.0,7.8,1.6,5.9,3.3,4.65,3.4,4.2,3.2,4.4,3.8,4.45,4.2
2025-07-02,PIT,STL,5.0,5.0,0.0,7.6,0.8,5.8,2.7,4.45,3.2,4.2,2.8,3.8,3.8,4.35,4.2
2025-07-18,PIT,CHW,11.0,1.0,10.0,2.6,4.6,2.1,4.0,3.95,3.35,2.8,5.0,3.4,4.7,3.25,4.2
2025-07-19,PIT,CHW,14.0,4.0,10.0,2.2,5.8,1.7,5.0,3.9,3.7,4.0,4.0,4.3,4.2,3.55,4.0
2025-07-20,PIT,CHW,9.0,2.0,7.0,2.4,7.0,2.1,5.4,3.7,4.05,5.2,3.2,4.9,4.1,3.7,4.15
2025-07-21,PIT,DET,3.0,3.0,0.0,2.6,8.0,2.3,6.0,3.55,4.2,2.8,6.0,3.0,5.2,4.35,4.55
2025-07-22,PIT,DET,13.0,8.0,5.0,2.4,5.6,2.6,5.9,3.55,3.75,1.4,3.6,2.9,5.5,3.8,4.5
2025-07-23,PIT,DET,7.0,6.0,1.0,3.6,6.4,3.1,5.5,3.85,3.8,1.6,3.6,2.9,6.2,4.05,4.75
2025-07-26,PIT,ARI,2.0,2.0,0.0,4.6,4.6,3.4,5.2,3.7,3.8,4.4,3.4,4.7,4.1,4.45,3.9
2025-07-27,PIT,ARI,6.0,6.0,0.0,4.2,2.6,3.3,4.8,3.35,3.7,2.4,3.6,4.4,3.9,4.25,3.7
2025-08-04,PIT,SFG,9.0,5.0,4.0,7.8,7.2,6.4,4.2,4.35,5.1,5.4,6.0,5.2,5.2,4.5,5.0
2025-08-05,PIT,SFG,9.0,1.0,8.0,7.6,7.0,6.6,4.6,4.6,5.25,5.6,6.0,5.1,4.8,4.35,5.15
2025-08-06,PIT,SFG,6.0,2.0,4.0,7.2,8.4,5.9,4.9,4.5,5.2,6.2,5.0,5.0,4.9,4.45,5.1
2025-08-07,PIT,CIN,7.0,7.0,0.0,4.4,5.8,5.5,5.2,4.45,5.2,2.8,3.0,3.3,3.0,3.95,3.25
2025-08-08,PIT,CIN,5.0,3.0,2.0,4.8,4.2,6.0,5.2,4.65,5.0,2.2,4.0,2.7,3.5,3.85,3.45
2025-08-09,PIT,CIN,3.0,1.0,2.0,3.6,3.6,5.7,5.4,4.75,5.0,2.2,3.8,2.7,3.7,3.75,3.45
2025-08-10,PIT,CIN,22.0,8.0,14.0,2.8,3.2,5.2,5.1,4.6,4.5,2.0,3.6,2.7,3.3,3.65,3.4
2025-08-18,PIT,TOR,7.0,5.0,2.0,2.4,7.0,3.2,6.0,4.35,5.6,5.4,4.4,5.9,4.2,6.0,5.35
2025-08-19,PIT,TOR,10.0,3.0,7.0,3.4,4.6,3.0,6.2,4.5,5.7,5.6,4.6,4.1,4.6,5.8,5.55
2025-08-20,PIT,TOR,3.0,2.0,1.0,3.0,3.6,3.0,6.7,4.35,6.05,6.6,5.0,4.7,4.4,5.95,5.2
2025-08-22,PIT,COL,9.0,9.0,0.0,2.8,3.4,3.1,6.6,4.15,5.85,5.4,6.2,5.2,5.4,5.1,7.85
2025-08-23,PIT,COL,6.0,5.0,1.0,4.4,2.8,3.2,5.2,4.45,5.8,4.2,7.0,4.9,6.3,4.25,7.5
2025-08-24,PIT,COL,4.0,4.0,0.0,4.8,2.2,3.6,4.6,3.9,5.0,3.6,7.4,4.4,6.3,3.9,7.5
2025-09-02,PIT,LAD,16.0,9.0,7.0,3.8,3.0,5.1,2.6,4.1,4.6,3.4,3.4,4.3,3.1,4.8,3.6
2025-09-03,PIT,LAD,3.0,3.0,0.0,5.2,4.2,5.1,3.3,4.15,4.25,3.6,4.6,4.1,3.5,4.7,4.0
2025-09-04,PIT,LAD,8.0,5.0,3.0,5.6,3.4,4.9,3.2,4.25,3.9,2.6,5.0,4.0,3.6,4.5,3.9
2025-09-05,PIT,MIL,7.0,2.0,5.0,5.8,3.6,5.0,3.5,4.5,3.35,4.4,4.8,5.1,4.8,5.05,4.55
2025-09-06,PIT,MIL,5.0,1.0,4.0,4.2,4.0,4.6,3.3,4.35,3.0,4.6,5.0,4.9,4.5,4.7,4.4
2025-09-07,PIT,MIL,12.0,2.0,10.0,4.0,3.8,3.9,3.4,4.25,3.1,4.6,3.6,4.4,3.8,4.4,4.05
2025-09-15,PIT,CHC,4.0,0.0,4.0,3.4,4.8,3.7,4.3,4.4,3.45,4.6,3.0,4.0,3.7,4.55,4.15
2025-09-16,PIT,CHC,5.0,1.0,4.0,3.0,3.6,2.8,4.0,3.95,3.65,4.2,2.8,4.3,3.2,4.6,4.05
2025-09-17,PIT,CHC,12.0,4.0,8.0,2.8,3.8,2.6,4.4,3.75,3.8,4.4,2.6,3.6,2.8,4.2,4.05
2025-09-19,PIT,ATH,7.0,3.0,4.0,2.6,4.2,2.5,4.9,3.75,4.2,5.6,2.6,5.3,3.8,5.3,4.45
2025-09-20,PIT,ATH,2.0,2.0,0.0,2.2,4.8,2.6,4.8,3.6,4.05,5.8,3.2,4.0,3.7,5.3,4.05
2025-09-21,PIT,ATH,11.0,11.0,0.0,2.0,4.0,2.7,4.4,3.3,3.9,3.6,2.6,3.7,3.5,4.9,4.0
2025-04-25,SDP,TBR,1.0,0.0,1.0,2.2,3.4,3.7,2.9,4.25,3.25,0.8,3.4,4.2,3.6,4.05,3.95
2025-04-26,SDP,TBR,5.0,1.0,4.0,1.8,3.0,3.5,3.0,3.9,3.2,1.0,3.2,3.7,3.3,3.8,3.75
2025-04-27,SDP,TBR,6.0,2.0,4.0,1.4,3.4,3.0,3.4,3.6,3.4,1.2,2.2,3.7,2.9,3.7,3.75
2025-04-29,SDP,SFG,11.0,7.0,4.0,1.0,3.0,2.2,3.4,3.45,3.5,3.2,2.6,3.1,3.5,3.9,3.75
2025-04-30,SDP,SFG,8.0,5.0,3.0,2.0,3.8,2.5,3.6,3.75,3.55,3.2,3.6,3.5,4.0,3.9,4.05
2025-05-12,SDP,LAA,14.0,5.0,9.0,8.8,6.6,7.1,4.5,4.65,3.95,3.8,5.0,3.8,6.2,3.15,5.95
2025-05-13,SDP,LAA,10.0,6.0,4.0,9.0,7.8,6.9,5.0,4.7,4.3,4.6,5.2,4.3,5.7,3.5,6.05
2025-05-14,SDP,LAA,6.0,5.0,1.0,9.6,6.2,7.0,5.1,4.8,4.2,4.4,4.8,4.6,5.4,3.45,6.15
2025-05-16,SDP,SEA,6.0,1.0,5.0,8.0,4.6,6.6,4.8,4.95,4.1,2.8,7.0,4.1,5.3,5.2,4.75
2025-05-17,SDP,SEA,5.0,1.0,4.0,4.0,5.6,6.5,5.2,4.85,4.25,3.2,6.0,3.3,5.3,5.4,4.65
2025-05-18,SDP,SEA,7.0,1.0,6.0,3.6,4.6,6.2,5.6,4.7,4.15,3.4,5.0,3.5,5.3,5.2,4.55
2025-05-27,SDP,MIA,14.0,8.0,6.0,1.6,5.6,2.2,4.8,4.55,4.9,3.0,5.0,4.0,4.2,3.5,4.75
2025-05-28,SDP,MIA,18.0,8.0,10.0,3.2,6.2,2.4,5.0,4.7,5.05,4.0,3.8,4.3,4.9,3.75,4.85
2025-05-30,SDP,PIT,5.0,3.0,2.0,4.8,5.4,2.7,5.9,4.65,5.35,5.2,3.8,3.6,3.6,3.05,3.65
2025-05-31,SDP,PIT,5.0,0.0,5.0,5.0,5.6,2.9,5.6,4.7,5.4,5.2,4.2,3.8,3.8,3.0,3.5
2025-06-01,SDP,PIT,10.0,6.0,4.0,4.8,5.2,2.8,5.7,4.5,5.65,5.2,3.0,4.2,3.1,3.2,3.4
2025-06-10,SDP,LAD,12.0,11.0,1.0,2.6,2.6,3.8,4.0,3.0,4.4,3.0,4.2,5.7,4.7,5.9,4.75
2025-06-11,SDP,LAD,7.0,2.0,5.0,3.8,1.6,4.1,3.5,3.25,4.25,3.0,5.2,4.9,5.3,5.5,5.15
2025-06-20,SDP,KCR,11.0,5.0,6.0,5.0,4.6,4.7,4.2,4.45,4.25,3.6,2.4,3.4,4.0,3.45,4.35
2025-06-21,SDP,KCR,6.0,5.0,1.0,4.4,5.4,5.1,4.8,4.45,4.4,4.8,2.6,3.3,4.0,3.55,4.25
2025-06-22,SDP,KCR,5.0,3.0,2.0,4.8,4.4,4.5,4.8,4.3,4.15,4.6,3.0,3.2,3.5,3.5,4.15
2025-06-23,SDP,WSN,16.0,6.0,10.0,4.2,3.2,4.6,4.5,4.05,3.75,5.2,7.0,4.6,6.3,3.85,5.45
2025-06-24,SDP,WSN,7.0,4.0,3.0,4.8,4.4,5.1,5.0,4.2,4.15,6.0,6.2,5.3,6.5,3.9,5.4
2025-06-25,SDP,WSN,1.0,1.0,0.0,4.6,4.4,4.8,4.5,4.4,4.05,6.4,6.4,4.7,5.8,3.5,5.25
2025-07-05,SDP,TEX,11.0,4.0,7.0,3.0,4.0,3.0,4.3,3.75,4.55,5.2,3.2,4.0,3.6,4.75,3.2
2025-07-06,SDP,TEX,5.0,4.0,1.0,2.6,4.6,3.1,4.8,3.85,4.65,6.0,2.4,4.6,3.4,4.9,3.15
2025-07-07,SDP,ARI,9.0,3.0,6.0,3.0,4.2,2.9,3.9,4.0,4.45,4.0,4.6,4.3,4.8,5.15,4.85
2025-07-08,SDP,ARI,1.0,1.0,0.0,3.6,4.6,2.8,4.2,3.8,4.35,3.6,4.8,4.5,5.0,5.2,4.95
2025-07-09,SDP,ARI,10.0,2.0,8.0,2.6,3.8,2.8,4.2,3.45,4.25,3.2,3.6,4.2,4.4,4.8,4.65
2025-07-10,SDP,ARI,7.0,4.0,3.0,2.8,4.4,2.9,4.2,3.4,4.35,4.2,2.2,4.2,3.7,5.1,4.35
2025-07-11,SDP,PHI,6.0,4.0,2.0,2.8,3.6,2.7,4.1,3.3,4.1,5.0,1.8,4.6,2.6,4.4,2.7
2025-07-12,SDP,PHI,9.0,5.0,4.0,2.8,3.8,2.9,4.0,3.35,4.0,4.4,2.4,4.6,2.9,4.3,2.8
2025-07-13,SDP,PHI,3.0,1.0,2.0,3.2,3.4,3.4,4.0,3.35,4.05,4.6,3.2,4.6,3.4,4.4,3.0
2025-07-28,SDP,NYM,13.0,7.0,6.0,4.2,3.6,4.3,3.0,3.6,3.4,4.8,2.0,4.2,3.3,4.55,3.8
2025-07-29,SDP,NYM,8.0,7.0,1.0,5.2,4.2,4.3,3.4,3.9,3.45,5.4,3.0,4.6,3.7,4.75,3.8
2025-07-30,SDP,NYM,5.0,5.0,0.0,5.2,2.6,4.8,3.1,4.05,3.15,4.4,3.8,4.3,3.6,4.45,4.0
2025-08-01,SDP,STL,5.0,4.0,1.0,6.2,2.0,4.5,3.0,4.1,3.1,2.0,4.0,3.2,4.3,3.45,5.2
2025-08-02,SDP,STL,13.0,5.0,8.0,6.4,2.0,4.7,3.0,4.15,2.85,2.0,4.2,2.7,4.5,3.5,4.85
2025-08-03,SDP,STL,10.0,7.0,3.0,5.6,3.2,4.9,3.4,4.35,3.25,3.2,3.4,3.1,4.2,3.7,5.0
2025-08-08,SDP,BOS,12.0,2.0,10.0,4.2,4.0,5.2,3.0,4.45,3.15,6.0,3.6,6.3,3.4,4.85,3.2
2025-08-10,SDP,BOS,8.0,6.0,2.0,3.8,5.8,5.1,3.9,4.3,3.45,6.6,3.4,6.9,3.4,4.85,3.2
2025-08-18,SDP,SFG,7.0,3.0,4.0,4.4,3.2,3.9,3.7,4.65,3.55,3.2,5.2,2.8,4.4,3.9,4.65
2025-08-19,SDP,SFG,6.0,5.0,1.0,4.0,3.8,4.0,3.5,4.45,3.3,3.8,4.8,2.8,4.5,3.65,4.65
2025-08-20,SDP,SFG,9.0,8.0,1.0,2.8,3.8,4.2,3.4,4.7,3.2,3.8,3.6,2.4,5.0,3.65,4.5
2025-08-21,SDP,SFG,12.0,8.0,4.0,4.0,3.4,4.8,2.5,4.95,3.2,2.8,3.8,2.3,5.4,3.65,4.8
2025-08-22,SDP,LAD,3.0,2.0,1.0,5.6,3.0,5.0,2.7,4.9,3.3,6.2,5.0,5.3,4.5,4.95,3.7
2025-08-23,SDP,LAD,6.0,5.0,1.0,5.2,2.2,4.8,2.7,4.65,3.05,5.4,4.6,5.0,4.2,4.75,3.6
2025-08-24,SDP,LAD,10.0,2.0,8.0,5.6,1.6,4.8,2.7,4.55,3.05,5.0,4.8,4.7,4.0,4.7,3.6
2025-09-01,SDP,BAL,7.0,3.0,4.0,5.6,5.4,5.1,5.0,4.95,3.75,5.0,7.0,4.6,6.5,4.5,4.9
2025-09-02,SDP,BAL,8.0,2.0,6.0,4.8,5.0,4.6,5.0,4.8,3.85,5.4,7.0,4.3,5.8,4.55,4.95
2025-09-03,SDP,BAL,12.0,5.0,7.0,4.6,5.4,4.6,5.5,4.7,4.1,6.2,6.8,4.1,5.1,4.7,4.5
2025-09-09,SDP,CIN,6.0,2.0,4.0,5.0,5.0,4.9,5.0,4.95,4.5,6.2,7.0,4.9,5.8,4.5,4.9
2025-09-10,SDP,CIN,3.0,1.0,2.0,5.0,4.6,4.8,5.0,4.85,4.45,5.2,5.0,5.0,5.4,4.65,4.8
2025-09-11,SDP,COL,2.0,2.0,0.0,4.2,3.6,4.5,4.5,4.75,4.35,2.4,7.4,3.5,6.7,3.4,6.05
2025-09-12,SDP,COL,6.0,2.0,4.0,4.6,3.0,3.5,4.2,4.6,4.3,0.8,5.8,2.9,6.4,3.0,6.0
2025-09-13,SDP,COL,14.0,11.0,3.0,3.0,2.2,3.5,3.9,4.3,4.45,1.4,4.6,3.1,5.8,2.95,5.65
2025-09-14,SDP,COL,15.0,9.0,6.0,3.6,2.6,4.3,3.8,4.45,4.4,1.8,6.2,3.0,6.2,3.1,5.75
2025-09-23,SDP,MIL,7.0,7.0,0.0,4.2,3.8,4.8,4.0,4.65,4.25,5.0,3.6,4.2,3.9,4.7,3.8
2025-09-24,SDP,MIL,4.0,1.0,3.0,4.2,3.0,5.3,4.0,4.4,4.1,3.2,4.6,4.2,4.1,4.5,3.85
2025-09-26,SDP,ARI,11.0,7.0,4.0,4.2,2.4,5.2,3.9,4.35,3.9,4.0,5.0,5.3,4.7,5.0,4.25
2025-09-27,SDP,ARI,6.0,5.0,1.0,5.0,2.4,4.8,4.0,4.55,3.9,4.4,4.8,5.2,5.1,5.05,4.6
2025-04-25,SEA,MIA,12.0,4.0,8.0,4.8,4.4,5.0,3.9,4.0,4.2,4.8,5.8,5.2,6.1,4.2,5.4
2025-04-26,SEA,MIA,14.0,14.0,0.0,5.4,5.4,4.9,4.4,4.2,4.25,6.0,5.2,5.3,5.9,4.45,5.4
2025-04-27,SEA,MIA,13.0,7.0,6.0,6.6,4.8,5.4,4.2,4.8,4.05,4.0,5.8,4.2,6.9,4.3,6.0
2025-04-29,SEA,LAA,8.0,5.0,3.0,7.4,4.4,5.8,4.7,5.05,4.3,1.8,5.4,2.4,4.8,3.5,4.6
2025-04-30,SEA,LAA,12.0,9.0,3.0,6.8,4.0,5.9,4.2,5.0,4.0,2.4,5.8,2.4,4.8,3.15,4.65
2025-05-09,SEA,TOR,9.0,3.0,6.0,5.4,3.6,6.6,3.8,5.8,3.85,4.4,5.6,3.6,5.9,3.25,5.1
2025-05-10,SEA,TOR,9.0,3.0,6.0,3.4,4.6,6.5,3.6,5.7,4.0,5.0,5.2,4.0,5.1,3.35,5.0
2025-05-11,SEA,TOR,10.0,1.0,9.0,3.6,5.6,5.4,4.2,5.4,4.2,5.4,4.8,4.5,4.9,3.45,4.75
2025-05-12,SEA,NYY,16.0,5.0,11.0,3.6,5.8,4.8,4.5,5.3,4.6,8.8,4.4,7.3,4.0,5.8,3.2
2025-05-14,SEA,NYY,5.0,2.0,3.0,3.6,7.4,4.8,5.3,5.35,4.75,10.4,4.6,6.9,4.2,6.05,3.3
2025-05-27,SEA,WSN,10.0,9.0,1.0,3.4,4.8,3.7,2.9,3.9,4.1,4.0,2.8,4.3,3.7,4.1,5.0
2025-05-28,SEA,WSN,9.0,0.0,9.0,4.0,4.0,4.1,2.9,3.7,4.1,2.2,3.8,4.2,4.1,4.1,5.15
2025-06-01,SEA,MIN,3.0,2.0,1.0,3.6,4.0,3.7,3.7,3.6,4.5,2.8,3.8,3.3,3.4,4.2,2.85
2025-06-03,SEA,BAL,6.0,1.0,5.0,3.0,3.6,3.3,3.7,3.65,4.15,3.4,3.6,3.6,4.6,3.75,5.1
2025-06-04,SEA,BAL,5.0,2.0,3.0,3.0,4.2,2.9,4.1,3.45,4.25,3.6,2.4,3.9,4.2,3.8,5.1
2025-06-05,SEA,BAL,7.0,3.0,4.0,2.8,3.8,3.1,4.3,3.25,4.15,3.4,1.6,3.7,2.5,3.85,4.95
2025-06-13,SEA,CLE,9.0,7.0,2.0,3.6,6.0,2.6,5.2,3.35,4.05,4.2,3.2,3.8,3.0,3.7,3.5
2025-06-14,SEA,CLE,7.0,4.0,3.0,4.2,5.4,3.3,4.5,3.5,4.1,4.2,3.8,3.3,3.2,3.75,3.7
2025-06-15,SEA,CLE,6.0,6.0,0.0,3.8,4.4,3.5,4.7,3.4,4.2,4.0,4.2,3.2,3.4,3.65,3.6
2025-06-16,SEA,BOS,2.0,0.0,2.0,4.4,4.0,4.0,4.2,3.45,4.15,4.8,2.8,6.0,4.7,4.9,4.2
2025-06-17,SEA,BOS,8.0,8.0,0.0,3.8,2.4,3.8,4.1,3.45,4.2,3.0,1.4,5.9,4.6,4.8,3.7
2025-06-18,SEA,BOS,4.0,1.0,3.0,5.0,1.4,4.3,3.7,3.55,3.95,2.4,2.8,5.3,4.7,4.65,4.05
2025-06-30,SEA,KCR,8.0,6.0,2.0,6.4,5.0,5.7,4.4,4.85,4.3,2.8,4.4,2.8,4.1,2.95,4.2
2025-07-01,SEA,KCR,9.0,3.0,6.0,4.8,4.2,6.3,4.4,5.05,4.25,3.2,5.0,2.6,4.6,3.0,4.3
2025-07-02,SEA,KCR,5.0,3.0,2.0,3.2,5.0,5.8,5.0,5.05,4.35,4.4,4.8,2.6,4.4,2.95,4.2
2025-07-03,SEA,KCR,5.0,2.0,3.0,2.6,4.4,6.0,4.9,5.0,4.2,4.0,4.4,2.7,4.2,2.95,3.85
2025-07-04,SEA,PIT,6.0,6.0,0.0,3.0,4.6,5.3,4.8,4.8,3.95,6.8,0.6,6.1,2.4,4.6,3.15
2025-07-05,SEA,PIT,1.0,1.0,0.0,4.0,2.6,5.2,3.8,4.95,3.85,5.0,1.4,5.3,2.7,4.5,3.4
2025-07-06,SEA,PIT,1.0,1.0,0.0,3.0,2.2,3.9,3.2,4.85,3.35,2.6,1.4,4.8,2.4,4.0,3.3
2025-07-18,SEA,HOU,7.0,6.0,1.0,8.8,6.6,5.7,3.8,5.75,4.4,3.2,4.8,5.7,4.4,5.35,4.2
2025-07-20,SEA,HOU,14.0,3.0,11.0,9.4,4.8,6.0,3.7,6.0,4.3,2.4,5.8,5.2,4.5,4.75,4.35
2025-07-21,SEA,MIL,6.0,0.0,6.0,8.8,5.2,6.1,4.5,5.7,4.65,6.0,3.6,5.5,2.8,5.7,3.45
2025-07-22,SEA,MIL,1.0,1.0,0.0,6.4,5.8,5.5,5.1,5.35,4.45,6.0,2.6,5.9,2.4,5.55,3.05
2025-07-23,SEA,MIL,12.0,2.0,10.0,3.6,4.4,5.5,5.1,4.7,4.15,4.4,2.6,5.6,2.4,5.35,2.85
2025-07-31,SEA,TEX,6.0,6.0,0.0,3.2,3.6,2.6,4.7,4.3,4.2,6.2,4.2,5.1,2.9,5.8,3.15
2025-08-01,SEA,TEX,7.0,4.0,3.0,3.0,3.2,2.9,3.6,4.5,4.05,4.6,4.8,4.7,3.4,5.5,3.45
2025-08-03,SEA,TEX,9.0,5.0,4.0,3.6,3.0,3.3,3.3,4.4,4.2,3.6,5.4,4.9,3.6,5.3,3.45
2025-08-05,SEA,CHW,11.0,8.0,3.0,4.0,3.6,3.7,3.7,4.6,4.4,4.8,4.0,5.8,4.7,5.5,4.3
2025-08-06,SEA,CHW,14.0,8.0,6.0,5.4,3.0,4.3,3.0,4.95,4.55,4.8,4.4,5.0,4.6,5.45,4.4
2025-08-08,SEA,TBR,5.0,3.0,2.0,6.2,3.2,4.7,3.4,5.2,4.35,3.4,3.0,3.1,3.8,3.5,4.35
2025-08-09,SEA,TBR,11.0,7.0,4.0,5.6,3.6,4.3,3.4,5.05,4.0,3.0,3.6,3.2,3.9,3.6,4.45
2025-08-10,SEA,TBR,9.0,6.0,3.0,6.2,3.8,4.9,3.4,4.8,4.05,3.8,4.4,3.2,4.4,3.75,4.6
2025-08-22,SEA,ATH,5.0,3.0,2.0,3.4,7.8,4.1,6.0,4.5,4.7,6.6,3.8,5.9,3.4,5.6,3.3
2025-08-24,SEA,ATH,15.0,11.0,4.0,3.8,7.6,3.8,5.9,4.5,4.75,6.6,2.8,5.9,3.4,5.35,3.4
2025-08-25,SEA,SDP,15.0,9.0,6.0,5.4,7.0,4.8,6.3,5.0,4.65,5.0,3.0,3.9,3.4,4.4,3.45
2025-08-26,SEA,SDP,13.0,6.0,7.0,5.8,5.8,5.4,6.5,5.25,4.7,4.6,4.6,4.3,4.0,4.5,3.85
2025-08-27,SEA,SDP,7.0,4.0,3.0,6.2,6.0,5.7,6.7,5.25,5.05,4.4,5.0,5.0,4.0,4.6,3.75
2025-09-08,SEA,STL,6.0,4.0,2.0,7.6,4.6,5.5,4.7,5.6,5.7,3.2,3.0,3.2,3.8,4.3,5.3
2025-09-09,SEA,STL,8.0,5.0,3.0,7.4,3.8,5.5,4.6,5.25,5.35,3.2,3.6,3.3,4.0,4.0,4.9
2025-09-12,SEA,LAA,3.0,2.0,1.0,7.6,2.6,5.6,4.4,5.45,5.35,5.4,7.4,4.6,6.3,3.55,5.65
2025-09-13,SEA,LAA,8.0,5.0,3.0,7.8,2.0,5.5,4.1,5.4,5.05,4.8,4.4,4.4,5.7,3.5,5.7
2025-09-14,SEA,LAA,13.0,11.0,2.0,6.8,2.2,5.6,4.2,5.3,4.6,4.6,4.8,4.2,6.1,3.55,5.8
2025-09-23,SEA,COL,7.0,4.0,3.0,4.8,2.8,5.9,2.8,5.7,3.7,4.2,5.4,3.9,5.7,3.7,6.2
2025-09-24,SEA,COL,11.0,9.0,2.0,4.6,2.0,5.8,2.8,5.7,3.6,4.0,4.6,4.2,5.9,3.55,6.15
2025-09-25,SEA,COL,8.0,6.0,2.0,6.0,2.4,6.5,2.9,6.0,3.5,3.0,4.6,4.0,6.6,3.55,6.2
2025-09-26,SEA,LAD,5.0,2.0,3.0,6.4,2.8,6.6,2.8,6.1,3.5,5.2,3.2,6.2,3.5,5.25,3.35
2025-09-27,SEA,LAD,8.0,3.0,5.0,5.6,2.6,5.7,2.9,6.1,3.15,4.6,3.0,5.2,3.0,5.15,3.25
2025-04-22,SFG,MIL,14.0,3.0,11.0,3.2,3.4,5.0,4.3,4.45,3.35,5.4,2.6,4.6,3.2,5.0,4.0
2025-04-23,SFG,MIL,6.0,4.0,2.0,3.0,4.4,4.9,4.6,4.3,3.7,6.6,3.0,5.0,3.5,5.4,3.55
2025-04-24,SFG,MIL,11.0,6.0,5.0,3.8,4.4,4.8,4.4,4.4,3.65,6.0,3.2,4.8,3.4,5.45,3.2
2025-04-25,SFG,TEX,2.0,0.0,2.0,4.4,5.0,4.4,4.5,4.4,3.75,3.4,3.6,3.0,2.8,3.2,3.5
2025-04-26,SFG,TEX,5.0,3.0,2.0,3.6,4.4,4.0,4.1,4.05,3.75,3.0,3.0,3.1,2.5,3.25,3.5
2025-04-27,SFG,TEX,5.0,3.0,2.0,3.2,4.4,3.2,3.9,4.05,3.8,3.4,3.4,2.9,2.8,3.3,3.65
2025-05-01,SFG,COL,7.0,3.0,4.0,2.6,3.6,3.5,4.3,3.8,4.1,2.4,5.8,3.0,5.4,3.15,6.35
2025-05-02,SFG,COL,4.0,4.0,0.0,3.2,4.0,3.4,4.2,3.95,4.2,2.4,5.2,3.2,5.4,3.3,6.15
2025-05-03,SFG,COL,9.0,6.0,3.0,3.4,3.6,3.3,4.0,4.15,4.15,2.2,4.4,2.9,5.7,3.2,5.5
2025-05-04,SFG,COL,12.0,9.0,3.0,4.0,3.8,3.6,3.2,4.25,3.9,2.2,4.4,2.8,5.6,3.0,5.7
2025-05-12,SFG,ARI,3.0,1.0,2.0,3.2,3.6,3.6,3.7,3.35,3.6,4.2,6.4,3.8,5.0,4.65,5.15
2025-05-13,SFG,ARI,16.0,10.0,6.0,1.6,3.4,3.3,3.2,3.4,3.6,4.4,5.2,3.6,4.9,4.25,5.0
2025-05-14,SFG,ARI,15.0,7.0,8.0,3.2,2.8,4.0,3.3,3.75,3.8,4.6,6.6,4.0,5.6,4.25,5.4
2025-05-16,SFG,ATH,10.0,9.0,1.0,4.0,4.2,4.4,3.7,3.9,3.95,5.8,9.6,4.8,8.0,4.55,6.3
2025-05-18,SFG,ATH,5.0,3.0,2.0,5.6,3.8,4.9,3.8,4.1,3.9,3.8,10.0,4.3,8.0,4.35,6.35
2025-05-19,SFG,KCR,4.0,1.0,3.0,6.0,3.8,4.6,3.7,4.1,3.45,1.8,3.6,3.0,3.7,3.55,2.95
2025-05-20,SFG,KCR,5.0,3.0,2.0,6.0,4.0,3.8,3.7,3.95,3.5,2.2,3.4,3.1,3.7,3.6,3.0
2025-05-21,SFG,KCR,12.0,4.0,8.0,4.6,3.2,3.9,3.0,3.8,3.35,2.0,3.2,2.3,4.0,3.55,2.8
2025-06-04,SFG,SDP,11.0,6.0,5.0,2.0,2.0,2.2,2.6,3.05,2.8,5.0,5.4,3.3,5.5,4.6,5.7
2025-06-05,SFG,SDP,5.0,3.0,2.0,3.0,2.4,2.4,2.3,3.2,3.0,4.4,5.4,3.8,5.8,4.7,5.4
2025-06-07,SFG,ATL,5.0,3.0,2.0,3.0,2.0,2.3,2.5,3.3,2.95,4.0,4.8,3.7,4.4,4.3,3.85
2025-06-08,SFG,ATL,7.0,4.0,3.0,3.2,2.4,2.6,2.4,3.4,2.95,3.4,5.4,3.6,4.2,4.2,3.85
2025-06-17,SFG,CLE,5.0,2.0,3.0,6.4,6.6,5.4,5.0,3.8,3.8,3.2,4.0,3.0,3.7,3.4,3.85
2025-06-18,SFG,CLE,6.0,2.0,4.0,4.8,5.8,5.0,4.8,3.7,3.55,3.8,4.2,2.9,3.9,3.2,3.95
2025-06-19,SFG,CLE,3.0,2.0,1.0,3.8,5.0,4.9,5.0,3.6,3.75,2.4,4.2,3.3,3.7,3.25,4.0
2025-06-20,SFG,BOS,12.0,5.0,7.0,3.0,4.8,4.8,4.9,3.7,3.65,2.2,2.4,4.5,3.9,4.7,4.1
2025-06-21,SFG,BOS,5.0,3.0,2.0,3.0,4.0,4.9,5.3,3.8,3.9,2.8,2.8,4.6,3.5,5.0,4.1
2025-06-22,SFG,BOS,14.0,9.0,5.0,2.8,3.4,4.6,5.0,3.9,3.85,2.8,3.4,3.8,3.1,4.15,4.0
2025-06-24,SFG,MIA,6.0,2.0,4.0,4.2,3.8,4.5,4.8,4.3,3.95,2.8,3.6,4.2,3.9,3.3,3.95
2025-06-26,SFG,MIA,17.0,5.0,12.0,4.2,3.8,4.0,4.4,4.25,3.95,3.2,3.2,3.5,3.2,3.45,4.05
2025-07-07,SFG,PHI,4.0,3.0,1.0,4.8,5.0,3.6,4.8,3.8,4.6,4.6,3.6,4.4,2.7,4.5,3.05
2025-07-08,SFG,PHI,7.0,4.0,3.0,5.0,3.6,3.4,3.7,3.65,4.55,4.0,3.0,4.4,2.8,4.0,3.0
2025-07-09,SFG,PHI,13.0,0.0,13.0,4.4,3.8,3.5,3.9,3.6,4.15,3.6,3.6,3.4,3.2,3.9,3.1
2025-07-11,SFG,LAD,15.0,8.0,7.0,4.0,4.2,3.5,5.1,3.4,4.55,1.6,8.2,3.5,5.8,4.85,5.2
2025-07-12,SFG,LAD,3.0,1.0,2.0,4.2,5.2,4.1,5.3,3.7,4.75,2.8,6.2,3.7,5.7,4.8,5.3
2025-07-25,SFG,NYM,9.0,1.0,8.0,6.4,5.2,4.5,5.5,3.95,4.6,4.2,3.4,4.1,3.9,4.0,5.05
2025-07-26,SFG,NYM,3.0,1.0,2.0,6.0,5.6,4.2,6.0,3.85,4.95,5.4,2.6,4.6,3.3,4.35,4.65
2025-07-27,SFG,NYM,8.0,3.0,5.0,5.0,4.4,4.3,4.9,3.9,5.0,5.2,2.4,4.0,3.1,4.35,4.25
2025-07-28,SFG,PIT,11.0,5.0,6.0,4.6,3.6,3.8,4.7,3.95,5.0,5.0,1.2,3.8,4.6,3.05,3.65
2025-07-29,SFG,PIT,4.0,1.0,3.0,3.8,4.8,4.2,5.1,4.1,5.1,5.6,2.2,4.0,3.9,3.0,3.9
2025-08-08,SFG,WSN,5.0,5.0,0.0,6.8,4.8,4.5,4.8,4.5,5.15,2.8,9.0,3.7,8.0,3.75,6.45
2025-08-09,SFG,WSN,6.0,2.0,4.0,6.6,2.4,4.9,4.0,4.55,5.0,2.4,8.4,3.0,8.3,3.5,6.4
2025-08-10,SFG,WSN,8.0,0.0,8.0,4.6,2.4,5.0,4.2,4.65,4.55,2.6,6.0,3.2,8.4,3.65,6.1
2025-08-11,SFG,SDP,5.0,1.0,4.0,3.8,3.0,4.7,4.5,4.25,4.6,4.0,4.6,4.8,3.9,4.55,3.45
2025-08-12,SFG,SDP,6.0,1.0,5.0,2.4,3.6,4.3,4.3,4.25,4.7,3.4,4.2,4.5,3.4,4.4,3.4
2025-08-13,SFG,SDP,12.0,1.0,11.0,1.8,4.2,4.3,4.5,4.3,4.75,4.0,3.2,4.3,3.4,4.55,3.25
2025-08-15,SFG,TBR,13.0,6.0,7.0,1.0,6.4,3.8,4.4,4.2,5.0,4.4,5.0,3.7,4.3,3.6,4.65
2025-08-16,SFG,TBR,3.0,1.0,2.0,1.8,7.0,3.2,4.7,4.2,4.95,5.0,4.8,4.4,4.6,3.75,4.8
2025-08-17,SFG,TBR,8.0,7.0,1.0,2.0,5.8,2.9,4.4,4.0,4.6,4.8,3.8,4.5,4.2,3.4,4.3
2025-08-26,SFG,CHC,7.0,5.0,2.0,4.0,5.0,3.9,4.3,3.85,4.35,4.8,2.6,4.1,2.9,3.45,2.9
2025-08-27,SFG,CHC,15.0,12.0,3.0,4.8,3.8,3.8,3.8,3.5,4.25,4.4,3.0,4.0,3.3,3.45,3.0
2025-08-28,SFG,CHC,7.0,4.0,3.0,6.4,2.8,4.9,3.9,3.9,4.15,4.8,4.6,3.9,4.2,3.55,3.35
2025-08-29,SFG,BAL,23.0,15.0,8.0,6.4,2.4,4.6,4.1,3.7,4.25,2.0,3.4,4.5,4.6,3.85,4.4
2025-08-30,SFG,BAL,12.0,1.0,11.0,8.0,3.8,5.7,4.6,4.25,4.55,3.0,6.0,4.1,6.1,4.1,4.5
2025-08-31,SFG,BAL,15.0,13.0,2.0,7.4,5.4,5.7,5.2,4.05,5.1,4.6,5.4,4.6,5.9,4.65,4.3
2025-09-08,SFG,ARI,16.0,11.0,5.0,6.0,4.2,7.1,4.7,6.0,4.3,5.2,3.2,4.8,2.8,5.1,4.05
2025-09-09,SFG,ARI,8.0,5.0,3.0,6.8,4.4,7.8,4.9,6.2,4.5,5.2,4.8,5.0,3.7,4.95,4.5
2025-09-10,SFG,ARI,8.0,3.0,5.0,5.8,3.4,6.8,4.4,6.25,4.5,5.4,5.8,4.7,3.8,4.95,4.55
2025-09-13,SFG,LAD,20.0,7.0,13.0,4.8,4.0,7.0,3.8,6.35,4.5,5.4,1.8,4.3,3.2,4.2,3.35
2025-09-14,SFG,LAD,12.0,2.0,10.0,5.8,6.0,6.4,4.9,6.65,4.75,7.4,2.4,5.1,3.5,4.7,3.3
2025-09-22,SFG,STL,11.0,5.0,6.0,3.4,4.4,3.5,6.1,5.65,5.5,4.6,3.8,3.7,4.1,3.4,4.2
2025-09-23,SFG,STL,17.0,8.0,9.0,3.4,4.4,3.5,6.4,5.15,5.4,4.6,2.6,3.9,4.3,3.55,4.05
2025-09-24,SFG,STL,7.0,4.0,3.0,4.8,5.8,4.0,6.8,5.5,5.3,5.8,4.2,4.6,4.7,3.95,4.35
2025-09-26,SFG,COL,9.0,6.0,3.0,5.0,5.2,3.7,5.8,5.05,5.35,2.0,4.6,3.9,6.1,3.45,6.15
2025-09-27,SFG,COL,7.0,4.0,3.0,5.2,4.4,4.1,5.1,4.95,5.4,2.6,5.2,3.6,5.8,3.2,5.95
2025-04-25,STL,MIL,5.0,3.0,2.0,4.2,5.0,3.8,4.0,4.95,4.7,6.8,3.8,5.1,3.5,5.45,3.5
2025-04-26,STL,MIL,11.0,6.0,5.0,4.8,4.8,3.3,3.9,4.85,4.75,4.4,4.2,5.2,2.9,5.5,3.65
2025-04-27,STL,MIL,8.0,1.0,7.0,5.2,4.4,3.9,4.2,4.7,4.9,5.0,4.4,5.2,3.5,5.6,3.85
2025-05-02,STL,NYM,12.0,3.0,9.0,3.6,4.0,4.4,4.2,3.75,3.55,7.8,4.8,6.2,3.8,5.4,3.45
2025-05-04,STL,NYM,11.0,6.0,5.0,4.0,4.4,4.1,4.4,3.8,4.0,8.2,3.8,6.4,3.7,5.35,3.35
2025-05-04,STL,NYM,11.0,6.0,5.0,4.0,4.4,4.1,4.4,3.8,4.0,5.4,4.0,6.4,3.9,5.6,3.4
2025-05-04,STL,NYM,9.0,5.0,4.0,5.0,4.8,3.7,4.5,4.05,4.05,8.2,3.8,6.4,3.7,5.35,3.35
2025-05-04,STL,NYM,9.0,5.0,4.0,5.0,4.8,3.7,4.5,4.05,4.05,5.4,4.0,6.4,3.9,5.6,3.4
2025-05-05,STL,PIT,9.0,6.0,3.0,4.8,5.6,4.1,4.5,3.95,4.25,2.4,5.2,2.4,5.6,3.1,4.4
2025-05-06,STL,PIT,3.0,2.0,1.0,4.2,6.0,4.4,4.6,3.85,4.25,2.2,5.8,2.4,5.8,3.15,4.45
2025-05-07,STL,PIT,5.0,5.0,0.0,4.4,4.4,4.0,4.2,3.95,4.2,1.8,4.6,2.2,6.0,3.2,4.35
2025-05-19,STL,DET,15.0,11.0,4.0,5.4,2.8,5.5,1.9,4.75,3.05,5.8,3.0,5.6,3.5,6.15,3.45
2025-05-20,STL,DET,9.0,4.0,5.0,7.4,3.2,6.1,2.3,5.25,2.9,3.8,4.8,5.0,4.4,6.15,3.85
2025-05-21,STL,DET,6.0,1.0,5.0,5.4,2.8,5.5,2.8,5.4,3.0,3.6,4.6,4.4,4.7,6.1,3.95
2025-05-23,STL,ARI,7.0,4.0,3.0,3.6,3.2,5.2,3.1,5.15,3.25,6.2,4.4,5.1,4.8,4.6,5.05
2025-05-24,STL,ARI,11.0,6.0,5.0,4.2,3.8,5.0,3.3,4.9,3.35,5.2,5.2,5.1,5.2,4.6,4.85
2025-05-25,STL,ARI,7.0,4.0,3.0,5.2,4.4,5.3,3.6,5.15,3.15,3.8,3.6,5.5,5.0,4.65,5.0
2025-06-03,STL,KCR,17.0,7.0,10.0,3.4,5.4,3.4,4.8,4.45,3.8,2.2,3.4,3.0,3.9,3.05,3.8
2025-06-05,STL,KCR,12.0,5.0,7.0,3.4,6.6,4.0,5.3,4.6,4.2,3.8,3.4,3.8,4.3,3.05,4.15
2025-06-06,STL,LAD,5.0,5.0,0.0,3.2,7.2,4.1,5.7,4.55,4.5,7.2,5.0,5.9,4.7,5.95,5.0
2025-06-07,STL,LAD,3.0,2.0,1.0,4.0,5.0,4.0,5.2,4.65,4.4,5.6,5.0,5.7,4.7,5.95,5.1
2025-06-08,STL,LAD,10.0,3.0,7.0,4.0,5.2,3.8,5.0,4.7,4.35,2.2,5.0,5.7,4.6,5.6,5.15
2025-06-10,STL,TOR,19.0,9.0,10.0,4.4,5.0,3.9,5.2,4.15,4.35,5.0,3.2,6.7,4.2,4.7,3.4
2025-06-11,STL,TOR,7.0,2.0,5.0,4.8,5.0,4.1,5.8,4.1,4.7,6.6,4.8,6.5,5.1,5.1,3.8
2025-06-20,STL,CIN,7.0,6.0,1.0,5.8,3.4,4.5,4.6,4.25,4.9,7.0,6.6,6.2,5.1,5.1,4.8
2025-06-22,STL,CIN,5.0,1.0,4.0,6.6,3.0,4.9,4.6,4.35,4.8,6.2,5.6,5.0,5.6,4.75,4.55
2025-06-23,STL,CHC,10.0,8.0,2.0,5.2,2.8,4.7,4.3,4.3,4.75,6.4,8.2,4.7,5.9,4.25,4.0
2025-06-24,STL,CHC,15.0,8.0,7.0,6.4,2.6,4.6,3.5,4.35,4.65,5.8,9.2,4.9,6.3,4.2,4.35
2025-06-25,STL,CHC,8.0,0.0,8.0,5.6,3.6,5.2,3.7,4.45,4.8,5.8,9.2,4.8,6.7,4.45,4.7
2025-06-26,STL,CHC,3.0,0.0,3.0,4.6,4.4,5.2,3.9,4.4,4.65,6.6,7.4,5.4,6.0,4.75,4.4
2025-07-08,STL,WSN,6.0,4.0,2.0,2.2,6.8,3.2,5.0,4.2,4.45,5.8,7.6,5.1,7.1,5.2,6.8
2025-07-09,STL,WSN,10.0,2.0,8.0,3.0,7.0,3.6,4.9,4.3,4.4,4.4,7.6,5.0,7.1,4.85,6.45
2025-07-10,STL,WSN,9.0,8.0,1.0,3.4,7.6,3.3,5.7,4.0,4.55,3.8,6.6,5.8,7.2,5.1,6.35
2025-07-11,STL,ATL,11.0,5.0,6.0,4.4,5.6,3.2,5.2,4.3,4.45,2.8,4.4,2.9,4.5,3.35,4.2
2025-07-12,STL,ATL,13.0,6.0,7.0,3.8,5.6,3.0,5.8,3.95,4.65,3.8,4.4,3.5,3.7,3.6,3.95
2025-07-13,STL,ATL,9.0,5.0,4.0,5.0,4.8,3.6,5.8,4.0,4.8,4.8,5.0,3.6,4.2,3.7,4.25
2025-07-24,STL,SDP,16.0,9.0,7.0,2.8,6.2,4.1,5.6,3.7,5.65,3.4,2.6,3.8,2.6,3.35,3.4
2025-07-25,STL,SDP,3.0,3.0,0.0,4.4,5.6,4.2,6.2,3.7,5.7,4.4,3.6,4.1,3.2,3.4,3.65
2025-07-26,STL,SDP,4.0,1.0,3.0,4.4,4.6,4.0,5.6,3.5,5.7,2.8,4.0,3.7,3.3,3.3,3.65
2025-07-27,STL,SDP,11.0,2.0,9.0,3.4,4.8,3.5,5.2,3.55,5.5,3.0,4.0,3.5,3.0,3.45,3.5
2025-07-28,STL,MIA,8.0,7.0,1.0,3.0,5.0,3.2,5.7,3.65,5.9,4.2,2.6,4.6,2.4,4.1,2.95
2025-07-29,STL,MIA,5.0,0.0,5.0,4.4,4.0,3.6,5.1,4.0,5.7,3.6,3.4,4.1,3.1,4.1,3.2
2025-07-30,STL,MIA,2.0,0.0,2.0,2.6,3.6,3.5,4.6,3.85,5.4,4.0,3.0,3.5,3.0,4.15,3.15
2025-08-08,STL,CHC,5.0,5.0,0.0,5.0,5.8,3.5,5.0,3.5,5.1,3.4,3.2,4.0,4.0,4.25,4.15
2025-08-09,STL,CHC,10.0,1.0,9.0,4.4,4.8,3.8,4.1,3.5,4.9,2.8,3.4,3.5,4.1,4.0,4.3
2025-08-10,STL,CHC,5.0,3.0,2.0,4.0,5.2,3.2,4.9,3.4,5.0,3.6,3.0,4.0,3.4,4.25,4.3
2025-08-11,STL,COL,5.0,3.0,2.0,4.0,5.2,3.5,4.6,3.5,4.6,3.4,11.0,4.8,10.5,4.7,8.6
2025-08-12,STL,COL,3.0,0.0,3.0,3.4,3.2,3.8,4.6,3.5,4.45,3.0,9.6,5.0,10.3,4.3,8.45
2025-08-13,STL,COL,11.0,5.0,6.0,2.4,3.2,3.7,4.5,3.2,4.5,3.4,5.6,3.6,8.7,4.4,8.1
2025-08-15,STL,NYY,7.0,3.0,4.0,2.4,4.4,3.4,4.6,3.25,4.4,4.4,3.6,4.0,4.4,4.15,4.95
2025-08-16,STL,NYY,20.0,8.0,12.0,2.8,3.4,3.4,4.3,3.4,4.3,4.2,3.4,3.2,3.4,4.15,5.0
2025-08-17,STL,NYY,12.0,4.0,8.0,3.8,5.4,3.9,5.3,3.35,4.55,6.4,3.6,4.4,4.0,4.7,5.2
2025-08-25,STL,PIT,13.0,7.0,6.0,4.8,6.2,5.2,6.4,4.45,5.45,4.6,1.8,4.0,3.2,3.85,4.6
2025-08-26,STL,PIT,11.0,3.0,8.0,4.8,6.6,5.4,6.4,4.4,5.5,5.2,1.8,4.1,2.7,3.7,4.7
2025-08-27,STL,PIT,3.0,1.0,2.0,5.0,7.0,5.4,6.8,4.4,5.55,6.4,2.2,4.6,2.8,3.85,4.65
2025-08-28,STL,PIT,5.0,4.0,1.0,3.8,6.6,4.7,5.8,4.3,5.55,5.0,2.4,4.7,2.6,3.9,4.3
2025-09-01,STL,ATH,14.0,3.0,11.0,3.2,4.0,4.0,5.3,4.1,5.3,5.2,5.2,5.3,4.8,5.7,4.15
2025-09-02,STL,ATH,3.0,2.0,1.0,3.2,4.6,4.1,5.8,4.2,5.4,5.8,5.2,5.7,4.9,5.45,3.95
2025-09-03,STL,ATH,6.0,5.0,1.0,3.4,4.4,3.6,5.5,4.15,5.35,4.6,5.6,5.2,4.8,5.45,3.95
2025-09-05,STL,SFG,10.0,2.0,8.0,3.6,4.4,3.5,4.6,4.25,5.3,7.8,5.4,7.9,4.6,5.75,4.85
2025-09-06,STL,SFG,5.0,3.0,2.0,3.2,5.6,3.5,4.7,4.35,5.55,9.2,3.6,8.3,4.5,6.1,4.4
2025-09-07,STL,SFG,7.0,4.0,3.0,3.0,4.6,3.1,4.3,4.25,5.35,7.0,3.8,8.0,4.6,5.9,4.2
2025-09-15,STL,CIN,17.0,6.0,11.0,2.8,4.4,2.9,4.5,3.45,4.9,3.0,4.8,4.6,5.9,3.9,5.3
2025-09-16,STL,CIN,3.0,3.0,0.0,3.2,6.0,3.2,4.5,3.65,5.15,4.4,5.6,4.8,5.3,4.15,5.4
2025-09-17,STL,CIN,8.0,2.0,6.0,3.4,5.2,3.3,4.4,3.45,4.95,4.0,6.0,3.9,4.3,4.1,5.45
2025-09-19,STL,MIL,8.0,7.0,1.0,3.2,5.4,3.0,4.9,3.25,4.75,6.6,2.2,5.4,3.0,5.15,3.75
2025-09-21,STL,MIL,6.0,5.0,1.0,4.2,4.0,3.5,4.2,3.5,4.45,5.2,3.2,5.1,3.6,4.75,3.7
2025-04-29,TBR,KCR,4.0,1.0,3.0,2.0,2.4,3.3,2.8,3.55,3.85,4.0,2.6,3.0,3.7,2.6,3.7
2025-04-30,TBR,KCR,3.0,0.0,3.0,2.2,2.2,1.8,3.0,3.5,3.8,3.2,2.0,3.1,3.4,2.7,3.35
2025-05-01,TBR,KCR,10.0,2.0,8.0,2.0,1.8,1.4,2.6,3.4,3.7,2.6,1.6,3.1,3.0,2.65,3.3
2025-05-06,TBR,PHI,12.0,4.0,8.0,2.4,4.2,2.3,3.2,3.25,3.7,5.2,3.2,5.2,4.4,4.6,4.75
2025-05-07,TBR,PHI,7.0,0.0,7.0,3.2,5.2,2.6,3.5,3.4,3.55,5.4,2.8,4.9,3.8,4.75,4.6
2025-05-09,TBR,MIL,7.0,4.0,3.0,2.8,5.0,2.5,4.2,3.1,3.75,3.2,3.8,3.6,4.4,4.4,3.95
2025-05-10,TBR,MIL,5.0,3.0,2.0,3.6,5.0,2.5,4.4,3.1,3.65,3.4,3.4,3.2,4.7,4.3,4.1
2025-05-11,TBR,MIL,6.0,2.0,4.0,3.6,5.0,2.4,4.4,2.85,3.6,3.0,4.0,2.7,4.8,4.15,4.1
2025-05-19,TBR,HOU,7.0,3.0,4.0,3.6,4.0,3.8,4.5,3.2,4.0,3.0,3.0,4.0,3.6,4.45,3.85
2025-05-20,TBR,HOU,5.0,3.0,2.0,4.0,4.2,4.1,4.2,3.3,4.2,3.0,3.0,4.1,3.9,4.65,3.9
2025-05-21,TBR,HOU,12.0,8.0,4.0,3.0,4.0,4.0,4.1,3.25,4.25,3.4,3.4,3.4,2.9,4.4,3.9
2025-05-23,TBR,TOR,4.0,3.0,1.0,3.8,3.0,4.5,4.3,3.45,4.35,5.0,1.8,5.5,3.3,4.75,4.2
2025-05-24,TBR,TOR,4.0,3.0,1.0,3.6,3.2,4.6,4.0,3.55,4.25,4.4,1.4,5.0,3.3,4.75,4.1
2025-05-25,TBR,TOR,13.0,13.0,0.0,4.0,2.4,3.8,3.2,3.7,4.15,4.2,1.8,4.2,3.5,4.7,3.75
2025-05-26,TBR,MIN,9.0,7.0,2.0,6.0,1.6,5.0,2.9,4.25,3.75,3.4,4.0,4.5,2.9,4.1,2.75
2025-05-27,TBR,MIN,6.0,2.0,4.0,6.8,1.6,4.9,2.8,4.6,3.7,3.4,4.4,4.1,3.3,4.15,3.0
2025-05-28,TBR,MIN,5.0,5.0,0.0,5.6,1.6,4.7,2.3,4.55,3.8,3.0,3.8,3.7,2.9,4.25,2.9
2025-06-03,TBR,TEX,6.0,5.0,1.0,7.0,1.8,6.3,1.7,5.4,3.0,4.2,1.2,3.3,2.7,3.5,2.65
2025-06-04,TBR,TEX,9.0,5.0,4.0,7.0,2.0,6.5,1.7,5.55,2.85,4.0,2.2,3.4,3.1,3.25,2.85
2025-06-05,TBR,TEX,7.0,4.0,3.0,5.4,2.2,6.7,2.0,5.25,2.6,4.8,2.8,3.7,3.2,3.35,3.05
2025-06-06,TBR,MIA,7.0,4.0,3.0,6.0,2.4,5.8,2.3,5.4,2.6,2.2,3.2,3.6,3.6,3.65,4.3
2025-06-08,TBR,MIA,5.0,3.0,2.0,3.6,2.4,5.5,2.4,5.2,2.6,2.6,4.0,3.3,3.8,3.7,4.25
2025-06-16,TBR,BAL,8.0,7.0,1.0,5.6,3.2,4.9,2.9,5.6,2.3,6.0,2.4,4.9,3.4,4.3,2.95
2025-06-17,TBR,BAL,6.0,1.0,5.0,6.8,2.8,5.1,2.9,5.8,2.3,4.2,3.6,4.6,3.8,4.25,3.25
2025-06-18,TBR,BAL,20.0,12.0,8.0,6.4,3.0,4.7,3.0,5.7,2.5,5.0,3.0,4.7,3.4,4.25,3.25
2025-06-19,TBR,BAL,5.0,1.0,4.0,7.4,3.6,5.5,3.5,5.65,2.9,6.2,5.4,4.8,4.2,4.4,3.75
2025-06-20,TBR,DET,22.0,14.0,8.0,6.0,3.6,5.2,3.6,5.35,3.0,6.4,5.8,4.7,4.9,4.35,3.7
2025-06-21,TBR,DET,11.0,8.0,3.0,7.0,5.2,6.3,4.2,5.95,3.2,5.8,7.6,5.4,5.7,4.6,4.35
2025-06-22,TBR,DET,12.0,3.0,9.0,7.2,5.6,7.0,4.2,6.1,3.35,6.2,7.0,5.3,6.5,4.6,4.7
2025-06-30,TBR,ATH,10.0,4.0,6.0,5.4,6.0,5.8,5.5,5.65,4.5,3.0,4.6,3.0,5.3,3.6,4.9
2025-07-02,TBR,ATH,11.0,6.0,5.0,5.6,7.2,6.1,5.7,5.65,4.65,3.6,5.4,3.2,4.6,3.65,4.9
2025-07-18,TBR,BAL,12.0,11.0,1.0,3.0,3.4,3.2,4.1,4.65,4.9,3.2,4.6,2.8,4.3,4.15,4.95
2025-07-19,TBR,BAL,7.0,4.0,3.0,3.8,3.0,3.7,3.7,4.5,4.55,2.8,6.6,2.4,5.3,3.95,5.45
2025-07-20,TBR,BAL,8.0,3.0,5.0,4.0,2.8,3.8,3.6,4.3,4.55,2.0,6.8,2.5,4.7,3.7,5.05
2025-07-21,TBR,CHW,11.0,3.0,8.0,3.8,2.8,3.6,3.5,4.3,4.35,6.2,3.4,5.4,3.7,4.0,3.9
2025-07-22,TBR,CHW,7.0,4.0,3.0,4.4,4.2,3.8,3.8,4.2,4.7,7.4,3.2,5.9,3.8,4.2,3.95
2025-07-23,TBR,CHW,20.0,9.0,11.0,5.0,4.0,4.0,3.7,4.25,4.85,7.6,2.8,5.2,3.9,4.35,3.65
2025-08-01,TBR,LAD,5.0,0.0,5.0,3.2,4.8,3.7,5.8,3.75,4.7,3.4,3.8,4.3,4.2,3.65,5.2
2025-08-02,TBR,LAD,4.0,4.0,0.0,2.8,4.6,3.4,5.8,3.5,4.65,4.0,3.0,4.3,3.6,3.6,5.1
2025-08-03,TBR,LAD,3.0,0.0,3.0,3.4,4.2,3.5,5.0,3.65,4.4,3.4,3.0,3.8,3.8,3.55,4.4
2025-08-19,TBR,NYY,16.0,3.0,13.0,3.6,4.4,3.9,4.6,3.35,4.3,6.8,4.0,4.9,3.7,4.85,5.2
2025-08-21,TBR,STL,11.0,4.0,7.0,4.2,5.8,3.7,5.5,3.4,4.65,5.8,6.6,4.3,5.0,3.75,4.95
2025-08-22,TBR,STL,16.0,10.0,6.0,3.4,6.8,3.9,5.9,3.55,4.9,5.6,5.0,4.7,5.2,4.1,4.9
2025-08-24,TBR,STL,9.0,7.0,2.0,4.0,6.8,4.5,5.8,3.85,5.1,6.0,5.4,5.0,6.0,4.4,5.3
2025-09-01,TBR,SEA,12.0,10.0,2.0,4.8,1.8,4.9,4.4,4.7,4.3,4.2,4.2,5.0,5.0,4.75,4.95
2025-09-02,TBR,SEA,11.0,6.0,5.0,5.0,2.2,5.8,3.9,4.85,4.25,3.4,4.8,4.8,5.4,4.7,5.35
2025-09-03,TBR,SEA,13.0,9.0,4.0,6.2,2.6,6.1,3.1,4.9,4.3,3.6,5.4,5.1,4.9,4.6,5.45
2025-09-04,TBR,CLE,6.0,4.0,2.0,7.2,3.2,6.6,2.8,5.25,4.35,5.0,5.0,3.3,5.3,3.5,5.35
2025-09-05,TBR,CLE,8.0,1.0,7.0,7.2,3.4,6.0,2.4,5.25,4.1,4.6,5.2,3.5,4.7,3.4,5.25
2025-09-06,TBR,CLE,5.0,2.0,3.0,6.0,4.0,5.4,2.9,5.15,4.15,5.6,4.6,4.2,4.3,3.55,5.15
2025-09-07,TBR,CLE,3.0,1.0,2.0,4.4,4.2,4.7,3.2,4.9,4.1,5.4,3.8,4.5,3.6,3.5,4.6
2025-09-16,TBR,TOR,11.0,5.0,6.0,3.6,5.0,3.1,4.3,4.85,3.55,6.0,2.0,6.6,3.6,5.7,4.2
2025-09-17,TBR,TOR,3.0,2.0,1.0,3.6,5.0,3.2,4.7,4.6,3.55,6.8,2.4,6.0,3.2,5.95,4.35
2025-09-18,TBR,TOR,4.0,4.0,0.0,3.8,4.2,3.3,4.1,4.35,3.5,5.8,2.8,4.8,2.5,5.75,4.35
2025-09-19,TBR,BOS,18.0,7.0,11.0,3.8,3.0,3.5,3.8,4.1,3.5,2.8,4.0,3.9,3.4,4.15,4.15
2025-09-20,TBR,BOS,9.0,3.0,6.0,4.2,4.4,4.1,4.7,4.45,3.9,4.8,4.6,4.9,3.6,4.45,4.5
2025-09-21,TBR,BOS,10.0,7.0,3.0,4.2,4.8,3.9,4.9,4.4,4.15,5.4,4.2,4.8,3.5,4.6,4.55
2025-04-19,TEX,LAD,7.0,4.0,3.0,2.6,2.0,3.0,4.3,3.15,3.85,4.8,3.2,3.9,5.1,4.4,4.05
2025-04-20,TEX,LAD,1.0,0.0,1.0,3.2,2.0,3.4,3.9,3.25,3.75,5.0,3.2,3.8,4.9,4.35,4.2
2025-04-28,TEX,ATH,3.0,1.0,2.0,2.2,3.0,2.8,3.0,3.15,3.7,4.6,5.6,4.1,4.9,4.55,5.25
2025-04-29,TEX,ATH,17.0,15.0,2.0,2.0,2.4,2.4,2.9,2.9,3.6,4.0,4.2,4.0,4.9,4.55,4.8
2025-04-30,TEX,ATH,8.0,1.0,7.0,4.4,2.0,3.9,2.8,3.45,3.55,3.4,6.8,3.4,6.4,4.3,5.35
2025-05-01,TEX,ATH,3.0,0.0,3.0,4.2,3.4,3.6,3.2,3.5,3.55,4.0,6.4,3.8,6.0,4.4,4.8
2025-05-02,TEX,SEA,14.0,1.0,13.0,3.8,3.4,3.6,3.4,3.2,3.2,7.8,4.0,6.3,4.2,5.4,3.95
2025-05-03,TEX,SEA,3.0,1.0,2.0,3.6,5.4,2.9,4.2,2.95,3.75,9.6,2.6,7.5,4.0,5.9,3.9
2025-05-04,TEX,SEA,9.0,8.0,1.0,3.6,5.4,2.8,3.9,2.85,3.6,7.2,2.8,6.9,3.8,5.95,3.75
2025-05-12,TEX,COL,3.0,2.0,1.0,4.2,3.4,3.7,3.7,3.65,3.45,4.2,11.6,3.3,8.1,3.6,7.3
2025-05-13,TEX,COL,5.0,4.0,1.0,3.8,2.4,3.9,3.5,3.75,3.45,4.0,10.0,3.2,8.2,3.1,6.8
2025-05-14,TEX,COL,11.0,8.0,3.0,4.6,1.6,4.2,2.3,3.55,3.25,4.0,8.6,2.9,8.3,3.05,6.85
2025-05-15,TEX,HOU,1.0,1.0,0.0,6.0,1.8,4.9,2.4,3.85,3.15,5.2,4.8,5.0,3.7,4.65,3.45
2025-05-16,TEX,HOU,9.0,3.0,6.0,4.2,1.2,4.2,2.3,3.75,2.95,3.4,2.4,4.2,3.5,4.3,3.5
2025-05-17,TEX,HOU,6.0,5.0,1.0,3.6,2.2,3.9,2.8,3.8,3.25,3.4,3.0,4.7,3.3,4.35,3.6
2025-05-18,TEX,HOU,7.0,3.0,4.0,4.2,2.2,4.0,2.3,3.95,3.15,2.6,2.6,4.5,3.4,4.25,3.8
2025-05-26,TEX,TOR,3.0,1.0,2.0,2.8,4.6,2.8,3.9,3.85,3.15,3.8,3.8,3.3,3.7,4.5,4.3
2025-05-27,TEX,TOR,2.0,2.0,0.0,2.4,4.2,2.8,4.1,3.5,3.2,3.6,4.0,3.2,3.7,4.35,4.2
2025-05-28,TEX,TOR,2.0,0.0,2.0,2.8,4.0,2.7,3.5,3.3,3.15,0.8,4.4,2.9,3.1,4.2,4.05
2025-05-30,TEX,STL,12.0,11.0,1.0,2.6,3.6,2.2,3.6,3.1,2.95,5.0,4.2,4.6,4.0,5.1,2.9
2025-05-31,TEX,STL,2.0,0.0,2.0,3.8,1.8,3.0,3.3,3.65,2.75,4.0,5.4,4.6,4.9,5.05,3.4
2025-06-01,TEX,STL,9.0,8.0,1.0,2.8,1.4,2.8,3.0,3.6,2.75,3.6,4.8,3.7,4.5,4.9,3.4
2025-06-13,TEX,CHW,4.0,3.0,1.0,8.6,3.0,5.9,3.2,4.35,3.1,3.6,4.8,4.0,4.8,4.05,4.15
2025-06-15,TEX,CHW,3.0,2.0,1.0,8.2,3.2,5.4,3.2,4.35,2.95,3.0,5.2,3.9,4.8,4.05,4.3
2025-06-17,TEX,KCR,7.0,1.0,6.0,7.8,3.0,5.5,2.8,4.45,2.95,1.8,4.0,2.8,5.1,3.3,4.7
2025-06-18,TEX,KCR,9.0,3.0,6.0,4.8,3.4,5.2,2.9,4.45,3.05,2.4,3.0,2.7,4.7,3.2,4.55
2025-06-19,TEX,KCR,5.0,1.0,4.0,5.0,3.4,5.2,3.1,4.35,2.85,3.6,3.4,3.1,4.3,3.45,4.55
2025-07-01,TEX,BAL,12.0,10.0,2.0,3.8,3.6,2.9,3.6,4.4,3.4,7.2,5.4,5.5,5.6,5.1,4.5
2025-07-02,TEX,BAL,6.0,6.0,0.0,4.6,3.6,3.6,3.7,4.5,3.45,6.4,7.4,4.9,5.4,4.85,4.8
2025-07-18,TEX,DET,2.0,2.0,0.0,8.8,4.0,7.3,3.6,5.1,3.6,4.2,8.8,4.0,6.6,5.2,5.45
2025-07-19,TEX,DET,5.0,4.0,1.0,6.6,3.8,6.5,3.4,5.05,3.55,3.4,8.8,3.6,5.9,4.8,4.85
2025-07-20,TEX,DET,3.0,1.0,2.0,5.8,1.8,6.3,3.5,5.15,3.55,3.0,8.2,3.0,5.2,4.7,4.65
2025-07-21,TEX,ATH,9.0,7.0,2.0,3.8,1.4,5.7,3.3,5.15,3.35,5.2,4.8,4.8,5.4,4.45,5.15
2025-07-22,TEX,ATH,8.0,6.0,2.0,3.8,1.2,6.3,3.1,5.35,3.15,4.8,5.6,4.8,5.4,4.55,5.35
2025-07-23,TEX,ATH,3.0,2.0,1.0,4.0,1.4,6.4,2.7,5.6,3.05,4.0,6.2,4.8,5.4,4.45,5.1
2025-07-25,TEX,ATL,11.0,8.0,3.0,4.0,1.6,5.3,2.7,5.4,3.0,4.6,7.8,5.6,6.0,3.8,5.35
2025-07-27,TEX,ATL,9.0,8.0,1.0,4.8,2.0,5.3,1.9,5.65,3.05,3.4,7.0,5.0,6.6,3.95,5.55
2025-08-05,TEX,NYY,2.0,2.0,0.0,3.6,5.2,4.6,3.9,5.45,3.5,5.8,6.2,4.8,6.7,5.3,5.55
2025-08-06,TEX,NYY,5.0,2.0,3.0,3.0,3.6,4.2,3.7,5.3,3.2,4.4,5.6,4.4,6.1,4.8,5.5
2025-08-08,TEX,PHI,10.0,1.0,9.0,2.2,3.6,4.2,3.9,4.75,3.3,5.2,3.0,4.5,4.1,5.35,4.0
2025-08-09,TEX,PHI,5.0,2.0,3.0,2.4,4.2,3.5,4.5,4.4,3.2,6.0,1.8,5.1,3.8,5.15,4.05
2025-08-10,TEX,PHI,6.0,2.0,4.0,2.2,4.0,2.9,4.7,3.95,3.15,6.2,2.2,5.2,3.4,5.2,3.95
2025-08-12,TEX,ARI,5.0,2.0,3.0,1.8,3.8,2.7,4.5,3.7,3.2,6.6,3.4,5.1,4.7,4.3,4.05
2025-08-13,TEX,ARI,10.0,4.0,6.0,1.8,4.4,2.4,4.0,3.55,3.3,6.0,3.4,5.2,3.7,4.2,4.1
2025-08-22,TEX,CLE,7.0,4.0,3.0,5.0,4.4,4.0,5.5,3.45,5.1,2.6,4.8,3.7,5.1,4.5,4.4
2025-08-23,TEX,CLE,10.0,10.0,0.0,3.8,4.2,4.2,5.4,3.45,4.95,3.2,5.2,3.7,5.4,4.35,4.4
2025-08-24,TEX,CLE,5.0,5.0,0.0,5.2,3.4,5.0,5.1,3.7,4.55,3.0,5.2,3.3,5.8,4.3,4.7
2025-08-25,TEX,LAA,4.0,0.0,4.0,5.8,2.4,5.1,4.5,3.65,4.4,2.4,5.2,3.1,5.6,3.7,5.3
2025-08-26,TEX,LAA,10.0,7.0,3.0,4.6,2.6,4.6,4.3,3.65,4.3,2.4,4.0,2.8,5.2,3.75,5.0
2025-08-27,TEX,LAA,23.0,20.0,3.0,5.2,2.0,5.1,3.2,3.85,4.25,2.6,5.2,2.5,5.4,3.75,5.05
2025-09-06,TEX,HOU,11.0,0.0,11.0,5.2,3.6,6.8,2.8,5.5,4.1,4.2,5.6,3.3,4.1,3.4,5.6
2025-09-07,TEX,HOU,6.0,4.0,2.0,4.2,5.4,5.8,3.9,5.4,4.5,6.4,5.0,4.3,3.5,3.9,4.9
2025-09-08,TEX,MIL,5.0,5.0,0.0,3.2,5.2,5.7,4.1,5.4,4.3,5.0,2.0,5.2,3.7,4.55,4.15
2025-09-09,TEX,MIL,9.0,5.0,4.0,2.4,4.0,6.2,3.7,5.4,4.0,3.8,2.4,4.8,3.6,4.35,4.1
2025-09-10,TEX,MIL,9.0,6.0,3.0,2.8,3.8,6.0,3.8,5.55,3.5,4.6,3.0,4.5,3.9,4.5,4.15
2025-09-20,TEX,MIA,7.0,3.0,4.0,4.2,4.4,4.1,4.2,5.45,3.5,6.2,4.0,6.1,4.9,5.3,6.15
2025-09-21,TEX,MIA,6.0,2.0,4.0,3.2,4.6,4.4,3.5,5.1,3.7,5.4,4.2,6.0,4.8,5.45,5.7
2025-09-23,TEX,MIN,5.0,1.0,4.0,3.0,5.0,4.2,3.7,4.95,3.9,2.6,6.4,4.5,6.0,4.65,6.2
2025-09-24,TEX,MIN,6.0,4.0,2.0,2.6,4.6,3.8,4.1,5.0,3.9,2.4,4.6,4.6,5.7,4.5,6.15
2025-09-25,TEX,MIN,4.0,0.0,4.0,2.4,3.8,3.7,3.9,4.85,3.85,2.4,4.2,3.9,5.3,4.35,6.05
2025-04-29,TOR,BOS,12.0,2.0,10.0,1.8,5.2,2.4,4.6,3.05,3.95,6.4,4.6,5.9,3.9,5.75,5.3
2025-05-01,TOR,BOS,6.0,4.0,2.0,2.0,6.2,2.0,5.3,2.9,4.35,7.4,3.4,6.8,4.1,5.85,5.2
2025-05-02,TOR,CLE,8.0,5.0,3.0,2.6,6.0,2.1,5.4,2.85,4.3,2.6,6.8,3.1,4.9,3.75,4.2
2025-05-03,TOR,CLE,8.0,3.0,5.0,2.8,6.2,2.3,5.6,2.9,4.35,2.6,6.4,3.1,5.4,3.85,4.45
2025-05-04,TOR,CLE,9.0,4.0,5.0,3.0,5.0,2.3,5.3,3.05,4.35,3.0,4.4,3.0,5.3,3.95,4.5
2025-05-13,TOR,TBR,20.0,9.0,11.0,6.6,3.4,5.2,4.0,3.6,4.65,2.6,4.8,2.5,4.5,2.15,3.75
2025-05-14,TOR,TBR,4.0,3.0,1.0,7.6,4.6,5.7,4.9,3.9,5.15,4.0,5.0,3.6,5.1,2.5,3.85
2025-05-15,TOR,TBR,11.0,3.0,8.0,6.6,3.8,5.5,4.7,3.9,5.15,4.2,4.2,3.5,4.6,2.55,3.95
2025-05-16,TOR,DET,9.0,4.0,5.0,6.0,4.8,5.5,5.0,3.9,5.15,5.2,4.8,7.1,3.4,6.3,3.35
2025-05-17,TOR,DET,3.0,2.0,1.0,5.6,5.2,5.5,5.0,4.1,5.05,5.8,5.4,6.7,3.7,6.25,3.35
2025-05-18,TOR,DET,5.0,2.0,3.0,4.2,5.2,5.4,4.3,4.15,4.85,5.4,3.8,6.6,3.4,6.3,3.35
2025-05-20,TOR,SDP,3.0,3.0,0.0,2.8,3.6,5.2,4.1,4.2,4.85,2.8,4.0,5.9,5.9,4.65,4.45
2025-05-21,TOR,SDP,14.0,14.0,0.0,2.8,3.4,4.7,3.6,4.15,4.75,1.6,3.8,5.6,5.0,4.65,4.3
2025-05-29,TOR,ATH,12.0,12.0,0.0,1.0,3.8,2.7,2.6,4.1,3.8,3.4,6.8,3.3,6.7,4.05,7.35
2025-05-30,TOR,ATH,18.0,11.0,7.0,3.2,3.2,3.7,2.5,4.55,3.4,2.4,7.2,3.2,7.0,3.75,7.5
2025-05-31,TOR,ATH,15.0,8.0,7.0,5.4,2.0,4.6,2.9,4.9,3.5,3.2,8.6,3.7,7.8,3.95,7.95
2025-06-01,TOR,ATH,12.0,8.0,4.0,6.6,3.2,5.1,3.6,4.9,3.6,3.6,9.4,4.1,8.2,4.15,8.1
2025-06-03,TOR,PHI,11.0,3.0,8.0,8.2,3.6,4.5,4.0,5.0,3.65,3.8,8.2,4.0,5.4,4.55,4.3
2025-06-04,TOR,PHI,3.0,2.0,1.0,8.4,5.2,4.7,4.5,4.85,3.9,4.4,8.0,3.9,5.2,4.6,4.4
2025-06-05,TOR,PHI,10.0,9.0,1.0,6.4,5.4,4.8,4.3,4.5,3.9,4.0,6.6,3.8,5.4,4.5,4.5
2025-06-17,TOR,ARI,9.0,5.0,4.0,4.2,6.6,4.6,4.9,4.65,4.7,6.0,4.2,5.4,5.2,4.75,5.45
2025-06-18,TOR,ARI,9.0,8.0,1.0,3.2,5.6,4.9,5.2,4.85,4.75,4.8,4.6,5.0,5.4,4.9,5.55
2025-06-19,TOR,ARI,14.0,5.0,9.0,3.8,5.4,4.8,5.2,5.25,4.15,4.0,5.8,4.9,6.1,4.8,5.75
2025-06-20,TOR,CHW,8.0,1.0,7.0,4.8,5.6,4.7,5.7,5.4,4.55,2.2,5.2,3.3,4.8,3.45,4.65
2025-06-21,TOR,CHW,8.0,7.0,1.0,4.6,6.4,4.3,6.0,5.45,4.8,3.0,4.6,3.3,4.7,3.6,4.45
2025-06-22,TOR,CHW,6.0,2.0,4.0,5.2,4.4,4.7,5.5,5.7,4.85,3.0,5.4,3.0,5.3,3.6,4.7
2025-06-30,TOR,NYY,9.0,5.0,4.0,6.2,4.8,5.4,4.6,5.15,4.9,4.6,3.8,4.8,3.2,4.75,3.7
2025-07-01,TOR,NYY,17.0,12.0,5.0,5.2,4.4,5.1,4.9,4.95,5.05,5.2,3.6,5.0,3.4,4.75,3.95
2025-07-02,TOR,NYY,20.0,11.0,9.0,6.4,5.4,5.8,4.5,5.25,5.1,4.8,5.8,4.8,4.3,4.55,4.25
2025-07-03,TOR,NYY,13.0,8.0,5.0,6.8,7.2,6.8,4.7,5.55,5.35,6.0,8.0,5.4,4.9,4.65,4.3
2025-07-06,TOR,LAA,5.0,3.0,2.0,8.2,5.2,6.9,5.1,5.8,5.3,5.8,5.2,6.2,4.9,5.2,4.6
2025-07-18,TOR,SFG,4.0,4.0,0.0,4.4,4.4,6.1,4.7,5.75,4.65,3.2,5.2,4.0,5.1,3.65,4.65
2025-07-19,TOR,SFG,9.0,6.0,3.0,3.6,3.6,6.0,4.3,5.55,4.6,2.6,5.8,3.8,4.7,3.55,4.8
2025-07-20,TOR,SFG,14.0,8.0,6.0,4.6,3.8,5.4,4.1,5.6,4.3,2.4,6.4,3.4,5.1,3.45,4.75
2025-07-21,TOR,NYY,5.0,4.0,1.0,4.8,3.8,5.1,3.8,5.95,4.25,4.4,5.4,6.4,5.2,5.75,5.65
2025-07-22,TOR,NYY,9.0,4.0,5.0,5.0,3.2,4.7,3.4,5.8,4.25,4.2,5.2,5.9,4.4,5.75,5.55
2025-07-23,TOR,NYY,12.0,8.0,4.0,5.2,3.0,4.8,3.7,5.9,4.3,5.0,5.2,5.8,4.4,5.65,5.7
2025-08-01,TOR,KCR,12.0,3.0,9.0,4.6,9.6,5.8,6.4,5.25,4.9,6.4,5.4,5.5,4.6,4.75,4.05
2025-08-02,TOR,KCR,6.0,4.0,2.0,4.4,9.4,5.7,6.8,5.25,5.25,6.6,5.2,6.1,4.7,5.1,4.05
2025-08-12,TOR,CHC,6.0,5.0,1.0,7.4,4.6,7.0,4.6,6.45,5.3,3.6,3.0,3.9,2.8,4.15,4.4
2025-08-13,TOR,CHC,5.0,1.0,4.0,6.4,4.0,7.3,4.4,6.3,5.05,3.6,3.0,3.0,3.0,3.9,4.65
2025-08-14,TOR,CHC,3.0,2.0,1.0,2.6,4.6,6.5,4.0,6.15,5.2,3.2,3.0,3.3,3.1,4.05,4.4
2025-08-15,TOR,TEX,11.0,6.0,5.0,2.8,3.8,6.4,3.2,6.05,5.0,2.2,5.0,2.2,4.3,3.65,3.6
2025-08-16,TOR,TEX,16.0,14.0,2.0,3.8,3.0,6.6,3.5,5.95,5.05,3.0,4.4,2.7,4.3,3.7,3.85
2025-08-17,TOR,TEX,14.0,4.0,10.0,5.6,2.6,6.5,3.6,6.1,4.95,3.0,6.6,2.6,5.3,3.75,4.45
2025-08-25,TOR,MIN,14.0,10.0,4.0,3.6,3.4,4.5,3.9,5.9,4.15,3.6,7.2,3.6,6.2,4.0,5.85
2025-08-26,TOR,MIN,12.0,5.0,7.0,5.2,3.2,5.4,3.9,5.95,3.95,3.8,8.0,3.9,6.3,3.95,5.95
2025-08-27,TOR,MIN,17.0,9.0,8.0,4.8,4.0,5.7,4.5,6.05,3.85,4.6,7.4,4.2,6.7,4.25,5.55
2025-08-29,TOR,MIL,9.0,2.0,7.0,6.4,5.2,6.0,4.8,6.3,4.15,5.0,5.2,3.9,4.6,5.75,4.1
2025-08-30,TOR,MIL,5.0,1.0,4.0,5.8,6.2,4.8,5.3,5.65,4.45,5.8,4.8,4.5,4.4,5.85,4.0
2025-08-31,TOR,MIL,12.0,8.0,4.0,5.4,6.0,4.5,4.7,5.2,4.45,5.2,4.0,4.6,4.1,5.9,3.95
2025-09-10,TOR,HOU,5.0,2.0,3.0,7.2,5.2,6.0,5.4,5.85,4.95,5.2,5.2,4.1,3.9,3.8,5.05
2025-09-11,TOR,HOU,6.0,6.0,0.0,5.2,4.0,5.3,4.9,5.65,4.85,5.6,4.2,4.0,3.8,3.95,4.8
2025-09-12,TOR,BAL,7.0,6.0,1.0,3.8,2.2,5.7,4.2,5.25,4.75,3.6,3.2,4.9,5.0,4.7,4.8
2025-09-13,TOR,BAL,9.0,5.0,4.0,3.6,2.2,6.2,3.9,5.35,4.3,2.4,3.4,4.2,4.1,4.15,5.1
2025-09-14,TOR,BAL,13.0,11.0,2.0,4.4,2.4,5.9,3.9,5.5,4.25,2.8,4.2,3.5,4.5,4.05,5.2
2025-09-23,TOR,BOS,5.0,1.0,4.0,2.2,6.6,4.5,4.5,4.9,4.7,4.8,4.8,4.4,4.2,4.6,4.8
2025-09-24,TOR,BOS,8.0,1.0,7.0,2.2,7.0,4.0,4.9,4.85,4.55,5.4,4.6,4.2,4.3,4.7,4.65
2025-09-25,TOR,BOS,7.0,6.0,1.0,2.4,7.6,3.5,5.5,4.85,4.7,6.2,3.8,4.5,3.9,4.9,4.2
2025-09-26,TOR,TBR,6.0,4.0,2.0,3.4,3.8,3.6,5.2,4.75,4.55,4.2,4.6,4.2,4.5,3.95,4.4
2025-09-27,TOR,TBR,6.0,5.0,1.0,4.0,3.8,2.9,5.2,4.75,4.4,4.0,4.2,4.1,4.5,3.6,4.4
2025-04-22,WSN,BAL,7.0,7.0,0.0,3.4,4.6,4.0,5.5,4.2,4.75,5.8,8.0,4.5,6.4,4.6,5.55
2025-04-23,WSN,BAL,7.0,4.0,3.0,4.6,3.4,4.0,5.1,4.3,4.7,4.0,9.2,4.0,7.0,4.0,5.8
2025-04-24,WSN,BAL,3.0,1.0,2.0,5.4,3.8,3.8,4.7,4.4,4.6,3.4,9.6,4.0,7.0,4.05,5.6
2025-04-25,WSN,NYM,9.0,5.0,4.0,3.2,2.0,3.5,3.8,4.3,4.45,5.0,2.6,4.6,2.4,4.4,2.65
2025-04-26,WSN,NYM,2.0,0.0,2.0,3.6,2.4,3.7,3.2,4.45,4.45,4.8,2.8,4.9,2.6,4.55,2.8
2025-04-27,WSN,NYM,15.0,8.0,7.0,3.4,2.2,3.4,3.4,4.25,4.25,4.6,2.8,4.3,2.6,4.15,2.6
2025-04-28,WSN,NYM,24.0,5.0,19.0,3.6,3.6,4.1,3.5,4.45,4.45,4.6,3.6,4.5,3.3,4.4,2.8
2025-05-06,WSN,CLE,19.0,10.0,9.0,4.4,4.4,4.6,6.1,4.05,4.95,3.8,3.0,3.2,5.5,3.9,4.65
2025-05-06,WSN,CLE,19.0,10.0,9.0,4.4,4.4,4.6,6.1,4.05,4.95,5.2,4.8,4.0,6.0,4.0,5.15
2025-05-06,WSN,CLE,10.0,1.0,9.0,6.0,4.8,5.1,6.6,4.4,4.9,3.8,3.0,3.2,5.5,3.9,4.65
2025-05-06,WSN,CLE,10.0,1.0,9.0,6.0,4.8,5.1,6.6,4.4,4.9,5.2,4.8,4.0,6.0,4.0,5.15
2025-05-07,WSN,CLE,14.0,6.0,8.0,5.4,6.2,5.2,7.3,4.3,5.35,6.2,4.6,4.4,5.7,4.15,5.05
2025-05-09,WSN,STL,10.0,0.0,10.0,6.4,6.6,5.0,7.4,4.55,5.45,4.8,2.6,4.4,3.5,4.0,4.15
2025-05-10,WSN,STL,6.0,2.0,4.0,4.2,7.4,4.5,6.5,4.55,5.9,5.6,1.6,5.3,3.2,4.45,3.95
2025-05-11,WSN,STL,7.0,1.0,6.0,3.8,8.0,4.1,6.2,4.05,5.55,5.4,1.2,5.1,3.4,4.45,3.8
2025-05-20,WSN,ATL,8.0,5.0,3.0,6.2,4.4,3.9,5.1,4.45,6.25,5.8,4.0,4.6,3.6,4.45,3.35
2025-05-23,WSN,SFG,4.0,0.0,4.0,6.2,4.2,4.4,4.4,4.45,5.45,4.0,3.2,4.0,3.7,4.0,3.65
2025-05-24,WSN,SFG,3.0,3.0,0.0,5.8,4.0,4.2,4.4,4.15,5.3,3.0,3.0,4.3,3.4,4.05,3.55
2025-05-25,WSN,SFG,5.0,2.0,3.0,5.6,3.4,4.4,3.8,4.2,4.95,2.4,3.2,4.2,3.5,3.9,3.6
2025-06-03,WSN,CHC,11.0,3.0,8.0,6.2,5.2,5.1,4.0,4.3,4.75,3.2,2.2,6.0,3.3,5.7,3.8
2025-06-04,WSN,CHC,2.0,2.0,0.0,6.6,5.0,4.4,4.4,4.15,4.75,4.2,2.6,5.4,3.5,6.0,3.6
2025-06-05,WSN,CHC,8.0,1.0,7.0,5.2,5.0,4.1,4.1,4.25,4.25,3.8,2.8,5.2,3.6,5.7,3.45
2025-06-06,WSN,TEX,2.0,2.0,0.0,3.6,5.0,4.2,4.4,4.2,4.4,3.2,3.4,3.5,2.6,3.3,3.2
2025-06-07,WSN,TEX,5.0,0.0,5.0,1.8,3.6,4.1,4.4,4.25,4.1,3.2,3.4,3.0,2.4,2.9,3.15
2025-06-08,WSN,TEX,6.0,2.0,4.0,1.6,4.0,3.9,4.6,4.1,4.15,2.6,3.2,3.4,2.2,3.1,3.15
2025-06-13,WSN,MIA,20.0,9.0,11.0,1.4,3.6,2.5,4.3,3.9,4.1,2.6,4.8,2.4,4.0,3.4,4.55
2025-06-14,WSN,MIA,7.0,3.0,4.0,2.8,5.8,2.3,4.7,4.15,4.5,4.2,5.8,3.4,4.9,3.7,4.95
2025-06-15,WSN,MIA,4.0,1.0,3.0,3.4,5.6,2.5,4.8,3.8,4.4,4.6,5.8,3.6,4.8,3.5,4.75
2025-06-16,WSN,COL,10.0,4.0,6.0,3.2,5.4,2.3,4.3,3.35,4.35,6.0,6.8,4.6,6.7,3.6,5.75
2025-06-17,WSN,COL,16.0,6.0,10.0,4.0,5.6,2.5,4.9,3.3,4.5,5.8,5.6,4.9,6.9,3.75,5.85
2025-06-18,WSN,COL,4.0,1.0,3.0,4.6,6.8,3.0,5.2,3.6,4.8,6.2,5.4,5.7,7.1,4.2,5.5
2025-07-02,WSN,DET,13.0,2.0,11.0,6.0,5.6,5.6,6.3,4.05,5.6,4.4,2.4,6.2,4.3,5.15,4.55
2025-07-02,WSN,DET,13.0,2.0,11.0,6.0,5.6,5.6,6.3,4.05,5.6,6.6,2.2,6.4,4.3,5.55,4.6
2025-07-02,WSN,DET,13.0,9.0,4.0,4.4,6.6,5.2,6.4,4.1,5.8,4.4,2.4,6.2,4.3,5.15,4.55
2025-07-02,WSN,DET,13.0,9.0,4.0,4.4,6.6,5.2,6.4,4.1,5.8,6.6,2.2,6.4,4.3,5.55,4.6
2025-07-03,WSN,DET,18.0,11.0,7.0,5.6,6.6,6.0,6.5,4.45,6.0,5.8,4.0,6.0,3.8,5.7,4.75
2025-07-04,WSN,BOS,13.0,2.0,11.0,7.8,7.8,6.6,6.6,5.0,6.1,8.0,4.6,5.4,5.8,5.0,4.65
2025-07-05,WSN,BOS,13.0,3.0,10.0,5.2,8.2,6.1,7.4,5.0,6.45,7.2,4.8,6.3,5.7,5.05,4.4
2025-07-06,WSN,BOS,10.0,4.0,6.0,5.4,8.6,5.7,7.1,5.15,6.7,8.6,4.4,6.8,5.1,5.0,4.2
2025-07-18,WSN,SDP,9.0,2.0,7.0,3.6,6.4,4.0,7.0,5.0,6.75,3.2,3.8,2.9,3.8,3.15,3.85
2025-07-19,WSN,SDP,6.0,4.0,2.0,2.4,7.4,3.1,7.0,4.85,6.8,4.2,2.6,3.5,3.5,3.25,3.9
2025-07-20,WSN,SDP,9.0,1.0,8.0,3.0,6.2,3.3,6.1,4.7,6.75,3.8,2.8,3.3,3.2,3.2,4.0
2025-07-21,WSN,CIN,18.0,10.0,8.0,2.6,6.2,3.1,5.9,4.4,6.5,4.6,2.8,4.1,3.6,4.25,4.4
2025-07-22,WSN,CIN,7.0,6.0,1.0,3.6,6.6,3.7,6.1,4.4,6.6,5.4,4.2,4.8,4.1,4.6,4.55
2025-07-23,WSN,CIN,5.0,0.0,5.0,4.6,5.2,4.1,5.8,4.55,6.45,4.8,5.0,4.7,3.5,4.25,4.8
2025-08-01,WSN,MIL,25.0,9.0,16.0,4.6,4.4,4.0,4.5,3.65,5.3,5.4,5.2,5.0,3.9,5.25,3.35
2025-08-02,WSN,MIL,10.0,2.0,8.0,4.6,7.0,4.8,5.3,3.95,5.6,7.8,5.6,6.0,4.3,5.75,3.55
2025-08-03,WSN,MIL,17.0,3.0,14.0,3.6,8.2,4.0,5.3,3.85,5.7,8.8,5.6,6.2,4.5,6.05,3.45
2025-08-05,WSN,ATH,23.0,7.0,16.0,3.8,10.8,3.7,6.6,3.9,6.2,4.4,3.8,5.5,2.9,4.7,4.2
2025-08-06,WSN,ATH,3.0,2.0,1.0,4.4,12.6,4.4,7.7,3.85,6.9,6.4,5.0,6.6,3.4,5.4,4.1
2025-08-07,WSN,ATH,6.0,0.0,6.0,4.6,11.0,4.6,7.7,3.9,6.55,5.6,4.6,5.2,3.3,5.15,3.85
2025-08-14,WSN,PHI,5.0,3.0,2.0,5.8,4.8,4.1,6.6,4.05,5.95,2.4,3.8,4.2,2.8,4.65,3.95
2025-08-15,WSN,PHI,8.0,2.0,6.0,5.6,4.8,4.1,5.4,3.9,6.0,2.2,4.0,4.2,3.1,4.65,3.7
2025-08-16,WSN,PHI,2.0,2.0,0.0,4.4,6.0,3.6,4.4,4.0,6.05,2.6,4.0,3.5,3.0,4.75,3.75
2025-08-17,WSN,PHI,20.0,9.0,11.0,4.0,4.6,3.6,4.3,4.1,6.0,1.8,4.2,3.0,3.2,4.15,3.6
2025-08-19,WSN,NYM,9.0,1.0,8.0,4.8,5.2,4.5,4.8,4.1,6.4,5.6,6.0,5.4,5.6,5.0,5.2
2025-08-20,WSN,NYM,9.0,5.0,4.0,3.4,5.4,4.6,5.1,3.8,6.7,6.0,4.0,6.1,5.3,5.1,5.1
2025-08-21,WSN,NYM,12.0,9.0,3.0,3.8,5.8,4.7,5.3,3.95,6.85,6.2,4.2,6.3,5.5,4.9,5.3
2025-08-29,WSN,TBR,5.0,1.0,4.0,2.8,7.0,4.3,6.5,3.95,5.4,6.0,3.6,5.1,4.7,4.2,4.4
2025-08-30,WSN,TBR,5.0,1.0,4.0,2.2,6.6,3.5,5.8,4.0,5.3,6.0,2.4,4.7,4.6,4.2,4.45
2025-08-31,WSN,TBR,11.0,4.0,7.0,2.0,6.8,3.5,5.4,4.05,5.25,4.8,1.4,4.4,4.1,4.4,4.35
2025-09-01,WSN,MIA,2.0,2.0,0.0,1.8,6.2,3.4,5.7,4.05,5.5,6.6,8.8,5.0,6.6,4.75,6.25
2025-09-02,WSN,MIA,7.0,5.0,2.0,2.0,5.2,2.7,5.4,3.75,5.5,6.4,6.8,4.4,6.6,4.45,5.95
2025-09-03,WSN,MIA,15.0,10.0,5.0,2.6,3.4,2.7,5.2,3.8,5.25,5.4,7.0,4.4,6.6,4.5,5.85
2025-09-12,WSN,PIT,11.0,6.0,5.0,6.2,5.6,5.5,4.7,4.45,5.2,2.4,5.0,4.0,4.2,4.25,3.4
2025-09-13,WSN,PIT,6.0,1.0,5.0,6.2,6.0,5.9,5.2,4.3,5.3,2.4,5.6,4.1,4.6,4.25,3.6
2025-09-14,WSN,PIT,7.0,4.0,3.0,3.4,5.6,5.5,5.5,4.1,5.35,3.0,4.8,3.6,4.4,4.35,3.3
2025-09-15,WSN,ATL,14.0,3.0,11.0,2.8,5.2,4.9,5.3,4.1,5.2,3.2,5.8,3.3,6.0,4.05,5.75
2025-09-16,WSN,ATL,9.0,3.0,6.0,2.8,5.8,4.7,5.3,4.15,5.6,5.2,5.2,3.9,6.2,4.25,5.3
2025-09-17,WSN,ATL,13.0,4.0,9.0,3.4,6.0,4.8,5.8,4.05,5.4,6.0,5.2,4.1,6.4,4.45,5.0
2025-09-26,WSN,CHW,19.0,9.0,10.0,4.0,6.2,3.5,6.5,4.7,5.85,2.2,5.2,2.6,4.7,3.5,4.55
2025-09-27,WSN,CHW,11.0,6.0,5.0,4.6,5.8,4.3,7.0,4.9,6.25,3.6,5.6,3.4,5.3,3.8,4.85
