Date,home_team,away_team,total_runs,home_runs,away_runs,home_off_roll5,home_def_roll5,home_off_roll10,home_def_roll10,home_off_roll20,home_def_roll20,away_off_roll5,away_def_roll5,away_off_roll10,away_def_roll10,away_off_roll20,away_def_roll20,game_date,home_SP_name,home_SP_K_pct_talent,home_SP_BB_pct_talent,home_SP_whiff_pct_talent,away_SP_name,away_SP_K_pct_talent,away_SP_BB_pct_talent,away_SP_whiff_pct_talent,home_bp_K_pct_roll10,home_bp_BB_pct_roll10,home_bp_whiff_pct_roll10,home_bp_K_pct_talent,home_bp_BB_pct_talent,home_bp_whiff_pct_talent,away_bp_K_pct_roll10,away_bp_BB_pct_roll10,away_bp_whiff_pct_roll10,away_bp_K_pct_talent,away_bp_BB_pct_talent,away_bp_whiff_pct_talent
2025-04-22,ARI,TBR,6.0,5.0,1.0,7.0,5.8,5.8,4.5,5.55,4.55,1.4,3.8,4.2,4.2,4.05,3.8,2025-04-22,Brandon Pfaadt,0.1812758799171842,0.0546428571428571,0.2124176548089591,Zack Littell,0.2049422799422799,0.0504232804232804,0.1812109697183928,0.25566100566100564,0.07922008547008545,0.22662989203778677,0.276095621550167,0.055723001745729,0.25416255486705164,0.23488075933728103,0.03914237935977065,0.29496753246753243,0.2465639765308447,0.042169840931756755,0.2856802290146623
2025-04-25,ARI,ATL,10.0,2.0,8.0,6.0,5.2,5.9,4.3,5.4,4.55,5.0,4.4,4.6,4.7,4.05,4.5,2025-04-25,Zac Gallen,0.2385938135938135,0.1093203093203092,0.2696874071874072,Chris Sale,0.2910973084886127,0.0636363636363636,0.2663989560858154,0.2905094905094905,0.09978285603285601,0.23949596221024794,0.27066977466977465,0.0601184926184926,0.2532357921414636,0.2182115800865801,0.08471590909090908,0.21121426939073995,0.23435680076788823,0.08517815236807108,0.22769335591579754
2025-04-27,ARI,ATL,10.0,6.0,4.0,5.2,6.4,5.2,5.1,5.35,4.75,5.8,4.2,5.1,4.1,4.45,4.35,2025-04-27,Brandon Pfaadt,0.1904752493882928,0.0437142857142857,0.209064558629776,Spencer Schwellenbach,0.2063433667781493,0.035391304347826,0.2372596514880054,0.24186230436230433,0.12264541014541011,0.22559852631281202,0.2557508335286113,0.06953411814522924,0.24682326432851565,0.2065028966131907,0.10902963458110518,0.21420213120213122,0.2356355385670401,0.0905415222462436,0.2266619988673296
2025-05-05,ARI,NYM,9.0,4.0,5.0,3.0,4.6,4.1,5.5,4.55,4.55,4.6,4.4,6.3,4.3,5.45,3.35,2025-05-05,Ryne Nelson,0.2703407703407703,0.0517399267399267,0.2003421578421578,Griffin Canning,0.2303265409901564,0.1077374595910064,0.2600712342143664,0.1848885130215053,0.11997190788750889,0.22282561193120198,0.24270568039185458,0.07949062924521776,0.24393661177645967,0.22169786096256683,0.0684443171207877,0.21981108711806185,0.2516891061417819,0.07908214616971802,0.2485233790699718
2025-05-06,ARI,NYM,6.0,5.0,1.0,3.2,4.0,3.4,4.7,4.55,4.55,5.0,4.4,6.4,4.2,5.65,3.4,2025-05-06,Zac Gallen,0.2609299200914107,0.1103249177783338,0.2423414646159007,David Peterson,0.2112779973649539,0.0645454545454545,0.1778114116459981,0.15905119244734262,0.1252350657822457,0.21734763126525136,0.2387787511776512,0.07872322780813636,0.2429820318911172,0.2324121466768525,0.0871943171207877,0.21325838056535532,0.2516421865267324,0.08209375322055919,0.24803020828384006
2025-05-07,ARI,NYM,8.0,1.0,7.0,3.4,3.6,3.7,4.2,4.75,4.35,4.8,4.6,6.3,4.7,5.3,3.65,2025-05-07,Merrill Kelly,0.177316644707949,0.0752305665349143,0.179386148898344,Kodai Senga,0.2404887510150667,0.0931015183646762,0.2678818753286838,0.17496028335643354,0.12409870214588208,0.23209122100884114,0.23909045253382757,0.08000869370235478,0.24264278741550926,0.18535332314744077,0.08654072234954588,0.1927150868471889,0.24484104635033424,0.08287800613652005,0.24274916424771922
2025-05-08,ARI,LAD,8.0,5.0,3.0,2.8,4.6,3.3,4.8,4.6,4.55,6.4,2.6,7.6,3.1,5.65,3.7,2025-05-08,Brandon Pfaadt,0.1995458130551297,0.0365154950869236,0.2148080180688876,Jack Dreyer,0.2871031746031746,0.1224206349206349,0.2645408163265306,0.18558299397914416,0.12336610141328135,0.22792455434217446,0.23678655256929584,0.08408330281227035,0.24171550487274776,0.24265303500597618,0.06348753260517963,0.22508631928937253,0.2642000621260231,0.07249717386512378,0.2361257948136099
2025-05-09,ARI,LAD,25.0,11.0,14.0,3.4,4.6,3.6,4.3,4.4,4.7,6.6,3.4,7.9,3.3,5.65,3.95,2025-05-09,Eduardo Rodr\xc3\xadguez,0.2716106644678073,0.0727746856318284,0.2078993612986436,Roki Sasaki,0.1766615737203971,0.1415414650708768,0.2092368385350841,0.18915442255057274,0.10193752998470992,0.23001151086391358,0.23713427487010383,0.0818705843172106,0.24221955909234363,0.21098636833930948,0.06348753260517963,0.2090732473939477,0.2591759863262262,0.07048336347998145,0.23283471881388543
2025-05-10,ARI,LAD,3.0,3.0,0.0,5.2,6.0,4.1,5.3,4.95,5.05,7.4,5.0,8.5,4.0,6.35,3.7,2025-05-10,Ryne Nelson,0.2497060687850161,0.07158822537112,0.1984475362600362,Dustin May,0.2088439955106621,0.1023569023569023,0.2044787885785014,0.1957071291032793,0.09025661830379825,0.23143753581935028,0.23865124977846777,0.08072100618182154,0.24103645325337453,0.22910401539813302,0.06960517966400318,0.21879546961616994,0.2586577164255173,0.07182165095349546,0.23217251920630297
2025-05-17,ARI,COL,26.0,12.0,14.0,5.0,5.2,5.0,5.1,4.2,4.9,2.8,5.0,2.9,8.9,2.85,7.25,2025-05-17,Zac Gallen,0.25018829175834,0.107372055391379,0.2407324747237027,Germ\xc3\xa1n M\xc3\xa1rquez,0.1185067879404263,0.0764774557165861,0.1658645229846146,0.23706052439556274,0.08826199324025409,0.2327768247767334,0.23839692300385376,0.08084295345971806,0.2407142080879208,0.1770249195249195,0.08540334665334665,0.23617393371087952,0.18757515361050797,0.10665132004456396,0.2304118714956025
2025-05-18,ARI,COL,1.0,1.0,0.0,7.2,6.4,5.7,6.4,4.7,5.3,3.8,6.8,4.0,9.2,3.45,7.55,2025-05-18,Merrill Kelly,0.1964757822245744,0.0585126628604889,0.1884114491431564,Chase Dollander,0.20508658008658,0.1071428571428571,0.2018682830794631,0.22039385772889605,0.0882619932402541,0.23601569117349458,0.23502597540232073,0.08180288925407202,0.2412021143194191,0.1671042846042846,0.08196419321419321,0.22574309470861192,0.18834508846854606,0.10510433597773003,0.2302298792895274
2025-05-26,ARI,PIT,5.0,5.0,0.0,4.2,4.4,5.6,5.3,4.6,5.1,3.2,3.2,2.7,3.7,2.35,3.8,2025-05-26,Ryne Nelson,0.2393244713818876,0.0701016819437871,0.1989190355099445,Andrew Heaney,0.182544095196269,0.0918555952903778,0.1845686696373133,0.22897722567287784,0.06433850931677018,0.2752613677049767,0.23203082626230562,0.07587392450669839,0.24299303003823797,0.17860330416057965,0.09173850401404579,0.19621142077877687,0.19951475141624272,0.08610619122008067,0.24663930726860184
2025-05-27,ARI,PIT,15.0,6.0,9.0,3.4,3.4,5.5,4.3,4.75,4.95,3.0,4.2,2.3,4.2,2.15,3.6,2025-05-27,Corbin Burnes,0.2410907217670502,0.1024685638212207,0.2486731819960725,Joey Wentz,0.1491181657848324,0.0878747795414462,0.1837036914268035,0.20606813476378694,0.06652032749858836,0.27406088751289986,0.22941746079280168,0.07783585519765178,0.24393978220528587,0.17026997082724632,0.10007183734737912,0.20121642578378185,0.19736324367396665,0.08605484199995572,0.24550126797076077
2025-05-28,ARI,PIT,11.0,1.0,10.0,4.4,4.6,5.3,4.5,4.95,5.05,4.2,5.2,2.8,4.0,2.55,3.8,2025-05-28,Zac Gallen,0.2380328447719751,0.106486227138401,0.2269639406100405,Paul Skenes,0.2624380691771996,0.0683111091806743,0.2608318585761081,0.17940146809712026,0.07652032749858836,0.2660608875128999,0.22767047665717496,0.0800570214667854,0.24532269525609882,0.19974365503777267,0.07375604787369491,0.20957023413759024,0.20104754833444,0.08449020850904743,0.245996286239061
2025-05-30,ARI,WSN,16.0,7.0,9.0,4.0,5.8,4.6,5.5,4.8,5.3,3.0,3.2,4.6,3.7,4.0,4.85,2025-05-30,Merrill Kelly,0.2242377612140457,0.0628739968858545,0.2132011678372706,Jake Irvin,0.1695342107854033,0.0680713510589481,0.160761921306689,0.20636225241084571,0.06402032749858837,0.26974509803921565,0.22990745343955732,0.07862743179773565,0.2462990756979542,0.1729699712052653,0.07597929521458932,0.19166298095073833,0.19979074906554448,0.10451797347266718,0.22287240219418178
2025-05-31,ARI,WSN,18.0,7.0,11.0,4.4,6.4,4.1,5.0,4.9,5.7,4.8,3.8,5.3,3.9,4.25,5.15,2025-05-31,Ryne Nelson,0.2332696543222858,0.0642598751151382,0.1974939643689643,Michael Soroka,0.2258621361588113,0.0470131530873218,0.1986357013800208,0.18355523486698608,0.08507295907753573,0.23224509803921567,0.22772071141245523,0.08094144730636263,0.24526751296641114,0.19652766351295764,0.08847929521458933,0.20659510764757094,0.20176810434509634,0.10487730727139231,0.2236063228987214
2025-06-01,ARI,WSN,4.0,3.0,1.0,5.2,7.8,4.7,6.1,5.2,5.9,6.4,5.2,6.0,4.3,4.3,5.05,2025-06-01,Corbin Burnes,0.2369816495903451,0.0988883741057653,0.2393614193520208,Mitchell Parker,0.1581281476538393,0.1008088639511564,0.1853104106656436,0.18209003340178462,0.08562240962698628,0.22795938375350136,0.22600492549508752,0.08087216505837495,0.24374812234876367,0.19989304812834224,0.09328698752228164,0.20196547801794126,0.20152210254604294,0.10522425024947175,0.22406138629701933
2025-06-10,ARI,SEA,13.0,10.0,3.0,4.8,6.2,4.8,7.1,5.15,5.7,3.6,4.4,3.3,4.3,3.45,3.5,2025-06-10,Brandon Pfaadt,0.1619604175525874,0.0554176991536818,0.1950063179160168,Logan Evans,0.1730810239143572,0.0727559785893118,0.1538686302010284,0.23792909629967104,0.10780618918928245,0.21651045902231864,0.2311228538729079,0.0830484556449397,0.2417856489289185,0.2845150299891679,0.11229185086943705,0.26517734814467864,0.21558719932410603,0.07932315971975544,0.2351816965971044
2025-06-11,ARI,SEA,7.0,5.0,2.0,5.2,6.2,5.2,6.5,5.25,5.5,3.8,5.8,3.3,4.8,3.5,3.85,2025-06-11,Eduardo Rodr\xc3\xadguez,0.2386988936988937,0.0802279942279942,0.2042392303284053,Bryan Woo,0.2364331723027375,0.0361010466988727,0.201743816687935,0.24406944717686402,0.10897577983255731,0.2177604590223186,0.2301608212280386,0.08512567604161557,0.24116198252699433,0.2904674109415488,0.11050613658372277,0.26651663385896435,0.2161086053949529,0.0800152330573349,0.23398576180017858
2025-06-13,ARI,SDP,6.0,5.0,1.0,5.8,6.4,5.6,5.7,5.1,5.6,3.8,2.0,3.5,3.0,3.1,4.45,2025-06-13,Ryne Nelson,0.2173123647692422,0.0718866156449084,0.189816255173398,Stephen Kolek,0.163833188925018,0.0945934013512724,0.1588348510840911,0.2512489343563512,0.11128347214024961,0.24204617330803288,0.229717279739391,0.08534441609982711,0.2434978357251268,0.20901207865435886,0.1017912184583338,0.21589167762595754,0.253716956259777,0.08623234439402884,0.2560947658668515
2025-06-14,ARI,SDP,15.0,8.0,7.0,4.6,4.6,5.4,4.9,4.75,4.95,3.6,3.0,3.3,3.3,3.1,4.45,2025-06-14,Zac Gallen,0.2194067589875043,0.102821189047897,0.2264073401367945,Ryan Bergert,0.1464285714285714,0.0492063492063492,0.0694120694120694,0.22673913043478255,0.10785209959123002,0.21455001355380862,0.22880350273833702,0.08531526997277647,0.24065901270909668,0.2055033067245343,0.09433507810745662,0.2100296086604403,0.25492326500331575,0.0861884199840183,0.25587180441954804
2025-06-15,ARI,SDP,10.0,2.0,8.0,6.0,3.4,5.5,4.5,5.1,5.3,4.4,3.8,4.0,3.6,3.4,4.65,2025-06-15,Merrill Kelly,0.2416159484637745,0.0649524750611707,0.2228452898807991,Nick Pivetta,0.2668431035021423,0.0720082053720497,0.2310059130647541,0.22673913043478255,0.11410209959123001,0.22859175928435888,0.22732059555636078,0.08498933754459395,0.2409076627579529,0.21373860084218138,0.10345272516628015,0.2261468247776564,0.25410351477938564,0.08714083162604788,0.2558798410164243
2025-06-27,ARI,MIA,17.0,8.0,9.0,4.8,3.0,5.4,4.9,5.45,4.7,5.4,3.8,4.3,3.4,3.95,4.1,2025-06-27,Merrill Kelly,0.2479356940362375,0.0670508069828721,0.2331956087121444,Eury P\xc3\xa9rez,0.2111111111111111,0.1304093567251461,0.160427807486631,0.2369191919191919,0.05651515151515152,0.2558119938773805,0.22852042010171467,0.08143006429091365,0.24277070414788132,0.1923699400015189,0.062290574922153855,0.20266228113318902,0.2089877760483386,0.08001149485365146,0.22927643214512214
2025-06-29,ARI,MIA,10.0,4.0,6.0,5.4,4.2,6.0,5.0,5.7,5.1,6.0,5.0,4.9,4.1,4.2,4.2,2025-06-29,Eduardo Rodr\xc3\xadguez,0.2404921598901531,0.0777716412164572,0.2178976985432177,Cal Quantrill,0.1732545522658592,0.0674720452866905,0.178467310890577,0.25738702817650183,0.06127705627705628,0.27928480722783566,0.2308628831116429,0.0800246852547822,0.24304904683165873,0.20299644799644795,0.0661183261183261,0.2147577314146149,0.2085327554189831,0.07915823684379698,0.2294117325257605
2025-06-30,ARI,SFG,6.0,4.0,2.0,5.8,4.6,6.0,5.1,5.5,5.25,2.4,4.6,3.3,4.2,4.15,4.5,2025-06-30,Ryne Nelson,0.2208030177798889,0.0771721413817571,0.1834003535921694,Logan Webb,0.278126938421056,0.0534942290824643,0.2431053826212759,0.2734396597554492,0.07785600364547732,0.27178480722783566,0.23061786422824326,0.08286522487441386,0.24162676915898815,0.21765873015873013,0.05114468864468863,0.17886062500717673,0.2431648363801299,0.07409985800688348,0.2366384090804968
2025-07-01,ARI,SFG,10.0,8.0,2.0,4.6,5.0,6.3,4.5,5.6,5.3,2.4,4.6,3.3,4.2,4.1,4.6,2025-07-01,Anthony DeSclafani,0.2181818181818181,0.0606060606060606,0.2347108179656301,Hayden Birdsong,0.2214651779344761,0.0965093548426881,0.2491036579312834,0.2867729930887825,0.07785600364547732,0.27178480722783566,0.23184066743187529,0.08187873410209941,0.24199701324908673,0.18432539682539678,0.05114468864468863,0.16237710852366022,0.2422648579129127,0.07322809497150838,0.2355351000661044
2025-07-04,ARI,KCR,12.0,3.0,9.0,5.2,5.2,5.0,4.1,5.5,4.6,2.8,3.8,2.8,4.1,2.95,3.65,2025-07-04,Eduardo Rodr\xc3\xadguez,0.2411712913265708,0.0811450954152817,0.2201907200758451,Kris Bubic,0.2570852137893041,0.0729072542001603,0.2758659705569579,0.22201108832687783,0.07896711475658844,0.21516912406042837,0.23070622369083818,0.08033246868606277,0.23904306645886156,0.19464142067083243,0.06118320405085109,0.2023196591292543,0.2223024034642297,0.06941246203467388,0.20944708787954838
2025-07-05,ARI,KCR,8.0,7.0,1.0,4.2,5.2,4.8,4.7,5.55,4.85,4.4,3.4,3.6,3.9,3.4,3.75,2025-07-05,Ryne Nelson,0.2247398871624877,0.0728848001938817,0.1860319578797839,Michael Wacha,0.1822731516849163,0.0662277260486979,0.2050841923763597,0.20329451078677083,0.060785296574770255,0.18835752985752982,0.2300899096515706,0.07941959972372115,0.2382206073703139,0.209171335200747,0.06460200746965453,0.22278749538656423,0.22230150255139816,0.06988098618160014,0.2106419461470165
2025-07-06,ARI,KCR,4.0,0.0,4.0,4.8,4.2,5.3,4.4,5.4,4.75,4.2,3.6,3.7,4.3,3.25,3.8,2025-07-06,Anthony DeSclafani,0.235064935064935,0.0454545454545454,0.214494651935761,Michael Lorenzen,0.1940941849168463,0.0681962177435764,0.2020868502131479,0.22519927269153275,0.047451963241436926,0.18235752985752984,0.23071490264103933,0.07852724467064563,0.2366675668380632,0.20273858666273528,0.07512832325912819,0.23369658629565518,0.2215858718212949,0.07027412142285722,0.21052370230093856
2025-07-18,ARI,STL,10.0,7.0,3.0,5.2,4.6,4.2,4.1,4.6,4.1,5.2,5.2,4.1,6.1,3.95,4.95,2025-07-18,Brandon Pfaadt,0.184305666141041,0.0513939003917466,0.1956195998468301,Andre Pallante,0.1518501265240395,0.0777518339595634,0.2108941110819678,0.18755143934003807,0.10299961861174674,0.23650442501222996,0.2262572768505495,0.08266928826603019,0.23878135084580673,0.21454210821857883,0.07918077021018195,0.21968495087232273,0.2035681502623209,0.07507150360131538,0.22086816090755723
2025-07-19,ARI,STL,11.0,10.0,1.0,5.0,4.8,4.6,3.5,4.7,4.1,5.4,5.0,4.4,6.3,4.05,5.1,2025-07-19,Ryne Nelson,0.2149552923856329,0.0746872292654026,0.177926597589641,Sonny Gray,0.2741215039478601,0.0439226969318502,0.2517057918045044,0.16990438051650864,0.11133295194508006,0.2365044250122299,0.2239485291275847,0.0826760642361047,0.2380454867215298,0.21454210821857883,0.07640299243240416,0.22027318616644037,0.2049198709193106,0.07515756432769057,0.22169245089810352
2025-07-20,ARI,STL,8.0,5.0,3.0,6.4,4.2,4.9,3.5,5.1,3.95,4.0,6.8,4.2,6.2,3.7,5.5,2025-07-20,Merrill Kelly,0.2438203031606921,0.0721101051884804,0.2292619112446887,Miles Mikolas,0.169949048536005,0.0545894886112277,0.1597243875830147,0.16633295194508008,0.11133295194508006,0.2370307408017036,0.22421167529801314,0.08184095247614405,0.23670425107681473,0.21454210821857883,0.08195854798795972,0.22563032902358326,0.2039527703027312,0.07495548176302938,0.22069562150740143
2025-07-21,ARI,HOU,9.0,3.0,6.0,6.4,3.6,5.4,3.4,4.85,4.1,3.6,5.0,5.8,4.5,4.75,4.3,2025-07-21,Zac Gallen,0.2232278936844153,0.0894719833306789,0.2269791687149397,Colton Gordon,0.1980007735832574,0.0407988980716253,0.1680004503408554,0.1896662852784134,0.10133295194508005,0.2538728460648615,0.22530289187836633,0.08102254295138261,0.23802141909236238,0.25253228249278203,0.06797033932936566,0.29158989502331467,0.2928534827826515,0.08329910599311736,0.3012405542169166
2025-07-22,ARI,HOU,4.0,1.0,3.0,6.0,2.8,5.1,3.7,4.8,4.35,4.4,4.8,5.8,4.1,5.0,4.0,2025-07-22,Eduardo Rodr\xc3\xadguez,0.2363745302603997,0.0738428675792805,0.21888240981963,Framber Valdez,0.2569790592082078,0.0835788730442718,0.2359077446520485,0.2193632549753831,0.07466628527841342,0.26626600845802384,0.22667253021260392,0.08022033955582436,0.23909203718208002,0.20919894915944873,0.10130367266269899,0.2615898950233147,0.2905216599360949,0.08587677843992371,0.2986504454105566
2025-07-23,ARI,HOU,7.0,3.0,4.0,5.2,3.2,5.2,3.9,4.7,4.15,4.4,3.6,4.3,4.1,4.75,3.7,2025-07-23,Brandon Pfaadt,0.1866288443724504,0.0488242053721593,0.1969497309655997,Brandon Walter,0.2563254830917874,0.017063492063492,0.2268368148037966,0.2143632549753831,0.06299961861174674,0.2695993417913572,0.22641103481836275,0.08074105518109408,0.23870878191558906,0.2127703777308773,0.09416081551984186,0.25682799026140996,0.2901081736102164,0.08500048478237346,0.29851844378100284
2025-08-04,ARI,SDP,8.0,6.0,2.0,3.6,6.0,2.3,5.0,3.7,4.35,5.6,2.6,5.4,3.4,4.6,3.0,2025-08-04,Brandon Pfaadt,0.1845868282173792,0.0481735200352963,0.196041257399557,JP Sears,0.2076287018808341,0.0614653341249971,0.1862671264817154,0.17789807852965744,0.06339682539682538,0.21908850408850405,0.22207952086401406,0.07919246323607008,0.23695697139531363,0.2532443240454076,0.05042293233082705,0.23473761261423118,0.25070186755745494,0.08187328432929515,0.24739695195040254
2025-08-08,ARI,COL,7.0,6.0,1.0,4.4,3.2,2.7,4.8,3.7,4.45,3.8,11.8,4.9,10.1,4.65,7.95,2025-08-08,Zac Gallen,0.2176712267638543,0.0812130958728312,0.2238293775767939,Austin Gomber,0.1359385416402959,0.0574799631817175,0.1588604909551993,0.18163120219265488,0.06356201162091765,0.19562794481558782,0.2207653508798028,0.0798462509199294,0.2368345837821556,0.17320132530978147,0.11123355083176271,0.23027979756392516,0.19145840390109037,0.09628195739830556,0.24370309630525033
2025-08-09,ARI,COL,11.0,6.0,5.0,5.4,2.4,3.3,4.7,3.85,4.3,2.4,12.0,4.9,10.2,4.55,8.05,2025-08-09,Eduardo Rodr\xc3\xadguez,0.2260884255163431,0.0787950446874931,0.2091055761494232,Bradley Blalock,0.1150203489384775,0.0526458493150585,0.1445443974909739,0.19981302037447307,0.06265292071182672,0.21546921465685767,0.22042959942237506,0.07994162023018081,0.23814539675721363,0.18570132530978145,0.1029002174984294,0.23444646423059176,0.19305441778021132,0.09544472298614638,0.24448248967071193
2025-08-10,ARI,COL,19.0,13.0,6.0,5.2,3.0,3.9,4.6,3.9,4.25,2.4,11.4,4.6,10.2,4.7,8.15,2025-08-10,Brandon Pfaadt,0.1832502771577607,0.0510957415722232,0.1942066876798439,Tanner Gordon,0.1149401280980227,0.0582184628237259,0.133960395802501,0.17343939400084668,0.07034522840413442,0.21513476649632252,0.22117543453579327,0.07991582071473548,0.23871122948652768,0.1774660311921344,0.07878257043960588,0.24785987764400522,0.19240435434092956,0.09512902304153964,0.24492916041748422
2025-08-18,ARI,CLE,4.0,1.0,3.0,5.8,5.2,5.9,4.3,4.35,4.6,3.6,6.8,4.2,5.0,4.4,4.35,2025-08-18,Zac Gallen,0.2119966590575286,0.0831943090725699,0.2158522488064441,Gavin Williams,0.2299504608091226,0.1232446765527044,0.2521059413214716,0.1796387028004675,0.0914426260014495,0.24149172640283106,0.217475219033456,0.08077396092645102,0.23720715519180963,0.15100891884173614,0.07983191215389356,0.23277925972078894,0.2444704650482889,0.07998306798108994,0.25631472177345066
2025-08-19,ARI,CLE,11.0,6.0,5.0,4.8,5.0,5.8,4.3,4.25,4.55,3.4,4.4,4.1,5.0,4.4,4.3,2025-08-19,Eduardo Rodr\xc3\xadguez,0.2186655419574674,0.0818727652992662,0.2061603379023737,Tanner Bibee,0.2103832345332154,0.0754921380107306,0.2184040269018217,0.1725679957297604,0.08235171691054043,0.22891862698762638,0.21663105944677072,0.08013289774449507,0.23741311344216703,0.17600891884173614,0.09858191215389356,0.22027925972078893,0.244515420617002,0.08085718937961767,0.2572796427346421
2025-08-24,ARI,CIN,7.0,1.0,6.0,5.8,5.0,6.2,4.3,5.05,4.45,4.0,5.4,5.1,4.1,3.9,3.9,2025-08-24,Zac Gallen,0.2088596638094965,0.0799945279543941,0.2124602228703534,Brady Singer,0.2175023007523993,0.0912529968329305,0.2047527809696269,0.17761177547942253,0.09372877122877123,0.23379915060433687,0.21608167988767696,0.08031923354278171,0.2378812176703352,0.2929154848982435,0.09968875951634569,0.2899083469352012,0.21830161221794417,0.09735993743915994,0.22910687243646374
2025-09-02,ARI,TEX,8.0,5.0,3.0,4.4,2.4,5.2,4.0,5.5,4.15,10.0,3.4,7.3,3.0,5.55,4.1,2025-09-02,Nabil Crismatt,0.1825860948667965,0.0825211176088368,0.2631944444444444,Jacob Latz,0.2441540999547535,0.105239265696782,0.2701417924309384,0.19959140859140856,0.10710212010212009,0.19760895720831537,0.21535983683307153,0.08216987388973908,0.23506642284091445,0.25010079789491557,0.04696672608437314,0.2609095363572108,0.23576501855473422,0.07514245151604312,0.22329778073386777
2025-09-03,ARI,TEX,2.0,2.0,0.0,4.8,2.6,5.1,3.8,5.45,4.25,9.2,3.8,7.2,2.9,5.6,4.2,2025-09-03,Zac Gallen,0.2177976945989368,0.0807035580016946,0.2124630640938996,Jack Leiter,0.2267760524872153,0.1153954467482532,0.2279798531872655,0.19982450882450878,0.11339582639582635,0.18496744777435312,0.21492045338316496,0.08268184731799919,0.23410166267776508,0.23510079789491556,0.04696672608437314,0.2342428696905441,0.23586817059419268,0.07459794099781093,0.22216277266091702
2025-09-06,ARI,BOS,6.0,5.0,1.0,5.4,2.8,5.2,3.6,5.1,3.95,5.6,6.2,4.4,4.9,4.25,4.2,2025-09-06,Brandon Pfaadt,0.181692004628614,0.0483412216107685,0.1897655319777006,Lucas Giolito,0.1979247101460037,0.0820465107443866,0.2070103062318157,0.21778987678987677,0.11599322899322898,0.21935742598786073,0.2150791860987609,0.083194041286022,0.2344690362342076,0.2523445507972362,0.06417286556672744,0.21809688849162528,0.22928078670957178,0.08153370183870237,0.2499899769373822
2025-09-07,ARI,BOS,11.0,4.0,7.0,5.2,2.8,5.2,3.0,5.2,3.9,4.8,6.8,4.0,5.4,4.25,4.25,2025-09-07,Ryne Nelson,0.221717131564143,0.063388857400791,0.1879331776279097,Brayan Bello,0.1825384049397277,0.0820934589961488,0.1862958120225498,0.22178987678987672,0.10399322899322896,0.21269075932119405,0.2149737372449234,0.08261226477353233,0.23376179355657914,0.25779909625178166,0.07326377465763653,0.1987787066734435,0.23087840846727306,0.08160019395976896,0.24950648902873543
2025-09-15,ARI,SFG,9.0,8.0,1.0,5.4,6.4,5.3,4.8,5.25,4.4,5.6,7.2,5.8,5.7,6.55,4.85,2025-09-15,Zac Gallen,0.2139259964404891,0.0804159133941742,0.2076866149230138,Kai-Wei Teng,0.2390207545006306,0.146256163284027,0.2664791832691925,0.20988721804511273,0.07462823725981618,0.23514878550362414,0.21458490436062813,0.08214493998078698,0.23417147086615567,0.17877983828557992,0.05623768602732156,0.19221439278921088,0.2274551845494135,0.06893092267125826,0.22373472415611687
2025-09-19,ARI,PHI,10.0,2.0,8.0,6.6,4.4,6.0,5.1,5.15,4.4,5.6,5.8,5.9,4.4,5.7,4.15,2025-09-19,Ryne Nelson,0.2176311936030822,0.0681151222609283,0.1893527079381024,Taijuan Walker,0.1745187689594091,0.0741611119067599,0.1760491864662598,0.2293460925039872,0.06990962254120146,0.2538742756997026,0.21591310686969883,0.08178202671913162,0.23507633487312313,0.27116713352007465,0.09265756302521007,0.23956622879036674,0.24221949443506557,0.07935761513258936,0.22520591209679774
2025-09-20,ARI,PHI,7.0,4.0,3.0,6.0,5.4,5.2,5.4,5.2,4.5,5.6,5.8,6.3,4.1,5.85,3.95,2025-09-20,Zac Gallen,0.2162417477073858,0.0793579499820733,0.2109126050123458,Aaron Nola,0.2378899892378153,0.0723057087839696,0.2368261647136586,0.24184609250398723,0.07268740031897925,0.24618196800739495,0.21640501310214666,0.08179210013870436,0.23521486683115647,0.25362327387095185,0.09485054548135041,0.21229350151763943,0.24166472629300662,0.0795280463349719,0.22412301833699028
2025-09-21,ARI,PHI,11.0,9.0,2.0,5.2,4.2,5.1,5.6,5.15,4.3,4.6,5.4,6.5,4.5,6.0,3.85,2025-09-21,Eduardo Rodr\xc3\xadguez,0.2035062182405177,0.0845169433655745,0.2027056266076537,Ranger Suarez,0.2421282375286623,0.0611517626019749,0.2075436240403059,0.23795720361509837,0.06768740031897925,0.24844441144630897,0.2157256976054303,0.08126440917006757,0.2348358714853767,0.26112327387095186,0.10151721214801708,0.20896016818430613,0.2413924078205033,0.0794439850299503,0.22396535155047395
2025-09-23,ARI,LAD,9.0,5.0,4.0,5.8,3.8,5.6,5.1,5.2,3.95,4.2,2.4,6.6,3.2,4.7,3.55,2025-09-23,Brandon Pfaadt,0.184514577005708,0.0462813882667854,0.190693277437909,Shohei Ohtani,0.3228317734896682,0.0466377920325288,0.2814643449992489,0.20795720361509834,0.08102073365231258,0.2370807750826726,0.21562489185154932,0.08159818432496029,0.23493307743739353,0.2300498405103668,0.11571371610845294,0.26729569773936557,0.2409957068121775,0.08156936608148349,0.24388658922500275
2025-09-25,ARI,LAD,8.0,0.0,8.0,5.2,4.4,5.6,4.4,5.3,4.05,4.0,3.4,6.3,3.5,4.9,3.65,2025-09-25,Nabil Crismatt,0.2042715916776066,0.0492550821498189,0.247943218789492,Yoshinobu Yamamoto,0.2889002026269107,0.0908077732883633,0.2671935916084405,0.23351275917065392,0.06157628920786815,0.233165591545409,0.2155677553864805,0.0809169133560086,0.23445542172125017,0.19489832535885165,0.11942583732057414,0.24870932985888006,0.23992622028350544,0.08209703155130131,0.24376146608272045
2025-04-25,ATH,CHW,11.0,6.0,5.0,3.6,5.6,4.4,4.5,4.45,5.75,3.6,5.6,2.6,5.6,3.1,4.95,2025-04-25,Luis Severino,0.168954205436964,0.0712857142857142,0.1412363878357667,Tyler Gilbert,0.2771428571428571,0.0904761904761904,0.1575174825174825,0.26545815295815295,0.08845267188009122,0.242183234874119,0.2788344689127297,0.09843502638860281,0.2937542764370207,0.2164222138569964,0.0909025330123728,0.21197579703116096,0.25242623734132685,0.10529320846067378,0.2408916125942631
2025-04-26,ATH,CHW,13.0,3.0,10.0,4.2,6.4,5.0,4.2,4.6,5.1,4.0,4.8,2.8,6.0,2.9,5.25,2025-04-26,Jeffrey Springs,0.2239598997493734,0.1478195488721804,0.254168198686471,Tyler Gilbert,0.3142857142857143,0.0753968253968253,0.1979312354312354,0.2839896214896215,0.08250861593603527,0.26517174062124543,0.27698580590721056,0.09760764371685181,0.29527654785610963,0.22963433506911762,0.09296313907297886,0.2276678048284319,0.2508760440636301,0.10357447200472712,0.2437348126796689
2025-05-06,ATH,SEA,8.0,3.0,5.0,5.0,2.6,4.2,4.7,4.25,4.5,6.0,3.2,6.7,3.8,5.8,3.9,2025-05-06,Jeffrey Springs,0.1871822413175796,0.1225921947726458,0.2200810344884961,Emerson Hancock,0.157114337568058,0.0650191570881226,0.1643553698074974,0.2256965435997694,0.13011213249116474,0.2531389815219325,0.26273878859958805,0.10663666837638318,0.2835716683188382,0.18925651103282679,0.06112325174825173,0.20661465378359484,0.18581634270874764,0.07587725752981843,0.22566603136572128
2025-05-09,ATH,NYY,12.0,2.0,10.0,4.6,4.6,4.0,5.0,4.5,4.6,5.0,3.4,6.3,3.2,4.95,2.75,2025-05-09,Osvaldo Bido,0.1335680824811259,0.0880356358617228,0.1970014186931675,Will Warren,0.2464205385258016,0.1207023970181864,0.2325481138908131,0.23286028628982786,0.1203011466933368,0.2493065394541963,0.2632225273344204,0.1063005609127007,0.28263033180257324,0.27991865114290737,0.11173130359343168,0.2778050286362307,0.27342047809304504,0.11875552834800376,0.2708102148688324
2025-05-10,ATH,NYY,18.0,11.0,7.0,3.8,6.4,3.9,5.0,4.0,4.95,6.4,3.8,6.2,3.2,5.25,2.8,2025-05-10,JP Sears,0.20240333165799,0.0364992150706436,0.177122023452062,Carlos Rod\xc3\xb3n,0.3029510686575903,0.1056604215028127,0.2684825018763972,0.24255928294534623,0.117960009569591,0.23728730868496556,0.2609325405688778,0.10691938711003389,0.28019109252558416,0.24626480498906123,0.11173130359343168,0.2826483334795355,0.2695146760379649,0.11563038286516156,0.2717807962589239
2025-05-11,ATH,NYY,14.0,2.0,12.0,4.8,6.0,4.8,5.6,4.4,5.25,7.4,5.4,6.4,4.2,5.4,3.25,2025-05-11,Luis Severino,0.1854681732698973,0.0789926739926739,0.1427951001209314,Ryan Yarbrough,0.2355616605616605,0.1013380138380138,0.259121274040285,0.2534655809484184,0.11611669159724078,0.25036084733989955,0.2603616080070369,0.10781783100371163,0.2799430719692013,0.24983623356048978,0.11976701787914597,0.3016483334795355,0.26993005064505005,0.11632850491623799,0.2760941091753617
2025-05-19,ATH,LAA,7.0,3.0,4.0,3.8,8.2,4.2,8.1,4.2,6.4,5.6,5.2,5.1,5.2,4.1,5.85,2025-05-19,J.T. Ginn,0.2369565217391304,0.0956521739130434,0.2030658040449961,Jos\xc3\xa9 Soriano,0.1925981515353495,0.1044809994085356,0.2475569072719503,0.18305180741544985,0.131471958964892,0.22618040632746514,0.24728612334197875,0.11167824992418744,0.2710010806259467,0.2367451335214493,0.13706084120557802,0.2403891141492919,0.21641782579488414,0.0955716325356474,0.24596200646847946
2025-05-20,ATH,LAA,12.0,5.0,7.0,2.2,8.8,4.2,8.0,4.15,6.45,5.6,4.6,5.0,4.7,4.25,5.75,2025-05-20,Gunnar Hoglund,0.2181818181818181,0.0551515151515151,0.2704565030146426,Kyle Hendricks,0.1371215203355295,0.101767285861713,0.1379227638495055,0.19729329348356134,0.12094564317541834,0.23500393573922987,0.2494872702821581,0.10935161971743353,0.27270816595604336,0.22992695170326746,0.13615175029648713,0.23516263331305493,0.21566565962147757,0.09547027293507009,0.24372059638997215
2025-05-21,ATH,LAA,15.0,5.0,10.0,2.6,8.4,4.2,8.1,4.1,6.55,6.8,4.6,5.6,4.8,4.6,5.75,2025-05-21,JP Sears,0.1902290463160028,0.0498168498168498,0.1796075804914093,Jack Kochanowicz,0.1363790476833954,0.0928955102868146,0.1667637512125808,0.19990198913573523,0.1079021649145488,0.24403171351700764,0.24847732599068548,0.10711995400891448,0.27281162742179305,0.22175387478019054,0.12990175029648712,0.24362127992959634,0.21598701219908936,0.09343899053219626,0.24537395756100616
2025-05-22,ATH,LAA,15.0,5.0,10.0,3.2,6.6,4.5,8.1,4.2,6.55,7.6,5.2,6.1,5.1,4.95,5.75,2025-05-22,Luis Severino,0.1784470023840338,0.075875298614429,0.1497916356523006,Tyler Anderson,0.2061802171705553,0.0697772758642323,0.2430441197451627,0.1971450969051588,0.10940592431304504,0.24557611506140917,0.24771830578666126,0.1081354496655783,0.2730696805876429,0.20675387478019056,0.13490175029648713,0.23948334889511352,0.21357061611160832,0.0925340115627755,0.2444286667784852
2025-05-23,ATH,PHI,7.0,3.0,4.0,4.0,6.8,3.9,8.4,4.35,7.0,5.6,2.4,5.2,3.6,5.15,3.15,2025-05-23,Jacob Lopez,0.1979166666666666,0.1388888888888889,0.1778846153846153,Zack Wheeler,0.3295899470899471,0.0495767195767195,0.2800727271424909,0.19137586613592802,0.11786746277458351,0.24254581203110614,0.2477630448888836,0.1099367153584101,0.2736571437727931,0.28300916730328496,0.08547326203208556,0.29867787114845934,0.2686236905950124,0.07508272627822364,0.23480823506428714
2025-05-25,ATH,PHI,9.0,5.0,4.0,4.2,7.0,4.0,7.6,4.4,6.45,6.2,3.0,5.4,3.6,5.0,3.0,2025-05-25,Gunnar Hoglund,0.2204545454545454,0.064090909090909,0.2634484378670425,Jes\xc3\xbas Luzardo,0.2788318265109869,0.076009515444298,0.2819938075817517,0.20777782692024177,0.12210275689223056,0.26214568796162724,0.2460864519999949,0.10880702798639462,0.2741947317740632,0.27134250063661824,0.09130659536541888,0.28441461867765966,0.26950995890546064,0.0757205701393176,0.23745729285589154
2025-06-02,ATH,MIN,14.0,4.0,10.0,4.2,8.8,4.0,8.3,4.1,8.2,2.4,4.0,3.1,3.6,4.05,2.8,2025-06-02,Luis Severino,0.1787058353200281,0.0698960821786908,0.1539831794344428,Joe Ryan,0.2917538681414279,0.0376410033347832,0.2438396793343317,0.1833367669648504,0.08843637239842171,0.23873690694902772,0.23698804931635944,0.1048522701210522,0.2673475516478737,0.2381474358974359,0.056527972027972016,0.2970324720324721,0.2635764908925339,0.06727923787894963,0.2608926092143166
2025-06-03,ATH,MIN,13.0,3.0,10.0,4.4,9.8,3.9,8.3,4.2,8.2,3.4,4.0,3.4,4.0,4.3,2.8,2025-06-03,Osvaldo Bido,0.1480458305337532,0.0955376882913114,0.1976677700946858,Pablo L\xc3\xb3pez,0.2624638499054975,0.0495423376521774,0.2520637000145713,0.1793893985437978,0.08948900397736907,0.22685492927757633,0.23655425040608263,0.10658463152545254,0.2659846495932494,0.24886172161172163,0.07170654345654344,0.30589133089133086,0.26516236150694616,0.06977087307228462,0.2611787985120024
2025-06-04,ATH,MIN,7.0,1.0,6.0,5.0,9.4,3.7,8.3,3.8,8.35,5.0,3.2,4.2,3.8,4.35,2.9,2025-06-04,Jeffrey Springs,0.1844445710235183,0.1194846965899597,0.2270464641176609,Zebby Matthews,0.3511256354393609,0.0896877269426288,0.2555555555555555,0.19772273187713113,0.09948900397736907,0.23344095078295274,0.23838402056082322,0.10647842779117106,0.26639887567507864,0.27636172161172157,0.06795654345654344,0.29339133089133085,0.26699298881516376,0.0696496918544132,0.260992485203469
2025-06-05,ATH,MIN,17.0,14.0,3.0,3.8,8.4,3.5,8.5,3.75,8.05,5.4,3.0,4.2,3.4,4.4,2.85,2025-06-05,Sean Newcomb,0.2028816424519556,0.0933470808752042,0.2007637589380166,David Festa,0.2680311890838206,0.0906432748538011,0.2286324786324786,0.19657987473427396,0.0949175754059405,0.22303111471737896,0.23822826513242015,0.10660235297362412,0.2660735227174467,0.31179029304029304,0.06309940059940058,0.3108913308913309,0.27432565644582846,0.06967885381464531,0.26491064118373997
2025-06-06,ATH,BAL,9.0,5.0,4.0,5.2,7.4,4.4,8.4,3.9,8.15,3.8,2.0,3.9,2.7,3.7,4.95,2025-06-06,JP Sears,0.1724964286920808,0.0413308913308913,0.1618348062476778,Dean Kremer,0.1729028519789389,0.0614296995275255,0.176872317771027,0.18756026689113672,0.11844698717064636,0.1975385038799405,0.23726330143090255,0.10861316179664654,0.2640712963387797,0.3696595655806182,0.07370091896407684,0.31457335914572754,0.2596344667150337,0.1054026320171122,0.2506651879686093
2025-06-07,ATH,BAL,11.0,4.0,7.0,5.4,6.6,4.8,7.7,4.0,7.9,3.8,2.6,3.8,3.1,3.75,4.9,2025-06-07,Luis Severino,0.1677064853503556,0.0672667132198904,0.1535343308739586,Charlie Morton,0.2076338651402589,0.0981821351729097,0.2185584600763171,0.18580588092622446,0.12868090529930135,0.2021896666706382,0.23847139638864576,0.10937133987426899,0.2657331690605802,0.39108813700918965,0.07370091896407684,0.3176983591457275,0.2635113301551138,0.1037025895652233,0.2506544591304059
2025-06-08,ATH,BAL,6.0,5.0,1.0,5.4,6.0,4.9,7.9,4.1,7.3,4.6,3.0,4.0,3.3,3.8,4.7,2025-06-08,Sean Newcomb,0.1967636070292327,0.1019387569650054,0.19849061945326,Tomoyuki Sugano,0.1412899620508315,0.0419921000899261,0.1620411733983638,0.1989011190214625,0.11201423863263468,0.2085426078471088,0.23810494665981344,0.10771419836102249,0.26534327255966234,0.37153258145363405,0.08970091896407684,0.31129103649126527,0.2650428963431279,0.1045961992546642,0.2515067347963829
2025-06-16,ATH,HOU,4.0,3.0,1.0,4.4,3.8,5.1,4.0,4.4,6.15,5.8,2.8,4.6,2.5,4.5,3.5,2025-06-16,J.T. Ginn,0.27493961352657,0.0717391304347826,0.2263734271078211,Ryan Gusto,0.2160315069235516,0.1245278141490282,0.227589545810134,0.239572468939729,0.0943486473536783,0.23672525691304527,0.23841240264027067,0.10492376316267264,0.2620532123332821,0.38620015948963315,0.07638471177944861,0.3389477839160234,0.2931188887967594,0.09053148670846949,0.30107225466766596
2025-06-17,ATH,HOU,16.0,3.0,13.0,4.2,2.6,5.3,3.5,4.4,6.0,5.6,2.6,4.4,2.8,4.1,3.55,2025-06-17,Sean Newcomb,0.2000908815899056,0.0955675846546925,0.1954599557374312,Jason Alexander,0.3055555555555555,0.0805555555555555,0.3384615384615384,0.28025874344953283,0.07081923558897243,0.27848770902032494,0.243073496298285,0.10350587447128518,0.26601946021466416,0.3403668261562999,0.07221804511278193,0.3230137179819575,0.29128624789632324,0.0904271656450617,0.3006107838642327
2025-06-18,ATH,HOU,15.0,4.0,11.0,3.8,4.0,4.2,4.5,4.3,6.45,6.2,2.8,5.7,2.8,4.6,3.45,2025-06-18,Luis Severino,0.159472604763959,0.072266072092159,0.1473794318011385,Framber Valdez,0.2683644690744712,0.0790236635444388,0.2572978655411854,0.26117979608111186,0.06752976190476191,0.2572784066947436,0.24149918301430787,0.10379246281166804,0.264605867411802,0.3229065086959824,0.0650751879699248,0.3308568552368595,0.2887123173708202,0.0891353489929894,0.3021986970359201
2025-06-21,ATH,CLE,6.0,2.0,4.0,3.6,5.6,4.2,4.6,4.55,6.25,1.8,3.4,2.9,3.8,3.25,3.75,2025-06-21,Sean Newcomb,0.1940622651169531,0.0942082233967637,0.1896151987507325,Luis Ortiz,0.2518884513787062,0.117531043775957,0.2631853761781421,0.2384384999058912,0.09988612836438923,0.23757221364748698,0.2383472794153343,0.10434933814706894,0.26235434525873824,0.18015728793424307,0.06270611524548794,0.23168460636953916,0.24516442725451706,0.07906356950209759,0.26330613727074675
2025-06-22,ATH,CLE,3.0,0.0,3.0,3.4,6.0,3.9,4.9,4.65,5.85,2.6,2.6,2.9,3.3,3.2,3.4,2025-06-22,JP Sears,0.1770880520445737,0.0526819379450958,0.1689794445097417,Slade Cecconi,0.262266139657444,0.0737088274044795,0.2921214453823149,0.2673273887947801,0.09544168391994479,0.24673187751303316,0.2402528694086704,0.10373169532945484,0.2616395099129464,0.17323421101116615,0.07039842293779563,0.23973414197325438,0.24496989757228346,0.07903464392670542,0.26401537154660437
2025-07-04,ATH,SFG,13.0,11.0,2.0,4.6,5.0,3.2,5.1,3.7,4.85,2.6,4.0,3.5,4.4,4.2,4.85,2025-07-04,JP Sears,0.1802463691466248,0.0600025137513359,0.1785584088057299,Justin Verlander,0.1853164066207543,0.0881338517793366,0.2249268779606133,0.2399142524142524,0.05189393939393938,0.25116465659943915,0.240214822555365,0.09790722837040815,0.2604625601024399,0.20793650793650792,0.06086691086691084,0.167637497585172,0.24419874368247532,0.07266218729655671,0.2355894814758276
2025-07-05,ATH,SFG,9.0,2.0,7.0,6.8,4.8,4.1,4.9,4.0,4.9,3.0,6.0,3.4,5.3,4.0,5.15,2025-07-05,Luis Severino,0.1562103356197975,0.0723345213562604,0.1416114629384949,Logan Webb,0.2765643307309974,0.0525064544508988,0.2398875938748264,0.24760656010656007,0.05189393939393938,0.24081519423384776,0.24181927324492078,0.09681937027740362,0.26151118398660633,0.21475468975468975,0.04836691086691084,0.162887497585172,0.2450394604381497,0.0718364806227322,0.23450323736814774
2025-07-06,ATH,SFG,8.0,2.0,6.0,5.8,6.2,4.3,5.3,3.9,4.9,4.0,5.4,3.2,5.0,3.85,4.9,2025-07-06,Sean Newcomb,0.1975646336074329,0.0737281748322499,0.1790622052334925,Hayden Birdsong,0.2264296145528832,0.1025102475240979,0.2486245180401633,0.25415417915417915,0.04415584415584416,0.2526395185581721,0.24125506354416548,0.09627870739104805,0.2613104373850309,0.23221500721500718,0.04836691086691084,0.19258674570547274,0.24549648094687032,0.07102932915506105,0.23600793192166944
2025-07-08,ATH,ATL,11.0,10.0,1.0,5.2,5.0,4.1,4.8,3.75,4.9,2.4,3.4,2.2,4.4,3.65,3.85,2025-07-08,Jeffrey Springs,0.1913725185362612,0.09877520573427,0.2333239692035804,Didier Fuentes,0.1731078904991948,0.0700483091787439,0.2027897622972861,0.23402430902430899,0.053246753246753244,0.24208495684081965,0.24110308162817162,0.09622034199450505,0.2615034735813008,0.2514835858585858,0.046938131313131314,0.2532168138013208,0.2559802957844563,0.07838946567892369,0.26116828633797673
2025-07-09,ATH,ATL,11.0,2.0,9.0,6.0,4.4,4.8,4.9,3.95,4.75,2.6,4.6,2.0,4.7,3.1,4.15,2025-07-09,Mitch Spence,0.2010328363368091,0.0724114481102058,0.2807118395917359,Bryce Elder,0.1875573975142749,0.0862168434625312,0.1834295303938997,0.2406909756909757,0.053246753246753244,0.2541150320287896,0.24066111300851387,0.0951857146612308,0.2615212630560916,0.2607428451178451,0.050641835016835016,0.25495378650603545,0.25601713807069004,0.07792483164923956,0.26058973727075047
2025-07-11,ATH,TOR,13.0,6.0,7.0,5.4,5.0,5.0,5.0,3.85,5.2,6.2,4.4,6.3,4.9,5.65,4.75,2025-07-11,Luis Severino,0.1527734280034445,0.0733121302800936,0.1413352615398182,Max Scherzer,0.2180356193514087,0.0735645933014353,0.1922090808975358,0.23520146520146518,0.06465700965700964,0.2579750608888185,0.23956217459699858,0.09613727046593364,0.2593990109015273,0.22744631185807657,0.08518930905695611,0.2948636747460277,0.2584418527490964,0.08323989524874918,0.28861963090605824
2025-07-12,ATH,TOR,7.0,4.0,3.0,4.4,6.0,5.6,5.4,4.0,5.45,5.4,3.8,6.1,5.5,5.9,4.9,2025-07-12,Sean Newcomb,0.2317594629188383,0.0778299208456699,0.1967372288148131,Kevin Gausman,0.2346459008319744,0.0786219230736774,0.2421951433263802,0.22221445221445216,0.05145354645354645,0.251709076234087,0.23855483051637508,0.09612790405731031,0.2585351731654207,0.24470121381886084,0.08597362278244629,0.30172081760317054,0.26068082924283376,0.08306168848980205,0.2901244889454708
2025-07-13,ATH,TOR,9.0,6.0,3.0,4.8,5.2,5.3,5.7,4.05,5.55,4.4,3.6,6.3,4.4,5.85,4.55,2025-07-13,Jeffrey Springs,0.1856862456308439,0.0957694931517645,0.2285625572906099,Chris Bassitt,0.2249246991062578,0.0644292202108446,0.2011103632388879,0.23593994241053062,0.06910060527707587,0.2518298491809469,0.24094692747284663,0.0969561791519287,0.25901991937562824,0.25047044458809165,0.07597362278244629,0.2829305988129517,0.2611809513539983,0.08217805350586799,0.2890644006638828
2025-07-29,ATH,SEA,7.0,6.0,1.0,6.6,2.0,4.8,3.5,5.1,4.35,3.4,3.8,3.5,4.1,4.35,4.05,2025-07-29,Luis Severino,0.1690618999423687,0.0716483549388687,0.1429102240873372,Logan Evans,0.168236176793489,0.0813046915023199,0.1750753310637367,0.2079358549946785,0.07222656428538779,0.31497057555344826,0.24251746598278748,0.09398772549921551,0.2659534279748269,0.21574776478002283,0.10033439678600967,0.19286205386587388,0.22280197970915577,0.07995207105887907,0.2200367539211192
2025-07-30,ATH,SEA,9.0,5.0,4.0,6.8,1.8,4.6,3.4,5.15,4.1,3.2,3.0,2.8,4.3,4.25,4.05,2025-07-30,Jeffrey Springs,0.1892354040492172,0.0847761325153669,0.2260267183930459,Bryan Woo,0.2476165923448531,0.0482776848755109,0.2278913806124508,0.21049995755878106,0.07017528223410574,0.30685463352446274,0.24334306477688333,0.09434541284316203,0.26595991196293456,0.19504884004884002,0.10221611721611719,0.1749673170237686,0.22151060335382408,0.07998337904290179,0.218616660520615
2025-08-01,ATH,ARI,6.0,5.0,1.0,4.8,2.0,4.9,3.0,4.85,4.2,1.0,6.4,2.7,4.9,3.65,4.2,2025-08-01,Sean Newcomb,0.2878329137386757,0.0660129589940129,0.2141950614983213,Anthony DeSclafani,0.2475475504887269,0.0406759906759906,0.2513323649542353,0.20461760461760461,0.07262626262626262,0.2917031183729476,0.24115078491402853,0.09424620491965006,0.26438287753902606,0.21416647679805573,0.061587301587301566,0.2565573899784426,0.22329009745398035,0.07998281936707595,0.23852563996687232
2025-08-02,ATH,ARI,9.0,2.0,7.0,4.8,2.0,5.2,2.4,5.0,3.9,1.2,7.0,1.8,5.3,3.35,4.4,2025-08-02,J.T. Ginn,0.2857692709215328,0.0430283323435937,0.2519000761079439,Zac Gallen,0.2225148683844335,0.0849046002306871,0.2251101595615099,0.1858676046176046,0.08512626262626262,0.27824157991140913,0.23955568862015328,0.09452079237572462,0.2630525359126474,0.1928331434647224,0.06958730158730156,0.2274075924075924,0.2223510965680351,0.07998297555464798,0.23705652575738329
2025-08-03,ATH,ARI,10.0,4.0,6.0,3.8,3.2,5.2,2.5,5.0,3.95,2.6,6.2,2.0,5.2,3.7,4.3,2025-08-03,Sean Newcomb,0.2866864618072007,0.0715883238729822,0.2137649081195843,Eduardo Rodr\xc3\xadguez,0.226571598914594,0.0759261703585374,0.2139474848514914,0.20372474747474745,0.1001262626262626,0.2979385496083788,0.2396481161544882,0.0950117588148775,0.2636744898721225,0.17646950710108605,0.06958730158730156,0.20945887445887443,0.22214973533769242,0.07926240820730882,0.23642238288269216
2025-08-11,ATH,TBR,11.0,4.0,7.0,4.6,2.0,5.5,3.5,5.05,3.45,4.2,4.6,3.0,4.3,3.35,4.85,2025-08-11,Jeffrey Springs,0.1983195882147064,0.07969558178988,0.2286651776149757,Ryan Pepiot,0.2321281523208684,0.0875701934132093,0.2216948193256204,0.21706973581973582,0.07547008547008546,0.24336238436965626,0.24115362069712104,0.09277246889540566,0.2640767846634947,0.34292666397929555,0.06336707152496623,0.29518678131178133,0.2571040568335843,0.07049898033877021,0.268007220971722
2025-08-12,ATH,TBR,6.0,6.0,0.0,5.2,3.0,5.4,3.8,5.15,3.4,4.2,4.8,3.3,4.0,3.5,4.9,2025-08-12,Jacob Lopez,0.2540954721112997,0.0934953918373063,0.2404690620751074,Shane Baz,0.248062175593267,0.0887322107946921,0.233381503045245,0.2355882543382543,0.07454415954415952,0.25427147527874716,0.24069107164330342,0.09261793670679962,0.26354722445966416,0.3195933306459622,0.056700404858299566,0.29804392416892417,0.25578385467531883,0.06990655193256205,0.2674357317198588
2025-08-13,ATH,TBR,10.0,2.0,8.0,5.2,3.0,5.5,3.7,5.35,3.05,3.2,5.2,3.3,4.1,3.35,4.95,2025-08-13,Sean Newcomb,0.2905737011010451,0.0725670746613448,0.2091278039529237,Drew Rasmussen,0.2256617503807569,0.0560266360895651,0.1914475038892677,0.2543382543382543,0.08704415954415953,0.2617806327879047,0.24076737433475173,0.09390795361903896,0.2629482815581603,0.26574717679980836,0.07670040485829957,0.25285161647661647,0.25365232255302456,0.07099066399979069,0.26624876728886
2025-08-15,ATH,LAA,13.0,10.0,3.0,5.2,4.0,5.5,3.8,5.35,3.15,6.0,5.6,5.0,4.7,4.4,4.8,2025-08-15,Jack Perkins,0.2294151926504867,0.0981521093285799,0.2912972827022063,Yusei Kikuchi,0.2372913752913752,0.0920579027379942,0.2186726999633459,0.25790968290968286,0.07561558811558809,0.2545342559763105,0.24113279637848778,0.0934348343677808,0.2629313814253085,0.3012138893098645,0.13876823898495722,0.2843233027294778,0.2356940626525934,0.09193195589407677,0.2528797456950588
2025-08-16,ATH,LAA,9.0,7.0,2.0,5.0,4.0,6.1,3.5,5.8,3.2,5.6,6.4,5.3,5.6,4.3,4.95,2025-08-16,Sean Newcomb,0.2881257632334493,0.0706058023732004,0.2079802056478898,Tyler Anderson,0.182892941598543,0.0792803797057104,0.2355320815777205,0.2873968623968624,0.07914122914122913,0.25927844202282213,0.24291026142010047,0.09330167503354932,0.2630690315751044,0.29666843476440996,0.12513187534859357,0.2641478641329865,0.23487987883055275,0.09155099351342488,0.2521730811128588
2025-08-25,ATH,DET,11.0,8.0,3.0,5.4,4.4,5.2,4.2,5.5,3.8,7.2,3.8,5.9,4.1,5.2,4.45,2025-08-25,Sean Newcomb,0.2833899164139258,0.0637174314099613,0.2079090716579573,Tarik Skubal,0.3298900436783495,0.0413688028557593,0.3101630616162203,0.2662435816527888,0.07072277679694558,0.2625933661255731,0.24269739004066362,0.09215150082948642,0.2629213940253885,0.2282807835439414,0.12245614035087718,0.2445710312232051,0.20634883309130583,0.07571185478555353,0.21774056852911425
2025-08-27,ATH,DET,7.0,7.0,0.0,5.6,4.6,5.7,4.3,5.6,3.9,5.8,5.4,5.6,4.0,5.15,4.6,2025-08-27,Luis Morales,0.2114468864468864,0.1477411477411477,0.1934915413533834,Casey Mize,0.2117656538308711,0.0630883870557783,0.2078324003746673,0.23693497359418067,0.08820904053320933,0.26201460632514545,0.24246434441816614,0.09292162768277767,0.2629903431236149,0.2074382927014506,0.10412280701754384,0.23890620490620487,0.20582371637457297,0.07570115020231212,0.21913071314048374
2025-08-29,ATH,TEX,7.0,2.0,5.0,5.8,4.0,6.0,3.6,5.7,3.7,8.4,2.0,6.1,3.1,4.65,4.15,2025-08-29,Jeffrey Springs,0.1930773674285835,0.0808753382924922,0.235863370223975,Jack Leiter,0.2239547214359348,0.1167894516793367,0.2281315948076524,0.25360164026084736,0.08820904053320933,0.2690996265680604,0.24437201594099456,0.09346788723080648,0.26332146878708673,0.25310310356026466,0.080976231072139,0.2383221928221928,0.23480472421969448,0.07559102832172042,0.22245130477662192
2025-08-30,ATH,TEX,12.0,3.0,9.0,4.6,4.4,5.6,4.1,5.55,3.9,7.4,2.4,6.3,2.9,4.8,4.25,2025-08-30,Sean Newcomb,0.2825949184040704,0.0681527306621051,0.2089112366184821,Merrill Kelly,0.2333401159835603,0.0733414884720079,0.2222087895505294,0.2462437807290748,0.07851004387769094,0.25320128141439613,0.24427199546179043,0.09334623421383789,0.2624065233466588,0.23185310356026467,0.078476231072139,0.23307219282219283,0.23379871881506992,0.07577318482678222,0.22219047414396056
2025-08-31,ATH,TEX,15.0,6.0,9.0,4.8,5.6,5.7,4.2,5.6,4.0,8.2,3.0,7.0,2.7,5.15,4.25,2025-08-31,J.T. Ginn,0.2802941189668878,0.0606920539414818,0.2677604809428657,Jacob deGrom,0.2760317099291927,0.0582522047322962,0.2716908691178992,0.23639529588059,0.07851004387769094,0.23236794808106281,0.2430972607017287,0.09266487484001425,0.26140355602296056,0.243216739923901,0.07923380682971475,0.24664362139362134,0.23476047914707948,0.07588530264961413,0.22266102089633333
2025-09-08,ATH,BOS,7.0,0.0,7.0,6.4,3.8,6.1,4.5,5.9,4.4,5.0,6.8,4.4,5.6,4.5,4.4,2025-09-08,Luis Morales,0.2456022721240112,0.119073808639026,0.2182410315442751,Garrett Crochet,0.3022470915328057,0.0590973114187399,0.258023423554378,0.23575459628091205,0.09597779413568885,0.2405713632624252,0.24199838968641238,0.09313386146422983,0.2614334695221434,0.24681008526277065,0.08095608234994423,0.2039069118016486,0.2325027750381969,0.0815672565158486,0.250457960124416
2025-09-10,ATH,BOS,9.0,5.0,4.0,6.0,5.0,5.2,5.3,5.4,4.7,5.2,3.8,5.2,5.0,4.65,3.9,2025-09-10,Sean Newcomb,0.27137430479618,0.0680536597290758,0.2031319689920648,Kyle Harrison,0.2911526204684772,0.0659506556245686,0.2963034302789942,0.22150120261575368,0.0892658786002439,0.26720953990060187,0.24271235211617148,0.09306675780194788,0.26273549708323024,0.23588248345281593,0.06645381990650531,0.20648903556024295,0.23009056329338534,0.08084287468515462,0.2495937564298776
2025-09-12,ATH,CIN,3.0,3.0,0.0,5.0,5.0,5.4,4.8,5.55,4.5,3.8,2.6,5.1,5.0,4.45,4.8,2025-09-12,Sean Newcomb,0.2654748633875674,0.0665742323436612,0.2003882974253477,Brady Singer,0.226162768528928,0.0916544614579736,0.2138233863699399,0.22895734296663087,0.09452903649498076,0.28248731767837965,0.24213536153607576,0.09279168855803918,0.26283782552332924,0.2517324561403509,0.061639420520999445,0.3118148148148148,0.22194179245894705,0.09657586880577823,0.2371276490164565
2025-09-13,ATH,CIN,16.0,11.0,5.0,2.2,4.2,5.1,3.9,5.2,4.35,3.0,2.2,4.9,4.9,4.05,4.95,2025-09-13,Luis Severino,0.183087341909277,0.0713510555776441,0.1546141138041125,Nick Martinez,0.1475558845206269,0.0536386344815281,0.1995574352683481,0.2523491558321279,0.0737688025768521,0.26694677713783904,0.24350231479897014,0.09254009306477916,0.2627510834589824,0.19920720361509836,0.061639420520999445,0.29488359788359786,0.2211721349495871,0.09590520305018255,0.2371343683850592
2025-09-14,ATH,CIN,11.0,7.0,4.0,3.8,4.4,5.1,4.1,5.4,4.5,2.8,3.8,4.7,5.6,3.9,5.0,2025-09-14,Sean Newcomb,0.2811030577835766,0.0651577593150726,0.2055809814044774,Nick Lodolo,0.2325371898422141,0.0430444227590832,0.2294338117957697,0.23044439392736607,0.08710213591018542,0.24422872439950236,0.242315498368552,0.09281387320080972,0.2617772309446505,0.21706434647224118,0.06326279714437608,0.29162272831838043,0.2208783369745653,0.09598270411289064,0.23699820932273344
2025-09-23,ATH,HOU,6.0,5.0,1.0,2.2,4.0,3.7,3.9,4.55,4.55,3.6,4.8,4.4,4.6,4.2,4.2,2025-09-23,Jeffrey Springs,0.1942582173478312,0.079687637081525,0.2322284645692615,Cristian Javier,0.2164984138668348,0.1076473651661621,0.199356992214135,0.23909012727898174,0.07328058708863662,0.25002181516650207,0.24248015821635158,0.09179841352545356,0.26192051747318357,0.17959195887561422,0.07676594330192064,0.20167965186096665,0.27776223758933083,0.0889077489849512,0.29652168484548963
2025-09-24,ATH,HOU,6.0,6.0,0.0,2.8,4.0,4.2,3.4,4.7,4.35,2.6,4.8,4.5,4.5,4.15,4.45,2025-09-24,Luis Severino,0.1775795504064405,0.0708482369080194,0.1521451070472247,Hunter Brown,0.2833894589039516,0.0766630757862641,0.2509166894986904,0.2463775766716943,0.07570973688620745,0.24891070405539092,0.24240556632178395,0.09170366615855946,0.26195074772282356,0.1995919588756142,0.08009927663525399,0.21477488995620475,0.2772572879945949,0.08919622680539523,0.2959876850366599
2025-09-25,ATH,HOU,16.0,5.0,11.0,3.0,3.4,4.3,3.0,4.85,3.9,1.6,5.6,3.4,4.8,4.1,4.55,2025-09-25,J.T. Ginn,0.27274064279109,0.0642783471642427,0.2767337105712462,Framber Valdez,0.2319628088238782,0.0863773443503578,0.2379876554155751,0.24193313222724985,0.0701541813306519,0.2519107040553909,0.24340299944632962,0.09112326320818882,0.26206498349672974,0.19959195887561423,0.08009927663525399,0.22765905071270592,0.27654380011505986,0.08915840168622065,0.2958702017640219
2025-09-26,ATH,KCR,7.0,4.0,3.0,3.2,5.0,4.5,4.1,4.8,4.0,5.2,4.0,6.8,4.3,5.1,4.4,2025-09-26,Mason Barnett,0.1757723112128146,0.1063215102974828,0.2116426491090037,Noah Cameron,0.2034624587504897,0.0730219758500526,0.2421240964847608,0.2583433886375062,0.07220546338193397,0.2544317124587523,0.2433235417816938,0.09151774679710685,0.26131524864993994,0.16511630739252223,0.07850140056022407,0.22109338728903943,0.21413873061634642,0.07416661783408281,0.20926958451683556
2025-09-27,ATH,KCR,6.0,2.0,4.0,4.0,5.2,3.8,3.9,4.45,4.0,5.4,4.6,6.1,4.4,5.05,4.45,2025-09-27,Luis Morales,0.2021956465434726,0.1036634433735883,0.2112915310130732,Michael Wacha,0.1721883012317794,0.0624531303371882,0.1930262433078713,0.28804035833447594,0.0655387967152673,0.2643896367224269,0.24407549691828545,0.09094576087962493,0.2613124631284865,0.18511630739252222,0.06600140056022408,0.23676005395570607,0.21405036354999424,0.07370307647261978,0.20946164961360533
2025-04-23,ATL,STL,5.0,4.0,1.0,5.4,5.0,4.7,5.0,3.85,4.5,4.8,5.2,4.4,3.6,5.15,4.65,2025-04-23,Bryce Elder,0.1517722473604826,0.0808823529411764,0.1914610876379991,Miles Mikolas,0.1369047619047619,0.0863095238095238,0.1420133907221425,0.20321158008658005,0.09138257575757576,0.21788093605740663,0.23367666167083986,0.08525836189132056,0.22889741486865828,0.1817667055167055,0.09099067599067598,0.22109815136130923,0.18054587743213338,0.08366552790513408,0.21212570355874624
2025-05-02,ATL,LAD,3.0,1.0,2.0,5.4,3.0,5.2,3.7,4.55,4.25,8.8,3.6,6.5,3.6,5.15,4.45,2025-05-02,Grant Holmes,0.288349077822762,0.1294703103913629,0.292519850471657,Yoshinobu Yamamoto,0.340030303030303,0.0887878787878787,0.2868511794348437,0.2491223604826546,0.09471436651583709,0.28423348390739694,0.24323456077519542,0.08714453295529147,0.24437392684318446,0.2410915297293006,0.08555461050817086,0.2052824099882923,0.26332545554847137,0.07379036955899064,0.23066183518461594
2025-05-03,ATL,LAD,13.0,3.0,10.0,4.0,3.0,4.9,3.6,4.6,4.15,9.2,3.2,5.9,3.0,5.1,4.45,2025-05-03,Spencer Schwellenbach,0.2104143441099962,0.0359030100334448,0.2520642023269611,Roki Sasaki,0.1786605551311433,0.1531830914183855,0.2247684167684167,0.24634458270487683,0.1058254776269482,0.2736452486132793,0.24255674340251887,0.08791764837967274,0.24597856297917284,0.2441218327596036,0.09464551959907994,0.21037272197515605,0.2666691524847344,0.074360993603994,0.231019084356623
2025-05-04,ATL,LAD,7.0,4.0,3.0,3.8,3.8,4.6,4.4,4.4,4.4,9.6,3.0,6.6,3.3,5.25,4.2,2025-05-04,Bryce Elder,0.1390633484162896,0.0885294117647058,0.1695313072374541,Dustin May,0.2026127946127945,0.1068282828282828,0.2155873122516486,0.271127191400529,0.09886895588781777,0.28136454685889334,0.24584641038858146,0.0892463088243297,0.24487068025449474,0.24721780799180176,0.09000155675078274,0.20528528159359802,0.267554587793576,0.073859785081664,0.23141341206264301
2025-05-05,ATL,CIN,4.0,4.0,0.0,3.4,3.8,4.3,4.1,4.45,4.35,4.6,5.2,4.8,4.5,5.8,4.1,2025-05-05,AJ Smith-Shawver,0.2556935817805382,0.1040372670807453,0.3015208647561588,Brady Singer,0.2635841250028892,0.091337748191295,0.2478280269911686,0.28925219140052894,0.08949395588781776,0.2942649797593262,0.25051773128589716,0.08654187522359244,0.24870576786583037,0.23797831253713606,0.09137032085561496,0.23008925027500876,0.1926532980957709,0.0925622547658113,0.21082144712588594
2025-05-07,ATL,CIN,7.0,3.0,4.0,2.6,3.4,4.3,3.1,4.5,4.05,4.4,4.2,4.0,4.2,5.55,4.2,2025-05-07,Grant Holmes,0.3030569735375227,0.1233969120124726,0.2944630788299334,Hunter Greene,0.3394533253956004,0.0518183655619988,0.2936346905187491,0.3195689334819769,0.0962058714232627,0.3260506940450405,0.258729904882747,0.09093728455147507,0.2523511525592115,0.23124671080553433,0.10323179271708682,0.22739083757659606,0.19536701943422344,0.09547394755839292,0.2141404079419041
2025-05-12,ATL,WSN,7.0,4.0,3.0,3.2,2.8,3.5,3.3,4.1,3.8,2.0,7.4,4.0,6.1,3.95,5.75,2025-05-12,Grant Holmes,0.2923487648888106,0.1134070806196091,0.2925389149064242,Jake Irvin,0.1694613425610427,0.0709104664839297,0.1844432063179422,0.3193140434444782,0.09500692544170804,0.2924707328601318,0.2622544314425161,0.08911013107689561,0.2563981283474213,0.175071105365223,0.1243018745959922,0.23219976411617274,0.2008759700366587,0.11797982664553681,0.22674105951719334
2025-05-14,ATL,WSN,9.0,4.0,5.0,3.4,3.2,3.0,3.3,4.35,3.6,1.6,5.8,4.0,6.2,3.8,6.05,2025-05-14,Bryce Elder,0.1920953416331567,0.0768407362945178,0.1861585264555438,Mitchell Parker,0.1333894064872325,0.1144779887986409,0.1883245419379872,0.3216498718672632,0.07854464376203504,0.31018815475712025,0.2638948535977914,0.08669829333330717,0.260422459897977,0.1965416936005171,0.11087050204697262,0.25885117525270973,0.20664918073262803,0.1136551835457444,0.23055290103611056
2025-05-15,ATL,WSN,7.0,5.0,2.0,3.6,3.4,3.3,3.6,4.25,3.65,2.6,4.6,3.4,6.0,3.85,6.1,2025-05-15,AJ Smith-Shawver,0.248835403726708,0.1070565907522428,0.2654078492313786,Trevor Williams,0.1850712693103997,0.0656300221517612,0.1972688827881002,0.3003998718672632,0.08479464376203505,0.30063150451081483,0.2621182290955172,0.08613554232555583,0.2607815205739663,0.1789978339513943,0.10280032660837612,0.24774006414159863,0.2055411251896616,0.11226828344123585,0.23036356742670397
2025-05-23,ATL,SDP,3.0,1.0,2.0,5.6,4.0,4.6,3.7,4.4,3.55,0.6,6.4,4.3,5.5,4.65,4.95,2025-05-23,Chris Sale,0.2998436185392706,0.0631516631516631,0.2911478550967645,Nick Pivetta,0.2789666084402926,0.0765722386775018,0.2440287431137357,0.16617826617826617,0.0675213675213675,0.25716736742400376,0.2464293233175557,0.08495297635441677,0.25790046158491226,0.22184679613472183,0.14292600931919816,0.25546445227074027,0.25771722357345966,0.0858791407423311,0.2623697438615378
2025-05-25,ATL,SDP,8.0,3.0,5.0,5.4,3.8,4.9,3.3,4.2,3.3,0.8,6.2,2.2,5.4,4.65,4.95,2025-05-25,Spencer Schwellenbach,0.1932085788607527,0.0459781989347206,0.2405496076475421,Dylan Cease,0.2799264267387837,0.0828398862769571,0.3020531559514355,0.1527167277167277,0.09797008547008547,0.2530548133114497,0.24166738906980845,0.09060841519019128,0.2587365524725933,0.21714894038423446,0.12216577540106952,0.24979778560407356,0.25940184543073835,0.08461565802621546,0.26359044897841816
2025-05-30,ATL,BOS,6.0,1.0,5.0,4.6,3.2,4.7,3.6,4.2,3.6,4.8,4.0,4.2,4.1,4.35,4.15,2025-05-30,Grant Holmes,0.264718855147325,0.1035512562084802,0.2803715825003842,Lucas Giolito,0.1919524533437576,0.0677858952641561,0.1619556498867158,0.181268315018315,0.1084065934065934,0.2711890080176525,0.2419270767911384,0.09058797633653234,0.26156872324695574,0.15893731378551001,0.14377873421055543,0.2006458544427819,0.21710475247594457,0.08353651702174034,0.2514281053310563
2025-05-31,ATL,BOS,5.0,5.0,0.0,3.4,4.0,4.4,3.9,4.1,3.35,5.6,3.2,4.5,3.8,4.3,4.15,2025-05-31,Spencer Schwellenbach,0.21135844831497,0.0417983626679278,0.2465406990344224,Walker Buehler,0.2195048701298701,0.0726361832611832,0.1833735119305468,0.2048260073260073,0.1146565934065934,0.2918741200071123,0.2431873075627252,0.09008640533052284,0.26447361076473197,0.15893731378551001,0.13752873421055542,0.22028603435282687,0.2187216210780472,0.08317996588577864,0.25418005445168707
2025-06-01,ATL,BOS,4.0,1.0,3.0,3.8,3.0,4.3,3.2,4.15,3.2,1.8,3.2,3.8,3.7,4.15,4.2,2025-06-01,Bryce Elder,0.185940566786155,0.073188025210084,0.1865373592972495,Garrett Crochet,0.2941751766751766,0.0802058281224947,0.2625950145014468,0.21732600732600732,0.1146565934065934,0.28435532301463107,0.24549981093881773,0.08850594207911017,0.2635271669932362,0.18393731378551,0.1291954008772221,0.21945443352122607,0.2213262607267464,0.08179363312101566,0.2525078227749282
2025-06-03,ATL,ARI,11.0,3.0,8.0,4.0,3.2,3.4,3.1,4.0,3.35,4.8,8.0,4.1,5.7,5.1,5.8,2025-06-03,Spencer Strider,0.2311194653299915,0.1000835421888053,0.2744107744107744,Zac Gallen,0.2281967743743105,0.1076123748768675,0.2284206492629075,0.27774267399267394,0.0959065934065934,0.3060944534494137,0.25276130845136685,0.08697997756050481,0.2657302218351819,0.20152737355523734,0.08869146333542617,0.2331341149362971,0.22915339634910897,0.0814954683425301,0.2450842668032133
2025-06-04,ATL,ARI,3.0,1.0,2.0,3.8,3.8,3.4,3.4,4.0,3.55,5.2,6.8,4.8,5.7,4.95,5.25,2025-06-04,Chris Sale,0.2968782291246059,0.0662481808315141,0.2827600885870783,Merrill Kelly,0.2263846144462086,0.0645789415898111,0.2162677371841647,0.2751785714285714,0.09932539682539682,0.3108563582113185,0.251302077234677,0.08738897982407441,0.2668760372843031,0.1890273735552373,0.08869146333542617,0.22489882081865004,0.22741750640995714,0.08013721053682127,0.24296031333688523
2025-06-05,ATL,ARI,21.0,10.0,11.0,2.2,3.6,3.4,3.4,3.95,3.5,5.4,5.0,4.7,5.4,4.9,5.3,2025-06-05,Grant Holmes,0.2739089505517146,0.0983942070799957,0.2749811401678358,Brandon Pfaadt,0.1656531974466756,0.0502319191811945,0.1932388263910003,0.2644642857142857,0.10825396825396823,0.3100627074176677,0.2494946616617181,0.08950392539843507,0.2670577329591943,0.2132031977310615,0.11176838641234924,0.24823215415198333,0.22999452080676744,0.08260658791768044,0.24444183825485977
2025-06-13,ATL,COL,16.0,12.0,4.0,3.8,2.8,3.9,3.8,4.15,3.85,5.2,8.8,4.3,6.1,3.3,5.8,2025-06-13,Bryce Elder,0.2091968978733684,0.0705504201680672,0.1913667421796963,Germ\xc3\xa1n M\xc3\xa1rquez,0.1359503848326238,0.0723454595695398,0.1926991713115353,0.3037972085385878,0.07133278598795838,0.2790214501999399,0.25237062589240133,0.08724494785437671,0.2666778288609756,0.21327212602304982,0.10165068294999383,0.2361864370338902,0.1930610586749013,0.10429818470824463,0.23893386104042302
2025-06-14,ATL,COL,5.0,4.0,1.0,5.8,3.0,4.6,4.2,4.45,3.7,5.8,9.6,4.4,6.8,3.3,6.05,2025-06-14,Spencer Strider,0.2150353155616313,0.1022319434951013,0.2846930846930847,Chase Dollander,0.1973701298701298,0.1119841269841269,0.2054025922504183,0.2935699358113151,0.07587824053341292,0.2865402471924211,0.25267445644217557,0.0866212105051255,0.2669619550826668,0.2002851130360368,0.11117449247380333,0.223917529470865,0.19233346569203524,0.10416687906374973,0.23795552350981647
2025-06-18,ATL,NYM,5.0,5.0,0.0,4.8,4.2,4.7,4.2,4.05,3.8,3.6,5.4,5.4,4.2,4.8,3.45,2025-06-18,Chris Sale,0.3110401101084331,0.0730641712784569,0.2791164904976077,Paul Blackburn,0.1052631578947368,0.0350877192982456,0.1556556556556556,0.2893852316266109,0.06000522466039705,0.2619997594997595,0.25519331451384564,0.08528982529300107,0.26633516532213225,0.20158645057773472,0.07914319409894183,0.24628092903828197,0.24926982915868948,0.08716717620734267,0.25163511196140864
2025-06-19,ATL,NYM,8.0,7.0,1.0,5.6,3.4,5.1,4.0,4.25,3.7,2.6,6.4,4.8,4.6,4.8,3.6,2025-06-19,Spencer Strider,0.2776809447862079,0.0927690438216753,0.3205775705775706,Clay Holmes,0.2081933093603574,0.0782382586902037,0.2150083490989635,0.27904040404040403,0.04621212121212119,0.23533309283309284,0.2515990424784394,0.08408856014802923,0.26258396581055293,0.20575311724440137,0.07775430521005292,0.2438999766573296,0.24813827898756588,0.08749517531561347,0.2501450027955968
2025-06-27,ATL,PHI,13.0,0.0,13.0,3.2,4.4,3.8,3.9,4.35,3.95,2.4,3.4,3.6,3.2,3.85,3.4,2025-06-27,Bryce Elder,0.1946129351766606,0.073783198464571,0.183628007476201,Taijuan Walker,0.2129606234495658,0.0735162039705442,0.2118971446269871,0.26478981544771013,0.045860389610389594,0.22852014652014652,0.2554189473052274,0.08137837552675913,0.26130314875995486,0.21431372549019603,0.038382352941176465,0.200404248887221,0.24111578965538163,0.08299845568790687,0.22155018998265139
2025-06-28,ATL,PHI,7.0,6.0,1.0,2.6,6.0,3.7,4.2,4.2,4.2,4.2,1.2,4.4,3.0,4.45,3.3,2025-06-28,Spencer Schwellenbach,0.2305899563302262,0.0406736962715223,0.2464431492368841,Jes\xc3\xbas Luzardo,0.2680649379305948,0.0776395278757655,0.2736931739228892,0.25333148211437684,0.055235389610389596,0.2202877009995654,0.25496058546391204,0.08153302083267464,0.26057923228181135,0.20431372549019605,0.048382352941176474,0.19264562819756584,0.24020787352137293,0.08320579159415191,0.22095096563046598
2025-06-29,ATL,PHI,3.0,1.0,2.0,3.2,5.8,3.8,4.3,4.45,4.15,3.0,2.2,4.2,2.8,4.45,3.15,2025-06-29,Spencer Strider,0.2975464228753702,0.0985946400091136,0.3222620633334919,Ranger Suarez,0.2307236397063983,0.0624134071547864,0.1958324074485659,0.27833148211437686,0.055235389610389596,0.2425099232217876,0.2548993436680613,0.08052644032856755,0.2601056889477424,0.20666666666666664,0.04916666666666666,0.2143561545133553,0.23972344131027204,0.08300652502876052,0.22280697809274952
2025-07-01,ATL,LAA,4.0,0.0,4.0,2.0,5.4,3.2,4.4,4.0,3.7,7.6,6.4,5.9,5.3,5.5,5.2,2025-07-01,Grant Holmes,0.2952869659478429,0.1089901137785477,0.2952772993387818,Tyler Anderson,0.1900420287240939,0.0812990572229702,0.2358254680517146,0.25333148211437684,0.055235389610389596,0.2406051613170257,0.2548395955745483,0.07954441056846306,0.2601857008711439,0.24460977391952038,0.0971962421758118,0.26166095159279223,0.22315568082394607,0.09281316282811922,0.25121944738455515
2025-07-03,ATL,LAA,6.0,1.0,5.0,3.0,4.6,3.1,4.5,4.15,3.7,5.8,5.4,6.0,5.0,5.4,5.1,2025-07-03,Bryce Elder,0.1877398753857434,0.0843018997972558,0.1795362209479313,Jos\xc3\xa9 Soriano,0.2003981532899426,0.1083707197024067,0.2547167571745932,0.2379635167464115,0.046938131313131314,0.2085160612279256,0.2527402401243607,0.08029599867662135,0.25718532428301866,0.2636573929671394,0.08624386122343085,0.2675992888151585,0.22417946872612776,0.09219795115373211,0.25100481806137565
2025-07-04,ATL,BAL,5.0,2.0,3.0,3.2,3.0,2.9,4.5,3.85,3.9,6.4,7.2,4.5,5.9,4.8,4.85,2025-07-04,Spencer Strider,0.2803587250955671,0.0995444419128629,0.3111465254322397,Charlie Morton,0.2286326566931852,0.0964055696206165,0.2251463618042862,0.2544407894736842,0.04409722222222222,0.23756368027554461,0.25491388435819173,0.08008663398630816,0.25925765380125765,0.2042494824016563,0.08809247757073843,0.22377190776739125,0.26465888877625054,0.09686543886790798,0.2491517074400358
2025-07-06,ATL,BAL,3.0,1.0,2.0,2.4,3.4,2.8,4.6,3.9,3.85,2.6,6.0,4.3,5.8,4.8,4.7,2025-07-06,Grant Holmes,0.3011043567285183,0.1096017741241839,0.303564362955763,Trevor Rogers,0.2173400673400672,0.084090909090909,0.2504639894883796,0.2444660419989367,0.04693813131313131,0.25267700273519395,0.2550911804103313,0.07929049402006073,0.2617503779534768,0.2347463768115942,0.08685024154589369,0.26194274855451105,0.26373284683765985,0.09614616505964527,0.24913795298976013
2025-07-19,ATL,NYY,21.0,9.0,12.0,6.6,4.2,4.6,4.4,3.8,4.3,5.2,4.4,5.8,5.5,5.6,5.2,2025-07-19,Joey Wentz,0.1644577644577644,0.1053876678876678,0.2042169879544461,Will Warren,0.2612625151460964,0.1120902143876972,0.2317543060026672,0.28819428622060195,0.04853396116554009,0.29653311771528723,0.2584170845542349,0.07676530000517467,0.2631813868448397,0.24473611914401389,0.06667100443416231,0.22308697226100827,0.2548131226216412,0.09364402029572166,0.26141181412029235
2025-07-20,ATL,NYY,6.0,2.0,4.0,6.6,6.2,4.7,5.3,3.9,4.9,5.8,5.0,6.5,5.6,5.75,5.65,2025-07-20,Grant Holmes,0.2821895732295795,0.1101633358422003,0.2970174504697105,Marcus Stroman,0.130792863802017,0.130949656750572,0.1740915769643539,0.27631689158458667,0.05887878875174697,0.2893126208208773,0.25680282613035815,0.07704324767035066,0.26285806882711077,0.24787002227791702,0.07749721526037313,0.22725363892767492,0.2541026334641263,0.0945781138150019,0.260870196969405
2025-07-21,ATL,SFG,14.0,9.0,5.0,5.8,6.0,4.8,5.2,3.85,4.85,3.6,5.4,3.8,4.8,3.6,5.05,2025-07-21,Bryce Elder,0.1911455250363118,0.082767904473075,0.2013895742795894,Hayden Birdsong,0.2287444974616027,0.1087483715115293,0.2539352276220261,0.262680527948223,0.05812121299417121,0.2795425058783486,0.25587358737300053,0.07710809391429893,0.26358461794573157,0.15238496123086914,0.05606868834490316,0.18326384142173613,0.23609127693515303,0.06951815331565117,0.23068024601258524
2025-07-23,ATL,SFG,12.0,3.0,9.0,5.4,6.6,5.4,6.1,3.8,5.25,4.6,5.4,3.9,5.3,3.75,5.05,2025-07-23,Spencer Strider,0.2906670408863391,0.098486355262671,0.3269621571137829,Justin Verlander,0.185430691490474,0.0820254212373777,0.2269728595848283,0.23393597457131668,0.06691750929046751,0.2708837622450718,0.25378671751519777,0.07681298090592927,0.2616295377732072,0.20795218812162544,0.05701406649616366,0.21284301315777063,0.23956995869648373,0.07017999535832319,0.23212697410192673
2025-08-04,ATL,MIL,4.0,1.0,3.0,4.6,5.8,4.0,6.4,4.35,5.85,10.0,5.4,7.6,4.7,6.6,3.55,2025-08-04,Erick Fedde,0.1334400496247347,0.1120545336113917,0.1628919728101505,Quinn Priester,0.1949985055289604,0.0822941458478206,0.2218639808637394,0.23145640000903162,0.08508817087764453,0.25365864838468755,0.2517380645329807,0.07757217264645361,0.26089826351737966,0.21562220769314586,0.09997130920185839,0.2027418701646057,0.24065422784185692,0.08116643102377014,0.23549131443961552
2025-08-05,ATL,MIL,9.0,2.0,7.0,4.6,4.8,3.9,6.3,4.35,5.75,8.8,5.0,6.9,4.6,6.3,3.55,2025-08-05,Joey Wentz,0.1748370403542817,0.1011033985171916,0.205435845597015,Freddy Peralta,0.2561269260040526,0.0886366364154643,0.2631452101380534,0.22052522591996276,0.09520962836752307,0.25251485753501435,0.25084813807219136,0.07826557247554178,0.261200257913211,0.19776506483600303,0.11247130920185837,0.21131329873603436,0.24073767223612605,0.08155780217534361,0.23606728484640468
2025-08-06,ATL,MIL,9.0,4.0,5.0,3.0,4.8,3.2,6.5,4.35,5.95,9.6,3.4,7.5,4.3,6.5,3.6,2025-08-06,Spencer Strider,0.2785479398073383,0.0990597330822894,0.3011558245914374,Jose Quintana,0.1581143041740867,0.0926905974460322,0.1506464729254571,0.2376680830628199,0.09140010455799927,0.26270004272019953,0.25099064733880827,0.07936227902981617,0.26109935468876766,0.19681268388362208,0.11628083301138219,0.22983181725455287,0.2402928803621443,0.0829430892188825,0.23692804633743944
2025-08-07,ATL,MIA,14.0,8.0,6.0,2.6,4.0,3.6,6.1,4.5,6.1,4.0,4.4,4.3,4.4,4.45,3.5,2025-08-07,Carlos Carrasco,0.1786037765569929,0.0667395199558942,0.2242446629279857,Eury P\xc3\xa9rez,0.2605003819709702,0.0934518113465481,0.2504713425018058,0.20989030528504213,0.09140010455799927,0.23845761847777527,0.24974172290820382,0.07914971899879598,0.26066204984441443,0.2833310107766629,0.0661488028879333,0.24742490228464983,0.2254762991097228,0.07769895676775868,0.23121855782614542
2025-08-08,ATL,MIA,6.0,1.0,5.0,3.8,4.6,4.1,5.8,4.85,5.9,4.8,6.0,4.7,4.9,4.65,3.65,2025-08-08,Bryce Elder,0.1813932006881545,0.0895580490491999,0.1978142024593905,Edward Cabrera,0.2502719468852192,0.0824180180358669,0.2722994511251925,0.22534485073958757,0.08640010455799926,0.2684576184777753,0.2515541453120733,0.07844927900765619,0.262957075951986,0.2854143441099962,0.06684324733237776,0.22850955836930592,0.22514317367893577,0.07756563258558535,0.2301301744868183
2025-08-09,ATL,MIA,8.0,7.0,1.0,3.2,5.2,3.9,5.5,4.45,6.05,4.4,5.6,5.1,4.3,4.6,3.7,2025-08-09,Erick Fedde,0.1273745928236104,0.1112901500489691,0.1587345454746242,Sandy Alcantara,0.1680281036203514,0.088889238072905,0.178610297534939,0.2481518682834472,0.0758737887685256,0.28873411617362776,0.2522715066105054,0.0777611274374136,0.2644098334311039,0.26233742103307317,0.07645863194776237,0.2277849206881465,0.22318540695129285,0.07906506186744983,0.22957831789707786
2025-08-10,ATL,MIA,8.0,7.0,1.0,5.6,4.6,4.3,4.7,4.55,5.85,4.8,5.6,5.1,5.8,4.25,4.35,2025-08-10,Joey Wentz,0.1731758056758056,0.0991221741221741,0.2059953914845219,Cal Quantrill,0.182706422893558,0.0628677627413845,0.185152593311642,0.2619164881664881,0.06633431508431506,0.29211634625864424,0.2514780323586001,0.07695921144711336,0.26318722340664324,0.21951690821256037,0.07107401656314699,0.21633546551498864,0.223073975493436,0.07970782434265013,0.2294419172147409
2025-08-18,ATL,CHW,22.0,9.0,13.0,6.4,2.8,6.0,4.0,5.05,4.9,2.8,4.4,3.3,4.8,4.15,4.7,2025-08-18,Spencer Strider,0.2644112655132392,0.0948590846288214,0.290512688199082,Yoendrys G\xc3\xb3mez,0.1726190476190476,0.1471259509721048,0.2112654952471886,0.22202453947019163,0.03042184265010351,0.2620201379250519,0.2491533643493187,0.07454460938509094,0.26288090212865806,0.27725381601542587,0.07037182975263469,0.2408572215217955,0.22349204081680327,0.09066771328699015,0.23684265107181426
2025-08-19,ATL,CHW,21.0,11.0,10.0,6.0,4.2,6.8,4.8,5.35,5.15,3.6,5.0,4.0,4.9,4.2,4.9,2025-08-19,Bryce Elder,0.1803478977133562,0.0881521016941375,0.1978002240739166,Tyler Alexander,0.1969465790293989,0.0612026584412607,0.1701051501976402,0.2074412061368583,0.04292184265010351,0.24037511628003033,0.24865615979811453,0.07495150769650151,0.2624715497898883,0.2724919112535211,0.07156230594311086,0.21976478454700557,0.22398981877598312,0.09070427634259899,0.23631933843466832
2025-08-20,ATL,CHW,1.0,1.0,0.0,7.4,5.6,7.2,5.7,5.85,5.25,5.6,7.0,4.5,5.1,4.65,5.15,2025-08-20,Hurston Waldrep,0.2575757575757575,0.0757575757575757,0.2617767537122376,Mart\xc3\xadn P\xc3\xa9rez,0.216103896103896,0.1337012987012986,0.2069437229437229,0.19494120613685828,0.04292184265010351,0.2556861210647193,0.2481669105197296,0.07485189563492949,0.2632808683006601,0.2588555476171575,0.07557300113027665,0.20529110033647924,0.22221212180157054,0.09138496135762039,0.23527921001768473
2025-08-23,ATL,NYM,11.0,2.0,9.0,6.6,7.8,6.5,6.2,5.45,5.05,6.8,5.0,6.8,5.7,5.3,5.9,2025-08-23,Cal Quantrill,0.1742269193984599,0.0596129094970627,0.1825188498557013,Clay Holmes,0.1836033304605386,0.0947847266387312,0.2040431599146647,0.2095565907522429,0.04958850931677017,0.25374867942139534,0.24740837649579686,0.0741980600081327,0.2626214094102272,0.167202227081484,0.07274090512171007,0.22082902592190515,0.23877751392698518,0.08693714742777002,0.24495002064127408
2025-08-24,ATL,NYM,7.0,4.0,3.0,6.0,8.8,6.2,5.8,5.45,5.35,7.2,4.8,6.4,5.4,5.45,5.65,2025-08-24,Bryce Elder,0.1777122835365297,0.0879226365340992,0.1963176737211904,David Peterson,0.2114303176651236,0.0851642446388823,0.2231928263792816,0.2095565907522429,0.04958850931677017,0.2556791813518972,0.24621954617347105,0.07399041147384297,0.2618365715411017,0.17856586344512038,0.07683181421261914,0.22168129864917785,0.2397529736903397,0.08696817823621784,0.24523361423001414
2025-09-05,ATL,SEA,5.0,4.0,1.0,3.2,5.4,4.6,4.4,5.55,5.3,3.6,6.2,5.2,5.6,4.5,5.75,2025-09-05,Chris Sale,0.3126176856305932,0.0688604653448403,0.2784531196615972,Logan Gilbert,0.34076563939493,0.0595186632589378,0.3090632436629558,0.23565077164215092,0.08096343311860552,0.1764494704213062,0.24413747932824317,0.07530868345207162,0.25547010857729,0.2546020499967868,0.075770757020757,0.24829271677248088,0.23174821499664294,0.07687397203606605,0.22507150020246772
2025-09-06,ATL,SEA,12.0,2.0,10.0,3.2,1.8,4.8,3.6,5.5,4.7,3.2,6.2,4.2,5.6,4.5,5.95,2025-09-06,Hurston Waldrep,0.2395125164690381,0.0720696091348265,0.2376719598545355,Bryce Miller,0.1830047704647246,0.096585731837448,0.2068865511178071,0.20787299386437316,0.08096343311860552,0.1855403795122153,0.2439809417774859,0.07477076428455683,0.2562427246848548,0.2693747772695141,0.057020757020757,0.24929271677248085,0.2320388466117538,0.07632876656063295,0.2252482980733722
2025-09-07,ATL,SEA,20.0,2.0,18.0,3.4,3.4,4.6,4.3,5.05,4.9,4.4,6.2,4.3,5.2,4.85,5.85,2025-09-07,Joey Wentz,0.1786388732040905,0.0977213483548887,0.2016033194058721,Emerson Hancock,0.1542693947501295,0.0863757819043024,0.1683749937803918,0.20835376309514236,0.0900980485032209,0.1815790268552105,0.2436144648308916,0.07533158265024191,0.2556862356996982,0.24993033282506963,0.05146520146520145,0.2376260501058142,0.23216533360744568,0.07579124003555807,0.2254226058334189
2025-09-08,ATL,CHC,5.0,4.0,1.0,3.2,6.8,4.7,5.9,4.95,5.65,4.0,4.2,4.6,5.3,4.3,4.3,2025-09-08,Bryce Elder,0.1809612110574264,0.0834909489426454,0.1955330458068546,Aaron Civale,0.2056812206009542,0.0776237373330922,0.1896875629285287,0.21013947738085664,0.09581233421750661,0.20465594993213357,0.2429049062254427,0.07520349303399272,0.25551076383399074,0.32091117216117215,0.04224587912087911,0.28792991002547585,0.2254064594409099,0.06778607858742708,0.2131770475735672
2025-09-09,ATL,CHC,7.0,1.0,6.0,3.4,6.2,4.0,5.8,5.05,5.7,3.4,4.4,4.4,4.5,4.15,4.35,2025-09-09,Spencer Strider,0.2369104185032162,0.0940389773353762,0.2792287299120089,Ben Brown,0.262586469307018,0.0661216744817878,0.2640157500651725,0.22479464979464975,0.08201923076923076,0.213121558397742,0.24295452226582423,0.07467759448130745,0.25522247677421256,0.3195222832722832,0.04224587912087911,0.2674753645709304,0.22460156262168596,0.06730871183681139,0.21199590319244735
2025-09-10,ATL,CHC,5.0,2.0,3.0,2.6,7.2,2.9,6.3,4.6,5.95,4.4,3.6,4.7,4.2,4.45,4.05,2025-09-10,Chris Sale,0.3154048805934994,0.0648098497363203,0.2850290480602694,Jameson Taillon,0.188355528698778,0.0476304727563308,0.1922004678680281,0.2533660783660784,0.08916208791208789,0.2058751815861478,0.24325146506754963,0.07564709531328251,0.2552616926661791,0.3409508547008547,0.037483974358974353,0.2504285458434395,0.2265274258201357,0.06683802154424628,0.2117474744165232
2025-09-12,ATL,HOU,14.0,3.0,11.0,2.2,7.6,2.7,4.7,4.45,5.9,4.0,4.0,3.8,4.4,3.95,4.5,2025-09-12,Hurston Waldrep,0.2377639751552795,0.0942414831545266,0.2394331084467447,Colton Gordon,0.1966337735967312,0.0465474109224109,0.1681514534001877,0.2393954901307842,0.09467679379444083,0.22025355996452617,0.24319658680947728,0.07593675023404282,0.25598402582020546,0.225745686868912,0.09647167487684728,0.286358535491163,0.28265071362785743,0.08982795945609949,0.3016274624728026
2025-09-13,ATL,HOU,8.0,2.0,6.0,2.4,7.8,2.9,5.6,4.15,5.8,5.4,3.0,4.8,4.3,4.5,4.15,2025-09-13,Bryce Elder,0.1833227626151294,0.0817513109849396,0.1995299057927622,Hunter Brown,0.2881633356866276,0.0778389619926886,0.250225271154966,0.22934764324083207,0.09993995168917767,0.2347805869915532,0.24333330809665102,0.07577712577317519,0.25608187680958944,0.21164312276634786,0.10480500821018061,0.2786715073511493,0.2818508236488148,0.08978316893111489,0.30057441907790583
2025-09-14,ATL,HOU,11.0,8.0,3.0,2.4,5.4,2.8,6.1,3.7,5.6,4.4,3.4,5.4,4.2,4.7,3.9,2025-09-14,Joey Wentz,0.1771489045039769,0.0967429775672529,0.2027082080430654,Framber Valdez,0.2394736098682339,0.0803835935844931,0.2440740752468463,0.22934764324083207,0.11243995168917767,0.24437408292651258,0.24337865974225203,0.07611197525771142,0.2561538821827668,0.21372645609968122,0.09855500821018062,0.27226125094089293,0.28220344357816074,0.08916821571925793,0.3003597365447062
2025-09-22,ATL,WSN,16.0,11.0,5.0,7.4,3.0,6.3,4.1,4.6,5.2,3.8,8.0,3.3,6.6,4.5,5.55,2025-09-22,Chris Sale,0.3203431921709954,0.0602760898098426,0.2829601305329571,MacKenzie Gore,0.2725984096973602,0.0890894426801473,0.2730434097494618,0.2620029239766082,0.07466374269005847,0.23756347090188554,0.24440989888477607,0.0758546207150761,0.2547956029222493,0.2143052999631947,0.10177470190628084,0.222913139587042,0.2077377853037538,0.09921402656397357,0.22517328260460004
2025-09-23,ATL,WSN,5.0,3.0,2.0,8.4,3.4,7.2,4.3,4.95,4.5,4.2,8.0,3.5,6.9,4.7,5.9,2025-09-23,Hurston Waldrep,0.2478904991948469,0.0825581906016688,0.2426645427470442,Brad Lord,0.2014522806073178,0.0808409695744289,0.1964795424416417,0.25333419332645335,0.07528293773649809,0.22720311054152514,0.2439743904831768,0.07574544705287538,0.25423067384368786,0.1869243475822423,0.1077270828586618,0.21234171101561347,0.20732453280409383,0.09949200819641413,0.22510393503568993
2025-09-24,ATL,WSN,7.0,3.0,4.0,7.2,3.0,7.2,3.4,5.05,4.5,4.0,7.4,3.7,6.7,4.6,5.7,2025-09-24,Bryce Elder,0.1886036975781113,0.0799691625928928,0.2038084223956235,Andrew Alvarez,0.1875349605898804,0.0885742435799643,0.1983870967741935,0.2737887387809988,0.07187384682740719,0.2205364438748585,0.24531560745172637,0.07584203077170477,0.253885255538951,0.2091465698044645,0.09106041619199512,0.2256750443489468,0.2081220568580764,0.09956554682245651,0.22557796076331213
2025-09-26,ATL,PIT,12.0,3.0,9.0,5.8,3.6,7.3,3.2,5.05,4.65,4.2,1.6,3.4,2.9,3.75,3.75,2025-09-26,Joey Wentz,0.1831443727896816,0.0954015597293629,0.205542310794308,Mitch Keller,0.1956431898577761,0.0655286132495108,0.1794976318137687,0.2672097914125778,0.06661068893267034,0.22942146129646127,0.24534525550582936,0.07536201791871931,0.2545387846630264,0.2666959706959707,0.06773992673992672,0.2793495432676142,0.22477009816658394,0.075609858978181,0.23786516446273456
2025-09-27,ATL,PIT,4.0,1.0,3.0,5.2,4.4,6.8,3.8,5.05,4.9,5.4,1.4,3.8,3.1,3.7,3.75,2025-09-27,Spencer Strider,0.241357264748673,0.0960254530620663,0.2866215790192946,Bubba Chandler,0.240298049044179,0.0374269005847953,0.2548130340582713,0.2562574104601968,0.04137259369457511,0.2290847609597609,0.24500016704652344,0.07518753382878426,0.2540814223809833,0.255029304029304,0.054406593406593394,0.2830354407035116,0.22429984597685698,0.07513432527391571,0.23781045692942596
2025-04-28,BAL,NYY,7.0,4.0,3.0,2.0,4.4,3.0,6.8,3.5,5.7,5.0,2.2,4.4,2.3,4.9,3.2,2025-04-28,Tomoyuki Sugano,0.0775860274990709,0.0499654934437543,0.147134402648281,Ryan Yarbrough,0.2520408163265306,0.092517006802721,0.2765651715231546,0.20681894465204423,0.11531940398700564,0.22292316760280145,0.21762228919847446,0.11440943532605649,0.2238966426815732,0.21336996336996333,0.08309847015729366,0.2417557798562644,0.27781820141257335,0.11702291117649365,0.2678995329658483
2025-04-29,BAL,NYY,18.0,3.0,15.0,2.2,4.2,2.8,6.9,3.5,5.45,5.2,2.4,4.3,2.4,4.6,3.05,2025-04-29,Charlie Morton,0.1870933977455716,0.1612520128824476,0.2013226070824109,Carlos Rod\xc3\xb3n,0.3136569804323427,0.1259996096227979,0.2664199962165078,0.2035509707958351,0.10420829287589453,0.2151929044449067,0.22455594693718436,0.11032338406441163,0.2281771197286599,0.21836996336996334,0.08601513682396034,0.24570314827731704,0.2768589530880019,0.11514281079109731,0.26728230769116385
2025-04-30,BAL,NYY,9.0,5.0,4.0,2.4,7.0,2.8,7.6,3.55,5.8,7.2,2.8,5.2,2.4,4.9,3.0,2025-04-30,Cade Povich,0.2076190476190476,0.0875238095238095,0.1759095655806181,Carlos Carrasco,0.1574118376749955,0.0766524898103845,0.185416311088354,0.19771763746250173,0.10254162620922787,0.21194615119815347,0.2248586154336033,0.10881798001621351,0.23016115993506078,0.18503663003663,0.10268180349062699,0.23456869449580445,0.2787414324295129,0.11686027265361629,0.27013760331714465
2025-05-02,BAL,KCR,3.0,3.0,0.0,2.8,7.0,2.4,7.5,3.4,5.95,3.8,2.0,3.8,2.6,2.85,3.3,2025-05-02,Dean Kremer,0.1411791710704753,0.0571514837819185,0.1409974888235757,Michael Wacha,0.1892200995461864,0.0947884643536817,0.2095491878922111,0.2156663554112197,0.0905758142434159,0.21359305501897033,0.22847443936359432,0.10889441771937676,0.22955982834126581,0.17943069357543034,0.04415204678362572,0.19041128949023683,0.2227062834127946,0.0758958812944881,0.20627810807658853
2025-05-03,BAL,KCR,4.0,0.0,4.0,3.0,5.8,2.5,5.1,3.5,5.75,3.4,2.6,3.5,2.2,2.75,3.4,2025-05-03,Tomoyuki Sugano,0.125261083521953,0.0492136687788861,0.1821358117307104,Kris Bubic,0.2474422973698335,0.0731588835212023,0.2787880883375273,0.23554213180873523,0.07535842293906808,0.21973116243585014,0.23032088602006823,0.1053816945671388,0.22974480541564624,0.17943069357543037,0.03859649122807017,0.19781869689764425,0.2210081132083665,0.07359600610374603,0.20676126305069864
2025-05-04,BAL,KCR,17.0,6.0,11.0,3.0,5.2,2.5,4.8,3.25,5.9,3.6,1.2,3.8,1.9,2.95,3.2,2025-05-04,Charlie Morton,0.184175293305728,0.1501207729468598,0.2082765203563522,Michael Lorenzen,0.1904998141954663,0.0878632478632478,0.207757609155609,0.22255511882172221,0.08250128008192523,0.23117281003310414,0.2275876440462268,0.10432065946905858,0.22749949077272308,0.20054180468654148,0.011929824561403493,0.21124462282357018,0.22235101183949296,0.07339220200265546,0.2083053217627151
2025-05-14,BAL,MIN,9.0,3.0,6.0,3.4,3.8,3.2,4.7,3.0,6.15,4.8,1.4,3.7,2.6,4.7,2.8,2025-05-14,Charlie Morton,0.1740207445296959,0.1109668940039783,0.1982042785351608,Bailey Ober,0.2003993974499816,0.0546510577915376,0.2402706481143181,0.28174369747899153,0.10425536881419233,0.2509772086528061,0.23944453390677978,0.10764807970800296,0.23549860832422623,0.292485814838756,0.0292063492063492,0.2600337815683084,0.26437305966160835,0.07214022951299247,0.25229380578717364
2025-05-15,BAL,MIN,4.0,0.0,4.0,4.4,4.6,3.3,5.7,2.9,5.4,4.8,2.6,4.8,2.9,4.9,2.8,2025-05-15,Tomoyuki Sugano,0.1406849430762474,0.0477798168015559,0.1828518587980327,Chris Paddack,0.1753626965140123,0.0950885737069947,0.1765813638364908,0.2724103641456582,0.1194299719887955,0.25428635793718757,0.24058661239216336,0.10880810369437215,0.2357305499330953,0.29653343388637504,0.039444444444444435,0.24599376752829438,0.2640921421579676,0.07227324209378351,0.24939339923591278
2025-05-16,BAL,WSN,7.0,3.0,4.0,3.6,5.2,3.3,5.7,2.9,5.25,2.6,4.8,3.2,6.4,3.9,6.25,2025-05-16,Cade Povich,0.1863945578231292,0.0768027210884353,0.1939036579544098,MacKenzie Gore,0.3652878030897354,0.0719205646741878,0.3204976469381876,0.2944882862235803,0.13046893302775653,0.28016355091964373,0.24351636837416812,0.11054643888779618,0.24003855271246607,0.16697860318216354,0.10905032660837613,0.23164811011861014,0.20514021129655802,0.11116232158698616,0.22907579466396497
2025-05-17,BAL,WSN,16.0,6.0,10.0,3.8,5.0,3.0,5.0,2.9,5.25,3.2,4.2,2.6,5.8,3.85,6.2,2025-05-17,Charlie Morton,0.1885037071482083,0.1084547521248288,0.1975017250752544,Jake Irvin,0.1547475308361531,0.0712619784383901,0.1667985195760626,0.3079498246851188,0.14921893302775652,0.28452347670814093,0.24366715050500143,0.11233605658807999,0.2397416730510768,0.18494397114753147,0.11337933093738044,0.2400866483245902,0.20562135294821388,0.11072203396355365,0.2296570589862347
2025-05-18,BAL,WSN,14.0,4.0,10.0,3.6,6.4,3.5,5.1,3.1,5.7,4.6,4.6,3.5,5.5,4.35,6.4,2025-05-18,Zach Eflin,0.1462862318840579,0.0357142857142857,0.1877028651572831,Michael Soroka,0.2419924491535744,0.0644663662566475,0.2140971963133385,0.31419982468511876,0.1440105996944232,0.29259450172831847,0.24523153344806958,0.11049319166562363,0.24045632686077886,0.18675392589866271,0.09573227211385103,0.2266251098630517,0.20288309175618968,0.1083662460068823,0.22722573039896618
2025-05-26,BAL,STL,7.0,5.0,2.0,3.6,6.2,3.7,6.7,3.35,5.8,3.8,4.2,5.6,3.7,5.2,2.85,2025-05-26,Charlie Morton,0.2040450648858577,0.1046251894477597,0.2055530519072185,Erick Fedde,0.1306407708786097,0.1110864986059006,0.1518864468864468,0.21991336278100979,0.10496009301156359,0.22819736607043165,0.2389773288370223,0.1094721416039053,0.2377614014351518,0.17664835164835163,0.052335164835164816,0.18998891819901717,0.18421973893794796,0.07488235612716551,0.21072176933602668
2025-05-27,BAL,STL,11.0,4.0,7.0,3.8,5.6,3.6,6.1,3.45,5.9,3.4,4.2,4.4,3.5,5.0,2.85,2025-05-27,Tomoyuki Sugano,0.1370479544609979,0.0463905201079113,0.1687456137083916,Andre Pallante,0.1468027375201288,0.0892815734989647,0.2034268393426928,0.25046891833656537,0.08621009301156358,0.2423121986063168,0.24495050292605122,0.10740662949817123,0.2402266778728202,0.16664835164835162,0.04233516483516482,0.17758170717038516,0.18546087593911875,0.07346948148325672,0.21084760961926818
2025-05-28,BAL,STL,10.0,4.0,6.0,4.2,6.0,4.0,6.4,3.65,6.05,4.6,4.0,4.1,3.6,5.1,2.85,2025-05-28,Cade Povich,0.2194135976744672,0.0843292134596482,0.2109765578127794,Miles Mikolas,0.1471445511010728,0.0752482589873894,0.1346207288817063,0.2525522516698987,0.09419620412267468,0.24414092295957285,0.24658722200766756,0.10747523100952198,0.2411386594716666,0.17498168498168493,0.04233516483516482,0.17736240892477112,0.18819925477975236,0.07210893552986308,0.21080104894730642
2025-05-30,BAL,CHW,3.0,2.0,1.0,4.0,3.4,4.1,6.6,3.55,5.8,5.6,4.4,4.1,4.0,3.35,4.6,2025-05-30,Zach Eflin,0.1297912701898208,0.0389610389610389,0.1697781005810458,Sean Burke,0.1617068672799897,0.1263682942734325,0.2234313651654201,0.24653721407591375,0.10472251991214836,0.24377055258920244,0.24880238256446593,0.10743501149834406,0.24214152559575078,0.22037238727456118,0.08936784833523961,0.20739267748351436,0.22010818129255666,0.10377748991161814,0.22484098875469385
2025-05-31,BAL,CHW,6.0,4.0,2.0,4.0,3.4,3.7,5.7,3.6,5.4,3.8,3.8,4.0,3.6,3.25,4.5,2025-05-31,Dean Kremer,0.1641457685924088,0.0600212106733845,0.1778001042350598,Davis Martin,0.1388945025111032,0.0627181199710843,0.1714282848698925,0.2721782397169394,0.09275670794633642,0.2621038859225358,0.2503118638281957,0.10750065613428635,0.2437699507339219,0.2312520169041908,0.0868215520389433,0.21632124891208582,0.22144481488911347,0.1026066047734676,0.22496909170887217
2025-06-10,BAL,DET,8.0,3.0,5.0,3.8,3.8,3.7,3.1,3.85,4.75,2.8,3.8,3.9,2.9,3.45,3.05,2025-06-10,Cade Povich,0.2363383980972913,0.0849057201033485,0.2133488243966421,Brant Hurter,0.3017736892736892,0.0453523328523328,0.2129448400088235,0.36127617119722377,0.07858980785296574,0.2876068259649495,0.2645073703185357,0.10296188364131006,0.24839931048624206,0.14944499511197584,0.04755358131047993,0.18380754246880007,0.2057899910407742,0.06846571513235629,0.21118368976090224
2025-06-11,BAL,DET,11.0,10.0,1.0,3.8,4.4,3.6,3.0,3.85,4.8,3.6,2.8,4.0,2.9,3.65,3.1,2025-06-11,Zach Eflin,0.1622472987962118,0.0344291125541125,0.1851767126906863,Casey Mize,0.2128968253968254,0.0697751322751322,0.2309227730768547,0.3444340659340659,0.06806349206349205,0.2805578414966102,0.2635149492367121,0.10137785466221298,0.24805172804203682,0.15669137192357008,0.04302459580323355,0.1931482018094594,0.20769362301529,0.0680657293343609,0.21229608671543035
2025-06-12,BAL,DET,5.0,1.0,4.0,5.0,4.0,4.4,3.0,4.05,4.35,2.8,4.0,3.4,3.4,3.55,3.5,2025-06-12,Dean Kremer,0.1660128890062,0.0599094662305364,0.1680744471732557,Tarik Skubal,0.3311807987670056,0.0222652387869779,0.3152063798539979,0.35395787545787544,0.05695238095238094,0.2835881445269132,0.2660158049842078,0.09984182656127037,0.24980301039952663,0.17433843074709948,0.05478930168558649,0.214887332244242,0.20723446073911359,0.06879486653273104,0.212371016386495
2025-06-13,BAL,LAA,2.0,2.0,0.0,4.4,3.8,4.1,3.2,3.9,4.05,5.6,4.4,5.5,5.1,4.9,4.55,2025-06-13,Charlie Morton,0.2123101259827602,0.1064514743095305,0.2182736103569436,Jack Kochanowicz,0.1599024150564371,0.1016106504928895,0.1847230828232846,0.35309766040411195,0.03673732718894008,0.28314171595548465,0.2658971290311455,0.09931457734441944,0.25027236845326506,0.21233024070872367,0.07505307386112338,0.25707382490685976,0.21878518883546577,0.09604629136637621,0.2529267838205978
2025-06-14,BAL,LAA,11.0,6.0,5.0,3.4,3.0,4.0,3.0,3.8,3.8,4.6,4.0,5.1,5.2,4.7,4.5,2025-06-14,Tomoyuki Sugano,0.1374145104245438,0.0422584420410507,0.1564140745899427,Tyler Anderson,0.1879149755236711,0.0792056772658779,0.2381470438815452,0.3665591988656504,0.03673732718894008,0.2765104162207367,0.2676429857309137,0.09785406885406032,0.2501415881869645,0.21968318188519423,0.07578836797877044,0.25460173559266525,0.21924423017612069,0.09647208119922361,0.25232670188384215
2025-06-15,BAL,LAA,13.0,11.0,2.0,4.4,3.0,4.1,3.4,4.0,3.8,4.0,4.0,5.1,5.1,4.6,4.55,2025-06-15,Cade Povich,0.237476864922517,0.0813024656502917,0.2118741035230088,Yusei Kikuchi,0.1983920427398688,0.1129316202485538,0.1955953897421553,0.36239253219898376,0.05340399385560675,0.2964428486531691,0.26859501975413713,0.09885135288032998,0.25121670030489723,0.21003405907817668,0.07052521008403359,0.23869264468357435,0.2184822365020706,0.09507393509488704,0.2486697931608879
2025-06-27,BAL,TBR,30.0,22.0,8.0,2.6,4.6,4.2,4.6,4.15,4.0,4.6,2.6,5.8,3.9,5.35,3.4,2025-06-27,Tomoyuki Sugano,0.1429020995107951,0.0485287450070058,0.1562897616545838,Ryan Pepiot,0.2335247854171205,0.0758461027492136,0.2271172061604342,0.2453622564475705,0.0854660239307947,0.23088981946540083,0.26613783441997657,0.09702950137237307,0.247562658473176,0.2009298871063577,0.05081773618538323,0.21554072953057934,0.23301809759978948,0.06527904775192539,0.2577601443095371
2025-06-28,BAL,TBR,14.0,3.0,11.0,6.0,5.6,5.3,5.2,5.1,4.3,4.6,6.4,5.9,6.0,5.5,4.45,2025-06-28,Zach Eflin,0.1595305770206955,0.0439278734733279,0.1857258449704573,Zack Littell,0.1713957564265058,0.0247563188188188,0.1766007054887086,0.19119558978090384,0.0854660239307947,0.19938798796356932,0.26439539201972995,0.0958316062937018,0.24767188807733753,0.2195345382691484,0.06477122455747625,0.22304988703973683,0.23243820147667982,0.06619578646759211,0.2572686452186628
2025-06-29,BAL,TBR,6.0,5.0,1.0,6.6,6.0,5.5,5.6,5.05,4.7,6.2,5.2,6.9,5.8,5.8,4.4,2025-06-29,Dean Kremer,0.1855836247033329,0.0626024096147093,0.1847196794094214,Taj Bradley,0.2095580983502893,0.0969091515844948,0.2045260936998028,0.18633447866979275,0.09588269059746136,0.20014556372114511,0.2628648249083782,0.09669544849337211,0.24770027968615047,0.21286787160248172,0.06477122455747625,0.20632194586326627,0.23366862991395607,0.06538852077896294,0.256283303060329
2025-07-10,BAL,NYM,4.0,3.0,1.0,2.4,4.0,4.5,5.0,4.4,4.7,6.4,4.4,4.2,5.9,3.7,6.1,2025-07-10,Charlie Morton,0.2313362010777544,0.0934368554300577,0.2305030310210646,David Peterson,0.201737140564795,0.0843946249828602,0.2135228332060368,0.2609130434782609,0.07818357487922703,0.276912718524481,0.2655573020931193,0.09493550953980129,0.25082377625665436,0.24613159458360695,0.09148259184056394,0.2448370816385522,0.24810451815675288,0.08842935995231989,0.24975013239359814
2025-07-11,BAL,MIA,7.0,5.0,2.0,3.0,2.6,4.7,5.0,4.75,4.7,4.0,3.8,3.6,3.0,4.45,3.5,2025-07-11,Dean Kremer,0.1864278684231645,0.0604866536642534,0.187226705382293,Edward Cabrera,0.2467309394845626,0.0932215530041616,0.2573335956348193,0.3108877909530083,0.07060781730346946,0.30299234065673475,0.26808471252192495,0.09385983640751312,0.2537102863133879,0.26759459838407207,0.06300366300366297,0.22002432216905898,0.21676194753019948,0.07722123711287159,0.22988326329286798
2025-07-12,BAL,MIA,6.0,0.0,6.0,4.0,1.8,5.2,4.5,4.7,4.55,4.2,4.2,3.6,3.5,4.15,3.6,2025-07-12,Trevor Rogers,0.2238720538720538,0.0839393939393939,0.2549166461361583,Janson Junk,0.2233337953398975,0.0214526214526214,0.1901565846888356,0.2914433465085639,0.05949670619235834,0.2890885973412267,0.26789025324749566,0.09285059085474416,0.25391477003826834,0.22935930426642495,0.07476836888601593,0.20752432216905897,0.21569619603872991,0.0776559233678249,0.2287554862682135
2025-07-13,BAL,MIA,12.0,1.0,11.0,3.4,2.6,3.0,4.3,4.15,4.75,4.4,4.0,4.1,3.3,4.35,3.4,2025-07-13,Brandon Young,0.2080803457920162,0.1072209509280446,0.2170028806235702,Eury P\xc3\xa9rez,0.2673202614379085,0.1009189640768587,0.234044582356224,0.2523129117259552,0.0508010540184453,0.26129604414973734,0.2650403569363521,0.0918628186116086,0.2518784426974357,0.23185930426642498,0.07726836888601593,0.21774654439128122,0.21473134288938173,0.07815958375752889,0.2286859834592136
2025-07-25,BAL,COL,11.0,5.0,6.0,3.8,5.0,2.9,5.9,3.8,5.45,5.4,4.6,4.3,4.7,4.0,5.75,2025-07-25,Dean Kremer,0.1933235431193097,0.0622072190670588,0.1898813933346298,Kyle Freeland,0.1682504247130267,0.0585183415618198,0.1877546611484786,0.16201047490521173,0.1090196645459803,0.21149268002528868,0.2576852774614629,0.09534609406814715,0.24957130530475072,0.20920620555914674,0.07936414565826329,0.27218221569564277,0.19420127946972743,0.09530343619835356,0.24640567700944285
2025-07-26,BAL,COL,18.0,18.0,0.0,3.8,5.6,2.9,6.3,4.05,5.4,4.6,4.4,4.7,4.2,4.0,5.5,2025-07-26,Trevor Rogers,0.2240111740111739,0.0828504828504828,0.2329951727720279,Antonio Senzatela,0.1116846125020984,0.0748283034070534,0.1577221844029636,0.18246502035975717,0.1181105736368894,0.2342199527525614,0.2595965413166473,0.0953030163675738,0.25200265185519005,0.22244149967679377,0.06759943977591035,0.27160250555071525,0.19474301462050678,0.0943781601187579,0.24654610310854919
2025-07-27,BAL,COL,6.0,5.0,1.0,6.4,3.6,4.7,5.7,3.85,5.0,4.4,6.6,4.4,5.8,4.0,6.15,2025-07-27,Tomoyuki Sugano,0.1409181334810625,0.0558865378201762,0.1616369531303119,Austin Gomber,0.1287051503216916,0.0470011400462527,0.1499923483998306,0.20746502035975717,0.13061057363688938,0.27082709560970425,0.25950426688091033,0.09558856428711636,0.2537004285543846,0.192679594914889,0.08188515406162462,0.2408274295628733,0.19321389222717775,0.09484430418355005,0.24499379810730085
2025-07-28,BAL,TOR,15.0,11.0,4.0,6.8,2.6,5.1,4.7,3.95,4.5,7.0,4.2,6.1,3.6,6.1,4.15,2025-07-28,Zach Eflin,0.1563549326927253,0.0414432433663202,0.1869033751197357,Chris Bassitt,0.2312901862651688,0.0556434174548203,0.2171644836667865,0.22990091779565464,0.13766185568817144,0.28308006003658176,0.2599632006029236,0.0961433984733929,0.25431453702702683,0.28643578643578643,0.02873376623376623,0.2031801423849479,0.2636961387081998,0.07717127412188898,0.28051290558337577
2025-07-29,BAL,TOR,20.0,16.0,4.0,8.6,2.8,6.1,4.0,4.25,4.65,6.2,5.6,6.1,4.7,6.05,4.5,2025-07-29,Charlie Morton,0.2232576289435159,0.0957359810937467,0.2242894959161338,Eric Lauer,0.2537025045473704,0.0607248194907199,0.1919620521382989,0.23212314001787684,0.12988407791039364,0.2812282081847299,0.25960715363706793,0.09576049429492273,0.2533129673206223,0.2201964701964702,0.03642607392607392,0.1819984255510571,0.2622969733938264,0.07716893263888133,0.2795598326956758
2025-07-30,BAL,TOR,17.0,8.0,9.0,10.6,2.2,7.2,3.9,5.1,4.15,4.0,8.2,5.3,5.7,5.2,4.75,2025-07-30,Dean Kremer,0.1932751692711374,0.0629079742030597,0.1901764903840545,Jos\xc3\xa9 Berr\xc3\xados,0.2048938846616711,0.0795322248385489,0.2024076649925573,0.2357195436142804,0.10653242955874531,0.28363158982724196,0.257778116733403,0.09612390394473186,0.25172518021779816,0.21823137646667057,0.0399167009461127,0.22578050867740257,0.26175502340890633,0.07672446019768871,0.2808684199965866
2025-08-08,BAL,ATH,5.0,3.0,2.0,3.0,5.4,5.3,4.7,5.2,4.7,5.8,4.4,5.3,3.2,5.25,3.7,2025-08-08,Tomoyuki Sugano,0.1528126233095177,0.0568692993227154,0.161852772948805,J.T. Ginn,0.2718506866349298,0.0561886462671032,0.2569486881831829,0.25228113389878093,0.08608992314874665,0.2253078781035101,0.25887065872458315,0.09475535015217165,0.2512098539534307,0.2145833333333333,0.07666666666666665,0.25611739260254324,0.24142652813781054,0.09354412033687598,0.2636145431239735
2025-08-09,BAL,ATH,14.0,3.0,11.0,2.8,5.2,4.5,4.5,5.3,4.25,5.8,3.6,4.8,3.4,5.05,3.7,2025-08-09,Brandon Young,0.2002995668060503,0.0957047610975909,0.2030142676736607,Jack Perkins,0.2296532443591267,0.1040073942034726,0.2866266104098589,0.23401190312955017,0.07070530776413127,0.2165666193622513,0.25770656604002157,0.09393139058563103,0.2510321094040029,0.21902777777777777,0.0811111111111111,0.26503579867464955,0.2403221601969063,0.09369299314004748,0.26487005297785804
2025-08-10,BAL,ATH,5.0,2.0,3.0,2.8,6.4,3.2,5.2,5.3,4.6,7.2,3.0,5.8,3.4,5.3,3.45,2025-08-10,Cade Povich,0.2453264902799064,0.077696485708908,0.2077408282298059,Sean Newcomb,0.2988758068467892,0.0674975625088118,0.2151028840658644,0.23678968090732794,0.07586403792286142,0.2345104252370917,0.25764013012588344,0.09404528253871056,0.25169205852031795,0.21963383838383838,0.0811111111111111,0.24195887559772644,0.2405944720669094,0.09290565706324036,0.2639370790355748
2025-08-12,BAL,SEA,1.0,0.0,1.0,2.6,4.4,3.1,5.3,5.15,4.6,6.4,3.6,5.2,3.6,4.35,3.85,2025-08-12,Dean Kremer,0.1963835005537323,0.0630625255493427,0.1943986787145268,George Kirby,0.2555518313004419,0.0613589969654042,0.232489853453884,0.25986660398425104,0.06817173023055374,0.23226683549350194,0.25938285090718755,0.09455640109689384,0.25184196203066367,0.2840722240722241,0.05914492914492912,0.25840326520456286,0.22910812943643058,0.07756011956372004,0.22141578270687565
2025-08-13,BAL,SEA,7.0,4.0,3.0,2.6,3.6,2.3,4.5,4.9,4.15,5.0,3.0,5.2,3.0,4.0,3.65,2025-08-13,Trevor Rogers,0.2303287453287453,0.0699481999481999,0.2295230709753601,Logan Gilbert,0.3535542165690907,0.0611226373740675,0.3160425714160145,0.25077569489334195,0.06817173023055374,0.2422047236922597,0.2571846911537368,0.09375507566386931,0.25091836186817623,0.2762944462944462,0.07025604025604024,0.266123853439857,0.2290507468763122,0.0778397111599483,0.22217481785098503
2025-08-14,BAL,SEA,8.0,5.0,3.0,2.4,4.0,2.7,4.7,4.95,4.0,4.0,2.6,5.1,2.9,3.85,3.8,2025-08-14,Tomoyuki Sugano,0.1523601014707734,0.0575310844184361,0.1600390659744136,Logan Evans,0.1767201995152305,0.0795748983016063,0.1787377164075714,0.2634741075917546,0.06975903181785534,0.2478438214366206,0.2568908888938081,0.09390092470124109,0.2506105244935337,0.27129444629444627,0.07025604025604024,0.2747097120257156,0.22922388119964845,0.07719640776193219,0.22334392153516172
2025-08-21,BAL,HOU,9.0,2.0,7.0,6.8,1.8,4.7,2.7,5.0,3.7,1.2,7.4,2.9,6.9,3.5,6.05,2025-08-21,Brandon Young,0.1963948327343621,0.0889990826092589,0.2088544253939288,Jason Alexander,0.2365030314437428,0.0852801304975217,0.2631538316586024,0.2556143936578719,0.09252402187184794,0.2998930639514743,0.25753919224944954,0.09381880108852837,0.2549409857678006,0.22894493558030207,0.07957661029625045,0.2722302242641225,0.28022433324430474,0.08722057002218649,0.29680846058836824
2025-08-24,BAL,HOU,5.0,3.0,2.0,7.0,5.8,5.3,3.9,4.25,4.55,5.6,6.8,4.0,7.4,4.55,5.55,2025-08-24,Trevor Rogers,0.235273954440621,0.0616234999568332,0.2290905170493919,Spencer Arrighetti,0.1917033690946734,0.1385311500094108,0.2707597662721002,0.21605718615948794,0.0884979499045995,0.2964217588383449,0.25397160482606107,0.09334436271392635,0.25447331475647067,0.26179920321224665,0.07587097684923769,0.29398363327390337,0.2804008863022758,0.08689439982668676,0.29638449466222905
2025-08-25,BAL,BOS,7.0,3.0,4.0,5.2,6.2,5.4,3.8,4.25,4.55,4.8,3.4,5.1,3.3,6.0,3.6,2025-08-25,Tomoyuki Sugano,0.1500800930148756,0.0548201607168998,0.1616597421004774,Richard Fitts,0.1796303369832781,0.0753671165435871,0.2027917069057468,0.227168297270599,0.07738683879348839,0.3107074731240592,0.2545868120237919,0.09262076300296568,0.2552692026819465,0.21722883597883597,0.052976190476190475,0.24045690420690416,0.22660553977804407,0.0827848031143493,0.2517700943568337
2025-08-28,BAL,BOS,5.0,2.0,3.0,3.2,4.6,5.0,4.3,3.9,4.5,5.2,2.6,4.6,3.2,5.2,3.4,2025-08-28,Cade Povich,0.2525810719544734,0.0849619136192026,0.2270413834769027,Jordan Hicks,0.1781169305457161,0.1175621328529874,0.1945472870185666,0.22278182384064732,0.06607282913165263,0.27145358669198016,0.25430579861921077,0.09132382647007,0.25500838224481764,0.32930224867724867,0.06235119047619048,0.2993446830946831,0.23141888789997161,0.08161355758902317,0.25398455469432263
2025-09-05,BAL,LAD,3.0,2.0,1.0,6.0,4.8,4.5,5.4,4.95,4.6,3.2,5.4,4.2,3.6,4.45,3.8,2025-09-05,Dean Kremer,0.1947131120018652,0.0621438225964032,0.2037801520901222,Shohei Ohtani,0.3228163383665775,0.0433749663414735,0.2892608784541661,0.2342875457875458,0.08427930402930402,0.23871144666613792,0.2531264331578749,0.09202065804083175,0.2540779972131833,0.2831865601718543,0.10647715846245256,0.2551582509836779,0.23973510753315985,0.07606415150559145,0.2381276244213206
2025-09-06,BAL,LAD,7.0,4.0,3.0,4.2,4.8,4.4,5.1,5.05,4.6,3.2,4.6,3.5,3.6,4.25,3.6,2025-09-06,Trevor Rogers,0.2383588369302654,0.0604732040446325,0.2342126792100378,Yoshinobu Yamamoto,0.2791639355813268,0.0861993418819505,0.2597636540913688,0.20028754578754576,0.09627930402930401,0.23643871939341063,0.2524612443496044,0.09222051048339724,0.2538865309993229,0.2881865601718543,0.12647715846245258,0.25503309453812095,0.2398089556804033,0.07695577631490375,0.23809823541966713
2025-09-07,BAL,LAD,7.0,2.0,5.0,4.6,2.8,4.8,4.9,5.05,4.6,2.8,4.6,3.1,4.0,4.25,3.7,2025-09-07,Tomoyuki Sugano,0.1551035178125479,0.055484882081872,0.168571696670837,Clayton Kershaw,0.1652146182730155,0.070532214252021,0.2019558952819523,0.20076373626373623,0.08961263736263735,0.22430078835892786,0.25117732468349774,0.09156646430975612,0.25293698113407953,0.26596433794963203,0.14425493624023036,0.2600751113448437,0.23809603456840042,0.07926323505551157,0.23843835006462868
2025-09-11,BAL,PIT,5.0,3.0,2.0,4.2,3.2,4.8,5.1,4.9,4.7,2.6,4.4,3.9,4.3,4.3,3.45,2025-09-11,Cade Povich,0.2451038663853308,0.0825975016592865,0.2204046978346206,Johan Oviedo,0.2978007518796992,0.1565977443609022,0.3292124542124542,0.21660439560439562,0.12337820512820512,0.23757323803647332,0.2513798270004548,0.09327350200130857,0.2535732778817725,0.19962468452600027,0.08545349022322704,0.21242832356239938,0.22128948650772615,0.07547781466536556,0.23371583237335394
2025-09-18,BAL,NYY,7.0,0.0,7.0,4.2,5.0,3.3,4.2,3.9,4.8,5.8,6.0,4.9,6.0,5.65,4.65,2025-09-18,Cade Povich,0.2464850367024279,0.0830130811217767,0.2233844629428896,Max Fried,0.2259954528877567,0.065726967814424,0.2310694197961011,0.24125475831358184,0.09178284134166485,0.2396341215973569,0.25052020108284107,0.0915807939145183,0.25205599705879983,0.23276258828890403,0.07413419913419912,0.22909245009913048,0.25742321898009196,0.08611657000588345,0.26601773806806284
2025-09-19,BAL,NYY,6.0,4.0,2.0,3.4,5.4,3.1,4.8,3.75,4.95,6.2,5.4,5.2,5.7,5.75,4.6,2025-09-19,Trevor Rogers,0.2412344368594368,0.0668818565693565,0.2368466634144741,Will Warren,0.2373240310933157,0.0985058911872966,0.2208562654222728,0.25200037234866957,0.09616880625394555,0.24962779648666747,0.25094960419206064,0.092363330242643,0.2527321991155013,0.24883401686033263,0.0759199134199134,0.22909245009913048,0.2576081279129952,0.08648742342321195,0.26591304696957874
2025-09-20,BAL,NYY,7.0,1.0,6.0,3.8,3.6,3.1,4.7,3.95,4.8,5.8,5.0,5.2,4.9,5.3,4.7,2025-09-20,Tomoyuki Sugano,0.1533996951116516,0.0515216762188811,0.1664875711510586,Carlos Rod\xc3\xb3n,0.2559941959330168,0.0978761011933135,0.2738591362324751,0.2561029364512336,0.08386111394625324,0.25150279648666746,0.2513204715351995,0.09226241355427982,0.25304113899056335,0.2530006835269993,0.0634199134199134,0.23303981852018313,0.25701759894386317,0.08646694231873221,0.26580971549575033
2025-09-23,BAL,TBR,6.0,6.0,0.0,3.2,4.6,3.0,4.8,3.9,4.95,4.6,4.2,4.1,4.6,4.55,4.25,2025-09-23,Dean Kremer,0.1998208079712064,0.0654905890903681,0.207416658866794,Ryan Pepiot,0.2390486429138132,0.095285860139301,0.2329574713936313,0.2586670390153362,0.07966697475211405,0.2587171838063179,0.2523787020100141,0.09222400453145961,0.2540756377615382,0.2514681201861509,0.06989153961980048,0.30463546239780526,0.26587474031526104,0.07191345053346432,0.2743045944945231
2025-09-24,BAL,TBR,8.0,2.0,6.0,2.8,3.2,3.3,4.6,4.1,4.8,4.2,5.2,4.0,4.7,4.2,4.35,2025-09-24,Tyler Wells,0.221067821067821,0.0151515151515151,0.1952259164535379,Shane Baz,0.2521231852763911,0.0891093444211853,0.2340340707430503,0.27278468607415973,0.08378462181093757,0.27734066558769443,0.2520429410996935,0.09227385065625796,0.2541338573575337,0.23921515575927338,0.07028679653679652,0.2906731982468619,0.26533591622233105,0.07203521745894911,0.2738282829913531
2025-09-25,BAL,TBR,11.0,6.0,5.0,2.6,4.2,3.4,4.6,3.8,4.35,4.6,5.6,4.2,4.3,4.0,4.35,2025-09-25,Cade Povich,0.2460855224830379,0.0858627983472703,0.2222709170884663,Drew Rasmussen,0.2155628743996963,0.0578172635695518,0.1913315104535293,0.2882817620975516,0.07267351069982646,0.29764369589072476,0.25177850399580676,0.09168611912341554,0.25444529968665963,0.23526778733822074,0.06831311232627021,0.2687377143758941,0.26498681048708994,0.07224686039166113,0.2733580391506439
2025-04-24,BOS,SEA,7.0,3.0,4.0,6.2,4.8,4.5,4.8,5.05,5.3,5.0,4.4,5.3,4.2,4.0,4.15,2025-04-24,Garrett Crochet,0.2843915343915343,0.081084656084656,0.2594474153297682,Bryan Woo,0.2149959742351046,0.0580817230273751,0.1881903945111492,0.26678276573787413,0.06560547295841412,0.30565339344566345,0.21755480402479688,0.06684937340450557,0.25295826974427066,0.1624014929858583,0.08285449199922883,0.20316591496738554,0.18438293924038132,0.08202475993880454,0.23360410535827394
2025-05-04,BOS,MIN,9.0,4.0,5.0,6.8,2.8,6.1,3.7,4.75,4.55,3.8,3.2,5.0,2.6,4.15,3.25,2025-05-04,Garrett Crochet,0.2863114134542705,0.1023620559334844,0.2582619461370962,Chris Paddack,0.1786654135338345,0.1116332497911445,0.1758976589044949,0.2692034762622998,0.06357142857142854,0.2940563922048123,0.23308524219404358,0.0637411671821225,0.26688595277611044,0.31852941176470584,0.07166666666666666,0.274577944168077,0.25266552276261345,0.07980308722318373,0.2504111321135678
2025-05-07,BOS,TEX,10.0,6.0,4.0,3.2,4.0,5.3,3.7,4.9,4.25,3.2,4.0,3.7,3.7,3.4,3.1,2025-05-07,Tanner Houck,0.1895434237768334,0.0774599542334095,0.2207637140374539,Tyler Mahle,0.225080475080475,0.1156898656898656,0.2339439556963014,0.2805906398233764,0.04252242926155968,0.29785628095463845,0.23471766284055962,0.06297228831890292,0.26651441563386424,0.17467173023055374,0.09639468864468863,0.20160543873525616,0.23044560845334075,0.07384408808430068,0.21254199299613755
2025-05-08,BOS,TEX,5.0,5.0,0.0,4.0,4.0,5.6,3.7,5.1,4.3,4.0,4.6,3.9,4.0,3.4,3.4,2025-05-08,Brayan Bello,0.1614269788182831,0.0952731326644369,0.2186274509803921,Jacob Latz,0.1235294117647058,0.1052941176470588,0.2238095238095238,0.2593406398233764,0.03877242926155968,0.2988885390191546,0.23347509276580802,0.06295985967893179,0.26714094629205626,0.1613383968972204,0.0830613553113553,0.18187109338421253,0.22589619340371092,0.07179286341529233,0.20932622078925558
2025-05-16,BOS,ATL,6.0,2.0,4.0,5.0,4.4,4.5,4.2,5.25,4.2,4.2,3.2,3.7,3.6,4.3,3.6,2025-05-16,Garrett Crochet,0.2863230185452407,0.0934196461974239,0.2693366088703885,Chris Sale,0.298971541966711,0.0616215060659504,0.2894840113320059,0.23157146999538303,0.04789871963785005,0.26478820713049034,0.23274884837211904,0.06022062328339529,0.26641978707708375,0.27539987186726317,0.06812797709536837,0.29229817117748147,0.2561609966160736,0.08607185575755077,0.2586425466215277
2025-05-17,BOS,ATL,13.0,7.0,6.0,4.4,5.2,4.1,4.5,5.15,4.0,4.4,2.8,3.8,2.8,4.2,3.6,2025-05-17,Lucas Giolito,0.197543133195307,0.0570324361628709,0.163188494492044,Grant Holmes,0.2791892402876384,0.1056372117584932,0.2858743843095864,0.21844015686406987,0.08779770953683995,0.261847030659902,0.2296653753837923,0.06879290222387482,0.2657431420894745,0.24377594024333155,0.0715467805141718,0.28420993588336385,0.25540680162954355,0.08662828365429656,0.25943088218680094
2025-05-18,BOS,ATL,14.0,4.0,10.0,3.8,6.2,4.5,4.7,5.3,4.2,4.8,3.6,4.0,3.2,4.15,3.65,2025-05-18,Sean Newcomb,0.2589799094226189,0.0644305561409702,0.2216573948820228,Spencer Schwellenbach,0.2027714368294078,0.0471186337369912,0.2518452430651703,0.21181489806489803,0.09773559773559772,0.25682793627910555,0.22984473416488693,0.07036873713096564,0.2644534625796603,0.21813491460230588,0.06321344718083846,0.2821395425086226,0.25152672065766385,0.08474506009659447,0.2585169783207362
2025-05-19,BOS,NYM,4.0,3.0,1.0,4.0,8.0,4.5,5.2,5.1,4.55,1.8,4.2,3.8,3.5,5.05,4.1,2025-05-19,Hunter Dobbins,0.1979834577660664,0.0314814814814814,0.2470057097716672,Kodai Senga,0.2380938359885728,0.108235229682598,0.2581238228081379,0.213064898064898,0.1014855977355977,0.2425015605675306,0.2292229688697851,0.07098605510740386,0.26200774093278006,0.22455348572995631,0.13009304421069123,0.24137455979321337,0.24052454409067936,0.0929237589182586,0.24245669521484564
2025-05-20,BOS,NYM,2.0,2.0,0.0,4.2,5.4,4.7,4.7,5.0,4.2,1.6,4.6,3.2,3.7,4.75,3.85,2025-05-20,Walker Buehler,0.2010064935064934,0.0635149110149109,0.1701077720049567,Clay Holmes,0.2316210413311862,0.0827858293075684,0.2028738135059974,0.23181489806489802,0.10773559773559771,0.23924069100231318,0.2309225001173405,0.07208838051337521,0.2610972014106382,0.20916887034534093,0.14120415532180236,0.23647259900889966,0.2355136160887902,0.09330266208894304,0.23985649445669321
2025-05-21,BOS,NYM,6.0,1.0,5.0,3.6,4.2,4.3,4.3,4.95,4.0,1.6,4.2,2.5,3.7,3.8,3.7,2025-05-21,Sean Newcomb,0.253081918480357,0.0679875005268732,0.2141975377467617,Tylor Megill,0.289960309528892,0.1191789246036116,0.2575679556776142,0.21704217079217075,0.10243256743256741,0.23350568770633426,0.2288040501149937,0.07231327956977437,0.25911850062566866,0.19158645276292333,0.12581953993718697,0.2009887280411577,0.236538119550535,0.0913985261279442,0.23496146395757703
2025-05-23,BOS,BAL,24.0,19.0,5.0,3.4,4.4,3.9,4.8,4.8,4.0,3.8,6.8,3.7,6.0,3.35,5.85,2025-05-23,Brayan Bello,0.1389145476101997,0.1340563194186382,0.1759775692119666,Cade Povich,0.2142316017316017,0.0785660173160173,0.1946657007101085,0.20256848658164447,0.11822204111677792,0.23946102269392733,0.22638167967930237,0.07399134735942792,0.25973034533193323,0.2737385376061846,0.11817762547909605,0.2693251704848493,0.24356472528772655,0.11208440340423075,0.2395155218446028
2025-05-24,BOS,BAL,3.0,1.0,2.0,5.8,4.2,4.8,5.2,5.4,4.1,4.2,9.8,4.0,7.4,3.4,6.65,2025-05-24,Lucas Giolito,0.1822482589873894,0.0655015998494259,0.159891370869033,Zach Eflin,0.1466586151368759,0.0285714285714285,0.178733720697255,0.19856848658164444,0.12622204111677793,0.2148310015522783,0.22510510891623886,0.07410689837174661,0.2578661213385195,0.23861033247797953,0.1348442921457627,0.24372993238961121,0.23927428871722872,0.11319832714428046,0.23717847037838644
2025-05-25,BOS,BAL,6.0,1.0,5.0,5.2,2.6,4.6,5.3,4.8,4.05,3.4,8.0,3.5,7.2,3.35,5.95,2025-05-25,Walker Buehler,0.2294341372912801,0.0687270665842094,0.1886638045756772,Dean Kremer,0.1631690411038237,0.0616755056537664,0.1694931581368267,0.17617791419107204,0.17091901081374763,0.2097498318484671,0.2223094090349416,0.08041101998087384,0.25674382434687437,0.2277055705732176,0.12314191119338176,0.2479890327370983,0.23806091791786027,0.11161865418437403,0.23813417401231163
2025-06-02,BOS,LAA,13.0,6.0,7.0,2.2,3.0,3.7,2.8,4.1,4.0,2.6,3.2,3.3,3.9,4.7,4.5,2025-06-02,Richard Fitts,0.1884920634920634,0.0704365079365079,0.2174354733316997,Tyler Anderson,0.1796019958668179,0.0817058830497565,0.2265222639812201,0.20198242656746493,0.12769164147872586,0.2170888421233766,0.2223818021199848,0.08279467426423086,0.25273993496987474,0.2460386259767064,0.1360585286746277,0.28796223668073234,0.21916854884697007,0.10003823865102589,0.25193445469266573
2025-06-04,BOS,LAA,20.0,11.0,9.0,3.2,3.4,4.0,3.4,4.35,4.05,3.6,3.8,3.0,4.0,4.9,4.45,2025-06-04,Lucas Giolito,0.1837699015959885,0.0723612619264793,0.1587725653817869,Jos\xc3\xa9 Soriano,0.1668124317424666,0.1152173212705446,0.2270863312476135,0.2084186110726149,0.09736741398208457,0.21763983771541184,0.220326362940947,0.08239474950457196,0.2513561378850338,0.25718413681261976,0.11314831195636144,0.2740498990183947,0.22115085624866548,0.09856121583531058,0.25142624992585394
2025-06-10,BOS,TBR,4.0,3.0,1.0,8.8,7.8,5.5,5.4,5.05,5.35,4.2,2.6,5.6,2.2,5.15,2.25,2025-06-10,Lucas Giolito,0.1677211401435003,0.0722280204267781,0.1444941316717837,Ryan Pepiot,0.2027544108526693,0.0742477804362246,0.2151289832920771,0.2756177529367184,0.11064838322596941,0.2774826024775314,0.2257096054848819,0.08752355616942109,0.25525964902906734,0.29967318178068114,0.0493834048345846,0.32759746710746007,0.2348076531251948,0.06667248731833081,0.26101154835917206
2025-06-11,BOS,TBR,7.0,4.0,3.0,8.2,6.6,5.7,5.0,5.1,4.7,3.4,3.0,5.2,2.5,5.0,2.4,2025-06-11,Walker Buehler,0.2087971734148204,0.0770165096341566,0.183467426565714,Zack Littell,0.1643809219896176,0.0304693154693154,0.1652753596746422,0.2777010862700518,0.10439838322596942,0.2503890064184181,0.22726936965659858,0.08625509883363237,0.25363062720048873,0.3077539898614893,0.0493834048345846,0.3242158245953828,0.23798396814518344,0.06566229811653793,0.26379083466349434
2025-06-14,BOS,NYY,7.0,4.0,3.0,6.8,5.4,5.9,5.0,5.05,4.55,6.2,5.2,5.4,4.1,4.75,4.05,2025-06-14,Hunter Dobbins,0.1767110271286472,0.045448343079922,0.2067880728769339,Carlos Rod\xc3\xb3n,0.3082350672102225,0.0929638448737827,0.2916271221690785,0.26996299103195653,0.10122378005136623,0.24389327992269166,0.2290833780230794,0.08539032296664428,0.25149392721675035,0.20493145743145744,0.071002886002886,0.2576368759610094,0.2593141793945926,0.09394073189485938,0.26615689559260747
2025-06-15,BOS,NYY,2.0,2.0,0.0,6.4,4.2,5.8,5.2,5.15,4.5,5.4,4.0,5.0,4.2,4.7,4.1,2025-06-15,Brayan Bello,0.1618672470846383,0.1071004583178495,0.1664980728063582,Max Fried,0.2373625566504127,0.0535245228423639,0.2166125819311041,0.2727216117216117,0.10766056166056164,0.2542854367854367,0.22867944221720327,0.08605619811062609,0.25216762267207327,0.2049314574314574,0.07100288600288598,0.24692259024672372,0.25716630883975955,0.09418957797045724,0.2643699426544123
2025-06-27,BOS,TOR,9.0,0.0,9.0,4.2,6.2,3.2,4.3,4.55,4.65,5.2,3.6,5.0,4.6,5.05,4.65,2025-06-27,Brayan Bello,0.1813637315448909,0.1023379887691481,0.1717768492898514,Jos\xc3\xa9 Berr\xc3\xados,0.2089513822530126,0.0856928598776424,0.2124774665377699,0.2781814264167205,0.1009527400703871,0.2934437934437934,0.23471626955860783,0.08787284956913353,0.25720130203447816,0.22591253011131304,0.14549676714991117,0.266944040365093,0.2671644384533949,0.08218743095770549,0.29126673741083475
2025-06-28,BOS,TOR,16.0,15.0,1.0,2.8,7.0,2.8,4.9,4.3,5.05,6.8,2.2,5.7,4.3,5.1,4.45,2025-06-28,Lucas Giolito,0.2041542805021065,0.077060649495432,0.1863451491780162,Chris Bassitt,0.2341641829455734,0.0536791852159168,0.2108948868783922,0.24008618832148243,0.12000035911800615,0.2722316722316722,0.23246208616174566,0.08910903439933902,0.2555628781691486,0.2213670755658585,0.14398161563475964,0.27224707066812326,0.2638661120527357,0.0832303844849766,0.2897284649325117
2025-06-29,BOS,TOR,8.0,3.0,5.0,5.4,6.6,4.1,5.0,5.05,4.85,5.6,5.0,5.4,4.7,5.0,4.8,2025-06-29,Walker Buehler,0.1967853714912538,0.0990786337845161,0.1829501203052758,Eric Lauer,0.237986503856742,0.0788471851804736,0.2009339494985427,0.22662464985994396,0.12192343604108309,0.252945957945958,0.2326708708502963,0.09102440303744214,0.25677216363312133,0.21998458708659582,0.12186179996655686,0.2628065112275638,0.2622217967601964,0.08300216185750443,0.28785816214508636
2025-07-01,BOS,CIN,8.0,5.0,3.0,6.6,5.2,5.5,5.3,5.4,5.0,4.4,5.8,4.4,5.4,5.0,4.95,2025-07-01,Brayan Bello,0.1700651951661062,0.1024233954686035,0.1702689311170534,Brady Singer,0.2051947330447512,0.1003601208178976,0.2114370747715087,0.21731026283657862,0.11200308463466355,0.23195765385239064,0.2314968095472153,0.09041400594204169,0.2544971683956313,0.1863585434173669,0.15076213818860873,0.2127157893992259,0.2040555142563083,0.09424052008006004,0.21389985697282293
2025-07-02,BOS,CIN,12.0,4.0,8.0,7.2,4.8,5.7,5.5,5.1,4.7,4.8,5.4,4.1,5.4,4.95,5.1,2025-07-02,Jordan Hicks,0.1934138307612284,0.117224978562524,0.2078211095452801,Nick Martinez,0.1803408556648112,0.0507784361975893,0.1812214132492179,0.20231026283657863,0.10200308463466357,0.21983644173117853,0.23113477725356912,0.08994947713811018,0.25435839913159236,0.1912708241191213,0.12409547152194209,0.2042501809336174,0.2053856804399738,0.09311860912672598,0.21475479064831654
2025-07-07,BOS,COL,12.0,9.0,3.0,7.2,4.0,6.9,4.6,5.15,4.35,4.2,5.6,3.4,6.0,4.5,5.9,2025-07-07,Richard Fitts,0.1672335600907029,0.0759637188208616,0.2165107466657331,Austin Gomber,0.0791301169590643,0.0470788349077822,0.1344607111796191,0.17906124458756034,0.10240849004006898,0.20578964587863716,0.2278829291173785,0.08878745675900702,0.2521802552265229,0.19872388189725648,0.10493640518408318,0.25540917415917413,0.19210019411031753,0.09845158187758625,0.24232870237551354
2025-07-09,BOS,COL,12.0,10.0,2.0,9.2,2.8,8.6,3.7,5.7,4.3,3.2,7.2,3.7,6.8,4.5,6.05,2025-07-09,Lucas Giolito,0.2046113257057784,0.0757114607864232,0.184384145078201,Antonio Senzatela,0.1104373806693699,0.0785903482672203,0.1523213017582786,0.1823945779208937,0.10074182337340232,0.20992757691311992,0.22902912916320411,0.08927165106959753,0.2520628536517219,0.19564854649993965,0.09519440312009969,0.2591962861699703,0.19257030924261667,0.09703596777879815,0.24360387932616026
2025-07-10,BOS,TBR,7.0,4.0,3.0,9.0,2.8,8.1,3.8,6.1,4.4,3.6,4.4,4.8,6.3,5.3,5.1,2025-07-10,Walker Buehler,0.1868707391978356,0.0963944650693876,0.1810483534228215,Taj Bradley,0.2024775689039609,0.0907710977047361,0.2012588358383647,0.18596600649232226,0.08169420432578325,0.2095710706742607,0.22746250770266788,0.0883117408430427,0.250617522524537,0.32130425130425133,0.1119275169275169,0.30426863126553527,0.24319424093464034,0.07044710731684925,0.2614990996043732
2025-07-11,BOS,TBR,9.0,5.0,4.0,7.8,2.8,8.2,3.6,6.2,4.55,3.6,4.4,4.3,4.5,5.1,5.25,2025-07-11,Jordan Hicks,0.1817371019160749,0.1240004276707799,0.2130934708521201,Drew Rasmussen,0.2240755198056539,0.0572708074901057,0.1859037201860324,0.1973296428559586,0.05669420432578326,0.19994374148171415,0.2289111657445157,0.08737225423832949,0.2507265868085035,0.3113042513042513,0.13192751692751692,0.31398523045581866,0.24165451791383774,0.07184014917365732,0.26199580076660905
2025-07-13,BOS,TBR,5.0,4.0,1.0,6.0,2.2,7.0,3.1,6.35,4.3,3.2,3.4,3.5,4.3,4.65,4.9,2025-07-13,Brayan Bello,0.1793565618949985,0.0947087133871094,0.175647215048921,Ryan Pepiot,0.2331436789477505,0.0855370689817939,0.2312403063584558,0.19502701127701125,0.06080604643104642,0.20871567130627552,0.22847525873667868,0.08743938840424181,0.2506727704746005,0.3117316017316017,0.14068820068820065,0.2863135238744995,0.24479917313724414,0.07329668584422538,0.26229952631315706
2025-07-25,BOS,LAD,7.0,2.0,5.0,2.4,3.2,4.2,2.7,5.9,3.55,5.6,5.8,3.9,5.2,4.0,5.15,2025-07-25,Brayan Bello,0.1789797718078041,0.0859194529886259,0.1787923606173953,Emmet Sheehan,0.2392857142857142,0.0702380952380952,0.2585144927536231,0.24773395721925134,0.04932152406417112,0.22931890882989237,0.2308629358353656,0.08535497195141846,0.2498330551397778,0.20872923552843456,0.13303916494133883,0.2574573422652881,0.2429723183972816,0.07571693497868714,0.24156108163946494
2025-07-26,BOS,LAD,6.0,4.0,2.0,2.0,4.0,3.4,3.0,6.0,3.35,5.2,4.6,4.3,4.5,4.1,5.2,2025-07-26,Garrett Crochet,0.3040909531385721,0.0674614538900253,0.2622323679499474,Clayton Kershaw,0.1645429449777275,0.0777788234309973,0.2141466085427895,0.2660672905525846,0.055988190730837786,0.25548523743029805,0.2312105448725627,0.08517353209428495,0.25109011620470795,0.20241344605475034,0.13303916494133883,0.25492322920485927,0.24255102115809254,0.07497461208673922,0.2410083767722661
2025-07-27,BOS,LAD,7.0,4.0,3.0,2.6,3.6,2.8,3.0,5.45,3.4,4.6,4.2,4.4,4.6,3.95,5.2,2025-07-27,Walker Buehler,0.1786416024596288,0.0943752067354325,0.1756564755265304,Dustin May,0.2197595408706519,0.0959876029320473,0.1898066799897955,0.27970365418894827,0.06598819073083778,0.2872930177506642,0.23379505886417268,0.08531609428568607,0.2542425897837113,0.2050920174833218,0.12768202208419596,0.23534919269370308,0.24227660070302093,0.07494018450753372,0.2393380577476944
2025-08-02,BOS,HOU,10.0,7.0,3.0,6.6,3.2,4.3,3.6,5.65,3.0,3.8,3.8,3.7,4.6,4.75,4.55,2025-08-02,Walker Buehler,0.1783789047384416,0.1012094343805655,0.1782434614540689,Colton Gordon,0.2013514576135593,0.0404393042854581,0.1742205922190345,0.24092071611253196,0.07147485080988916,0.28007479471862406,0.2304764449420693,0.08443402374605546,0.2525049156950442,0.2631478153769175,0.10187543450701342,0.3302126854765639,0.28796335670626527,0.08737197994152089,0.30160018747280026
2025-08-03,BOS,HOU,7.0,6.0,1.0,7.2,3.4,4.9,3.5,5.45,3.05,4.2,4.2,3.4,5.0,4.6,4.55,2025-08-03,Lucas Giolito,0.2055388152741285,0.0700890949150536,0.20615663298719,Framber Valdez,0.2641523046784702,0.0814604473949801,0.2456493351084671,0.22949214468396054,0.07576056509560344,0.2776938423376717,0.23097860713090762,0.08496514301070172,0.25302326927530566,0.2756478153769175,0.10812543450701342,0.32471817998205843,0.2887692515515776,0.08714168383095125,0.30094434528110053
2025-08-04,BOS,KCR,13.0,8.0,5.0,7.6,3.0,5.5,3.0,5.25,2.95,6.2,4.8,6.2,4.8,5.05,4.15,2025-08-04,Brayan Bello,0.1786235051012182,0.0887800619472167,0.1833117111288474,Bailey Falter,0.1501139446959574,0.0879052955410656,0.1514297446597107,0.23929606625258798,0.0639958592132505,0.29718102182485123,0.23190072178137994,0.08419969127186656,0.2543473839665191,0.178011767925561,0.07816480693635863,0.18838373614689402,0.21668787555311356,0.07488339116338939,0.2120778196484754
2025-08-05,BOS,KCR,8.0,6.0,2.0,8.4,3.0,5.7,3.4,5.35,3.0,6.4,6.2,6.0,5.2,4.85,4.4,2025-08-05,Jordan Hicks,0.1785997230720521,0.1166959496840208,0.1948227871766301,Ryan Bergert,0.20421888053467,0.0848408901040479,0.1306285831907808,0.24429606625258798,0.0764958592132505,0.2926058584261584,0.23206232247976047,0.08456397974265348,0.2536520554332046,0.1896784345922277,0.07649814026969196,0.19677633927633925,0.21654019523848422,0.07481067678731222,0.21187526539662332
2025-08-06,BOS,KCR,10.0,3.0,7.0,8.0,2.4,6.2,3.2,5.2,2.95,5.4,5.4,5.0,5.4,4.9,4.35,2025-08-06,Jordan Hicks,0.1711580679440499,0.1118336184471866,0.1919135043776038,Michael Wacha,0.1826223271677816,0.0711976151501843,0.2102521193903019,0.2176293995859213,0.06982919254658385,0.2664395298257527,0.23000867360825816,0.08381562593962114,0.25244847139241106,0.16884510125889435,0.08899814026969195,0.19086724836724836,0.21464071984165542,0.07525093400847614,0.2104553069282319
2025-08-15,BOS,MIA,3.0,2.0,1.0,6.6,4.0,6.3,3.8,5.3,3.7,5.4,6.4,4.8,5.9,4.7,4.85,2025-08-15,Lucas Giolito,0.1928598992912888,0.0776188780197301,0.2006450936768676,Sandy Alcantara,0.1679689107093216,0.0922708654030685,0.1782677501341622,0.1652179487179487,0.08033119658119656,0.24412135096788795,0.22549855226316104,0.08457898080824294,0.2522814427496875,0.19634032634032633,0.08231060606060606,0.20718676814260703,0.2233861575438177,0.07895114194514703,0.22962659646282396
2025-08-16,BOS,MIA,12.0,7.0,5.0,5.0,3.8,5.8,3.6,5.35,3.55,4.4,5.2,4.6,5.4,4.5,4.9,2025-08-16,Brayan Bello,0.1844688855677689,0.0879438655712913,0.185337579910227,Cal Quantrill,0.1776612161010845,0.0601343817526286,0.1830313343139026,0.1429957264957265,0.08033119658119656,0.2118136586601956,0.22455320150983832,0.08387998096685251,0.2508322000569056,0.21009032634032634,0.10231060606060605,0.22553354233615544,0.22319446772788476,0.07994334569969501,0.23030588665575163
2025-08-17,BOS,MIA,8.0,3.0,5.0,6.0,3.6,5.9,4.0,5.7,3.5,5.2,5.2,4.5,5.7,4.4,5.05,2025-08-17,Garrett Crochet,0.3047488622488622,0.0658010893427559,0.2663200558034964,Janson Junk,0.1823156333453816,0.0254670932931802,0.174536426537107,0.12632905982905981,0.06783119658119656,0.2123484180184844,0.2233956616067522,0.08319244013925536,0.2502665113828177,0.1938403263403263,0.10981060606060607,0.20777292457553767,0.2229042688032678,0.08030965996229911,0.22931240878138057
2025-08-18,BOS,BAL,9.0,3.0,6.0,5.4,3.2,5.4,4.0,5.55,3.7,5.6,1.4,4.1,2.9,5.6,3.55,2025-08-18,Jordan Hicks,0.1763027623347463,0.1121060735403563,0.2059072419864415,Trevor Rogers,0.2312079502988593,0.0635892726801817,0.2280314058047238,0.13466239316239315,0.06783119658119656,0.20613926769168703,0.22225694349070815,0.08251607883731019,0.24868349548178306,0.2884847640282423,0.06919068853851461,0.29796998702839733,0.2593179084136984,0.09263428294904645,0.25502132699979735
2025-08-29,BOS,PIT,6.0,2.0,4.0,3.4,2.8,4.2,2.9,5.05,3.45,4.2,3.0,4.5,2.6,3.85,4.3,2025-08-29,Jordan Hicks,0.1723712231087575,0.1218343221157942,0.1882715680824838,Paul Skenes,0.2865561389732929,0.0593798027864474,0.2788288667429606,0.328661223036223,0.07773580586080586,0.3074254911754911,0.23025726526104762,0.08215665981652039,0.25310018688732505,0.2611036065383891,0.044686147186147177,0.27129151507101124,0.22252239869875387,0.0746182024875869,0.23497563194578022
2025-08-30,BOS,PIT,13.0,3.0,10.0,3.4,2.2,4.1,2.8,4.75,3.4,4.2,3.4,4.4,2.6,3.7,4.4,2025-08-30,Jordan Hicks,0.1669846223866088,0.1180269995496757,0.1823880815799061,Johan Oviedo,0.3344298245614035,0.1633771929824561,0.3653540903540903,0.312411223036223,0.07023580586080586,0.3046116383616383,0.22965833044566666,0.08191668474326279,0.2528105266440294,0.25837633381111635,0.05377705627705627,0.2704978642773605,0.22289428665452068,0.07473887573515359,0.2352926848778691
2025-08-31,BOS,PIT,7.0,5.0,2.0,3.2,3.6,4.1,3.2,4.6,3.8,5.0,2.6,5.1,2.2,4.05,4.45,2025-08-31,Lucas Giolito,0.195921124914861,0.0764296779226907,0.2013640638929099,Mitch Keller,0.1918552000275027,0.0698493505659366,0.1837023074263905,0.3063110051712993,0.07677175357322416,0.2808177787125155,0.22970007701752881,0.08261708402838894,0.25210744671957075,0.24567792111270367,0.04901515151515151,0.2505651477088155,0.2220723515402309,0.07418932517827746,0.234069690998189
2025-09-02,BOS,CLE,18.0,11.0,7.0,3.8,4.4,4.5,3.5,4.5,3.65,3.6,3.4,2.6,5.1,3.35,5.05,2025-09-02,Garrett Crochet,0.3077434225582373,0.0612861007305451,0.262950217019355,Slade Cecconi,0.1997214299388212,0.0588287245050529,0.2010281586438608,0.29007168893198304,0.07335295015442074,0.2564821143768512,0.23083864972810955,0.08197247752376338,0.2519660860729236,0.23748102139406485,0.07078157349896477,0.24466581076875196,0.2418533848135696,0.07891296317542681,0.25544378745856033
2025-09-03,BOS,CLE,9.0,1.0,8.0,5.4,5.4,4.4,4.1,4.95,3.7,4.4,5.6,2.8,5.6,3.25,5.35,2025-09-03,Jordan Hicks,0.1619244823142874,0.1205110298663521,0.1768611700168787,Joey Cantillo,0.321954807513081,0.122482433879893,0.3177932492985681,0.286031284891579,0.06224183904330962,0.23853339642813323,0.23048342894615353,0.08137847406344625,0.25125507207128034,0.23525879917184261,0.07078157349896477,0.23629477004477004,0.2415456393369992,0.07833272079913692,0.25554516232453245
2025-09-12,BOS,NYY,5.0,1.0,4.0,5.0,2.8,5.3,4.5,4.7,3.85,3.8,6.0,4.4,5.3,5.7,4.55,2025-09-12,Lucas Giolito,0.1929424763715398,0.0839140537555002,0.2038852987928296,Luis Gil,0.1949260503036246,0.1488357752087728,0.2099825098096987,0.23493371684940034,0.0552583739862017,0.2122681893270128,0.23006101769558893,0.08073027643927258,0.24935991172698052,0.25375619576324177,0.08978391719664269,0.26263846566478144,0.25543534619823344,0.08783950086125185,0.26633821289195064
2025-09-13,BOS,NYY,8.0,3.0,5.0,5.0,2.6,4.9,4.7,4.45,3.9,4.0,6.0,4.6,5.1,5.25,4.45,2025-09-13,Brayan Bello,0.1788621786627817,0.0806082590682032,0.1853917691630064,Max Fried,0.225830839857361,0.0653408950865394,0.2310797711418553,0.20127987069555417,0.060066066293894015,0.20196515902398254,0.2293414216839753,0.08103349372393509,0.24902183013980944,0.27875619576324173,0.09811725052997602,0.269996325196554,0.2570990513261366,0.08780884666038165,0.2665967816891956
2025-09-14,BOS,NYY,10.0,6.0,4.0,4.2,2.8,4.6,4.8,4.55,4.15,4.2,6.0,4.4,5.3,5.35,4.3,2025-09-14,Garrett Crochet,0.3061925941236286,0.0570594730939558,0.2616652490744465,Paul Blackburn,0.192035681896363,0.0556360821840697,0.1895551090138126,0.20354231413446824,0.06594841923507049,0.19260687025392903,0.22898175615031083,0.08088240553133529,0.24792804418047498,0.2454228624299084,0.09811725052997602,0.26070145340168216,0.2576141478261852,0.08721554364240611,0.26676617280390824
2025-09-18,BOS,ATH,8.0,3.0,5.0,3.0,4.0,4.1,3.9,4.2,4.05,5.6,2.8,5.8,3.9,5.15,4.45,2025-09-18,Brayan Bello,0.1784104930332959,0.0822523976212327,0.1868587406754876,J.T. Ginn,0.2797759114954276,0.0653550938546034,0.2772778814342113,0.24789922044789625,0.05809736165575204,0.23267202252236802,0.23052201562546007,0.07997127915983902,0.24883544664304794,0.18501704350001558,0.09025028405833356,0.2078382542329411,0.23979903750893877,0.0923952758008912,0.25921136071607065
2025-09-26,BOS,DET,7.0,4.0,3.0,4.2,3.6,4.5,4.1,4.7,4.4,2.8,4.8,2.0,4.9,4.25,4.9,2025-09-26,Kyle Harrison,0.2691400450927305,0.0610938578329882,0.2760578957383468,Casey Mize,0.219416116069646,0.0612916422143898,0.2186384968427679,0.2527218814747419,0.07886464698535636,0.2656291613112669,0.23049386604358665,0.08075388587872517,0.24905550387033434,0.20697672064777323,0.09597008547008547,0.22485419038631224,0.20736685878743435,0.07784229088685156,0.221817802922715
2025-09-27,BOS,DET,3.0,1.0,2.0,3.8,3.6,4.6,3.9,4.6,4.35,2.4,4.4,2.1,4.5,4.15,5.1,2025-09-27,Connelly Early,0.3641456582633053,0.0550887021475256,0.3416106584190805,Tyler Holton,0.1812399355877616,0.0544053370140326,0.2257487941631163,0.24492967368253407,0.08362655174726112,0.2608672565493622,0.23084336237061642,0.08054417171252468,0.24928752147694164,0.2014211650922177,0.08485897435897435,0.22184415694149623,0.206761476726577,0.07735271673033048,0.22187410121105788
2025-04-19,CHC,ARI,8.0,6.0,2.0,7.8,5.4,6.5,5.0,6.7,4.7,7.6,5.0,5.7,4.4,5.75,4.75,2025-04-19,Ben Brown,0.2176657883179621,0.0845410628019323,0.2287056139034758,Zac Gallen,0.2519459706959707,0.118131868131868,0.3006509256509256,0.18876123876123874,0.07950382950382948,0.17736657821023144,0.17087868830515887,0.09037456987456985,0.18976315434738503,0.23895465645465644,0.06830738705738705,0.2256653010731958,0.2710662948162948,0.05226752414252413,0.26068992146486786
2025-04-23,CHC,LAD,13.0,7.0,6.0,5.8,5.8,6.4,4.4,6.85,4.5,4.2,2.6,3.7,4.1,4.1,4.05,2025-04-23,Matthew Boyd,0.2097237002128306,0.0946399614877875,0.2097426113308132,Jack Dreyer,0.3271604938271604,0.1265432098765432,0.2416666666666666,0.19174907920634127,0.09591249823447963,0.16812789086537477,0.17742545669076243,0.0857207862955608,0.19086105730757816,0.296516321440857,0.0601627229839304,0.23872950059766568,0.28138341792338256,0.06555769768050569,0.24299831627299787
2025-05-05,CHC,SFG,11.0,9.0,2.0,5.4,2.6,5.7,3.1,6.1,4.05,5.0,3.0,4.1,3.3,4.45,3.85,2025-05-05,Matthew Boyd,0.2090798694059563,0.0917729613381787,0.2177036512185928,Landen Roupp,0.247086247086247,0.1083041958041957,0.2833157152924594,0.23106122635534404,0.11259554171318875,0.2067148835569888,0.19367872022548413,0.09386465157362989,0.1956652470801268,0.22903540903540898,0.03642857142857141,0.22248001248001245,0.23444546386828558,0.07144341996398607,0.23326720277551413
2025-05-07,CHC,SFG,4.0,1.0,3.0,6.6,2.2,6.0,3.1,6.2,3.75,4.8,3.8,3.7,3.7,4.05,4.1,2025-05-07,Drew Pomeranz,0.2133333333333333,0.1066666666666666,0.2055555555555555,Robbie Ray,0.2616423029466507,0.1363829809481982,0.2614937612106868,0.1989221889221889,0.10749750249750248,0.1748488548488548,0.19326071543337853,0.09040571910275579,0.19253632387035335,0.20710823816706164,0.055789915966386536,0.2097419172419172,0.23309229094058814,0.07667541316148126,0.2348473539768377
2025-05-12,CHC,MIA,7.0,5.0,2.0,4.0,4.6,4.7,3.6,5.8,4.05,2.4,5.6,3.3,7.0,3.85,6.8,2025-05-12,Drew Pomeranz,0.3309523809523809,0.0761904761904761,0.3075396825396825,Cal Quantrill,0.1616699380674535,0.0741398008478753,0.1878424265161407,0.19578473813767933,0.07091036414565824,0.15102119690354981,0.19214588700672341,0.08863172162529151,0.19348844106573748,0.29746712449344026,0.0811196766196766,0.3226128295458806,0.209236142417449,0.10513343387022986,0.2357420611308905
2025-05-13,CHC,MIA,9.0,5.0,4.0,3.2,4.6,4.9,3.4,5.25,4.15,2.0,5.2,3.3,6.0,3.85,6.75,2025-05-13,Ben Brown,0.2537677126186443,0.0832325024871608,0.2585272021834287,Valente Bellozo,0.1930591077010514,0.1284455811310031,0.1969696969696969,0.24022918258212372,0.07368814192343602,0.16054500642735933,0.19845335094266642,0.089193706362437,0.19222265861052262,0.30140230967862547,0.07255486180486179,0.304353025624312,0.20869273885701278,0.10406759802347412,0.2320543919555594
2025-05-17,CHC,CHW,10.0,7.0,3.0,5.2,3.6,4.4,3.9,5.7,3.85,2.6,5.4,2.3,4.8,3.45,4.75,2025-05-17,Matthew Boyd,0.2365200469820034,0.068829721003634,0.2257777384139446,Sean Burke,0.152195314079372,0.1193812521348753,0.2258605574244024,0.21800696035990152,0.07202147525676936,0.18935693523928815,0.1993364504893021,0.08878484312784836,0.19419819781481548,0.16967643467643465,0.09397047397047396,0.19865411679483097,0.22123705806601987,0.10434752732168884,0.22877658607123313
2025-05-18,CHC,CHW,8.0,6.0,2.0,6.2,3.0,5.1,3.8,5.4,3.45,3.0,6.2,2.6,5.2,3.5,4.9,2025-05-18,Drew Pomeranz,0.35,0.0592592592592592,0.2868165784832451,Jonathan Cannon,0.1842390720432599,0.082531248471637,0.1786061329692145,0.22406756642050757,0.08035480859010269,0.20264364852600142,0.2023818341903028,0.08866094517797302,0.19590348352881445,0.17865079365079364,0.10080808080808082,0.21178542992614408,0.22005074520951218,0.10691002068909174,0.22863409990060243
2025-05-30,CHC,CIN,8.0,2.0,6.0,6.6,4.4,6.9,3.7,5.65,3.8,6.0,4.8,4.7,4.3,4.15,4.1,2025-05-30,Colin Rea,0.1860111989459815,0.057526350461133,0.1875032935418458,Andrew Abbott,0.2746967468077307,0.1045649779917514,0.2181938995963386,0.17023646071700987,0.08057736980791899,0.1800874718346898,0.19642898725080413,0.08716398677611117,0.19297459247434692,0.19620712620712616,0.06885614385614383,0.20354731505676762,0.20166395083146413,0.08742766090247091,0.21651817191779185
2025-05-31,CHC,CIN,2.0,2.0,0.0,4.4,4.4,6.4,4.0,5.75,3.9,6.0,4.4,5.0,4.4,4.4,4.0,2025-05-31,Drew Pomeranz,0.3202380952380952,0.0559523809523809,0.2367630385487528,Nick Lodolo,0.2078233150673543,0.0440448214711889,0.1987211532930397,0.18660009708064623,0.09875918798973718,0.1817782930907284,0.19946912136690523,0.08888497214051246,0.19451646857077295,0.18863136863136862,0.07239149739149738,0.2048293663388189,0.1997543842810784,0.08748768555775745,0.21565866320656554
2025-06-01,CHC,CIN,10.0,7.0,3.0,4.0,3.2,6.0,3.8,5.4,3.8,4.4,2.6,4.3,4.5,4.4,3.9,2025-06-01,Jameson Taillon,0.2046932148513175,0.0464823560278105,0.2026863468421909,Nick Martinez,0.1743935642749871,0.0520446417877247,0.1986246138586769,0.2000616355421847,0.096355341835891,0.1969366641314524,0.2027753046391995,0.08798455368195934,0.19585065251113,0.2025202575202575,0.09739149739149737,0.20823493909423685,0.20060600488648384,0.09024213156525308,0.2155716742672928
2025-06-12,CHC,PIT,5.0,3.0,2.0,3.4,3.8,4.1,2.8,5.25,3.4,4.2,2.0,3.5,3.1,3.85,3.1,2025-06-12,Jameson Taillon,0.1952755296233556,0.0457526290134985,0.2045796131636565,Andrew Heaney,0.1753769097247358,0.0798889194541368,0.1784996548682471,0.17633439659755448,0.028585858585858583,0.15732569491760667,0.19876910645107146,0.07898475139467134,0.19001353772423252,0.24036226930963772,0.08533151059466847,0.21889766970618033,0.21315545860035162,0.0852981849109455,0.2411228206660224
2025-06-14,CHC,PIT,3.0,2.0,1.0,3.8,3.6,4.2,3.0,5.1,3.4,4.2,2.4,3.3,2.8,3.9,3.25,2025-06-14,Drew Pomeranz,0.2710526315789474,0.0543859649122807,0.2222639933166249,Braxton Ashcraft,0.2357142857142856,0.1499999999999999,0.1537037037037036,0.17050106326422115,0.04108585858585858,0.1732130755108696,0.19917295626133405,0.07997049400071042,0.19108654327633529,0.2580314422419685,0.07630895420369102,0.23946435791992737,0.212650694691899,0.08565378993926864,0.23853223975235843
2025-06-17,CHC,MIL,8.0,5.0,3.0,3.0,3.6,3.7,2.8,4.85,3.05,3.8,3.6,2.8,3.2,4.4,3.2,2025-06-17,Ben Brown,0.2684956347999825,0.0666456731674122,0.2700243521441806,Chad Patrick,0.2162545686649424,0.0798753650508036,0.178092201271677,0.2059322986954566,0.06113247863247863,0.17384700408229817,0.19897680586265856,0.08098232604025056,0.1872799889786441,0.28602027199853286,0.05577805648457821,0.2995992586141143,0.2421258713160502,0.08330098117472061,0.23521788210418146
2025-06-19,CHC,MIL,15.0,7.0,8.0,4.0,3.4,3.4,2.8,4.4,3.15,4.0,3.4,3.1,3.5,4.15,3.2,2025-06-19,Drew Pomeranz,0.2575,0.0641666666666666,0.2111507936507936,Freddy Peralta,0.2437469631817457,0.0933244034548382,0.2716794707589732,0.23259896536212327,0.06779914529914528,0.18025726049255458,0.1999301841838418,0.08078069703498882,0.18789251351090586,0.267139153117414,0.05577805648457821,0.29003404122280996,0.2425394037675532,0.08217529223992709,0.23615207053638113
2025-06-20,CHC,SEA,13.0,4.0,9.0,3.8,4.2,4.1,3.4,4.65,3.5,3.8,1.6,4.0,3.5,3.5,3.65,2025-06-20,Matthew Boyd,0.2258411946014103,0.0580457125962192,0.1985801295783133,George Kirby,0.2701685042646141,0.06388599958394,0.2033956045569631,0.23164658440974226,0.06732295482295479,0.1728568809859132,0.19979887871567997,0.08098149423225419,0.18752303863687447,0.28660561660561656,0.06030219780219779,0.23772250179141424,0.21970636686936598,0.07429948663892118,0.22966252329288234
2025-06-21,CHC,SEA,17.0,10.0,7.0,4.2,4.6,3.8,4.2,4.2,3.65,4.8,1.8,4.3,3.1,3.7,3.7,2025-06-21,Drew Pomeranz,0.2642857142857143,0.0611111111111111,0.2078987150415721,Emerson Hancock,0.1647775755485716,0.0817114149945102,0.1781012062907684,0.2358132510764089,0.07148962148962147,0.19435446552697602,0.1999157890529081,0.08044293495053381,0.18942117449831097,0.2366056166056166,0.06030219780219779,0.1786999454004368,0.21770261287692283,0.07522594145268094,0.2272702132341592
2025-06-22,CHC,SEA,20.0,6.0,14.0,5.6,5.6,4.7,4.6,4.5,3.7,5.0,3.8,4.7,3.9,4.0,4.1,2025-06-22,Colin Rea,0.1720764895330112,0.0530531156980432,0.1785338475998004,Logan Gilbert,0.3943457245598468,0.0473505191550304,0.3639532469217673,0.25528693528693525,0.07148962148962146,0.20206123244426927,0.20126827839003095,0.07935586826201307,0.18935076033368228,0.23746031746031745,0.05218253968253968,0.17680276057791533,0.2185036150756009,0.07570441038146,0.2273978384612125
2025-07-01,CHC,CLE,7.0,5.0,2.0,5.4,2.4,5.6,5.8,4.85,4.6,2.4,7.4,2.5,4.8,2.7,4.35,2025-07-01,Matthew Boyd,0.2258706146542244,0.0573689458901129,0.1982435441169549,Gavin Williams,0.2204618728324391,0.1283057259980886,0.2545679480215524,0.16115761689291097,0.03759803921568626,0.1845880837391471,0.19508652971290327,0.07569082898633127,0.18716511730788332,0.21258700363963517,0.1212158017421175,0.22501754716731498,0.24335508783783932,0.08402494831230273,0.2595249813881193
2025-07-02,CHC,CLE,9.0,5.0,4.0,4.8,2.8,5.7,5.1,4.75,4.65,1.6,6.4,2.3,5.1,2.8,4.4,2025-07-02,Shota Imanaga,0.1926166352828756,0.0610827620802045,0.2120380273321449,Tanner Bibee,0.2020415770823379,0.0676628941710463,0.2128257951092669,0.1831814264167205,0.04771708683473388,0.20197938808697322,0.1978996007834879,0.07650006168356996,0.1909342122800775,0.2025870036396352,0.12454913507545082,0.20001754716731499,0.2416068550593291,0.08421976601581124,0.2563600425907032
2025-07-04,CHC,STL,14.0,11.0,3.0,5.2,3.6,5.2,4.8,4.95,4.7,3.2,3.8,3.7,3.9,4.2,4.1,2025-07-04,Colin Rea,0.1620718480628966,0.0489902219122167,0.1719799934064735,Miles Mikolas,0.1635141081744342,0.0582881746876311,0.1502550851674693,0.18151475975005382,0.052815126050420144,0.21149951192598251,0.1971647082160333,0.0770645354340373,0.19145894361743207,0.2593373902984887,0.07997593621735496,0.2455852054653481,0.2038010061170701,0.07501274710621225,0.22185748168085506
2025-07-05,CHC,STL,14.0,6.0,8.0,6.6,2.8,5.7,3.7,5.2,4.8,2.0,4.8,3.2,4.8,3.9,4.15,2025-07-05,Drew Pomeranz,0.2628205128205128,0.0589743589743589,0.1969169719169719,Matthew Liberatore,0.1967467727522075,0.0453249110993676,0.2011559137079636,0.19651475975005384,0.07781512605042015,0.23372173414820474,0.1977790720739864,0.07907541292899034,0.1931086458234309,0.23967927064036904,0.07997593621735496,0.23272806260820525,0.2027356050250476,0.0741505316222328,0.22012841374692077
2025-07-06,CHC,STL,11.0,11.0,0.0,5.4,3.8,6.1,3.7,5.5,5.0,2.2,6.0,3.2,4.7,4.2,4.2,2025-07-06,Matthew Boyd,0.2238963251044284,0.0562567454531379,0.1957324859662843,Erick Fedde,0.134690649536437,0.1023908944611309,0.1504042499398536,0.20057458880988288,0.07781512605042015,0.23820658263305322,0.19774074302077327,0.07816650013670311,0.19349437020093938,0.264679270640369,0.07747593621735496,0.25254230409427336,0.20327270042249024,0.07444427558107106,0.22121547124620813
2025-07-18,CHC,BOS,5.0,4.0,1.0,3.8,3.8,5.3,4.2,5.5,4.65,4.8,2.0,7.0,2.4,6.2,4.1,2025-07-18,Drew Pomeranz,0.2626436781609195,0.0701149425287356,0.196031746031746,Lucas Giolito,0.210850014937202,0.0698875022643907,0.1958417749439804,0.24942612942612938,0.05697619047619047,0.2675038665038665,0.20127583148181694,0.07486078812044406,0.19892605183532333,0.22964239589239588,0.053113738738738724,0.21207051001595295,0.23130364145817162,0.08652856144169763,0.2500777248144148
2025-07-19,CHC,BOS,6.0,6.0,0.0,4.2,3.2,5.2,3.9,5.2,4.35,3.0,2.4,6.0,2.6,6.15,4.15,2025-07-19,Shota Imanaga,0.186146800576003,0.0485560583723801,0.2107339023763775,Brayan Bello,0.1801660075457919,0.088789418800415,0.1750859307750301,0.2375213675213675,0.04864285714285714,0.26977659377659374,0.20141277761659476,0.07407277982443938,0.19970290679208066,0.21873330498330495,0.06629555692055691,0.19893919688463985,0.2298562749576656,0.08751092866207374,0.24864507931231894
2025-07-20,CHC,BOS,7.0,1.0,6.0,3.8,3.0,4.7,3.6,5.2,3.65,2.2,3.0,5.0,2.9,5.9,4.0,2025-07-20,Drew Pomeranz,0.2538888888888889,0.0677777777777777,0.2006084656084655,Jordan Hicks,0.1906545272935607,0.1167062848666164,0.2123232666843483,0.28394993894993886,0.02364285714285714,0.26501468901468894,0.20675520404023143,0.0733011883679348,0.20059885865585367,0.2162558275058275,0.0608901515151515,0.20188037335522807,0.2283611429002745,0.08661796000225667,0.24850884500961218
2025-07-21,CHC,KCR,16.0,4.0,12.0,4.0,2.0,4.2,3.4,5.15,3.55,3.0,4.0,3.7,3.6,3.65,3.75,2025-07-21,Ben Brown,0.2545851057155405,0.0686484723006461,0.251564964840746,Noah Cameron,0.2108898297933385,0.0769365965418596,0.2395865115174679,0.2939172592113768,0.03540756302521007,0.2673480223480223,0.20765584778269114,0.07375836229015742,0.2011081487728036,0.2105719728300373,0.10425255747836389,0.245797711613381,0.22048448192216916,0.07367196502840788,0.21405110323218282
2025-07-23,CHC,KCR,12.0,4.0,8.0,4.2,3.8,4.0,3.8,4.9,3.75,4.6,3.8,4.4,3.9,4.25,3.9,2025-07-23,Drew Pomeranz,0.2456989247311828,0.0736559139784946,0.194137224782386,Seth Lugo,0.2164412184004103,0.069872369359268,0.1845408448291771,0.3041736694677871,0.030828808446455497,0.2847472897472897,0.2073827840727215,0.072527294624104,0.2013188621620088,0.21850848076654525,0.10583985906566547,0.24009118987425052,0.22047965081071674,0.07456168373466693,0.21440076901137559
2025-08-02,CHC,BAL,7.0,3.0,4.0,4.6,4.8,4.8,5.7,4.5,4.55,7.6,4.0,7.2,3.3,5.25,4.5,2025-08-02,Matthew Boyd,0.2296259028344676,0.0594760119833673,0.2050448548512694,Tomoyuki Sugano,0.1490896181113572,0.0574400370161239,0.1668204115962452,0.1900674205022031,0.048975420714551125,0.19053465944913311,0.20601206953217824,0.07144219952608208,0.20011997220049796,0.2337048915996284,0.1045177775440933,0.2737067777971668,0.2562869238756479,0.09611577725934987,0.25086435046205785
2025-08-03,CHC,BAL,8.0,5.0,3.0,4.2,4.8,4.7,4.9,4.1,4.75,6.2,3.8,7.4,3.3,5.3,4.6,2025-08-03,Drew Pomeranz,0.2623809523809524,0.0723809523809523,0.2050566893424036,Brandon Young,0.2015274888472829,0.0957630943300279,0.2086542090276051,0.18890191933670192,0.06459313633226675,0.17822696714144082,0.2049463012115941,0.07246419936212004,0.1982670094949378,0.25124875124875123,0.10013181263181262,0.27007429916468817,0.25698734577980864,0.09675714898123457,0.25035144222553407
2025-08-04,CHC,CIN,5.0,2.0,3.0,4.4,3.8,4.6,5.2,4.3,4.5,3.2,3.6,3.7,2.9,4.25,3.5,2025-08-04,Drew Pomeranz,0.2662037037037037,0.0759259259259259,0.2033289241622574,Nick Martinez,0.1789067490953679,0.0561923973219795,0.1724889726168726,0.19562460841233215,0.07635784221461969,0.16435599939950532,0.2063040523607592,0.07287872100855498,0.19792777383517363,0.2220356065503124,0.08544697622638797,0.23976445953514744,0.2161155465796755,0.09564738926967253,0.22463497566747462
2025-08-05,CHC,CIN,6.0,1.0,5.0,4.2,2.6,4.4,4.7,4.3,4.45,3.4,3.0,3.9,2.5,4.3,3.0,2025-08-05,Shota Imanaga,0.194859863339951,0.0407966913666584,0.2108715467538996,Zack Littell,0.1682624459337119,0.0378747253747253,0.1777369350253303,0.2085875713752951,0.06524673110350857,0.17135599939950533,0.20712216366926406,0.07221618718120448,0.19903752134576297,0.2354615324762383,0.09285438363379538,0.26973116319774454,0.2165077621494899,0.09545126822243981,0.2258518446708406
2025-08-06,CHC,CIN,7.0,6.0,1.0,2.4,3.0,4.0,4.0,3.95,4.65,3.6,2.2,3.9,2.6,4.2,2.95,2025-08-06,Drew Pomeranz,0.259009009009009,0.0738738738738738,0.2045903045903045,Andrew Abbott,0.2227742960205769,0.0774290773889441,0.2171014994103023,0.18916728152022266,0.06756557168321872,0.17582028511379105,0.20585679883140282,0.07216619150089332,0.19893357971201736,0.23069962771433355,0.07952105030046205,0.25139782986441117,0.21713124434376732,0.09459134688710251,0.22606939561975195
2025-08-15,CHC,PIT,5.0,2.0,3.0,3.4,2.4,3.1,2.9,3.9,3.9,3.0,9.8,3.3,6.7,4.85,5.45,2025-08-15,Colin Rea,0.1677574768562087,0.0566741626931844,0.1701619674331833,Braxton Ashcraft,0.2178963012296345,0.10002405002405,0.2203004353387495,0.2566769940299352,0.04563375350140054,0.2328784351540191,0.20933025823009757,0.07019043276375397,0.2012001811609616,0.2677128785193301,0.0778818493334622,0.24034406113695478,0.22202542047258822,0.07646704480027654,0.2327943260701717
2025-08-16,CHC,PIT,4.0,3.0,1.0,2.0,2.8,2.8,2.9,3.7,4.05,3.4,9.8,3.1,6.5,4.85,5.55,2025-08-16,Shota Imanaga,0.2147732137557904,0.0356971049458261,0.2110384915426932,Mike Burrows,0.22853538521125,0.0890419034159779,0.2305152301521652,0.24138287638287634,0.0338690476190476,0.2278605140070657,0.20925185269875224,0.06960059719431066,0.20044313015213935,0.2536711327887798,0.08319494231258934,0.2294547689409475,0.2211698601312025,0.0768045858988278,0.23258204923126977
2025-08-18,CHC,MIL,7.0,0.0,7.0,2.8,2.0,3.2,2.5,3.6,3.25,10.0,4.0,7.5,3.3,7.55,4.0,2025-08-18,Drew Pomeranz,0.2758333333333333,0.0733333333333333,0.2277876984126984,Freddy Peralta,0.2610913173782738,0.0888184327749544,0.2718209964833936,0.2948593073593074,0.03629329004329003,0.25044384734039904,0.213212378048585,0.0692014889010914,0.20319062662345386,0.26390639589168996,0.07012721755368814,0.25790973750614443,0.2422126783726765,0.08190114843309435,0.23863387488774065
2025-08-19,CHC,MIL,10.0,6.0,4.0,2.0,3.2,2.6,3.1,3.3,3.55,10.0,2.8,7.9,3.2,7.4,3.9,2025-08-19,Drew Pomeranz,0.2691056910569105,0.0715447154471544,0.2246709252806813,Brandon Woodruff,0.3394104308390022,0.0515873015873015,0.2491770469460269,0.271525974025974,0.05629329004329002,0.2326116795082312,0.21365052795529063,0.07027360784452508,0.20341668075579628,0.24390639589169,0.07012721755368814,0.26475184276930236,0.24187225354709038,0.0812406553005694,0.23968054567599742
2025-08-20,CHC,MIL,7.0,4.0,3.0,3.4,3.2,2.7,3.0,3.35,3.2,6.8,4.6,7.2,3.6,7.4,3.8,2025-08-20,Colin Rea,0.1710471777819603,0.058407196185457,0.1760384155651242,Jacob Misiorowski,0.3562570448053016,0.1250947000046811,0.2672852295720201,0.282478354978355,0.05676948051948051,0.24092988882462563,0.21446722450900713,0.0708682731557885,0.204634917653623,0.24501570325099736,0.05286531279178337,0.2729179846196547,0.24312861027289415,0.07995112108944924,0.24169310423499407
2025-08-21,CHC,MIL,5.0,1.0,4.0,3.6,3.6,2.9,3.0,3.4,2.9,5.0,4.4,7.2,3.8,7.4,3.9,2025-08-21,Drew Pomeranz,0.2785714285714286,0.0698412698412698,0.2336073318216175,Quinn Priester,0.1900868731568339,0.0788571775995034,0.2154987624550742,0.2658116883116882,0.07010281385281383,0.2475965554912923,0.21541815337960174,0.07136799363720886,0.20619783831239402,0.25005772005772003,0.03521825396825396,0.27065554118074064,0.24346393055196022,0.07932158470291814,0.2410013959642158
2025-09-02,CHC,ATL,7.0,4.0,3.0,5.2,6.4,4.8,4.7,3.85,3.85,6.2,5.0,4.6,5.1,5.9,5.4,2025-09-02,Drew Pomeranz,0.2655555555555555,0.0651851851851852,0.2225228475228475,Joey Wentz,0.1721282518277403,0.0991249174241501,0.2007926327217311,0.27412595574360277,0.04055878761761113,0.2772895945250456,0.21962153477857532,0.06931314030020014,0.21057746195006471,0.20623227347365275,0.0640907224958949,0.18579608565027436,0.24440282153067686,0.07346029814592557,0.2570137215445372
2025-09-03,CHC,ATL,6.0,1.0,5.0,5.4,4.6,5.1,4.6,4.0,3.75,4.6,5.4,4.8,5.5,5.65,5.3,2025-09-03,Drew Pomeranz,0.2652173913043478,0.063768115942029,0.2216379634857895,Bryce Elder,0.1779595245816624,0.0871209902010213,0.1931649173636744,0.2491259557436028,0.04055878761761113,0.2569192241546752,0.2198432754006295,0.06880720496954174,0.21039211686418965,0.20440077164215092,0.07471343311860552,0.18776168761587633,0.2431892001929406,0.07404280434665185,0.2564688263291288
2025-09-05,CHC,WSN,16.0,11.0,5.0,5.0,4.8,4.9,4.9,3.85,3.95,4.4,3.6,3.3,5.1,4.05,5.1,2025-09-05,Javier Assad,0.1213474025974025,0.0579906204906204,0.1335803132678132,Jake Irvin,0.1494617225313108,0.0797460785529908,0.1628454987444851,0.2518532284708755,0.05055878761761112,0.2665448926038731,0.22042412123105973,0.06903323971613926,0.21121195233448326,0.2962736176791904,0.12268196509372978,0.27843656544743495,0.2081630724338889,0.09668226768510894,0.22726885891693274
2025-09-06,CHC,WSN,3.0,1.0,2.0,5.0,4.4,4.8,5.3,4.35,4.1,5.2,5.0,3.6,5.9,3.9,5.3,2025-09-06,Drew Pomeranz,0.2638297872340425,0.0624113475177305,0.2233052408584323,Brad Lord,0.1998058928554675,0.0809942759184417,0.1988384431575125,0.25698143359908066,0.04500323206205558,0.2682870528826188,0.22160535334173834,0.06853659770379293,0.21174794034440989,0.27598376260672663,0.12578755515584156,0.2647799322255844,0.20760787036370895,0.09723391608363147,0.22637811065726968
2025-09-12,CHC,TBR,10.0,6.0,4.0,2.8,3.0,3.9,3.7,4.3,3.95,2.8,4.0,4.4,4.0,4.65,4.2,2025-09-12,Drew Pomeranz,0.2802721088435373,0.0598639455782313,0.2407213534764554,Shane Baz,0.2512244211994947,0.0870709362495893,0.2376555519866015,0.3409508547008547,0.037483974358974353,0.24230888772378129,0.2272691335111996,0.06637386861685568,0.21241375798093834,0.27546896086369765,0.10228154520917676,0.28079416480204317,0.26686830032416525,0.07205289266544114,0.27221281050119334
2025-09-13,CHC,TBR,9.0,4.0,5.0,3.8,3.4,4.1,3.8,4.4,4.1,3.2,4.6,3.8,4.4,4.8,4.15,2025-09-13,Drew Pomeranz,0.2813333333333333,0.0586666666666666,0.2409069264069263,Drew Rasmussen,0.2180814346923152,0.0563193624825285,0.1903296795675569,0.36595085470085464,0.02081730769230769,0.24053110994600355,0.2285753233950304,0.0659161177988084,0.21248140256191275,0.2751345127031625,0.1109771973830898,0.2853446642471042,0.26712500940473227,0.07215497231663079,0.27267452167248263
2025-09-14,CHC,TBR,7.0,4.0,3.0,4.0,3.2,4.0,3.7,4.4,4.2,4.0,5.0,3.7,4.3,4.9,3.7,2025-09-14,Javier Assad,0.1351731601731601,0.0654401154401154,0.1413470092349402,Adrian Houser,0.1913972015984167,0.0720555875045296,0.1793967731750003,0.3441559829059829,0.01868055555555555,0.23934907684907686,0.22815129149963062,0.06584515504371763,0.21254812050479158,0.28434503901895203,0.09716140790940561,0.28728014811807195,0.26700851274211507,0.07251446230087139,0.27367234695844994
2025-09-23,CHC,NYM,16.0,7.0,9.0,3.0,3.8,3.7,3.2,3.8,3.45,6.4,4.0,4.7,5.7,5.45,5.75,2025-09-23,Drew Pomeranz,0.2839506172839506,0.0580246913580246,0.250729517396184,David Peterson,0.2073383847598874,0.0891855112253736,0.2223613684467107,0.28708207251685514,0.10174861973775014,0.2438705082253469,0.2311530905894889,0.06867093037795273,0.21445640410070516,0.1889935115922799,0.05251861270824119,0.25199215446764345,0.23471964378669238,0.08353367359925058,0.24318800700725518
2025-09-24,CHC,NYM,13.0,10.0,3.0,2.8,4.8,3.8,3.7,3.95,3.75,6.6,4.8,5.3,5.5,4.95,5.65,2025-09-24,Matthew Boyd,0.219840687704532,0.0592658588551036,0.2101390887163828,Clay Holmes,0.1831136188680294,0.091437959938735,0.2074396090437638,0.26208207251685506,0.1084152864044168,0.24831495266979137,0.2307370491448255,0.06865799964433153,0.2147932445043565,0.2079182427750756,0.04886269872974656,0.25006907754456653,0.23528285533396542,0.08361854872712966,0.24323167362900355
2025-09-25,CHC,NYM,13.0,5.0,8.0,4.8,5.2,4.4,3.5,4.2,3.6,6.4,5.4,5.3,5.4,4.7,5.6,2025-09-25,Drew Pomeranz,0.2848484848484848,0.063030303030303,0.2461707988980716,Nolan McLean,0.2762976705833848,0.0894403215831787,0.257255663815807,0.2761846366194192,0.10285973084886124,0.25301580737064605,0.23123035208423245,0.06821788426199607,0.21514220299619252,0.22286922316723246,0.047147012455236746,0.26076384725572965,0.235111202327592,0.0833513392872541,0.24319895747910691
2025-09-26,CHC,STL,13.0,12.0,1.0,5.0,5.4,4.5,4.0,4.25,3.85,6.0,3.8,4.6,4.6,3.9,4.5,2025-09-26,Colin Rea,0.1814667650219801,0.0616045583272644,0.1872816293622519,Miles Mikolas,0.149242159675226,0.0548455437053835,0.1449705054602907,0.2845179699527525,0.09244306418219458,0.2518427868427869,0.23188068954441782,0.06831416100767337,0.21492994808423066,0.2454979660862014,0.0564422505598976,0.22531647925245482,0.21903884196520676,0.07884933244508116,0.23289922986181272
2025-09-27,CHC,STL,10.0,7.0,3.0,6.8,4.4,5.3,4.1,4.8,3.65,4.8,6.0,4.5,5.0,3.75,5.0,2025-09-27,Drew Pomeranz,0.2886904761904762,0.0619047619047619,0.2457431457431457,Michael McGreevy,0.1475439032268265,0.0475600988923357,0.1717449190812235,0.31451796995275255,0.07291925465838507,0.26784278684278684,0.2335776472055291,0.06833387246603348,0.2158481129697735,0.23696855432149552,0.05467754467754467,0.22531647925245482,0.21860188726922447,0.07898319742960597,0.2330074625842063
2025-04-29,CHW,MIL,9.0,2.0,7.0,4.4,4.6,3.7,6.0,3.25,5.0,4.2,4.0,5.4,3.5,5.6,3.35,2025-04-29,Tyler Gilbert,0.3170068027210884,0.1122448979591836,0.2104716711859569,Freddy Peralta,0.2661738261738262,0.0815367965367965,0.3111508374769953,0.24439726610360038,0.10429480876444892,0.23109177002579612,0.24715737342854324,0.10210301957089193,0.243188422004564,0.20153041403041402,0.09392607392607391,0.2041596445605475,0.24924423906363397,0.0890143806766699,0.22998765681587177
2025-04-30,CHW,MIL,10.0,4.0,6.0,4.4,5.2,3.6,5.5,3.3,5.05,5.2,3.6,5.6,3.4,5.55,3.35,2025-04-30,Shane Smith,0.2077751196172248,0.0817384370015948,0.2562364503540973,Tyler Alexander,0.1878484708147179,0.1063471631978496,0.1432668332484508,0.23409978326607178,0.11402020922211482,0.23376188199823367,0.24407935147728677,0.10493431290692287,0.24374258880645003,0.23233849483849484,0.07725940725940725,0.22627946022875028,0.25305730988272496,0.08604723465411425,0.23184521111248557
2025-05-01,CHW,MIL,8.0,8.0,0.0,4.8,5.6,3.9,5.8,3.3,5.0,5.4,3.2,6.1,3.5,5.5,3.5,2025-05-01,Sean Burke,0.1604141832402701,0.0946779388083736,0.2555407528865204,Chad Patrick,0.1817057740970784,0.1052910052910052,0.1501428301937639,0.24716796508425362,0.10833839104029663,0.22397927330258152,0.2463600397613772,0.10560316914335878,0.24395116917956836,0.2308233433233433,0.07483516483516481,0.21931667511470465,0.25027051494027147,0.08542205504161593,0.23160793965461077
2025-05-02,CHW,HOU,10.0,7.0,3.0,5.8,4.4,4.7,5.0,3.6,4.65,5.0,4.2,4.2,2.8,4.4,3.35,2025-05-02,Jonathan Cannon,0.1936296086692238,0.1237968727074555,0.1862410688726478,Framber Valdez,0.2143229058871237,0.0876475735196374,0.2139171963631596,0.27288225079853934,0.1111955338974395,0.23826498758829584,0.25131616751101016,0.10542242175163753,0.2476025139525777,0.2477181736392262,0.04029063042220936,0.2800852773458386,0.2742123949914598,0.07917753797037451,0.2753235919817152
2025-05-03,CHW,HOU,11.0,3.0,8.0,6.2,3.8,5.1,4.3,3.8,4.6,5.6,5.2,4.3,3.2,4.4,3.5,2025-05-03,Davis Martin,0.1433738725043072,0.0800405391709739,0.1591797592587531,Hunter Brown,0.2943511198945981,0.0510814668423363,0.259221536064683,0.23752871544500395,0.10917533187723749,0.24053771486102313,0.2463034463672002,0.10496888016280795,0.2483876626642869,0.2620038879249405,0.05457634470792364,0.28366422471425967,0.2745957913488873,0.0836811438475525,0.2766724547051317
2025-05-09,CHW,MIA,8.0,6.0,2.0,1.4,5.4,3.8,4.6,3.3,5.3,3.4,6.4,4.0,8.4,4.6,7.25,2025-05-09,Bryse Wilson,0.1228250915750915,0.0810248778998778,0.14870556288996,Max Meyer,0.2842530497274554,0.0795946275470798,0.2699554622486953,0.1796372268082794,0.10508955956324376,0.192957336375941,0.2293889137916317,0.10288895114782663,0.22996971526018953,0.237841355525566,0.09492179555337447,0.27758077826382926,0.1924462971427126,0.10843820415306646,0.22618495368951885
2025-05-10,CHW,MIA,4.0,1.0,3.0,2.0,4.2,3.4,4.5,3.55,5.25,3.6,6.4,3.4,8.6,4.35,7.25,2025-05-10,Tyler Gilbert,0.316005291005291,0.1011904761904761,0.2390970140970141,Edward Cabrera,0.2146198004893656,0.1065358554488989,0.2136441683619103,0.1838477531240689,0.1016685069316648,0.19461761734656682,0.22863535189953857,0.1040969267594208,0.23114644227827488,0.2490255660518818,0.10215863765863764,0.2910423167253678,0.19738018100372037,0.10888582025703764,0.23046685722805577
2025-05-11,CHW,MIA,6.0,4.0,2.0,2.2,4.2,3.3,4.1,3.45,4.8,2.4,5.4,3.7,7.3,3.95,7.1,2025-05-11,Tyler Gilbert,0.2844047619047619,0.1410714285714285,0.2318539793539793,Sandy Alcantara,0.1624819624819624,0.1288744588744588,0.2196144973179481,0.1725977531240689,0.10916850693166483,0.1872646761700962,0.22791946810205013,0.10649450359043529,0.22977954592720035,0.2503242673505831,0.0911196766196766,0.28719616287921396,0.19970476270662998,0.10790010318260433,0.2287879048448613
2025-05-21,CHW,SEA,11.0,5.0,6.0,2.0,6.2,2.6,4.7,3.2,4.65,4.0,1.0,3.4,4.0,5.0,3.9,2025-05-21,Shane Smith,0.2173629891593277,0.0782363297351855,0.2587019711550374,Logan Evans,0.1496678321678321,0.0894580419580419,0.1262480798771121,0.18825660450660447,0.11793220668220668,0.20675367116543586,0.22039479120710306,0.10692045327427506,0.22616832572463427,0.2891126417442207,0.08200918964076857,0.2403538538787951,0.2148757414322852,0.07603254816026858,0.23875978310164123
2025-05-23,CHW,TEX,5.0,4.0,1.0,2.4,4.8,2.5,5.1,2.95,4.8,2.6,3.0,3.1,2.6,3.4,3.15,2025-05-23,Sean Burke,0.1517905974862496,0.1259616454399063,0.2207745016819621,Tyler Mahle,0.1917954629911151,0.0986640654031958,0.214759586954314,0.17778041403041403,0.11221792096792096,0.20381249469484758,0.2178916572877229,0.10763918706593242,0.2245861356807298,0.16858039621197513,0.13751876778192568,0.2024225202714905,0.2245864467181751,0.08927398029476068,0.21063670495988407
2025-05-24,CHW,TEX,15.0,10.0,5.0,2.6,3.6,2.8,4.9,3.05,4.5,1.8,3.6,3.0,2.9,3.45,3.2,2025-05-24,Bryse Wilson,0.1167865864294435,0.0792382551311122,0.1503680135140031,Jack Leiter,0.1945327498588367,0.1099981178242047,0.2168318081828253,0.18222485847485848,0.11666236541236538,0.18897873510405477,0.2155800561644342,0.10748939908424747,0.22188751579952198,0.19206524469682362,0.1193369496001075,0.1985264163753866,0.22835272554069452,0.08752351009290263,0.20930769393826168
2025-05-25,CHW,TEX,9.0,4.0,5.0,4.2,3.4,3.4,5.2,3.35,4.45,2.2,4.8,3.1,3.8,3.65,3.05,2025-05-25,Davis Martin,0.1486172860955469,0.0564899319681928,0.1698211133568818,Patrick Corbin,0.1796238785369219,0.082504570605257,0.2087495423255045,0.17111374736374735,0.11918761793761792,0.19167714780246747,0.215707790127084,0.10649067132408031,0.22210762767517217,0.18070160833318724,0.13297331323647113,0.20947947469686595,0.22658370459498187,0.08846274329041674,0.2084010490964136
2025-06-02,CHW,DET,14.0,1.0,13.0,3.6,3.8,4.2,3.8,3.4,4.25,3.0,2.0,2.9,2.2,3.65,3.45,2025-06-02,Bryse Wilson,0.1343852328227328,0.0958486247548747,0.1881692340469749,Jack Flaherty,0.2962923440196167,0.0810068719159628,0.2685394229288933,0.23480096795314184,0.08594742616481743,0.2500730526638896,0.22283651607931304,0.10336570291673988,0.23021997435840633,0.16909857725394808,0.04626164010754802,0.1953401617489086,0.2115574975613909,0.07000267639609908,0.2124361881726113
2025-06-03,CHW,DET,9.0,8.0,1.0,3.0,5.2,3.8,4.5,3.15,4.8,5.0,2.0,3.7,2.2,4.2,3.45,2025-06-03,Shane Smith,0.2277399166259162,0.0965929961446915,0.2565850352231055,Tyler Holton,0.2012566137566137,0.073776455026455,0.2283708938120702,0.231943825095999,0.07499504521243648,0.24370050364428172,0.22023368525576892,0.10219849675701644,0.2277718636746551,0.14728039543576626,0.056261640107548014,0.18859697666999897,0.20969820593536773,0.07050263178949744,0.21183676150698935
2025-06-06,CHW,KCR,9.0,7.0,2.0,3.4,5.2,3.6,4.5,3.5,4.85,4.6,4.0,3.7,4.4,3.35,3.9,2025-06-06,Davis Martin,0.1381895258525693,0.0611147983792911,0.169823753884358,Seth Lugo,0.1878565788831244,0.0670433436197612,0.1659351885930965,0.23430870694617498,0.08514650323154158,0.2294055082848186,0.22134138953469049,0.10263338123953443,0.22630864802230816,0.2573917748917749,0.07063852813852811,0.20629457381305852,0.2286257486473099,0.06609046258261206,0.20809119276462268
2025-06-07,CHW,KCR,5.0,4.0,1.0,4.4,4.8,3.9,4.2,3.65,4.85,4.0,4.0,3.8,4.8,3.4,4.1,2025-06-07,Adrian Houser,0.1967291967291967,0.0751162417829083,0.1983405483405483,Michael Wacha,0.1773067371436936,0.0672596566074826,0.1844698319393287,0.22930870694617494,0.08681316989820823,0.23750827508323757,0.2191850136565443,0.10233181799100004,0.2261693145273944,0.23600140056022406,0.09095938375350136,0.20742178798375094,0.22597258897175448,0.06965338734005286,0.20773328639619396
2025-06-08,CHW,KCR,12.0,5.0,7.0,4.8,4.4,4.2,4.1,3.8,4.55,4.0,4.8,3.5,4.7,3.1,4.05,2025-06-08,Tyler Alexander,0.174849304074541,0.0524179669325141,0.1151173017769656,Michael Lorenzen,0.1841480485152399,0.0682581338668919,0.209497912879614,0.23238563002309803,0.10219778528282361,0.24313598071094317,0.21936323238135486,0.10312434623492549,0.226352790274592,0.2429458450046685,0.09095938375350136,0.22646940703136997,0.2293336944405651,0.06858179676559051,0.2096655948106115
2025-06-17,CHW,STL,14.0,2.0,12.0,2.2,4.2,3.9,3.7,3.85,4.1,2.8,4.4,3.8,4.7,3.9,5.0,2025-06-17,Tyler Alexander,0.1756507501607491,0.0543099545188889,0.13263164580197,Matthew Liberatore,0.1991423181055287,0.0375508877348342,0.2023495243648053,0.16763155689626277,0.07841796547678899,0.21241015857880613,0.2126823722493864,0.09855884054183896,0.22369006030872166,0.22706059960215969,0.05725916453537936,0.23525459271505483,0.1929211480559441,0.07284746791963433,0.21803473971684867
2025-06-19,CHW,STL,9.0,4.0,5.0,1.8,6.2,3.3,4.8,3.75,4.65,4.8,3.8,4.5,4.2,4.3,4.95,2025-06-19,Tyler Gilbert,0.2682234432234432,0.1085164835164835,0.2412307777692392,Erick Fedde,0.144845448586762,0.1060821928817657,0.1505163507043206,0.14990580438790155,0.07172900226608664,0.20835336344696026,0.21155569293923995,0.09839990466782926,0.2238490199982879,0.19372726626882636,0.05725916453537936,0.19775459271505488,0.19178489754282144,0.07183569753186163,0.21674259055411466
2025-06-25,CHW,ARI,10.0,7.0,3.0,2.6,4.8,2.4,5.0,3.15,4.9,7.0,3.2,5.9,4.9,5.65,4.9,2025-06-25,Tyler Alexander,0.1673129758621749,0.0499651581573778,0.1300211141378124,Zac Gallen,0.2178890337721859,0.1016316458300153,0.2274439379195728,0.15073965252725255,0.06820202077895335,0.24161352804708786,0.20694776806094256,0.09553137650583872,0.22582674700490588,0.24941919191919187,0.06276515151515152,0.2634366273084655,0.231413083647306,0.08246082459839357,0.24354225506344715
2025-06-27,CHW,SFG,4.0,1.0,3.0,2.6,5.2,2.8,4.9,3.4,4.85,4.8,6.0,3.9,5.4,4.4,4.55,2025-06-27,Tyler Alexander,0.1608778614059374,0.0557357289974786,0.1292938063290931,Landen Roupp,0.2008804866630953,0.1004349129131737,0.2197764049415902,0.13676906429195843,0.06856966783777688,0.22723601800692722,0.20593606722068403,0.09512358173416169,0.22468485300896054,0.23920401493930904,0.04940476190476188,0.20791325658612406,0.2470269085094351,0.07486582299162718,0.24021760941681147
2025-06-28,CHW,SFG,1.0,1.0,0.0,2.6,4.4,2.8,4.9,3.35,4.85,4.4,4.8,3.7,4.4,4.55,4.55,2025-06-28,Adrian Houser,0.1787202538701788,0.0898236547911709,0.18502886002886,Robbie Ray,0.2759343560022907,0.097566851425547,0.2739615658687752,0.15782169587090578,0.07666683382967972,0.2318788751497844,0.2059920458617668,0.09588908362572199,0.22468869626494883,0.23234126984126982,0.05773809523809521,0.19299017966304716,0.24604690556013306,0.0749690853128675,0.2387515410092894
2025-06-29,CHW,SFG,7.0,5.0,2.0,2.0,4.0,2.8,4.7,3.35,4.2,3.8,4.6,3.3,4.0,4.35,4.5,2025-06-29,Tyler Gilbert,0.2585434173669467,0.0903361344537815,0.2315294182941241,Justin Verlander,0.1911440558904326,0.0890680830173583,0.2314158824965467,0.17811155094336956,0.06797118165576668,0.2333494633850785,0.20752627824094233,0.09473379346155666,0.2249936517316362,0.2462301587301587,0.05773809523809521,0.19693754808409977,0.24609453320398686,0.0740658433211462,0.23888706461158712
2025-07-07,CHW,TOR,12.0,4.0,8.0,4.6,4.4,3.8,3.6,3.1,4.3,7.8,5.0,7.0,4.9,5.45,4.95,2025-07-07,Tyler Alexander,0.1701872135347127,0.0572491109921642,0.1445340589239681,Jos\xc3\xa9 Berr\xc3\xados,0.211828838096954,0.0784862458171636,0.2129590830895595,0.24458465511097088,0.072024211168948,0.2497170328976926,0.2111296443998346,0.09291946924618419,0.2284812232152155,0.1973348317821752,0.1024252356856721,0.26907426807426804,0.2594055932677038,0.08443607592747955,0.28880090748454956
2025-07-09,CHW,TOR,3.0,2.0,1.0,4.6,5.0,3.5,4.1,3.15,4.5,8.4,5.0,6.8,4.7,5.6,5.05,2025-07-09,Adrian Houser,0.1799022593681514,0.0809884307485506,0.198146645021645,Eric Lauer,0.2377368319347258,0.0702133524953657,0.1949817877232567,0.23686535686535684,0.06915140415140415,0.25106510885971156,0.20934784053607008,0.09298281411764395,0.2275556976339448,0.20909953766452816,0.0916409219601819,0.2702647442647442,0.2578478071749107,0.08415461937236181,0.2875895945294603
2025-07-11,CHW,CLE,6.0,2.0,4.0,4.6,4.0,3.6,3.9,3.2,4.4,3.2,3.0,2.4,4.7,2.55,4.35,2025-07-11,Tyler Alexander,0.1719815241791095,0.0552750037165724,0.1438604706852105,Gavin Williams,0.220612573830855,0.1305141806851697,0.2579932608698947,0.24103202353202352,0.06915140415140415,0.24828733108193374,0.21112904655181128,0.09198299891207788,0.22749834843596925,0.22271005797321583,0.08793954583428265,0.2174947188299933,0.24080217808811644,0.08465277338858535,0.2544052297859733
2025-07-12,CHW,CLE,8.0,2.0,6.0,4.4,4.4,3.7,4.3,3.25,4.5,3.2,2.4,2.8,4.3,2.65,4.1,2025-07-12,Tyler Gilbert,0.2435374149659863,0.0858276643990929,0.2191658870230298,Tanner Bibee,0.2009907054129021,0.073169781527905,0.214534609897696,0.2144456469456469,0.06928090428090426,0.22493045725895824,0.2105474178560191,0.09208443781500987,0.22668303976238416,0.2133161185792764,0.09854560644034326,0.23857831016126263,0.23853177500714948,0.08577692258369515,0.2544272455875031
2025-07-25,CHW,CHC,17.0,12.0,5.0,7.8,4.4,5.9,4.2,4.85,3.9,4.2,5.2,4.2,4.2,4.95,4.15,2025-07-25,Adrian Houser,0.1743413879141015,0.0770285068366027,0.1782566982566982,Drew Pomeranz,0.2505208333333333,0.0713541666666666,0.2019593253968253,0.2745964026227184,0.11329766967924862,0.27965821926882883,0.2172909257819964,0.09405238442345369,0.23256241356537308,0.2977634130575307,0.04193991955756661,0.28667036667036666,0.20697562289866095,0.07291313278897407,0.2018056735403887
2025-07-26,CHW,CHC,7.0,1.0,6.0,8.2,4.6,6.7,3.9,5.1,4.0,4.0,7.6,3.9,5.3,5.0,4.4,2025-07-26,Tyler Alexander,0.187108256287318,0.0579054721181437,0.1665647908747114,Cade Horton,0.1758452397039353,0.0756017834822182,0.2564795934728686,0.2644112174375332,0.10681618819776713,0.27804034561705687,0.21600287200845159,0.09394931662451023,0.2316374253230487,0.2738503695792698,0.03378774564452313,0.23428941428941422,0.20750922628795535,0.07262169841353439,0.20122202472174275
2025-07-27,CHW,CHC,9.0,4.0,5.0,7.0,5.4,6.6,4.4,5.1,4.15,5.0,6.6,4.5,4.3,4.7,4.3,2025-07-27,Tyler Alexander,0.1890140667028538,0.0561507608418363,0.1665678780199221,Drew Pomeranz,0.2631313131313131,0.0691919191919192,0.2023328523328523,0.26796852969049756,0.11531421191318214,0.27804034561705687,0.21601609517358847,0.09429679725293104,0.23157421174854348,0.2538503695792698,0.029787745644523134,0.23243756243756244,0.20547482210866166,0.07190972097810758,0.2008832467015949
2025-07-28,CHW,PHI,8.0,6.0,2.0,6.2,5.8,6.8,4.5,5.25,4.4,6.0,4.4,5.2,4.3,4.9,3.45,2025-07-28,Davis Martin,0.1531871547668649,0.0671634436417045,0.1820732463805532,Cristopher S\xc3\xa1nchez,0.263846805291599,0.0688869968112846,0.278224763941518,0.281301863023831,0.1154657270646973,0.2834457510224623,0.2171228615713219,0.09483659304785763,0.23168429695132367,0.27199567099567096,0.09586868686868685,0.23395387157972966,0.23701963598331244,0.08319451396536125,0.22237803523754393
2025-07-29,CHW,PHI,9.0,3.0,6.0,6.8,5.4,7.2,4.1,5.3,4.4,6.0,4.0,5.2,4.5,4.9,3.7,2025-07-29,Tyler Gilbert,0.231084656084656,0.0960758377425044,0.2182509876954321,Jes\xc3\xbas Luzardo,0.2756230382225449,0.0920245577842585,0.2825539701105808,0.2801654993874673,0.1183066361556064,0.2966209815889972,0.21849214663735037,0.09479988742039254,0.23358241201435478,0.234495670995671,0.10836868686868686,0.2277038715797297,0.2359425240988575,0.08359648979261738,0.22324459259102908
2025-07-30,CHW,PHI,12.0,9.0,3.0,5.2,4.8,6.5,4.6,5.4,4.4,6.4,4.4,5.4,4.3,5.0,3.85,2025-07-30,Tyler Alexander,0.1908077706233581,0.0618522090523705,0.1616688227840421,Taijuan Walker,0.1987721637942516,0.080292824280269,0.1906761146304581,0.27183216605413396,0.10163996948893972,0.2837867569900667,0.21801228108206624,0.09469371562329014,0.23359826114058352,0.24560678210678213,0.08614646464646465,0.2504311443070024,0.2347536534989742,0.08280033274697342,0.22328295577847385
2025-08-08,CHW,CLE,14.0,5.0,9.0,4.2,5.4,4.4,4.9,5.55,4.4,4.2,2.4,4.7,3.6,5.25,3.65,2025-08-08,Aaron Civale,0.1939981067463166,0.079870310190149,0.184377291246538,Tanner Bibee,0.2075101486283096,0.0677862950793052,0.223647709873634,0.25921182412358884,0.07212477718360069,0.3026977225266418,0.21977224551706676,0.09236879550777187,0.23775886485968248,0.284075252233147,0.04724117987275881,0.28327428311246194,0.250577942897999,0.07928862984207113,0.26055401291285923
2025-08-09,CHW,CLE,4.0,1.0,3.0,4.0,6.6,4.8,5.2,5.7,4.8,5.0,3.4,5.3,3.7,5.35,3.65,2025-08-09,Tyler Gilbert,0.2229761904761904,0.1014682539682539,0.2239258889258888,Joey Cantillo,0.3327561737261711,0.1217347802727919,0.3205868074759626,0.2395148544266191,0.07060962566844917,0.3033733982023175,0.21905320578298546,0.09274806137721898,0.23786439188675418,0.2809379973311862,0.03312353281393528,0.29731155019320726,0.2504438742554469,0.07910911141724389,0.2610253436266562
2025-08-10,CHW,CLE,10.0,6.0,4.0,4.0,7.2,4.5,5.0,5.65,4.75,4.6,2.8,5.0,3.4,5.3,3.6,2025-08-10,Davis Martin,0.1634004306766454,0.071026567919151,0.1953577038359908,Slade Cecconi,0.2108125518373965,0.0663776722472374,0.2217241917198904,0.22420384964193008,0.07204503236701378,0.2867244056254352,0.21898032638133152,0.09285502801412084,0.23812446275034457,0.29687206326525206,0.041914741605144065,0.32001269961849466,0.25027279039904504,0.0804278950637829,0.2614542087045653
2025-08-11,CHW,DET,3.0,1.0,2.0,4.2,6.4,4.5,5.2,5.85,4.65,5.2,6.4,5.0,4.9,4.6,4.85,2025-08-11,Tyler Alexander,0.1901373851030601,0.060569468807455,0.1664121352934086,Tyler Holton,0.1854444444444444,0.0454126984126984,0.213937376349141,0.23420384964193008,0.07037836570034708,0.2785796092453447,0.21938444790917336,0.09263309274846444,0.23741023979352938,0.18533028173423916,0.08422651405219715,0.2463689994764163,0.2039955911232787,0.0708127028072735,0.213813932981541
2025-08-12,CHW,DET,15.0,9.0,6.0,3.8,5.2,4.3,4.8,5.4,4.7,5.0,5.4,4.5,4.8,4.6,4.85,2025-08-12,Tyler Gilbert,0.2157834101382488,0.10894777265745,0.2196350244737341,Jack Flaherty,0.288559390866741,0.0966826947839957,0.2595805575528841,0.2471908626289431,0.07394979427177567,0.27142734948229075,0.2205420816002127,0.09215478344565622,0.23715928962561167,0.20426967567363313,0.07589318071886383,0.24893310204051886,0.20457316827961478,0.07021763807780063,0.21363320826999607
2025-08-13,CHW,DET,1.0,0.0,1.0,4.4,4.8,4.3,5.1,5.35,4.8,5.4,5.4,4.7,5.2,4.9,5.15,2025-08-13,Mart\xc3\xadn P\xc3\xa9rez,0.2034632034632034,0.13379329004329,0.217012987012987,Troy Melton,0.1874999999999999,0.0833333333333333,0.2350768321513002,0.22506201108832685,0.07282934609250395,0.2688632469181882,0.22029153250751252,0.09178365231376782,0.23796073998984266,0.19308955145003065,0.09483728009774582,0.24309976870718555,0.2043176672396035,0.0718064041372972,0.21414459820107945
2025-08-22,CHW,MIN,16.0,7.0,9.0,5.4,6.6,4.4,4.9,4.45,4.95,3.8,6.0,3.5,5.2,3.9,5.75,2025-08-22,Aaron Civale,0.195998343403027,0.0786365214163804,0.1854812537049006,Zebby Matthews,0.3016472144413321,0.0739301276065981,0.2689735975621651,0.26002513826043233,0.06504668534080296,0.19274754632951058,0.22221220133244182,0.09066539473275724,0.23455147720539699,0.236038961038961,0.08129148629148628,0.18531356890075376,0.23678412766528614,0.06991297062578744,0.24714643970001898
2025-08-23,CHW,MIN,10.0,7.0,3.0,6.4,7.2,4.5,5.4,4.5,5.3,5.6,6.0,3.5,5.5,4.2,5.65,2025-08-23,Tyler Alexander,0.1920229145536639,0.0638392586468959,0.1658525214426992,Mick Abel,0.1885034556087187,0.1027777777777777,0.2340666509189502,0.2550976020285483,0.06707567084804936,0.20438995797192222,0.22217453807474952,0.09063641916249453,0.2348305302762163,0.221038961038961,0.09795815295815294,0.17649003948898906,0.23570708728996895,0.0713309787310962,0.24589517083716567
2025-08-24,CHW,MIN,8.0,8.0,0.0,7.4,6.6,5.1,5.5,4.7,5.15,5.2,5.8,3.8,6.0,4.25,5.65,2025-08-24,Yoendrys G\xc3\xb3mez,0.168860544217687,0.1394740973312402,0.2085974629779794,Taj Bradley,0.1968911817783998,0.0980842422261186,0.1998362611483312,0.23271664964759592,0.07017090894328745,0.19863524099079016,0.22148584656512613,0.09045060712764315,0.2341729292663232,0.24045072574484339,0.07795815295815293,0.17332183672401208,0.2361634197881631,0.07077370545975951,0.24498217933112934
2025-08-25,CHW,KCR,7.0,7.0,0.0,6.4,4.8,5.0,4.9,4.65,5.0,5.2,5.8,5.0,3.9,5.15,4.45,2025-08-25,Tyler Gilbert,0.2089985994397759,0.0993347338935574,0.2169221301574242,Noah Cameron,0.2024817509053461,0.0737351509599157,0.2391329686019874,0.23719844236468277,0.07129135712255916,0.18092690765745684,0.22159206403498716,0.09020732191444408,0.23357352211812069,0.2143069764137539,0.0645780051150895,0.1908482741347111,0.21481635226025225,0.07257432085156423,0.20755343670140564
2025-08-26,CHW,KCR,9.0,4.0,5.0,5.8,2.6,5.7,4.8,4.7,4.85,4.6,6.0,4.7,4.5,4.7,4.65,2025-08-26,Mart\xc3\xadn P\xc3\xa9rez,0.2217532467532467,0.1114177489177488,0.1939584787971884,Michael Lorenzen,0.2003869199244174,0.0679324713565497,0.2134914956891713,0.22795474488569117,0.059526651240206216,0.1657753925059417,0.22099103410233184,0.0895187164036468,0.2317905181324862,0.1719992841060616,0.07227031280739718,0.17503630832274525,0.21377170623497063,0.07260726597331811,0.20682281302269126
2025-08-27,CHW,KCR,13.0,1.0,12.0,6.6,3.4,6.0,5.0,4.85,5.1,4.4,6.0,4.6,4.7,4.85,4.65,2025-08-27,Aaron Civale,0.1967239310459862,0.0838147652546325,0.1892764740752006,Ryan Bergert,0.2159870636186425,0.0806437811700969,0.1609064210619397,0.19670474488569117,0.06577665124020622,0.15791824964879883,0.22073731414701114,0.08931402915816462,0.2313332306574565,0.18771356982034731,0.06727031280739719,0.17244946427248659,0.21484968481322542,0.07206134668028565,0.2070904929430037
2025-08-28,CHW,NYY,14.0,4.0,10.0,5.4,4.0,5.9,5.6,4.65,5.3,6.8,4.4,7.0,4.4,5.1,3.9,2025-08-28,Tyler Alexander,0.1828789662415847,0.0607992939494247,0.1579547823263802,Will Warren,0.2483889012253703,0.1068247669404546,0.2230094680341084,0.1616620098429561,0.06620400166755662,0.14122182107737025,0.21936681959298504,0.08951004860347628,0.23045317414338326,0.23841360089186175,0.06706911928651058,0.2701249384091807,0.2539561956835049,0.08917339313616299,0.267246297231795
2025-08-29,CHW,NYY,12.0,2.0,10.0,4.8,5.4,6.1,6.0,4.7,5.4,8.6,2.8,6.8,4.0,5.6,4.0,2025-08-29,Yoendrys G\xc3\xb3mez,0.1786558061821219,0.1407021399652978,0.2101948414151064,Carlos Rod\xc3\xb3n,0.2683476033820305,0.1033585509675242,0.281919601526001,0.16550816368910995,0.07005015551371047,0.1430719598377773,0.21916488580727392,0.0891290895725663,0.2298448382931548,0.27799693422519506,0.05456911928651058,0.2823798403699651,0.2564142340241753,0.08850792005305728,0.26836137461563736
2025-08-31,CHW,NYY,5.0,3.0,2.0,3.6,7.4,5.0,6.1,4.5,5.5,9.2,2.8,7.0,3.8,5.95,3.75,2025-08-31,Mart\xc3\xadn P\xc3\xa9rez,0.2225417439703153,0.0955009276437847,0.2000847111494697,Luis Gil,0.2036935718743498,0.1576454476111226,0.2148088470669115,0.19277197539228091,0.06644908121671478,0.15359244207786024,0.22004740515382865,0.08955144075902438,0.2292728300221094,0.26139605703221264,0.04873578595317724,0.2718338938310394,0.2555588131419828,0.08769652907188487,0.26661025312924247
2025-09-09,CHW,TBR,9.0,4.0,5.0,5.6,5.2,5.5,5.6,5.7,5.6,3.4,3.6,4.8,3.1,4.95,3.9,2025-09-09,Tyler Alexander,0.1760108912550211,0.0555123988233877,0.1479138151789314,Adrian Houser,0.1774457764823572,0.0762941514753843,0.1835556626456524,0.306552251993309,0.10053101430528164,0.22753269328879652,0.22523345290352634,0.08992088990122708,0.22968427266785213,0.3107218697195477,0.10119139761167624,0.28348132488839684,0.2668025890814652,0.07183150199044233,0.2723554038993114
2025-09-11,CHW,TBR,6.0,5.0,1.0,4.6,5.0,5.9,4.6,5.45,5.35,2.8,4.4,5.0,3.9,4.7,4.0,2025-09-11,Tyler Alexander,0.1807766169729994,0.054331283954805,0.1518589113098761,Ian Seymour,0.2796529723000311,0.0570961718020541,0.2603937754978147,0.33041625983901024,0.09275069393914892,0.25014889892224357,0.22760691574870415,0.0897705676891699,0.23070269775499527,0.30953489492963177,0.09403978696741852,0.2961215457544241,0.2671189883071856,0.07148488390724174,0.27278042591803364
2025-09-15,CHW,BAL,5.0,1.0,4.0,2.8,3.2,4.2,4.4,4.65,4.7,2.4,5.8,3.5,4.3,4.05,5.4,2025-09-15,Tyler Alexander,0.1804826596749508,0.0566716044279688,0.1486951839909203,Kyle Bradish,0.3112356053532524,0.0639070442992011,0.2838530838530838,0.29297345928924867,0.06908103592314116,0.22679820179820176,0.2253786678366752,0.08918620969364917,0.2299647672290035,0.20689761545643898,0.09128284134166484,0.21821060067383596,0.2483347997534392,0.09259256676413691,0.2507168275440115
2025-09-16,CHW,BAL,15.0,7.0,8.0,1.8,3.0,3.2,4.0,4.3,4.9,2.8,5.0,3.5,4.1,3.9,4.95,2025-09-16,Tyler Alexander,0.1767993400897477,0.055515041072296,0.1488003058247006,Dean Kremer,0.2007460852745259,0.0631711536075707,0.2038914520770513,0.29662843004948264,0.07785296574770256,0.23269105894105896,0.22517380543010412,0.08969932530274201,0.22968354360497037,0.20689761545643898,0.09128284134166484,0.21463917210240738,0.2500238279430134,0.09197114014155881,0.25143109619903725
2025-09-19,CHW,SDP,7.0,4.0,3.0,2.4,4.2,3.3,4.0,4.15,5.2,6.2,5.4,4.6,3.8,4.7,4.65,2025-09-19,Davis Martin,0.1692692315065503,0.0829726151465281,0.1942358614731988,Dylan Cease,0.2990642506245888,0.0965413382847691,0.3183108265637714,0.2672389306599833,0.09602756892230574,0.24291083916083914,0.22664990258912548,0.09044088407562867,0.23041597160639934,0.3519606906307674,0.0712184405534789,0.2976758808786672,0.26120969522441984,0.08253090922501129,0.2548425339949547
2025-09-20,CHW,SDP,10.0,3.0,7.0,3.0,4.2,3.1,3.9,4.3,4.75,4.6,5.6,4.1,4.1,4.5,4.55,2025-09-20,Yoendrys G\xc3\xb3mez,0.1930224884380008,0.1346926972688745,0.2177168816653448,Yu Darvish,0.2322240241997275,0.0692106912695147,0.2153336810146524,0.25771512113617373,0.0888847117794486,0.24291083916083914,0.22734265213941252,0.08985360560760511,0.2305431406219422,0.32577021444029114,0.0712184405534789,0.28167588087866724,0.2605877016154872,0.081987942716952,0.254481727850251
2025-09-21,CHW,SDP,5.0,2.0,3.0,3.2,5.0,3.0,4.1,4.25,4.6,4.2,5.0,4.6,4.0,4.7,4.5,2025-09-21,Sean Burke,0.2121692461184783,0.1130919579073124,0.2222059161461834,Kyle Hart,0.2609281727044885,0.0717575187969924,0.1653355845543345,0.2411737677527151,0.10467418546365911,0.23461124401913874,0.22757371822068626,0.09029258064782768,0.23075355839042538,0.3041035477736245,0.07705177388681224,0.27167588087866723,0.2605185009513337,0.08226906727435755,0.25449912085216353
2025-04-28,CIN,STL,4.0,3.0,1.0,6.0,3.6,7.3,4.3,5.65,3.55,4.2,4.4,3.6,4.8,4.15,5.0,2025-04-28,Nick Martinez,0.1946418219461697,0.0781345755693581,0.2186870743341926,Andre Pallante,0.1466583850931677,0.0911345755693581,0.2400438176138064,0.16705478429616358,0.09550306015823254,0.19817543751845018,0.17557545039324726,0.09375779044605966,0.20176023993158898,0.18762140637140637,0.09125874125874124,0.23983117272590956,0.18491095188488554,0.0774367528564153,0.21922103612605012
2025-04-30,CIN,STL,6.0,0.0,6.0,6.0,3.0,7.3,3.9,5.8,3.55,2.4,4.2,3.6,4.7,3.75,4.5,2025-04-30,Brady Singer,0.2815183413078149,0.0835183413078149,0.2536436323894023,Miles Mikolas,0.1255238095238095,0.085047619047619,0.1298269287939301,0.20115440115440114,0.08170995670995669,0.22294857726436673,0.18484679501570236,0.09052476318929897,0.2075071645074507,0.18762140637140637,0.10098096348096346,0.23213886503360187,0.17853471216471709,0.08242935524833966,0.21696672984053647
2025-05-01,CIN,STL,10.0,9.0,1.0,3.6,4.2,6.1,4.2,5.2,3.8,4.6,3.2,4.7,4.0,3.95,3.25,2025-05-01,Andrew Abbott,0.325814536340852,0.1303258145363408,0.2553729547990667,Matthew Liberatore,0.2292270531400966,0.0164983164983164,0.2264790691944095,0.17635493591375945,0.08440603514132924,0.17968652400231344,0.18068383118339723,0.09227458871408803,0.20337164379126635,0.21078317107728872,0.10514763014763011,0.2588067829515198,0.18188035375813824,0.08248767641511347,0.21599198005134754
2025-05-02,CIN,WSN,7.0,6.0,1.0,4.2,3.6,4.6,4.1,5.55,3.45,5.0,8.4,4.2,5.3,4.1,5.4,2025-05-02,Hunter Greene,0.3051197887191095,0.0453032446708167,0.2990955447356421,Mitchell Parker,0.1302334943639291,0.1050182707791402,0.1898199279711884,0.18718826924709275,0.0760727018079959,0.18625795257374203,0.1875374614589161,0.08939100781677278,0.2059448513513607,0.21233766233766233,0.09259740259740258,0.2170176799007444,0.20891261618283674,0.11440065041167981,0.22315788955343333
2025-05-03,CIN,WSN,17.0,6.0,11.0,3.8,3.6,4.9,3.6,5.75,3.5,3.6,8.2,3.6,5.9,3.8,5.5,2025-05-03,Nick Lodolo,0.1889122471731167,0.0346700642352816,0.1923696183963378,Trevor Williams,0.1954796411318149,0.0682759269715791,0.1922517770091076,0.2288549359137594,0.08440603514132924,0.2243531906689801,0.19448077070763578,0.09173269444858774,0.2112481098241189,0.1958670741023682,0.06436210847975551,0.20210539919898998,0.2097120556211465,0.1144990264241601,0.22197766642501987
2025-05-04,CIN,WSN,5.0,1.0,4.0,4.4,5.6,5.2,4.3,6.0,4.05,4.8,5.6,4.3,6.2,4.05,5.45,2025-05-04,Nick Martinez,0.1849287910157474,0.0802636614593136,0.2091209490419346,MacKenzie Gore,0.3741771513510644,0.0506222555911996,0.3225537511915893,0.23456922162804514,0.08512032085561497,0.2350343052200637,0.19464310098094062,0.09344643872951164,0.2128203972514372,0.2142004074357015,0.06769544181308886,0.21356373253232333,0.21334797555385787,0.11505297662737106,0.22525283309879382
2025-05-14,CIN,CHW,6.0,2.0,4.0,3.4,5.0,4.0,5.1,5.25,4.65,2.4,3.8,3.3,3.7,3.6,4.75,2025-05-14,Nick Lodolo,0.1958566958987716,0.0340670643054934,0.1912578901257557,Davis Martin,0.1478442571920832,0.0659827853306114,0.1582737083329537,0.22720513591130703,0.10898585382982295,0.2398208357883868,0.20209108819686164,0.09574505709538664,0.2178929298158091,0.16239573292204867,0.09866345642661431,0.16844199558270975,0.22632541935644987,0.10346758879704755,0.22935298002581617
2025-05-15,CIN,CHW,8.0,7.0,1.0,3.8,5.0,4.1,4.6,5.1,4.4,3.0,3.8,2.9,3.9,3.8,4.45,2025-05-15,Nick Martinez,0.1968259638911812,0.0601977460944852,0.2237113411520803,Bryse Wilson,0.1172231614539306,0.0824845026768103,0.1494124224247404,0.22720513591130703,0.10065252049648961,0.22446135866420383,0.2020435634651148,0.095084184585643,0.21546607029979326,0.15134310134310133,0.09813714063714062,0.16844199558270975,0.22338761890629985,0.10338694719711622,0.2286703525833553
2025-05-16,CIN,CLE,9.0,5.0,4.0,4.4,4.6,3.9,4.6,4.25,4.35,2.6,3.8,5.0,4.0,4.0,4.65,2025-05-16,Brady Singer,0.2147598530114262,0.0855750704027305,0.2034576003299565,Tanner Bibee,0.1596094123268036,0.089072204968944,0.1800049362080925,0.24803846924464032,0.10551363160760072,0.2518423110451562,0.20496111390663077,0.09544033850843117,0.21993719466350153,0.23638083371587207,0.09887454915076395,0.25633235142433486,0.24900265685204576,0.07967798241470789,0.25707412791033313
2025-05-18,CIN,CLE,4.0,3.0,1.0,3.6,3.2,3.6,3.9,4.4,4.1,3.4,3.6,4.1,3.5,4.05,4.75,2025-05-18,Andrew Abbott,0.313890787574998,0.1021999443052074,0.2248115745246304,Luis Ortiz,0.2703235532583358,0.111557020877673,0.2704975478821446,0.23041942162559267,0.07622791732188645,0.2382867554896006,0.20282497734728072,0.0913790475080724,0.21927792869673315,0.28929561501300627,0.09985117056856184,0.2942159831378898,0.2582350174022113,0.08062391823901147,0.2650930555587628
2025-05-23,CIN,CHC,19.0,6.0,13.0,3.0,1.4,4.2,3.1,3.6,3.7,7.2,3.0,6.2,3.3,5.8,3.15,2025-05-23,Hunter Greene,0.3652034779029685,0.0453410698667489,0.3155241042039055,Drew Pomeranz,0.3393939393939394,0.0484848484848484,0.2346681096681096,0.19766955266955266,0.0473232323232323,0.21270823741102377,0.20053369372091448,0.08693537493663317,0.21758638640426234,0.19520202020202018,0.05978535353535351,0.18577762533005499,0.19489168134111093,0.08446855580708133,0.19128340068004354
2025-05-24,CIN,CHC,10.0,6.0,4.0,3.4,3.8,3.5,3.5,3.75,4.3,8.4,3.6,7.3,3.3,6.0,3.45,2025-05-24,Andrew Abbott,0.301516778960388,0.1070804717421258,0.2347124420295151,Colin Rea,0.1726123188405796,0.0512789855072463,0.1793305459729535,0.1882539682539682,0.0499206349206349,0.210285069562324,0.20011134246803974,0.08663716717686275,0.2166753552418236,0.19915458937198066,0.07282883179622308,0.17750889147992577,0.19357623442820449,0.08540664206833876,0.19022730849720448
2025-05-25,CIN,CHC,19.0,8.0,11.0,4.0,4.4,4.1,3.3,4.05,4.2,8.0,4.4,7.2,3.7,6.05,3.55,2025-05-25,Nick Lodolo,0.2025186900523506,0.0397536514443947,0.2010932686223437,Drew Pomeranz,0.3319444444444444,0.0652777777777777,0.2151124338624338,0.19158730158730156,0.03880952380952379,0.21036048434362115,0.20010924166675598,0.08500250364522384,0.2164717136889812,0.17137681159420287,0.07838438735177863,0.17498788307656443,0.19303804307297373,0.08703184256030533,0.188775703503731
2025-06-02,CIN,MIL,5.0,2.0,3.0,3.6,3.2,4.6,5.1,4.35,4.1,7.4,3.6,6.1,3.3,4.2,3.8,2025-06-02,Brady Singer,0.1956328984147431,0.0948178513927995,0.1921610830682512,Aaron Civale,0.1772486772486772,0.0555555555555555,0.1671730858722728,0.22085359085359083,0.08905816405816405,0.19394922480852256,0.20170701591615356,0.08873809603916553,0.21376452731521886,0.1877380952380952,0.05959523809523809,0.19944973406204766,0.2351983588471345,0.08674536817109899,0.22245364286458552
2025-06-03,CIN,MIL,6.0,4.0,2.0,2.6,3.4,4.7,5.1,4.45,4.1,6.8,3.0,5.9,3.3,4.15,3.75,2025-06-03,Hunter Greene,0.318213202490442,0.0527994665376568,0.2784170660682241,Freddy Peralta,0.2435725928660711,0.0955906895037329,0.275038898888277,0.21059718059718055,0.08905816405816405,0.18828120861419056,0.20218344566784333,0.08728337315327758,0.2127822588976932,0.22139194139194135,0.046454212454212454,0.21146346403916438,0.23890885233387754,0.08658434700309861,0.2239837384517925
2025-06-04,CIN,MIL,10.0,1.0,9.0,3.0,3.2,4.5,4.0,4.0,3.75,6.6,3.4,5.6,3.3,4.2,3.5,2025-06-04,Andrew Abbott,0.2828222290464853,0.0977775649781751,0.2223189273007643,Quinn Priester,0.145091191731049,0.1090324362450489,0.2038018206171272,0.2081246531246531,0.0819153069153069,0.19625993201844588,0.20140381192878384,0.08587557681209568,0.2133825450445046,0.21250305250305246,0.053565323565323564,0.21828164585734622,0.23684759844318776,0.08697993997258269,0.22440335557353777
2025-06-07,CIN,ARI,14.0,13.0,1.0,2.0,4.6,4.0,4.5,4.05,3.9,6.2,5.2,5.3,5.8,5.4,5.4,2025-06-07,Nick Martinez,0.1671071440636657,0.0549539651170085,0.1909378109307375,Ryne Nelson,0.2204540398872382,0.0593168077985891,0.1899944286482748,0.22842259048141397,0.08130415336297689,0.19774961880225034,0.2049576318816396,0.08522715411234794,0.21239615869368203,0.23736986439772817,0.13010171974568258,0.26154967470859314,0.2328782926330076,0.08448151105256889,0.24593852919226258
2025-06-08,CIN,ARI,6.0,4.0,2.0,4.6,4.4,4.5,3.5,4.6,3.75,5.0,5.6,5.1,6.7,5.35,6.0,2025-06-08,Brady Singer,0.195203172753197,0.0988211256814948,0.1990643261458969,Zac Gallen,0.2220391877415288,0.1021835027353421,0.2296532488922565,0.2228670349258584,0.08685970891853242,0.18108295213558367,0.20436854010910155,0.08648006969010669,0.21169262804711256,0.23981741684528055,0.12345836310232591,0.24713791000271076,0.23104245392600148,0.08496437205775713,0.2444394896736335
2025-06-17,CIN,MIN,11.0,6.0,5.0,5.4,5.4,5.6,4.5,5.15,4.8,3.6,9.4,4.1,7.6,4.15,5.7,2025-06-17,Andrew Abbott,0.2670417831607494,0.0864288807073858,0.2276211655472349,Joey Wentz,0.1484920634920635,0.0978373015873015,0.1883491952999962,0.21564987300281416,0.06289449112978522,0.19814953029914095,0.20408012557417726,0.0838483193471519,0.21072131120775628,0.18880545380545377,0.06967460317460317,0.22934449380076968,0.2622805574823954,0.06967825513294923,0.2599013246509273
2025-06-19,CIN,MIN,17.0,5.0,12.0,6.4,6.4,5.8,4.8,5.15,4.4,3.8,7.4,4.0,8.1,4.1,5.75,2025-06-19,Nick Martinez,0.1753775520545706,0.0557938748621978,0.1829989598918517,Chris Paddack,0.1660423223111615,0.0747859244628247,0.1827198812825527,0.24193192428486543,0.07956115779645188,0.21161106876067942,0.20703271642268406,0.08499857417103404,0.2131365066717511,0.1971387871387871,0.07919841269841268,0.2379327290948873,0.26128327460730927,0.07201737989631435,0.2591510611549585
2025-06-25,CIN,NYY,8.0,1.0,7.0,4.4,5.0,4.9,5.2,4.55,4.35,4.8,3.2,3.0,2.9,4.25,4.4,2025-06-25,Brady Singer,0.1957974588374783,0.0993584878467831,0.2047921390155352,Max Fried,0.2447292741061481,0.051463587116698,0.2190321826591038,0.19165266106442574,0.11635854341736691,0.2298973369005129,0.20748709364344387,0.0892469301572551,0.2161019806388999,0.2534344164607322,0.1068672336435494,0.2832607814292765,0.2566939173993763,0.09579434451135498,0.26676118806895216
2025-06-27,CIN,SDP,9.0,8.0,1.0,3.4,5.4,4.9,5.9,4.5,4.55,3.8,3.2,4.1,4.3,4.15,3.85,2025-06-27,Nick Martinez,0.1778772458673165,0.0494081045577961,0.1765873787344661,Dylan Cease,0.2914873661986125,0.0861133184404607,0.324035136325743,0.20665266106442576,0.11635854341736691,0.2345726615758376,0.20675940891378,0.08938304496539111,0.2162598217519699,0.24346288798920374,0.08584435447593339,0.22923054354000644,0.25863910364611015,0.08585742645775053,0.2541685086203767
2025-06-28,CIN,SDP,10.0,4.0,6.0,4.0,3.2,5.5,4.9,4.6,4.5,3.0,4.6,3.9,4.5,3.95,3.95,2025-06-28,Andrew Abbott,0.2499821005443027,0.0731321298293264,0.2182609695098677,Randy V\xc3\xa1squez,0.1280708652204647,0.1105218618941444,0.159209603128425,0.24665266106442574,0.1563585434173669,0.26290599490917094,0.20917491630235774,0.09326575690332373,0.21772324064673695,0.2578859649122807,0.07815204678362571,0.2334185777280406,0.260112026384767,0.08477062359119673,0.2548893010569683
2025-06-29,CIN,SDP,5.0,3.0,2.0,4.6,3.2,5.4,4.4,4.8,4.7,3.6,5.0,3.9,4.1,4.15,4.0,2025-06-29,Nick Lodolo,0.2165368560759565,0.0485239074530644,0.2067835818041283,Stephen Kolek,0.1725165655808459,0.083548714279224,0.1726981739189088,0.22998599439775907,0.15635854341736694,0.2456646155988261,0.207278380984496,0.09280019886199325,0.21503529940418464,0.26474871001031985,0.0843611971104231,0.24493931505522956,0.25980180252554563,0.08518157903160088,0.25492899124536905
2025-07-07,CIN,MIA,6.0,1.0,5.0,4.4,4.6,4.4,5.2,4.65,5.2,3.0,2.8,4.8,3.3,4.5,3.6,2025-07-07,Brady Singer,0.2099311773194297,0.1028599456437355,0.2037054821378905,Janson Junk,0.2325005197573847,0.0116341991341991,0.1977971255168756,0.2436737186102511,0.1051813725490196,0.2412257860489202,0.21159921011694466,0.09105766224722833,0.2189569585264022,0.2636194069088805,0.04438852813852813,0.2332140400250156,0.21432402376355988,0.07633152644550795,0.2299982992566659
2025-07-08,CIN,MIA,14.0,2.0,12.0,4.0,4.6,4.4,5.0,4.65,5.45,3.8,2.6,4.9,3.2,4.2,3.2,2025-07-08,Nick Martinez,0.1746086301786934,0.048105886924032,0.1806420107601774,Eury P\xc3\xa9rez,0.2266666666666666,0.1211027568922305,0.2320730110225908,0.252203130374957,0.09518137254901961,0.24189805495648317,0.21186544503301338,0.09003454244669767,0.21914052211202756,0.2714116147010884,0.03962662337662337,0.2427012195121951,0.21600169050370374,0.07547386884499661,0.23078483522007415
2025-07-09,CIN,MIA,9.0,7.0,2.0,2.8,6.2,3.8,6.1,4.65,5.5,5.4,2.8,4.9,2.9,4.6,3.15,2025-07-09,Andrew Abbott,0.2347798087758226,0.0689367347409718,0.2113285659197162,Sandy Alcantara,0.1729511466084356,0.0956824633167344,0.1815086541146044,0.21220313037495703,0.0751813725490196,0.22056472162314988,0.2095113845326466,0.0912563808639566,0.21803896075522727,0.27368434197381564,0.04553571428571428,0.23590151515151514,0.21637944949810703,0.0763019369689411,0.22990406095668614
2025-07-10,CIN,MIA,6.0,6.0,0.0,2.4,5.4,4.1,5.7,4.75,5.05,4.8,3.0,4.2,2.8,4.55,3.45,2025-07-10,Nick Lodolo,0.2216794846031294,0.0520354960836356,0.2183597824653476,Cal Quantrill,0.1871853892541895,0.0657433079327008,0.1803972501824849,0.24664757481940142,0.06962581699346405,0.25133395239238066,0.2116046660212988,0.09025356349182521,0.21902416236992045,0.2666330599225336,0.05386904761904761,0.22669098883572564,0.21491740426552713,0.07637920506085749,0.22911274970267972
2025-07-11,CIN,COL,5.0,2.0,3.0,3.4,4.4,4.4,5.5,4.5,5.0,3.2,8.6,3.3,6.8,4.1,6.5,2025-07-11,Chase Burns,0.2436507936507936,0.1407407407407407,0.1880166700826672,Germ\xc3\xa1n M\xc3\xa1rquez,0.1536652333177316,0.0690160972411513,0.1829893610822388,0.2633142414860681,0.08420915032679739,0.27486336415708656,0.21111620950657456,0.09289573490314595,0.220479782088406,0.19907991904895928,0.10695910900245262,0.2691962861699703,0.19176468289402432,0.09725759241368774,0.24385186628681088
2025-07-12,CIN,COL,7.0,4.0,3.0,3.6,4.4,4.0,4.5,4.2,4.95,3.2,7.0,3.6,6.5,3.95,6.4,2025-07-12,Brady Singer,0.2055147109466112,0.0995609631562816,0.1982986763926413,Bradley Blalock,0.1247975708502024,0.0564372469635627,0.1564507422402158,0.2986083591331269,0.08077777777777777,0.3030451823389047,0.21422248682370815,0.0927929133808899,0.22348537582939088,0.20968597965501984,0.09786819991154354,0.28556533378901794,0.19327073236678294,0.09622293717524426,0.24543702880351653
2025-07-13,CIN,COL,6.0,4.0,2.0,4.2,4.0,4.1,4.3,4.1,4.85,2.6,7.0,3.4,6.3,3.6,6.3,2025-07-13,Nick Martinez,0.1698781986697587,0.0517005925778304,0.1756639642762226,Austin Gomber,0.1087586390217968,0.0467539770171348,0.154080196850672,0.28702941176470587,0.09077777777777778,0.3113158590306341,0.2140711837723921,0.09286958451513574,0.22502724473154181,0.18349550346454369,0.1038205808639245,0.28349494041427675,0.19198818330427544,0.09671382355084318,0.24514181065135138
2025-07-25,CIN,TBR,9.0,7.0,2.0,4.2,4.2,4.5,3.3,4.3,4.5,4.6,6.0,4.2,4.5,4.5,5.4,2025-07-25,Nick Martinez,0.1705144960957562,0.0530192235795583,0.172688892393637,Zack Littell,0.1721166051412046,0.0321383883883883,0.1805106285278633,0.26052139037433153,0.13580213903743316,0.25228848138445664,0.21461238511681507,0.09571095668130425,0.2214639128181502,0.2782472347913524,0.06834401709401708,0.2608772626131341,0.24663080895980818,0.0702409220008853,0.26143813519346737
2025-07-26,CIN,TBR,8.0,6.0,2.0,4.6,4.2,4.6,3.5,4.5,4.5,4.2,6.8,4.1,4.8,4.2,4.65,2025-07-26,Andrew Abbott,0.2287272822531768,0.0671010404577202,0.2147016758115143,Ryan Pepiot,0.2318919000003457,0.0812002052692421,0.2277415315859702,0.2538547237076649,0.14913547237076646,0.26485258394855915,0.21578784004965187,0.09608345546003721,0.223561629852954,0.3039615205056381,0.06262973137973135,0.26803906632666197,0.24770374146643973,0.07094593385385868,0.2625825255782646
2025-07-27,CIN,TBR,3.0,2.0,1.0,5.4,4.0,5.0,3.4,4.5,3.95,4.0,7.0,3.9,4.9,3.75,4.8,2025-07-27,Brady Singer,0.2062965731852834,0.0982715335073201,0.1974131622721987,Shane Baz,0.2342236550423049,0.0882334299737045,0.2278723431991519,0.26026498011792126,0.12349444672974082,0.25455846630150036,0.21593471642925557,0.09589560861163564,0.223820829560278,0.3124230589671766,0.07775793650793647,0.2794211801478002,0.24724505164464702,0.07282786397705875,0.26326282180667876
2025-07-28,CIN,LAD,7.0,2.0,5.0,4.2,2.2,4.8,3.2,4.45,3.75,4.2,4.6,4.0,4.2,3.85,4.95,2025-07-28,Chase Burns,0.3031135531135531,0.1238290598290598,0.2398455751721299,Jack Dreyer,0.2546499796499796,0.0751729751729751,0.2291570901865019,0.25026498011792125,0.11516111339640749,0.23532769707073112,0.21772175801732105,0.09496458328530907,0.22463511575573458,0.20153470523035738,0.1237294529142355,0.22774049704152918,0.24169526975220518,0.07509373168447177,0.23870897107202677
2025-07-29,CIN,LAD,9.0,4.0,5.0,4.4,2.0,4.6,3.5,4.15,3.8,3.8,3.0,4.3,4.3,3.85,5.0,2025-07-29,Nick Lodolo,0.2246002071061884,0.0464333556174752,0.2215128489404035,Tyler Glasnow,0.2780079431438127,0.1342589882943143,0.2627471536646225,0.24901498011792125,0.12391111339640751,0.2166674099893914,0.21743116419023142,0.09585434690756572,0.2242234144678735,0.2038074325030846,0.14475218018696276,0.2228062865152134,0.241990812637682,0.0769759558848794,0.23894181796407266
2025-07-30,CIN,LAD,7.0,5.0,2.0,4.2,3.0,4.2,3.6,3.9,3.75,4.0,3.2,4.8,4.5,3.8,5.15,2025-07-30,Nick Martinez,0.1734527892261685,0.0548548266951469,0.1727421163538381,Shohei Ohtani,0.2867965367965367,0.0508658008658008,0.2640208322273539,0.23901498011792127,0.12168889117418528,0.2226674099893914,0.21694769278524512,0.09599964942378997,0.22494509623484615,0.20812115799328074,0.1380855135202961,0.22686425752970613,0.24137269731313118,0.0762497676218145,0.2383283389594895
2025-08-01,CIN,ATL,5.0,3.0,2.0,3.8,3.0,4.2,3.6,4.1,3.6,4.6,8.2,5.0,7.4,4.45,5.95,2025-08-01,Brady Singer,0.2111249414951417,0.0954234385051401,0.200646160375855,Bryce Elder,0.1802986830815754,0.0924732284050352,0.1970664310870327,0.20820571095571094,0.10640190365190365,0.23432584958900748,0.21501097578614395,0.09582520114795588,0.2247761989390376,0.1857548896751683,0.08677736006683372,0.22908465118482094,0.24932043805544613,0.07801176364818069,0.26036032198676795
2025-08-11,CIN,PHI,5.0,1.0,4.0,3.8,5.0,3.7,3.6,3.95,3.6,4.4,2.0,5.0,3.3,5.2,3.8,2025-08-11,Andrew Abbott,0.2168079950126515,0.0770058993815659,0.2129771936705564,Taijuan Walker,0.1897835743871549,0.0736017555902466,0.1855357381311412,0.1948975493579074,0.11545279367785759,0.22676481648139785,0.2137512922646248,0.09799848672077463,0.225122034454703,0.26259421134421135,0.03371794871794871,0.24386492704951118,0.2371745715724731,0.07853229935314518,0.22507269241073793
2025-08-12,CIN,PHI,7.0,6.0,1.0,3.8,4.6,3.3,3.8,3.75,3.7,4.2,2.2,5.1,2.5,5.3,3.8,2025-08-12,Brady Singer,0.2158106293622488,0.097297680867552,0.2051551899083893,Ranger Suarez,0.2255828661609594,0.0619385441393554,0.1984468322872971,0.1788975493579074,0.11145279367785758,0.21464360436018573,0.2119243581427049,0.09716089281717825,0.22391016521434945,0.27875582750582745,0.042808857808857806,0.2454335545004916,0.2374810603755317,0.07863899583207573,0.22428183586696723
2025-08-13,CIN,PHI,8.0,8.0,0.0,5.0,3.4,3.6,3.7,3.95,3.6,4.2,2.4,4.7,2.7,5.1,3.8,2025-08-13,Hunter Greene,0.3169527137264888,0.0598572225441149,0.2717014650206996,Cristopher S\xc3\xa1nchez,0.256224926821599,0.0646260225661829,0.2750885689065403,0.18668975715011518,0.0971670793921433,0.22793031764689903,0.2132100531045156,0.09633749542042251,0.22509428553995972,0.29125582750582746,0.042808857808857806,0.2429335545004916,0.23651968379112545,0.07796686766257081,0.22321959795357435
2025-08-15,CIN,MIL,18.0,8.0,10.0,6.2,2.8,4.2,3.3,3.95,3.1,9.4,3.2,7.9,2.8,7.05,3.65,2025-08-15,Nick Martinez,0.171061851235961,0.0548284851019456,0.1750729809602733,Aaron Ashby,0.2895805884936319,0.1135783298826777,0.2338061093495876,0.19658280527845742,0.10331681201246416,0.2409246679293849,0.21447413974764035,0.09629187857578947,0.22600385737015613,0.24171028060346944,0.10118924762887609,0.25821851635150866,0.24055470168119975,0.08263419301693758,0.23757999878492664
2025-08-30,CIN,STL,6.0,2.0,4.0,2.2,5.8,3.8,4.6,3.7,4.15,3.4,4.8,4.7,5.1,4.2,5.0,2025-08-30,Andrew Abbott,0.2229489811704216,0.0669616516361442,0.2165045505949863,Michael McGreevy,0.1570084034958176,0.035500639711166,0.1709917568900178,0.2955679043179043,0.11649933399933396,0.29657858282957494,0.2192619241094556,0.09911245396140288,0.23074069945357426,0.2939675491422025,0.1689811193316039,0.26490098530631484,0.21868875510577337,0.08128253572483307,0.2336105294818233
2025-08-31,CIN,STL,11.0,7.0,4.0,2.4,4.6,3.2,5.0,3.7,4.15,3.8,3.8,4.3,5.0,4.15,4.95,2025-08-31,Nick Martinez,0.1646485319407314,0.0584117402284495,0.1784519284479934,Andre Pallante,0.1547633968286142,0.0806695806361358,0.2119763547900416,0.2804885392385392,0.10618187368187366,0.2899119161629083,0.21970189293402947,0.09920266942869393,0.23151207264064014,0.24851300368765705,0.15913263448311904,0.2617263821317117,0.21706883840128618,0.08129772681822936,0.23329101585955933
2025-09-01,CIN,TOR,9.0,5.0,4.0,2.6,5.2,3.1,4.4,3.9,4.25,5.0,6.0,5.1,4.6,4.6,4.6,2025-09-01,Hunter Greene,0.3134684123620928,0.0535241813495968,0.2810103557248632,Chris Bassitt,0.2319703336276957,0.0678208537860243,0.2176511041886279,0.31685217560217555,0.09709096459096458,0.30565265690364907,0.22281130892977283,0.09846235100012159,0.2328247243926309,0.19385694370988485,0.12806562718327422,0.25621505350214246,0.2596964220120622,0.08699786827773916,0.28117095218483046
2025-09-05,CIN,NYM,9.0,4.0,5.0,6.4,7.4,4.3,6.6,4.75,5.0,6.6,7.0,8.1,5.9,7.1,5.3,2025-09-05,Nick Martinez,0.1574829986944357,0.0547610064641714,0.1896201114914224,David Peterson,0.2092632100410399,0.0913176389774854,0.2234885348914166,0.25490773115773113,0.10479298479298478,0.29040831263245054,0.22097359170260017,0.09790249564016906,0.2335814301150029,0.20499539143720727,0.07944766905444652,0.19862549759304327,0.23612710705085535,0.08640098444686102,0.24056588199548376
2025-09-19,CIN,CHC,11.0,7.0,4.0,4.4,3.6,3.6,3.7,4.1,5.0,4.0,1.8,4.0,2.5,4.3,3.9,2025-09-19,Nick Martinez,0.151032867526367,0.0546739249378493,0.2006279297913172,Shota Imanaga,0.2151527903021741,0.0369087654532899,0.2214739001587345,0.22272285463074937,0.0586347862663652,0.29264608295938216,0.2220678564400249,0.0956587680002247,0.2390833090714464,0.29501858045336304,0.08032004830917873,0.2022555327868421,0.23001653368014519,0.06861614280741063,0.21245376844861852
2025-09-20,CIN,CHC,9.0,6.0,3.0,5.0,3.0,4.0,3.9,4.45,4.85,4.0,2.6,4.3,2.8,4.35,3.65,2025-09-20,Zack Littell,0.1732325222502742,0.040791961184118,0.183447505361107,Drew Pomeranz,0.2817610062893081,0.0591194968553459,0.2436678101772441,0.24272285463074933,0.06530145293303186,0.2931751834884827,0.22192073739709145,0.09546548732466764,0.2384770746652911,0.2981931836279662,0.10174861973775014,0.21252489305620234,0.22944311663525704,0.06957449525134685,0.21203070515716804
2025-09-21,CIN,CHC,1.0,1.0,0.0,4.0,2.4,4.2,4.0,4.6,4.7,3.8,3.8,4.0,3.3,4.35,3.75,2025-09-21,Nick Martinez,0.1469508981337625,0.0531962512908804,0.1952055533104708,Jameson Taillon,0.1819229447397694,0.052435772913053,0.183425599505773,0.23515706515706514,0.06003829503829502,0.29039740571070494,0.22169278549379945,0.0948332655543056,0.2391052618087881,0.28708207251685514,0.10174861973775014,0.2413064056612444,0.2304852458656729,0.06911975998826615,0.21367943070702783
2025-09-23,CIN,PIT,6.0,2.0,4.0,4.2,1.8,4.1,3.9,4.6,4.45,4.2,3.2,3.6,3.4,3.75,3.85,2025-09-23,Brady Singer,0.2262367657785146,0.0900896185728966,0.2159652550788805,Johan Oviedo,0.2591433941997851,0.1468555316863587,0.295123109972734,0.22379342879342876,0.06344738594738593,0.27722173003502926,0.22187901716818234,0.09503173091250096,0.23913248537085688,0.26966999666999664,0.08154079254079252,0.2855185114665587,0.22441080974400165,0.07586897452829633,0.2370579407019478
2025-09-25,CIN,PIT,3.0,2.0,1.0,3.4,2.2,4.3,4.0,4.6,4.45,4.8,2.8,3.8,3.3,3.9,3.75,2025-09-25,Nick Lodolo,0.2339917619311966,0.0430765589154152,0.2372208497019654,Carmen Mlodzinski,0.2391973567810888,0.0646714086905474,0.2299870149976619,0.24601565101565098,0.07344738594738594,0.272799323173598,0.22278535027855229,0.09444690323831263,0.2394502745401591,0.26896869796869793,0.0768308358308358,0.28176182396936855,0.22460939815490613,0.07609145043664076,0.23752247973532095
2025-04-22,CLE,NYY,5.0,3.0,2.0,4.4,5.2,4.9,3.7,4.0,4.3,3.8,2.4,4.3,2.7,5.85,3.9,2025-04-22,Tanner Bibee,0.1556806418219461,0.1251552795031055,0.2346375319906531,Will Warren,0.2223684210526315,0.1421052631578947,0.2512115077904551,0.2788448393711551,0.05683583959899748,0.2631564011037695,0.2588853929164934,0.07371213094897303,0.26489092716533585,0.27935064935064935,0.12363127069009419,0.2938557874762808,0.296582629654039,0.13621964214574253,0.28061545392480786
2025-04-23,CLE,NYY,6.0,1.0,5.0,4.8,3.8,4.6,3.8,4.0,4.2,3.4,2.4,4.1,2.7,5.75,3.95,2025-04-23,Joey Cantillo,0.3736371653038319,0.1390291806958473,0.3962662337662337,Carlos Rod\xc3\xb3n,0.317129117259552,0.1363847167325427,0.2655373287931427,0.29074960127591704,0.05802631578947367,0.2749341788815473,0.2621222598911386,0.07413044409611913,0.2654512250180507,0.2597702297702297,0.11314176020058371,0.28229972340305426,0.2874301482902489,0.1337489519281315,0.2761695201562018
2025-04-26,CLE,BOS,9.0,5.0,4.0,4.6,3.6,4.0,4.3,3.75,4.35,4.8,5.0,4.6,4.9,5.05,5.3,2025-04-26,Ben Lively,0.186971104231166,0.080532212885154,0.1536808976464148,Walker Buehler,0.2172077922077921,0.0682178932178931,0.1723111445877663,0.2859876965140123,0.07231203007518795,0.2729139768613452,0.263105260967103,0.07699405654449511,0.2636500165682245,0.2515049879600963,0.08227213962508077,0.30420894900121903,0.21772767136544224,0.070546310191993,0.25490631736691083
2025-04-27,CLE,BOS,16.0,3.0,13.0,3.6,4.4,4.0,4.7,4.05,4.2,5.4,4.6,5.3,4.0,5.25,5.15,2025-04-27,Logan Allen,0.1805653585544889,0.1094896950875211,0.127931749622926,Sean Newcomb,0.2512400896840255,0.1042102951713935,0.1663907181950485,0.24962406015037591,0.08481203007518795,0.2739637604111288,0.25728947166194127,0.07587912911799549,0.266417031610762,0.2586618507051944,0.07805645335057099,0.2992798727423845,0.23087288943219336,0.06912932328220038,0.2619742475035257
2025-04-28,CLE,MIN,12.0,1.0,11.0,3.0,6.2,3.7,5.7,4.1,4.6,6.2,2.0,4.7,3.4,4.05,3.1,2025-04-28,Gavin Williams,0.2414604888289098,0.1099265257159993,0.2797060815631701,Bailey Ober,0.211735810113519,0.0714416924664602,0.2289820565907522,0.2588631905851585,0.08100768224910099,0.2638338902812587,0.25581176176141845,0.07628940291877827,0.2628989404929031,0.25386715344339184,0.08318461337424184,0.25479224444120074,0.24022650213011223,0.07998198006352583,0.24208621799799918
2025-04-29,CLE,MIN,3.0,2.0,1.0,2.6,8.0,3.7,5.9,3.75,4.85,7.6,1.8,5.7,3.0,4.3,3.1,2025-04-29,Tanner Bibee,0.1662111801242235,0.1251242236024844,0.1997100255925225,Chris Paddack,0.1933458646616541,0.1234335839598997,0.1915649955634427,0.24323819058515853,0.08413268224910099,0.2647598162071846,0.25002384169851066,0.07468085281453618,0.25681657092503485,0.2511398807161191,0.09409370428333275,0.2503804797353184,0.23883938136700492,0.08412053247512838,0.24235910703255092
2025-04-30,CLE,MIN,6.0,4.0,2.0,2.8,7.2,3.7,5.4,3.65,4.4,6.6,1.6,5.2,2.9,4.25,2.95,2025-04-30,Luis Ortiz,0.2787785547785547,0.1197086247086246,0.2643678923295885,Pablo L\xc3\xb3pez,0.2292970187707029,0.0455005520794994,0.2321358000564566,0.24323819058515853,0.08663268224910099,0.2708444722918407,0.25002301957097584,0.07641599582093149,0.2602760980359942,0.27515948855925637,0.08477997879313667,0.2850471464019851,0.2447669575436603,0.08409429250373521,0.25028047013146587
2025-05-09,CLE,PHI,6.0,6.0,0.0,7.2,4.8,4.9,5.6,4.45,5.15,5.4,2.4,5.2,3.3,4.9,4.45,2025-05-09,Gavin Williams,0.2425693819940305,0.1299830108264236,0.270183433000608,Aaron Nola,0.2619717652947466,0.0730845448547311,0.2608557913289925,0.22483943731034522,0.07666738131859614,0.24428688295695963,0.24744086326112844,0.07639155924305337,0.25786865467237785,0.3256421356421356,0.041428571428571426,0.19455595568033962,0.2632427498812611,0.07235625598292174,0.21443752965635995
2025-05-11,CLE,PHI,3.0,0.0,3.0,6.6,4.8,5.2,3.9,4.45,4.9,5.8,2.6,5.8,3.1,5.05,4.65,2025-05-11,Luis Ortiz,0.2530405826058,0.1150713778974648,0.2603595669175729,Zack Wheeler,0.3362731481481481,0.0460185185185185,0.2914174395403585,0.23046443731034522,0.08104238131859613,0.2415547172937595,0.24500799847850643,0.07760224851264037,0.2554757439995238,0.2995310245310245,0.06365079365079365,0.1978239295365488,0.2590023809414813,0.07434368445103401,0.2148367446597375
2025-05-12,CLE,MIL,5.0,5.0,0.0,4.8,3.4,5.0,4.1,4.35,4.75,2.8,4.2,2.5,4.6,4.3,4.05,2025-05-12,Ben Lively,0.1687907519467116,0.0791155277900633,0.1384356185002736,Freddy Peralta,0.2673387029637029,0.0827299783549783,0.2883720726515747,0.18850639535230326,0.0964269967032115,0.22565728139632363,0.24657510620885148,0.07950834614597821,0.25678115809184343,0.2186164781211221,0.13788986727067218,0.1919400886541483,0.24255001815511304,0.09821908241455647,0.22193285404474186
2025-05-13,CLE,MIL,2.0,2.0,0.0,4.0,3.2,5.1,3.9,4.1,4.4,2.0,4.6,2.5,4.3,3.6,4.25,2025-05-13,Logan Allen,0.1560994595466644,0.115981689118335,0.1514165649893344,Tyler Alexander,0.1579067512705956,0.0846751773525228,0.1035488204605851,0.20673382010146715,0.09492197998080348,0.2214350591741014,0.2471276833557275,0.08038337710301814,0.2549084469188716,0.2647703242749682,0.124703054083859,0.22607087015335087,0.24776402871185943,0.09954353649626119,0.2260282478517574
2025-05-26,CLE,LAD,9.0,2.0,7.0,4.0,2.6,3.3,3.4,4.2,3.65,3.0,4.8,5.5,5.7,6.2,4.85,2025-05-26,Gavin Williams,0.260404628001882,0.1241266357170246,0.281531000503023,Yoshinobu Yamamoto,0.3102982202982203,0.0834776334776334,0.2775045053649951,0.2929123593797507,0.07232669504408633,0.3205862365148079,0.25972698184282267,0.07728818099355014,0.26942403587100777,0.2447717328098354,0.045452196202907205,0.23616464525220948,0.2557461340361274,0.061018098966831455,0.23252796499763612
2025-05-27,CLE,LAD,14.0,5.0,9.0,3.4,2.8,3.3,4.1,4.15,3.75,3.6,4.0,6.1,4.8,5.95,4.6,2025-05-27,Tanner Bibee,0.1739732441471571,0.0788291925465838,0.1965620885013577,Dustin May,0.2338795361017583,0.0862420501309389,0.2139775525001681,0.3076466588966589,0.0703943278943279,0.32521586614443754,0.26006756289819916,0.0779263494863343,0.269931059652617,0.21913070716880978,0.046477837228548244,0.2275962022010078,0.25230722909164566,0.06132396392752848,0.23038727569406853
2025-05-30,CLE,LAA,5.0,1.0,4.0,3.4,5.2,3.6,4.0,4.25,4.05,1.0,3.6,4.3,4.0,4.7,4.6,2025-05-30,Luis Ortiz,0.260329988851728,0.1206685416033241,0.2730049811948534,Jos\xc3\xa9 Soriano,0.1740720599245881,0.1098813465243885,0.2363669068155784,0.2636689261031366,0.07125465178096754,0.2918900403186117,0.25922300080237953,0.07892041524663984,0.269965234606008,0.2582217369833469,0.1086228271212791,0.2882748357963875,0.22401853692005919,0.09794457700576227,0.2536552481644627
2025-05-31,CLE,LAA,12.0,7.0,5.0,3.0,5.8,3.6,4.0,3.85,3.75,1.4,2.6,4.3,3.8,4.65,4.25,2025-05-31,Logan Allen,0.1683149242062285,0.1108162489684228,0.1670442270714815,Kyle Hendricks,0.1412356778068852,0.0814138286893704,0.1440849811054441,0.27489887262720075,0.0830193576633205,0.29289004031861177,0.25984611948553027,0.07961196245337002,0.27157299827375786,0.2614684902301001,0.12096048945894142,0.2970660445875963,0.22384473651587444,0.10002209731433284,0.253246569282405
2025-06-01,CLE,LAA,6.0,4.0,2.0,4.4,5.8,4.2,4.2,3.75,3.95,2.4,3.4,4.1,4.0,4.85,4.4,2025-06-01,Gavin Williams,0.2480951163653472,0.1355696688336588,0.280892709904709,Jack Kochanowicz,0.1496348052474534,0.1006807421827184,0.1809885237193843,0.29573220596053407,0.07593602432998717,0.31372044144457933,0.261866363003328,0.07931175258576703,0.27225320580555523,0.23839156715317703,0.12929382279227475,0.28427802615441655,0.21991763587524507,0.09972931198133284,0.25219923275283257
2025-06-06,CLE,HOU,6.0,2.0,4.0,3.4,2.8,3.2,4.3,3.5,3.6,3.0,4.2,4.1,4.2,3.8,3.8,2025-06-06,Logan Allen,0.2136196280662683,0.100742044516748,0.1973129337013468,Colton Gordon,0.232331074722379,0.0113636363636363,0.1822131903781006,0.261641296869625,0.07684511523907807,0.2630371632006604,0.2591756725331644,0.07848256662385882,0.26951510651309846,0.3650226530005941,0.07371694890077243,0.3568734761407175,0.2829675058183611,0.09351345726070234,0.29681367638665224
2025-06-11,CLE,CIN,13.0,11.0,2.0,2.0,3.6,2.8,3.2,3.2,3.6,5.2,3.2,4.1,3.2,4.4,3.75,2025-06-11,Logan Allen,0.2019908319002521,0.0985197136465252,0.190674110794862,Nick Lodolo,0.2079850294992165,0.0442617020840129,0.1973395545047771,0.2216718426501035,0.08446946169772256,0.21645124041899724,0.25406213814682926,0.08034794718736282,0.26322121678061233,0.2499894223423635,0.08142984466513878,0.19904453215149304,0.2088767077733894,0.08653246444913774,0.21391016598252335
2025-06-24,CLE,TOR,16.0,6.0,10.0,2.6,2.2,3.2,3.2,3.0,3.2,4.6,4.4,3.9,5.0,5.2,5.05,2025-06-24,Logan Allen,0.2062209604290349,0.0944949431750673,0.1996668361678527,Eric Lauer,0.2400460238076337,0.0736884254376514,0.201027344448397,0.19181128610998038,0.07988458894570077,0.2618953141344265,0.24533999590768332,0.08040509109859177,0.2640849101823933,0.23012004645118234,0.11530885865317912,0.2780098850894743,0.2691913018138998,0.07849284058418769,0.2956265422697603
2025-06-26,CLE,TOR,6.0,0.0,6.0,3.0,3.8,2.7,4.0,3.25,3.5,5.0,5.4,4.4,5.4,5.15,5.0,2025-06-26,Tanner Bibee,0.1960665711100493,0.0721737537824494,0.2096808481165514,Kevin Gausman,0.2370671444904328,0.0738912812333865,0.2389145952720795,0.1970117873631132,0.08546103004845768,0.253017318491725,0.24443574447604152,0.08105075517121892,0.261724331070619,0.21202364122242418,0.13160787826102224,0.269731496811086,0.26738170982622267,0.08006322122299289,0.2931453398735397
2025-06-28,CLE,STL,15.0,6.0,9.0,2.6,4.6,2.2,4.0,2.7,3.7,4.2,4.0,4.7,3.4,4.5,4.4,2025-06-28,Slade Cecconi,0.2412830647613256,0.0686735004126308,0.2687048286427168,Miles Mikolas,0.1577483820527298,0.0588407196668066,0.1436054241786339,0.20762231920126656,0.12052999631946996,0.23805482786906937,0.2444143267320846,0.08473290634399126,0.25952877838528693,0.22189586983065243,0.08125517598343684,0.21363657322831903,0.1964982742009698,0.07388545656948649,0.21749175619974626
2025-06-29,CLE,STL,7.0,0.0,7.0,3.0,6.0,2.8,4.3,2.9,4.0,4.4,4.8,5.4,3.7,4.6,4.2,2025-06-29,Logan Allen,0.2023494396103091,0.0931335519016678,0.1960526834536322,Matthew Liberatore,0.1965298909356879,0.0350132385059921,0.1991816925705458,0.20697296855191588,0.1250754508649245,0.22659649453573602,0.243063693102479,0.08424192683287318,0.2590190436554708,0.23183739029848865,0.09178149177291052,0.23256514465689046,0.19666934787887838,0.07426811146369686,0.21867217032274588
2025-07-04,CLE,DET,3.0,1.0,2.0,2.4,6.2,2.6,5.4,2.9,4.45,7.0,5.4,6.4,4.1,5.85,5.3,2025-07-04,Slade Cecconi,0.2408845864280646,0.0719940747658138,0.2524778361734883,Tyler Holton,0.1857596371882086,0.0505895691609977,0.20984393757503,0.2089252852410747,0.12153518995624255,0.1847469162289142,0.24067887229475862,0.08409423273974556,0.25457865067545077,0.15584706959706957,0.06773809523809524,0.19660086256724907,0.19983472480447328,0.0681918327733107,0.2062704317458271
2025-07-05,CLE,DET,1.0,0.0,1.0,2.6,5.6,2.6,5.1,2.75,4.45,5.4,4.6,5.7,3.9,5.7,5.2,2025-07-05,Logan Allen,0.2053275996346648,0.0925210382411469,0.1916118907377802,Casey Mize,0.2152345877035317,0.0583009186580615,0.2177081014754876,0.21165255796834742,0.11335337177442437,0.1828238393058373,0.2413767679148203,0.08428135941339561,0.25452478419691604,0.1696628590707538,0.059514411027568916,0.19365968609666084,0.20055430628097745,0.06861309783150872,0.20526334796261916
2025-07-18,CLE,ATH,14.0,8.0,6.0,4.2,2.4,3.4,4.0,2.8,4.0,5.6,4.6,5.4,4.8,4.2,5.05,2025-07-18,Slade Cecconi,0.2452717717065543,0.0726949749123661,0.2392282038981402,J.T. Ginn,0.2819261173608999,0.050673674151935,0.2329217043919325,0.2563192145545087,0.08275613275613274,0.27987180368599346,0.24234273849260435,0.08395188167765909,0.2572694116340192,0.2730827995533877,0.06910060527707587,0.25897270632380404,0.24431918914586426,0.09596683038507228,0.26075003681640174
2025-07-19,CLE,ATH,10.0,2.0,8.0,5.8,3.4,3.6,3.7,3.2,4.0,4.8,6.0,5.4,5.2,4.3,4.9,2025-07-19,Logan Allen,0.2096298240138819,0.0930874837275803,0.1918835526052735,Luis Severino,0.161801423269939,0.0738131904327556,0.1429641506367403,0.2929858812211753,0.07275613275613274,0.2948718036859935,0.24680930615759447,0.08306817765999952,0.25877183887997685,0.29759260347495636,0.0808653111594288,0.26580500446045,0.24601055800178837,0.09618582259152135,0.26100220094668336
2025-07-20,CLE,ATH,10.0,8.0,2.0,4.8,4.0,3.8,3.8,3.15,4.3,6.0,4.6,5.7,4.8,4.45,4.95,2025-07-20,Gavin Williams,0.2199662980151959,0.1346099255613888,0.2561105746252804,Jeffrey Springs,0.187271498566693,0.0909810184941763,0.2224535783622497,0.275372244857539,0.05457431457431457,0.28098291479710463,0.24619150088511954,0.08220288414270786,0.2581017618546067,0.2899002957826487,0.09624992654404418,0.2651037421883603,0.2466273754986936,0.09676242590406767,0.2618704398067817
2025-07-21,CLE,BAL,15.0,10.0,5.0,5.6,4.0,4.4,3.5,3.35,4.3,2.0,7.0,3.0,4.4,3.75,5.15,2025-07-21,Tanner Bibee,0.202373969721314,0.0741034293900727,0.2204057860358035,Tomoyuki Sugano,0.1390850829256626,0.0493295097280604,0.1673488100035645,0.294419863905158,0.04505050505050504,0.299658636359074,0.24708987029180216,0.08135543172886552,0.25869648053326244,0.22743506493506493,0.08551948051948051,0.24258637021508872,0.2600289915414767,0.09506180949432233,0.24846942413520182
2025-07-22,CLE,BAL,9.0,6.0,3.0,6.8,4.6,5.0,3.5,3.8,4.45,3.0,7.8,3.2,5.2,3.75,5.5,2025-07-22,Joey Cantillo,0.3396138533366794,0.1160744348244348,0.317142468090442,Brandon Young,0.2037033184630438,0.0893507924400372,0.2079675167987116,0.33775319723849134,0.038383838383838374,0.3169919696924074,0.24967058590106947,0.08052527426224443,0.25945808107203866,0.19897352647352645,0.09705794205794203,0.23080065592937443,0.25856793723686194,0.09526709036190104,0.24855703456962258
2025-07-23,CLE,BAL,5.0,3.0,2.0,6.8,4.8,5.5,3.6,4.05,4.35,3.4,6.8,3.3,5.7,3.9,5.35,2025-07-23,Slade Cecconi,0.2284839797883275,0.0660863408294238,0.2239736918554521,Zach Eflin,0.1462363622689709,0.0402672173505506,0.1821534531276811,0.33034578983108387,0.03838383838383838,0.3164327898228827,0.24939332970229328,0.08083422210920267,0.25956729510434406,0.18559633349107033,0.10977724030355604,0.22637757900629754,0.25756120523291437,0.09641968261617677,0.24837915653161868
2025-07-24,CLE,BAL,7.0,3.0,4.0,5.8,4.0,5.8,3.7,4.0,4.35,3.6,5.2,3.2,5.9,3.9,5.3,2025-07-24,Logan Allen,0.2073686052061338,0.0881881424787602,0.1900946675651067,Charlie Morton,0.2236848629748398,0.0934921162478707,0.2268836947333442,0.3417743612596554,0.048383838383838376,0.296735820125913,0.2508993964052703,0.08102587988811065,0.25863828881996725,0.15392966682440362,0.1181105736368894,0.20915349873873898,0.2558361767982651,0.09629011480149514,0.2476418682835656
2025-07-28,CLE,COL,14.0,6.0,8.0,3.8,3.4,5.3,4.0,4.05,4.15,4.2,6.4,4.2,5.9,3.8,6.1,2025-07-28,Slade Cecconi,0.2170194057150578,0.0681549033360627,0.2215693801357905,Bradley Blalock,0.0956346285293653,0.0465234993839112,0.1352017711330836,0.29610042735042735,0.07957264957264956,0.26004489779089324,0.24751174703662582,0.08353080166756201,0.25753628530294936,0.21053673777203188,0.07593277310924368,0.24825496579475734,0.19375471230120464,0.09473467588973847,0.24543830161739005
2025-07-29,CLE,COL,14.0,10.0,4.0,3.8,4.4,5.3,4.6,4.35,4.3,4.2,6.8,4.8,6.1,4.05,6.15,2025-07-29,Logan Allen,0.2044075823532344,0.0837787353548222,0.1897736076562391,Tanner Gordon,0.1322055137844611,0.0610119047619047,0.1452485380116958,0.23657661782661782,0.09385836385836385,0.22837823112422653,0.24583476441178717,0.08409581444079613,0.2558772095699054,0.21288967894850247,0.10593277310924369,0.24572118201097357,0.19381363010968383,0.09667114121153338,0.24465267766026524
2025-08-02,CLE,MIN,9.0,5.0,4.0,5.6,4.0,5.8,3.6,4.8,3.7,3.2,8.2,3.9,5.8,4.35,5.0,2025-08-02,Tanner Bibee,0.2074709493566418,0.0670459599243515,0.2226573891797859,Bailey Ober,0.1871795678456268,0.0575201972600536,0.2297894042955106,0.24525351841141313,0.09912152175310068,0.24466029808023443,0.24926159817054575,0.08224714902991631,0.2580879159802049,0.19444308088425732,0.07691121904124996,0.2402212017876979,0.24194349495293735,0.06838245339449957,0.25572365714791934
2025-08-12,CLE,MIA,7.0,4.0,3.0,4.6,3.0,5.3,3.6,5.3,3.8,3.8,6.2,3.9,5.3,4.1,4.35,2025-08-12,Logan Allen,0.202552912246588,0.0856910016494996,0.1890938294237085,Janson Junk,0.1885354574959021,0.0272861713855502,0.1734898006333868,0.25769077671554447,0.04717789949988091,0.31048889009468517,0.24856898685204779,0.08018827164898623,0.2604318202058807,0.22505050505050503,0.08036255411255411,0.23013051056003367,0.22349476614796004,0.08018795834282798,0.23049890661687586
2025-08-13,CLE,MIA,17.0,4.0,13.0,4.8,3.2,5.1,3.1,5.2,3.85,3.2,5.4,4.0,5.7,4.2,4.45,2025-08-13,Gavin Williams,0.229078741713867,0.1258857494463003,0.2541156625553975,Eury P\xc3\xa9rez,0.2407710982344788,0.0928613304731465,0.2403862098853625,0.2447083205751936,0.06191474160514406,0.29365962180200217,0.2475840667365032,0.0812123035152342,0.25906060806736886,0.23010101010101008,0.08945346320346319,0.2281062190620579,0.2239084846906433,0.08027805189380498,0.2303310697191666
2025-08-14,CLE,MIA,13.0,9.0,4.0,4.8,5.6,4.5,4.0,5.0,4.2,4.8,6.0,4.6,5.8,4.65,4.5,2025-08-14,Tanner Bibee,0.2111691276734555,0.07208544167006,0.2240351198589057,Edward Cabrera,0.2581287199113286,0.0801489689859254,0.2747559071403614,0.21985983572670875,0.06797534766575013,0.2603262884686689,0.24676992338716974,0.08103767433803781,0.2582776085639731,0.20317793317793315,0.08231060606060606,0.2123719533277922,0.22396565757463155,0.07960906812802326,0.23030558353211292
2025-08-16,CLE,ATL,11.0,1.0,10.0,4.2,5.6,4.4,4.2,4.95,4.0,5.8,4.6,5.7,4.6,4.45,5.55,2025-08-16,Slade Cecconi,0.2115731965297182,0.0656561978011253,0.2180536900496754,Joey Wentz,0.1703945384520419,0.1001322582669006,0.2031906246317185,0.14678291264978569,0.07456875425915672,0.21476761619190404,0.2444428056164312,0.08087752262288003,0.255456763673138,0.23185106560106558,0.027281746031746025,0.29300252940744337,0.2494088637241188,0.07505810274898393,0.2637359806985755
2025-08-17,CLE,ATL,9.0,4.0,5.0,3.6,6.4,4.1,4.7,4.5,4.25,6.4,4.6,6.3,4.2,4.95,5.15,2025-08-17,Logan Allen,0.2028042349025335,0.0892116827372025,0.1911025376073324,Erick Fedde,0.1290829438602651,0.1136978246845212,0.1613770519810297,0.1444299714733151,0.07456875425915672,0.22619618762047544,0.24388105175377717,0.080209113345005,0.25617908085647695,0.24573995448995448,0.021726190476190472,0.2842904081953222,0.2494137091034293,0.07444287239858242,0.2625988005289151
2025-08-25,CLE,TBR,9.0,0.0,9.0,2.2,5.2,2.9,6.0,4.0,4.55,5.0,7.0,4.9,5.4,3.95,4.85,2025-08-25,Tanner Bibee,0.2099679051518868,0.0740724524903014,0.2143190286164465,Ian Seymour,0.2587632275132275,0.054563492063492,0.2542712891397101,0.1809927418717296,0.05967568377465401,0.22801773058806302,0.24163108108127598,0.07936876882527345,0.2559135555971051,0.3297052879062861,0.05723608590441619,0.3012113858112043,0.26151419833663414,0.06892434526371354,0.27005399947887787
2025-08-29,CLE,SEA,9.0,5.0,4.0,1.2,5.6,1.9,5.2,3.4,4.8,6.6,4.4,5.0,6.1,5.25,5.05,2025-08-29,Logan Allen,0.2000916017959495,0.0919075240379587,0.1894940800918529,George Kirby,0.2438194474794286,0.0638922832152068,0.2344610642575293,0.22667901638153354,0.05967568377465401,0.25509329994624114,0.2425679192826135,0.07864167597322247,0.2560961968175276,0.217527195027195,0.07304681429681428,0.237332584278881,0.2290965916028046,0.0764754035104271,0.22411826383115147
2025-08-30,CLE,SEA,7.0,4.0,3.0,1.6,5.6,2.4,5.4,3.4,4.8,6.8,5.0,5.3,6.3,5.2,5.1,2025-08-30,Gavin Williams,0.2277905528818063,0.1245623423217888,0.2434507228110891,Logan Gilbert,0.3449706959305899,0.0580745654441908,0.3106418476745924,0.20343340234644577,0.06274585921325049,0.24657057267351384,0.24136159666178567,0.0786772188320112,0.25557652865981906,0.20128787878787874,0.0875767288267288,0.22840401285030953,0.2290456703481336,0.07755500957495892,0.22457453065991542
2025-08-31,CLE,SEA,6.0,2.0,4.0,2.4,4.2,2.7,4.7,3.4,4.7,5.2,5.0,5.3,6.0,4.95,5.15,2025-08-31,Tanner Bibee,0.2058709963330476,0.075202291850754,0.2151257628099316,Bryce Miller,0.1863504060986898,0.1006662888556481,0.2113065842237782,0.22843340234644577,0.056495859213250496,0.24240390600684716,0.24330624631094516,0.07902551041974044,0.25616116628894325,0.21441919191919187,0.09262723387723384,0.23830967322766802,0.2289954979354431,0.07780174561566593,0.22476148264035722
2025-09-08,CLE,KCR,12.0,10.0,2.0,4.4,1.8,4.4,3.7,3.15,4.45,4.2,3.0,4.0,3.2,4.3,3.95,2025-09-08,Slade Cecconi,0.2054041077153205,0.0557324758468922,0.2068219982474002,Ryan Bergert,0.2159400025499096,0.0849690900774491,0.1675620979719172,0.28049783549783547,0.06940476190476189,0.27937530314345194,0.24525798426241652,0.07798657568467918,0.25774719726617473,0.2619369356134062,0.07388351844234195,0.23496500196689946,0.2181424995544968,0.07218877127903084,0.2090397593083111
2025-09-09,CLE,KCR,2.0,2.0,0.0,4.8,2.0,4.9,3.5,3.65,4.45,4.0,4.2,3.0,4.1,4.1,4.35,2025-09-09,Joey Cantillo,0.3205563139293116,0.1210663527505632,0.3142923395701762,Noah Cameron,0.1935972121784478,0.0777252722275605,0.2364696717417886,0.30073593073593075,0.07535714285714284,0.2672919698101186,0.2455428877937677,0.07844341066476694,0.2564015597267416,0.2755732992497698,0.07842897298779648,0.25186422677310094,0.21883721704496428,0.0726344300643406,0.20968757751724884
2025-09-11,CLE,KCR,5.0,3.0,2.0,4.0,1.8,4.8,3.2,3.65,3.9,3.6,4.4,2.8,4.0,3.85,4.35,2025-09-11,Gavin Williams,0.2262033913743336,0.1207332398103613,0.2451467974099947,Stephen Kolek,0.163415177830353,0.067791435435504,0.1657672021571024,0.3174025974025974,0.0695238095238095,0.272703225221374,0.24745664398181721,0.07781688181294148,0.2568537747161068,0.2696209182973889,0.11771468727351078,0.2388342395844271,0.2182856309014912,0.07433024022001498,0.20890862330832463
2025-09-13,CLE,CHW,4.0,3.0,1.0,4.4,1.6,4.4,1.7,3.6,3.65,4.2,3.8,5.5,4.4,5.2,5.0,2025-09-13,Parker Messick,0.1840018315018314,0.0334249084249084,0.1994565217391304,Tyler Gilbert,0.2467643467643467,0.093009768009768,0.2230503470888086,0.340021645021645,0.06357142857142854,0.2712558568003214,0.24862360965550584,0.07785492630618557,0.2565342749993714,0.30069275753486274,0.06487050960735169,0.2247820727659437,0.22549639758221582,0.08904007739221201,0.22969402084020624
2025-09-14,CLE,CHW,5.0,3.0,2.0,3.0,1.4,3.9,1.7,3.6,3.5,3.2,3.6,4.4,4.4,4.9,4.7,2025-09-14,Slade Cecconi,0.20068945788511,0.0585014076101032,0.2006475650016969,Yoendrys G\xc3\xb3mez,0.1914002810055441,0.1390892051418367,0.220553004720827,0.37002164502164503,0.06357142857142854,0.27591172724566554,0.25034536575375577,0.07732167338628018,0.25694013252461007,0.30069275753486274,0.06487050960735169,0.24005985054372153,0.22599642175951637,0.08844249298018374,0.23001673061831077
2025-09-23,CLE,DET,7.0,5.0,2.0,5.0,1.8,4.2,1.4,4.5,2.3,1.8,5.8,3.9,4.9,4.2,4.95,2025-09-23,Gavin Williams,0.2341231652827113,0.1200176904896705,0.2454904165094648,Tarik Skubal,0.3185734968753459,0.04095651610869,0.3024635363601955,0.40373410902822665,0.0607142857142857,0.319374750583035,0.25760453132249317,0.07670632362471708,0.26091357834382944,0.17692237282168627,0.09623896418862092,0.20858087378092738,0.20650350087601968,0.07789730296853256,0.2218024455587241
2025-09-24,CLE,DET,6.0,5.0,1.0,5.4,2.0,4.4,1.4,4.55,2.1,2.2,6.0,2.9,5.2,4.3,4.85,2025-09-24,Tanner Bibee,0.2097486906491351,0.0718111220731226,0.2162939603124318,Jack Flaherty,0.2756296812025712,0.0898273293912679,0.2504970333970985,0.43206744236156,0.052380952380952375,0.3733221190040876,0.26045869563654156,0.07621144411746084,0.26406897461257894,0.17586974124273894,0.09308106945177883,0.2101681753682289,0.20646181176784006,0.07803898692386248,0.22190688653652224
2025-09-25,CLE,DET,6.0,2.0,4.0,5.2,1.8,4.5,1.5,4.45,1.6,2.2,6.4,1.9,5.6,4.1,4.95,2025-09-25,Parker Messick,0.2186274836274836,0.0368034743034742,0.2397754933902557,Tyler Holton,0.1802287581699346,0.0552054154995331,0.2253921587831622,0.4184310787251963,0.052380952380952375,0.35537953527203026,0.2611200909442328,0.075722909219272,0.2632503506494447,0.1788302675585284,0.10031791155704198,0.214228004428058,0.20634103589670733,0.0783381016568315,0.2217319665231969
2025-09-26,CLE,TEX,10.0,3.0,7.0,4.4,2.6,4.4,1.8,4.15,1.75,2.0,3.6,3.1,4.0,3.85,3.9,2025-09-26,Slade Cecconi,0.2069132470515869,0.0573238845768489,0.2093671675383296,Jack Leiter,0.223891886613256,0.1094646578447031,0.2188094119756393,0.3777448042153924,0.07591036414565824,0.3123595922520872,0.26058092213716944,0.07673928634301586,0.26275312029616915,0.23808181498583975,0.05946754999386576,0.2717277509451116,0.23702190916893268,0.07125492691381359,0.2246602480259648
2025-09-27,CLE,TEX,5.0,3.0,2.0,3.4,4.0,4.4,2.3,4.2,1.9,2.8,3.4,3.0,4.0,3.95,3.95,2025-09-27,Joey Cantillo,0.3093299891108642,0.11613611623181,0.3042650471697106,Jacob Latz,0.2202544237506989,0.1073437763646741,0.2472911967768433,0.3764461029166911,0.0711484593837535,0.31413737002986497,0.26065779777381565,0.07625359465730056,0.2628482130650401,0.2242660255121555,0.07196754999386576,0.2750610842784449,0.23631290974381286,0.07159508560423249,0.22429320004267808
2025-04-26,COL,CIN,10.0,4.0,6.0,3.6,5.0,4.1,6.2,3.5,6.2,8.6,4.2,7.1,4.2,4.95,3.4,2025-04-26,Antonio Senzatela,0.077030303030303,0.0455627705627705,0.1568288474810213,Hunter Greene,0.3021437464629314,0.0543638936049801,0.2922479870161038,0.22258195734434122,0.11052272838960142,0.24631612094077032,0.19508544664829494,0.12767994798459192,0.23248687245593133,0.18225086272753613,0.10277430198829791,0.22255043751845022,0.17305561324400986,0.09295710765985911,0.20445974556735225
2025-04-28,COL,ATL,9.0,3.0,6.0,3.6,7.0,4.3,6.5,3.65,6.35,5.4,5.0,4.7,4.3,4.6,4.35,2025-04-28,Ryan Feltner,0.186111111111111,0.1099999999999999,0.2513243003029148,Bryce Elder,0.1338291855203619,0.0906617647058823,0.1713735935062771,0.2415563818967709,0.09768896879880859,0.2613962491458985,0.19794546187241477,0.12514648967977512,0.23682307753516907,0.19832107843137253,0.10993872549019608,0.22324975024975022,0.23061200010159416,0.09089183623712348,0.22532178374173184
2025-04-29,COL,ATL,10.0,2.0,8.0,3.4,6.8,4.4,6.5,3.75,6.5,5.2,4.4,5.0,4.0,4.85,4.35,2025-04-29,Germ\xc3\xa1n M\xc3\xa1rquez,0.1346245059288537,0.1069565217391304,0.1937195211218979,AJ Smith-Shawver,0.261559696342305,0.1228433402346445,0.3279537456008043,0.22706058357744316,0.09285703602569935,0.24487839200304137,0.19717850209966045,0.1227778125273462,0.23474266150074977,0.20665441176470586,0.0932720588235294,0.22868453285844587,0.23130442866939438,0.09062188970484523,0.22814414239691844
2025-04-30,COL,ATL,3.0,2.0,1.0,3.4,7.2,3.9,6.5,3.65,6.55,6.0,2.8,5.7,3.9,5.0,4.15,2025-04-30,Chase Dollander,0.2339015151515151,0.0776515151515151,0.194229773849339,Chris Sale,0.2728841207102076,0.0681818181818181,0.2565903250400663,0.20950105976791936,0.08482132173998506,0.2269572450496363,0.19253441582036182,0.12069926726778253,0.23047950459076222,0.21370569381598795,0.1009643665158371,0.2525027146766277,0.2286334536754895,0.09014951685030151,0.23124888983777706
2025-05-08,COL,DET,12.0,2.0,10.0,2.4,4.6,2.9,5.9,3.15,5.75,8.2,3.0,6.7,3.4,5.3,3.05,2025-05-08,Kyle Freeland,0.1820392123840399,0.0428937728937728,0.2016240137747055,Casey Mize,0.1895502645502645,0.063910934744268,0.2394055159933637,0.1927349968834354,0.07180544872411206,0.229074180954433,0.19441388957262076,0.11171580533874054,0.23151181774121754,0.24483469416421358,0.07094950206163018,0.2069234034521552,0.22154088939300048,0.0681839192603876,0.23031575040661456
2025-05-09,COL,SDP,22.0,9.0,13.0,1.8,8.0,2.1,6.6,3.3,6.4,4.4,4.0,3.7,3.6,3.7,3.25,2025-05-09,Antonio Senzatela,0.1047110860154338,0.0449671963647118,0.1585574018803832,Randy V\xc3\xa1squez,0.0848902994865727,0.1642220098741837,0.1496289553310426,0.19005181050459682,0.06534755878796125,0.2085613604416125,0.19581204258381535,0.10898461646577139,0.22918477561799167,0.23235645428740054,0.07256469979296065,0.22083227381056236,0.27382550697384456,0.07052996577165374,0.26657580481735843
2025-05-11,COL,SDP,12.0,9.0,3.0,3.0,12.8,2.6,8.6,3.5,7.55,9.0,4.8,7.0,4.0,5.0,3.7,2025-05-11,Germ\xc3\xa1n M\xc3\xa1rquez,0.1240077576462015,0.0816885208189555,0.1749074401875449,Nick Pivetta,0.2785847736223675,0.0786602870813396,0.2416589896114714,0.19888202440834019,0.07230611493769387,0.22112749800775008,0.19416200776599732,0.10829076667032389,0.22808155418486167,0.21761961218213738,0.06782785768769749,0.2182006948631939,0.2676812311953313,0.07003278835986804,0.26428788041453705
2025-05-19,COL,PHI,12.0,3.0,9.0,3.6,6.6,3.8,8.3,3.1,7.2,4.6,4.2,4.2,3.1,4.55,3.45,2025-05-19,Kyle Freeland,0.1743902868807083,0.043097273097273,0.2026392014617201,Cristopher S\xc3\xa1nchez,0.2749738305173087,0.1009434587151978,0.284434239234262,0.13907398157398157,0.09408540533540533,0.20824309470861194,0.18606222422647622,0.10644264751444603,0.22794227321801594,0.31613708513708516,0.1018131313131313,0.3094684694390576,0.27425300676659187,0.08033288661955255,0.2352988062292976
2025-05-20,COL,PHI,11.0,4.0,7.0,4.0,7.6,4.0,8.1,3.05,7.35,6.0,4.6,4.4,3.4,4.8,3.35,2025-05-20,Antonio Senzatela,0.103664178012004,0.0616411527281092,0.1559262396218917,Jes\xc3\xbas Luzardo,0.2615039618238019,0.0699622635371427,0.2878634899056501,0.13614357864357865,0.08639309764309763,0.2167670032325205,0.18311662472419052,0.1041779103332876,0.2265426963870403,0.30756565656565654,0.1018131313131313,0.30747416744475564,0.27267315555879207,0.07862367626594505,0.2342325589730399
2025-05-22,COL,PHI,2.0,0.0,2.0,5.2,7.6,4.0,6.3,3.3,7.45,6.2,2.8,5.3,3.6,5.55,3.35,2025-05-22,Germ\xc3\xa1n M\xc3\xa1rquez,0.1103898721086618,0.0831314757884806,0.1594471435538916,Ranger Suarez,0.2408730158730158,0.0591269841269841,0.1999748617395675,0.12073656735421438,0.07874009704892057,0.22725963872515598,0.17917722400849057,0.10226001776799669,0.22791381633594213,0.3080091673032849,0.08547326203208556,0.3111778711484593,0.26900376591327796,0.07661502681451393,0.23449819904519095
2025-05-24,COL,NYY,14.0,1.0,13.0,3.0,5.8,3.3,6.2,3.25,7.2,4.0,2.0,5.4,2.4,5.9,3.3,2025-05-24,Kyle Freeland,0.1819512581926374,0.0471208791208791,0.2112214351617019,Max Fried,0.2419333239363224,0.0610881781331556,0.1971836886296197,0.14708577370342074,0.11302581133463485,0.25119903266454985,0.18447559617622483,0.10497251006841138,0.231948885530928,0.28397465279818224,0.05957356369121072,0.25918147995766355,0.27019751291991834,0.10550808943005065,0.26994832183797
2025-05-25,COL,NYY,9.0,4.0,5.0,2.6,6.6,3.3,7.1,3.1,7.7,5.0,1.8,5.5,2.3,6.4,3.15,2025-05-25,Antonio Senzatela,0.1036425877970105,0.0589253133173672,0.1546193299454168,Will Warren,0.2804078805337386,0.0973051124652955,0.2439900750724064,0.15799486461251167,0.10284399315281664,0.2426276040931213,0.18477414240360515,0.1044922694901727,0.23133448388610242,0.2960625648860943,0.05188125599890303,0.27333532611150974,0.27330288381504597,0.10343930336279475,0.273704991243862
2025-06-06,COL,NYM,6.0,2.0,4.0,3.4,4.2,2.6,4.8,2.95,5.5,5.6,2.8,4.8,3.1,3.65,3.15,2025-06-06,Antonio Senzatela,0.1106112474065997,0.0608468520068969,0.1478389886595082,Kodai Senga,0.2366015484103688,0.1118741942706993,0.2524741688354889,0.2143668831168831,0.06876262626262625,0.2713423247610085,0.18954716509929515,0.09872942380831036,0.23778736144657117,0.2901819014319014,0.09946428571428571,0.290789072039072,0.25486608243886183,0.08904134517363896,0.251136276785798
2025-06-07,COL,NYM,9.0,1.0,8.0,3.4,3.4,2.7,3.9,3.0,5.5,5.6,2.8,4.7,3.1,3.55,3.15,2025-06-07,Germ\xc3\xa1n M\xc3\xa1rquez,0.1372795835686758,0.0783742478670014,0.1992877386177997,Clay Holmes,0.2112157809983896,0.0825060386473429,0.2071840302897471,0.21244380619380615,0.07658313908313907,0.2740184765225261,0.19020148360199252,0.09919729213206938,0.23908350562114059,0.2854199966699967,0.07922619047619048,0.30190018315018313,0.2534879665674213,0.08895215748863418,0.2524206057943532
2025-06-10,COL,SFG,11.0,5.0,6.0,2.8,5.8,2.8,5.2,3.15,5.75,4.0,2.8,2.7,2.5,3.55,3.0,2025-06-10,Carson Palmquist,0.162087912087912,0.11114324272219,0.135576923076923,Kyle Harrison,0.2919295254333617,0.0617667356797791,0.3020024551173852,0.19678915723744944,0.08503243277911207,0.2738840679203756,0.18963303042095325,0.10043641208806994,0.2392705143811849,0.22562941444520387,0.08447159565580616,0.18696260479092794,0.25857926985251256,0.07151311390656738,0.24744179084838575
2025-06-11,COL,SFG,17.0,7.0,10.0,3.2,6.6,3.2,5.6,2.7,5.45,4.4,3.4,3.2,2.7,3.35,2.95,2025-06-11,Kyle Freeland,0.1753917147747155,0.04240067624683,0.1977078166377177,Robbie Ray,0.2840676999205427,0.1036339833831472,0.2739573978434347,0.21670257715086935,0.07204541979209908,0.2556300996664073,0.1925318084593082,0.10107915043305589,0.2396134575254815,0.2151030986557302,0.08973475355054301,0.19325048357880673,0.257862061582915,0.0743734837697058,0.2478531074028875
2025-06-12,COL,SFG,15.0,8.0,7.0,4.0,8.2,3.7,6.2,3.05,5.9,5.2,3.8,4.1,3.1,3.5,2.9,2025-06-12,Antonio Senzatela,0.1101998559056871,0.072360656913249,0.1523038628350211,Hayden Birdsong,0.2350777828409407,0.0949543049543049,0.2549994691220315,0.2076800207598919,0.09309805137104646,0.2313876754239831,0.19044374533226435,0.10271269021449496,0.23739398936702794,0.21986500341763496,0.09449665831244777,0.20467905500737812,0.2547702525540346,0.07398003617925494,0.2458888810335173
2025-06-21,COL,ARI,8.0,3.0,5.0,7.4,5.2,6.2,6.5,4.5,5.85,6.0,6.8,6.0,5.1,5.55,5.9,2025-06-21,Carson Palmquist,0.1398046398046397,0.1217145427671743,0.1556623931623931,Merrill Kelly,0.2457980736386533,0.0635208607817303,0.2270365562696983,0.184959999001761,0.09090696869873068,0.22282760551729736,0.1915355177412099,0.0997407054680131,0.23740479278756252,0.20701690821256036,0.06615338164251208,0.23450840463599737,0.22809181511186266,0.08132338170828769,0.2398561518063002
2025-06-22,COL,ARI,6.0,4.0,2.0,6.0,6.0,6.0,6.4,4.6,6.0,6.6,5.8,6.3,5.0,5.55,6.05,2025-06-22,Antonio Senzatela,0.1010620973404844,0.0805697121819586,0.1448908252678291,Brandon Pfaadt,0.1601724584972666,0.053705001102273,0.1913184006972826,0.20350636491654797,0.07937814664359283,0.2321577490579672,0.19214018943411937,0.09968223001048168,0.236713958158059,0.22972222222222222,0.06180555555555556,0.24599299847353243,0.23093856023465978,0.08025333721212602,0.24233924755320982
2025-06-24,COL,LAD,16.0,7.0,9.0,5.6,5.6,5.7,5.6,4.7,5.9,5.8,5.4,6.1,5.1,5.55,4.95,2025-06-24,Germ\xc3\xa1n M\xc3\xa1rquez,0.1456014446327184,0.0714295570237599,0.1883248283254625,Jack Dreyer,0.253544061302682,0.0832375478927203,0.2360966225570687,0.18974118273031312,0.06601782275695316,0.23587825722493636,0.19263543355380028,0.09939044599654061,0.23854211696151445,0.223065888360006,0.07926018426018423,0.22262965376162044,0.23940984253650222,0.0643938629104571,0.2304729708451888
2025-06-25,COL,LAD,9.0,1.0,8.0,5.0,6.2,5.6,5.8,4.95,5.95,6.8,6.2,6.8,5.2,5.6,5.05,2025-06-25,Chase Dollander,0.1845419978572152,0.1029354904354903,0.2108513665578882,Yoshinobu Yamamoto,0.2809954693339786,0.0909127880401172,0.249729678323223,0.19719459887938146,0.05649401323314364,0.246513177859857,0.1929487990068892,0.09813233908519199,0.23903877089589753,0.22260149207517627,0.08715492110228948,0.22327067940264608,0.24005168666052817,0.0645804463144391,0.23080550014730505
2025-07-01,COL,HOU,11.0,5.0,6.0,3.0,7.0,4.3,6.3,4.6,6.6,3.2,3.4,5.0,4.0,4.7,3.4,2025-07-01,Chase Dollander,0.1738429630570098,0.1020103827796135,0.2042474152842045,Colton Gordon,0.2222510636769789,0.0160984848484848,0.1799589525520095,0.174486795846501,0.05294587406580944,0.2661965443367017,0.19131653626104042,0.09602707256378006,0.24065984963857587,0.3907366522366522,0.06910894660894659,0.32751277357447955,0.30154223513600303,0.08651218484594816,0.30320334951688765
2025-07-02,COL,HOU,8.0,3.0,5.0,2.6,6.4,3.8,6.3,4.75,6.7,4.0,4.4,4.3,4.2,5.0,3.5,2025-07-02,Austin Gomber,0.0916179337231968,0.0488828909881541,0.1560251342860038,Hunter Brown,0.3156534588599806,0.0756237874444396,0.2620934171561551,0.18907012917983435,0.06127920739914276,0.26200606814622557,0.19298732210894978,0.09587773445518658,0.24062967773806604,0.39559776334776336,0.05799783549783548,0.3360842021459081,0.3032002566587347,0.08545715820148538,0.30333850030675136
2025-07-03,COL,HOU,13.0,7.0,6.0,3.0,5.8,3.8,6.7,4.85,6.55,4.6,4.8,3.7,4.1,4.85,3.55,2025-07-03,Kyle Freeland,0.1716886924872931,0.0516043956043955,0.1911758342484152,Brandon Walter,0.2473671497584541,0.0177777777777777,0.2141199526023151,0.1952486188823515,0.0621945392069231,0.2679989125111629,0.19196727368785427,0.09537487218183985,0.2409622485693765,0.38423412698412696,0.05345238095238094,0.3397205657822718,0.30255928971103907,0.08442755388580483,0.30450309668859776
2025-07-04,COL,CHW,5.0,2.0,3.0,4.2,6.4,3.7,5.9,4.95,6.2,2.6,3.8,2.6,4.1,2.8,4.7,2025-07-04,Antonio Senzatela,0.1078839234236767,0.0809508664910839,0.1495166724499421,Adrian Houser,0.1760459318887247,0.0827059898210037,0.19073902288188,0.18320380095518063,0.05855308262429004,0.2738202841220082,0.19111301834458616,0.09495474180517231,0.24097905309644393,0.22016822187100824,0.07231599454896667,0.2460431870353239,0.20958403279457438,0.09386578920377019,0.22643951711558521
2025-07-05,COL,CHW,13.0,3.0,10.0,3.4,5.0,3.6,5.7,4.8,6.05,3.0,4.2,2.5,4.1,2.7,4.45,2025-07-05,Germ\xc3\xa1n M\xc3\xa1rquez,0.158647569557517,0.0710474701011785,0.1869134958654621,Jonathan Cannon,0.1960940828431359,0.0907908643265179,0.1867600839546254,0.18869830644968616,0.07228934636055377,0.272252886002886,0.19218803274651455,0.09631077558336028,0.24237288617076125,0.247945999648786,0.06120488343785556,0.24288113169935555,0.21288421424009057,0.09279913250827279,0.2269655143384453
2025-07-06,COL,CHW,10.0,6.0,4.0,4.0,6.0,3.5,6.5,4.6,6.05,4.0,4.4,3.5,3.4,3.0,4.5,2025-07-06,Chase Dollander,0.1658898942672234,0.1036524982953554,0.1993108238449853,Shane Smith,0.2168659251217889,0.1034460767112368,0.2402048227425652,0.18460623483843294,0.09581875812525965,0.26755203130203126,0.19201143224638847,0.09787238616834566,0.24224250802018224,0.24458465511097088,0.059524211168947995,0.24724894779130957,0.21209739321331586,0.09255901384445592,0.2279023605547123
2025-07-18,COL,MIN,10.0,6.0,4.0,2.4,6.0,3.3,6.2,3.55,6.45,4.0,3.4,4.1,3.1,3.85,4.15,2025-07-18,Kyle Freeland,0.1713601782029332,0.0551732666310671,0.1881038658149666,Chris Paddack,0.1635944166117306,0.0593430652834814,0.1725023477368678,0.19061624649859943,0.09855742296918764,0.27532186349119986,0.19182654168897353,0.09570638788885523,0.2445413751237331,0.212044316594776,0.045380033733923665,0.252682339690504,0.24710727323001686,0.06894238010028197,0.25796787626424844
2025-07-19,COL,MIN,16.0,10.0,6.0,3.2,4.8,3.2,6.0,3.45,5.95,4.0,4.2,4.3,3.6,4.05,4.0,2025-07-19,Antonio Senzatela,0.1114898755082817,0.0767423436673437,0.1525280753499482,Zebby Matthews,0.3109632741985683,0.1029800809212573,0.2389639639639639,0.20962077138547724,0.09267507002801116,0.28569482386416023,0.19302103412199764,0.09471972409618662,0.24558892637146626,0.22621098326144265,0.052046700400590326,0.2535537993854931,0.2473110169116486,0.06891867475201516,0.2572097232321749
2025-07-20,COL,MIN,8.0,1.0,7.0,4.8,4.0,4.0,6.3,3.8,6.0,5.0,4.6,4.8,4.2,3.95,4.05,2025-07-20,Germ\xc3\xa1n M\xc3\xa1rquez,0.1624196947220615,0.0695941973863539,0.1861606180380811,Joe Ryan,0.281146349535486,0.0538444096350876,0.2385209310441508,0.21438267614738202,0.09624649859943975,0.29280944837008904,0.19445279227721532,0.09630421670745003,0.24751947415028447,0.22325045694565318,0.03954670040059033,0.24849885433054805,0.24638919959134406,0.068208172950448,0.2572090338910479
2025-07-21,COL,STL,8.0,2.0,6.0,4.4,5.0,3.8,6.0,3.65,6.25,3.6,6.6,3.7,6.1,3.45,5.4,2025-07-21,Austin Gomber,0.1144417229943545,0.0548346633872949,0.1409001640422267,Michael McGreevy,0.1882711586658955,0.037562656641604,0.1923902498180935,0.2127356173238526,0.07671708683473387,0.289732525293166,0.1941047842744152,0.0957354872457586,0.24703947946189775,0.23239925107572165,0.07195854798795973,0.23988471498849556,0.20624479742792198,0.07419062990830459,0.2231204961178701
2025-07-22,COL,STL,12.0,8.0,4.0,4.2,5.4,3.4,6.2,3.4,6.1,3.6,5.6,4.3,5.2,3.75,5.1,2025-07-22,Bradley Blalock,0.1115737332842595,0.0470310391363022,0.1381275565180093,Erick Fedde,0.1231442653747068,0.1152971160968013,0.1471437594217453,0.22606895065718594,0.06838375350140054,0.28556585862649936,0.19549706976500436,0.09544479903996769,0.24665241800061213,0.26475219225219226,0.0815173715173715,0.2756828370542232,0.20921202169632683,0.07470385586882677,0.22675900962509704
2025-07-23,COL,STL,6.0,6.0,0.0,5.4,5.4,3.9,5.7,3.75,5.9,3.4,6.4,4.3,5.8,3.95,5.35,2025-07-23,Tanner Gordon,0.1346073517126148,0.0396825396825396,0.141812865497076,Andre Pallante,0.1501738040754058,0.0778701584880074,0.2155838947092326,0.20253953889248005,0.08603081232492994,0.28578515687211337,0.19414386639517028,0.09624703457655508,0.2470981036309691,0.2870348009478444,0.08206084977824105,0.28591539519375814,0.21059816234892878,0.07526116513622547,0.22751467534279954
2025-08-01,COL,PIT,33.0,17.0,16.0,2.6,8.8,3.6,6.6,3.8,6.45,4.6,1.4,4.1,3.9,3.1,3.95,2025-08-01,Antonio Senzatela,0.1138850946135273,0.0762775821921812,0.1555026094843039,Andrew Heaney,0.1677586268001564,0.0760280461181691,0.1736647936744863,0.1891033203795352,0.09871933437406581,0.21359618154282106,0.19395747080520792,0.09652783871361816,0.2443784285384823,0.32492105933282406,0.043809523809523784,0.27546465974013423,0.21859906227756293,0.07634199775522406,0.23418793501487908
2025-08-02,COL,PIT,13.0,8.0,5.0,6.0,8.4,5.2,7.5,4.5,6.75,6.6,4.6,5.6,4.6,3.65,4.8,2025-08-02,Austin Gomber,0.124521768436242,0.058983140397614,0.1426069412134882,Braxton Ashcraft,0.2117475117475117,0.1155844155844155,0.222058380104357,0.19403355293767474,0.11099840414150766,0.22941707706520914,0.19409824928939312,0.0971357548508732,0.24542274529706393,0.3013916475681181,0.05557422969187673,0.26016628722657187,0.21821256251570728,0.0767209432696122,0.23378137981035285
2025-08-03,COL,PIT,14.0,5.0,9.0,7.4,8.4,5.8,7.4,4.6,6.8,7.2,6.2,5.7,4.4,3.9,4.9,2025-08-03,Bradley Blalock,0.120138633296528,0.0407080619609223,0.1407374471773456,Mitch Keller,0.1843043247193444,0.0650495712748676,0.1727286919462867,0.1794502196043414,0.12308173747484101,0.2352504103985425,0.19403826520494408,0.09795724798859252,0.24561587185496944,0.2722249809014515,0.0472408963585434,0.2338259608862455,0.21736517558374632,0.07602348014897935,0.2327580229140053
2025-08-04,COL,TOR,16.0,1.0,15.0,6.8,9.0,5.5,7.9,4.7,6.8,4.4,7.6,5.3,6.6,5.05,5.15,2025-08-04,Tanner Gordon,0.1268170426065162,0.0698621553884711,0.1283200425305688,Eric Lauer,0.2499833096020068,0.0599538917335627,0.193388767672294,0.19356786666316494,0.10543467865131158,0.24069912834726037,0.19409197452742205,0.09707475025896557,0.2465216193711755,0.21954495452947462,0.05985072718818847,0.2536721932282655,0.2595392195937876,0.07688019610509944,0.2790255723203288
2025-08-06,COL,TOR,21.0,1.0,20.0,7.0,11.0,4.8,9.9,4.75,7.05,8.2,4.8,6.1,6.5,5.9,5.0,2025-08-06,Kyle Freeland,0.159425382241724,0.0546665074056378,0.183390222602553,Kevin Gausman,0.2405183110243079,0.0721276009873367,0.2469297879451973,0.17052275388121002,0.119269265117477,0.2301697462066251,0.19259962871437436,0.0965809127735118,0.24509686798448507,0.20159623658075665,0.08523534257280385,0.2581099922713277,0.2589670065644769,0.07775814138260782,0.27941348093990837
2025-08-14,COL,ARI,10.0,2.0,8.0,4.4,5.4,3.4,8.7,4.6,8.05,6.8,3.6,5.6,3.4,4.15,4.15,2025-08-14,Bradley Blalock,0.1209096183924558,0.0604247426444222,0.1523121799640987,Eduardo Rodr\xc3\xadguez,0.2184877079442296,0.0841145517123777,0.2060032385184226,0.22118754181834674,0.04615924709964957,0.2168495578840406,0.19630070492272764,0.09364074791451396,0.24321867902405866,0.1718380008119922,0.08310853372626327,0.24579680054070954,0.21799174074879157,0.07958026982044554,0.23719712814368532
2025-08-15,COL,ARI,7.0,4.0,3.0,3.8,5.8,3.1,8.6,4.3,8.25,7.2,3.8,6.3,3.1,4.05,4.2,2025-08-15,Tanner Gordon,0.130266141544337,0.0499015395631936,0.1452183331802592,Brandon Pfaadt,0.1790870711650762,0.0489667523400472,0.1888321336641982,0.22499706562787058,0.050921151861554326,0.21644469958444548,0.1966461142877897,0.0932604032839729,0.24403592352103254,0.172631651605643,0.07596567658340612,0.2304528851967942,0.21802641682644264,0.07892797252683532,0.23642384957576285
2025-08-16,COL,ARI,17.0,10.0,7.0,3.4,3.8,3.4,7.4,4.2,8.4,6.6,3.6,5.9,3.3,3.95,4.25,2025-08-16,Chase Dollander,0.1653195613739806,0.1120060046583215,0.2001498033032411,Ryne Nelson,0.2238746423406539,0.0684586108168016,0.1821620197655195,0.27510695573776067,0.05004203098243345,0.2354923186320645,0.20007839708366532,0.09312649077281802,0.2447678695031006,0.1648394438134352,0.10453710515483469,0.21681652156043052,0.21857672470357958,0.08060916206494469,0.23745809765755635
2025-08-18,COL,LAD,7.0,4.0,3.0,5.6,5.6,4.5,5.6,4.7,7.85,4.6,3.8,5.6,3.7,4.4,3.25,2025-08-18,Kyle Freeland,0.1555718963140252,0.0567001919175832,0.1861628286285835,Yoshinobu Yamamoto,0.2770912091860708,0.0906342250561618,0.2536398975837292,0.31183063994828697,0.050528873087696616,0.23932044142570455,0.2011658422919933,0.09259219253454677,0.24334965639560954,0.2280575487167779,0.07415972972261005,0.22776195685548628,0.2427104110405609,0.07580940975257182,0.23846559647171442
2025-08-19,COL,LAD,15.0,4.0,11.0,5.2,5.2,4.8,5.3,4.85,7.75,4.4,3.2,4.7,3.5,4.3,3.35,2025-08-19,Austin Gomber,0.1289846809224799,0.0611549349109157,0.1416992533652588,Jack Dreyer,0.2119128603822481,0.0598315516682863,0.20227521411495,0.31321952883717585,0.05608442864325216,0.2434871080923712,0.20266762666476848,0.09229589943871484,0.24440285914444468,0.20736789354436413,0.06726317799847212,0.21988316897669846,0.2407371556662474,0.07519307308791676,0.2370688572050067
2025-08-20,COL,LAD,11.0,8.0,3.0,5.6,5.8,4.7,5.8,4.65,8.0,5.6,2.8,5.5,3.4,4.75,3.35,2025-08-20,Tanner Gordon,0.1258876357560567,0.0496162280701754,0.1423099439717512,Shohei Ohtani,0.3252550568340042,0.0413179413179412,0.2938491609576023,0.30490309881689187,0.06054690328828257,0.2206756602809234,0.2013328261247361,0.09238441036270972,0.2430042794542651,0.1914588026352732,0.06726317799847212,0.21046287912162595,0.2395288648214316,0.07458667733720775,0.23650109760389107
2025-08-21,COL,LAD,14.0,5.0,9.0,6.4,5.8,4.9,4.8,4.85,7.65,5.6,4.0,5.3,4.1,4.75,3.55,2025-08-21,Chase Dollander,0.1709401498353577,0.110532505663075,0.2043076580108935,Clayton Kershaw,0.1569415688980906,0.0696188942565753,0.197407803083282,0.31323643215022523,0.04804690328828258,0.23008742498680576,0.20237220019724475,0.09165697406064113,0.24340674691571831,0.1814588026352732,0.059763177998472104,0.21797921899090697,0.23881263390286014,0.0743899839185101,0.23743261823482464
2025-08-29,COL,CHC,18.0,7.0,11.0,2.0,3.6,3.1,5.3,3.8,5.45,4.8,5.0,4.2,3.9,3.4,3.5,2025-08-29,Germ\xc3\xa1n M\xc3\xa1rquez,0.1605487099859584,0.0786144875170362,0.188852587136177,Drew Pomeranz,0.271590909090909,0.0666666666666666,0.225054932441296,0.20695060686439995,0.09651809875947803,0.23641836921248682,0.20159754114068038,0.09288517061103417,0.24283239615806307,0.26328346490111193,0.056199813258636766,0.26118295554110704,0.21741059893603465,0.06920741128498809,0.2077929136940774
2025-08-31,COL,CHC,11.0,6.0,5.0,3.8,4.8,3.3,5.4,4.0,5.6,4.6,6.2,4.7,4.4,3.7,3.7,2025-08-31,Tanner Gordon,0.1324408778356146,0.0553981106612685,0.1338479551774009,Matthew Boyd,0.2295791951305945,0.0591336350969338,0.2072939588979667,0.18413725163725161,0.09537962037962036,0.22164564193975958,0.2000684456477152,0.09260464639336491,0.24143379140172794,0.272331083948731,0.03953314659197011,0.2789762482968058,0.21878542297465814,0.06852983087490654,0.2101827781493829
2025-09-01,COL,SFG,10.0,2.0,8.0,3.8,5.6,3.1,5.6,4.0,5.2,9.0,5.4,6.9,4.6,4.6,5.0,2025-09-01,Chase Dollander,0.1804064040860981,0.1126274821836666,0.2113103606764135,Kai-Wei Teng,0.1699346405228758,0.15359477124183,0.1842932429888951,0.1758039183039183,0.1037129537129537,0.2104156954156954,0.20043290954809684,0.09253697257540847,0.24099864096681153,0.2569888281652987,0.055053357375338785,0.22001363913863908,0.23177737335743556,0.07038774285592897,0.2254759792518211
2025-09-02,COL,SFG,11.0,4.0,7.0,4.2,6.4,2.8,5.5,4.0,5.45,8.2,5.2,7.3,4.0,5.0,4.7,2025-09-02,Kyle Freeland,0.1672451490982225,0.0554517244430287,0.1839717716630645,Logan Webb,0.2603317522652498,0.0516281410616385,0.2303837934093161,0.17867473170104747,0.09079429342587234,0.20098047946885153,0.20050605017303433,0.0922478030563647,0.24043191674005504,0.2547263847263847,0.04917100443416231,0.23509984603519082,0.23120853233910507,0.06987396371099518,0.22584376092856343
2025-09-03,COL,SFG,18.0,8.0,10.0,4.4,7.0,3.2,5.3,4.05,5.8,8.8,5.4,7.6,3.9,5.3,4.7,2025-09-03,Germ\xc3\xa1n M\xc3\xa1rquez,0.1529035333199604,0.0808233214447964,0.1815602870684679,Robbie Ray,0.242714408449732,0.0980969005300301,0.2505682062702609,0.18756362058993634,0.09329429342587235,0.19964232395348086,0.20050240952430748,0.0917640059120743,0.24025031930608143,0.2413930513930514,0.04631386157701945,0.2429569888923337,0.23098238355403908,0.06985072242806528,0.226018806139226
2025-09-05,COL,SDP,3.0,3.0,0.0,4.6,6.8,3.9,5.8,4.15,6.05,4.8,5.4,4.6,6.1,4.7,4.4,2025-09-05,Kyle Freeland,0.1608126433636755,0.0533189658106045,0.1833061907016646,Nick Pivetta,0.2676834362600105,0.0658201480758476,0.2246835290706383,0.17901661204292782,0.09671309684467577,0.2074201017312586,0.20065755104357827,0.09190219952063886,0.24067710273960943,0.20794255235177683,0.09112859720048634,0.25756414467411903,0.2535314694700394,0.08175453438104908,0.24894262807297343
2025-09-07,COL,SDP,9.0,1.0,8.0,5.0,7.0,4.4,6.3,4.4,6.0,4.0,5.6,4.8,5.5,4.55,4.75,2025-09-07,Antonio Senzatela,0.1101819763978562,0.0754648321650852,0.1569299290698783,Dylan Cease,0.3025688399549166,0.0983776243527288,0.3204652177005158,0.17382807508968495,0.10079303651285074,0.23682486363602054,0.19948838918132408,0.09298974103526117,0.24110183838177454,0.23736832265990007,0.10822243473550035,0.2811736882836627,0.25455244847761027,0.08290804103274838,0.25122236065084397
2025-09-16,COL,MIA,11.0,5.0,6.0,2.6,6.6,2.8,6.1,3.35,5.95,5.2,2.8,4.8,5.6,4.6,6.1,2025-09-16,Kyle Freeland,0.1694398407372277,0.0507859784567858,0.187726974855648,Eury P\xc3\xa9rez,0.2326882776507854,0.0942731450807907,0.241403948424532,0.16289614448226314,0.07856119554373366,0.24006230370941797,0.19814012393949063,0.09101279925551185,0.24063611613759667,0.24236560937372292,0.08978774061938359,0.23055120416331096,0.22653088086512851,0.08411212634200597,0.23052919050907272
2025-09-17,COL,MIA,12.0,4.0,8.0,3.6,6.0,3.0,6.7,3.6,6.05,5.4,2.4,4.9,5.1,4.65,6.2,2025-09-17,McCade Brown,0.131099456099456,0.1199883449883449,0.1520939445387662,Ryan Weathers,0.2141213075423601,0.0604344729344729,0.2650824719973656,0.17828075986687852,0.05356119554373366,0.23887182751894173,0.1978467863892036,0.09041006548560779,0.24061928913069364,0.23835491418655716,0.08711394382793976,0.2393747335750757,0.2259337467955822,0.08415713935238403,0.2306581362672908
2025-09-18,COL,MIA,16.0,7.0,9.0,4.4,7.2,2.6,6.5,3.5,6.4,5.4,2.6,5.4,4.6,4.95,6.35,2025-09-18,Tanner Gordon,0.1850583065157963,0.0537555674195349,0.149167863902889,Sandy Alcantara,0.1886986983632098,0.0812673573424816,0.1869933911585951,0.16244365579448033,0.060122281516584344,0.21511056625768044,0.1970512356690317,0.09082740817219033,0.2393918862683473,0.22914438787076766,0.08404376838934327,0.2577348048763234,0.22548612173009877,0.08394973434971945,0.23073554486042863
2025-09-19,COL,LAA,13.0,7.0,6.0,5.0,8.6,3.2,6.6,3.85,6.65,2.2,7.8,3.5,6.1,3.4,6.35,2025-09-19,Bradley Blalock,0.1007580153270465,0.0774372855370185,0.1455776102875425,Mitch Farris,0.219298245614035,0.1108452950558213,0.2254429237293374,0.15531721901287115,0.04632917806830848,0.20570506492671328,0.19619904894352608,0.09023376498152241,0.23867974833593128,0.23238549005067358,0.06973685861783746,0.23661201144251992,0.23520107807331395,0.08995242314276165,0.25473522815795646
2025-09-20,COL,LAA,3.0,0.0,3.0,5.8,7.6,3.8,6.9,4.05,6.75,2.8,8.2,3.7,6.5,3.55,5.7,2025-09-20,Germ\xc3\xa1n M\xc3\xa1rquez,0.1410506926650663,0.0822086439037502,0.1736768284964867,Kyle Hendricks,0.1540405313407898,0.0660761438126006,0.1574427793705119,0.18484102853668066,0.03966251140164182,0.21260161665085123,0.19770796049955142,0.08964783144268136,0.23914510599340058,0.23946241312759664,0.07342916631014515,0.26485876468927316,0.23517229984406662,0.08986781699847798,0.2560959456003445
2025-09-21,COL,LAA,4.0,3.0,1.0,4.6,6.4,3.6,6.5,3.7,6.35,3.0,6.0,3.7,5.3,3.7,5.6,2025-09-21,Kyle Freeland,0.1648742268165315,0.0503118770285186,0.186867103228709,Caden Dana,0.2394444444444444,0.1489682539682539,0.2469086469086468,0.20453799823365038,0.04875342049255091,0.23000357743516492,0.19877846632624052,0.08965596860052917,0.23948395477193782,0.21862907979426333,0.08592916631014515,0.28332030315081164,0.23446151081281458,0.0900944762436491,0.25692510327140927
2025-04-22,DET,SDP,2.0,0.0,2.0,4.6,2.8,4.4,3.1,4.7,3.15,3.4,3.8,4.5,2.4,4.45,2.95,2025-04-22,Jack Flaherty,0.2862554112554112,0.1033549783549783,0.2688145994832041,Nick Pivetta,0.2684324447482342,0.0608373205741626,0.2488744097649372,0.17857546048722517,0.07957070707070706,0.16829993275173158,0.1984619598480818,0.06319388722134717,0.2307576999027666,0.29030344655344653,0.06960123210123208,0.2647178895075108,0.2868521986035355,0.0792228092762852,0.2861527201030285
2025-04-23,DET,SDP,6.0,6.0,0.0,4.4,2.2,3.7,2.7,4.55,2.9,3.0,3.4,4.5,2.3,4.5,2.95,2025-04-23,Reese Olson,0.2014860139860139,0.0981643356643356,0.2405700234647602,Kyle Hart,0.1252631578947368,0.1381578947368421,0.1428571428571428,0.17857546048722517,0.09623737373737372,0.19295510516552467,0.20060937818774505,0.0675052530315688,0.23572612907348464,0.2831605894105894,0.0553155178155178,0.2562779918093011,0.2805915440058662,0.07577833930775105,0.2813839317609531
2025-04-26,DET,BAL,7.0,4.0,3.0,4.4,2.0,3.9,2.7,4.4,2.6,3.2,8.2,4.2,6.2,3.7,5.4,2025-04-26,Casey Mize,0.1965277777777777,0.0780092592592592,0.2377349664465252,Charlie Morton,0.1911787439613526,0.1379468599033816,0.2004106579106578,0.2185754604872252,0.08623737373737372,0.21462177183219136,0.20858500306023522,0.06480504291030606,0.23829708391054524,0.19529743927570015,0.08840542549238198,0.23686259617083785,0.21592722588591817,0.11305201259127594,0.22948539765791817
2025-04-27,DET,BAL,7.0,7.0,0.0,4.4,2.2,3.9,2.6,4.6,2.65,2.0,4.4,3.9,6.2,3.5,5.5,2025-04-27,Tarik Skubal,0.2435098814229249,0.0417865612648221,0.2828278333589851,Dean Kremer,0.1444150052845704,0.0352484472049689,0.1474578561535083,0.23783715639365793,0.08674906964380648,0.2140808658146119,0.21055628938325874,0.0704822522073984,0.2345645959713957,0.22348561131871086,0.11365273732033898,0.2434070385705434,0.2195821208343132,0.1156046700180843,0.22673882124624908
2025-05-09,DET,TEX,3.0,2.0,1.0,9.0,2.0,7.8,3.2,5.85,2.9,3.8,3.0,3.7,4.2,3.25,3.6,2025-05-09,Tarik Skubal,0.2966803796617461,0.0298475437605872,0.3076733224715275,Patrick Corbin,0.1583436853002069,0.0746344121172496,0.1996855422306111,0.269954311389094,0.08016002837741967,0.21568408721283894,0.23021577081250763,0.07356658379692221,0.23354474599924888,0.19181968031968027,0.0830613553113553,0.19821847524883576,0.22961890070729613,0.06985251575541956,0.21367876537252897
2025-05-10,DET,TEX,13.0,3.0,10.0,7.6,2.0,7.3,3.3,5.95,2.7,3.8,3.0,3.7,4.2,3.05,3.55,2025-05-10,Jack Flaherty,0.2883128775985918,0.0781599353027924,0.2753255142790026,Jacob deGrom,0.2428457507404875,0.0645989974937343,0.2828876614606329,0.27709716853195115,0.08016002837741967,0.21790630943506115,0.2279758059931393,0.07168026113546268,0.23097522259755876,0.22306968031968027,0.0893113553113553,0.19114776817812867,0.23673419279394622,0.07459323902501379,0.21097961657617587
2025-05-11,DET,TEX,7.0,1.0,6.0,7.8,3.0,7.1,3.5,6.05,2.95,4.2,3.4,3.2,4.3,3.55,3.55,2025-05-11,Brant Hurter,0.2416774891774891,0.029090909090909,0.1739438923649449,Nathan Eovaldi,0.2860154338415207,0.0224802371541501,0.2705220023640762,0.2882876447224273,0.08111240932980061,0.222747579276331,0.22674069655759652,0.07345968317850468,0.22908973092150867,0.22306968031968025,0.0893113553113553,0.1826862297165902,0.2361585907809146,0.07634359553352991,0.20852846269946917
2025-05-12,DET,BOS,16.0,14.0,2.0,5.4,4.0,6.8,3.5,5.8,3.2,5.0,2.4,5.0,2.8,5.45,3.35,2025-05-12,Jackson Jobe,0.1626072757651704,0.1240487582592845,0.1880809816785426,Tanner Houck,0.1762671624713958,0.0781941266209,0.2145097131974063,0.2764864024864025,0.07283083583083581,0.2155878625178731,0.2246947562234391,0.07282942377461547,0.22647659649689122,0.22156434748826054,0.05032545956458998,0.27455263985292666,0.23142335232923758,0.06169853105150106,0.26811257843048164
2025-05-14,DET,BOS,11.0,6.0,5.0,6.2,4.0,7.5,3.3,6.15,3.15,5.2,4.0,4.2,4.0,5.5,4.05,2025-05-14,Tyler Holton,0.2289682539682539,0.0533730158730158,0.2333707346574993,Hunter Dobbins,0.2040010613380178,0.0393518518518518,0.2662039457252223,0.24968265068265066,0.07737629037629036,0.2193378625178731,0.22499084226237712,0.07049909116776232,0.22634331810685496,0.2238791623030753,0.040206411945542364,0.2651466300695584,0.23279383968127557,0.05984102206431161,0.2674242771874215
2025-05-22,DET,CLE,7.0,0.0,7.0,3.6,4.0,4.7,4.7,6.0,4.0,3.2,3.8,2.9,3.8,4.05,4.05,2025-05-22,Jack Flaherty,0.2856190106190105,0.0808968808968808,0.2742465962781712,Tanner Bibee,0.1577480490523968,0.083143547273982,0.1822266099627489,0.20394605394605395,0.07291541791541786,0.1660646686859025,0.222181768035288,0.07335083012588732,0.2164847184743874,0.2771324448498361,0.08924977196716324,0.28528594856746115,0.25124936921861346,0.08025664052079041,0.26180028128450084
2025-05-26,DET,SFG,4.0,3.0,1.0,3.2,3.0,3.5,3.9,5.5,3.6,2.8,3.0,4.4,3.5,3.85,3.35,2025-05-26,Tyler Holton,0.2061980347694633,0.0724111866969009,0.2236937199122072,Jordan Hicks,0.1628297239991392,0.081013609079576,0.2060580355251616,0.19486224559753967,0.08904169360051709,0.17521339057852686,0.2193062013822191,0.07399769540035755,0.21669616196943456,0.2729984598734599,0.05296016483516484,0.291254233877459,0.2559826513765405,0.07176832056314743,0.2539073151630139
2025-05-27,DET,SFG,4.0,3.0,1.0,2.8,2.4,3.2,3.5,5.15,3.45,2.4,3.2,3.5,3.2,3.75,3.25,2025-05-27,Jack Flaherty,0.2878263403263403,0.0843456543456543,0.2668219366503541,Logan Webb,0.2732224845861209,0.0573582141763959,0.2408309116694209,0.17611224559753968,0.08695836026718376,0.16939520876034503,0.21640238283810392,0.07378477511516575,0.21605027344811506,0.2716591741591741,0.04447802197802197,0.28325423387745907,0.2538877345521073,0.07176202891250713,0.252909031548884
2025-05-28,DET,SFG,7.0,4.0,3.0,2.4,2.4,3.0,3.2,4.85,3.45,1.8,2.2,2.9,2.7,3.65,3.2,2025-05-28,Tyler Holton,0.1968253968253968,0.0691197691197691,0.2248894599161978,Landen Roupp,0.2087192807192806,0.0809825174825174,0.2254039458593422,0.17277891226420636,0.08695836026718376,0.16939520876034503,0.21549809708953233,0.07244323374943547,0.21515238968845238,0.2216591741591741,0.04447802197802197,0.24769867832190345,0.2583625030147962,0.07045726475046155,0.2563914936015306
2025-06-06,DET,CHC,4.0,3.0,1.0,4.0,2.8,4.2,2.4,4.3,3.25,4.8,1.8,4.6,3.1,5.95,3.2,2025-06-06,Tarik Skubal,0.3415378193539113,0.0241206753525594,0.3226056536468626,Ben Brown,0.278351983984395,0.0657760553017469,0.2687771742694391,0.14861834627062112,0.05635260091832307,0.1912750749363325,0.2080859069200607,0.07119688675241559,0.2126610687895771,0.22171512697828483,0.07058459084774873,0.19323440124955546,0.19781755705719223,0.08429063394154589,0.18951881979470173
2025-06-07,DET,CHC,7.0,1.0,6.0,4.6,2.8,4.0,2.5,3.75,3.2,4.6,2.4,4.3,2.8,5.75,3.25,2025-06-07,Tyler Holton,0.1934676434676434,0.0681013431013431,0.224265440441911,Jameson Taillon,0.1948818237586353,0.0462320147646234,0.1964341158110154,0.14236834627062112,0.05010260091832307,0.18309325675451432,0.20483456462443475,0.07008443539690909,0.21090073958973996,0.18671512697828485,0.06558459084774873,0.178789956805111,0.19457464628576285,0.082908820270373,0.1891441943335864
2025-06-08,DET,CHC,4.0,4.0,0.0,4.6,4.0,3.8,3.0,3.5,3.25,4.4,2.0,3.8,2.1,5.8,3.1,2025-06-08,Jack Flaherty,0.2860940689745037,0.0778794876620963,0.2561611376848189,Cade Horton,0.1778640441683919,0.042391304347826,0.2069251458300964,0.14570167960395447,0.053435934251656395,0.19142659008784768,0.20476018670713575,0.06951903382670023,0.21150226667297473,0.18671512697828488,0.055584590847748735,0.18565270190315025,0.19466215199083123,0.08318448445956055,0.18988854793541662
2025-06-13,DET,CIN,16.0,11.0,5.0,3.0,4.0,3.8,3.4,3.55,3.0,5.4,3.6,3.7,4.1,4.35,4.25,2025-06-13,Tyler Holton,0.1998866213151927,0.0632369614512471,0.2271858743497398,Nick Martinez,0.1734835175972299,0.053931865236213,0.1839425947052962,0.18600509741376614,0.06728930168558649,0.2142788129744651,0.2078542511631844,0.0696094336844306,0.21270323524534374,0.2681712405241817,0.07233893557422968,0.2048778654848264,0.20981568666977005,0.08525992820723867,0.214073251776898
2025-06-14,DET,CIN,12.0,1.0,11.0,5.0,3.8,4.8,3.9,3.85,3.05,3.8,5.6,4.2,5.0,4.25,4.75,2025-06-14,Jack Flaherty,0.2955553643680734,0.0823782683314455,0.2584344567640086,Brady Singer,0.1911765550688852,0.1022085116180831,0.2008457027671527,0.1990820204906892,0.062417506813791615,0.21021200106451593,0.20818160801469934,0.06934761393582517,0.2116046528723503,0.24317124052418165,0.05733893557422968,0.20200705208769723,0.20677487961658497,0.08547355243611926,0.21360578699488764
2025-06-17,DET,PIT,10.0,7.0,3.0,4.2,7.0,3.9,4.9,3.85,3.6,4.0,2.6,3.4,2.7,3.8,3.3,2025-06-17,Casey Mize,0.2189971139971139,0.0707046657046657,0.2277163549710536,Bailey Falter,0.1532450542799464,0.0873283239514514,0.1498799741277495,0.17554926172573232,0.052853871971518994,0.1705866106784765,0.2049138005848616,0.06886648652169189,0.20822781013079183,0.22635756056808684,0.06007518796992478,0.21389120558206914,0.2108222141956073,0.08327451799651119,0.23784525823083114
2025-06-19,DET,PIT,11.0,9.0,2.0,5.4,5.6,4.1,4.8,4.15,3.6,2.6,3.4,3.4,3.4,3.7,3.25,2025-06-19,Tyler Holton,0.1976719576719577,0.059021164021164,0.2231512605042016,Andrew Heaney,0.185577260328813,0.0741825680645556,0.185683234337791,0.18666037283684342,0.04729831641596345,0.17614216623403203,0.2051509022511268,0.06792310999399748,0.20765847939840654,0.20425229741019213,0.06814536340852127,0.19575544063779354,0.2106739646860784,0.08396025519290601,0.23589173545010872
2025-06-24,DET,ATH,15.0,11.0,4.0,7.2,6.0,5.7,6.5,4.85,4.7,2.8,6.4,3.5,4.5,4.3,5.45,2025-06-24,Tyler Holton,0.189781746031746,0.0553323412698412,0.217016806722689,Luis Severino,0.1620055669662116,0.070249442586399,0.1431682173135673,0.18602070317587555,0.07647575746713675,0.1685348645462221,0.20451474823100613,0.06977959613970613,0.20675099691979335,0.2780966195640109,0.08210835058661145,0.25118590050153894,0.24109586238721586,0.10243504913783666,0.2640981827057012
2025-06-25,DET,ATH,3.0,0.0,3.0,8.0,6.2,6.7,5.9,5.05,4.65,3.0,6.0,3.4,5.0,4.15,5.6,2025-06-25,Jack Flaherty,0.2818015772235721,0.0970480939918279,0.2484738836928286,Jacob Lopez,0.2551774433296172,0.0993050910442214,0.2506444504379094,0.16102070317587555,0.06397575746713675,0.16265251160504562,0.201925953949601,0.06889631011262125,0.20636770060733134,0.2763109052782966,0.06603692201518288,0.25535256716820565,0.23966258013552186,0.10271362877811027,0.26238092119081596
2025-06-26,DET,ATH,8.0,8.0,0.0,6.2,6.4,6.3,6.1,5.05,4.75,2.8,3.8,3.1,4.6,4.1,5.2,2025-06-26,Tyler Holton,0.184030784030784,0.0536556036556036,0.2104405398523045,Jeffrey Springs,0.195001875561086,0.0966469982259455,0.2441967824271986,0.15461044676561916,0.06718088567226496,0.1705008361200368,0.20148521285856433,0.06907677290288014,0.20646667577831113,0.2891680481354394,0.06603692201518288,0.27159188340752183,0.24196634657986216,0.10146102354910894,0.26387158537892047
2025-06-27,DET,MIN,5.0,1.0,4.0,6.2,3.6,6.0,5.6,5.4,4.75,5.4,5.4,5.2,6.7,5.05,7.15,2025-06-27,Brant Hurter,0.2679969336219336,0.0826253607503607,0.1967561413188348,David Festa,0.2330094717312762,0.1059873710249649,0.265013595087226,0.15230275445792685,0.06218088567226495,0.1753689902782518,0.19994740871121264,0.06822397323741249,0.2053701372973879,0.203740337305246,0.07453016838919471,0.22936681543045637,0.25546375915100394,0.07046127803469734,0.255817652556505
2025-06-28,DET,MIN,15.0,10.0,5.0,5.8,2.8,6.0,4.9,4.8,4.9,4.6,3.8,5.4,6.5,4.75,7.05,2025-06-28,Casey Mize,0.2169981950416732,0.0598270248270248,0.2240998489262648,Bailey Ober,0.188102428767013,0.0589600371750139,0.2347172797998291,0.16919464634981876,0.06927548026685956,0.19759121250047404,0.20055780616595395,0.06891636380768795,0.20693066407831404,0.21485144841635712,0.07564127950030583,0.24790848209712305,0.256425111918687,0.07041443098077103,0.2584207268047786
2025-06-29,DET,MIN,3.0,3.0,0.0,6.0,3.2,6.6,4.6,5.25,4.75,5.2,3.6,5.4,6.9,4.7,7.5,2025-06-29,Tarik Skubal,0.318507475921269,0.032802044975958,0.2990786684798582,Chris Paddack,0.1650851686682291,0.0681550752093194,0.176620967550805,0.1769724241275965,0.06927548026685956,0.20314676805602963,0.20175590488684608,0.06808604617145074,0.20711489971860209,0.20913716270207142,0.07849842235744871,0.25398691346967206,0.2549239926676461,0.07280775092816,0.2585212870469968
2025-07-07,DET,TBR,6.0,5.0,1.0,5.0,4.6,4.7,3.5,5.7,4.7,3.8,5.2,5.0,5.2,6.0,4.95,2025-07-07,Tyler Holton,0.1929453262786596,0.04918430335097,0.2058667911609087,Shane Baz,0.2425526858687445,0.0893932608524074,0.2357221644679898,0.19585333526123,0.07260964912280701,0.1908020045625087,0.20085944868108274,0.06946931470509424,0.20472615675433306,0.2821166946748342,0.07321145263005727,0.27520406837744293,0.24115297477226405,0.06690380164555734,0.26074365799854754
2025-07-08,DET,TBR,6.0,4.0,2.0,3.8,4.4,5.2,3.3,5.75,4.7,3.8,5.2,4.6,5.6,5.7,4.95,2025-07-08,Jack Flaherty,0.2896956385973988,0.1002826858212746,0.2601358030138865,Ryan Pepiot,0.23220721666707,0.0833446839252269,0.2275385266880627,0.2063428457507405,0.08170055821371609,0.20211422175707888,0.2006502039902816,0.0697049166414019,0.2050123443808704,0.3154500280081675,0.08432256374116838,0.2835374017107763,0.24217720097849815,0.06739499397295239,0.26062428402078586
2025-07-09,DET,TBR,10.0,3.0,7.0,3.8,3.0,4.8,3.5,5.4,4.55,3.4,4.8,4.5,6.0,5.4,4.95,2025-07-09,Brant Hurter,0.2648101898101898,0.0886394469727803,0.2217274127879712,Zack Littell,0.1750369686754126,0.031079690801913,0.1795676608014414,0.2146761790840738,0.0692005582137161,0.18211422175707886,0.2020924119179235,0.06894725450399534,0.2042332246955711,0.3332090132090132,0.09764180264180264,0.2981061662795409,0.2435119170516615,0.06965139264058227,0.2617562848956823
2025-07-12,DET,SEA,22.0,7.0,15.0,3.2,4.4,4.3,4.5,5.45,4.55,4.6,4.4,4.3,3.5,5.0,3.95,2025-07-12,Casey Mize,0.2107621583998395,0.0568833265499932,0.2125275613771218,George Kirby,0.2485183369050645,0.0455932320920879,0.2073548489519193,0.19062856003645473,0.08170055821371609,0.1874710096720063,0.2001988550280791,0.06881007887625076,0.20459482383011385,0.25874362565539033,0.09547942253824604,0.22229163951990039,0.22396813240943134,0.07803354645142675,0.22290858903187508
2025-07-13,DET,SEA,12.0,4.0,8.0,4.4,7.4,4.7,6.0,5.45,5.15,7.4,5.8,5.2,4.0,5.75,4.2,2025-07-13,Jack Flaherty,0.2906954535471159,0.0968481776346226,0.262690616678648,Logan Gilbert,0.3541662276424082,0.0552968389352828,0.3323444338740842,0.18952561885998415,0.0842740876254808,0.18780771000870664,0.19994908379868137,0.0690145548261602,0.2040360904373248,0.2644116418497223,0.09831343063541204,0.23198860921687006,0.22382663960290547,0.0783201739403037,0.2230183231824167
2025-07-24,DET,TOR,15.0,4.0,11.0,1.8,4.4,2.6,6.6,3.7,5.05,6.0,3.8,4.8,3.7,5.8,4.2,2025-07-24,Reese Olson,0.2337989845140874,0.0825191266695842,0.2884517838268896,Eric Lauer,0.2568229014022525,0.0647731407901013,0.1905751251177316,0.26652151769798826,0.07045772854596383,0.2800179040082686,0.20840899091596904,0.06909534019438442,0.21166309521642376,0.32659354534354534,0.03540043290043289,0.2443489065413281,0.26465431590447847,0.07932747219692331,0.2833083382930116
2025-07-25,DET,TOR,8.0,2.0,6.0,2.4,5.8,2.7,7.0,3.85,5.4,7.0,4.0,5.8,3.9,6.05,4.4,2025-07-25,Tyler Holton,0.1968069398301956,0.0411775562938353,0.2135034634008642,Jos\xc3\xa9 Berr\xc3\xados,0.202745974407465,0.0793512196721306,0.2032741954057367,0.25749896130701083,0.07045772854596383,0.2761191351984191,0.20689658885802148,0.06842451164880788,0.21103586927771492,0.3096292596292596,0.03540043290043289,0.21611361242368105,0.26346022597264185,0.07854975188126719,0.2815111977215115
2025-07-26,DET,TOR,7.0,1.0,6.0,2.4,6.8,2.6,6.4,3.45,5.45,6.6,3.2,5.7,3.5,5.9,4.5,2025-07-26,Tarik Skubal,0.3387216122069945,0.0331774537861494,0.312593671343076,Kevin Gausman,0.2303439516505483,0.076959408705118,0.2433535359704863,0.2718929007009502,0.0670486376368729,0.2786031095573934,0.20709251326585518,0.0686407095263106,0.2117110051500446,0.29629592629592627,0.02873376623376623,0.2132564695665382,0.26413860565575537,0.07778713293096362,0.2826615744426619
2025-07-27,DET,TOR,14.0,10.0,4.0,2.6,7.4,2.0,5.5,3.35,5.75,7.0,3.2,6.0,3.2,6.15,3.8,2025-07-27,Jack Flaherty,0.2957925748590709,0.1004966932044936,0.2620794497476252,Max Scherzer,0.2326586668691931,0.0639240145819092,0.208000498376135,0.2667458418774208,0.0582251082251082,0.26821349916778303,0.20631067980618037,0.06798698848320288,0.21014822460213034,0.2955266955266955,0.02873376623376623,0.20999832420312972,0.26448342675521924,0.07703917972970437,0.28146189331188726
2025-07-29,DET,ARI,14.0,12.0,2.0,4.4,5.6,3.1,5.0,3.35,5.45,1.0,4.0,3.5,3.4,3.7,4.05,2025-07-29,Casey Mize,0.213460216490907,0.0564251858305566,0.2104178005791774,Brandon Pfaadt,0.1876623914658258,0.0504674971798342,0.195852745847155,0.2503317004632794,0.06504329004329004,0.26607032832896,0.20453124861561833,0.06983146844924892,0.21012846169537855,0.2196176046176046,0.06277777777777777,0.26160751529172577,0.225636746735321,0.08081026859423089,0.2409146372426216
2025-07-30,DET,ARI,9.0,7.0,2.0,6.0,3.8,4.2,4.8,3.6,5.0,1.2,5.8,3.2,4.5,3.7,4.3,2025-07-30,Chris Paddack,0.1760752204718379,0.0576595987485467,0.1825086881720009,Ryne Nelson,0.2115835033185955,0.0740059971403049,0.1762142622715745,0.25033170046327935,0.06087662337662336,0.2595485891985252,0.2057238605111527,0.06957068324755834,0.21079957497275625,0.22488076251234146,0.05444444444444443,0.2520837057679163,0.2240348470335807,0.08006202536650653,0.23934532181841744
2025-08-05,DET,MIN,9.0,3.0,6.0,4.8,3.4,5.4,3.6,4.05,5.3,3.6,7.2,3.2,6.0,4.05,5.3,2025-08-05,Chris Paddack,0.179435437723118,0.05503870789634,0.1814442436683149,Michael King,0.0416666666666666,0.0833333333333333,0.0888888888888888,0.20607586857586857,0.06975940725940724,0.23333656592767843,0.2068239587445566,0.06854264400372817,0.2130093822555878,0.1953348557760322,0.08002217825747233,0.23189896846546457,0.2403496865210359,0.06859738104153408,0.25580656394908935
2025-08-08,DET,LAA,11.0,6.0,5.0,4.0,5.0,5.8,3.9,3.9,4.7,4.0,3.8,4.4,4.1,4.4,4.7,2025-08-08,Tarik Skubal,0.3386688316100882,0.0358431398055903,0.3068653193967134,Kyle Hendricks,0.1501571004639737,0.058704711819468,0.1506038266261067,0.1848074059172457,0.09819710228749128,0.23470892042503294,0.20444082990279475,0.07061395490096709,0.2122839372823827,0.2932388234400618,0.07583526552566797,0.3056271269024374,0.23332940622536147,0.08866108026241479,0.2537242121720726
2025-08-09,DET,LAA,11.0,4.0,7.0,3.8,5.0,5.4,4.0,4.0,4.55,5.0,4.8,4.5,4.6,4.15,4.75,2025-08-09,Charlie Morton,0.2183959549673383,0.092068327496854,0.2240057956870978,Yusei Kikuchi,0.2350257381507381,0.0924214264631884,0.2171457645894783,0.20036296147280125,0.07597488006526905,0.24289073860685106,0.2049772595300695,0.0700052139104415,0.2124653975931668,0.2763157465169849,0.08891218860259105,0.2901509364262469,0.2333073357472914,0.08988615052540458,0.2529737160901294
2025-08-10,DET,LAA,14.0,9.0,5.0,4.6,6.0,5.3,4.6,4.2,4.8,4.8,4.6,4.6,4.6,4.45,4.7,2025-08-10,Casey Mize,0.2097877124993829,0.063643587322077,0.2150087961039499,Jack Kochanowicz,0.1501986916098281,0.1031361954267042,0.1904038122611366,0.20689890918521958,0.07074612189533441,0.2528907386068511,0.2047336127668663,0.06990964395746135,0.21378335715789756,0.29520463540587377,0.09668996638036882,0.29824060504223127,0.23530185994318348,0.09025749396820738,0.25397710629765285
2025-08-18,DET,HOU,10.0,10.0,0.0,4.6,4.4,4.8,4.9,5.15,4.25,2.4,8.0,4.2,5.7,3.7,5.6,2025-08-18,Jack Flaherty,0.2878997192775965,0.0945481885619353,0.2659748459157168,Spencer Arrighetti,0.1896292113683417,0.1331639375117635,0.2696997078401252,0.23894759119823056,0.12619756486764158,0.2777855196333457,0.2072013708064296,0.07506064369830104,0.21752406387045978,0.20697125136977573,0.07687924187519782,0.28672818376208203,0.2813869200189569,0.08690372465083572,0.29830570127023476
2025-08-20,DET,HOU,9.0,7.0,2.0,5.4,2.6,5.4,4.0,5.6,3.95,1.0,8.8,3.4,6.5,3.5,5.95,2025-08-20,Charlie Morton,0.2274399876195923,0.0917511226149129,0.2341475001124268,Framber Valdez,0.2458175021112302,0.0804421839682334,0.2411236854718546,0.23907831015247888,0.13142632303757623,0.2647552166030427,0.2074379196476232,0.07475347695589561,0.21779688939767275,0.20811160224696876,0.07957661029625045,0.28299945503335333,0.279792552755776,0.08792968034757011,0.29759552124355826
2025-08-22,DET,KCR,12.0,7.0,5.0,6.6,3.0,5.5,3.7,5.45,3.85,4.8,3.4,5.5,3.7,5.3,4.35,2025-08-22,Casey Mize,0.2218497325847221,0.0641878340584344,0.2142448607873983,Bailey Falter,0.1559097951419663,0.0922772949967727,0.1628660184378003,0.24549542245194417,0.1137792642140468,0.2620637052158791,0.2072377654458307,0.07416946541717767,0.21758344643734867,0.19366059664972707,0.06026491624317709,0.20059568126115046,0.2148087289804042,0.07283916017299334,0.20827709172149741
2025-08-23,DET,KCR,6.0,4.0,2.0,6.6,4.0,5.8,3.5,5.55,4.05,4.6,4.4,5.3,4.0,5.35,4.65,2025-08-23,Tyler Holton,0.1791152263374485,0.0466784244562022,0.2133679410640195,Michael Wacha,0.1765969759708889,0.0661321622017274,0.2037893720662668,0.23155602851255025,0.13377926421404682,0.26683293598510993,0.20666486287131522,0.0751448959178197,0.2177572181703925,0.18724348435026184,0.06160181463889902,0.197155877821347,0.21405553773887803,0.07273051187251871,0.20807198389278955
2025-08-24,DET,KCR,18.0,8.0,10.0,5.8,3.4,5.3,3.2,5.15,4.05,4.2,4.6,4.7,3.9,5.1,4.35,2025-08-24,Jack Flaherty,0.2907837305064926,0.0923662610194579,0.2664469631901992,Seth Lugo,0.1987456346806083,0.0847244595207929,0.1798222106610529,0.24083139083139082,0.11435897435897435,0.25933293598510987,0.20712641520820252,0.0750796787697339,0.2176206241844664,0.20557681768359518,0.07410181463889902,0.1872768455632825,0.21433203360242514,0.07313258485811472,0.20695219940130655
2025-09-01,DET,NYM,18.0,8.0,10.0,2.8,4.2,5.0,4.0,4.9,4.45,7.6,6.4,8.1,5.3,7.15,5.5,2025-09-01,Charlie Morton,0.2325999518738705,0.0922945405966316,0.2420357570325221,Sean Manaea,0.3090520244791793,0.0465773293576497,0.2432588138208836,0.22683223209538994,0.09220361509835193,0.2479055116996293,0.20885356289198573,0.07602720966702381,0.21999459905474988,0.2145766978119919,0.08063305975070678,0.1991462610870569,0.23818814830826446,0.08654724444052046,0.24147688215480234
2025-09-02,DET,NYM,17.0,5.0,12.0,3.8,4.6,4.8,5.0,5.1,4.5,8.4,8.0,7.9,5.4,7.35,5.55,2025-09-02,Chris Paddack,0.1606719349384712,0.0524789417973673,0.166874150790652,Nolan McLean,0.281058201058201,0.0634920634920634,0.2561590145576707,0.23473737043531093,0.10524709335922149,0.25568716094469324,0.20923049044506836,0.07642146744196346,0.22034458516976496,0.2242756944675103,0.0772885781453556,0.19415056771927053,0.23771898695914032,0.08623287229766678,0.24124203137689426
2025-09-03,DET,NYM,8.0,6.0,2.0,4.8,5.6,4.6,6.0,5.05,4.85,10.0,7.6,8.2,5.7,7.3,5.55,2025-09-03,Casey Mize,0.2117117695682017,0.0649220727444287,0.2119407995494795,Clay Holmes,0.1792623430190172,0.0923932654062325,0.1991581286687813,0.22510774080568127,0.08524709335922148,0.24597287523040748,0.20799168862198902,0.07587167271216516,0.21978712155600508,0.19457872477054058,0.08153100238777986,0.1790690459801401,0.23647947739180358,0.08657417998633103,0.24043908029886385
2025-09-05,DET,CHW,12.0,5.0,7.0,5.0,5.4,4.5,5.7,5.15,4.6,7.2,4.2,5.4,5.8,5.2,5.35,2025-09-05,Jack Flaherty,0.2807433130792039,0.0890516526194275,0.2569394279979799,Tyler Gilbert,0.2013558201058201,0.0972883597883597,0.2079573204573204,0.2037042320337515,0.10489621616623904,0.2379728752304075,0.2068819735528846,0.07720943144091286,0.21907435640203363,0.20851348520454221,0.10391166143592875,0.19907466195842477,0.22010610155638932,0.09053949264707105,0.2294702446449641
2025-09-06,DET,CHW,6.0,6.0,0.0,5.8,6.2,4.6,6.2,4.95,4.7,8.0,4.8,5.4,6.3,5.55,5.55,2025-09-06,Tarik Skubal,0.3270247657176415,0.0411534499376689,0.3041638851697516,Mart\xc3\xadn P\xc3\xa9rez,0.2297240259740259,0.0935633116883116,0.2025131466460299,0.20817791624427778,0.09410674248202851,0.23896386622139848,0.20647855530073647,0.07701645674984253,0.21924576694700673,0.21754126298232,0.10877277254703985,0.20193180481556766,0.2205122401213287,0.0906843631996347,0.22926270771084464
2025-09-07,DET,CHW,10.0,4.0,6.0,6.0,6.2,4.4,5.2,5.15,4.65,6.8,5.0,5.0,6.4,5.5,5.7,2025-09-07,Charlie Morton,0.2297516776713233,0.0960085219553684,0.2415714698442085,Davis Martin,0.1719654898607467,0.0821527308879087,0.1959077206409424,0.21055886862523016,0.09410674248202851,0.25682100907854133,0.2061981898878205,0.07647408733611126,0.2207198913246435,0.2829258783669354,0.09723431100857835,0.21742631031007315,0.22381150901773683,0.09005020681362327,0.22954220464455038
2025-09-17,DET,CLE,4.0,0.0,4.0,6.0,4.0,5.6,4.7,5.2,4.85,3.2,1.8,4.0,1.5,3.75,3.1,2025-09-17,Jack Flaherty,0.278864560491688,0.0882226291508414,0.2509678929879241,Gavin Williams,0.2266791364993565,0.1207079556789695,0.2454975681522766,0.22473868511997203,0.06411718148050045,0.27073124450403546,0.2080724209906904,0.07633661477688536,0.22251814894216707,0.4023809523809524,0.0683333333333333,0.31993167026560854,0.2528342636425403,0.07659853622983753,0.25938272948633573
2025-09-18,DET,CLE,4.0,1.0,3.0,3.6,4.4,5.1,3.9,4.85,4.95,3.4,1.0,3.7,1.4,3.95,2.85,2025-09-18,Tyler Holton,0.1821180555555555,0.0547495039682539,0.228944130828322,Tanner Bibee,0.2054871512462317,0.0714138044434601,0.2172868554956191,0.23473868511997203,0.07911718148050045,0.2789650597145949,0.20835008707684477,0.07715557759293247,0.22320068699784038,0.4004761904761905,0.06738095238095236,0.32144682178076006,0.25292709856216533,0.07697930668019656,0.2598790422638323
2025-09-19,DET,ATL,11.0,1.0,10.0,1.6,4.8,4.6,4.0,4.55,4.85,7.2,3.8,4.8,5.8,4.7,5.05,2025-09-19,Charlie Morton,0.2260212355351994,0.1030572081450051,0.2410567221754767,Bryce Elder,0.1866269167157309,0.0830448996156964,0.2058416926329007,0.23345663383792076,0.08680948917280815,0.24563172638126157,0.20799150856874812,0.07715404798326236,0.22235882784152625,0.25805113273379526,0.09733070421150915,0.243869749767947,0.24390136849572905,0.0766592306114609,0.2547449076454352
2025-09-20,DET,ATL,11.0,5.0,6.0,1.2,5.0,4.2,4.3,4.4,5.25,8.8,2.8,5.6,4.1,5.15,5.0,2025-09-20,Tyler Holton,0.1823931623931624,0.0539072039072039,0.2268205148295646,Joey Wentz,0.1798686037816472,0.0956298039993692,0.203555082236266,0.23066093491318956,0.07412131712979739,0.2381888376561326,0.20750354663910492,0.07708550300733691,0.22212406869201368,0.2663844660671286,0.09733070421150915,0.2510126069108041,0.24448589114172647,0.07615818988851018,0.25494732188117936
2025-09-21,DET,ATL,8.0,2.0,6.0,1.8,4.6,4.1,4.9,4.25,5.05,8.4,3.2,5.8,4.5,4.9,5.15,2025-09-21,Casey Mize,0.2201628897646323,0.0590336284534048,0.2148525478470395,Spencer Strider,0.240428107583496,0.0943869135598458,0.2847663496702687,0.20221649046874512,0.0821213171297974,0.2236055043227993,0.2071950820505393,0.07710442831248407,0.22189923707713047,0.26447970416236666,0.07590213278293773,0.253050650389065,0.24462992215162868,0.07566365618793544,0.2551181184923405
2025-04-23,HOU,TOR,4.0,3.0,1.0,4.6,2.0,3.7,2.9,3.75,3.55,2.0,4.4,3.6,4.1,3.55,4.1,2025-04-23,Ryan Gusto,0.2380890103076803,0.0805109922756981,0.2497362278244631,Bowden Francis,0.2198616600790513,0.0874505928853754,0.1911939944579829,0.2569755244755244,0.03947802197802197,0.26177663186486716,0.28820973357418367,0.08876495414219197,0.26746811687517397,0.30121054871054864,0.06558663558663558,0.3251415491136804,0.2875783836858398,0.07456069758701335,0.32224916443464324
2025-04-28,HOU,DET,13.0,8.0,5.0,3.0,1.8,3.4,2.2,3.95,3.25,4.6,1.4,4.6,2.1,4.6,2.45,2025-04-28,Ronel Blanco,0.2106765659969321,0.1280052137031541,0.2888917284266121,Jack Flaherty,0.3040043290043289,0.0826839826839826,0.2832334977683814,0.2158598346098346,0.03592032967032966,0.269635217723453,0.27533609238925977,0.08148142393051895,0.2695434740189476,0.246928065484567,0.09583997873471556,0.23148977269720303,0.21602343489229822,0.07121178216103027,0.239923552708681
2025-04-29,HOU,DET,10.0,6.0,4.0,3.6,2.6,4.1,2.3,4.2,3.2,5.6,2.6,5.0,2.4,4.5,2.75,2025-04-29,Ryan Gusto,0.2448926210800525,0.0758121430390337,0.253345338135254,Reese Olson,0.215034965034965,0.0862237762237761,0.2753828480401009,0.2442689255189255,0.04842032967032966,0.27975251977623894,0.2790273482266946,0.08309322304420343,0.2750920430815672,0.24157092262742413,0.08333997873471558,0.22760088380831411,0.21103740511768693,0.06875620346582233,0.23548174437773034
2025-05-09,HOU,CIN,3.0,3.0,0.0,4.8,4.0,4.9,4.1,4.05,3.3,3.4,4.6,3.8,4.1,5.55,4.35,2025-05-09,Hunter Brown,0.3058723884810841,0.0616412572934311,0.2634597293252838,Nick Martinez,0.1974714312602511,0.0687974241079831,0.2232025717062737,0.24449473041578304,0.10196950710108603,0.29753893823603195,0.27219321798158597,0.08966320266298151,0.2813473162996949,0.23996432169705825,0.10417052789495243,0.2446507278788484,0.19897949416476796,0.0940236772163896,0.2170311551155014
2025-05-12,HOU,KCR,12.0,5.0,7.0,6.0,3.6,5.2,4.4,4.65,3.35,3.6,3.4,4.4,2.8,3.75,2.9,2025-05-12,Ryan Gusto,0.223805371951152,0.1018221429986135,0.2336625357213592,Michael Wacha,0.1819150746596398,0.0810913482652612,0.1951390913433365,0.26181929181929176,0.13228327228327225,0.2799934065181743,0.27685137823540135,0.09523635063088377,0.2795304229076137,0.2557215007215007,0.021313131313131294,0.2346863617076383,0.23056704943867704,0.06289998844178409,0.21304197798874322
2025-05-13,HOU,KCR,3.0,2.0,1.0,6.4,4.2,5.1,4.7,4.6,3.5,4.2,3.8,4.3,3.1,4.05,2.85,2025-05-13,Framber Valdez,0.2283508750675167,0.0866052453571193,0.2323363935129712,Kris Bubic,0.2403185651326383,0.0664481100093228,0.2664521773642566,0.26515262515262517,0.13228327228327225,0.28252719030195805,0.2718893770840663,0.09279439292239958,0.27717066847408517,0.2698240648240648,0.029005439005438984,0.23519141221268874,0.23236066009573816,0.06322610677855835,0.2133729256465103
2025-05-23,HOU,SEA,8.0,3.0,5.0,4.6,3.8,3.6,3.2,4.35,3.95,3.8,3.4,3.6,4.2,4.5,4.2,2025-05-23,Ryan Gusto,0.2083660113943768,0.1287635715443202,0.2383375292265666,Emerson Hancock,0.1496298241748072,0.0781075592898252,0.1928197520142808,0.23245039403321135,0.1061143165400131,0.2907322971467708,0.2676011731932784,0.09750259352861906,0.2818641467074381,0.281017316017316,0.07398379398379398,0.24819969431640415,0.21267016671419847,0.07542668134510705,0.23663143222464306
2025-05-24,HOU,SEA,3.0,2.0,1.0,4.4,4.2,3.7,3.6,4.3,3.85,3.6,3.8,4.0,3.6,4.4,4.05,2025-05-24,Framber Valdez,0.2353900596599247,0.076303900719193,0.2424272543452607,Bryan Woo,0.254544641259617,0.0347602433351225,0.2141353685846692,0.24411706069987807,0.11611431654001314,0.31336160749159836,0.26622155741382375,0.09755356100762683,0.2845565743960266,0.2619696969696969,0.07279331779331778,0.24785126226065496,0.20841676337991452,0.07558481438487158,0.23475594643729308
2025-05-27,HOU,ATH,12.0,11.0,1.0,4.6,3.8,4.0,3.6,4.1,3.55,4.6,7.0,3.4,7.9,4.3,6.6,2025-05-27,Hunter Brown,0.3032411067193675,0.0688735177865612,0.2467233978292859,JP Sears,0.1885974460322286,0.0448351648351648,0.1741468224422683,0.25944682897082283,0.11932287268974576,0.32494890907889995,0.2733970987294607,0.09666386489597197,0.29051545134159174,0.22391817779743475,0.10631328320802005,0.28397108478702404,0.24646756708641473,0.1067920830236836,0.2763921838311573
2025-05-29,HOU,TBR,16.0,3.0,13.0,5.2,2.6,4.9,3.2,4.7,3.3,6.0,1.4,4.8,2.3,4.45,3.55,2025-05-29,Ryan Gusto,0.2173179665851963,0.1311911686524689,0.2307309704184703,Shane Baz,0.2345437506810504,0.0950301115106606,0.2080644338659754,0.2800150107890046,0.10871681208368514,0.3575929346834519,0.2762877742491038,0.09616082596907995,0.2967695852532298,0.2571428571428571,0.0649084249084249,0.24197670982268504,0.2230139206423791,0.06981595686083013,0.24890501767766512
2025-06-01,HOU,TBR,1.0,1.0,0.0,4.8,6.8,4.7,5.3,4.05,4.1,7.4,2.4,7.1,2.0,5.55,3.05,2025-06-01,Hunter Brown,0.3103057680132778,0.0626122888968738,0.2481035218361474,Taj Bradley,0.2089655542817597,0.0958110371549106,0.2187189062323019,0.2857788996778935,0.11003625652812958,0.3530143906221492,0.27425862286226765,0.09638881613586087,0.2945394408086331,0.2966017316017316,0.0649084249084249,0.2685511382210467,0.22858599998188095,0.06736627416395889,0.25482771401718696
2025-06-11,HOU,CHW,12.0,10.0,2.0,3.2,3.0,2.8,4.5,3.85,3.85,4.8,3.4,3.8,4.0,3.95,4.0,2025-06-11,Ryan Gusto,0.2114623288466624,0.1305655151596731,0.2259887990822864,Sean Burke,0.1711407915755741,0.11312050268572,0.2172463107600321,0.32351527492974863,0.09167601769575454,0.2970985719261581,0.2837842029285712,0.09544895163998066,0.29682180536004377,0.19510704709234117,0.10119134405899108,0.23572857330353578,0.21751380477019225,0.1023953718310084,0.2265749844841951
2025-06-12,HOU,CHW,7.0,4.0,3.0,5.2,2.8,3.5,3.4,4.15,3.8,4.4,4.4,3.9,4.8,3.95,4.2,2025-06-12,Framber Valdez,0.250546351310969,0.0818972786888828,0.2524165692765742,Davis Martin,0.1509709335629067,0.0564136600424225,0.1794876609282185,0.3516402749297486,0.08230101769575453,0.3100959194062642,0.28716257475781226,0.09395756177060596,0.29879454157437,0.20760704709234118,0.08619134405899109,0.23430000187496436,0.21799154293533649,0.10236014577467005,0.22618417588883927
2025-06-13,HOU,MIN,13.0,10.0,3.0,4.4,3.0,3.7,3.6,4.15,3.8,4.6,8.4,5.6,7.0,4.35,5.3,2025-06-13,Colton Gordon,0.2384964387252716,0.009090909090909,0.1846594411913693,Chris Paddack,0.1756096804376611,0.0773335596779138,0.1783806079363946,0.35608471937419306,0.07118990658464341,0.3123181416284864,0.2868472530948715,0.09251206082028895,0.29727462555014894,0.22789275539275536,0.06421825396825395,0.227542245123521,0.25832888273080173,0.06682909318620026,0.25598814390684665
2025-06-14,HOU,MIN,5.0,3.0,2.0,5.6,3.2,4.4,2.3,4.55,3.8,4.4,9.4,4.9,7.6,4.15,5.8,2025-06-14,Hunter Brown,0.3075086563380877,0.0824245431268842,0.2563872956995173,Joe Ryan,0.2796819981637795,0.0512153298792974,0.2359384800610454,0.3497210830105567,0.062098997493734334,0.29934821681645635,0.28704653713888867,0.09111036292907244,0.29675770538631097,0.24217846967846962,0.05528968253968254,0.24050520808648396,0.2618313626912249,0.06767214980669012,0.25818262598656494
2025-06-24,HOU,PHI,1.0,1.0,0.0,6.8,5.2,6.3,4.0,4.7,4.2,5.4,3.4,5.7,3.3,4.65,4.4,2025-06-24,Framber Valdez,0.2581658121618141,0.0865759321286557,0.2468113411717731,Ranger Suarez,0.2275530153116359,0.0611177774970878,0.1963149680870591,0.33250083250083246,0.0726345876345876,0.3320367373237881,0.29293439701566637,0.08986173106219543,0.3019095737866342,0.19090102707749765,0.06239028944911297,0.19948072796370006,0.2407740892575117,0.08458813988103149,0.22486544592992508
2025-06-25,HOU,PHI,2.0,2.0,0.0,6.8,4.6,6.2,3.6,4.5,4.05,4.6,3.2,4.9,3.4,4.3,3.6,2025-06-25,Colton Gordon,0.2239260276609083,0.0183982683982683,0.1731998418776213,Zack Wheeler,0.3306860391353144,0.0619179510773713,0.2781677715343628,0.34535797535797536,0.0726345876345876,0.3523876145167705,0.2947190947992948,0.08867933986400865,0.30407743027189776,0.22978991596638654,0.040168067226890744,0.1851950136779858,0.24405542989982168,0.08351740393317034,0.22201904788017918
2025-06-26,HOU,PHI,3.0,2.0,1.0,4.6,4.0,5.4,3.4,4.45,3.4,4.2,3.4,4.6,3.4,4.2,3.45,2025-06-26,Hunter Brown,0.3106100662622401,0.0806653732740689,0.2568020839909556,Cristopher S\xc3\xa1nchez,0.250376261955972,0.0828838118403335,0.2711722772888212,0.31392940392940394,0.05834887334887333,0.31786380499296096,0.2960863792824209,0.08752766012551504,0.3012106238181501,0.22145658263305318,0.05266806722689075,0.1981820266649988,0.2441297370260739,0.08403593638400571,0.22265290069076787
2025-06-27,HOU,CHC,11.0,7.0,4.0,2.8,3.4,5.2,3.2,4.45,3.4,5.2,6.0,5.4,5.8,4.8,4.4,2025-06-27,Brandon Walter,0.2548611111111111,0.0222222222222222,0.2232054963084495,Cade Horton,0.17709411663216,0.0537331780538302,0.2364960936736493,0.3491566766566766,0.07084887334887333,0.3136971383262943,0.30030322057367187,0.08800807473929048,0.30269082949569526,0.17584626158155564,0.06250646412411116,0.16744880097889658,0.1966201629412089,0.07772128240775313,0.18668826522252868
2025-06-28,HOU,CHC,15.0,3.0,12.0,4.0,2.4,4.9,3.3,4.65,2.8,4.8,4.6,5.6,6.4,4.65,4.6,2025-06-28,Ryan Gusto,0.2313023100305847,0.1128186595432602,0.228764615685595,Drew Pomeranz,0.25,0.0534722222222222,0.1924933862433862,0.3610614385614385,0.07680125430125428,0.3074637165756312,0.30011855051216063,0.08870236674078229,0.3014782437011186,0.16712831286360694,0.05378851540616244,0.17587737240746804,0.19499574423777713,0.07758309971098955,0.18585466190724706
2025-06-29,HOU,CHC,2.0,2.0,0.0,3.0,3.4,4.9,4.3,4.75,3.4,6.8,3.6,6.3,6.4,4.85,4.6,2025-06-29,Framber Valdez,0.24849596614308,0.0897856260257871,0.2367427752056801,Jameson Taillon,0.1909340950917037,0.0509808292552857,0.2027780988833266,0.3659503274503274,0.07680125430125428,0.27739835709850696,0.2983670686307586,0.08759358715652252,0.29909865454374346,0.16353856927386334,0.04712184873949578,0.17155044933054495,0.1954373922196469,0.07662528366517486,0.18587497472320696
2025-07-07,HOU,CLE,12.0,5.0,7.0,8.0,3.2,6.0,3.8,5.7,3.6,1.4,4.0,2.2,5.0,2.55,4.15,2025-07-07,Colton Gordon,0.2108898343795368,0.0231986531986531,0.1747783281943788,Tanner Bibee,0.2035257623876549,0.074377911091466,0.2120713365734277,0.32899603174603176,0.05773809523809522,0.315997622059328,0.2998690979563991,0.0841035722074208,0.3029102787884005,0.2201966454598033,0.12000636790110472,0.1944198755698052,0.24164964114084173,0.08552841180683797,0.25398818676018065
2025-07-09,HOU,CLE,6.0,2.0,4.0,8.0,4.0,6.3,4.4,5.75,3.8,2.8,3.6,2.6,5.5,2.9,4.35,2025-07-09,Brandon Walter,0.227878421900161,0.0148148148148148,0.2090455387332218,Slade Cecconi,0.2354871537480233,0.0725417416721764,0.235998817339397,0.277000233426704,0.04985994397759102,0.32159001816896554,0.29752098679469363,0.08433804957637878,0.3037379936413261,0.2077749930381509,0.0924850003797372,0.20300608246635693,0.2402975476653505,0.08560392814576046,0.25317791367529474
2025-07-11,HOU,TEX,10.0,3.0,7.0,7.2,3.4,5.8,4.4,5.35,3.85,7.6,5.2,6.8,3.8,5.4,3.85,2025-07-11,Ryan Gusto,0.2204273753559978,0.1033353556678931,0.2239148990547227,Jack Leiter,0.1980875747836083,0.1071206563868653,0.2093434328624946,0.261000233426704,0.05755225166989871,0.32626838074206493,0.2942151980525303,0.08425566099134209,0.30211751301022366,0.21954545454545454,0.060378787878787865,0.22814487013086332,0.22477818523849544,0.07099720740597774,0.21849443564160714
2025-07-13,HOU,TEX,6.0,1.0,5.0,4.2,4.6,5.8,3.9,5.35,4.1,8.8,5.0,7.5,3.5,5.65,3.7,2025-07-13,Colton Gordon,0.1978008509415831,0.0248787878787878,0.1598004953749409,Nathan Eovaldi,0.263840375500222,0.0422982338302031,0.265427959369395,0.23598617584685694,0.0652445593622064,0.28232294021767707,0.29589437830961757,0.08326013658852027,0.30105420029706936,0.21470862470862467,0.0687121212121212,0.23112449661643208,0.22504204272660164,0.07125967817038957,0.22083486517382642
2025-07-24,HOU,ATH,7.0,2.0,5.0,5.0,3.2,4.1,4.0,4.9,3.85,3.0,5.0,3.9,5.5,4.35,5.2,2025-07-24,Jason Alexander,0.2541798941798941,0.0975132275132275,0.2992340992340992,Luis Severino,0.1612394507332752,0.0750601813645291,0.1419635348689048,0.2133051370891661,0.09148701872839801,0.24852839511970953,0.2890143353092868,0.08506016767254233,0.2981612665179305,0.2948219427631192,0.0833843607373019,0.29201785710737116,0.24429448090717362,0.09535465674650687,0.26228240693273575
2025-07-25,HOU,ATH,18.0,3.0,15.0,5.2,3.0,3.8,4.4,4.9,4.1,2.4,5.0,4.2,4.8,4.6,4.9,2025-07-25,Ryan Gusto,0.2150899900403075,0.0940288597993048,0.2236840794866544,Jeffrey Springs,0.1874241029433357,0.0866485890420727,0.2230054343064992,0.2233051370891661,0.09379471103609031,0.251488921435499,0.2871241919561939,0.08520956599581692,0.2970546538527512,0.2759330538742303,0.08949547184841303,0.30462289912417784,0.24302606786149683,0.09550471821664594,0.26370604787511304
2025-07-26,HOU,ATH,6.0,1.0,5.0,3.6,5.4,3.6,5.2,4.95,4.8,5.0,4.0,5.1,4.4,5.35,4.9,2025-07-26,Hunter Brown,0.3091404827057,0.0756525431090648,0.2666920497422401,Sean Newcomb,0.2687581576886537,0.0670947593497154,0.21115423231645,0.21971539349942248,0.10276907001044928,0.26453837198494956,0.2865916091975517,0.08601607194305304,0.2971191763747183,0.286647339588516,0.08830499565793683,0.3129017662265744,0.24309185967412422,0.09538989383095432,0.2636640970391144
2025-07-27,HOU,ATH,8.0,1.0,7.0,2.6,5.8,3.5,5.3,4.65,4.85,5.6,2.8,5.2,4.2,5.25,4.95,2025-07-27,Colton Gordon,0.1943212219384988,0.0438092463092462,0.1670723082372874,J.T. Ginn,0.2937103609586447,0.0466140267055598,0.2503692265944167,0.20012475022456871,0.1138801811215604,0.2634631031677453,0.2865051990855932,0.08626210173881833,0.2973687986177239,0.2729218493924376,0.07732460350107409,0.31567954400435216,0.2439352379326215,0.09512145245558715,0.2643152113970043
2025-07-28,HOU,WSN,3.0,1.0,2.0,2.2,7.0,3.3,5.3,4.55,4.6,4.4,2.4,4.0,4.5,4.4,5.55,2025-07-28,Framber Valdez,0.2512729633906545,0.0811856436777725,0.2334873574194461,Brad Lord,0.2021842317718276,0.0807247402356097,0.1994489549488212,0.20443847571476476,0.10721351445489373,0.2741038354331915,0.2854369018928718,0.08542460560543175,0.296781160818165,0.18029127675866802,0.07663627636453721,0.19839126778754435,0.19143273182266762,0.09404067712381974,0.21667136742581916
2025-07-29,HOU,WSN,11.0,7.0,4.0,1.6,6.8,3.3,5.0,4.5,4.7,3.6,2.4,4.1,3.8,4.05,5.4,2025-07-29,Jason Alexander,0.2321541950113378,0.0931065759637188,0.2900998161502363,Michael Soroka,0.2491297360402219,0.0732745881253979,0.2156782908097536,0.24610514238143147,0.10721351445489373,0.2921162577934399,0.2883012906567224,0.08620577926948207,0.2994220013048035,0.18822778469517595,0.06711246684072769,0.2091368818226321,0.19299603489172604,0.09382735537197778,0.21737887024884603
2025-07-30,HOU,WSN,10.0,9.0,1.0,2.6,6.6,3.9,4.8,4.55,4.65,4.4,2.8,4.3,3.8,3.7,5.4,2025-07-30,Ryan Gusto,0.2166078165602942,0.0921145615471611,0.2291255199134227,MacKenzie Gore,0.2968236954365318,0.0879654043525678,0.2817404014686373,0.2606241986427745,0.1021318447634237,0.293351722909719,0.28956558914169594,0.08588602498070004,0.30055707416059385,0.18672276797276793,0.06995527620527618,0.2007647887993763,0.19227069452250067,0.09402882509172206,0.2164340123004217
2025-08-12,HOU,BOS,15.0,1.0,14.0,5.8,4.2,5.7,4.1,4.5,4.55,5.4,4.8,6.9,3.9,4.8,3.5,2025-08-12,Colton Gordon,0.2073773739064683,0.0409521430950002,0.1716968991240241,Dustin May,0.2191472231472231,0.0888888426388426,0.1892406461371574,0.22118758434547905,0.09246288798920375,0.26115926115926114,0.2838271983709067,0.08770198908305839,0.2983628051590946,0.1984047619047619,0.08692460317460315,0.24813593287720667,0.2280167806587557,0.08536063237344133,0.2529364440905913
2025-08-13,HOU,BOS,5.0,4.0,1.0,4.6,6.4,5.1,5.1,4.5,4.95,7.0,4.6,7.5,3.5,5.45,3.55,2025-08-13,Hunter Brown,0.2991835805446391,0.0736063061771946,0.2564323286498854,Walker Buehler,0.1685410142645975,0.1016102300729437,0.1777123483913688,0.218084136069617,0.09280771557541065,0.24297744297744295,0.28199077374586795,0.08783657273074223,0.2965896964902911,0.19378937728937728,0.09461691086691085,0.2550737319202689,0.22739349808049852,0.08528972854612735,0.2527207826047269
2025-08-15,HOU,BAL,7.0,0.0,7.0,4.6,5.4,4.6,5.1,4.15,4.85,2.8,4.2,2.8,4.7,5.1,4.0,2025-08-15,Framber Valdez,0.2478095674204141,0.0824903948654029,0.238149767034813,Brandon Young,0.1920343160077982,0.0978989908701848,0.2097398679333217,0.23613969162517257,0.08655771557541066,0.2782338532338532,0.28430911935442466,0.08709219499573595,0.29901972731099485,0.2412518853695324,0.06420347626229979,0.2542058286050794,0.2556760574122856,0.09404434292132334,0.2506726410904962
2025-08-26,HOU,COL,7.0,1.0,6.0,6.0,5.4,3.5,7.1,4.6,5.6,2.8,6.0,4.2,5.9,3.65,7.25,2025-08-26,Hunter Brown,0.2916096026356896,0.0773796374318113,0.2506646643825184,Tanner Gordon,0.1257890095609393,0.0487329434697855,0.1363742711847665,0.23957698099002442,0.08698208796034881,0.2818041460944162,0.2808144210447059,0.08708359288359632,0.2976747600284496,0.2641044530182461,0.06813348337486266,0.2292246620187796,0.2017956057939314,0.09134231779472786,0.2429052928720056
2025-08-27,HOU,COL,4.0,4.0,0.0,5.8,5.2,3.5,6.3,4.3,5.7,2.4,5.6,4.4,5.7,3.9,6.55,2025-08-27,Framber Valdez,0.239184802026781,0.083624496609504,0.2422895488637912,Chase Dollander,0.1735207695304949,0.1092227287784114,0.2068461214547328,0.28762892904197246,0.10126780224606309,0.32112038541065546,0.28306724391589866,0.08751594598416644,0.30013762712423386,0.21795060686439993,0.08351809875947803,0.20065323344735106,0.2014323523700846,0.09239858228695894,0.24142585162008925
2025-08-28,HOU,COL,7.0,4.0,3.0,5.2,4.8,3.5,6.2,4.05,5.65,1.4,4.6,3.4,5.4,3.7,6.25,2025-08-28,Jason Alexander,0.2267944454900976,0.0815067862893949,0.252189257967754,Kyle Freeland,0.1645983123619305,0.0577622129614883,0.1814331805163725,0.3099891774891775,0.09257215007215004,0.3236844879747581,0.28528540797368845,0.08684274639967286,0.30137917200434333,0.21045060686439995,0.08351809875947803,0.2218653546594723,0.20217346250264037,0.09170385610435022,0.2423447276502868
2025-08-29,HOU,LAA,2.0,2.0,0.0,4.0,4.0,3.9,5.8,4.1,5.45,2.8,8.6,2.5,6.4,3.9,6.0,2025-08-29,Cristian Javier,0.2104299209562367,0.1303258145363408,0.2088578088578088,Tyler Anderson,0.1803667694285542,0.0874642651187273,0.2305788494540691,0.3372619047619047,0.09742063492063488,0.34321285938227464,0.2856521860298689,0.087706542228683,0.30173372860703174,0.2569049131449313,0.07554977962146742,0.30029117115324006,0.23664958156975002,0.09078736093874067,0.2553987038142946
2025-08-30,HOU,LAA,5.0,1.0,4.0,2.6,2.4,4.1,4.6,4.15,5.15,2.6,6.6,2.3,5.9,3.5,5.85,2025-08-30,Spencer Arrighetti,0.1749043227304096,0.1154426250078423,0.2327253371416438,Kyle Hendricks,0.1549779254462253,0.0659574177317076,0.1583485287317882,0.35630952380952374,0.10218253968253965,0.35710174827116353,0.28619378202314916,0.08866547535032716,0.30239399497280334,0.24761698744833685,0.07740736476078632,0.2931483140103829,0.23576150304179314,0.09142678800811795,0.2550918904596037
2025-08-31,HOU,LAA,3.0,0.0,3.0,2.4,2.6,4.2,4.0,3.8,5.25,2.8,6.0,2.6,5.6,3.45,5.85,2025-08-31,Hunter Brown,0.2900092333035476,0.0744034975305878,0.2522416644703703,Jos\xc3\xa9 Soriano,0.2081921437263502,0.1007730074106973,0.2484388060544763,0.37630952380952376,0.10218253968253965,0.36450915567857095,0.28704946787259916,0.08900132390659037,0.30262662157701786,0.2419027017340511,0.0974073647607863,0.3034657743278432,0.23623734376000208,0.09223103402287262,0.25608297933685764
2025-09-02,HOU,NYY,8.0,1.0,7.0,3.0,2.6,4.1,3.7,3.65,5.1,7.6,2.4,5.9,3.8,6.05,3.8,2025-09-02,Framber Valdez,0.2376776942565202,0.0834850928937539,0.2435287894429365,Max Fried,0.2306542883124036,0.0648899560982408,0.2312214825844618,0.3718406593406593,0.1012301587301587,0.38618917972184885,0.28705139408455305,0.08867044009562854,0.3021968569835915,0.2777004048582996,0.035692307692307676,0.2841000060971517,0.2555182378635742,0.08705640842172513,0.26634863982734464
2025-09-03,HOU,NYY,15.0,8.0,7.0,2.4,3.4,3.2,3.7,3.5,5.2,8.0,2.4,6.3,3.3,6.25,3.75,2025-09-03,Jason Alexander,0.2339641035293209,0.0783139565748261,0.2573400024448661,Will Warren,0.2439821547530357,0.1059857871687717,0.2228573441757473,0.3739239926739927,0.10331349206349205,0.37821816522909524,0.2872385161868725,0.08847801038904303,0.3024258016626337,0.3289824561403509,0.02799999999999999,0.2905615445586901,0.2584975743041763,0.08642556488243727,0.2672056452243594
2025-09-04,HOU,NYY,12.0,4.0,8.0,3.6,4.8,3.1,3.6,3.55,5.5,7.2,3.6,7.0,4.0,6.35,3.95,2025-09-04,Cristian Javier,0.2292510121457489,0.1334586466165413,0.2191433566433566,Carlos Rod\xc3\xb3n,0.265906617546958,0.1025243170043983,0.2807796157572153,0.36888197586726995,0.09974206349206347,0.38224115373484235,0.2868593599931512,0.08783218549569236,0.3026514040835877,0.33403508771929824,0.041052631578947354,0.3029097226963419,0.2581524573364446,0.08731837604004183,0.2674969161773662
2025-09-15,HOU,TEX,9.0,6.0,3.0,4.6,4.2,4.9,4.7,4.5,4.2,5.4,2.4,4.3,3.8,5.65,3.25,2025-09-15,Jason Alexander,0.2259572955225129,0.0765677478720956,0.2524926894783082,Jack Leiter,0.2297026741718412,0.1150320998259948,0.2272698644805527,0.21651283380865954,0.10908132399965428,0.26035648903613107,0.2820738820214171,0.08927770512181221,0.29977419897831853,0.25449719424022826,0.02978321678321678,0.20292521367521368,0.23712688840811402,0.07156991909141942,0.22086293759431547
2025-09-16,HOU,TEX,11.0,6.0,5.0,5.2,4.4,5.4,4.3,4.3,4.0,5.0,3.6,3.7,3.8,5.5,3.4,2025-09-16,Colton Gordon,0.1960964927969235,0.0474857985152102,0.1623169865673167,Merrill Kelly,0.2287221537679203,0.0672419075260417,0.218285782935902,0.21415989263218896,0.09496367694083076,0.2568842668139088,0.281360346252592,0.0890719336643119,0.29901558952576235,0.24116386090689496,0.02978321678321678,0.221258547008547,0.23687771466040852,0.07108958406396024,0.22105848834871603
2025-09-17,HOU,TEX,7.0,5.0,2.0,6.4,4.2,5.2,4.1,4.15,3.85,5.0,4.0,3.9,3.9,5.55,3.4,2025-09-17,Cristian Javier,0.2248037050668629,0.1186441482494113,0.2069421319421319,Jacob deGrom,0.2731235505320173,0.0569712145427248,0.2697229338637185,0.19347023745977515,0.09496367694083077,0.2464794597297848,0.280397733421922,0.08939984709262362,0.29841600449105815,0.24642701880163176,0.050835848362164135,0.22378379953379954,0.2370529158609181,0.07201916227546365,0.22160496711325994
2025-09-19,HOU,SEA,4.0,0.0,4.0,5.2,4.0,5.3,3.5,4.3,3.8,7.0,3.4,7.4,2.7,5.8,4.15,2025-09-19,Hunter Brown,0.281225169688438,0.0766541102298223,0.2469018533167311,Bryan Woo,0.2726625997690465,0.0490733401752891,0.2313314448921859,0.17256114655068425,0.10314549512264895,0.22542682815083745,0.2791344758051697,0.09001596932412734,0.2974791960400651,0.3126389101094983,0.04509803921568627,0.2678136214752179,0.23637447741686823,0.07422348771283171,0.22802709962808926
2025-09-20,HOU,SEA,10.0,4.0,6.0,4.0,4.4,4.2,3.9,4.25,3.7,6.8,2.8,6.8,2.5,5.55,3.85,2025-09-20,Framber Valdez,0.2342143999327476,0.0836087470291057,0.2404469998551926,George Kirby,0.2454477851053048,0.0564842292694531,0.2326330768627204,0.18089447988401758,0.07814549512264894,0.22685539957940884,0.27783777949740923,0.08941983707694769,0.2969282458297714,0.289305576776165,0.03509803921568627,0.24559139925299567,0.23657117994446433,0.07374151701339773,0.22798940561896025
2025-09-21,HOU,SEA,10.0,3.0,7.0,4.2,4.0,4.4,4.1,4.25,4.0,5.8,3.2,5.6,2.7,5.55,3.7,2025-09-21,Jason Alexander,0.2274599645523558,0.0749072636300897,0.2548570576762365,Logan Gilbert,0.3335050355739839,0.0572823685782595,0.3082412978562186,0.18459195887561422,0.07259927663525399,0.21708581432595264,0.27794488388926064,0.08921854557915043,0.29666649985156807,0.2731291061879297,0.04134803921568627,0.2538039596394691,0.23665781749320972,0.07366899109718227,0.22848204058972155
2025-04-24,KCR,COL,11.0,7.0,4.0,2.0,4.8,2.1,4.5,2.85,3.9,5.0,6.0,3.5,5.3,3.25,5.65,2025-04-24,Michael Lorenzen,0.1767753623188405,0.0725,0.2051323486927632,Germ\xc3\xa1n M\xc3\xa1rquez,0.1356719367588932,0.1010869565217391,0.2026757171918461,0.26764454499748613,0.1264228255404726,0.2529236683268941,0.23143818148655607,0.09900152593651045,0.2070806129873589,0.19214962651727355,0.12418814192343601,0.25058346048528374,0.18918629873738227,0.12938681717319486,0.23481462779083104
2025-04-25,KCR,HOU,2.0,2.0,0.0,3.6,4.4,3.1,4.2,3.2,3.75,4.0,1.4,3.9,2.6,3.85,3.45,2025-04-25,Seth Lugo,0.1715373193634062,0.0824602128949954,0.1679536176172596,Hayden Wesneski,0.2776621023903632,0.047077922077922,0.2498115686105607,0.19381863406631203,0.10668598343520944,0.20767111386381334,0.22562527870636945,0.09341031543936996,0.2062556639347654,0.2600524475524475,0.04217032967032966,0.26599885408708934,0.28581637929064396,0.08827154259139552,0.2696569453387084
2025-04-27,KCR,HOU,10.0,3.0,7.0,3.6,1.8,2.8,3.4,2.85,3.45,3.0,1.2,2.9,1.9,3.65,3.25,2025-04-27,Kris Bubic,0.2621481481481481,0.0617037037037036,0.2928790393383661,Hunter Brown,0.2782213438735177,0.0529644268774703,0.2600020134903856,0.17353891378659175,0.07591675266597867,0.18671873291143237,0.22790745576846858,0.08673815005084354,0.20546869474214607,0.23941752691752688,0.04217032967032966,0.2923624904507257,0.28327261300790707,0.0847406808877397,0.27487066752516004
2025-05-05,KCR,CHW,3.0,3.0,0.0,5.2,2.2,4.2,2.1,3.35,3.4,4.8,4.8,4.6,4.7,3.95,4.95,2025-05-05,Cole Ragans,0.3534086686260598,0.0779220779220778,0.3263926955289081,Shane Smith,0.2009237107921318,0.088948697501329,0.2413081530728589,0.19030788655788652,0.012222222222222204,0.22021898179792912,0.2175854273742376,0.07288258353273831,0.20711564590282802,0.2114913999340043,0.10680482226988577,0.22030379673236813,0.23800695880999648,0.10556668597366445,0.23965897662521118
2025-05-06,KCR,CHW,7.0,4.0,3.0,5.2,2.2,3.9,1.9,3.5,3.05,4.4,4.0,4.4,4.6,3.85,4.95,2025-05-06,Seth Lugo,0.1959105996373076,0.0641911573588591,0.1735582059266459,Sean Burke,0.1699654038163354,0.1006330384591254,0.239443094310895,0.19635184260184257,0.012222222222222204,0.20530670109617474,0.2174937686773342,0.07085806732349559,0.205992063146268,0.1948247332673376,0.11236037782544132,0.22861148904006043,0.23596866474875847,0.10731239970775022,0.23738300586449088
2025-05-07,KCR,CHW,3.0,2.0,1.0,4.4,2.4,4.1,2.2,3.55,2.9,4.2,3.6,4.5,4.6,3.95,4.85,2025-05-07,Michael Wacha,0.1793315138967312,0.0869615408745843,0.2074881540818255,Tyler Gilbert,0.3242559523809524,0.1138392857142857,0.2154127122877122,0.18301850926850924,0.012222222222222204,0.19530670109617473,0.21702096411848731,0.06894298442286056,0.20312741279096344,0.18130491974752408,0.12168438714945065,0.20622091664948802,0.23155073175360064,0.10860500398937255,0.23331428600461868
2025-05-08,KCR,CHW,10.0,10.0,0.0,4.8,2.0,4.1,2.3,3.45,2.85,2.8,4.0,4.3,4.2,3.45,4.9,2025-05-08,Kris Bubic,0.2346497887230152,0.070226411439226,0.2588024884162932,Davis Martin,0.1553594231855101,0.0686061764322633,0.1523128095233757,0.22039224664224663,0.012222222222222204,0.2108744666639403,0.2259297691563049,0.06712869535910108,0.206891266300513,0.19425134831895266,0.11543438714945065,0.2017311207311207,0.23301461159037595,0.1056697336112814,0.23241389989638572
2025-05-10,KCR,BOS,11.0,1.0,10.0,6.0,2.0,4.8,1.6,3.9,2.65,3.8,3.8,5.7,3.2,5.2,4.25,2025-05-10,Cole Ragans,0.3814931445366228,0.0810760667903524,0.3244080247390641,Garrett Crochet,0.2846133958633958,0.1009304353054352,0.264868091758848,0.23753968253968255,0.012222222222222204,0.22082007660955028,0.23129994736515633,0.06377226059114602,0.2114068428456272,0.2157800337627703,0.05032545956458998,0.26902816432845117,0.23174451994569942,0.06478345760407611,0.2655217038555023
2025-05-16,KCR,STL,13.0,3.0,10.0,2.6,4.8,4.3,3.4,4.05,2.65,5.6,2.8,5.6,2.2,4.65,3.35,2025-05-16,Cole Ragans,0.3772847623391101,0.0818111236589497,0.3177111883133477,Andre Pallante,0.1500212790430181,0.0907686335403726,0.2177008309847055,0.28260184260184257,0.04178321678321677,0.2402178672391438,0.23203351964703872,0.06597161314395575,0.214471695088676,0.2252510234863176,0.07588235294117646,0.22982266513973829,0.18983588158813436,0.08071002023862693,0.21858386600272936
2025-05-18,KCR,STL,3.0,2.0,1.0,2.8,4.4,3.2,3.9,3.55,2.9,5.8,2.8,5.6,1.8,5.0,3.2,2025-05-18,Michael Wacha,0.1736070504911084,0.0800177063945179,0.1901236367496324,Matthew Liberatore,0.221970611916264,0.0398253367003366,0.2188063626909504,0.2584351759351759,0.04654512154512153,0.2337532207744973,0.22583249854757,0.0641774816829161,0.20964354214916214,0.20858435681965096,0.0542156862745098,0.22549714545818142,0.18695428685088394,0.07712290822802129,0.2161617691717859
2025-05-26,KCR,CIN,11.0,4.0,7.0,3.6,3.2,2.7,3.4,3.5,3.25,4.2,6.4,4.7,4.0,4.4,4.3,2025-05-26,Michael Lorenzen,0.2015811064941499,0.0653149330540634,0.2277338317918731,Nick Martinez,0.1841406130101782,0.0572491059664972,0.208730977683569,0.19107233044733044,0.08295003607503605,0.17123433133856278,0.22411540164055643,0.06570783244867351,0.20779097128738713,0.19431457431457427,0.04577922077922076,0.2135350875182243,0.20061226917797764,0.08595363573260183,0.21510848089579898
2025-05-28,KCR,CIN,5.0,3.0,2.0,3.8,5.2,2.9,4.2,3.6,3.8,6.8,6.8,4.9,4.1,4.35,4.5,2025-05-28,Noah Cameron,0.1942857142857142,0.08,0.2310139042697182,Hunter Greene,0.3376972091163642,0.0533750686397245,0.2930921330297342,0.22214375901875902,0.06652146464646462,0.18012322022745167,0.22697437539148893,0.06574207652788755,0.20649231414957225,0.20463203463203464,0.04577922077922076,0.21138357236670915,0.2025178400633447,0.08486799001199305,0.21662516934865467
2025-05-30,KCR,DET,12.0,5.0,7.0,2.8,4.8,2.9,3.4,3.2,3.6,3.2,1.6,3.3,3.3,4.95,3.35,2025-05-30,Seth Lugo,0.1891216889551055,0.0614207085971203,0.1720267527577616,Casey Mize,0.2254960317460317,0.053885582010582,0.2532097434023454,0.239643759018759,0.06652146464646462,0.18769897780320924,0.2282555267004102,0.0645887067642404,0.20579361857969675,0.1891654668860551,0.0714121417797888,0.19189520876034502,0.21585159745663104,0.07220002474340563,0.21607228749163476
2025-05-31,KCR,DET,1.0,1.0,0.0,3.6,5.6,3.4,4.0,3.3,3.95,4.4,2.0,3.7,3.6,4.65,3.55,2025-05-31,Michael Wacha,0.1697101164097211,0.069421601674566,0.1863637836032346,Tarik Skubal,0.3436610921877379,0.0263134640209738,0.3236506120592036,0.27158820346320345,0.06513257575757572,0.21366124195415265,0.23078560382626517,0.0641934991763512,0.20810101552676114,0.17679088494625578,0.06472317856908648,0.19260745947259575,0.21664138636471456,0.07245891065561133,0.2156553647691095
2025-06-01,KCR,DET,1.0,0.0,1.0,3.0,4.6,3.3,3.9,3.15,3.8,3.4,2.2,3.3,2.6,4.15,3.5,2025-06-01,Kris Bubic,0.2585183970195411,0.0703072501699503,0.2858037844375165,Tyler Holton,0.1991373360938578,0.0769841269841269,0.2238073094850588,0.27658820346320345,0.07763257575757573,0.20752089107695965,0.23111127155802338,0.06522411783437915,0.20635800099062515,0.16909857725394808,0.05959497344088136,0.18231334182553693,0.21290619004808153,0.07120961909258354,0.21193716882481448
2025-06-10,KCR,NYY,12.0,2.0,10.0,5.4,5.6,3.8,4.5,3.4,4.2,5.4,6.2,4.5,6.2,4.65,4.15,2025-06-10,Noah Cameron,0.1599576719576719,0.0818624338624338,0.2396778612784084,Max Fried,0.2442252034582792,0.057641793830238,0.2199614787660411,0.24627917833800184,0.09762605042016803,0.22075512131708427,0.2298993455349,0.07057298166308157,0.20865334553858925,0.2407668382668382,0.058353418353418327,0.23909347054491267,0.2660279443946334,0.09410653521404566,0.2674141350547105
2025-06-11,KCR,NYY,9.0,3.0,6.0,3.8,6.2,3.8,4.8,3.35,4.5,7.4,5.8,5.4,6.4,5.05,4.1,2025-06-11,Kris Bubic,0.2658213511140666,0.0708585690660442,0.2882213703022913,Clarke Schmidt,0.2469657234874626,0.1038275090449003,0.2680406494919439,0.23056489262371613,0.10714985994397756,0.2157163616271618,0.22860020818150062,0.07094111768658924,0.20727462500469152,0.213494110994111,0.06744432744432742,0.22609037456968045,0.2633338081871635,0.0954559451618016,0.2649195046368648
2025-06-12,KCR,NYY,1.0,0.0,1.0,3.0,6.4,3.8,5.2,3.35,4.3,7.8,6.4,5.5,5.9,4.95,4.15,2025-06-12,Seth Lugo,0.191439865100361,0.0692129570097003,0.1599410805391787,Will Warren,0.2804081164163016,0.119821419526577,0.2554817997532763,0.21806489262371614,0.10923319327731092,0.21401216199234746,0.22891491100236092,0.07081698360296293,0.2089703017717003,0.22016077766077763,0.06077766077766076,0.23372584254997605,0.26136410402271154,0.09400964296238036,0.2641523259951807
2025-06-13,KCR,ATH,10.0,4.0,6.0,2.6,5.2,3.3,4.6,3.35,4.3,4.6,5.0,4.9,6.2,4.5,7.2,2025-06-13,Michael Wacha,0.1790523727480248,0.0651627599453686,0.1872029217901495,Luis Severino,0.1684825527232894,0.0726660296225513,0.1562454045045421,0.22877917833800185,0.10387605042016804,0.23583878737934433,0.23077328703338257,0.0708258471946384,0.2106305787281207,0.2287419836355594,0.10825842178976852,0.25751425125682825,0.23581003993338803,0.1053388632165831,0.2659427944491529
2025-06-14,KCR,ATH,4.0,0.0,4.0,3.2,5.6,3.6,5.2,3.45,4.55,4.8,5.0,5.1,5.8,4.55,7.05,2025-06-14,Michael Lorenzen,0.1956238396550932,0.0703335155108306,0.2126134580427206,Jacob Lopez,0.228392094017094,0.1048076923076923,0.2259119460261101,0.23770774976657325,0.09851890756302517,0.22325137479193174,0.23053775027984444,0.07083445754083745,0.2102189730579787,0.22197506634232633,0.11577721878224971,0.2474265319585826,0.2345008441999198,0.10787936212500145,0.26337083020808505
2025-06-15,KCR,ATH,5.0,2.0,3.0,1.8,5.4,3.6,5.5,3.3,4.7,4.8,3.6,5.1,4.8,4.5,6.55,2025-06-15,Noah Cameron,0.1732980599647266,0.0748853615520282,0.2397315510653404,Jeffrey Springs,0.2004233889196294,0.1077064595109707,0.2403255406722808,0.2162791783380018,0.0842331932773109,0.20739459729832563,0.2272907397125227,0.06983678912476932,0.20808664286577852,0.21697506634232636,0.10577721878224974,0.24048208751413816,0.23541055469714312,0.10638103765104309,0.2627993217638369
2025-06-24,KCR,TBR,6.0,1.0,5.0,3.8,3.4,3.1,3.2,3.45,4.2,7.6,6.4,7.0,4.7,5.6,3.65,2025-06-24,Kris Bubic,0.2530366584428369,0.0758037792362734,0.2825089550129406,Taj Bradley,0.2119344353417579,0.1004712109654901,0.2084050690521474,0.20499833499833495,0.06809097335413121,0.21981666216320944,0.22584868330953706,0.07046749510952297,0.21036086079625277,0.20932360691312096,0.08219454777958612,0.21389958732549816,0.23488171756399484,0.06695658640892682,0.25875572676682607
2025-06-25,KCR,TBR,3.0,0.0,3.0,2.8,3.8,3.2,3.6,3.25,4.1,6.2,5.0,6.8,4.3,5.8,3.6,2025-06-25,Michael Wacha,0.1815762385762385,0.0670333981638329,0.196029380290692,Drew Rasmussen,0.2251562879271857,0.0569455203665729,0.1837641243931539,0.17697635697635694,0.06864042390358176,0.19857483209784996,0.2239635490514806,0.07054921133501098,0.20910453485087122,0.19676322043969102,0.06915106951871657,0.19988341481875962,0.2347194163416644,0.06609816863445339,0.2572698474859327
2025-06-26,KCR,TBR,4.0,0.0,4.0,2.0,4.2,2.8,3.3,3.2,4.25,6.6,4.2,6.3,3.9,5.15,3.45,2025-06-26,Michael Lorenzen,0.1913184388121919,0.0772890467760532,0.2046415196724619,Shane Baz,0.2264803455718787,0.0964622741159735,0.2230777123229811,0.17777000777000776,0.06149756676072462,0.1894839230069409,0.22394178246611487,0.06966734619332335,0.207627091801599,0.21759655377302436,0.07581773618538323,0.2247999887898386,0.2359676937719387,0.06610536481207635,0.25891322630501645
2025-06-27,KCR,LAD,9.0,4.0,5.0,0.8,4.0,2.8,3.3,3.2,4.4,7.2,4.6,6.3,4.5,5.1,4.7,2025-06-27,Noah Cameron,0.1850871813371813,0.0794594757094756,0.2391696517457318,Dustin May,0.2205159655159654,0.0867599992599992,0.1901929881718125,0.20277000777000773,0.06983090009405796,0.196645048326634,0.2242634888554221,0.06983606208394076,0.20667410033008166,0.20730234677603096,0.08963355358092197,0.21769375632572302,0.2412726167162372,0.06616037960102257,0.23215074725900706
2025-06-29,KCR,LAD,6.0,1.0,5.0,2.8,4.4,3.3,3.9,3.0,4.3,6.0,4.4,5.9,4.9,5.25,4.8,2025-06-29,Kris Bubic,0.2566803683928016,0.0707501939538552,0.2799713209750408,Jack Dreyer,0.2450925925925925,0.0804629629629629,0.2329886399004045,0.19358997211938386,0.0704844948652998,0.19837581755740322,0.22523800436138644,0.06957069985087627,0.20802702593226072,0.19656371041239462,0.08003128085364926,0.21857672393282854,0.23951070145264824,0.06603645681696214,0.23175460929925298
2025-07-07,KCR,PIT,12.0,9.0,3.0,3.8,3.0,4.1,3.9,3.45,3.6,1.2,1.6,4.5,1.6,3.9,3.2,2025-07-07,Noah Cameron,0.1954381661223766,0.0846202121465279,0.2321065124716362,Andrew Heaney,0.1846813894639981,0.0794593480782738,0.1825098892710886,0.20273858666273528,0.06679498992579486,0.25398644136811893,0.22189811498809386,0.06950187833029835,0.21187325868590992,0.19026099942428537,0.06826766427172105,0.16940954087728277,0.20825775344519906,0.0817758265604078,0.22949637586990831
2025-07-08,KCR,PIT,7.0,4.0,3.0,5.2,3.0,4.6,3.7,3.8,3.6,1.6,3.4,4.6,2.1,3.8,3.55,2025-07-08,Seth Lugo,0.2172725944766854,0.0757655064382674,0.1858822599566337,Mitch Keller,0.1844128004756023,0.0590532611064011,0.1716410815542687,0.18443793306796402,0.0831348592068406,0.2535056721373497,0.2206939084242136,0.07116188206825404,0.21160833196106307,0.19859433275761876,0.0616009976050544,0.19695583717357906,0.20761755835239465,0.08087719110370002,0.23040850360760162
2025-07-09,KCR,PIT,7.0,4.0,3.0,5.4,3.2,4.1,3.5,3.7,3.7,1.2,4.2,4.0,2.4,3.85,3.6,2025-07-09,Kris Bubic,0.2537272600369921,0.0745009451295626,0.2796920364600246,Bailey Falter,0.1486614972441911,0.0873664741844622,0.1595501468849799,0.17629313668787353,0.09263712165027951,0.23193704468636928,0.21997511536423447,0.07205096025941425,0.210597995690767,0.18252290418619016,0.054458140462197255,0.19995583717357907,0.20671954141378168,0.07999809120039894,0.22953449813360596
2025-07-11,KCR,NYM,11.0,3.0,8.0,4.4,3.2,4.4,3.3,3.6,3.7,5.2,5.4,4.1,6.0,3.7,5.75,2025-07-11,Michael Wacha,0.1827288760622093,0.0731304185168919,0.2126300200726226,Kodai Senga,0.2405111148052531,0.1054003259741685,0.2655219094390477,0.1887931366878735,0.08638712165027951,0.23979911365188658,0.2202945290305724,0.07128446068218644,0.2117618468004397,0.23849270569471806,0.12307981406278616,0.2372609448008384,0.2445610518164643,0.09280005472037034,0.24904628603235401
2025-07-13,KCR,NYM,5.0,3.0,2.0,4.2,4.0,4.0,3.5,3.3,3.95,3.8,4.0,4.9,4.3,4.2,5.35,2025-07-13,Noah Cameron,0.2031256055657969,0.0805638292241162,0.2376516884538385,Clay Holmes,0.1907397969011241,0.0973583470093767,0.2050170079208191,0.22525033540313677,0.08065188914085346,0.2516780217807947,0.2223796686689262,0.0720293286506233,0.21344513173812896,0.20717617908407382,0.12378009417483098,0.23605764359753723,0.24121690937220788,0.09235012875633249,0.24758188378929769
2025-07-26,KCR,CLE,10.0,4.0,6.0,5.6,4.2,4.3,4.0,4.45,3.85,6.0,3.2,5.4,3.6,4.0,4.55,2025-07-26,Michael Wacha,0.1794559884559884,0.0758173766652027,0.2166875308858731,Gavin Williams,0.2301218292682823,0.1298025062063963,0.2626928009960572,0.21145719871526322,0.09878857701438343,0.23885279978137128,0.21914813316530524,0.07464684538125592,0.21334118055393247,0.33128485077014486,0.04558663558663558,0.2999939654893215,0.24917685858861494,0.08174687269957642,0.2579634165591378
2025-07-27,KCR,CLE,5.0,4.0,1.0,6.2,4.8,4.3,4.3,4.2,3.9,5.6,3.6,5.6,3.8,4.0,4.25,2025-07-27,Noah Cameron,0.2162059967323125,0.0710183968078704,0.242135800841299,Joey Cantillo,0.3365556149926859,0.1198525100630363,0.3177901027001577,0.202745077503142,0.09424312246892887,0.21688887481744631,0.21955541259130518,0.07452370200602854,0.21322655296858584,0.29296317244846654,0.05957264957264956,0.27794771109012595,0.24732577694313024,0.0824000327517131,0.2583481614371696
2025-07-29,KCR,ATL,15.0,9.0,6.0,4.6,5.4,4.7,4.3,4.6,3.9,3.4,8.2,4.8,7.0,4.2,5.6,2025-07-29,Seth Lugo,0.2182074700635466,0.0705808411473767,0.1876651392605041,Erick Fedde,0.1326120521059715,0.1126572602919613,0.1585365714506581,0.18268528884908192,0.10515524705179873,0.2011794616815626,0.21752617832437135,0.07538661701848434,0.21195325095244208,0.20611433714441613,0.08799938063549675,0.25634929267360035,0.25266762568041484,0.07794260230942207,0.26207096009047665
2025-08-12,KCR,WSN,13.0,8.0,5.0,4.4,4.4,5.4,5.3,4.85,4.7,3.2,4.0,3.9,7.5,3.95,6.0,2025-08-12,Michael Wacha,0.1806110797415145,0.0681020666653936,0.2062258124091379,Mitchell Parker,0.151595494842644,0.0853683486801359,0.1815377316179128,0.20418173329938036,0.06130443086325436,0.17046181809339703,0.21630865146901387,0.07366569651399936,0.2089893037307259,0.23984268998974878,0.10635127127774184,0.24717749985728332,0.19698405497061303,0.09504666176695567,0.2189893273771816
2025-08-13,KCR,WSN,15.0,7.0,8.0,5.6,4.2,5.5,4.8,5.1,4.55,4.2,4.4,3.5,6.7,4.15,6.0,2025-08-13,Seth Lugo,0.2033911535119153,0.0807336659857925,0.1828178157424857,Jake Irvin,0.1535827897817297,0.0739771208188808,0.1633521900311866,0.19084839996604702,0.06130443086325436,0.1643686281292393,0.2150616349289943,0.07305181570971603,0.2085918122211419,0.24734268998974876,0.12010127127774184,0.24777273795252142,0.19700939904649023,0.09592862259244345,0.2185496411527235
2025-08-15,KCR,CHW,4.0,3.0,1.0,5.6,5.2,5.3,5.0,5.4,4.8,3.4,3.2,3.7,4.9,5.0,4.75,2025-08-15,Noah Cameron,0.2067321871598187,0.0681422622212095,0.2406008170674167,Aaron Civale,0.2010648996298955,0.0812122895108057,0.1834675856512403,0.19561030472795177,0.0565425261013496,0.18103529479590597,0.2148584494376488,0.07323517339176874,0.20893402864906632,0.23609142285303272,0.0845940519748569,0.25674203479697605,0.22041552081445093,0.09199739947500551,0.23724631363881218
2025-08-16,KCR,CHW,8.0,6.0,2.0,5.4,3.6,4.7,4.8,5.4,4.75,3.4,3.2,3.7,5.2,4.65,4.75,2025-08-16,Michael Lorenzen,0.1995148783473919,0.0667223537948591,0.2118474573000718,Tyler Alexander,0.1933574539161375,0.0606202722598904,0.1669061629221395,0.22288303200067908,0.047451617010440504,0.17975324351385472,0.21719567526193037,0.07263488508527884,0.20942826422760488,0.2749803117419216,0.0845940519748569,0.25674203479697605,0.22270719687334886,0.09124332243012842,0.2373508520516088
2025-08-17,KCR,CHW,8.0,6.0,2.0,6.2,4.0,5.1,4.6,5.65,4.7,2.6,3.6,3.4,5.0,4.6,4.85,2025-08-17,Ryan Bergert,0.2084649268859794,0.0829772566614671,0.1474510992142543,Davis Martin,0.158952258602017,0.0740250919236426,0.1906773375734975,0.22288303200067902,0.04578495034377385,0.18766359288761872,0.2170558730240285,0.07245086162930095,0.20990683673735466,0.29386920063081046,0.08237182975263468,0.2641773796245622,0.22405826754014188,0.09140484916737218,0.23770775569346564
2025-08-18,KCR,TEX,7.0,4.0,3.0,6.0,3.6,5.2,4.0,5.6,4.6,4.6,6.6,3.2,5.2,3.9,4.55,2025-08-18,Michael Wacha,0.1785204006943137,0.0688876689601327,0.2065616416539952,Jack Leiter,0.2126750468728976,0.1207693994583212,0.2285351420374908,0.24163303200067904,0.04578495034377385,0.1903559005799264,0.2168175192093186,0.0728746450032582,0.20883438706143306,0.23552987861811392,0.10287581699346404,0.19482120735553227,0.23331705110257497,0.07515320695989777,0.22116098867535597
2025-08-19,KCR,TEX,7.0,5.0,2.0,5.2,3.2,5.4,3.7,5.2,4.55,4.8,6.8,3.3,5.6,3.75,4.65,2025-08-19,Seth Lugo,0.1983287782174463,0.0847849432680738,0.1805900388566568,Merrill Kelly,0.2336996329545528,0.0761318844728455,0.2253823181113972,0.22496636533401243,0.037451617010440516,0.18093061322360454,0.21641631238897738,0.07229164784323214,0.20854302230976918,0.2572560690943043,0.09632819794584499,0.20801039654472145,0.2339556232711026,0.07555519722635022,0.2213129161860386
2025-08-20,KCR,TEX,9.0,3.0,6.0,4.8,2.0,5.2,3.6,5.45,4.35,4.4,6.6,3.3,5.8,3.75,4.85,2025-08-20,Noah Cameron,0.1996865597821311,0.0692489833693225,0.2395197232529935,Jacob Latz,0.2385883887354475,0.1079721324427206,0.2711948435429833,0.21320165945165948,0.051569264069264056,0.183577672047134,0.21469872260811249,0.07330520619368269,0.208288479182194,0.261422735760971,0.08799486461251166,0.20634372987805477,0.23408397828493377,0.07561742231520609,0.2207424128565503
2025-08-21,KCR,TEX,10.0,6.0,4.0,4.8,3.0,5.1,3.3,5.2,4.45,4.6,6.0,3.8,5.2,3.65,4.85,2025-08-21,Michael Lorenzen,0.1983020209730709,0.069402601427947,0.2125821412112734,Patrick Corbin,0.193372330150417,0.0790663190120955,0.2364527286540305,0.1758828188719493,0.06026491624317709,0.17124345454050266,0.21335052999599793,0.07341269686726888,0.20719144798580963,0.2628720111232899,0.08557940567531361,0.2030688760768852,0.23498669343312098,0.0757074151677769,0.22040142368925844
2025-08-29,KCR,DET,8.0,3.0,5.0,5.8,4.8,5.2,4.6,5.2,4.3,4.4,6.4,5.5,4.7,4.8,4.7,2025-08-29,Seth Lugo,0.2003196188171935,0.085145004949485,0.1806293222346107,Tyler Holton,0.1807539682539682,0.0450113378684807,0.2128905145974473,0.18714538800216549,0.06386122189830629,0.17809048991351223,0.21460318105953105,0.07220200148796328,0.2065400663787524,0.2085494038125617,0.10190058479532163,0.2497994510935687,0.2063606869820596,0.07596540364193004,0.21969031712494894
2025-08-30,KCR,DET,4.0,3.0,1.0,6.0,5.0,5.1,4.8,5.25,4.25,4.0,6.0,5.3,5.0,5.05,4.75,2025-08-30,Stephen Kolek,0.1668158618617763,0.0749249058038413,0.1696231581503911,Jack Flaherty,0.2842151254870121,0.0888137125187095,0.2613272081957044,0.20381205466883215,0.06386122189830627,0.18973799949205628,0.21548266366896662,0.07166717184731171,0.20715005765660527,0.19794334320650106,0.09331472620946303,0.255102481396599,0.20651559098421268,0.07641279795838711,0.2203076503538775
2025-08-31,KCR,DET,5.0,0.0,5.0,4.6,3.6,4.9,4.7,5.05,4.15,3.4,6.2,4.6,4.8,4.8,4.75,2025-08-31,Michael Wacha,0.1762150409976496,0.065191181604225,0.2000429723223105,Tarik Skubal,0.3336854815588526,0.0397776950536147,0.3093158512933018,0.21214538800216548,0.04386122189830628,0.18679682302146802,0.21451097741649874,0.07114020734843442,0.2067082103468465,0.21572112098427887,0.09220361509835193,0.24904187533599292,0.20793827046226995,0.07658623326751662,0.22069308875368185
2025-09-04,KCR,LAA,7.0,4.0,3.0,2.0,4.0,3.9,4.4,4.6,4.2,3.8,2.6,3.2,4.6,3.25,5.35,2025-09-04,Noah Cameron,0.19182481664717,0.0698543535409728,0.230494391307146,Kyle Hendricks,0.1520941590829089,0.0634205939727958,0.1566288300742719,0.22010848628495686,0.04516556972439324,0.18931505006694757,0.21449100166305637,0.07074742250934422,0.20672256419308868,0.2257479398292892,0.09352641237983392,0.24082029241511999,0.23598248357643228,0.09211201831272486,0.25460317400318233
2025-09-05,KCR,MIN,3.0,2.0,1.0,2.2,3.6,4.1,4.3,4.4,4.1,5.2,7.0,5.5,7.5,4.55,6.85,2025-09-05,Michael Wacha,0.1770959654051441,0.064628545248513,0.1976389783524151,Pablo L\xc3\xb3pez,0.2559195172301059,0.0580255017617197,0.2518760909223376,0.24126233243880302,0.040357877416700924,0.2312131982150957,0.21625562637645213,0.07079153432658516,0.20868512788800578,0.1896201631186151,0.11171993641033887,0.20359981392876128,0.23277617694129682,0.0732103141219612,0.2424008424005192
2025-09-06,KCR,MIN,13.0,11.0,2.0,2.0,3.6,3.3,3.6,4.15,3.75,4.0,7.0,5.2,6.7,4.55,6.5,2025-09-06,Stephen Kolek,0.1647857134952337,0.0699299120835852,0.1659339952260793,Michael King,0.1986111111111111,0.0865079365079365,0.1880852340936374,0.22117686235333292,0.05574249280131631,0.2081973251992227,0.2152674522668537,0.07138057418133388,0.20759910255231465,0.21819159169004365,0.0850532697436722,0.21401648059542794,0.23315430628967532,0.07268738330680433,0.24185988400242026
2025-09-07,KCR,MIN,6.0,1.0,5.0,4.2,3.0,4.4,3.1,4.55,3.8,3.4,8.0,4.7,7.3,4.45,7.0,2025-09-07,Michael Lorenzen,0.20503836311593,0.0658975788918003,0.2102814119497378,Bailey Ober,0.1889487291007689,0.052490460124267,0.220192953334306,0.25098455466102526,0.06055018510900863,0.21375288075477822,0.216392329363566,0.07175817577160618,0.20731084596157062,0.20845528337361366,0.08606746852663366,0.21064346472241208,0.2324789639364348,0.07266098709357437,0.24128438330534127
2025-09-16,KCR,SEA,17.0,5.0,12.0,4.8,5.0,4.0,4.5,4.05,4.4,5.4,2.2,6.5,3.4,5.65,4.4,2025-09-16,Michael Wacha,0.178535084653097,0.0654259729803207,0.200401871982686,Logan Gilbert,0.3395734462818923,0.0580679307863622,0.3116139680682517,0.2121107401370559,0.12216634242950028,0.19303454942989823,0.21597930062715903,0.07421652153344617,0.2076417559907986,0.3178388082505729,0.03428571428571428,0.2864274322169059,0.23748758788023824,0.07403475485270926,0.22916189567009695
2025-09-17,KCR,SEA,12.0,7.0,5.0,5.0,6.8,4.3,5.6,3.8,4.6,7.0,2.8,7.2,3.3,6.15,4.1,2025-09-17,Michael Lorenzen,0.2036715298259661,0.0645727806508169,0.2172542979502633,Bryce Miller,0.1988215257071092,0.0892631898146772,0.2126350109687662,0.2222755753018911,0.12106744133059918,0.2053361367314855,0.21573156637513435,0.07467109518459647,0.207449237266167,0.29644843391902215,0.04605042016806722,0.27342743221690585,0.2363043821950166,0.07432357805781403,0.22843896920870557
2025-09-19,KCR,TOR,21.0,20.0,1.0,5.6,6.0,3.8,5.6,3.9,4.4,4.6,3.4,4.1,2.8,5.6,4.3,2025-09-19,Michael Lorenzen,0.2088580019662608,0.0619898694247843,0.2165641260322528,Max Scherzer,0.2292127120273573,0.0666454730680512,0.2092721707416815,0.15115238689609395,0.09523410799726585,0.18594219733754616,0.21376406081865348,0.0736950024370854,0.20753011473505847,0.23948179271708678,0.10513655462184872,0.2769107744107744,0.2571515064546853,0.08904354723172857,0.282398441879769
2025-09-20,KCR,TOR,3.0,2.0,1.0,8.4,4.6,5.6,4.7,4.3,4.4,3.8,6.6,4.1,4.5,5.15,5.1,2025-09-20,Noah Cameron,0.2032410553603605,0.0725532777826307,0.2424345500682927,Shane Bieber,0.2719380619380619,0.0334498834498834,0.3037502671041282,0.14433420507791214,0.08159774436090222,0.16820963919801127,0.21399935912502585,0.07321646346022122,0.20699420489911655,0.20651077822433322,0.10549887346242844,0.23907293657293655,0.2560318026078725,0.0890298168008562,0.2813406996412285
2025-09-21,KCR,TOR,13.0,5.0,8.0,6.8,4.2,5.8,4.6,4.25,4.2,1.8,6.6,3.9,4.3,4.95,4.85,2025-09-21,Michael Wacha,0.1723787024236799,0.0631699049465166,0.1948707729488003,Eric Lauer,0.243929299252622,0.0609860376831705,0.2033267726741796,0.11933420507791215,0.07659774436090223,0.172971543959916,0.2126187180984128,0.07403442176047786,0.2068876370641299,0.21312842528315673,0.10623416758007549,0.24092478842478843,0.2551753855973635,0.08926491603745192,0.2813174125702256
2025-04-23,LAA,PIT,3.0,0.0,3.0,3.0,4.2,2.6,5.0,3.85,4.75,4.6,3.4,3.8,3.7,3.6,4.55,2025-04-23,Jack Kochanowicz,0.1148127235083756,0.0553359683794466,0.1395973834998224,Andrew Heaney,0.2185242696112261,0.0613555325511847,0.1929401993355481,0.20724879042526098,0.08297746371275783,0.23621517649205273,0.2130555776043973,0.0912417297436387,0.26495786409379024,0.20101910126038539,0.07652679162269954,0.2356779889276141,0.2143339854835766,0.09187347603171568,0.26978564116598425
2025-04-24,LAA,PIT,7.0,4.0,3.0,2.4,3.8,2.3,3.9,3.8,4.5,4.0,3.2,3.8,3.2,3.55,4.3,2025-04-24,Tyler Anderson,0.2383775644645209,0.1256352343308864,0.239834570191713,Carmen Mlodzinski,0.1708133971291865,0.0978525860104807,0.1836805555555555,0.23771032888679944,0.07066977140506552,0.25248846841751854,0.2205146996483533,0.09061917962100559,0.27045118947345537,0.2210191012603854,0.06652679162269955,0.2690113222609475,0.21776062606423352,0.08819853699044705,0.27232754885267824
2025-05-01,LAA,DET,14.0,4.0,10.0,2.2,7.0,2.5,5.7,3.0,5.0,5.8,4.0,4.8,3.0,4.55,3.0,2025-05-01,Yusei Kikuchi,0.1859055437316306,0.1289571831677094,0.186655125172925,Casey Mize,0.1988888888888888,0.0624074074074074,0.2447334277026747,0.19473735982687385,0.10476978974421428,0.230797705496391,0.21284177350399655,0.09107415191667954,0.25723817958222206,0.25614272763401175,0.08042386103598917,0.21819632402175096,0.20798777355796708,0.07282896827260892,0.22998909132883258
2025-05-02,LAA,DET,10.0,1.0,9.0,2.2,6.8,2.7,6.4,3.0,5.35,6.6,4.4,5.5,3.3,4.8,3.2,2025-05-02,Jos\xc3\xa9 Soriano,0.1833396072526506,0.105315578141665,0.2236577911089717,Tyler Holton,0.2151404151404151,0.0656898656898656,0.2376528700058111,0.20317891826843232,0.10671784169226621,0.24413103882972437,0.21332280529628758,0.09106864988309327,0.2597746847072591,0.24353768561720504,0.08042386103598917,0.2163580887276333,0.21041672706285203,0.07055306301408988,0.22866130722480657
2025-05-03,LAA,DET,7.0,5.0,2.0,2.2,7.6,2.3,6.9,2.85,5.55,7.0,4.6,5.8,3.0,5.1,3.05,2025-05-03,Kyle Hendricks,0.1213175094599242,0.1294943240454076,0.140551644975608,Jack Flaherty,0.2850829725829725,0.0847763347763347,0.2730649518440216,0.20219852611156952,0.08874398548311588,0.23786119755988308,0.21181776856629977,0.08992306619510818,0.25766725760200704,0.26131546339498285,0.08042386103598917,0.22319569556524016,0.21750847607441545,0.06841509140760231,0.22846618343684946
2025-05-04,LAA,DET,14.0,1.0,13.0,3.2,7.0,2.5,6.2,2.55,5.6,6.4,4.0,6.0,3.3,4.85,3.0,2025-05-04,Jack Kochanowicz,0.1350033541337889,0.06919833789399,0.1722315889998816,Reese Olson,0.2299204418769636,0.0935922772879294,0.304485706700084,0.18791281182585526,0.07802969976883019,0.22300405470274023,0.20519846329860292,0.08711297037651104,0.2518472986590871,0.26131546339498285,0.0637571943693225,0.21944569556524013,0.21846410913105027,0.06640288283679048,0.23093776627694212
2025-05-07,LAA,TOR,9.0,5.0,4.0,3.8,7.4,3.0,7.2,2.65,5.65,3.8,4.6,2.9,5.4,3.25,4.75,2025-05-07,Yusei Kikuchi,0.1918151413803587,0.1170282349229717,0.183245921244567,Jos\xc3\xa9 Berr\xc3\xados,0.2136223277527625,0.0937713655104959,0.1827781323887083,0.18668204259508603,0.0706450843842148,0.19843944625066373,0.21312796545750862,0.08434161917789275,0.24972017959148224,0.23276888972541143,0.11309712027103329,0.23714023597175768,0.27132105063945533,0.08344079842281868,0.2946365387963758
2025-05-08,LAA,TOR,13.0,5.0,8.0,4.0,6.2,3.1,6.5,2.75,5.5,3.8,5.2,3.2,5.6,3.15,4.9,2025-05-08,Jos\xc3\xa9 Soriano,0.1882041354091043,0.0964816756742222,0.2298019161886424,Chris Bassitt,0.2644042350564089,0.0425700225700225,0.2235242912382942,0.18489632830937178,0.06260937009850051,0.2006792354469747,0.21061002358729408,0.08371757291566724,0.24755426141681877,0.2601193170758388,0.10967831685222987,0.2747489316239316,0.27446811547212,0.0832597506033814,0.30172996827425425
2025-05-09,LAA,BAL,5.0,1.0,4.0,4.8,6.0,3.5,6.8,3.0,5.7,2.2,6.8,2.6,6.3,3.25,6.25,2025-05-09,Kyle Hendricks,0.1203286937807061,0.1079119367045063,0.1498061093750982,Tomoyuki Sugano,0.1322113635157113,0.0546055049160639,0.177544981483466,0.1751137196137196,0.06826154401154401,0.1853077096386933,0.21170418959875814,0.0841698625568987,0.2460978083557825,0.25493482008187884,0.08496965452847804,0.23817688397748144,0.2294023150697481,0.10709494349319368,0.22991606089381364
2025-05-10,LAA,BAL,7.0,5.0,2.0,4.0,6.4,3.6,6.7,3.0,5.75,3.0,6.2,3.0,5.7,3.0,6.25,2025-05-10,Jack Kochanowicz,0.1219283408103283,0.0717352213004386,0.1720173201880518,Charlie Morton,0.1563193457737361,0.1232965488933093,0.2043539602771628,0.18328679653679653,0.074511544011544,0.18626464743773638,0.21442840069068358,0.08358419059590144,0.24584765421814397,0.28112529627235505,0.09092203548085899,0.2549950657956632,0.23478526408330705,0.10806148942194907,0.23230162190159753
2025-05-11,LAA,BAL,10.0,3.0,7.0,4.8,4.2,3.8,6.4,3.1,5.6,2.2,5.0,2.8,5.9,2.8,6.4,2025-05-11,Tyler Anderson,0.2077765976834299,0.0832201339033636,0.2582959192008094,Zach Eflin,0.1156832298136645,0.0158730158730158,0.1836038202097107,0.20828679653679655,0.052289321789321774,0.19611686418650484,0.21536449540934982,0.08138460663285141,0.24573006622147775,0.26661549235078646,0.110922035480859,0.24145339912899658,0.23562424836181653,0.11048092391084514,0.23167087746559056
2025-05-23,LAA,MIA,11.0,7.0,4.0,7.4,4.4,6.8,4.9,5.3,5.55,3.0,5.6,3.5,4.7,3.6,6.0,2025-05-23,Yusei Kikuchi,0.2049088375392723,0.1062787388050545,0.2004437827571205,Sandy Alcantara,0.1750556475194156,0.1227180388049953,0.2147137147161276,0.20923065496594906,0.14264168837698246,0.23615001556178025,0.21401395287763791,0.09544748311551599,0.2455627756197406,0.2358882783882784,0.048551587301587276,0.24238700709462804,0.20724299514030672,0.09553582904072577,0.23162105114689605
2025-05-24,LAA,MIA,8.0,2.0,6.0,7.6,4.4,6.6,4.8,5.45,5.25,3.8,6.2,3.7,5.0,3.5,6.0,2025-05-24,Jos\xc3\xa9 Soriano,0.1871314398300904,0.1078260029159579,0.2457178832114219,Cal Quantrill,0.1666789576781948,0.0810561024138445,0.1897504587189031,0.21210146836307825,0.15316800416645615,0.2674000155617803,0.21394420013587465,0.0956437966111004,0.24690152010734578,0.21874542124542123,0.058551587301587285,0.22095843566605664,0.21117681156601475,0.09562693457050687,0.2327249947094958
2025-05-25,LAA,MIA,3.0,0.0,3.0,7.2,5.0,6.4,4.8,5.5,5.1,4.0,6.4,4.1,4.7,3.7,5.35,2025-05-25,Kyle Hendricks,0.1347063086743168,0.090459809654856,0.132933929623333,Edward Cabrera,0.2167919209844675,0.0908362686312996,0.2303593051576922,0.21591099217260204,0.1222156232140752,0.2528902116402116,0.2144177498997837,0.09750325531433747,0.24728907200066583,0.22173455168020384,0.056649413388543804,0.23777593189531757,0.21130110142165098,0.09458396109648805,0.23319869994351106
2025-05-26,LAA,NYY,6.0,1.0,5.0,5.8,4.6,6.3,4.6,5.25,5.15,5.0,2.2,4.9,2.2,5.9,3.2,2025-05-26,Jack Kochanowicz,0.1467411429150559,0.1036059592581331,0.1750873760913227,Ryan Yarbrough,0.2417943167943168,0.0872419247419247,0.2646141144969103,0.21514176140337132,0.10913870013715213,0.23443783068783067,0.21606356240171096,0.09755126963521558,0.2481424872827043,0.2750906978784216,0.06057690817281608,0.28077977055595416,0.27306378153432187,0.10312232679310888,0.2757491260276339
2025-05-27,LAA,NYY,5.0,2.0,3.0,4.0,4.6,5.8,4.9,5.25,4.75,5.2,1.8,5.1,2.1,5.95,3.0,2025-05-27,Tyler Anderson,0.1855621954534997,0.0858764713547322,0.2252614469010812,Carlos Rod\xc3\xb3n,0.3087009564875176,0.1024244230370712,0.288880666413889,0.21291953918114906,0.10802758902604101,0.2661044973544973,0.2157604763186598,0.09759747209492849,0.2510077233717099,0.2658599286476524,0.06160254919845711,0.2772632870394707,0.27371714995239704,0.10262800132386302,0.27635182756847676
2025-05-28,LAA,NYY,1.0,0.0,1.0,2.4,4.2,4.9,4.3,4.95,4.75,5.6,2.2,4.8,2.1,5.95,3.1,2025-05-28,Yusei Kikuchi,0.2002667753853524,0.1106030492633363,0.1916913176579883,Clarke Schmidt,0.245839047081283,0.1212847194213653,0.2724404037942244,0.2289909677525776,0.1086228271212791,0.27357576172231346,0.21705591723339362,0.09975836546883193,0.2508294194267676,0.2416769221117047,0.04983784331610417,0.2633339731101567,0.2707059270108918,0.1007274827808285,0.27265870255652497
2025-06-06,LAA,SEA,9.0,5.0,4.0,5.4,5.8,3.2,4.7,4.9,4.75,1.6,4.4,2.8,4.2,3.25,4.05,2025-06-06,Kyle Hendricks,0.1478765902140514,0.0740125715357913,0.1465074107610467,Bryce Miller,0.1974393310167528,0.1139987852077859,0.2086037107389168,0.2476603272888102,0.10362450243255195,0.26366230211916986,0.2198673527504438,0.09850673844847099,0.2499732080856665,0.21961148908562697,0.0819377605153467,0.20838227798510367,0.20683529606314746,0.07538718564585321,0.22840542971847216
2025-06-08,LAA,SEA,5.0,2.0,3.0,6.2,6.2,4.3,4.8,5.3,4.7,3.2,5.0,3.1,4.3,3.55,3.95,2025-06-08,Tyler Anderson,0.1835745568173103,0.0824728170380344,0.2336870753161184,George Kirby,0.17162471395881,0.0610221205186879,0.1908116627265563,0.24432699395547686,0.10195783576588527,0.2540608528438076,0.22029484419751966,0.09828959331254068,0.2514923470974397,0.22644909592323384,0.08877536735295354,0.2005897416157172,0.2090874383398024,0.07652127851776615,0.22838316162644873
2025-06-09,LAA,ATH,11.0,7.0,4.0,6.2,6.0,4.4,4.6,5.1,4.75,5.8,4.2,5.4,6.8,4.3,6.9,2025-06-09,Yusei Kikuchi,0.197627328078833,0.1184135397548528,0.1955582326936635,Jeffrey Springs,0.1901995470416522,0.1159915717810454,0.2295813514932254,0.2470055653840483,0.08052926433731385,0.2693168612032642,0.2217355497569334,0.09675381841703223,0.2537180822043452,0.2113823220289813,0.10058566720406328,0.2180287738550139,0.23769332530353973,0.10610652375861916,0.2640966294142671
2025-06-11,LAA,ATH,11.0,6.0,5.0,6.2,5.6,4.9,4.7,4.9,4.5,6.4,4.4,5.1,6.4,4.4,7.1,2025-06-11,Kyle Hendricks,0.14172638053572,0.0709312769942284,0.1402508408166738,Osvaldo Bido,0.1499079141470445,0.1193172527955136,0.1921867073709315,0.18375881213729509,0.06910069290874242,0.25242866361653726,0.2177711116100291,0.09533703604075854,0.253122644181516,0.22638904245908886,0.10080744139761164,0.23613494091200066,0.2363290260193791,0.10493314625836933,0.26380003634771637
2025-06-21,LAA,HOU,10.0,9.0,1.0,3.4,5.2,4.0,4.6,3.75,4.55,7.6,3.0,6.0,3.0,5.05,3.6,2025-06-21,Jos\xc3\xa9 Soriano,0.1893556692996972,0.1090672352431472,0.2425931328786804,Brandon Walter,0.2731481481481481,0.0185185185185185,0.2221356302980585,0.22276057276057273,0.0682142857142857,0.2244988797751956,0.2189157454939929,0.09299182981110561,0.24879222196087122,0.33916749916749916,0.04596792096792095,0.31767776296481365,0.29137095583801337,0.08867072826024647,0.2996787858538479
2025-06-22,LAA,HOU,15.0,7.0,8.0,4.2,4.2,4.1,4.1,4.2,4.45,5.8,4.2,5.7,3.7,4.85,3.9,2025-06-22,Kyle Hendricks,0.1580014938753376,0.066760970342879,0.1527080036131714,Ryan Gusto,0.2275295377408296,0.119869825764714,0.2296695470230876,0.24207875457875455,0.0807142857142857,0.23379375157006735,0.2209694856848614,0.09341298994517,0.2505793688379043,0.31916749916749915,0.06596792096792095,0.30537007065712135,0.2914875645429051,0.09017517787835123,0.29968312658555263
2025-06-23,LAA,BOS,14.0,9.0,5.0,5.2,3.6,4.6,4.6,4.5,4.6,3.4,5.2,3.2,3.3,4.35,4.35,2025-06-23,Jack Kochanowicz,0.1723122517790709,0.0975863732843137,0.1858333641868724,Walker Buehler,0.2027674857821916,0.0830296310443369,0.1885805790486641,0.2398231154810102,0.08221804511278194,0.2308463831490147,0.22151738710112087,0.09425041522954579,0.2500591993177948,0.2570703153056094,0.08539718451483155,0.2708080808080807,0.2310416412577392,0.08614650208441707,0.2558049884166396
2025-06-25,LAA,BOS,7.0,5.0,2.0,6.2,4.6,4.8,4.7,4.85,4.7,4.4,5.4,3.4,4.1,4.55,4.55,2025-06-25,Yusei Kikuchi,0.2177276527820005,0.1038151677174846,0.2116552252836451,Richard Fitts,0.1507936507936507,0.0785714285714285,0.1961706008875819,0.2744064488143435,0.07471804511278193,0.27242996086162463,0.22556125071881403,0.09249724016044336,0.25167740932553817,0.2681814264167205,0.09928607340372045,0.3034437934437934,0.2339102975778499,0.08710584771196234,0.2579074909484841
2025-06-27,LAA,WSN,24.0,9.0,15.0,6.6,4.6,4.7,4.4,5.1,4.75,5.4,5.4,4.4,5.5,3.45,5.15,2025-06-27,Jos\xc3\xa9 Soriano,0.2015594015069277,0.109462071501989,0.2521706454070962,Jake Irvin,0.1667916706953438,0.0647408041317336,0.1630949796300186,0.2722086466165413,0.08900375939849622,0.26017505890084036,0.22631316365625742,0.0931267389441521,0.2522079122972042,0.18530788655788655,0.07912198912198912,0.20231271844876328,0.19438258285179508,0.10263776058610363,0.21910523981967525
2025-06-28,LAA,WSN,10.0,8.0,2.0,7.8,6.2,5.6,5.7,5.35,5.45,7.0,6.6,5.8,6.1,4.05,5.2,2025-06-28,Kyle Hendricks,0.1528013942836484,0.0649769056533537,0.1484098229801364,Michael Soroka,0.2614723818381107,0.0629674377436525,0.2115144274031109,0.2610017500648172,0.0993485869847031,0.26364728112306257,0.22522202625905371,0.09325416532585479,0.2518377185925748,0.17975233100233098,0.09023310023310022,0.19557358801398067,0.1933670770988599,0.10274109412909155,0.21826249299260603
2025-07-07,LAA,TEX,11.0,6.0,5.0,4.4,2.8,6.1,4.5,5.05,4.55,6.2,2.0,4.4,3.2,4.8,3.15,2025-07-07,Yusei Kikuchi,0.2353804207065076,0.0990465308485903,0.2202639194849887,Jacob deGrom,0.2607013464840897,0.0565526988827567,0.2640504022045267,0.2737289661308179,0.06009724468207748,0.25488371809555554,0.23097335357409537,0.08885679123028989,0.2520376687378997,0.21156926406926405,0.05657842157842156,0.26245560459414013,0.22448401184024525,0.07280389865170402,0.21911323033527327
2025-07-08,LAA,TEX,14.0,1.0,13.0,4.0,3.4,5.8,4.9,4.95,4.5,5.8,3.2,4.8,3.4,5.05,3.35,2025-07-08,Jos\xc3\xa9 Soriano,0.2042221875088774,0.1066236284368884,0.2550585798436376,Nathan Eovaldi,0.2640525762347099,0.0453195362466462,0.2673802966032634,0.2701575375593893,0.05206153039636319,0.24547195338967315,0.2311847607566054,0.08856393799439778,0.2514594724185896,0.1969859307359307,0.06282842157842156,0.22674131887985444,0.22406846114541104,0.07268812450955003,0.21825642036360887
2025-07-09,LAA,TEX,19.0,11.0,8.0,3.4,6.0,5.2,5.4,4.9,5.0,6.4,3.0,5.5,3.3,5.45,3.4,2025-07-09,Kyle Hendricks,0.1554129949561604,0.0573325638117827,0.1441280813087635,Kumar Rocker,0.1962003304323939,0.0728283949265911,0.2258750555037002,0.26350729125397054,0.05600241709587058,0.23300582872842654,0.2294291982365171,0.08916056661926311,0.2497682801459651,0.21672952047952046,0.05770021645021643,0.22409725108324427,0.224912144910462,0.07188047868166615,0.21760912680401323
2025-07-10,LAA,TEX,15.0,4.0,11.0,5.0,6.0,5.4,5.7,5.1,5.2,6.8,5.2,6.0,4.2,5.65,3.85,2025-07-10,Jack Kochanowicz,0.1542815637056674,0.096850065633437,0.1851399536509181,Patrick Corbin,0.1840988353225984,0.0683547083425515,0.2258982816808279,0.26126639489542713,0.048999615975422406,0.22358553887335408,0.2279705992908821,0.08870902836926077,0.2488650017385814,0.19365259740259738,0.05770021645021643,0.21028772727372042,0.2224405828784789,0.07109058331153795,0.21631671881715592
2025-07-11,LAA,ARI,11.0,6.0,5.0,4.8,8.0,5.3,6.6,5.0,5.5,3.4,2.8,4.1,3.5,5.05,4.3,2025-07-11,Tyler Anderson,0.1897595810880835,0.0792102730870846,0.2399564643337242,Anthony DeSclafani,0.2586401833460657,0.0363636363636363,0.2234475734004606,0.2636558811558811,0.05688492063492061,0.22388104714758578,0.22751054107469182,0.08894991097938819,0.24827983445584878,0.1966905007617082,0.08856725146198828,0.21553224553224548,0.22810128799887877,0.08259027850208758,0.23918161242814617
2025-07-12,LAA,ARI,15.0,10.0,5.0,5.6,8.4,5.0,5.6,5.3,5.65,4.4,3.2,4.2,3.9,5.25,4.2,2025-07-12,Yusei Kikuchi,0.2321452955892315,0.0984102145796713,0.2235668115081223,Zac Gallen,0.2286609407204372,0.0899705087691357,0.2292301498938424,0.25175111925111926,0.05688492063492061,0.22997079073732934,0.22736985142800054,0.08800363533067129,0.24850271674068836,0.18116255045114918,0.10161072972285785,0.22623458666936927,0.2270732195210874,0.08309390486110452,0.239409906668033
2025-07-13,LAA,ARI,6.0,1.0,5.0,6.4,8.4,5.2,5.9,5.55,5.6,4.2,4.6,3.9,4.7,5.05,4.45,2025-07-13,Jos\xc3\xa9 Soriano,0.204553983734172,0.1148622740316228,0.2603101656243629,Merrill Kelly,0.2400324520805069,0.0648250414726387,0.2316330367672623,0.2517511192511192,0.06355158730158729,0.22591399560548356,0.22708174772875844,0.0891825444324537,0.24836367885549224,0.18880143934003807,0.09049961861174674,0.23703918437051869,0.22666099848440938,0.08222834335213468,0.23943042128966627
2025-07-24,LAA,SEA,6.0,2.0,4.0,4.6,5.4,5.0,5.8,5.2,5.75,2.4,5.6,5.6,6.1,4.25,4.55,2025-07-24,Yusei Kikuchi,0.2372728720554807,0.0975154466687647,0.2254817313061826,Logan Evans,0.1707740801871236,0.0751494463668376,0.1732280254604329,0.19849364419928933,0.10044171554252197,0.2216736001117512,0.2250807017328828,0.08985929181761972,0.2461991780496765,0.2106953902539641,0.10412078583555659,0.1912948089921774,0.2237437559895191,0.07941343871175692,0.22132790556871507
2025-07-26,LAA,SEA,9.0,2.0,7.0,4.0,4.4,4.8,5.1,5.05,5.85,2.0,5.8,5.7,5.3,4.15,4.4,2025-07-26,Tyler Anderson,0.1841910303866825,0.0845485050376354,0.234294151233685,George Kirby,0.2374240938314164,0.0524550686814052,0.2182347779041185,0.22896322091886603,0.10224727109807752,0.24597274541089648,0.22752306003289144,0.08937321569292189,0.2482594502666699,0.23756962712820098,0.08974960146437223,0.21503737854119853,0.22527596844008227,0.07916009020267152,0.22215174186931
2025-07-27,LAA,SEA,5.0,4.0,1.0,2.8,5.4,4.4,5.3,4.7,5.45,2.8,4.0,5.8,4.6,4.5,4.4,2025-07-27,Kyle Hendricks,0.1529041478416615,0.0568377232997391,0.1516287691062216,Logan Gilbert,0.3651553061736127,0.0531998893554957,0.3280639481389551,0.23277274472838988,0.0965329853837918,0.2527463639492209,0.22762374744300906,0.08988258642781922,0.24878107743584735,0.22651699554925364,0.07922328567489854,0.20503737854119852,0.22408286397874813,0.0784061845816937,0.2213058522642055
2025-07-28,LAA,TEX,10.0,6.0,4.0,2.6,4.2,3.8,4.9,4.5,5.4,6.2,1.8,5.0,1.6,5.9,2.7,2025-07-28,Jack Kochanowicz,0.1549334112299305,0.1005246235825544,0.1910429717375696,Jacob deGrom,0.2708056306774842,0.0570618889120033,0.2763135901731674,0.2461060780617232,0.09986631871712515,0.2558569630275619,0.22924993850486747,0.08997803372567001,0.24946643115275985,0.23693701723113486,0.08964349376114081,0.2171824347763549,0.22618579027511446,0.07302735274642334,0.22048366994330032
2025-07-29,LAA,TEX,13.0,8.0,5.0,3.4,4.4,4.3,4.8,4.6,5.6,5.6,2.6,4.7,1.9,6.1,2.7,2025-07-29,Yusei Kikuchi,0.2343928798474252,0.0970354955355995,0.2220507435195379,Patrick Corbin,0.2011686706202606,0.0673590799804216,0.2335785963428458,0.258258855839501,0.09604687427268069,0.26901485776440404,0.2297034697130255,0.08965632832221099,0.24984033071404738,0.26693701723113483,0.08964349376114081,0.23233394992787004,0.2287935446534467,0.07233185414883836,0.221558428642253
2025-07-30,LAA,TEX,9.0,3.0,6.0,4.4,4.2,4.5,4.8,4.85,5.45,5.4,3.8,4.7,2.6,6.0,3.1,2025-07-30,Jos\xc3\xa9 Soriano,0.1997013842206376,0.1097944747589123,0.2520964980576959,Nathan Eovaldi,0.2698373683607623,0.0507051020568396,0.2639355442542593,0.2630207606014058,0.07382465205045848,0.2699343979942891,0.22956071271832817,0.08882617713404237,0.25008127273489433,0.25545376364261807,0.09251430715826998,0.22790045239092427,0.22812468797598123,0.07363557548507077,0.22174541809227732
2025-08-01,LAA,CHW,9.0,3.0,6.0,4.6,4.6,4.3,4.5,4.75,5.7,4.6,4.4,6.4,4.5,5.65,4.3,2025-08-01,Tyler Anderson,0.177926294603858,0.080522385750129,0.2293484670134475,Shane Smith,0.2235777920274487,0.0975076237433216,0.2324409169189102,0.2677826653633105,0.0809675091933156,0.2753190133789044,0.22942057511802896,0.08866656607252428,0.24919838173591505,0.27350680720245935,0.09637681159420286,0.2826614756697366,0.2180972393039989,0.0938249659386728,0.23401543092316404
2025-08-02,LAA,CHW,1.0,0.0,1.0,4.8,4.4,3.8,4.9,4.8,5.85,5.6,3.8,6.3,4.6,5.85,4.15,2025-08-02,Kyle Hendricks,0.1524017975924356,0.0563767895157045,0.1493104885456473,Aaron Civale,0.1809490100624668,0.0790211732117688,0.1784136396574439,0.27297747055811566,0.07187660010240651,0.2832555213154124,0.22863363482474816,0.08786050638095588,0.2489531439221542,0.2692287323361492,0.09316825544447024,0.2821952752035361,0.2198578526365294,0.09350677106115544,0.2351514211781749
2025-08-03,LAA,CHW,13.0,8.0,5.0,4.0,4.4,3.3,4.3,4.5,5.65,5.0,2.8,5.6,4.3,5.75,4.05,2025-08-03,Jack Kochanowicz,0.1540049224866158,0.1045893014943357,0.1927811457313363,Tyler Alexander,0.1914785690137112,0.0621258194059763,0.1619758219360251,0.27744175627240136,0.06026945724526367,0.2832555213154124,0.22979137556635276,0.0877124709309344,0.25004699280907505,0.25950651011392695,0.07650158877780358,0.2804357444117473,0.21900327738755168,0.09266436771826216,0.2354899423633019
2025-08-04,LAA,TBR,6.0,5.0,1.0,4.4,4.6,3.9,4.5,4.85,5.25,2.6,4.4,3.1,5.0,3.55,4.35,2025-08-04,Yusei Kikuchi,0.2325630890848281,0.0928165609470952,0.2189591197241847,Adrian Houser,0.1685931809320114,0.0801269254070125,0.1705082034891759,0.2730429292929292,0.07522546897546895,0.301132109337191,0.22936304347931552,0.08855270049242768,0.2511039040574903,0.30937626700784593,0.07451963241436924,0.33733961201633617,0.2522330819998116,0.07062294971637494,0.2682150527669378
2025-08-05,LAA,TBR,10.0,3.0,7.0,3.8,3.8,4.1,4.0,4.55,4.9,1.8,4.0,2.3,4.4,3.25,4.45,2025-08-05,Jos\xc3\xa9 Soriano,0.2022908570484038,0.1082414138595715,0.2510995488667816,Ryan Pepiot,0.2308785256731935,0.0875968747903432,0.2260098558357849,0.27095959595959596,0.0856421356421356,0.2931751200898791,0.23102059766681418,0.08924397452936784,0.25230738078435805,0.3165191241507031,0.06023391812865495,0.33787011599511596,0.2537935983411533,0.06999796786047782,0.2692451441992249
2025-08-06,LAA,TBR,9.0,4.0,5.0,3.8,4.0,4.2,4.3,4.5,4.7,2.4,3.2,2.8,4.0,3.45,4.4,2025-08-06,Tyler Anderson,0.1785799944994869,0.0803587808034448,0.231496070543784,Shane Baz,0.2378066285508557,0.0879808041083264,0.2320280306956269,0.28546939988116454,0.08485782191664541,0.3033214615532938,0.23260607230028385,0.0889771285195643,0.2530894512567246,0.3510645786961576,0.03356725146198829,0.33653678266178266,0.2563520277017971,0.0693839505985438,0.26969036223256504
2025-08-11,LAA,LAD,11.0,7.0,4.0,4.8,6.2,4.3,5.0,4.4,4.9,6.6,3.6,4.5,3.0,4.65,3.75,2025-08-11,Jos\xc3\xa9 Soriano,0.2017985792745616,0.105715481932883,0.2510537343306657,Jack Dreyer,0.2307495590828924,0.0651499118165784,0.2109959738881307,0.28956553766151283,0.11774259795931619,0.2868706143618958,0.23464586737453028,0.09127672127177744,0.2531990135507419,0.28514852963128823,0.06186408419167039,0.24778604700829523,0.24514647596124817,0.0750096224985262,0.2391436586188693
2025-08-13,LAA,LAD,11.0,6.0,5.0,5.6,5.6,4.7,4.8,4.5,4.65,5.0,3.8,4.7,3.2,4.5,3.7,2025-08-13,Kyle Hendricks,0.1569681413519749,0.056036315827674,0.1554465098314136,Shohei Ohtani,0.3198593073593073,0.0464826839826839,0.2943960955509868,0.3035948416908169,0.13162538184210007,0.2979560844473659,0.23488040206358723,0.09150757933605122,0.25303672229925517,0.2291695086522673,0.05868226600985221,0.23704747194128598,0.24356641835043172,0.07500945940533085,0.23962909750406688
2025-08-19,LAA,CIN,10.0,4.0,6.0,3.8,6.0,4.3,6.1,4.2,5.05,5.4,3.2,4.6,4.1,4.25,3.35,2025-08-19,Kyle Hendricks,0.1592967576318661,0.0604649428283014,0.1571031131907771,Hunter Greene,0.3143495113921385,0.0548691206654386,0.2774687671780655,0.26401326743432,0.1281091715302241,0.23582600674090032,0.23578411512207817,0.09181692756383952,0.2522923557375788,0.20599299917140992,0.1378528538760922,0.2407590945090945,0.21475988916943517,0.0986352544487606,0.22676411788273212
2025-08-20,LAA,CIN,3.0,2.0,1.0,3.2,6.4,4.4,6.0,4.3,5.15,6.4,3.2,5.1,3.9,4.2,3.45,2025-08-20,Yusei Kikuchi,0.2339340147032454,0.094286444940379,0.2138234650644708,Nick Martinez,0.1670410419309254,0.0527978004685402,0.1698659356884368,0.26593634435739694,0.11336558178663439,0.24058791150280506,0.23589693960523628,0.091749597450899,0.2519907157260561,0.21104350422191498,0.13583265185589022,0.2566681854181854,0.21522736806909515,0.0985729466782794,0.22695150402883912
2025-08-24,LAA,CHC,7.0,3.0,4.0,2.0,5.2,3.3,6.1,3.95,5.35,4.8,2.2,3.9,2.9,3.5,2.9,2025-08-24,Kyle Hendricks,0.1574670850382307,0.0627532625181478,0.1578035269527556,Jameson Taillon,0.1895604654783398,0.0502766101316825,0.1929576367178392,0.258920680196996,0.09643199782673463,0.29441546633035987,0.23677585906070694,0.09200237536178617,0.25567161443636544,0.31990259740259736,0.07385281385281384,0.27401791191264874,0.21796872222794914,0.07047655628633677,0.20688906637593718
2025-09-06,LAA,ATH,21.0,4.0,17.0,3.8,5.2,3.2,5.6,3.0,5.4,5.8,4.6,5.3,5.1,5.6,4.25,2025-09-06,Yusei Kikuchi,0.2282447068290988,0.0926298407660358,0.2131976932790391,J.T. Ginn,0.2802786390212621,0.0617082616287722,0.2692180632855858,0.24515961557036606,0.09334492417656713,0.24485764873695906,0.2374958159199312,0.09153914057681437,0.2560365298599423,0.2563227780990939,0.0977580971659919,0.2616120275162042,0.24365692441097564,0.09254633155740935,0.26282918511629105
2025-09-08,LAA,MIN,15.0,3.0,12.0,3.8,7.4,3.4,4.9,2.95,5.65,3.8,5.8,4.4,6.5,4.7,6.7,2025-09-08,Caden Dana,0.2105820105820105,0.1312169312169311,0.2342657342657342,Michael King,0.202037037037037,0.0807407407407407,0.194593837535014,0.21875156959335457,0.09906331498116484,0.2640342186440959,0.23539797234063145,0.09136609898366543,0.25600258597022474,0.18288710155543184,0.10197655943572456,0.19195659603554338,0.23128192897913596,0.07390985338164778,0.24022540237297332
2025-09-09,LAA,MIN,14.0,12.0,2.0,3.6,9.2,3.7,5.9,3.0,5.9,5.6,5.6,4.9,6.4,5.05,6.45,2025-09-09,Kyle Hendricks,0.1464610420798382,0.0661221881354195,0.1551850607686888,Zebby Matthews,0.2711946242636779,0.0731736767542393,0.2529397091371343,0.2229868637110016,0.08541625615763543,0.26078746539734265,0.23487437531048816,0.09100938996294555,0.2554874164969467,0.20098664906674407,0.10242904812350737,0.22127477785372518,0.23254404630013747,0.0750384146702171,0.24186718277595953
2025-09-10,LAA,MIN,7.0,4.0,3.0,5.4,8.8,4.5,6.0,3.55,5.8,4.4,5.8,4.8,6.4,4.75,7.0,2025-09-10,Jos\xc3\xa9 Ure\xc3\xb1a,0.1122185716391819,0.0626918603698789,0.1614378810613209,Taj Bradley,0.1998549493243429,0.0959503646302845,0.2057164868532038,0.22632019704433493,0.06541625615763542,0.24189857650845376,0.23555340260719745,0.09038173899768386,0.25510474465903665,0.20051045859055358,0.0938576195520788,0.22006265664160402,0.23159053275109553,0.07484800239902842,0.24157643845112645
2025-09-23,LAA,KCR,12.0,4.0,8.0,2.8,4.8,2.6,5.4,3.55,5.7,6.8,3.4,5.9,5.1,4.35,4.55,2025-09-23,Jos\xc3\xa9 Ure\xc3\xb1a,0.1171701962518753,0.0830011399124493,0.166618311014085,Cole Ragans,0.3543811480570373,0.0886365281622198,0.3029486179320066,0.22497828614346965,0.09862757900855784,0.2927797626102711,0.2358075552591712,0.09094144897428097,0.2584832756863361,0.1145022723048029,0.06819438301636442,0.18335914085914085,0.21163285150426758,0.0739369160402938,0.20727083597183849
2025-09-24,LAA,KCR,5.0,3.0,2.0,3.2,4.6,2.6,5.9,3.6,6.1,7.0,3.2,6.5,5.2,4.75,4.5,2025-09-24,Yusei Kikuchi,0.2156654208669011,0.0951318727396744,0.2109217886764293,Stephen Kolek,0.1722949728862397,0.064796090757485,0.1614511882422107,0.22380526561561043,0.10449268164785404,0.2822088437877911,0.23546367389967446,0.09094124287195493,0.25767496786265515,0.11783560563813625,0.08152771634969776,0.20669247419247413,0.21155875690869902,0.07431523716954883,0.20807378181490535
2025-09-25,LAA,KCR,13.0,4.0,9.0,3.4,4.0,2.8,5.9,3.6,5.8,7.4,3.4,6.5,4.7,4.8,4.4,2025-09-25,Mitch Farris,0.2188215102974828,0.1048731017266486,0.244082192797003,Michael Lorenzen,0.2061300416784338,0.063584423518526,0.2135137712602733,0.20078939259973735,0.11163553879071117,0.2725934591724065,0.23532963618059874,0.09081774495142718,0.257626392116689,0.1467829740591889,0.08350140056022406,0.22506854256854253,0.21338433439661864,0.07463602680771624,0.20921818122676597
2025-09-26,LAA,HOU,7.0,4.0,3.0,3.0,4.4,2.9,6.3,3.55,6.2,3.8,5.8,3.9,5.1,4.65,4.65,2025-09-26,Kyle Hendricks,0.1558502914072079,0.0638736056855139,0.1583350376020212,Jason Alexander,0.2189819274218251,0.075402914789104,0.2553453422092133,0.1948370116473564,0.12115934831452069,0.27571845917240656,0.23504753903780376,0.09084554589662636,0.2575784273863953,0.18292529220894754,0.0884326099685873,0.22740264045629566,0.2758394595160317,0.08912106150447135,0.295682999615962
2025-04-25,LAD,PIT,3.0,0.0,3.0,4.2,3.6,3.7,4.3,4.15,4.2,4.4,4.0,3.9,3.1,3.5,4.35,2025-04-25,Yoshinobu Yamamoto,0.3729545454545454,0.0693181818181817,0.3036859255130667,Paul Skenes,0.2580200668896321,0.0356923076923076,0.2420611098789466,0.288579813504349,0.08516272298393039,0.24744162180978688,0.2753605363987635,0.07357692821613589,0.2416558334837898,0.2279421781834623,0.058834483930391854,0.288286684579788,0.22092367890791684,0.08480628556773755,0.2759559764609085
2025-04-26,LAD,PIT,12.0,8.0,4.0,2.6,2.8,3.4,4.6,3.8,4.2,3.6,2.0,4.2,2.7,3.55,4.2,2025-04-26,Jack Dreyer,0.2944444444444444,0.1513888888888888,0.2475,Mitch Keller,0.160722002635046,0.0810996925779534,0.1713556437889959,0.3008394288889644,0.08660503067623809,0.25448473049223985,0.27029743712573806,0.07371635107892509,0.23930288980468128,0.239608844850129,0.06883448393039185,0.30733430362740705,0.22014872783725326,0.08536901573189543,0.27896289796764734
2025-04-27,LAD,PIT,11.0,9.0,2.0,3.6,3.6,4.2,3.4,3.9,4.35,4.4,3.0,3.6,3.2,3.7,4.3,2025-04-27,Tyler Glasnow,0.3082984949832775,0.1601484113712374,0.2282106283013799,Bailey Falter,0.1979663865546218,0.0671428571428571,0.2157006913104474,0.29131561936515493,0.09279550686671428,0.26067842418593357,0.27281887297404184,0.07610103036910142,0.24054158502330483,0.2319165371578213,0.08780884290475081,0.3057538438572921,0.21228627327163707,0.09184393183670868,0.27885215407471414
2025-04-29,LAD,MIA,17.0,15.0,2.0,4.8,3.2,4.9,3.2,4.2,4.4,4.0,6.6,4.4,6.6,4.4,5.85,2025-04-29,Jack Dreyer,0.2858585858585858,0.1558080808080808,0.2522727272727272,Sandy Alcantara,0.1711111111111111,0.1213333333333333,0.2077106091362412,0.27680581544358634,0.06769746765102802,0.22911138602315068,0.2696035316208449,0.07264256624590001,0.23712698201746332,0.1959203139814345,0.09985003338483811,0.2062176545111445,0.18162636819093245,0.11389311266936422,0.2079278126897354
2025-05-13,LAD,ATH,12.0,1.0,11.0,7.0,4.2,6.9,4.0,6.4,3.55,4.6,8.0,4.8,5.3,4.1,5.85,2025-05-13,Landon Knack,0.1628654970760233,0.1406432748538011,0.1739110562639974,Jeffrey Springs,0.1865117338801548,0.1186318067897014,0.2230587100554829,0.26338972968384733,0.05174803680686031,0.2308086542003484,0.2633419360960036,0.06813848936613673,0.23069948108608584,0.25090147838431587,0.11432181980236897,0.2593698563489086,0.2615160153164337,0.10800238672031903,0.28124527346588746
2025-05-16,LAD,LAA,8.0,2.0,6.0,7.4,4.0,7.4,4.5,7.0,3.9,4.4,5.0,4.2,5.7,3.35,5.95,2025-05-16,Dustin May,0.2054641654641654,0.093025493025493,0.2015833225409711,Jack Kochanowicz,0.1284264286438199,0.0845074490726664,0.1636730499013874,0.2523365508365508,0.04344144144144142,0.23724658032974463,0.2602064009780351,0.06485875599871425,0.2310518170019401,0.25175368052999636,0.11936639676113359,0.24999174747315284,0.21628303882988706,0.09479235761094498,0.2514055007576742
2025-05-18,LAD,LAA,10.0,4.0,6.0,8.0,6.6,7.5,5.4,7.35,4.55,6.2,5.4,5.0,5.2,4.0,6.2,2025-05-18,Tony Gonsolin,0.325,0.0666666666666666,0.3464590964590964,Yusei Kikuchi,0.1952690787473395,0.0995689690426532,0.1942252856845498,0.24991456582633056,0.039691876750700274,0.2307091112306992,0.2604643987945416,0.06506571093994916,0.23363243782083343,0.2184759027522185,0.14331084120557802,0.23185449257119206,0.21434340575176086,0.09774371509327576,0.24565979617777992
2025-05-19,LAD,ARI,14.0,5.0,9.0,8.6,5.6,6.9,5.9,7.25,4.5,7.0,6.2,5.7,5.7,4.5,5.25,2025-05-19,Jack Dreyer,0.3197712418300653,0.1008169934640522,0.2678447849728126,Brandon Pfaadt,0.1967163405569202,0.0570944693166915,0.210002195871761,0.24765892672858617,0.037812177502579966,0.23048981298508514,0.260524254259926,0.0647893968956696,0.23487335440727108,0.23834257567761402,0.06518507016333103,0.27143235784016123,0.23711762131574654,0.08006240224866623,0.2480382395466655
2025-05-21,LAD,ARI,4.0,3.0,1.0,7.8,6.8,7.1,6.3,7.5,4.8,7.6,5.2,6.1,5.9,4.85,5.1,2025-05-21,Dustin May,0.2214478114478114,0.091813973063973,0.2101691910071335,Corbin Burnes,0.232765523526393,0.110469441991181,0.2427202927085445,0.2532288192017044,0.03226379040580577,0.23871327478359766,0.25750263190981243,0.06340508487951893,0.2335641693291316,0.2197377907684813,0.07731987577639751,0.2728208915145005,0.23479136018459298,0.08002689793581663,0.24752307330666556
2025-05-30,LAD,NYY,13.0,8.0,5.0,4.6,4.4,4.6,5.5,6.0,5.0,5.4,1.6,4.7,1.8,5.9,2.95,2025-05-30,Tony Gonsolin,0.2569047619047618,0.1126190476190475,0.2830216567058672,Max Fried,0.2444149098721812,0.0590312108902813,0.2040512871839518,0.22419985061566222,0.037858642182108604,0.22998390027380702,0.2537487417243787,0.0600273648736824,0.23295678271953224,0.2703482507830334,0.05123644471470558,0.26413611214758986,0.2723955713131731,0.10054896656497873,0.2719793464672619
2025-05-31,LAD,NYY,20.0,18.0,2.0,5.8,4.4,5.2,5.4,6.25,5.05,3.8,3.0,4.4,2.4,5.9,3.0,2025-05-31,Landon Knack,0.2013861646870799,0.0927508989865969,0.1814727130747155,Will Warren,0.2946889823033987,0.0998228295139049,0.2645899078198347,0.21326867652659337,0.04028779197967946,0.23103653185275438,0.2519323310356837,0.060334559638216836,0.23417575030644985,0.24974219017697274,0.04881220229046314,0.26126254892919903,0.2687218408730569,0.09994392549536601,0.2695856266103958
2025-06-01,LAD,NYY,10.0,3.0,7.0,9.2,4.2,6.1,4.5,6.8,4.95,3.2,5.8,4.1,4.0,5.85,3.7,2025-06-01,Yoshinobu Yamamoto,0.3097031808770939,0.0838255223037831,0.2697540548284956,Ryan Yarbrough,0.2494225681725681,0.0839400183150183,0.2682039639298601,0.22536545072014177,0.04216951240978699,0.24052851046238005,0.2518978251243322,0.06074525202562964,0.2340524820379905,0.22927886971365224,0.0497774532557141,0.24691069707734722,0.2654298977188117,0.09961299840037856,0.2675363661045604
2025-06-04,LAD,NYM,7.0,1.0,6.0,8.4,5.2,6.0,4.6,6.45,5.25,5.4,4.0,4.2,2.7,3.7,3.2,2025-06-04,Tony Gonsolin,0.2387786596119929,0.1123677248677248,0.2621671700619069,Griffin Canning,0.2103330460538698,0.1130778032036612,0.2328021070996149,0.22740190219137585,0.05831443994601887,0.23109650708588553,0.2523474649014377,0.06149831830681231,0.2347895524310272,0.3477867965367965,0.08696428571428572,0.3283421855921856,0.2573900649652306,0.08991155321211892,0.2522243934689809
2025-06-05,LAD,NYM,11.0,6.0,5.0,6.8,5.4,5.6,4.3,6.35,5.3,5.4,3.4,4.8,2.6,3.65,3.15,2025-06-05,Jos\xc3\xa9 Ure\xc3\xb1a,0.0855508870214752,0.0531862745098039,0.1606357214473294,David Peterson,0.2148512686259721,0.0794540308176671,0.2140664253262964,0.23406856885804248,0.058314439946018856,0.23004755603693444,0.24925278493085823,0.06158445744614321,0.23390669625414645,0.2958637196137196,0.08696428571428572,0.2981224053724053,0.2569606966717467,0.08846136686998797,0.25249868985223556
2025-06-13,LAD,SFG,8.0,2.0,6.0,2.8,4.6,5.0,4.8,4.8,5.15,6.0,5.0,4.5,3.5,3.4,3.25,2025-06-13,Yoshinobu Yamamoto,0.2972724920007528,0.0887038082690256,0.2670655770913792,Logan Webb,0.2861949558378129,0.0478144210287067,0.2483565534829953,0.17376207847480074,0.06039914880680952,0.20798498900025325,0.24184923868224795,0.06217500897766201,0.23164361518601992,0.2105770777210405,0.09171028060346943,0.21638412413180214,0.25278295989127364,0.07631792141791877,0.2472942181613959
2025-06-14,LAD,SFG,16.0,11.0,5.0,3.2,4.8,4.4,4.9,4.8,5.15,6.6,5.0,4.9,3.7,3.55,3.25,2025-06-14,Clayton Kershaw,0.1659627329192546,0.1084679089026914,0.1933497133497133,Landen Roupp,0.2083738056814979,0.082184354107431,0.2283697881757712,0.1831738431806831,0.053732482140142854,0.22346117947644376,0.24261789174660933,0.06126067061034345,0.23191356202151964,0.19152945867342147,0.10599599488918372,0.21980292755060554,0.25121259107650035,0.0772684817241934,0.2453487452035347
2025-06-17,LAD,SDP,14.0,8.0,6.0,5.8,4.0,4.4,4.6,5.0,4.45,4.2,5.2,4.0,3.4,3.9,4.6,2025-06-17,Jack Dreyer,0.2526709401709401,0.0928418803418803,0.2278074050132873,Randy V\xc3\xa1squez,0.1341218051499188,0.1212086584912671,0.1514950320853935,0.23069521070205057,0.07280940521706593,0.23616963693453225,0.2459453408855211,0.06286142956252468,0.2335884139419314,0.2607693478729284,0.09094301265656764,0.26051862831781697,0.26043464398947513,0.08572983762127949,0.2580010000901462
2025-06-19,LAD,SDP,8.0,3.0,5.0,6.8,4.2,5.0,4.5,5.35,4.6,5.4,5.6,4.5,4.3,4.25,4.45,2025-06-19,Yoshinobu Yamamoto,0.2872258900519769,0.0979060794278185,0.2597088843480862,Ryan Bergert,0.1826530612244898,0.0564625850340136,0.0927186508581857,0.23595495096179087,0.08796092036858108,0.24063912117865832,0.24416767691771518,0.06321474863636169,0.23229651516344368,0.27214189689253626,0.10704155463746257,0.2562012491922537,0.25967122678789367,0.08832273734399775,0.2551949182050069
2025-06-20,LAD,WSN,11.0,6.0,5.0,5.2,4.2,5.2,4.8,5.45,4.7,3.0,5.2,2.9,5.5,3.5,4.95,2025-06-20,Clayton Kershaw,0.1730244996549344,0.0973343685300206,0.1962124804230067,MacKenzie Gore,0.3443292644017282,0.0607443120486598,0.2975395158003503,0.23754225254909245,0.08954822195588266,0.2411576396971768,0.24183336468137542,0.06332574624166182,0.23165987556914294,0.16933735382264792,0.0704304029304029,0.18936214630779846,0.19582648137323058,0.10263251621672673,0.22165770970391427
2025-06-21,LAD,WSN,10.0,3.0,7.0,5.4,4.4,5.1,5.0,5.4,4.85,3.4,5.6,3.4,5.6,3.65,5.1,2025-06-21,Dustin May,0.2220941167095013,0.0903569222799991,0.1929888985045554,Jake Irvin,0.1576212603359029,0.0690568577405158,0.1609245000111502,0.23035271006543234,0.08922142457026175,0.23474738328692038,0.24157188278192004,0.06322214369918042,0.23079329945044322,0.153428262913557,0.08027888777888777,0.19246773636991027,0.19444598939343927,0.10367443286937746,0.22102949041147146
2025-07-01,LAD,CHW,7.0,6.0,1.0,5.2,3.2,6.0,4.7,5.5,4.6,3.0,2.4,3.1,3.7,3.2,4.25,2025-07-01,Jack Dreyer,0.2586917562724014,0.0778673835125448,0.2351502966778109,Tyler Alexander,0.1606174277926121,0.0593694484363185,0.1330521553824315,0.21489704374572796,0.08373498455735295,0.2212899022274022,0.24064109460783722,0.06568706621720402,0.23097041721934233,0.18503462786644648,0.07220195088653589,0.23385451389012904,0.20826085551463072,0.09589538749543923,0.22562203418456642
2025-07-02,LAD,CHW,9.0,5.0,4.0,4.8,3.2,6.3,4.3,5.75,4.55,3.0,2.8,2.8,3.8,3.05,4.3,2025-07-02,Clayton Kershaw,0.1848278985507246,0.0911555383022774,0.1985706506398356,Sean Burke,0.1884837113369721,0.1063990447957839,0.2193137723407093,0.264897043745728,0.0908778417002101,0.22630079547358956,0.24457904076046502,0.06660575760577471,0.2310218898434818,0.19867099150281012,0.06765649634108135,0.24286352289913804,0.21008880266900404,0.09476720646608112,0.22688922593925784
2025-07-03,LAD,CHW,8.0,6.0,2.0,5.2,3.8,6.2,4.2,5.65,4.6,2.4,3.2,2.5,4.2,2.9,4.45,2025-07-03,Dustin May,0.2158149011482344,0.0909759993093326,0.1873173771956524,Aaron Civale,0.1786177107096867,0.0893542587183245,0.1949943052891445,0.2790384578871421,0.09441319523556362,0.24630079547358955,0.2459797151472403,0.06689167917404902,0.23261771074728396,0.20198640368919002,0.07231599454896667,0.2429375969732121,0.209906891526858,0.0949572518689303,0.22705029006485647
2025-07-04,LAD,HOU,19.0,1.0,18.0,5.4,3.4,6.5,3.7,5.9,4.15,4.4,5.4,4.2,3.9,4.95,3.8,2025-07-04,Jack Dreyer,0.2584201388888889,0.0832465277777777,0.2347462943510737,Jason Alexander,0.2764444444444444,0.0884444444444444,0.3162237762237762,0.3023717912204754,0.10024652856889697,0.27820962738242144,0.24893343938971424,0.06756735732318798,0.2370684887081832,0.354234126984127,0.04178571428571427,0.32790238396408994,0.2989573934049553,0.08441452745065636,0.3030425619877595
2025-07-05,LAD,HOU,10.0,4.0,6.0,4.6,5.2,5.3,4.8,5.7,4.95,7.4,3.2,5.2,3.3,5.75,3.65,2025-07-05,Shohei Ohtani,0.2142857142857142,0.0476190476190475,0.2224257224257223,Framber Valdez,0.2479962034287812,0.0892100009654467,0.2385030041151499,0.3112606801093643,0.1046909730133414,0.28571575483340184,0.24766855949890015,0.06902571464642082,0.23682271613119033,0.32851984126984124,0.04940476190476189,0.30266428872599466,0.2971209198690987,0.08510208763190914,0.3019983637795001
2025-07-18,LAD,MIL,2.0,0.0,2.0,2.4,5.2,3.4,5.7,4.7,5.2,6.8,2.2,5.0,3.1,6.6,3.5,2025-07-18,Tyler Glasnow,0.2471989966555183,0.1650989409141583,0.2482365149636826,Quinn Priester,0.1801390160571983,0.087934456821133,0.2137008551711594,0.24626852144103384,0.09491608362485422,0.30883226075563536,0.24601011580974488,0.0698416164846601,0.24064029495868938,0.3133158508158508,0.06208624708624706,0.2441345503302025,0.24809608980625927,0.07924417551354165,0.23759951144361627
2025-07-19,LAD,MIL,15.0,7.0,8.0,2.2,4.6,2.8,5.8,4.55,5.05,5.4,2.0,4.9,2.4,6.3,3.15,2025-07-19,Jack Dreyer,0.2515321869488536,0.0774691358024691,0.2291903335408237,Freddy Peralta,0.2582529101333449,0.0813411286780851,0.2627131455049152,0.20960185477436716,0.08908275029152088,0.2606271325505071,0.2448363993256156,0.06980854409072267,0.23952251410842526,0.26786130536130537,0.0641064491064491,0.24221147340712554,0.24553839815877204,0.07957270062279495,0.2375290961789319
2025-07-20,LAD,MIL,11.0,5.0,6.0,3.4,4.4,3.0,6.2,4.6,5.2,6.4,3.2,5.5,2.8,5.85,3.2,2025-07-20,Clayton Kershaw,0.1714734299516908,0.0807948010121922,0.2052582390940382,Jose Quintana,0.158091629663536,0.1009815156972347,0.154451358794724,0.2142314844039968,0.08074941695818755,0.25792642962782864,0.24422143835509572,0.07023434375072667,0.23899835669785405,0.2639397367338544,0.05743978243978243,0.25887814007379223,0.24603410478020113,0.07876073428990929,0.23850669043560946
2025-07-21,LAD,MIN,7.0,5.0,2.0,4.2,5.0,2.9,6.6,4.7,5.15,6.0,4.6,5.1,4.0,4.2,3.55,2025-07-21,Shohei Ohtani,0.3012987012987013,0.0467532467532467,0.2559554334554333,David Festa,0.2378271271063032,0.0880627953282415,0.2605587422542091,0.20994577011828253,0.08693989314866374,0.2587394377579099,0.24367301745837217,0.07048948407202635,0.24004391851353052,0.23793299662819284,0.03399114484503478,0.2517280209972147,0.24679047598035367,0.06751217118564751,0.25730554034794195
2025-07-22,LAD,MIN,17.0,7.0,10.0,3.8,3.8,3.3,5.0,4.3,4.9,4.0,4.8,4.7,4.0,4.05,3.5,2025-07-22,Jack Dreyer,0.2485950235950235,0.0792363792363792,0.2265996038054861,Simeon Woods Richardson,0.1948517598672396,0.0868729768110572,0.1967771512570367,0.1992314844039968,0.09979703600580658,0.25476728378575597,0.242654675290683,0.07158122088515162,0.24022100779698738,0.26266983873345595,0.03399114484503478,0.27337553057575875,0.24732794591994606,0.06683023006256016,0.2586346650806788
2025-07-23,LAD,MIN,7.0,4.0,3.0,4.8,5.6,3.6,5.4,4.2,5.05,5.8,5.8,4.9,4.6,4.45,3.85,2025-07-23,Tyler Glasnow,0.2491519350215002,0.147724558050645,0.2459967470452828,Chris Paddack,0.1658313624478107,0.060542578685974,0.1761579321044104,0.20372923552843453,0.11553916494133883,0.2647672837857559,0.2424020415812544,0.07347410432847401,0.24081879771901746,0.25725807402757367,0.02622643896268184,0.2590211762214044,0.24725466646074656,0.06656192776193454,0.25893720731876085
2025-08-04,LAD,STL,5.0,2.0,3.0,3.0,2.6,3.4,2.8,3.5,4.1,2.4,4.6,3.4,4.3,3.75,4.95,2025-08-04,Tyler Glasnow,0.2637848383500557,0.1471191007060572,0.2564288424731284,Sonny Gray,0.2654510150737772,0.0398271776532645,0.2484426519951342,0.28398905016552073,0.10597402597402597,0.22529112722298036,0.24618267872527863,0.07642864265988783,0.23940719131028684,0.19146929824561404,0.04276315789473682,0.2318360880748437,0.2090565625956599,0.07234838891435127,0.22810656229755305
2025-08-05,LAD,STL,18.0,12.0,6.0,2.4,2.4,3.2,2.8,3.55,4.0,3.0,4.0,2.8,3.8,3.5,5.0,2025-08-05,Jack Dreyer,0.2348375784422296,0.0681801402731635,0.2136541050528738,Miles Mikolas,0.1658089505931937,0.051803521566516,0.1532779138026998,0.2739890501655208,0.07597402597402596,0.22704551318789265,0.2457666185565824,0.07574009632961858,0.24025337276995393,0.15591374269005848,0.04720760233918128,0.21922070345945904,0.20818204963597645,0.07269448464825091,0.22744352293637984
2025-08-06,LAD,STL,8.0,3.0,5.0,4.4,2.6,3.9,3.2,4.1,3.85,4.2,6.0,3.1,5.0,3.55,5.3,2025-08-06,Shohei Ohtani,0.2839208410636981,0.0531230674087816,0.278251622428641,Matthew Liberatore,0.1754112521938608,0.0572788133766394,0.1869488822536801,0.2589890501655207,0.08597402597402595,0.2232328770223153,0.24401870231947007,0.07595670261238983,0.23942127858030623,0.1618396686159844,0.05461500974658867,0.22339091622541654,0.20863406034060725,0.07270669340423165,0.22863165218171788
2025-08-08,LAD,TOR,6.0,5.0,1.0,4.0,3.6,4.0,3.3,4.2,3.95,10.4,3.4,7.5,6.5,6.75,4.85,2025-08-08,Clayton Kershaw,0.1561700376917768,0.0731388579214665,0.2038505491088561,Max Scherzer,0.2578273334852282,0.0479430109364319,0.2197035146129016,0.25825013390936313,0.08572772055530675,0.23088177984363192,0.24369018771243176,0.07589483371530124,0.23858971457034372,0.22627156125608136,0.07614443348189476,0.25757523291303897,0.2604418276254069,0.07708198363145471,0.27851832535117255
2025-08-09,LAD,TOR,10.0,9.0,1.0,5.0,3.0,4.2,3.0,4.1,3.6,10.0,2.6,7.2,6.0,6.65,4.8,2025-08-09,Blake Snell,0.1914141414141414,0.1161616161616161,0.2638280893752849,Chris Bassitt,0.2321850862020086,0.0592190263867254,0.2178530558968335,0.2650683157275449,0.07663681146439766,0.239577432017545,0.24374553694302445,0.07522908955990386,0.23878515185672133,0.232914917899438,0.09572485306231435,0.27087651496432097,0.25976403757534466,0.07876858095124624,0.27881127082228313
2025-08-10,LAD,TOR,9.0,4.0,5.0,6.2,3.2,4.6,2.9,4.45,3.6,9.4,4.0,6.9,5.8,6.5,5.25,2025-08-10,Tyler Glasnow,0.2643294314381271,0.1400994983277592,0.2564269838668412,Eric Lauer,0.2453546072167102,0.0589379347854018,0.1942190213201295,0.26279558845481765,0.06186408419167039,0.24103942032163853,0.2437999235783025,0.07566188008546991,0.23912421816907836,0.24141694219093596,0.09855886115948034,0.27357011765792366,0.260242887456617,0.07899503032683164,0.28054349484501134
2025-08-15,LAD,SDP,5.0,3.0,2.0,5.4,4.0,4.7,3.8,4.5,3.7,5.6,3.0,4.9,3.5,4.7,3.25,2025-08-15,Clayton Kershaw,0.1574373952479542,0.0710202438463307,0.2045959180500602,Randy V\xc3\xa1squez,0.1152197605717594,0.101346298330078,0.1418669209849072,0.20514990080913004,0.0822116777745581,0.23829747194128598,0.2430025878452625,0.07635638930652183,0.2402414580292428,0.2956833517359833,0.0676705360915887,0.25606872395342006,0.2534925873617504,0.08048322251465224,0.2473351978104566
2025-08-16,LAD,SDP,6.0,6.0,0.0,5.0,4.2,5.0,3.6,4.4,3.7,5.6,1.6,4.7,3.7,4.7,3.35,2025-08-16,Blake Snell,0.262608225108225,0.1228354978354978,0.287156781317178,Dylan Cease,0.3087330689071759,0.0869484919238331,0.3223040577962402,0.19800704366627286,0.07506882063170095,0.23751545825604653,0.24216804247036147,0.07631532415753893,0.23924954688910016,0.2921745798061587,0.07195903511692983,0.25747793804556096,0.2541579269115136,0.08104709689493136,0.24823703412499906
2025-08-17,LAD,SDP,9.0,5.0,4.0,4.4,4.0,5.3,3.6,4.35,3.2,4.4,2.4,4.2,3.5,4.55,3.45,2025-08-17,Tyler Glasnow,0.2719200364852538,0.1431734569778047,0.2678747981677166,Yu Darvish,0.2083231382144425,0.0825757575757575,0.2342315849617963,0.2052797709390001,0.08415972972261004,0.22818212492271317,0.24242059809231942,0.07643593380011374,0.23925574898092575,0.3046745798061587,0.07195903511692983,0.2629377081605035,0.2530905060279474,0.08037728617679143,0.24732541429324503
2025-08-25,LAD,CIN,7.0,7.0,0.0,4.4,4.4,5.0,3.6,4.85,3.7,3.6,3.6,5.5,4.1,4.1,3.7,2025-08-25,Jack Dreyer,0.209302503052503,0.0563797313797313,0.2119730115912242,Hunter Greene,0.3270918566696664,0.0506484190757895,0.2769855112934425,0.1534271284271284,0.03456709956709955,0.1956590272472625,0.23605875378184124,0.07311690948176043,0.2367854556430428,0.28655184853460713,0.10968875951634569,0.28132248834934254,0.2189398808724915,0.09738056292791651,0.22948711388444276
2025-08-26,LAD,CIN,9.0,6.0,3.0,5.2,2.8,5.4,3.4,5.2,3.5,2.8,4.8,4.1,4.0,3.9,3.8,2025-08-26,Clayton Kershaw,0.1552848947550034,0.0679851046698872,0.1946852000059615,Nick Martinez,0.1719448556507836,0.0524649597685768,0.1686694249982654,0.16136363636363635,0.04964646464646463,0.20706722689075624,0.2359523189236903,0.07426387342591782,0.23677398381230447,0.28590249788525646,0.10774070756829375,0.2790236377746299,0.22001122177381216,0.09717938469923941,0.23011391786662697
2025-08-27,LAD,CIN,6.0,5.0,1.0,4.6,2.4,5.4,3.7,5.35,3.65,2.2,5.2,4.3,4.2,3.8,4.0,2025-08-27,Shohei Ohtani,0.3077295511506037,0.0371861471861471,0.2839764399837933,Nick Lodolo,0.2355045369230415,0.0443719571052837,0.223847906690968,0.1653409090909091,0.046805555555555545,0.2024220656004337,0.23653665236702093,0.07417407286541462,0.236444017425163,0.28828976578976573,0.1162287712287712,0.29497601872701085,0.22009397568916153,0.09761528292344644,0.23103611849842215
2025-08-29,LAD,ARI,3.0,0.0,3.0,5.4,2.2,5.4,3.4,5.5,3.55,4.6,5.6,5.2,5.3,5.55,4.3,2025-08-29,Blake Snell,0.2276754780377968,0.1087287645258659,0.2916362669098647,Zac Gallen,0.2123962624123654,0.078642073617919,0.2129246590603403,0.18756313131313132,0.06680555555555553,0.2275302907086588,0.23853258681878592,0.0751272995861312,0.23763716421693748,0.1767514707514707,0.09625907425907423,0.2202670718286726,0.21445864508664228,0.08192100635849718,0.23595233420194764
2025-08-30,LAD,ARI,7.0,1.0,6.0,5.2,1.8,5.1,3.3,4.9,3.4,5.0,4.4,4.8,4.3,5.4,4.1,2025-08-30,Tyler Glasnow,0.2722107268428338,0.1419037920459325,0.2628951748152697,Eduardo Rodr\xc3\xadguez,0.2089679171909795,0.0825173695589574,0.2022542485262994,0.23371697746697748,0.08219017094017092,0.24733421227728628,0.24020932271893386,0.075719170670793,0.2378406884134488,0.1838221778221778,0.10534998334998333,0.21569041278977097,0.21421864168025653,0.08198709521548685,0.23581585604125554
2025-08-31,LAD,ARI,9.0,5.0,4.0,3.8,2.6,4.1,3.5,4.8,3.45,5.2,3.2,4.9,3.8,5.4,4.05,2025-08-31,Yoshinobu Yamamoto,0.2741290995638821,0.0897909811270318,0.2547538063451758,Brandon Pfaadt,0.1800038297158691,0.0484481355424805,0.1889136643677337,0.23371697746697748,0.09128108003108001,0.25419695737532544,0.23909514188453201,0.07583252828451166,0.2378216841539981,0.2011298701298701,0.09829870129870126,0.21569041278977097,0.21447981947821088,0.08199692177109155,0.23591938993876463
2025-09-08,LAD,COL,4.0,3.0,1.0,2.4,3.2,3.0,3.9,4.2,3.8,4.8,7.0,4.5,6.7,3.95,6.05,2025-09-08,Tyler Glasnow,0.2692506199804336,0.1317678068997944,0.2607282437238135,Chase Dollander,0.1759315384272478,0.1138142898926651,0.2075015993993496,0.2847143379496321,0.13800493624023036,0.2679929999078935,0.23995350950053942,0.078701084452281,0.2386815339132999,0.15762117853796084,0.11458613996112658,0.2229102068642209,0.199057918169446,0.09330401581461431,0.2409856702526598
2025-09-09,LAD,COL,9.0,7.0,2.0,3.0,2.8,2.8,3.9,4.1,3.65,4.2,6.2,4.3,6.6,3.7,5.95,2025-09-09,Emmet Sheehan,0.2753561589925226,0.0851908697363242,0.2866757682749337,Germ\xc3\xa1n M\xc3\xa1rquez,0.1497412515023864,0.0828313522882147,0.1791350525746798,0.24900005223534633,0.11800493624023034,0.2685990605139541,0.23926973227065637,0.07814685146318043,0.23981757944912174,0.15845451187129417,0.09625280662779326,0.2162789071294729,0.19860149744141745,0.09311903422330911,0.240988403864411
2025-09-10,LAD,COL,9.0,9.0,0.0,3.8,2.2,3.5,3.8,4.3,3.55,3.0,5.6,3.8,6.2,3.6,6.15,2025-09-10,Blake Snell,0.2430810232440666,0.107466305835871,0.310825577995062,Kyle Freeland,0.1691016337804054,0.0513441892991007,0.1877892142344532,0.24034620608150017,0.10262032085561497,0.27712847227866,0.2402188949820504,0.07760036998441693,0.2405880858865405,0.1655973690141513,0.09149090186588851,0.2144072493754622,0.1983812572291778,0.09247683398728629,0.24013777389861182
2025-09-16,LAD,PHI,15.0,6.0,9.0,8.4,2.4,5.4,2.8,4.75,3.15,7.2,5.0,6.3,3.8,5.55,4.35,2025-09-16,Shohei Ohtani,0.3236927546138072,0.0453159413685729,0.2876783277721748,Cristopher S\xc3\xa1nchez,0.2583231267273839,0.0618646650585853,0.2750544823238562,0.2659220165799113,0.13212887989203778,0.3140945559013932,0.24150449327956197,0.07985230882899999,0.24326052519700117,0.3117731941261353,0.08083938120702824,0.26428845101258897,0.24412848093754966,0.07840939520148317,0.2273898840712514
2025-09-17,LAD,PHI,5.0,5.0,0.0,9.0,4.0,6.0,3.4,5.0,3.5,6.8,5.6,6.3,4.1,5.85,4.55,2025-09-17,Blake Snell,0.2716275762169481,0.105626615288451,0.3256721187116601,Jes\xc3\xbas Luzardo,0.2813883749906383,0.0825941825390165,0.2794368299576247,0.24546747112536585,0.12121978898294687,0.30402363391557763,0.24018872181764914,0.07992651542014154,0.2425227588086544,0.2784398607928019,0.09083938120702825,0.2617884510125889,0.24250095773129932,0.07855333256680662,0.22670728484410974
2025-09-18,LAD,SFG,3.0,2.0,1.0,8.6,3.6,6.2,2.9,5.2,3.25,3.6,8.4,4.7,5.9,6.3,5.25,2025-09-18,Jack Dreyer,0.2363453031485818,0.0562581316679677,0.2278569750725006,Logan Webb,0.2614185283262035,0.054978361563456,0.2322109784873519,0.25796747112536583,0.09371978898294686,0.3021188720108157,0.23942079700553145,0.0802270053173406,0.24268371819437448,0.14647184455517243,0.07602826422307216,0.16533368835432688,0.22452177070204712,0.06979186242511667,0.22241608271059518
2025-09-19,LAD,SFG,9.0,6.0,3.0,7.2,3.8,6.3,2.8,4.9,3.2,3.2,7.8,4.0,5.9,6.15,5.2,2025-09-19,Clayton Kershaw,0.1724305301830876,0.0768628312106572,0.2142999882934396,Robbie Ray,0.2467764652334977,0.0993306161293002,0.2525713334298512,0.25463413779203253,0.12038645564961352,0.312777179220847,0.2409257365397112,0.08146170506137586,0.24358853029128316,0.11706007984929005,0.07014591128189568,0.14033368835432686,0.22304465378953364,0.06933270543547775,0.2209528190085518
2025-09-20,LAD,SFG,12.0,7.0,5.0,5.8,3.0,6.6,2.7,4.85,3.35,2.4,6.4,4.1,6.2,6.05,5.4,2025-09-20,Tyler Glasnow,0.2747448560899647,0.129990872905275,0.2589027171343058,Kai-Wei Teng,0.2495177895719691,0.1342909971005946,0.2578224932223331,0.282453686664213,0.12564961354435036,0.3052771792208471,0.2421107819018114,0.08127203317904687,0.24412413206568265,0.10039341318262338,0.07014591128189568,0.14200035502099354,0.22213150790419903,0.06887955049799097,0.22059800755533684
2025-04-23,MIA,CIN,7.0,2.0,5.0,5.2,6.0,5.4,6.3,4.35,5.35,8.6,4.8,6.8,3.8,5.15,3.4,2025-04-23,Sandy Alcantara,0.1738888888888888,0.1316666666666666,0.1861088496555957,Brady Singer,0.2609888357256778,0.1043979266347687,0.2529519763841888,0.20581718281718278,0.10084781884781882,0.19742810012347772,0.17460256430676402,0.11084063737920244,0.2050043526609923,0.2028569233335967,0.10035005956405549,0.2037525687205814,0.1780072173779804,0.09691565451030192,0.20356460226450948
2025-05-03,MIA,ATH,15.0,9.0,6.0,3.2,10.8,4.6,8.0,4.5,6.9,4.0,3.6,4.3,4.6,4.15,4.4,2025-05-03,Max Meyer,0.3316285580153646,0.0795270654715931,0.2974041796410217,Osvaldo Bido,0.1224960962279802,0.0860415751720099,0.1974275810679547,0.1795020460894824,0.10314103867584341,0.22332761596377176,0.17884557333173323,0.11087597751259182,0.2098487770530943,0.24385283175605754,0.10613777351680576,0.2817038586758852,0.26541201180561114,0.10505144967659309,0.28956905155284485
2025-05-04,MIA,ATH,5.0,2.0,3.0,5.0,9.2,4.5,7.5,4.95,7.1,4.8,5.2,4.4,4.7,4.4,4.75,2025-05-04,Edward Cabrera,0.2247964897421419,0.1223002540937323,0.2323329882301656,JP Sears,0.2216444666444666,0.0425824175824175,0.1868010908528025,0.22616871275614905,0.10878206431686906,0.25173484092272086,0.1878399824984499,0.11157776988198999,0.21514445104604718,0.22877346667669246,0.12835999573902795,0.2695792758060298,0.26577571080479256,0.10849764886911159,0.28864244756979157
2025-05-05,MIA,LAD,11.0,4.0,7.0,4.2,8.4,4.1,7.5,4.8,6.75,8.4,3.4,6.6,3.3,5.2,4.1,2025-05-05,Sandy Alcantara,0.1592592592592592,0.1427777777777777,0.2172098213390245,Yoendrys G\xc3\xb3mez,0.1522321428571428,0.1733058608058608,0.1656515816055289,0.23027127685871318,0.10980770534251008,0.24636399693295105,0.191471871140688,0.11052762767111383,0.2175375781979495,0.221486813839755,0.08473839885604591,0.19857475527780852,0.26266572914724895,0.07155166679786201,0.2291159534620012
2025-05-16,MIA,TBR,13.0,9.0,4.0,2.8,3.2,3.2,4.8,3.9,6.4,5.0,4.2,4.3,4.6,2.8,3.8,2025-05-16,Max Meyer,0.271042847082952,0.083038156246552,0.2768360294676084,Taj Bradley,0.1884075354999267,0.0993608706108705,0.1988122211248474,0.27701634476634474,0.07699930624930623,0.2822259127101808,0.20907244970509153,0.10334480235039861,0.2311162276327457,0.1802140996258643,0.1034060057589469,0.20068595015023583,0.2201642868983617,0.0699761673591448,0.25507458307541697
2025-05-17,MIA,TBR,4.0,0.0,4.0,4.0,3.8,3.2,4.6,3.85,6.05,5.2,5.6,4.4,5.3,3.0,4.2,2025-05-17,Sandy Alcantara,0.1806332556332556,0.1271882284382284,0.2165529290556436,Drew Rasmussen,0.221072260642694,0.0609530454925191,0.1859208966146247,0.26053282828282825,0.06930699855699854,0.2770565722467227,0.2075325588481625,0.10094143485387772,0.23137920472092002,0.1762034044386985,0.0980584121760592,0.19112254058682626,0.2182597266589361,0.07251803132412292,0.25234868653131964
2025-05-18,MIA,TBR,6.0,5.0,1.0,3.6,3.8,3.0,4.7,3.55,6.1,5.6,4.8,4.1,4.8,3.2,4.0,2025-05-18,Cal Quantrill,0.1480401431774429,0.078030220478733,0.182219266058766,Shane Baz,0.262511986487959,0.0890904344193817,0.2015091137610407,0.25706060606060605,0.06930699855699854,0.2576312848904009,0.20707727341979518,0.09864731133447141,0.23003908172961385,0.17165794989324398,0.08896750308515011,0.19554430929430927,0.21542971253116178,0.07090651951692019,0.25044464164543845
2025-05-19,MIA,CHC,15.0,8.0,7.0,4.2,3.0,3.1,4.1,3.6,6.0,6.4,3.0,4.8,3.8,5.4,3.45,2025-05-19,Edward Cabrera,0.1973683522596565,0.0980391388000083,0.2011849551164067,Drew Pomeranz,0.3483333333333333,0.0533333333333333,0.2581349206349206,0.2651025641025641,0.05567063492063491,0.25772430814621483,0.2093131630702954,0.09645514886037204,0.23114932435784463,0.23406756642050758,0.07368814192343602,0.21418515050228604,0.20232890454162944,0.08669070195179585,0.19734717423300505
2025-05-30,MIA,SFG,2.0,0.0,2.0,5.8,5.0,4.4,5.3,3.8,4.95,1.6,3.0,2.3,3.0,3.6,3.4,2025-05-30,Cal Quantrill,0.166677728577042,0.0729504921724601,0.1874420795136795,Kyle Harrison,0.3270588235294117,0.0444444444444444,0.3217293233082706,0.2357695444651966,0.06816456490369531,0.24975303109688488,0.21239065694672135,0.0930023582917351,0.23368981309392328,0.2585822510822511,0.036785714285714276,0.2649486783219035,0.2644631726038177,0.06919909930848901,0.25824164550150325
2025-05-31,MIA,SFG,1.0,1.0,0.0,5.0,4.0,4.4,5.1,3.7,4.9,2.0,2.4,2.2,2.8,3.4,3.25,2025-05-31,Edward Cabrera,0.2465111126795909,0.0908453714160235,0.2498598465584352,Robbie Ray,0.2702618271788232,0.1079310712709921,0.2566058291529636,0.23833364702929916,0.06816456490369531,0.25175303109688485,0.2145896146992052,0.09131140632279446,0.23489545285585198,0.26516119845067215,0.05783834586466163,0.251678040913335,0.2653636340262807,0.0716785241590326,0.2574325150913227
2025-06-01,MIA,SFG,6.0,2.0,4.0,4.0,3.6,4.0,5.0,3.55,4.55,1.4,2.2,2.1,2.6,2.95,3.15,2025-06-01,Ryan Weathers,0.2461013645224171,0.0601851851851851,0.2354700854700854,Jordan Hicks,0.1770383581103221,0.0742624749896114,0.2007912944694934,0.2502384089340611,0.06578361252274292,0.27092935027320403,0.21458418790610717,0.09095635569968333,0.2375036122861471,0.26516119845067215,0.04783834586466164,0.24579568797215856,0.2607883989568621,0.070442687535601,0.2529940234518171
2025-06-02,MIA,COL,10.0,4.0,6.0,3.8,4.4,3.4,4.7,3.6,4.25,1.8,4.4,2.2,5.3,2.85,6.4,2025-06-02,Max Meyer,0.2432353775886555,0.0730019641890978,0.2470511944196154,Germ\xc3\xa1n M\xc3\xa1rquez,0.1287805247322617,0.0785061724982673,0.1878593512194178,0.24932931802497013,0.06820785494698536,0.2651291354504328,0.21241444936229983,0.09095552649283083,0.235183604314368,0.24884740259740262,0.106502886002886,0.3011978827007521,0.1909857288540689,0.10297914797729996,0.24033484453336756
2025-06-03,MIA,COL,5.0,2.0,3.0,3.4,4.0,3.7,3.9,3.7,4.25,2.8,4.6,2.3,4.8,3.15,5.55,2025-06-03,Sandy Alcantara,0.1650455297886127,0.1249944127019225,0.1939611688847732,Chase Dollander,0.2169507575757575,0.1062499999999999,0.2155236365834191,0.2445674132630654,0.05987452161365202,0.2610235636029255,0.21367823964423066,0.08938732776019581,0.2366904498462115,0.22027597402597401,0.09221717171717171,0.28166383252154065,0.19018358575412012,0.10126282884434495,0.23955507024275766
2025-06-04,MIA,COL,5.0,2.0,3.0,1.8,3.0,3.8,4.0,3.65,4.35,3.2,4.6,2.6,4.8,2.85,5.5,2025-06-04,Cal Quantrill,0.1780403593124624,0.0701065080355697,0.1901647363167837,Kyle Freeland,0.1755149373827534,0.0459340659340659,0.2102152140559402,0.21225972095537307,0.04987452161365203,0.23771529292623375,0.2113603555303128,0.08787228830663317,0.23357080796657007,0.20936688311688312,0.07676262626262625,0.2763423247610085,0.1885561350189557,0.1003479389527089,0.23922649851946576
2025-06-16,MIA,PHI,7.0,2.0,5.0,4.6,4.0,3.5,4.3,3.6,4.1,6.6,3.2,4.1,3.6,4.0,4.4,2025-06-16,Sandy Alcantara,0.1734534436206676,0.1124661347571046,0.1945697070050645,Taijuan Walker,0.2169283760935203,0.0892696762499466,0.1977798660946748,0.21160739315151078,0.05135373341255691,0.23055376581051243,0.21139615808410958,0.08257974411908589,0.2331335554801849,0.16323778056990396,0.13007138757592474,0.19110759533529928,0.24489072827019653,0.08928241382124918,0.22452849154538804
2025-06-17,MIA,PHI,11.0,8.0,3.0,4.4,4.6,3.5,4.5,3.65,4.25,6.8,2.0,4.5,3.6,4.15,4.5,2025-06-17,Cal Quantrill,0.1793208634741815,0.0701600522538737,0.1922120418406973,Jes\xc3\xbas Luzardo,0.2736218338254416,0.0738499366199225,0.2653627740374512,0.17071670489240146,0.05661689130729375,0.2151442830518917,0.2091280926678704,0.08215191318806135,0.23203521897332513,0.18038063771276108,0.13007138757592474,0.20140171298235812,0.24519317185903639,0.08804238029595406,0.2248822624961465
2025-06-19,MIA,PHI,3.0,1.0,2.0,3.8,3.2,4.0,4.5,3.65,4.15,5.2,3.6,4.7,3.2,4.1,4.6,2025-06-19,Edward Cabrera,0.2523327572734687,0.0990780190384933,0.2500108606596876,Cristopher S\xc3\xa1nchez,0.2580561990344598,0.088804084114643,0.2745067402438537,0.16519382907540797,0.06049644312802205,0.21138359929120795,0.21010910243944192,0.08172176745135594,0.23242740306167292,0.22078631722594572,0.09560891293089432,0.2090490441790751,0.24635647246062042,0.0878091204151413,0.2241177264082664
2025-06-22,MIA,ATL,8.0,5.0,3.0,3.4,3.6,3.9,4.1,3.05,3.9,4.4,3.4,5.2,2.9,4.55,3.65,2025-06-22,Sandy Alcantara,0.1780707146545655,0.1078341999615291,0.1971553872739335,Bryce Elder,0.1988370067247072,0.0771237585943468,0.1914522831004232,0.14746914635072525,0.06133819396977289,0.1976254158245846,0.20491685955398548,0.07966501796542293,0.22905448994574196,0.31107503607503606,0.06839826839826837,0.2804033559033559,0.25473709463489436,0.0848038185906065,0.2637622517228961
2025-07-01,MIA,MIN,2.0,2.0,0.0,7.2,4.4,5.3,4.0,4.4,4.25,4.2,3.0,4.2,6.7,4.55,6.95,2025-07-01,Edward Cabrera,0.2512137620833272,0.1043582021842891,0.2591185015298571,Joe Ryan,0.2883022295686769,0.0555410269555006,0.238421029542353,0.21382978132978128,0.05903499278499278,0.22142439808128161,0.2105628437675321,0.07895508761399458,0.23108557318601544,0.20129402544716943,0.0792827360829389,0.27227262775538635,0.2558686835190399,0.07273376196115405,0.2607077775645028
2025-07-02,MIA,MIN,3.0,1.0,2.0,6.6,3.8,4.7,3.7,4.4,4.1,3.8,3.4,3.6,5.2,4.35,6.75,2025-07-02,Janson Junk,0.2222366188531601,0.0132962275819418,0.1986982346332681,Simeon Woods Richardson,0.2009581835433228,0.0826931424841641,0.1990310862798793,0.255496447996448,0.05903499278499278,0.23465969219892865,0.21405003842093534,0.07800382149816333,0.2313134578464249,0.19094919786096254,0.06893790849673201,0.27116151664427524,0.2528226277628609,0.07186788384256888,0.258794589736354
2025-07-03,MIA,MIN,5.0,4.0,1.0,6.0,3.8,4.6,3.5,4.3,4.0,2.2,3.4,3.8,4.4,4.25,6.55,2025-07-03,Eury P\xc3\xa9rez,0.1999999999999999,0.1394736842105262,0.1713412637782385,David Festa,0.2413832877648666,0.0927389496468443,0.2580496863989971,0.2588297813297813,0.06903499278499278,0.23065969219892862,0.21269229986830512,0.07826568076604233,0.22998829763396744,0.2027139037433155,0.06926470588235292,0.2810137333930437,0.2512323269518099,0.07171442084926531,0.25858970409645365
2025-07-04,MIA,MIL,11.0,5.0,6.0,4.4,3.0,4.9,3.4,4.4,3.9,5.4,3.6,6.2,3.6,5.7,4.0,2025-07-04,Sandy Alcantara,0.1737605932714628,0.0991626172740302,0.1834779449967672,Aaron Ashby,0.3442099567099567,0.0708333333333333,0.2854578754578754,0.2747388722388722,0.05994408369408368,0.2473263588655953,0.21313121398750154,0.07734490805114771,0.23120412158337178,0.24707094488788198,0.06621505185146158,0.23684978538538046,0.24297254675618205,0.08135043068214505,0.23699089189982916
2025-07-05,MIA,MIL,6.0,4.0,2.0,3.6,2.6,4.8,3.8,4.5,3.7,4.6,3.4,5.9,4.1,5.95,3.9,2025-07-05,Cal Quantrill,0.178051142749243,0.0663800424562724,0.1833387449855569,Chad Patrick,0.2353449907956645,0.0792640924537695,0.1910817212675163,0.2875960150960151,0.06422979797979796,0.23899302553226195,0.21563633276173327,0.07810667822331045,0.2319071744331775,0.2666111747729395,0.0659851667939903,0.22944237797797307,0.24399937387637693,0.0811835697274237,0.23619175297672507
2025-07-19,MIA,KCR,4.0,3.0,1.0,4.2,3.8,4.8,3.3,4.85,3.35,3.0,3.8,4.1,3.4,3.4,3.8,2025-07-19,Cal Quantrill,0.1894124635885527,0.0646161544616921,0.1860446963974181,Michael Wacha,0.1862694615326194,0.0771761859633713,0.2149342430377612,0.2702521614092821,0.06923265460030165,0.2319349975503226,0.22132548157918627,0.07718230076258037,0.2319100726745468,0.2152503354031367,0.09731855580752011,0.24772388120402425,0.2215828046824855,0.07226002262373983,0.21335288311673983
2025-07-20,MIA,KCR,11.0,4.0,7.0,4.4,2.6,4.6,2.8,4.7,3.3,2.4,3.8,3.9,3.5,3.35,3.8,2025-07-20,Janson Junk,0.2086927234982155,0.0193073593073593,0.1822520373310631,Kris Bubic,0.253520190034937,0.0749916333631054,0.2742546000910333,0.2553398807075278,0.09423265460030164,0.2169349975503226,0.2207619886419438,0.07896392652791459,0.23037835371226625,0.2073138274666288,0.10049315898212327,0.243922711613381,0.22078759597717904,0.07297312484831965,0.2140036396284675
2025-07-21,MIA,SDP,3.0,1.0,2.0,5.2,2.8,4.6,3.3,4.9,3.3,4.6,2.6,3.7,3.2,3.3,3.55,2025-07-21,Eury P\xc3\xa9rez,0.2648459383753501,0.0865019692087361,0.2471934929512976,Randy V\xc3\xa1squez,0.1193256670397462,0.111482287100136,0.1433749919125364,0.2729869395310572,0.10599736048265458,0.23068499755032262,0.22031003557656983,0.07935865236766576,0.23006837051112067,0.20417002399045742,0.09452060632865585,0.19674342583860202,0.2505708067162065,0.0867105449691248,0.2496439074825536
2025-07-22,MIA,SDP,7.0,4.0,3.0,5.0,2.2,4.6,3.2,4.7,3.25,4.0,2.0,3.6,2.7,3.2,3.45,2025-07-22,Edward Cabrera,0.2500602557667775,0.0873952059414015,0.2620835792409764,Stephen Kolek,0.1710073943942947,0.0769957234378148,0.1703574526247317,0.2673925339366516,0.11368966817496226,0.23401833088365595,0.2211926847898601,0.0793340505954982,0.23111145094366825,0.21483669065712405,0.08252060632865585,0.21588474963108858,0.25073505018508874,0.085825743489848,0.25023623809693885
2025-07-23,MIA,SDP,5.0,3.0,2.0,4.6,2.8,4.5,3.4,4.7,3.3,4.4,2.4,3.8,3.1,3.3,3.65,2025-07-23,Sandy Alcantara,0.1668915117427702,0.0937077910647704,0.1770785933576016,Kyle Hart,0.1498086124401913,0.0864661654135338,0.1642913832199546,0.2654694570135746,0.10638197586726997,0.24495377225387988,0.2212884502496538,0.07930994085877399,0.2314090320864055,0.20639513221556563,0.07732580113385065,0.19804793748687607,0.250957193847131,0.08587709043347673,0.24949113052257882
2025-08-01,MIA,NYY,25.0,13.0,12.0,3.4,2.8,3.4,2.9,4.0,2.85,4.8,5.0,4.3,5.5,5.4,5.55,2025-08-01,Janson Junk,0.1964731852603705,0.0197126544952631,0.1821841791703239,Carlos Rod\xc3\xb3n,0.2795461565350484,0.0905181757853149,0.2898022899733368,0.24905731523378583,0.09555744092508796,0.23346493488849732,0.2234064116879103,0.08051472226596817,0.23066681924275514,0.18279921832553409,0.05950669213827107,0.2426408587150275,0.24773190399511003,0.09049286307571466,0.2584725327703683
2025-08-02,MIA,NYY,2.0,2.0,0.0,4.6,4.4,4.3,3.4,4.45,3.35,6.4,5.8,5.1,6.6,5.75,5.9,2025-08-02,Eury P\xc3\xa9rez,0.262989842401607,0.0879623300675932,0.2441134574806388,Cam Schlittler,0.2252415458937197,0.131383712905452,0.2057402604515066,0.25314938684503896,0.08814056112969153,0.23508655651011887,0.22335071624957623,0.08017179206785334,0.23053301736287976,0.1943376798639956,0.0610451536767326,0.24644520654111446,0.24652874682592368,0.0907191517330683,0.2572591461088195
2025-08-04,MIA,HOU,10.0,2.0,8.0,5.8,3.0,4.7,3.2,4.6,3.3,4.2,4.0,3.2,5.5,3.75,4.8,2025-08-04,Sandy Alcantara,0.1683489503365279,0.0915859606232276,0.1790292964292353,Jason Alexander,0.2406349206349206,0.0939682539682539,0.2781428946870123,0.2715254552211074,0.0798988028879333,0.237204728193508,0.22585545070160412,0.07936347377051574,0.23193591355068754,0.28246599719509935,0.11153452541610434,0.32567511778110153,0.28841357034468246,0.08748900783250216,0.30068547305583604
2025-08-18,MIA,STL,11.0,3.0,8.0,5.6,5.0,4.4,5.2,4.55,5.05,4.0,6.6,3.7,4.9,3.4,4.95,2025-08-18,Valente Bellozo,0.148948634722292,0.0544382236357939,0.1717065174060767,Matthew Liberatore,0.1703798464920266,0.0573049021127344,0.1773128366808347,0.1875903263403263,0.11606060606060606,0.22433136613397925,0.22211471824840273,0.08067006593034509,0.22966252865191195,0.2558199643493761,0.09092691622103385,0.2699424400967051,0.21247031269904376,0.07418801233242694,0.23199025282521277
2025-08-19,MIA,STL,11.0,4.0,7.0,3.6,5.8,4.2,5.9,4.65,5.1,5.6,6.6,4.0,4.9,3.75,4.95,2025-08-19,Edward Cabrera,0.2564188866880378,0.0816233567061724,0.2802553354879168,Michael McGreevy,0.1372695301985919,0.0341304114988325,0.1697995719439581,0.20009032634032634,0.09522727272727272,0.23205494336975158,0.22133780050241553,0.08035803873623568,0.22977644793489177,0.24948512272041684,0.09273687097216507,0.2543562332001533,0.2126178846189646,0.0742100693049322,0.23108710562500945
2025-08-20,MIA,STL,8.0,6.0,2.0,3.6,5.4,4.5,5.9,4.6,5.45,6.0,6.2,4.2,5.3,4.0,4.7,2025-08-20,Sandy Alcantara,0.1748590949853221,0.090410372995401,0.1780863040234997,Andre Pallante,0.1562791737248259,0.0810263049484063,0.2201530452939378,0.2044040518305224,0.08189393939393938,0.22799281672697974,0.22098171151616852,0.07972027652404333,0.22942254902417983,0.267666940902235,0.11091868915398324,0.24880067764459776,0.2145533051783765,0.07507093420503819,0.23101618655778713
2025-08-24,MIA,TOR,8.0,5.0,3.0,4.0,5.0,4.6,5.1,4.25,5.2,3.8,4.4,4.7,3.5,5.85,4.05,2025-08-24,Eury P\xc3\xa9rez,0.2591949778583241,0.0939595873234317,0.2528133761641797,Kevin Gausman,0.2359270131722905,0.0718447756413431,0.2406720735741445,0.2068956343221049,0.08157407407407406,0.194923276935472,0.2225896590806791,0.08037851872948476,0.22758627958089572,0.2918905611296916,0.12916480862133034,0.29439374156765463,0.2631187863854349,0.08518010310945172,0.2820877611188973
2025-08-25,MIA,ATL,3.0,2.0,1.0,4.0,5.0,4.8,5.0,4.4,5.35,5.0,6.8,5.5,5.5,5.45,5.4,2025-08-25,Edward Cabrera,0.2552529932371829,0.0796614558768708,0.2806283447139905,Spencer Strider,0.2550496121239154,0.092375113706383,0.2930315496775673,0.20048537791184845,0.09824074074074073,0.19946873148092656,0.22215948221595594,0.08104227371361691,0.22793351798971398,0.1908065907522429,0.05762422360248446,0.246841210811799,0.24479536364499455,0.0748703307647434,0.26159573944209497
2025-08-26,MIA,ATL,13.0,2.0,11.0,3.8,3.6,3.7,4.7,4.15,5.25,3.0,5.2,5.2,5.4,5.45,5.35,2025-08-26,Sandy Alcantara,0.1802785242893575,0.0881732684204125,0.1814546551412482,Hurston Waldrep,0.2692687747035572,0.067687747035573,0.261549956588526,0.20732298474945532,0.09824074074074073,0.20465391666611174,0.22215996114730147,0.08042363040282595,0.22772028502796046,0.21223516218081434,0.05762422360248446,0.23565239962298784,0.24675847623234076,0.07429440514347616,0.2616813666212117
2025-08-27,MIA,ATL,13.0,1.0,12.0,3.4,4.4,3.5,4.9,4.15,5.4,5.0,5.6,6.1,5.6,5.9,5.1,2025-08-27,Ryan Gusto,0.2121901852250693,0.0877953540241921,0.2240779705317518,Joey Wentz,0.1712836533982779,0.0997044603763971,0.2012394848760894,0.1932053376906318,0.09588779956427014,0.19461603787823298,0.22092256393718376,0.08115125887125374,0.22760211023321236,0.20876293995859213,0.06387422360248446,0.23239153005777044,0.24630612145194122,0.07420437151642673,0.2613432745427889
2025-09-05,MIA,PHI,12.0,3.0,9.0,4.6,5.2,4.4,7.3,4.6,6.15,3.6,3.6,4.8,4.9,5.3,4.75,2025-09-05,Valente Bellozo,0.168229102951886,0.0628701781802991,0.1726346292286819,Cristopher S\xc3\xa1nchez,0.2604984524882103,0.0633919890447182,0.2757345909498444,0.2675243347957776,0.1183445962336861,0.2642509196064983,0.22539982882880033,0.0837067253221933,0.2305276181051986,0.2357099187362345,0.09289264828738511,0.20953478408802764,0.24008993998864891,0.07880149328225153,0.22575996292142925
2025-09-06,MIA,PHI,6.0,2.0,4.0,3.0,5.4,4.5,8.1,4.1,6.4,5.0,4.0,5.4,5.0,5.75,4.5,2025-09-06,Sandy Alcantara,0.18512652217359,0.0858626601655714,0.1852516538927775,Jes\xc3\xbas Luzardo,0.2777434316029995,0.0829992615115836,0.2772964814259044,0.26294917139708485,0.13010930211603905,0.2604273901947336,0.22505281293806623,0.08394743690730914,0.23003993787666777,0.22715728715728717,0.07710317460317458,0.19786811742136096,0.23926195480887447,0.0782345760643936,0.2247353109100041
2025-09-08,MIA,WSN,22.0,7.0,15.0,3.4,6.4,4.9,6.6,4.2,6.25,5.6,4.4,3.8,4.8,4.05,5.1,2025-09-08,Janson Junk,0.1811444115926549,0.0271293497636208,0.1749280954913557,Cade Cavalli,0.2163627551785446,0.0591026176552492,0.2480709331775951,0.27185992190418423,0.11458868007411882,0.24801428859045554,0.22461802558566504,0.0843206501520747,0.22874910095586423,0.2953455154050119,0.11295116553926621,0.277313529063529,0.20853282081248375,0.09786020465792257,0.2273638222869368
2025-09-09,MIA,WSN,12.0,5.0,7.0,4.4,8.4,4.9,7.7,4.3,6.65,7.6,5.4,5.1,4.4,4.7,5.45,2025-09-09,Valente Bellozo,0.1681733016559853,0.0606248146738599,0.1738582693178053,Mitchell Parker,0.1507082215742804,0.0866439714140575,0.1887002221291081,0.2429710330152953,0.11199608748152623,0.2294096374276648,0.22382978312403617,0.08424949337375526,0.22861405390465267,0.27763122969072623,0.12476068934879,0.26571401746401746,0.2080735503372716,0.09884086922741428,0.22684971271742083
2025-09-10,MIA,WSN,11.0,8.0,3.0,4.4,7.8,4.5,6.5,4.3,6.85,7.0,5.4,5.7,4.5,4.6,5.15,2025-09-10,Eury P\xc3\xa9rez,0.2282095558735247,0.1001652166483402,0.2419083618677318,Jake Irvin,0.1477561458923001,0.0838927654994394,0.1658508263739856,0.2484229698876052,0.1056833184714832,0.23137685054241888,0.22350316798687245,0.08407414189815532,0.2284167156018619,0.25916969122918776,0.10168376627186693,0.23801675498414623,0.20801748401548498,0.0981544743022239,0.2261801645916658
2025-09-11,MIA,WSN,5.0,5.0,0.0,5.4,6.6,4.2,6.0,4.55,6.6,6.6,4.8,5.9,4.9,4.7,5.15,2025-09-11,Ryan Weathers,0.2148403058929374,0.0725213675213674,0.2478286961265684,MacKenzie Gore,0.2769178686167414,0.086870318504779,0.271558248020304,0.2771855116936253,0.08829201412365711,0.22923050907900427,0.22513354670982852,0.08349829161118165,0.2290439983717122,0.2536141356736322,0.11279487738297804,0.22968342165081293,0.20773230596480347,0.09824383041814726,0.22576972667494166
2025-09-12,MIA,DET,10.0,8.0,2.0,6.0,5.8,4.2,5.9,4.6,6.25,7.2,3.6,6.5,4.9,5.55,4.85,2025-09-12,Sandy Alcantara,0.1840093661618958,0.0841697629618559,0.1842377642929654,Chris Paddack,0.1675693022312498,0.0488597044320316,0.1758553437895975,0.275399797407911,0.0757920141236571,0.22949576106839417,0.22603156922978113,0.08293027602198993,0.2295970652371169,0.21697404404869478,0.08275435412224977,0.2501532475514448,0.20855715906407987,0.07700870729866273,0.22271090784941908
2025-09-14,MIA,DET,2.0,0.0,2.0,6.6,5.4,5.0,5.9,4.7,6.25,6.4,5.2,6.2,5.7,5.6,4.85,2025-09-14,Adam Mazur,0.1271775223499361,0.0809259259259259,0.1949461701416565,Keider Montero,0.181467963815393,0.0821467921289333,0.1837752086411822,0.25262201963013325,0.08551423634587933,0.22952781235044545,0.22650243556375868,0.08364411273459559,0.22995697384346778,0.1820388800517459,0.07932185984307355,0.23911182044982882,0.2073932194725466,0.07661743990149791,0.2216126416076071
2025-09-26,MIA,NYM,8.0,6.0,2.0,3.6,4.8,4.5,3.7,4.35,4.85,6.8,6.2,5.7,5.3,5.05,5.6,2025-09-26,Sandy Alcantara,0.1922852849609793,0.0810275812335346,0.1865803839400811,Brandon Sproat,0.2387396987780619,0.0947712418300653,0.150595238095238,0.192035125750296,0.08001912203150591,0.2670480839665899,0.22433468022957864,0.08341612589792329,0.23228974806504776,0.22911922316723246,0.04089701245523675,0.23946755095943334,0.2352054352242528,0.08282379916518287,0.24189413519782801
2025-09-27,MIA,NYM,5.0,0.0,5.0,3.0,3.8,4.6,3.9,4.4,4.9,4.8,6.2,5.6,5.1,4.65,5.5,2025-09-27,Eury P\xc3\xa9rez,0.25637588929126,0.0876391298091286,0.2521613258342049,Clay Holmes,0.1773913182784035,0.0885805236906495,0.2040821212611462,0.18145820267337293,0.07713450664689053,0.2828375576508004,0.22371383847814377,0.08367602511106126,0.2337984634554307,0.24990353689272266,0.02913230657288381,0.23354162503350745,0.23540330460439376,0.08230289476791756,0.24163065007079765
2025-04-20,MIL,ATH,15.0,14.0,1.0,3.4,3.2,4.9,3.5,4.75,4.9,5.8,2.0,4.9,3.2,4.4,4.8,2025-04-20,Tyler Alexander,0.2005575533035487,0.1201554611165594,0.1655905695611577,Jeffrey Springs,0.2299498746867167,0.1181077694235588,0.2600179406657811,0.25788386734038904,0.09975250594815809,0.2537769104501629,0.25953107285309435,0.09046343133040217,0.23746092276885178,0.2850986875443397,0.09205330900983073,0.25130219130092357,0.2860746700964092,0.1010021862195775,0.3022971866494289
2025-05-02,MIL,CHC,10.0,0.0,10.0,5.0,4.2,4.7,4.2,4.65,3.8,5.6,3.4,6.0,5.0,6.3,3.95,2025-05-02,Tyler Alexander,0.1780875296130826,0.0945308117314219,0.1495705184430674,Ben Brown,0.235361377752682,0.098343685300207,0.2674936386123557,0.18082334332334332,0.10340659340659339,0.19276165119125968,0.24244956134838797,0.09168118725013687,0.22601492838250944,0.21182684457822426,0.10233754377717223,0.2288193193199611,0.184528073729514,0.09436222784210398,0.20278187600491038
2025-05-03,MIL,CHC,8.0,2.0,6.0,4.0,5.0,4.5,4.7,4.55,3.95,6.8,3.4,6.6,4.0,6.3,3.85,2025-05-03,Jose Quintana,0.1608613306982872,0.0846920289855072,0.1432330827067668,Jameson Taillon,0.1909884559884559,0.051547619047619,0.2295075295075294,0.18049439595492225,0.10768290919606707,0.19986407013104351,0.2406847421049759,0.09209276211815505,0.22549796764002725,0.22163076614685173,0.11312185750266242,0.23067117117181296,0.18932824339415333,0.09669462909450922,0.20221424081717732
2025-05-04,MIL,CHC,4.0,4.0,0.0,3.0,6.0,3.6,5.0,4.3,4.25,7.2,1.8,7.0,3.8,6.45,3.9,2025-05-04,Freddy Peralta,0.2579108986251843,0.0877458256029684,0.2996677508044575,Drew Pomeranz,0.2444444444444444,0.0666666666666666,0.3055555555555555,0.20954201500254127,0.10863529014844801,0.20682377709075048,0.24410998078256063,0.09358583213988998,0.2279154482298002,0.22211385793429134,0.11312185750266242,0.21814345498556018,0.19035618023253048,0.09367292193530581,0.19731550033709508
2025-05-05,MIL,HOU,6.0,5.0,1.0,2.4,5.6,3.8,4.6,4.3,4.0,5.8,5.2,4.4,3.5,4.5,3.3,2025-05-05,Tobias Myers,0.2353535353535353,0.1575757575757575,0.125,Ronel Blanco,0.2255638049974434,0.1233376780859618,0.3179788793799003,0.21513642059694688,0.11003389154704941,0.19980623323110133,0.2475250202926693,0.09350935381901,0.22892237527285855,0.2580478439688966,0.07521737034894929,0.319398882213623,0.26993355438958183,0.08730523902374714,0.2810254479310826
2025-05-06,MIL,HOU,7.0,4.0,3.0,2.2,5.0,3.8,4.1,4.45,3.8,4.4,5.2,4.0,3.9,3.85,3.4,2025-05-06,Chad Patrick,0.1805925268658187,0.0902494331065759,0.1556480323493717,Hayden Wesneski,0.2308253340862036,0.0376623376623376,0.2261650443621328,0.23590565136617764,0.09503389154704941,0.21368775400917386,0.2491963338315481,0.09091187176848195,0.22926840124707992,0.22090498682603946,0.08521737034894929,0.3076341763312701,0.26781435577171575,0.08768992875030025,0.27963965004368796
2025-05-07,MIL,HOU,10.0,1.0,9.0,3.0,4.0,4.0,4.1,4.6,3.5,3.8,5.2,4.0,4.2,3.95,3.4,2025-05-07,Tyler Alexander,0.1802787766517743,0.0850777305582797,0.1346134665987607,Framber Valdez,0.2209724286485905,0.0875488518367078,0.2241739234133205,0.2438421593026856,0.11725611376927163,0.2288138044293419,0.24846730378805285,0.09446080015912357,0.23102108356631623,0.24449473041578304,0.09085839598997492,0.30420560490269866,0.273662953150979,0.08903238182627182,0.27981831579870553
2025-05-16,MIL,MIN,3.0,0.0,3.0,3.0,3.4,3.2,3.4,3.4,4.2,4.6,2.2,5.1,2.3,4.95,2.6,2025-05-16,Tyler Alexander,0.170437221417934,0.0786269503987712,0.1104381904276862,Joe Ryan,0.2976677489177489,0.0277083333333333,0.2616188447989918,0.24592910357616238,0.12342043577337694,0.21977249630640522,0.24452341778110648,0.10036642387477338,0.22606477733811953,0.30653343388637505,0.039444444444444435,0.2557763762239465,0.2649082298361956,0.07063066840983388,0.2516305057750175
2025-05-17,MIL,MIN,7.0,0.0,7.0,2.6,3.4,2.8,3.7,3.3,4.15,4.6,2.0,5.0,2.0,5.0,2.3,2025-05-17,Tyler Alexander,0.181296962212294,0.0733851537055198,0.1235884649119943,Pablo L\xc3\xb3pez,0.2898812502016163,0.045365394839079,0.2538201280356585,0.23956546721252597,0.11432952668246783,0.21977249630640522,0.24575623071930408,0.09813605889977842,0.22688906883586893,0.3382001005530417,0.039444444444444435,0.27958590003347034,0.27198434324724313,0.06906109800072646,0.2587371294562076
2025-05-19,MIL,BAL,9.0,5.0,4.0,2.8,3.8,2.4,4.2,3.2,4.15,3.8,7.2,3.7,5.6,3.15,6.0,2025-05-19,Quinn Priester,0.1520010222008183,0.1430055211663964,0.2167792799997529,Dean Kremer,0.1556579089187784,0.0599813310682875,0.1683257312631408,0.23824068088773967,0.09627397112691229,0.22202637199461153,0.24629142657522024,0.09484658121609989,0.22910731514680457,0.3335275557775558,0.13812824675324673,0.2915600189696978,0.2493057533396998,0.10803778740638754,0.24177951959720595
2025-05-26,MIL,BOS,5.0,3.0,2.0,5.0,3.6,3.9,3.7,3.2,4.0,4.8,3.4,4.5,4.4,4.35,4.2,2025-05-26,Chad Patrick,0.1917697439436569,0.0774984274984274,0.1567005706267929,Garrett Crochet,0.2838813375177011,0.0807632603087148,0.2532505053302496,0.23838235294117646,0.049098039215686264,0.2237589750121692,0.2433861835514898,0.090872278567535,0.225637776907388,0.16486569699650194,0.1691090560626164,0.21010825478753517,0.22040645721291593,0.08001852015234459,0.2561813266608022
2025-06-07,MIL,SDP,7.0,4.0,3.0,3.8,2.2,5.2,2.9,4.4,3.3,3.0,3.6,4.0,4.6,3.2,5.1,2025-06-07,Jose Quintana,0.1673019009975531,0.0924383587427065,0.1548077381614712,Stephen Kolek,0.1759872052610058,0.0800559379401208,0.1537757947332415,0.21336704358443487,0.06160880182619312,0.23904728544651518,0.23869569293163748,0.08629986032670035,0.22773301261662662,0.27831803215704143,0.0922601065944719,0.2255870148112707,0.2619206355502514,0.0853929288021023,0.2576931434232476
2025-06-08,MIL,SDP,1.0,0.0,1.0,3.6,2.4,5.5,3.0,4.4,3.35,3.6,3.4,4.2,4.3,3.2,4.85,2025-06-08,Freddy Peralta,0.2504772652097066,0.0967845680889158,0.2805092794471669,Ryan Bergert,0.1357142857142857,0.019047619047619,0.0529914529914529,0.24586704358443487,0.04785880182619312,0.255535090324564,0.24079268227115075,0.0859337086293665,0.22976788934560158,0.2583180321570414,0.09328574762011292,0.1984441576684135,0.25762685463959156,0.08525407877129859,0.2550299459120156
2025-06-09,MIL,ATL,8.0,1.0,7.0,3.0,2.2,4.9,2.6,4.4,3.15,3.8,5.6,3.9,4.4,4.1,3.95,2025-06-09,Aaron Civale,0.1872843340234644,0.0525362318840579,0.2003798144042046,Chris Sale,0.303627241085435,0.0729864864480248,0.282125451305116,0.24313977085716215,0.042858801826193116,0.25658404137351504,0.2412765397023041,0.08463168274104277,0.2311074943279685,0.26480911330049256,0.07163040503557742,0.26243895861744826,0.2459342912848722,0.08736718580815932,0.26116207919469925
2025-06-10,MIL,ATL,5.0,4.0,1.0,2.8,2.8,4.7,3.1,4.45,3.4,4.6,4.2,4.2,4.0,4.25,3.75,2025-06-10,Quinn Priester,0.1462551503775086,0.113474463572054,0.2115901718528908,Grant Holmes,0.2733518517913263,0.1010818321764063,0.2730595140010792,0.21850208969774182,0.05548820141211445,0.2789649937544674,0.2389732558521075,0.08596424036398632,0.23227788709208555,0.3100472085385878,0.06091611932129173,0.2964456926241823,0.25240709705997677,0.08602307525726456,0.26693441084345215
2025-06-12,MIL,STL,6.0,6.0,0.0,2.2,3.6,3.0,2.9,4.3,3.35,4.2,4.6,3.7,5.9,4.15,4.95,2025-06-12,Aaron Ashby,0.4732142857142857,0.03125,0.3315018315018314,Sonny Gray,0.2631299636454072,0.0460994728051584,0.2487062125248015,0.2608830420786942,0.0621548680787811,0.30971306325253695,0.24025905519938942,0.08443870682686594,0.2344220063068077,0.18250307698837107,0.07759230965113317,0.21414209219258304,0.18994607491370757,0.07524978268187077,0.2157727716732198
2025-06-13,MIL,STL,5.0,3.0,2.0,2.6,3.0,3.1,2.7,4.6,3.0,3.2,5.8,3.6,5.4,4.1,5.15,2025-06-13,Freddy Peralta,0.2433003176947276,0.0970142417968504,0.2757790247927775,Erick Fedde,0.1376723878553408,0.1105793579019748,0.1551015245347229,0.2599306611263133,0.06882153474544776,0.29857946001367053,0.23873154488701717,0.08418482053886309,0.23332875960016908,0.17536021984551392,0.0633065953654189,0.20985637790686879,0.18715275028262363,0.07414316823066679,0.21407023091331948
2025-06-14,MIL,STL,13.0,5.0,8.0,3.2,3.2,3.1,2.7,4.5,3.0,3.2,6.2,3.6,5.7,3.65,5.1,2025-06-14,Jose Quintana,0.1681282938076416,0.0971879117259551,0.1562901042246207,Andre Pallante,0.1491075188901275,0.0800741448567535,0.2066690557770417,0.2522383534340056,0.06882153474544776,0.2966301422748791,0.24078624685502234,0.08408254245976751,0.23421562631419907,0.19505718954248366,0.0542156862745098,0.2203492236938322,0.1892713094572716,0.07306862956065713,0.2152303383936891
2025-06-15,MIL,STL,5.0,3.0,2.0,4.0,3.4,3.4,3.1,4.5,3.2,4.2,5.8,4.3,5.4,3.85,5.1,2025-06-15,Quinn Priester,0.1583727767349385,0.1040182582743828,0.2147909908651499,Miles Mikolas,0.1365045433941754,0.0608418560258025,0.1333322839936798,0.2633494645451167,0.06882153474544776,0.3032090896433002,0.24052841317956675,0.08445793924659173,0.2353485964165603,0.2054919721511793,0.05725916453537936,0.22824701695747912,0.19091525969483855,0.07388814603277195,0.21668523599851794
2025-06-23,MIL,PIT,9.0,4.0,5.0,9.2,5.2,6.5,4.4,5.5,3.7,3.4,5.6,3.7,4.1,3.6,3.4,2025-06-23,Aaron Ashby,0.3488713667285096,0.0178571428571428,0.2751439037153322,Braxton Ashcraft,0.241960420531849,0.1201298701298701,0.1863189720332577,0.24946250113005738,0.07246983636862998,0.2615332047002342,0.24110042504348428,0.08313208292401773,0.23705705746374456,0.20431843869924365,0.07439735702893595,0.21479103821015583,0.21202250733097877,0.08390064287479043,0.23774695112039845
2025-06-24,MIL,PIT,12.0,9.0,3.0,9.4,5.2,6.7,4.3,4.85,3.6,3.8,5.0,3.2,4.2,3.35,3.55,2025-06-24,Freddy Peralta,0.2472627779828866,0.0937416282389108,0.2648346389716726,Andrew Heaney,0.1790025444228342,0.0779327157008316,0.1858043520486049,0.26397230505162605,0.07168552264313979,0.2670170756679762,0.24326073239587503,0.08282437971500187,0.23854796445379103,0.19426552864633356,0.06751905015062906,0.2166478021358853,0.21168279439242443,0.08377625592794592,0.2369199491201839
2025-06-27,MIL,COL,16.0,10.0,6.0,7.0,3.6,7.1,4.6,5.1,3.65,3.2,5.4,5.3,5.3,4.6,6.05,2025-06-27,Jose Quintana,0.1553359683794466,0.1069169960474308,0.157986628834242,Kyle Freeland,0.1771494494336644,0.0450863422291993,0.2000693462185401,0.2684274332567543,0.06357654828416544,0.27491362222151006,0.24419873900338432,0.08155093824055738,0.23924007025337324,0.1831329742295215,0.061592052448829926,0.2636560350027141,0.19326814601761236,0.09716175119202095,0.24183734327824458
2025-06-28,MIL,COL,5.0,5.0,0.0,7.2,4.8,7.6,4.4,5.5,3.75,3.8,6.4,4.9,6.2,4.75,6.45,2025-06-28,Aaron Ashby,0.3677624458874459,0.0260416666666666,0.2943223443223443,Antonio Senzatela,0.1096266686376565,0.0785102956467767,0.1489930434254319,0.286205211034532,0.05246543717305432,0.2766680081864223,0.2460987543813918,0.08055641460347741,0.24038754907142157,0.1782746746343798,0.056733752853688216,0.26292343427011344,0.19219491445513825,0.09726054883473699,0.24170236629642733
2025-07-07,MIL,LAD,10.0,9.0,1.0,3.2,4.0,5.1,3.3,5.9,3.8,3.4,7.0,4.1,5.1,5.3,4.95,2025-07-07,Freddy Peralta,0.2544839098099967,0.0857413507051188,0.2643437531600052,Jack Dreyer,0.2581649831649831,0.0845117845117845,0.237102467249526,0.26795607170607166,0.06010281385281384,0.25031302206039835,0.24607953973705385,0.07937949040014762,0.23891406184777367,0.30286886724386725,0.09957401394901393,0.2931377922554393,0.24753368550267021,0.06841090457946004,0.23858659476454144
2025-07-08,MIL,LAD,4.0,3.0,1.0,4.4,2.8,5.1,3.1,6.05,3.85,2.6,8.0,3.9,5.9,5.1,5.2,2025-07-08,Jacob Misiorowski,0.2859563123495012,0.1238691090471276,0.2463980524642289,Clayton Kershaw,0.1766371443907675,0.0851423714950284,0.2105208504553641,0.2674753024753025,0.06154512154512154,0.23510926030491244,0.2467566031211775,0.07935249684545453,0.23878613509420174,0.290110246554212,0.08991884153522081,0.28621471533236237,0.24669902003156774,0.06880020870482237,0.2381578548227132
2025-07-11,MIL,WSN,11.0,8.0,3.0,4.6,2.4,5.0,3.0,6.05,3.8,3.6,6.0,4.4,7.1,5.1,6.6,2025-07-11,Quinn Priester,0.1783768712274399,0.0882220270391204,0.2175874616496598,Mitchell Parker,0.1592287039575491,0.0884094761315424,0.1917285228080548,0.29969752469752464,0.04964035964035962,0.24693358462923679,0.2492158398521438,0.07943810623229064,0.23985069752848318,0.21289237516869094,0.04430070368228262,0.24254667328521315,0.19405939864294003,0.09736856726245519,0.22031890134314508
2025-07-13,MIL,WSN,9.0,8.0,1.0,5.8,2.2,4.9,3.2,6.35,3.7,3.8,5.6,4.8,6.6,5.0,6.5,2025-07-13,Freddy Peralta,0.2571083264561525,0.0835169775558791,0.262576673034175,Jake Irvin,0.1658272638514096,0.0776157378923101,0.1603017196206997,0.2994269619269619,0.06208624708624706,0.2464422426378948,0.24807604864632515,0.08007832472947367,0.23929084233330616,0.19217808945440523,0.044801956815114695,0.22976279050133036,0.19260551656624655,0.09587271930900737,0.21859558844037444
2025-07-25,MIL,MIA,6.0,1.0,5.0,6.0,3.0,5.7,2.5,5.4,2.8,3.0,3.0,3.6,3.4,4.25,3.15,2025-07-25,Freddy Peralta,0.2542367260069123,0.0836789217223999,0.2621077576237288,Cal Quantrill,0.1877536358650555,0.0612153042268662,0.184741834617588,0.21967844247256005,0.07886835386835385,0.2263531288531288,0.2449506729616283,0.07852706619235196,0.2384941462297743,0.2571361236802413,0.09804864253393664,0.24027540968078048,0.21909747549470673,0.0785246939195782,0.23021796356189764
2025-07-26,MIL,MIA,11.0,4.0,7.0,4.6,2.6,5.5,2.9,5.25,2.95,3.4,3.0,3.9,2.8,4.05,2.8,2025-07-26,Jose Quintana,0.1623273207124138,0.0937685502902894,0.1569326323943286,Janson Junk,0.1936732268956109,0.0215047139948325,0.1730546776719738,0.20078955358367118,0.08220168720168718,0.21684361934361934,0.24451425866102997,0.07970641506427088,0.23761700061733135,0.24367458521870286,0.10141402714932127,0.23930766774529663,0.21940044142122922,0.07959307927330782,0.23080722451369434
2025-07-27,MIL,MIA,5.0,3.0,2.0,4.2,3.0,5.1,3.3,4.95,3.0,4.0,2.4,4.6,2.6,4.1,2.8,2025-07-27,Brandon Woodruff,0.3978835978835979,0.0,0.2779331779331779,Valente Bellozo,0.1565106375421806,0.05406577966254,0.1828962715741153,0.20495622025033788,0.08011835386835385,0.21731710419210418,0.24456700617390467,0.07954096876557598,0.23683462561139546,0.2585765460030166,0.08964932126696831,0.23791877885640775,0.21985933681196163,0.07882033093084852,0.22964512632531975
2025-07-28,MIL,CHC,12.0,8.0,4.0,3.6,3.4,4.8,3.0,4.85,3.1,5.2,5.0,4.5,4.5,4.95,4.4,2025-07-28,Jacob Misiorowski,0.3609273966387978,0.1017305447477745,0.2835139614905518,Matthew Boyd,0.2371071979761911,0.0524498125825356,0.2069637642604995,0.20495622025033783,0.08466380841380841,0.20648377085877084,0.24396939832289782,0.08051503746131508,0.23616635933573138,0.25940592513482535,0.029787745644523134,0.2209792291042291,0.20563741822626905,0.07121156834725216,0.20105671032585126
2025-07-29,MIL,CHC,12.0,9.0,3.0,5.2,4.0,4.8,3.3,4.9,3.2,4.8,6.6,4.5,5.2,4.9,4.7,2025-07-29,Aaron Ashby,0.3113933452168746,0.1311157796451914,0.2591066613125437,Drew Pomeranz,0.2627450980392157,0.067156862745098,0.2012838468720821,0.21177440206851966,0.09830017205017202,0.23114440434293373,0.2446695154913782,0.08104191103586528,0.23699053907562734,0.2337648994937997,0.029787745644523134,0.20097922910422908,0.20439978032912295,0.07052684172852858,0.19912347272656425
2025-07-30,MIL,CHC,13.0,3.0,10.0,5.0,4.2,5.5,3.6,5.2,3.0,4.6,6.8,4.4,6.0,4.8,4.95,2025-07-30,Freddy Peralta,0.2612755525107303,0.0840075657763404,0.2634513443984078,Shota Imanaga,0.1790798528276395,0.0439348983948629,0.2082541304131478,0.22844106873518633,0.09552239427239424,0.2247341479326773,0.24394051690423135,0.08106332619752385,0.23633330662320717,0.24090775663665687,0.05359726945404693,0.20343623156123156,0.205174204189934,0.07212273121773533,0.2000584615319998
2025-08-08,MIL,NYM,5.0,3.0,2.0,7.4,2.4,7.6,4.0,6.35,3.65,3.8,6.0,4.1,4.9,4.1,4.4,2025-08-08,Brandon Woodruff,0.3667301587301587,0.0339999999999999,0.2496730720260131,Kodai Senga,0.2344921596876772,0.1192440401240374,0.2605790253391898,0.21181268388362207,0.1100308330113822,0.24420681725455284,0.24169382000809042,0.08221551826082213,0.23748130908886542,0.2512566844919786,0.0797860962566845,0.22722103358717813,0.24649191779593557,0.08832049989054279,0.24792904833111895
2025-08-09,MIL,NYM,11.0,7.0,4.0,6.4,2.4,7.6,4.0,6.2,3.5,4.2,5.6,3.5,5.1,4.05,4.2,2025-08-09,Tobias Myers,0.2285914266892527,0.0799242424242424,0.1376603451458102,Frankie Montas,0.1930906621982136,0.0649698127958997,0.2274089006231863,0.2186308657018039,0.104349014829564,0.26600168904942467,0.241766047660194,0.08258755723246715,0.23876073583257426,0.24721256684491974,0.08052139037433155,0.22810315066817255,0.24706590111944915,0.08863945206540763,0.24787209408775993
2025-08-10,MIL,NYM,13.0,7.0,6.0,5.0,2.6,7.5,4.0,6.15,3.65,2.6,5.8,3.7,5.7,3.85,4.4,2025-08-10,Quinn Priester,0.1930388697345411,0.082038380660928,0.218706436801445,Sean Manaea,0.2884862798020692,0.0460526315789473,0.2234677419354838,0.22490792197886017,0.09547455595510514,0.2603154145396207,0.24296592984374732,0.08228610456338595,0.2390013042018337,0.2328430653786441,0.07788209418664824,0.21825660335359456,0.2460483697138032,0.08843149238408737,0.2475101135606342
2025-08-11,MIL,PIT,8.0,7.0,1.0,5.8,3.6,7.3,4.3,6.4,3.95,4.2,4.4,5.7,6.4,4.9,5.15,2025-08-11,Jose Quintana,0.1652840509873757,0.0872382093609714,0.1540398176553322,Andrew Heaney,0.1580018379962781,0.0718323706103089,0.1666460044809412,0.2317706670768994,0.10478828144530121,0.2612958066964835,0.24290035879933117,0.08309110015032534,0.23846685363801712,0.241371980854903,0.066491932061192,0.23145960395703763,0.22052897063157484,0.07550724642522134,0.23395672051845184
2025-08-12,MIL,PIT,14.0,14.0,0.0,5.8,3.4,7.7,3.4,6.35,3.65,4.0,5.0,4.2,5.4,4.9,5.0,2025-08-12,Freddy Peralta,0.2587125465114595,0.0906252614133048,0.2668867087352423,Paul Skenes,0.2880006563449546,0.0608995003569755,0.2843588225478924,0.22790593277738252,0.11155156646945581,0.26975246631593375,0.24272512035376245,0.083328557870332,0.23952761219732513,0.2698787681852198,0.05472722617883905,0.23939533910796262,0.22255426047112847,0.07487273174937914,0.23425314109586629
2025-08-13,MIL,PIT,17.0,12.0,5.0,7.6,2.6,7.5,2.5,6.75,3.4,2.6,7.8,3.7,6.0,4.7,5.2,2025-08-13,Brandon Woodruff,0.3589417989417989,0.0416666666666666,0.2584484902542357,Mitch Keller,0.1817297219018233,0.0667310463959014,0.176191777141239,0.22921028060346943,0.10285591429554278,0.25847427082721197,0.24152574959448714,0.08262831788822837,0.2381150152160751,0.27276338356983515,0.06626568771730058,0.23425087117279703,0.22198169291592035,0.07521033077967278,0.23288242693557126
2025-08-22,MIL,SFG,9.0,5.0,4.0,3.8,3.0,6.9,3.5,7.2,3.75,3.4,5.0,2.7,5.4,3.7,4.95,2025-08-22,Jose Quintana,0.1634838159552118,0.0825528476100558,0.153988012832703,Carson Whisenhunt,0.1922799422799422,0.112049062049062,0.2889309764309764,0.25005772005772003,0.04077380952380951,0.2527129574486833,0.24329797970563413,0.08000396815575993,0.2405577172950875,0.15068187141077166,0.08163002101621022,0.19182682095160533,0.22935673293853184,0.07150411798476156,0.22511493532961638
2025-08-23,MIL,SFG,8.0,1.0,7.0,3.4,3.8,6.7,3.3,7.0,3.8,2.8,5.8,3.0,5.5,3.65,4.9,2025-08-23,Freddy Peralta,0.2615388541224661,0.0906470944514422,0.2707680521742033,Logan Webb,0.2649726562856536,0.0525226134509953,0.2321753297092406,0.27130772005772,0.053273809523809515,0.2705701003058261,0.2438344294753579,0.08035277460416489,0.24063091328504804,0.16401520474410497,0.09115383054001977,0.17367556044740365,0.23016905012911623,0.07168953968205323,0.22469551061163948
2025-08-24,MIL,SFG,7.0,3.0,4.0,2.8,4.0,6.1,3.9,6.9,3.65,3.4,5.4,3.6,5.1,3.95,4.8,2025-08-24,Chad Patrick,0.2259014008070071,0.0783831377538471,0.1838082830343221,Robbie Ray,0.2526434888199911,0.0937090974999594,0.2556250636888149,0.2754743867243867,0.053273809523809515,0.27926575247973917,0.24324083129990642,0.08037570197900465,0.24078659522298915,0.18219702292592316,0.06972525911144833,0.17850647832179978,0.22979423719647335,0.07113380681630088,0.22467633783342694
2025-08-25,MIL,ARI,12.0,7.0,5.0,3.2,4.0,5.0,4.3,6.25,3.4,4.6,4.2,5.0,4.3,5.05,4.5,2025-08-25,Brandon Woodruff,0.3326984126984127,0.0629960317460317,0.2472852352267097,Eduardo Rodr\xc3\xadguez,0.2152197056347253,0.0830214058376113,0.20841732042901,0.2809365715983363,0.059156162464985985,0.29007539933589765,0.24452727309061215,0.08021118157772801,0.24161140907092302,0.17136177547942252,0.09789543789543789,0.22237057917576544,0.21443220141525196,0.08097837425365106,0.23606533051254638
2025-08-26,MIL,ARI,17.0,9.0,8.0,4.0,4.2,4.5,4.3,6.2,3.55,4.6,4.4,5.2,4.8,5.2,4.25,2025-08-26,Tobias Myers,0.2315259371205662,0.0630867498514557,0.1800093219249193,Brandon Pfaadt,0.177877280180054,0.0480490819321234,0.189976100590314,0.2928413335030982,0.0579656862745098,0.30074613104321474,0.24646267253689538,0.0802348342425432,0.24262192869917362,0.17641228052992758,0.10244089244089243,0.22573192371358056,0.21487383074337332,0.08070925433850631,0.23561385519226416
2025-08-27,MIL,ARI,5.0,2.0,3.0,5.0,5.6,4.4,4.3,5.95,3.8,6.0,5.6,5.4,5.3,5.5,4.35,2025-08-27,Erick Fedde,0.1298801178752534,0.1135162844240452,0.1636520730077325,Ryne Nelson,0.2220375632097961,0.0664740223612361,0.1888759128067288,0.2958304639378808,0.0517156862745098,0.2929941930587186,0.24624409082118806,0.07963156481214814,0.24272111685548337,0.163840851958499,0.08586946386946384,0.2093682873499442,0.21446124554981413,0.0810046734788183,0.23534608184495392
2025-09-01,MIL,PHI,18.0,8.0,10.0,4.2,4.0,4.6,4.8,5.75,4.15,5.4,4.0,5.4,4.6,5.0,4.5,2025-09-01,Aaron Ashby,0.3238170879299911,0.0988607270865335,0.2458491478652769,Taijuan Walker,0.1838819526493074,0.0746017693419045,0.1815999938850619,0.25101226011105626,0.06102476799738461,0.2663875845858875,0.243856985532114,0.07862866379645737,0.24242944680891354,0.23884483937115514,0.07761487050960732,0.2240882286733711,0.24001374935465183,0.07736333716589004,0.22569394561784684
2025-09-03,MIL,PHI,9.0,6.0,3.0,5.4,5.4,4.9,5.4,5.8,4.35,6.4,4.4,5.3,5.2,5.3,4.8,2025-09-03,Jose Quintana,0.1570048378122912,0.0881105850671067,0.1544740029525321,Aaron Nola,0.2339883606731432,0.0726568057546318,0.2381954043047717,0.23642892677772293,0.06102476799738461,0.2684146116129145,0.24330165949711077,0.07896227053173466,0.24262974050288016,0.2374559504822662,0.09289264828738511,0.226831222114039,0.23978080511920094,0.07832635184359182,0.2257444176319427
2025-09-04,MIL,PHI,2.0,0.0,2.0,5.8,4.8,5.4,5.0,5.75,4.45,7.0,4.4,5.2,5.3,5.25,5.05,2025-09-04,Freddy Peralta,0.2671772352905893,0.0930158394055909,0.2707915933217948,Ranger Suarez,0.2327305446167443,0.0556124801270085,0.2026694681393602,0.24703498738378354,0.061782343754960375,0.2723276550911754,0.2435118424487548,0.07904760496300149,0.24303952807071671,0.21682102984734558,0.11511487050960731,0.21401657680511446,0.23965264028053684,0.0793766866638738,0.2260175087057011
2025-09-12,MIL,STL,10.0,8.0,2.0,4.2,3.8,4.4,4.4,4.5,4.25,2.8,4.4,3.2,4.4,3.95,4.75,2025-09-12,Aaron Ashby,0.3220523689273689,0.1036485890652557,0.2463705404677626,Andre Pallante,0.156566011340856,0.0820503248764118,0.2076868349424012,0.22578552982964745,0.11076843907726257,0.25837665231213613,0.2438006172129227,0.08086402328745014,0.2434079297049143,0.2358332130832131,0.06270598845598846,0.24935441482035908,0.2183629332069363,0.08001553796566102,0.2343988364775455
2025-09-14,MIL,STL,5.0,2.0,3.0,5.0,4.0,4.8,3.8,4.7,4.3,2.8,4.4,3.0,5.0,3.65,5.0,2025-09-14,Jose Quintana,0.1597030421794126,0.0886241945410187,0.1577864868321004,Miles Mikolas,0.146509456794885,0.0557868920652918,0.1474245278496299,0.23350541778482956,0.11889028781675837,0.25887650700553927,0.2426441936103805,0.08164200323542753,0.24372012751648148,0.22012539149303856,0.07683009963892316,0.2384393821406205,0.21723890154881256,0.08037362372978753,0.23341506323659894
2025-09-16,MIL,LAA,11.0,9.0,2.0,3.4,4.2,4.2,3.1,4.55,4.25,4.4,4.6,4.0,6.9,3.6,5.75,2025-09-16,Freddy Peralta,0.2757422311987529,0.0947133341698558,0.2683772709358273,Caden Dana,0.2516865079365079,0.1504960317460317,0.2729215229215229,0.25385173813114986,0.12408509301156356,0.2538765070055392,0.24420116882758114,0.08205010416623897,0.24376199333303825,0.23904805162702822,0.05245158641877216,0.25758013191275897,0.23711363822262915,0.08885390939770986,0.2554852357514186
2025-09-17,MIL,LAA,11.0,9.0,2.0,5.2,3.6,4.5,3.0,4.95,4.0,2.4,6.0,3.9,7.4,3.55,6.0,2025-09-17,Brandon Woodruff,0.3187301587301587,0.0563371813371813,0.2360956879448067,Jos\xc3\xa9 Ure\xc3\xb1a,0.1127745835176175,0.0725637111569773,0.1591748125953224,0.26443997342526754,0.11820274007038711,0.24280424593327815,0.24523294916647131,0.08150672599295261,0.24342123637260546,0.2222992831541218,0.05639247311827955,0.23778846524609235,0.2364894230215332,0.08921154670538822,0.25482804875968734
2025-09-18,MIL,LAA,7.0,5.0,2.0,6.2,3.0,5.4,3.0,5.25,3.9,2.0,7.2,3.7,7.3,3.45,6.45,2025-09-18,Aaron Ashby,0.3182601389838232,0.1058688387635756,0.2400680581601634,Yusei Kikuchi,0.2199341978841129,0.0941683847635349,0.2150375453004002,0.26682092580621986,0.11820274007038711,0.24741963054866276,0.24596919856105282,0.08097049753247265,0.2440971088053768,0.23238549005067358,0.0626855765665554,0.24013052996103842,0.23674845358695418,0.08953206965129197,0.25542427571162724
2025-09-26,MIL,CIN,4.0,1.0,3.0,2.0,4.4,4.1,3.7,4.3,3.8,3.6,2.4,4.0,3.0,4.35,4.3,2025-09-26,Tobias Myers,0.2012158794128103,0.0572135925077101,0.1754745914431681,Zack Littell,0.1744355478483129,0.0411738843377712,0.1832224435183389,0.2519025032938076,0.04881535855448898,0.2521309449077268,0.24322647723826898,0.07957743438756976,0.24424910974234593,0.2503807303807304,0.06273310023310022,0.2677268594054821,0.22278171719431789,0.09383756837871061,0.23898070287645914
2025-09-27,MIL,CIN,11.0,4.0,7.0,1.2,4.6,3.9,3.4,4.15,3.9,2.8,1.8,3.9,2.4,4.25,4.15,2025-09-27,Jacob Misiorowski,0.3203316268952626,0.1136312877206912,0.2541470447741923,Nick Martinez,0.1430779583027271,0.056878494814425,0.1894685163885663,0.22736037875168308,0.042221951961082395,0.25894912672590864,0.24314861944783753,0.07956084465341667,0.24471118917009266,0.27835275835275836,0.06133449883449882,0.27584651752514017,0.2243122091452419,0.09372914215143091,0.23994165278679525
2025-04-22,MIN,CHW,6.0,4.0,2.0,3.2,4.8,3.3,3.9,3.2,4.15,2.8,5.8,3.3,5.3,2.95,4.65,2025-04-22,Bailey Ober,0.2046697626418988,0.0793021155830753,0.2237275707384402,Davis Martin,0.1309698996655518,0.0609698996655518,0.1524098415908324,0.2154664004296357,0.0791116481557658,0.23641174430903403,0.22085340690128896,0.07897859032639498,0.2334029871294183,0.24372894851667232,0.06861028277894611,0.27036677551127364,0.25029196042274393,0.10305685665624907,0.25195582075667955
2025-04-25,MIN,LAA,15.0,11.0,4.0,3.8,4.2,3.7,4.1,3.5,3.9,2.8,4.4,2.3,4.1,3.95,4.65,2025-04-25,Pablo L\xc3\xb3pez,0.2148202674518463,0.0303643724696356,0.2319950202303143,Kyle Hendricks,0.112173202614379,0.096078431372549,0.143431491703381,0.23992619244360727,0.09080689305534505,0.26770465048752373,0.22821334625127193,0.08386553195686322,0.2407279620072214,0.23514622632269688,0.07836207909737321,0.2477265636556138,0.22414709998351803,0.09004850867525856,0.2710871518168233
2025-04-26,MIN,LAA,6.0,5.0,1.0,5.2,3.8,4.2,3.8,3.95,3.65,3.2,6.0,2.4,4.5,4.0,5.1,2025-04-26,Simeon Woods Richardson,0.2076330532212884,0.0623249299719887,0.1940736164006158,Yusei Kikuchi,0.2230866524779568,0.1126433566433566,0.1999861502075101,0.20960945036215933,0.08311458536303735,0.23878362712823561,0.22848568361264834,0.08063993457390693,0.23891336297220425,0.23693194060841116,0.08014779338308749,0.24002093594998614,0.22089550169846306,0.09216085404253394,0.2663042718047564
2025-04-27,MIN,LAA,5.0,5.0,0.0,5.6,3.2,4.7,3.5,4.2,3.25,2.4,6.2,2.5,4.6,3.8,4.75,2025-04-27,Joe Ryan,0.2516017316017315,0.028,0.2127886002886002,Jos\xc3\xa9 Soriano,0.1836438923395444,0.1172877846790889,0.2311800470051846,0.2419623915386299,0.07723223242186088,0.2565313748759834,0.23854176940477248,0.0776532703304289,0.24364496681273987,0.25353273112224517,0.084495619470044,0.25407132354688533,0.22577744728531146,0.09028844661280436,0.2694786155546629
2025-05-06,MIN,BAL,10.0,9.0,1.0,2.6,3.8,5.1,2.8,4.2,3.45,3.4,6.8,2.8,5.5,3.4,6.25,2025-05-06,Pablo L\xc3\xb3pez,0.2356115280600406,0.0364004416635995,0.2301530844896097,Cade Povich,0.1896825396825396,0.0896031746031746,0.1928876009468114,0.31519607843137254,0.06166666666666666,0.2829112775014103,0.2530655554455864,0.07752299901680705,0.252780337862704,0.23409358036018374,0.06250128008192522,0.2222674296991524,0.2241875522686022,0.10115942736393559,0.22617142951863314
2025-05-07,MIN,BAL,7.0,5.0,2.0,4.2,3.6,5.4,2.6,4.55,3.35,3.0,5.6,2.7,6.3,3.45,6.25,2025-05-07,Simeon Woods Richardson,0.2217553688141923,0.0832166199813258,0.2182167444489284,Charlie Morton,0.161153381642512,0.1313556763285024,0.1947419553118082,0.33166666666666667,0.07499999999999998,0.2827872080225021,0.25714706779432006,0.07907328608115499,0.2511005421528425,0.24659358036018375,0.07083461341525855,0.21464838208010475,0.22494674190776098,0.10063513048068258,0.22512156954679657
2025-05-08,MIN,BAL,7.0,5.0,2.0,4.8,3.2,4.8,2.4,4.5,3.1,2.4,5.8,2.6,6.4,3.3,6.3,2025-05-08,Bailey Ober,0.1947421685142647,0.0567440660474716,0.2345950264163636,Dean Kremer,0.1324392894889789,0.054701271813073,0.1407885452374835,0.3169607843137255,0.07499999999999998,0.2691974644327585,0.25973609775854356,0.07693617024112379,0.25055104725058275,0.23678965879155628,0.07005029968976836,0.22447074362660424,0.22524238121459805,0.09944051330728493,0.22755651977649402
2025-05-09,MIN,SFG,4.0,3.0,1.0,5.6,2.4,4.8,2.5,4.75,3.0,4.8,3.2,4.0,3.6,4.0,3.85,2025-05-09,Chris Paddack,0.166128796016014,0.1086726556651368,0.1761662473149639,Jordan Hicks,0.2091719838667793,0.0877466604217514,0.2117684473596456,0.32685089420383534,0.0607142857142857,0.28832789921536717,0.263022394781092,0.07491153418214684,0.2542550814762539,0.20488601594483943,0.06578991596638653,0.2097419172419172,0.2322214411789937,0.07728921807828437,0.23743909027569288
2025-05-10,MIN,SFG,3.0,2.0,1.0,5.4,2.0,4.6,2.6,4.65,3.0,4.2,3.8,3.8,3.7,3.5,3.8,2025-05-10,Joe Ryan,0.2901917130488559,0.0316666666666666,0.256976158761873,Logan Webb,0.2901736699291046,0.0659045815295815,0.2528474355182429,0.3468508942038354,0.0407142857142857,0.2933278992153672,0.26653464106875635,0.07299072561337384,0.25542802810506793,0.1915526826115061,0.08801213818860876,0.20618572947520314,0.23481405379833575,0.08100544895376996,0.23944807446565486
2025-05-19,MIN,CLE,11.0,6.0,5.0,4.8,2.2,4.5,2.0,4.95,2.3,2.6,4.2,3.3,3.7,3.85,4.7,2025-05-19,Bailey Ober,0.1947994643999837,0.065245384703589,0.2453199411809812,Logan Allen,0.1706779361942405,0.1071657961603613,0.1668644943656677,0.3087393162393163,0.040694444444444436,0.27341951207360415,0.2701623144565803,0.06922516475246861,0.2554166780639916,0.2767082024255937,0.09215886287625416,0.2928523467742534,0.25657378184603674,0.07887122436425034,0.26693885869878964
2025-05-21,MIN,CLE,6.0,1.0,5.0,4.4,2.0,4.6,2.3,4.7,2.35,3.2,5.4,3.0,3.7,3.95,4.65,2025-05-21,Chris Paddack,0.1703707060800882,0.0893540945028358,0.1777945456324363,Gavin Williams,0.2590354452546163,0.1278174740290173,0.2799839399528538,0.2911111111111111,0.04902777777777777,0.24997535180079936,0.26887421068317935,0.06951908493123661,0.25336347112720087,0.2813748690922604,0.09349219620958749,0.2840088093592875,0.2546608645017948,0.08002999264018829,0.26343038971214583
2025-06-06,MIN,TOR,10.0,4.0,6.0,6.0,4.8,4.4,4.3,4.3,3.45,6.0,4.2,5.7,3.1,4.5,3.4,2025-06-06,Bailey Ober,0.1937360505417031,0.0564064231930588,0.2391713617814275,Eric Lauer,0.2239588142949487,0.0747345091882906,0.2044313378899844,0.29523185148185144,0.07738511488511486,0.28955799755799755,0.2716291596828773,0.07085914879920172,0.26257337277755066,0.256816378066378,0.052168109668109655,0.3003071593009673,0.27734359143437665,0.07217179592325597,0.3012259976429106
2025-06-07,MIN,TOR,9.0,4.0,5.0,6.6,5.6,4.5,4.8,4.35,3.7,5.6,3.6,6.1,3.4,4.65,3.55,2025-06-07,Chris Paddack,0.1832993760296885,0.0768335785399621,0.1853091506612529,Kevin Gausman,0.2385687790978895,0.0563792530568846,0.2386432440900994,0.28898185148185146,0.07113511488511486,0.2862246642246642,0.267317585719657,0.06973440040556358,0.2610510441091239,0.2925306637806638,0.06645382395382393,0.2891229487746515,0.2786102464456224,0.07329378555712719,0.30062174204122694
2025-06-08,MIN,TOR,9.0,6.0,3.0,5.4,5.8,4.4,4.9,4.45,3.9,5.0,3.6,6.6,3.6,4.75,3.35,2025-06-08,Joe Ryan,0.2802615586168217,0.0441196376722692,0.2356724838342485,Bowden Francis,0.1870037106984654,0.077280086124704,0.2117364115132983,0.27928488178488176,0.06204420579420576,0.28737408951202054,0.2673074151094541,0.06864480039922666,0.2623600525794016,0.29124861249861245,0.07414613164613162,0.30462294877465157,0.27666080749875566,0.07335049323472015,0.30029952732183274
2025-06-10,MIN,TEX,20.0,4.0,16.0,4.6,5.8,4.8,4.5,4.45,3.9,3.2,2.6,3.6,2.4,3.15,2.95,2025-06-10,Simeon Woods Richardson,0.196704997788589,0.0808961742591773,0.2058866386042548,Tyler Mahle,0.1872760275770309,0.1026892932411326,0.2149086412137005,0.25830586080586077,0.05295329670329667,0.2804510125889436,0.2655618572438649,0.06758872654693086,0.26140066715510313,0.2610043404870991,0.053912151067323465,0.22720797407676288,0.23143810782738916,0.08225287752773289,0.20963479064802257
2025-06-11,MIN,TEX,8.0,6.0,2.0,4.2,8.8,4.8,5.9,4.25,4.4,5.6,2.4,5.2,2.6,3.7,3.1,2025-06-11,David Festa,0.2799707602339181,0.094298245614035,0.2548076923076923,Jacob Latz,0.2978699279604257,0.0843833391344703,0.2953273515867219,0.24997252747252743,0.05695329670329667,0.26242775677499014,0.26153819274016993,0.06717071553864404,0.2584971334385177,0.2486480186480186,0.04845238095238094,0.21382928926950667,0.2291595728351729,0.08226949992474214,0.20811904173207008
2025-06-12,MIN,TEX,19.0,3.0,16.0,4.8,6.4,5.4,5.6,4.35,4.5,5.4,2.8,4.3,3.1,3.65,3.2,2025-06-12,Bailey Ober,0.1898222884121216,0.0548147203100763,0.2370457540704301,Patrick Corbin,0.1746855419201064,0.0727935641395179,0.2201725082277534,0.2538186813186813,0.05310714285714284,0.2597610901083235,0.2610789545017977,0.06616816754552994,0.2582210568200324,0.22964349376114082,0.048452380952380934,0.20419965963987705,0.22746998928954196,0.08102299235012483,0.20799602594825084
2025-06-21,MIN,MIL,9.0,0.0,9.0,5.6,8.2,5.1,8.3,4.8,6.55,7.2,5.6,5.2,4.4,5.05,3.5,2025-06-21,Simeon Woods Richardson,0.1962780253801925,0.0821377538869798,0.2067959598666045,Jose Quintana,0.1679658907919777,0.1002781437564045,0.1616518098158244,0.22199341864656263,0.09542559322579605,0.22360870063292784,0.2611839020739282,0.07226382645687117,0.2571233833974457,0.22992060541125015,0.08296458899231814,0.2559115115785412,0.23978233782190228,0.0844123283004211,0.23437118080830704
2025-06-22,MIN,MIL,17.0,8.0,9.0,5.0,8.0,4.7,8.7,4.55,6.8,8.0,4.0,6.0,3.7,5.35,3.4,2025-06-22,David Festa,0.253987240829346,0.1057947900053162,0.2620127162810089,Quinn Priester,0.156679765937146,0.096016853791738,0.2110891197729589,0.20660880326194725,0.10098114878135159,0.2178944149186421,0.2577014500462758,0.0720410495115203,0.255599833523575,0.26566939768178155,0.06557328464449205,0.2687091306261602,0.24244028725855865,0.08331606429651953,0.23700921742118616
2025-06-23,MIN,SEA,13.0,2.0,11.0,6.2,9.2,4.9,9.3,4.85,6.9,7.8,4.6,5.8,3.5,4.55,4.15,2025-06-23,Bailey Ober,0.1845506366618254,0.0628907063200148,0.2382438863319389,Bryan Woo,0.2287559059298189,0.0396433880129532,0.2069287396627959,0.21910880326194726,0.10448114878135159,0.23429429410921898,0.25595537833514065,0.07207998307057924,0.25531254931624153,0.23121031746031745,0.04593253968253967,0.18117776057791538,0.21809567277197459,0.07553066813959868,0.22703734058672287
2025-06-25,MIN,SEA,2.0,2.0,0.0,4.2,10.4,4.6,9.2,5.0,7.4,9.4,5.4,6.6,3.5,4.95,4.0,2025-06-25,Joe Ryan,0.2832799539641645,0.0592437620858673,0.2365379870673988,George Kirby,0.2478676929477844,0.0608140905623742,0.1872268335847032,0.23942661181504993,0.09337003767024046,0.25179885337973573,0.25590551466467976,0.07023177837646181,0.2554510553777299,0.24041666666666664,0.05307539682539682,0.19016106654397993,0.21781483134558696,0.07450973525689834,0.22458064092141838
2025-06-26,MIN,SEA,11.0,10.0,1.0,3.4,7.0,4.5,7.6,5.05,7.3,7.6,5.0,6.2,3.4,4.85,4.05,2025-06-26,Simeon Woods Richardson,0.1889240790169582,0.0851601958413103,0.1980973372524688,Emerson Hancock,0.1704173957444689,0.086414932522405,0.1840410480327223,0.2194266118150499,0.09087003767024049,0.2443914459723283,0.256463672706899,0.07060859130840536,0.25643690699742105,0.2566071428571428,0.05307539682539682,0.20212185085770545,0.22048263637376214,0.07356657405111482,0.22511337542452278
2025-07-04,MIN,TBR,7.0,4.0,3.0,1.6,4.0,3.1,3.9,4.0,6.6,6.0,8.2,5.3,5.4,5.8,4.8,2025-07-04,Chris Paddack,0.1637776377381652,0.064145953138183,0.1784864008321302,Zack Littell,0.1730783589896525,0.0280059471235941,0.1805915136625755,0.2027139037433155,0.06176470588235292,0.27528416883994977,0.24976450919655632,0.07088053223473896,0.2576348306562076,0.28133192389006345,0.05370096311956775,0.2807705376535896,0.24037138097738964,0.0646081761432489,0.2614959662132356
2025-07-08,MIN,CHC,9.0,8.0,1.0,2.6,3.0,3.4,3.0,4.0,6.1,7.6,3.4,6.5,2.9,5.65,4.8,2025-07-08,Joey Wentz,0.1427459114959114,0.1100033068783068,0.1917294881468222,Shota Imanaga,0.1923788080821328,0.0542957885157373,0.2149332729724886,0.15981381148950807,0.06982026143790847,0.2612560884433349,0.2456041377386528,0.07052001491846188,0.25697838805875967,0.20486030309559716,0.07781512605042015,0.2410911980176686,0.19711706574618654,0.07727824445333148,0.19304382228781683
2025-07-09,MIN,CHC,6.0,4.0,2.0,4.2,2.8,4.0,3.1,4.25,5.35,6.8,4.6,5.8,3.7,5.6,4.85,2025-07-09,David Festa,0.2483793475784322,0.0872655397827022,0.2631939241421037,Drew Pomeranz,0.2623456790123457,0.0753086419753086,0.1970311581422692,0.171578517371861,0.07570261437908495,0.28380967651416433,0.24614317673109912,0.07104364873962929,0.2589278774406894,0.19561660561660557,0.07319327731092434,0.23347215039862096,0.19650740369125347,0.07721251779013193,0.1919448815344492
2025-07-10,MIN,CHC,9.0,1.0,8.0,4.6,3.0,3.4,3.2,4.3,4.95,6.2,4.6,5.7,4.1,5.55,4.95,2025-07-10,Chris Paddack,0.1685677689749337,0.0605822890749506,0.1768447213532767,Colin Rea,0.162327115763106,0.0508981725467232,0.1687386806414674,0.16324518403852767,0.06903594771241828,0.2632299663692368,0.24618555940438375,0.07026294930293008,0.2589492146690048,0.212026862026862,0.06652661064425769,0.24454907347554405,0.19688809065878654,0.07635460092579713,0.19237626319261342
2025-07-11,MIN,PIT,3.0,2.0,1.0,4.6,3.8,3.1,3.9,4.25,5.2,1.8,3.8,3.4,2.6,3.95,3.7,2025-07-11,Joe Ryan,0.2841393285500836,0.0517852606754208,0.2412615833694264,Carmen Mlodzinski,0.1652847639689744,0.065993012835118,0.1825574674964918,0.176578517371861,0.04236928104575162,0.2591439448638605,0.24640818013549556,0.06949922159311561,0.25858896724448194,0.17993669728963846,0.05381158873805932,0.20156874039938555,0.2071849226889023,0.07980993968211508,0.22949441161187797
2025-07-13,MIN,PIT,3.0,1.0,2.0,5.4,3.2,4.0,3.1,4.1,4.9,2.8,6.2,2.0,3.9,3.95,3.6,2025-07-13,Simeon Woods Richardson,0.1985656610822466,0.0896768288962008,0.1971548505109588,Mitch Keller,0.1848283210983439,0.0579694862303557,0.1702827790163248,0.19439725777124656,0.04538003373392367,0.2528202707249868,0.24660716287013595,0.06905002744803217,0.25815902388408085,0.20591867072417352,0.060263201641285125,0.2257106990696461,0.20873145402787957,0.07880884757335747,0.23076310636528943
2025-07-25,MIN,WSN,1.0,1.0,0.0,5.6,5.4,4.8,4.8,4.1,4.0,4.2,4.8,3.3,6.1,4.55,6.65,2025-07-25,Zebby Matthews,0.3059134765017117,0.0919078742608154,0.2711711711711712,MacKenzie Gore,0.3021410706845489,0.078077960284482,0.283665259379907,0.23225807402757365,0.04201591264689236,0.2511160378814835,0.24480660045618474,0.06746621300035208,0.25817365261083436,0.1657669852606923,0.0794702844617032,0.1876275870238636,0.1911241922608909,0.09605243157919603,0.21689715149732242
2025-07-26,MIN,WSN,12.0,3.0,9.0,4.6,3.4,4.8,4.0,3.95,3.95,3.4,4.6,3.2,5.4,3.8,6.25,2025-07-26,Joe Ryan,0.2890890320587116,0.0511521891533332,0.2417734559205147,Mitchell Parker,0.1516391668951275,0.0876518618517215,0.1860541538437306,0.23286413463363426,0.051106821737801456,0.2577020593868598,0.24508033253727382,0.06769604513671226,0.2585020154937347,0.16971435368174498,0.07420712656696635,0.18560738500366156,0.19169580204476575,0.09511988369978637,0.21694885121309812
2025-07-28,MIN,BOS,9.0,5.0,4.0,3.8,5.4,3.9,5.1,3.95,4.1,3.4,3.0,2.8,3.0,5.5,3.3,2025-07-28,Simeon Woods Richardson,0.1916020963041086,0.1037648443317947,0.1976364740403141,Jordan Hicks,0.1797362046344698,0.1198733417174196,0.2086154335744044,0.21864016547607873,0.05874966382087123,0.25485639306227537,0.24391802850532274,0.06805960786849746,0.257841463228138,0.2709536541889483,0.07661319073083779,0.2814816142418922,0.23252082020832343,0.08640832195915571,0.2536069460714855
2025-07-30,MIN,BOS,14.0,1.0,13.0,3.2,5.6,4.4,5.5,4.35,4.55,4.4,4.0,3.4,3.6,5.2,3.35,2025-07-30,Zebby Matthews,0.3132612304180931,0.0765898952173461,0.2610636952742216,Brayan Bello,0.180610525225889,0.085775779674443,0.1815909331756882,0.1993809062168195,0.06537275750278844,0.2594620575502928,0.24278930835553267,0.06858415425680509,0.2574222076018086,0.2625873827791986,0.07147485080988916,0.31556592897136826,0.23291525699706125,0.0860122297973836,0.25489936432718335
2025-08-08,MIN,KCR,13.0,9.0,4.0,5.4,4.4,4.3,6.3,4.55,5.15,5.0,4.8,5.7,5.1,5.05,4.5,2025-08-08,Joe Ryan,0.2802653914631239,0.0503722141183135,0.2381510451071136,Seth Lugo,0.211006053161551,0.0804373395213479,0.189017160351777,0.18902172446290091,0.06992116815646224,0.22241844898494514,0.2399171096075501,0.06778552071738786,0.25516649834189936,0.17490570731950045,0.08369510996666166,0.18697835947835945,0.21567282952419173,0.07532121574173577,0.21094410136074002
2025-08-09,MIN,KCR,2.0,0.0,2.0,6.4,4.2,4.9,5.8,4.9,5.3,4.0,6.0,5.3,5.6,4.8,4.8,2025-08-09,Michael King,0.0729166666666666,0.0625,0.1499999999999999,Noah Cameron,0.2098476663038066,0.0673517463692902,0.2412562561539624,0.19010531579417025,0.06868277806358297,0.2224184489849451,0.23919761510960763,0.06811427192069794,0.2547341812769808,0.16792041320185336,0.08957746290783812,0.18834199584199582,0.21482777977677223,0.0751789943078567,0.21041872117659574
2025-08-15,MIN,DET,7.0,0.0,7.0,3.2,4.4,4.3,4.4,4.1,5.1,4.4,4.4,4.1,4.7,4.7,4.75,2025-08-15,Jos\xc3\xa9 Ure\xc3\xb1a,0.0880655292419998,0.0682709447415329,0.1519499461765701,Charlie Morton,0.227841934950463,0.0902037762151616,0.2319344527485028,0.16646428906490823,0.08318101403240719,0.1829622338445868,0.23508437300958943,0.06982877307723073,0.24978459113995655,0.20700896536944455,0.10252958779005353,0.270572296179713,0.20601233347653305,0.07125976699507165,0.21609851189177212
2025-08-16,MIN,DET,13.0,5.0,8.0,1.4,5.0,3.9,4.6,3.75,5.4,5.0,3.0,4.8,4.5,5.0,4.45,2025-08-16,Michael King,0.0773809523809523,0.1071428571428571,0.173109243697479,Casey Mize,0.2112030887791756,0.0652233127178779,0.212794941664606,0.17131277391339308,0.08105980191119506,0.17185112273347566,0.2346441565534621,0.06962733317952259,0.2488680977329229,0.1929064012668804,0.12817061343107916,0.26852626037408645,0.20569245000653416,0.07339044639619573,0.21752294958229498
2025-08-17,MIN,DET,9.0,8.0,1.0,2.4,6.2,3.9,5.0,3.9,5.55,4.8,3.0,5.0,4.7,5.2,4.15,2025-08-17,Michael King,0.1093749999999999,0.09375,0.1723039215686274,Chris Paddack,0.1728158179128581,0.0525354822383117,0.1717926400292886,0.16059848819910735,0.09891694476833791,0.16567765334572054,0.2338918039821808,0.07052031756798084,0.24816643550660755,0.21087741575963403,0.11976481632962988,0.2676003344481605,0.2061841775602449,0.07387385677472104,0.21726216115973768
2025-08-19,MIN,ATH,9.0,3.0,6.0,3.6,5.2,4.4,4.5,3.8,5.25,5.8,4.0,5.2,3.0,5.9,3.2,2025-08-19,Joe Ryan,0.2790928031731807,0.0493796578135822,0.233578063125191,Jacob Lopez,0.2604588683159681,0.088574581740606,0.2466097881313048,0.20908333668395587,0.09437149022288338,0.16924908191714913,0.23741029880075382,0.069946981652794,0.24818134253500912,0.30116497833889133,0.09653253348905522,0.2598087101211029,0.2441155045675615,0.09452370963734161,0.2631370981031876
2025-08-21,MIN,ATH,11.0,3.0,8.0,4.0,4.6,4.1,4.8,3.8,5.35,6.2,3.2,5.7,3.1,5.45,3.2,2025-08-21,Michael King,0.2083333333333333,0.0833333333333333,0.1809368191721133,Osvaldo Bido,0.2368963979933005,0.0876167277435393,0.2166402265855685,0.23996052966641201,0.08455946014769541,0.19622265980984466,0.23734506735327512,0.0700278299463493,0.2483963384903464,0.2627811399550529,0.09905778601430773,0.24117192207255012,0.24207676799051153,0.09411211758334906,0.2630186365008808
2025-08-29,MIN,SDP,11.0,7.0,4.0,4.4,7.8,5.0,6.9,4.45,5.75,4.6,5.6,4.9,3.9,4.4,3.8,2025-08-29,Zebby Matthews,0.2893762555527261,0.0785728432787256,0.2638638120971328,Nestor Cortes,0.1970259253798985,0.1225204896773524,0.2185579056546798,0.24783628136569308,0.08719548425430776,0.19161360448006554,0.234948203783962,0.07178358777149045,0.24388213012580892,0.2666608915680123,0.09629924598964845,0.2697304193084592,0.25523151625046786,0.08097457641885038,0.2486642372921761
2025-08-30,MIN,SDP,15.0,3.0,12.0,5.2,7.2,5.2,6.5,4.55,5.75,4.4,6.8,5.0,4.2,4.5,3.85,2025-08-30,Taj Bradley,0.1898355220005937,0.0955198069734162,0.1992094543519482,Nick Pivetta,0.2669899420502307,0.0665201904011092,0.226487596428056,0.20424653777594953,0.11027240733123085,0.18479542266188373,0.2349167829342272,0.07297896854590956,0.24341548389793202,0.23560676051388124,0.09943314912355157,0.2494526415306814,0.2538694302190664,0.08175811483062732,0.24746291888312882
2025-08-31,MIN,SDP,9.0,7.0,2.0,5.8,8.0,4.7,7.6,4.55,6.05,6.4,5.8,5.7,4.4,4.95,3.9,2025-08-31,Michael King,0.1956018518518518,0.0925925925925926,0.1749883286647992,Kyle Hart,0.1442955874534821,0.0894736842105263,0.1638932980599647,0.19757987110928285,0.12360574066456417,0.188058825925287,0.23390994127053893,0.07342937425327839,0.2431819445563147,0.22329906820618892,0.09943314912355157,0.25802963958136366,0.25254893504521575,0.08114797964532414,0.24782734707277929
2025-09-01,MIN,CHW,11.0,5.0,6.0,6.4,6.4,5.1,7.2,4.6,6.0,2.8,7.8,4.3,5.2,4.4,5.15,2025-09-01,Bailey Ober,0.1913389605888204,0.0507441587249568,0.2250069187456057,Tyler Alexander,0.178698517362835,0.0580356896789963,0.1507750194933629,0.17757987110928283,0.11860574066456417,0.16701715925862035,0.23291801577964605,0.0736261937032541,0.24236825113984817,0.19197832459863012,0.09502050978814335,0.17088567516056702,0.2200053490161052,0.09098328634263943,0.22990433837000795
2025-09-02,MIN,CHW,15.0,3.0,12.0,6.0,6.6,5.3,7.0,4.4,6.1,3.2,7.8,4.9,5.6,4.65,5.25,2025-09-02,Simeon Woods Richardson,0.1885631086847042,0.1032391745643865,0.1963598864966332,Davis Martin,0.1728283153852511,0.0805702601975893,0.1933318978143206,0.1714395202320899,0.11831334300374545,0.17108414490455334,0.2319793771187276,0.07347182153593142,0.24155362390623475,0.19281983932513783,0.0927764705174561,0.16885864813353998,0.22004738599144433,0.09079149534763667,0.23004995910645717
2025-09-03,MIN,CHW,7.0,3.0,4.0,5.0,7.2,4.7,7.5,4.1,6.5,5.4,6.0,5.4,5.0,4.95,5.2,2025-09-03,Zebby Matthews,0.2756782342566656,0.0720251063388318,0.2502084944223717,Yoendrys G\xc3\xb3mez,0.1862398182957393,0.1506582562174667,0.213601781473721,0.19001094880351843,0.10402762871803117,0.19316970640187955,0.23237160272891416,0.07371759551846373,0.24204659679079438,0.20948650599180452,0.08610980385078945,0.16635864813354,0.2206225846533764,0.0901383191221141,0.22929420400497189
2025-09-04,MIN,CHW,19.0,8.0,11.0,4.2,7.2,4.7,7.2,4.25,6.6,5.4,4.6,5.1,5.0,5.1,5.25,2025-09-04,Michael King,0.1882478632478632,0.0931623931623931,0.1717840982546865,Tyler Alexander,0.1779020423738196,0.0567460076861297,0.1498935993070906,0.19906072255917456,0.11171993641033887,0.2135998139287613,0.23347481853968569,0.0737408236445841,0.24270809488168238,0.20700972580604599,0.0960169245938235,0.18621751910128193,0.22055046844720563,0.09062229353439974,0.2301909504740608
2025-09-12,MIN,ARI,17.0,9.0,8.0,4.8,6.2,4.4,6.6,4.75,6.9,4.4,5.4,4.9,4.1,4.85,4.2,2025-09-12,Michael King,0.2050347222222222,0.0756944444444444,0.1963206115779645,Brandon Pfaadt,0.1854842343540641,0.0466742829345351,0.190275184480037,0.19051045859055357,0.0838576195520788,0.22339598997493731,0.22999335666315693,0.07433180927903513,0.2410598193353716,0.21741758241758236,0.07688644688644687,0.21977959077959075,0.21467966729721574,0.08164927041839465,0.23482144441773242
2025-09-14,MIN,ARI,10.0,4.0,6.0,6.2,5.6,4.8,6.8,5.05,6.9,5.0,7.0,5.1,4.9,5.0,4.35,2025-09-14,Michael King,0.1929738562091503,0.0830065359477124,0.1847723403086724,Anthony DeSclafani,0.2153522131463308,0.0538534382284382,0.2400379824525626,0.18341271422965133,0.08088017594305626,0.21703161179905361,0.22904106609631125,0.07420484588748362,0.24034489713149232,0.20527183342972816,0.08001285264443156,0.229997270352109,0.21468278962479342,0.08202510736320837,0.23472621126448456
2025-09-15,MIN,NYY,7.0,7.0,0.0,6.0,6.6,4.9,6.2,4.8,6.85,4.6,4.8,4.1,5.1,5.55,4.55,2025-09-15,Simeon Woods Richardson,0.2006591787686147,0.1024390666317574,0.2015594241627593,Carlos Rod\xc3\xb3n,0.2601795097104941,0.0996893625374384,0.2761850530184556,0.16848058753281875,0.07907022119192504,0.20962420439164622,0.22908331644462712,0.07410091807345849,0.24047269687559886,0.2543702308509611,0.07706461895102866,0.24659888929911813,0.2578986166327209,0.08663020442332955,0.26609436403788644
2025-09-16,MIN,NYY,19.0,9.0,10.0,5.0,6.0,5.3,5.8,5.0,6.5,4.4,4.0,3.3,5.4,5.5,4.3,2025-09-16,Michael King,0.190189594356261,0.078395061728395,0.174507210291524,Ryan Yarbrough,0.2198287742147391,0.0796372608872608,0.2513317807154364,0.1821169511691824,0.09725203937374322,0.20462420439164625,0.2293762289028999,0.07482385272946335,0.23986549756770892,0.2222846693536349,0.08936408419167037,0.2081140408142696,0.2567853531278967,0.08726479093929523,0.2649870682776339
2025-09-17,MIN,NYY,15.0,5.0,10.0,6.4,5.6,5.4,5.7,5.45,6.6,4.6,5.2,4.2,5.6,5.65,4.65,2025-09-17,Taj Bradley,0.2001940846847024,0.0954456833784064,0.2111241910154393,Luis Gil,0.1922994244504541,0.1519704337424588,0.2050761594981205,0.1626364316886629,0.10179749391919776,0.20285115474625615,0.22845311464960782,0.07462805734763056,0.23925930205200932,0.2260959216222374,0.08246753246753244,0.21540197390865434,0.25647900188724493,0.08668687841651844,0.26494122356141797
2025-09-19,MIN,CLE,8.0,2.0,6.0,6.8,6.8,5.8,6.5,5.5,6.6,3.4,0.8,3.7,1.3,4.1,2.45,2025-09-19,Michael King,0.2328111946532999,0.0742690058479532,0.174094550100742,Parker Messick,0.1805347985347985,0.03507326007326,0.2040096618357488,0.16884332824038703,0.09490094219505982,0.2211547261748276,0.22826468342676276,0.07413383180228202,0.23995129342914834,0.3904761904761905,0.06738095238095236,0.29658293793321017,0.25257425123841754,0.07779944463566192,0.2592959406027631
2025-09-20,MIN,CLE,6.0,0.0,6.0,5.4,6.4,5.8,6.0,5.25,6.65,3.8,1.2,4.1,1.4,4.25,2.55,2025-09-20,Bailey Ober,0.2009135761143223,0.0501959852190875,0.2223999545171176,Logan Allen,0.1954474335763155,0.0895007655100822,0.1880899524629639,0.19737593693603922,0.06990094219505982,0.24364276445233957,0.2290512716078796,0.07364610922463542,0.2404502288255632,0.3843223443223443,0.06738095238095236,0.2932988656836207,0.2544675445312859,0.07728421652549197,0.26010161239315793
2025-09-21,MIN,CLE,8.0,6.0,2.0,3.2,8.0,4.1,7.0,4.5,6.7,5.4,0.6,4.3,1.2,4.5,2.2,2025-09-21,Simeon Woods Richardson,0.2149135035891568,0.1040545223332754,0.2098184992026279,Joey Cantillo,0.3107728670600524,0.1164758961798435,0.3059608298937641,0.19750899015732776,0.06702629233511585,0.21585290937987572,0.22937744556968204,0.074340099148125,0.2399060794205258,0.40098901098901096,0.06738095238095236,0.3084503808351358,0.257365883507223,0.07720767214514007,0.26050432453062106
2025-04-22,NYM,PHI,6.0,5.0,1.0,4.8,2.6,4.8,2.9,4.3,2.65,6.4,6.4,4.6,5.6,4.65,4.6,2025-04-22,Griffin Canning,0.2316181758744687,0.1150223384548327,0.255238430268918,Cristopher S\xc3\xa1nchez,0.3055344655344655,0.0608866133866133,0.3120158304325654,0.2848648410413116,0.06466533466533465,0.25120868347338937,0.26585636940496277,0.07440223885236671,0.2659877790002487,0.2509837092731829,0.0619298245614035,0.23850214880977796,0.24184790210163745,0.08451288600871316,0.22278185112328075
2025-04-29,NYM,ARI,11.0,8.0,3.0,7.4,3.8,6.1,3.2,5.1,3.05,5.2,6.4,5.8,4.8,5.15,4.65,2025-04-29,David Peterson,0.2335335968379446,0.0774545454545454,0.1705165511180548,Eduardo Rodr\xc3\xadguez,0.2911640211640211,0.0607936507936507,0.2158558537855807,0.2593824776874312,0.09646443597681985,0.23913767961131271,0.25934695427462584,0.08185165693706313,0.25697129684633396,0.23252164502164502,0.13638167388167383,0.2273763040905898,0.25426993641279355,0.07470381800738941,0.24657957631678293
2025-05-01,NYM,ARI,6.0,2.0,4.0,7.8,4.0,6.3,3.4,5.4,3.25,4.0,4.8,5.5,5.3,4.95,4.8,2025-05-01,Kodai Senga,0.225428606481238,0.0801428746691904,0.2547915837277539,Zac Gallen,0.2464472256138922,0.1069732736399402,0.2432580245080245,0.2434096270086982,0.08260319917440657,0.2370201546160288,0.2585541716459024,0.07954370690064287,0.2549424058326796,0.21054721422368478,0.13766731634378687,0.22293907465336033,0.25089326795209144,0.08073412154294506,0.24810630586103202
2025-05-09,NYM,CHC,9.0,7.0,2.0,4.4,4.2,6.3,4.0,5.4,3.65,5.2,2.2,5.4,2.8,5.9,3.9,2025-05-09,Clay Holmes,0.2438854382332643,0.0820910973084886,0.2039757033599398,Jameson Taillon,0.1961719233147804,0.0506771799628942,0.2130472701901272,0.18823793853205614,0.07404072234954587,0.18357530190095234,0.24244644391601372,0.08069700597503268,0.24074699325874419,0.19250507662272368,0.1160536522301228,0.14947070358835063,0.19116033608310495,0.09279640991199296,0.19045606650794156
2025-05-10,NYM,CHC,11.0,5.0,6.0,4.8,3.4,5.1,3.7,5.6,3.45,3.6,3.6,5.2,3.5,5.5,3.95,2025-05-10,Tylor Megill,0.2937381214187359,0.0982262262092271,0.2421362437659551,Drew Pomeranz,0.3444444444444444,0.0888888888888888,0.3379629629629629,0.21534416563828324,0.0846634329722565,0.20510568449660127,0.24806418795761495,0.08257262515121527,0.24367242188486402,0.2088916312445724,0.08622171945701354,0.14594129182364474,0.1923531409902388,0.09187822395252733,0.19246281828753614
2025-05-11,NYM,CHC,8.0,6.0,2.0,5.0,3.6,4.8,4.0,5.65,3.7,3.6,4.2,5.4,3.0,5.7,3.9,2025-05-11,Griffin Canning,0.2382390759507464,0.0991491150235837,0.2485592263961968,Matthew Boyd,0.222689577503242,0.0786625382898674,0.2236401666529737,0.20357945975593034,0.09054578591343296,0.20429923288369806,0.2462743479645569,0.08344948599302313,0.24383061133774242,0.21746305981600095,0.07860267183796595,0.14698079286314575,0.19481001321981903,0.09096413535227287,0.19273228893004052
2025-05-12,NYM,PIT,7.0,4.0,3.0,5.2,3.2,5.1,3.8,5.7,3.6,2.2,3.6,2.3,4.4,2.75,4.5,2025-05-12,David Peterson,0.2117076712107767,0.0757328385899814,0.1895526385537126,Paul Skenes,0.2490071070234113,0.0640468227424749,0.2537881936743417,0.2017612779377485,0.09630336167100872,0.2058343206029963,0.2447022463512307,0.08363142757634186,0.24296482406934222,0.24265221878224968,0.05000515995872031,0.2592264241211609,0.21086321074629086,0.08109303714866455,0.2654267402481805
2025-05-13,NYM,PIT,3.0,2.0,1.0,5.8,2.8,5.3,3.7,5.75,3.75,2.2,3.2,2.2,4.5,2.85,4.7,2025-05-13,Kodai Senga,0.2321072411297975,0.1122688339229692,0.2572628055812682,Mitch Keller,0.1749224054930576,0.0753187181176311,0.1664159681957718,0.1873673385438091,0.09554578591343296,0.19964384441252012,0.2408601293746141,0.08362433009436546,0.2411482012740404,0.256937933067964,0.05714801710157745,0.2661642231642231,0.20924401865369213,0.08086293082199567,0.26451831136781256
2025-05-14,NYM,PIT,4.0,0.0,4.0,4.8,2.8,4.6,3.5,5.5,3.6,2.2,3.2,2.0,3.9,2.55,4.3,2025-05-14,Clay Holmes,0.2405736714975845,0.0881340579710144,0.2055057674669743,Bailey Falter,0.1828940113594844,0.07461415396198,0.1830202964101148,0.19403400521047579,0.10554578591343296,0.1944808009342592,0.2414602814046618,0.08633074102240347,0.24160683764481602,0.2331284092584402,0.07262420757776793,0.2391371961371961,0.2043778786850016,0.08479635103543762,0.2583667227313518
2025-05-24,NYM,LAD,7.0,5.0,2.0,2.2,3.2,2.5,3.2,3.65,3.6,4.6,6.6,6.0,5.3,7.25,4.65,2025-05-24,David Peterson,0.2116700690613734,0.0845443445443445,0.2112596172202634,Tony Gonsolin,0.2794642857142857,0.1095238095238095,0.2945665445665445,0.21901338971106413,0.11860733581663811,0.21407083588429496,0.23966521563747253,0.09048944879992936,0.2372993361899212,0.2344145899526926,0.03878552953624055,0.2544338760214403,0.2574383960667565,0.062148089400851786,0.2355432351545255
2025-05-25,NYM,LAD,4.0,3.0,1.0,2.6,3.2,2.4,3.2,3.75,3.5,4.6,6.4,6.2,5.5,6.9,4.8,2025-05-25,Kodai Senga,0.2322150970104186,0.1085547720635439,0.2595359906442707,Jack Dreyer,0.2913742690058479,0.0954678362573099,0.2663840974986485,0.28568005637773075,0.1102740024833048,0.25454702636048543,0.24947934610598269,0.08874926709223842,0.24372489840604908,0.2219145899526926,0.045452196202907205,0.2486646452522095,0.2522896281454214,0.062238460946168084,0.23467852429758884
2025-05-27,NYM,CHW,10.0,6.0,4.0,3.0,1.4,2.3,3.0,3.45,3.25,4.8,3.8,3.4,5.0,2.85,4.65,2025-05-27,Tylor Megill,0.3109642785760028,0.1122610321432504,0.2651444934431861,Jonathan Cannon,0.1808151648389339,0.0742781236244733,0.1777667962680378,0.25695711265478705,0.11051209772140003,0.23968229206096853,0.24757462765953694,0.09075326249093857,0.24325772109882915,0.19290861915861915,0.10354659229659227,0.20169282178365872,0.21731025563994602,0.10520564171188741,0.22406950701705308
2025-05-28,NYM,CHW,13.0,4.0,9.0,4.2,1.8,2.9,3.0,3.5,3.15,4.6,3.8,3.5,4.3,2.9,4.55,2025-05-28,Griffin Canning,0.2155768769750462,0.10333295194508,0.2457374902233695,Bryse Wilson,0.1211220261220261,0.0800163108496441,0.1507138496501066,0.2728662035638779,0.10767118863049094,0.24869130106997753,0.24761872533845444,0.09023956680928515,0.24489545950309285,0.19790861915861913,0.09854659229659227,0.19866251875335567,0.21699552371921974,0.10329281186258037,0.22330130110434632
2025-05-30,NYM,COL,6.0,4.0,2.0,4.0,3.4,3.1,3.3,3.5,3.35,2.0,5.0,2.2,5.3,3.1,7.25,2025-05-30,David Peterson,0.215503062155236,0.0832327672327672,0.2163241316887133,Kyle Freeland,0.1763193256296704,0.05010989010989,0.2047044759398136,0.26215191784959224,0.09338547434477665,0.2464745523015046,0.2451102276921045,0.08990365617748668,0.24267749871147357,0.19812112723877426,0.105440794499618,0.2772842631988973,0.1882155997643866,0.1062637451903696,0.23675334285745905
2025-05-31,NYM,COL,10.0,8.0,2.0,3.8,3.4,3.2,3.3,3.45,3.25,1.8,5.4,2.4,5.6,3.1,6.95,2025-05-31,Kodai Senga,0.22982692064271,0.1143659615238562,0.2515311095285616,Antonio Senzatela,0.1124023525427368,0.0581139211976066,0.1560840915246583,0.2966973723950468,0.06671880767810999,0.25516181098876334,0.2503794262493403,0.08832639905156586,0.24468566289448032,0.2076449367625838,0.105440794499618,0.2944013803160145,0.18741983736250512,0.1043994689589596,0.23844772865528138
2025-06-01,NYM,COL,8.0,5.0,3.0,4.8,3.6,3.8,2.7,3.8,3.1,2.0,4.4,2.3,5.5,3.15,6.8,2025-06-01,Clay Holmes,0.2190535792709705,0.0900065876152832,0.2043739204892479,Carson Palmquist,0.0891330891330891,0.1164449585502216,0.1209401709401709,0.3166973723950468,0.07560769656699888,0.27673043843974365,0.2495108154519379,0.0902518059644699,0.24621407100549503,0.22713023088023085,0.11205844155844154,0.2988131450218968,0.18957639189073777,0.10475465052863271,0.2394075548346528
2025-06-12,NYM,WSN,7.0,4.0,3.0,7.0,2.8,6.2,3.1,4.55,3.05,1.0,4.2,3.1,4.6,3.85,4.15,2025-06-12,Kodai Senga,0.2386238831442873,0.1097977215597352,0.2616070685589683,Michael Soroka,0.22541818308351,0.0462855102515314,0.1884156430074501,0.2854595340160355,0.08286119711042311,0.31859814106898277,0.25561526322944406,0.08751069726930576,0.25571737605485384,0.18261639504286561,0.11817948391477802,0.23780035023456075,0.19890964027013652,0.1068627067704051,0.22572483444138403
2025-06-13,NYM,TBR,12.0,5.0,7.0,6.8,2.2,6.2,2.5,4.65,2.9,3.0,3.0,4.2,2.6,5.1,2.35,2025-06-13,Clay Holmes,0.2120624303232998,0.076159420289855,0.2149154362437902,Taj Bradley,0.2134042019511126,0.0948660492825252,0.2136412723064532,0.2717095340160355,0.0691111971104231,0.2995505220213638,0.2527753328878346,0.08714289289769832,0.2540576667431228,0.2963254184329178,0.0493834048345846,0.32600153888109706,0.2386963609447223,0.0646822638162911,0.2654506729520989
2025-06-14,NYM,TBR,12.0,4.0,8.0,7.0,3.2,6.3,3.0,4.75,3.15,3.6,3.4,4.8,2.9,5.3,2.4,2025-06-14,Tylor Megill,0.2961228209579266,0.1130091450255671,0.2768587441357784,Drew Rasmussen,0.231324188367532,0.0515538555012239,0.1831841627092155,0.21375498856149008,0.07365665165587765,0.27294337916422096,0.24977068379459855,0.08653871394924682,0.25286014362262205,0.31110802712856994,0.04242688309545416,0.3209700923402166,0.24030120985666048,0.06564921262206175,0.265709028760517
2025-06-15,NYM,TBR,9.0,0.0,9.0,6.2,4.6,5.9,3.6,4.85,3.15,4.4,3.6,4.0,3.0,5.55,2.5,2025-06-15,Griffin Canning,0.2158275667886651,0.1058666848026115,0.2276153438376213,Shane Baz,0.2249986893350737,0.0870860997634452,0.211942814918125,0.213159750466252,0.06591855641778241,0.2665972253180671,0.2502841638220226,0.08598271871595825,0.2524621415708703,0.29860802712856993,0.03617688309545416,0.3121825506272021,0.23863017782975238,0.0646977747579739,0.2638571737709842
2025-06-23,NYM,ATL,5.0,2.0,3.0,3.0,6.6,3.3,6.0,4.8,4.75,4.8,2.4,4.8,3.3,4.5,3.65,2025-06-23,Paul Blackburn,0.1083591331269349,0.0557275541795665,0.1461535064476241,Spencer Schwellenbach,0.235295953418908,0.0407186093562904,0.25474261121853,0.1677647640083701,0.07837350025649256,0.19713705140175725,0.24420610748644744,0.08632404830660273,0.2481095416843218,0.27168109668109663,0.07748917748917747,0.23105270655270652,0.25497696367612604,0.08488522222151962,0.26215018360468606
2025-06-26,NYM,ATL,4.0,4.0,0.0,5.0,4.8,3.2,6.3,4.75,4.65,4.6,3.6,4.2,3.6,4.4,3.9,2025-06-26,Griffin Canning,0.2045108753438272,0.1131796982575014,0.2314546655139726,Grant Holmes,0.2981174013195831,0.1079894958897069,0.291993000112673,0.22153513579344777,0.11134555271383914,0.23021934953840323,0.24669053531845075,0.08915307296569337,0.24968179256681192,0.25367870433659906,0.06252705627705626,0.22678937728937726,0.2565567970570038,0.08242168803351245,0.26218770589395823
2025-07-02,NYM,MIL,9.0,2.0,7.0,3.0,6.6,3.5,6.4,3.95,5.55,6.4,3.2,7.8,4.2,5.3,3.7,2025-07-02,Clay Holmes,0.2008717972054642,0.0954471127175646,0.2058673481966358,Freddy Peralta,0.2541082830213264,0.0882274148130925,0.2639620131498095,0.2376809056956115,0.08836076097105508,0.25691509899630105,0.24463960657690703,0.08865745233316225,0.24973671835940148,0.24821819804751905,0.0810368657444829,0.26215258041643635,0.24321545070564438,0.08203976527618373,0.2392473693316258
2025-07-03,NYM,MIL,5.0,3.0,2.0,2.6,8.0,3.1,6.0,3.8,5.9,5.8,3.4,7.7,3.9,5.6,3.9,2025-07-03,David Peterson,0.2054171404215233,0.0829728604728604,0.2188892868771587,Jose Quintana,0.1586970341911053,0.1041902761270349,0.1577656221725432,0.23852124183006534,0.10313667133520073,0.2342849513661534,0.24347770575298963,0.08928277247628394,0.2473350422688258,0.24606084387778102,0.057124142760552485,0.2555997853853805,0.24051239666560909,0.08123928347020382,0.23683962320098997
2025-07-19,NYM,CIN,7.0,2.0,5.0,4.0,4.4,4.6,4.4,3.85,5.2,4.8,2.4,3.6,3.9,4.4,4.25,2025-07-19,Clay Holmes,0.1862410264271037,0.0950043065850605,0.2029985689074427,Nick Martinez,0.1682822671313719,0.0514031617624358,0.174267654711385,0.18668356824663537,0.12673575919946153,0.22793040345416804,0.24247633084030076,0.09222346417479417,0.24793935741918247,0.27143345216874626,0.10520202020202021,0.30204927580159774,0.2142830846155178,0.09327066009026234,0.2234519222310072
2025-07-20,NYM,CIN,5.0,3.0,2.0,3.8,4.0,4.5,4.7,3.9,5.1,4.6,2.8,4.0,3.6,4.45,4.3,2025-07-20,David Peterson,0.2044184105334175,0.0797060347060346,0.2109197128427384,Andrew Abbott,0.2305227373940003,0.0687948554863277,0.215620530549734,0.19113700954218193,0.11094628551525103,0.23293040345416802,0.24314179999185184,0.09128240841790851,0.24796038438429285,0.2692275698158051,0.12873143196672607,0.28032188038999184,0.21571254948000304,0.09473481944651799,0.22379169887203043
2025-07-21,NYM,LAA,12.0,7.0,5.0,2.8,3.8,4.2,4.4,3.95,5.05,6.0,5.2,5.8,6.8,5.95,5.65,2025-07-21,Kodai Senga,0.2392047653350366,0.1058082391982359,0.2679846301934014,Tyler Anderson,0.1860880241887106,0.0792518376614486,0.2360991065617738,0.17988700954218192,0.11177961884858437,0.23312087964464417,0.24270602423435844,0.09170716523523603,0.24787997646121918,0.17723875661375657,0.09467261904761903,0.19780809577526284,0.22554561650739446,0.08944424858557566,0.24655993409520907
2025-07-22,NYM,LAA,5.0,3.0,2.0,3.6,4.6,3.7,4.3,4.1,4.95,5.0,5.6,5.7,7.0,5.75,5.95,2025-07-22,Frankie Montas,0.2135167464114832,0.05,0.2379953379953379,Kyle Hendricks,0.1555508695053795,0.0570713979859819,0.1489414785010117,0.18253852469369708,0.11291598248494798,0.23838783491159948,0.24236229732534817,0.09120676024955034,0.24767390396933425,0.16132966570466564,0.09751352813852812,0.1920938100609771,0.2241992512514114,0.08945889700881082,0.2455229061828284
2025-08-05,NYM,CLE,5.0,2.0,3.0,4.6,7.4,4.7,4.7,4.2,4.5,6.0,4.2,4.9,3.8,4.95,3.65,2025-08-05,Clay Holmes,0.1765371635160484,0.0917894336091756,0.2017810306046195,Logan Allen,0.1997759287717879,0.0814899520386062,0.1864838956331998,0.2920944741532977,0.0797860962566845,0.2638779536651509,0.24769455230967122,0.08989765167430248,0.2493636278978784,0.28984448300237775,0.07031810294968188,0.2681401834956037,0.25284060853580076,0.08071725380318953,0.2588802424092699
2025-08-06,NYM,CLE,5.0,1.0,4.0,3.8,6.6,4.6,4.8,4.1,4.35,5.4,3.0,4.6,3.7,5.05,3.65,2025-08-06,David Peterson,0.198759869218695,0.0798526111569589,0.2124141069195574,Gavin Williams,0.2306937578328258,0.1257427263272904,0.2543027381260974,0.2630748663101604,0.0797860962566845,0.24906313885033607,0.24706425174264132,0.08910209723470688,0.24879567707741207,0.29945986761776233,0.07031810294968188,0.2721631720013508,0.25281524595958826,0.07999656403708963,0.25841610231386686
2025-08-12,NYM,ATL,18.0,13.0,5.0,3.0,4.8,3.8,6.1,4.0,4.7,6.2,3.8,4.4,3.9,4.7,5.65,2025-08-12,Clay Holmes,0.1825916117842294,0.090086918189097,0.2050019453159628,Spencer Strider,0.2759780771535157,0.0951224175434701,0.2990274875673929,0.23807182354857873,0.0657905909186744,0.21634218893918017,0.24489505981121606,0.08815050147102302,0.24701164412156204,0.2648011035511035,0.05800098175098174,0.2956877748300728,0.25064357185849373,0.07630144040910385,0.2633797624007257
2025-08-13,NYM,ATL,17.0,6.0,11.0,5.2,5.2,4.5,5.9,4.55,4.8,5.6,5.2,4.7,4.9,4.6,6.15,2025-08-13,Paul Blackburn,0.1439986813438825,0.057985036119711,0.180769004298416,Carlos Carrasco,0.1678862560441507,0.0672084251031619,0.2200020148170053,0.2336600588426964,0.053143532095144976,0.22218634478333602,0.24493832201620577,0.0878271921365228,0.2472295731775426,0.21432491307491303,0.0627628865128865,0.27467937146872823,0.24932657629391414,0.07605836928376439,0.2623583842690004
2025-08-14,NYM,ATL,7.0,3.0,4.0,6.2,6.6,5.0,6.3,4.65,4.95,7.6,5.4,5.4,5.3,4.7,5.85,2025-08-14,Kodai Senga,0.2270203730383618,0.1209527045615908,0.2480865398044729,Bryce Elder,0.1776941433419944,0.0887431029978775,0.1959708601022867,0.22138733156996912,0.05223444118605407,0.203863582274527,0.24478987164021015,0.08785309044553599,0.24693454493337177,0.22310869685869683,0.06266636141636141,0.2839527556517873,0.24933223531665435,0.07631958346745425,0.26283561579758197
2025-08-17,NYM,SEA,10.0,7.0,3.0,6.8,6.4,4.9,5.6,4.8,5.15,3.8,4.2,5.1,3.9,4.4,3.8,2025-08-17,Clay Holmes,0.1833169612932198,0.0967499632645513,0.2052985814328482,George Kirby,0.2588048976195429,0.0572683971677106,0.233206746106508,0.18425638408608047,0.0572647442163571,0.21228379059675095,0.24249470245527854,0.08722282319414303,0.24632429697155644,0.29537766155413214,0.058325269501740086,0.28315769565119686,0.23002960745567635,0.07675190264055717,0.2230525928273023
2025-08-25,NYM,PHI,16.0,13.0,3.0,6.2,5.4,6.1,4.7,5.55,5.5,6.0,3.4,6.1,4.0,5.15,3.4,2025-08-25,Kodai Senga,0.2278690603722068,0.1151980138155767,0.2496076730580682,Cristopher S\xc3\xa1nchez,0.2631047104536488,0.0640189037238512,0.2760692202947974,0.164171924051181,0.0760742384550434,0.20671917743705664,0.23854041833873502,0.08694000114394741,0.24381707458482021,0.27025095275095273,0.07235560735560734,0.26835748224495026,0.24043212914899378,0.07770062179747546,0.22702755501778876
2025-08-26,NYM,PHI,11.0,6.0,5.0,8.0,5.0,7.1,4.6,6.2,5.4,5.4,5.2,6.2,5.0,5.2,4.05,2025-08-26,Sean Manaea,0.2950519485917083,0.0523994955273559,0.2279930886254172,Jes\xc3\xbas Luzardo,0.2782451161808381,0.0822170737922167,0.2822465499206377,0.17083859071784765,0.07607423845504338,0.2011157291611946,0.2377311330694627,0.0867840524171991,0.24247206260525528,0.2538035843299001,0.08814508103981786,0.2575882514757195,0.24020030113845486,0.07832228160402298,0.2268180390874183
2025-08-30,NYM,MIA,19.0,8.0,11.0,9.6,4.8,7.9,5.1,7.0,5.2,4.2,9.4,4.1,7.2,4.25,6.2,2025-08-30,David Peterson,0.2152807972662109,0.0879115210071731,0.2294651133241103,Edward Cabrera,0.2615463413573054,0.0796761751865721,0.2816596265128151,0.20419854655148767,0.08349020260784965,0.19495499070917394,0.2375885483645398,0.0864279821914827,0.2411685845380434,0.2256504596418513,0.10891625484882299,0.208459926498432,0.2216572567349663,0.08247346215198287,0.22819744634700584
2025-08-31,NYM,MIA,6.0,1.0,5.0,8.6,6.4,8.3,5.7,7.3,5.6,6.0,10.8,4.9,7.2,4.55,6.55,2025-08-31,Kodai Senga,0.2256761613934437,0.1162059006035795,0.2476422283092713,Sandy Alcantara,0.1836997644794118,0.0877405687474381,0.1842795515121354,0.22634140369434483,0.08063305975070677,0.22014017589435914,0.2382095855724215,0.08631687544509077,0.2419884605922198,0.22539470516614796,0.12630755919664907,0.22408774944332813,0.2213061963433729,0.0831458120146761,0.2290302843491172
2025-09-16,NYM,SDP,11.0,8.0,3.0,3.0,7.4,2.7,5.7,5.45,5.7,5.0,3.0,5.0,3.8,4.8,4.65,2025-09-16,Clay Holmes,0.1842478914336406,0.0954451755666937,0.2026384595256594,Kyle Hart,0.2101083878527487,0.0677228786251342,0.1471967120181405,0.21084221831024896,0.07851003642563745,0.2645199513549511,0.2344301346521569,0.08587139061993326,0.24217353765719293,0.3459157509157509,0.08208485958485956,0.33760292277939336,0.2597736506488037,0.08177685365157682,0.2549331885261099
2025-09-17,NYM,SDP,11.0,4.0,7.0,4.0,6.2,3.3,5.4,5.7,5.65,5.4,4.2,4.8,3.9,4.7,5.0,2025-09-17,David Peterson,0.2132552318346453,0.0879064223405655,0.2263345919229821,Nick Pivetta,0.2664638889317339,0.0652596073597414,0.2227196233796787,0.18814484988919633,0.059760036425637444,0.25288991472491446,0.23427077585973904,0.08529891468246704,0.2419265687736664,0.3559157509157509,0.07319597069597068,0.3264141115905822,0.2613859080269996,0.08197372786271463,0.25505261191001033
2025-09-18,NYM,SDP,7.0,6.0,1.0,4.2,5.4,3.2,5.7,5.25,5.85,6.4,5.0,5.5,4.0,4.95,4.8,2025-09-18,Jonah Tong,0.2073268921095008,0.1666666666666666,0.1818221986567691,Kyle Hart,0.2516567175514543,0.0632080200501253,0.1507169312169312,0.19484341448249778,0.05210453403329294,0.26736359893544076,0.2337649742768408,0.08543112821367412,0.24198003520562889,0.3544451626804568,0.07246067657832363,0.3042234999262863,0.2612119627578,0.08221155006912007,0.25475576993587346
2025-09-21,NYM,WSN,5.0,2.0,3.0,6.4,4.0,4.5,5.5,5.55,5.95,4.0,8.2,3.7,6.9,4.4,5.65,2025-09-21,Clay Holmes,0.1825507394969637,0.0944858919366928,0.2022330505573438,Jake Irvin,0.1503416002109057,0.0808698152760586,0.1670601017430572,0.18029785941836685,0.056866438795197705,0.23242342131400462,0.2337028599942288,0.08407610005119376,0.2418266941392552,0.2132063988642936,0.12320327333485226,0.22613894603865498,0.20808547324864154,0.09985411705793469,0.2257935472790522
2025-04-25,NYY,TOR,6.0,2.0,4.0,3.2,2.0,3.8,2.4,5.0,3.55,1.6,4.8,3.1,4.2,3.5,3.65,2025-04-25,Carlos Carrasco,0.1678415736310473,0.0709303561935141,0.170647721454173,Jos\xc3\xa9 Berr\xc3\xados,0.205029390898956,0.1064811999594607,0.1949802944351007,0.24548451548451541,0.09885604591486943,0.29834250415171737,0.28736151378721037,0.12839899385100623,0.28330455753177186,0.3153772153772153,0.06558663558663558,0.30946756792245783,0.2867419150050729,0.07157826968353281,0.31763505992622304
2025-04-27,NYY,TOR,13.0,11.0,2.0,3.4,2.8,3.6,2.3,4.5,3.6,1.8,5.0,2.9,4.3,3.3,3.65,2025-04-27,Max Fried,0.2310421712220812,0.0521183852518185,0.1931622278430788,Kevin Gausman,0.2106116234811886,0.0461435406698564,0.2185524231865694,0.21881784881784877,0.0855227125815361,0.27347691275386793,0.27630914787231764,0.12346057101058291,0.2740107924984986,0.29148832648832645,0.07169774669774667,0.29744710756440157,0.27998688408607436,0.07309876358459352,0.3121072900628399
2025-05-02,NYY,TBR,3.0,3.0,0.0,7.6,3.0,5.5,2.9,4.6,3.05,2.2,3.4,1.6,3.3,3.3,3.8,2025-05-02,Max Fried,0.2125351426850676,0.056765321043182,0.1928834168195869,Ryan Pepiot,0.2253870820999756,0.0838103063852688,0.2598005848645746,0.2023298631193368,0.108947467651028,0.2559972659243759,0.2799365305345031,0.11818396504679335,0.2764004456064534,0.21739574151338856,0.09043214954979659,0.2521491228070175,0.23631089116403856,0.05909864503214886,0.2760147182707337
2025-05-03,NYY,TBR,5.0,2.0,3.0,6.0,2.6,5.4,2.9,4.65,2.75,1.4,3.8,1.3,3.0,3.15,3.75,2025-05-03,Ryan Yarbrough,0.2493818681318681,0.0905677655677655,0.2697723028605381,Zack Littell,0.1588504088504088,0.0488932980599647,0.1619070863882255,0.23566319645267014,0.058947467651028,0.2546985646256746,0.2868135139552999,0.11449071613908106,0.276285658953979,0.2115515856692327,0.10471786383551088,0.2488882532418001,0.23562260438659094,0.06171609808917992,0.27418273658564285
2025-05-04,NYY,TBR,12.0,5.0,7.0,5.4,3.0,5.2,2.6,4.75,2.65,1.2,3.8,1.6,3.1,3.15,3.65,2025-05-04,Carlos Carrasco,0.174606971975393,0.0657021341231867,0.2177517960589253,Taj Bradley,0.2057555018786902,0.1021781305114638,0.2092292544832989,0.26175015297440923,0.0661085929707211,0.2582637820169789,0.2860273336905148,0.11497386966846332,0.2738422200133446,0.2129404745581216,0.08249564161328865,0.25335253895608584,0.23227040425366394,0.05984591329859871,0.2715559869921385
2025-05-05,NYY,SDP,7.0,3.0,4.0,5.8,3.6,5.5,3.0,4.8,2.85,5.4,2.4,3.2,2.7,3.85,2.55,2025-05-05,Carlos Rod\xc3\xb3n,0.3164678879896271,0.114802386479405,0.2669700353670453,Nick Pivetta,0.2871367813473076,0.0614673046251993,0.2402688212133833,0.27072451194876823,0.06674961861174673,0.2547613665580417,0.2825167258368722,0.11404326565860655,0.26987300439203704,0.2882118733781137,0.05798136645962733,0.26773307549564446,0.2872770969705912,0.07258485839607962,0.28039658116322097
2025-05-06,NYY,SDP,15.0,12.0,3.0,3.4,3.8,5.3,3.3,4.55,2.85,4.8,2.2,3.4,3.0,3.95,2.65,2025-05-06,Clarke Schmidt,0.2350461133069828,0.1411067193675889,0.2992784992784993,Ryan Bergert,0.1944444444444444,0.0,0.037037037037037,0.25753769876195504,0.0898265416886698,0.2315290433257185,0.2788404237799946,0.11737829323319582,0.26851155347289946,0.30469538986163025,0.05798136645962733,0.26621504893017955,0.28789573971973415,0.07038531723256206,0.27678730060011264
2025-05-16,NYY,NYM,8.0,6.0,2.0,8.6,4.4,6.8,3.9,6.15,3.4,3.4,3.2,4.1,3.3,5.25,3.6,2025-05-16,Carlos Rod\xc3\xb3n,0.3104421021812326,0.0939203746691669,0.2771126512405581,Tylor Megill,0.2967935835141213,0.0973115842967101,0.244763950137316,0.24095076492135314,0.10291208791208786,0.2837220730294193,0.2755444107209423,0.11216880414372483,0.27613986024964104,0.21903400521047578,0.10276800813565519,0.21698080093425923,0.245442244706071,0.08626261812037915,0.24407031860743383
2025-05-17,NYY,NYM,5.0,2.0,3.0,7.8,4.4,7.1,4.1,6.25,3.5,2.8,3.2,3.9,3.4,5.1,3.85,2025-05-17,Clarke Schmidt,0.2279841897233201,0.1107509881422924,0.2639165653119141,Griffin Canning,0.2382210962188078,0.0927078565980167,0.2536004342077833,0.2595782159017453,0.10634346046110747,0.2914548057621521,0.2773034281243434,0.11229330993190222,0.2747779592488814,0.20812491430138488,0.11185891722656427,0.2284018994521319,0.2420081746216937,0.08636587307123941,0.24405193915489626
2025-05-18,NYY,NYM,10.0,8.0,2.0,6.8,2.8,7.1,4.1,6.15,3.35,2.2,3.2,3.7,3.2,5.05,3.7,2025-05-18,Max Fried,0.2301674613785224,0.0582139177324917,0.1973064949915165,David Peterson,0.2188980584632758,0.0806893106893106,0.2084117502238602,0.25188590820943757,0.0909588450764921,0.2919598562672026,0.2728505314309819,0.11150730475392832,0.273722287427189,0.2045534857299563,0.11453748865513569,0.21961069066092315,0.24140551244047673,0.08914673918459756,0.24185205227885814
2025-05-20,NYY,TEX,7.0,5.0,2.0,6.0,2.8,7.4,3.6,6.45,3.3,4.0,2.8,4.3,2.2,4.0,3.2,2025-05-20,Will Warren,0.2680860508345888,0.1032858737537099,0.2426763108039657,Patrick Corbin,0.184876269348319,0.0806854956577087,0.2028566198005765,0.26487292119645056,0.09290689702454405,0.28554959985694617,0.2728478518939447,0.11105951749643185,0.27139499132369943,0.22096134859292751,0.15220130746446534,0.21857623370781262,0.22777686834253683,0.0873735352679825,0.21472077991195102
2025-05-21,NYY,TEX,7.0,4.0,3.0,4.8,2.2,7.6,3.4,6.45,3.35,2.8,3.2,4.4,2.5,4.05,3.35,2025-05-21,Ryan Yarbrough,0.221529304029304,0.0959661172161172,0.2504505259466014,Jacob deGrom,0.270361509835194,0.0595029239766081,0.2896254138404502,0.27201577833930773,0.07862118273882976,0.2760487947039671,0.2731216058050158,0.11021630587796673,0.2719248063231164,0.19238992002149896,0.13434416460732249,0.2205086008575711,0.22749580263301972,0.0870413485213281,0.21296482163479988
2025-05-22,NYY,TEX,1.0,1.0,0.0,5.0,2.4,6.8,3.4,6.55,3.3,3.2,4.0,3.7,2.6,3.45,3.45,2025-05-22,Carlos Rod\xc3\xb3n,0.3032074157726331,0.1035759562498692,0.285115671830788,Nathan Eovaldi,0.280706286467156,0.0357872200263504,0.2690260242671252,0.273801492625022,0.08814499226263928,0.26235273466644365,0.2704077628269351,0.10990425982296942,0.26981661676049046,0.1852470628786418,0.14862987889303678,0.22325585360482383,0.22576848304575692,0.09109589825995988,0.2115340526801538
2025-06-03,NYY,CLE,5.0,3.0,2.0,3.6,6.2,4.4,4.0,5.6,3.7,4.8,4.8,4.1,3.8,3.55,3.75,2025-06-03,Carlos Rod\xc3\xb3n,0.3150271588315066,0.0938890544506486,0.2951103078490951,Tanner Bibee,0.1858254788689571,0.0795680406549971,0.2014200804557797,0.2604477008824834,0.040253643731904584,0.2571102536183672,0.2686905107675469,0.09789553291071686,0.2676258644946072,0.33664129686962496,0.07684511523907808,0.3315655592896972,0.2659721153653396,0.07966844650670209,0.2738287774922933
2025-06-04,NYY,CLE,4.0,0.0,4.0,3.6,6.2,4.6,4.2,5.25,3.7,4.2,3.6,3.8,4.0,3.35,3.9,2025-06-04,Clarke Schmidt,0.2378364389233954,0.1118059476755128,0.2690457306784369,Luis Ortiz,0.2548454444106618,0.1169714014575674,0.2667813878630899,0.23519517562995818,0.05136475484301569,0.23925311076122435,0.2660196734852344,0.098119525761571,0.2673271210285969,0.2921968524251806,0.08240067079463362,0.2915655592896972,0.26146411340999487,0.08114299261110827,0.26918761177208494
2025-06-05,NYY,CLE,4.0,4.0,0.0,3.4,7.0,4.4,4.3,4.9,3.35,3.6,2.8,3.5,4.0,3.5,3.55,2025-06-05,Max Fried,0.2354106370798024,0.0541119433160912,0.2060946322995749,Slade Cecconi,0.2587878787878788,0.0721212121212121,0.2942958008175399,0.2470999375347201,0.05136475484301569,0.2582576356481022,0.2663479170223853,0.09648420033221149,0.26799987413965876,0.2871968524251806,0.08240067079463362,0.289984531621713,0.2612730448531616,0.07979060940092313,0.2704982530251589
2025-06-06,NYY,BOS,15.0,9.0,6.0,3.2,5.4,3.5,4.2,4.5,3.25,5.0,4.6,4.9,4.3,4.6,4.3,2025-06-06,Will Warren,0.2820363290162107,0.11531378419727,0.2641456871064534,Walker Buehler,0.2189249639249638,0.0725020041686708,0.1795471406285712,0.22924279467757724,0.05136475484301569,0.22877045616092267,0.26607991838267403,0.09490249213004408,0.2663386740171506,0.2125852777392816,0.09558169969637029,0.22258156265713674,0.22079001351999472,0.08278143868642016,0.2514059709578529
2025-06-07,NYY,BOS,17.0,7.0,10.0,4.6,3.0,3.9,4.4,4.4,3.3,5.2,6.2,5.4,4.7,4.65,4.75,2025-06-07,Ryan Yarbrough,0.2485512350896966,0.0774830938292476,0.2761954300318566,Garrett Crochet,0.3045133498979652,0.0795306545306545,0.2659685989938913,0.24065583815583813,0.042669102669102656,0.23477045616092268,0.26783669389263093,0.09337180677310788,0.2691396631459063,0.23158980262615944,0.0973916544475015,0.22307784057276953,0.22212697189187644,0.08269131004390717,0.2510884826472587
2025-06-08,NYY,BOS,18.0,7.0,11.0,4.6,4.4,4.1,5.3,4.6,3.7,7.2,6.6,4.5,4.9,4.65,5.05,2025-06-08,Carlos Rod\xc3\xb3n,0.3144629395131067,0.0896253993745632,0.2908041637670577,Hunter Dobbins,0.1963455856984969,0.0504981589776911,0.2149497106040006,0.23369613119613114,0.04926250926250924,0.225952444903887,0.2673646072926723,0.09415728829825129,0.26835192555822446,0.26908980262615945,0.08905832111416816,0.26069688819181713,0.22633716928745407,0.08396366393213081,0.25449911891306504
2025-06-17,NYY,LAA,4.0,0.0,4.0,4.0,2.2,4.7,4.2,4.65,4.2,4.0,5.6,5.1,5.8,4.2,4.85,2025-06-17,Will Warren,0.2739844074205793,0.1146641072474678,0.2491378616756613,Kyle Hendricks,0.1400551204945107,0.0685519479946724,0.144846929984622,0.2280266955266955,0.10266955266955265,0.27964542296955647,0.26072030952971936,0.09599644431870726,0.26821286401044725,0.22210581085581085,0.0551190476190476,0.2514016701542277,0.22018262853993212,0.09239579607812966,0.2501743999263089
2025-06-18,NYY,LAA,5.0,2.0,3.0,2.0,2.6,4.7,4.2,4.55,4.25,3.4,4.8,4.8,5.2,3.9,4.6,2025-06-18,Ryan Yarbrough,0.2337444037444037,0.0827075702075701,0.270653643978547,Jack Kochanowicz,0.1574093854095488,0.0943527468862545,0.1817326585399888,0.20481240981240978,0.10266955266955265,0.26608020557825207,0.25908332110371135,0.09466316036983632,0.2687147384837321,0.22210581085581085,0.0551190476190476,0.2364016701542277,0.22129120314354417,0.09250141002148898,0.2501719777051102
2025-06-19,NYY,LAA,10.0,7.0,3.0,1.2,2.6,4.5,4.5,4.0,4.35,2.8,4.2,4.2,4.3,3.7,4.5,2025-06-19,Carlos Rod\xc3\xb3n,0.298797173840652,0.0923218107710861,0.2898723888544053,Tyler Anderson,0.1859210487005518,0.0792624146040295,0.2357138002223678,0.20205551758183335,0.10943646996278573,0.2663512082882792,0.2584181566473519,0.0962503268824341,0.2680778546993279,0.21972485847485848,0.053928571428571416,0.2390586749851456,0.22021676396153866,0.09221274099966818,0.24978910434233087
2025-06-20,NYY,BAL,8.0,3.0,5.0,2.4,3.2,4.3,4.2,4.1,4.3,5.8,4.6,5.1,3.8,4.4,3.45,2025-06-20,Max Fried,0.243760608429274,0.0548944929244779,0.22002888599284,Tomoyuki Sugano,0.139503950156124,0.0451923628476423,0.1574865386498447,0.21114642667274244,0.10034556087187665,0.27676787495494587,0.2586115230808643,0.09494964678942823,0.26867815396014777,0.3288444777522617,0.06594411607560272,0.28499114259333946,0.273201574025796,0.09795948261891718,0.25334415266287685
2025-06-21,NYY,BAL,9.0,9.0,0.0,2.4,3.4,3.9,3.7,4.0,4.5,4.6,4.8,5.3,3.6,4.45,3.3,2025-06-21,Clarke Schmidt,0.2410894946072811,0.0973464743425217,0.2594237629078363,Zach Eflin,0.156436015675146,0.0387968512968512,0.1779826399938189,0.2328247483510641,0.08985605038236615,0.2895748924988055,0.2592659335423502,0.09470929252454355,0.2682068896851235,0.335160267225946,0.0764704318650764,0.2879918927808863,0.2730676583019433,0.09805686495592811,0.25337708334055015
2025-06-22,NYY,BAL,6.0,4.0,2.0,4.2,3.0,4.1,2.6,4.3,4.4,4.4,5.2,4.3,4.4,4.35,3.7,2025-06-22,Will Warren,0.2862743358147629,0.1070198334309699,0.2528185259697477,Dean Kremer,0.177666011277758,0.0638773528643856,0.17949046505426,0.23199141501773077,0.10235605038236614,0.279911026952587,0.2574992765220562,0.09510785446501008,0.26622583927904997,0.31611264817832685,0.08599424138888592,0.27023290758004065,0.2726074948781708,0.09801977588069347,0.2524911547653838
2025-06-27,NYY,ATH,3.0,3.0,0.0,4.8,2.8,3.6,3.0,4.5,3.55,1.8,5.2,2.7,5.4,3.9,5.1,2025-06-27,Will Warren,0.2822710787152291,0.1049607234711639,0.2501752628334805,Sean Newcomb,0.1970063564265872,0.0892498958495656,0.1829249251322729,0.2534344164607322,0.0818672336435494,0.298816336984832,0.25973524343188414,0.09459691520496304,0.2709266732180902,0.2570468360142273,0.06603692201518288,0.2650442643599028,0.24065751509496422,0.10023860157863773,0.2624135800473328
2025-06-28,NYY,ATH,7.0,0.0,7.0,4.8,1.8,3.6,2.6,4.3,3.4,1.4,5.0,2.4,5.5,3.75,4.75,2025-06-28,Clarke Schmidt,0.2383598145011188,0.096178712591756,0.2478051159988499,JP Sears,0.179607005313527,0.0548240994322229,0.176046434356088,0.2575369805632963,0.07520056697688275,0.2900251281936233,0.26032730595361775,0.09342905205428448,0.270905736131827,0.21689532086271215,0.06603692201518288,0.2150442643599028,0.2399570468416692,0.09904528489317777,0.2599509845176688
2025-06-29,NYY,ATH,17.0,12.0,5.0,3.0,3.2,3.6,3.1,4.15,3.65,2.8,4.4,2.8,5.4,4.05,4.45,2025-06-29,Marcus Stroman,0.1425925925925925,0.1833333333333332,0.2080610021786492,Luis Severino,0.1573777885172187,0.0685681028264148,0.1427679478459243,0.25575126627758205,0.09395056697688275,0.2767332027277848,0.25867697295418335,0.0945762587365493,0.26969259997690925,0.22939532086271214,0.07020358868184953,0.22177153708717548,0.2400751992317672,0.09984083056110116,0.25956653443243416
2025-07-08,NYY,SEA,13.0,10.0,3.0,6.2,8.2,5.5,7.0,4.55,5.0,2.6,1.0,2.9,3.0,4.8,3.1,2025-07-08,Will Warren,0.2783150329320555,0.1127693203341563,0.2450388301209886,Logan Gilbert,0.3687495170733156,0.0524931894954778,0.3423230633080043,0.2027871715487814,0.11175964515360796,0.20769423896110548,0.2534076798893171,0.09650388519925691,0.2639008471895364,0.2898945437028601,0.09987186917207198,0.25565446510011725,0.22625031395567063,0.07769218026196636,0.22753813715579144
2025-07-12,NYY,CHC,7.0,2.0,5.0,8.4,5.0,7.0,6.7,5.9,4.95,4.4,4.8,4.9,4.3,5.6,5.35,2025-07-12,Max Fried,0.2368429585150172,0.0523080092882033,0.2218019549877834,Matthew Boyd,0.2377734298500888,0.0560553473139285,0.2021424095854414,0.23534886424205306,0.09676904364984858,0.2374735596871303,0.2545677967478638,0.09503691456047876,0.264741107028493,0.24228327228327226,0.08302661064425769,0.28181759199406253,0.2002166104270738,0.07648819655784501,0.19745342977377237
2025-07-13,NYY,CHC,5.0,1.0,4.0,7.6,3.6,6.8,6.7,5.9,5.05,3.2,5.2,5.4,4.3,5.5,5.05,2025-07-13,Will Warren,0.2728201913818558,0.1114107519870496,0.2378319500150475,Drew Pomeranz,0.2601190476190476,0.0726190476190476,0.1979308390022675,0.22534886424205308,0.07676904364984857,0.22238735279057859,0.25346708309788624,0.0945628417756316,0.2632701480071405,0.21609279609279602,0.06874089635854341,0.26515092532739587,0.19985585834362854,0.07566574283141657,0.1989145040055956
2025-07-25,NYY,PHI,17.0,5.0,12.0,5.2,5.4,5.2,4.9,5.7,6.1,4.4,4.2,4.5,3.7,4.45,3.2,2025-07-25,Will Warren,0.2620489562237955,0.1146890930676481,0.2352686512194714,Taijuan Walker,0.2020263248030876,0.084116292103139,0.1936509235078548,0.20021600962390435,0.06729269755585543,0.1702027342868437,0.24919975584119014,0.09314837045440019,0.2557072141959924,0.2436226551226551,0.07701948051948052,0.20062740637826448,0.23766197109455786,0.08207923827321098,0.22110065834595233
2025-07-26,NYY,PHI,13.0,4.0,9.0,3.8,6.0,4.8,5.5,5.95,6.35,6.4,5.0,5.6,3.9,5.0,3.35,2025-07-26,Marcus Stroman,0.1380821949471834,0.1122425629290617,0.1716303152691661,Ranger Suarez,0.2300052542786532,0.0724638365648217,0.1995629278593096,0.18342402967402965,0.06152828652828651,0.1580682313628671,0.2477049824372766,0.09270633819386279,0.25501307159521375,0.24838455988455985,0.07225757575757576,0.20182932945518756,0.23813773658584228,0.08126657254773365,0.22119638678578676
2025-07-27,NYY,PHI,7.0,4.0,3.0,3.8,7.4,4.1,6.4,5.55,6.55,7.2,4.6,6.2,3.9,4.8,3.55,2025-07-27,Carlos Rod\xc3\xb3n,0.2747172887056516,0.09256099141228,0.2843521457268797,Zack Wheeler,0.3343148956518521,0.0546115402311054,0.2830084333976033,0.17270974395974392,0.06867114367114366,0.15763344875417146,0.24669683013362145,0.09250174428265806,0.2544422937328852,0.26088455988455983,0.08475757575757574,0.2208769485028066,0.23825403328598108,0.08292082183648135,0.22229576861468425
2025-07-29,NYY,TBR,12.0,7.0,5.0,3.8,7.2,4.4,6.2,5.4,6.05,3.6,5.6,4.3,4.8,3.75,4.45,2025-07-29,Max Fried,0.2250719970610025,0.0607573075489117,0.2177590693790271,Joe Boyle,0.2411048454469507,0.0863199665831244,0.2865029173724825,0.16834570887202463,0.06893430156588048,0.1902400131190478,0.24717292436810792,0.09125295268248874,0.25556164886890675,0.2981373446814623,0.06109126984126982,0.3099767357033557,0.2490939769954668,0.07145375333598217,0.2653710704518358
2025-07-31,NYY,TBR,11.0,7.0,4.0,4.4,6.6,4.8,6.0,5.3,5.75,2.8,4.8,3.7,5.4,3.7,4.55,2025-07-31,Marcus Stroman,0.1458219205787855,0.123212242562929,0.1814265258605203,Ryan Pepiot,0.2327149954548755,0.0850850444236705,0.2267136531106173,0.1639180994444152,0.05950669213827107,0.2158226768968457,0.2457522136474864,0.09133075995604535,0.2566991302960199,0.30120649775061537,0.06386904761904759,0.30662122683314097,0.24915751913490727,0.07115934226597427,0.2654905950143091
2025-08-10,NYY,HOU,8.0,1.0,7.0,2.2,3.4,4.3,4.6,4.2,5.5,4.8,4.4,4.5,4.3,4.0,4.8,2025-08-10,Max Fried,0.2321671857223646,0.0639120666348356,0.2265093834468873,Jason Alexander,0.2428832144774173,0.0883582547350663,0.2743383996133876,0.2660949318998854,0.10844199488162334,0.31140466390466387,0.24745460164895203,0.09271916259888147,0.26084932387038434,0.24750337381916326,0.10541835357624829,0.2942058734616874,0.2847225260218488,0.08789109280516333,0.29896444623084595
2025-08-11,NYY,MIN,8.0,6.0,2.0,2.4,4.4,4.0,5.0,4.15,5.6,5.4,3.8,4.7,5.3,4.3,5.2,2025-08-11,Will Warren,0.255639753667738,0.1128491408053764,0.2302333760500998,Zebby Matthews,0.2944697323373794,0.0633948023653905,0.24386924054245,0.2779370371630433,0.11423146856583385,0.3200626725626725,0.248479741064059,0.09327149797382403,0.26206892201353277,0.17387437897499813,0.07261990847130162,0.2000561707403139,0.23684836616755559,0.06893206410288237,0.25247685959650734
2025-08-13,NYY,MIN,5.0,1.0,4.0,4.8,3.2,4.6,4.4,4.7,5.2,4.2,5.0,4.0,5.6,4.2,5.55,2025-08-13,Cam Schlittler,0.2183747412008281,0.1065734989648032,0.1989525559172346,Joe Ryan,0.2795215872576334,0.0481821178522999,0.2352500679906553,0.3273875866135928,0.10269300702737232,0.35247863894922715,0.2532669834748961,0.09171697300759364,0.2651941038455201,0.16945130205192122,0.08941478026617342,0.20063456151691444,0.23580008877488512,0.07016485397684481,0.25105508972156304
2025-08-21,NYY,BOS,9.0,3.0,6.0,7.6,4.4,6.2,3.8,5.3,4.95,3.2,4.2,5.1,4.4,5.65,3.8,2025-08-21,Luis Gil,0.2253588516746411,0.1353269537480063,0.2223726094693836,Lucas Giolito,0.1924559669699149,0.07548299165222,0.2010497378693132,0.3456516290726817,0.07912280701754384,0.34286920018390293,0.2550955398173614,0.09078865154162356,0.2661956784703698,0.15904202279202279,0.06019230769230768,0.21326859669601603,0.22357120276522718,0.08308471046480212,0.24981062016013514
2025-08-22,NYY,BOS,1.0,0.0,1.0,8.0,4.8,6.2,4.2,5.2,4.65,4.2,4.0,5.4,4.0,5.85,3.7,2025-08-22,Max Fried,0.22820919547996,0.062004229509177,0.2273690249279991,Brayan Bello,0.1798718150116581,0.0839464171362326,0.1844889020355197,0.3276806145799281,0.07216628527841341,0.31293927025397295,0.2537716105411549,0.09110082580199422,0.2649508944517693,0.15348646723646725,0.06574786324786323,0.21136383479125415,0.22267866235527387,0.0833071422159633,0.24994439830701237
2025-08-23,NYY,BOS,13.0,1.0,12.0,7.2,4.4,5.7,3.9,5.0,4.25,4.0,3.8,4.5,3.8,5.7,3.6,2025-08-23,Paul Blackburn,0.1486375251855127,0.0581048208757187,0.1720877179700708,Jordan Hicks,0.1842588936679822,0.112995309847918,0.2012558141571378,0.3062231247013856,0.06406911928651057,0.30446307977778253,0.25299094291072516,0.09099006213887767,0.2653809655888648,0.19515313390313388,0.04908119658119657,0.24784026159026157,0.22617463089315887,0.08265118046623131,0.25161049329308677
2025-08-24,NYY,BOS,9.0,7.0,2.0,5.0,5.2,5.7,4.4,4.85,4.7,5.0,3.0,5.5,3.3,6.1,3.5,2025-08-24,Carlos Rod\xc3\xb3n,0.2734239098058149,0.0985926211096318,0.2867797571402489,Walker Buehler,0.1675547682125711,0.1084568525138649,0.1758635117357919,0.2650802675585284,0.07206911928651058,0.2758253088799497,0.2522700828881614,0.09090486785873134,0.2647517373774456,0.20404202279202277,0.05352564102564102,0.24413655788655783,0.22614375270041717,0.08287352367439443,0.2522489529809012
2025-08-25,NYY,WSN,15.0,10.0,5.0,4.8,4.8,5.8,4.4,5.1,4.6,5.0,4.0,4.2,4.7,4.15,5.65,2025-08-25,Cam Schlittler,0.2507841809492675,0.1035838820654119,0.2143515407548826,Brad Lord,0.1996771241082263,0.0797755449452161,0.1991472105895183,0.2650802675585284,0.07206911928651058,0.28296816602280683,0.2541756976351755,0.09020559964443339,0.2665613393976191,0.27307109557109555,0.08524100899100898,0.2937728872587813,0.20234818634501528,0.09503748230884608,0.2234241243827839
2025-08-26,NYY,WSN,6.0,5.0,1.0,4.2,5.2,5.9,4.8,5.25,4.6,5.0,5.2,4.4,5.5,4.25,5.45,2025-08-26,Luis Gil,0.2002691387559808,0.153578548644338,0.197082487405068,MacKenzie Gore,0.2817993251020007,0.0863653307549628,0.2730011593598738,0.2717469342251951,0.08040245261984391,0.2896348326894735,0.2542710485438129,0.09053481898557005,0.2675799551274083,0.25738482106129157,0.09700571487336192,0.2693581715397178,0.20215064742814717,0.09521007449598105,0.22337807232144835
2025-08-27,NYY,WSN,13.0,11.0,2.0,4.6,4.2,6.3,4.5,5.15,4.45,3.4,5.6,4.3,5.4,3.95,4.9,2025-08-27,Max Fried,0.2306498674486795,0.064427143758824,0.2328381092535108,Cade Cavalli,0.1939885772122614,0.0622650375939849,0.2419894407020652,0.27841360089186173,0.06706911928651058,0.28357031656044124,0.2558801062568648,0.08984894914477028,0.2687297648515164,0.2616985465514877,0.10641747957924426,0.2708287597750119,0.201956101525171,0.09671695004569955,0.22357975359174043
2025-09-05,NYY,TOR,8.0,1.0,7.0,6.8,3.6,7.7,3.2,6.7,3.8,7.6,6.2,6.7,6.2,5.7,4.85,2025-09-05,Ryan Yarbrough,0.2285103785103784,0.080663347069597,0.26180230735892,Kevin Gausman,0.2407681271063468,0.0679474418331524,0.2413782226528136,0.32521155830753357,0.04693498452012382,0.3013945711811904,0.2592496876832011,0.08711484142126842,0.2690494273821599,0.20760694370988486,0.0905976784653255,0.27631475601055044,0.25912512863899245,0.08556985673217644,0.2816724370103831
2025-09-06,NYY,TOR,4.0,3.0,1.0,5.0,4.6,7.1,3.7,6.45,4.05,8.8,5.6,7.1,5.8,5.8,4.85,2025-09-06,Luis Gil,0.2204692809097843,0.1458639599657905,0.217201817000204,Chris Bassitt,0.2322472186750165,0.0682408243451269,0.2197689891283945,0.3157862709512117,0.04049820291092841,0.27991308969970896,0.2586338302748341,0.08698612281006356,0.2684546455226069,0.19649583259877373,0.11281990068754773,0.2746480893438838,0.25727423486299966,0.08733959585075614,0.2814462053174518
2025-09-07,NYY,TOR,7.0,4.0,3.0,5.2,4.2,6.4,3.3,6.15,4.05,7.4,5.4,6.2,5.7,5.8,4.8,2025-09-07,Max Fried,0.2287941861787974,0.0663989882784057,0.2326361915397787,Max Scherzer,0.2153919571011632,0.0541880000602056,0.2053194858340157,0.30245293761787834,0.048831536244261745,0.2671442724954079,0.2591598831132742,0.08696039894050911,0.2686181104602411,0.2298291659321071,0.11281990068754773,0.30170691287329554,0.25840467764174907,0.08790219918987607,0.28278763815416574
2025-09-09,NYY,DET,14.0,2.0,12.0,4.6,4.6,6.3,3.5,6.3,4.0,5.2,5.4,4.5,5.0,5.05,4.5,2025-09-09,Paul Blackburn,0.1812392500859992,0.0511996904024767,0.1821948304415097,Casey Mize,0.2094693932046143,0.0622169863800775,0.2098666896583413,0.31495293761787835,0.061331536244261756,0.28500141535255075,0.2582217021124821,0.08722641013672933,0.26848791388359605,0.20668790088329464,0.09846158119170592,0.24587092856324344,0.20588414885770037,0.07729278873303896,0.22100065827494245
2025-09-10,NYY,DET,12.0,1.0,11.0,3.6,5.4,5.4,4.5,6.2,4.45,6.6,3.4,5.7,4.5,5.6,4.6,2025-09-10,Carlos Rod\xc3\xb3n,0.260875354872925,0.1017476164180397,0.2789620488496767,Jack Flaherty,0.2741181267277358,0.0892725969986656,0.2531742752664503,0.26911960428454507,0.08216486957759508,0.26438738026483144,0.2572965514033676,0.08806743043670574,0.26808540278572024,0.22335456754996136,0.08735047008059481,0.2497924971906944,0.20754081757705276,0.07675603325572619,0.22178074629618127
2025-09-11,NYY,DET,12.0,9.0,3.0,2.2,6.8,4.5,5.2,5.65,4.6,7.6,3.2,6.3,4.3,5.8,4.65,2025-09-11,Ryan Yarbrough,0.2243565172357741,0.0759184443007972,0.2543512972281092,Tyler Holton,0.1783154121863799,0.0565156169994879,0.2245014683819237,0.26578627095121166,0.07549820291092842,0.26215066078673266,0.2562117476005858,0.08746006884748708,0.2667957178084469,0.23592141246974743,0.07959645938540766,0.25520375260194983,0.20854357867287027,0.07663236081542302,0.22271427809512384
2025-09-23,NYY,CHW,5.0,3.0,2.0,7.0,3.8,5.7,3.9,5.1,4.55,3.4,4.8,2.6,3.9,4.25,4.25,2025-09-23,Luis Gil,0.1801920809929963,0.144344089252556,0.1995738701711688,Tyler Gilbert,0.2688208616780045,0.0863662131519274,0.2404515127729413,0.313714969241285,0.07413419913419912,0.29349380191534297,0.2591712194702239,0.08696095587874847,0.2680789557780655,0.23933166248955723,0.0938847117794486,0.253875313283208,0.22835850207824598,0.09003429487444417,0.23218812182731666
2025-09-24,NYY,CHW,9.0,8.0,1.0,5.6,2.4,5.1,3.8,4.75,4.55,2.4,3.8,2.3,4.1,4.2,4.3,2025-09-24,Max Fried,0.2354794705365387,0.0648970656268619,0.2422535603761552,Tyler Alexander,0.1782633532879528,0.05440474025085,0.1483242997082066,0.2803816359079517,0.06580086580086579,0.297674403922032,0.25858201849695284,0.08640706444003032,0.26857624807345265,0.24857535996854882,0.0985065605189444,0.2650161332475574,0.22840267797358874,0.09021017235182688,0.2327699134829688
2025-09-25,NYY,CHW,8.0,5.0,3.0,5.2,1.6,5.5,3.8,5.05,4.45,2.4,4.8,2.4,4.5,3.95,4.45,2025-09-25,Carlos Rod\xc3\xb3n,0.2576097619254946,0.0960193961079455,0.2786938953680674,Tyler Gilbert,0.2780730897009967,0.0843576965669988,0.2464875241038031,0.26133401686033264,0.06580086580086579,0.295174403922032,0.2578495825751819,0.08586018428534659,0.2685641621151819,0.27210477173325465,0.10438891346012087,0.28200026023168434,0.22844629468038283,0.09001152271296572,0.23300454232067958
2025-09-26,NYY,BAL,12.0,8.0,4.0,4.8,2.2,5.5,3.8,4.95,4.55,3.8,3.8,3.6,4.6,3.55,4.55,2025-09-26,Will Warren,0.2353424377303453,0.0981449733920414,0.2224004530737727,Trevor Rogers,0.2466520190049601,0.0685498706086941,0.2421452759738037,0.25860674413305984,0.07489177489177488,0.30609394415191704,0.25794315295349696,0.08589193841505567,0.2686100609004041,0.31090080971659917,0.0691020821283979,0.31576110479760733,0.2522946738017404,0.09110582723022936,0.2548335539524669
2025-09-27,NYY,BAL,7.0,6.0,1.0,6.0,2.2,5.9,3.6,5.0,4.35,3.8,5.0,3.8,4.3,3.65,4.3,2025-09-27,Paul Blackburn,0.2070076276124484,0.0539181462058507,0.1849338895085852,Tomoyuki Sugano,0.1541952431503979,0.051773464260015,0.1676431721458496,0.28109478241057184,0.08302574618364092,0.34436980622088254,0.2583046924580639,0.08699985064206683,0.26994848939908694,0.27908262789841737,0.07819299121930699,0.2984678717149006,0.2518514254244854,0.0911045898948763,0.2543893839673306
2025-04-29,PHI,WSN,13.0,7.0,6.0,5.2,5.6,5.3,5.9,4.3,4.65,3.8,6.8,4.6,5.3,4.45,5.2,2025-04-29,Zack Wheeler,0.3426543209876543,0.0551851851851851,0.3017128742100994,MacKenzie Gore,0.3930617490400099,0.0590592981897329,0.3063127097235208,0.2401614196403199,0.0635766045548654,0.21412280550460347,0.23949223612169737,0.08081770561008536,0.21808128926090897,0.25365418894830655,0.12166369578134284,0.23517621418831092,0.2162385518470711,0.12147329569236262,0.22780185968659764
2025-04-30,PHI,WSN,9.0,7.0,2.0,4.4,4.8,5.6,5.5,4.4,4.9,4.8,7.8,4.0,4.9,4.45,5.35,2025-04-30,Cristopher S\xc3\xa1nchez,0.2807912087912087,0.085072927072927,0.3056126643460524,Jake Irvin,0.2144542038744937,0.0555667789001122,0.2078685753846565,0.2551614196403199,0.0635766045548654,0.22045764713356278,0.24502698660025954,0.07803088817525483,0.22070323263325084,0.255082760376878,0.10880655292419998,0.24047575335881785,0.21617345726169251,0.1198051382169029,0.2273513215065682
2025-05-01,PHI,WSN,6.0,2.0,4.0,5.0,4.2,5.7,5.3,4.6,4.95,4.2,8.4,3.9,5.4,4.15,5.6,2025-05-01,Taijuan Walker,0.1887700534759357,0.1042780748663101,0.1906992012255169,Brad Lord,0.0975274725274725,0.1553113553113553,0.1456486743031593,0.26766141964031986,0.03857660455486541,0.20092902760494322,0.25352608704691754,0.075429858569413,0.22198843352078448,0.22174942704354467,0.09769544181308887,0.23278344566651016,0.20920011993067017,0.11594045633893829,0.2249801870659097
2025-05-02,PHI,ARI,5.0,3.0,2.0,5.2,4.0,5.5,4.6,4.55,5.05,3.8,5.0,4.9,5.1,4.8,4.45,2025-05-02,Jes\xc3\xbas Luzardo,0.286233398452289,0.0714382960035133,0.2946189507407017,Merrill Kelly,0.188350900307422,0.0877689942907333,0.1890818201793811,0.28194713392603415,0.04571946169772255,0.2070182214299861,0.2499561211053119,0.07530078479067619,0.2192263432899087,0.2115087526852232,0.13285962403609458,0.22674859846288417,0.2552068846186493,0.08061118461972348,0.2477833681911677
2025-05-03,PHI,ARI,9.0,7.0,2.0,5.8,3.6,5.2,4.4,4.65,5.0,3.8,4.0,4.5,5.2,4.6,4.4,2025-05-03,Aaron Nola,0.2476627116844507,0.0780189255189254,0.2591928676616025,Brandon Pfaadt,0.195766411527281,0.0426014109347442,0.21588713219148,0.286795618774519,0.03905279503105589,0.20758802199978668,0.24782681050258912,0.07294763526596755,0.21718321236979138,0.20039764157411213,0.13563740181387235,0.24810125546771505,0.25244000280764983,0.0806962517670238,0.25226839880475893
2025-05-12,PHI,STL,5.0,2.0,3.0,5.0,2.2,5.1,2.7,5.2,4.3,5.4,0.8,4.8,3.4,4.75,3.7,2025-05-12,Cristopher S\xc3\xa1nchez,0.2702997623494517,0.0988804363338524,0.2885228514836748,Matthew Liberatore,0.2298711755233494,0.0395622895622895,0.2183183827579116,0.2995310245310245,0.06365079365079365,0.20939800361062288,0.2650273214179443,0.07248509233975817,0.2188408260432441,0.18336263007618503,0.09800795680591075,0.2124776057276057,0.18263126501493673,0.08426327175652396,0.21582568597169577
2025-05-14,PHI,STL,3.0,2.0,1.0,3.8,2.0,4.6,2.4,5.1,3.95,5.6,1.0,5.0,2.7,4.7,3.45,2025-05-14,Taijuan Walker,0.2462643239113827,0.0916271963330786,0.1808997054992478,Sonny Gray,0.2527184660560619,0.0577092623560014,0.2330112317164388,0.3052453102453102,0.05650793650793651,0.21451163997425926,0.26344128918823834,0.07071716325830064,0.21807641565194544,0.19746519417874914,0.0813412901392441,0.23218914418914416,0.18568153434853116,0.08220807000636483,0.21994250788983455
2025-05-17,PHI,PIT,7.0,5.0,2.0,4.4,4.4,5.1,3.5,5.15,3.95,3.2,3.4,2.3,3.6,2.5,4.4,2025-05-17,Zack Wheeler,0.3344650205761316,0.0497942386831275,0.2839810346934706,Joey Wentz,0.1538690476190476,0.0919146825396825,0.1917857004742016,0.3206825396825397,0.10272222222222223,0.26080095025747196,0.26502483765267665,0.07964553849068924,0.22529901934667207,0.1939348370927318,0.09305764411027566,0.20756962856962854,0.20133730240036604,0.08687557753912577,0.2540909644838323
2025-05-29,PHI,ATL,9.0,5.0,4.0,4.2,2.6,5.1,2.6,4.85,2.95,2.8,3.0,4.3,3.5,3.65,3.4,2025-05-29,Zack Wheeler,0.3287181337181337,0.0523424723424723,0.2708453363633034,Chris Sale,0.2935641287419943,0.0609071063616517,0.2943241370444895,0.27928189457601216,0.06906417112299465,0.28437132863436965,0.26766503337922026,0.07768602601519024,0.2362383358814309,0.15539529914529915,0.11047008547008548,0.2543044764272385,0.24198182721811756,0.09072696556037274,0.2595594367726969
2025-05-30,PHI,MIL,8.0,2.0,6.0,3.6,4.2,4.6,3.3,4.75,3.4,4.6,3.2,4.2,3.7,3.35,3.6,2025-05-30,Taijuan Walker,0.2170737702195502,0.0888639408332502,0.162496687477618,Quinn Priester,0.1612124352567211,0.1211471513833876,0.2084284493343456,0.20575717368287022,0.08769256027769957,0.22375893367638647,0.2620216080016416,0.08164711405850737,0.23323811470199204,0.22504901960784313,0.07469327731092436,0.20049246857252415,0.24256468851076812,0.09131091386431472,0.22408716662500103
2025-05-31,PHI,MIL,24.0,7.0,17.0,3.2,4.8,4.7,3.9,4.45,3.5,4.8,3.2,3.9,3.4,3.55,3.4,2025-05-31,Jes\xc3\xbas Luzardo,0.2828089918428327,0.0720321108144644,0.2838022607518498,Tyler Alexander,0.1835917692782681,0.0550388652791398,0.1163277123203593,0.2161919562915659,0.10073603853856912,0.229630659060307,0.2627641732312085,0.0825030380681598,0.23342520811115694,0.20446078431372552,0.06292857142857142,0.1957409428532565,0.2383825387088583,0.08973658776320584,0.22301949413426242
2025-06-01,PHI,MIL,7.0,2.0,5.0,3.8,7.2,4.5,5.3,4.45,4.35,6.6,3.6,5.6,3.8,4.2,3.75,2025-06-01,Ranger Suarez,0.2474415814070986,0.0792427687255273,0.1991515837104072,Jose Quintana,0.1734464207290293,0.0788592446201141,0.156799504045526,0.21976338486299446,0.10073603853856912,0.23246290306902156,0.26008104709175417,0.08108057189457084,0.23244323190640068,0.18345238095238095,0.06292857142857142,0.18502665713897076,0.23676346420289704,0.08821562864857524,0.22166081021431122
2025-06-10,PHI,CHC,12.0,4.0,8.0,1.6,4.0,3.0,6.0,3.9,4.3,2.8,2.2,3.5,2.4,5.75,3.15,2025-06-10,Taijuan Walker,0.2155831054424404,0.1041479556249377,0.1791558755231523,Colin Rea,0.165941099962839,0.057870651892391,0.1751401494804629,0.19545688996292637,0.12414772186965035,0.21328868891094094,0.25193604466244235,0.08808660009049873,0.23021547443062068,0.17338179364495152,0.04505827505827505,0.1570715946635064,0.19282786324988965,0.08058496932019928,0.1873647490664031
2025-06-11,PHI,CHC,9.0,7.0,2.0,2.2,5.2,3.1,5.9,3.85,4.6,4.4,2.6,4.1,2.7,5.5,3.2,2025-06-11,Jes\xc3\xbas Luzardo,0.2612248511431178,0.0795307009753012,0.2651708995128595,Drew Pomeranz,0.2833333333333333,0.046078431372549,0.2337068160597572,0.1816887740208974,0.11943757694211413,0.20794606405612096,0.25066336737892325,0.08801565581054104,0.22962235078950977,0.16479593505909296,0.03243201243201242,0.15091543850735026,0.19413478501185719,0.08019990141612783,0.18780861779178484
2025-06-13,PHI,TOR,8.0,8.0,0.0,3.4,3.8,3.6,5.5,4.15,4.7,5.8,5.0,5.9,4.6,5.25,3.75,2025-06-13,Taijuan Walker,0.2143844050237911,0.0961365744230194,0.1910156799700894,Kevin Gausman,0.236242975577539,0.0616577720525088,0.2295168406985533,0.17866679599891938,0.12712988463442182,0.20629900523259154,0.2481083631075138,0.08785252965043128,0.22859849268966403,0.2928052503052503,0.05987484737484735,0.2906814947066663,0.27669733329481394,0.07274140726479729,0.29807145867045715
2025-06-14,PHI,TOR,5.0,3.0,2.0,4.2,2.8,3.7,3.8,4.1,4.55,4.6,5.8,5.1,4.7,5.1,4.15,2025-06-14,Cristopher S\xc3\xa1nchez,0.2636616616382502,0.0956351675080771,0.2828021305190219,Bowden Francis,0.1803111175678142,0.0905662333458806,0.2122759183199676,0.16670098403310743,0.13396749147202866,0.20629900523259154,0.24612289568727608,0.08979991649929782,0.2273558644312217,0.2726663614163614,0.06056929181929179,0.28298918701435866,0.2754046183195268,0.07259298107255385,0.2965386504623011
2025-06-15,PHI,TOR,15.0,11.0,4.0,4.6,2.8,3.8,3.5,3.9,4.45,4.0,5.6,4.5,4.6,4.5,4.3,2025-06-15,Zack Wheeler,0.3207882536143405,0.0604547787156482,0.2716025990550488,Jos\xc3\xa9 Berr\xc3\xados,0.2105185273663534,0.0902816357785301,0.2151083180671014,0.17276159009371347,0.11578567329021046,0.20058471951830584,0.24736875908221972,0.08851706054930784,0.22614873983730627,0.25520604395604396,0.06453754578754577,0.2772553402022063,0.27305756821654936,0.07314324007310469,0.2947414084173693
2025-06-21,PHI,NYM,15.0,4.0,11.0,4.8,3.0,5.7,3.1,4.35,4.55,1.4,7.8,4.2,5.5,4.45,4.3,2025-06-21,Taijuan Walker,0.2106456624151636,0.0781109667187032,0.2043073828328404,Griffin Canning,0.2072140331064815,0.1153115814663705,0.2241776178125897,0.17359333476980535,0.068415930474754,0.17423422936426028,0.24162779336077952,0.08549835408842706,0.22284952113241532,0.1783021368522445,0.09540136403358233,0.2209696934329287,0.24452779416227652,0.08862602292811214,0.24878311136302286
2025-06-22,PHI,NYM,8.0,7.0,1.0,4.6,4.8,5.7,3.4,4.4,4.65,2.8,7.0,4.5,5.8,4.85,4.45,2025-06-22,Jes\xc3\xbas Luzardo,0.26649148934819,0.0800377186230388,0.2688101338170682,David Peterson,0.2055957795293599,0.0751832691118405,0.2184728262484392,0.17359333476980535,0.07008259714142065,0.18018661031664124,0.24065427223488198,0.08568668715221373,0.22320212475407228,0.1839412345966054,0.0901382061388455,0.22011499257822784,0.24412987205863756,0.08745989104747909,0.24905215949286164
2025-07-02,PHI,SDP,10.0,4.0,6.0,4.2,1.8,4.2,2.6,4.5,2.85,2.0,3.8,3.3,4.1,4.0,4.15,2025-07-02,Taijuan Walker,0.2073023172085405,0.0817776494289708,0.2077008386123565,Nick Pivetta,0.2763500060675403,0.067063214483838,0.2308587195158863,0.2,0.050277777777777775,0.22416007608198277,0.2380044583774813,0.08236061986468511,0.2234468139023319,0.2557010909627009,0.04198024472947072,0.2679261619679077,0.25834322197614207,0.08391698767310656,0.25642283220495116
2025-07-04,PHI,CIN,15.0,6.0,9.0,3.2,2.8,3.7,2.0,4.7,2.7,4.8,6.0,4.4,4.6,5.3,4.85,2025-07-04,Jes\xc3\xbas Luzardo,0.2701992254692043,0.0807451310953496,0.2763101529969439,Andrew Abbott,0.2440309981244715,0.0738607872224698,0.218904666492929,0.22823754789272027,0.07629310344827586,0.2216954791320917,0.23922706254038065,0.08460696488739328,0.2230289470963734,0.2162708241191213,0.11576213818860874,0.2049519353195824,0.20819813648708518,0.09202309607817627,0.2145812048759834
2025-07-05,PHI,CIN,6.0,5.0,1.0,4.2,3.4,3.6,2.8,4.65,3.05,5.8,6.0,5.2,4.6,5.1,5.1,2025-07-05,Ranger Suarez,0.2377207913414809,0.0602359645463093,0.2007567340441508,Nick Lodolo,0.2151116111484116,0.0501944468336534,0.2107963122862384,0.23400677866195102,0.08398541114058354,0.22029966656977865,0.24000507668983434,0.08451964797870787,0.22434660736627207,0.2322708241191213,0.10947642390289447,0.22410087148979513,0.20763769303956095,0.09188329263540677,0.21431269507163625
2025-07-19,PHI,LAA,14.0,9.0,5.0,5.2,3.2,4.4,3.4,4.05,2.7,5.4,6.2,5.2,6.1,5.6,5.55,2025-07-19,Taijuan Walker,0.202127641043242,0.0858221067082959,0.2003922932126593,Yusei Kikuchi,0.2309546974764365,0.0955730371840211,0.2183884709327162,0.2102533577533577,0.080509768009768,0.20716027385074676,0.23407128723023174,0.08274668128206951,0.22044397016554115,0.20832850020350016,0.0724503968253968,0.2018019038247984,0.22675961547318266,0.08899750915205948,0.24786357534803125
2025-07-20,PHI,LAA,10.0,2.0,8.0,4.4,4.2,4.7,3.0,4.15,2.9,5.6,5.8,5.2,6.9,5.7,5.9,2025-07-20,Ranger Suarez,0.2358636466196147,0.0662036583124115,0.2095471960130669,Jos\xc3\xa9 Soriano,0.2003262845474633,0.1151191603300417,0.25518939418525,0.2102533577533577,0.05828754578754578,0.20222606332443097,0.23624008266542984,0.08189362271215127,0.2208843199033896,0.1980720899470899,0.09467261904761903,0.20886072735421016,0.22614642211801414,0.0903569449997142,0.2480554436267928
2025-08-01,PHI,DET,9.0,5.0,4.0,4.6,5.2,5.5,5.1,4.95,4.0,7.0,3.0,4.7,4.9,3.85,5.05,2025-08-01,Ranger Suarez,0.2351843911728969,0.0701970166912695,0.2061168886970578,Jack Flaherty,0.2955961030403851,0.097695263369359,0.2637088233928001,0.22894011544011544,0.07503535353535354,0.23997362796713312,0.23358721441984343,0.08201919753237932,0.22228639071286116,0.20152217665375555,0.0692099567099567,0.23335811300804904,0.20460101163796174,0.06969694609238197,0.2103946859057279
2025-08-02,PHI,DET,12.0,5.0,7.0,3.8,5.2,5.5,4.9,4.95,4.15,7.6,2.8,5.1,5.1,4.0,5.3,2025-08-02,Zack Wheeler,0.3330471533680643,0.0556739943592945,0.2879963699996611,Tarik Skubal,0.3364809005145979,0.0375499559868089,0.3074264314054563,0.18449567099567102,0.07503535353535354,0.22615783849344892,0.2314041563411533,0.08125266297600195,0.22137717210806807,0.1967602718918508,0.07635281385281383,0.23335811300804904,0.20533840503865558,0.06971268814089278,0.2115123099732516
2025-08-03,PHI,DET,2.0,2.0,0.0,4.2,5.8,5.1,5.1,4.9,4.05,7.0,3.0,5.3,4.8,4.1,5.5,2025-08-03,Cristopher S\xc3\xa1nchez,0.259786073066829,0.0673073439019037,0.2773983259070358,Charlie Morton,0.2165492762608143,0.0960712982575868,0.2220992153753568,0.19078937728937728,0.08132905982905982,0.22995094194172477,0.2306860266884218,0.08192482492850335,0.2206045226856115,0.20628408141566035,0.06206709956709955,0.22481469564110226,0.20649151250076977,0.06908464590538925,0.21175179581218845
2025-08-04,PHI,BAL,16.0,13.0,3.0,4.2,4.6,5.1,4.3,4.75,4.0,3.6,4.0,7.3,3.5,5.1,4.7,2025-08-04,Jes\xc3\xbas Luzardo,0.2700877252963453,0.0895898750877712,0.2735790797864055,Cade Povich,0.2397222342874516,0.0801766349592436,0.2078837878673928,0.18412271062271063,0.0679957264957265,0.22832050715911606,0.23162774509800818,0.08117322103007671,0.22202099495455085,0.2679154179154179,0.09179847929847927,0.2651829948168621,0.2569243967187293,0.0958854629543766,0.24922214995323197
2025-08-05,PHI,BAL,5.0,5.0,0.0,5.6,4.6,6.0,4.5,5.25,4.1,3.6,6.2,7.1,4.2,5.0,5.25,2025-08-05,Taijuan Walker,0.1901298958031972,0.0768018319202573,0.1836646211554765,Dean Kremer,0.1948205128166642,0.064180752235152,0.1903704882958904,0.2081227106227106,0.07399572649572649,0.2501987321333163,0.23497658377893535,0.08134437356616693,0.22374593778116722,0.2352356793533264,0.09768083223965575,0.25198855037241763,0.2556808490589507,0.09555455283346041,0.24978713075722098
2025-08-06,PHI,BAL,6.0,1.0,5.0,6.0,2.8,5.3,4.0,5.45,3.95,2.0,5.4,5.3,4.7,5.0,5.2,2025-08-06,Ranger Suarez,0.2329853667245908,0.0658097031480651,0.2039053148608087,Trevor Rogers,0.2312294701183589,0.0694897694897694,0.2385647290672726,0.23955128205128204,0.07399572649572649,0.26997895191353605,0.23826508302417018,0.08061154137187714,0.2255912124729714,0.22728113389878093,0.08858992314874665,0.24316502096065293,0.2567367707486945,0.09470893732165989,0.25122056062558495
2025-08-18,PHI,SEA,19.0,12.0,7.0,3.8,4.8,4.0,3.6,4.25,3.85,4.2,5.6,4.6,4.3,4.45,3.65,2025-08-18,Ranger Suarez,0.2190028656599537,0.0624657678776452,0.193090942511699,Logan Gilbert,0.3468745567709089,0.0622330704697106,0.3152771438639139,0.24438973063973063,0.037794612794612784,0.1977269027269027,0.23783870100065735,0.07644120672315155,0.22271917840668037,0.30050586668233725,0.05268424386071444,0.29807705048990657,0.231266293672954,0.07675327203481733,0.2242681720846839
2025-08-19,PHI,SEA,10.0,6.0,4.0,6.2,4.6,4.3,4.2,4.7,4.0,5.0,7.2,4.5,4.9,4.6,4.15,2025-08-19,Cristopher S\xc3\xa1nchez,0.2555488882040324,0.0635999382925919,0.2721735537491097,Bryce Miller,0.1863910500889905,0.1069467327739638,0.2009012344018672,0.24182562807562805,0.037153587153587145,0.19499962999962997,0.23840661650221548,0.07644512436705339,0.22312574827920548,0.2865198526963233,0.058744849921320494,0.28273660750385243,0.23015234761927256,0.07662511956316052,0.22368622941914207
2025-08-22,PHI,WSN,9.0,4.0,5.0,8.0,4.8,5.3,4.4,5.15,3.85,5.2,5.2,4.8,5.6,4.2,6.65,2025-08-22,Taijuan Walker,0.1825352652462626,0.0723275464707689,0.1827696941994401,Cade Cavalli,0.2110323886639676,0.0592105263157894,0.2546253767183999,0.2738332038332038,0.06366873866873865,0.23444407444407442,0.24010726215333153,0.07734321449839265,0.2258224029734049,0.21754314526053653,0.1044128516411125,0.25247095489163157,0.19846664743977943,0.09484526685532425,0.22146023763325784
2025-08-23,PHI,WSN,10.0,6.0,4.0,8.8,5.4,5.3,4.8,5.2,3.65,5.8,6.0,4.9,5.3,4.4,6.4,2025-08-23,Aaron Nola,0.2401193661411052,0.0706881669055581,0.238834485165726,Mitchell Parker,0.1451821409695182,0.09348393573078,0.1808807530414762,0.2687826987826988,0.060133385133385106,0.24162356162356158,0.23996531739197355,0.0771702965702749,0.22565816330796679,0.2561145738319651,0.08298428021254108,0.2743042882249649,0.20160362675665613,0.09410428820801703,0.22331080869341466
2025-08-24,PHI,WSN,5.0,3.0,2.0,7.8,4.4,5.8,4.6,5.25,3.65,4.8,5.0,4.8,5.1,4.15,5.9,2025-08-24,Ranger Suarez,0.2285290306252193,0.0591780958840849,0.1984785005613225,Jake Irvin,0.1511343633949233,0.0794004591774684,0.1599995170949772,0.2991398416398416,0.060133385133385106,0.2707539964061703,0.24145040488157554,0.07656265643980029,0.22696246397346378,0.2527812404986317,0.07965094687920773,0.2798598437805205,0.20133279760867173,0.09466678726583601,0.22330237003859923
2025-08-28,PHI,ATL,23.0,19.0,4.0,3.4,6.2,6.1,5.8,4.55,4.5,6.0,3.4,6.3,5.6,6.3,4.9,2025-08-28,Aaron Nola,0.240108514673732,0.0678983335505074,0.2462131683324782,Cal Quantrill,0.1722578426225215,0.0655617264505136,0.1828371434805209,0.2726131081394239,0.09457365246838928,0.26774882733396976,0.240895171131979,0.0781261580753538,0.2265844379563972,0.19626293995859212,0.06387422360248446,0.21989153005777046,0.2453871356833659,0.07364221718675681,0.25936340125079804
2025-08-29,PHI,ATL,3.0,2.0,1.0,6.0,6.2,6.9,5.3,5.45,4.45,6.4,5.4,6.2,7.1,6.1,5.55,2025-08-29,Ranger Suarez,0.240019245760625,0.0562191910898807,0.2029990199777008,Bryce Elder,0.1809980888303238,0.0877140318431553,0.1962633226983868,0.27227640780272355,0.09086994876468558,0.2664667760519185,0.24044761818263208,0.07753429324144959,0.22603339034950143,0.18486863711001641,0.06897167487684727,0.20312476329100365,0.24431992621102527,0.07412559175289217,0.25838795935890957
2025-08-31,PHI,ATL,4.0,1.0,3.0,5.8,6.0,5.9,4.7,5.1,4.45,5.8,5.2,5.4,6.0,6.1,5.4,2025-08-31,Jes\xc3\xbas Luzardo,0.2767580836591492,0.0844630022761028,0.2790197129317071,Hurston Waldrep,0.2154150197628458,0.0624835309617918,0.2263828224136779,0.25908293460925036,0.07166248955722637,0.2413104508955933,0.24020574961636032,0.07687457742192547,0.22530526030322046,0.18486863711001641,0.07075738916256155,0.20050396067020104,0.2434781495264175,0.07454859885919854,0.2586307269947002
2025-09-08,PHI,NYM,1.0,1.0,0.0,4.4,3.2,5.4,3.8,5.75,4.6,4.8,4.8,6.6,6.4,6.85,5.15,2025-09-08,Aaron Nola,0.2352200252367476,0.0734780771068396,0.2400192010432325,Nolan McLean,0.2903391053391053,0.0817099567099566,0.2509427903300177,0.2306204906204906,0.08218975468975467,0.19278690664247575,0.24016647038648337,0.07841435641680065,0.22418744991994888,0.21474106243287822,0.09542710628388376,0.2200347647639691,0.2368717694133258,0.08717644380233706,0.24050044797471715
2025-09-09,PHI,NYM,12.0,9.0,3.0,4.0,2.0,5.5,3.2,5.8,4.5,2.4,4.0,6.2,5.8,6.5,5.05,2025-09-09,Ranger Suarez,0.2294246107705287,0.056721003757599,0.2010329771633286,Sean Manaea,0.3081468220312613,0.0469195964218847,0.2432572567631196,0.24577200577200572,0.09052308802308799,0.21073562459119372,0.24082257505512317,0.07844899709931145,0.22495608290173327,0.2355743957662116,0.08431599517277263,0.2659550683692822,0.23783770109575011,0.08656681832120185,0.24293216018550687
2025-09-10,PHI,NYM,14.0,11.0,3.0,5.4,2.6,4.5,3.1,5.7,4.2,2.6,4.6,4.6,5.8,6.25,5.45,2025-09-10,Cristopher S\xc3\xa1nchez,0.2578086929416737,0.0624507407587295,0.2769413487560574,Clay Holmes,0.1830641981152768,0.0941955467437651,0.2025495400398542,0.23160533910533906,0.08385642135642134,0.20814303199860115,0.2400126269778146,0.07790040271400157,0.22501466507258364,0.2350396364079228,0.07977054062731812,0.2600486356207442,0.23741154058977473,0.08596565986063794,0.24247969919656429
2025-09-11,PHI,NYM,10.0,6.0,4.0,5.8,2.6,5.4,3.3,5.65,4.0,2.2,6.0,4.1,5.8,6.2,5.75,2025-09-11,Jes\xc3\xbas Luzardo,0.278776151468148,0.0854422577989826,0.2783446133661252,David Peterson,0.2076855602864335,0.0894787140770848,0.2213840212534629,0.2321735209235209,0.09635642135642133,0.2296537052334123,0.23964795595713534,0.0782274832507099,0.2256072356455949,0.2333315618737613,0.0769755095714175,0.25057773614984474,0.2378731701449277,0.08567264331587192,0.24258082442378012
2025-09-12,PHI,KCR,10.0,8.0,2.0,6.2,3.0,5.9,3.4,5.65,4.0,1.8,4.6,3.0,3.8,3.8,4.2,2025-09-12,Walker Buehler,0.1689654304641984,0.1080891632741316,0.1806396323435525,Michael Lorenzen,0.2060050746010081,0.0630324667660699,0.2166666921755256,0.31074494949494946,0.08207070707070706,0.25901878459849165,0.24489176315743097,0.07768798336622225,0.22799221037513265,0.2612875849640556,0.10771468727351077,0.2274056681558556,0.21793448148492778,0.07382459232736183,0.20816774831983262
2025-09-13,PHI,KCR,14.0,8.0,6.0,7.0,2.4,5.7,2.8,5.5,4.0,2.0,5.2,3.1,4.1,3.6,4.4,2025-09-13,Taijuan Walker,0.1759882351710996,0.0751838736079997,0.1756111863754955,Ryan Bergert,0.2111897125531755,0.0850795029475425,0.1690555616648353,0.3113401875901876,0.06838023088023086,0.24965185953389218,0.24468213268570688,0.07764511068171778,0.22738191365262417,0.26091164511443143,0.11824100306298443,0.22648991724010475,0.21788442631130983,0.07403701506768194,0.20814721086583512
2025-09-14,PHI,KCR,13.0,3.0,10.0,8.4,3.6,6.2,2.8,5.7,4.05,2.8,4.8,3.4,4.5,3.65,4.45,2025-09-14,Aaron Nola,0.2411458675899669,0.0747231495212861,0.2371606866830016,Noah Cameron,0.1990303119648221,0.0740240687881528,0.2371139730874178,0.30786796536796535,0.052408008658008653,0.24833607006020797,0.24429313858580412,0.07754208271789657,0.2275357781855995,0.25826458629090204,0.11735865012180799,0.23284936424471306,0.21742882613472386,0.07387569281890553,0.20847604070662054
2025-09-24,PHI,MIA,12.0,11.0,1.0,4.4,5.2,5.8,5.1,5.15,4.1,6.2,4.2,5.7,3.5,5.3,5.6,2025-09-24,Jes\xc3\xbas Luzardo,0.2792237730324149,0.0810819278027349,0.2805429157717684,Ryan Weathers,0.1965195623090359,0.0647879897879897,0.2589595791723451,0.18237327387095187,0.09401721214801707,0.15606421356421357,0.24085831223572263,0.07874148199730578,0.22335169445184755,0.18375314629184594,0.08707327702683738,0.26553443632391,0.2233386760490209,0.08319416143631143,0.23188606976493814
2025-09-25,PHI,MIA,1.0,1.0,0.0,4.8,4.2,5.8,4.9,5.6,4.1,5.2,5.4,5.3,3.9,4.9,5.2,2025-09-25,Taijuan Walker,0.1725372796516498,0.0735796882707848,0.1798069086484484,Janson Junk,0.1786034633431658,0.0293308503091111,0.1728462792128158,0.16094470244238046,0.08687435500515993,0.155508658008658,0.23931434869575005,0.07823672890757946,0.22277465367544685,0.17917798289315312,0.07073340774579163,0.25858654550505145,0.22304204258184543,0.08303991692982696,0.23143926123845524
2025-09-26,PHI,MIN,4.0,3.0,1.0,5.0,3.2,5.3,4.5,5.6,3.95,3.2,3.0,3.9,4.7,4.4,5.45,2025-09-26,Aaron Nola,0.2334385315771185,0.0729949353183048,0.2398816722761978,Michael King,0.228313492063492,0.0705555555555555,0.1716398225957049,0.16719470244238047,0.09312435500515993,0.15743173493173493,0.2393824101690255,0.07853458413746749,0.22307055250063998,0.2565716529846965,0.057234848484848465,0.23823387123627432,0.2308230845800745,0.0730334453146857,0.24033099905032515
2025-09-27,PHI,MIN,5.0,0.0,5.0,4.0,3.0,4.8,4.4,5.25,3.6,3.4,2.0,3.3,5.0,4.3,5.4,2025-09-27,Ranger Suarez,0.2362526318370396,0.0606104540026578,0.2021687083469864,Mick Abel,0.189666791756575,0.1116830065359477,0.2250331719002219,0.19608359133126935,0.07645768833849327,0.1790984015984016,0.2403989771932722,0.07803752980748352,0.22429584436245026,0.2523758487888922,0.046745337995337984,0.26490053790294105,0.23082274587686166,0.07305790840656239,0.24144002840640275
2025-04-29,PIT,CHC,9.0,0.0,9.0,3.0,4.2,3.8,3.8,3.8,4.4,6.8,5.8,6.0,4.8,6.85,4.45,2025-04-29,Andrew Heaney,0.2648194156889809,0.0490844260409477,0.2389675440838231,Shota Imanaga,0.2079574338704773,0.0673529948312556,0.2332002376708259,0.2246796950525581,0.09109831658896134,0.32450384385729214,0.20678093898459332,0.09412154580241201,0.27570207979627576,0.20858508633646605,0.12023131667094514,0.2206360552156444,0.18622777422937453,0.09397322561753245,0.2096930132741626
2025-05-01,PIT,CHC,11.0,3.0,8.0,2.6,5.8,3.5,4.9,3.6,4.45,5.4,4.0,5.6,4.9,6.25,4.0,2025-05-01,Joey Wentz,0.1805194805194805,0.0803030303030303,0.223108976177418,Colin Rea,0.1937499999999999,0.0270833333333333,0.194115890083632,0.20081496075304123,0.09192647393885782,0.29208626143970967,0.20060869202501383,0.09112138462929173,0.2674268422246384,0.22721145996283965,0.10554267198230043,0.23721530929489848,0.19089111075466966,0.09474253454930297,0.20813231836304358
2025-05-02,PIT,SDP,13.0,4.0,9.0,2.6,7.4,3.1,4.7,3.55,4.35,3.0,3.2,2.6,3.3,3.95,3.35,2025-05-02,Mitch Keller,0.1739350021958717,0.0742497438149611,0.165523642551436,Dylan Cease,0.2679329334535283,0.0827886993504842,0.2782429330024769,0.16445132438940485,0.07374465575703965,0.2728757351239202,0.19433967039923214,0.08827384135962636,0.26400396393143427,0.27090497737556557,0.044915084915084905,0.24186875836116606,0.2934072114498078,0.06847444644604886,0.27907676936237197
2025-05-03,PIT,SDP,3.0,1.0,2.0,2.6,7.6,3.5,5.3,3.35,4.6,4.8,3.8,3.3,3.4,4.0,3.2,2025-05-03,Bailey Falter,0.1794647424187065,0.0704451345755693,0.1936394649809284,Randy V\xc3\xa1squez,0.0798079135035656,0.1595410628019323,0.1329004478862163,0.17247137451471817,0.08326846528084916,0.27263003487821996,0.1956655966930505,0.0884848793559436,0.2641938520023081,0.2926441078103482,0.04451982799808885,0.24414148563389332,0.29087334787974173,0.06909051562248493,0.27810754371695956
2025-05-09,PIT,ATL,5.0,3.0,2.0,1.0,3.8,1.8,5.7,2.7,4.45,3.0,3.8,4.2,3.4,4.4,4.05,2025-05-09,Bailey Falter,0.1895412077874627,0.0722863058266784,0.1859102390866429,Bryce Elder,0.1635051712992889,0.0896475256769374,0.1735341538806741,0.195375694137304,0.056508919357216546,0.23560646075119757,0.2078361208678652,0.08254524434210549,0.2674717084632624,0.3389628728759163,0.0902967805141718,0.3347808527751992,0.2598960197703299,0.09073101036605545,0.25490531591293925
2025-05-11,PIT,ATL,7.0,4.0,3.0,1.4,3.8,1.9,5.0,2.85,4.4,3.2,4.0,3.6,3.5,4.35,3.8,2025-05-11,Joey Wentz,0.1656462585034013,0.0948412698412698,0.2013265148276589,Chris Sale,0.2993059476755129,0.060064935064935,0.2767564692702458,0.24344586957590048,0.04286230281586317,0.2508930907878276,0.21077764815780528,0.08133464879166688,0.26581240875438505,0.37828840241883716,0.08731461774940034,0.3359231138125127,0.26700651745583504,0.08942261964494223,0.25808843444668367
2025-05-19,PIT,CIN,8.0,1.0,7.0,2.2,3.2,2.2,3.2,2.3,4.5,4.2,2.2,3.8,3.6,4.3,4.05,2025-05-19,Mitch Keller,0.1884083933600841,0.0710651979975651,0.1793262712464832,Nick Lodolo,0.1926133593174266,0.0395410941974756,0.1944514578895606,0.20314536340852127,0.09226817042606514,0.20496215852029803,0.20239518713079285,0.08824784759262305,0.2526117372478339,0.21665130568356372,0.07743564679048548,0.22639864360148873,0.20207167920810123,0.09063272475906163,0.21791476672067941
2025-05-20,PIT,CIN,1.0,1.0,0.0,2.2,4.2,2.2,3.7,2.2,4.85,5.2,1.6,4.5,3.3,4.25,3.75,2025-05-20,Bailey Falter,0.1821802976790189,0.0990034309727404,0.1780103784181864,Nick Martinez,0.189449165970905,0.0535091076395424,0.2081137847277751,0.20398569954297505,0.10403287630841809,0.19677357291235759,0.20434672883138927,0.08887336272519551,0.2520414120215588,0.2050351440674021,0.0683447376995764,0.2172164341323352,0.2002153410836729,0.08878307731499914,0.2170689671597532
2025-05-21,PIT,CIN,4.0,3.0,1.0,1.6,4.2,2.3,3.2,2.05,4.45,3.8,1.6,4.1,3.1,3.95,3.6,2025-05-21,Andrew Heaney,0.1806045502180767,0.0909506614337531,0.1842429662636815,Brady Singer,0.2131198693434899,0.0927333959135382,0.2030734225155169,0.17065236620964172,0.10403287630841809,0.1772930534318381,0.20008950531406866,0.08702183433508727,0.24868448866504902,0.19336847740073543,0.06667807103290972,0.22116380255338788,0.19787770092866608,0.08867408243536584,0.21772758781655813
2025-05-24,PIT,MIL,3.0,2.0,1.0,2.0,3.4,2.4,3.6,2.35,4.0,4.6,4.0,3.6,3.7,3.15,4.25,2025-05-24,Mitch Keller,0.190400887357409,0.0681253448644752,0.1763936441218349,Tyler Alexander,0.1762130769758534,0.0611542947545998,0.1292530136892881,0.171936637493913,0.11054802782356961,0.18530232986968595,0.203230549324256,0.086868525516293,0.24971607154651493,0.21534313725490195,0.06762745098039213,0.22370051772120686,0.2415292418932138,0.09340582774320944,0.22558060744203615
2025-05-25,PIT,MIL,11.0,5.0,6.0,2.4,3.4,2.3,3.3,2.25,3.9,4.8,3.0,3.3,3.7,2.9,4.15,2025-05-25,Bailey Falter,0.1806289345777836,0.0891030878754663,0.1755939559609831,Logan Henderson,0.3884711779448621,0.0685045948203842,0.2371136173767752,0.171936637493913,0.10340517068071246,0.17621142077877688,0.20206952227681152,0.08519797694867198,0.2475362170237672,0.22514705882352942,0.05586274509803919,0.21322257654473625,0.24326139456189527,0.091643453634847,0.22465400330605986
2025-06-05,PIT,HOU,10.0,2.0,8.0,2.8,2.4,4.0,3.1,3.2,3.35,1.8,4.0,3.5,4.1,3.6,3.85,2025-06-05,Mitch Keller,0.1831239278703046,0.0640174975319902,0.1626332315733905,Framber Valdez,0.2386871186821212,0.079793480484385,0.240117950049622,0.23690476190476187,0.08738095238095236,0.19004268879268876,0.20875091204237173,0.08695252992033552,0.23993354978359258,0.32252265300059413,0.07121694890077242,0.3553956436284022,0.27707039384971216,0.09297058583416273,0.294541991004156
2025-06-07,PIT,PHI,3.0,2.0,1.0,2.8,4.2,4.0,3.6,3.35,3.65,3.2,4.8,3.5,6.0,4.55,5.0,2025-06-07,Andrew Heaney,0.1701503823605272,0.0865463294086482,0.1780237489142853,Taijuan Walker,0.2351815695735714,0.0772523152272047,0.187178310488067,0.27623946229209384,0.08840168603326497,0.21906589962441023,0.2116932769520921,0.08647055547614167,0.2422625758965079,0.18413312600758347,0.10376494675003312,0.17828057202782405,0.2543256474575628,0.08161564732399226,0.2286240035160615
2025-06-08,PIT,PHI,3.0,2.0,1.0,2.4,3.2,4.2,3.2,3.25,3.7,3.0,4.2,3.4,6.2,4.25,4.4,2025-06-08,Braxton Ashcraft,0.3928571428571428,0.0277777777777777,0.1450617283950617,Cristopher S\xc3\xa1nchez,0.2588477524890568,0.0976523838480359,0.2745507929107586,0.30123946229209386,0.08006835269993165,0.22721404777255838,0.21359390283304902,0.08511945304682696,0.24264388981479165,0.1568603987348562,0.13467403765912403,0.1737351174823695,0.2503518092160384,0.0865904028345549,0.22647220800657755
2025-06-09,PIT,MIA,13.0,10.0,3.0,2.8,2.8,3.5,2.7,3.15,3.35,2.6,3.8,3.2,4.1,3.6,4.15,2025-06-09,Mike Burrows,0.1850877192982456,0.0684210526315789,0.2372485267222109,Janson Junk,0.3284493284493284,0.0158730158730158,0.28452935694315,0.2612394622920938,0.09673501936659831,0.1999413204998311,0.21030784278946366,0.08637402556405527,0.2389109068945641,0.240076100370218,0.03578855784738136,0.23581686019379947,0.21751094939934074,0.08451519635987227,0.2344299234234368
2025-06-10,PIT,MIA,5.0,2.0,3.0,4.2,3.4,3.5,2.9,3.55,3.25,2.4,4.6,2.9,4.3,3.6,4.6,2025-06-10,Mitch Keller,0.1827737356165449,0.0618403273921668,0.1663951723399344,Sandy Alcantara,0.1651806245284506,0.1180504338656512,0.1986310714777087,0.2370289359763044,0.09199817726133513,0.19440560621411682,0.20951370482056428,0.08586277637289334,0.23918714856499276,0.22711313740725497,0.033936705995529504,0.23454874425177047,0.21469104451867974,0.08377335012045298,0.2338240210873369
2025-06-11,PIT,MIA,7.0,5.0,2.0,4.2,2.4,3.5,2.9,3.65,3.35,2.6,4.4,2.2,3.7,3.3,4.5,2025-06-11,Bailey Falter,0.1545436248888934,0.0905493838358288,0.1528621943597986,Cal Quantrill,0.1715369960364239,0.0684309656992723,0.1891324897718665,0.23702893597630434,0.09199817726133513,0.1971833839918946,0.21136175897747128,0.08458124239717851,0.23934853440730633,0.20916441945853706,0.033936705995529504,0.22835826806129428,0.21375496927756393,0.08248452934936909,0.2338897321182277
2025-06-20,PIT,TEX,8.0,2.0,6.0,2.6,4.6,3.4,3.5,3.7,3.65,2.0,3.6,5.3,3.3,4.15,2.85,2025-06-20,Braxton Ashcraft,0.2519841269841269,0.1249999999999999,0.169753086419753,Jacob deGrom,0.2562657136913429,0.0566369728669499,0.2712896217371108,0.20268366995921175,0.05814536340852128,0.20810663111398403,0.2092912864120967,0.0826102039433174,0.23480367012382009,0.20204179438524786,0.03973915869077158,0.24224183880878178,0.22797233773053693,0.07755583217373453,0.2136974596545021
2025-06-21,PIT,TEX,5.0,2.0,3.0,2.0,5.4,3.1,3.7,3.55,3.65,2.6,3.8,5.4,3.5,4.4,2.85,2025-06-21,Mitch Keller,0.1773559666313289,0.0593920518558199,0.1760618904577151,Kumar Rocker,0.1925162957670697,0.065849200678922,0.2304192150056811,0.20053055991136484,0.07106402369560262,0.20461456762192057,0.20833171206935383,0.08391557207324982,0.2346381247566938,0.1983787907222442,0.03973915869077158,0.2333287953305209,0.2269706325429101,0.07650778038760299,0.2128366831726845
2025-06-22,PIT,TEX,11.0,8.0,3.0,2.0,5.4,3.1,3.9,3.65,3.55,2.8,4.0,5.3,3.5,4.45,2.95,2025-06-22,Bailey Falter,0.1563620506612833,0.0848397690213546,0.1540293899939803,Jack Leiter,0.1932534930709034,0.115869631399761,0.1976614193324264,0.19219722657803148,0.08773069036226928,0.20961456762192054,0.20887285866585573,0.08499026161342407,0.23548698027933415,0.2233787907222442,0.03140582535743825,0.26221768421940983,0.2283888018867824,0.07548767664910161,0.2153321940637154
2025-06-27,PIT,NYM,10.0,9.0,1.0,4.0,4.6,3.0,5.0,3.25,4.05,3.6,4.0,3.2,5.5,4.55,4.55,2025-06-27,Mitch Keller,0.1804757641714163,0.0613618667966493,0.1754746889707745,David Peterson,0.2052227275607359,0.0801710511710511,0.222955590212829,0.17994836318365726,0.07480491186373536,0.2065064556243809,0.20873153682088552,0.08325696807884146,0.23453846242661675,0.2335434173669467,0.09395424836601307,0.23516393606866753,0.2483480889682524,0.08805241774389469,0.25035668186952975
2025-06-28,PIT,NYM,11.0,9.0,2.0,5.4,4.2,3.7,4.8,3.5,3.8,3.6,4.4,3.3,5.5,4.35,4.85,2025-06-28,Bailey Falter,0.1490894224949531,0.09203728345752,0.1560304600961007,Paul Blackburn,0.1283539731682146,0.0695820433436532,0.1835894718247659,0.20137693461222872,0.08194776900659251,0.19927568639361173,0.20967035083178062,0.08311271933920403,0.23314165190921898,0.22243230625583563,0.09673202614379084,0.2337633758445779,0.24599696051199996,0.08833362132154367,0.24945563194716103
2025-06-30,PIT,STL,7.0,7.0,0.0,7.0,3.4,5.4,4.2,4.4,3.8,4.2,3.4,4.9,3.5,4.7,3.85,2025-06-30,Andrew Heaney,0.1763376126691343,0.0815846482422569,0.1846082467122337,Erick Fedde,0.1431088151324644,0.1039826330572593,0.1548703050347787,0.21484549444995688,0.0755109873973971,0.2059874759481432,0.2100631122072241,0.08195486313162036,0.2321276362778496,0.24433739029848867,0.11053149177291051,0.2444228521667719,0.2003239340490124,0.07638536313280894,0.22075207607579816
2025-07-01,PIT,STL,1.0,1.0,0.0,7.8,1.6,5.9,3.3,4.65,3.4,4.2,3.2,4.4,3.8,4.45,4.2,2025-07-01,Paul Skenes,0.265463067192102,0.0725719056423054,0.2768110274550047,Andre Pallante,0.1603644036116862,0.0797212157809983,0.2204235681363067,0.20734549444995692,0.06884432073073044,0.20551128547195274,0.20906236971066852,0.08099068827124835,0.2313575072236004,0.26767072363182204,0.09803149177291051,0.23966094740486713,0.20270103007223844,0.07547601357170407,0.22039164886627902
2025-07-02,PIT,STL,5.0,5.0,0.0,7.6,0.8,5.8,2.7,4.45,3.2,4.2,2.8,3.8,3.8,4.35,4.2,2025-07-02,Mitch Keller,0.1805547299153437,0.0604261420118197,0.1712800994234741,Sonny Gray,0.2657276192714172,0.0465332026065721,0.243848689451293,0.2113561896371227,0.06830956137244167,0.18995572991639717,0.20868339550746648,0.0821009196661791,0.22944249744968256,0.2510040569651554,0.08136482510624385,0.2406178852039102,0.20227709638511404,0.07458806047086049,0.2210073620881731
2025-07-18,PIT,CHW,11.0,1.0,10.0,2.6,4.6,2.1,4.0,3.95,3.35,2.8,5.0,3.4,4.7,3.25,4.2,2025-07-18,Bailey Falter,0.1483560049080307,0.0877807700293902,0.1601753271241163,Tyler Alexander,0.1745821400398059,0.0534325035926866,0.1480394806367292,0.21327161190064414,0.042616142817755706,0.24513098892471857,0.20916133471508916,0.07798792207780167,0.2310767153116655,0.23431938431938432,0.07941979316979315,0.2326870280590073,0.2121340690342455,0.09237651126212307,0.22708359040872153
2025-07-19,PIT,CHW,14.0,4.0,10.0,2.2,5.8,1.7,5.0,3.9,3.7,4.0,4.0,4.3,4.2,3.55,4.0,2025-07-19,Carmen Mlodzinski,0.1799544662209135,0.0618684495329232,0.1979333400636754,Adrian Houser,0.1684601279853653,0.0805367247679424,0.186050986050986,0.21816050078953303,0.04439392059553349,0.25038098892471855,0.20865451683142847,0.07965814968524701,0.2311687079373184,0.2093193843193843,0.10441979316979315,0.2417779371499164,0.2125204560849165,0.09398491420842793,0.22847698605390154
2025-07-20,PIT,CHW,9.0,2.0,7.0,2.4,7.0,2.1,5.4,3.7,4.05,5.2,3.2,4.9,4.1,3.7,4.15,2025-07-20,Andrew Heaney,0.1714331936690261,0.0794543393022326,0.1718424094708509,Aaron Civale,0.1575717737967682,0.089059654921268,0.1729543200136683,0.21197868260771485,0.05239392059553348,0.24038098892471854,0.2077498789045771,0.07966163795376491,0.22997602432862854,0.21608630161261738,0.10254009392167285,0.23977571245581183,0.21250031325364938,0.09356720375124551,0.22910168902957084
2025-07-21,PIT,DET,3.0,3.0,0.0,2.6,8.0,2.3,6.0,3.55,4.2,2.8,6.0,3.0,5.2,4.35,4.55,2025-07-21,Braxton Ashcraft,0.2107822732822732,0.1117424242424242,0.1972158322733035,Jack Flaherty,0.2938167454656887,0.097014063022274,0.2620226894850349,0.2300782301190271,0.0447016129032258,0.25591670321043286,0.20981063473263548,0.07885697494413091,0.2311162376470984,0.23517952635599695,0.07240578049401578,0.23824188590872106,0.2049120050707098,0.0697461369390916,0.2080751478145844
2025-07-22,PIT,DET,13.0,8.0,5.0,2.4,5.6,2.6,5.9,3.55,3.75,1.4,3.6,2.9,5.5,3.8,4.5,2025-07-22,Mitch Keller,0.1824050868616085,0.0550710119188379,0.1675825935538806,Casey Mize,0.2132145234998495,0.0572343686406186,0.211068913115376,0.2444721695129665,0.05303494623655912,0.26104490833863797,0.21187919505197578,0.07890173852802293,0.23265122911678127,0.25422714540361596,0.06526292335115863,0.25074188590872104,0.20619621835333604,0.06904867556970068,0.20932772966977187
2025-07-26,PIT,ARI,2.0,2.0,0.0,4.6,4.6,3.4,5.2,3.7,3.8,4.4,3.4,4.7,4.1,4.45,3.9,2025-07-26,Andrew Heaney,0.1650354470290531,0.0798294484240775,0.171821717568737,Merrill Kelly,0.2421304474546274,0.0766127985922036,0.2262811853124019,0.3026864552272522,0.06892780337941626,0.2868479061082042,0.21645691613922752,0.07875342159447442,0.2350627120484145,0.19301822573561703,0.058321256038647316,0.24329897549099094,0.2247279166274113,0.08025671864983372,0.23957751272265052
2025-07-27,PIT,ARI,6.0,6.0,0.0,4.2,2.6,3.3,4.8,3.35,3.7,2.4,3.6,4.4,3.9,4.25,3.7,2025-07-27,Carmen Mlodzinski,0.1911764567466321,0.0586978810663021,0.2017056420533797,Zac Gallen,0.2235870049741685,0.0870429145273865,0.2270833352840696,0.2960197885605855,0.07559447004608293,0.27860614786644594,0.21758072784301702,0.07863720279709165,0.2361308960301975,0.19997474747474747,0.06527777777777777,0.2535756553328882,0.2244924126595312,0.08139713085316862,0.24075902558849538
2025-08-05,PIT,SFG,9.0,1.0,8.0,7.6,7.0,6.6,4.6,4.6,5.25,5.6,6.0,5.1,4.8,4.35,5.15,2025-08-05,Braxton Ashcraft,0.2098769286269286,0.1083603896103896,0.216702458620562,Logan Webb,0.2648034582442378,0.0578205940874606,0.2368154573196299,0.2400949245778468,0.05766076323002316,0.21584766600292715,0.2182679607867759,0.0762340183618848,0.23286127068576284,0.21770888402776944,0.09940035601722906,0.21578684001754866,0.23746318652539974,0.07216234903002618,0.23043370658402912
2025-08-06,PIT,SFG,6.0,2.0,4.0,7.2,8.4,5.9,4.9,4.5,5.2,6.2,5.0,5.0,4.9,4.45,5.1,2025-08-06,Andrew Heaney,0.1626584871981291,0.075097478365323,0.1704329440785598,Robbie Ray,0.2546939773282842,0.0990423911538003,0.259065579112215,0.23890444838737052,0.04742266799192793,0.21631206228775685,0.21844342341782427,0.07598078853230217,0.2334033625120731,0.21946326999268173,0.10524830923360333,0.21204352450952726,0.23831159490423104,0.07250702834047827,0.23047671907131256
2025-08-07,PIT,CIN,7.0,7.0,0.0,4.4,5.8,5.5,5.2,4.45,5.2,2.8,3.0,3.3,3.0,3.95,3.25,2025-08-07,Paul Skenes,0.2860296703889381,0.0635473047203223,0.288026597441279,Brady Singer,0.2212911990951649,0.0930622940671594,0.2087986076314979,0.2205711150540372,0.05075600132526127,0.19964539562109018,0.21784304251065037,0.0761914833697381,0.2329304135381705,0.21873381574852163,0.08293985371926546,0.23592163938822072,0.2161846360113329,0.09473884478195974,0.22490125900920144
2025-08-08,PIT,CIN,5.0,3.0,2.0,4.8,4.2,6.0,5.2,4.65,5.0,2.2,4.0,2.7,3.5,3.85,3.45,2025-08-08,Mitch Keller,0.1841962315497286,0.0641976136305058,0.1776411090666345,Chase Burns,0.3666928309785452,0.0939438339438339,0.2755410891840461,0.21148020596312814,0.05075600132526127,0.19618219215788674,0.2183202966864471,0.07552894873174039,0.23297532505605809,0.1930195300342359,0.09722556800497975,0.23469786316444452,0.21553572014271177,0.09516467042864277,0.2255256243759744
2025-08-09,PIT,CIN,3.0,1.0,2.0,3.6,3.6,5.7,5.4,4.75,5.0,2.2,3.8,2.7,3.7,3.75,3.45,2025-08-09,Carmen Mlodzinski,0.2084373029947192,0.0530760441047522,0.2006188510103155,Nick Martinez,0.1717504791315532,0.0539447014291003,0.1755894137121977,0.2448135392964615,0.04408933465859461,0.22913673761243217,0.22074856999087425,0.07487783710474262,0.23488541237924251,0.19649175225645812,0.08958667911609086,0.22560695407353543,0.215594373669725,0.09530455148726091,0.22434477759117719
2025-08-10,PIT,CIN,22.0,8.0,14.0,2.8,3.2,5.2,5.1,4.6,4.5,2.0,3.6,2.7,3.3,3.65,3.4,2025-08-10,Mike Burrows,0.2234307698691964,0.0918306108028335,0.2224908078160953,Zack Littell,0.1743246138362596,0.039572479789871,0.1833189138929069,0.24708626656918878,0.04863478920404915,0.22163673761243213,0.22119283240742468,0.07462635597952726,0.234373571247796,0.17982508558979146,0.1070469965764083,0.21435695407353542,0.21371963998564045,0.09696028830662635,0.2240243882208191
2025-08-18,PIT,TOR,7.0,5.0,2.0,2.4,7.0,3.2,6.0,4.35,5.6,5.4,4.4,5.9,4.2,6.0,5.35,2025-08-18,Paul Skenes,0.2844806300911564,0.0624635203426965,0.2811895978511049,Kevin Gausman,0.2378207974512946,0.0708700539914784,0.2427213532354785,0.23728585140349842,0.08661485573250276,0.2219752386672996,0.21941101096975102,0.07703207791512236,0.23204693169374546,0.3283546233832275,0.14199590296558257,0.32603550496197553,0.26456278211437617,0.0829386060263961,0.28317332158684927
2025-08-19,PIT,TOR,10.0,3.0,7.0,3.4,4.6,3.0,6.2,4.5,5.7,5.6,4.6,4.1,4.6,5.8,5.55,2025-08-19,Mitch Keller,0.1835514421166594,0.067698168176429,0.1775651586871684,Max Scherzer,0.2366037471300628,0.0535965739913108,0.2132628116903213,0.24001312413077117,0.08661485573250276,0.22673714342920434,0.22005572288199302,0.07641582129180138,0.23247627052590977,0.3121641471927513,0.16866256963224924,0.33431437206437203,0.2645796131907945,0.08440843051151828,0.28298200908822857
2025-08-22,PIT,COL,9.0,9.0,0.0,2.8,3.4,3.1,6.6,4.15,5.85,5.4,6.2,5.2,5.4,5.1,7.85,2025-08-22,Braxton Ashcraft,0.2181239812818759,0.0947596263385736,0.2202188334788153,Antonio Senzatela,0.1083298689949597,0.0783404011319915,0.1569262956161036,0.20193453605218306,0.08683130594895298,0.21061186626734182,0.21967643111961035,0.07558737566215921,0.23250257085563425,0.31603363494742803,0.05853641377779306,0.24216534706472786,0.20221162192865832,0.09236135849624692,0.24351406027686784
2025-08-23,PIT,COL,6.0,5.0,1.0,4.4,2.8,3.2,5.2,4.45,5.8,4.2,7.0,4.9,6.3,4.25,7.5,2025-08-23,Carmen Mlodzinski,0.2099962552067815,0.0547069188121819,0.2008735932180819,Kyle Freeland,0.1608851955081014,0.0566504251192341,0.1848622708621234,0.2090773931950402,0.06897416309181012,0.21818030427056243,0.21963431614434556,0.07499684928979859,0.23272418799908548,0.2771447460585391,0.05853641377779306,0.2450224899218707,0.20150541641844477,0.0916453789730202,0.2433982259225621
2025-09-02,PIT,LAD,16.0,9.0,7.0,3.8,3.0,5.1,2.6,4.1,4.6,3.4,3.4,4.3,3.1,4.8,3.6,2025-09-02,Carmen Mlodzinski,0.232292014894354,0.0592015630027325,0.2197389237615985,Clayton Kershaw,0.1669117348559201,0.0639859808657762,0.2002609931944653,0.23743616287094546,0.06330086580086579,0.25329242043608824,0.22097276190437934,0.07469055012483852,0.23402007812428055,0.22871697746697744,0.09628108003108002,0.2260456968711238,0.23806480750020217,0.07601154659351528,0.23658914257825422
2025-09-03,PIT,LAD,3.0,3.0,0.0,5.2,4.2,5.1,3.3,4.15,4.25,3.6,4.6,4.1,3.5,4.7,4.0,2025-09-03,Braxton Ashcraft,0.2265452801167086,0.0909786641929498,0.2243505875672261,Emmet Sheehan,0.2743203463203463,0.0841861471861471,0.2706624940385973,0.23163259144237403,0.06642586580086579,0.24557281085312463,0.2205037563833331,0.07437576352973099,0.2336552476261898,0.22557972256501663,0.11314382512911925,0.23556950639493332,0.23804443478069376,0.07718274196890897,0.23695035686601915
2025-09-04,PIT,LAD,8.0,5.0,3.0,5.6,3.4,4.9,3.2,4.25,3.9,2.6,5.0,4.0,3.6,4.5,3.9,2025-09-04,Paul Skenes,0.2848934197242468,0.0586876669726457,0.2786921215021405,Blake Snell,0.2448398507404718,0.1118296242519844,0.3085820016736569,0.21435986416964675,0.07551677489177487,0.24476902834721442,0.22055245401563092,0.07449470833102136,0.23421248405413886,0.24096433794963207,0.11314382512911925,0.22496344578887273,0.23742984878847082,0.07661936429030379,0.23687971723395132
2025-09-05,PIT,MIL,7.0,2.0,5.0,5.8,3.6,5.0,3.5,4.5,3.35,4.4,4.8,5.1,4.8,5.05,4.55,2025-09-05,Carmen Mlodzinski,0.2284601572195557,0.0615515071812064,0.215717635668072,Quinn Priester,0.1879535163778803,0.0820724129153527,0.2196398138396207,0.2160265308363134,0.06301677489177487,0.23254332301806085,0.22088184124885263,0.07396260327151406,0.2342636756705009,0.23527028150143062,0.06178234375496037,0.2677469644639731,0.24387074886442905,0.07890417180306364,0.24346499455979181
2025-09-06,PIT,MIL,5.0,1.0,4.0,4.2,4.0,4.6,3.3,4.35,3.0,4.6,5.0,4.9,4.5,4.7,4.4,2025-09-06,Mitch Keller,0.1963668649615854,0.0689781075262441,0.1853260345421146,Brandon Woodruff,0.3106031746031746,0.0619708994708994,0.2469392992924789,0.20660624098124095,0.0713501082251082,0.23339438684784808,0.22049733646458178,0.07402906234996667,0.23402067087851156,0.21860361483476393,0.053449010421627044,0.2602469644639731,0.2445007670649143,0.07834850862135191,0.24386312840092003
2025-09-07,PIT,MIL,12.0,2.0,10.0,4.0,3.8,3.9,3.4,4.25,3.1,4.6,3.6,4.4,3.8,4.4,4.05,2025-09-07,Bubba Chandler,0.1936507936507936,0.0222222222222222,0.2384285065444485,Jacob Misiorowski,0.3520984249301715,0.1173535617258925,0.2616081573920912,0.19993957431457426,0.06968344155844154,0.23240624455535794,0.2212919561608406,0.07409458538506081,0.2339035626635067,0.21115019868569562,0.07487758185019847,0.2426655691151359,0.24378997249003476,0.07929911845117264,0.24271723239811643
2025-09-15,PIT,CHC,4.0,0.0,4.0,3.4,4.8,3.7,4.3,4.4,3.45,4.6,3.0,4.0,3.7,4.55,4.15,2025-09-15,Braxton Ashcraft,0.2308622536883406,0.1008728590250329,0.221086465762527,Jameson Taillon,0.184200910158576,0.0505121070132511,0.1866444985286807,0.24565913618545193,0.10475273264746945,0.24259729612183084,0.2222374662417934,0.07652544821803128,0.2347752231190846,0.3441559829059829,0.03743055555555555,0.24018539704023575,0.22829992216970116,0.06667273902301206,0.21241887061766218
2025-09-16,PIT,CHC,5.0,1.0,4.0,3.0,3.6,2.8,4.0,3.95,3.65,4.2,2.8,4.3,3.2,4.6,4.05,2025-09-16,Carmen Mlodzinski,0.2334248424655894,0.0688437576383246,0.2232770098451459,Drew Pomeranz,0.2758169934640523,0.057516339869281,0.2410852219675748,0.22899246951878527,0.10975273264746946,0.23473843485478993,0.22142254980018147,0.07634861189657775,0.23429532628278685,0.3341559829059829,0.054097222222222206,0.22783245586376516,0.22810870647936535,0.06802404934492866,0.21233495932970503
2025-09-17,PIT,CHC,12.0,4.0,8.0,2.8,3.8,2.6,4.4,3.75,3.8,4.4,2.6,3.6,2.8,4.2,4.05,2025-09-17,Johan Oviedo,0.281500626566416,0.1504981203007518,0.3179945054945055,Drew Pomeranz,0.2833333333333333,0.0564102564102564,0.2419434731934731,0.2403258028521186,0.10541939931413613,0.24473843485478994,0.2218104799339551,0.07610789261249447,0.23473045657230482,0.3418482905982906,0.054097222222222206,0.22618410421541352,0.22967534913076867,0.06756751210100295,0.21271681040286652
2025-09-19,PIT,ATH,7.0,3.0,4.0,2.6,4.2,2.5,4.9,3.75,4.2,5.6,2.6,5.3,3.8,5.3,4.45,2025-09-19,Mitch Keller,0.1954979628530352,0.0660462336911612,0.1821475528742276,Luis Severino,0.1795269411622346,0.0719290358058473,0.1532449636196465,0.22127818380449954,0.11613368502842183,0.24299930442000733,0.22129105008476552,0.07686031562475562,0.2345019667264344,0.2068352253181974,0.07661392042196993,0.22090643605112295,0.24084610262325942,0.09179138510938212,0.2595596524760963
2025-09-20,PIT,ATH,2.0,2.0,0.0,2.2,4.8,2.6,4.8,3.6,4.05,5.8,3.2,4.0,3.7,5.3,4.05,2025-09-20,Braxton Ashcraft,0.2300149229425545,0.1010557881446039,0.2219755397900985,Luis Morales,0.2074701023614066,0.1066213737952868,0.2206575178442528,0.22127818380449957,0.10844137733611414,0.24663728134990973,0.22135299897812807,0.07686072582931981,0.23467430397147332,0.2295803233574131,0.08092764591216603,0.24273183287651978,0.24119202174297089,0.09234125006474517,0.2602190775321679
2025-09-21,PIT,ATH,11.0,11.0,0.0,2.0,4.0,2.7,4.4,3.3,3.9,3.6,2.6,3.7,3.5,4.9,4.0,2025-09-21,Carmen Mlodzinski,0.2381495469077705,0.066692390212127,0.2276632396511215,Osvaldo Bido,0.2384745384634187,0.1008677496626456,0.2243248906933828,0.25738929491561063,0.09733026622500304,0.27381119439338797,0.2237035206297852,0.0763616302070515,0.23653836128617012,0.22761953904368762,0.08092764591216603,0.24721901236369925,0.24178648181774742,0.09174550006432747,0.26151791226769233
2025-04-26,SDP,TBR,5.0,1.0,4.0,1.8,3.0,3.5,3.0,3.9,3.2,1.0,3.2,3.7,3.3,3.8,3.75,2025-04-26,Dylan Cease,0.2693456071007558,0.0645638305249288,0.2501705893704141,Ryan Pepiot,0.2404644985199708,0.0805723676623226,0.2696554386795948,0.2388328583181524,0.04698218448218447,0.2349143554456647,0.2904131280484221,0.06971607216313097,0.2848732172200768,0.21442870854635557,0.08281310193074898,0.27544998860788333,0.23740946819591316,0.05749532726219721,0.2791402593301239
2025-04-27,SDP,TBR,6.0,2.0,4.0,1.4,3.4,3.0,3.4,3.6,3.4,1.2,2.2,3.7,2.9,3.7,3.75,2025-04-27,Randy V\xc3\xa1squez,0.0862456866804692,0.1724016563146997,0.1418334786399302,Zack Littell,0.1806204906204906,0.0486719576719576,0.177621836999204,0.2400828583181524,0.044482184482184474,0.23744846850609358,0.28693570004655977,0.07088083861839517,0.2820137210112075,0.21635178546943248,0.08345412757177462,0.26908635224424693,0.23787578418865712,0.05845229045001706,0.2799128423178971
2025-04-29,SDP,SFG,11.0,7.0,4.0,1.0,3.0,2.2,3.4,3.45,3.5,3.2,2.6,3.1,3.5,3.9,3.75,2025-04-29,Nick Pivetta,0.2627459557985873,0.0646698564593301,0.2514804801929021,Logan Webb,0.3095172741911872,0.069023569023569,0.2534262103206202,0.23504084151142973,0.039720279720279715,0.2326568018394269,0.28502304884657825,0.06825562237326942,0.27967062023301464,0.22770516033673927,0.04921920185078078,0.26194603257103255,0.2497317680006908,0.07858934921761866,0.25091784860029337
2025-05-13,SDP,LAA,10.0,6.0,4.0,9.0,7.8,6.9,5.0,4.7,4.3,4.6,5.2,4.3,5.7,3.5,6.05,2025-05-13,Dylan Cease,0.2686580334234796,0.0933415245128631,0.2863164449392943,Jos\xc3\xa9 Soriano,0.1935247723291201,0.1036522354457136,0.2407108230065255,0.21995614733601002,0.09969920271693725,0.23423873834145476,0.27052103096929203,0.07473404819072754,0.26722009723482454,0.21765111642743223,0.05184502923976606,0.18778353085317154,0.21440488307907374,0.08126274472226146,0.24177689624373722
2025-05-14,SDP,LAA,6.0,5.0,1.0,9.6,6.2,7.0,5.1,4.8,4.2,4.4,4.8,4.6,5.4,3.45,6.15,2025-05-14,Randy V\xc3\xa1squez,0.0992790120507511,0.1486942586399108,0.1465503359146622,Kyle Hendricks,0.1329007851453671,0.1103530886038625,0.1446390028409932,0.18821011558997827,0.08541348843122297,0.23468516691288338,0.26643359712677456,0.07281779054481145,0.2676943071958364,0.22098444976076553,0.09628947368421051,0.2095155569969624,0.21405354446738897,0.09147584850952338,0.2459229403812644
2025-05-17,SDP,SEA,5.0,1.0,4.0,4.0,5.6,6.5,5.2,4.85,4.25,3.2,6.0,3.3,5.3,5.4,4.65,2025-05-17,Nick Pivetta,0.2721707678286625,0.0801913875598085,0.2501420921005137,Emerson Hancock,0.150758604394418,0.0831889779016215,0.191623044016661,0.22202654071075126,0.07616228070175438,0.21957527680299327,0.26698697179267716,0.07522776282175832,0.2640169113476343,0.30038400926558817,0.06652307852965747,0.2805156747892419,0.2138743196454256,0.07328622189093956,0.2404621111591671
2025-05-27,SDP,MIA,14.0,8.0,6.0,1.6,5.6,2.2,4.8,4.55,4.9,3.0,5.0,4.0,4.2,3.5,4.75,2025-05-27,Stephen Kolek,0.1998898988005996,0.0773566341829085,0.1569457433819135,Max Meyer,0.267558915347521,0.0707783510841981,0.2626654047706679,0.23189253012782424,0.12499697198226609,0.2611794322798379,0.2586411562288935,0.08401949324362837,0.26411436914564307,0.2294113193569715,0.05351810025723067,0.25179885015352993,0.21298377079199152,0.09376274425555862,0.23509365504058882
2025-05-28,SDP,MIA,18.0,8.0,10.0,3.2,6.2,2.4,5.0,4.7,5.05,4.0,3.8,4.3,4.9,3.75,4.85,2025-05-28,Kyle Hart,0.1633684210526315,0.1210526315789473,0.1517857142857142,Sandy Alcantara,0.181550082767474,0.1184462349244957,0.2099090099111815,0.21855919679449087,0.11833030531559943,0.2747691758695815,0.25749132963617005,0.08367924174211931,0.2661251985088004,0.23785287779852995,0.06260900934813976,0.24616107707389637,0.2132533737444582,0.09370890173958753,0.2341682372403495
2025-05-30,SDP,PIT,5.0,3.0,2.0,4.8,5.4,2.7,5.9,4.65,5.35,5.2,3.8,3.6,3.6,3.05,3.65,2025-05-30,Nick Pivetta,0.2790699475962633,0.0809150148097516,0.2355349597114531,Mitch Keller,0.1958189885067355,0.0619321316949775,0.1748206682099325,0.2109401491754433,0.10975887674417084,0.27297179024866647,0.2562025769600166,0.08298577647052177,0.2668834746058534,0.21474365503777265,0.06875604787369492,0.22221558297479954,0.20460027068561068,0.08476716907138589,0.24718385255622063
2025-05-31,SDP,PIT,5.0,0.0,5.0,5.0,5.6,2.9,5.6,4.7,5.4,5.2,4.2,3.8,3.8,3.0,3.5,2025-05-31,Dylan Cease,0.290842206126167,0.079854442069961,0.3094100257198736,Bailey Falter,0.1679960011313184,0.0923664435231512,0.1640654588558827,0.2374107374107374,0.10289613164613162,0.2722821350762527,0.2608025283381295,0.08456466119120376,0.2656215222547995,0.21866522366522365,0.05699134199134198,0.22185716003573144,0.20685874546890407,0.08328002575434403,0.24674592921702765
2025-06-01,SDP,PIT,10.0,6.0,4.0,4.8,5.2,2.8,5.7,4.5,5.65,5.2,3.0,4.2,3.1,3.2,3.4,2025-06-01,Randy V\xc3\xa1squez,0.1262560348372705,0.1158817269686834,0.1484307041103028,Andrew Heaney,0.173221904723881,0.0944141775367071,0.1841067159873011,0.23346336898968473,0.08315928954086846,0.25894880174291934,0.25987148736500626,0.08397330781631791,0.26440630887971067,0.24866522366522364,0.07699134199134197,0.22705196523053664,0.20846462916771608,0.08529243910340706,0.2449547432453055
2025-06-11,SDP,LAD,7.0,2.0,5.0,3.8,1.6,4.1,3.5,3.25,4.25,3.0,5.2,4.9,5.3,5.5,5.15,2025-06-11,Randy V\xc3\xa1squez,0.1273448499905109,0.1262588971786296,0.1530270386020837,Jack Dreyer,0.2627777777777778,0.0865555555555555,0.2369197012138188,0.22846287956969072,0.09835872417915761,0.20605267941486627,0.2549638923969882,0.08622102912301162,0.2552885542758287,0.18476207847480072,0.05639914880680952,0.2038183223335866,0.24172574229864563,0.06008675153792962,0.22947154874944448
2025-06-20,SDP,KCR,11.0,5.0,6.0,5.0,4.6,4.7,4.2,4.45,4.25,3.6,2.4,3.4,4.0,3.45,4.35,2025-06-20,Nick Pivetta,0.2745685961091322,0.0698409526073795,0.2315862360446008,Michael Lorenzen,0.1930792796797294,0.0738811215457713,0.2076308641008936,0.26177775123427294,0.11432446780272867,0.24457563342870686,0.25871018461689776,0.08974153530416709,0.25482514751565166,0.22829337329337326,0.0611706349206349,0.21503849969783104,0.22919498495427287,0.06759364185292976,0.21038198212890744
2025-06-21,SDP,KCR,6.0,5.0,1.0,4.4,5.4,5.1,4.8,4.45,4.4,4.8,2.6,3.3,4.0,3.55,4.25,2025-06-21,Dylan Cease,0.3010433140686435,0.084446798929084,0.3249478235750453,Noah Cameron,0.1985411942554799,0.0713303099017384,0.2507803538748214,0.261997049479887,0.1195876256974655,0.2388064026594761,0.2580501316192618,0.0892331797376356,0.25554935518930444,0.20162670662670662,0.05169695071010858,0.21156359622292759,0.22617926146803244,0.06808929337979565,0.20903627326021268
2025-06-22,SDP,KCR,5.0,3.0,2.0,4.8,4.4,4.5,4.8,4.3,4.15,4.6,3.0,3.2,3.5,3.5,4.15,2025-06-22,Randy V\xc3\xa1squez,0.1318470181399242,0.113128081258516,0.1589392229288234,Seth Lugo,0.1981597393340051,0.0727589489715779,0.1679933299569029,0.27699704947988696,0.0995876256974655,0.24594925980233323,0.2579413460568394,0.08802732595739728,0.2540264874550861,0.21461371961371958,0.05126405027720815,0.22934745395206577,0.22678378109477582,0.0683856543866696,0.21014122616668818
2025-06-23,SDP,WSN,16.0,6.0,10.0,4.2,3.2,4.6,4.5,4.05,3.75,5.2,7.0,4.6,6.3,3.85,5.45,2025-06-23,Stephen Kolek,0.1639072950898288,0.0872763491991377,0.1708658388888776,Mitchell Parker,0.171212539473409,0.0901169764213242,0.1955915971082589,0.27389145941777515,0.10517768780926673,0.23184669569976918,0.25640689001417677,0.08875839018272723,0.2528616898445738,0.17427685876215285,0.07090770340770339,0.18615949264231166,0.1941172186814006,0.10271455808399126,0.21968152351276723
2025-06-24,SDP,WSN,7.0,4.0,3.0,4.8,4.4,5.1,5.0,4.2,4.15,6.0,6.2,5.3,6.5,3.9,5.4,2025-06-24,Ryan Bergert,0.1806547619047619,0.0563492063492063,0.1013990897711827,Trevor Williams,0.1755289841102197,0.0551234514277992,0.1809524385981575,0.27655812608444186,0.1008443544759334,0.24937543133195303,0.2577699572508323,0.08811683241716502,0.2550170184869698,0.1781230126083067,0.07090770340770339,0.1810627184487633,0.1936074583670304,0.1023880836389164,0.21853406445646026
2025-06-25,SDP,WSN,1.0,1.0,0.0,4.6,4.4,4.8,4.5,4.4,4.05,6.4,6.4,4.7,5.8,3.5,5.25,2025-06-25,Nick Pivetta,0.2657878325589995,0.0715340954494272,0.2291552837229283,MacKenzie Gore,0.3320679446358794,0.0662070518048778,0.2964432960628284,0.28155812608444186,0.0858443544759334,0.2590285233379862,0.2576690487151072,0.08697245797018885,0.2562887607984453,0.17459360084360082,0.0809077034077034,0.17522938511542996,0.1936873651374425,0.10235823259342994,0.2176773886507545
2025-07-05,SDP,TEX,11.0,4.0,7.0,3.0,4.0,3.0,4.3,3.75,4.55,5.2,3.2,4.0,3.6,4.75,3.2,2025-07-05,Stephen Kolek,0.1795605141644053,0.0804988311629309,0.1744808574087982,Patrick Corbin,0.1883720910107716,0.070245022232055,0.2322625149523034,0.2570294117647059,0.06659803921568626,0.2598212843893458,0.25648012786718016,0.0861512900689577,0.25368046567337055,0.22299783549783547,0.0412212787212787,0.2663000019869246,0.2256348028132742,0.07115398931802272,0.22001189165995358
2025-07-06,SDP,TEX,5.0,4.0,1.0,2.6,4.6,3.1,4.8,3.85,4.65,6.0,2.4,4.6,3.4,4.9,3.15,2025-07-06,Kyle Hart,0.1444736842105262,0.1008771929824561,0.1450066137566137,Jacob Latz,0.2713135247964969,0.0803132454061246,0.2933544111412933,0.23531512605042018,0.07688375350140056,0.2477842473523088,0.25515893036706344,0.08681066045021567,0.2541759985875906,0.22656926406926403,0.05282842157842156,0.26507112333869115,0.22591486255105267,0.07249129978563165,0.22007849579734381
2025-07-08,SDP,ARI,1.0,1.0,0.0,3.6,4.6,2.8,4.2,3.8,4.35,3.6,4.8,4.5,5.0,5.2,4.95,2025-07-08,Nick Pivetta,0.2754393918998845,0.0631183195142005,0.2276594176758515,Merrill Kelly,0.2437057525584095,0.068426432665563,0.2347793165876658,0.22498179271708682,0.08888375350140054,0.25391601647997397,0.2548144092223575,0.0862013272581653,0.2541398163316946,0.21028699198977835,0.08411862990810358,0.1825884100884101,0.2274757472716392,0.08083067519070469,0.23610588649241587
2025-07-09,SDP,ARI,10.0,2.0,8.0,2.6,3.8,2.8,4.2,3.45,4.25,3.2,3.6,4.2,4.4,4.8,4.65,2025-07-09,Dylan Cease,0.2898691118346641,0.0848785052804095,0.3218713383802948,Brandon Pfaadt,0.1866083618790353,0.054249117080177,0.1995429109494318,0.22319607843137254,0.10316946778711482,0.25828877633660485,0.25596416706416086,0.08683790945590662,0.2552712645715342,0.201953658656445,0.10435672514619883,0.1722280497280497,0.2277205761056431,0.08266947219950138,0.23535111236387515
2025-07-10,SDP,ARI,7.0,4.0,3.0,2.8,4.4,2.9,4.2,3.4,4.35,4.2,2.2,4.2,3.7,5.1,4.35,2025-07-10,Randy V\xc3\xa1squez,0.1233093681186739,0.1097392395580801,0.1465783644791058,Eduardo Rodr\xc3\xadguez,0.2430419231868507,0.0757354223875962,0.2180899550896566,0.22633333333333333,0.10473809523809521,0.239889732131109,0.2560830837264109,0.08735452527676692,0.25325796245489574,0.214234360410831,0.07277777777777776,0.21972804972804968,0.22885619715110214,0.08178055314359277,0.23927206814490873
2025-07-11,SDP,PHI,6.0,4.0,2.0,2.8,3.6,2.7,4.1,3.3,4.1,5.0,1.8,4.6,2.6,4.4,2.7,2025-07-11,Ryan Bergert,0.1852733686067019,0.0686067019400352,0.106472393522097,Ranger Suarez,0.2406379981236303,0.0627920584098744,0.2103427956808224,0.22738596491228064,0.10333458646616538,0.22518384977816783,0.2555824599029281,0.08697295443798232,0.2530605575668975,0.19960201675718914,0.07874731590248829,0.234741973197152,0.23579419343830949,0.082721174671145,0.2224499881920623
2025-07-13,SDP,PHI,3.0,1.0,2.0,3.2,3.4,3.4,4.0,3.35,4.05,4.6,3.2,4.6,3.4,4.4,3.0,2025-07-13,Nick Pivetta,0.2778139711377697,0.064662251258361,0.2283450055827486,Cristopher S\xc3\xa1nchez,0.2605466295354684,0.0709855520125384,0.2688608488239089,0.216797729618163,0.11431497862302813,0.2224755164448345,0.2532486182604869,0.0870001015278676,0.25144904019986747,0.19626868342385578,0.06096953812471053,0.194741973197152,0.2360964446417497,0.08096114967814191,0.22277020120925242
2025-07-28,SDP,NYM,13.0,7.0,6.0,4.2,3.6,4.3,3.0,3.6,3.4,4.8,2.0,4.2,3.3,4.55,3.8,2025-07-28,Dylan Cease,0.2960196112185906,0.0844586901447944,0.322548055967693,Frankie Montas,0.2169672432830327,0.0553846153846153,0.2475391275391275,0.17880354294827977,0.07145505809979492,0.19687246757587487,0.2465399704587315,0.08466884637586188,0.24640589122186246,0.3024846569927706,0.061506085192697756,0.2703980353427386,0.24705193295511862,0.08941260079789107,0.24975485060391112
2025-07-29,SDP,NYM,8.0,7.0,1.0,5.2,4.2,4.3,3.4,3.9,3.45,5.4,3.0,4.6,3.7,4.75,3.8,2025-07-29,Ryan Bergert,0.2035881370091896,0.0722723475355054,0.12477252259094,Sean Manaea,0.3682748538011696,0.0767543859649122,0.282168458781362,0.20166068580542262,0.06478839143312827,0.19687246757587487,0.24827360339313814,0.08386247641037747,0.24654364049801036,0.2830907175988312,0.07059699428360686,0.26534894698369227,0.24729415314164838,0.0894267186291288,0.2502698786745059
2025-07-30,SDP,NYM,5.0,5.0,0.0,5.2,2.6,4.8,3.1,4.05,3.15,4.4,3.8,4.3,3.6,4.45,4.0,2025-07-30,Yu Darvish,0.1421717171717171,0.1132575757575757,0.2163382691786391,Clay Holmes,0.1789913141596698,0.0921921050508824,0.2021303918503421,0.20700827938831035,0.04660657325131008,0.21716232264833862,0.24815115541440155,0.08307132097254373,0.24736241118513602,0.2751799670917318,0.07100267379679143,0.2686822803170256,0.24553274544323825,0.09024021273759764,0.24987794834421453
2025-08-01,SDP,STL,5.0,4.0,1.0,6.2,2.0,4.5,3.0,4.1,3.1,2.0,4.0,3.2,4.3,3.45,5.2,2025-08-01,Nick Pivetta,0.2703841265664301,0.0647796294810569,0.2308862239065632,Matthew Liberatore,0.1820118444145903,0.0550303298701467,0.1942820314449765,0.24272256510259602,0.039463716108452944,0.2219242274102434,0.24983732619157004,0.08229495348681902,0.24705328317673023,0.2522454966848559,0.05516561051458074,0.25929503302097523,0.21050412143319366,0.07242905403851535,0.22646999027556503
2025-08-02,SDP,STL,13.0,5.0,8.0,6.4,2.0,4.7,3.0,4.15,2.85,2.0,4.2,2.7,4.5,3.5,4.85,2025-08-02,Randy V\xc3\xa1squez,0.1135635586942241,0.1061723125362722,0.1428504828788494,Michael McGreevy,0.1447448750080328,0.0378622839149154,0.1834314445427606,0.2303416127216437,0.039463716108452944,0.2036549966410126,0.24884676893847346,0.08153296317675587,0.2459231601843531,0.22224549668485594,0.042665610514580746,0.22270083012242453,0.2104077533466506,0.07176456730421704,0.22638669957898028
2025-08-03,SDP,STL,10.0,7.0,3.0,5.6,3.2,4.9,3.4,4.35,3.25,3.2,3.4,3.1,4.2,3.7,5.0,2025-08-03,Dylan Cease,0.2996096288904729,0.088195416350334,0.3197915426011961,Andre Pallante,0.154073745440205,0.0764926002607161,0.2220769222379422,0.2364022187822497,0.039896616541353375,0.2172579378174832,0.24962187503383915,0.08165869833328193,0.24653395687990948,0.1957962213225371,0.03795546558704452,0.225801605316223,0.20925253134652955,0.07186973790448174,0.22735894170401985
2025-08-08,SDP,BOS,12.0,2.0,10.0,4.2,4.0,5.2,3.0,4.45,3.15,6.0,3.6,6.3,3.4,4.85,3.2,2025-08-08,Nick Pivetta,0.2684245175076254,0.0618351008682816,0.2286558583570913,Walker Buehler,0.1689905413311552,0.1027476106030986,0.1757874343969295,0.2909270725834193,0.042933723196881074,0.25435126335311914,0.2504374128632059,0.08098729134270011,0.24716571080181315,0.19162939958592132,0.059829192546583844,0.23666979298364743,0.23009631682222081,0.0830804011506771,0.2527011163801969
2025-08-10,SDP,BOS,8.0,6.0,2.0,3.8,5.8,5.1,3.9,4.3,3.45,6.6,3.4,6.9,3.4,4.85,3.2,2025-08-10,Dylan Cease,0.3083222537213219,0.0867762919679524,0.3207096968754524,Brayan Bello,0.1796923298461573,0.0863410588498558,0.1831461255724051,0.27075733004525576,0.06394648236753499,0.26445166046135654,0.2502287100585397,0.08213065084143466,0.24810085962525782,0.19340476190476188,0.06359126984126984,0.25125312631698077,0.22864350676206757,0.08482087316148917,0.2532703089549226
2025-08-18,SDP,SFG,7.0,3.0,4.0,4.4,3.2,3.9,3.7,4.65,3.55,3.2,5.2,2.8,4.4,3.9,4.65,2025-08-18,Nestor Cortes,0.2097689075630252,0.1467436974789915,0.2153368584820197,Robbie Ray,0.2535184591420215,0.0959189998614963,0.2551357805220817,0.32245235758393653,0.06455162770952243,0.2556649808877762,0.2542946822080462,0.07971845596222758,0.2469375010613332,0.1507786451594501,0.06901888960712488,0.18780804729794323,0.23119509492498055,0.07222343982557149,0.2270077213661606
2025-08-19,SDP,SFG,6.0,5.0,1.0,4.0,3.8,4.0,3.5,4.45,3.3,3.8,4.8,2.8,4.5,3.65,4.65,2025-08-19,Nick Pivetta,0.2591968333563489,0.0631565347702838,0.2261362912132986,Kai-Wei Teng,0.1481481481481481,0.1851851851851851,0.1885814668423363,0.31091389604547504,0.07279338595128067,0.2488316475544429,0.2553542001137969,0.08032112017266602,0.24730115281422207,0.13461702899783395,0.06901888960712488,0.17888309800788235,0.23022667570067515,0.07164099273020398,0.22612578053920387
2025-08-20,SDP,SFG,9.0,8.0,1.0,2.8,3.8,4.2,3.4,4.7,3.2,3.8,3.6,2.4,5.0,3.65,4.5,2025-08-20,JP Sears,0.2052903302271524,0.060465169096151,0.18669370495523,Landen Roupp,0.2112367239385872,0.0967050513323805,0.223265291484822,0.32565073815073814,0.046477596477596465,0.25559856484767596,0.2549077952741695,0.0796733692035316,0.24700458154789348,0.12747417185497678,0.07139984198807725,0.17956491618970055,0.22952771943792688,0.0718297695502671,0.22611677429489024
2025-08-21,SDP,SFG,12.0,8.0,4.0,4.0,3.4,4.8,2.5,4.95,3.2,2.8,3.8,2.3,5.4,3.65,4.8,2025-08-21,Dylan Cease,0.3005942724666783,0.0961021311942482,0.3165547526272477,Justin Verlander,0.1996205994756719,0.080210383895684,0.2258896987214091,0.3195901320901321,0.061629111629111624,0.23826835407484226,0.25577762382106706,0.08049052770444881,0.2473142591812246,0.14356112837671592,0.07574766807503377,0.18289824952303388,0.22977646424570042,0.07160475757661074,0.22590949830842286
2025-08-22,SDP,LAD,3.0,2.0,1.0,5.6,3.0,5.0,2.7,4.9,3.3,6.2,5.0,5.3,4.5,4.95,3.7,2025-08-22,Yu Darvish,0.2190474518199901,0.086959670231729,0.2323916612318157,Blake Snell,0.2361735366083191,0.1156597026162243,0.2880587583870757,0.3020077145077145,0.06822251822251821,0.24405653141474373,0.2560152163757752,0.0809855008405813,0.24836184716254495,0.16812546930193986,0.06642984466513877,0.21288890700404325,0.23903369765495386,0.07432868774984468,0.2370599481732482
2025-08-23,SDP,LAD,6.0,5.0,1.0,5.2,2.2,4.8,2.7,4.65,3.05,5.4,4.6,5.0,4.2,4.75,3.6,2025-08-23,Nestor Cortes,0.2048521630874571,0.1470245876128229,0.2222694867856157,Tyler Glasnow,0.2810060651908477,0.1352105895312416,0.2709142171609866,0.2870077145077145,0.08488918488918487,0.23572319808141037,0.2559678524673045,0.08166015568960559,0.2477185780247821,0.15274085391732448,0.06642984466513877,0.2170555736707099,0.23715154255530857,0.07374342249197188,0.237818006324115
2025-08-24,SDP,LAD,10.0,2.0,8.0,5.6,1.6,4.8,2.7,4.55,3.05,5.0,4.8,4.7,4.0,4.7,3.6,2025-08-24,Nick Pivetta,0.2654956266887616,0.0639636067128057,0.2246380093760873,Jack Dreyer,0.206870525988173,0.0574852163087457,0.2095933974394181,0.2992299367299367,0.07933362933362931,0.24566637989959222,0.2570931036199037,0.08102218572328054,0.24826907208850896,0.15107418725065783,0.05809651133180542,0.20337961548255662,0.23634046279576187,0.07368813533708668,0.2367971067211364
2025-09-03,SDP,BAL,12.0,5.0,7.0,4.6,5.4,4.6,5.5,4.7,4.1,6.2,6.8,4.1,5.1,4.7,4.5,2025-09-03,Kyle Hart,0.1613500693883468,0.0861927546138072,0.1431854256854257,Cade Povich,0.2517763034067382,0.0802418073070246,0.2242318948523689,0.20948101389023838,0.07189782796971711,0.24807797866621395,0.2525746525711683,0.0809475770239203,0.24774481164824427,0.21762087912087907,0.08427930402930402,0.23514001809470936,0.25133749426771457,0.09268747440344648,0.2530723512302561
2025-09-10,SDP,CIN,3.0,1.0,2.0,5.0,4.6,4.8,5.0,4.85,4.45,5.2,5.0,5.0,5.4,4.65,4.8,2025-09-10,Nick Pivetta,0.2649914454045706,0.066216681248963,0.2228167527860958,Andrew Abbott,0.2258403354040606,0.07047744677798,0.2169763943395952,0.3053660948681986,0.09428202816351483,0.3309038470138214,0.2574705955791456,0.08263391296579428,0.2532979488223381,0.25451023391812866,0.07275053163211057,0.3118148148148148,0.22174419944809456,0.0972559805579316,0.2364501441973236
2025-09-11,SDP,COL,2.0,2.0,0.0,4.2,3.6,4.5,4.5,4.75,4.35,2.4,7.4,3.5,6.7,3.4,6.05,2025-09-11,Randy V\xc3\xa1squez,0.122522875762208,0.0958769639454287,0.1463409738657946,McCade Brown,0.1081326081326081,0.1266511266511266,0.132616487455197,0.3130584025605063,0.1173589512404379,0.3189212762077212,0.2567509814004442,0.08366263045054037,0.252764425484928,0.1555973690141513,0.0814909018658885,0.21588946281419735,0.19702248149473137,0.09184343101477063,0.2396841798546368
2025-09-12,SDP,COL,6.0,2.0,4.0,4.6,3.0,3.5,4.2,4.6,4.3,0.8,5.8,2.9,6.4,3.0,6.0,2025-09-12,JP Sears,0.1970512470314865,0.0597200271797121,0.1816830205888867,Tanner Gordon,0.1647655463444937,0.0542669440695756,0.1426591252887359,0.34280750650315867,0.10445572543398629,0.3334310801292898,0.258811702601514,0.08308564679226078,0.2537798432402044,0.17226403568081797,0.07315756853255517,0.2383326446323792,0.1985166596251527,0.09121864576977219,0.24081728067195218
2025-09-13,SDP,COL,14.0,11.0,3.0,3.0,2.2,3.5,3.9,4.3,4.45,1.4,4.6,3.1,5.8,2.95,5.65,2025-09-13,Kyle Hart,0.1878090330721909,0.0729323308270676,0.136541514041514,Antonio Senzatela,0.1126371101696132,0.0770271368561387,0.1598323064245887,0.33090274459839675,0.10445572543398629,0.34784666454487423,0.2581805722183986,0.08251656701971105,0.254585656446974,0.1742883271787937,0.08327902602243371,0.2540535748649373,0.1987345824031532,0.09164180460812613,0.24135229904579036
2025-09-14,SDP,COL,15.0,9.0,6.0,3.6,2.6,4.3,3.8,4.45,4.4,1.8,6.2,3.0,6.2,3.1,5.75,2025-09-14,Yu Darvish,0.2307426928830381,0.0749782488753076,0.2170179918309141,Germ\xc3\xa1n M\xc3\xa1rquez,0.147183331476591,0.0812062737302291,0.1785929488395487,0.3399328449328449,0.09576007326007324,0.34557393727214697,0.258517386745432,0.08195522982910076,0.25439985420769345,0.1760274576135763,0.08512685210939022,0.25298913297771064,0.19885979530211076,0.09131855934813579,0.24110527324377468
2025-09-23,SDP,MIL,7.0,7.0,0.0,4.2,3.8,4.8,4.0,4.65,4.25,5.0,3.6,4.2,3.9,4.7,3.8,2025-09-23,Randy V\xc3\xa1squez,0.1384476895147655,0.0917069410778316,0.1524823961422534,Tobias Myers,0.2112766733834508,0.0600742721330956,0.1735340353010407,0.30161257469441616,0.0924775246066806,0.28205080007711586,0.26157304918815283,0.0836915743931911,0.25560377593935996,0.2529971324498178,0.07658006443684191,0.26077989285900033,0.24438638251463576,0.0805911596663923,0.24451442417332744
2025-09-24,SDP,MIL,4.0,1.0,3.0,4.2,3.0,5.3,4.0,4.4,4.1,3.2,4.6,4.2,4.1,4.5,3.85,2025-09-24,Kyle Hart,0.2458250424039897,0.0915622389306599,0.2025205196038529,Erick Fedde,0.1207366542004731,0.1190991541054128,0.1581324904827165,0.3071681302499717,0.0924775246066806,0.2699079429342587,0.26132080029734556,0.08315508994195268,0.25556785429872303,0.22946772068511195,0.06481535855448899,0.24887513095423847,0.24283963325821403,0.08008108903559234,0.24432310322467166
2025-09-26,SDP,ARI,11.0,7.0,4.0,4.2,2.4,5.2,3.9,4.35,3.9,4.0,5.0,5.3,4.7,5.0,4.25,2025-09-26,Yu Darvish,0.2306741878847093,0.0642670704645494,0.2096052134518297,Zac Gallen,0.2195288359486728,0.0791101569022764,0.2140438083279322,0.2830655661474076,0.09914419127334725,0.26503781306412877,0.2600809650512903,0.0830500681376515,0.25507743120491866,0.22969696969696968,0.0663131313131313,0.22454268292250035,0.21562707767964728,0.0810369327688639,0.23408573778385663
2025-04-25,SEA,MIA,12.0,4.0,8.0,4.8,4.4,5.0,3.9,4.0,4.2,4.8,5.8,5.2,6.1,4.2,5.4,2025-04-25,Logan Gilbert,0.380154189822382,0.0557644110275689,0.3597796437296899,Cal Quantrill,0.1011042097998619,0.1019668737060041,0.1673227588133038,0.19876512934949467,0.09194540109013791,0.23157500587647642,0.1915530762162206,0.08238013317761599,0.24062357750757937,0.21607359307359303,0.10648884448884446,0.20888643345681107,0.18121634634953776,0.11177783304395789,0.20818125463345094
2025-04-29,SEA,LAA,8.0,5.0,3.0,7.4,4.4,5.8,4.7,5.05,4.3,1.8,5.4,2.4,4.8,3.5,4.6,2025-04-29,Bryce Miller,0.2403381642512077,0.128671497584541,0.2154768754084817,Jack Kochanowicz,0.1158501788067005,0.0522687747035573,0.161677906799858,0.18717528085949134,0.07319540109013792,0.21551189920213845,0.1908782613011816,0.07355369033715713,0.23469680602672507,0.23910965419916824,0.084495619470044,0.24738683156827568,0.22596232815508624,0.08694443007158938,0.26791543450718386
2025-04-30,SEA,LAA,12.0,9.0,3.0,6.8,4.0,5.9,4.2,5.0,4.0,2.4,5.8,2.4,4.8,3.15,4.65,2025-04-30,Emerson Hancock,0.1635087719298245,0.0637037037037037,0.1765873015873015,Tyler Anderson,0.19903538490495,0.1005081874647091,0.2478676561533704,0.2068868193210298,0.05011847801321484,0.22008706260083127,0.19507211435976154,0.0710173561876,0.23426664796450083,0.2057763208658349,0.10671784169226624,0.24098289068157616,0.2178922450066903,0.09177577979125484,0.26344906694825376
2025-05-12,SEA,NYY,16.0,5.0,11.0,3.6,5.8,4.8,4.5,5.3,4.6,8.8,4.4,7.3,4.0,5.8,3.2,2025-05-12,Emerson Hancock,0.1438732882362646,0.0701971438523162,0.1703731847348868,Clarke Schmidt,0.2197628458498023,0.1166996047430829,0.2717561717561717,0.19535736923894817,0.0896566116631906,0.2319210444872945,0.19514525663647606,0.07579665246339246,0.2336652111754736,0.2307886145128708,0.1173860654981936,0.28014731928075254,0.2667532279503524,0.11699172086476062,0.2726400323080466
2025-05-27,SEA,WSN,10.0,9.0,1.0,3.4,4.8,3.7,2.9,3.9,4.1,4.0,2.8,4.3,3.7,4.1,5.0,2025-05-27,Logan Evans,0.178067599067599,0.0798997668997668,0.1629032258064515,Mitchell Parker,0.1548933433716042,0.1061278455843672,0.183841451732208,0.19235431235431233,0.07817793317793316,0.22269863710802987,0.20335931390080536,0.07563628602095639,0.2342738801213288,0.1753882327682637,0.06491669553356859,0.20117191545397498,0.20075088866388005,0.10445924241137161,0.22500931885080194
2025-06-04,SEA,BAL,5.0,2.0,3.0,3.0,4.2,2.9,4.1,3.45,4.25,3.6,2.4,3.9,4.2,3.8,5.1,2025-06-04,Emerson Hancock,0.1516753269062201,0.0782941835412091,0.176093659331916,Cade Povich,0.2349722379070205,0.0883962921136834,0.2169059290585285,0.16181928129341921,0.0688425224201086,0.17958329918612487,0.20405137257508335,0.0743107222052768,0.22696225713336882,0.318469089390142,0.0739985380116959,0.2747778785965285,0.25269713628890894,0.1065542950879102,0.2435512514323088
2025-06-05,SEA,BAL,7.0,3.0,4.0,2.8,3.8,3.1,4.3,3.25,4.15,3.4,1.6,3.7,2.5,3.85,4.95,2025-06-05,Bryan Woo,0.235199824330259,0.0318072024593763,0.1958417394171412,Zach Eflin,0.1469639458769893,0.0393475572047,0.1735352906941177,0.18324785272199065,0.0819377605153467,0.19257031217313786,0.20422194493692722,0.07664363873995077,0.2277250073932672,0.3446595655806182,0.07995091896407683,0.2943430959878328,0.2556283744936176,0.10715934255073073,0.24782539724177033
2025-06-14,SEA,CLE,7.0,4.0,3.0,4.2,5.4,3.3,4.5,3.5,4.1,4.2,3.8,3.3,3.2,3.75,3.7,2025-06-14,George Kirby,0.2808924485125857,0.0457665903890159,0.208326138349265,Tanner Bibee,0.1942191921790583,0.073243963394465,0.2050477603856597,0.2608859196359196,0.09591727716727715,0.22938716728034528,0.21449103203366343,0.07766184384976622,0.22964234303574754,0.15120082815734986,0.0809006211180124,0.1949833538548797,0.2490939848935764,0.0798496486554242,0.2622338622514972
2025-06-15,SEA,CLE,6.0,6.0,0.0,3.8,4.4,3.5,4.7,3.4,4.2,4.0,4.2,3.2,3.4,3.65,3.6,2025-06-15,Emerson Hancock,0.1632284295240615,0.0850074940435979,0.1765056637796524,Luis Ortiz,0.2580018866306491,0.1133092938276884,0.2624513841359012,0.2813025863025863,0.08966727716727715,0.23719649790914848,0.21524720065153305,0.07653630988092903,0.22844548043420643,0.18061259286323222,0.07011630739252221,0.22401561191939584,0.24974650173655097,0.07954492228957405,0.26264094512676767
2025-06-16,SEA,BOS,2.0,0.0,2.0,4.4,4.0,4.0,4.2,3.45,4.15,4.8,2.8,6.0,4.7,4.9,4.2,2025-06-16,Logan Gilbert,0.3723507137408739,0.046470342522974,0.3586398991865063,Lucas Giolito,0.1684951280603454,0.0795038656995178,0.1610068332979171,0.28487401487401487,0.06823870573870573,0.2384951992078498,0.215743669213654,0.07544293402548718,0.22926360622392186,0.30129304029304027,0.1005177045177045,0.2653965478965479,0.2314176886056173,0.0848773460817134,0.25327948172222753
2025-06-17,SEA,BOS,8.0,8.0,0.0,3.8,2.4,3.8,4.1,3.45,4.2,3.0,1.4,5.9,4.6,4.8,3.7,2025-06-17,Bryan Woo,0.2271217448474973,0.0362826229883085,0.1983708105459481,Walker Buehler,0.212542884922564,0.0732617620050774,0.1813340241506491,0.2627960927960928,0.08252442002442001,0.2233368281671258,0.21471709841990033,0.0763924299245246,0.227691542176029,0.31475457875457874,0.11288034188034186,0.2949420024420024,0.23348792774088445,0.08684885803695012,0.25728921845571096
2025-06-30,SEA,KCR,8.0,6.0,2.0,6.4,5.0,5.7,4.4,4.85,4.3,2.8,4.4,2.8,4.1,2.95,4.2,2025-06-30,George Kirby,0.2319385420071918,0.0586198698326844,0.1799606625531223,Michael Wacha,0.1910610569985569,0.0651586255934081,0.2061832043998822,0.2093670075135592,0.08731632830770761,0.1774650582940648,0.21846066092288327,0.0758677808158834,0.22337367208820558,0.1830130490424608,0.07673449486529979,0.19642679207014685,0.22404469478565564,0.06948652485265155,0.20842407693717221
2025-07-01,SEA,KCR,9.0,3.0,6.0,4.8,4.2,6.3,4.4,5.05,4.25,3.2,5.0,2.6,4.6,3.0,4.3,2025-07-01,Emerson Hancock,0.1644559047440876,0.0895592075285686,0.1790585241936503,Michael Lorenzen,0.1897777030530965,0.0724584813525499,0.2009977661563477,0.23555748370403543,0.08136394735532665,0.19124951944694701,0.21982819273729337,0.07595665644109113,0.22298203540234823,0.1772987633281751,0.08387735200815694,0.2047155621236228,0.22308954711590842,0.06950937245942708,0.2097153444812269
2025-07-02,SEA,KCR,5.0,3.0,2.0,3.2,5.0,5.8,5.0,5.05,4.35,4.4,4.8,2.6,4.4,2.95,4.2,2025-07-02,Logan Gilbert,0.3708327967481285,0.0416590994394197,0.3475306764028331,Noah Cameron,0.1879137518318804,0.0881745047242123,0.2317523341188114,0.22316432131087302,0.07794514393652323,0.18120167255699487,0.21905193345622115,0.07596802609382038,0.22196299541365752,0.19063209666150843,0.09335103621868325,0.20871956612762674,0.22204587021145986,0.07102670533780583,0.20899944684944688
2025-07-03,SEA,KCR,5.0,2.0,3.0,2.6,4.4,6.0,4.9,5.0,4.2,4.0,4.4,2.7,4.2,2.95,3.85,2025-07-03,Logan Evans,0.1794110639762813,0.0747846276107145,0.1655008426933185,Seth Lugo,0.2144734834911804,0.0758782685958803,0.1812531340246646,0.24559079189910826,0.0775774968776997,0.20059561195093423,0.22129277964722266,0.07576867148123834,0.22396272097791023,0.1766927027221145,0.08426012712777416,0.20104693185652703,0.22102618587952738,0.07021030642587703,0.20909590498161218
2025-07-04,SEA,PIT,6.0,6.0,0.0,3.0,4.6,5.3,4.8,4.8,3.95,6.8,0.6,6.1,2.4,4.6,3.15,2025-07-04,Bryan Woo,0.2452335330732069,0.0423001439985135,0.2249456259283507,Bailey Falter,0.1462018094070147,0.0925056785482541,0.1552555590820444,0.23809079189910828,0.10257749687769971,0.20373570856929174,0.22018596608805918,0.07777133042972985,0.22238793707861393,0.1974673007482338,0.07386511692799722,0.17870572991639716,0.20756187499716355,0.08371150935073132,0.22896039977784713
2025-07-06,SEA,PIT,1.0,1.0,0.0,3.0,2.2,3.9,3.2,4.85,3.35,2.6,1.4,4.8,2.4,4.0,3.3,2025-07-06,George Kirby,0.2327081290181976,0.0512923861035988,0.1931798654482677,Carmen Mlodzinski,0.1556622471096155,0.0707067994661979,0.1728700138761114,0.2499955538038702,0.11805368735389017,0.23762938673021128,0.22379869451197654,0.07856512610760644,0.22651966882965632,0.17475297803391107,0.07415001721289752,0.16046645144638846,0.20753337682405215,0.0826946560723225,0.2283296684826788
2025-07-20,SEA,HOU,14.0,3.0,11.0,9.4,4.8,6.0,3.7,6.0,4.3,2.4,5.8,5.2,4.5,4.75,4.35,2025-07-20,Bryan Woo,0.2484201453404351,0.0468754903175192,0.2252530161014866,Hunter Brown,0.3078671747779299,0.0746217245759579,0.2663744064272383,0.2483144378730117,0.07666046837523914,0.2200675640149324,0.22421078328290409,0.07771473229053287,0.22307067516315038,0.2542866684576944,0.076303672662699,0.2955114636507657,0.2926120512994772,0.08417593868778177,0.30131553218700174
2025-07-22,SEA,MIL,1.0,1.0,0.0,6.4,5.8,5.5,5.1,5.35,4.45,6.0,2.6,5.9,2.4,5.55,3.05,2025-07-22,Logan Gilbert,0.3559023753388741,0.0576332134684537,0.324152610483868,Jacob Misiorowski,0.3331128759665575,0.1077909394116151,0.2612693853676095,0.19712396168253551,0.07626364297841373,0.15359029128765966,0.2233376787283571,0.0775493265336111,0.22014335256897827,0.21949529228940992,0.0794178044178044,0.2302159327159327,0.24342111499228947,0.0793833218019133,0.2380442489345896
2025-07-31,SEA,TEX,6.0,6.0,0.0,3.2,3.6,2.6,4.7,4.3,4.2,6.2,4.2,5.1,2.9,5.8,3.15,2025-07-31,George Kirby,0.2454165304565762,0.057343072217214,0.2283504332045615,Jacob Latz,0.2425771906470435,0.1065185903421197,0.2668696286906076,0.2339377289377289,0.09666056166056164,0.1812610233174749,0.22406555194690825,0.07924958657461828,0.21802243568873922,0.2908072989961535,0.08342339806736089,0.24338958282570683,0.2301463679429762,0.07294739253661217,0.22170472544046
2025-08-01,SEA,TEX,7.0,4.0,3.0,3.0,3.2,2.9,3.6,4.5,4.05,4.6,4.8,4.7,3.4,5.5,3.45,2025-08-01,Logan Gilbert,0.3618000570313417,0.0591401569989343,0.3270797885780093,Jack Leiter,0.2102733726166855,0.1140033024014717,0.2157943694515586,0.23893772893772894,0.08832722832722831,0.1985404350821808,0.22475586511102727,0.0785291357875763,0.21817945097926938,0.28996696286169965,0.0788015493278651,0.26646650590262994,0.23066088570011797,0.07293332937820438,0.22321315746985743
2025-08-03,SEA,TEX,9.0,5.0,4.0,3.6,3.0,3.3,3.3,4.4,4.2,3.6,5.4,4.9,3.6,5.3,3.45,2025-08-03,Logan Evans,0.1785220509495871,0.0814737449882377,0.1736436148786007,Jacob deGrom,0.2737831403277627,0.0563287830907967,0.2763270261021048,0.2349430199430199,0.0575071225071225,0.19361135706799637,0.22474369027108168,0.07745751762205742,0.21885321373829375,0.29568665983139664,0.08918033720665297,0.2790779087480406,0.23106415885267778,0.07398330190190645,0.22444363690753866
2025-08-05,SEA,CHW,11.0,8.0,3.0,4.0,3.6,3.7,3.7,4.6,4.4,4.8,4.0,5.8,4.7,5.5,4.3,2025-08-05,Bryan Woo,0.2464073366247279,0.0477424159308216,0.2271126701803561,Tyler Gilbert,0.2299744897959183,0.0997874149659863,0.2238491667063095,0.2434900284900285,0.05964387464387464,0.1781227915794309,0.2254777488323315,0.07745278805834963,0.21793756242542936,0.22061762122503806,0.07650158877780358,0.2679357444117473,0.21803995447436916,0.09183700729220624,0.23561949644934385
2025-08-06,SEA,CHW,14.0,8.0,6.0,5.4,3.0,4.3,3.0,4.95,4.55,4.8,4.4,5.0,4.6,5.45,4.4,2025-08-06,George Kirby,0.2475173567850913,0.0599250736550507,0.227151627377042,Tyler Alexander,0.1861597198744414,0.0604001022002547,0.1621061231785429,0.21411939911939912,0.07013338513338511,0.17231633996652768,0.2242973220084434,0.0783682739685236,0.2177802153866098,0.2239509545583714,0.07316825544447025,0.26423515568172207,0.21788030885955173,0.092204231416464,0.23536531109779335
2025-08-09,SEA,TBR,11.0,7.0,4.0,5.6,3.6,4.3,3.4,5.05,4.0,3.0,3.6,3.2,3.9,3.6,4.45,2025-08-09,Logan Evans,0.1763280470303881,0.0752065338352963,0.1781755013906225,Joe Boyle,0.2341225086525838,0.0926094999403269,0.2677585454684232,0.27941854441854436,0.05124449624449623,0.20131661622136213,0.2276410023338898,0.07749843218585489,0.2184367421519092,0.3299701760228076,0.04409356725146197,0.3080833292083292,0.25606606311851343,0.06909511660455803,0.2690531617239473
2025-08-10,SEA,TBR,9.0,6.0,3.0,6.2,3.8,4.9,3.4,4.8,4.05,3.8,4.4,3.2,4.4,3.75,4.6,2025-08-10,Bryan Woo,0.2529935644066078,0.0455723061157843,0.2273601915146528,Adrian Houser,0.1634723206162486,0.0764258720992853,0.1679658531984113,0.3067994967994968,0.05005402005402004,0.24964994955469547,0.22873847567972852,0.0774469926879118,0.2212466002692659,0.3271923982450298,0.04798245614035086,0.29048592661092665,0.2560142164251928,0.06978661133443358,0.2679967632942943
2025-08-22,SEA,ATH,5.0,3.0,2.0,3.4,7.8,4.1,6.0,4.5,4.7,6.6,3.8,5.9,3.4,5.6,3.3,2025-08-22,Bryan Woo,0.2591543571163135,0.0465823062471612,0.2258321951129215,Luis Morales,0.1819291819291819,0.1969881969881969,0.1954887218045112,0.2277286439051145,0.07083276200923258,0.23600711748167943,0.22865958257233682,0.07693025591614,0.2223997656764857,0.27836555553946857,0.09905778601430773,0.2514283323289604,0.24352246303377445,0.09338256628425333,0.26296740874824037
2025-08-24,SEA,ATH,15.0,11.0,4.0,3.8,7.6,3.8,5.9,4.5,4.75,6.6,2.8,5.9,3.4,5.35,3.4,2025-08-24,Logan Gilbert,0.3313074517651176,0.0587756776658378,0.3039345864887581,Jacob Lopez,0.2641025915668364,0.086229185986909,0.2474371934615817,0.241263997440468,0.06638831756478814,0.23661047185024678,0.22999022768893956,0.07695883472955135,0.22328525277400518,0.27760721801642513,0.09572277679694559,0.2527520962843033,0.2435090980839997,0.09285494740070388,0.2627231688737588
2025-08-25,SEA,SDP,15.0,9.0,6.0,5.4,7.0,4.8,6.3,5.0,4.65,5.0,3.0,3.9,3.4,4.4,3.45,2025-08-25,Bryce Miller,0.1859753347916443,0.1054887653317027,0.2062738494562429,JP Sears,0.2003597548734848,0.0597573812533766,0.1833007654943761,0.228763997440468,0.08513831756478814,0.22424683548661042,0.22918877556917666,0.07780266041863874,0.22341284626427993,0.28599464261228963,0.08521598227480578,0.26122193545514777,0.2560121265284589,0.08085010311621453,0.24841168910074274
2025-08-27,SEA,SDP,7.0,4.0,3.0,6.2,6.0,5.7,6.7,5.25,5.05,4.4,5.0,5.0,4.0,4.6,3.75,2025-08-27,Bryan Woo,0.2604548494983277,0.0480523473306081,0.2281032551344916,Yu Darvish,0.2224866238399913,0.0828530402059813,0.2209072831021157,0.21667249417249415,0.07304681429681428,0.22912002389240754,0.2290840153684706,0.07705040654434009,0.22351503403975442,0.2955497804569012,0.08518813487853734,0.26830184787988776,0.25633167201489043,0.08074452653570335,0.24892666876550784
2025-09-08,SEA,STL,6.0,4.0,2.0,7.6,4.6,5.5,4.7,5.6,5.7,3.2,3.0,3.2,3.8,4.3,5.3,2025-09-08,Bryan Woo,0.2551012916230307,0.051024900726994,0.2229087049093051,Miles Mikolas,0.1480370974948905,0.0559037555141038,0.1496167216915552,0.2570731899679268,0.06575091575091573,0.24825105010581422,0.2310413003054955,0.07626023236298175,0.2252448253730453,0.23095252211556558,0.07045082815734989,0.24708418424578066,0.21830511022328242,0.07950085698513758,0.23406522175122746
2025-09-09,SEA,STL,8.0,5.0,3.0,7.4,3.8,5.5,4.6,5.25,5.35,3.2,3.6,3.3,4.0,4.0,4.9,2025-09-09,George Kirby,0.2325284132025139,0.0571667797188693,0.2343804945645171,Matthew Liberatore,0.1824208880380768,0.0613015645600137,0.181680574416268,0.2839962668910037,0.07575091575091572,0.262260711941563,0.232909069053374,0.07642509186046104,0.22676704494993002,0.2224676736307171,0.06620840391492563,0.24534505381099808,0.2180499568777922,0.07958063484474563,0.2338270034173028
2025-09-14,SEA,LAA,13.0,11.0,2.0,6.8,2.2,5.6,4.2,5.3,4.6,4.6,4.8,4.2,6.1,3.55,5.8,2025-09-14,George Kirby,0.2259019925423882,0.0593084407329258,0.2257864698362912,Kyle Hendricks,0.1498017191484154,0.0651892528448688,0.159609514578445,0.300915731327496,0.02813186813186812,0.26586005633038107,0.23639690055057544,0.07386049146245899,0.22846275850457187,0.26226233734131393,0.04292777689496263,0.2807944176270447,0.23774623215125656,0.08881106251287504,0.2563609755886765
2025-09-23,SEA,COL,7.0,4.0,3.0,4.8,2.8,5.9,2.8,5.7,3.7,4.2,5.4,3.9,5.7,3.7,6.2,2025-09-23,Bryce Miller,0.1968118470170815,0.0888925737845932,0.2090675450054405,McCade Brown,0.1148795648795648,0.1359906759906759,0.1716751556310129,0.2670851501439736,0.04134803921568627,0.24562214145765093,0.23612697349547218,0.07319675397476444,0.22765843776542846,0.24453799823365036,0.05875342049255091,0.2526122730873389,0.20006834795235437,0.08972227649411553,0.24051290377981
2025-09-25,SEA,COL,8.0,6.0,2.0,6.0,2.4,6.5,2.9,6.0,3.5,3.0,4.6,4.0,6.6,3.55,6.2,2025-09-25,Emerson Hancock,0.1407577640040731,0.0699232520177686,0.1631365217980344,Bradley Blalock,0.1069934127494416,0.0749770747614436,0.1516870248808085,0.2528254098842334,0.055633753501400554,0.22264778248329198,0.23720674055791643,0.07317437191721769,0.22754202131854376,0.24765155134720346,0.06265451939364981,0.25536606096612674,0.20183059309581464,0.08980716630341243,0.24223924600277366
2025-09-26,SEA,LAD,5.0,2.0,3.0,6.4,2.8,6.6,2.8,6.1,3.5,5.2,3.2,6.2,3.5,5.25,3.35,2025-09-26,George Kirby,0.2487538775178736,0.0539167643026598,0.2329284113136244,Emmet Sheehan,0.296708410636982,0.0801159554730983,0.3012766723611139,0.24955268261150615,0.06763375350140055,0.22765420096852945,0.23722430822736354,0.07346887272276978,0.22841190582934906,0.24489832535885164,0.10942583732057413,0.2621021870017372,0.2415827411734194,0.08157412052231212,0.2442561610212291
2025-09-27,SEA,LAD,8.0,3.0,5.0,5.6,2.6,5.7,2.9,6.1,3.15,4.6,3.0,5.2,3.0,5.15,3.25,2025-09-27,Logan Gilbert,0.3265534368695124,0.0566317143319431,0.3053979104455429,Andrew Heaney,0.1498807467989053,0.076236327847581,0.1707463739272795,0.23621934927817279,0.06430042016806721,0.21217801049233892,0.23740832296760916,0.07342635893491914,0.22810040284648708,0.24358253588516746,0.104455077086656,0.2693485638133314,0.24163601496346104,0.08140944606049721,0.24491166688157906
2025-04-23,SFG,MIL,6.0,4.0,2.0,3.0,4.4,4.9,4.6,4.3,3.7,6.6,3.0,5.0,3.5,5.4,3.55,2025-04-23,Logan Webb,0.3269762845849802,0.0606060606060605,0.2562853654282225,Freddy Peralta,0.2921358641358641,0.0796623376623376,0.3448095764009657,0.21802262065419958,0.09715570978728871,0.21545432297587466,0.23952376993205163,0.0890097493522416,0.23914799884761961,0.2505624387689605,0.08143901388466604,0.23550124256137472,0.2585132998575687,0.08731522463632413,0.23670364453773762
2025-04-24,SFG,MIL,11.0,6.0,5.0,3.8,4.4,4.8,4.4,4.4,3.65,6.0,3.2,4.8,3.4,5.45,3.2,2025-04-24,Landen Roupp,0.3115384615384615,0.0908653846153846,0.3481878586529749,Tyler Alexander,0.2504646277529572,0.1001295509304662,0.1910224443312678,0.20611785874943767,0.09715570978728871,0.2154543229758747,0.23660948580143626,0.08544935937815193,0.23758207889371483,0.2639403651903652,0.06739219114219111,0.24814492072229427,0.2604804601709583,0.08689953872779423,0.24056883208956145
2025-04-25,SFG,TEX,2.0,0.0,2.0,4.4,5.0,4.4,4.5,4.4,3.75,3.4,3.6,3.0,2.8,3.2,3.5,2025-04-25,Justin Verlander,0.2054945054945054,0.1019980019980019,0.2592230422817528,Nathan Eovaldi,0.2635535479013739,0.0181818181818181,0.2691235204441184,0.19659404922562812,0.10477475740633632,0.2279830586080586,0.23666663012042863,0.08765735105042081,0.24254687073113604,0.23161227661227662,0.06861111111111111,0.20250270197638615,0.23828662473172454,0.0675248415209849,0.2231770292018994
2025-04-26,SFG,TEX,5.0,3.0,2.0,3.6,4.4,4.0,4.1,4.05,3.75,3.0,3.0,3.1,2.5,3.25,3.5,2025-04-26,Robbie Ray,0.2403732981993851,0.1668620992534035,0.2420879434358253,Tyler Mahle,0.256021756021756,0.1445415695415695,0.2634189738722578,0.22659404922562815,0.09477475740633633,0.24155448717948716,0.24271601419004238,0.08441078249299781,0.24414566387866013,0.25161227661227664,0.06861111111111111,0.16916936864305282,0.25275515974245555,0.0648238478601455,0.21691661470049012
2025-05-01,SFG,COL,7.0,3.0,4.0,2.6,3.6,3.5,4.3,3.8,4.1,2.4,5.8,3.0,5.4,3.15,6.35,2025-05-01,Justin Verlander,0.2074773053033921,0.0922447118099291,0.2463222322044909,Kyle Freeland,0.1803277990634312,0.0372222222222222,0.2119722021170014,0.24308977572135465,0.05636205899363792,0.2505174611424611,0.2431911151201074,0.07582321608837136,0.24763282610995188,0.2347535850204446,0.07371021062887397,0.23407262966502093,0.19823781408089522,0.11667595835885644,0.23433531597619836
2025-05-02,SFG,COL,4.0,4.0,0.0,3.2,4.0,3.4,4.2,3.95,4.2,2.4,5.2,3.2,5.4,3.3,6.15,2025-05-02,Robbie Ray,0.2496937978822036,0.1452245888840091,0.2701923338155687,Antonio Senzatela,0.0931774264382959,0.0379689754689754,0.157205857749336,0.2366795193110982,0.04931077694235587,0.25289841352341347,0.2407997261059374,0.07605790725227643,0.24584668124639683,0.18475358502044462,0.06537687729554063,0.2053395979908128,0.1918430458847373,0.11291221776663526,0.22867364544186178
2025-05-03,SFG,COL,9.0,6.0,3.0,3.4,3.6,3.3,4.0,4.15,4.15,2.2,4.4,2.9,5.7,3.2,5.5,2025-05-03,Jordan Hicks,0.1884784256223536,0.0864980879523607,0.1975136390367037,Bradley Blalock,0.125,0.0333333333333333,0.1525641025641025,0.21763190026347914,0.035025062656641584,0.2312200918450918,0.23855326975929284,0.07375312218402563,0.24115160275132697,0.1896146961315557,0.06537687729554063,0.21729611972994323,0.1893201729230615,0.10938371096142792,0.2293400940218036
2025-05-04,SFG,COL,12.0,9.0,3.0,4.0,3.8,3.6,3.2,4.25,3.9,2.2,4.4,2.8,5.6,3.0,5.7,2025-05-04,Logan Webb,0.301014806449589,0.06511544011544,0.2489684977351348,Germ\xc3\xa1n M\xc3\xa1rquez,0.1183599277802175,0.0953032742887815,0.1795488762972338,0.2257020757020757,0.03642857142857141,0.2329562029562029,0.2354585657467646,0.07354469702175036,0.23732688240896765,0.19525379387591663,0.08868514797223236,0.21729611972994323,0.19007670447950553,0.11472706171151452,0.22807221238477926
2025-05-12,SFG,ARI,3.0,1.0,2.0,3.2,3.6,3.6,3.7,3.35,3.6,4.2,6.4,3.8,5.0,4.65,5.15,2025-05-12,Justin Verlander,0.193465121834687,0.0860882957622087,0.2432720795587736,Merrill Kelly,0.1839982179656092,0.06582674571805,0.181962880286051,0.2923171355498721,0.08521710713270814,0.23745944221233053,0.25517307132248906,0.07811440902601448,0.24515151296419058,0.16802990436723103,0.06491725178796115,0.20286610724792173,0.23394420650854728,0.0767833961241717,0.23682793869281504
2025-05-13,SFG,ARI,16.0,10.0,6.0,1.6,3.4,3.3,3.2,3.4,3.6,4.4,5.2,3.6,4.9,4.25,5.0,2025-05-13,Robbie Ray,0.2561109281217976,0.1302046735470648,0.2594192859573101,Brandon Pfaadt,0.2034487402693924,0.0463741351241351,0.2135251976284584,0.31315046888320547,0.0768837737993748,0.2517451564980448,0.25802609343385835,0.0762545421444427,0.24725108011583682,0.17993466627199295,0.07086963274034211,0.18248567246531303,0.23517682744201726,0.07835658057019483,0.23565346396203374
2025-05-14,SFG,ARI,15.0,7.0,8.0,3.2,2.8,4.0,3.3,3.75,3.8,4.6,6.6,4.0,5.6,4.25,5.4,2025-05-14,Jordan Hicks,0.2142754858834319,0.0767783278690324,0.2196723914396899,Eduardo Rodr\xc3\xadguez,0.2555164742664742,0.0815349927849927,0.2061054895234099,0.2964838022165388,0.08402663094223195,0.2586542474071357,0.25202548660981516,0.07614231026732943,0.24522198522942198,0.1929781445328625,0.07187297722194745,0.20099498923549933,0.2327409659342656,0.07855657920203053,0.23548876546457778
2025-05-16,SFG,ATH,10.0,9.0,1.0,4.0,4.2,4.4,3.7,3.9,3.95,5.8,9.6,4.8,8.0,4.55,6.3,2025-05-16,Logan Webb,0.29496918808513,0.0626970765859654,0.2497532760162159,JP Sears,0.2021029152007412,0.0381868131868131,0.1807170646382013,0.29877546888320544,0.09298496427556528,0.27554313629602467,0.24984877100504663,0.07796293957943558,0.24601239465602606,0.2033692677329102,0.10147195896489203,0.22716238616393417,0.2515924282884556,0.10690090116360715,0.2746697063411876
2025-05-18,SFG,ATH,5.0,3.0,2.0,5.6,3.8,4.9,3.8,4.1,3.9,3.8,10.0,4.3,8.0,4.35,6.35,2025-05-18,Justin Verlander,0.1925451288736312,0.0806381559038563,0.2356862929411321,Jeffrey Springs,0.1816612237664868,0.113387002860687,0.2266432032644481,0.39597003901895206,0.08303021314434357,0.3522693267722151,0.2657416338041583,0.0762454873569183,0.2567835948883727,0.21638514074878318,0.11599576848870155,0.2469647200529553,0.25266190863202176,0.10867125535732194,0.2756136360871245
2025-05-19,SFG,KCR,4.0,1.0,3.0,6.0,3.8,4.6,3.7,4.1,3.45,1.8,3.6,3.0,3.7,3.55,2.95,2025-05-19,Robbie Ray,0.2633684440447725,0.1276422495021528,0.2709989612549827,Kris Bubic,0.2520780408016614,0.0633384909484578,0.2838549268878861,0.38497003901895205,0.06703021314434357,0.3467520853929048,0.2654067054253464,0.07462324294506897,0.2586568712994052,0.20843517593517596,0.05210067710067708,0.20713783615911274,0.22228506223523636,0.06399785822192942,0.2069426350210546
2025-05-20,SFG,KCR,5.0,3.0,2.0,6.0,4.0,3.8,3.7,3.95,3.5,2.2,3.4,3.1,3.7,3.6,3.0,2025-05-20,Kyle Harrison,0.3333333333333333,0.074074074074074,0.2862155388471177,Michael Lorenzen,0.1998244178437415,0.0677412299634521,0.2270328627474713,0.3649700390189521,0.06703021314434357,0.3193011050007479,0.2598773990623184,0.07515192538371337,0.254493676676746,0.17843517593517594,0.05210067710067708,0.18744086646214303,0.22183026504676215,0.06269177948270636,0.20612067648320997
2025-06-04,SFG,SDP,11.0,6.0,5.0,2.0,2.0,2.2,2.6,3.05,2.8,5.0,5.4,3.3,5.5,4.6,5.7,2025-06-04,Kyle Harrison,0.3188453159041394,0.0648148148148148,0.325125313283208,Nick Pivetta,0.2853205057199232,0.0735591043725014,0.2300317815558664,0.2784757347915242,0.07355889724310775,0.23022363615722247,0.2592203923193107,0.07441491741439166,0.2513003945116715,0.27325571974178786,0.08534679931351755,0.25634728826931286,0.26118507862801793,0.0842790959172352,0.26109615965480465
2025-06-05,SFG,SDP,5.0,3.0,2.0,3.0,2.4,2.4,2.3,3.2,3.0,4.4,5.4,3.8,5.8,4.7,5.4,2025-06-05,Robbie Ray,0.2777400082472546,0.1089368153317428,0.2647358989457722,Dylan Cease,0.2893326283429258,0.0769877840186764,0.3076999309839582,0.2684757347915242,0.0791144527986633,0.22222363615722251,0.25772759029265513,0.07411073415860397,0.2504729687937413,0.2547372012232693,0.08534679931351756,0.24066101375950893,0.2585975964294506,0.08474171686885375,0.2596370980786062
2025-06-07,SFG,ATL,5.0,3.0,2.0,3.0,2.0,2.3,2.5,3.3,2.95,4.0,4.8,3.7,4.4,4.3,3.85,2025-06-07,Logan Webb,0.2761586703894396,0.0514924534155303,0.2486574849474992,Bryce Elder,0.1830582815876933,0.0783893557422969,0.1854188291792544,0.2810839598997493,0.07613826232247282,0.22346765529597845,0.25813714476267635,0.07244581538281426,0.2483088165093675,0.27480911330049257,0.0970470717022441,0.3108572070356967,0.24714722541234121,0.09018548212455155,0.26581623926926645
2025-06-08,SFG,ATL,7.0,4.0,3.0,3.2,2.4,2.6,2.4,3.4,2.95,3.4,5.4,3.6,4.2,4.2,3.85,2025-06-08,Landen Roupp,0.2190716228216228,0.0823663836163836,0.240456159412641,Spencer Strider,0.2187941444520391,0.0977899293688767,0.2853535353535353,0.23108395989974934,0.08447159565580616,0.19568987751820066,0.2541658040740198,0.07261331565897611,0.24705278343486442,0.27480911330049257,0.07829707170224409,0.28668138285987255,0.24719250754865327,0.08875396653527295,0.2638645075801851
2025-06-17,SFG,CLE,5.0,2.0,3.0,6.4,6.6,5.4,5.0,3.8,3.8,3.2,4.0,3.0,3.7,3.4,3.85,2025-06-17,Robbie Ray,0.2807839526473066,0.1030342770870721,0.2737342503784274,Slade Cecconi,0.2625454545454545,0.0623636363636363,0.2727679566810001,0.1873322959373593,0.09752185254407363,0.21184005009192974,0.2479504660766418,0.0773622783788081,0.24510728564071194,0.1698983071489465,0.07011630739252221,0.222566336557077,0.2482195108954166,0.07840856625686585,0.2636508363868615
2025-06-18,SFG,CLE,6.0,2.0,4.0,4.8,5.8,5.0,4.8,3.7,3.55,3.8,4.2,2.9,3.9,3.2,3.95,2025-06-18,Justin Verlander,0.1782906159862681,0.0975743403134707,0.2321176636470189,Logan Allen,0.2074320965792537,0.0944377776317575,0.2016478971439752,0.1651100737151371,0.09752185254407363,0.2171032079866666,0.24607595436478527,0.07630252114074224,0.24463357372494154,0.17761760539456053,0.0806426231819959,0.23309265234655072,0.2476886208235019,0.0787867999419063,0.2643851833910495
2025-06-19,SFG,CLE,3.0,2.0,1.0,3.8,5.0,4.9,5.0,3.6,3.75,2.4,4.2,3.3,3.7,3.25,4.0,2025-06-19,Logan Webb,0.2777819587819587,0.0526267929601262,0.2508470689650813,Gavin Williams,0.2304760948312762,0.1283897738114802,0.2635031867966678,0.17284816895323232,0.10764090016312125,0.21972558560904423,0.24661160749112987,0.07720190792069359,0.24444621773905353,0.18333189110884623,0.05873786127723398,0.22892598567988404,0.24702627886761994,0.07861846475752796,0.2641853891772849
2025-06-20,SFG,BOS,12.0,5.0,7.0,3.0,4.8,4.8,4.9,3.7,3.65,2.2,2.4,4.5,3.9,4.7,4.1,2025-06-20,Hayden Birdsong,0.2348084983364588,0.0938273532023531,0.2529508911907935,Hunter Dobbins,0.1822914099437918,0.0456456798562061,0.2027311719028637,0.2228481689532323,0.09930756682978792,0.23382814971160837,0.24999011939124813,0.07617254914841767,0.2452894989384303,0.27973698197227603,0.11139718451483156,0.2770238095238095,0.23336346043019382,0.0875733376930125,0.25746289399342615
2025-06-21,SFG,BOS,5.0,3.0,2.0,3.0,4.0,4.9,5.3,3.8,3.9,2.8,2.8,4.6,3.5,5.0,4.1,2025-06-21,Landen Roupp,0.1934899624185338,0.0982920650777793,0.2171597012652569,Brayan Bello,0.1751240707762446,0.1078535635057373,0.1740891570966893,0.20163604774111113,0.09930756682978792,0.2306933534733638,0.25108674062732816,0.07517027876488586,0.24523804908851443,0.28973698197227604,0.10139718451483155,0.2848160173160173,0.23487822068434716,0.08838407356712921,0.2588417702225552
2025-06-22,SFG,BOS,14.0,9.0,5.0,2.8,3.4,4.6,5.0,3.9,3.85,2.8,3.4,3.8,3.1,4.15,4.0,2025-06-22,Robbie Ray,0.2748855352913323,0.1012935304094724,0.2737859539479702,Lucas Giolito,0.2026835000748043,0.0759611081350211,0.1854452274817465,0.1889167494954971,0.07299177735610371,0.221375171655182,0.24890812494818537,0.0741940413783289,0.24441441444864,0.29040364863894275,0.08539718451483155,0.273982683982684,0.2340037135815564,0.08725094441883267,0.25766003812568483
2025-06-24,SFG,MIA,6.0,2.0,4.0,4.2,3.8,4.5,4.8,4.3,3.95,2.8,3.6,4.2,3.9,3.3,3.95,2025-06-24,Justin Verlander,0.1868757665990867,0.0928361771444774,0.2342718718144146,Cal Quantrill,0.1749155917134206,0.0651486199500256,0.1828116146096518,0.20915484473359233,0.08072987259419895,0.22869660022661056,0.24892212334628555,0.07484539982219648,0.24368474246852925,0.1608024796840586,0.054671527303106225,0.20387541582458463,0.2061679535072225,0.07993258351850946,0.23097482560435062
2025-06-26,SFG,MIA,17.0,5.0,12.0,4.2,3.8,4.0,4.4,4.25,3.95,3.2,3.2,3.5,3.2,3.45,4.05,2025-06-26,Hayden Birdsong,0.2316914208942072,0.0909818939230703,0.2516460876365838,Janson Junk,0.2505041255041255,0.0155122655122655,0.2163107311031539,0.21326315472425525,0.05720046082949307,0.20710929863930896,0.24646891153246972,0.07475997911235585,0.24056881438300648,0.18046517809675702,0.06308422571580465,0.2021494606203685,0.20800410284749313,0.08042678263871049,0.22958602479918516
2025-07-07,SFG,PHI,4.0,3.0,1.0,4.8,5.0,3.6,4.8,3.8,4.6,4.6,3.6,4.4,2.7,4.5,3.05,2025-07-07,Landen Roupp,0.1980619678701519,0.1049086335659225,0.2210225443300607,Cristopher S\xc3\xa1nchez,0.2596457213337008,0.0731327751532354,0.2707724495568661,0.22566738816738816,0.04658119658119656,0.1949676980864251,0.24415763115857175,0.07162900327556038,0.23550202368338632,0.1906734453286177,0.08398541114058354,0.23642869882784315,0.23805745410530438,0.08356998901265497,0.22363810978441107
2025-07-08,SFG,PHI,7.0,4.0,3.0,5.0,3.6,3.4,3.7,3.65,4.55,4.0,3.0,4.4,2.8,4.0,3.0,2025-07-08,Robbie Ray,0.2723125396037192,0.0933491227257784,0.2685213918833558,Taijuan Walker,0.2022396221507811,0.0833215158332939,0.200817798523447,0.2107864357864358,0.045390720390720375,0.18587678899551602,0.24304443897943517,0.07162680072779128,0.23424609068919658,0.179959159614332,0.07148541114058354,0.2291559715551159,0.23699967286921367,0.08264143357918102,0.22337546412013984
2025-07-09,SFG,PHI,13.0,0.0,13.0,4.4,3.8,3.5,3.9,3.6,4.15,3.6,3.6,3.4,3.2,3.9,3.1,2025-07-09,Justin Verlander,0.1919207902748274,0.0858068306204951,0.2298690757533426,Jes\xc3\xbas Luzardo,0.2700029722023966,0.0873704015900525,0.2827849857669549,0.2003697691197691,0.043307387057387035,0.18599800111672815,0.24108199942531086,0.07152759637205441,0.23301746058618492,0.20376868342385582,0.0762473159024883,0.23769763822178253,0.23701171204752167,0.08225657219500374,0.22332463484409434
2025-07-11,SFG,LAD,15.0,8.0,7.0,4.0,4.2,3.5,5.1,3.4,4.55,1.6,8.2,3.5,5.8,4.85,5.2,2025-07-11,Logan Webb,0.2732865088128246,0.0553820545925808,0.2412254111682029,Dustin May,0.2239610852110851,0.0876938455063454,0.1908539435599485,0.18406542129368214,0.056350865318256595,0.17849800111672814,0.23942473622438423,0.07216100697674947,0.23239361692396787,0.30761921784607804,0.09020293244431173,0.3029744176183804,0.24691380106062977,0.06866324764602189,0.23949589281220163
2025-07-12,SFG,LAD,3.0,1.0,2.0,4.2,5.2,4.1,5.3,3.7,4.75,2.8,6.2,3.7,5.7,4.8,5.3,2025-07-12,Landen Roupp,0.194995033147207,0.1043713814365988,0.2128085547399083,Shohei Ohtani,0.2857142857142857,0.0357142857142857,0.2418192918192917,0.18406542129368214,0.05490855762594891,0.18064085825958526,0.23687766456242268,0.07205823030678406,0.23068122282295303,0.2930358845127447,0.09899922874060803,0.31277833918700787,0.24627494298470903,0.06926901917670983,0.23976696796855368
2025-07-25,SFG,NYM,9.0,1.0,8.0,6.4,5.2,4.5,5.5,3.95,4.6,4.2,3.4,4.1,3.9,4.0,5.05,2025-07-25,Logan Webb,0.2608060202887789,0.053733736311733,0.2324238980864239,Clay Holmes,0.1831789751057485,0.0944207579224741,0.2068021288341635,0.22392441034384766,0.05076406649616366,0.22131003633067614,0.23939988284869684,0.06949195618814355,0.23186967389446836,0.2243333964885689,0.07236042692939243,0.23626847400934384,0.24334161879559021,0.09088898063681405,0.2479406547834399
2025-07-26,SFG,NYM,3.0,1.0,2.0,6.0,5.6,4.2,6.0,3.85,4.95,5.4,2.6,4.6,3.3,4.35,4.65,2025-07-26,Robbie Ray,0.2622472498943479,0.1009292122893271,0.258528407375003,David Peterson,0.2028128648989355,0.0777993097672731,0.2157676386420839,0.24680770553835568,0.04298374613003095,0.2310827636034034,0.240141529361663,0.0693282632052234,0.2322663496112917,0.2543333964885689,0.0640270935960591,0.24619755202352822,0.24550982314385308,0.090006563349078,0.24876970991499225
2025-07-29,SFG,PIT,4.0,1.0,3.0,3.8,4.8,4.2,5.1,4.1,5.1,5.6,2.2,4.0,3.9,3.0,3.9,2025-07-29,Justin Verlander,0.1829263651002781,0.0912059986996048,0.2215706404995523,Bailey Falter,0.1547559621125568,0.0820661993387605,0.1586406848816016,0.28085267487744264,0.06318957170350356,0.241581950904128,0.24127384167586943,0.07033367326295034,0.23241263794210357,0.307921059332824,0.07580952380952378,0.2771975789947926,0.21847828986770565,0.07778241280720942,0.2354277401874322
2025-08-10,SFG,WSN,8.0,0.0,8.0,4.6,2.4,5.0,4.2,4.65,4.55,2.6,6.0,3.2,8.4,3.65,6.1,2025-08-10,Justin Verlander,0.1909436855203445,0.0866292907025172,0.226748901457634,MacKenzie Gore,0.2762303306159638,0.0841257625662162,0.273439019584749,0.19411959935489345,0.08093534080298785,0.19998746697679629,0.23720882078613012,0.07124761011985013,0.22961736458302534,0.2016697518168106,0.10555207047854105,0.22014375269868913,0.19374376910940572,0.09483810667426772,0.21761722218417734
2025-08-11,SFG,SDP,5.0,1.0,4.0,3.8,3.0,4.7,4.5,4.25,4.6,4.0,4.6,4.8,3.9,4.55,3.45,2025-08-11,Logan Webb,0.2704366474840612,0.0554114026671497,0.2349609671107991,Yu Darvish,0.1975891157956375,0.0963383838383838,0.2288257380109847,0.1824236929221449,0.08093534080298785,0.17955889554822485,0.23608108007765666,0.07063865618720185,0.22796007331064297,0.293381764434396,0.07163879005984267,0.26326118427088036,0.2520503458471597,0.08208575796282812,0.24873299507183813
2025-08-12,SFG,SDP,6.0,1.0,5.0,2.4,3.6,4.3,4.3,4.25,4.7,3.4,4.2,4.5,3.4,4.4,3.4,2025-08-12,Robbie Ray,0.2574150616062724,0.0982489581890586,0.2584913057687029,Nestor Cortes,0.184453781512605,0.1797852474323062,0.2358337600273083,0.18575702625547824,0.0642686741363212,0.19610301319528367,0.23577530821259177,0.07004002350764929,0.22901923520182896,0.2905246215772531,0.07163879005984267,0.26683261284230897,0.253314872805731,0.08138417028793216,0.24874382417378824
2025-08-15,SFG,TBR,13.0,6.0,7.0,1.0,6.4,3.8,4.4,4.2,5.0,4.4,5.0,3.7,4.3,3.6,4.65,2025-08-15,Landen Roupp,0.2051318934688499,0.0982069705656662,0.2177618893923965,Joe Boyle,0.2377519319131161,0.1139280492898913,0.2663400093361524,0.18285506547116454,0.06652077497665732,0.1857739528014684,0.23282611189924465,0.07139369818588313,0.22760390426316493,0.30408051013314175,0.07670040485829958,0.25900546263046265,0.2581675926145698,0.07040396429731309,0.26786273170414593
2025-08-16,SFG,TBR,3.0,1.0,2.0,1.8,7.0,3.2,4.7,4.2,4.95,5.0,4.8,4.4,4.6,3.75,4.8,2025-08-16,Justin Verlander,0.1929349627827888,0.0842209030904682,0.2224114563847523,Adrian Houser,0.1632052190303833,0.079777728091648,0.1755582234652002,0.17708583470193373,0.06411692882281114,0.1890297667549568,0.23249124892741366,0.07112153157659103,0.22764484835631962,0.3229552832728876,0.06435920703615802,0.2687094099988837,0.25802998374350633,0.07010952818520963,0.26825557385152354
2025-08-17,SFG,TBR,8.0,7.0,1.0,2.0,5.8,2.9,4.4,4.0,4.6,4.8,3.8,4.5,4.2,3.4,4.3,2025-08-17,Logan Webb,0.2639048958704131,0.0546235179890352,0.2296441610794284,Ryan Pepiot,0.2297995479671641,0.0875456465462462,0.2200997538253229,0.1618897562705612,0.06901888960712486,0.1813374590626491,0.23126864306188838,0.07190468842159166,0.22640942400030944,0.33009814041574476,0.07060920703615803,0.26614530743478115,0.25999721964803063,0.07004766210240304,0.26899312495008315
2025-08-26,SFG,CHC,7.0,5.0,2.0,4.0,5.0,3.9,4.3,3.85,4.35,4.8,2.6,4.1,2.9,3.45,2.9,2025-08-26,Justin Verlander,0.19920494452115,0.0787289595194733,0.2238038033249814,Drew Pomeranz,0.277906976744186,0.0682170542635658,0.2302887680794657,0.19043231704357022,0.06090172969968364,0.19107790689322834,0.22956505075650047,0.07058662368694472,0.22479421215778517,0.3332359307359307,0.0794083694083694,0.28973606909422056,0.21886302153884357,0.07036088961400513,0.20736506340346347
2025-08-27,SFG,CHC,15.0,12.0,3.0,4.8,3.8,3.8,3.8,3.5,4.25,4.4,3.0,4.0,3.3,3.45,3.0,2025-08-27,Carson Whisenhunt,0.1589158390628978,0.1134485612426788,0.246460137085137,Colin Rea,0.1692761324826542,0.0641735860757599,0.1754711812195674,0.22120154781280102,0.05705557585352981,0.20591733103497808,0.23162943968202337,0.07004779449849476,0.2259862592478203,0.292958152958153,0.0794083694083694,0.26402178337993487,0.21888886154410034,0.06981965200158971,0.20686884863003024
2025-08-28,SFG,CHC,7.0,4.0,3.0,6.4,2.8,4.9,3.9,3.9,4.15,4.8,4.6,3.9,4.2,3.55,3.35,2025-08-28,Logan Webb,0.2610847801269257,0.0535402944342918,0.2284495377706917,Shota Imanaga,0.2148411472701043,0.0404487086697941,0.2124184411960216,0.2513297529410061,0.048081216879170836,0.22899425411190116,0.23278842411333672,0.07009987997140826,0.22660524446330882,0.2774501315677786,0.07619981325863676,0.25925987861803007,0.2181160233553937,0.06973571213449181,0.2074707221955589
2025-08-29,SFG,BAL,23.0,15.0,8.0,6.4,2.4,4.6,4.1,3.7,4.25,2.0,3.4,4.5,4.6,3.85,4.4,2025-08-29,Robbie Ray,0.2432863225673988,0.0966796140176743,0.251301501659188,Dean Kremer,0.2001777863501151,0.0604853866233904,0.2086592703657778,0.25767895929021245,0.05125582005377401,0.21899425411190115,0.2331863629223664,0.07064692706077468,0.22640520503125386,0.1886548397136632,0.07321568627450978,0.25851499020075214,0.2540048957294852,0.09117423808629933,0.2552840084434782
2025-08-31,SFG,BAL,15.0,13.0,2.0,7.4,5.4,5.7,5.2,4.05,5.1,4.6,5.4,4.6,5.9,4.65,4.3,2025-08-31,Justin Verlander,0.1985953897674124,0.0785265731957603,0.2208364882045716,Tomoyuki Sugano,0.1533076585250498,0.0557042773651469,0.1631933524164583,0.28307578468703787,0.04887486767282162,0.23751363913863913,0.23349424278971287,0.0701294064482341,0.2269609865055383,0.20902521008403357,0.059525210084033595,0.24711964136354286,0.25394556394090023,0.09127853508819543,0.25436162692304076
2025-09-08,SFG,ARI,16.0,11.0,5.0,6.0,4.2,7.1,4.7,6.0,4.3,5.2,3.2,4.8,2.8,5.1,4.05,2025-09-08,Logan Webb,0.2623265821244417,0.0529826565736196,0.2332153867400293,Anthony DeSclafani,0.2209436730827104,0.0587492053401144,0.241198460196184,0.2004114594555771,0.05839279571477711,0.22695993365998435,0.23050835617969168,0.06927543741812436,0.22663022257575074,0.21702797202797197,0.09526307026307022,0.21685742598786076,0.21463827147701886,0.0824243709595186,0.23445326258280655
2025-09-09,SFG,ARI,8.0,5.0,3.0,6.8,4.4,7.8,4.9,6.2,4.5,5.2,4.8,5.0,3.7,4.95,4.5,2025-09-09,Robbie Ray,0.2468841310423744,0.0962816469067375,0.2536520612264588,Zac Gallen,0.217471337313916,0.0793574583004867,0.2071071948886912,0.19684003088414853,0.044107081429062826,0.22195993365998437,0.2306446613812323,0.0687909937998158,0.22609434689340283,0.21059940059940058,0.08597735597735595,0.20615508485073702,0.2141924902944187,0.08220075460807365,0.23389735148807103
2025-09-13,SFG,LAD,20.0,7.0,13.0,4.8,4.0,7.0,3.8,6.35,4.5,5.4,1.8,4.3,3.2,4.2,3.35,2025-09-13,Logan Webb,0.2625567216946527,0.0537806705852682,0.2321082071820283,Clayton Kershaw,0.1756578680289812,0.0692123369468907,0.2138830286129774,0.19296394281451207,0.04489668985873917,0.21422070815468208,0.22911891921066,0.06864178032187489,0.22470507027256503,0.2924091431444372,0.12263197586726997,0.3240161162251275,0.24181269271704597,0.07922674861239491,0.24261858903665928
2025-09-14,SFG,LAD,12.0,2.0,10.0,5.8,6.0,6.4,4.9,6.65,4.75,7.4,2.4,5.1,3.5,4.7,3.3,2025-09-14,Robbie Ray,0.24742658983219,0.0965810306063375,0.2524433693305044,Tyler Glasnow,0.2831846366194191,0.1287803878890835,0.2650517871654818,0.18498673483730407,0.05600780096985027,0.20152811827940695,0.22806419237299613,0.06893068733404656,0.22418963557828067,0.31054639804639805,0.11160256410256411,0.3314446876536989,0.243010322675605,0.07954026403285797,0.24342257130353148
2025-09-22,SFG,STL,11.0,5.0,6.0,3.4,4.4,3.5,6.1,5.65,5.5,4.6,3.8,3.7,4.1,3.4,4.2,2025-09-22,Justin Verlander,0.2056628787557767,0.0804213941178791,0.2211232309793367,Michael McGreevy,0.1518246078863927,0.0423974388184914,0.1717660089247336,0.11219379917655777,0.05937943761219622,0.15827127909088912,0.22240838836465768,0.06848706002010126,0.2210622777464734,0.23509224979813217,0.08112802230449287,0.22831869598996568,0.21918369190732354,0.07988585790230303,0.23315346515428012
2025-09-23,SFG,STL,17.0,8.0,9.0,3.4,4.4,3.5,6.4,5.15,5.4,4.6,2.6,3.9,4.3,3.55,4.05,2025-09-23,Logan Webb,0.259258814700625,0.0544622108415211,0.2293293854096222,Andre Pallante,0.1502949439181323,0.086807575945257,0.2029757977192908,0.1355271325098911,0.06493499316775178,0.18055388778654127,0.22311944570420045,0.06840416576071313,0.22187486626705066,0.23224324694912926,0.07770921888568945,0.21978023445150416,0.21925843731933586,0.07986674318630801,0.2334557008629622
2025-09-27,SFG,COL,7.0,4.0,3.0,5.2,4.4,4.1,5.1,4.95,5.4,2.6,5.2,3.6,5.8,3.2,5.95,2025-09-27,Justin Verlander,0.2027820616573561,0.0805253919470025,0.2209479804520824,Kyle Freeland,0.1695233467922123,0.0500840898232202,0.185710663555868,0.2018643161578466,0.04969963542678925,0.20813250441396888,0.2247010378638126,0.0681455128677846,0.22210865622929,0.2572977022977022,0.10058663558663557,0.26459159153312073,0.20183747258687884,0.09161116402620709,0.24213333334981693
2025-04-25,STL,MIL,5.0,3.0,2.0,4.2,5.0,3.8,4.0,4.95,4.7,6.8,3.8,5.1,3.5,5.45,3.5,2025-04-25,Matthew Liberatore,0.2430555555555555,0.0206228956228956,0.2295274079215834,Tyler Alexander,0.2146839666453919,0.1215396150832567,0.1637335237125153,0.19590811965811963,0.09099067599067596,0.23438486464802252,0.18786949688030263,0.08031890678892871,0.2181861299618509,0.2672736985236985,0.07572552447552447,0.23617910875648226,0.25430813477976755,0.089326479545956,0.23526095787704376
2025-04-26,STL,MIL,11.0,6.0,5.0,4.8,4.8,3.3,3.9,4.85,4.75,4.4,4.2,5.2,2.9,5.5,3.65,2025-04-26,Sonny Gray,0.2585460030165912,0.036025641025641,0.2696253043957411,Quinn Priester,0.1687552213868002,0.1545530492898913,0.2308760115777659,0.19450951825951823,0.08959207459207456,0.2345680148311727,0.18360232688194777,0.08018829794793442,0.21719080543669098,0.24267052392052388,0.07572552447552447,0.21969559227296576,0.2501803202641148,0.0860180914146243,0.2318385943577882
2025-04-27,STL,MIL,8.0,1.0,7.0,5.2,4.4,3.9,4.2,4.7,4.9,5.0,4.4,5.2,3.5,5.6,3.85,2025-04-27,Erick Fedde,0.1052262443438914,0.1351357466063348,0.1707142857142856,Jose Quintana,0.1275252525252524,0.0694444444444444,0.1295739348370927,0.18262140637140636,0.08959207459207456,0.23983117272590954,0.18250024639914056,0.07721836098689981,0.2149946547480026,0.22124195249195244,0.0828683816183816,0.20580670338407686,0.25144939045876374,0.08549703712940812,0.2324872159878672
2025-05-02,STL,NYM,12.0,3.0,9.0,3.6,4.0,4.4,4.2,3.75,3.55,7.8,4.8,6.2,3.8,5.4,3.45,2025-05-02,Sonny Gray,0.2401463605385173,0.048539886039886,0.2466175782245211,Clay Holmes,0.2645330112721417,0.0957729468599033,0.2220986380469139,0.1985324588265764,0.10087412587412585,0.25380678295151976,0.18198362974023347,0.08338215874936337,0.21549223067474294,0.23042261402168518,0.08455125112245852,0.22787729747317167,0.2575766265092406,0.07989887515090686,0.2541183127932655
2025-05-04,STL,NYM,11.0,6.0,5.0,4.0,4.4,4.1,4.4,3.8,4.0,8.2,3.8,6.4,3.7,5.35,3.35,2025-05-04,Erick Fedde,0.1106770427003692,0.1241073750455089,0.1660714285714285,Tylor Megill,0.2992162141189601,0.0928581334759824,0.2324922843936142,0.17995538372776218,0.0870401337792642,0.2243196034643403,0.1791040204068667,0.08217294972270284,0.21517816929454484,0.2327755551981558,0.09455125112245852,0.23265670923787757,0.25583188025138487,0.08050800014633393,0.2558874548298332
2025-05-05,STL,PIT,9.0,6.0,3.0,4.8,5.6,4.1,4.5,3.95,4.25,2.4,5.2,2.4,5.6,3.1,4.4,2025-05-05,Miles Mikolas,0.1363492063492063,0.0708730158730158,0.1301189318896786,Joey Wentz,0.1527472527472527,0.0935897435897435,0.2006188378305963,0.1630361918085703,0.09204013377926419,0.20176549091022772,0.18077426685980766,0.08366782878616744,0.2134945188042443,0.16768145854833158,0.07738611233967269,0.25502083947592113,0.20345229248826155,0.08510927280451153,0.26738277474503336
2025-05-06,STL,PIT,3.0,2.0,1.0,4.2,6.0,4.4,4.6,3.85,4.25,2.2,5.8,2.4,5.8,3.15,4.45,2025-05-06,Matthew Liberatore,0.2188003220611916,0.0276374859708192,0.1991492243286746,Paul Skenes,0.2502938365981844,0.0503392259913998,0.2543293641992476,0.17887329588096848,0.09023017902813298,0.2105347216794585,0.18228870715945353,0.08297770935910069,0.21534189328190417,0.1534709322325421,0.0931755860238832,0.2395662940213757,0.20218680483142387,0.08713109125000024,0.26584773133881606
2025-05-07,STL,PIT,5.0,5.0,0.0,4.4,4.4,4.0,4.2,3.95,4.2,1.8,4.6,2.2,6.0,3.2,4.35,2025-05-07,Sonny Gray,0.243106818349785,0.0602391569782873,0.2431325273670498,Mitch Keller,0.1669442875964615,0.0695950185080619,0.1601144899681002,0.17777439478206736,0.09023017902813298,0.23320678645678644,0.18122298920533703,0.08073506856561148,0.21991685250713336,0.16204236080397066,0.08317558602388321,0.23462123907632076,0.20444430431474447,0.08477619689189213,0.2669786658348564
2025-05-19,STL,DET,15.0,11.0,4.0,5.4,2.8,5.5,1.9,4.75,3.05,5.8,3.0,5.6,3.5,6.15,3.45,2025-05-19,Sonny Gray,0.2468608587164995,0.056852677649779,0.232373620111582,Keider Montero,0.167454719609892,0.1001088470916056,0.2079060783271309,0.19505494505494506,0.048333333333333325,0.20860825656929255,0.18506397626716906,0.07544632326654256,0.21387805921394512,0.23324508824508822,0.0937395937395937,0.18249141824751577,0.22512021645374833,0.07410481109955279,0.22055917440666556
2025-05-20,STL,DET,9.0,4.0,5.0,7.4,3.2,6.1,2.3,5.25,2.9,3.8,4.8,5.0,4.4,6.15,3.85,2025-05-20,Erick Fedde,0.134045300976233,0.1234294428954451,0.1548738298738298,Tyler Holton,0.2035273368606701,0.0844797178130511,0.2129962085844438,0.1941025641025641,0.05499999999999999,0.1857717181077541,0.18396332428985343,0.07525952206228988,0.2126519302944995,0.1909373959373959,0.07386779886779882,0.15945220256124126,0.22203277604685934,0.07362933693668818,0.21810879944966396
2025-05-21,STL,DET,6.0,1.0,5.0,5.4,2.8,5.5,2.8,5.4,3.0,3.6,4.6,4.4,4.7,6.1,3.95,2025-05-21,Andre Pallante,0.1492252639112542,0.0806832298136645,0.2071172919410534,Tyler Holton,0.1928153717627402,0.0800334168755221,0.2017858818168415,0.1905311355311355,0.05499999999999999,0.1882795550983497,0.18459504074810051,0.07369161535265885,0.2125320265742836,0.18998501498501494,0.08720113220113215,0.15722998033901903,0.22022258333842,0.07484778584274217,0.2159251731570404
2025-05-23,STL,ARI,7.0,4.0,3.0,3.6,3.2,5.2,3.1,5.15,3.25,6.2,4.4,5.1,4.8,4.6,5.05,2025-05-23,Miles Mikolas,0.1441702741702741,0.0787782587782587,0.1400547781225308,Zac Gallen,0.245169462582506,0.1046348498522411,0.2306127156234255,0.2055311355311355,0.03749999999999999,0.1929379401915174,0.18592983583487396,0.07473872524342091,0.21351850695475522,0.22807112410181465,0.07731987577639751,0.27615422484783386,0.2350955329809011,0.07842635997710029,0.24657261184053222
2025-05-24,STL,ARI,11.0,6.0,5.0,4.2,3.8,5.0,3.3,4.9,3.35,5.2,5.2,5.1,5.2,4.6,4.85,2025-05-24,Matthew Liberatore,0.218674731959756,0.0396738035626924,0.2156585657781993,Merrill Kelly,0.2226615373354503,0.06516139657444,0.2070703042288408,0.18767399267399268,0.0363095238095238,0.2003292445393435,0.1836398105467479,0.07467252216712392,0.2127263976852253,0.230592132505176,0.07731987577639751,0.2718685105621196,0.23328693709612153,0.07688858821284343,0.24369863905934536
2025-05-25,STL,ARI,7.0,4.0,3.0,5.2,4.4,5.3,3.6,5.15,3.15,3.8,3.6,5.5,5.0,4.65,5.0,2025-05-25,Sonny Gray,0.2650319157019923,0.0559293146467059,0.2358029247670904,Brandon Pfaadt,0.1770447065012282,0.0559304769304769,0.1890019762845849,0.17998168498168496,0.04400183150183149,0.17398891819901716,0.18456391682562015,0.07471665069175044,0.2109320001073213,0.22202070393374734,0.07303416149068322,0.2781185105621196,0.2326468036904269,0.07733303843951951,0.24381981907743486
2025-06-03,STL,KCR,17.0,7.0,10.0,3.4,5.4,3.4,4.8,4.45,3.8,2.2,3.4,3.0,3.9,3.05,3.8,2025-06-03,Andre Pallante,0.1570260576782315,0.0912660769182508,0.2109075162855648,Michael Lorenzen,0.1895251438348071,0.0687816005820639,0.2211721703158442,0.21122228648544433,0.08714719491035278,0.2256674647471424,0.18918594518557358,0.07601154286260607,0.21479675729374204,0.26408820346320344,0.07346590909090907,0.20495678851285706,0.22934275036538967,0.0662203825371395,0.20804690610231985
2025-06-05,STL,KCR,12.0,5.0,7.0,3.4,6.6,4.0,5.3,4.6,4.2,3.8,3.4,3.8,4.3,3.05,4.15,2025-06-05,Miles Mikolas,0.146754786715261,0.068407508170354,0.1329533053258641,Cole Ragans,0.374253122079209,0.0727209988079553,0.3009284636859387,0.19985865012180798,0.08373810400126187,0.2184994271443222,0.18829065181571025,0.07626404367695329,0.21436273071569875,0.2698917748917749,0.07837662337662335,0.20580039655957996,0.2290959137083458,0.0674767228702543,0.20820009295880357
2025-06-07,STL,LAD,3.0,2.0,1.0,4.0,5.0,4.0,5.2,4.65,4.4,5.6,5.0,5.7,4.7,5.95,5.1,2025-06-07,Erick Fedde,0.1422006423988414,0.1059054155049172,0.1592547217547217,Yoshinobu Yamamoto,0.2902063549099122,0.0891920332631794,0.2610412356148379,0.22918135356215846,0.07056960583276371,0.26703885872723204,0.19147161226443352,0.07418675124097167,0.21980517085073722,0.21780483259430627,0.054622132253711174,0.23605897432637715,0.24674232643078445,0.0602430233349773,0.23130206579605378
2025-06-10,STL,TOR,19.0,9.0,10.0,4.4,5.0,3.9,5.2,4.15,4.35,5.0,3.2,6.7,4.2,4.7,3.4,2025-06-10,Miles Mikolas,0.1409354775659123,0.0659120106946193,0.1374988632153754,Chris Bassitt,0.2403584717498914,0.0542496431967081,0.2106032733298417,0.1963627261111781,0.09145195877394019,0.25218650392120534,0.19117518491105243,0.07551387855926166,0.2181802681084223,0.27766636141636136,0.08015262515262514,0.3012840881467883,0.2779272188155322,0.07410394149167668,0.30145739972935864
2025-06-11,STL,TOR,7.0,2.0,5.0,4.8,5.0,4.1,5.8,4.1,4.7,6.6,4.8,6.5,5.1,5.1,3.8,2025-06-11,Matthew Liberatore,0.2024041779476561,0.0373467950460703,0.2058786513952058,Eric Lauer,0.2237417402858579,0.0792815844286432,0.2016046933810091,0.2025030769883711,0.0809256429844665,0.2461258978605992,0.19080384372553144,0.07436972888412133,0.21671105376150868,0.2726663614163614,0.0668192918192918,0.28140831174927283,0.2750228324650516,0.07299791251418897,0.2982558940877134
2025-06-20,STL,CIN,7.0,6.0,1.0,5.8,3.4,4.5,4.6,4.25,4.9,7.0,6.6,6.2,5.1,5.1,4.8,2025-06-20,Andre Pallante,0.163456981826547,0.0814974202241282,0.2163967762827632,Brady Singer,0.1889496582782505,0.1034793322167914,0.2064331359582032,0.204143932935493,0.05100916453537936,0.20774287465284594,0.1939213417533758,0.07242797597694645,0.21778768960430767,0.25271623801035564,0.09312324929971985,0.2396812441992759,0.2064797568369852,0.08649783266793007,0.21406205801030198
2025-06-22,STL,CIN,5.0,1.0,4.0,6.6,3.0,4.9,4.6,4.35,4.8,6.2,5.6,5.0,5.6,4.75,4.55,2025-06-22,Miles Mikolas,0.1475875521993534,0.059472199643007,0.1384189390330923,Andrew Abbott,0.260813942256328,0.0792264739817703,0.2195223003023566,0.23404589371980675,0.07429347826086954,0.2320961821640482,0.19649358714583082,0.07435969590737768,0.21873541276184283,0.22501782531194295,0.10431372549019606,0.242986223820045,0.20712177813614707,0.08885789046345194,0.21586510748350354
2025-06-23,STL,CHC,10.0,8.0,2.0,5.2,2.8,4.7,4.3,4.3,4.75,6.4,8.2,4.7,5.9,4.25,4.0,2025-06-23,Matthew Liberatore,0.1973402270607239,0.0348686814680603,0.1942451932593827,Ben Brown,0.2641983275523648,0.0678376488935495,0.2638947931564384,0.25148179115570424,0.06096014492753622,0.23671156677943284,0.19793772637370713,0.07339398557091824,0.2184920957129877,0.2325091575091575,0.08093406593406591,0.19514549317558877,0.1992513680114972,0.08029779001851957,0.18878686784295867
2025-06-24,STL,CHC,15.0,8.0,7.0,6.4,2.6,4.6,3.5,4.35,4.65,5.8,9.2,4.9,6.3,4.2,4.35,2025-06-24,Michael McGreevy,0.2351551956815114,0.0342105263157894,0.2027568922305763,Drew Pomeranz,0.2613636363636363,0.0583333333333333,0.2034992784992785,0.25148179115570424,0.07346014492753622,0.23847627266178578,0.19540006321506986,0.07405560114052184,0.21719921062466133,0.19250915750915748,0.08093406593406591,0.17292327095336657,0.19794542895871436,0.07924124014985484,0.1877648184122765
2025-06-25,STL,CHC,8.0,0.0,8.0,5.6,3.6,5.2,3.7,4.45,4.8,5.8,9.2,4.8,6.7,4.45,4.7,2025-06-25,Erick Fedde,0.1463001964587556,0.1045656022452035,0.1575759444180496,Matthew Boyd,0.2318377465402636,0.0611935422827871,0.2035232724549106,0.23814845782237085,0.07846014492753621,0.24132257247203243,0.1954582902629804,0.07375109986026207,0.21853315283398575,0.17789377289377284,0.0709340659340659,0.1688828669129625,0.19737271110010968,0.07821213313492166,0.18768758936559993
2025-06-26,STL,CHC,3.0,0.0,3.0,4.6,4.4,5.2,3.9,4.4,4.65,6.6,7.4,5.4,6.0,4.75,4.4,2025-06-26,Andre Pallante,0.1652582624031899,0.0792388620504562,0.2167851393453938,Drew Pomeranz,0.25,0.0557971014492753,0.1946514837819185,0.23380063173541438,0.0741123188405797,0.22821990656165236,0.19627593119991052,0.07391616763374792,0.21812706981890978,0.17539377289377284,0.0584340659340659,0.15830594383603946,0.1961243430090826,0.07720941347934575,0.18688390232245122
2025-07-08,STL,WSN,6.0,4.0,2.0,2.2,6.8,3.2,5.0,4.2,4.45,5.8,7.6,5.1,7.1,5.2,6.8,2025-07-08,Sonny Gray,0.2642142299025103,0.0461488965708914,0.2446306993155026,Jake Irvin,0.1686296332106759,0.0733807147837632,0.1612708627742307,0.2623263294638984,0.0754171126879432,0.24281945084574996,0.2029715530945442,0.07393829231281052,0.22126195036339744,0.18658180708180708,0.07306532356532355,0.2369884595691047,0.19289785868681636,0.09910346492364033,0.21982306319723785
2025-07-09,STL,WSN,10.0,2.0,8.0,3.0,7.0,3.6,4.9,4.3,4.4,4.4,7.6,5.0,7.1,4.85,6.45,2025-07-09,Andre Pallante,0.1586038376703338,0.0801468220138296,0.218293389205688,MacKenzie Gore,0.3133357575507334,0.0751792151309059,0.291919732644341,0.24873937294215934,0.07922146051403015,0.24421479968295928,0.20210520250460481,0.07450564462044595,0.2210257064704708,0.17586752136752132,0.060565323565323556,0.22365512623577138,0.1923479607106661,0.0980144158585454,0.21960522733792753
2025-07-10,STL,WSN,9.0,8.0,1.0,3.4,7.6,3.3,5.7,4.0,4.55,3.8,6.6,5.8,7.2,5.1,6.35,2025-07-10,Miles Mikolas,0.1622989925675347,0.0548594585295352,0.1510203922824681,Michael Soroka,0.2595603181984255,0.0635839758974882,0.2169884359027644,0.23731080151358785,0.08207860337117301,0.24860076459524,0.20098316731224652,0.07478580237186962,0.22091032855089943,0.19808974358974357,0.05778754578754578,0.23497091570945558,0.1938804104130864,0.0978548388745757,0.2200786258966114
2025-07-11,STL,ATL,11.0,5.0,6.0,4.4,5.6,3.2,5.2,4.3,4.45,2.8,4.4,2.9,4.5,3.35,4.2,2025-07-11,Matthew Liberatore,0.1954036122066812,0.0528889188863613,0.2017071138304054,Grant Holmes,0.2944100770837679,0.1106982482549477,0.3026248852062116,0.22395047762694822,0.08693690296631472,0.2338388598333352,0.19963468806888598,0.07564515401832923,0.2203207235304186,0.28708213083213086,0.041266835016835014,0.3002107630511476,0.25843591368609087,0.07621219798661892,0.2645128399481166
2025-07-12,STL,ATL,13.0,6.0,7.0,3.8,5.6,3.0,5.8,3.95,4.65,3.8,4.4,3.5,3.7,3.6,3.95,2025-07-12,Erick Fedde,0.1272078356733016,0.1189247336577347,0.1485844059889467,Joey Wentz,0.147036075036075,0.1056031746031746,0.1913330358936766,0.21485956853603913,0.06648235751176926,0.22198115232345378,0.2018869054992303,0.07532052381871865,0.22088423481210523,0.2716059403559403,0.05079064454064454,0.28530880226683386,0.2566620243551344,0.07641900121761322,0.26291647276197977
2025-07-24,STL,SDP,16.0,9.0,7.0,2.8,6.2,4.1,5.6,3.7,5.65,3.4,2.6,3.8,2.6,3.35,3.4,2025-07-24,Sonny Gray,0.2723201906552289,0.0417265620852577,0.2497265628203398,Yu Darvish,0.1395622895622895,0.1176767676767676,0.2503557874762808,0.3001117240247675,0.07975315747054874,0.2898627636148108,0.21079787589764462,0.0752776197083725,0.2277373023196035,0.19972846554889895,0.06399246780051733,0.20730719674613535,0.2504476219086597,0.08501831952914196,0.2486628858840197
2025-07-25,STL,SDP,3.0,3.0,0.0,4.4,5.6,4.2,6.2,3.7,5.7,4.4,3.6,4.1,3.2,3.4,3.65,2025-07-25,Miles Mikolas,0.1693146110784313,0.0572565238366755,0.1588366378606004,Nick Pivetta,0.2762110252024439,0.0641724571089559,0.2317922372295509,0.33908608299912646,0.07103520875260003,0.3011960969481441,0.21330639345420369,0.07519319860012048,0.228249681708627,0.19446530765416212,0.074518783589991,0.2063584301427198,0.24953125670998097,0.08573986821540892,0.24843658455460269
2025-07-26,STL,SDP,4.0,1.0,3.0,4.4,4.6,4.0,5.6,3.5,5.7,2.8,4.0,3.7,3.3,3.3,3.65,2025-07-26,Matthew Liberatore,0.1845478559729767,0.0530370653679832,0.1955516681125546,Randy V\xc3\xa1squez,0.1133593836877589,0.1085397516924976,0.1406180070227919,0.3181769920900356,0.06648975420714548,0.30592336967541683,0.21317720516824054,0.07446316754575039,0.22914046149786363,0.17093589588945624,0.06275407770763805,0.18635843014271977,0.24708487184027525,0.0848992812721206,0.2460009317648517
2025-07-27,STL,SDP,11.0,2.0,9.0,3.4,4.8,3.5,5.2,3.55,5.5,3.0,4.0,3.5,3.0,3.45,3.5,2025-07-27,Michael McGreevy,0.158309234625024,0.0300501253132832,0.1766394725817475,Stephen Kolek,0.1732375948255027,0.0710729754810598,0.1726376485766754,0.30706588097892445,0.06093419865158993,0.29745046327147595,0.21272998845187924,0.07374717555011817,0.22859501276330196,0.18380354294827977,0.06312172476646158,0.2001451948486021,0.24650637793891336,0.08468181252190583,0.2464680843405213
2025-07-28,STL,MIA,8.0,7.0,1.0,3.0,5.0,3.2,5.7,3.65,5.9,4.2,2.6,4.6,2.4,4.1,2.95,2025-07-28,Andre Pallante,0.1530817805383022,0.0781433172302737,0.2203602555293265,Edward Cabrera,0.2506960974991665,0.0822543114742603,0.2667529813229276,0.29954708398644325,0.05905449940346963,0.3003527253286676,0.2127090010931897,0.07354607463009198,0.22843811942385348,0.26274321266968326,0.08270487682252387,0.24532618626381514,0.21934786882979532,0.07859663116762455,0.23028600295965607
2025-07-29,STL,MIA,5.0,0.0,5.0,4.4,4.0,3.6,5.1,4.0,5.7,3.6,3.4,4.1,3.1,4.1,3.2,2025-07-29,Sonny Gray,0.2681709046804649,0.0397395829383406,0.2503064770624552,Sandy Alcantara,0.1672425883295448,0.0890224015115319,0.1782246636897215,0.28621375065310983,0.0607211660701363,0.2786860586620009,0.21258910485646146,0.07379563996377037,0.2270692063475278,0.21082013574660632,0.09808949220713925,0.2156586670822295,0.21945664370540902,0.07931329328837246,0.2297491176312618
2025-07-30,STL,MIA,2.0,0.0,2.0,2.6,3.6,3.5,4.6,3.85,5.4,4.0,3.0,3.5,3.0,4.15,3.15,2025-07-30,Miles Mikolas,0.1632298329054621,0.0543936976448417,0.1522461573189218,Cal Quantrill,0.1894770651829138,0.0581545390155229,0.1848797428867086,0.27510263954199876,0.05516561051458074,0.2738783663543086,0.21060229079238238,0.07310596108560428,0.22566597149309367,0.22572398190045245,0.10722410759175463,0.21679826822183063,0.22174043443968308,0.08001643348231378,0.23048443074504527
2025-08-08,STL,CHC,5.0,5.0,0.0,5.0,5.8,3.5,5.0,3.5,5.1,3.4,3.2,4.0,4.0,4.25,4.15,2025-08-08,Michael McGreevy,0.1469241785783139,0.0381676719270704,0.182867978106249,Matthew Boyd,0.2343398769480525,0.0567725568932142,0.2105467685635634,0.17458476665520006,0.06049736268776514,0.23373574381162338,0.20938391636445125,0.07258491126394685,0.22904595408333014,0.23916728152022265,0.06756557168321872,0.20006270935621528,0.2084830774132653,0.07152185050534964,0.2008099844386146
2025-08-09,STL,CHC,10.0,1.0,9.0,4.4,4.8,3.8,4.1,3.5,4.9,2.8,3.4,3.5,4.1,4.0,4.3,2025-08-09,Andre Pallante,0.1553348561846585,0.0792140109926671,0.2249695296686851,Drew Pomeranz,0.2785087719298246,0.0719298245614035,0.2255221386800334,0.18080486234898002,0.055234204793028305,0.24030140037727996,0.20993472815891057,0.07195373812252123,0.2294697090719775,0.23027839263133373,0.07423223834988538,0.20152104268954862,0.20781803543025706,0.07147888427668872,0.2010978016854705
2025-08-10,STL,CHC,5.0,3.0,2.0,4.0,5.2,3.2,4.9,3.4,5.0,3.6,3.0,4.0,3.4,4.25,4.3,2025-08-10,Sonny Gray,0.2690325399382443,0.0399859204017994,0.2493056968182514,Shota Imanaga,0.2040914280061764,0.0380769119422145,0.2128628263530224,0.18080486234898,0.05190087145969498,0.257364892440772,0.2098490839506441,0.07190815992031559,0.22968090342453162,0.2511575135104546,0.08851795263559965,0.2256589737240314,0.20850133587134503,0.07210500935195588,0.20145114825265786
2025-08-11,STL,COL,5.0,3.0,2.0,4.0,5.2,3.5,4.6,3.5,4.6,3.4,11.0,4.8,10.5,4.7,8.6,2025-08-11,Miles Mikolas,0.161113089202594,0.0522897251316743,0.1518203777758553,Chase Dollander,0.1618481118423909,0.1107774194616299,0.1979892475544649,0.19080486234898,0.07190087145969497,0.2718948069706866,0.2089102028912369,0.0730029619722787,0.22961715401254607,0.18942255293126484,0.08258691826569284,0.2508386010482605,0.19289662481664813,0.09538433053691109,0.24454515049938605
2025-08-12,STL,COL,3.0,0.0,3.0,3.4,3.2,3.8,4.6,3.5,4.45,3.0,9.6,5.0,10.3,4.3,8.45,2025-08-12,Matthew Liberatore,0.169564601086885,0.0570575164990551,0.1812211577019175,Kyle Freeland,0.1594527449921181,0.0558728641958455,0.1865621167643362,0.19580486234898,0.07190087145969497,0.26696059644437076,0.20925842151080268,0.0723842928030221,0.2299013975780062,0.1775344410431529,0.08118831686709142,0.23552759626357153,0.19256568862198292,0.09522787923509894,0.2436283580067102
2025-08-13,STL,COL,11.0,5.0,6.0,2.4,3.2,3.7,4.5,3.2,4.5,3.4,5.6,3.6,8.7,4.4,8.1,2025-08-13,Michael McGreevy,0.1435586562560246,0.0383967129361866,0.17316737557981,Austin Gomber,0.1338831490147279,0.0632704284020072,0.1479744418596794,0.22247152901564665,0.07190087145969497,0.2768004133780092,0.21142151600791076,0.07177602143492948,0.2306231461167138,0.2066042084850134,0.06490924709964957,0.21970670074118342,0.19514917023020154,0.09442764495581239,0.24326173314951097
2025-08-16,STL,NYY,20.0,8.0,12.0,2.8,3.4,3.4,4.3,3.4,4.3,4.2,3.4,3.2,3.4,4.15,5.0,2025-08-16,Sonny Gray,0.2690407994920995,0.0399224044876218,0.2458624038952687,Max Fried,0.227301245291625,0.0628516279609482,0.2285094009666657,0.24558427411368586,0.08126361655773418,0.26157052832053795,0.21207538172938106,0.07308518458735813,0.23087217932424603,0.32773846380657523,0.09938891346012088,0.3656652541358424,0.25403309849989786,0.09171614831348009,0.2675133261868504
2025-08-17,STL,NYY,12.0,4.0,8.0,3.8,5.4,3.9,5.3,3.35,4.55,6.4,3.6,4.4,4.0,4.7,5.2,2025-08-17,Miles Mikolas,0.1591248946887689,0.0516884996242771,0.1524658685971949,Will Warren,0.2575880765645067,0.1083351751731614,0.2343573743414291,0.261745890275302,0.08833432362844125,0.2718269385769482,0.21257252837690474,0.07397643866302062,0.23108150782495104,0.3383266991006929,0.09938891346012088,0.3605392037156743,0.2552198212763214,0.09097048857109406,0.26701226136371486
2025-08-25,STL,PIT,13.0,7.0,6.0,4.8,6.2,5.2,6.4,4.45,5.45,4.6,1.8,4.0,3.2,3.85,4.6,2025-08-25,Michael McGreevy,0.1435425771787327,0.0307173703489492,0.171424265912353,Andrew Heaney,0.1501616909565758,0.0792857809614842,0.1700762288843707,0.254492573989478,0.156171924051181,0.26518351508006677,0.2147603577119082,0.07831833946719703,0.23330224448596598,0.21253893165657872,0.0699357015533486,0.2525590131420966,0.22125532666520176,0.07480459006995553,0.2343960104899194
2025-08-26,STL,PIT,11.0,3.0,8.0,4.8,6.6,5.4,6.4,4.4,5.5,5.2,1.8,4.1,2.7,3.7,4.7,2025-08-26,Andre Pallante,0.1559539327017587,0.0822296971949145,0.2155574497979697,Mitch Keller,0.1841840789583264,0.0708636232465663,0.1771459859171491,0.2478259073228113,0.16283859071784765,0.26018351508006676,0.2146468164987397,0.07874153172770579,0.23304607337453548,0.21589861545104508,0.047208428826075885,0.24948572709008715,0.22155772543277574,0.07423356266484138,0.23406847881978354
2025-08-27,STL,PIT,3.0,1.0,2.0,5.0,7.0,5.4,6.8,4.4,5.55,6.4,2.2,4.6,2.8,3.85,4.65,2025-08-27,Sonny Gray,0.2680656330976024,0.0416766251214411,0.2464042941144162,Carmen Mlodzinski,0.2293920036328942,0.0526028065501749,0.2110964037353352,0.2742964955581054,0.14555917895314177,0.2747552614649389,0.2168250850750852,0.07861755056947901,0.23422203292277222,0.24413390956869216,0.04544372294372294,0.25152334464494613,0.2229095608461638,0.07442876294768348,0.23401699585351798
2025-08-28,STL,PIT,5.0,4.0,1.0,3.8,6.6,4.7,5.8,4.3,5.55,5.0,2.4,4.7,2.6,3.9,4.3,2025-08-28,Miles Mikolas,0.1503562557706722,0.0584712940504702,0.1498241546649749,Braxton Ashcraft,0.2259677822177822,0.093146645021645,0.2245925071894899,0.2755951968568067,0.15594878934275216,0.25744756915724654,0.21734697295871552,0.08018646522966694,0.2330789367137613,0.25352784896263153,0.05453463203463203,0.2658090589306604,0.22294236660876954,0.07455267518799483,0.23476373523306546
2025-09-01,STL,ATH,14.0,3.0,11.0,3.2,4.0,4.0,5.3,4.1,5.3,5.2,5.2,5.3,4.8,5.7,4.15,2025-09-01,Sonny Gray,0.2673965355754689,0.0441013003814936,0.2490216599150566,Luis Morales,0.2251575091575091,0.1341929181929181,0.206075284364758,0.2611503663250197,0.13550626085674541,0.2624671228724524,0.21809879442144478,0.08122515949918777,0.2335364250566704,0.2529024729140828,0.0911894697150115,0.25513071084382555,0.24286123936178483,0.0939003315059333,0.2624470476851522
2025-09-02,STL,ATH,3.0,2.0,1.0,3.2,4.6,4.1,5.8,4.2,5.4,5.8,5.2,5.7,4.9,5.45,3.95,2025-09-02,Miles Mikolas,0.1537308320139247,0.0580538999569539,0.152074507690681,Luis Severino,0.1746703779774744,0.0727988708151751,0.1483319566211219,0.24724059188892947,0.11445362927779805,0.2434195038248334,0.21702820885215376,0.08063227512328128,0.233048324630466,0.23861675862836845,0.0911894697150115,0.26397244382348956,0.24316953465928481,0.0932247895526532,0.26303971342991295
2025-09-03,STL,ATH,6.0,5.0,1.0,3.4,4.4,3.6,5.5,4.15,5.35,4.6,5.6,5.2,4.8,5.45,3.95,2025-09-03,Matthew Liberatore,0.1763843902262666,0.0618488652376524,0.1799477973929187,Jeffrey Springs,0.1936222233537532,0.0809631238296651,0.2341964351870184,0.25640725855559615,0.11612029594446474,0.2341434857252859,0.21762945371554396,0.08077262095572127,0.23263834103339953,0.22195009196170182,0.09952280304834484,0.2530098769785698,0.24202784750695655,0.09315413629394377,0.2620011944684388
2025-09-06,STL,SFG,5.0,3.0,2.0,3.2,5.6,3.5,4.7,4.35,5.55,9.2,3.6,8.3,4.5,6.1,4.4,2025-09-06,Andre Pallante,0.157920308057184,0.0836077443162789,0.2096809342422622,Justin Verlander,0.2092599757998308,0.0828303902216945,0.2246558011960478,0.25562784679089023,0.10527225672877845,0.24155576642704024,0.21757403294817904,0.08063658351349669,0.2336539085925715,0.25112789987789985,0.051869417132574994,0.25653868823873893,0.23110525426517187,0.06924968036163259,0.22706167473499617
2025-09-07,STL,SFG,7.0,4.0,3.0,3.0,4.6,3.1,4.3,4.25,5.35,7.0,3.8,8.0,4.6,5.9,4.2,2025-09-07,Sonny Gray,0.2636070279685109,0.045982475137454,0.2470966703187871,Kai-Wei Teng,0.2026143790849673,0.122875816993464,0.219775019923031,0.22380966497270843,0.09902225672877844,0.23141751757911394,0.2173204453515124,0.0800646928502804,0.23402313112534961,0.2094612332112332,0.060202750465908325,0.23272916442921515,0.2300572264571446,0.06934956442526168,0.2264644794734511
2025-09-15,STL,CIN,17.0,6.0,11.0,2.8,4.4,2.9,4.5,3.45,4.9,3.0,4.8,4.6,5.9,3.9,5.3,2025-09-15,Matthew Liberatore,0.1775164107033333,0.0645866917985317,0.1795812938823321,Zack Littell,0.1745038631429168,0.0421985805352945,0.1832051369088628,0.2136548032577444,0.0785948055212761,0.2457923233170911,0.2173608962521791,0.0806254712642047,0.23352712362013545,0.21024616465405935,0.0695759284575074,0.2991776733733255,0.22061080166527497,0.09594795333752215,0.2374824154759497
2025-09-16,STL,CIN,3.0,3.0,0.0,3.2,6.0,3.2,4.5,3.65,5.15,4.4,5.6,4.8,5.3,4.15,5.4,2025-09-16,Michael McGreevy,0.1455263655925636,0.0368543987340979,0.1701461206733257,Andrew Abbott,0.2248464763500583,0.0703308783121602,0.2184213581936666,0.2039957123486535,0.09052662370309428,0.23857687616261952,0.2165122264176617,0.08130461697262065,0.23343306369732883,0.22482949798739274,0.059575928457507386,0.2995306145497961,0.22123589825258602,0.09529524617196078,0.2380677691921997
2025-09-17,STL,CIN,8.0,2.0,6.0,3.4,5.2,3.3,4.4,3.45,4.95,4.0,6.0,3.9,4.3,4.1,5.45,2025-09-17,Andre Pallante,0.1511671833635851,0.0854905958054383,0.201904530289215,Brady Singer,0.224633644849247,0.0900613609061313,0.2128022532646244,0.2299957123486535,0.08252662370309428,0.2444979287941985,0.21840214490821064,0.08076258619280319,0.23437684327267996,0.2242613161692109,0.049916837548416484,0.28894237925567845,0.22096956233073198,0.0952656099877522,0.23844648458319045
2025-09-19,STL,MIL,8.0,7.0,1.0,3.2,5.4,3.0,4.9,3.25,4.75,6.6,2.2,5.4,3.0,5.15,3.75,2025-09-19,Sonny Gray,0.2674048369492386,0.0507319688204754,0.2549181548513367,Tobias Myers,0.216548545081995,0.0573881227132001,0.1751486085875617,0.2471080118138941,0.08252662370309428,0.23592650022276995,0.21929313187219993,0.08022773462861243,0.23414918205895363,0.29253521152050566,0.09677416864181568,0.2739023891693525,0.24697593582535965,0.08044127859435192,0.24475547793872005
2025-09-21,STL,MIL,6.0,5.0,1.0,4.2,4.0,3.5,4.2,3.5,4.45,5.2,3.2,5.1,3.6,4.75,3.7,2025-09-21,Matthew Liberatore,0.1804933090788353,0.0638328192653543,0.1811041841801854,Erick Fedde,0.1226778760071556,0.1168191259089265,0.1553575964873128,0.23509224979813212,0.08668357786004843,0.2312122145084842,0.21916383223206276,0.0800448794862687,0.23365610218143226,0.2668485310512165,0.07572516933194681,0.24287297740464658,0.24592098686379824,0.07968383152132522,0.2447567355288846
2025-04-29,TBR,KCR,4.0,1.0,3.0,2.0,2.4,3.3,2.8,3.55,3.85,4.0,2.6,3.0,3.7,2.6,3.7,2025-04-29,Taj Bradley,0.2320917874396135,0.1003915343915343,0.2310751053799587,Michael Lorenzen,0.1952664437012263,0.0887692307692307,0.2226424643200641,0.21720648632413334,0.09883874295638999,0.2732530189109136,0.2376219787093919,0.06185921414273623,0.28033262175892454,0.15895558045325844,0.07591675266597867,0.1907591369518364,0.22651409522472826,0.08374717935943514,0.20604640258628665
2025-05-01,TBR,KCR,10.0,2.0,8.0,2.0,1.8,1.4,2.6,3.4,3.7,2.6,1.6,3.1,3.0,2.65,3.3,2025-05-01,Shane Baz,0.3211469979296065,0.081015873015873,0.2408669629700462,Seth Lugo,0.1923304821855546,0.0748896835853357,0.1698758779289129,0.2259671700848171,0.09114643526408231,0.25987639553429026,0.23752125420283984,0.05773526653322048,0.27688187554642485,0.16276402690876374,0.06415204678362571,0.17549900878848243,0.22451401298525037,0.07834413552979416,0.20274548337956846
2025-05-06,TBR,PHI,12.0,4.0,8.0,2.4,4.2,2.3,3.2,3.25,3.7,5.2,3.2,5.2,4.4,4.6,4.75,2025-05-06,Drew Rasmussen,0.253096347523592,0.0562707273233588,0.1973932756866675,Zack Wheeler,0.3307407407407407,0.0525925925925925,0.2888308152570084,0.2214966242907419,0.08329778065072181,0.2501136725593247,0.2306292331943001,0.06500615460296517,0.27035637651499417,0.27131942829832856,0.042624223602484454,0.1931164772843395,0.2486549252909522,0.07285827856965013,0.21485727496114274
2025-05-07,TBR,PHI,7.0,0.0,7.0,3.2,5.2,2.6,3.5,3.4,3.55,5.4,2.8,4.9,3.8,4.75,4.6,2025-05-07,Shane Baz,0.2735748792270531,0.0853703703703703,0.220563738982975,Taijuan Walker,0.1706417112299465,0.1068983957219251,0.1820641491694123,0.2233682820447526,0.08062398385927796,0.24569190385184175,0.2279359304277097,0.0657462384974259,0.26613045088861825,0.2719076635924462,0.06262422360248446,0.19478314395100618,0.25012192742549644,0.07649089918194583,0.21586135281939578
2025-05-09,TBR,MIL,7.0,4.0,3.0,2.8,5.0,2.5,4.2,3.1,3.75,3.2,3.8,3.6,4.4,4.4,3.95,2025-05-09,Zack Littell,0.1540146361574932,0.0419085411942554,0.1615047753457517,Jose Quintana,0.180862977602108,0.0764492753623188,0.1517957684909948,0.19408256775903832,0.07729065052594462,0.22658476099469885,0.22603977974821962,0.06354373911918668,0.26549984736568133,0.225270730731257,0.1301132566264145,0.2141586320155488,0.2445602694778409,0.09723814752335716,0.22766390441620443
2025-05-10,TBR,MIL,5.0,3.0,2.0,3.6,5.0,2.5,4.4,3.1,3.65,3.4,3.4,3.2,4.7,4.3,4.1,2025-05-10,Taj Bradley,0.1828553652466695,0.1070617742046313,0.1939913756376994,Tyler Alexander,0.1638897969561585,0.0773433914166179,0.1223758787261461,0.20177487545134604,0.07729065052594462,0.22469082160075943,0.22818853048359033,0.06592011845410686,0.26569004276993374,0.23509215930268557,0.13279182805498593,0.22508170893862575,0.2456155006633908,0.10023936718393042,0.22872972146273177
2025-05-11,TBR,MIL,6.0,2.0,4.0,3.6,5.0,2.4,4.4,2.85,3.6,3.0,4.0,2.7,4.8,4.15,4.1,2025-05-11,Drew Rasmussen,0.2312254407345075,0.0625177662771647,0.1879912287840609,Tyler Alexander,0.1710656472098119,0.0917314421318997,0.1121778888323005,0.19621931989579044,0.08562398385927797,0.21814320255314038,0.22661104679597693,0.0663666111433178,0.2620826057758329,0.22814028764493158,0.14455653393733886,0.20984361370053048,0.2468280543232766,0.10067455947492039,0.22634481175949678
2025-05-21,TBR,HOU,12.0,8.0,4.0,3.0,4.0,4.0,4.1,3.25,4.25,3.4,3.4,3.4,2.9,4.4,3.9,2025-05-21,Taj Bradley,0.1977763951918541,0.1034722890278445,0.2092422995364498,Hunter Brown,0.318416044503001,0.0672668716146976,0.2635550981171961,0.18588871912401322,0.0752495543672014,0.1983446691511707,0.21937606978367843,0.06786375093600155,0.2516597565993581,0.22381341697518167,0.11623577402989167,0.25202859344306716,0.26579207088360407,0.09516288935709448,0.2788212030055071
2025-05-23,TBR,TOR,4.0,3.0,1.0,3.8,3.0,4.5,4.3,3.45,4.35,5.0,1.8,5.5,3.3,4.75,4.2,2025-05-23,Drew Rasmussen,0.2217612013793644,0.0541804848822392,0.187485241435222,Jos\xc3\xa9 Ure\xc3\xb1a,0.0797385620915032,0.0850980392156862,0.1528154736434582,0.21088871912401325,0.06691622103386807,0.2174236165195917,0.22340240849557616,0.06647877642710356,0.25296852633578365,0.22136193986039182,0.05968529950728091,0.26900016030074836,0.2858930055078766,0.0759021227917253,0.30440798903107497
2025-05-24,TBR,TOR,4.0,3.0,1.0,3.6,3.2,4.6,4.0,3.55,4.25,4.4,1.4,5.0,3.3,4.75,4.1,2025-05-24,Shane Baz,0.2412804959258048,0.0910962591664345,0.2057858788987029,Jos\xc3\xa9 Berr\xc3\xados,0.2124933013846057,0.0956293738467651,0.2152775194198161,0.20164502164502163,0.09800865800865798,0.2124236165195917,0.22179150318280752,0.07372062946999007,0.252909155809068,0.2280052965037485,0.05513984496182637,0.2720543474928666,0.28786745309002676,0.07438408033589079,0.30521638097459136
2025-05-25,TBR,TOR,13.0,13.0,0.0,4.0,2.4,3.8,3.2,3.7,4.15,4.2,1.8,4.2,3.5,4.7,3.75,2025-05-25,Ryan Pepiot,0.1912322492599854,0.0782861838311613,0.2094549123222535,Chris Bassitt,0.2558595762336392,0.0455951177480412,0.2202170038668059,0.17891774891774886,0.09975690975690973,0.20580199489797008,0.21744265017922304,0.07529171818324817,0.25089132922457646,0.2187615990247569,0.06354320630636417,0.263482918921438,0.28502411367369573,0.07572668940493495,0.30315331468097195
2025-05-26,TBR,MIN,9.0,7.0,2.0,6.0,1.6,5.0,2.9,4.25,3.75,3.4,4.0,4.5,2.9,4.1,2.75,2025-05-26,Zack Littell,0.1610400589748415,0.0369074074074073,0.1620754515855636,Chris Paddack,0.1616669688054127,0.0887520183858856,0.1743008053549069,0.21225108225108222,0.09975690975690973,0.20859919769517293,0.2196713171629559,0.07384380052587802,0.24956299946676117,0.2699393939393939,0.05116666666666666,0.27671958266267727,0.26709018049076694,0.06960415532114149,0.25738402185823395
2025-05-27,TBR,MIN,6.0,2.0,4.0,6.8,1.6,4.9,2.8,4.6,3.7,3.4,4.4,4.1,3.3,4.15,3.0,2025-05-27,Taj Bradley,0.2084335382813643,0.1018207122989731,0.2155907968555321,Joe Ryan,0.3000959216222373,0.0372384370015948,0.2467950758391934,0.21558441558441555,0.08309024309024307,0.21590689000286525,0.21930016023535298,0.07245052127067278,0.24768445230701097,0.2595227272727273,0.05741666666666666,0.2860052969483916,0.26322998840603545,0.06947011465470486,0.25630130446468236
2025-05-28,TBR,MIN,5.0,5.0,0.0,5.6,1.6,4.7,2.3,4.55,3.8,3.0,3.8,3.7,2.9,4.25,2.9,2025-05-28,Drew Rasmussen,0.2132214448777916,0.0578533454849244,0.1756332690158377,Pablo L\xc3\xb3pez,0.2771337462718088,0.0453852060869604,0.2534041111273015,0.251948051948052,0.0649084249084249,0.23364337648935168,0.2244983054161798,0.0711088449508455,0.24888474022725152,0.26588636363636364,0.06650757575757575,0.28455602158607274,0.2650893657251156,0.06986713273348978,0.25772782351780554
2025-06-03,TBR,TEX,6.0,5.0,1.0,7.0,1.8,6.3,1.7,5.4,3.0,4.2,1.2,3.3,2.7,3.5,2.65,2025-06-03,Drew Rasmussen,0.2165649498889014,0.0571394049862949,0.1778484263780343,Tyler Mahle,0.1847664211794646,0.1040003575329662,0.2111510279815089,0.2699350649350649,0.07824175824175823,0.27788447155438,0.22809313791322783,0.06965306254044236,0.25618125917781015,0.23024135347411206,0.05326280041797282,0.19444109186966327,0.22652659667768152,0.08468350879521631,0.20863694067837574
2025-06-04,TBR,TEX,9.0,5.0,4.0,7.0,2.0,6.5,1.7,5.55,2.85,4.0,2.2,3.4,3.1,3.25,2.85,2025-06-04,Shane Baz,0.224585227891864,0.0863910104642369,0.1939341743279202,Kumar Rocker,0.1568912351265292,0.0611362493715434,0.2154745254745254,0.25326839826839825,0.08449175824175822,0.2688861693472493,0.22846444066046126,0.06953182419229927,0.25566643193094735,0.2499383231710818,0.05326280041797282,0.20977442520299658,0.2288117594603262,0.08327211698196271,0.2104929916670695
2025-06-05,TBR,TEX,7.0,4.0,3.0,5.4,2.2,6.7,2.0,5.25,2.6,4.8,2.8,3.7,3.2,3.35,3.05,2025-06-05,Ryan Pepiot,0.1918728339792807,0.0724985875360687,0.2029145545947857,Jacob Latz,0.2762705209229273,0.0845742492801316,0.3026282493673797,0.27427680162974283,0.04751696832579185,0.2938861693472493,0.23053905292396337,0.0693533526126237,0.25973865806543156,0.2520216565044151,0.05951280041797282,0.22215537758394896,0.23223287815769791,0.08293159047406168,0.21141387158509567
2025-06-06,TBR,MIA,7.0,4.0,3.0,6.0,2.4,5.8,2.3,5.4,2.6,2.2,3.2,3.6,3.6,3.65,4.3,2025-06-06,Zack Littell,0.1635865785322307,0.0330084250917584,0.1600006872665766,Edward Cabrera,0.2422691371966733,0.0946403301475765,0.2498754191630535,0.30999108734402847,0.03213235294117647,0.3132611693472493,0.2326145251242731,0.06821641240585936,0.261115893179113,0.2366744366744366,0.04552669552669551,0.2431087500438288,0.2155299906304486,0.08640775016818929,0.23485037496023067
2025-06-08,TBR,MIA,5.0,3.0,2.0,3.6,2.4,5.5,2.4,5.2,2.6,2.6,4.0,3.3,3.8,3.7,4.25,2025-06-08,Drew Rasmussen,0.2401845373981596,0.0523777879041036,0.183297994450135,Valente Bellozo,0.2047511933221651,0.0911992862919972,0.2211703618961683,0.30137825090510506,0.03648017902813299,0.3223015733876533,0.2323284285956311,0.06674094313693629,0.25952843978012885,0.240076100370218,0.040334012392835905,0.23960669654177535,0.21735350136912482,0.08514520685834528,0.235821564960135
2025-06-16,TBR,BAL,8.0,7.0,1.0,5.6,3.2,4.9,2.9,5.6,2.3,6.0,2.4,4.9,3.4,4.3,2.95,2025-06-16,Ryan Pepiot,0.2150576672203358,0.0748967485003038,0.2201707906079491,Zach Eflin,0.1655873425197096,0.0348771598771598,0.1818854730090051,0.2799805761481778,0.05529453015427769,0.288108476553128,0.23760212767027972,0.06734494940428856,0.2637914892779596,0.3499701719505366,0.04781393174380551,0.2626590648693853,0.2691057741303203,0.09868142672116999,0.2499444926171439
2025-06-17,TBR,BAL,6.0,1.0,5.0,6.8,2.8,5.1,2.9,5.8,2.3,4.2,3.6,4.6,3.8,4.25,3.25,2025-06-17,Zack Littell,0.1685124434348036,0.0282929357929357,0.1698390244597868,Dean Kremer,0.1753188466697783,0.0609212239336462,0.1770050901091562,0.24426629043389206,0.05529453015427769,0.2680191908388423,0.23425561882985324,0.06639642899014365,0.2620881886241453,0.36663683861720325,0.04781393174380551,0.2776966588543477,0.2747052233209731,0.09729154747157605,0.25447243738913583
2025-06-19,TBR,BAL,5.0,1.0,4.0,7.4,3.6,5.5,3.5,5.65,2.9,6.2,5.4,4.8,4.2,4.4,3.75,2025-06-19,Drew Rasmussen,0.2250051136882185,0.0512727977953541,0.1812106907696684,Charlie Morton,0.2288026478707424,0.1027744476413753,0.2274973633681712,0.25954579353948215,0.05094670406732117,0.2901719686166201,0.23605683475232306,0.06457734874383834,0.2637261834563605,0.30906425797204196,0.044515544647031294,0.2652543004880763,0.271073219853938,0.09636597259608434,0.2533899629733272
2025-06-20,TBR,DET,22.0,14.0,8.0,6.0,3.6,5.2,3.6,5.35,3.0,6.4,5.8,4.7,4.9,4.35,3.7,2025-06-20,Shane Baz,0.2248003702555843,0.0914476746480669,0.2162845619044927,Jack Flaherty,0.2893252192941634,0.0913750586887232,0.2563013833216815,0.24454579353948214,0.06969670406732117,0.27402290029363874,0.2362452559043187,0.06623846565270539,0.26209281804285756,0.22726643344290404,0.06331230242994947,0.19238675497862076,0.20776101960523818,0.0686914696404668,0.2089535317803942
2025-06-21,TBR,DET,11.0,8.0,3.0,7.0,5.2,6.3,4.2,5.95,3.2,5.8,7.6,5.4,5.7,4.6,4.35,2025-06-21,Ryan Pepiot,0.2278809832328073,0.0748419035385551,0.2286219896014328,Brant Hurter,0.2809966548602912,0.048470090515545,0.1994915481053955,0.24196514837819186,0.056793478260869557,0.25772660399734243,0.23576198582559443,0.06535528611066932,0.2605735557775948,0.2137868096184526,0.07365713001615634,0.19461573167568255,0.20684220401152134,0.06914879603811945,0.2090036952760049
2025-06-22,TBR,DET,12.0,3.0,9.0,7.2,5.6,7.0,4.2,6.1,3.35,6.2,7.0,5.3,6.5,4.6,4.7,2025-06-22,Zack Littell,0.16527828053915,0.0264067400734067,0.1673214542756752,Casey Mize,0.2152401081205428,0.0648126102292768,0.2264704885106999,0.21516776275727684,0.0685581841432225,0.2270752630011738,0.23498183585730098,0.066043335751628,0.2589598383921364,0.19116776199940497,0.06949046334948969,0.17556811262806354,0.20554740729894128,0.06825075972593608,0.20752621995083725
2025-06-30,TBR,ATH,10.0,4.0,6.0,5.4,6.0,5.8,5.5,5.65,4.5,3.0,4.6,3.0,5.3,3.6,4.9,2025-06-30,Drew Rasmussen,0.2275313883527892,0.0599653727120832,0.1830547286875473,Sean Newcomb,0.1962469476961669,0.0847874010570874,0.176556456653437,0.21286787160248172,0.06477122455747625,0.1973745774422136,0.23326298377041443,0.06460070727560194,0.25573201405706564,0.24362456987456987,0.08423520923520922,0.2261723854434851,0.24045487450497077,0.101322596801934,0.2593289053667385
2025-07-02,TBR,ATH,11.0,6.0,5.0,5.6,7.2,6.1,5.7,5.65,4.65,3.6,5.4,3.2,4.6,3.65,4.9,2025-07-02,Ryan Pepiot,0.2246899941180741,0.081188488862005,0.2244525576697134,Mitch Spence,0.1996601547902007,0.075093353595769,0.284935734885257,0.24564564938025946,0.06546566900192069,0.25123030776853217,0.23692476977320207,0.06536827233316947,0.25947435012946973,0.2621364746364746,0.05744949494949494,0.2500137614587742,0.2410505970541002,0.09901981051098097,0.2609520061905605
2025-07-18,TBR,BAL,12.0,11.0,1.0,3.0,3.4,3.2,4.1,4.65,4.9,3.2,4.6,2.8,4.3,4.15,4.95,2025-07-18,Joe Boyle,0.2732699805068226,0.0962475633528265,0.2806794654620741,Charlie Morton,0.2274616987161744,0.0926111665047086,0.2269778794700114,0.27506493506493507,0.14068820068820065,0.2540913016522773,0.24398529286150894,0.0725331787000147,0.26072464698813574,0.2486462450592885,0.04713438735177864,0.27060485128463146,0.26312765142474137,0.09177303455604778,0.2512865872365474
2025-07-19,TBR,BAL,7.0,4.0,3.0,3.8,3.0,3.7,3.7,4.5,4.55,2.8,6.6,2.4,5.3,3.95,5.45,2025-07-19,Zack Littell,0.1745964264644259,0.033829882514093,0.1792700493633792,Dean Kremer,0.1913527174535243,0.0594084087345558,0.1889516156253302,0.2532700632700632,0.14132922632922632,0.25676987308084864,0.24318819362238686,0.0726445205003582,0.2612584135140313,0.24364624505928853,0.052134387351778645,0.26118456142955904,0.26247007172240033,0.09220595433497786,0.25040512973061113
2025-07-20,TBR,BAL,8.0,3.0,5.0,4.0,2.8,3.8,3.6,4.3,4.55,2.0,6.8,2.5,4.7,3.7,5.05,2025-07-20,Ryan Pepiot,0.227486495000363,0.0832602155327042,0.2254922445289051,Trevor Rogers,0.2421156004489337,0.0838383838383838,0.2540972051134653,0.27070596070596065,0.12132922632922631,0.2650586431343246,0.2438463988679983,0.07190324988300761,0.26129359176748956,0.23364624505928852,0.07713438735177865,0.2597956725406701,0.25976419469433437,0.09383269707379252,0.24896910892010082
2025-07-21,TBR,CHW,11.0,3.0,8.0,3.8,2.8,3.6,3.5,4.3,4.35,6.2,3.4,5.4,3.7,4.0,3.9,2025-07-21,Shane Baz,0.2369818378435745,0.0880926057139473,0.2348530930918391,Tyler Gilbert,0.242287784679089,0.0837991718426501,0.2101414286196894,0.27676656676656675,0.10920801420801418,0.27241158431079515,0.24475030729694108,0.07117695442964389,0.2619222364139261,0.24904084706716284,0.09913100301258196,0.24813934881944819,0.2149207646665674,0.09354062262282396,0.23044703577563877
2025-07-22,TBR,CHW,7.0,4.0,3.0,4.4,4.2,3.8,3.8,4.2,4.7,7.4,3.2,5.9,3.8,4.2,3.95,2025-07-22,Drew Rasmussen,0.2175452292895668,0.0595197123590475,0.1870842261411535,Tyler Alexander,0.1770149742320702,0.0597733905735677,0.1593930457774799,0.2878776778776778,0.10365245865245862,0.27241158431079515,0.2467472486684161,0.07102074044090301,0.26180301404978684,0.2587630692893851,0.10329766967924861,0.26412812862309476,0.2149930563255343,0.09426464286088182,0.23103986295256476
2025-07-23,TBR,CHW,20.0,9.0,11.0,5.0,4.0,4.0,3.7,4.25,4.85,7.6,2.8,5.2,3.9,4.35,3.65,2025-07-23,Joe Boyle,0.2763810568086884,0.1078999582289055,0.3105095990965556,Tyler Gilbert,0.259970238095238,0.0941964285714285,0.2291633135383135,0.28092580621992386,0.07637973137973135,0.26363415484371056,0.2472162625138657,0.07031756479297328,0.2619422126133089,0.2954297359560517,0.09663100301258194,0.277490197588612,0.217787242047833,0.09334047969557906,0.23245123684518668
2025-08-01,TBR,LAD,5.0,0.0,5.0,3.2,4.8,3.7,5.8,3.75,4.7,3.4,3.8,4.3,4.2,3.65,5.2,2025-08-01,Shane Baz,0.2338926584818488,0.0883608423991991,0.2287014229929029,Clayton Kershaw,0.1587675408327582,0.0792337627482554,0.2078751319049645,0.30120649775061537,0.07053571428571426,0.2914111427995275,0.24992977431103963,0.07111812505864118,0.2646276406694858,0.22596627583839854,0.14515622059100317,0.24288005393163678,0.2425153484002642,0.07723638831523849,0.23936113214026367
2025-08-03,TBR,LAD,3.0,0.0,3.0,3.4,4.2,3.5,5.0,3.65,4.4,3.4,3.0,3.8,3.8,3.55,4.4,2025-08-03,Joe Boyle,0.2564762600946811,0.0997110832637148,0.297892216089972,Yoshinobu Yamamoto,0.2797568518438084,0.0896976475617779,0.2588951916899282,0.32286310911310906,0.06498015873015871,0.3365172435952835,0.2540312937390228,0.06983671739992692,0.2686606838729462,0.2842996091717319,0.1177752682100508,0.24238790141652874,0.246475311426559,0.07581920687826164,0.2404198053767618
2025-08-19,TBR,NYY,16.0,3.0,13.0,3.6,4.4,3.9,4.6,3.35,4.3,6.8,4.0,4.9,3.7,4.85,5.2,2025-08-19,Shane Baz,0.2474484738324364,0.087812813122691,0.2344597428874956,Carlos Rod\xc3\xb3n,0.2763608661980475,0.099336325954017,0.2875842807591923,0.3005526858702902,0.07060920703615803,0.26141803470750835,0.25991659690893365,0.06948276160157721,0.2690232390450605,0.34374336576735953,0.09855558012678754,0.37050652397711215,0.25467369368538334,0.09124492011487556,0.26723085318383666
2025-08-21,TBR,STL,11.0,4.0,7.0,4.2,5.8,3.7,5.5,3.4,4.65,5.8,6.6,4.3,5.0,3.75,4.95,2025-08-21,Joe Boyle,0.2391128283672143,0.1197878956650886,0.2552651934839873,Sonny Gray,0.2678791675124156,0.0415255083081169,0.2462604658789928,0.320487400530504,0.07042771883289123,0.267093710383184,0.26117886767502063,0.06920087868617177,0.26889764971277563,0.27074386397915806,0.13502125325654735,0.24932977817369834,0.21468200300052614,0.07691713558192129,0.23124033792843374
2025-08-22,TBR,STL,16.0,10.0,6.0,3.4,6.8,3.9,5.9,3.55,4.9,5.6,5.0,4.7,5.2,4.1,4.9,2025-08-22,Adrian Houser,0.1741040943627995,0.0740793189422445,0.1803928677350603,Miles Mikolas,0.154306284946302,0.058592783154425,0.1502797907389785,0.315487400530504,0.06209438549955789,0.2801344627342812,0.26069714430750074,0.06918092426082134,0.2689524876596476,0.28179649555810543,0.1360738848354947,0.2628218416657618,0.21464928105398245,0.07796917637095711,0.23223169634744495
2025-08-24,TBR,STL,9.0,7.0,2.0,4.0,6.8,4.5,5.8,3.85,5.1,6.0,5.4,5.0,6.0,4.4,5.3,2025-08-24,Ryan Pepiot,0.2337816166350937,0.0873836344995957,0.2268401031862452,Matthew Liberatore,0.1733239939530358,0.0568837780043132,0.178057689192296,0.3133894984326019,0.04670977011494251,0.2812113858112043,0.2615013569585075,0.06864044829003367,0.2690387963498066,0.2776298288914388,0.14440721816882804,0.2634291291151545,0.21459993771241487,0.07801108384722569,0.2325207516043459
2025-09-01,TBR,SEA,12.0,10.0,2.0,4.8,1.8,4.9,4.4,4.7,4.3,4.2,4.2,5.0,5.0,4.75,4.95,2025-09-01,Shane Baz,0.2465299178743114,0.0886759672228779,0.2343207673749566,Emerson Hancock,0.1557910283358611,0.0904851454174687,0.1737879559140736,0.34701766113143817,0.07055432699395545,0.30595897886206563,0.2662312143582739,0.06981373321775701,0.27157715462705634,0.25459013209013204,0.08493492618492615,0.25324473816273296,0.23137914799106438,0.0772338496622669,0.22520639361169975
2025-09-02,TBR,SEA,11.0,6.0,5.0,5.0,2.2,5.8,3.9,4.85,4.25,3.4,4.8,4.8,5.4,4.7,5.35,2025-09-02,Drew Rasmussen,0.2267597636767444,0.0545787466411036,0.1966544158336684,Bryan Woo,0.2596681245176228,0.0477426416640463,0.225363235517705,0.334036891900669,0.07055432699395545,0.3075929657901702,0.2665360753386712,0.06930039694409704,0.27174289354199577,0.258841144235881,0.07339646464646463,0.252124105334783,0.2308466522581009,0.0766741840850041,0.22455370333288407
2025-09-03,TBR,SEA,13.0,9.0,4.0,6.2,2.6,6.1,3.1,4.9,4.3,3.6,5.4,5.1,4.9,4.6,5.45,2025-09-03,Adrian Houser,0.1693053682817353,0.0786586897887497,0.176006152430571,George Kirby,0.2421786845242222,0.0603427119254731,0.2335127442625458,0.32982636558487954,0.09020344980097299,0.3200067588936185,0.2657430728678934,0.07071541517616087,0.2726790768008133,0.25819179358653044,0.07859126984126982,0.2503415741404872,0.2317552580486387,0.07715032047904825,0.2257723054235784
2025-09-04,TBR,CLE,6.0,4.0,2.0,7.2,3.2,6.6,2.8,5.25,4.35,5.0,5.0,3.3,5.3,3.5,5.35,2025-09-04,Ryan Pepiot,0.2352902126457523,0.0891951676095685,0.2295147896933501,Logan Allen,0.2004085914704643,0.0931803115749603,0.1937443077806278,0.3101293958879098,0.10687011646763966,0.29825675889361847,0.2650251278954207,0.07141071410000512,0.2711560400124017,0.2541981931112366,0.062448240165631455,0.25388736263736267,0.24177324250043186,0.07776094911447168,0.2555046866871271
2025-09-05,TBR,CLE,8.0,1.0,7.0,7.2,3.4,6.0,2.4,5.25,4.1,4.6,5.2,3.5,4.7,3.4,5.25,2025-09-05,Ian Seymour,0.2826213818860877,0.0543717486994797,0.2623820352094526,Gavin Williams,0.2307498771340471,0.1213734236602981,0.2454079662735042,0.3275636064142256,0.09634380067816598,0.2946203952572548,0.26626595431343925,0.07089696795540076,0.27182136608163876,0.24668831168831168,0.04940476190476189,0.2432392144892145,0.24199754706729304,0.07719746397596101,0.25499512508204053
2025-09-06,TBR,CLE,5.0,2.0,3.0,6.0,4.0,5.4,2.9,5.15,4.15,5.6,4.6,4.2,4.3,3.55,5.15,2025-09-06,Shane Baz,0.2470610159240551,0.0886122840568132,0.2318150599413163,Tanner Bibee,0.2037331130669402,0.0751605060071732,0.2150383626112974,0.3155335312262556,0.09446410143004567,0.29166680875936457,0.2660557839630801,0.07076650089105767,0.2720497668121587,0.2619264069264069,0.06369047619047616,0.2625573963073963,0.24231205597842248,0.07766983576647313,0.2554497056079382
2025-09-07,TBR,CLE,3.0,1.0,2.0,4.4,4.2,4.7,3.2,4.9,4.1,5.4,3.8,4.5,3.6,3.5,4.6,2025-09-07,Drew Rasmussen,0.2222598893885219,0.0525573115803219,0.1933749229549439,Parker Messick,0.192002442002442,0.0445665445665445,0.2034420289855072,0.3197001978929223,0.09654743476337901,0.29791680875936455,0.26682843797752637,0.07159439804785868,0.2723366478985973,0.26335497835497834,0.08369047619047618,0.279662659465291,0.24272411272143377,0.07854362265385546,0.25663258365058833
2025-09-16,TBR,TOR,11.0,5.0,6.0,3.6,5.0,3.1,4.3,4.85,3.55,6.0,2.0,6.6,3.6,5.7,4.2,2025-09-16,Ryan Pepiot,0.2386710099108413,0.0899508897992769,0.2311382708998156,Jos\xc3\xa9 Berr\xc3\xados,0.1987678342813275,0.0746093098416936,0.1964873045880661,0.27152195523998585,0.09867655942455712,0.31311570961539814,0.26661870605347593,0.07276137006742467,0.27459279853356894,0.2576365546218487,0.14471988795518204,0.33861606258665083,0.2586639082908002,0.08972235787381315,0.284556668554509
2025-09-17,TBR,TOR,3.0,2.0,1.0,3.6,5.0,3.2,4.7,4.6,3.55,6.8,2.4,6.0,3.2,5.95,4.35,2025-09-17,Ian Seymour,0.2763792069858246,0.0592094792462439,0.2568506460106827,Kevin Gausman,0.2404535594818901,0.0655998972913496,0.2395510828848107,0.27005996693589235,0.09341340152982028,0.3019667320107243,0.26632272949460095,0.07227629426697517,0.2740442311587297,0.2597198879551821,0.1551365546218487,0.32396959794018615,0.2591650453716226,0.09023876263081218,0.2845111726432558
2025-09-18,TBR,TOR,4.0,4.0,0.0,3.8,4.2,3.3,4.1,4.35,3.5,5.8,2.8,4.8,2.5,5.75,4.35,2025-09-18,Shane Baz,0.2527034979532647,0.090153682869786,0.2363570846767187,Chris Bassitt,0.2324150422991112,0.0700291321912217,0.2253614164687062,0.28255996693589236,0.07466340152982028,0.31617127746526974,0.2678702610873519,0.07179764331156474,0.2752396034990392,0.259719887955182,0.12180322128851537,0.2989695979401862,0.2574372784024785,0.0896371708799401,0.28261443149230076
2025-09-19,TBR,BOS,18.0,7.0,11.0,3.8,3.0,3.5,3.8,4.1,3.5,2.8,4.0,3.9,3.4,4.15,4.15,2025-09-19,Drew Rasmussen,0.2183983758157777,0.0575121117386168,0.1936188039174441,Garrett Crochet,0.3126528409861743,0.0565463795463795,0.2657635869258111,0.27052989174792236,0.07127994288320375,0.30685309564708796,0.2670478063621532,0.07179521520707137,0.27462498888271775,0.2392867802565087,0.049006452564842956,0.25107557019420834,0.2314352542811297,0.0794416680395752,0.2496104016887005
2025-09-20,TBR,BOS,9.0,3.0,6.0,4.2,4.4,4.1,4.7,4.45,3.9,4.8,4.6,4.9,3.6,4.45,4.5,2025-09-20,Adrian Houser,0.185709629584465,0.0704561706183263,0.1721944794020719,Kyle Harrison,0.2758963463993302,0.0586228049996165,0.2835828471166817,0.262045043263074,0.08340115500441586,0.295349748112091,0.26649074999258476,0.07211820152082987,0.27418657176460404,0.2197996007693292,0.05464747820586859,0.2422436613622995,0.23166703988892928,0.07979621846913938,0.24991754573217154
2025-04-19,TEX,LAD,7.0,4.0,3.0,2.6,2.0,3.0,4.3,3.15,3.85,4.8,3.2,3.9,5.1,4.4,4.05,2025-04-19,Nathan Eovaldi,0.2533549783549783,0.0227272727272727,0.2709282100789575,Jack Dreyer,0.3730158730158729,0.115079365079365,0.2821428571428571,0.23782259407259407,0.03875,0.2217728530203175,0.2486544499535234,0.05444658344171191,0.23219807166438977,0.2471265426460439,0.057416727560589444,0.22690737174612505,0.2750275217690875,0.06759866379626422,0.24401942739320734
2025-04-20,TEX,LAD,1.0,0.0,1.0,3.2,2.0,3.4,3.9,3.25,3.75,5.0,3.2,3.8,4.9,4.35,4.2,2025-04-20,Tyler Mahle,0.2815656565656566,0.151830808080808,0.2908121788787838,Tyler Glasnow,0.2860646599777034,0.1926978818283166,0.2173243159960427,0.24907259407259405,0.0425,0.21757704882451329,0.2512217274558472,0.056724254269626316,0.23212662961963176,0.2804598759793772,0.057416727560589444,0.2459549907937441,0.2779428123472998,0.06421873060645102,0.2413422655473565
2025-04-28,TEX,ATH,3.0,1.0,2.0,2.2,3.0,2.8,3.0,3.15,3.7,4.6,5.6,4.1,4.9,4.55,5.25,2025-04-28,Patrick Corbin,0.1555555555555555,0.07953216374269,0.2043186043186042,JP Sears,0.2023369963369963,0.051098901098901,0.1962543322791769,0.24532679738562094,0.08194444444444444,0.18960045885101928,0.24361861196196863,0.06496035295692484,0.21940479875167462,0.27287851037851035,0.08611972704714639,0.2553347149018668,0.27406618485034634,0.10130035170533065,0.2945316862127078
2025-04-29,TEX,ATH,17.0,15.0,2.0,2.0,2.4,2.4,2.9,2.9,3.6,4.0,4.2,4.0,4.9,4.55,4.8,2025-04-29,Jacob deGrom,0.2399840510366825,0.070438596491228,0.2758468876115935,Jacob Lopez,0.1898148148148148,0.1111111111111111,0.1944444444444444,0.21407679738562094,0.10069444444444445,0.1805095497601102,0.24161437582046977,0.06933676892274895,0.21806241957547842,0.24723748473748475,0.09317100909842843,0.2583261678933198,0.2672681466459577,0.10311227591708316,0.29498550074648716
2025-04-30,TEX,ATH,8.0,1.0,7.0,4.4,2.0,3.9,2.8,3.45,3.55,3.4,6.8,3.4,6.4,4.3,5.35,2025-04-30,Nathan Eovaldi,0.2726582596147813,0.0227272727272727,0.2608549662237572,Luis Severino,0.1874618378641367,0.0727380952380952,0.1542823557167974,0.2255053688141923,0.10498015873015872,0.1893984386489991,0.24067200818134027,0.0718719542308315,0.2174395775211516,0.2538907105439363,0.10305004135649296,0.2645873485731051,0.26266028369324296,0.1050515441392019,0.28980381351230194
2025-05-01,TEX,ATH,3.0,0.0,3.0,4.2,3.4,3.6,3.2,3.5,3.55,4.0,6.4,3.8,6.0,4.4,4.8,2025-05-01,Tyler Mahle,0.2209272209272209,0.1280270655270654,0.2408833329277362,Jeffrey Springs,0.2104427736006683,0.1350877192982455,0.2444155278908998,0.20883870214752567,0.10831349206349206,0.1806072298577903,0.23709405235307338,0.07392066686758156,0.21495349636568462,0.220557377210603,0.11638337468982629,0.2589116728974294,0.26494005948808463,0.10596385991965775,0.28830185963265487
2025-05-02,TEX,SEA,14.0,1.0,13.0,3.8,3.4,3.6,3.4,3.2,3.2,7.8,4.0,6.3,4.2,5.4,3.95,2025-05-02,Jacob Latz,0.1544117647058823,0.1066176470588235,0.1964285714285714,Bryan Woo,0.241561996779388,0.0551610305958131,0.2201175330002237,0.21508870214752568,0.12081349206349205,0.19373854298910342,0.23549424421265167,0.07960064535572409,0.21518797139331486,0.2068868193210298,0.059209387104123934,0.23675372926749794,0.18856971054776947,0.07168041401164968,0.23201331525457303
2025-05-12,TEX,COL,3.0,2.0,1.0,4.2,3.4,3.7,3.7,3.65,3.45,4.2,11.6,3.3,8.1,3.6,7.3,2025-05-12,Tyler Mahle,0.1969454156954156,0.1074786324786324,0.2158120723453748,Chase Dollander,0.1862373737373737,0.1022727272727272,0.2039814653945088,0.24306968031968026,0.08708913308913309,0.20590051543087595,0.2385879593447251,0.07721278342296944,0.21269025113198245,0.18474061026692604,0.07230611493769387,0.20651211339236547,0.19486351312740294,0.1055834975035658,0.22737951533024012
2025-05-13,TEX,COL,5.0,4.0,1.0,3.8,2.4,3.9,3.5,3.75,3.45,4.0,10.0,3.2,8.2,3.1,6.8,2025-05-13,Jack Leiter,0.1948913043478261,0.1107246376811594,0.2102744881659122,Kyle Freeland,0.1711890727407968,0.0434844322344322,0.1953604059922613,0.24250149850149844,0.08027095127095127,0.20186011139047189,0.2372033306245655,0.07976413460334048,0.21193727383164584,0.1990263245526403,0.07230611493769387,0.22285198267341122,0.19359506507203073,0.10300829024738126,0.22725372769345922
2025-05-14,TEX,COL,11.0,8.0,3.0,4.6,1.6,4.2,2.3,3.55,3.25,4.0,8.6,2.9,8.3,3.05,6.85,2025-05-14,Patrick Corbin,0.1504715896020243,0.0868867014557327,0.1811105008784504,Antonio Senzatela,0.1016222002635045,0.0493462968191228,0.1643059084635171,0.2635014985014985,0.07627095127095126,0.1891745513364908,0.23750801322874251,0.07786498854135618,0.2081442810963059,0.19700612253243827,0.09048793311951205,0.22642341124483983,0.19115016092529408,0.10488471623716222,0.22864564574157412
2025-05-17,TEX,HOU,6.0,5.0,1.0,3.6,2.2,3.9,2.8,3.8,3.25,3.4,3.0,4.7,3.3,4.35,3.6,2025-05-17,Tyler Mahle,0.199217181101239,0.1003674800776249,0.215473615134423,Ronel Blanco,0.24413724121247,0.1067482728094855,0.3108112035600825,0.23469872233030126,0.11179726706042495,0.21721376702276532,0.2313907448704431,0.08227812785677274,0.21358016500205482,0.30234100050276524,0.09428607340372046,0.2844254864107805,0.27764961298795887,0.08896734244755031,0.28183498090243925
2025-05-18,TEX,HOU,7.0,3.0,4.0,4.2,2.2,4.0,2.3,3.95,3.15,2.6,2.6,4.5,3.4,4.25,3.8,2025-05-18,Jack Leiter,0.2002882081686429,0.1149978041282388,0.2188795337890538,Framber Valdez,0.2297984789872179,0.0808138579419605,0.2426969492725119,0.24621387384545276,0.1299790852422431,0.2325363476679266,0.23031308045626347,0.0844420420733251,0.2143719005454884,0.30052281868458336,0.11155880067644772,0.2924750220144957,0.275420975053778,0.09324082919824152,0.28262462026945717
2025-05-26,TEX,TOR,3.0,1.0,2.0,2.8,4.6,2.8,3.9,3.85,3.15,3.8,3.8,3.3,3.7,4.5,4.3,2025-05-26,Jacob deGrom,0.2793253588516746,0.0575526315789473,0.2922418198248263,Kevin Gausman,0.2364262130783869,0.0593217703349282,0.2351898598111925,0.17795435558593448,0.1252810055441634,0.19441537213276341,0.22904708483173425,0.08679363492644662,0.21027446906992106,0.20057978084293873,0.07263411539727327,0.25136170680022596,0.2812911324666841,0.07601865866463026,0.3014026973240535
2025-05-27,TEX,TOR,2.0,2.0,0.0,2.4,4.2,2.8,4.1,3.5,3.2,3.6,4.0,3.2,3.7,4.35,4.2,2025-05-27,Nathan Eovaldi,0.2770057149701418,0.0361702000239549,0.2616145675155683,Bowden Francis,0.1794921721364041,0.0741396121215746,0.2006297464475369,0.18420435558593448,0.11278100554416341,0.16584394356133483,0.2259628795570725,0.0875011602055865,0.20638049742047807,0.17200835227151015,0.06549125825441612,0.2666394845780037,0.27598375260882213,0.07458434435020327,0.3027913256764298
2025-05-28,TEX,TOR,2.0,0.0,2.0,2.8,4.0,2.7,3.5,3.3,3.15,0.8,4.4,2.9,3.1,4.2,4.05,2025-05-28,Tyler Mahle,0.182623974620022,0.1020912991268722,0.2090699802351471,Eric Lauer,0.2161064425770308,0.0559103641456582,0.1777382645803698,0.19963085286361143,0.11604779320296559,0.17783373947970216,0.22561621905101914,0.08841806701062598,0.2070808149070816,0.1636750189381768,0.052991258254416126,0.26095766639618556,0.2739593621284118,0.07320315278816246,0.29949889371945887
2025-05-30,TEX,STL,12.0,11.0,1.0,2.6,3.6,2.2,3.6,3.1,2.95,5.0,4.2,4.6,4.0,5.1,2.9,2025-05-30,Jack Leiter,0.1846392330495591,0.1202868146346406,0.2099981024302424,Matthew Liberatore,0.2116220735785952,0.0357064232064231,0.2131403282479984,0.212218265451024,0.09786597502114742,0.18246336910933178,0.22708186349104215,0.0868391729568648,0.20867394850331758,0.20498168498168495,0.05233516483516483,0.19325727751050326,0.19023199560193865,0.07261604579295648,0.21199731614246178
2025-05-31,TEX,STL,2.0,0.0,2.0,3.8,1.8,3.0,3.3,3.65,2.75,4.0,5.4,4.6,4.9,5.05,3.4,2025-05-31,Patrick Corbin,0.1899687001136276,0.0783879011440669,0.2209086840873171,Sonny Gray,0.2577731220186463,0.0508448314970053,0.2308952208626442,0.23444048767324627,0.0756437527989252,0.18665917330513598,0.22894592436546832,0.08531567869446366,0.2097976910335624,0.20550800077115863,0.0628614806246385,0.20032798458121034,0.18871469492859577,0.07319902993763112,0.2114584030295282
2025-06-01,TEX,STL,9.0,8.0,1.0,2.8,1.4,2.8,3.0,3.6,2.75,3.6,4.8,3.7,4.5,4.9,3.4,2025-06-01,Jacob deGrom,0.2539321444106133,0.0602257125026003,0.2732501392346906,Erick Fedde,0.1369461553441906,0.1046240896417278,0.1663614163614163,0.2263452495780082,0.08183422898940139,0.19761569504426643,0.2272974314166384,0.08614356929168555,0.210318420498501,0.22550800077115865,0.0728614806246385,0.2320714056338419,0.19125186402341574,0.07483881303814052,0.21605885579262973
2025-06-15,TEX,CHW,3.0,2.0,1.0,8.2,3.2,5.4,3.2,4.35,2.95,3.0,5.2,3.9,4.8,4.05,4.3,2025-06-15,Kumar Rocker,0.1746023450615813,0.068490734125409,0.238120663120663,Aaron Civale,0.1974465148378191,0.0610766045548653,0.1990135289427185,0.24446533858298558,0.04757326007326006,0.22840899337552653,0.22912641434511688,0.07930521187899077,0.21150245556202077,0.18638155689626276,0.0769756577844813,0.20883873000737757,0.2156778986190961,0.09886356960689195,0.22432553399516242
2025-06-17,TEX,KCR,7.0,1.0,6.0,7.8,3.0,5.5,2.8,4.45,2.95,1.8,4.0,2.8,5.1,3.3,4.7,2025-06-17,Jack Leiter,0.1973539789729721,0.119669227520278,0.202643626284725,Seth Lugo,0.1834230509451722,0.0753499724969871,0.1597705518977559,0.24560170221934924,0.05382326007326006,0.2306947076612408,0.23121032271161523,0.07906513742357661,0.21337895109480826,0.19008870214752566,0.09058239962651725,0.19331564992990458,0.22644873869799692,0.07041004359680184,0.20762710615930935
2025-06-18,TEX,KCR,9.0,3.0,6.0,4.8,3.4,5.2,2.9,4.45,3.05,2.4,3.0,2.7,4.7,3.2,4.55,2025-06-18,Patrick Corbin,0.1809617467600975,0.0771441004612247,0.2226581325421073,Kris Bubic,0.2554069996905765,0.0787858363285224,0.2820761366892945,0.23185170221934923,0.04757326007326006,0.2306947076612408,0.2321791914058178,0.0779515439387375,0.2141294823000457,0.23554324760207113,0.09058239962651725,0.2172739832632379,0.2295733512438525,0.06944552245164017,0.20934910927128228
2025-06-19,TEX,KCR,5.0,1.0,4.0,5.0,3.4,5.2,3.1,4.35,2.85,3.6,3.4,3.1,4.3,3.45,4.55,2025-06-19,Jacob Latz,0.2831539375657022,0.0814655605832076,0.2927757682005558,Michael Wacha,0.1790180195925537,0.0656103179084545,0.1925387675126219,0.21310170221934924,0.04757326007326006,0.23506970766124083,0.23069059152518145,0.0777369391618106,0.21393323949032284,0.2527378177378177,0.0611706349206349,0.22484242126645854,0.22958951177797926,0.06850706944553692,0.2100453316489324
2025-07-01,TEX,BAL,12.0,10.0,2.0,3.8,3.6,2.9,3.6,4.4,3.4,7.2,5.4,5.5,5.6,5.1,4.5,2025-07-01,Jacob deGrom,0.2606908328132584,0.0573698512585812,0.2645651802492864,Brandon Young,0.1766251377235358,0.1436138655818289,0.2139237199582027,0.20921578421578416,0.0349712787212787,0.24306511387300428,0.2257125120058679,0.0724251630830772,0.21723573124709272,0.2173747956848643,0.0878092695506883,0.23161458750086977,0.2665555289852089,0.0967511239203185,0.2507572996673998
2025-07-02,TEX,BAL,6.0,6.0,0.0,4.6,3.6,3.6,3.7,4.5,3.45,6.4,7.4,4.9,5.4,4.85,4.8,2025-07-02,Nathan Eovaldi,0.2617398784790088,0.044280767541637,0.2681677919463716,Tomoyuki Sugano,0.1389707182913704,0.0479956984440679,0.1571923832584893,0.22110389610389608,0.0349712787212787,0.26973178053967095,0.22627221153826557,0.07156295876065961,0.2196099090497067,0.20305900621118012,0.08928295376121462,0.21628960240844278,0.26483134629126526,0.09702464010949123,0.24901385028971396
2025-07-18,TEX,DET,2.0,2.0,0.0,8.8,4.0,7.3,3.6,5.1,3.6,4.2,8.8,4.0,6.6,5.2,5.45,2025-07-18,Patrick Corbin,0.189312272816991,0.0696814367288185,0.2337262862275062,Tyler Holton,0.1849007936507936,0.044265873015873,0.201391223155929,0.2222086247086247,0.062462121212121205,0.23317728254018574,0.22477844227684796,0.0705095762949118,0.220424163243767,0.1888762682106335,0.08531304866444182,0.18846130477994846,0.19928673538789965,0.0701895926073271,0.20422552931008411
2025-07-19,TEX,DET,5.0,4.0,1.0,6.6,3.8,6.5,3.4,5.05,3.55,3.4,8.8,3.6,5.9,4.8,4.85,2025-07-19,Kumar Rocker,0.1870219454147304,0.0705366360804508,0.2267313338803692,Keider Montero,0.1643605374302525,0.0797670505129275,0.1658459022090984,0.2222086247086247,0.07609848484848483,0.2304987111116143,0.22527790926070654,0.07166904093577918,0.22110426868616825,0.19959055392491923,0.0888844772358704,0.18775145562289436,0.19980955254884913,0.0703250950890385,0.2043612589496485
2025-07-20,TEX,DET,3.0,1.0,2.0,5.8,1.8,6.3,3.5,5.15,3.55,3.0,8.2,3.0,5.2,4.7,4.65,2025-07-20,Jacob Latz,0.2704283539367573,0.0822797495066402,0.2904113345830457,Tyler Holton,0.1901471157568718,0.0431862175764614,0.2066418437293616,0.20629953379953378,0.06643939393939394,0.214168065950324,0.2238926637106899,0.07186739196643188,0.2194691731327026,0.20660809778456835,0.08669149477973005,0.2107693584361936,0.2011720401078745,0.07045783221398028,0.20582518576604514
2025-07-21,TEX,ATH,9.0,7.0,2.0,3.8,1.4,5.7,3.3,5.15,3.35,5.2,4.8,4.8,5.4,4.45,5.15,2025-07-21,Jack Leiter,0.2013321013596328,0.1108422820293529,0.2122851093342297,Sean Newcomb,0.276320490356949,0.0720647415237684,0.2202593388496947,0.22571129850541616,0.06820409982174687,0.21603916782142588,0.22460924517342595,0.07233453142415737,0.21879955048692148,0.2767350296762061,0.09737037472331589,0.2650218421064602,0.24476793147803091,0.09638679326553001,0.26167790319903383
2025-07-22,TEX,ATH,8.0,6.0,2.0,3.8,1.2,6.3,3.1,5.35,3.15,4.8,5.6,4.8,5.4,4.55,5.35,2025-07-22,Jacob deGrom,0.2635274581294092,0.0576728017255537,0.264540621234913,Sean Newcomb,0.2783566633203914,0.0694910007550624,0.2186954548991803,0.22514311668723433,0.07104500891265596,0.22318202496428302,0.22417701221024164,0.0725221532371365,0.21875395618185878,0.2790077569489334,0.0882794656324068,0.26211486536227413,0.244819226267462,0.09544182470410326,0.2615634139519845
2025-07-23,TEX,ATH,3.0,2.0,1.0,4.0,1.4,6.4,2.7,5.6,3.05,4.0,6.2,4.8,5.4,4.45,5.1,2025-07-23,Patrick Corbin,0.194667940200174,0.071101251090445,0.233087171560546,JP Sears,0.1939471276244731,0.0601118675374968,0.1821487410906713,0.22180978335390095,0.07771167557932263,0.23131995599876576,0.22460190875480593,0.07246359837143179,0.21898020972348844,0.2661506140917905,0.0882794656324068,0.24943543952495353,0.24313582185155042,0.09451520504678186,0.26034788213073834
2025-07-25,TEX,ATL,11.0,8.0,3.0,4.0,1.6,5.3,2.7,5.4,3.0,4.6,7.8,5.6,6.0,3.8,5.35,2025-07-25,Nathan Eovaldi,0.2658688705499766,0.0419694090306302,0.2629896553050342,Joey Wentz,0.1636577414355192,0.1014844209288653,0.2045899037444931,0.24680978335390097,0.07771167557932263,0.25816206126192365,0.22485337500475833,0.07174613700141762,0.22045982202950914,0.22275176404500088,0.07218066718520436,0.2696211359824455,0.2538804292874142,0.07657116688634365,0.2620687979510306
2025-07-27,TEX,ATL,9.0,8.0,1.0,4.8,2.0,5.3,1.9,5.65,3.05,3.4,7.0,5.0,6.6,3.95,5.55,2025-07-27,Jack Leiter,0.2047395812360814,0.1130367447422232,0.2118641149691695,Bryce Elder,0.1816989297215423,0.0850949104435078,0.1943830830299722,0.21724004753416515,0.09721925133689838,0.2128813595075377,0.22485131868908292,0.07285374363804793,0.21938804214339708,0.22592636721960407,0.09202193702647418,0.2621257903694529,0.2536487246359648,0.07794870080671724,0.26283895488035947
2025-08-05,TEX,NYY,2.0,2.0,0.0,3.6,5.2,4.6,3.9,5.45,3.5,5.8,6.2,4.8,6.7,5.3,5.55,2025-08-05,Nathan Eovaldi,0.2630768561267282,0.0520033782800193,0.2625574826169454,Will Warren,0.2564025586926293,0.1115444450639953,0.2285786235771985,0.30769520683994367,0.080205978232294,0.2777621192743564,0.2322264746973415,0.07334898469761417,0.22548740654922736,0.24951578349411166,0.06467281256754939,0.29707697362731683,0.24786523031841246,0.09022549521808285,0.25873554080159455
2025-08-06,TEX,NYY,5.0,2.0,3.0,3.0,3.6,4.2,3.7,5.3,3.2,4.4,5.6,4.4,6.1,4.8,5.5,2025-08-06,Jack Leiter,0.2185969347227326,0.1163133778983471,0.2241736131646345,Carlos Rod\xc3\xb3n,0.286025516188804,0.0969345697987898,0.2924195817136265,0.3183012674460043,0.0711150691413849,0.2657621192743564,0.23312122565872198,0.07269987863834323,0.22349194277445544,0.2485634025417307,0.07086328875802558,0.29695620068045697,0.24686056455538544,0.09060363414891838,0.2581715838160055
2025-08-08,TEX,PHI,10.0,1.0,9.0,2.2,3.6,4.2,3.9,4.75,3.3,5.2,3.0,4.5,4.1,5.35,4.0,2025-08-08,Merrill Kelly,0.2377642513211113,0.071561122064057,0.2298964859684663,Cristopher S\xc3\xa1nchez,0.2573820039148884,0.0658153172982121,0.2805995877729215,0.2914614406061774,0.08107177909809485,0.24323959675183388,0.2319117245146814,0.07373300418078049,0.22247980387387345,0.22705128205128206,0.04899572649572649,0.2520302339648181,0.2372537876400258,0.07989179546677108,0.2249506315923748
2025-08-09,TEX,PHI,5.0,2.0,3.0,2.4,4.2,3.5,4.5,4.4,3.2,6.0,1.8,5.1,3.8,5.15,4.05,2025-08-09,Jacob deGrom,0.2716690306434429,0.0599667309668349,0.2724707686293785,Jes\xc3\xbas Luzardo,0.271577294895937,0.0856946631274333,0.2768511723740542,0.2622947739395108,0.09773844576476151,0.22657293008516718,0.23170669502614794,0.07454112298500559,0.22199447224598468,0.24927350427350428,0.04621794871794871,0.2589533108878951,0.23810404910633826,0.0799222515540858,0.22561478529509715
2025-08-10,TEX,PHI,6.0,2.0,4.0,2.2,4.0,2.9,4.7,3.95,3.15,6.2,2.2,5.2,3.4,5.2,3.95,2025-08-10,Patrick Corbin,0.2029332705323281,0.0727284412906075,0.2356793082009997,Zack Wheeler,0.3341424126305549,0.0531433582520538,0.2872162319693734,0.27983863358863353,0.08779692529692526,0.22348763062963176,0.23258278673569263,0.0748563815033341,0.22189560882825615,0.25495532245532243,0.03371794871794871,0.24436997755456172,0.23761031342837197,0.07922117917203242,0.22509769653519862
2025-08-12,TEX,ARI,5.0,2.0,3.0,1.8,3.8,2.7,4.5,3.7,3.2,6.6,3.4,5.1,4.7,4.3,4.05,2025-08-12,Jack Leiter,0.2164906173983606,0.1222624148857827,0.2260084107672723,Anthony DeSclafani,0.2230380403909815,0.0512907925407925,0.2415087824062786,0.251267205017205,0.08065406815406813,0.19007267601902503,0.23240718394732873,0.07358762927446402,0.22040464209266827,0.18330228652627792,0.06908472420245373,0.24108014464758304,0.21992977720795495,0.07906701305072114,0.23874030422575557
2025-08-13,TEX,ARI,10.0,4.0,6.0,1.8,4.4,2.4,4.0,3.55,3.3,6.0,3.4,5.2,3.7,4.2,4.1,2025-08-13,Merrill Kelly,0.2351037843276592,0.0776373796592141,0.2262698466721612,Zac Gallen,0.219018258982027,0.0830375502114632,0.2203171069994663,0.2795760285466168,0.06815406815406813,0.1939051180867612,0.2344087053872177,0.07296924583518281,0.22109897537785847,0.18558800081199217,0.07060853372626327,0.2510348957788048,0.21928750525503152,0.07920177206894925,0.23822138992583508
2025-08-22,TEX,CLE,7.0,4.0,3.0,5.0,4.4,4.0,5.5,3.45,5.1,2.6,4.8,3.7,5.1,4.5,4.4,2025-08-22,Nathan Eovaldi,0.2538644114785875,0.0465584512241435,0.2521109582535705,Slade Cecconi,0.2052943161910553,0.0661823150681846,0.2120783956460605,0.26525296350424227,0.11415083424674215,0.20999528300329212,0.2346362170318853,0.07736101257365494,0.2203362251729746,0.1494025840001072,0.06962263613579403,0.19710191981931108,0.24220317388713,0.07956347434954378,0.256306025593745
2025-08-23,TEX,CLE,10.0,10.0,0.0,3.8,4.2,4.2,5.4,3.45,4.95,3.2,5.2,3.7,5.4,4.35,4.4,2025-08-23,Jack Leiter,0.2143716356514022,0.1220980631193066,0.2292036920922977,Logan Allen,0.2052236236656526,0.0909293118985147,0.191292105786737,0.2774751857264645,0.11415083424674215,0.23082861633662546,0.2359281215863237,0.07675662966292325,0.22121901508047742,0.16636164832759257,0.06435947824105717,0.21811032318065565,0.24204459490566246,0.07893201820391248,0.2570729712356247
2025-08-24,TEX,CLE,5.0,5.0,0.0,5.2,3.4,5.0,5.1,3.7,4.55,3.0,5.2,3.3,5.8,4.3,4.7,2025-08-24,Merrill Kelly,0.2304804163024546,0.0732037350700438,0.2222082729093105,Gavin Williams,0.2298433514676668,0.120133071308778,0.2489782254077432,0.24291636219705276,0.11415083424674215,0.23129481680282593,0.23506821366704989,0.07616161702987734,0.2218893506821195,0.16136164832759256,0.052692811574390507,0.21551773058806303,0.240794899932652,0.0789666742285536,0.25563203503750226
2025-08-25,TEX,LAA,4.0,0.0,4.0,5.8,2.4,5.1,4.5,3.65,4.4,2.4,5.2,3.1,5.6,3.7,5.3,2025-08-25,Jacob deGrom,0.2729496978429091,0.0565127132628085,0.2712359596789711,Jos\xc3\xa9 Soriano,0.2046610723312099,0.1027258153880318,0.2503018370565715,0.23101160029229084,0.09986511996102787,0.22445271153966803,0.2345420479208931,0.07557575843733981,0.2224902018307186,0.25163323080428335,0.09926600592390063,0.2874374443523379,0.23616908119748695,0.09210438138127042,0.25568293168795386
2025-08-26,TEX,LAA,10.0,7.0,3.0,4.6,2.6,4.6,4.3,3.65,4.3,2.4,4.0,2.8,5.2,3.75,5.0,2025-08-26,Patrick Corbin,0.1897011146397637,0.0801578539655389,0.2351789629993282,Yusei Kikuchi,0.2307567603863899,0.0907943543870317,0.2117520306858647,0.24865865911582025,0.09986511996102788,0.2351193782063347,0.23499682348683149,0.07589691340211989,0.22262386441216347,0.2516332308042834,0.08498029163818635,0.30541249937801657,0.2369107930458522,0.09140129450049736,0.25688987956398684
2025-08-27,TEX,LAA,23.0,20.0,3.0,5.2,2.0,5.1,3.2,3.85,4.25,2.6,5.2,2.5,5.4,3.75,5.05,2025-08-27,Jacob Latz,0.2422324250661354,0.1070244863231288,0.2699217817949931,Jack Kochanowicz,0.145535980519338,0.1027771908726765,0.1880915882365818,0.2553253257824869,0.08986511996102789,0.23240198690198688,0.23447917078364844,0.07532193678543717,0.2218842896817683,0.26466353383458646,0.08710150375939846,0.3128837637458327,0.23713621633085835,0.09121391095630167,0.2567723752517205
2025-09-06,TEX,HOU,11.0,0.0,11.0,5.2,3.6,6.8,2.8,5.5,4.1,4.2,5.6,3.3,4.1,3.4,5.6,2025-09-06,Jacob deGrom,0.2782356185216597,0.0581484874562677,0.2701857641339371,Hunter Brown,0.2869841999713174,0.0762774420664919,0.2492485869503036,0.26032009614052953,0.04696672608437314,0.20791808336575776,0.23638333707943857,0.07353225612641363,0.22144933622607854,0.33288854401176915,0.10813834154351394,0.32814361728436475,0.2866515101098462,0.08899957156397562,0.3021524465602145
2025-09-07,TEX,HOU,6.0,4.0,2.0,4.2,5.4,5.8,3.9,5.4,4.5,6.4,5.0,4.3,3.5,3.9,4.9,2025-09-07,Patrick Corbin,0.194865936615325,0.077088607426136,0.2357695922191601,Framber Valdez,0.2412204957038096,0.0819362622927506,0.2457064484041369,0.2469083314346472,0.0432020202020202,0.20314885259652699,0.2358416112845489,0.07357812665033978,0.22124265790041622,0.305745686868912,0.11813834154351395,0.3188318763936765,0.2867468564662044,0.08907814605280436,0.30262579374643855
2025-09-08,TEX,MIL,5.0,5.0,0.0,3.2,5.2,5.7,4.1,5.4,4.3,5.0,2.0,5.2,3.7,4.55,4.15,2025-09-08,Jacob Latz,0.2370576872940318,0.1047274737400787,0.2657459721130268,Jose Quintana,0.1599692643763789,0.0891560635236524,0.158816093727417,0.25524166476798055,0.0432020202020202,0.21864885259652703,0.23594131824733378,0.07305997082885851,0.22165644199970905,0.24524981554393316,0.08254041709924062,0.2794580219453246,0.24518340632305147,0.07952003506686665,0.24450391828424062
2025-09-09,TEX,MIL,9.0,5.0,4.0,2.4,4.0,6.2,3.7,5.4,4.0,3.8,2.4,4.8,3.6,4.35,4.1,2025-09-09,Jack Leiter,0.2316180538659876,0.1159970201826709,0.2296939923931082,Tobias Myers,0.1954562170524258,0.0641396665618118,0.1719986711363246,0.23515619468251042,0.03978321678321678,0.20558578953346393,0.23482930257373757,0.07308698555679011,0.22127189811626122,0.24453552982964744,0.0968261313849549,0.2966920644985161,0.24447770795432108,0.07995684270679959,0.24488664988228032
2025-09-10,TEX,MIL,9.0,6.0,3.0,2.8,3.8,6.0,3.8,5.55,3.5,4.6,3.0,4.5,3.9,4.5,4.15,2025-09-10,Merrill Kelly,0.2289462893384616,0.0695605939924569,0.2196826106999753,Erick Fedde,0.1239630721067161,0.1051076707630048,0.1607055397385578,0.23103854762368692,0.02978321678321678,0.19683578953346392,0.23360704026011275,0.07257943704597906,0.2204297321571205,0.2680932221373397,0.0876915160003395,0.286154430089914,0.24494361406422302,0.0798372752909996,0.24431407229802254
2025-09-20,TEX,MIA,7.0,3.0,4.0,4.2,4.4,4.1,4.2,5.45,3.5,6.2,4.0,6.1,4.9,5.3,6.15,2025-09-20,Jack Leiter,0.2264861730120376,0.1120944030070426,0.2225561657960878,Adam Mazur,0.1381056542435852,0.0829225589225589,0.2071197268109996,0.24754823092284392,0.04586615139246717,0.2322176154948233,0.23670493092335418,0.07127090376067487,0.22235125604544026,0.22369718688604134,0.06872561047483647,0.26513790565151724,0.22382117297871185,0.08324144902966961,0.23098573258951396
2025-09-21,TEX,MIA,6.0,2.0,4.0,3.2,4.6,4.4,3.5,5.1,3.7,5.4,4.2,6.0,4.8,5.45,5.7,2025-09-21,Merrill Kelly,0.2230418126446767,0.066770606604149,0.2174878024249624,Eury P\xc3\xa9rez,0.2393689942518856,0.0890357481318579,0.2480543463515641,0.2629328463074593,0.053558459084774857,0.25364618692339475,0.23666613549751025,0.07181061127757342,0.22338786470496275,0.2271027596414593,0.07336957332313368,0.2794236199372315,0.2237353997065232,0.08338352457073456,0.23170748362349866
2025-09-23,TEX,MIN,5.0,1.0,4.0,3.0,5.0,4.2,3.7,4.95,3.9,2.6,6.4,4.5,6.0,4.65,6.2,2025-09-23,Patrick Corbin,0.1911277526961699,0.0740400322736785,0.2360852693907693,Zebby Matthews,0.2555887007123153,0.0752748940302222,0.2539644145855164,0.2864622580721652,0.053558459084774857,0.2726784449879109,0.23703919726089537,0.07134430860693983,0.22382250571756143,0.22058591323425084,0.06702629233511585,0.21642762202355392,0.22938642482903393,0.07386048560523388,0.2394706453152543
2025-09-24,TEX,MIN,6.0,4.0,2.0,2.6,4.6,3.8,4.1,5.0,3.9,2.4,4.6,4.6,5.7,4.5,6.15,2025-09-24,Jacob deGrom,0.2731098857801295,0.0565740880224427,0.2690428326960041,Taj Bradley,0.1994873191898363,0.0970194508009153,0.2091229109414189,0.2700986217085288,0.06446754999386577,0.2667260640355299,0.23680023469792186,0.07217434532560472,0.22387618540417625,0.25391924656758413,0.06202629233511585,0.2343064099023418,0.23005275116559995,0.07338702095391827,0.23985865399913087
2025-09-25,TEX,MIN,4.0,0.0,4.0,2.4,3.8,3.7,3.9,4.85,3.85,2.4,4.2,3.9,5.3,4.35,6.05,2025-09-25,Tyler Mahle,0.1910508298380151,0.0950702619695754,0.2186070968950111,Bailey Ober,0.1947245924176176,0.0513422934798919,0.2220294161682596,0.2486700502799574,0.06446754999386577,0.25970852017588075,0.23665591084912568,0.07171168926582522,0.22412799123323182,0.24010106474940235,0.06311720142602494,0.23372501455350464,0.22974552460924696,0.07349862649503403,0.23992324855964595
2025-04-29,TOR,BOS,12.0,2.0,10.0,1.8,5.2,2.4,4.6,3.05,3.95,6.4,4.6,5.9,3.9,5.75,5.3,2025-04-29,Bowden Francis,0.1940711462450592,0.0790513833992094,0.1815266241378149,Garrett Crochet,0.2969929453262786,0.1009038800705467,0.270693358928653,0.30747234247234245,0.07611832611832611,0.2895574971747912,0.2766854090632286,0.07495070718754927,0.3043431329804292,0.23604280308614672,0.08638978668390432,0.29594653940905113,0.23706601534000915,0.06960279028390483,0.2643528836978526
2025-05-01,TOR,BOS,6.0,4.0,2.0,2.0,6.2,2.0,5.3,2.9,4.35,7.4,3.4,6.8,4.1,5.85,5.2,2025-05-01,Jos\xc3\xa9 Berr\xc3\xados,0.1998433329955068,0.103227086922739,0.1791502453625839,Tanner Houck,0.1811339944063056,0.0903699466056445,0.2248779278149381,0.2708585858585858,0.07913419913419913,0.2772178442791111,0.27270179625442786,0.07651483993589255,0.3002572944854377,0.2458467246547742,0.06693277310924368,0.3186186041863791,0.23450429134204287,0.06525261589116077,0.2661000592359676
2025-05-02,TOR,CLE,8.0,5.0,3.0,2.6,6.0,2.1,5.4,2.85,4.3,2.6,6.8,3.1,4.9,3.75,4.2,2025-05-02,Chris Bassitt,0.2794861003194336,0.0496650263316929,0.2274450064446765,Logan Allen,0.1604522868435911,0.1115917560700169,0.1363879528898302,0.26980038480038476,0.06802308802308801,0.2717632988245656,0.27312155397893934,0.07404661929279924,0.2993692292674323,0.2702751505740636,0.08081651138716354,0.2725084807979544,0.26015796182484374,0.07569350520695835,0.2657063139333136
2025-05-03,TOR,CLE,8.0,3.0,5.0,2.8,6.2,2.3,5.6,2.9,4.35,2.6,6.4,3.1,5.4,3.85,4.45,2025-05-03,Kevin Gausman,0.1963430195676572,0.090536283891547,0.2108626515060493,Gavin Williams,0.2250265978336153,0.1154149619061899,0.2608661790804195,0.24027657527657525,0.07468975468975467,0.2621833807917788,0.26875317208376415,0.0738159957732326,0.29880300335282506,0.24603272633163936,0.0815740871447393,0.25521524771524773,0.2548689346087265,0.07616899226014999,0.2618672773371833
2025-05-04,TOR,CLE,9.0,4.0,5.0,3.0,5.0,2.3,5.3,3.05,4.35,3.0,4.4,3.0,5.3,3.95,4.5,2025-05-04,Bowden Francis,0.1715298767728434,0.0658761528326745,0.1919225932855774,Tanner Bibee,0.1718426501035196,0.1042701863354037,0.1983399149441233,0.2652765752765752,0.08064213564213563,0.26610494941922974,0.27576065171758946,0.0759081517454723,0.29984937698859804,0.231449392998306,0.07324075381140596,0.238548581048581,0.2528274517417954,0.07386084097953938,0.25729890866366595
2025-05-13,TOR,TBR,20.0,9.0,11.0,6.6,3.4,5.2,4.0,3.6,4.65,2.6,4.8,2.5,4.5,2.15,3.75,2025-05-13,Jos\xc3\xa9 Berr\xc3\xados,0.2270981082122386,0.0999070876788267,0.2130558658401197,Shane Baz,0.2549009168884945,0.0867800453514738,0.2098879667473119,0.3932265801831019,0.08723603690994994,0.3532556739237774,0.3028329922365963,0.07919513917940689,0.3135068893450226,0.19474873166049633,0.09738868974163091,0.22147653588647373,0.22682812356725396,0.06764862233532308,0.26303054063143705
2025-05-14,TOR,TBR,4.0,3.0,1.0,7.6,4.6,5.7,4.9,3.9,5.15,4.0,5.0,3.6,5.1,2.5,3.85,2025-05-14,Chris Bassitt,0.257215774639875,0.0415591145763559,0.2242295881668407,Ryan Pepiot,0.1940403115749817,0.0878577297889516,0.2191103070694835,0.3881845633763792,0.09311838985112639,0.3545543752224787,0.30118570261246125,0.07869827064848879,0.3128290209637851,0.19747600438776908,0.10102505337799453,0.21809815750809536,0.22683896756007038,0.06932459828723316,0.2618887278408219
2025-05-15,TOR,TBR,11.0,3.0,8.0,6.6,3.8,5.5,4.7,3.9,5.15,4.2,4.2,3.5,4.6,2.55,3.95,2025-05-15,Jos\xc3\xa9 Ure\xc3\xb1a,0.0958605664488017,0.0751633986928104,0.1299361207897793,Zack Littell,0.1597628066378066,0.0416699735449735,0.1647541784275328,0.40212395731577316,0.08645172318445973,0.359762708555812,0.3005081209485282,0.07682450229971526,0.31331721887734576,0.17604743295919764,0.08673933909228024,0.21174364245792812,0.22143803976102108,0.0676740126137276,0.25931628560285364
2025-05-16,TOR,DET,9.0,4.0,5.0,6.0,4.8,5.5,5.0,3.9,5.15,5.2,4.8,7.1,3.4,6.3,3.35,2025-05-16,Bowden Francis,0.1649534504646228,0.0606156916225565,0.1820371830594211,Jack Flaherty,0.2856071012321012,0.08505661005661,0.2810883964226987,0.38069538588720175,0.07930886604160259,0.34865159744470087,0.3001640782686621,0.07669901553527005,0.3111987305830406,0.24968265068265066,0.08570962370962368,0.2120878625178731,0.22555923221095944,0.07079077848970712,0.2266536972407901
2025-05-17,TOR,DET,3.0,2.0,1.0,5.6,5.2,5.5,5.0,4.1,5.05,5.8,5.4,6.7,3.7,6.25,3.35,2025-05-17,Eric Lauer,0.1895424836601307,0.0614379084967319,0.1734234234234234,Tyler Holton,0.2154995331465919,0.0698412698412698,0.2255253973247052,0.3883040815393756,0.061374083432906956,0.34632059511369856,0.29902398558073795,0.07779676518219572,0.30825826356565744,0.2389134199134199,0.078017316017316,0.1983197465758441,0.22499124927293812,0.06921765007882474,0.22532065211692068
2025-05-18,TOR,DET,5.0,2.0,3.0,4.2,5.2,5.4,4.3,4.15,4.85,5.4,3.8,6.6,3.4,6.3,3.35,2025-05-18,Jos\xc3\xa9 Berr\xc3\xados,0.2196427628553232,0.1021396334922904,0.213192515667408,Brant Hurter,0.2648899711399711,0.0381313131313131,0.1834147820989926,0.37660817510662714,0.06078928811126951,0.356142956660198,0.29471818940993794,0.07840712946469663,0.30830463165500294,0.222056277056277,0.08744588744588741,0.18897289972899728,0.2216529301893649,0.07237130364853972,0.22132817417234996
2025-05-20,TOR,SDP,3.0,3.0,0.0,2.8,3.6,5.2,4.1,4.2,4.85,2.8,4.0,5.9,5.9,4.65,4.45,2025-05-20,Chris Bassitt,0.255302910791,0.0458303240678719,0.2224633376297843,Dylan Cease,0.2832515852653152,0.0874146884558783,0.3078368399460394,0.35353125202970404,0.0684815958035772,0.32722991318193717,0.2916557538542035,0.08004710825559788,0.3072734345585331,0.19478672170622632,0.1130250257997936,0.2221138408938131,0.26624247971659276,0.08030152852726706,0.2640725425288802
2025-05-21,TOR,SDP,14.0,14.0,0.0,2.8,3.4,4.7,3.6,4.15,4.75,1.6,3.8,5.6,5.0,4.65,4.3,2025-05-21,Jos\xc3\xa9 Ure\xc3\xb1a,0.0718954248366013,0.1063725490196078,0.1252298683701122,Randy V\xc3\xa1squez,0.1124026000837594,0.1370035922209835,0.1438171007588325,0.3057534742519262,0.0684815958035772,0.3185464397925814,0.2901784446705443,0.07834397829271282,0.3069935241861989,0.21978672170622632,0.13177502579979358,0.24635626513623735,0.2658733324503066,0.08415831196982916,0.2656466514107996
2025-05-29,TOR,ATH,12.0,12.0,0.0,1.0,3.8,2.7,2.6,4.1,3.8,3.4,6.8,3.3,6.7,4.05,7.35,2025-05-29,Jos\xc3\xa9 Ure\xc3\xb1a,0.0664488017429193,0.0709150326797385,0.1749652756552628,Sean Newcomb,0.2109015987336308,0.0890636578464684,0.215114109738463,0.19405779405779405,0.05610130610130608,0.27404083069638835,0.2764162993459118,0.07435152521680745,0.30207484966252757,0.21034674922600619,0.09901169590643273,0.2749002650458897,0.24510563016666184,0.10694633402680602,0.27548624840118974
2025-05-30,TOR,ATH,18.0,11.0,7.0,3.2,3.2,3.7,2.5,4.55,3.4,2.4,7.2,3.2,7.0,3.75,7.5,2025-05-30,Chris Bassitt,0.2408640775677711,0.0497145698535912,0.2145513432281967,Jeffrey Springs,0.1911112491973735,0.1000439114314712,0.2355658396435088,0.21503681503681502,0.0407166907166907,0.27487695109772614,0.27797380049395554,0.07302381940936445,0.30148834822624615,0.21891817779743478,0.08544026733500415,0.27771356427862626,0.24230929079030436,0.10707509508397985,0.2721787093369431
2025-05-31,TOR,ATH,15.0,8.0,7.0,5.4,2.0,4.6,2.9,4.9,3.5,3.2,8.6,3.7,7.8,3.95,7.95,2025-05-31,Easton Lucas,0.2635610766045548,0.1194703243616286,0.2510239675962672,Gunnar Hoglund,0.1954112554112554,0.0798441558441558,0.2289405684754522,0.20614792614792612,0.054050024050024036,0.27403661496327236,0.27543624843850606,0.07408188105715338,0.3012116102874398,0.1900756730536017,0.09834349314145577,0.2584194466315674,0.2392438914496484,0.10745366685950633,0.27024459365871994
2025-06-01,TOR,ATH,12.0,8.0,4.0,6.6,3.2,5.1,3.6,4.9,3.6,3.6,9.4,4.1,8.2,4.15,8.1,2025-06-01,Kevin Gausman,0.2337416984098188,0.053928882122662,0.2390614887172457,JP Sears,0.1757812279946667,0.045088245088245,0.1635600483740901,0.21378681503681501,0.06655002405002404,0.2670190711036232,0.27392010622404905,0.07495977965961625,0.2993455903883521,0.18674233972026838,0.09834349314145577,0.2473083355204563,0.23801376899569954,0.10563241826866725,0.26848903557410886
2025-06-03,TOR,PHI,11.0,3.0,8.0,8.2,3.6,4.5,4.0,5.0,3.65,3.8,8.2,4.0,5.4,4.55,4.3,2025-06-03,Eric Lauer,0.2356442577030812,0.0743697478991596,0.207639030007451,Cristopher S\xc3\xa1nchez,0.2683933523656843,0.0925438593027525,0.2761999325926224,0.22674977799977797,0.06840187590187588,0.2715283549232519,0.27586872965904635,0.07463089450531014,0.29883516969076596,0.21342854323403518,0.11023830098200804,0.21341528402140253,0.2595842366456097,0.08231388684290276,0.2309248236174302
2025-06-05,TOR,PHI,10.0,9.0,1.0,6.4,5.4,4.8,4.3,4.5,3.9,4.0,6.6,3.8,5.4,4.5,4.5,2025-06-05,Chris Bassitt,0.2425312015385728,0.0528180658440528,0.20963502758881,Taijuan Walker,0.2253663931975952,0.0849775467499252,0.1725628082035404,0.23257395382395382,0.06125901875901875,0.2798526138464219,0.27642572681308225,0.07335494011871918,0.2993335276589145,0.19070127050676244,0.12008678583049288,0.19090828122028208,0.258276457401392,0.08259569681228597,0.2300073269896649
2025-06-17,TOR,ARI,9.0,5.0,4.0,4.2,6.6,4.6,4.9,4.65,4.7,6.0,4.2,5.4,5.2,4.75,5.45,2025-06-17,Chris Bassitt,0.2305791720436183,0.0553007770570417,0.2022047006501353,Brandon Pfaadt,0.1622965782035931,0.0544354825474664,0.1927391027879048,0.22975149850149848,0.08271936396936394,0.24861897656584264,0.2698518918396198,0.0746738730554297,0.2921906331387636,0.19938870308435525,0.09102517651430694,0.19848423240263846,0.225683842254315,0.08379230462143065,0.23796893602215252
2025-06-18,TOR,ARI,9.0,8.0,1.0,3.2,5.6,4.9,5.2,4.85,4.75,4.8,4.6,5.0,5.4,4.9,5.55,2025-06-18,Eric Lauer,0.2222733597862596,0.0763204727085015,0.1977226904127488,Eduardo Rodr\xc3\xadguez,0.2344815117542389,0.0764310437037709,0.2139548558541059,0.21070387945387942,0.11129079254079252,0.23002923297609906,0.26808807588152983,0.07760498989791381,0.2913375581058534,0.2035553697510219,0.0826918431809736,0.20301432029986635,0.22717897407485696,0.08262852261279968,0.2380163023321897
2025-06-21,TOR,CHW,8.0,7.0,1.0,4.6,6.4,4.3,6.0,5.45,4.8,3.0,4.6,3.3,4.7,3.6,4.45,2025-06-21,Jos\xc3\xa9 Berr\xc3\xados,0.2109767124984515,0.0842628600599614,0.2152605171524831,Aaron Civale,0.192316540142627,0.0786749482401656,0.1977595010692867,0.22689875793577613,0.09892230403133037,0.25916930537932936,0.26911483456815277,0.07744872809780524,0.2946210278413984,0.16253703814816756,0.06660071358941087,0.21247583487377955,0.21094906097918278,0.09793636467418868,0.224959854945336
2025-06-22,TOR,CHW,6.0,2.0,4.0,5.2,4.4,4.7,5.5,5.7,4.85,3.0,5.4,3.0,5.3,3.6,4.7,2025-06-22,Chris Bassitt,0.2275529062530561,0.0540831943890414,0.2040021650512374,Adrian Houser,0.1868780977476629,0.0870987305769914,0.1839393939393939,0.2090416150786333,0.09177944688847324,0.253372203930054,0.26886332358699283,0.07642966588599202,0.2951304002820817,0.1458703714815009,0.05826738025607754,0.20592821582616053,0.20820946278464794,0.09666446383426414,0.22389358595717762
2025-07-01,TOR,NYY,17.0,12.0,5.0,5.2,4.4,5.1,4.9,4.95,5.05,5.2,3.6,5.0,3.4,4.75,3.95,2025-07-01,Kevin Gausman,0.2356433051026379,0.0715052190134426,0.2378713219564634,Max Fried,0.2468040226881394,0.0507892584627746,0.2269812699536663,0.22420027336110565,0.1259794470253804,0.2598022438022437,0.262456011683273,0.08291667621103724,0.289794615169946,0.24386315438947012,0.09395056697688274,0.26287450707561083,0.2568557649033174,0.09483070871650615,0.26798724361675047
2025-07-02,TOR,NYY,20.0,11.0,9.0,6.4,5.4,5.8,4.5,5.25,5.1,4.8,5.8,4.8,4.3,4.55,4.25,2025-07-02,Jos\xc3\xa9 Berr\xc3\xados,0.2162679676106785,0.0831030838064085,0.2159101645845678,Will Warren,0.2852747407515882,0.1099910450596949,0.2501649532550405,0.19738034998945814,0.12674573055028462,0.23533134433134428,0.2606754834412475,0.08324837544515576,0.2876457709578626,0.23809392362023943,0.11125825928457504,0.26712738063882924,0.2567751088456313,0.09665622979042961,0.26807988862085363
2025-07-03,TOR,NYY,13.0,8.0,5.0,6.8,7.2,6.8,4.7,5.55,5.35,6.0,8.0,5.4,4.9,4.65,4.3,2025-07-03,Chris Bassitt,0.2296777449394871,0.0629054870143613,0.2071398243284522,Clarke Schmidt,0.2424603415907763,0.0951906064949543,0.2507212059769604,0.1890470166561248,0.14341239721695126,0.23020313920313917,0.2595823576647989,0.08421835557563843,0.28758071876127445,0.24912333538494527,0.11052296516692799,0.2696483890421906,0.2565253298782061,0.09690030919779123,0.26662381018174075
2025-07-06,TOR,LAA,5.0,3.0,2.0,8.2,5.2,6.9,5.1,5.8,5.3,5.8,5.2,6.2,4.9,5.2,4.6,2025-07-06,Kevin Gausman,0.2288407577436592,0.0767107943655931,0.2385847736060832,Tyler Anderson,0.1960199486030688,0.0789677401314229,0.2420394649095048,0.18662054606788953,0.11313952139995782,0.22426907326907322,0.2583074217634886,0.08377965944512378,0.28540643351348727,0.25622896613081786,0.06509724468207748,0.24996011877467264,0.22933668713743735,0.08986652749427046,0.2525093886577681
2025-07-18,TOR,SFG,4.0,4.0,0.0,4.4,4.4,6.1,4.7,5.75,4.65,3.2,5.2,4.0,5.1,3.65,4.65,2025-07-18,Chris Bassitt,0.2303451308176116,0.0612077592003023,0.2160548450769435,Justin Verlander,0.197792737589839,0.0800863752457955,0.2328451242978909,0.2666320607497078,0.07395342076224427,0.297216313098666,0.26130249157898017,0.08226995916274402,0.2886531964463682,0.1896209768492377,0.05435300207039336,0.19561933639595813,0.23715104655070554,0.07107785050872605,0.231457501175226
2025-07-19,TOR,SFG,9.0,6.0,3.0,3.6,3.6,6.0,4.3,5.55,4.6,2.6,5.8,3.8,4.7,3.55,4.8,2025-07-19,Eric Lauer,0.2501673943595563,0.0693997937036799,0.1944473743144527,Logan Webb,0.2721221833721833,0.0546962851962851,0.2416641406097927,0.3277431718608189,0.05728675409557762,0.3081416196761465,0.26668244247688433,0.08141298042146543,0.2897224792732403,0.16388568273159065,0.05606868834490316,0.19111352244246976,0.23591904667722952,0.07095151730154088,0.2310043310600175
2025-07-20,TOR,SFG,14.0,8.0,6.0,4.6,3.8,5.4,4.1,5.6,4.3,2.4,6.4,3.4,5.1,3.45,4.75,2025-07-20,Jos\xc3\xa9 Berr\xc3\xados,0.2024666064611716,0.0812354473224038,0.2039784457165641,Robbie Ray,0.2685414305708836,0.0946120365401571,0.2609285119542794,0.3289931718608189,0.05103675409557762,0.29591939745392426,0.2659949946162979,0.08057367134495548,0.2878811249622905,0.15428972313563105,0.05606868834490316,0.1958635224424698,0.23577928316238247,0.07022752222703536,0.2305604093145071
2025-07-21,TOR,NYY,5.0,4.0,1.0,4.8,3.8,5.1,3.8,5.95,4.25,4.4,5.4,6.4,5.2,5.75,5.65,2025-07-21,Kevin Gausman,0.2268727756165615,0.0790605861613328,0.2439217147302549,Carlos Rod\xc3\xb3n,0.2810457457335268,0.0879297817236347,0.2923197530132237,0.3297868226544697,0.04706850012732364,0.2841478356823625,0.2661962118723998,0.08048035399886994,0.2864896354373197,0.25014274955064425,0.06499721526037314,0.22043545710949314,0.254290761133451,0.0936227793320221,0.26007169176585726
2025-07-23,TOR,NYY,12.0,8.0,4.0,5.2,3.0,4.8,3.7,5.9,4.3,5.0,5.2,5.8,4.4,5.65,5.7,2025-07-23,Chris Bassitt,0.2281946572160675,0.0582931040002879,0.220259272744087,Max Fried,0.2305563661448218,0.0580259421571265,0.2228330693596063,0.33835825122589824,0.04128278584160936,0.249706049398471,0.26730085906352324,0.08012074691889254,0.2848914216759417,0.23919036859826334,0.059600389863547744,0.20843802840449074,0.25090546553344867,0.09330901692500736,0.25707414642740295
2025-08-01,TOR,KCR,12.0,3.0,9.0,4.6,9.6,5.8,6.4,5.25,4.9,6.4,5.4,5.5,4.6,4.75,4.05,2025-08-01,Kevin Gausman,0.2420509290095925,0.0755622486534004,0.2491645397521115,Michael Wacha,0.1828152271009413,0.0745879777763835,0.2133377181491475,0.2110885193238134,0.03694051046992222,0.23361106066713297,0.2632854491443423,0.07689431006044473,0.2814243373785826,0.1840940190078121,0.09288342165497333,0.19787486398041315,0.21742121276898024,0.07479975758287505,0.21252393544057258
2025-08-02,TOR,KCR,6.0,4.0,2.0,4.4,9.4,5.7,6.8,5.25,5.25,6.6,5.2,6.1,4.7,5.1,4.05,2025-08-02,Max Scherzer,0.2648979049354988,0.0547920124987793,0.2238788466324318,Noah Cameron,0.2221912826800044,0.0695170827501654,0.2444832436383491,0.20856751092045206,0.054587569293451634,0.2321245741806465,0.2619614637777895,0.07779954895294336,0.2800944355400058,0.18504639996019306,0.07859770736925906,0.19822208620263537,0.21726283810744404,0.07411975978666709,0.21261210168404213
2025-08-13,TOR,CHC,5.0,1.0,4.0,6.4,4.0,7.3,4.4,6.3,5.05,3.6,3.0,3.0,3.0,3.9,4.65,2025-08-13,Kevin Gausman,0.2429434408187422,0.0722122302519775,0.2470632754258409,Cade Horton,0.180293416643531,0.0740380456055513,0.2426226641552687,0.23253038756908723,0.13151054183174923,0.27701309943957,0.26070099018843856,0.0814839093689577,0.2810536451148,0.2583003706533118,0.07095842882607586,0.2335050015700592,0.20921683008045977,0.07140061263899111,0.2020008410988764
2025-08-14,TOR,CHC,3.0,2.0,1.0,2.6,4.6,6.5,4.0,6.15,5.2,3.2,3.0,3.3,3.1,4.05,4.4,2025-08-14,Max Scherzer,0.2505473733543908,0.0554365225417856,0.2207549759522088,Drew Pomeranz,0.2764957264957265,0.0752136752136752,0.2293549043549043,0.2507656816867343,0.12386348300821984,0.29207101449748507,0.26102848193686823,0.08163821012421639,0.2810924837864624,0.24076790312084428,0.06381557168321872,0.21621176848735243,0.2089826535995856,0.07079035099250401,0.20149533940450262
2025-08-15,TOR,TEX,11.0,6.0,5.0,2.8,3.8,6.4,3.2,6.05,5.0,2.2,5.0,2.2,4.3,3.65,3.6,2025-08-15,Chris Bassitt,0.2265340463902919,0.06048662896762,0.2144722669942935,Jacob deGrom,0.2727397813240017,0.0589697877524959,0.2714937786889708,0.30576568168673435,0.13636348300821982,0.31707101449748504,0.26506956886300986,0.08199657202401625,0.28290163681302055,0.2763292752998635,0.06880341880341878,0.19903990627674834,0.23483625188994325,0.07355164497703247,0.22232665935497278
2025-08-16,TOR,TEX,16.0,14.0,2.0,3.8,3.0,6.6,3.5,5.95,5.05,3.0,4.4,2.7,4.3,3.7,3.85,2025-08-16,Eric Lauer,0.2441371132696319,0.0646078680423105,0.19125649569711,Patrick Corbin,0.1961013754602844,0.0765996365429483,0.2365945193504258,0.3471691904586641,0.14443365844681633,0.35402339544986605,0.2667220040909086,0.08241736514950247,0.28517293487193024,0.24809398118221643,0.08056812468577172,0.18079429224166063,0.2338677461621217,0.07391606988485476,0.2215911773217361
2025-08-17,TOR,TEX,14.0,4.0,10.0,5.6,2.6,6.5,3.6,6.1,4.95,3.0,6.6,2.6,5.3,3.75,4.45,2025-08-17,Jos\xc3\xa9 Berr\xc3\xados,0.2000944972901494,0.0789277517973169,0.1964840316370125,Nathan Eovaldi,0.2550191705140553,0.0488863737853507,0.2533957514492679,0.33939141268088635,0.13998921400237188,0.3379519668784374,0.26636021724644776,0.08219897645361672,0.2845966160053756,0.2388632119514472,0.08287581699346402,0.17101168354600843,0.23277046955423542,0.0741298725907166,0.2210221833522422
2025-08-25,TOR,MIN,14.0,10.0,4.0,3.6,3.4,4.5,3.9,5.9,4.15,3.6,7.2,3.6,6.2,4.0,5.85,2025-08-25,Max Scherzer,0.2302458307242996,0.0600877945375552,0.2096095490891033,Joe Ryan,0.2799290910462534,0.0494044715010389,0.234669723208879,0.27300167224080263,0.13027591973244143,0.29248897966289267,0.26194949657563243,0.08537957240177217,0.28196913731541856,0.23495622025033783,0.07795815295815293,0.1956295290317044,0.2361216043694117,0.07022507208410246,0.24540867406499656
2025-08-26,TOR,MIN,12.0,5.0,7.0,5.2,3.2,5.4,3.9,5.95,3.95,3.8,8.0,3.9,6.3,3.95,5.95,2025-08-26,Chris Bassitt,0.2313025682064992,0.0657031076299512,0.2167335805502718,Michael King,0.2097222222222222,0.0861111111111111,0.169985994397759,0.20633500557413598,0.1344425863991081,0.2624889796628927,0.2605860144134775,0.0860000845717332,0.2813434187099574,0.22495622025033785,0.0946248196248196,0.1746068017589771,0.23430528433580086,0.07173616127319912,0.2440016842644966
2025-08-27,TOR,MIN,17.0,9.0,8.0,4.8,4.0,5.7,4.5,6.05,3.85,4.6,7.4,4.2,6.7,4.25,5.55,2025-08-27,Eric Lauer,0.2406259097800633,0.0678992137706298,0.1914762796079067,Michael King,0.1906565656565656,0.0782828282828282,0.1545327221797809,0.176335005574136,0.13777591973244144,0.24648897966289268,0.25987450420327435,0.08661119504214936,0.2822423322045789,0.23030381383322554,0.09596171802054153,0.18016235731453267,0.23431283268168832,0.0716375915643332,0.24362338472388548
2025-08-30,TOR,MIL,5.0,1.0,4.0,5.8,6.2,4.8,5.3,5.65,4.45,5.8,4.8,4.5,4.4,5.85,4.0,2025-08-30,Kevin Gausman,0.2372079268668473,0.0705608049805814,0.2397766593731322,Aaron Ashby,0.3346109908609908,0.1021560846560846,0.2540441194607861,0.21363050348344462,0.1456413847590318,0.2600176225018803,0.260761865798635,0.08761791787211519,0.2814452843417023,0.24466305376184988,0.07054857752119413,0.23549791210028967,0.24324143700002326,0.07925975759178341,0.24123757540155993
2025-08-31,TOR,MIL,12.0,8.0,4.0,5.4,6.0,4.5,4.7,5.2,4.45,5.2,4.0,4.6,4.1,5.9,3.95,2025-08-31,Max Scherzer,0.2291746201929267,0.0587036667318894,0.213808753331678,Brandon Woodruff,0.332768959435626,0.0606261022927689,0.2620313202015197,0.19605474590768707,0.12806562718327422,0.25409169657595443,0.2595036970957495,0.08764229693164834,0.2808419859391712,0.26609162519042134,0.07054857752119413,0.25900218560456323,0.2451155870949136,0.07868121921520106,0.24231532221533605
2025-09-10,TOR,HOU,5.0,2.0,3.0,7.2,5.2,6.0,5.4,5.85,4.95,5.2,5.2,4.1,3.9,3.8,5.05,2025-09-10,Jos\xc3\xa9 Berr\xc3\xados,0.1990639644172252,0.0755732477782167,0.1961517671468836,Jason Alexander,0.2358859222213259,0.0789312826579907,0.2558758669318869,0.22541740122622475,0.1044865673542144,0.3100466319026698,0.2581157324724829,0.08807825509041531,0.28414207160137506,0.2624123535355786,0.11313834154351395,0.3006442497768773,0.284519033538109,0.0903889166315375,0.3022707734801325
2025-09-12,TOR,BAL,7.0,6.0,1.0,3.8,2.2,5.7,4.2,5.25,4.75,3.6,3.2,4.9,5.0,4.7,4.8,2025-09-12,Chris Bassitt,0.2290510992646371,0.0705115847457439,0.2210455066950824,Trevor Rogers,0.2391349144682477,0.0592194348861015,0.236376278373813,0.2218459726547962,0.10418894830659535,0.3140870359430738,0.25805937321920175,0.08876868387450965,0.28371207264735315,0.22493772893772893,0.11754487179487179,0.2455732380364733,0.2519450235958539,0.0930900065852076,0.2537555311377603
2025-09-13,TOR,BAL,9.0,5.0,4.0,3.6,2.2,6.2,3.9,5.35,4.3,2.4,3.4,4.2,4.1,4.15,5.1,2025-09-13,Max Scherzer,0.2285782458796515,0.0646031429130481,0.2107430939887289,Tomoyuki Sugano,0.1516737578935646,0.0534298864492101,0.1647974363003121,0.23942173023055377,0.11509803921568626,0.32590521776125564,0.258118733863667,0.08953579639951302,0.2839497950303494,0.2231277741865977,0.10035030165912517,0.23897983144306673,0.25062227363568895,0.09285530468675936,0.252544349944509
2025-09-23,TOR,BOS,5.0,1.0,4.0,2.2,6.6,4.5,4.5,4.9,4.7,4.8,4.8,4.4,4.2,4.6,4.8,2025-09-23,Kevin Gausman,0.2407717741658271,0.0661910118260824,0.2416850944076979,Lucas Giolito,0.1966375130444253,0.0876357120637559,0.2068469853247043,0.1986547410726304,0.08748416758007549,0.2487025662025662,0.25420192957332044,0.0886852737255204,0.2814387280730163,0.2497352997452759,0.06941289854404434,0.24587479802749188,0.2313661955305211,0.08010066844222538,0.24935226562452786
2025-09-24,TOR,BOS,8.0,1.0,7.0,2.2,7.0,4.0,4.9,4.85,4.55,5.4,4.6,4.2,4.3,4.7,4.65,2025-09-24,Max Scherzer,0.2273869175256474,0.068730131001298,0.2107759934036598,Garrett Crochet,0.3141801686962977,0.0585932705287543,0.2690404692435433,0.1901698925877819,0.08566598576189367,0.2502177177177177,0.2537349376523196,0.08928613119708598,0.2817735319779216,0.24858322601255697,0.07010414278367569,0.25763950390984486,0.23125599887732878,0.08004471942923407,0.24989407896458468
2025-09-25,TOR,BOS,7.0,6.0,1.0,2.4,7.6,3.5,5.5,4.85,4.7,6.2,3.8,4.5,3.9,4.9,4.2,2025-09-25,Eric Lauer,0.2345474031275212,0.0586404208492024,0.2108911275713265,Brayan Bello,0.1779910706630592,0.083283065960157,0.1854762195137969,0.1912728337642525,0.09265127987954072,0.26688438438438433,0.2533103547186509,0.08991570727915595,0.2821040435250717,0.256083226012557,0.0776041427836757,0.25906807533841625,0.23105563991016645,0.08081366353545692,0.24966582021664321
2025-09-26,TOR,TBR,6.0,4.0,2.0,3.4,3.8,3.6,5.2,4.75,4.55,4.2,4.6,4.2,4.5,3.95,4.4,2025-09-26,Shane Bieber,0.2543928293928293,0.0348193473193472,0.2753474448089957,Adrian Houser,0.1802703019513956,0.0727025928566408,0.169019538040664,0.18550360299502172,0.0920102542385151,0.25139657950633565,0.2529218027287721,0.08983295167179238,0.28155001745943115,0.25554750761794104,0.05782360183675972,0.2589337928072667,0.2657439533613196,0.07227645669882199,0.27361352934713395
2025-04-22,WSN,BAL,7.0,7.0,0.0,3.4,4.6,4.0,5.5,4.2,4.75,5.8,8.0,4.5,6.4,4.6,5.55,2025-04-22,Mitchell Parker,0.1583132045088566,0.0909319645732688,0.1997959183673469,Dean Kremer,0.1420572181441746,0.0440605590062111,0.1506684740380392,0.24232302011713772,0.12387148798913503,0.23439975494055187,0.20735577702155242,0.12431121759998763,0.22594889394101922,0.20891523487878985,0.12114235359695716,0.22909017665928788,0.22783457850165537,0.11967849058050582,0.23451320683459673
2025-04-23,WSN,BAL,7.0,4.0,3.0,4.6,3.4,4.0,5.1,4.3,4.7,4.0,9.2,4.0,7.0,4.0,5.8,2025-04-23,Trevor Williams,0.1820534537925841,0.0693111236589497,0.2162432781618828,Tomoyuki Sugano,0.087367149758454,0.0624568668046928,0.1601084795008275,0.2680373058314235,0.14958577370342074,0.23916165970245662,0.21573161280322403,0.13629768639998818,0.2306177826102503,0.22507685104040603,0.09892013137473493,0.22510466941291107,0.22987515551191073,0.11423855919048283,0.22582980019982257
2025-04-24,WSN,BAL,3.0,1.0,2.0,5.4,3.8,3.8,4.7,4.4,4.6,3.4,9.6,4.0,7.0,4.05,5.6,2025-04-24,MacKenzie Gore,0.4021088814567076,0.0621755056537665,0.330538214631188,Cade Povich,0.2095238095238095,0.0994047619047619,0.1738343253968253,0.26875159154570916,0.14530005941770646,0.23603665970245666,0.2129927956030897,0.13478528279998866,0.2301232916681565,0.20154743927570012,0.107155425492382,0.22805307236131403,0.219880583533132,0.1179673174865488,0.22786882074449433
2025-04-25,WSN,NYM,9.0,5.0,4.0,3.2,2.0,3.5,3.8,4.3,4.45,5.0,2.6,4.6,2.4,4.4,2.65,2025-04-25,Jake Irvin,0.2277154150197628,0.0592727272727272,0.2111444181211622,Kodai Senga,0.2317857581015475,0.080178593336488,0.2530132891835019,0.3017061370002546,0.12030005941770647,0.24608956975536672,0.22265490196078427,0.12939387148798911,0.23234693143000168,0.27903777337213864,0.1018833797781166,0.2294575313996566,0.263685604213468,0.08333727778929015,0.26000829585073576
2025-04-26,WSN,NYM,2.0,0.0,2.0,3.6,2.4,3.7,3.2,4.45,4.45,4.8,2.8,4.9,2.6,4.55,2.8,2025-04-26,Brad Lord,0.0929487179487179,0.1811965811965812,0.1389157014157014,Clay Holmes,0.2952173913043478,0.114927536231884,0.232035607035607,0.2767061370002546,0.12141117052881759,0.23131684248263942,0.2140912518853695,0.12869068839657072,0.22821820329807854,0.2548619491963145,0.0941910720858089,0.24003954198166721,0.25903835569976313,0.08013199787431745,0.261403988175565
2025-04-27,WSN,NYM,15.0,8.0,7.0,3.4,2.2,3.4,3.4,4.25,4.25,4.6,2.8,4.3,2.6,4.15,2.6,2025-04-27,Mitchell Parker,0.1562801932367149,0.0875603864734298,0.1951308523409363,Tylor Megill,0.2807985873775347,0.1027341079972658,0.2406928689319116,0.2528966131907308,0.12696672608437312,0.24135268477654623,0.21850762527233114,0.12598197977282943,0.23171310855227156,0.2865361573411109,0.10595577796816184,0.24917932692790376,0.26687353642547995,0.08152144457614012,0.2612803040256934
2025-05-06,WSN,CLE,19.0,10.0,9.0,4.4,4.4,4.6,6.1,4.05,4.95,3.8,3.0,3.2,5.5,3.9,4.65,2025-05-06,Jake Irvin,0.1936701057840488,0.0624069927518203,0.1955946674028763,Ben Lively,0.170347325533084,0.0753801520608243,0.133581593556963,0.19951509275038687,0.06769544181308886,0.2183256372942281,0.21604352790067075,0.11176574872373189,0.22834084739120922,0.2146426703092304,0.06483739246686816,0.23985577059106472,0.24885155783243462,0.07341856710989894,0.25665170892788336
2025-05-10,WSN,STL,6.0,2.0,4.0,4.2,7.4,4.5,6.5,4.55,5.9,5.6,1.6,5.3,3.2,4.45,3.95,2025-05-10,Trevor Williams,0.1895320000910062,0.0695112341075073,0.1940912667404072,Andre Pallante,0.1344158532978408,0.1037355811889973,0.2195801704760271,0.16508942038353802,0.09939344968756732,0.22034628426269287,0.20312338993334467,0.11581179671677408,0.22589017368046824,0.17777439478206736,0.08189684569479963,0.2180552713052713,0.18303291054203868,0.07861046149809539,0.2189142559100557
2025-05-11,WSN,STL,7.0,1.0,6.0,3.8,8.0,4.1,6.2,4.05,5.55,5.4,1.2,5.1,3.4,4.45,3.8,2025-05-11,MacKenzie Gore,0.3785413710685449,0.0670217463695724,0.3317136989593073,Miles Mikolas,0.1236734693877551,0.0811564625850339,0.1338519416197245,0.15199418228829992,0.10891725921137682,0.21558437950078813,0.20012863851834437,0.11708316846552139,0.22440958600512317,0.18777439478206737,0.08967462347257742,0.22409922734922733,0.18090386155378127,0.08428711633147755,0.21879557535558541
2025-05-23,WSN,SFG,4.0,0.0,4.0,6.2,4.2,4.4,4.4,4.45,5.45,4.0,3.2,4.0,3.7,4.0,3.65,2025-05-23,MacKenzie Gore,0.3678894575633705,0.0734241603806821,0.3223461873291146,Landen Roupp,0.2230214230214229,0.081091686091686,0.2439128810201841,0.18842059256532936,0.052680990062569,0.24460801558572726,0.1977870293277414,0.10420273278493092,0.228449271921244,0.2744938485427616,0.051950848064978496,0.29663905772569754,0.2580537316712542,0.07357441979693627,0.2549861985172392
2025-05-24,WSN,SFG,3.0,3.0,0.0,5.8,4.0,4.2,4.4,4.15,5.3,3.0,3.0,4.3,3.4,4.05,3.55,2025-05-24,Jake Irvin,0.1623497008294609,0.067981934440705,0.1628846250652648,Kyle Harrison,0.35,0.0555555555555555,0.3396616541353383,0.1888730812531122,0.0608257864426595,0.2262443792220909,0.19852246243204172,0.10677315209595302,0.22664367122403603,0.2565590659340659,0.060103021978021975,0.2975875672107923,0.25544483497181786,0.07458276450680026,0.25543309222823013
2025-05-25,WSN,SFG,5.0,2.0,3.0,5.6,3.4,4.4,3.8,4.2,4.95,2.4,3.2,4.2,3.5,3.9,3.6,2025-05-25,Michael Soroka,0.2614943368651808,0.0483497746924856,0.2117092608713675,Robbie Ray,0.2639546765633722,0.1187241783980913,0.2638990651294844,0.19220641458644552,0.0608257864426595,0.20624437922209093,0.20111497918014348,0.10471982224795393,0.2261312929312661,0.24572573260073258,0.060103021978021975,0.2922542338774591,0.255660639427488,0.07314848057397719,0.2559055327623026
2025-06-03,WSN,CHC,11.0,3.0,8.0,6.2,5.2,5.1,4.0,4.3,4.75,3.2,2.2,6.0,3.3,5.7,3.8,2025-06-03,Trevor Williams,0.1770215291954422,0.062882440352796,0.1912278287824749,Cade Horton,0.189721359558316,0.0421195652173913,0.2342661883851815,0.22489304812834227,0.10995365418894829,0.22759476863579026,0.20234376182492358,0.10626564713789878,0.22829228162293957,0.24006163554218468,0.10635534183589102,0.21213274256282494,0.20623538701395036,0.08819535098578461,0.19654264312754982
2025-06-04,WSN,CHC,2.0,2.0,0.0,6.6,5.0,4.4,4.4,4.15,4.75,4.2,2.6,5.4,3.5,6.0,3.6,2025-06-04,MacKenzie Gore,0.3702109116058391,0.0695201336505684,0.3193258253055073,Matthew Boyd,0.2521011597098553,0.0583224417216511,0.2123216496934359,0.22762032085561495,0.12413547237076647,0.22182095911198077,0.20275924458238698,0.10752485604923682,0.22734455311970014,0.24839496887551804,0.09726443274498194,0.20801509550400138,0.2041163860884225,0.0866747414860297,0.19416817564969147
2025-06-05,WSN,CHC,8.0,1.0,7.0,5.2,5.0,4.1,4.1,4.25,4.25,3.8,2.8,5.2,3.6,5.7,3.45,2025-06-05,Jake Irvin,0.1554063598866197,0.0658709606929246,0.1531790480195037,Drew Pomeranz,0.321111111111111,0.0522222222222222,0.2432010582010582,0.21520202020202023,0.1117171717171717,0.23943459547561713,0.2012568161648251,0.10758364711582494,0.22874054405216407,0.23535149061464847,0.08422095448411238,0.1940616071319084,0.20065678632421194,0.08520567807101226,0.1908771896217306
2025-06-07,WSN,TEX,5.0,0.0,5.0,1.8,3.6,4.1,4.4,4.25,4.1,3.2,3.4,3.0,2.4,2.9,3.15,2025-06-07,Mitchell Parker,0.1532841353493527,0.1007414586218933,0.178488566098679,Jacob deGrom,0.2472638859995839,0.0660764683447749,0.2684973123164844,0.1927344877344877,0.11215007215007214,0.2390927151337368,0.199478444071913,0.10568000903656216,0.22724477857825193,0.2696352928680515,0.052126436781609185,0.22156416136773277,0.23352750915515438,0.08260204869222197,0.2105241317208199
2025-06-08,WSN,TEX,6.0,2.0,4.0,1.6,4.0,3.9,4.6,4.1,4.15,2.6,3.2,3.4,2.2,3.1,3.15,2025-06-08,Trevor Williams,0.1789364017624886,0.0618089036567297,0.1884500711207775,Jacob Latz,0.2810257552904612,0.0775263951734539,0.2940758952534315,0.19038154655801712,0.12067948391477801,0.23540850460742097,0.19911894632446583,0.10770522948360117,0.22681907891296674,0.24820672143948003,0.06641215106732347,0.20329493059850198,0.2320882969916939,0.08355847875833182,0.20916660582048943
2025-06-13,WSN,MIA,20.0,9.0,11.0,1.4,3.6,2.5,4.3,3.9,4.1,2.6,4.8,2.4,4.0,3.4,4.55,2025-06-13,Mitchell Parker,0.1598080663298054,0.0929921156509784,0.182027122238655,Edward Cabrera,0.2418517472865298,0.0947001066566283,0.2442427159564256,0.17100925218572277,0.1199651982004923,0.22780035023456074,0.19703491866952527,0.10739203671285713,0.22461123393489305,0.20440251469663231,0.04346051551933903,0.2215130299660562,0.21304151014709583,0.08376001627841904,0.235080796783103
2025-06-14,WSN,MIA,7.0,3.0,4.0,2.8,5.8,2.3,4.7,4.15,4.5,4.2,5.8,3.4,4.9,3.7,4.95,2025-06-14,Trevor Williams,0.173269229157277,0.057054372606212,0.1828984556320593,Janson Junk,0.2577006327006326,0.0232683982683982,0.2660285966547309,0.15754771372418427,0.11099083922613331,0.19843192918192915,0.19585158094075847,0.106950457585469,0.22396469431264823,0.21406160560572324,0.03436960642842994,0.2306836838735522,0.2126602935777362,0.08250986678172621,0.2345119743978283
2025-06-16,WSN,COL,10.0,4.0,6.0,3.2,5.4,2.3,4.3,3.35,4.35,6.0,6.8,4.6,6.7,3.6,5.75,2025-06-16,Jake Irvin,0.1533519714779085,0.0708839003741552,0.1590262500119467,Carson Palmquist,0.1487179487179487,0.1174860227491806,0.1534615384615384,0.1615244559362206,0.0959836242189183,0.17712240537240534,0.19566070909037375,0.1059498410740071,0.22147038367473326,0.23214658489750867,0.11329570459501545,0.23594480458232575,0.1946956350018505,0.10217156791641405,0.23876428810578407
2025-06-17,WSN,COL,16.0,6.0,10.0,4.0,5.6,2.5,4.9,3.3,4.5,5.8,5.6,4.9,6.9,3.75,5.85,2025-06-17,Michael Soroka,0.2256500011071621,0.0575452760155445,0.1946255923934236,Antonio Senzatela,0.1082808185790904,0.076120609990874,0.1530080270726741,0.15914350355526824,0.0864598146951088,0.1680923050379572,0.19525801405671114,0.10447831550353477,0.2214137297951929,0.2225312002821241,0.12868031997963084,0.24475432839184957,0.19412828109691024,0.10288927049877154,0.23875499574452647
2025-06-18,WSN,COL,4.0,1.0,3.0,4.6,6.8,3.0,5.2,3.6,4.8,6.2,5.4,5.7,7.1,4.2,5.5,2025-06-18,Mitchell Parker,0.1585972860817581,0.0965539033085616,0.1873402032509123,Germ\xc3\xa1n M\xc3\xa1rquez,0.1500491668683888,0.0705792872873618,0.1948079606622987,0.16789350355526822,0.0989598146951088,0.18539389233954448,0.1951517398915507,0.10475943446923978,0.2215117804633605,0.21763609538701917,0.12040526170457255,0.2317288028663241,0.19395964959994136,0.10210249344337119,0.2380760120930835
2025-07-02,WSN,DET,13.0,2.0,11.0,6.0,5.6,5.6,6.3,4.05,5.6,4.4,2.4,6.2,4.3,5.15,4.55,2025-07-02,Trevor Williams,0.172370922603331,0.0568865690468951,0.1774554111857727,Jack Flaherty,0.2810159017240219,0.1005979727327233,0.2591070566597013,0.17720904095904094,0.101245004995005,0.19652596896636162,0.1917747203878893,0.10309391388338755,0.21760091436126278,0.16636636352153594,0.06018457117595046,0.1906467680560296,0.20133817586041533,0.06727549800274299,0.2066333731346505
2025-07-04,WSN,BOS,13.0,2.0,11.0,7.8,7.8,6.6,6.6,5.0,6.1,8.0,4.6,5.4,5.8,5.0,4.65,2025-07-04,Michael Soroka,0.2604294380346461,0.0617885797669568,0.211569589650211,Lucas Giolito,0.201268781647683,0.0731899321431827,0.1826278215667916,0.17468864468864467,0.08431318681318681,0.19484895033282126,0.19347671205149586,0.10114151543824863,0.2180751405311833,0.19645440698072275,0.10740849004006896,0.22375801035862955,0.22973674692237073,0.08954157460306408,0.25380753497033764
2025-07-05,WSN,BOS,13.0,3.0,10.0,5.2,8.2,6.1,7.4,5.0,6.45,7.2,4.8,6.3,5.7,5.05,4.4,2025-07-05,Mitchell Parker,0.1610049654806687,0.0917125003442138,0.1898013890956835,Walker Buehler,0.1940074690163146,0.1032797840029153,0.1828692675561976,0.18113308913308912,0.09075763125763125,0.19912245460632555,0.19264174941454704,0.10135581639917762,0.21734526568248977,0.21312107364738941,0.10740849004006896,0.24341613001674917,0.229028094335228,0.08853548949516449,0.25441298185485417
2025-07-06,WSN,BOS,10.0,4.0,6.0,5.4,8.6,5.7,7.1,5.15,6.7,8.6,4.4,6.8,5.1,5.0,4.2,2025-07-06,Brad Lord,0.2003214064015694,0.090815332765061,0.2024082422701608,Jordan Hicks,0.1805195753771465,0.1189337895154986,0.2072997022422614,0.18574847374847375,0.08306532356532356,0.22121922879987393,0.1927244263874173,0.10021698700143405,0.2188357683152708,0.200727911254227,0.09074182337340231,0.22797211457273373,0.22819273944090493,0.0875517618341071,0.2531734725326574
2025-07-18,WSN,SDP,9.0,2.0,7.0,3.6,6.4,4.0,7.0,5.0,6.75,3.2,3.8,2.9,3.8,3.15,3.85,2025-07-18,Michael Soroka,0.2566881569694869,0.0672399093754592,0.217391034850415,Dylan Cease,0.2908071747745401,0.0864840900227361,0.3191007821092671,0.19303279030910608,0.05377631578947367,0.22040606535513155,0.19349272762053335,0.09661015626064967,0.21823741070990998,0.23013106295149638,0.08931497862302815,0.22869561213861442,0.2537459733853753,0.08607456853289028,0.2516754043756909
2025-07-20,WSN,SDP,9.0,1.0,8.0,3.0,6.2,3.3,6.1,4.7,6.75,3.8,2.8,3.3,3.2,3.2,4.0,2025-07-20,MacKenzie Gore,0.3121952790831509,0.0734153967906828,0.2870818519788494,Nick Pivetta,0.2787867250934816,0.0651576103539249,0.232438555235214,0.20259899584270288,0.053312877054295806,0.2340197521776469,0.19365779496844046,0.09645347564969989,0.21904674389628132,0.22902716684760027,0.0873777491857987,0.21896564806082428,0.25243687166711937,0.08686973219350556,0.25050825374105246
2025-07-21,WSN,CIN,18.0,10.0,8.0,2.6,6.2,3.1,5.9,4.4,6.5,4.6,2.8,4.1,3.6,4.25,4.4,2025-07-21,Jake Irvin,0.1670597101826486,0.0761159033786469,0.1595783003063314,Brady Singer,0.2136455156336316,0.0964261756217405,0.2057790372096019,0.1974138106575177,0.0607202844617032,0.21816868834785966,0.1931981015662153,0.09622742108832993,0.21876838650038075,0.25033868092691625,0.13762032085561496,0.2544845598158291,0.21555221734245197,0.09580895394196166,0.22258222396409885
2025-07-22,WSN,CIN,7.0,6.0,1.0,3.6,6.6,3.7,6.1,4.4,6.6,5.4,4.2,4.8,4.1,4.6,4.55,2025-07-22,Brad Lord,0.206280251839258,0.0830311613851986,0.202191831494157,Chase Burns,0.2827380952380952,0.1355555555555555,0.2225342416924352,0.18491381065751772,0.08155361779503653,0.20302445757862891,0.1920994538838865,0.09734848021077996,0.21814320263537695,0.24802139037433152,0.15580213903743315,0.25840612844328015,0.21551756072405565,0.09667773402151945,0.22310674497377025
2025-08-01,WSN,MIL,25.0,9.0,16.0,4.6,4.4,4.0,4.5,3.65,5.3,5.4,5.2,5.0,3.9,5.25,3.35,2025-08-01,Mitchell Parker,0.1520373018048834,0.0853827255730681,0.185548651112659,Jose Quintana,0.1570610548871417,0.0930728691598256,0.1515986620295785,0.18672276797276796,0.06995527620527617,0.19023847300990257,0.19301566283921154,0.0939999386641051,0.2163793114068018,0.2251162605510431,0.09987022035935075,0.21930779134353004,0.24409726735157541,0.0807153163333761,0.23672901459375026
2025-08-02,WSN,MIL,10.0,2.0,8.0,4.6,7.0,4.8,5.3,3.95,5.6,7.8,5.6,6.0,4.3,5.75,3.55,2025-08-02,Jake Irvin,0.157761311796519,0.0763733092915929,0.1612922159647576,Brandon Woodruff,0.3584126984126984,0.03,0.2525675305087069,0.18440795315795314,0.06879786879786878,0.18716096541111837,0.1923916659324298,0.09371094840113166,0.21586862309769617,0.2338119127249562,0.09428015824754953,0.2146519208981859,0.24265560913494746,0.08077257509856649,0.23624719360037447
2025-08-03,WSN,MIL,17.0,3.0,14.0,3.6,8.2,4.0,5.3,3.85,5.7,8.8,5.6,6.2,4.5,6.05,3.45,2025-08-03,Brad Lord,0.1997227960782948,0.0800444920010137,0.2005822077973619,Aaron Ashby,0.2873870281765018,0.1217000835421888,0.2406042057357846,0.18971098346098342,0.052509990009989994,0.18692058079573376,0.1918823202090771,0.09327225382888997,0.21530478246813667,0.2107349896480331,0.09658785055524184,0.21229897972171533,0.2404496490519025,0.08094736987039772,0.2357037699152374
2025-08-05,WSN,ATH,23.0,7.0,16.0,3.8,10.8,3.7,6.6,3.9,6.2,4.4,3.8,5.5,2.9,4.7,4.2,2025-08-05,MacKenzie Gore,0.2887862547348713,0.0857851587001784,0.2765097771594568,Luis Severino,0.1735690900634515,0.0724857782419218,0.1489840706771127,0.18082209457209455,0.07250999000998999,0.1846683285434815,0.19135485185884518,0.09423376505565673,0.21486660124470003,0.18402777777777773,0.08611111111111108,0.275040517408021,0.23900792800108628,0.09454381941006863,0.26340153943056777
2025-08-07,WSN,ATH,6.0,0.0,6.0,4.6,11.0,4.6,7.7,3.9,6.55,5.6,4.6,5.2,3.3,5.15,3.85,2025-08-07,Mitchell Parker,0.1505810608137523,0.0833198744106559,0.1827964396984472,Jacob Lopez,0.2478657940001997,0.0989951207689126,0.2376651484783291,0.21213893949188062,0.09602826095473152,0.20718857062586,0.193504929252475,0.09520027106748062,0.2160851095682098,0.19791666666666666,0.08333333333333331,0.260879297364448,0.23919744648382615,0.0943505351673663,0.26342402810164317
2025-08-14,WSN,PHI,5.0,3.0,2.0,5.8,4.8,4.1,6.6,4.05,5.95,2.4,3.8,4.2,2.8,4.65,3.95,2025-08-14,Brad Lord,0.2023807447425389,0.0806113031029418,0.2019361523710422,Jes\xc3\xbas Luzardo,0.2654699076086064,0.0838601632749014,0.273649040191802,0.24674980461425472,0.12425146890620034,0.242388122567906,0.19645461057617525,0.09585385508533249,0.2175617274764508,0.3158712121212121,0.03742424242424242,0.25506637697814166,0.23790511019967522,0.07815358912305752,0.2235250188120971
2025-08-15,WSN,PHI,8.0,2.0,6.0,5.6,4.8,4.1,5.4,3.9,6.0,2.2,4.0,4.2,3.1,4.65,3.7,2025-08-15,MacKenzie Gore,0.2836601274463593,0.0825144618532299,0.2767516094549923,Zack Wheeler,0.3341072352698061,0.0570439575827099,0.2938165866769616,0.2667498046142547,0.10425146890620034,0.27187530205508553,0.19758583968987076,0.09506167446479255,0.21957806412159137,0.32003787878787876,0.03742424242424242,0.2483356077473724,0.23905716809715696,0.07749683627328392,0.2242323069539476
2025-08-17,WSN,PHI,20.0,9.0,11.0,4.0,4.6,3.6,4.3,4.1,6.0,1.8,4.2,3.0,3.2,4.15,3.6,2025-08-17,Mitchell Parker,0.1512313968432481,0.0877637151041779,0.1829826684761754,Aaron Nola,0.2371696660827095,0.071135000265435,0.2354571202696101,0.24608772159923048,0.0944831979614588,0.271995582848524,0.1977799530205039,0.0951419724409748,0.2206306765015687,0.23837121212121212,0.03409090909090908,0.1964448514448514,0.2382738540239257,0.07676686101807813,0.22318242230535815
2025-08-19,WSN,NYM,9.0,1.0,8.0,4.8,5.2,4.5,4.8,4.1,6.4,5.6,6.0,5.4,5.6,5.0,5.2,2025-08-19,Jake Irvin,0.152894023645006,0.0782907632588528,0.1608181024299391,David Peterson,0.2045198805909824,0.087256731925919,0.2157077824301503,0.23788807810546939,0.10054380402206486,0.26657762619217723,0.19789560833583222,0.09486345702295129,0.22054918972163243,0.1876619568414984,0.06779106000583077,0.2128128911258515,0.24223479687262972,0.08736949258195273,0.24587024732525267
2025-08-20,WSN,NYM,9.0,5.0,4.0,3.4,5.4,4.6,5.1,3.8,6.7,6.0,4.0,6.1,5.3,5.1,5.1,2025-08-20,Brad Lord,0.2003212261239754,0.0795960205253683,0.2001486181269835,Kodai Senga,0.2310902389882878,0.1168751022620105,0.2495870242716507,0.25098331620070746,0.09816285164111249,0.26748342329362645,0.19802672918343125,0.09524740650962482,0.220523926638642,0.1694801386596802,0.06779106000583077,0.21031289112585147,0.24028129044623753,0.0866648998998402,0.24489548726617805
2025-08-21,WSN,NYM,12.0,9.0,3.0,3.8,5.8,4.7,5.3,3.95,6.85,6.2,4.2,6.3,5.5,4.9,5.3,2025-08-21,MacKenzie Gore,0.2839803890151716,0.082547216712434,0.2761163276854882,Sean Manaea,0.2852541750139004,0.0533916312520431,0.2206964202230681,0.23559870081609208,0.09816285164111249,0.2613559723132344,0.1970655890861269,0.09510197532242999,0.2210885515594993,0.1482301386596802,0.06529106000583078,0.19617496009136873,0.23915904012266764,0.08677158070064149,0.24373632336804862
2025-08-29,WSN,TBR,5.0,1.0,4.0,2.8,7.0,4.3,6.5,3.95,5.4,6.0,3.6,5.1,4.7,4.2,4.4,2025-08-29,Mitchell Parker,0.1448429677154458,0.0916366514893863,0.1832076206300666,Adrian Houser,0.1672590595005177,0.073902602441333,0.1757740839601304,0.2651271179800591,0.11841747957924427,0.26447955342580554,0.2028436496340043,0.09689201057167175,0.223927584540985,0.3299090935664812,0.0634796867930475,0.31124740949323815,0.26347537085130746,0.06960726747368218,0.271512531097108
2025-08-30,WSN,TBR,5.0,1.0,4.0,2.2,6.6,3.5,5.8,4.0,5.3,6.0,2.4,4.7,4.6,4.2,4.45,2025-08-30,Jake Irvin,0.1501664240099262,0.0810893310597844,0.1604593050952909,Ryan Pepiot,0.2316589859536196,0.086325852829676,0.2250523744968075,0.28237653522947637,0.13543379659556126,0.28416766258759896,0.20420015511894,0.09789109430448935,0.22529683695043592,0.30371861737600503,0.06199159155495225,0.29426889251472116,0.26328454278547236,0.06944194251236914,0.2708935586015597
2025-08-31,WSN,TBR,11.0,4.0,7.0,2.0,6.8,3.5,5.4,4.05,5.25,4.8,1.4,4.4,4.1,4.4,4.35,2025-08-31,Brad Lord,0.2000988903044072,0.0799465205831665,0.1984706509877934,Ian Seymour,0.2750574588809882,0.0548911872441284,0.2539427284366555,0.28317018602312716,0.121148082309847,0.28742853215281633,0.20433365191229763,0.09716597508741906,0.22547982334339564,0.3140127350230638,0.07375629743730519,0.2960284233065101,0.2639536221413314,0.06980168218633304,0.2710385513033777
2025-09-03,WSN,MIA,15.0,10.0,5.0,2.6,3.4,2.7,5.2,3.8,5.25,5.4,7.0,4.4,6.6,4.5,5.85,2025-09-03,Mitchell Parker,0.1498487837259848,0.0882427014342239,0.186248305882619,Eury P\xc3\xa9rez,0.2367568595984264,0.1035095644248962,0.2485117764684378,0.2941902843458571,0.13309863176039644,0.27684926386013337,0.20831280484283013,0.09692996527703003,0.22719040689390152,0.2508576681291109,0.12390015178924167,0.26096809132367,0.22462332879639363,0.08350957146759676,0.22998784877102335
2025-09-12,WSN,PIT,11.0,6.0,5.0,6.2,5.6,5.5,4.7,4.45,5.2,2.4,5.0,4.0,4.2,4.25,3.4,2025-09-12,Brad Lord,0.2028406074117827,0.0834825012492996,0.2013123946242124,Mitch Keller,0.1953427201927951,0.0665995520943046,0.1830405719388562,0.22579458680145176,0.13422344881154946,0.21247912057554408,0.20728795553255921,0.09903863784189773,0.22532808692087114,0.21578630068761645,0.09454439931413613,0.2439933102997999,0.22164180011196963,0.07558350833826778,0.23474939095035416
2025-09-14,WSN,PIT,7.0,4.0,3.0,3.4,5.6,5.5,5.5,4.1,5.35,3.0,4.8,3.6,4.4,4.35,3.3,2025-09-14,Cade Cavalli,0.1922565112414736,0.0574621076500775,0.2269179427236529,Mike Burrows,0.2354924479993466,0.0829935487741046,0.2354346933398139,0.20446522172208667,0.14444170277980342,0.20322912057554404,0.20805283301034747,0.10014021781100121,0.22557140106158008,0.24171974224605797,0.10051030840504523,0.2544776380021727,0.22193726894162535,0.07614161115644141,0.23506216589483725
2025-09-15,WSN,ATL,14.0,3.0,11.0,2.8,5.2,4.9,5.3,4.1,5.2,3.2,5.8,3.3,6.0,4.05,5.75,2025-09-15,Mitchell Parker,0.1479744405347732,0.0861193024490407,0.1874983577055579,Spencer Strider,0.2404495129626708,0.0951062592378381,0.2834491115982266,0.22460411061097557,0.15485836944647008,0.20799102533744884,0.20926649781490145,0.10058670404493185,0.22597504458273918,0.25323428291694544,0.10231849419929913,0.2530215330373773,0.24386792199861662,0.07595332393129017,0.2562359011067132
2025-09-16,WSN,ATL,9.0,3.0,6.0,2.8,5.8,4.7,5.3,4.15,5.6,5.2,5.2,3.9,6.2,4.25,5.3,2025-09-16,Jake Irvin,0.1491801473784297,0.0810963399827914,0.1666287718011591,Chris Sale,0.3196215176619765,0.063624761465945,0.2856082423599514,0.23787642182379018,0.14273022299338084,0.21935623670266025,0.20962577379438102,0.10026700321094809,0.22590998572696236,0.24573428291694546,0.10731849419929913,0.2597753456735429,0.2442446473543306,0.07745699289819427,0.25575905066428684
2025-09-17,WSN,ATL,13.0,4.0,9.0,3.4,6.0,4.8,5.8,4.05,5.4,6.0,5.2,4.1,6.4,4.45,5.0,2025-09-17,Brad Lord,0.2018885939137431,0.0816273345548707,0.1984648021149481,Hurston Waldrep,0.2288768115942028,0.0928779644268774,0.2425922051850192,0.1982205513784461,0.13653299916457806,0.19805969990612343,0.20785438203392864,0.10040446745441306,0.2254359194987254,0.2501146247972873,0.10304498992579485,0.23991964581784306,0.2440449390008516,0.07716690763537787,0.2546420906744098
2025-09-26,WSN,CHW,19.0,9.0,10.0,4.0,6.2,3.5,6.5,4.7,5.85,2.2,5.2,2.6,4.7,3.5,4.55,2025-09-26,Cade Cavalli,0.1759878685317281,0.0711477768495312,0.2407747662625409,Yoendrys G\xc3\xb3mez,0.1928951735399103,0.1279580624054308,0.2104895741674434,0.19753040818830292,0.09257556770714663,0.22530874398264644,0.20852837897046128,0.10008285899224095,0.22593313888462013,0.2578942454174652,0.12544154503906824,0.2822224824539066,0.22800257419083395,0.09076947738640288,0.23330011123690172
2025-09-27,WSN,CHW,11.0,6.0,5.0,4.6,5.8,4.3,7.0,4.9,6.25,3.6,5.6,3.4,5.3,3.8,4.85,2025-09-27,Jake Irvin,0.1527456979315876,0.0811835426395909,0.1663037592778723,Tyler Gilbert,0.2762987012987012,0.0869859307359307,0.2491499977295431,0.19026223776223772,0.09207431457431456,0.23511569378959624,0.20841555279237206,0.0997549601711585,0.22648534248087698,0.2874180549412747,0.11258440218192538,0.2858067118445876,0.22925612953071264,0.09064859672416645,0.23345488876747753
