Date,home_team,away_team,total_runs,home_runs,away_runs,home_off_roll5,home_def_roll5,home_off_roll10,home_def_roll10,home_off_roll20,home_def_roll20,away_off_roll5,away_def_roll5,away_off_roll10,away_def_roll10,away_off_roll20,away_def_roll20,game_date,home_SP_name,home_SP_K_pct_talent,home_SP_BB_pct_talent,home_SP_whiff_pct_talent,away_SP_name,away_SP_K_pct_talent,away_SP_BB_pct_talent,away_SP_whiff_pct_talent
2026-04-22,ARI,CHW,18.0,11.0,7.0,5.0,5.8,5.1,5.0,4.35,4.95,6.6,4.8,4.6,4.1,4.0,4.65,2026-04-22,Eduardo Rodr\xc3\xadguez,0.15134615384615382,0.0946153846153846,0.15843832554358867,Anthony Kay,0.13988095238095236,0.11262531328320798,0.1777504720054405
2026-04-23,ARI,CHW,5.0,1.0,4.0,6.4,6.6,5.5,5.6,4.8,4.9,7.4,5.4,5.1,5.2,4.3,4.9,2026-04-23,Michael Soroka,0.3033216783216783,0.06582167832167829,0.222667804904647,Davis Martin,0.20715878324573972,0.06638198757763973,0.19032686245229796
2026-04-25,ARI,SDP,10.0,4.0,6.0,5.4,6.8,5.1,5.6,4.65,4.85,4.0,3.6,4.3,3.7,4.7,3.8,2026-04-25,Zac Gallen,0.12576032967794978,0.0649261493655086,0.1621395881006865,Germ\xc3\xa1n M\xc3\xa1rquez,0.18650793650793648,0.07579365079365077,0.2025641025641025
2026-05-05,ARI,PIT,9.0,9.0,0.0,3.2,6.2,4.6,6.8,4.85,5.9,7.2,4.6,5.2,4.9,5.2,4.35,2026-05-05,Eduardo Rodr\xc3\xadguez,0.15766072092159045,0.11289576365663319,0.14195660282247716,Bubba Chandler,0.21053044336797191,0.15848828263015902,0.222378203078097
2026-05-06,ARI,PIT,1.0,0.0,1.0,3.8,5.8,4.4,6.1,4.95,5.85,6.4,5.4,5.1,5.2,5.1,4.4,2026-05-06,Michael Soroka,0.2635420135420135,0.0673298923298923,0.19710170290665643,Paul Skenes,0.2777095489052011,0.06559696342305037,0.22401669758812615
2026-05-07,ARI,PIT,6.0,2.0,4.0,3.6,3.4,4.3,5.8,4.7,5.7,5.6,3.4,4.6,5.2,5.05,4.4,2026-05-07,Zac Gallen,0.15309411303527026,0.0667839842406694,0.173637120752191,Mitch Keller,0.18246515389372528,0.07416393130678842,0.21086409399102893
2026-05-09,ARI,NYM,3.0,2.0,1.0,3.0,3.0,4.1,5.6,4.65,5.7,5.0,3.4,4.0,4.2,3.4,4.6,2026-05-09,Merrill Kelly,0.1414102564102564,0.14176282051282046,0.2918427488700492,Clay Holmes,0.18667943512664004,0.0833268410908162,0.20363686114421262
2026-05-10,ARI,NYM,6.0,5.0,1.0,3.4,2.8,3.1,5.0,4.55,5.6,4.4,3.2,4.0,4.1,3.45,4.65,2026-05-10,Eduardo Rodr\xc3\xadguez,0.17359929925147313,0.11325131390348778,0.16119076594510198,Huascar Brazob\xc3\xa1n,0.2089285714285714,0.07142857142857142,0.29612949346405226
2026-05-18,ARI,SFG,14.0,12.0,2.0,5.6,4.8,3.8,3.1,4.1,4.6,4.0,3.8,4.4,4.4,3.55,4.55,2026-05-18,Zac Gallen,0.15743298738722075,0.06913886604962116,0.18919004439878467,Robbie Ray,0.23957475696606126,0.09932627758714713,0.24870237046385027
2026-05-19,ARI,SFG,8.0,5.0,3.0,7.2,3.8,5.0,3.2,4.65,4.5,4.4,5.4,4.5,5.1,3.65,5.0,2026-05-19,Ryne Nelson,0.21472427267621771,0.0735500917423114,0.1985585209614192,Landen Roupp,0.2947331492983667,0.1083316719065511,0.2506137488556187
2026-05-20,ARI,SFG,9.0,6.0,3.0,7.2,3.2,5.3,3.1,4.7,4.35,4.6,5.4,4.3,5.4,3.6,4.8,2026-05-20,Merrill Kelly,0.14886407499310725,0.10732905982905981,0.25995136003852576,Tyler Mahle,0.23303423109049703,0.10031718258060966,0.19688613233567798
2026-05-22,ARI,COL,5.0,2.0,3.0,6.6,3.0,5.4,3.3,4.4,3.55,3.6,6.2,3.6,5.6,4.1,6.15,2026-05-22,Michael Soroka,0.25614360947694276,0.06705644150088591,0.2120729698964273,Tomoyuki Sugano,0.1286219684770409,0.07308349192407161,0.16272865954427612
2026-05-23,ARI,COL,9.0,5.0,4.0,5.4,2.4,5.5,3.6,4.2,3.6,3.0,5.0,3.8,5.5,3.6,6.15,2026-05-23,Zac Gallen,0.16342881908328127,0.06657280553161557,0.19078386047172674,Michael Lorenzen,0.14234118977201976,0.06557561893530268,0.19809618553294053
2026-05-24,ARI,COL,10.0,9.0,1.0,4.0,2.8,5.6,3.3,4.4,3.15,2.4,4.8,3.2,5.6,3.6,6.1,2026-05-24,Ryne Nelson,0.20292926476343465,0.07264669547130606,0.18890675049793035,Jose Quintana,0.11717821810785195,0.1076940457203615,0.2056282026602132
2026-06-01,ARI,LAD,5.0,4.0,1.0,5.2,3.0,4.6,2.9,4.8,3.05,7.0,2.8,6.1,2.6,5.65,2.9,2026-06-01,Eduardo Rodr\xc3\xadguez,0.18288759860989873,0.09192727795813348,0.16155189975121306,Emmet Sheehan,0.27478945772424035,0.06526491624317708,0.2964784735320598
2026-06-02,ARI,LAD,11.0,5.0,6.0,4.2,3.0,4.5,2.7,4.9,2.9,4.2,2.4,5.8,3.0,5.6,2.75,2026-06-02,Michael Soroka,0.2298738766722956,0.05486436122799756,0.19353589311872188,Eric Lauer,0.15582132292658604,0.09633904107588315,0.14522001745055033
2026-06-03,ARI,LAD,7.0,0.0,7.0,4.0,3.8,4.4,3.0,5.05,3.15,4.6,3.2,6.3,3.0,5.75,2.55,2026-06-03,Zac Gallen,0.16496052383924234,0.06639003635571138,0.19008702886200513,Shohei Ohtani,0.2851875855308349,0.08113565884351541,0.29907071020346465
2026-06-04,ARI,LAD,5.0,3.0,2.0,2.6,4.2,4.2,3.6,4.8,3.45,5.2,2.8,5.9,2.7,6.0,2.25,2026-06-04,Ryne Nelson,0.18758890343189447,0.0686034290217873,0.17992283426334796,Justin Wrobleski,0.1574716711887538,0.05886545045368572,0.1693888190484905
2026-06-05,ARI,WSN,15.0,1.0,14.0,2.6,4.2,4.3,3.5,4.9,3.55,4.0,4.8,4.5,4.0,4.85,4.4,2026-06-05,Merrill Kelly,0.14166120352500278,0.08833016777461218,0.22778074958826902,Foster Griffin,0.22978359201185283,0.07571922173371445,0.20994367281984172
2026-06-06,ARI,WSN,7.0,1.0,6.0,2.6,6.0,3.9,4.5,4.75,3.9,5.0,4.2,5.7,4.0,5.45,4.2,2026-06-06,Eduardo Rodr\xc3\xadguez,0.17806363205907383,0.08773889368384458,0.15800987635924688,Zack Littell,0.12957269515240527,0.07289830807946747,0.13099512295940866
2026-06-07,ARI,WSN,6.0,5.0,1.0,2.0,7.0,3.1,5.0,4.55,3.9,5.4,4.0,5.3,3.9,5.25,4.05,2026-06-07,Michael Soroka,0.23071772028293766,0.05362566445899777,0.19211378437843626,Cade Cavalli,0.24860765266772905,0.09264462448605669,0.2386583929460169
2026-06-15,ARI,LAA,7.0,4.0,3.0,2.2,3.4,2.7,5.0,3.45,4.3,7.6,3.4,6.1,4.8,6.05,4.9,2026-06-15,Ryne Nelson,0.17552575339117427,0.06754419790279072,0.1735840210837208,Walbert Ure\xc3\xb1a,0.2222897980907134,0.13901894994572336,0.25605980814208823
2026-06-16,ARI,LAA,7.0,0.0,7.0,3.0,2.4,2.8,5.1,3.55,4.3,5.6,3.2,5.6,4.3,5.9,4.4,2026-06-16,Merrill Kelly,0.13440264478132638,0.0910843665191491,0.2119342496631292,Reid Detmers,0.29259887915167415,0.07493173722987385,0.25308162467258954
2026-06-17,ARI,LAA,9.0,8.0,1.0,3.0,3.4,2.7,4.4,3.3,4.45,5.0,3.0,6.1,3.5,5.8,4.1,2026-06-17,Eduardo Rodr\xc3\xadguez,0.18119739890777756,0.10187143268139057,0.16215541653891058,Sam Aldegheri,0.18354978354978352,0.09397546897546896,0.24794621660981103
2026-06-19,ARI,MIN,14.0,9.0,5.0,3.6,3.2,3.4,3.9,3.25,4.45,7.2,4.0,6.0,5.9,5.35,6.1,2026-06-19,Michael Soroka,0.23598069287510276,0.051459360745075004,0.19031485469519457,Connor Prielipp,0.24127117982549398,0.09051589058454043,0.20006439784845353
2026-06-20,ARI,MIN,24.0,8.0,16.0,5.2,3.8,3.8,4.3,3.4,4.6,7.0,4.0,6.0,6.2,5.5,6.25,2026-06-20,Zac Gallen,0.1529940600970349,0.06634279831533833,0.19223795746525552,Taj Bradley,0.2654217189650788,0.09960329889036584,0.24063016345677363
2026-06-29,ARI,SFG,9.0,5.0,4.0,3.4,4.4,4.6,5.1,3.65,4.75,3.4,3.0,3.4,3.3,4.8,3.95,2026-06-29,Eduardo Rodr\xc3\xadguez,0.18262179811837945,0.1035819480406612,0.16556070325950098,Tyler Mahle,0.2265586634017782,0.09650981676001864,0.1818950617716947
2026-06-30,ARI,SFG,10.0,8.0,2.0,3.6,4.6,4.3,5.4,3.85,4.65,3.8,3.8,3.1,3.3,4.95,4.2,2026-06-30,Brandon Pfaadt,0.18894033317110237,0.09189677843523995,0.2035920495878486,Adrian Houser,0.16410133553764367,0.078667905307112,0.18244115921545626
2026-07-01,ARI,SFG,10.0,4.0,6.0,3.4,4.2,4.2,5.1,4.0,4.7,3.0,3.6,3.0,3.7,4.45,4.15,2026-07-01,Zac Gallen,0.13951964578697648,0.065241299334717,0.18173245381882408,Trevor McDonald,0.19585275835275834,0.08632561882561879,0.20847314881046067
2026-04-29,ATH,KCR,7.0,5.0,2.0,4.4,2.6,4.6,4.7,4.15,4.2,6.0,4.8,4.7,5.5,3.9,4.6,2026-04-29,Luis Severino,0.23976819476819478,0.16148277648277645,0.2037880811253551,Michael Wacha,0.23307692307692304,0.0812197802197802,0.22821427423760401
2026-04-30,ATH,KCR,9.0,6.0,3.0,4.4,2.6,4.5,4.4,3.85,4.1,6.4,4.4,4.8,5.8,3.9,4.6,2026-04-30,Jeffrey Springs,0.219246647072734,0.07797704710748186,0.22303408999866078,Noah Cameron,0.1965791454921889,0.07533502729154899,0.21935673822301727
2026-05-01,ATH,CLE,13.0,5.0,8.0,4.8,2.2,4.5,3.8,4.15,3.7,2.0,2.8,3.6,4.0,4.2,4.25,2026-05-01,J.T. Ginn,0.18080449571132798,0.08002070393374738,0.2495990376904571,Joey Cantillo,0.2649110149110149,0.10569985569985564,0.275003575003575
2026-05-02,ATH,CLE,20.0,6.0,14.0,4.2,3.6,4.8,3.7,4.25,3.85,3.0,2.8,3.6,4.1,4.5,4.45,2026-05-02,Jacob Lopez,0.14958513708513707,0.18937229437229433,0.17558944766537102,Slade Cecconi,0.18448163484395363,0.09697300820489224,0.18873190910222779
2026-05-03,ATH,CLE,8.0,7.0,1.0,4.8,5.6,5.0,4.4,4.4,4.45,5.4,3.2,4.8,3.8,4.7,4.65,2026-05-03,Aaron Civale,0.17185397801339827,0.05381924838446576,0.1948810832507101,Parker Messick,0.2807886557886558,0.07365104031770696,0.22661239167566868
2026-05-12,ATH,STL,10.0,4.0,6.0,5.2,2.8,5.1,4.9,4.8,4.65,3.6,2.8,4.4,3.1,4.85,3.9,2026-05-12,Jeffrey Springs,0.2174241157393331,0.06629528533061141,0.22622443113535923,Andre Pallante,0.17926753485759692,0.10129690875032485,0.2198176101984536
2026-05-13,ATH,STL,8.0,6.0,2.0,5.4,2.8,4.9,5.2,4.7,4.5,3.6,3.0,4.5,3.1,4.7,3.9,2026-05-13,J.T. Ginn,0.19287120108376143,0.09050814099123275,0.2409933991730303,Matthew Liberatore,0.16157925693680839,0.08857805333491829,0.1761782077571551
2026-05-14,ATH,STL,9.0,4.0,5.0,4.2,3.0,5.0,4.6,4.9,4.15,3.6,3.0,3.7,3.2,4.45,3.95,2026-05-14,Jack Perkins,0.29681227863046045,0.058884297520661155,0.25866767977308364,Michael McGreevy,0.1959309712027103,0.0596790890269151,0.17588149506370954
2026-05-15,ATH,SFG,7.0,5.0,2.0,4.2,3.4,4.8,3.7,4.9,4.05,4.0,5.4,3.5,5.1,2.95,4.25,2026-05-15,Aaron Civale,0.17592225608529954,0.06628416872982089,0.1801664409558562,Tyler Mahle,0.23216350997680918,0.10785683040318586,0.19649689887763774
2026-05-17,ATH,SFG,11.0,1.0,10.0,4.6,4.2,4.9,3.5,4.8,4.15,3.2,4.0,3.9,5.3,3.2,4.5,2026-05-17,Jeffrey Springs,0.2154881028794072,0.07226247584943235,0.22472904516996473,Adrian Houser,0.11743296950104726,0.07542440037291293,0.17033976459644962
2026-05-27,ATH,SEA,10.0,1.0,9.0,2.2,4.8,3.6,5.0,4.2,4.35,4.2,3.2,4.0,3.8,4.25,3.5,2026-05-27,Jeffrey Springs,0.1990357205376968,0.07427535902832344,0.21874019195808714,Logan Gilbert,0.25378835958823476,0.053656478201932714,0.26000130984016095
2026-05-29,ATH,NYY,10.0,2.0,8.0,1.8,5.2,3.2,5.7,3.9,4.75,6.0,1.6,4.6,2.8,4.55,3.25,2026-05-29,Luis Severino,0.24652046460346855,0.12353605989969624,0.19929944321494306,Carlos Rod\xc3\xb3n,0.292250233426704,0.1858076563958916,0.27020202020202017
2026-05-30,ATH,NYY,10.0,6.0,4.0,2.2,6.4,3.0,5.9,3.95,4.7,7.2,1.2,5.1,2.4,4.35,3.3,2026-05-30,J.T. Ginn,0.20784021399963426,0.10977671013902894,0.238548079682803,Ryan Weathers,0.28525882203227737,0.07335860173388774,0.24790350193458616
2026-05-31,ATH,NYY,21.0,8.0,13.0,2.4,6.8,3.5,5.3,4.1,4.6,7.6,2.4,4.8,2.4,4.2,3.4,2026-05-31,Jack Perkins,0.267252886002886,0.06548295454545455,0.263848015857981,Will Warren,0.2658901187042133,0.06619556781238883,0.2314061621760368
2026-06-09,ATH,MIL,12.0,7.0,5.0,3.2,5.2,3.4,6.4,3.65,5.75,7.2,4.2,6.4,3.3,5.3,3.2,2026-06-09,J.T. Ginn,0.21726440111533277,0.10642425494909964,0.25785324123187625,Robert Gasser,0.1928571428571428,0.11269841269841267,0.2111244436825832
2026-06-10,ATH,MIL,7.0,4.0,3.0,4.2,6.0,4.0,6.5,3.8,5.75,6.6,5.0,6.3,4.0,5.4,3.45,2026-06-10,Jack Perkins,0.25510198054057703,0.06405502392344498,0.26005099151242395,Brandon Sproat,0.22622231863759992,0.12752866243115601,0.21575294436066791
2026-06-14,ATH,COL,32.0,9.0,23.0,5.8,3.4,4.8,5.6,4.15,5.45,4.4,5.4,4.8,6.7,4.45,6.85,2026-06-14,Jeffrey Springs,0.1986005299048777,0.07114734040976275,0.19939031855326558,Tomoyuki Sugano,0.13634336677814934,0.0709733905386079,0.16159618658302666
2026-06-15,ATH,PIT,13.0,11.0,2.0,6.6,8.0,4.9,6.6,4.55,6.5,4.6,6.0,3.9,5.8,5.35,5.6,2026-06-15,J.T. Ginn,0.2146848696124058,0.10647216176201679,0.25765648920203876,Carmen Mlodzinski,0.1900778421709906,0.08445665176719151,0.1886349948126063
2026-06-16,ATH,PIT,11.0,5.0,6.0,7.4,7.4,5.8,6.7,4.4,6.3,3.2,6.6,3.6,6.8,5.25,6.1,2026-06-16,Jack Perkins,0.2522018763015993,0.06857844371694787,0.2566336736022707,Mitch Keller,0.17249457581755714,0.08166929861029236,0.18419638295326365
2026-06-17,ATH,PIT,16.0,4.0,12.0,7.6,8.0,5.7,6.6,4.5,6.25,3.2,6.0,3.9,6.7,5.45,6.3,2026-06-17,Aaron Civale,0.1531303932489703,0.06512913963506846,0.17399145563509452,Braxton Ashcraft,0.2691615992108603,0.05570740243154034,0.2540015646190873
2026-06-18,ATH,LAA,5.0,5.0,0.0,7.2,9.6,6.0,7.3,4.7,6.75,4.4,4.0,5.1,3.9,5.6,4.4,2026-06-18,Gage Jump,0.20267857142857143,0.06315476190476191,0.2289624183006536,Ryan Johnson,0.12380952380952381,0.14534632034632033,0.23233384262796025
2026-06-20,ATH,LAA,7.0,0.0,7.0,6.8,8.6,6.3,6.0,4.7,6.65,2.8,5.0,5.1,4.3,5.5,4.6,2026-06-20,J.T. Ginn,0.2084786037231689,0.10462534395958306,0.255875875293578,Walbert Ure\xc3\xb1a,0.21288289054527393,0.13345338969348822,0.24597828443885067
2026-06-21,ATH,LAA,16.0,7.0,9.0,5.0,5.4,5.8,6.7,4.6,6.55,3.6,3.4,5.6,3.4,5.35,4.3,2026-06-21,Jack Perkins,0.25322814612288297,0.06969497607655503,0.2521353232554905,Reid Detmers,0.28142562054156256,0.06993628808121559,0.2421354422870095
2026-06-29,ATH,LAD,13.0,4.0,9.0,4.4,4.0,3.9,5.1,4.8,5.85,7.2,3.6,5.2,4.3,5.6,4.7,2026-06-29,Gage Jump,0.26511904761904764,0.07136243386243385,0.22464777315538373,Eric Lauer,0.15011355041719412,0.09040716368651588,0.1458509263777717
2026-06-30,ATH,LAD,12.0,3.0,9.0,5.0,5.4,3.9,4.8,4.95,6.05,6.6,3.8,5.6,4.3,5.6,4.8,2026-06-30,Jeffrey Springs,0.20813787803557623,0.07726606371747036,0.21708387707026958,Justin Wrobleski,0.15244575152938195,0.05395151222882313,0.16398536609966455
2026-04-24,ATL,PHI,8.0,5.0,3.0,6.4,5.0,6.0,4.4,6.3,3.55,2.0,5.2,3.2,6.7,3.2,5.55,2026-04-24,Grant Holmes,0.19471539812097083,0.1022375457359977,0.2944047619047619,Andrew Painter,0.25187969924812026,0.050125313283208,0.21263644891693667
2026-04-26,ATL,PHI,8.0,6.0,2.0,6.6,5.2,6.1,3.7,6.3,3.65,2.4,5.6,3.2,6.8,3.25,5.15,2026-04-26,Chris Sale,0.25041952707856596,0.060519190953973526,0.23938039891444415,Aaron Nola,0.2506561264822134,0.08863241106719366,0.23892321178454706
2026-04-28,ATL,DET,7.0,5.0,2.0,6.0,4.8,6.1,3.4,5.75,3.65,5.6,5.4,5.8,5.9,4.65,4.55,2026-04-28,Mart\xc3\xadn P\xc3\xa9rez,0.17134567187198763,0.05696356275303642,0.16593465674110833,Casey Mize,0.2743544137022398,0.08487747035573122,0.258460634547591
2026-04-29,ATL,DET,7.0,4.0,3.0,6.2,3.0,6.0,3.3,5.9,3.75,5.0,6.0,5.0,5.5,4.6,4.55,2026-04-29,Reynaldo L\xc3\xb3pez,0.19926406926406925,0.13034632034632032,0.1907601930182575,Tarik Skubal,0.2698627580149319,0.04227053140096617,0.271185190778214
2026-04-30,ATL,DET,7.0,2.0,5.0,5.4,2.4,5.5,3.6,6.05,3.8,4.6,6.0,4.9,5.8,4.6,4.4,2026-04-30,Bryce Elder,0.21526340004600872,0.07079115865347745,0.19660942570768491,Framber Valdez,0.1684307342665663,0.09904561455535965,0.1766974621778783
2026-05-12,ATL,CHC,7.0,5.0,2.0,3.8,2.4,5.3,3.5,5.4,3.55,4.0,3.4,4.9,3.3,5.6,3.95,2026-05-12,Grant Holmes,0.18234773335171384,0.10547579797469224,0.2771584165581126,Colin Rea,0.2184480103230103,0.07098214285714285,0.2156392445813886
2026-05-13,ATL,CHC,5.0,4.0,1.0,4.2,2.4,5.6,3.2,5.5,3.6,3.4,3.6,4.3,3.5,5.15,4.1,2026-05-13,Mart\xc3\xadn P\xc3\xa9rez,0.18887090353255762,0.0743926499565597,0.18908224610427599,Shota Imanaga,0.29128805405121194,0.06821159104053837,0.2969174720628209
2026-05-14,ATL,CHC,2.0,0.0,2.0,4.8,2.0,5.2,2.7,5.5,3.55,2.0,3.8,3.9,3.5,4.6,4.1,2026-05-14,Chris Sale,0.29098190139380065,0.0630770195987587,0.25888400655005617,Ben Brown,0.2273833004602235,0.07486850756081524,0.23140155470472212
2026-05-16,ATL,BOS,5.0,2.0,3.0,4.6,1.8,4.3,2.8,5.05,3.45,1.6,2.0,3.4,3.1,3.55,3.45,2026-05-16,Mart\xc3\xadn P\xc3\xa9rez,0.24859537392432124,0.06509356871198974,0.20711363200790814,Payton Tolle,0.305,0.07136363636363635,0.24578638273491213
2026-05-17,ATL,BOS,9.0,8.0,1.0,3.6,2.0,3.4,2.5,4.95,3.05,1.8,2.4,3.4,2.7,3.7,3.35,2026-05-17,Reynaldo L\xc3\xb3pez,0.19694564694564692,0.12162097162097159,0.19303331324204187,Brayan Bello,0.1613093800322061,0.09754126409017712,0.23959078796715017
2026-05-23,ATL,WSN,2.0,0.0,2.0,6.8,4.2,5.2,3.1,5.1,3.35,6.8,4.4,5.7,5.6,5.45,5.1,2026-05-23,Grant Holmes,0.19302427190972077,0.1128101522373968,0.2662695219783295,Jake Irvin,0.24247775235189423,0.09818489240228369,0.2226325102428043
2026-05-24,ATL,WSN,3.0,1.0,2.0,5.2,4.4,4.5,3.1,4.9,3.3,4.6,3.8,5.2,4.8,5.55,4.7,2026-05-24,Mart\xc3\xadn P\xc3\xa9rez,0.3090212266756889,0.06077050714350483,0.2562464611618821,Foster Griffin,0.22465805933197233,0.07679380201119328,0.20559094396917593
2026-06-02,ATL,TOR,7.0,4.0,3.0,5.4,4.2,5.3,3.5,4.75,3.35,4.0,4.4,4.2,3.9,4.2,3.55,2026-06-02,Bryce Elder,0.21243712255940514,0.07867093319991866,0.20360774315687272,Kevin Gausman,0.24357800976603414,0.04207522080710485,0.22807862310894852
2026-06-03,ATL,TOR,10.0,7.0,3.0,6.2,3.2,4.8,3.7,4.9,3.35,4.2,5.0,3.9,4.1,4.25,3.75,2026-06-03,Grant Holmes,0.2208962854389254,0.10489268260588269,0.27808479890837695,Patrick Corbin,0.16933841520798038,0.06770719618545704,0.1733325651073931
2026-06-04,ATL,TOR,9.0,2.0,7.0,5.6,3.4,4.6,3.7,4.9,3.4,4.4,6.2,3.7,4.6,3.7,4.05,2026-06-04,Chris Sale,0.2988959282864005,0.0640560142536427,0.2781164244709541,Braydon Fisher,0.2491551459293395,0.0825652841781874,0.27504126697675085
2026-06-05,ATL,PIT,9.0,6.0,3.0,4.4,4.2,4.8,4.2,4.65,3.65,8.6,6.0,6.9,5.4,5.2,4.65,2026-06-05,Mart\xc3\xadn P\xc3\xa9rez,0.2734267798054983,0.0707178468620116,0.23683452751607745,Mitch Keller,0.17749367178715,0.07139195948978554,0.1924665185524446
2026-06-06,ATL,PIT,9.0,6.0,3.0,4.6,4.4,5.3,4.3,4.7,3.7,7.2,5.4,7.0,5.9,5.2,4.9,2026-06-06,Spencer Strider,0.3108987747145642,0.13909774436090222,0.2937749607759235,Braxton Ashcraft,0.28220368392782186,0.05741621192770616,0.26632674121385097
2026-06-07,ATL,PIT,5.0,3.0,2.0,5.0,3.8,5.2,4.0,4.8,3.8,6.0,6.0,6.1,6.4,5.15,4.7,2026-06-07,Reynaldo L\xc3\xb3pez,0.20398886827458254,0.10199443413729127,0.20041087143791128,Mason Montgomery,0.30333333333333334,0.09966666666666667,0.2801469641469641
2026-06-16,ATL,SFG,9.0,2.0,7.0,2.6,4.0,3.8,3.9,4.55,3.7,4.2,5.6,5.8,5.2,5.95,6.15,2026-06-16,Reynaldo L\xc3\xb3pez,0.21182359307359305,0.12466179653679652,0.20660951250817236,Robbie Ray,0.21205408272668813,0.1176822360379078,0.22524525778722387
2026-06-19,ATL,MIL,5.0,3.0,2.0,3.2,6.0,3.4,4.7,4.0,4.2,5.0,3.6,5.8,3.4,5.45,3.4,2026-06-19,Mart\xc3\xadn P\xc3\xa9rez,0.2665086684047128,0.07132958302458138,0.24388318290054828,Jacob Misiorowski,0.40139980851589335,0.06952172806370706,0.3468938982678212
2026-06-20,ATL,MIL,7.0,4.0,3.0,2.8,5.0,3.5,4.2,4.15,4.2,3.8,2.4,5.3,3.6,5.5,3.3,2026-06-20,Chris Sale,0.28728859714419563,0.06258320569472683,0.2721882566036278,Kyle Harrison,0.2976797319878488,0.07051694995900136,0.27375059238376165
2026-06-21,ATL,MIL,13.0,4.0,9.0,3.0,5.4,3.3,4.2,4.3,4.25,3.6,3.2,4.4,3.6,5.4,3.45,2026-06-21,Reynaldo L\xc3\xb3pez,0.20776674306086068,0.11732874968169084,0.20803067240588166,Robert Gasser,0.2217142857142857,0.10361904761904761,0.22122012075500447
2026-06-30,ATL,STL,8.0,3.0,5.0,1.4,3.0,2.5,4.3,3.15,4.1,2.0,4.6,3.7,6.1,4.75,4.9,2026-06-30,Mart\xc3\xadn P\xc3\xa9rez,0.25819508485412374,0.0774133851465087,0.2417801379791562,Matthew Liberatore,0.19942922407810848,0.0804739619013074,0.20072830432692348
2026-07-01,ATL,STL,6.0,5.0,1.0,2.0,3.8,2.6,4.1,3.1,4.2,2.4,4.4,4.1,5.8,4.7,4.8,2026-07-01,Reynaldo L\xc3\xb3pez,0.20463659147869673,0.10976304397357027,0.20508007531052572,Michael McGreevy,0.1636697270121183,0.05947659224833136,0.16577861033624725
2026-04-25,BAL,BOS,18.0,1.0,17.0,5.8,5.4,5.5,4.8,4.8,4.45,2.8,5.6,3.2,6.2,4.05,4.9,2026-04-25,Trevor Rogers,0.20387761674718194,0.06332528180354265,0.24692843197908343,Garrett Crochet,0.24605475040257646,0.08148148148148145,0.20753663003663
2026-04-26,BAL,BOS,8.0,3.0,5.0,5.6,8.0,5.0,6.3,4.6,4.9,4.6,4.6,4.3,5.0,4.7,4.65,2026-04-26,Kyle Bradish,0.24761420459360955,0.11887448088821082,0.2535429142148067,Connelly Early,0.2251280374850168,0.12367876212269799,0.20634672656686406
2026-04-28,BAL,HOU,8.0,5.0,3.0,5.4,7.4,4.4,6.1,4.35,5.0,4.2,6.4,4.4,5.4,4.55,6.15,2026-04-28,Shane Baz,0.18383529114563596,0.07687002652519892,0.20989074417645842,Kai-Wei Teng,0.24368686868686867,0.09343434343434343,0.1800400357218539
2026-05-08,BAL,ATH,7.0,3.0,4.0,4.6,7.6,4.9,7.1,4.65,6.6,5.8,6.2,5.0,4.9,4.7,5.0,2026-05-08,Kyle Bradish,0.224486336614483,0.13252939111062675,0.2348261353060585,Jack Perkins,0.28499278499278496,0.04419191919191919,0.26323933347927153
2026-05-09,BAL,ATH,8.0,2.0,6.0,4.6,6.2,4.7,7.2,4.65,6.6,5.4,4.0,5.1,4.8,4.85,4.75,2026-05-09,Shane Baz,0.18900322993919053,0.08283756473411642,0.20083048142929982,Aaron Civale,0.16378692620928642,0.05711979531855307,0.17802993948961965
2026-05-10,BAL,ATH,3.0,2.0,1.0,4.8,5.0,3.9,7.5,4.65,6.7,5.2,4.2,5.5,4.9,5.05,4.8,2026-05-10,Chris Bassitt,0.11700061842918985,0.11162028447742732,0.19295484578931704,Luis Severino,0.2354511460761461,0.141528749028749,0.202720868536324
2026-05-11,BAL,NYY,5.0,3.0,2.0,3.4,3.8,3.6,6.5,4.45,6.55,4.0,4.4,5.9,3.5,6.1,3.0,2026-05-11,Brandon Young,0.1338888888888889,0.08777777777777777,0.17579595791805092,Ryan Weathers,0.2861556989376538,0.06968094562079521,0.26684627260496435
2026-05-12,BAL,NYY,8.0,2.0,6.0,2.6,3.4,3.7,6.0,4.5,6.45,3.0,4.2,6.1,3.5,5.55,2.95,2026-05-12,Trevor Rogers,0.20020104425901522,0.08307409847264917,0.2502181377603473,Will Warren,0.30167845867283877,0.06450375422688315,0.23761944860180667
2026-05-13,BAL,NYY,7.0,7.0,0.0,2.4,3.8,3.5,5.7,4.4,6.35,4.0,3.4,6.0,3.5,5.5,3.05,2026-05-13,Kyle Bradish,0.24106840168052976,0.12042750293608412,0.2451070147342646,Max Fried,0.20990806510879803,0.08172680402315582,0.22652013249940106
2026-05-22,BAL,DET,11.0,7.0,4.0,4.0,8.2,3.6,5.3,3.75,6.4,2.0,4.2,2.6,5.2,3.35,4.6,2026-05-22,Chris Bassitt,0.13930965974444234,0.09647761256456906,0.2061871022805799,Jack Flaherty,0.22926362348559143,0.14374637185849998,0.2241577562222723
2026-05-24,BAL,DET,8.0,5.0,3.0,4.8,6.4,4.1,5.6,3.85,6.05,2.2,5.2,2.7,5.5,3.15,4.8,2026-05-24,Trevor Rogers,0.18505338059685883,0.09152635307526609,0.2340518954792293,Framber Valdez,0.184738282457173,0.08850698476935355,0.18381331067965362
2026-05-26,BAL,TBR,7.0,6.0,1.0,3.4,4.0,4.2,5.5,3.85,5.6,5.8,2.8,5.4,2.7,4.55,2.15,2026-05-26,Shane Baz,0.19563559429076666,0.09525902258660876,0.18206658131594286,Griffin Jax,0.2349877450980392,0.13214869281045752,0.30696116383616384
2026-05-28,BAL,TOR,3.0,1.0,2.0,6.0,2.8,5.0,5.5,4.5,4.6,3.6,3.2,3.8,3.1,3.65,3.3,2026-05-28,Chris Bassitt,0.1453786937699981,0.08682985130811216,0.19628267776680763,Patrick Corbin,0.1669897735115126,0.06993921269283586,0.174073220489696
2026-05-29,BAL,TOR,11.0,5.0,6.0,4.8,2.4,4.8,4.4,4.1,4.35,3.0,3.0,3.4,2.5,3.6,3.15,2026-05-29,Trevor Rogers,0.1756030049749856,0.09246786940023652,0.21915724042598161,Braydon Fisher,0.2548440065681445,0.08825944170771756,0.27102112446940035
2026-05-30,BAL,TOR,11.0,6.0,5.0,4.8,3.0,4.6,4.7,4.0,4.45,4.0,3.2,3.6,2.5,3.85,3.15,2026-05-30,Brandon Young,0.15194002321821867,0.10239972224934628,0.19988438904732414,Trey Yesavage,0.2791938997821351,0.0777868554829339,0.29211908432313166
2026-06-08,BAL,SEA,9.0,3.0,6.0,6.0,5.0,5.5,4.5,5.25,5.0,4.0,4.4,5.3,3.5,4.6,3.45,2026-06-08,Trey Gibson,0.11230158730158728,0.12063492063492061,0.13508771929824556,Emerson Hancock,0.25470850024625763,0.055296579991469356,0.20874857575438968
2026-06-10,BAL,SEA,9.0,7.0,2.0,6.4,4.6,5.7,4.9,5.25,4.65,3.6,4.4,5.3,3.0,4.4,3.5,2026-06-10,Brandon Young,0.1640761750703271,0.08375945475360677,0.19867551246890644,George Kirby,0.20039216220164205,0.057435830229048974,0.20005496601315687
2026-06-11,BAL,SEA,12.0,7.0,5.0,6.2,4.6,5.9,4.5,5.25,4.6,3.8,4.4,4.6,3.5,4.1,3.7,2026-06-11,Kyle Bradish,0.22567349253848107,0.12082155407098195,0.2350507112982007,Bryan Woo,0.24650311607006334,0.04336682231388722,0.21127642340983727
2026-06-12,BAL,SDP,10.0,7.0,3.0,5.0,5.0,6.0,4.5,5.3,4.05,3.4,4.0,3.1,4.5,2.85,3.85,2026-06-12,Shane Baz,0.2009888166652092,0.08745695065323708,0.18838454973021246,Griffin Canning,0.23650441037659078,0.13000276665690197,0.2354982112009655
2026-06-13,BAL,SDP,12.0,3.0,9.0,5.6,4.4,5.8,4.3,5.6,4.0,4.0,4.4,3.0,4.3,2.95,4.2,2026-06-13,Trey Gibson,0.08422619047619045,0.10363408521303255,0.1454334365325077,Randy V\xc3\xa1squez,0.1828485616947155,0.06541424016340401,0.20057228980540545
2026-06-14,BAL,SDP,7.0,2.0,5.0,5.4,5.0,5.7,5.0,5.6,4.2,5.2,4.6,3.7,4.2,3.2,4.1,2026-06-14,Trevor Rogers,0.1638992234282089,0.08008322528250061,0.20350574001463564,Walker Buehler,0.19579538183657175,0.08223925197609404,0.18385633143705618
2026-06-26,BAL,WSN,4.0,3.0,1.0,5.4,3.0,3.8,3.8,4.8,4.05,5.0,6.8,4.6,5.5,5.4,4.85,2026-06-26,Trevor Rogers,0.1710233509301832,0.08080632560446221,0.21011133400671395,Andrew Alvarez,0.26762481345814676,0.08861755528422191,0.2701135707671655
2026-06-28,BAL,WSN,10.0,4.0,6.0,5.0,2.0,3.8,3.0,4.75,4.0,4.6,6.6,4.0,5.5,5.4,4.8,2026-06-28,Kyle Bradish,0.2437763793541825,0.1136437031588633,0.24593988388830945,Zack Littell,0.13507699943447937,0.06942153807714446,0.14202673567667407
2026-06-29,BAL,CHW,10.0,2.0,8.0,5.2,2.8,4.0,3.1,4.9,3.9,7.2,2.6,5.2,4.4,5.2,4.65,2026-06-29,Shane Baz,0.19901769925476817,0.08333555812004084,0.19648685851119657,Sean Burke,0.23766487739313824,0.0838647413375674,0.21025677059107414
2026-06-30,BAL,CHW,12.0,3.0,9.0,3.2,4.2,4.1,3.6,4.6,4.2,7.6,2.0,5.8,3.4,5.3,4.3,2026-06-30,Trey Gibson,0.17722238079380936,0.12953804758316032,0.2130570727791901,Erick Fedde,0.155038216376174,0.09042633170922641,0.16939668741324412
2026-04-22,BOS,NYY,5.0,1.0,4.0,4.0,5.0,4.4,5.1,4.0,5.0,6.4,3.4,5.6,4.8,5.0,3.85,2026-04-22,Ranger Suarez,0.17192113442113438,0.0726204351204351,0.15816822066822062,Max Fried,0.17968496559800903,0.06619060166886252,0.18525509602922113
2026-05-02,BOS,HOU,9.0,3.0,6.0,2.8,3.0,3.7,3.8,4.3,4.25,5.0,5.4,4.8,5.7,4.3,6.05,2026-05-02,Connelly Early,0.21538447568195843,0.11001007954669277,0.2029633574103712,Kai-Wei Teng,0.23620014245014243,0.08564814814814814,0.1769414613164613
2026-05-10,BOS,TBR,5.0,1.0,4.0,5.0,3.0,3.7,3.3,4.25,4.0,4.0,2.0,3.3,1.6,3.95,2.85,2026-05-10,Payton Tolle,0.34,0.09515151515151514,0.26235569985569984,Nick Martinez,0.1675255696684268,0.060385804671518925,0.1627306334623408
2026-05-12,BOS,PHI,3.0,1.0,2.0,4.2,3.0,3.3,3.7,3.85,3.95,6.2,3.8,4.8,3.2,3.6,4.45,2026-05-12,Brayan Bello,0.15459167241775937,0.1055233494363929,0.23889740847039384,Zack Wheeler,0.2692753623188406,0.09231884057971013,0.26690821256038644
2026-05-13,BOS,PHI,4.0,3.0,1.0,2.4,2.8,3.4,3.6,3.85,3.85,4.8,3.8,4.7,3.1,3.6,3.95,2026-05-13,Sonny Gray,0.1308441558441558,0.0612193362193362,0.16400728900728898,Andrew Painter,0.2033190118152524,0.07741854636591476,0.1892843200160273
2026-05-14,BOS,PHI,4.0,1.0,3.0,2.2,3.0,3.6,2.9,3.9,3.6,3.8,3.8,4.2,2.9,3.65,3.65,2026-05-14,Ranger Suarez,0.20938010402296112,0.06974569081711937,0.19344757260358278,Jes\xc3\xbas Luzardo,0.30103928780559214,0.06834175084175081,0.3210447606065348
2026-05-22,BOS,MIN,14.0,6.0,8.0,3.6,3.0,2.6,2.5,3.3,3.05,3.4,2.4,4.1,2.9,4.25,4.7,2026-05-22,Payton Tolle,0.26542857142857146,0.06423376623376623,0.22390183346065698,Connor Prielipp,0.28495894467626864,0.08636155606407321,0.22162374519185662
2026-05-23,BOS,MIN,6.0,2.0,4.0,4.2,4.2,3.0,3.3,3.35,3.3,4.8,3.2,4.4,3.1,4.6,4.65,2026-05-23,Brayan Bello,0.14765961985768747,0.09952385867844803,0.22657503148100425,Taj Bradley,0.26951374276312134,0.08887459961539694,0.24059593453758032
2026-05-24,BOS,MIN,11.0,5.0,6.0,4.4,3.4,3.1,3.3,3.2,3.5,4.6,2.8,4.5,3.3,4.65,4.5,2026-05-24,Sonny Gray,0.18250811688311686,0.05737283549783548,0.19060415096599304,Bailey Ober,0.16472857085785914,0.07481118980479591,0.18525060555623213
2026-05-26,BOS,ATL,13.0,6.0,7.0,4.8,4.4,3.5,3.7,3.45,3.65,5.4,2.4,4.1,3.1,4.85,3.15,2026-05-26,Ranger Suarez,0.2227230939950238,0.07708151335344315,0.2027114753883722,Spencer Strider,0.3234910192147034,0.1520989974937343,0.3077997967479675
2026-05-27,BOS,ATL,8.0,8.0,0.0,4.6,5.6,3.8,4.3,3.7,3.6,5.2,2.8,4.4,3.6,4.8,3.15,2026-05-27,Connelly Early,0.2207911619696516,0.0885559052778732,0.2013333881505326,Bryce Elder,0.22720413370116924,0.08127738167263855,0.21605693192870967
2026-05-28,BOS,ATL,12.0,2.0,10.0,5.4,5.0,4.5,4.0,3.95,3.55,3.4,4.2,4.4,4.2,4.35,3.5,2026-05-28,Payton Tolle,0.28119047619047616,0.06686147186147186,0.23623025128813613,Chris Sale,0.29678552111504053,0.05846161567900696,0.2703725113624939
2026-06-02,BOS,BAL,6.0,2.0,4.0,6.2,3.8,5.4,4.7,4.0,3.85,6.4,4.0,5.4,3.7,4.45,4.55,2026-06-02,Connelly Early,0.22344651088150147,0.09024562817468992,0.20051287034663803,Shane Baz,0.20606370640853397,0.09286870391886062,0.18445446786297837
2026-06-03,BOS,BAL,9.0,8.0,1.0,5.0,4.6,5.2,4.8,3.9,3.65,5.0,4.0,5.5,3.4,4.55,4.35,2026-06-03,Payton Tolle,0.2886394557823129,0.07091527520098947,0.24364530013559366,Chris Bassitt,0.13973820645757404,0.08272410724979894,0.19359031312134026
2026-06-04,BOS,BAL,10.0,2.0,8.0,6.2,2.8,5.4,4.1,4.2,3.7,5.0,5.2,4.9,3.8,4.5,4.7,2026-06-04,Brayan Bello,0.15869120412598672,0.0852164904338817,0.23309272762053934,Trevor Rogers,0.17054270447748704,0.08738774912687954,0.21426279297912815
2026-06-12,BOS,TEX,11.0,10.0,1.0,3.0,4.6,4.5,4.1,4.55,4.25,4.0,3.0,4.5,3.4,4.6,4.0,2026-06-12,Sonny Gray,0.1884880935120169,0.06939271963195405,0.19320108529302943,Jack Leiter,0.2490550331555436,0.1019806099941639,0.24245284823411847
2026-06-13,BOS,TEX,9.0,6.0,3.0,4.0,4.2,4.6,4.1,4.9,4.25,3.6,4.6,3.9,3.8,4.15,4.5,2026-06-13,Ranger Suarez,0.2337089871629345,0.07447780168174904,0.2204761372178524,Jacob deGrom,0.29163480641741507,0.05168480472828297,0.3218569314418378
2026-06-14,BOS,TEX,10.0,4.0,6.0,5.0,3.6,4.3,4.0,4.85,4.35,4.2,4.6,3.6,4.1,4.05,4.6,2026-06-14,Connelly Early,0.22920390385625375,0.09308409340533963,0.2080547185580676,Nathan Eovaldi,0.2210620139501356,0.06001924129661746,0.27745891512654935
2026-06-16,BOS,TOR,7.0,1.0,6.0,5.6,4.2,4.5,4.2,4.85,4.5,3.8,5.0,4.3,5.3,4.0,4.95,2026-06-16,Payton Tolle,0.2577696377696378,0.06767158767158765,0.22892129297313046,Dylan Cease,0.3693692657174732,0.09688897317615848,0.34821485789861045
2026-06-17,BOS,TOR,3.0,0.0,3.0,5.2,4.6,3.8,4.7,4.6,4.4,4.4,4.8,4.2,5.2,4.25,4.8,2026-06-17,Jake Bennett,0.12312252964426873,0.06363636363636364,0.1797808412866737,Simeon Woods Richardson,0.13028121451198374,0.10956712091327475,0.17377143988675015
2026-06-18,BOS,TOR,7.0,3.0,4.0,4.2,3.8,3.6,4.2,4.5,4.35,4.2,3.4,4.2,3.9,4.3,4.4,2026-06-18,Sonny Gray,0.19814307122659522,0.06360999299595789,0.19521693688092914,Trey Yesavage,0.243774769166926,0.12482086661825223,0.2708169387379165
2026-06-25,BOS,NYY,9.0,6.0,3.0,3.8,3.4,3.3,3.8,3.8,3.9,2.8,4.8,5.0,3.9,5.05,4.15,2026-06-25,Connelly Early,0.22549523519393844,0.09116670811178816,0.21047281957572206,Cam Schlittler,0.29820232230406735,0.044392211812564114,0.2437968991415559
2026-06-26,BOS,NYY,7.0,6.0,1.0,4.0,3.8,3.5,3.5,4.0,3.85,3.0,4.0,4.5,4.2,4.55,4.05,2026-06-26,Payton Tolle,0.24414918414918416,0.07129839857112584,0.2137914343793014,Will Warren,0.246220654950991,0.07690320475554017,0.21399433760685627
2026-06-27,BOS,NYY,5.0,4.0,1.0,5.0,3.4,4.0,3.0,3.9,3.85,3.0,4.4,3.4,4.6,4.4,3.9,2026-06-27,Jake Bennett,0.20958780350084694,0.038181818181818185,0.23511292615238824,Gerrit Cole,0.21205455172846474,0.06728386347951562,0.16148863842037134
2026-06-29,BOS,WSN,9.0,6.0,3.0,5.4,3.0,4.4,2.8,4.0,3.5,5.0,7.2,4.0,5.5,5.0,4.95,2026-06-29,Ranger Suarez,0.24336815591392247,0.07618181193047706,0.22177795717132928,Miles Mikolas,0.13076786569541513,0.0521046744489651,0.1280449963016708
2026-06-30,BOS,WSN,9.0,1.0,8.0,5.6,3.2,4.7,2.7,4.05,3.5,3.8,5.6,4.1,5.5,4.85,5.2,2026-06-30,Connelly Early,0.23483928299431728,0.08807295552146806,0.21699419427816535,Cade Cavalli,0.23031226915232758,0.08690203904548721,0.22313870315896048
2026-07-01,BOS,WSN,12.0,2.0,10.0,4.6,3.2,4.2,3.3,4.05,3.6,4.6,4.8,4.7,5.1,5.2,5.0,2026-07-01,Payton Tolle,0.24810897435897436,0.07230130980130979,0.21370597796826032,Andrew Alvarez,0.2646718559218559,0.094041514041514,0.26957280192574307
2026-04-21,CHC,PHI,11.0,7.0,4.0,8.4,2.6,7.1,3.8,5.6,3.9,1.2,6.4,3.4,6.1,3.3,5.4,2026-04-21,Shota Imanaga,0.3755980861244019,0.06040669856459327,0.30081546360616124,Jes\xc3\xbas Luzardo,0.3079461279461279,0.05335016835016833,0.32691055766454086
2026-05-01,CHC,ARI,11.0,6.0,5.0,4.8,6.8,5.3,4.7,6.2,4.7,5.0,8.2,5.2,7.5,4.85,5.35,2026-05-01,Colin Rea,0.21654179154179154,0.07380952380952381,0.19986467178753053,Zac Gallen,0.1548002747316248,0.05410512447125717,0.18273537103628634
2026-05-02,CHC,ARI,2.0,2.0,0.0,5.2,5.4,5.5,5.0,6.25,4.65,5.2,8.2,5.1,7.9,5.1,5.55,2026-05-02,Ben Brown,0.23585470085470087,0.06963675213675213,0.22748868778280543,Ryne Nelson,0.19109421280473907,0.0958323839902787,0.21323339907351882
2026-05-03,CHC,ARI,12.0,8.0,4.0,5.6,4.2,5.2,4.9,6.15,4.35,2.8,7.2,4.7,7.1,5.0,5.6,2026-05-03,Matthew Boyd,0.3391851956093442,0.062433155080213895,0.30005299417064124,Merrill Kelly,0.11910256410256409,0.1473504273504273,0.28042801298615255
2026-05-07,CHC,CIN,11.0,8.0,3.0,5.2,3.4,5.1,5.1,6.05,4.55,3.6,7.2,4.8,6.9,4.85,5.3,2026-05-07,Shota Imanaga,0.2818802250381197,0.06264998159734998,0.28321180480648916,Rhett Lowder,0.16870585935803326,0.10576568359177053,0.1697684039046165
2026-05-18,CHC,MIL,12.0,3.0,9.0,3.6,4.4,3.8,3.9,4.55,4.4,3.4,2.4,4.2,2.7,4.65,2.85,2026-05-18,Shota Imanaga,0.28670049248996615,0.06063252536936744,0.29281553072250743,Shane Drohan,0.32694235588972426,0.06942355889724308,0.29672164320273564
2026-05-19,CHC,MIL,7.0,2.0,5.0,3.8,5.2,3.6,4.4,4.35,4.75,5.0,2.4,4.8,2.4,5.0,2.75,2026-05-19,Ben Brown,0.24447496947496947,0.07428266178266177,0.23630144365438482,Chad Patrick,0.20560825139772504,0.08647869674185463,0.2204736824931821
2026-05-20,CHC,MIL,5.0,0.0,5.0,4.0,5.4,3.0,4.6,4.15,4.8,4.6,2.6,4.7,2.4,5.05,2.6,2026-05-20,Edward Cabrera,0.20786902722575235,0.08883246275059137,0.2527787860273011,Kyle Harrison,0.30059109169983783,0.0835798135043491,0.2843266387301918
2026-05-22,CHC,HOU,6.0,2.0,4.0,3.6,6.4,2.3,5.0,3.95,4.45,2.0,4.0,1.8,4.6,3.0,4.8,2026-05-22,Jameson Taillon,0.1961825613999527,0.07826008130355955,0.23639806749455872,Spencer Arrighetti,0.22619348445435397,0.13869152318427677,0.24778078883297258
2026-05-23,CHC,HOU,3.0,0.0,3.0,2.0,6.2,2.5,4.8,4.05,4.35,2.0,4.2,2.2,4.3,3.05,4.65,2026-05-23,Colin Rea,0.19880602730602728,0.06654761904761905,0.19060663376034898,Kai-Wei Teng,0.24406027999778,0.09226641414141414,0.2051728364228364
2026-05-24,CHC,HOU,13.0,5.0,8.0,1.4,5.2,2.5,4.8,3.7,4.05,2.6,2.6,2.4,4.0,3.05,4.15,2026-05-24,Shota Imanaga,0.2663637765743029,0.06706927283243069,0.2746450887613678,Peter Lambert,0.2353395061728395,0.1003086419753086,0.24697582736798415
2026-06-04,CHC,ATH,13.0,7.0,6.0,4.0,3.2,3.7,4.5,3.1,4.65,3.8,7.0,3.0,5.9,3.8,5.1,2026-06-04,Shota Imanaga,0.24844695985428247,0.06271937730461755,0.2648557557859883,J.T. Ginn,0.20467301805094443,0.11094773243602671,0.24327515047643355
2026-06-05,CHC,SFG,21.0,3.0,18.0,4.0,4.0,4.4,4.8,3.45,4.8,7.4,7.8,5.5,7.1,5.25,6.3,2026-06-05,Edward Cabrera,0.1995821245031771,0.09244921647553224,0.24568272560638915,Robbie Ray,0.22110674730812027,0.11745467220295591,0.22784228065719855
2026-06-15,CHC,COL,9.0,5.0,4.0,4.6,2.6,3.8,5.1,3.75,4.9,7.6,6.6,6.2,6.8,5.55,7.2,2026-06-15,Shota Imanaga,0.254151278872593,0.06425445372977243,0.2771407997922453,Michael Lorenzen,0.1653927541227312,0.07135212232466233,0.19796849263475663
2026-06-16,CHC,COL,7.0,2.0,5.0,5.2,2.8,4.2,5.0,4.0,4.85,7.8,7.2,5.8,7.1,5.6,7.35,2026-06-16,Edward Cabrera,0.21025783102537488,0.08878343797203443,0.24462164455803084,Ryan Feltner,0.19620800395256913,0.08826306543697846,0.2100601257044561
2026-06-19,CHC,TOR,18.0,16.0,2.0,4.4,4.2,4.4,5.3,4.4,5.05,3.4,3.0,4.0,3.8,4.1,4.5,2026-06-19,Ben Brown,0.24256728851995624,0.07525448530085406,0.23704626646731528,Kevin Gausman,0.25152907447949396,0.04432684331235055,0.24455690389535617
2026-06-20,CHC,TOR,14.0,6.0,8.0,6.4,4.4,5.7,3.7,4.95,4.75,3.6,5.6,3.6,5.0,4.1,5.25,2026-06-20,Colin Rea,0.17711421857798668,0.08284298632124718,0.19100192957499462,Patrick Corbin,0.15924582663713094,0.07586543890891716,0.17387490816698972
2026-06-29,CHC,SDP,5.0,3.0,2.0,7.8,4.4,7.6,4.7,5.7,4.9,3.6,4.4,3.6,4.2,3.8,4.15,2026-06-29,Shota Imanaga,0.24340509628624613,0.06218855610445996,0.27227737454419787,Griffin Canning,0.22555308726361356,0.1393352699931647,0.23210364980146014
2026-07-01,CHC,SDP,26.0,23.0,3.0,6.4,4.4,8.1,4.7,6.2,5.0,4.2,6.4,4.3,4.8,3.95,4.3,2026-07-01,Colin Rea,0.17579535641118624,0.0807693869074943,0.1865940970997427,Walker Buehler,0.20729803345650025,0.07917058270676688,0.19352578136990284
2026-04-24,CHW,WSN,9.0,5.0,4.0,7.6,4.6,5.5,5.1,4.15,4.5,5.2,5.6,4.9,6.6,5.35,6.05,2026-04-24,Erick Fedde,0.17819264069264065,0.08517316017316015,0.19187456687456683,Miles Mikolas,0.14635294117647057,0.10763025210084032,0.20045638221149487
2026-04-27,CHW,LAA,15.0,8.0,7.0,6.8,5.0,6.0,5.3,3.95,4.5,3.0,6.0,4.0,4.5,4.6,4.75,2026-04-27,Anthony Kay,0.12099567099567096,0.11737297789929364,0.18664482204879684,Jack Kochanowicz,0.15609720392329085,0.13949641340945684,0.2198155806851459
2026-04-28,CHW,LAA,7.0,5.0,2.0,7.0,5.6,6.2,5.5,4.25,4.4,4.0,6.6,4.3,4.8,4.85,4.85,2026-04-28,Davis Martin,0.22406035992992512,0.0614389233954451,0.19726148996183837,Jos\xc3\xa9 Soriano,0.299866618888358,0.08492262568349522,0.29767512077294683
2026-05-08,CHW,SEA,20.0,8.0,12.0,3.6,3.2,4.8,3.2,4.95,4.2,3.4,3.8,4.7,4.5,4.1,4.4,2026-05-08,Sean Burke,0.20605307735742517,0.05127611518915866,0.16824851438403998,Emerson Hancock,0.28024953688569243,0.03934958168367777,0.22240547381743392
2026-05-10,CHW,SEA,3.0,2.0,1.0,5.0,5.0,5.3,4.0,5.65,4.65,4.6,4.4,4.6,4.8,4.4,4.55,2026-05-10,Davis Martin,0.2556475098400564,0.049379450776966274,0.2242676976250893,Logan Gilbert,0.23088603425559945,0.052613636363636335,0.2615878745311885
2026-05-13,CHW,KCR,11.0,6.0,5.0,4.8,5.4,4.8,3.7,5.5,4.3,4.4,4.8,4.5,3.9,4.75,5.05,2026-05-13,Noah Schultz,0.21741991341991343,0.14847907647907643,0.25002347327262436,Seth Lugo,0.221245692713084,0.08970196470196468,0.17236974318033482
2026-05-14,CHW,KCR,8.0,6.0,2.0,5.6,4.8,4.6,4.0,5.65,4.15,4.4,4.4,4.3,3.9,4.55,4.85,2026-05-14,Anthony Kay,0.14650974025974023,0.10257889040783774,0.18333012322076533,Kris Bubic,0.24990114052614049,0.12406343656343652,0.23936993128427572
2026-05-15,CHW,CHC,15.0,5.0,10.0,5.2,2.8,4.8,4.2,5.8,4.0,1.0,3.6,3.5,3.0,4.5,4.0,2026-05-15,Bryan Hudson,0.2400793650793651,0.07261904761904761,0.21077824292110006,Edward Cabrera,0.2206947608921293,0.08019967848915215,0.25083954891486004
2026-05-16,CHW,CHC,11.0,8.0,3.0,5.0,4.6,5.0,4.8,5.6,4.4,3.0,3.4,4.3,3.5,4.75,4.2,2026-05-16,Davis Martin,0.2726046145883102,0.05407658464723679,0.23107030099572365,Jameson Taillon,0.2102887149082801,0.08283425813317116,0.24037964411319673
2026-05-25,CHW,MIN,4.0,3.0,1.0,4.6,5.6,4.9,5.4,4.85,4.55,4.6,3.2,4.6,2.9,4.6,4.7,2026-05-25,Anthony Kay,0.1547498797498797,0.10310688337004122,0.1866640985766123,Simeon Woods Richardson,0.10878865578865578,0.11118725718725717,0.17328382423372757
2026-05-27,CHW,MIN,17.0,15.0,2.0,4.8,5.6,4.6,5.0,4.6,4.5,4.6,3.4,3.8,3.1,4.5,4.5,2026-05-27,Brandon Eisert,0.21785714285714283,0.14880952380952378,0.27153124653124655,Connor Prielipp,0.24504154480598142,0.09469523611400038,0.22003998968008254
2026-05-28,CHW,MIN,8.0,6.0,2.0,7.0,5.0,5.5,5.0,5.15,4.6,4.2,6.2,3.8,4.3,4.4,4.7,2026-05-28,Davis Martin,0.27544155120242075,0.05095357541009712,0.2546614356017737,Simeon Woods Richardson,0.11026241435332343,0.11244296107932471,0.16965196142460082
2026-05-30,CHW,DET,8.0,7.0,1.0,6.4,4.6,5.6,4.2,5.3,4.5,3.6,4.6,2.9,4.9,3.1,5.1,2026-05-30,Anthony Kay,0.15962110280292094,0.0975214091242799,0.19097123081432835,Framber Valdez,0.18860505016767792,0.08872535805478422,0.18983028243604877
2026-05-31,CHW,DET,3.0,2.0,1.0,7.2,2.8,5.5,4.0,5.35,4.55,3.2,5.0,2.9,5.2,2.8,5.4,2026-05-31,Bryan Hudson,0.23660714285714285,0.06160714285714285,0.2103667166167166,Keider Montero,0.17490313607960664,0.06941215647097997,0.150031909175689
2026-06-10,CHW,ATL,3.0,2.0,1.0,5.8,5.2,6.5,4.1,5.55,4.55,4.8,3.6,5.5,3.4,4.95,3.8,2026-06-10,Davis Martin,0.2551406866080779,0.060037070417505174,0.2566623074459225,Chris Sale,0.2912293135728786,0.06446513950262074,0.27750950020948567
2026-06-12,CHW,LAD,10.0,8.0,2.0,5.4,4.2,5.2,4.0,5.35,4.5,8.4,6.6,5.9,4.5,6.0,3.55,2026-06-12,Anthony Kay,0.16020553520553518,0.09334062623536303,0.18236990481316984,Roki Sasaki,0.24233528877797647,0.08625867325472067,0.26904405395468484
2026-06-13,CHW,LAD,8.0,1.0,7.0,5.4,4.6,5.4,4.0,5.5,4.1,7.0,7.8,6.0,4.9,5.9,3.95,2026-06-13,Sean Burke,0.23076894120372377,0.07992804297152122,0.19870847413379125,Yoshinobu Yamamoto,0.24902592978679935,0.050773183472458815,0.25460283717791715
2026-06-14,CHW,LAD,10.0,6.0,4.0,4.4,4.4,4.8,4.6,5.15,4.3,7.4,5.4,6.1,4.5,6.2,3.75,2026-06-14,Erick Fedde,0.14326098757976943,0.08978974242132133,0.15735410837448588,Emmet Sheehan,0.25887336965235513,0.07290594872116608,0.283771743816399
2026-06-22,CHW,CLE,11.0,6.0,5.0,3.2,6.2,3.8,5.4,5.05,4.35,4.0,4.6,3.3,3.9,3.4,4.25,2026-06-22,Anthony Kay,0.16640612473945804,0.0871001156088875,0.19545471115554083,Gavin Williams,0.2763560370996653,0.0859486460935736,0.2755457279606552
2026-06-23,CHW,CLE,3.0,2.0,1.0,4.0,4.8,3.9,5.0,5.2,4.55,4.2,4.0,3.6,4.2,3.5,4.45,2026-06-23,Sean Burke,0.23869438773786597,0.0869865882909361,0.2064961108527013,Parker Messick,0.2635705598749077,0.07457974607249968,0.24480206026010456
2026-06-27,CHW,KCR,3.0,2.0,1.0,6.8,3.0,5.3,4.9,5.35,4.45,4.0,9.2,6.0,7.7,5.45,6.35,2026-06-27,Davis Martin,0.24392207309598612,0.065886799191147,0.2530422642573916,Michael Wacha,0.1917131845402085,0.06884704988012705,0.19161334045340753
2026-06-28,CHW,KCR,9.0,4.0,5.0,6.6,2.4,5.4,4.3,5.1,4.45,3.8,9.4,5.7,7.3,5.1,6.15,2026-06-28,Anthony Kay,0.17683907527657522,0.08686469171666536,0.202371444769544,Luinder Avila,0.2228580512481441,0.13578167045659303,0.2450320385938459
2026-04-24,CIN,DET,17.0,9.0,8.0,5.2,3.6,4.9,3.7,3.75,4.1,5.2,5.6,5.2,4.2,4.5,3.85,2026-04-24,Andrew Abbott,0.12777777777777774,0.0972222222222222,0.19538249050444167,Framber Valdez,0.1640216430246415,0.07123568984738397,0.15870362128012064
2026-04-25,CIN,DET,11.0,9.0,2.0,6.6,5.0,5.1,4.2,4.1,4.5,5.6,7.0,5.2,4.9,4.9,4.25,2026-04-25,Brady Singer,0.15356347791641906,0.05872053872053871,0.17917779494537023,Jack Flaherty,0.21070769809900242,0.18781855825334082,0.2559988398698076
2026-04-26,CIN,DET,11.0,3.0,8.0,7.4,4.6,5.4,3.5,4.4,4.2,4.8,7.2,5.2,5.7,4.8,4.7,2026-04-26,Rhett Lowder,0.15716722408026756,0.07744258639910813,0.18902711681781445,Keider Montero,0.21154188948306593,0.037974280621339424,0.16148989898989896
2026-04-28,CIN,COL,9.0,7.0,2.0,6.8,6.0,5.5,4.2,4.4,4.2,5.2,3.4,4.3,4.6,4.45,4.45,2026-04-28,Chase Burns,0.2775086871768794,0.09804432579032116,0.30011632898611185,Kyle Freeland,0.19209956709956708,0.06078643578643574,0.2512314535630056
2026-04-29,CIN,COL,15.0,2.0,13.0,5.8,5.2,5.4,4.1,4.5,4.15,4.0,4.2,4.4,4.6,4.35,4.75,2026-04-29,Brandon Williamson,0.13384152079804248,0.14571334462638807,0.2156500833688782,Tomoyuki Sugano,0.17606499780412818,0.05700483091787438,0.19991213452507195
2026-04-30,CIN,COL,10.0,6.0,4.0,6.0,6.6,5.6,5.1,4.5,4.8,5.0,2.6,5.3,4.5,4.55,4.5,2026-04-30,Andrew Abbott,0.14156920077972704,0.0985623781676413,0.19853302780132043,Michael Lorenzen,0.12014796797405489,0.037841385667472596,0.1960388128511926
2026-05-09,CIN,HOU,4.0,3.0,1.0,2.8,8.2,3.3,7.7,4.35,5.6,4.6,4.8,4.8,5.1,4.6,5.35,2026-05-09,Chase Burns,0.2893377069578443,0.08147854772568726,0.3097951192362685,Spencer Arrighetti,0.2429939303852347,0.14100024773937814,0.25198882363516506
2026-05-10,CIN,HOU,5.0,5.0,0.0,2.0,5.0,3.3,7.0,4.4,5.6,3.6,4.8,4.2,5.0,4.3,5.2,2026-05-10,Andrew Abbott,0.15201023391812862,0.1047551169590643,0.1858149755293529,Kai-Wei Teng,0.25143685679399963,0.0876984126984127,0.19439370153655866
2026-05-12,CIN,WSN,14.0,4.0,10.0,3.0,4.8,3.1,6.8,4.25,5.45,6.8,4.4,4.7,4.9,4.8,5.2,2026-05-12,Brady Singer,0.14818112106618297,0.054858231437178794,0.19616376452913736,Miles Mikolas,0.1435735017691287,0.0750814075630252,0.17087903105492383
2026-05-14,CIN,WSN,16.0,15.0,1.0,3.0,5.8,3.3,6.5,4.45,5.8,5.8,4.8,5.2,4.9,5.3,5.3,2026-05-14,Chase Burns,0.264040058805505,0.0875980770860633,0.29671175497276053,Foster Griffin,0.21673742923742922,0.07968790468790465,0.20138803061082056
2026-05-23,CIN,STL,9.0,1.0,8.0,4.8,5.4,5.8,4.5,4.55,6.1,2.2,4.2,2.9,3.6,4.0,3.7,2026-05-23,Chris Paddack,0.17181741469557796,0.06655666317910561,0.19358739558192428,Andre Pallante,0.18940091041540313,0.09465950045660186,0.22491948744136117
2026-05-29,CIN,ATL,11.0,3.0,8.0,5.2,4.0,4.8,4.9,4.5,5.55,3.6,4.0,5.2,4.1,4.3,3.3,2026-05-29,Chris Paddack,0.17587473898866188,0.0730503672703161,0.1942999071839327,Grant Holmes,0.21917639017329416,0.11062004610456619,0.2815030348967756
2026-05-30,CIN,ATL,7.0,2.0,5.0,4.0,4.8,4.4,5.1,4.6,5.5,5.2,4.2,5.2,4.3,4.5,3.2,2026-05-30,Brady Singer,0.1596560079640575,0.05444214070529858,0.20515268242562587,Mart\xc3\xadn P\xc3\xa9rez,0.28919285069690726,0.06351037839492174,0.23738591812942716
2026-05-31,CIN,ATL,10.0,6.0,4.0,4.2,4.2,4.2,4.9,4.35,4.9,6.0,4.2,5.7,3.3,4.6,3.2,2026-05-31,Nick Lodolo,0.1905490342990343,0.0980790043290043,0.23928926656287838,Reynaldo L\xc3\xb3pez,0.18706108706108704,0.10973424723424723,0.17652101667756315
2026-06-03,CIN,KCR,7.0,2.0,5.0,3.0,6.0,4.3,4.7,4.55,5.25,3.8,6.2,3.6,5.8,3.25,5.05,2026-06-03,Chase Burns,0.29366406001521456,0.07987729357606616,0.30804144950399903,Stephen Kolek,0.16125823451910404,0.04978260869565214,0.17843835363602803
2026-06-12,CIN,ARI,7.0,2.0,5.0,3.4,6.4,3.2,6.3,4.0,5.6,2.4,5.4,2.5,5.7,3.55,4.3,2026-06-12,Nick Lodolo,0.17002119527981596,0.09504117529979596,0.20468287286528072,Eduardo Rodr\xc3\xadguez,0.17975104497760663,0.0840666710927796,0.16557913636317068
2026-06-13,CIN,ARI,3.0,2.0,1.0,3.2,5.4,3.1,6.0,3.75,5.55,3.2,4.6,2.6,5.8,3.55,4.25,2026-06-13,Rhett Lowder,0.16754045471436774,0.15117245475941127,0.16851796173501596,Michael Soroka,0.23072168262803713,0.055417773110080774,0.186951185580095
2026-06-14,CIN,ARI,8.0,3.0,5.0,2.6,4.4,3.1,5.6,3.65,5.25,2.4,4.8,2.2,5.4,3.3,4.2,2026-06-14,Chris Paddack,0.16409953392001628,0.07216517652695284,0.1846101236161223,Zac Gallen,0.15249363581825165,0.06536728390929107,0.1902897976326344
2026-06-15,CIN,NYM,12.0,12.0,0.0,2.6,4.4,2.8,5.7,3.65,5.0,4.6,4.4,4.4,3.6,3.75,3.65,2026-06-15,Chase Burns,0.299767025141079,0.07720386379513289,0.3087273803495376,David Peterson,0.19795740246459434,0.08455006854320353,0.19872117786984894
2026-06-16,CIN,NYM,8.0,5.0,3.0,4.6,3.2,3.8,4.8,4.05,4.75,4.2,5.0,3.7,4.7,3.65,4.2,2026-06-16,Brady Singer,0.16890788491407685,0.07060817350291032,0.20267207496458303,Huascar Brazob\xc3\xa1n,0.23095238095238096,0.0917989417989418,0.2628828197945845
2026-06-17,CIN,NYM,10.0,1.0,9.0,4.8,2.8,4.1,4.6,4.1,4.85,3.8,5.2,3.5,5.2,3.75,4.35,2026-06-17,Chris Paddack,0.15042457276001492,0.08281807848304011,0.1796426133147788,Nolan McLean,0.2812204064604965,0.10006518838793245,0.22188896480438114
2026-06-23,CIN,MIL,2.0,0.0,2.0,4.0,4.0,4.3,3.6,3.65,4.9,5.0,3.8,4.8,3.3,5.55,3.65,2026-06-23,Nick Lodolo,0.16155435799832352,0.08608857378253927,0.19659274849837727,Brandon Sproat,0.23268035475059584,0.12223545215187522,0.2328002428253504
2026-06-24,CIN,MIL,11.0,5.0,6.0,3.0,3.8,3.9,3.3,3.55,4.8,3.6,3.0,4.7,2.9,5.55,3.6,2026-06-24,Rhett Lowder,0.17707855385720997,0.14186837207588196,0.16990568152571658,Shane Drohan,0.2904325580866838,0.06920905204186936,0.26769286295060285
2026-04-19,CLE,BAL,12.0,8.0,4.0,4.8,3.6,4.8,4.5,3.8,4.0,4.4,4.6,4.6,3.8,4.1,4.1,2026-04-19,Joey Cantillo,0.2837301587301587,0.11309523809523805,0.2696482196482196,Trevor Rogers,0.2027636876006441,0.058323268921094976,0.26214891206687757
2026-04-21,CLE,HOU,13.0,8.0,5.0,4.4,4.6,4.6,5.5,3.95,4.2,4.6,4.4,4.6,5.7,5.65,5.7,2026-04-21,Parker Messick,0.2689102564102564,0.07524928774928773,0.20905554811387825,Kai-Wei Teng,0.2700617283950617,0.10030864197530863,0.20153041403041405
2026-04-27,CLE,TBR,5.0,2.0,3.0,4.2,4.4,4.3,4.5,4.35,4.5,5.6,3.6,4.6,4.1,4.45,4.85,2026-04-27,Parker Messick,0.2551282051282051,0.07019943019943017,0.22578102385695625,Steven Matz,0.24519735166793985,0.10385536032594853,0.22255629860893014
2026-04-28,CLE,TBR,1.0,0.0,1.0,3.0,4.0,4.1,4.6,4.45,4.6,5.0,1.6,4.1,4.0,4.5,4.65,2026-04-28,Tanner Bibee,0.2023148148148148,0.08435185185185183,0.2613910087664064,Nick Martinez,0.1644405594405594,0.06701631701631697,0.16753520704740216
2026-04-29,CLE,TBR,4.0,3.0,1.0,3.0,3.8,3.7,4.1,4.15,4.4,4.0,1.4,3.7,3.7,4.45,4.25,2026-04-29,Gavin Williams,0.31160734059284784,0.13897991434223314,0.2858682595727704,Drew Rasmussen,0.2636842105263158,0.04499999999999998,0.21326211935759054
2026-05-08,CLE,MIN,10.0,6.0,4.0,3.4,4.8,4.4,4.0,4.35,4.25,5.2,7.8,5.1,6.3,4.35,5.55,2026-05-08,Parker Messick,0.2814923172066029,0.06312946312946312,0.2396937383194043,Connor Prielipp,0.2720330237358101,0.08596491228070173,0.22463606654783122
2026-05-12,CLE,LAA,5.0,3.0,2.0,5.6,3.4,5.6,4.6,4.6,4.3,3.4,5.2,2.7,4.9,3.5,4.85,2026-05-12,Slade Cecconi,0.16966557395905218,0.08903410397975613,0.17497384025157922,Walbert Ure\xc3\xb1a,0.20914976836029464,0.1594326725905673,0.22984189723320156
2026-05-13,CLE,LAA,6.0,4.0,2.0,5.6,3.6,5.1,4.3,4.35,4.2,2.2,5.4,2.7,4.7,3.05,4.8,2026-05-13,Parker Messick,0.2827641108891109,0.06044661357161355,0.23814111193856968,Reid Detmers,0.2501168738668738,0.08366217116217115,0.23685261162875426
2026-05-15,CLE,CIN,13.0,6.0,7.0,4.8,3.0,4.1,3.9,4.45,3.85,5.4,4.4,4.2,6.2,5.1,5.8,2026-05-15,Tanner Bibee,0.23402593183294934,0.09318299958650833,0.27774354677560303,Andrew Abbott,0.16157523438225188,0.09840666481017356,0.1922691381399126
2026-05-16,CLE,CIN,11.0,7.0,4.0,4.8,3.6,4.6,3.9,4.35,3.95,6.8,3.6,4.8,5.9,5.2,5.9,2026-05-16,Joey Cantillo,0.2117925284591951,0.10842953342953339,0.267061867061867,Chris Paddack,0.1777292192794183,0.06985357779475423,0.19403185345417198
2026-05-17,CLE,CIN,13.0,10.0,3.0,5.4,3.4,5.1,3.7,4.7,4.05,7.0,4.8,4.5,4.9,5.1,6.2,2026-05-17,Gavin Williams,0.29571892806941946,0.1049989552405011,0.2843857613909544,Brady Singer,0.14406223107117497,0.0549357118947762,0.19945739642733357
2026-05-25,CLE,WSN,12.0,2.0,10.0,2.2,1.6,4.6,2.6,4.85,3.45,4.4,2.6,5.2,4.4,4.95,4.65,2026-05-25,Tanner Bibee,0.21420303513604946,0.08598089576558474,0.26205435489876455,Zack Littell,0.1095613082569604,0.07207056228795357,0.11930953216667499
2026-05-26,CLE,WSN,9.0,3.0,6.0,1.8,3.0,4.4,3.4,4.25,3.65,4.6,1.8,5.2,4.2,5.2,4.55,2026-05-26,Joey Cantillo,0.21352913665166628,0.117101705935698,0.27530202563461986,Cade Cavalli,0.24463908358755332,0.09035866688273103,0.23612114795108938
2026-05-27,CLE,WSN,5.0,3.0,2.0,1.8,4.0,4.1,3.3,4.35,3.6,4.2,1.6,5.7,3.0,5.45,4.4,2026-05-27,Gavin Williams,0.30107642936319506,0.08590823610586452,0.2819455066993267,Miles Mikolas,0.14697502445954458,0.06975617519735165,0.16049499516837173
2026-05-29,CLE,BOS,7.0,4.0,3.0,2.2,4.4,3.7,3.1,4.4,3.4,4.6,5.4,4.4,4.8,3.9,3.75,2026-05-29,Slade Cecconi,0.19287585054383471,0.08066881881111126,0.17185083613316637,Brayan Bello,0.15372699120525207,0.09373813947726987,0.22783057181116467
2026-05-30,CLE,BOS,10.0,1.0,9.0,3.0,4.4,3.1,3.1,4.45,3.3,4.8,5.4,4.6,4.4,3.8,3.75,2026-05-30,Parker Messick,0.2798024702570157,0.07543303497848951,0.24109725246585104,Sonny Gray,0.18562125009493424,0.06269398243082451,0.18847353101739064
2026-05-31,CLE,BOS,13.0,4.0,9.0,2.6,6.0,2.4,3.8,4.35,3.7,5.6,4.4,5.2,4.4,3.75,3.65,2026-05-31,Tanner Bibee,0.21197778220804533,0.07881582111845267,0.25688315865720085,Ranger Suarez,0.21645078459552142,0.08137336201809883,0.19520628529634348
2026-06-09,CLE,NYY,5.0,2.0,3.0,2.8,3.8,3.5,4.6,3.8,3.95,3.8,4.2,6.6,3.8,4.75,3.7,2026-06-09,Slade Cecconi,0.19000040640772903,0.0719212349647132,0.17938660493319206,Gerrit Cole,0.20421607378129114,0.05994729907773383,0.15312802559614258
2026-06-10,CLE,NYY,12.0,4.0,8.0,2.2,3.6,3.4,4.7,3.55,3.9,3.6,2.8,5.4,3.9,4.9,3.45,2026-06-10,Parker Messick,0.26411987677873966,0.07066893777596116,0.24404368929458484,Carlos Rod\xc3\xb3n,0.2623066617951528,0.1549628547071002,0.24384268214055443
2026-06-12,CLE,DET,5.0,3.0,2.0,2.8,4.8,3.4,5.2,3.25,4.15,6.0,3.6,6.3,3.4,4.6,4.3,2026-06-12,Tanner Bibee,0.2045127022100706,0.07582361386872662,0.2444911201188706,Jack Flaherty,0.2590690270283274,0.11241623963918827,0.23954694649650476
2026-06-13,CLE,DET,4.0,3.0,1.0,3.0,4.6,3.6,4.5,3.0,4.15,6.4,3.4,6.4,3.5,4.6,4.05,2026-06-13,Joey Cantillo,0.2068728407548283,0.129904872560152,0.257793926064832,Tarik Skubal,0.2729776021080369,0.036231884057971,0.2719581270500193
2026-06-27,CLE,SEA,7.0,4.0,3.0,3.2,2.8,3.1,3.7,3.35,4.1,2.2,4.0,2.3,3.7,3.1,4.65,2026-06-27,Slade Cecconi,0.18726070570035097,0.0720526041993433,0.17984904989754807,Logan Gilbert,0.27414599919319593,0.05855467197858499,0.2756141523948099
2026-06-28,CLE,SEA,11.0,6.0,5.0,2.4,3.2,3.2,3.9,3.35,3.8,2.2,4.6,2.3,4.0,3.2,4.5,2026-06-28,Gavin Williams,0.28408378478093615,0.08370185571272525,0.27821048359947786,Emerson Hancock,0.23782163425184016,0.05664707640298789,0.2020846412713401
2026-06-29,CLE,TEX,9.0,3.0,6.0,3.4,3.8,3.7,4.2,3.2,3.85,4.6,3.8,4.7,4.7,4.05,4.9,2026-06-29,Parker Messick,0.2702455480308741,0.07223332675778325,0.24811895277044377,Chris Paddack,0.14695061777037816,0.0804960400572192,0.17078672990843102
2026-06-30,CLE,TEX,6.0,2.0,4.0,3.0,3.8,3.6,3.9,3.1,3.95,5.4,3.6,5.0,4.1,4.2,4.95,2026-06-30,Tanner Bibee,0.2115645731977001,0.07529757251119477,0.238641293604229,Jacob deGrom,0.2931127005040048,0.05205831608005519,0.32605690811326155
2026-07-01,CLE,TEX,13.0,9.0,4.0,3.2,4.2,3.4,4.1,3.15,4.05,5.0,3.0,4.5,3.6,4.4,4.75,2026-07-01,Joey Cantillo,0.2269485019101387,0.114963676562142,0.27716574515355,MacKenzie Gore,0.2573615236320216,0.10772363350895016,0.2328303930278514
2026-04-22,COL,SDP,11.0,8.0,3.0,3.4,5.8,3.4,5.7,4.15,4.9,2.4,2.4,4.4,2.8,4.3,3.15,2026-04-22,Tomoyuki Sugano,0.17660298638559502,0.06038647342995168,0.2118466898954704,Walker Buehler,0.24840225563909774,0.09238721804511274,0.27463475762577166
2026-05-01,COL,ATL,14.0,6.0,8.0,5.0,3.2,4.8,4.5,4.5,4.75,4.4,3.0,5.4,4.0,6.05,3.75,2026-05-01,Jose Quintana,0.11270467836257307,0.14318713450292395,0.20460678895214,Grant Holmes,0.1860723555769995,0.10305509763714094,0.2914365923674434
2026-05-03,COL,ATL,17.0,6.0,11.0,5.2,6.4,5.2,4.9,4.3,5.3,5.6,3.4,5.8,4.1,6.15,3.9,2026-05-03,Kyle Freeland,0.19407467532467532,0.0580898268398268,0.2259235901722542,Reynaldo L\xc3\xb3pez,0.2216089466089466,0.1086219336219336,0.18277635132473838
2026-05-04,COL,NYM,6.0,2.0,4.0,6.0,7.2,5.0,5.7,4.35,5.4,4.6,4.6,4.0,4.3,2.95,5.05,2026-05-04,Tomoyuki Sugano,0.16187234665495528,0.07023129849216804,0.1897415935857081,Huascar Brazob\xc3\xa1n,0.22687074829931972,0.057823129251700675,0.304703548085901
2026-05-06,COL,NYM,15.0,5.0,10.0,3.8,7.6,4.4,5.1,4.35,5.25,3.8,5.0,4.1,4.3,3.1,4.8,2026-05-06,Michael Lorenzen,0.13230338502077627,0.049415560285125476,0.20462219653891117,Sean Manaea,0.250438420982428,0.10641168748201034,0.23152056277056277
2026-05-07,COL,NYM,8.0,6.0,2.0,4.0,8.4,4.5,5.8,4.3,5.4,5.4,3.2,4.1,4.0,3.6,4.85,2026-05-07,Jose Quintana,0.11625069921179758,0.11454970760233915,0.21151151811823374,Huascar Brazob\xc3\xa1n,0.21174603174603174,0.053968253968253964,0.30105664488017425
2026-05-15,COL,ARI,10.0,1.0,9.0,3.2,5.8,3.6,6.5,4.35,5.3,3.4,3.0,3.2,3.0,4.15,5.45,2026-05-15,Kyle Freeland,0.20363525363525362,0.059559884559884535,0.22499642245599902,Merrill Kelly,0.15928205128205125,0.12879487179487176,0.2912519768738171
2026-05-16,COL,ARI,6.0,4.0,2.0,2.8,5.8,3.6,6.5,4.4,5.7,4.8,3.0,4.1,2.9,4.4,5.0,2026-05-16,Tomoyuki Sugano,0.13901789635485284,0.07085529205094421,0.1723554562730249,Eduardo Rodr\xc3\xadguez,0.1680284191031035,0.1111916738591002,0.15406275353529758
2026-05-17,COL,ARI,14.0,6.0,8.0,3.6,5.0,3.4,5.6,4.2,5.65,4.2,3.6,3.9,2.5,4.25,4.65,2026-05-17,Michael Lorenzen,0.13734453951845252,0.060594719290371434,0.19745125863168916,Michael Soroka,0.24816156066156064,0.06543849668849665,0.2060820911334807
2026-05-18,COL,TEX,13.0,7.0,6.0,4.6,6.0,3.8,6.0,4.1,5.55,4.4,3.0,3.4,3.2,3.15,3.4,2026-05-18,Jose Quintana,0.11106082069468794,0.11736462368041313,0.21326452974831822,MacKenzie Gore,0.26805507886070545,0.11251079790721732,0.21618803850545992
2026-05-20,COL,TEX,9.0,4.0,5.0,3.6,7.0,3.4,6.4,4.1,6.15,5.0,2.6,4.7,2.3,3.7,3.5,2026-05-20,Kyle Freeland,0.19402502259645113,0.07702535559678414,0.20584108937786927,Jack Leiter,0.261532979267533,0.1010709640953729,0.27148568685344504
2026-05-29,COL,SFG,14.0,8.0,6.0,3.0,7.6,3.0,6.3,3.4,6.15,5.4,4.8,4.9,5.7,4.4,5.5,2026-05-29,Michael Lorenzen,0.14784053506879588,0.06358320624624968,0.19374094784963994,Logan Webb,0.20300013683634371,0.07083426311874584,0.18758303179590965
2026-05-30,COL,SFG,11.0,8.0,3.0,3.8,7.8,3.1,6.3,3.55,5.95,4.6,5.8,4.5,6.4,4.45,5.4,2026-05-30,Ryan Feltner,0.22756916996047427,0.09303908651734735,0.22311881885052615,Adrian Houser,0.1297558994103616,0.08033952029833033,0.16177686218221018
2026-06-07,COL,MIL,16.0,4.0,12.0,5.6,9.4,5.4,8.0,4.25,6.9,8.0,3.8,5.7,3.0,5.05,3.05,2026-06-07,Kyle Freeland,0.18646686646686644,0.06658008658008656,0.2073151522710092,Shane Drohan,0.3118847279741242,0.07113433092535258,0.27262777459468635
2026-06-09,COL,CHC,10.0,7.0,3.0,5.2,8.0,5.5,8.7,4.4,7.05,3.6,6.4,4.2,5.8,3.5,5.45,2026-06-09,Tomoyuki Sugano,0.13634167764602542,0.06931208217440099,0.15522126562367572,Colin Rea,0.1920351437241069,0.07709693687954557,0.19899157042203008
2026-06-10,COL,CHC,5.0,3.0,2.0,4.8,7.0,5.6,7.5,4.55,7.1,3.0,7.6,4.4,6.3,3.6,5.6,2026-06-10,Michael Lorenzen,0.15089073280067064,0.06892990549822844,0.1942519563943821,Shota Imanaga,0.2453612962757479,0.06109993802477517,0.2706360822639892
2026-06-11,COL,CHC,12.0,3.0,9.0,3.8,7.0,5.8,7.3,4.4,6.8,3.2,7.2,4.5,5.4,3.6,5.75,2026-06-11,Ryan Feltner,0.20280914737436473,0.07944350335654682,0.20781065057467796,Edward Cabrera,0.20871102227561555,0.0885901967959384,0.246657955679468
2026-06-19,COL,PIT,7.0,4.0,3.0,8.6,6.2,6.4,6.3,5.9,7.15,5.0,5.2,4.8,6.5,5.45,6.45,2026-06-19,Kyle Freeland,0.17531049197715862,0.05927128427128425,0.19940041379021248,Mason Montgomery,0.3005952380952381,0.10982142857142858,0.2683851862423291
2026-06-20,COL,PIT,3.0,2.0,1.0,8.4,5.4,6.4,5.4,5.95,7.05,5.0,5.6,4.9,6.6,5.4,6.15,2026-06-20,Tomoyuki Sugano,0.13209906035992988,0.07139836813749854,0.1662873680608624,Carmen Mlodzinski,0.18443736138099923,0.08239228775207465,0.1881480795987188
2026-06-21,COL,PIT,14.0,6.0,8.0,4.2,3.8,5.9,5.2,5.75,6.35,4.8,5.2,4.7,5.6,5.35,5.9,2026-06-21,Michael Lorenzen,0.16926025244460594,0.06973352377028003,0.19630974755937008,Jared Jones,0.22916666666666663,0.0751488095238095,0.2931589171204805
2026-06-22,COL,BOS,5.0,3.0,2.0,4.6,4.4,6.2,5.8,6.0,6.55,3.0,2.6,4.1,3.6,4.2,3.7,2026-06-22,Ryan Feltner,0.20822353974527885,0.09294881178939148,0.21508890606353542,Jake Bennett,0.15484189723320155,0.04772727272727273,0.21462286500755848
2026-06-24,COL,BOS,14.0,8.0,6.0,3.4,3.8,6.0,5.0,5.45,6.45,3.8,2.2,3.3,3.3,3.95,3.7,2026-06-24,Kyle Freeland,0.18549370857063163,0.0547119547119547,0.19804793440774857,Ranger Suarez,0.236942071812536,0.07897786728000848,0.2219049541121385
2026-06-29,COL,MIA,17.0,7.0,10.0,4.6,4.2,4.6,4.3,5.2,5.7,4.0,1.8,4.7,2.4,4.55,2.85,2026-06-29,Sean Sullivan,0.126207729468599,0.09842995169082124,0.13764367816091952,Sandy Alcantara,0.170457964272006,0.060683474933949294,0.19407430367460135
2026-07-01,COL,MIA,9.0,6.0,3.0,5.6,7.6,4.5,5.7,5.45,6.0,6.8,2.6,5.5,2.7,5.35,3.15,2026-07-01,Kyle Freeland,0.18209637470721213,0.05326701213400719,0.19909922176768144,Max Meyer,0.26332360875839134,0.08896080522678985,0.26762338027271887
2026-04-22,DET,MIL,7.0,5.0,2.0,6.0,6.4,5.0,3.7,4.55,4.35,4.8,2.6,3.6,3.9,5.2,3.85,2026-04-22,Casey Mize,0.27002635046113305,0.07484683794466403,0.26057579318448876,Chad Patrick,0.10917919799498742,0.09053884711779445,0.21961076097105509
2026-04-23,DET,MIL,9.0,5.0,4.0,5.0,5.0,5.3,3.9,4.5,4.0,4.8,3.4,3.6,4.1,4.6,4.0,2026-04-23,Tarik Skubal,0.28216864295125166,0.0507246376811594,0.28613651464814255,Brandon Sproat,0.21299019607843134,0.16008986928104574,0.17874899490753146
2026-05-01,DET,TEX,9.0,4.0,5.0,4.0,4.6,4.8,5.8,4.75,4.3,2.4,2.4,3.0,3.5,3.95,3.65,2026-05-01,Jack Flaherty,0.22320879603488297,0.18032498902064117,0.2402140869882805,MacKenzie Gore,0.32454293575137566,0.11503603813066726,0.24583627873101555
2026-05-02,DET,TEX,6.0,5.0,1.0,4.4,3.8,4.6,5.5,4.65,4.15,2.6,2.6,3.3,3.4,4.05,3.85,2026-05-02,Keider Montero,0.2146880570409982,0.04856124267888972,0.17309435821630942,Kumar Rocker,0.19335817805383018,0.08722153209109729,0.22311401020986957
2026-05-05,DET,BOS,13.0,3.0,10.0,5.0,2.8,4.8,4.4,5.0,4.3,2.4,4.4,4.4,4.0,4.35,4.6,2026-05-05,Framber Valdez,0.19008348651419968,0.08489624104745112,0.19825299713768876,Brayan Bello,0.13369028448738593,0.11644390767579171,0.2503448488892184
2026-05-06,DET,BOS,4.0,0.0,4.0,4.6,4.4,4.3,4.5,4.75,4.7,4.4,4.4,5.2,3.9,4.5,4.7,2026-05-06,Jack Flaherty,0.22139701314268165,0.1771206672808503,0.22970731265662137,Sonny Gray,0.13701298701298698,0.053463203463203435,0.1682373182373182
2026-05-17,DET,TOR,5.0,1.0,4.0,3.2,5.8,3.3,5.3,4.0,4.85,4.8,3.6,4.2,3.8,4.15,3.8,2026-05-17,Jack Flaherty,0.2362188409099164,0.15971819095388884,0.22342314793927695,Kevin Gausman,0.24134381848340658,0.04188405797101448,0.23744238288702496
2026-05-18,DET,CLE,10.0,2.0,8.0,3.2,5.6,2.7,5.6,3.8,4.95,6.0,3.6,5.8,3.5,4.8,3.9,2026-05-18,Framber Valdez,0.19077200466255936,0.07901742269058608,0.19522800285727282,Slade Cecconi,0.19402372006236737,0.08531426526595605,0.1752853888656013
2026-05-19,DET,CLE,7.0,3.0,4.0,2.4,6.6,2.5,5.9,3.65,5.15,7.0,3.6,6.3,3.6,5.05,3.75,2026-05-19,Keider Montero,0.17902269299328122,0.05814797947150886,0.1435891666467984,Parker Messick,0.28245698745698744,0.06706365650810092,0.24218207771445843
2026-05-21,DET,CLE,4.0,1.0,3.0,2.6,5.4,2.5,5.3,3.4,4.9,7.0,3.8,5.9,3.4,5.15,3.7,2026-05-21,Casey Mize,0.2650036652897064,0.073613777526821,0.2637411263596291,Joey Cantillo,0.20879509379509376,0.11576839826839821,0.27206299742885104
2026-05-26,DET,LAA,16.0,6.0,10.0,3.0,4.0,2.7,5.3,3.25,4.65,4.8,4.8,3.1,6.2,2.9,5.55,2026-05-26,Keider Montero,0.1644222879516997,0.07285111402758458,0.14086232802466736,Jack Kochanowicz,0.16229198820503166,0.11186989982642152,0.22205157194100922
2026-05-27,DET,LAA,4.0,4.0,0.0,3.6,5.2,3.1,5.3,3.3,5.05,6.4,5.8,3.9,6.5,3.3,5.6,2026-05-27,Casey Mize,0.2527115404618265,0.06441205533596837,0.26132904112023103,Jos\xc3\xa9 Soriano,0.2752000997503246,0.0989013485265359,0.3008805290637589
2026-06-05,DET,SEA,10.0,7.0,3.0,5.4,4.0,4.5,4.3,3.6,4.9,5.4,2.6,4.9,3.2,4.3,3.3,2026-06-05,Framber Valdez,0.1852336416660504,0.08750441772305838,0.19174158868694544,Bryan Woo,0.24544010413763032,0.04698072417337782,0.20937924592803295
2026-06-06,DET,SEA,4.0,0.0,4.0,6.6,3.2,4.9,4.1,3.9,4.8,5.2,3.8,4.7,3.5,4.4,3.35,2026-06-06,Keider Montero,0.17718466916327877,0.06310196042816361,0.15154415985668696,Bryce Miller,0.2658961128310973,0.027863777089783274,0.2398567275747508
2026-06-09,DET,MIN,14.0,10.0,4.0,5.4,2.6,4.4,3.8,3.75,4.55,3.6,5.6,5.0,6.3,4.45,5.5,2026-06-09,Troy Melton,0.11483057172712342,0.08034781310643375,0.15114111656664844,Taj Bradley,0.2782534822434609,0.10248827872082032,0.25560934211235725
2026-06-11,DET,MIN,11.0,11.0,0.0,5.2,4.2,5.3,4.1,4.1,4.5,4.4,5.2,4.6,6.1,4.4,5.85,2026-06-11,Keider Montero,0.16620715885421766,0.061631342513695425,0.14423462880479992,Zebby Matthews,0.21862509149465667,0.0638114478114478,0.2082134020097965
2026-06-19,DET,CHW,7.0,4.0,3.0,3.2,3.4,4.6,3.5,4.75,3.8,3.8,6.8,4.6,5.7,5.25,4.85,2026-06-19,Tarik Skubal,0.2626649256540561,0.03765527950310558,0.2675686243266616,Erick Fedde,0.15500608187352216,0.08887069488573243,0.1609954815858321
2026-06-22,DET,NYY,8.0,5.0,3.0,4.2,3.0,4.9,3.1,4.65,3.45,3.8,4.8,5.5,4.2,5.45,4.05,2026-06-22,Framber Valdez,0.18395034474844565,0.08926864909573552,0.18534981372926984,Gerrit Cole,0.21279879540749103,0.07240730284208542,0.1414054137234932
2026-06-23,DET,NYY,7.0,3.0,4.0,3.4,3.0,4.4,3.0,4.7,3.6,2.4,4.8,5.0,4.3,5.25,4.3,2026-06-23,Casey Mize,0.2593120895123183,0.0634344061735366,0.2729925468254987,Carlos Rod\xc3\xb3n,0.27281644673679745,0.13432411699857805,0.2435010754785473
2026-06-24,DET,NYY,6.0,2.0,4.0,3.6,3.0,4.3,2.8,4.8,3.45,3.0,4.4,4.9,3.8,5.05,4.35,2026-06-24,Tarik Skubal,0.2676679681027507,0.03774486383182033,0.2667276660681437,Ryan Weathers,0.26924598418268875,0.06935359836550214,0.24590243118457014
2026-06-25,DET,HOU,3.0,1.0,2.0,3.6,3.0,3.4,3.2,4.85,3.3,3.4,3.4,3.6,4.1,4.6,4.75,2026-06-25,Troy Melton,0.15585486477540447,0.07429564438559938,0.19258943184475097,Tatsuya Imai,0.23028530648095863,0.16721296819122902,0.28387271767134464
2026-06-26,DET,HOU,8.0,8.0,0.0,3.0,2.8,3.3,3.1,4.85,3.3,2.0,3.0,3.0,3.5,4.25,4.7,2026-06-26,Keider Montero,0.17053186464951167,0.05208285178873411,0.14458024962769087,Spencer Arrighetti,0.22788971685996853,0.1078733095590456,0.2381507045466115
2026-06-27,DET,HOU,14.0,6.0,8.0,3.8,2.6,4.0,2.8,4.75,2.85,1.8,3.0,3.0,3.9,4.25,5.0,2026-06-27,Framber Valdez,0.19328678153500115,0.08889769186058538,0.18975382246421374,Kai-Wei Teng,0.244375085827655,0.09778966970666575,0.229944362491012
2026-04-25,HOU,NYY,11.0,3.0,8.0,5.0,5.8,4.3,5.4,4.8,5.85,6.2,1.4,5.8,3.5,5.55,4.05,2026-04-25,Kai-Wei Teng,0.26805555555555555,0.10277777777777777,0.1980440392940393,Ryan Weathers,0.3149036927984296,0.07850570482149426,0.2587981962810964
2026-05-04,HOU,LAD,11.0,3.0,8.0,4.8,5.2,4.5,5.8,4.55,5.75,2.2,3.2,4.1,3.0,4.3,3.05,2026-05-04,Kai-Wei Teng,0.24880013149243915,0.09444444444444446,0.1853086016547555,Yoshinobu Yamamoto,0.21554834054834052,0.06015512265512262,0.26125917119316583
2026-05-05,HOU,LAD,3.0,2.0,1.0,4.8,5.8,4.3,5.8,4.4,5.7,3.6,3.4,4.6,3.3,4.6,2.95,2026-05-05,Peter Lambert,0.2638888888888889,0.11111111111111106,0.27724867724867713,Shohei Ohtani,0.2872859025032938,0.07482433025911284,0.2854932420559485
2026-05-11,HOU,SEA,4.0,1.0,3.0,3.0,4.2,3.9,5.0,4.15,5.4,3.8,4.0,4.3,3.9,4.35,4.4,2026-05-11,Peter Lambert,0.23495370370370366,0.12037037037037032,0.2449735449735449,George Kirby,0.19255371065715893,0.0609303914476328,0.18665873210165634
2026-05-12,HOU,SEA,12.0,2.0,10.0,2.8,4.6,3.7,4.3,4.1,5.4,4.0,3.6,3.9,3.9,4.5,4.2,2026-05-12,Tatsuya Imai,0.21010101010101004,0.32481962481962473,0.2673076923076923,Bryan Woo,0.2051784368388566,0.04325600062106806,0.19939073525714068
2026-05-15,HOU,TEX,2.0,2.0,0.0,1.4,5.8,3.0,5.3,3.9,5.5,4.4,2.0,3.6,4.1,3.25,3.95,2026-05-15,Spencer Arrighetti,0.23439514430818775,0.13680019819150252,0.23880036123371343,Jack Leiter,0.26644682389819685,0.09981594571840563,0.2840799342954915
2026-05-16,HOU,TEX,5.0,4.0,1.0,1.6,5.2,2.6,5.0,3.55,5.4,3.2,2.4,3.5,3.6,3.05,3.65,2026-05-16,Kai-Wei Teng,0.2391188441188441,0.08629629629629629,0.19169053169053166,Jacob deGrom,0.3184976577367881,0.0408977455716586,0.3155034400972374
2026-05-17,HOU,TEX,8.0,0.0,8.0,2.4,4.4,2.7,4.3,3.5,5.05,2.8,3.2,3.2,3.3,2.8,3.8,2026-05-17,Peter Lambert,0.2324074074074074,0.10370370370370366,0.24303765950824768,Nathan Eovaldi,0.234945215814781,0.05034280936454848,0.2816854449937818
2026-05-30,HOU,MIL,11.0,9.0,2.0,6.6,3.8,4.6,3.2,3.55,4.1,3.4,3.6,4.5,2.9,4.25,2.7,2026-05-30,Peter Lambert,0.23148148148148145,0.10978835978835974,0.23766759228944095,Brandon Sproat,0.24372351114358787,0.1443387427434742,0.23211781894708722
2026-05-31,HOU,MIL,2.0,0.0,2.0,6.8,3.2,5.2,2.8,3.9,3.6,3.2,3.2,4.3,3.3,4.25,3.0,2026-05-31,Tatsuya Imai,0.19182299182299178,0.2195526695526695,0.2621912444280865,Jacob Misiorowski,0.4061981540637667,0.07907781063907543,0.3598784030282132
2026-06-02,HOU,PIT,16.0,6.0,10.0,5.0,3.6,5.0,2.9,3.4,3.7,6.2,6.8,5.3,4.8,4.95,4.25,2026-06-02,Mike Burrows,0.2054915006173587,0.07859779723624115,0.22525675404701875,Bubba Chandler,0.21813201707106425,0.15204946655175486,0.2087740613446041
2026-06-03,HOU,PIT,20.0,11.0,9.0,4.8,3.6,5.5,3.5,3.65,4.05,7.4,6.0,6.1,4.8,5.25,4.45,2026-06-03,Spencer Arrighetti,0.21312337421033067,0.13119255543168584,0.22341571982985764,Mason Montgomery,0.31231884057971016,0.08876811594202898,0.29581191755104796
2026-06-04,HOU,PIT,6.0,1.0,5.0,6.2,4.8,6.2,4.2,4.2,4.25,8.8,6.8,6.8,5.4,5.6,4.75,2026-06-04,Kai-Wei Teng,0.2504922546589213,0.10005210838544171,0.21600673706616857,Carmen Mlodzinski,0.19041285090796214,0.08376962588529051,0.1796771346319071
2026-06-05,HOU,ATH,6.0,5.0,1.0,5.4,5.6,6.0,4.7,4.2,4.35,4.8,6.6,3.3,5.9,3.8,5.35,2026-06-05,Peter Lambert,0.2195917508417508,0.11311026936026931,0.2262518261800901,Jack Perkins,0.25153212800271624,0.061631016042780755,0.2581314659055507
2026-06-17,HOU,DET,6.0,4.0,2.0,5.0,6.0,4.5,5.3,5.35,4.75,5.0,2.6,5.1,3.4,4.8,3.85,2026-06-17,Peter Lambert,0.2173400673400673,0.10715488215488211,0.2139316935022116,Casey Mize,0.27225152802956004,0.0651916682351465,0.2793010280043079
2026-06-19,HOU,CLE,12.0,9.0,3.0,3.8,4.8,4.8,5.0,5.4,4.85,3.0,3.2,2.9,4.0,3.2,4.5,2026-06-19,Mike Burrows,0.19315174682206387,0.0874880128467902,0.22306280282658222,Tanner Bibee,0.2122118553960659,0.07610203961081151,0.24745097137020514
2026-06-20,HOU,CLE,9.0,1.0,8.0,4.0,4.0,5.2,5.2,5.45,4.75,3.0,4.6,3.0,4.6,3.2,4.9,2026-06-20,Spencer Arrighetti,0.2183039335442081,0.11767997406441338,0.23319322979364274,Joey Cantillo,0.20577973073625247,0.12124454772280856,0.25502207874159094
2026-06-21,HOU,CLE,3.0,2.0,1.0,4.2,4.8,4.0,5.8,5.05,5.15,4.0,4.6,3.2,4.7,3.5,4.45,2026-06-21,Kai-Wei Teng,0.24773042117762614,0.10037592727033719,0.2311538342979433,Slade Cecconi,0.19707808608037436,0.07418944447929951,0.1846317793501774
2026-06-29,HOU,MIN,9.0,4.0,5.0,3.0,4.0,3.5,3.6,4.35,4.8,3.0,5.6,6.1,5.2,5.35,5.6,2026-06-29,Peter Lambert,0.22021696432928314,0.10016530034645972,0.21103994401537576,Zebby Matthews,0.19639342943690768,0.0539618252118252,0.20307985667755965
2026-06-30,HOU,MIN,10.0,6.0,4.0,3.4,4.2,3.5,3.9,4.0,4.6,3.8,6.0,5.4,5.4,5.35,5.65,2026-06-30,Mike Burrows,0.19356134989787732,0.0795282017171319,0.21601328580659276,Joe Ryan,0.2959848963348761,0.0757293236718462,0.24845396642813805
2026-07-01,HOU,MIN,11.0,3.0,8.0,4.0,4.8,3.7,4.1,4.25,4.55,4.0,4.8,4.9,5.7,5.45,5.8,2026-07-01,Tatsuya Imai,0.2526403219090966,0.156340793593758,0.2877103757486532,Taj Bradley,0.2606494403870189,0.10039693311239113,0.2363577947790683
2026-04-21,KCR,BAL,11.0,6.0,5.0,3.2,7.2,2.6,4.6,3.45,4.55,3.4,4.8,4.6,4.4,4.2,4.45,2026-04-21,Kris Bubic,0.28666125541125537,0.1143127705627705,0.2762774806892454,Shane Baz,0.1953113553113553,0.07884615384615382,0.20624098124098117
2026-04-22,KCR,BAL,14.0,6.0,8.0,4.2,7.8,3.2,4.9,3.55,4.75,3.8,5.2,4.6,4.7,4.4,4.55,2026-04-22,Michael Wacha,0.24134615384615382,0.08152472527472525,0.24360117613033835,Chris Bassitt,0.07653679653679653,0.1306926406926407,0.18568251443383996
2026-04-24,KCR,LAA,9.0,6.0,3.0,3.6,7.4,3.6,5.7,3.7,5.1,2.6,3.6,5.3,3.9,4.6,4.2,2026-04-24,Noah Cameron,0.1921525032938076,0.06738306982872197,0.22768429487179487,Yusei Kikuchi,0.24276775855723218,0.10014722119985271,0.23830453696838316
2026-04-25,KCR,LAA,13.0,12.0,1.0,4.4,7.2,4.0,6.0,3.35,4.8,3.0,4.0,4.6,3.4,4.65,4.15,2026-04-25,Cole Ragans,0.2613333333333333,0.18971428571428567,0.21420642300264645,Walbert Ure\xc3\xb1a,0.22474747474747472,0.1414141414141414,0.24886128364389234
2026-05-04,KCR,CLE,8.0,6.0,2.0,5.6,3.8,5.0,5.5,3.75,4.65,5.2,4.0,4.1,4.0,4.5,4.45,2026-05-04,Michael Wacha,0.22756410256410256,0.09434981684981684,0.22864010032620843,Tanner Bibee,0.21237373737373735,0.09178210678210676,0.2605942865838301
2026-05-06,KCR,CLE,4.0,1.0,3.0,5.0,3.6,5.7,4.0,4.15,4.3,5.6,5.8,3.8,4.3,4.4,4.35,2026-05-06,Cole Ragans,0.30467908902691504,0.15414374445430343,0.2387423312322445,Joey Cantillo,0.24135229849515563,0.11202844774273342,0.2703493846350989
2026-05-07,KCR,CLE,13.0,5.0,8.0,4.6,3.0,5.2,3.8,4.2,4.35,4.6,5.0,3.8,3.9,4.1,4.25,2026-05-07,Seth Lugo,0.2203846877759921,0.07654250511393366,0.18305670997613177,Slade Cecconi,0.17526997272338884,0.08311972131847907,0.18898109215565098
2026-05-08,KCR,DET,7.0,4.0,3.0,4.2,3.4,5.1,3.8,4.35,4.75,3.8,4.2,4.1,4.0,4.65,4.85,2026-05-08,Kris Bubic,0.25583939869654154,0.11797726083440364,0.24917539185101895,Keider Montero,0.19172722702134462,0.05328821505292092,0.16457050176562368
2026-05-18,KCR,BOS,4.0,1.0,3.0,3.2,4.4,3.4,4.3,4.55,4.15,1.8,3.2,3.0,3.1,3.7,3.55,2026-05-18,Seth Lugo,0.21444061574496354,0.0886239686239686,0.1649134559263795,Sonny Gray,0.15500927643784784,0.059616573902288174,0.1727205334348191
2026-05-19,KCR,BOS,8.0,1.0,7.0,2.4,3.8,3.4,4.3,4.3,4.05,2.2,3.0,2.3,2.9,3.75,3.4,2026-05-19,Luinder Avila,0.2585578529657477,0.11656223893065996,0.279181488801054,Ranger Suarez,0.2308266386391386,0.0669798604173604,0.20305040981191874
2026-05-20,KCR,BOS,7.0,3.0,4.0,1.6,4.0,3.0,4.2,4.05,4.0,3.0,3.0,2.6,3.0,3.95,2.95,2026-05-20,Michael Wacha,0.21337586192658653,0.0802347527226754,0.19045172026000287,Connelly Early,0.2247473816123701,0.09428022397129944,0.1959259868339251
2026-05-22,KCR,SEA,2.0,0.0,2.0,1.8,3.6,2.9,4.3,3.9,4.05,3.8,4.4,4.1,3.2,4.35,4.0,2026-05-22,Noah Cameron,0.1927492445155488,0.07509365131647738,0.21445185749328188,Logan Gilbert,0.25059576697562963,0.04949831649831647,0.26472484507949623
2026-05-23,KCR,SEA,5.0,5.0,0.0,1.4,3.2,2.4,4.4,3.3,4.1,3.4,3.0,4.2,3.0,4.25,3.45,2026-05-23,Stephen Kolek,0.17407773386034253,0.05736714975845406,0.16045281161560224,George Kirby,0.2094777511344228,0.06577329866535261,0.19716503599579047
2026-05-24,KCR,SEA,14.0,8.0,6.0,2.0,3.2,2.6,3.8,3.45,3.85,2.8,2.4,3.9,3.4,3.9,3.65,2026-05-24,Seth Lugo,0.2129965541704672,0.08776157176157175,0.1650887770004082,Bryan Woo,0.2380063858347216,0.05202904292109687,0.21022826810161366
2026-05-25,KCR,NYY,7.0,3.0,4.0,3.4,3.8,2.9,3.8,3.7,3.85,2.0,2.4,3.1,3.5,4.6,3.5,2026-05-25,Michael Wacha,0.22403827573392787,0.08021127745040786,0.1997084350264554,Will Warren,0.27997913057463464,0.06031512459362772,0.23704677839364044
2026-05-26,KCR,NYY,16.0,1.0,15.0,3.8,3.2,2.7,3.6,3.5,3.75,1.8,2.2,2.9,3.6,4.45,3.55,2026-05-26,Luinder Avila,0.26316253596955347,0.11472199016058664,0.2693253445427358,Cam Schlittler,0.3052835196441334,0.04789907355124745,0.2713078238870649
2026-06-09,KCR,TEX,8.0,5.0,3.0,5.0,4.0,4.4,5.1,3.5,4.8,4.6,3.4,4.8,3.3,4.95,4.0,2026-06-09,Stephen Kolek,0.182000909718301,0.05339026915113868,0.17715391258286886,Nathan Eovaldi,0.23223747163438604,0.05415127952061095,0.28994219351475464
2026-06-11,KCR,TEX,6.0,2.0,4.0,5.0,4.2,4.9,4.7,3.65,4.75,3.8,3.6,5.0,3.3,4.7,4.25,2026-06-11,Michael Wacha,0.20752889498708896,0.07627472799713599,0.19675139314987036,Kumar Rocker,0.18590501286153457,0.0968130842587364,0.2060244935488921
2026-06-12,KCR,HOU,18.0,8.0,10.0,3.8,3.8,5.0,4.2,3.65,4.95,4.0,4.6,5.1,4.7,4.6,4.3,2026-06-12,Luinder Avila,0.23600402149163757,0.12560731895097219,0.2370884165406757,Tatsuya Imai,0.21270782357738877,0.19115906738189342,0.2715075637558475
2026-06-13,KCR,HOU,15.0,7.0,8.0,4.8,4.8,5.2,4.5,4.0,5.3,5.8,5.2,5.6,5.4,5.1,4.3,2026-06-13,Noah Cameron,0.22981701940035268,0.06147547768924578,0.21743513830421798,Mike Burrows,0.19198393247504314,0.08780760357859457,0.22483686458247315
2026-06-14,KCR,HOU,4.0,4.0,0.0,5.6,6.0,5.6,4.7,4.3,5.35,6.4,6.4,5.5,5.9,5.35,4.35,2026-06-14,Stephen Kolek,0.17463432013121452,0.05197426796805676,0.1843137432528486,Spencer Arrighetti,0.213211249975552,0.12560181762470088,0.23098063787939
2026-06-18,KCR,STL,20.0,14.0,6.0,4.8,4.6,4.8,4.7,4.35,5.5,4.0,3.8,5.3,3.8,4.6,3.9,2026-06-18,Noah Cameron,0.21598494098494095,0.05674659479007303,0.21536137308667738,Matthew Liberatore,0.20868834400135475,0.08647573667841725,0.20954093993470344
2026-06-19,KCR,STL,11.0,6.0,5.0,6.2,4.2,5.9,5.1,4.9,5.6,3.4,5.4,5.4,4.9,4.9,4.3,2026-06-19,Seth Lugo,0.2005364442320964,0.07671910100481527,0.17117583146985374,Michael McGreevy,0.16785292347404143,0.06162090497494222,0.17353516607308653
2026-06-21,KCR,STL,22.0,10.0,12.0,6.6,5.2,5.9,5.1,5.15,5.1,3.6,5.6,5.2,5.5,5.1,4.5,2026-06-21,Stephen Kolek,0.1720357993455819,0.05028517677974196,0.18877452534624256,Dustin May,0.22472150220924328,0.06309346042428747,0.20447375142559313
2026-06-30,KCR,TBR,14.0,4.0,10.0,2.4,9.2,5.6,7.5,5.2,6.1,6.6,1.8,5.1,3.2,4.2,3.5,2026-06-30,Noah Cameron,0.214347442680776,0.05905692536127316,0.21575703547116715,Griffin Jax,0.24260317074488197,0.10751633986928105,0.30476445281879927
2026-07-01,KCR,TBR,4.0,0.0,4.0,2.6,10.2,4.6,7.9,5.25,6.5,7.6,2.0,5.6,3.4,4.65,3.5,2026-07-01,Seth Lugo,0.18328188870308434,0.08048972062559016,0.16319425657652606,Shane McClanahan,0.23611493211573972,0.09205780720627939,0.2470210500858476
2026-05-01,LAA,NYM,7.0,3.0,4.0,4.0,6.8,3.4,4.9,4.9,5.1,3.0,5.0,3.6,4.8,2.85,5.3,2026-05-01,Walbert Ure\xc3\xb1a,0.20427489177489175,0.16558441558441556,0.22452475061170712,Huascar Brazob\xc3\xa1n,0.21607142857142855,0.06746031746031746,0.2943763616557734
2026-05-03,LAA,NYM,6.0,1.0,5.0,3.2,7.0,2.9,5.3,4.75,5.2,3.6,5.0,3.8,4.7,2.8,5.35,2026-05-03,Jack Kochanowicz,0.16341433660274238,0.12291367784121404,0.21806337150118746,Clay Holmes,0.17933113585287494,0.07798387870851635,0.1993249718813628
2026-05-04,LAA,CHW,6.0,0.0,6.0,2.8,6.8,2.9,5.4,4.7,5.1,5.6,3.0,6.2,4.0,4.75,4.05,2026-05-04,Jos\xc3\xa9 Soriano,0.2927428161900211,0.09064796487156733,0.3018534002229654,Davis Martin,0.2315887614800658,0.05760935923979399,0.20074821133183499
2026-05-06,LAA,CHW,10.0,8.0,2.0,2.0,4.6,3.0,5.6,4.3,5.05,4.8,2.0,5.3,3.5,4.95,3.8,2026-05-06,Walbert Ure\xc3\xb1a,0.2055251765778081,0.1640464798359535,0.21390551477508,Grant Taylor,0.35750915750915746,0.07155067155067153,0.25793339787147834
2026-05-16,LAA,LAD,17.0,2.0,15.0,2.4,4.2,2.5,4.8,2.7,5.1,4.0,3.4,4.0,3.6,4.3,3.45,2026-05-16,Jos\xc3\xa9 Soriano,0.2786633697803113,0.08882814392559517,0.2905823750285448,Justin Wrobleski,0.11777685786958458,0.06669423324885507,0.14489973895137043
2026-05-18,LAA,ATH,3.0,2.0,1.0,1.4,7.6,2.4,6.4,2.7,6.0,4.0,5.0,4.7,3.9,4.65,4.4,2026-05-18,Walbert Ure\xc3\xb1a,0.21101726176914143,0.14459308444270844,0.22825734048560134,J.T. Ginn,0.1851225425138468,0.0853034807382633,0.2282576956193636
2026-05-19,LAA,ATH,20.0,6.0,14.0,1.4,7.2,1.8,6.3,2.7,5.85,3.0,5.0,3.6,4.0,4.3,4.45,2026-05-19,Reid Detmers,0.24899277677055454,0.08325526325526324,0.2282124224578826,Jack Perkins,0.2720779220779221,0.05397727272727273,0.2563428090227626
2026-05-23,LAA,TEX,7.0,5.0,2.0,4.0,9.2,3.2,6.7,2.95,6.4,7.0,4.0,4.9,3.6,4.05,3.8,2026-05-23,Walbert Ure\xc3\xb1a,0.20387087327876796,0.1361343335027545,0.23949790019762845,Nathan Eovaldi,0.2376467761975008,0.052979616554495755,0.28973891406854674
2026-05-24,LAA,TEX,3.0,2.0,1.0,4.6,6.6,3.1,6.8,3.15,5.9,5.8,5.0,5.1,4.0,4.0,4.05,2026-05-24,Reid Detmers,0.2537231287231287,0.08233714433714431,0.23480294491797665,MacKenzie Gore,0.2662495709746349,0.12625971811649558,0.2279025679882473
2026-06-01,LAA,COL,17.0,8.0,9.0,5.6,4.2,6.0,5.0,3.9,5.65,5.8,9.4,4.1,7.0,3.8,6.5,2026-06-01,Jos\xc3\xa9 Soriano,0.2661556469933531,0.10454845837154679,0.2988567970318499,Kyle Freeland,0.19131239131239128,0.07000962000962,0.20434544105762253
2026-06-02,LAA,COL,10.0,2.0,8.0,7.2,5.2,6.2,4.5,4.3,6.0,6.4,8.0,4.9,7.6,4.25,6.6,2026-06-02,Grayson Rodriguez,0.21787802840434414,0.12524644945697574,0.18418329637841832,Tomoyuki Sugano,0.12897352976404355,0.06770804221397105,0.15280336415144788
2026-06-03,LAA,COL,15.0,11.0,4.0,6.2,6.6,5.5,4.7,4.35,5.7,7.8,7.6,5.4,7.6,4.6,6.55,2026-06-03,Walbert Ure\xc3\xb1a,0.20841442437552274,0.1334894066015347,0.2520634364371725,Michael Lorenzen,0.1450151947643586,0.0672391989281621,0.19210039748454827
2026-06-09,LAA,HOU,11.0,10.0,1.0,5.6,5.4,6.4,5.3,5.05,5.9,6.0,4.4,5.4,4.0,4.75,3.85,2026-06-09,Walbert Ure\xc3\xb1a,0.21598281003835398,0.13271764236503156,0.25945160888227803,Kai-Wei Teng,0.23959678130158676,0.09936286698300427,0.2160796090283611
2026-06-12,LAA,TBR,7.0,4.0,3.0,7.2,4.0,6.7,5.3,5.55,5.65,3.6,3.4,4.0,4.4,4.45,4.85,2026-06-12,Sam Aldegheri,0.1818181818181818,0.0817550505050505,0.2776747062461348,Shane McClanahan,0.24087465929672144,0.08584084714485841,0.24681489466763065
2026-06-13,LAA,TBR,8.0,8.0,0.0,5.8,3.8,6.6,4.8,5.65,5.05,3.6,3.4,3.8,4.6,4.3,4.9,2026-06-13,Jos\xc3\xa9 Soriano,0.25056727414245084,0.11490396960947395,0.29773676152206513,Griffin Jax,0.2377802795759452,0.12010663914688682,0.30485570229324277
2026-06-14,LAA,TBR,11.0,3.0,8.0,7.4,3.6,6.0,4.5,6.0,4.55,3.4,4.2,2.9,4.4,3.5,5.0,2026-06-14,Grayson Rodriguez,0.20729824561403504,0.111719298245614,0.18954379425217172,Ian Seymour,0.26042167708834374,0.0788680455347122,0.30071626878644425
2026-06-22,LAA,BAL,7.0,1.0,6.0,4.8,4.0,5.2,3.6,5.8,4.45,5.0,3.0,4.5,4.0,5.2,4.25,2026-06-22,Sam Aldegheri,0.16173008278271434,0.104628680286575,0.2213277295277837,Kyle Bradish,0.24002813797779468,0.11899772781389864,0.24263890645056038
2026-06-23,LAA,BAL,6.0,5.0,1.0,3.6,5.2,4.3,4.1,5.5,4.7,5.2,2.6,4.4,3.6,5.2,4.05,2026-06-23,Ryan Johnson,0.11504761904761904,0.12427705627705628,0.22842026559172987,Shane Baz,0.19839665698286385,0.08611348421693246,0.19912846607207374
2026-06-26,LAA,ATH,12.0,3.0,9.0,4.4,3.8,4.4,3.9,5.5,4.35,3.6,5.4,5.2,7.0,5.0,6.3,2026-06-26,Walbert Ure\xc3\xb1a,0.2191055412206115,0.12392100471538192,0.2532531274758271,J.T. Ginn,0.20752737363990556,0.1052582422787026,0.2525890590998381
2026-06-27,LAA,ATH,7.0,5.0,2.0,5.0,4.6,3.9,4.8,4.95,4.65,5.4,4.6,5.2,5.0,5.05,5.8,2026-06-27,Reid Detmers,0.27309577851697414,0.07482452933539888,0.24366864381073808,Jack Perkins,0.25931025254333523,0.07091131508424742,0.25767273894006615
2026-06-28,LAA,ATH,5.0,4.0,1.0,4.6,5.0,4.1,4.2,5.1,4.5,4.4,3.8,4.3,5.3,5.05,6.0,2026-06-28,Sam Aldegheri,0.15903394850763267,0.09648444704835679,0.21901351175641534,Aaron Civale,0.15863170027049625,0.06280157969121178,0.1814393235993257
2026-04-24,LAD,CHC,10.0,4.0,6.0,4.4,3.6,4.6,2.6,5.75,3.45,7.0,2.6,7.0,4.0,5.6,3.6,2026-04-24,Emmet Sheehan,0.22806938431938428,0.09420093795093792,0.2836500821506941,Jameson Taillon,0.2153205128205128,0.08798076923076922,0.2734831871345029
2026-04-25,LAD,CHC,16.0,12.0,4.0,4.0,3.0,4.6,3.2,5.9,3.55,5.8,2.6,7.6,4.2,5.75,3.5,2026-04-25,Roki Sasaki,0.20081247255160295,0.1399319279754062,0.26311645870469397,Colin Rea,0.2198501498501498,0.04857142857142856,0.2203254110230854
2026-04-26,LAD,CHC,6.0,6.0,0.0,4.0,3.2,5.6,3.5,5.85,3.45,5.8,4.6,7.3,4.8,5.6,4.0,2026-04-26,Justin Wrobleski,0.09908335748092337,0.062324929971988775,0.1257037297677691,Shota Imanaga,0.3081707765918292,0.056017666543982304,0.26922379945635755
2026-04-27,LAD,MIA,9.0,5.0,4.0,5.0,2.6,5.4,3.3,5.65,3.2,4.2,4.4,4.1,4.5,4.25,4.75,2026-04-27,Yoshinobu Yamamoto,0.22532467532467532,0.03885281385281382,0.26486235678315034,Tyler Phillips,0.24340277777777777,0.16360479797979796,0.3336309523809524
2026-04-28,LAD,MIA,3.0,1.0,2.0,6.0,2.8,5.2,3.6,5.5,3.1,4.4,4.4,4.0,4.4,4.35,4.6,2026-04-28,Shohei Ohtani,0.2757740447957839,0.06575263504611327,0.2983559142720633,Tyler Phillips,0.27191358024691353,0.14542648709315376,0.2965608465608466
2026-04-29,LAD,MIA,5.0,2.0,3.0,5.6,3.2,5.0,3.4,4.85,3.1,4.0,4.4,3.9,3.9,4.1,4.2,2026-04-29,Tyler Glasnow,0.31584057971014495,0.058362318840579686,0.27291634884312227,Sandy Alcantara,0.1591087675765095,0.0836324786324786,0.24168911765015647
2026-05-08,LAD,ATL,4.0,3.0,1.0,5.4,2.2,4.3,2.7,4.95,3.1,5.6,3.4,5.3,3.5,5.7,3.6,2026-05-08,Emmet Sheehan,0.2820967612634279,0.06974506974506972,0.31289057242557156,Chris Sale,0.29551370741302085,0.07208802239858136,0.2550511095265948
2026-05-10,LAD,ATL,9.0,2.0,7.0,5.2,3.0,3.7,3.1,4.45,3.35,3.2,3.0,5.0,3.6,5.5,3.45,2026-05-10,Justin Wrobleski,0.10309260869098595,0.0729079780060172,0.12965575604932614,Bryce Elder,0.23439905505122893,0.08382079373927195,0.20901009958379396
2026-05-12,LAD,SFG,8.0,2.0,6.0,4.4,5.2,3.9,4.2,4.25,3.5,4.6,6.6,2.9,5.3,3.35,4.35,2026-05-12,Yoshinobu Yamamoto,0.234445161463795,0.057772713828614417,0.26262690864176114,Adrian Houser,0.10936438750430247,0.0675657743392297,0.17681687382451386
2026-05-13,LAD,SFG,4.0,4.0,0.0,2.4,6.0,3.9,4.1,3.75,3.65,4.8,5.0,3.5,4.8,3.5,4.05,2026-05-13,Shohei Ohtani,0.2906869700347961,0.0623536085492607,0.2948216041523148,Robbie Ray,0.25865203636942763,0.1008724970681492,0.25374850010516486
2026-05-14,LAD,SFG,7.0,5.0,2.0,2.6,5.8,4.1,3.8,3.9,3.5,4.6,4.8,3.3,4.9,3.35,4.25,2026-05-14,Emmet Sheehan,0.29179722394008106,0.06692434549577404,0.3007733728560037,Landen Roupp,0.2951164596273292,0.11145646422820332,0.23620876014549794
2026-05-26,LAD,COL,21.0,15.0,6.0,5.2,2.4,6.2,2.0,5.2,2.95,2.4,4.6,3.3,5.4,3.45,5.95,2026-05-26,Eric Lauer,0.1525717155651366,0.10269960302855037,0.1492215762356427,Kyle Freeland,0.19249916749916748,0.07876082251082249,0.2100022575534617
2026-05-27,LAD,COL,5.0,4.0,1.0,7.4,3.6,7.1,2.6,5.55,3.1,3.4,7.2,3.5,6.7,3.45,6.15,2026-05-27,Shohei Ohtani,0.28279255546131976,0.06953848576417224,0.29040191739995036,Tomoyuki Sugano,0.12687088274044794,0.06947884643536814,0.15808370056659268
2026-05-29,LAD,PHI,6.0,4.0,2.0,8.0,2.8,6.0,2.5,5.7,3.05,2.8,1.2,3.0,2.4,3.7,2.4,2026-05-29,Justin Wrobleski,0.13149026267349453,0.0654060560596508,0.15033101106397936,Zack Wheeler,0.2602814201364926,0.060762594893029674,0.2230531037739275
2026-05-30,LAD,PHI,7.0,3.0,4.0,6.6,2.6,5.4,2.6,5.3,3.05,2.6,2.0,2.6,2.8,3.75,2.6,2026-05-30,Roki Sasaki,0.21285424183974905,0.09098282286688081,0.25183815744788274,Jes\xc3\xbas Luzardo,0.2772380591155294,0.06913655660691231,0.30266960693587747
2026-05-31,LAD,PHI,10.0,9.0,1.0,6.2,3.2,5.7,2.9,5.3,3.2,3.2,2.0,2.5,2.7,3.5,2.7,2026-05-31,Yoshinobu Yamamoto,0.2379919549049984,0.05183691107604148,0.2523592442124981,Andrew Painter,0.18951230348598766,0.07161722488038276,0.19775064738784248
2026-06-05,LAD,LAA,1.0,1.0,0.0,5.0,2.6,5.6,2.9,5.9,2.4,7.4,5.8,6.1,4.9,4.6,5.85,2026-06-05,Roki Sasaki,0.22656881765577414,0.08688454058019272,0.2619484593501533,Reid Detmers,0.28346492610985363,0.07948385216501157,0.2579326226569654
2026-06-06,LAD,LAA,11.0,9.0,2.0,3.4,2.4,5.2,2.6,5.7,2.3,4.6,5.4,5.9,4.9,4.5,5.55,2026-06-06,Yoshinobu Yamamoto,0.2576786366904944,0.05538892742450052,0.2570148973360373,Jack Kochanowicz,0.15711832350419305,0.12239158318868461,0.221920371253523
2026-06-07,LAD,LAA,18.0,5.0,13.0,5.0,2.0,4.6,2.2,5.85,2.4,4.6,6.2,5.1,5.2,4.5,5.85,2026-06-07,Emmet Sheehan,0.2622052921460036,0.05933174203925189,0.28034839585165605,Jos\xc3\xa9 Soriano,0.26414367414771056,0.11804473080450473,0.30696437565624113
2026-06-15,LAD,TBR,7.0,4.0,3.0,5.8,6.0,5.8,5.1,5.85,3.9,4.4,4.6,3.7,3.9,3.7,5.1,2026-06-15,Eric Lauer,0.15476290057629769,0.0833683063348135,0.1450965493555484,Steven Matz,0.16154068698186344,0.10102311631723394,0.17710153898621386
2026-06-16,LAD,TBR,1.0,1.0,0.0,5.0,4.8,6.0,5.1,5.8,4.0,4.2,4.8,3.8,3.6,3.6,5.15,2026-06-16,Justin Wrobleski,0.14908353551443768,0.05699104998124604,0.1646750529573373,Drew Rasmussen,0.2719695191663155,0.0483017465626161,0.21611781221788032
2026-06-17,LAD,TBR,9.0,5.0,4.0,3.6,3.6,6.0,5.1,5.6,3.85,2.8,4.0,3.2,3.7,3.4,5.1,2026-06-17,Shohei Ohtani,0.27941680195469565,0.08033356413215524,0.2876235103684913,Shane McClanahan,0.24798686499184544,0.08290070871979606,0.2512405047768096
2026-06-19,LAD,BAL,11.0,6.0,5.0,4.2,2.8,5.6,5.3,5.1,3.75,2.2,4.6,3.9,4.5,5.05,4.3,2026-06-19,Roki Sasaki,0.23663343500300016,0.08994001570088524,0.26435421257902847,Trey Gibson,0.13101731601731598,0.12836181362497148,0.17560600848526542
2026-06-20,LAD,BAL,5.0,2.0,3.0,4.0,3.6,5.7,4.5,5.2,3.95,2.6,4.0,4.0,4.5,4.75,4.5,2026-06-20,Yoshinobu Yamamoto,0.24981310897698855,0.04686755397457736,0.2515015200323631,Trevor Rogers,0.16411210367732104,0.08033323359410313,0.20900529847504828
2026-06-21,LAD,BAL,13.0,1.0,12.0,3.6,3.0,4.7,4.5,5.1,4.0,2.8,3.4,4.0,4.1,4.85,4.5,2026-06-21,Emmet Sheehan,0.26826406282928017,0.07096080248254158,0.28502007121513756,Brandon Young,0.15941896841418368,0.08978920423896498,0.19983770430502662
2026-05-02,MIA,PHI,4.0,4.0,0.0,3.4,4.0,4.0,3.9,4.15,4.2,4.2,3.6,3.1,4.4,3.35,5.4,2026-05-02,Max Meyer,0.25017253278122836,0.09040717736369908,0.27280364306266247,Andrew Painter,0.20864661654135333,0.054385964912280683,0.18610915913354936
2026-05-03,MIA,PHI,9.0,2.0,7.0,3.6,2.8,3.9,3.6,4.0,4.0,3.6,3.4,3.0,4.5,3.05,5.4,2026-05-03,Tyler Phillips,0.2447222222222222,0.13088383838383838,0.278015873015873,Jes\xc3\xbas Luzardo,0.2841017664568389,0.06334455667788998,0.3193896471386794
2026-05-04,MIA,PHI,1.0,0.0,1.0,3.2,3.2,3.8,3.8,3.7,4.3,4.6,2.6,3.5,4.3,3.4,5.2,2026-05-04,Lake Bachar,0.31248997915664584,0.1227553310886644,0.33704399888610415,Aaron Nola,0.2488801054018445,0.09386034255599472,0.24672172410617013
2026-05-05,MIA,BAL,16.0,7.0,9.0,2.8,3.2,3.4,3.8,3.7,4.25,3.0,10.0,4.4,8.1,4.75,6.4,2026-05-05,Sandy Alcantara,0.1575429648010293,0.08226699226699223,0.23142086095080797,Chris Bassitt,0.11269119769119769,0.1064141414141414,0.19637835457029515
2026-05-06,MIA,BAL,11.0,4.0,7.0,3.6,4.6,3.2,4.3,4.0,4.4,3.8,9.2,4.3,8.5,4.9,6.65,2026-05-06,Eury P\xc3\xa9rez,0.24319384319384318,0.10603312031883459,0.26027332225483374,Brandon Young,0.11185185185185183,0.07703703703703703,0.16495016611295676
2026-05-08,MIA,WSN,5.0,2.0,3.0,3.4,5.4,3.5,4.1,3.8,4.3,5.8,4.8,5.3,4.9,5.1,5.75,2026-05-08,Tyler Phillips,0.24345376845376843,0.11898530762167124,0.2818326118326118,Foster Griffin,0.2000808715094429,0.08578088578088575,0.19312071223247215
2026-05-09,MIA,WSN,15.0,8.0,7.0,3.4,4.6,3.3,3.9,3.65,4.15,6.2,4.4,5.2,4.6,4.85,5.55,2026-05-09,Lake Bachar,0.2955266955266955,0.11047979797979797,0.32333959899749376,Zack Littell,0.11365901179565772,0.08073572390342575,0.11976191670069217
2026-05-10,MIA,WSN,7.0,5.0,2.0,5.0,5.8,3.9,4.5,3.9,4.2,7.0,5.6,5.9,4.6,4.95,5.15,2026-05-10,Sandy Alcantara,0.16285009420090063,0.08698361823361819,0.22791698214551628,PJ Poulin,0.1557644110275689,0.1486842105263158,0.15843250316934526
2026-05-18,MIA,ATL,12.0,12.0,0.0,3.0,6.0,3.8,5.2,3.5,4.75,3.8,1.8,3.8,2.1,4.95,2.8,2026-05-18,Lake Bachar,0.28847144918573486,0.09932230467944754,0.32313372717508054,JR Ritchie,0.18120370370370367,0.16268518518518515,0.19720848897678167
2026-05-19,MIA,ATL,12.0,4.0,8.0,5.4,5.4,4.6,4.5,4.0,4.45,2.8,3.8,3.5,3.1,4.6,3.3,2026-05-19,Lake Bachar,0.2692400192400192,0.0927008177008177,0.3082581453634085,Mart\xc3\xadn P\xc3\xa9rez,0.2950477397845818,0.0578609499662131,0.25076767289591834
2026-05-20,MIA,ATL,10.0,1.0,9.0,4.4,6.0,4.6,5.0,4.05,4.55,3.6,4.4,4.2,3.2,4.75,3.35,2026-05-20,Tyler Phillips,0.22501526251526252,0.1144119769119769,0.28162079983508553,Chris Sale,0.2942061345722673,0.06495735075445218,0.261865148679415
2026-05-21,MIA,ATL,12.0,3.0,9.0,4.4,6.0,4.5,5.6,3.9,4.75,5.4,4.2,5.0,3.0,4.9,3.3,2026-05-21,Sandy Alcantara,0.1627800753607205,0.07792022792022789,0.21343823687920374,Spencer Strider,0.3063213589529379,0.1750208855472013,0.3062330623306233
2026-05-22,MIA,NYM,3.0,2.0,1.0,4.6,6.4,4.0,5.8,3.95,5.15,4.0,5.2,4.3,4.5,4.2,4.25,2026-05-22,Eury P\xc3\xa9rez,0.24897482067047286,0.12444782190434363,0.2573154292739159,Sean Manaea,0.2610963683719102,0.1100144970268809,0.244152306027306
2026-05-23,MIA,NYM,5.0,4.0,1.0,4.4,5.4,3.7,5.7,3.9,5.1,3.8,4.6,4.2,4.1,4.1,4.15,2026-05-23,Max Meyer,0.26525503482025214,0.08437898655289956,0.29072554506888276,Freddy Peralta,0.2302202563941694,0.10657770249074594,0.25893604734136294
2026-05-24,MIA,NYM,4.0,4.0,0.0,2.8,5.6,4.1,5.5,3.85,4.85,2.8,4.8,4.2,4.3,4.1,4.2,2026-05-24,Tyler Phillips,0.2211253561253561,0.11234006734006734,0.27554449254449254,Huascar Brazob\xc3\xa1n,0.20136054421768707,0.08299319727891155,0.28238052796876323
2026-06-05,MIA,TBR,6.0,0.0,6.0,4.0,4.6,3.8,3.6,3.75,4.65,3.8,8.2,3.4,6.7,4.75,4.7,2026-06-05,Tyler Phillips,0.21541873159520217,0.10927765045412102,0.2770375280236872,Drew Rasmussen,0.2349860157640478,0.0532960035133948,0.20834125282315147
2026-06-06,MIA,TBR,7.0,4.0,3.0,3.8,4.6,3.4,4.1,3.75,4.8,4.4,5.4,3.6,6.5,4.9,4.7,2026-06-06,Lake Bachar,0.28628768891926787,0.0838174982911825,0.3168705404197891,Shane McClanahan,0.24095417377824158,0.08637183324893646,0.25250620088143444
2026-06-07,MIA,TBR,5.0,4.0,1.0,4.4,3.2,3.4,4.4,3.5,4.7,4.0,5.8,3.9,6.7,4.65,4.7,2026-06-07,Sandy Alcantara,0.15861678437360816,0.062420026439877534,0.19102450300036947,Steven Matz,0.1938488243782361,0.08789440624734741,0.19752184678345666
2026-06-09,MIA,ARI,16.0,10.0,6.0,3.8,2.8,3.0,4.3,3.65,4.3,2.0,6.0,3.0,4.9,4.35,3.9,2026-06-09,Max Meyer,0.26818763362241615,0.08909494692103384,0.2793507153840521,Zac Gallen,0.1553481758516083,0.06743695663604128,0.18729926924540116
2026-06-10,MIA,ARI,8.0,8.0,0.0,4.4,3.4,3.9,4.1,4.05,4.25,3.2,6.6,2.9,5.4,4.55,4.2,2026-06-10,Lake Bachar,0.2886399711399711,0.07962662337662338,0.31040201339879964,Ryne Nelson,0.1820347274282576,0.06924340193727112,0.17479088910230667
2026-06-11,MIA,ARI,2.0,2.0,0.0,5.2,3.2,4.6,3.9,4.3,3.95,2.6,7.8,2.6,6.0,4.15,4.3,2026-06-11,Tyler Phillips,0.21039546872880205,0.11015111431778096,0.2730844627413255,Merrill Kelly,0.1434950831725025,0.09149715099715097,0.23000267462944213
2026-06-19,MIA,SFG,7.0,4.0,3.0,4.0,4.8,5.2,3.4,4.3,3.9,4.2,3.8,6.8,5.1,5.95,5.9,2026-06-19,Lake Bachar,0.28480770437292174,0.07890237781542128,0.30487856237576777,Landen Roupp,0.26302909306014893,0.10502904675264921,0.2454819747524451
2026-06-20,MIA,SFG,9.0,6.0,3.0,4.4,4.8,5.2,3.6,4.1,3.95,4.6,3.6,5.9,4.6,5.7,5.85,2026-06-20,Max Meyer,0.2648102348537131,0.08969181114108647,0.2776772070245658,Trevor McDonald,0.2229409479409479,0.08394869019869017,0.2428039116466041
2026-06-21,MIA,SFG,3.0,2.0,1.0,4.8,5.0,4.8,3.3,4.35,3.7,5.0,3.6,4.4,4.9,5.75,5.85,2026-06-21,Lake Bachar,0.27757034632034633,0.08487403799903799,0.30328640005455526,Logan Webb,0.2117088942301336,0.063346030484961,0.18928714613081907
2026-06-22,MIA,TEX,7.0,3.0,4.0,5.2,3.8,4.2,3.4,4.4,3.65,4.0,7.0,3.7,6.2,4.25,4.75,2026-06-22,Tyler Phillips,0.21276862026862026,0.11183441558441558,0.2663678039068064,Kumar Rocker,0.1843471538813153,0.09726835793605978,0.20966565233362422
2026-06-24,MIA,TEX,6.0,4.0,2.0,4.2,3.0,4.1,3.9,4.75,3.25,4.8,5.6,3.8,6.4,4.15,4.9,2026-06-24,Eury P\xc3\xa9rez,0.2727567950031718,0.10370651825361969,0.2724270823924879,Jacob deGrom,0.28946514140717033,0.04973176903611684,0.31658836156194703
2026-04-24,MIL,PIT,6.0,0.0,6.0,5.2,4.2,4.0,4.1,4.5,4.2,4.2,3.8,5.1,3.6,4.95,3.85,2026-04-24,Brandon Woodruff,0.21987904543968614,0.02785714285714285,0.20800994008714593,Mason Montgomery,0.45166666666666666,0.09583333333333333,0.3091666666666667
2026-04-26,MIL,PIT,5.0,5.0,0.0,4.2,5.0,3.7,4.0,4.05,4.15,4.4,3.6,5.5,3.6,4.9,3.3,2026-04-26,Kyle Harrison,0.22870411322423706,0.09358506560518942,0.24912922550278133,Carmen Mlodzinski,0.24563146997929602,0.09109730848861279,0.1857213001980901
2026-04-29,MIL,ARI,8.0,2.0,6.0,4.8,3.6,4.8,3.1,4.55,4.0,6.0,7.4,5.5,6.6,4.65,5.45,2026-04-29,Brandon Sproat,0.20848739495798316,0.1471195144724556,0.1975446504714797,Eduardo Rodr\xc3\xadguez,0.15441025641025638,0.10069230769230768,0.15099308467729516
2026-04-30,MIL,ARI,14.0,13.0,1.0,4.8,3.8,4.8,3.6,4.25,4.2,5.0,6.4,5.7,6.5,4.9,5.55,2026-04-30,Brandon Woodruff,0.2044746649231775,0.04133333333333332,0.2054323423136192,Michael Soroka,0.2972027972027972,0.061748251748251715,0.21887498466445834
2026-05-08,MIL,NYY,6.0,6.0,0.0,4.2,2.6,5.4,2.8,4.7,3.45,8.0,3.2,6.3,2.9,6.35,3.15,2026-05-08,Shane Drohan,0.19771929824561402,0.09719298245614032,0.2663906926406926,Max Fried,0.2121081117089363,0.07751957760297339,0.22522988590393145
2026-05-22,MIL,LAD,6.0,5.0,1.0,5.0,2.2,4.6,2.4,5.3,2.3,6.8,1.6,5.4,2.5,4.6,3.05,2026-05-22,Shane Drohan,0.32513706140350873,0.0607456140350877,0.29981000923096507,Justin Wrobleski,0.12709321217434805,0.06316514640044049,0.14639511471970404
2026-05-24,MIL,LAD,6.0,1.0,5.0,5.4,3.4,4.4,2.9,4.8,2.8,4.2,2.6,6.1,1.8,5.0,2.95,2026-05-24,Shane Drohan,0.3167884990253411,0.08177387914230018,0.2823708018560959,Yoshinobu Yamamoto,0.25208982643765254,0.05348134152481976,0.26095471579166457
2026-05-25,MIL,STL,6.0,5.0,1.0,3.8,3.8,4.4,3.1,4.75,2.75,2.8,3.6,3.5,3.6,4.3,3.6,2026-05-25,Jacob Misiorowski,0.39681796947014336,0.08281892503631631,0.3562829099977013,Matthew Liberatore,0.18922717366538871,0.087891428175181,0.2063102594803941
2026-05-26,MIL,STL,6.0,6.0,0.0,3.8,3.6,4.2,3.1,4.35,2.75,2.2,4.2,3.0,4.1,4.15,3.75,2026-05-26,Kyle Harrison,0.32033217812932446,0.07912408543381755,0.2913821329775618,Michael McGreevy,0.17363440906919164,0.055937251154642445,0.17102570887148044
2026-05-27,MIL,STL,3.0,2.0,1.0,4.0,3.6,4.5,2.9,4.35,2.7,2.2,5.0,2.8,4.3,3.6,3.7,2026-05-27,Shane Drohan,0.3305641945773524,0.07359649122807016,0.27813372167048633,Dustin May,0.18169451867735617,0.07188062814378601,0.1774650660547873
2026-06-01,MIL,SFG,18.0,16.0,2.0,3.4,2.2,3.6,3.0,4.2,2.7,7.0,6.4,6.2,6.1,5.25,5.75,2026-06-01,Shane Drohan,0.3134999171482425,0.06690590111642741,0.26800035303377545,Landen Roupp,0.2755655938264634,0.09242288307505696,0.24763565528809428
2026-06-02,MIL,SFG,11.0,8.0,3.0,5.6,2.4,4.7,3.0,4.7,2.7,6.4,8.2,6.1,7.1,5.2,5.9,2026-06-02,Kyle Harrison,0.296994612490305,0.0712116768904358,0.27075455797767795,Trevor McDonald,0.22319902319902316,0.04847374847374844,0.2542046085634428
2026-06-04,MIL,SFG,21.0,9.0,12.0,5.6,3.0,4.5,3.3,4.6,2.75,5.6,7.6,5.1,6.7,4.65,6.05,2026-06-04,Coleman Crow,0.13201058201058197,0.05291005291005291,0.16035333579193223,Adrian Houser,0.13448883417470892,0.08130039035385403,0.1581563492122088
2026-06-12,MIL,PHI,6.0,6.0,0.0,7.2,5.6,6.4,4.3,5.45,3.6,5.2,4.0,4.7,4.3,3.6,3.5,2026-06-12,Jacob Misiorowski,0.389541674128227,0.07486955329937682,0.34440032545553156,Andrew Painter,0.18514914179387862,0.0709773170299486,0.20061736955522821
2026-06-13,MIL,PHI,17.0,8.0,9.0,6.6,3.2,6.8,3.4,5.55,3.35,4.6,4.0,4.6,4.0,3.55,3.6,2026-06-13,Shane Drohan,0.3007141078735506,0.06886758752083827,0.2670410227027874,Aaron Nola,0.23568729770102764,0.07651160433769127,0.23909890173787682
2026-06-14,MIL,PHI,4.0,4.0,0.0,6.8,4.8,7.4,4.3,5.5,3.65,4.6,4.6,5.2,4.6,3.8,3.55,2026-06-14,Kyle Harrison,0.31058161441540766,0.07639336245558481,0.2795176872036205,Cristopher S\xc3\xa1nchez,0.3038657081606589,0.04845555375112022,0.3060354151704165
2026-06-16,MIL,CLE,3.0,2.0,1.0,5.2,4.0,6.2,4.1,5.45,3.55,2.4,4.8,3.5,3.7,2.95,4.05,2026-06-16,Robert Gasser,0.2146428571428571,0.1045238095238095,0.2083433327619374,Slade Cecconi,0.19816807924195956,0.0729951840200287,0.18399487879684906
2026-06-17,MIL,CLE,13.0,9.0,4.0,4.6,2.8,5.6,3.9,5.3,3.6,2.6,3.2,2.7,3.5,2.85,4.1,2026-06-17,Brandon Sproat,0.219809612808334,0.12138176898407076,0.21499366809763013,Gavin Williams,0.28419099213059373,0.08613545414787648,0.27643057319092756
2026-06-18,MIL,CLE,6.0,2.0,4.0,5.8,2.8,6.5,4.2,5.5,3.75,3.0,4.4,2.6,4.0,3.0,4.55,2026-06-18,Shane Drohan,0.30097365917450813,0.06394847412649268,0.27177618774782636,Parker Messick,0.2566827427231154,0.07419258507767822,0.2397315307298113
2026-06-26,MIL,CHC,8.0,6.0,2.0,4.4,3.2,4.7,3.4,5.75,3.4,10.2,4.8,7.3,4.5,5.75,4.85,2026-06-26,Jacob Misiorowski,0.39408426572594485,0.06766472397057102,0.34428045889612036,Colin Rea,0.17591300096949408,0.07766529967616922,0.1885340059462544
2026-06-27,MIL,CHC,10.0,2.0,8.0,5.2,3.0,4.5,2.7,5.95,3.5,7.4,5.6,6.9,5.0,5.6,4.85,2026-06-27,Kyle Harrison,0.29815602442349937,0.06548002496192984,0.27460514190737045,David Peterson,0.19364541946421235,0.0898466945906877,0.19805303918312636
2026-06-29,MIL,CIN,8.0,5.0,3.0,5.0,3.8,4.3,3.5,5.25,3.8,4.8,5.6,4.4,4.8,4.1,4.8,2026-06-29,Robert Gasser,0.23548654244306413,0.09359558316080054,0.22208594968577414,Nick Lodolo,0.188048318220732,0.08393058410299786,0.21641577644300203
2026-06-30,MIL,CIN,9.0,7.0,2.0,4.2,3.6,4.6,3.7,5.1,3.8,5.4,6.2,4.2,5.0,4.15,4.8,2026-06-30,Brandon Sproat,0.2522560503988018,0.11408642200841686,0.2399752620979866,Rhett Lowder,0.180840526220961,0.13313242748931153,0.1749776439626761
2026-07-01,MIL,CIN,6.0,4.0,2.0,5.2,4.0,4.4,3.5,5.45,3.85,4.8,6.4,4.3,4.8,4.1,4.65,2026-07-01,Shane Drohan,0.28790552320626606,0.07425848628925252,0.25790650346063465,Andrew Abbott,0.17836861716926325,0.10273494095879339,0.2104849877106918
2026-04-28,MIN,SEA,8.0,1.0,7.0,4.8,6.0,4.1,5.2,5.1,4.65,5.2,5.6,4.4,4.9,4.25,4.45,2026-04-28,Joe Ryan,0.25294391281233386,0.060548910154173276,0.23385568635842657,Logan Gilbert,0.25340360122968814,0.04987373737373735,0.2694815071268559
2026-04-29,MIN,SEA,8.0,3.0,5.0,3.4,5.4,3.7,5.0,5.1,4.65,5.6,5.0,5.1,4.5,4.55,4.4,2026-04-29,Taj Bradley,0.2628084471409519,0.09282045380818359,0.2209569170457781,George Kirby,0.1913536654915965,0.06149693218658733,0.1911914666157919
2026-04-30,MIN,TOR,8.0,7.0,1.0,3.6,5.2,3.9,5.3,4.9,4.75,4.0,2.2,4.8,3.4,3.9,4.5,2026-04-30,Bailey Ober,0.19144333690369494,0.08181092020606083,0.19479909516141394,Kevin Gausman,0.2919674185463659,0.041388888888888885,0.26659717866658084
2026-05-01,MIN,TOR,10.0,3.0,7.0,4.8,4.2,4.2,4.9,5.05,4.7,3.2,3.0,3.9,3.7,3.85,4.15,2026-05-01,Simeon Woods Richardson,0.1077959077959078,0.09346024346024344,0.15444404293197708,Patrick Corbin,0.19642857142857137,0.07539682539682538,0.2117063492063492
2026-05-03,MIN,TOR,7.0,4.0,3.0,3.6,6.2,4.2,6.1,4.85,5.25,6.0,3.0,4.8,4.0,4.5,4.15,2026-05-03,Joe Ryan,0.2525233538391433,0.05785144679881519,0.23180661618178725,Braydon Fisher,0.2129464285714286,0.07351190476190475,0.21677905427905428
2026-05-12,MIN,MIA,3.0,3.0,0.0,5.4,7.0,4.8,6.2,4.25,5.6,4.6,4.4,4.1,4.5,4.05,4.05,2026-05-12,Bailey Ober,0.1703035171705248,0.08264442203860359,0.18553384518058427,Lake Bachar,0.3141151777515414,0.10043617998163451,0.3484905445431761
2026-05-13,MIN,MIA,14.0,5.0,9.0,3.8,6.4,4.8,5.7,4.35,5.5,3.8,3.6,3.6,4.2,3.8,4.05,2026-05-13,Simeon Woods Richardson,0.10473581973581973,0.08898407148407146,0.15126387120125037,Tyler Phillips,0.24168447293447293,0.11832912457912458,0.2895965608465609
2026-05-16,MIN,MIL,3.0,1.0,2.0,4.8,3.4,5.0,5.1,4.6,5.6,4.2,2.6,4.2,2.5,5.1,3.0,2026-05-16,Connor Prielipp,0.2692421591062054,0.0862128146453089,0.21452968148982077,Chad Patrick,0.2028125870231133,0.09608744082428292,0.2198811525909909
2026-05-18,MIN,HOU,9.0,6.0,3.0,4.4,3.8,4.1,5.1,4.4,5.1,2.2,5.4,2.5,5.0,3.4,5.45,2026-05-18,Simeon Woods Richardson,0.0986540619873953,0.10131917465250798,0.16475980470414175,Tatsuya Imai,0.19329004329004323,0.27932900432900426,0.2596912955465587
2026-05-20,MIN,HOU,5.0,4.0,1.0,3.0,2.8,4.1,3.4,4.6,4.85,2.2,3.2,1.8,4.5,3.3,4.8,2026-05-20,Joe Ryan,0.2780344636294293,0.10734383884612715,0.26034087246200277,Mike Burrows,0.21823446783273884,0.07960306905005606,0.24148139652765385
2026-06-01,MIN,CHW,15.0,9.0,6.0,4.2,9.2,4.4,6.3,4.25,4.85,6.6,1.4,5.6,3.5,5.3,4.4,2026-06-01,Joe Ryan,0.29078629544876683,0.08945319903843929,0.26237613497707696,Brandon Eisert,0.29,0.10416666666666666,0.28739330114330114
2026-06-02,MIN,CHW,10.0,6.0,4.0,5.6,7.4,4.9,6.8,4.5,4.85,7.2,3.0,6.0,4.3,5.5,4.45,2026-06-02,Connor Prielipp,0.2410915104548164,0.09980088561324256,0.21241522924959452,Davis Martin,0.2710625672088123,0.054585895000914736,0.26181342630464277
2026-06-03,MIN,CHW,8.0,0.0,8.0,6.4,7.0,4.7,6.6,4.55,4.85,5.0,3.8,6.0,4.4,5.3,4.15,2026-06-03,Taj Bradley,0.28607883046780697,0.09273710659290234,0.2600164301697468,Erick Fedde,0.14339715308614825,0.10106464508378381,0.15591609937080386
2026-06-05,MIN,KCR,8.0,5.0,3.0,4.8,7.0,4.3,7.5,4.45,5.2,6.2,4.6,4.4,6.4,3.5,5.1,2026-06-05,Zebby Matthews,0.25476284584980236,0.042727272727272725,0.22977894763419682,Michael Wacha,0.2181563029026797,0.08263095533023065,0.20203623146791513
2026-06-06,MIN,KCR,5.0,2.0,3.0,5.2,5.8,4.7,7.5,4.25,5.3,5.6,4.2,3.9,6.3,3.4,5.05,2026-06-06,Joe Ryan,0.2940591445168104,0.08257218372779011,0.25576801599693977,Luinder Avila,0.24230741738481676,0.12187465097681814,0.24527292499624512
2026-06-07,MIN,KCR,11.0,5.0,6.0,3.8,5.2,4.7,6.3,4.25,5.3,5.6,3.4,3.9,6.1,3.3,4.85,2026-06-07,Connor Prielipp,0.24336247905537173,0.09658503417084649,0.213641103371173,Noah Cameron,0.22304149151975236,0.06706415747917721,0.21447469633187416
2026-06-12,MIN,STL,17.0,9.0,8.0,3.4,6.8,4.3,6.3,4.35,6.3,6.2,3.0,5.6,3.1,3.95,3.65,2026-06-12,Joe Ryan,0.28679118364473055,0.08216867609888202,0.246617413030593,Kyle Leahy,0.17373651738623466,0.09077594882346529,0.18536434411009697
2026-06-13,MIN,STL,15.0,6.0,9.0,4.8,7.8,4.3,6.5,4.6,6.65,6.6,3.8,5.9,3.9,4.15,4.0,2026-06-13,Connor Prielipp,0.25953208014798473,0.09202620321359194,0.20673821983161506,Matthew Liberatore,0.20764727644590344,0.08885421214940663,0.2098223697034363
2026-06-14,MIN,STL,9.0,5.0,4.0,5.0,8.4,4.3,7.0,4.5,6.8,7.4,4.4,6.7,4.3,4.6,4.2,2026-06-14,Taj Bradley,0.26593525727389716,0.10481715404480992,0.24472523026966078,Michael McGreevy,0.1746108406643523,0.06020712843455316,0.17772651584427632
2026-06-22,MIN,LAD,3.0,1.0,2.0,9.2,4.8,7.0,5.8,5.8,5.95,3.0,4.8,4.0,4.8,5.0,4.4,2026-06-22,Zebby Matthews,0.19697710616965272,0.0506816463959321,0.19935316953625867,Eric Lauer,0.15468650501545236,0.08603633208896365,0.15175517024258603
2026-06-24,MIN,LAD,7.0,3.0,4.0,5.8,6.6,6.5,5.3,5.4,5.9,4.6,4.8,4.4,3.8,5.2,4.35,2026-06-24,Joe Ryan,0.2936506190224726,0.07814759158652178,0.24484968626867218,Shohei Ohtani,0.27156416722390314,0.07672552020756206,0.2799947537854961
2026-06-27,MIN,COL,13.0,5.0,8.0,5.4,5.6,6.2,4.8,5.25,5.9,4.2,4.4,6.3,4.9,5.55,5.8,2026-06-27,Mike Paredes,0.14108378691498896,0.10548363827136202,0.18308288252187266,Michael Lorenzen,0.17155866896747227,0.06808253217594983,0.19064446829117182
2026-06-28,MIN,COL,5.0,3.0,2.0,3.2,5.6,6.2,5.2,5.5,5.9,5.4,5.2,4.8,4.5,5.5,5.65,2026-06-28,Connor Prielipp,0.23145864832620663,0.09137808234958221,0.18995753339758403,Ryan Feltner,0.19540118577075097,0.09965393061045233,0.21580223767940412
2026-04-24,NYM,COL,7.0,3.0,4.0,4.4,6.2,3.1,5.7,3.75,4.95,5.6,6.4,4.3,5.4,4.1,5.1,2026-04-24,Sean Manaea,0.21283601159762147,0.1134208069192589,0.21787878787878787,Michael Lorenzen,0.12094186007229481,0.04414828327871803,0.20734442695887
2026-04-26,NYM,COL,4.0,1.0,3.0,4.2,4.6,2.8,5.0,3.35,4.8,4.6,5.8,4.1,5.0,4.25,5.0,2026-04-26,Huascar Brazob\xc3\xa1n,0.22272727272727275,0.0606060606060606,0.3009358288770053,Jose Quintana,0.06693957115009742,0.1575828460038986,0.19873497786211258
2026-04-28,NYM,WSN,8.0,8.0,0.0,3.4,4.0,2.9,5.1,3.2,4.85,5.4,6.6,4.5,6.5,5.25,6.15,2026-04-28,Clay Holmes,0.16065190847799538,0.08448974535931054,0.21696774403541313,Zack Littell,0.13373800112930545,0.06764539808018066,0.1347838004980862
2026-04-29,NYM,WSN,16.0,2.0,14.0,4.4,3.6,3.6,4.9,3.5,4.5,4.6,6.4,4.0,5.7,4.6,6.45,2026-04-29,Sean Manaea,0.2551411207757957,0.10562845021049354,0.22844065656565657,PJ Poulin,0.13174603174603175,0.14666666666666664,0.14583268583268583
2026-04-30,NYM,WSN,9.0,4.0,5.0,2.8,4.8,3.6,5.5,3.1,5.05,5.2,6.0,4.9,5.5,5.2,6.4,2026-04-30,Freddy Peralta,0.2601117454740643,0.0916115607419955,0.28111977846197117,Miles Mikolas,0.13386554621848737,0.08969187675070027,0.18038031850957906
2026-05-12,NYM,DET,12.0,10.0,2.0,3.6,4.0,4.1,4.3,3.5,4.7,2.6,5.2,3.8,4.0,4.35,4.9,2026-05-12,Freddy Peralta,0.23103619005792916,0.09561343246125853,0.26554068854733304,Jack Flaherty,0.25324619602365595,0.16093296482312497,0.2334938985745437
2026-05-14,NYM,DET,13.0,9.0,4.0,4.8,4.0,4.3,4.5,3.95,4.7,2.4,5.2,3.5,4.8,4.15,5.3,2026-05-14,Nolan McLean,0.3226728382220373,0.06992212084889428,0.2413134183231004,Keider Montero,0.19031164913517853,0.052169119396010134,0.1594936098083226
2026-05-15,NYM,NYY,7.0,2.0,5.0,4.6,3.8,5.0,3.5,4.3,4.5,2.2,4.4,5.1,3.8,5.3,3.4,2026-05-15,Clay Holmes,0.19459450573581005,0.08332765262113083,0.19420789452682707,Cam Schlittler,0.3026510507584676,0.04105360018403496,0.2683197628929336
2026-05-25,NYM,CIN,9.0,2.0,7.0,1.6,3.8,4.1,4.2,4.1,4.25,4.2,5.6,5.6,5.2,4.45,6.1,2026-05-25,Nolan McLean,0.29926730283569436,0.07310359529662694,0.21831500527158815,Nick Lodolo,0.1643217893217893,0.13077200577200573,0.21266937669376693
2026-05-26,NYM,CIN,9.0,2.0,7.0,1.2,3.6,3.3,4.7,3.8,4.6,5.0,4.0,5.8,5.4,4.45,6.1,2026-05-26,Sean Manaea,0.25554215306537287,0.10001317911534628,0.23763062303422802,Chase Burns,0.28666682965309964,0.07877411384276369,0.3138455944543989
2026-05-27,NYM,CIN,6.0,4.0,2.0,1.2,4.8,2.6,5.0,3.8,4.25,5.6,3.4,6.1,4.6,4.7,5.55,2026-05-27,Huascar Brazob\xc3\xa1n,0.19220779220779222,0.0792207792207792,0.26954504942472857,Andrew Abbott,0.15285907606481766,0.1053079323653486,0.18922205922022534
2026-05-30,NYM,MIA,7.0,6.0,1.0,1.8,4.8,2.8,4.7,3.8,4.1,3.6,2.6,4.0,4.0,3.9,4.6,2026-05-30,Huascar Brazob\xc3\xa1n,0.19285714285714284,0.08928571428571429,0.26583296197266787,Tyler Phillips,0.22293002136752135,0.11313131313131312,0.2833229617604618
2026-06-09,NYM,STL,7.0,0.0,7.0,4.8,3.0,4.8,3.3,4.45,3.75,6.0,4.2,4.4,3.7,3.6,4.0,2026-06-09,Freddy Peralta,0.23688271470880165,0.09701781310476959,0.25607797518096514,Dustin May,0.21266209889779683,0.06684496789759946,0.19603570319380423
2026-06-10,NYM,STL,11.0,2.0,9.0,4.2,2.8,4.6,3.3,3.95,4.0,6.6,2.8,5.0,3.5,3.65,3.8,2026-06-10,David Peterson,0.209338741115717,0.08336161227729609,0.20759716591111937,Andre Pallante,0.18655551372942672,0.0870372984503419,0.2118883646146845
2026-06-12,NYM,ATL,12.0,7.0,5.0,3.2,5.2,4.7,3.7,3.75,4.2,3.6,3.4,4.6,3.4,4.9,3.75,2026-06-12,Huascar Brazob\xc3\xa1n,0.21887755102040815,0.09835600907029478,0.26380302120848337,Spencer Strider,0.2868928273063611,0.13283208020050122,0.27174066405378167
2026-06-13,NYM,ATL,4.0,1.0,3.0,4.2,5.6,4.8,4.1,3.8,4.3,4.2,3.4,4.3,3.8,4.75,4.05,2026-06-13,Sean Manaea,0.2618575500375589,0.0974518316098369,0.2385332824218292,Mart\xc3\xadn P\xc3\xa9rez,0.27162471982046,0.0729703201803184,0.24279231111374183
2026-06-14,NYM,ATL,9.0,8.0,1.0,3.0,5.6,3.9,4.3,3.55,4.0,3.6,3.0,4.1,3.7,4.9,3.5,2026-06-14,Huascar Brazob\xc3\xa1n,0.23891625615763548,0.09496442255062945,0.2719477446150874,Reynaldo L\xc3\xb3pez,0.2126118326118326,0.10630591630591629,0.20705014667538385
2026-06-23,NYM,CHC,15.0,6.0,9.0,4.6,6.2,4.4,5.6,4.5,4.55,7.4,5.0,6.0,3.8,5.2,5.05,2026-06-23,Kodai Senga,0.22054664289958403,0.15508615567439096,0.26043051591964633,Edward Cabrera,0.20690466453624345,0.09050095129042496,0.24317432202379025
2026-06-24,NYM,CHC,13.0,3.0,10.0,5.2,7.0,4.5,6.1,4.6,4.9,8.2,5.4,6.7,4.1,5.6,4.75,2026-06-24,Huascar Brazob\xc3\xa1n,0.24516369047619047,0.1042906746031746,0.2701268859816654,Javier Assad,0.138932518836825,0.0441597875808402,0.11321497781599646
2026-06-26,NYM,PHI,3.0,1.0,2.0,3.8,10.0,4.5,7.3,4.2,5.8,7.2,4.8,7.4,4.7,6.15,4.75,2026-06-26,Huascar Brazob\xc3\xa1n,0.2579365079365079,0.10113035113035113,0.27204223287110985,Zack Wheeler,0.26905337014032665,0.0717203086768304,0.23750134043578647
2026-06-28,NYM,PHI,9.0,4.0,5.0,4.2,6.6,4.4,6.4,4.05,5.55,6.6,5.0,6.3,5.2,5.65,4.6,2026-06-28,Kodai Senga,0.23189712248535774,0.1686452762923351,0.26309326613710554,Jes\xc3\xbas Luzardo,0.27933793812869895,0.07832172658259612,0.29600817726833095
2026-04-19,NYY,KCR,7.0,7.0,0.0,5.4,5.6,4.7,5.2,4.95,3.85,3.4,6.2,2.8,4.9,3.55,4.5,2026-04-19,Ryan Weathers,0.31670653907496005,0.08851674641148322,0.2421023965141612,Cole Ragans,0.2666666666666666,0.1571428571428571,0.19517738359201772
2026-05-02,NYY,BAL,13.0,9.0,4.0,3.6,3.2,5.0,2.6,5.1,3.75,5.0,5.8,5.3,6.9,4.95,5.35,2026-05-02,Ryan Weathers,0.2941657757447231,0.06542142068457855,0.2644456513724584,Kyle Bradish,0.23015469430419844,0.13080809915287409,0.2369267874866979
2026-05-04,NYY,BAL,13.0,12.0,1.0,6.0,2.8,6.2,3.2,5.95,3.8,4.8,8.2,5.1,7.5,4.85,6.1,2026-05-04,Cam Schlittler,0.3254493101588461,0.03564034309375923,0.28202467683303917,Shane Baz,0.19486274262136327,0.0710027998821102,0.19921450903593754
2026-05-06,NYY,TEX,7.0,1.0,6.0,9.2,2.8,6.5,3.1,6.15,3.3,2.8,4.6,2.4,4.3,3.6,4.0,2026-05-06,Will Warren,0.29932083588584174,0.05423805677877556,0.22394603649730285,Nathan Eovaldi,0.2261807757459931,0.057534639273769686,0.279598180521994
2026-05-18,NYY,TOR,13.0,7.0,6.0,3.2,4.0,3.6,4.2,5.3,3.65,5.2,3.8,3.5,3.5,4.15,3.75,2026-05-18,Ryan Weathers,0.2992992800487079,0.07727517524428276,0.27515715519601047,Patrick Corbin,0.14979430507380814,0.06849327346221755,0.15518246058113166
2026-05-19,NYY,TOR,9.0,5.0,4.0,4.2,4.6,3.6,4.4,5.05,3.75,3.6,5.0,3.8,3.8,4.3,3.75,2026-05-19,Will Warren,0.29593640770919,0.061966300053525755,0.23899506542382815,Dylan Cease,0.34667491213384927,0.09896316780374748,0.33516878808045825
2026-05-20,NYY,TOR,3.0,1.0,2.0,4.0,5.0,4.0,4.2,4.9,3.8,4.2,4.8,4.1,3.8,4.2,3.6,2026-05-20,Cam Schlittler,0.30988594568262084,0.04528157349896479,0.2754877866036402,Trey Yesavage,0.26323529411764707,0.09816176470588235,0.29644393260714647
2026-05-24,NYY,TBR,2.0,2.0,0.0,3.0,3.6,3.1,3.8,4.5,3.65,7.0,3.0,6.2,2.9,4.85,2.1,2026-05-24,Ryan Weathers,0.29986022960851333,0.06868904466158468,0.26310265647052783,Drew Rasmussen,0.2347359945758115,0.04816425120772944,0.20030475467151967
2026-06-02,NYY,CLE,13.0,4.0,9.0,9.4,3.4,5.6,2.8,4.8,3.5,3.0,5.8,2.4,4.4,4.15,3.9,2026-06-02,Cam Schlittler,0.30257049906772837,0.0439074840886435,0.2629845528488571,Joey Cantillo,0.2021452983409505,0.13298425608208211,0.25930463460951264
2026-06-04,NYY,CLE,3.0,2.0,1.0,6.6,6.0,6.3,3.8,4.75,3.8,4.6,5.8,3.4,5.1,4.35,3.85,2026-06-04,Carlos Rod\xc3\xb3n,0.2517963707222019,0.1610948727317013,0.21969696969696967,Slade Cecconi,0.18996075773535726,0.07394641724351865,0.17141882201095807
2026-06-05,NYY,BOS,8.0,3.0,5.0,5.4,5.8,6.3,3.5,4.7,3.65,6.0,3.6,5.4,4.5,4.25,3.9,2026-06-05,Ryan Weathers,0.29067416422997,0.07609402665463148,0.2609399424701771,Sonny Gray,0.1962257917521075,0.06892458418774206,0.19788704748086897
2026-06-07,NYY,BOS,7.0,6.0,1.0,5.2,5.6,6.4,4.0,4.75,3.75,5.2,4.0,5.4,4.2,4.45,3.95,2026-06-07,Cam Schlittler,0.29083430683174927,0.040529985312594,0.25343873254424415,Ranger Suarez,0.23313707690501947,0.0812485109255444,0.2142567961568491
2026-06-16,NYY,CHW,14.0,12.0,2.0,5.4,3.6,4.6,3.9,5.1,3.35,4.4,4.6,5.2,4.9,5.4,4.2,2026-06-16,Gerrit Cole,0.20078110295501594,0.06876999811782418,0.14187304622413396,Davis Martin,0.25397601840745654,0.05541883423154324,0.2535103049123749
2026-06-17,NYY,CHW,15.0,10.0,5.0,7.2,3.6,5.4,3.2,5.65,3.35,3.8,5.2,4.8,5.2,5.4,4.75,2026-06-17,Carlos Rod\xc3\xb3n,0.2652555514959607,0.14913571225591682,0.24486890178379536,Anthony Kay,0.1714895554181268,0.08992019189387605,0.1982550476666509
2026-06-18,NYY,CHW,6.0,1.0,5.0,7.6,3.8,6.0,3.2,6.15,3.5,4.4,7.0,4.9,5.6,5.45,5.0,2026-06-18,Ryan Weathers,0.26548168925967874,0.07119198705096036,0.2435414070694716,Bryan Hudson,0.20073529411764707,0.07377450980392157,0.1875288926759515
2026-06-19,NYY,CIN,5.0,5.0,0.0,6.8,3.2,5.9,3.6,6.1,3.55,4.6,3.6,3.9,4.5,3.7,5.1,2026-06-19,Cam Schlittler,0.2832998684286864,0.04735169260006839,0.24236295092106097,Rhett Lowder,0.17478640924293096,0.14405520928347013,0.1729427613061952
2026-06-20,NYY,CIN,12.0,2.0,10.0,7.2,3.0,6.1,3.1,6.25,3.55,4.2,4.4,3.4,4.4,3.65,4.95,2026-06-20,Will Warren,0.2433996813250414,0.0772942499931808,0.21432948132296062,Andrew Abbott,0.1680931284440056,0.10495950313494169,0.2006811720131605
2026-06-21,NYY,CIN,5.0,1.0,4.0,6.0,4.4,5.7,4.0,6.15,3.9,5.6,3.8,4.1,4.1,3.8,4.95,2026-06-21,Elmer Rodr\xc3\xadguez,0.07777777777777777,0.13888888888888887,0.24105356228768207,Chase Burns,0.30108236750113176,0.08142956183574028,0.308753346688207
2026-06-29,NYY,DET,10.0,3.0,7.0,2.6,4.2,2.5,4.5,4.25,3.85,4.0,3.6,3.7,3.3,4.65,3.25,2026-06-29,Ryan Weathers,0.2666808672884582,0.06985823026934046,0.2431452994086291,Casey Mize,0.25755644501119845,0.061304005612306,0.2784780728716655
2026-06-30,NYY,DET,12.0,3.0,9.0,2.4,5.0,2.7,4.7,4.3,4.15,4.8,3.4,4.2,3.2,4.65,3.3,2026-06-30,Cam Schlittler,0.30183747981559284,0.04648678758829564,0.24827943448617026,Tarik Skubal,0.2818102622015665,0.0339703774486383,0.2785164379228678
2026-04-28,PHI,SFG,7.0,7.0,0.0,2.4,6.0,2.1,6.7,3.2,5.35,3.8,3.4,3.8,3.4,3.45,4.05,2026-04-28,Jes\xc3\xbas Luzardo,0.27135690235690235,0.07601346801346798,0.31805018526206746,Tyler Mahle,0.23206767656895533,0.11954062561479437,0.21750417838653133
2026-04-30,PHI,SFG,5.0,3.0,2.0,3.6,5.0,2.4,5.7,3.05,5.3,3.2,4.8,3.5,3.3,3.3,3.9,2026-04-30,Cristopher S\xc3\xa1nchez,0.2907661782661783,0.06407203907203902,0.2944775496371241,Adrian Houser,0.10597055440533698,0.06484380032206116,0.17318029568029564
2026-05-05,PHI,ATH,10.0,9.0,1.0,3.4,2.6,3.5,3.8,3.45,4.95,5.8,5.6,5.1,4.1,4.7,4.5,2026-05-05,Cristopher S\xc3\xa1nchez,0.28626518983661836,0.07079190650619219,0.27805035390141775,Luis Severino,0.25122988122988127,0.1498423798423798,0.20489527832722745
2026-05-07,PHI,ATH,13.0,1.0,12.0,4.6,2.0,4.4,2.8,3.8,4.75,4.4,7.6,4.6,4.9,4.15,4.95,2026-05-07,Andrew Painter,0.22053884711779448,0.06532163742690057,0.1958317066853652,J.T. Ginn,0.17994306418219458,0.09719202898550722,0.24204780662779862
2026-05-09,PHI,COL,12.0,9.0,3.0,4.8,3.6,4.2,3.5,3.7,5.15,4.0,7.2,4.8,5.9,4.55,5.35,2026-05-09,Aaron Nola,0.24579333709768486,0.08045172219085261,0.24069654274035363,Kyle Freeland,0.2135930735930736,0.07147186147186144,0.23734264572270902
2026-05-10,PHI,COL,6.0,6.0,0.0,5.2,3.8,4.9,3.2,3.5,4.95,4.4,7.2,4.8,6.8,4.55,5.7,2026-05-10,Cristopher S\xc3\xa1nchez,0.2935854893829032,0.06625326302050435,0.29421998558966644,Tomoyuki Sugano,0.14589058284710457,0.07448397013614404,0.17248786839366112
2026-05-19,PHI,CIN,5.0,1.0,4.0,4.2,1.6,4.5,2.7,4.25,2.95,6.6,5.8,4.8,5.8,4.8,6.35,2026-05-19,Jes\xc3\xbas Luzardo,0.2869141495469998,0.0655791408448413,0.31253361436630256,Chase Burns,0.2685186996145552,0.08752679315862631,0.30374378219800935
2026-05-20,PHI,CIN,13.0,4.0,9.0,4.2,1.8,4.0,2.8,4.2,2.8,4.4,5.8,4.9,5.1,4.55,6.0,2026-05-20,Aaron Nola,0.22372029473478744,0.09119309032352509,0.22631746124042523,Andrew Abbott,0.15450862003493576,0.10220236196551982,0.1816136528973499
2026-05-22,PHI,CLE,1.0,0.0,1.0,4.4,3.4,4.3,2.5,4.25,3.0,6.4,2.6,5.6,3.1,5.2,3.6,2026-05-22,Cristopher S\xc3\xa1nchez,0.3014193174322485,0.05300261041640349,0.29354906539481007,Gavin Williams,0.29414703526247754,0.09449905971645098,0.2823622795914816
2026-05-23,PHI,CLE,3.0,3.0,0.0,3.2,3.6,3.4,2.3,4.15,2.75,5.2,1.8,5.3,2.6,5.25,3.55,2026-05-23,Zack Wheeler,0.2551948470209339,0.06339130434782608,0.22204968944099374,Slade Cecconi,0.18943616287094545,0.08419024614676786,0.17275684997904114
2026-05-24,PHI,CLE,4.0,1.0,3.0,2.6,3.6,3.1,2.3,3.95,2.75,3.2,1.8,4.6,2.7,5.1,3.65,2026-05-24,Andrew Painter,0.19668033720665296,0.07031543505227715,0.19541738598649164,Parker Messick,0.28278271728271726,0.07464300514300512,0.23901650152195994
2026-06-02,PHI,SDP,5.0,3.0,2.0,2.8,3.8,2.5,3.2,3.25,3.0,3.2,5.0,2.7,4.0,3.05,3.7,2026-06-02,Aaron Nola,0.22445174500510465,0.07461252844652053,0.2326435793987318,Randy V\xc3\xa1squez,0.19006069687887867,0.06904327556501466,0.20598094780190265
2026-06-03,PHI,SDP,5.0,3.0,2.0,2.6,3.6,2.4,2.5,3.35,2.5,3.0,4.8,2.9,3.9,3.15,3.55,2026-06-03,Cristopher S\xc3\xa1nchez,0.29681768516179435,0.05012122296605052,0.30585610522031276,Walker Buehler,0.19627057522834512,0.08513950164667866,0.19055315360310104
2026-06-04,PHI,SDP,10.0,6.0,4.0,2.6,4.0,2.7,2.6,3.05,2.45,3.4,4.8,2.4,3.9,3.05,3.6,2026-06-04,Zack Wheeler,0.24794308061388803,0.05829340431824903,0.22049240396739572,Lucas Giolito,0.10257936507936506,0.2126984126984127,0.21613702952445338
2026-06-05,PHI,CHW,14.0,8.0,6.0,3.4,4.0,3.0,3.0,3.05,2.65,5.4,3.4,5.9,4.0,5.4,4.1,2026-06-05,Jes\xc3\xbas Luzardo,0.27413488752256865,0.07004184355633629,0.2951776361451217,Anthony Kay,0.15768298059964722,0.0931825038184687,0.1878774744003138
2026-06-06,PHI,CHW,9.0,3.0,6.0,4.2,4.6,3.7,3.3,3.35,2.9,5.2,4.8,6.2,3.8,5.6,4.45,2026-06-06,Andrew Painter,0.18743542741150393,0.07015707312358027,0.19568240671622042,Sean Burke,0.2222219085262563,0.06674744337787815,0.18748973586716278
2026-06-07,PHI,CHW,14.0,9.0,5.0,4.6,4.0,3.7,3.9,3.45,3.05,6.0,5.2,6.3,3.3,5.6,4.35,2026-06-07,Aaron Nola,0.2408351522195915,0.06839481774264382,0.23918254037476339,Bryan Hudson,0.2275,0.06416666666666666,0.20777084027084028
2026-06-15,PHI,MIA,7.0,7.0,0.0,3.6,5.0,4.9,4.8,3.8,3.7,4.8,1.6,4.6,2.5,4.1,3.05,2026-06-15,Zack Wheeler,0.25154832195895,0.05867264780308258,0.21768145580906378,Ryan Gusto,0.2390151515151515,0.040625,0.2261837121212121
2026-06-16,PHI,MIA,10.0,8.0,2.0,4.6,4.4,5.0,4.4,4.0,3.7,3.2,3.0,4.2,3.1,4.0,3.35,2026-06-16,Jes\xc3\xbas Luzardo,0.2631209088817784,0.07675544262500782,0.2935169212070968,Tyler Phillips,0.2139419060471692,0.11020164046479834,0.27015324387850975
2026-06-17,PHI,MIA,16.0,4.0,12.0,4.8,4.0,5.0,4.0,4.35,3.65,3.2,4.6,4.4,3.3,3.9,3.7,2026-06-17,Andrew Painter,0.180522284732811,0.07513290802764486,0.20383328285284466,Sandy Alcantara,0.16902343534601597,0.058986245136782745,0.19249334477719096
2026-06-18,PHI,NYM,10.0,4.0,6.0,5.6,5.2,5.1,4.6,4.4,4.25,4.2,4.4,4.2,5.0,4.15,4.2,2026-06-18,Aaron Nola,0.22859275046264255,0.0775399962356484,0.22797278970898086,Huascar Brazob\xc3\xa1n,0.24500768049155144,0.09959037378392216,0.2759081051775549
2026-06-20,PHI,NYM,18.0,15.0,3.0,4.6,4.8,4.6,4.7,4.4,4.4,5.2,4.6,4.1,5.1,4.45,4.2,2026-06-20,Cristopher S\xc3\xa1nchez,0.2916079942832816,0.04789185016771221,0.2960905704989247,Freddy Peralta,0.22386978131905666,0.09217734278603841,0.24880824834662915
2026-06-21,PHI,NYM,8.0,6.0,2.0,7.6,4.6,5.6,4.8,5.0,4.55,4.2,7.4,4.4,5.9,4.5,4.6,2026-06-21,Zack Wheeler,0.26552392454566365,0.06584886128364388,0.22646886578371297,David Peterson,0.18988844742849317,0.0891698075634002,0.19829361216570518
2026-06-29,PHI,PIT,18.0,7.0,11.0,4.8,4.0,6.4,4.4,5.75,4.5,7.2,4.2,6.2,4.0,5.05,5.35,2026-06-29,Aaron Nola,0.23052460903576458,0.07640404432523996,0.22471036412197323,Braxton Ashcraft,0.280190312352981,0.0562439771275978,0.2559871644962468
2026-06-30,PHI,PIT,8.0,8.0,0.0,5.2,5.4,6.7,4.9,5.65,4.8,7.2,5.4,6.1,4.3,5.45,5.4,2026-06-30,Cristopher S\xc3\xa1nchez,0.2836737204460328,0.04706143642249116,0.2921120007076073,Bubba Chandler,0.21031180156609214,0.13201956617467198,0.21669177593856517
2026-07-01,PHI,PIT,16.0,10.0,6.0,4.8,4.4,6.0,4.6,5.8,4.7,6.2,6.8,5.8,4.7,5.35,5.65,2026-07-01,Zack Wheeler,0.26329892262863275,0.06907694962042786,0.24058537905960167,Paul Skenes,0.2978143143680228,0.05952969593634554,0.2544121783580936
2026-04-27,PIT,STL,6.0,2.0,4.0,3.2,4.0,4.9,3.4,4.9,3.45,3.8,4.8,4.6,5.0,4.05,5.0,2026-04-27,Mason Montgomery,0.425,0.10069444444444443,0.2951388888888889,Dustin May,0.18597878094445594,0.0483253588516746,0.13659273373559086
2026-04-28,PIT,STL,18.0,7.0,11.0,3.4,3.8,3.5,3.3,4.6,3.5,3.6,4.6,4.7,4.3,4.15,4.9,2026-04-28,Braxton Ashcraft,0.2861904761904762,0.074,0.2759363738182737,Kyle Leahy,0.1371908083391459,0.1020477408354646,0.15280053192938853
2026-04-29,PIT,STL,9.0,4.0,5.0,3.2,5.2,3.8,3.9,4.55,3.9,5.6,5.2,5.3,4.7,4.55,5.25,2026-04-29,Bubba Chandler,0.19809107749611177,0.15382230279255446,0.21319530710835055,Andre Pallante,0.17875232657841347,0.12700085743564,0.24136784268363215
2026-05-01,PIT,CIN,10.0,9.0,1.0,3.6,7.0,4.0,5.3,4.6,4.35,5.4,5.8,6.0,5.4,4.7,4.95,2026-05-01,Mitch Keller,0.17441447441447436,0.08011433011433008,0.20588465286607696,Brady Singer,0.14880289826368256,0.04893378226711559,0.19541411990128368
2026-05-02,PIT,CIN,24.0,17.0,7.0,5.4,6.2,4.3,5.1,4.65,4.3,3.8,7.2,5.6,5.9,4.65,5.4,2026-05-02,Carmen Mlodzinski,0.24172992868645038,0.0851736829997699,0.18629928169660662,Rhett Lowder,0.18400298976385931,0.072111246241681,0.19806313788871924
2026-05-03,PIT,CIN,1.0,1.0,0.0,8.4,6.8,5.9,5.3,5.5,4.4,4.6,9.0,5.7,7.5,4.8,5.9,2026-05-03,Braxton Ashcraft,0.2915223665223665,0.0843939393939394,0.2799469781818947,Chase Burns,0.2889495470063738,0.08811386123552405,0.3107030014278205
2026-05-12,PIT,COL,4.0,3.0,1.0,4.0,3.8,5.6,4.2,4.7,4.05,3.2,6.2,4.6,6.7,4.5,5.65,2026-05-12,Paul Skenes,0.27664970144589707,0.057397342995169076,0.21959951604998773,Michael Lorenzen,0.12615001745436522,0.0567454552961799,0.20305041808749777
2026-05-13,PIT,COL,14.0,4.0,10.0,4.6,2.2,5.5,3.8,4.75,4.1,3.0,6.0,3.4,6.8,4.35,5.65,2026-05-13,Mitch Keller,0.18139614009179222,0.07576300511083117,0.20593465367072175,Jose Quintana,0.11202709782801312,0.11060960482013112,0.20959293176519478
2026-05-16,PIT,PHI,6.0,0.0,6.0,5.8,4.2,5.2,3.9,4.75,4.5,4.2,1.6,4.5,2.6,3.75,3.55,2026-05-16,Bubba Chandler,0.19848224811039453,0.1589095020159093,0.21108044079140773,Cristopher S\xc3\xa1nchez,0.2897714638136094,0.05889178935155943,0.2914434059942334
2026-05-17,PIT,PHI,6.0,0.0,6.0,5.4,4.4,3.5,3.8,4.7,4.55,3.6,1.0,4.4,2.4,3.95,3.35,2026-05-17,Paul Skenes,0.28706310910417193,0.05101986044015029,0.23223660685924832,Zack Wheeler,0.23899355877616746,0.0692391304347826,0.24184782608695649
2026-05-25,PIT,CHC,3.0,2.0,1.0,4.2,2.8,3.5,3.9,4.55,4.05,1.8,5.0,2.8,5.1,3.55,4.3,2026-05-25,Carmen Mlodzinski,0.2003632269078493,0.07851022483745593,0.17514484809509784,Ben Brown,0.24417663817663818,0.07466381766381766,0.24435753788694964
2026-05-27,PIT,CHC,14.0,4.0,10.0,4.4,2.8,4.2,3.0,4.8,3.4,1.8,5.8,2.7,6.1,3.1,4.55,2026-05-27,Bubba Chandler,0.21911188544483737,0.158921079873597,0.21165146747906455,Jameson Taillon,0.19830343569474002,0.07478189926016011,0.23829017563871985
2026-05-28,PIT,CHC,9.0,2.0,7.0,4.8,3.6,3.9,3.8,4.55,3.85,3.4,5.8,2.7,6.0,3.5,4.75,2026-05-28,Mason Montgomery,0.32301587301587303,0.08134920634920635,0.3153264724693296,Colin Rea,0.1942007655644019,0.07059884559884559,0.20013826209618502
2026-05-30,PIT,MIN,19.0,10.0,9.0,5.2,4.8,4.7,3.8,4.05,4.1,3.2,7.0,3.9,4.9,4.0,5.0,2026-05-30,Mitch Keller,0.17386661428163402,0.07392956845526012,0.19048295530396556,Bailey Ober,0.16214994044929343,0.06801017254981447,0.1873490353541504
2026-06-09,PIT,LAD,15.0,3.0,12.0,4.4,5.4,5.9,5.7,4.9,4.75,4.8,3.6,4.7,3.4,5.35,2.95,2026-06-09,Paul Skenes,0.28541381354926504,0.055248978075065014,0.23282913277616465,Eric Lauer,0.14523919063392746,0.09170513696829484,0.140375435060334
2026-06-10,PIT,LAD,17.0,9.0,8.0,3.2,5.6,6.0,6.2,5.05,5.05,5.8,4.2,5.5,3.5,5.45,3.05,2026-06-10,Carmen Mlodzinski,0.19121177999896533,0.07678882372818296,0.1855373734125815,Shohei Ohtani,0.2866688269777514,0.07802209295916387,0.2941636391831182
2026-06-11,PIT,LAD,14.0,6.0,8.0,4.0,7.0,6.3,6.5,5.5,5.15,7.0,5.4,6.0,4.0,5.85,3.45,2026-06-11,Mitch Keller,0.1761480047266,0.0751310395290328,0.19103932816212277,Justin Wrobleski,0.15830757986856406,0.05351404586698702,0.16244649511807804
2026-06-12,PIT,MIA,11.0,3.0,8.0,4.6,7.4,5.9,6.4,5.45,5.55,5.6,2.0,4.7,3.3,3.8,3.95,2026-06-12,Braxton Ashcraft,0.2758803236256817,0.05299958024095953,0.2578058807785975,Sandy Alcantara,0.16442987120406474,0.06081859597988627,0.1916656099289145
2026-06-13,PIT,MIA,5.0,3.0,2.0,4.6,7.8,5.3,6.9,5.3,5.85,6.4,2.0,5.4,2.6,4.0,3.7,2026-06-13,Mason Montgomery,0.3044871794871795,0.10865384615384616,0.27364558518404675,Lake Bachar,0.2907682264825122,0.08112588469731327,0.3051447746655234
2026-06-14,PIT,MIA,6.0,2.0,4.0,4.8,7.6,4.6,6.5,5.35,5.65,6.0,2.4,4.9,2.6,4.05,3.4,2026-06-14,Paul Skenes,0.2850271125814604,0.05701690821256038,0.24000800424453386,Max Meyer,0.2633170883636722,0.08844530785524572,0.27856085592282187
2026-06-23,PIT,SEA,5.0,2.0,3.0,6.0,4.2,4.6,5.4,5.45,5.95,2.4,3.4,3.4,4.5,4.0,4.0,2026-06-23,Mitch Keller,0.18043938187416445,0.08733578981405064,0.1852499574230461,George Kirby,0.2092287627969787,0.057185126939249854,0.20460319276695815
2026-06-24,PIT,SEA,12.0,11.0,1.0,5.2,3.8,4.2,4.9,5.05,5.65,2.4,2.8,3.2,4.0,3.95,4.05,2026-06-24,Carmen Mlodzinski,0.18880820395559927,0.08523280190193634,0.1889382076254709,Bryan Woo,0.24923023682593895,0.04314979673000661,0.2111121712764854
2026-06-25,PIT,SEA,6.0,5.0,1.0,5.0,3.2,5.0,4.2,5.15,5.55,2.0,5.0,2.3,4.9,3.55,4.55,2026-06-25,Mason Montgomery,0.31222222222222223,0.10250000000000001,0.2807492507492507,Bryce Miller,0.31718788865073694,0.030207872622733303,0.23638312845893264
2026-06-26,PIT,CIN,10.0,4.0,6.0,5.4,2.6,5.2,4.1,4.9,5.3,3.8,3.2,4.2,3.4,3.65,4.7,2026-06-26,Mason Montgomery,0.31827956989247314,0.09919354838709678,0.27886128208708855,Andrew Abbott,0.1738916557423422,0.1065517081020513,0.20450764638138558
2026-06-27,PIT,CIN,16.0,7.0,9.0,6.0,3.4,5.4,4.3,4.65,5.05,5.0,3.0,4.6,3.7,3.85,4.65,2026-06-27,Jared Jones,0.2333333333333333,0.09345238095238093,0.28907258824183896,Chase Burns,0.30323243188994525,0.08552473390383379,0.30452199150018816
2026-06-28,PIT,CIN,13.0,9.0,4.0,5.8,4.0,5.9,4.1,4.75,5.45,4.8,4.0,5.2,3.9,4.0,4.8,2026-06-28,Mitch Keller,0.1787773051224138,0.08428114910451863,0.1874218350841057,Brady Singer,0.18020501541038175,0.07561799279343136,0.21953802052486085
2026-04-27,SDP,CHC,16.0,9.0,7.0,5.4,6.4,4.5,5.0,4.85,4.1,4.8,5.6,6.6,4.1,5.6,4.2,2026-04-27,Randy V\xc3\xa1squez,0.26402691511387155,0.07287784679089024,0.2710951150486034,Matthew Boyd,0.39164086687306504,0.052941176470588235,0.35007065889418837
2026-04-28,SDP,CHC,11.0,3.0,8.0,7.0,7.8,4.7,5.1,5.2,4.2,4.8,6.6,6.3,4.6,5.65,4.55,2026-04-28,Walker Buehler,0.21977443609022554,0.10548872180451123,0.23182901822182944,Edward Cabrera,0.18070950102529046,0.09598086124401913,0.2419182444631641
2026-05-01,SDP,CHW,10.0,2.0,8.0,5.8,7.2,4.9,5.4,5.0,4.45,5.8,5.0,6.2,4.9,4.5,4.0,2026-05-01,Germ\xc3\xa1n M\xc3\xa1rquez,0.16459096459096456,0.0683272283272283,0.19282051282051277,Noah Schultz,0.28444444444444444,0.1385185185185185,0.24949087650700552
2026-05-09,SDP,STL,6.0,4.0,2.0,3.6,3.4,3.1,4.5,3.9,4.8,3.4,2.8,5.3,3.4,5.0,3.85,2026-05-09,Randy V\xc3\xa1squez,0.22534013605442174,0.08259390712806859,0.23918802213616597,Dustin May,0.16141341496032569,0.05737525632262471,0.14100410133262295
2026-05-19,SDP,LAD,9.0,4.0,5.0,3.8,2.8,3.1,3.1,3.85,4.35,7.2,1.2,4.9,3.5,4.45,3.15,2026-05-19,Griffin Canning,0.24618364092048298,0.1781727044884939,0.2768115942028985,Emmet Sheehan,0.28793126659974483,0.0694283675261936,0.306445932018234
2026-05-20,SDP,LAD,4.0,0.0,4.0,4.4,2.4,3.4,3.4,3.7,4.0,7.2,1.6,5.2,3.2,4.45,3.15,2026-05-20,Randy V\xc3\xa1squez,0.2237493987493987,0.06423970554405335,0.2348810757248011,Shohei Ohtani,0.2931163039858692,0.06443496117409159,0.30127566070198414
2026-05-22,SDP,ATH,10.0,7.0,3.0,4.0,3.2,3.4,3.2,3.25,3.85,5.0,5.2,4.6,4.3,4.85,4.55,2026-05-22,Walker Buehler,0.20733855939805595,0.08385737069947592,0.18750675345668924,Jeffrey Springs,0.20643929259146648,0.06920289493115578,0.2181652315620591
2026-05-25,SDP,PHI,3.0,0.0,3.0,3.0,3.4,3.4,3.1,3.35,3.2,1.8,3.4,3.0,2.5,3.85,2.8,2026-05-25,Griffin Canning,0.24713773069036224,0.14612952836637044,0.27212482468443194,Jes\xc3\xbas Luzardo,0.27996186502708237,0.06771687893427021,0.3003278719772913
2026-05-26,SDP,PHI,7.0,3.0,4.0,2.2,3.0,3.3,2.7,3.35,3.15,2.2,2.6,3.2,2.2,3.7,2.55,2026-05-26,Randy V\xc3\xa1squez,0.20137445887445882,0.07210144927536229,0.21433414462290923,Aaron Nola,0.22308739569609132,0.08207378129117257,0.22590793733860495
2026-05-27,SDP,PHI,3.0,0.0,3.0,2.8,3.0,3.4,3.1,3.3,3.2,2.2,1.4,3.3,2.4,3.9,2.5,2026-05-27,Walker Buehler,0.20478652164006853,0.09365345181134652,0.1903776997326419,Cristopher S\xc3\xa1nchez,0.2934980807825635,0.05467769778114602,0.3063884784221593
2026-06-06,SDP,NYM,5.0,3.0,2.0,2.0,4.2,2.4,4.5,2.9,3.8,6.2,2.2,4.0,3.5,4.1,3.8,2026-06-06,Griffin Canning,0.22329023315865415,0.1341260347839295,0.23771087603075605,Nolan McLean,0.2829515853150237,0.087807534600736,0.22099167105965678
2026-06-07,SDP,NYM,10.0,3.0,7.0,2.2,3.8,2.7,4.4,3.0,3.55,5.4,2.6,4.1,3.4,4.15,3.85,2026-06-07,Randy V\xc3\xa1squez,0.18672230547230542,0.0632896692679301,0.20232938233192424,Huascar Brazob\xc3\xa1n,0.22698412698412695,0.08348030570252793,0.2735735034754643
2026-06-08,SDP,CIN,8.0,6.0,2.0,2.4,4.6,2.7,4.7,3.05,3.9,3.0,7.0,3.5,5.8,4.65,5.6,2026-06-08,Walker Buehler,0.2007480272926497,0.0815167653983443,0.1892570574695093,Andrew Abbott,0.15640782219729582,0.10370785160258841,0.1906281767804712
2026-06-26,SDP,LAD,8.0,7.0,1.0,4.4,3.2,4.1,3.4,3.6,3.95,4.2,4.4,4.1,4.0,5.1,4.25,2026-06-26,Walker Buehler,0.20778456902026693,0.07444862155388468,0.193094166794563,Roki Sasaki,0.24040888505771446,0.08668455661766697,0.26966029879089803
2026-06-27,SDP,LAD,18.0,3.0,15.0,4.6,3.2,4.5,2.8,3.75,3.55,4.0,5.2,3.8,4.1,4.8,4.6,2026-06-27,Randy V\xc3\xa1squez,0.176136110266545,0.07201325244803503,0.19152665317574555,Yoshinobu Yamamoto,0.2484528319621487,0.04901437704232733,0.24639426860148
2026-04-22,SEA,ATH,9.0,5.0,4.0,3.6,4.2,3.9,4.0,3.6,3.65,4.6,6.2,4.4,5.1,3.7,4.45,2026-04-22,Logan Gilbert,0.2768115942028985,0.041666666666666644,0.26756385506385505,Aaron Civale,0.1677188552188552,0.057954545454545446,0.20995728379079384
2026-05-01,SEA,KCR,13.0,6.0,7.0,6.0,5.2,4.9,4.5,4.7,4.4,5.8,4.6,5.0,6.2,3.65,4.8,2026-05-01,Bryan Woo,0.1888093443565707,0.04180165162174155,0.20350863466384192,Cole Ragans,0.297487922705314,0.15809523809523807,0.23885018008841227
2026-05-05,SEA,ATL,5.0,2.0,3.0,4.8,3.8,5.0,4.7,4.45,4.35,6.8,4.6,6.1,3.5,6.35,3.9,2026-05-05,George Kirby,0.19258885613565413,0.06414022758850343,0.19469072488636502,Bryce Elder,0.2119840132262492,0.07716165247221143,0.19124963761957406
2026-05-06,SEA,ATL,4.0,3.0,1.0,3.8,4.2,4.7,4.6,4.25,4.45,7.0,4.0,5.7,3.5,5.85,3.95,2026-05-06,Bryan Woo,0.17326515230563205,0.035829987104349904,0.1934835916166264,Mart\xc3\xadn P\xc3\xa9rez,0.18247059957586267,0.07921566737356207,0.17892928712165532
2026-05-15,SEA,SDP,2.0,0.0,2.0,4.6,2.8,4.6,3.4,4.8,4.2,2.4,4.4,3.4,3.6,3.95,5.0,2026-05-15,Emerson Hancock,0.2644491140057501,0.04885396089629496,0.21404923403469914,Randy V\xc3\xa1squez,0.234672619047619,0.07226966873706002,0.23646343241262346
2026-05-16,SEA,SDP,11.0,4.0,7.0,4.4,2.0,4.5,3.2,4.6,4.0,2.8,3.2,3.2,3.3,4.0,5.0,2026-05-16,Logan Gilbert,0.2578636093967901,0.04676767676767674,0.2658558884721675,Walker Buehler,0.19916497023190383,0.08297590567327406,0.19674055218422992
2026-05-18,SEA,CHW,7.0,6.0,1.0,5.0,4.4,4.5,4.0,4.6,4.3,6.2,5.0,5.2,5.1,5.65,4.35,2026-05-18,Bryan Woo,0.224047499412317,0.04770903758909753,0.20214042367684534,Brandon Eisert,0.09722222222222221,0.15277777777777776,0.23164983164983166
2026-05-20,SEA,CHW,9.0,5.0,4.0,2.8,4.0,3.7,3.4,4.25,3.9,4.4,4.4,5.0,4.6,4.9,3.9,2026-05-20,Emerson Hancock,0.2653689094192526,0.048476248069433896,0.21163350717614282,Sean Burke,0.20374176548089587,0.05437417654808958,0.16780387629688198
2026-05-30,SEA,ARI,6.0,5.0,1.0,5.6,3.4,4.5,3.2,4.45,3.35,6.0,2.8,5.7,2.6,4.75,2.85,2026-05-30,Bryan Woo,0.23217971834777063,0.05125169909823035,0.20272202322583832,Ryne Nelson,0.19327880374388487,0.07484010438740434,0.18374027060703788
2026-06-02,SEA,NYM,11.0,8.0,3.0,6.6,2.6,4.7,2.5,4.6,3.25,4.8,3.6,3.2,3.7,4.15,4.0,2026-06-02,Logan Gilbert,0.25347266295588183,0.05612954946288277,0.25587839366927034,Huascar Brazob\xc3\xa1n,0.22514285714285712,0.08571428571428572,0.27519964349376114
2026-06-03,SEA,NYM,8.0,1.0,7.0,7.0,1.6,4.9,2.7,4.85,3.35,5.0,3.8,3.1,3.7,4.1,4.3,2026-06-03,George Kirby,0.1989755670227934,0.05859896100900596,0.19722266708162914,Freddy Peralta,0.2357896076012018,0.09815818641905595,0.2490087155369547
2026-06-16,SEA,BAL,4.0,3.0,1.0,4.2,6.8,3.9,5.6,4.4,4.15,5.2,4.8,5.8,4.7,5.35,4.25,2026-06-16,Logan Gilbert,0.258764258818198,0.0575689757677335,0.26588045987978276,Brandon Young,0.16766855756329438,0.08338350927824609,0.20630796122201578
2026-06-17,SEA,BAL,8.0,3.0,5.0,4.4,5.6,4.1,5.0,4.5,4.1,4.0,5.0,5.1,4.8,5.15,4.25,2026-06-17,George Kirby,0.20988796013962,0.06126977886348199,0.2043367541550742,Kyle Bradish,0.22656076007824938,0.12239552469856486,0.23413439064991654
2026-06-18,SEA,BAL,3.0,3.0,0.0,4.0,5.2,4.1,4.8,4.4,4.15,3.6,4.6,4.3,4.8,5.35,4.2,2026-06-18,Bryan Woo,0.24131811088493457,0.043374782210721365,0.20947428685398511,Shane Baz,0.18960866309388472,0.08716240655895825,0.193165592530638
2026-06-19,SEA,BOS,8.0,2.0,6.0,2.6,4.8,4.0,4.8,4.45,4.15,2.8,4.4,3.4,4.3,4.4,4.25,2026-06-19,Bryce Miller,0.29713587009252646,0.03524251805985552,0.2229347880801369,Ranger Suarez,0.2391427440032439,0.07543770322462452,0.21925070008920636
2026-06-20,SEA,BOS,6.0,1.0,5.0,2.4,4.4,3.8,4.9,4.55,4.2,2.8,4.2,3.9,3.9,4.4,4.0,2026-06-20,Emerson Hancock,0.2353283743607378,0.05419978965255196,0.2013677433534921,Connelly Early,0.22076870437445786,0.09172623488167779,0.20169706859303554
2026-06-21,SEA,BOS,4.0,3.0,1.0,2.4,3.4,3.3,5.1,4.3,4.05,3.0,3.2,4.3,3.7,4.25,4.05,2026-06-21,Logan Gilbert,0.26817997489698475,0.05639771071655127,0.27176620699890836,Payton Tolle,0.26056410256410256,0.07042823842823841,0.22380694145359517
2026-06-29,SEA,LAA,8.0,6.0,2.0,2.6,5.4,2.5,4.1,3.3,4.45,3.6,3.8,4.2,3.9,4.9,4.1,2026-06-29,George Kirby,0.20772603919624158,0.05824068613517636,0.2002289547574848,Ryan Johnson,0.16604845446950708,0.11233614338877496,0.2446980474133981
2026-06-30,SEA,LAA,11.0,8.0,3.0,3.6,3.6,2.8,4.3,3.4,4.55,3.8,3.8,3.7,4.5,4.9,4.0,2026-06-30,Bryan Woo,0.24615334702431776,0.0467029344343812,0.2128633127456181,Jos\xc3\xa9 Soriano,0.2503761088457772,0.11754308575985696,0.3011808017828977
2026-04-21,SFG,LAD,4.0,3.0,1.0,3.4,3.6,3.8,3.3,3.4,4.15,7.2,3.8,5.8,3.5,6.0,3.5,2026-04-21,Landen Roupp,0.2708488612836439,0.0784886128364389,0.22390352787456444,Yoshinobu Yamamoto,0.21915584415584416,0.030708874458874425,0.28216490250067705
2026-04-22,SFG,LAD,3.0,3.0,0.0,3.8,3.4,3.5,3.4,3.55,4.05,5.8,4.0,5.1,3.1,5.9,3.55,2026-04-22,Tyler Mahle,0.2420076726342711,0.13019501278772375,0.22059817170111287,Shohei Ohtani,0.2662494510320597,0.08767018006148436,0.26737310308738876
2026-04-23,SFG,LAD,3.0,0.0,3.0,3.8,1.8,3.3,3.4,3.65,3.9,4.4,4.4,4.5,3.1,5.8,3.5,2026-04-23,Logan Webb,0.20587301587301585,0.08472690272690268,0.17971899363095373,Tyler Glasnow,0.30480072463768115,0.0629528985507246,0.2650584795321637
2026-04-24,SFG,MIA,13.0,4.0,9.0,3.2,2.4,2.7,3.4,3.5,3.95,3.8,3.4,4.0,4.7,4.7,4.5,2026-04-24,Adrian Houser,0.09985449735449732,0.07018518518518516,0.16519331831831827,Sandy Alcantara,0.1601612903225806,0.09266666666666665,0.24864763083536018
2026-04-25,SFG,MIA,8.0,6.0,2.0,2.0,3.2,2.9,3.7,3.25,4.25,5.2,3.2,4.8,4.5,4.95,4.25,2026-04-25,Robbie Ray,0.26942390942390937,0.098041958041958,0.26549849143386095,Tyler Phillips,0.2781746031746032,0.148015873015873,0.36343537414965993
2026-04-26,SFG,MIA,9.0,6.0,3.0,3.2,3.0,3.3,3.3,3.5,4.0,4.6,3.8,4.8,4.3,4.6,4.45,2026-04-26,Landen Roupp,0.2866790890269151,0.11279089026915112,0.2331768763537056,Max Meyer,0.25258799171842644,0.09896480331262936,0.29146693577775906
2026-05-05,SFG,SDP,15.0,5.0,10.0,1.2,4.0,2.5,3.7,3.0,3.55,2.4,4.6,4.7,6.2,4.45,4.8,2026-05-05,Logan Webb,0.20342872781296426,0.08095344356428096,0.19273558612173228,Walker Buehler,0.21344839371155158,0.11063454089769875,0.21402418185152458
2026-05-08,SFG,PIT,7.0,5.0,2.0,2.0,5.0,2.8,4.9,2.75,4.15,4.6,3.6,5.0,4.9,4.95,4.15,2026-05-08,Robbie Ray,0.2521240664097807,0.09043813329527613,0.24454374037992868,Carmen Mlodzinski,0.2582174898945085,0.08321009563245584,0.2028744673678555
2026-05-09,SFG,PIT,16.0,3.0,13.0,3.0,4.8,2.9,4.2,2.9,3.95,1.6,3.2,5.0,5.0,4.25,4.15,2026-05-09,Landen Roupp,0.2737838903677413,0.10356929245128,0.23859398372029034,Braxton Ashcraft,0.2816223459080602,0.08291967291967291,0.27658458935737495
2026-05-22,SFG,CHW,13.0,4.0,9.0,4.8,5.6,4.3,4.7,3.45,5.0,4.0,5.0,4.6,3.9,4.9,4.1,2026-05-22,Trevor McDonald,0.22649572649572647,0.038461538461538436,0.25583809029579657,Davis Martin,0.27613163808815977,0.04806807524198826,0.24507836278984957
2026-05-23,SFG,CHW,13.0,10.0,3.0,4.4,6.6,3.8,5.3,3.35,5.3,4.8,3.8,4.9,4.2,5.1,4.1,2026-05-23,Adrian Houser,0.11771819511204201,0.08926613366481148,0.15814713081973972,Erick Fedde,0.14184631158315364,0.09539758487126905,0.15897370750984963
2026-05-24,SFG,CHW,13.0,8.0,5.0,4.4,7.0,4.2,5.4,3.85,5.1,3.8,5.2,5.0,5.1,4.85,4.25,2026-05-24,Robbie Ray,0.21946343511560898,0.09708595752074009,0.2343584492069389,Brandon Eisert,0.1875,0.17361111111111108,0.27832491582491586
2026-05-25,SFG,ARI,8.0,2.0,6.0,5.6,5.6,5.0,5.5,4.15,5.2,4.8,2.4,6.0,2.8,4.6,2.9,2026-05-25,Landen Roupp,0.27395548654244306,0.097498504715896,0.23906588748357036,Merrill Kelly,0.14957580054354244,0.09199633699633698,0.250026335815335
2026-05-26,SFG,ARI,12.0,5.0,7.0,5.4,5.8,5.0,5.6,4.25,5.35,4.8,2.2,5.7,2.9,4.9,2.9,2026-05-26,Tyler Mahle,0.23581776450318648,0.09028546432254869,0.1921975191021102,Eduardo Rodr\xc3\xadguez,0.17717635847088858,0.09312000575394683,0.15430283440718542
2026-05-27,SFG,ARI,5.0,2.0,3.0,5.8,6.0,5.3,5.8,4.45,5.45,5.8,3.0,6.2,3.0,5.05,2.75,2026-05-27,Trevor McDonald,0.2254273504273504,0.0427350427350427,0.25854523438851407,Michael Soroka,0.23922490070316155,0.06035079735079731,0.2033656729067846
2026-06-08,SFG,WSN,7.0,3.0,4.0,7.2,7.2,7.1,6.8,6.05,6.2,5.0,3.6,4.8,4.1,5.25,3.55,2026-06-08,Logan Webb,0.20479141381690105,0.0760152365819532,0.19041730262971018,Miles Mikolas,0.1411960614205196,0.06517830209006678,0.14605540062893313
2026-06-09,SFG,WSN,9.0,3.0,6.0,7.4,4.8,6.9,6.5,6.1,6.15,5.2,2.8,5.0,4.1,5.3,3.6,2026-06-09,Adrian Houser,0.1431227011680863,0.0864301197291281,0.16349517196304328,Richard Lovelady,0.17634310134310133,0.10686813186813186,0.2002148492533108
2026-06-10,SFG,WSN,21.0,11.0,10.0,7.4,4.4,7.0,6.8,5.95,6.25,6.2,2.6,5.1,3.7,4.95,3.6,2026-06-10,Robbie Ray,0.21875055062874108,0.12673471573313147,0.232751848811773,Foster Griffin,0.23020747859917637,0.06989466621573642,0.21302492875677698
2026-06-12,SFG,CHC,6.0,1.0,5.0,9.4,6.4,7.5,7.0,6.0,6.7,4.8,7.4,4.4,5.3,3.55,5.65,2026-06-12,Landen Roupp,0.2640313309878527,0.10541589650285298,0.24513443434878704,Javier Assad,0.13830088040614352,0.04868206841891051,0.11846297344316582
2026-06-13,SFG,CHC,7.0,1.0,6.0,7.2,5.6,7.3,6.7,5.95,6.35,4.4,6.4,4.2,5.2,3.65,5.3,2026-06-13,Trevor McDonald,0.22621822621822618,0.07451278879850305,0.2549337937615325,Ben Brown,0.2487968721816929,0.0721889132281962,0.23987958618061578
2026-06-14,SFG,CHC,6.0,5.0,1.0,3.8,6.2,5.5,6.7,5.85,6.4,5.0,3.0,4.3,4.7,3.8,4.9,2026-06-14,Logan Webb,0.20974303612984269,0.06910476052904836,0.19376779577907535,Colin Rea,0.18381285323831903,0.07983177105847912,0.1932812881810007
2026-06-23,SFG,ATH,4.0,3.0,1.0,4.2,3.8,4.2,4.7,5.55,5.6,4.2,6.8,5.8,7.1,4.9,6.8,2026-06-23,Robbie Ray,0.22110554967534368,0.11563385508465597,0.23074172778089613,Aaron Civale,0.14870286047822276,0.06803504466547942,0.18330169147502715
2026-06-24,SFG,ATH,3.0,2.0,1.0,3.4,3.6,4.2,4.2,5.6,5.5,3.4,6.2,5.5,7.1,4.9,6.5,2026-06-24,Tyler Mahle,0.22801614954835134,0.09571405847504426,0.18190205085837768,Gage Jump,0.21814285714285714,0.07452380952380952,0.22467936860278703
2026-06-25,SFG,ATH,15.0,6.0,9.0,2.4,2.8,3.3,3.3,5.4,5.15,2.8,4.2,5.0,6.9,4.85,6.2,2026-06-25,Landen Roupp,0.264160486856139,0.10069377696913925,0.25032863098107,Jeffrey Springs,0.2032893525556569,0.07614281174743129,0.2102711846045527
2026-06-26,SFG,ATL,4.0,1.0,3.0,3.0,3.8,3.8,3.7,5.55,5.2,2.6,4.0,2.9,5.0,3.75,4.2,2026-06-26,Adrian Houser,0.1668942880760468,0.08428704140047714,0.18248565760097588,Reynaldo L\xc3\xb3pez,0.21137566137566136,0.11586099086099083,0.20758452393888824
2026-06-27,SFG,ATL,5.0,5.0,0.0,2.6,3.2,3.8,3.4,4.65,5.05,2.6,3.8,2.7,4.4,3.5,4.1,2026-06-27,Logan Webb,0.20824410749448227,0.061037361473297316,0.18983648653833848,Grant Holmes,0.20301950635077565,0.1209196725760193,0.2698786733213402
2026-06-28,SFG,ATL,5.0,3.0,2.0,3.4,2.8,3.8,3.3,4.8,4.25,1.8,4.2,2.4,4.8,3.25,4.25,2026-06-28,Robbie Ray,0.22021748730339333,0.11702742879703737,0.22695866766693054,Chris Sale,0.28850711349725,0.06121856677864386,0.2714537212679945
2026-04-25,STL,SEA,20.0,9.0,11.0,3.6,4.0,3.9,5.2,4.3,5.2,3.8,3.8,3.5,4.3,3.5,3.9,2026-04-25,Matthew Liberatore,0.13502239789196308,0.08523583662714093,0.1697972203235361,Bryan Woo,0.21546010211677374,0.05016198194608986,0.2242103615966103
2026-04-26,STL,SEA,5.0,2.0,3.0,4.0,5.2,4.7,5.6,4.3,5.4,5.0,5.2,4.5,4.8,4.05,4.1,2026-04-26,Michael McGreevy,0.14322981366459625,0.04643892339544512,0.12597902544711054,Emerson Hancock,0.2590160183066361,0.040274599542334075,0.20880952380952378
2026-05-01,STL,LAD,9.0,7.0,2.0,6.4,4.2,5.2,4.7,5.0,4.95,5.2,2.6,4.6,2.8,4.75,3.2,2026-05-01,Matthew Liberatore,0.13883445438365344,0.07980179368051218,0.1692754613807245,Emmet Sheehan,0.2657888407888408,0.08369408369408367,0.3023917638337628
2026-05-02,STL,LAD,5.0,3.0,2.0,7.4,4.0,5.6,4.4,5.1,4.9,3.2,3.2,3.6,3.2,4.7,3.35,2026-05-02,Michael McGreevy,0.16481272350837564,0.0386991028295376,0.14483759366969357,Roki Sasaki,0.20412823891084755,0.12064119455423801,0.27006763504886155
2026-05-03,STL,LAD,5.0,1.0,4.0,7.2,4.0,5.4,4.3,4.95,4.55,2.4,3.8,3.7,3.2,4.4,3.15,2026-05-03,Dustin May,0.1683156507870466,0.05360446570972883,0.1360495003352146,Justin Wrobleski,0.12371113042918314,0.07948957360722064,0.1374050890773732
2026-05-04,STL,MIL,9.0,6.0,3.0,5.2,3.4,5.4,4.3,4.7,4.7,5.4,2.4,5.1,3.0,4.35,3.45,2026-05-04,Kyle Leahy,0.16505031129711434,0.08503978402955382,0.16483377660782375,Shane Drohan,0.20548245614035085,0.07982456140350876,0.2648065476190476
2026-05-06,STL,MIL,8.0,2.0,6.0,5.4,3.2,5.8,4.3,4.85,4.75,5.6,2.4,5.2,3.1,4.4,3.6,2026-05-06,Andre Pallante,0.19062693881534454,0.10583404786303334,0.24558431334747122,Brandon Sproat,0.21540616246498598,0.1392662620603797,0.1923983198373442
2026-05-16,STL,KCR,6.0,4.0,2.0,4.2,3.6,3.5,3.4,4.55,3.9,4.0,5.0,4.1,4.4,4.55,4.95,2026-05-16,Kyle Leahy,0.17854963823474052,0.09758936183168918,0.18644502555049697,Noah Cameron,0.19544013037801852,0.08582131579025987,0.21447559223722013
2026-05-20,STL,PIT,7.0,0.0,7.0,3.4,3.6,3.5,3.2,4.45,3.75,2.8,5.0,3.4,4.4,4.3,4.65,2026-05-20,Michael McGreevy,0.18865361691448645,0.057878997009431776,0.1757835511677418,Carmen Mlodzinski,0.21677785445901385,0.08138562993635454,0.1837652783712469
2026-05-21,STL,PIT,8.0,2.0,6.0,2.2,4.2,2.9,3.6,4.35,3.95,3.6,4.8,4.1,3.5,4.6,4.35,2026-05-21,Dustin May,0.17077168741928464,0.07097847571531779,0.1624611845053192,Braxton Ashcraft,0.26452189785523117,0.06449307893752337,0.25474623678178243
2026-05-29,STL,CHC,11.0,6.0,5.0,2.4,4.0,2.3,4.1,3.4,3.6,4.8,5.6,3.1,5.4,3.45,4.65,2026-05-29,Andre Pallante,0.1854608193738628,0.09019355041094168,0.2202053164750028,Shota Imanaga,0.2631279087738418,0.06446856970780412,0.28066908895661535
2026-05-30,STL,CHC,7.0,1.0,6.0,3.2,3.8,2.7,4.0,3.2,3.6,4.8,5.2,3.3,5.1,3.45,4.75,2026-05-30,Kyle Leahy,0.1841730439211257,0.09840482279868466,0.19834630384120727,Ben Brown,0.24714476495726495,0.07520566239316238,0.24652705223413157
2026-06-01,STL,TEX,3.0,1.0,2.0,2.6,4.0,2.4,4.1,3.0,3.75,5.2,3.8,4.5,5.1,4.55,3.9,2026-06-01,Michael McGreevy,0.18264285121992627,0.06324874071909643,0.1827506444286186,Jacob deGrom,0.28631186702332945,0.04884789928268187,0.3244184768913411
2026-06-02,STL,TEX,11.0,4.0,7.0,2.8,3.2,2.5,4.1,3.0,3.65,5.0,3.2,4.1,4.3,4.5,3.95,2026-06-02,Dustin May,0.19790410788850563,0.06534602558526001,0.19163490853465512,Nathan Eovaldi,0.23282210981815724,0.056141571793745675,0.29060887513862566
2026-06-03,STL,TEX,8.0,5.0,3.0,3.4,4.2,2.9,4.1,2.9,3.85,6.2,3.0,4.6,4.2,4.85,4.1,2026-06-03,Andre Pallante,0.18375226003684497,0.08704464178772475,0.2135556352981309,MacKenzie Gore,0.2600690869233068,0.11662516192247648,0.22935333046639653
2026-06-05,STL,CIN,13.0,10.0,3.0,3.2,3.8,3.2,3.8,3.05,3.7,3.0,6.2,4.1,5.1,4.5,5.1,2026-06-05,Kyle Leahy,0.18474605724431345,0.08945892981698605,0.19395118531018846,Brady Singer,0.15340628823178779,0.0660217808064698,0.20417920624551844
2026-06-06,STL,CIN,11.0,6.0,5.0,5.0,3.2,3.4,4.0,3.45,3.8,3.0,6.6,3.5,5.7,4.65,5.1,2026-06-06,Matthew Liberatore,0.20907820027671284,0.08435396792376194,0.20976370752959986,Nick Lodolo,0.18002543433577917,0.10604941035975517,0.2225425243614138
2026-06-07,STL,CIN,8.0,5.0,3.0,5.2,4.0,3.9,4.0,3.45,4.05,3.6,6.8,3.9,5.5,4.75,5.35,2026-06-07,Michael McGreevy,0.17104580202406286,0.0652243891374326,0.17971654601078654,Chris Paddack,0.15828726508979568,0.07938169417964812,0.19682113597773454
2026-06-15,STL,SDP,3.0,3.0,0.0,6.8,5.4,6.7,4.1,4.8,4.1,5.6,3.6,4.0,4.1,3.45,4.0,2026-06-15,Dustin May,0.21728249688467957,0.0651995507865953,0.19665462084451632,Lucas Giolito,0.1471031746031746,0.1887301587301587,0.23997633536173085
2026-06-17,STL,SDP,7.0,1.0,6.0,5.4,4.4,5.8,3.7,4.6,3.85,3.8,3.6,3.6,3.8,3.1,4.15,2026-06-17,Kyle Leahy,0.17785468737750332,0.08728968702585607,0.18565856296233482,Griffin Canning,0.23819135907951694,0.1397940874914559,0.23939426813417813
2026-06-22,STL,ARI,5.0,3.0,2.0,5.4,7.6,5.5,6.3,5.4,4.75,5.4,6.6,4.2,4.5,3.4,5.25,2026-06-22,Andre Pallante,0.19264282129188956,0.08055577962410257,0.2068933235158834,Merrill Kelly,0.1355481033952282,0.08658042239563975,0.20723602515416473
2026-06-23,STL,ARI,7.0,3.0,4.0,5.4,7.6,5.4,6.0,5.5,4.55,5.8,5.8,4.4,4.6,3.45,5.15,2026-06-23,Kyle Leahy,0.18598411446958643,0.08403089985734254,0.18981883982391023,Eduardo Rodr\xc3\xadguez,0.1814632513262714,0.10248741124337195,0.16358995339550023
2026-06-26,STL,MIA,4.0,0.0,4.0,5.4,6.2,4.4,5.8,5.55,5.05,4.2,2.8,4.3,3.8,4.6,3.2,2026-06-26,Michael McGreevy,0.16245983002504738,0.060411395367917085,0.1648647057261851,Max Meyer,0.2672813343057908,0.08952085555346422,0.2711919468029217
2026-06-27,STL,MIA,6.0,1.0,5.0,4.4,5.8,4.0,5.7,5.35,4.9,3.8,2.2,4.3,3.6,4.45,3.05,2026-06-27,Andre Pallante,0.18535552209465248,0.07518539431582907,0.2026242448053007,Lake Bachar,0.27544955044955044,0.09116577866577866,0.295341292358051
2026-06-28,STL,MIA,3.0,2.0,1.0,2.2,4.8,3.8,6.2,5.15,5.0,4.4,2.2,4.8,3.0,4.5,3.05,2026-06-28,Kyle Leahy,0.18191850683828067,0.0839843954224086,0.187975061313127,Tyler Phillips,0.21057328914471768,0.11246134817563389,0.26280216380182175
2026-04-24,TBR,MIN,8.0,6.0,2.0,3.4,6.0,4.8,4.8,4.7,5.5,4.0,4.6,5.9,4.4,5.55,4.7,2026-04-24,Drew Rasmussen,0.26710526315789473,0.04583333333333332,0.19681020733652307,Taj Bradley,0.2946804813967285,0.09069488939740653,0.24848163378826707
2026-04-25,TBR,MIN,7.0,6.0,1.0,4.4,5.4,4.9,4.7,4.65,5.15,4.2,5.4,5.4,4.6,5.6,4.85,2026-04-25,Shane McClanahan,0.22916306110544896,0.1417754744918562,0.2362295261157636,Bailey Ober,0.20364504776269482,0.08078179989944692,0.22042558086036346
2026-04-26,TBR,MIN,6.0,4.0,2.0,5.0,4.4,5.0,4.4,4.4,4.85,3.6,5.6,4.7,5.0,5.2,4.5,2026-04-26,Griffin Jax,0.25,0.1431818181818182,0.31557987467078374,Simeon Woods Richardson,0.11117327117327117,0.08487956487956486,0.1453328515183725
2026-05-01,TBR,SFG,3.0,3.0,0.0,3.0,1.6,3.7,3.5,4.3,3.9,3.6,4.8,3.4,3.6,3.4,3.6,2026-05-01,Shane McClanahan,0.24999711555102583,0.132467998641104,0.24676139867038865,Robbie Ray,0.2562659562659562,0.10551115551115547,0.2656931873059952
2026-05-02,TBR,SFG,6.0,5.0,1.0,2.4,1.4,3.7,2.9,4.1,3.85,2.8,3.6,2.4,3.4,3.3,3.5,2026-05-02,Griffin Jax,0.25,0.14166666666666666,0.3216889591889592,Landen Roupp,0.2759362778927996,0.1063380875699716,0.23135110066512507
2026-05-04,TBR,TOR,6.0,5.0,1.0,2.6,1.2,4.1,2.4,4.05,3.7,6.0,3.8,4.8,3.7,4.15,4.15,2026-05-04,Nick Martinez,0.1637004662004662,0.06251359751359749,0.16952720245403172,Eric Lauer,0.15413906269169425,0.11228785834048989,0.13780430519560952
2026-05-05,TBR,TOR,7.0,4.0,3.0,3.0,1.0,4.0,1.3,4.2,3.3,4.6,4.6,4.3,3.4,4.0,4.05,2026-05-05,Drew Rasmussen,0.2614035087719298,0.04444444444444442,0.21408206916162845,Kevin Gausman,0.2626801475739037,0.047898550724637674,0.2529021113309369
2026-05-06,TBR,TOR,3.0,3.0,0.0,3.6,1.6,3.8,1.5,4.3,3.15,5.0,4.0,4.1,3.5,4.05,3.85,2026-05-06,Shane McClanahan,0.24999759629252152,0.11038999886758667,0.26265204275163967,Patrick Corbin,0.19192546583850928,0.06901311249137335,0.18436507936507934
2026-05-15,TBR,MIA,9.0,7.0,2.0,4.6,2.4,4.1,2.0,3.9,2.85,4.6,5.2,4.0,4.9,3.9,4.35,2026-05-15,Ian Seymour,0.27208994708994705,0.082010582010582,0.3016828687881319,Janson Junk,0.1835601197769233,0.05507270362686112,0.1675867657071819
2026-05-17,TBR,MIA,9.0,6.0,3.0,5.4,2.8,4.7,1.9,4.2,2.7,3.4,5.2,4.2,5.5,3.8,4.65,2026-05-17,Drew Rasmussen,0.2536613272311213,0.043768115942028965,0.21252233618494684,Tyler Phillips,0.2423241288625904,0.10922688422688422,0.2892979242979243
2026-05-18,TBR,BAL,22.0,16.0,6.0,5.0,2.6,5.0,2.2,4.35,2.55,4.2,5.0,3.4,4.2,4.15,5.7,2026-05-18,Shane McClanahan,0.2611093083305023,0.09598694359513443,0.2601867992088653,Trevor Rogers,0.19200905834446202,0.09161453338471968,0.25582607296751575
2026-05-19,TBR,BAL,5.0,4.0,1.0,8.2,3.4,6.1,2.7,5.1,2.55,5.0,7.0,3.7,5.4,4.3,6.25,2026-05-19,Griffin Jax,0.2284313725490196,0.1372549019607843,0.29809190809190805,Kyle Bradish,0.25132006075306346,0.12291968514953508,0.2507011848142958
2026-05-20,TBR,BAL,8.0,5.0,3.0,8.2,3.4,6.0,2.7,5.0,2.0,3.8,7.8,3.5,5.4,4.1,6.3,2026-05-20,Steven Matz,0.19306304339917782,0.09288369893411909,0.20972508724167277,Shane Baz,0.187069852242266,0.09069184327805015,0.18520218436814165
2026-05-29,TBR,LAA,13.0,8.0,5.0,2.4,4.8,5.3,4.1,4.35,2.8,4.8,2.8,4.4,6.0,3.45,5.4,2026-05-29,Nick Martinez,0.15050535696187867,0.05046404320317362,0.16710540393467221,Walbert Ure\xc3\xb1a,0.21020406127194835,0.1355010500700813,0.24906273299220721
2026-05-30,TBR,LAA,17.0,3.0,14.0,3.0,5.2,5.3,4.1,4.7,3.05,4.8,4.0,4.7,5.3,3.7,5.5,2026-05-30,Drew Rasmussen,0.23626239511823038,0.04751449275362316,0.21122666015674865,Reid Detmers,0.2815664806573897,0.07485194939740393,0.25267290892721583
2026-05-31,TBR,LAA,7.0,5.0,2.0,2.8,7.6,4.9,5.3,4.8,3.6,7.2,4.4,6.0,4.6,4.2,5.5,2026-05-31,Shane McClanahan,0.24926011747185522,0.09500901657383011,0.2623722055849625,Jack Kochanowicz,0.1657199892773015,0.11079081802401958,0.22694343530687358
2026-06-02,TBR,DET,8.0,0.0,8.0,5.4,8.4,4.1,5.6,5.1,4.15,3.4,5.0,3.5,5.1,3.0,5.2,2026-06-02,Steven Matz,0.19518556244046437,0.09766045138594157,0.2016909408705074,Jack Flaherty,0.2530047739572911,0.11978864321541664,0.2350947438123179
2026-06-08,TBR,BOS,4.0,3.0,1.0,2.4,4.6,3.9,6.5,4.7,4.8,3.6,4.4,4.9,4.1,4.35,4.2,2026-06-08,Ian Seymour,0.2567016317016317,0.07915417915417915,0.29997458681669203,Connelly Early,0.22656509874282563,0.08634834756592952,0.2021367978177515
2026-06-09,TBR,BOS,7.0,4.0,3.0,3.0,3.2,4.0,5.5,4.65,4.8,3.4,4.2,4.2,4.4,4.35,4.2,2026-06-09,Nick Martinez,0.14464110835487645,0.04584124812385679,0.16182394772333794,Payton Tolle,0.27659798534798535,0.07166625041625041,0.245517223825541
2026-06-19,TBR,WSN,7.0,5.0,2.0,3.0,4.2,3.3,3.8,3.6,5.25,6.6,3.4,5.6,4.9,5.45,4.4,2026-06-19,Steven Matz,0.15872986490633545,0.09325210736975441,0.16347834367958203,Miles Mikolas,0.13890870932659866,0.05648786181139121,0.1348740301385713
2026-06-20,TBR,WSN,7.0,3.0,4.0,4.0,3.0,3.7,3.6,3.8,5.05,5.4,3.8,5.7,4.9,5.25,4.5,2026-06-20,Ian Seymour,0.25781733147804575,0.08274775819418677,0.30034506563854124,Cade Cavalli,0.23818723837263792,0.08332231091821883,0.23161797564093395
2026-06-21,TBR,WSN,7.0,4.0,3.0,3.0,3.2,3.7,3.9,3.85,4.7,4.2,4.2,5.7,4.9,5.35,4.5,2026-06-21,Nick Martinez,0.14874961764713315,0.04253925163863049,0.16453502535519235,Andrew Alvarez,0.2542029151404151,0.09969474969474965,0.2671130612307082
2026-06-22,TBR,KCR,3.0,1.0,2.0,3.2,3.0,3.7,3.9,3.65,4.6,8.0,6.2,6.4,6.0,5.65,5.35,2026-06-22,Drew Rasmussen,0.27177389417091935,0.04485162180814352,0.2216892289922334,Michael Wacha,0.19214838449721006,0.07096771740299972,0.1925357112984495
2026-06-23,TBR,KCR,17.0,5.0,12.0,3.4,3.2,3.1,3.6,3.55,4.0,7.6,5.2,6.4,5.7,5.7,4.95,2026-06-23,Steven Matz,0.1592967793177877,0.0865912425576291,0.15180131913104047,Luinder Avila,0.21929596399963489,0.13249334821647957,0.2430538075843154
2026-06-24,TBR,KCR,8.0,5.0,3.0,3.6,4.6,3.3,4.4,3.55,4.5,8.8,5.8,6.8,5.2,6.0,4.85,2026-06-24,Griffin Jax,0.24026681379622555,0.10866791160908808,0.3038330303661552,Noah Cameron,0.21643046107331818,0.05798427188178739,0.22038658113150658
2026-06-25,TBR,KCR,15.0,13.0,2.0,3.6,4.8,3.8,3.9,3.35,4.15,6.6,5.6,6.4,4.9,6.0,4.8,2026-06-25,Ian Seymour,0.255196671144947,0.07989438722197342,0.29737750179878863,Seth Lugo,0.18716734794995663,0.08030014644507395,0.16346781307556718
2026-06-26,TBR,ARI,7.0,6.0,1.0,5.6,4.4,4.3,3.8,4.0,3.85,5.0,6.0,5.1,4.9,3.65,5.15,2026-06-26,Nick Martinez,0.15272186535954646,0.04803663486272179,0.1682001700063096,Zac Gallen,0.1482396236486625,0.06700406572832199,0.19125249688838294
2026-06-28,TBR,ARI,6.0,5.0,1.0,6.6,4.0,5.0,3.6,4.1,3.65,3.6,4.0,4.5,5.3,3.65,5.2,2026-06-28,Drew Rasmussen,0.2675445234484136,0.047417069243156175,0.2210943442225384,Merrill Kelly,0.1310384859742935,0.08879612954863789,0.20052556168076746
2026-04-24,TEX,ATH,9.0,1.0,8.0,4.0,4.4,4.8,3.7,3.9,3.65,4.2,5.4,3.7,5.0,3.8,4.45,2026-04-24,Nathan Eovaldi,0.2388069321982365,0.06485618729096988,0.28577707537230107,Luis Severino,0.24926029526029528,0.18608702408702407,0.2149160677207965
2026-04-25,TEX,ATH,7.0,4.0,3.0,3.6,4.6,4.1,4.4,3.8,3.65,5.4,3.8,4.4,5.1,4.2,4.3,2026-04-25,MacKenzie Gore,0.33345152290165075,0.11404324575680072,0.24938949938949934,Jeffrey Springs,0.23232674571805007,0.07818784114436286,0.2255356448404982
2026-04-26,TEX,ATH,3.0,1.0,2.0,4.0,4.2,4.4,4.5,3.85,3.55,5.2,3.2,4.6,4.7,4.1,4.4,2026-04-26,Kumar Rocker,0.21169772256728772,0.0890269151138716,0.23011202495745886,J.T. Ginn,0.18712905452035886,0.08145272601794339,0.23564332174997774
2026-04-27,TEX,NYY,6.0,2.0,4.0,3.2,4.4,4.0,4.1,3.9,3.55,6.4,3.4,6.4,3.4,5.5,4.3,2026-04-27,Jack Leiter,0.26644869750132905,0.10084263689526844,0.30571481896229935,Max Fried,0.2014616092627087,0.06665308759761532,0.2195966379953654
2026-04-28,TEX,NYY,5.0,2.0,3.0,2.8,3.6,3.3,3.9,3.95,3.65,6.4,3.6,6.4,2.5,5.25,4.05,2026-04-28,Jacob deGrom,0.32895652173913037,0.058028985507246354,0.30450841562319725,Cam Schlittler,0.3217198473592335,0.027087646652864034,0.27236212297187906
2026-05-08,TEX,CHC,8.0,1.0,7.0,2.8,5.8,2.7,4.2,3.55,4.35,5.8,3.2,5.3,5.0,6.45,4.6,2026-05-08,Kumar Rocker,0.18890959282263622,0.07268461007591441,0.2153401065474403,Javier Assad,0.1330465587044534,0.05119770580296895,0.11174463937621827
2026-05-09,TEX,CHC,6.0,6.0,0.0,2.8,6.2,2.7,4.7,3.35,4.4,6.0,2.4,5.6,3.9,6.45,4.35,2026-05-09,Jack Leiter,0.26724357513831193,0.08301946591420271,0.285377067766276,Edward Cabrera,0.21140625734610693,0.08485405432773852,0.2587234596294053
2026-05-10,TEX,CHC,3.0,3.0,0.0,3.8,4.8,3.1,4.3,3.2,4.1,5.6,3.6,5.6,3.9,6.1,4.0,2026-05-10,Jacob deGrom,0.30447351360394836,0.04674028065332412,0.29614958980300526,Jameson Taillon,0.2143559339211513,0.08168071059375405,0.23471959327222483
2026-05-12,TEX,ARI,11.0,7.0,4.0,2.4,3.4,2.9,4.1,2.95,3.8,2.0,1.4,2.9,3.6,4.3,5.05,2026-05-12,MacKenzie Gore,0.27924053514686503,0.12211036193133377,0.22535440046149957,Zac Gallen,0.15627877747729002,0.06736455763915715,0.1945461170218035
2026-05-13,TEX,ARI,11.0,6.0,5.0,3.4,2.4,3.1,4.1,3.2,3.75,2.8,2.6,3.2,3.0,4.2,5.25,2026-05-13,Kumar Rocker,0.18573203194321203,0.08611061816030759,0.20957723418352026,Ryne Nelson,0.20310326829920647,0.08274385321010033,0.193285743489004
2026-05-25,TEX,HOU,9.0,0.0,9.0,4.8,4.0,4.5,3.8,3.8,3.95,3.6,2.4,3.0,3.5,2.9,4.15,2026-05-25,Kumar Rocker,0.18810904071773632,0.10004370830457783,0.21016941020194166,Tatsuya Imai,0.21018759018759017,0.22346320346320342,0.29411667280088327
2026-05-27,TEX,HOU,7.0,3.0,4.0,3.8,6.4,4.9,4.7,4.2,4.15,6.2,3.4,4.1,3.7,3.35,4.35,2026-05-27,Jacob deGrom,0.28885609720392325,0.04938486312399354,0.31604399804986294,Mike Burrows,0.20381842845687234,0.08275387325616156,0.23288881243044401
2026-05-28,TEX,HOU,6.0,1.0,5.0,3.2,5.4,5.1,4.7,4.15,4.0,6.2,3.6,4.1,3.9,3.4,4.1,2026-05-28,Nathan Eovaldi,0.23388209857775072,0.05434832156571284,0.2928404943598053,Spencer Arrighetti,0.2249360301534214,0.1437231689405602,0.25166924757111936
2026-05-29,TEX,KCR,10.0,9.0,1.0,3.0,5.4,4.4,5.2,3.9,4.2,3.4,6.4,2.4,4.8,3.05,4.7,2026-05-29,MacKenzie Gore,0.27234809482542566,0.12343957058209555,0.23938112241355813,Stephen Kolek,0.14722496706192356,0.05135869565217387,0.1553396087117017
2026-05-30,TEX,KCR,13.0,7.0,6.0,4.6,5.2,4.7,4.6,4.25,3.8,2.6,8.2,2.3,5.7,2.85,5.0,2026-05-30,Kumar Rocker,0.1920254093732354,0.09913024656502914,0.20415246918174748,Seth Lugo,0.20373424116507122,0.08651725378998104,0.15707371335701445
2026-05-31,TEX,KCR,9.0,6.0,3.0,6.0,4.6,4.4,5.2,4.55,3.75,2.2,8.4,2.8,6.1,3.1,5.2,2026-05-31,Jack Leiter,0.24690693641702585,0.10075969323420951,0.25745355162362427,Michael Wacha,0.22050617659313307,0.07965334987074114,0.2017551429533433
2026-06-05,TEX,CLE,5.0,3.0,2.0,5.0,3.8,4.8,4.5,4.65,4.15,4.0,5.6,3.5,5.0,4.05,3.85,2026-06-05,Kumar Rocker,0.1821443115514261,0.10148204233184467,0.2065721747806096,Parker Messick,0.2716371128871129,0.07293482751816083,0.24405546015043436
2026-06-06,TEX,CLE,6.0,0.0,6.0,4.2,3.0,5.1,3.8,4.5,4.0,4.2,4.4,3.4,5.2,4.0,3.9,2026-06-06,Jack Leiter,0.2625632424402447,0.09960942894295292,0.2564072522536283,Tanner Bibee,0.21169743998691365,0.07595819385293066,0.25475112081177514
2026-06-07,TEX,CLE,10.0,10.0,0.0,3.0,3.6,4.1,3.7,4.5,4.2,4.6,2.6,3.8,4.2,4.1,3.8,2026-06-07,Jacob deGrom,0.29419857651741704,0.04874549497737902,0.32929849743408396,Joey Cantillo,0.2012476746590459,0.13374370891093296,0.25999602294161395
2026-06-15,TEX,MIN,6.0,2.0,4.0,3.4,5.4,4.0,4.4,4.05,4.35,5.2,7.2,4.8,6.6,4.55,6.9,2026-06-15,MacKenzie Gore,0.2531361404397575,0.11644794098849631,0.23570944809207614,Mike Paredes,0.18360985419808948,0.13232780291603816,0.17149758454106276
2026-06-16,TEX,MIN,14.0,2.0,12.0,3.2,5.2,3.5,4.4,4.05,4.3,4.8,6.8,4.6,6.0,4.45,6.75,2026-06-16,Kumar Rocker,0.18314308879526267,0.09705823162344898,0.2060135596559909,Zebby Matthews,0.20599710005507102,0.05912858746192079,0.2019664528943426
2026-06-18,TEX,MIN,12.0,3.0,9.0,2.8,7.2,3.4,5.1,4.1,4.8,7.2,5.0,5.3,5.9,5.0,6.7,2026-06-18,Jack Leiter,0.2398368165015762,0.10041056642315219,0.2396850521962317,Joe Ryan,0.2898939936239707,0.07669076435895655,0.2475675565097129
2026-06-19,TEX,SDP,16.0,9.0,7.0,3.2,7.0,3.4,5.8,4.25,4.8,4.4,2.4,4.2,3.4,3.3,3.95,2026-06-19,Jacob deGrom,0.2863316991267301,0.047993032961977045,0.3199710467284597,Randy V\xc3\xa1squez,0.18531590045565197,0.06695297456167018,0.19604961924507536
2026-06-21,TEX,SDP,7.0,4.0,3.0,4.4,7.2,4.3,5.9,4.2,4.8,4.0,3.6,4.6,4.1,3.65,4.25,2026-06-21,Nathan Eovaldi,0.221755386580071,0.0584794053798261,0.2743577464169022,Lucas Giolito,0.13707873245916724,0.17901426270991486,0.2260219461347757
2026-04-24,TOR,CLE,14.0,6.0,8.0,4.8,4.2,3.5,4.6,3.65,4.95,4.4,4.4,4.3,5.1,4.15,4.05,2026-04-24,Max Scherzer,0.151010101010101,0.08383838383838381,0.16149445520154898,Gavin Williams,0.34429917908178775,0.15196108239586498,0.2965302835803477
2026-04-25,TOR,CLE,8.0,5.0,3.0,5.6,4.6,3.7,4.7,3.8,5.25,5.2,5.2,5.0,4.4,4.5,4.15,2026-04-25,Kevin Gausman,0.3263609022556391,0.049666666666666665,0.27310810376159916,Joey Cantillo,0.28152958152958146,0.11774891774891771,0.2823852423852424
2026-04-26,TOR,CLE,6.0,4.0,2.0,4.6,4.4,4.0,4.2,3.8,5.3,4.2,5.4,4.4,4.6,4.45,4.35,2026-04-26,Patrick Corbin,0.19841269841269837,0.06878306878306877,0.18703703703703703,Slade Cecconi,0.1797112951460777,0.10803427651253736,0.18203384647822887
2026-04-27,TOR,BOS,5.0,0.0,5.0,4.4,4.4,4.3,4.2,3.75,4.7,5.6,4.4,4.8,4.7,4.7,4.7,2026-04-27,Dylan Cease,0.38774703557312246,0.12569169960474305,0.3770829685388085,Ranger Suarez,0.1756321456321456,0.07714396714396712,0.17359340006398827
2026-04-29,TOR,BOS,9.0,8.0,1.0,3.6,3.6,4.2,3.9,3.5,4.6,6.0,3.4,4.3,4.1,4.55,4.3,2026-04-29,Eric Lauer,0.17444055944055942,0.1242191142191142,0.1431429440125092,Brayan Bello,0.1382061191626409,0.11751046698872784,0.2932709615242049
2026-05-08,TOR,LAA,2.0,2.0,0.0,3.6,4.0,3.7,3.6,4.0,3.9,3.2,4.0,3.6,5.4,4.55,4.8,2026-05-08,Dylan Cease,0.3391314804358282,0.11075484212130171,0.34613221416150436,Reid Detmers,0.26441928441928436,0.05275676704248132,0.25368189628320215
2026-05-09,TOR,LAA,15.0,14.0,1.0,1.8,3.2,3.9,3.1,4.05,3.8,2.6,3.6,2.9,5.3,4.1,4.6,2026-05-09,Braydon Fisher,0.2226190476190476,0.08756613756613757,0.22091118757785425,Jack Kochanowicz,0.17068167627173833,0.12066070345573447,0.2294646527760938
2026-05-10,TOR,LAA,7.0,1.0,6.0,4.0,2.6,5.0,3.2,4.6,3.55,2.6,5.4,2.7,6.1,3.65,4.75,2026-05-10,Eric Lauer,0.1471567905778432,0.1037655327129011,0.14332805991556447,Jos\xc3\xa9 Soriano,0.2833238772097467,0.09562131708870836,0.29884394741731696
2026-05-11,TOR,TBR,13.0,5.0,8.0,4.0,2.8,4.3,3.7,4.55,3.55,3.8,2.0,3.4,1.5,3.75,2.75,2026-05-11,Kevin Gausman,0.2454701291271657,0.04711956521739129,0.24628934741456976,Drew Rasmussen,0.25263157894736843,0.043809523809523784,0.21207034499568156
2026-05-22,TOR,PIT,8.0,6.0,2.0,3.6,2.8,4.2,3.2,3.95,3.4,4.0,3.2,4.6,3.7,4.6,4.45,2026-05-22,Kevin Gausman,0.23993670936233863,0.03769565217391303,0.22969814459832247,Bubba Chandler,0.19031755387590624,0.1620862240141416,0.19159531244950526
2026-05-23,TOR,PIT,7.0,5.0,2.0,4.0,3.0,4.6,3.4,4.25,3.25,3.0,4.0,4.4,4.1,4.7,4.5,2026-05-23,Patrick Corbin,0.1498200169395821,0.07868161427944034,0.1632236773987341,Paul Skenes,0.2887915808024504,0.05026570048309178,0.22994317873146305
2026-05-24,TOR,PIT,5.0,1.0,4.0,3.8,2.0,3.7,3.5,4.35,3.35,3.4,3.8,4.4,4.1,4.7,4.55,2026-05-24,Dylan Cease,0.35113785570307304,0.1064581553711988,0.34212809974860287,Mitch Keller,0.1712532757097974,0.06932252530078613,0.18779212039957952
2026-05-25,TOR,MIA,10.0,2.0,8.0,3.2,1.8,3.7,3.3,4.0,3.5,2.8,4.0,3.6,5.0,3.85,4.85,2026-05-25,Trey Yesavage,0.29058823529411765,0.07852941176470588,0.2811551460857172,Lake Bachar,0.27026966089466087,0.08690701659451659,0.29680451127819546
2026-05-26,TOR,MIA,9.0,8.0,1.0,3.2,3.2,3.4,3.3,4.05,3.55,4.2,2.6,4.3,4.3,4.15,4.6,2026-05-26,Braydon Fisher,0.2459435626102293,0.09479717813051146,0.24788688677577564,Sandy Alcantara,0.15889097760065501,0.07083657083657081,0.2056050087331604
2026-05-27,TOR,MIA,3.0,2.0,1.0,4.4,3.4,4.0,3.1,4.1,3.45,3.8,2.4,4.2,4.4,4.2,4.95,2026-05-27,Kevin Gausman,0.2450603081745166,0.03763577807056067,0.2403563837721299,Eury P\xc3\xa9rez,0.24906801879133897,0.11313438354940329,0.2598971434957677
2026-06-05,TOR,BAL,16.0,3.0,13.0,4.6,5.6,4.3,4.4,4.0,3.85,5.6,4.4,5.2,3.7,4.75,4.7,2026-06-05,Trey Yesavage,0.2665199413098573,0.1142934951758481,0.27236580854070624,Brandon Young,0.16535492772334875,0.09422938659780762,0.20267661819418642
2026-06-06,TOR,BAL,10.0,6.0,4.0,4.2,7.0,4.4,4.9,3.9,4.1,7.0,4.0,6.4,3.6,5.3,4.55,2026-06-06,Braydon Fisher,0.2517857142857143,0.07998511904761904,0.28519622738372735,Kyle Bradish,0.2325748550119259,0.11898525500546854,0.24273350866828888
2026-06-07,TOR,BAL,10.0,6.0,4.0,4.4,6.0,4.2,5.2,4.1,4.15,6.0,4.2,6.2,4.1,5.15,4.85,2026-06-07,Kevin Gausman,0.24945662439941613,0.04499251151425063,0.23896220728451437,Shane Baz,0.20812250010525868,0.09153990166921198,0.1874165955410635
2026-06-08,TOR,PHI,7.0,2.0,5.0,5.0,6.0,4.6,5.5,4.2,4.3,5.8,4.6,4.2,4.1,3.75,3.25,2026-06-08,Patrick Corbin,0.1578965829953972,0.06945713487215462,0.16644423878942607,Cristopher S\xc3\xa1nchez,0.2976541945872184,0.04922432415801113,0.30741232455119166
2026-06-09,TOR,PHI,5.0,3.0,2.0,4.8,5.6,4.6,5.9,4.0,4.2,6.2,4.6,4.4,4.3,3.7,3.35,2026-06-09,Dylan Cease,0.3574937444190616,0.10156483024175968,0.3380525722530296,Zack Wheeler,0.25695019553715204,0.0660067287784679,0.2179308534714713
2026-06-10,TOR,PHI,11.0,4.0,7.0,4.0,5.6,4.3,5.6,3.95,4.05,5.4,4.4,4.4,4.2,3.5,3.5,2026-06-10,Max Scherzer,0.12080808080808081,0.10457070707070706,0.13432376928944428,Jes\xc3\xbas Luzardo,0.25874559418037674,0.0703520151346238,0.2897793564416508
2026-06-12,TOR,NYY,13.0,8.0,5.0,4.2,4.4,4.2,5.7,4.05,4.35,4.4,2.6,5.5,4.3,5.05,3.55,2026-06-12,Braydon Fisher,0.2560924369747899,0.08851540616246499,0.28704742969448854,Ryan Weathers,0.27927183003131867,0.07295798597187372,0.2530838361532179
2026-06-13,TOR,NYY,4.0,1.0,3.0,4.6,4.6,4.5,5.3,4.35,4.6,5.0,4.0,5.2,4.9,5.15,3.65,2026-06-13,Kevin Gausman,0.249495436942315,0.041778760691804154,0.23776649406577918,Cam Schlittler,0.28629419400610484,0.04088173960844766,0.24644707704505212
2026-06-14,TOR,NYY,11.0,3.0,8.0,3.6,4.4,4.3,5.2,4.1,4.65,5.0,3.2,5.1,4.4,4.95,3.4,2026-06-14,Patrick Corbin,0.1586274233013363,0.08218755881799358,0.17340721889030722,Will Warren,0.2584597300716563,0.07225095054210678,0.22099639723487413
2026-06-22,TOR,HOU,6.0,4.0,2.0,4.6,5.2,4.2,5.1,4.4,5.5,4.0,3.2,4.2,5.4,4.8,4.7,2026-06-22,Dylan Cease,0.3643676165151257,0.1028139016609356,0.3454675611371789,Hunter Brown,0.3694083694083694,0.13780663780663777,0.2760120585701981
2026-06-24,TOR,HOU,4.0,1.0,3.0,4.2,5.4,4.3,5.1,4.3,5.35,3.6,3.6,4.3,4.8,4.7,4.75,2026-06-24,Trey Yesavage,0.2424742153271565,0.112338779956427,0.27706857819745817,Mike Burrows,0.19694163036725962,0.08165547865700419,0.2215252826381434
2026-06-25,TOR,TEX,11.0,5.0,6.0,3.8,6.0,4.0,4.7,4.1,5.2,4.6,4.6,3.9,5.8,3.9,4.8,2026-06-25,Kevin Gausman,0.2468379190892315,0.056262297958269814,0.25242024555004455,MacKenzie Gore,0.2609466188590229,0.11195636060325954,0.2389688310536306
2026-06-26,TOR,TEX,9.0,4.0,5.0,4.0,6.6,3.7,4.8,4.1,5.05,4.0,4.2,4.2,5.7,3.9,4.9,2026-06-26,Patrick Corbin,0.162156839020193,0.08116076470113735,0.17732828774236345,Nathan Eovaldi,0.2309716941413996,0.05724744502117103,0.2782894522113309
2026-06-29,TOR,NYM,3.0,2.0,1.0,3.2,4.8,3.7,5.1,3.95,5.15,3.8,5.8,4.5,6.4,4.0,5.8,2026-06-29,Trey Yesavage,0.2386129230246877,0.12030798177857,0.27414397646893235,Sean Manaea,0.2543042548541665,0.08900394478247167,0.23806928734304855
2026-06-30,TOR,NYM,3.0,0.0,3.0,3.4,4.4,3.6,5.2,3.9,4.55,3.4,4.2,3.7,6.5,3.95,5.75,2026-06-30,Kevin Gausman,0.2407214028402851,0.05715443169181696,0.24955456661790687,Nolan McLean,0.28699047470055344,0.09433614036854142,0.2296811180133573
2026-07-01,TOR,NYM,12.0,9.0,3.0,2.4,3.8,3.2,5.2,3.6,4.5,3.0,2.2,3.4,6.1,3.75,5.6,2026-07-01,Patrick Corbin,0.16721939895852936,0.07892465022899804,0.17363648319368558,Freddy Peralta,0.21597901241258355,0.08687990514144772,0.23997213662364908
2026-04-22,WSN,ATL,14.0,6.0,8.0,4.6,5.0,5.1,5.5,5.55,6.0,5.8,3.6,5.8,4.3,5.85,3.4,2026-04-22,Zack Littell,0.15824392998306036,0.06669960474308298,0.15317362817362815,Mart\xc3\xadn P\xc3\xa9rez,0.1308487565066512,0.07120445344129553,0.16575165425971874
2026-05-01,WSN,MIL,7.0,1.0,6.0,5.0,5.2,5.4,5.7,5.15,5.95,6.6,3.0,5.9,3.6,4.65,4.15,2026-05-01,Jake Irvin,0.26305214617571593,0.08310276679841895,0.2318384974634974,Jacob Misiorowski,0.37668314777010425,0.09678575048140263,0.35980726545510594
2026-05-02,WSN,MIL,5.0,1.0,4.0,4.8,5.0,5.0,5.3,4.95,5.75,7.8,2.0,6.0,3.5,4.85,3.8,2026-05-02,Foster Griffin,0.2141969141969142,0.0744366744366744,0.22025699255404582,Kyle Harrison,0.30927908005307386,0.08539436827362522,0.27387965158866573
2026-05-05,WSN,MIN,14.0,3.0,11.0,4.8,3.6,4.7,5.0,4.4,5.35,4.2,5.4,3.8,5.4,4.85,4.9,2026-05-05,Cade Cavalli,0.25701359821833636,0.11150638032990974,0.25082506288001644,Taj Bradley,0.2623014203007101,0.09014239956045365,0.23275899012087103
2026-05-06,WSN,MIN,17.0,15.0,2.0,2.6,5.4,3.9,5.7,4.5,5.6,5.8,5.0,4.7,5.1,5.05,4.85,2026-05-06,Miles Mikolas,0.14152761104441774,0.08580732292917166,0.1696492955646016,Bailey Ober,0.17599905067935756,0.0820284077956712,0.19418153734923918
2026-05-07,WSN,MIN,12.0,7.0,5.0,4.6,5.0,4.8,5.1,4.9,5.55,4.8,7.8,4.8,6.0,4.75,5.5,2026-05-07,Jake Irvin,0.2540446967220422,0.09408808582721624,0.22729014068299783,Simeon Woods Richardson,0.10382506382506382,0.0858230658230658,0.14112696391254012
2026-05-15,WSN,BAL,5.0,3.0,2.0,4.6,6.8,5.2,5.8,5.1,5.55,3.2,3.0,3.9,4.6,4.5,6.05,2026-05-15,Zack Littell,0.09945163532120051,0.07758820285994196,0.10895834377977232,Shane Baz,0.19378691710588258,0.08952832368780642,0.1965600045839707
2026-05-16,WSN,BAL,16.0,13.0,3.0,4.6,6.8,5.4,5.6,5.1,5.65,3.2,2.4,4.0,3.7,4.2,5.9,2026-05-16,PJ Poulin,0.15045351473922902,0.14404761904761904,0.14334369334369332,Chris Bassitt,0.13498423677771504,0.10310253152644455,0.20383549006565238
2026-05-17,WSN,BAL,10.0,3.0,7.0,5.8,5.8,6.4,5.7,5.55,5.35,3.4,4.8,3.4,4.3,3.85,6.4,2026-05-17,Miles Mikolas,0.14150977935033662,0.08062791783380018,0.16776548792183704,Brandon Young,0.15256565656565654,0.09749494949494948,0.18846285329096246
2026-05-19,WSN,NYM,15.0,9.0,6.0,6.0,6.2,6.4,5.3,5.15,5.5,5.6,3.8,5.0,3.5,4.4,4.1,2026-05-19,Foster Griffin,0.2264719177762656,0.08532644667910365,0.21075761451120556,Nolan McLean,0.3145980784195887,0.07405775821489015,0.22965233143871552
2026-05-21,WSN,NYM,3.0,1.0,2.0,7.2,4.4,5.9,5.6,5.6,5.25,5.4,5.8,5.1,4.9,4.6,4.6,2026-05-21,Cade Cavalli,0.23576965861297533,0.09569082986730044,0.23922044223337777,Huascar Brazob\xc3\xa1n,0.21142857142857144,0.08714285714285713,0.29649955436720143
2026-05-31,WSN,SDP,6.0,4.0,2.0,6.4,3.8,5.4,3.2,5.9,4.25,2.8,4.8,2.9,4.1,3.0,3.6,2026-05-31,Zack Littell,0.12317021289353303,0.07225269972305542,0.1224492250466276,Griffin Canning,0.2393768512189564,0.14190362269309637,0.2602530512369073
2026-06-01,WSN,MIA,10.0,3.0,7.0,5.2,3.8,4.9,2.8,5.35,4.25,2.4,5.6,2.6,4.8,3.6,4.9,2026-06-01,Richard Lovelady,0.18098688750862663,0.10631469979296065,0.22322423952858736,Sandy Alcantara,0.15640275097264342,0.06762169530986732,0.20088260552312753
2026-06-02,WSN,MIA,10.0,3.0,7.0,4.6,4.6,4.4,3.1,5.15,4.35,2.2,5.8,3.2,4.2,3.85,4.9,2026-06-02,Miles Mikolas,0.13962906653889626,0.06394316059757235,0.15009660271386455,Lake Bachar,0.28367404200737534,0.08230118646785313,0.3175662467716131
2026-06-03,WSN,MIA,5.0,1.0,4.0,4.8,5.4,4.6,3.6,5.15,4.6,3.4,4.8,3.6,3.6,3.8,4.7,2026-06-03,Andrew Alvarez,0.257518315018315,0.08967032967032965,0.2676859088623794,Max Meyer,0.26623104753539534,0.08957508138667557,0.2799026689387837
2026-06-12,WSN,SEA,12.0,2.0,10.0,5.4,4.6,5.2,4.4,5.3,3.8,4.2,4.4,4.7,4.1,4.35,3.95,2026-06-12,Zack Littell,0.13579989673987208,0.07133932891545985,0.14655960068047977,Bryce Miller,0.30271689026487786,0.04229102167182662,0.23552174569616424
2026-06-14,WSN,SEA,11.0,10.0,1.0,6.0,6.0,5.5,4.8,4.95,3.95,5.2,5.4,4.6,4.9,4.65,3.7,2026-06-14,Miles Mikolas,0.13951398980644888,0.06052270908363344,0.1427657291554379,Emerson Hancock,0.2461045496778642,0.058369004241209804,0.20941340103080786
2026-06-16,WSN,KCR,10.0,6.0,4.0,7.4,5.6,6.8,4.1,5.65,4.05,4.8,5.8,4.9,5.0,4.5,5.4,2026-06-16,Foster Griffin,0.22864503965161617,0.06490219005746953,0.21079587540402017,Michael Wacha,0.1976315108623954,0.07328958732738981,0.19231310682597852
2026-06-17,WSN,KCR,8.0,2.0,6.0,6.6,4.2,6.0,4.4,5.85,4.2,5.2,6.2,4.5,5.0,4.45,5.7,2026-06-17,Zack Littell,0.1260999041155955,0.07338651970721273,0.1415855632692367,Luinder Avila,0.21784986599228084,0.13902214057012816,0.23808161526831603
2026-06-23,WSN,PHI,23.0,9.0,14.0,3.0,3.8,4.8,4.0,5.0,4.2,6.0,5.4,5.4,4.7,5.05,4.5,2026-06-23,Zack Littell,0.123248799396778,0.07404964061562076,0.1377020812735098,Jes\xc3\xbas Luzardo,0.2670080863848979,0.07640031787857873,0.2921309446417752
2026-06-24,WSN,PHI,9.0,4.0,5.0,4.4,5.4,5.5,4.4,5.25,4.8,8.0,4.8,6.8,5.0,5.7,4.5,2026-06-24,Miles Mikolas,0.13503460730137856,0.05536121660202541,0.12935137999909666,Aaron Nola,0.2300199004317997,0.07514844093104961,0.22672809210047515
2026-06-25,WSN,PHI,15.0,5.0,10.0,4.8,5.4,5.1,4.6,5.3,4.7,8.2,4.4,6.4,4.6,5.8,4.6,2026-06-25,Cade Cavalli,0.22720678597434804,0.08983341648583015,0.22435339062491402,Cristopher S\xc3\xa1nchez,0.2864033279739098,0.047502776198896854,0.2903690007518328
