game_date,game_pk,batters_faced,strikeouts,walks,swings,whiffs,pitches,pitcher_team,home_team,away_team,pitcher_name,mlbam_id,K_pct,BB_pct,whiff_pct
2025-04-12,778357,19,5,2,33,4,81,CIN,CIN,PIT,Andrew Abbott,671096,0.2631578947368421,0.10526315789473684,0.12121212121212122
2025-04-18,778276,21,11,1,41,18,93,CIN,BAL,CIN,Andrew Abbott,671096,0.5238095238095238,0.047619047619047616,0.43902439024390244
2025-04-25,778181,21,4,5,34,7,84,CIN,COL,CIN,Andrew Abbott,671096,0.19047619047619047,0.23809523809523808,0.20588235294117646
2025-05-01,778107,18,3,4,36,6,74,CIN,CIN,STL,Andrew Abbott,671096,0.16666666666666666,0.2222222222222222,0.16666666666666666
2025-05-06,778034,19,8,0,44,9,91,CIN,ATL,CIN,Andrew Abbott,671096,0.42105263157894735,0.0,0.20454545454545456
2025-05-13,777945,22,7,0,52,11,96,CIN,CIN,CWS,Andrew Abbott,671096,0.3181818181818182,0.0,0.21153846153846154
2025-05-18,777874,22,5,3,51,15,96,CIN,CIN,CLE,Andrew Abbott,671096,0.22727272727272727,0.13636363636363635,0.29411764705882354
2025-05-24,777791,23,2,2,39,4,83,CIN,CIN,CHC,Andrew Abbott,671096,0.08695652173913043,0.08695652173913043,0.10256410256410256
2025-05-30,777712,23,8,1,47,12,93,CIN,CHC,CIN,Andrew Abbott,671096,0.34782608695652173,0.043478260869565216,0.2553191489361702
2025-06-04,777647,26,6,1,49,12,100,CIN,CIN,MIL,Andrew Abbott,671096,0.23076923076923078,0.038461538461538464,0.24489795918367346
2025-06-10,777569,31,5,1,62,16,110,CIN,CLE,CIN,Andrew Abbott,671096,0.16129032258064516,0.03225806451612903,0.25806451612903225
2025-06-17,777478,26,5,0,46,6,90,CIN,CIN,MIN,Andrew Abbott,671096,0.19230769230769232,0.0,0.13043478260869565
2025-06-22,777407,25,3,0,64,13,100,CIN,STL,CIN,Andrew Abbott,671096,0.12,0.0,0.203125
2025-06-28,777328,24,4,2,44,10,102,CIN,CIN,SD,Andrew Abbott,671096,0.16666666666666666,0.08333333333333333,0.22727272727272727
2025-07-04,777255,19,2,0,38,4,66,CIN,PHI,CIN,Andrew Abbott,671096,0.10526315789473684,0.0,0.10526315789473684
2025-07-09,777183,30,5,2,50,14,100,CIN,CIN,MIA,Andrew Abbott,671096,0.16666666666666666,0.06666666666666667,0.28
2025-07-20,777087,25,5,1,50,10,95,CIN,NYM,CIN,Andrew Abbott,671096,0.2,0.04,0.2
2025-07-26,777000,23,7,3,40,12,95,CIN,CIN,TB,Andrew Abbott,671096,0.30434782608695654,0.13043478260869565,0.3
2025-07-31,776928,25,1,5,40,7,96,CIN,CIN,ATL,Andrew Abbott,671096,0.04,0.2,0.175
2025-08-06,776847,29,3,2,52,7,100,CIN,CHC,CIN,Andrew Abbott,671096,0.10344827586206896,0.06896551724137931,0.1346153846153846
2025-08-11,776792,28,6,0,60,18,104,CIN,CIN,PHI,Andrew Abbott,671096,0.21428571428571427,0.0,0.3
2025-08-17,776709,24,7,0,47,9,92,CIN,CIN,MIL,Andrew Abbott,671096,0.2916666666666667,0.0,0.19148936170212766
2025-08-23,776622,21,6,0,35,8,73,CIN,AZ,CIN,Andrew Abbott,671096,0.2857142857142857,0.0,0.22857142857142856
2025-08-30,776536,22,7,4,42,12,96,CIN,CIN,STL,Andrew Abbott,671096,0.3181818181818182,0.18181818181818182,0.2857142857142857
2025-09-05,776450,25,5,1,44,7,98,CIN,CIN,NYM,Andrew Abbott,671096,0.2,0.04,0.1590909090909091
2025-09-10,776377,30,6,2,55,14,102,CIN,SD,CIN,Andrew Abbott,671096,0.2,0.06666666666666667,0.2545454545454545
2025-09-16,776300,22,7,0,59,13,96,CIN,STL,CIN,Andrew Abbott,671096,0.3181818181818182,0.0,0.22033898305084745
2025-09-21,776239,20,2,1,38,7,86,CIN,CIN,CHC,Andrew Abbott,671096,0.1,0.05,0.18421052631578946
2025-09-27,776153,21,4,0,39,9,85,CIN,MIL,CIN,Andrew Abbott,671096,0.19047619047619047,0.0,0.23076923076923078
2025-05-18,777880,22,9,0,48,16,84,PHI,PHI,PIT,Mick Abel,690953,0.4090909090909091,0.0,0.3333333333333333
2025-06-04,777651,19,2,0,41,4,78,PHI,TOR,PHI,Mick Abel,690953,0.10526315789473684,0.0,0.0975609756097561
2025-06-10,777571,20,3,3,40,10,89,PHI,PHI,CHC,Mick Abel,690953,0.15,0.15,0.25
2025-06-16,777483,20,3,1,39,6,77,PHI,MIA,PHI,Mick Abel,690953,0.15,0.05,0.15384615384615385
2025-06-21,777423,15,1,0,38,6,73,PHI,PHI,NYM,Mick Abel,690953,0.06666666666666667,0.0,0.15789473684210525
2025-07-02,777273,12,3,5,17,7,53,PHI,PHI,SD,Mick Abel,690953,0.25,0.4166666666666667,0.4117647058823529
2025-08-23,776619,17,2,2,33,6,63,MIN,CWS,MIN,Mick Abel,690953,0.11764705882352941,0.11764705882352941,0.18181818181818182
2025-08-30,776530,12,1,1,29,5,59,MIN,MIN,SD,Mick Abel,690953,0.08333333333333333,0.08333333333333333,0.1724137931034483
2025-09-20,776243,16,6,3,30,8,71,MIN,MIN,CLE,Mick Abel,690953,0.375,0.1875,0.26666666666666666
2025-09-27,776163,21,9,1,40,13,73,MIN,PHI,MIN,Mick Abel,690953,0.42857142857142855,0.047619047619047616,0.325
2025-03-27,778562,20,7,4,43,16,91,MIA,MIA,PIT,Sandy Alcantara,645261,0.35,0.2,0.37209302325581395
2025-04-01,778497,18,4,0,33,6,70,MIA,MIA,NYM,Sandy Alcantara,645261,0.2222222222222222,0.0,0.18181818181818182
2025-04-12,778354,25,1,4,32,3,87,MIA,MIA,WSH,Sandy Alcantara,645261,0.04,0.16,0.09375
2025-04-18,778274,12,1,2,31,3,61,MIA,PHI,MIA,Sandy Alcantara,645261,0.08333333333333333,0.16666666666666666,0.0967741935483871
2025-04-23,778208,25,4,2,51,15,102,MIA,MIA,CIN,Sandy Alcantara,645261,0.16,0.08,0.29411764705882354
2025-04-29,778123,20,2,5,34,9,79,MIA,LAD,MIA,Sandy Alcantara,645261,0.1,0.25,0.2647058823529412
2025-05-05,778047,22,4,1,47,11,88,MIA,MIA,LAD,Sandy Alcantara,645261,0.18181818181818182,0.045454545454545456,0.23404255319148937
2025-05-11,777966,26,8,3,41,8,107,MIA,CWS,MIA,Sandy Alcantara,645261,0.3076923076923077,0.11538461538461539,0.1951219512195122
2025-05-17,777889,23,3,2,45,9,101,MIA,MIA,TB,Sandy Alcantara,645261,0.13043478260869565,0.08695652173913043,0.2
2025-05-23,777798,25,6,2,42,7,100,MIA,LAA,MIA,Sandy Alcantara,645261,0.24,0.08,0.16666666666666666
2025-05-28,777726,21,0,4,29,1,71,MIA,SD,MIA,Sandy Alcantara,645261,0.0,0.19047619047619047,0.034482758620689655
2025-06-03,777666,24,4,1,32,8,70,MIA,MIA,COL,Sandy Alcantara,645261,0.16666666666666666,0.041666666666666664,0.25
2025-06-10,777566,22,6,1,48,7,85,MIA,PIT,MIA,Sandy Alcantara,645261,0.2727272727272727,0.045454545454545456,0.14583333333333334
2025-06-16,777483,21,5,1,52,12,100,MIA,MIA,PHI,Sandy Alcantara,645261,0.23809523809523808,0.047619047619047616,0.23076923076923078
2025-06-22,777402,26,4,2,50,5,95,MIA,MIA,ATL,Sandy Alcantara,645261,0.15384615384615385,0.07692307692307693,0.1
2025-06-28,777318,30,4,0,53,4,91,MIA,AZ,MIA,Sandy Alcantara,645261,0.13333333333333333,0.0,0.07547169811320754
2025-07-04,777254,25,4,1,40,6,96,MIA,MIA,MIL,Sandy Alcantara,645261,0.16,0.04,0.15
2025-07-09,777183,26,4,2,52,8,108,MIA,CIN,MIA,Sandy Alcantara,645261,0.15384615384615385,0.07692307692307693,0.15384615384615385
2025-07-18,777109,26,2,2,48,6,97,MIA,MIA,KC,Sandy Alcantara,645261,0.07692307692307693,0.07692307692307693,0.125
2025-07-23,777037,23,4,0,50,10,98,MIA,MIA,SD,Sandy Alcantara,645261,0.17391304347826086,0.0,0.2
2025-07-29,776946,21,4,3,41,8,94,MIA,STL,MIA,Sandy Alcantara,645261,0.19047619047619047,0.14285714285714285,0.1951219512195122
2025-08-04,776875,31,5,1,53,9,100,MIA,MIA,HOU,Sandy Alcantara,645261,0.16129032258064516,0.03225806451612903,0.16981132075471697
2025-08-09,776819,24,4,4,41,7,91,MIA,ATL,MIA,Sandy Alcantara,645261,0.16666666666666666,0.16666666666666666,0.17073170731707318
2025-08-15,776741,21,7,1,46,8,86,MIA,BOS,MIA,Sandy Alcantara,645261,0.3333333333333333,0.047619047619047616,0.17391304347826086
2025-08-20,776670,29,9,1,61,16,114,MIA,MIA,STL,Sandy Alcantara,645261,0.3103448275862069,0.034482758620689655,0.26229508196721313
2025-08-26,776581,26,7,2,51,13,104,MIA,MIA,ATL,Sandy Alcantara,645261,0.2692307692307692,0.07692307692307693,0.2549019607843137
2025-08-31,776519,27,6,1,57,12,104,MIA,NYM,MIA,Sandy Alcantara,645261,0.2222222222222222,0.037037037037037035,0.21052631578947367
2025-09-06,776433,26,4,1,51,8,102,MIA,MIA,PHI,Sandy Alcantara,645261,0.15384615384615385,0.038461538461538464,0.1568627450980392
2025-09-12,776366,25,8,0,53,14,96,MIA,MIA,DET,Sandy Alcantara,645261,0.32,0.0,0.2641509433962264
2025-09-18,776270,27,8,2,63,11,104,MIA,COL,MIA,Sandy Alcantara,645261,0.2962962962962963,0.07407407407407407,0.1746031746031746
2025-09-26,776173,28,3,2,53,10,101,MIA,MIA,NYM,Sandy Alcantara,645261,0.10714285714285714,0.07142857142857142,0.18867924528301888
2025-04-11,778358,4,2,0,5,3,12,ATH,ATH,NYM,Jason Alexander,669920,0.5,0.0,0.6
2025-04-13,778333,10,0,1,11,0,26,ATH,ATH,NYM,Jason Alexander,669920,0.0,0.1,0.0
2025-04-17,778283,3,2,0,5,3,10,ATH,CWS,ATH,Jason Alexander,669920,0.6666666666666666,0.0,0.6
2025-05-15,777946,18,1,4,26,4,75,ATH,LAD,ATH,Jason Alexander,669920,0.05555555555555555,0.2222222222222222,0.15384615384615385
2025-06-17,777469,25,4,3,44,10,95,HOU,ATH,HOU,Jason Alexander,669920,0.16,0.12,0.22727272727272727
2025-07-04,777235,14,2,2,28,6,57,HOU,LAD,HOU,Jason Alexander,669920,0.14285714285714285,0.14285714285714285,0.21428571428571427
2025-07-24,777025,30,3,2,51,12,96,HOU,HOU,ATH,Jason Alexander,669920,0.1,0.06666666666666667,0.23529411764705882
2025-07-29,776950,20,6,2,36,7,80,HOU,HOU,WSH,Jason Alexander,669920,0.3,0.1,0.19444444444444445
2025-08-04,776875,23,6,1,41,10,97,HOU,MIA,HOU,Jason Alexander,669920,0.2608695652173913,0.043478260869565216,0.24390243902439024
2025-08-10,776797,21,3,3,32,7,87,HOU,NYY,HOU,Jason Alexander,669920,0.14285714285714285,0.14285714285714285,0.21875
2025-08-16,776722,22,6,0,29,6,76,HOU,HOU,BAL,Jason Alexander,669920,0.2727272727272727,0.0,0.20689655172413793
2025-08-21,776655,25,3,1,38,5,91,HOU,BAL,HOU,Jason Alexander,669920,0.12,0.04,0.13157894736842105
2025-08-28,776555,25,8,1,47,15,87,HOU,HOU,COL,Jason Alexander,669920,0.32,0.04,0.3191489361702128
2025-09-03,776472,23,6,2,38,9,98,HOU,HOU,NYY,Jason Alexander,669920,0.2608695652173913,0.08695652173913043,0.23684210526315788
2025-09-10,776385,23,2,1,39,8,89,HOU,TOR,HOU,Jason Alexander,669920,0.08695652173913043,0.043478260869565216,0.20512820512820512
2025-09-15,776319,20,5,1,31,9,83,HOU,HOU,TEX,Jason Alexander,669920,0.25,0.05,0.2903225806451613
2025-09-21,776228,12,1,1,19,5,37,HOU,HOU,SEA,Jason Alexander,669920,0.08333333333333333,0.08333333333333333,0.2631578947368421
2025-09-26,776169,18,4,1,29,7,56,HOU,LAA,HOU,Jason Alexander,669920,0.2222222222222222,0.05555555555555555,0.2413793103448276
2025-03-27,778557,4,1,0,9,1,16,MIL,NYY,MIL,Tyler Alexander,641302,0.25,0.0,0.1111111111111111
2025-03-30,778523,9,2,2,16,3,47,MIL,NYY,MIL,Tyler Alexander,641302,0.2222222222222222,0.2222222222222222,0.1875
2025-04-04,778453,21,6,3,34,8,83,MIL,MIL,CIN,Tyler Alexander,641302,0.2857142857142857,0.14285714285714285,0.23529411764705882
2025-04-09,778379,19,3,2,40,7,79,MIL,COL,MIL,Tyler Alexander,641302,0.15789473684210525,0.10526315789473684,0.175
2025-04-14,778323,23,2,3,42,5,81,MIL,MIL,DET,Tyler Alexander,641302,0.08695652173913043,0.13043478260869565,0.11904761904761904
2025-04-20,778239,10,5,0,22,7,42,MIL,MIL,ATH,Tyler Alexander,641302,0.5,0.0,0.3181818181818182
2025-04-24,778194,4,0,1,12,0,22,MIL,SF,MIL,Tyler Alexander,641302,0.0,0.25,0.0
2025-04-25,778184,5,0,0,8,0,14,MIL,STL,MIL,Tyler Alexander,641302,0.0,0.0,0.0
2025-04-30,778111,10,1,0,15,3,29,MIL,CWS,MIL,Tyler Alexander,641302,0.1,0.0,0.2
2025-05-02,778080,5,1,0,8,0,19,MIL,MIL,CHC,Tyler Alexander,641302,0.2,0.0,0.0
2025-05-07,778015,2,0,0,2,0,3,MIL,MIL,HOU,Tyler Alexander,641302,0.0,0.0,0.0
2025-05-10,777981,4,1,1,4,0,13,MIL,TB,MIL,Tyler Alexander,641302,0.25,0.25,0.0
2025-05-11,777964,5,0,0,6,0,14,MIL,TB,MIL,Tyler Alexander,641302,0.0,0.0,0.0
2025-05-13,777944,3,1,0,5,1,8,MIL,CLE,MIL,Tyler Alexander,641302,0.3333333333333333,0.0,0.2
2025-05-16,777898,6,2,0,13,4,27,MIL,MIL,MIN,Tyler Alexander,641302,0.3333333333333333,0.0,0.3076923076923077
2025-05-17,777883,6,1,0,11,1,24,MIL,MIL,MIN,Tyler Alexander,641302,0.16666666666666666,0.0,0.09090909090909091
2025-05-20,777844,7,2,0,22,4,33,MIL,MIL,BAL,Tyler Alexander,641302,0.2857142857142857,0.0,0.18181818181818182
2025-05-21,777826,6,0,0,10,2,18,MIL,MIL,BAL,Tyler Alexander,641302,0.0,0.0,0.2
2025-05-24,777794,4,0,0,7,0,13,MIL,PIT,MIL,Tyler Alexander,641302,0.0,0.0,0.0
2025-05-28,777736,4,2,0,7,0,21,MIL,MIL,BOS,Tyler Alexander,641302,0.5,0.0,0.0
2025-05-31,777702,8,0,0,11,1,19,MIL,PHI,MIL,Tyler Alexander,641302,0.0,0.0,0.09090909090909091
2025-06-08,777590,13,2,1,24,9,45,CWS,CWS,KC,Tyler Alexander,641302,0.15384615384615385,0.07692307692307693,0.375
2025-06-14,777508,14,3,1,31,8,62,CWS,TEX,CWS,Tyler Alexander,641302,0.21428571428571427,0.07142857142857142,0.25806451612903225
2025-06-17,777467,7,0,0,9,0,17,CWS,CWS,STL,Tyler Alexander,641302,0.0,0.0,0.0
2025-06-20,777435,14,2,0,25,5,49,CWS,TOR,CWS,Tyler Alexander,641302,0.14285714285714285,0.0,0.2
2025-06-25,777370,5,0,1,9,1,15,CWS,CWS,AZ,Tyler Alexander,641302,0.0,0.2,0.1111111111111111
2025-06-27,777338,13,2,2,26,6,54,CWS,CWS,SF,Tyler Alexander,641302,0.15384615384615385,0.15384615384615385,0.23076923076923078
2025-07-01,777280,7,3,0,11,5,29,CWS,LAD,CWS,Tyler Alexander,641302,0.42857142857142855,0.0,0.45454545454545453
2025-07-07,777212,9,2,0,16,2,36,CWS,CWS,TOR,Tyler Alexander,641302,0.2222222222222222,0.0,0.125
2025-07-11,777164,12,3,0,26,7,50,CWS,CWS,CLE,Tyler Alexander,641302,0.25,0.0,0.2692307692307692
2025-07-18,777107,4,1,1,8,4,15,CWS,PIT,CWS,Tyler Alexander,641302,0.25,0.25,0.5
2025-07-22,777048,8,4,0,18,7,32,CWS,TB,CWS,Tyler Alexander,641302,0.5,0.0,0.3888888888888889
2025-07-26,776994,4,1,0,6,1,13,CWS,CWS,CHC,Tyler Alexander,641302,0.25,0.0,0.16666666666666666
2025-07-27,776989,4,1,1,8,0,19,CWS,CWS,CHC,Tyler Alexander,641302,0.25,0.25,0.0
2025-07-30,776939,14,3,1,29,5,49,CWS,CWS,PHI,Tyler Alexander,641302,0.21428571428571427,0.07142857142857142,0.1724137931034483
2025-08-03,776885,3,0,0,6,1,15,CWS,LAA,CWS,Tyler Alexander,641302,0.0,0.0,0.16666666666666666
2025-08-06,776841,15,5,1,28,9,67,CWS,SEA,CWS,Tyler Alexander,641302,0.3333333333333333,0.06666666666666667,0.32142857142857145
2025-08-11,776781,16,5,1,27,5,65,CWS,CWS,DET,Tyler Alexander,641302,0.3125,0.0625,0.18518518518518517
2025-08-16,776712,12,4,1,24,7,51,CWS,KC,CWS,Tyler Alexander,641302,0.3333333333333333,0.08333333333333333,0.2916666666666667
2025-08-19,776687,6,0,1,6,0,20,CWS,ATL,CWS,Tyler Alexander,641302,0.0,0.16666666666666666,0.0
2025-08-23,776619,11,0,0,15,0,34,CWS,CWS,MIN,Tyler Alexander,641302,0.0,0.0,0.0
2025-08-26,776583,3,0,0,3,0,7,CWS,CWS,KC,Tyler Alexander,641302,0.0,0.0,0.0
2025-08-28,776556,11,2,0,14,0,32,CWS,CWS,NYY,Tyler Alexander,641302,0.18181818181818182,0.0,0.0
2025-08-30,776529,7,0,0,8,0,15,CWS,CWS,NYY,Tyler Alexander,641302,0.0,0.0,0.0
2025-09-01,776502,7,1,0,9,1,20,CWS,MIN,CWS,Tyler Alexander,641302,0.14285714285714285,0.0,0.1111111111111111
2025-09-04,776462,11,1,0,17,1,41,CWS,MIN,CWS,Tyler Alexander,641302,0.09090909090909091,0.0,0.058823529411764705
2025-09-09,776388,5,2,0,9,3,18,CWS,CWS,TB,Tyler Alexander,641302,0.4,0.0,0.3333333333333333
2025-09-11,776364,6,1,1,10,0,27,CWS,CWS,TB,Tyler Alexander,641302,0.16666666666666666,0.16666666666666666,0.0
2025-09-15,776314,4,0,0,13,2,23,CWS,CWS,BAL,Tyler Alexander,641302,0.0,0.0,0.15384615384615385
2025-09-16,776306,4,1,0,8,1,12,CWS,CWS,BAL,Tyler Alexander,641302,0.25,0.0,0.125
2025-09-24,776199,8,2,0,14,4,29,CWS,NYY,CWS,Tyler Alexander,641302,0.25,0.0,0.2857142857142857
2025-09-28,776143,3,1,0,7,2,17,CWS,WSH,CWS,Tyler Alexander,641302,0.3333333333333333,0.0,0.2857142857142857
2025-04-01,778485,24,1,5,39,3,89,CLE,SD,CLE,Logan Allen,671106,0.041666666666666664,0.20833333333333334,0.07692307692307693
2025-04-09,778391,21,4,2,36,3,83,CLE,CLE,CWS,Logan Allen,671106,0.19047619047619047,0.09523809523809523,0.08333333333333333
2025-04-15,778317,22,6,2,34,6,95,CLE,BAL,CLE,Logan Allen,671106,0.2727272727272727,0.09090909090909091,0.17647058823529413
2025-04-20,778242,23,5,1,40,7,95,CLE,PIT,CLE,Logan Allen,671106,0.21739130434782608,0.043478260869565216,0.175
2025-04-27,778157,25,2,3,47,8,96,CLE,CLE,BOS,Logan Allen,671106,0.08,0.12,0.1702127659574468
2025-05-02,778081,25,4,2,42,8,104,CLE,TOR,CLE,Logan Allen,671106,0.16,0.08,0.19047619047619047
2025-05-07,778022,23,3,4,32,6,91,CLE,WSH,CLE,Logan Allen,671106,0.13043478260869565,0.17391304347826086,0.1875
2025-05-13,777944,22,6,1,40,11,89,CLE,CLE,MIL,Logan Allen,671106,0.2727272727272727,0.045454545454545456,0.275
2025-05-19,777861,13,3,1,19,4,53,CLE,MIN,CLE,Logan Allen,671106,0.23076923076923078,0.07692307692307693,0.21052631578947367
2025-05-25,777780,23,2,4,40,5,97,CLE,DET,CLE,Logan Allen,671106,0.08695652173913043,0.17391304347826086,0.125
2025-05-31,777703,3,2,0,6,3,15,CLE,CLE,LAA,Logan Allen,671106,0.6666666666666666,0.0,0.5
2025-06-06,777622,27,2,2,34,4,88,CLE,CLE,HOU,Logan Allen,671106,0.07407407407407407,0.07407407407407407,0.11764705882352941
2025-06-11,777549,22,6,1,39,13,96,CLE,CLE,CIN,Logan Allen,671106,0.2727272727272727,0.045454545454545456,0.3333333333333333
2025-06-18,777454,21,4,2,46,8,95,CLE,SF,CLE,Logan Allen,671106,0.19047619047619047,0.09523809523809523,0.17391304347826086
2025-06-24,777384,27,4,2,55,8,104,CLE,CLE,TOR,Logan Allen,671106,0.14814814814814814,0.07407407407407407,0.14545454545454545
2025-06-29,777309,24,6,2,40,5,98,CLE,CLE,STL,Logan Allen,671106,0.25,0.08333333333333333,0.125
2025-07-05,777240,21,5,2,45,7,95,CLE,CLE,DET,Logan Allen,671106,0.23809523809523808,0.09523809523809523,0.15555555555555556
2025-07-11,777164,20,5,2,43,10,92,CLE,CWS,CLE,Logan Allen,671106,0.25,0.1,0.23255813953488372
2025-07-19,777104,24,4,0,38,6,81,CLE,CLE,ATH,Logan Allen,671106,0.16666666666666666,0.0,0.15789473684210525
2025-07-24,777019,27,4,0,49,9,92,CLE,CLE,BAL,Logan Allen,671106,0.14814814814814814,0.0,0.1836734693877551
2025-07-29,776951,28,3,1,58,7,113,CLE,CLE,COL,Logan Allen,671106,0.10714285714285714,0.03571428571428571,0.1206896551724138
2025-08-05,776863,23,6,4,41,10,88,CLE,NYM,CLE,Logan Allen,671106,0.2608695652173913,0.17391304347826086,0.24390243902439024
2025-08-12,776778,24,5,4,34,8,93,CLE,CLE,MIA,Logan Allen,671106,0.20833333333333334,0.16666666666666666,0.23529411764705882
2025-08-17,776706,23,6,3,46,9,107,CLE,CLE,ATL,Logan Allen,671106,0.2608695652173913,0.13043478260869565,0.1956521739130435
2025-08-23,776623,26,2,3,41,6,96,CLE,TEX,CLE,Logan Allen,671106,0.07692307692307693,0.11538461538461539,0.14634146341463414
2025-08-29,776547,24,5,3,40,12,100,CLE,CLE,SEA,Logan Allen,671106,0.20833333333333334,0.125,0.3
2025-09-04,776458,24,4,2,48,7,92,CLE,TB,CLE,Logan Allen,671106,0.16666666666666666,0.08333333333333333,0.14583333333333334
2025-09-10,776382,21,2,0,36,3,86,CLE,CLE,KC,Logan Allen,671106,0.09523809523809523,0.0,0.08333333333333333
2025-09-20,776243,27,7,1,47,13,102,CLE,MIN,CLE,Logan Allen,671106,0.25925925925925924,0.037037037037037035,0.2765957446808511
2025-09-28,776147,22,4,2,40,7,88,CLE,CLE,TEX,Logan Allen,671106,0.18181818181818182,0.09090909090909091,0.175
2025-09-01,776498,19,4,2,31,6,81,WSH,WSH,MIA,Andrew Alvarez,674841,0.21052631578947367,0.10526315789473684,0.1935483870967742
2025-09-07,776420,20,2,3,32,2,87,WSH,CHC,WSH,Andrew Alvarez,674841,0.1,0.15,0.0625
2025-09-13,776336,23,5,1,40,14,85,WSH,WSH,PIT,Andrew Alvarez,674841,0.21739130434782608,0.043478260869565216,0.35
2025-09-19,776259,18,4,1,32,6,82,WSH,NYM,WSH,Andrew Alvarez,674841,0.2222222222222222,0.05555555555555555,0.1875
2025-09-24,776200,18,5,3,25,3,83,WSH,ATL,WSH,Andrew Alvarez,674841,0.2777777777777778,0.16666666666666666,0.12
2025-03-31,778503,22,4,2,44,9,91,LAA,STL,LAA,Tyler Anderson,542881,0.18181818181818182,0.09090909090909091,0.20454545454545456
2025-04-06,778425,21,5,3,33,10,85,LAA,LAA,CLE,Tyler Anderson,542881,0.23809523809523808,0.14285714285714285,0.30303030303030304
2025-04-12,778351,22,6,4,44,10,95,LAA,HOU,LAA,Tyler Anderson,542881,0.2727272727272727,0.18181818181818182,0.22727272727272727
2025-04-18,778260,23,6,2,49,11,96,LAA,LAA,SF,Tyler Anderson,542881,0.2608695652173913,0.08695652173913043,0.22448979591836735
2025-04-24,778191,24,1,0,50,14,89,LAA,LAA,PIT,Tyler Anderson,542881,0.041666666666666664,0.0,0.28
2025-04-30,778104,25,5,2,53,15,96,LAA,SEA,LAA,Tyler Anderson,542881,0.2,0.08,0.2830188679245283
2025-05-06,778025,27,7,0,49,14,97,LAA,LAA,TOR,Tyler Anderson,542881,0.25925925925925924,0.0,0.2857142857142857
2025-05-11,777961,22,5,1,46,9,98,LAA,LAA,BAL,Tyler Anderson,542881,0.22727272727272727,0.045454545454545456,0.1956521739130435
2025-05-17,777884,23,4,0,49,9,104,LAA,LAD,LAA,Tyler Anderson,542881,0.17391304347826086,0.0,0.1836734693877551
2025-05-22,777812,26,0,6,46,3,99,LAA,ATH,LAA,Tyler Anderson,542881,0.0,0.23076923076923078,0.06521739130434782
2025-05-27,777745,25,3,1,46,11,97,LAA,LAA,NYY,Tyler Anderson,542881,0.12,0.04,0.2391304347826087
2025-06-02,777670,22,5,2,48,15,93,LAA,BOS,LAA,Tyler Anderson,542881,0.22727272727272727,0.09090909090909091,0.3125
2025-06-08,777589,25,6,1,48,14,94,LAA,LAA,SEA,Tyler Anderson,542881,0.24,0.04,0.2916666666666667
2025-06-14,777519,25,4,2,49,10,91,LAA,BAL,LAA,Tyler Anderson,542881,0.16,0.08,0.20408163265306123
2025-06-19,777449,25,4,2,48,9,97,LAA,NYY,LAA,Tyler Anderson,542881,0.16,0.08,0.1875
2025-06-24,777376,18,5,2,35,10,82,LAA,LAA,BOS,Tyler Anderson,542881,0.2777777777777778,0.1111111111111111,0.2857142857142857
2025-07-01,777298,24,7,1,41,14,88,LAA,ATL,LAA,Tyler Anderson,542881,0.2916666666666667,0.041666666666666664,0.34146341463414637
2025-07-06,777214,24,2,2,44,9,91,LAA,TOR,LAA,Tyler Anderson,542881,0.08333333333333333,0.08333333333333333,0.20454545454545456
2025-07-11,777150,25,3,2,42,7,84,LAA,LAA,AZ,Tyler Anderson,542881,0.12,0.08,0.16666666666666666
2025-07-21,777061,27,4,5,35,7,87,LAA,NYM,LAA,Tyler Anderson,542881,0.14814814814814814,0.18518518518518517,0.2
2025-07-26,776995,19,1,0,46,6,88,LAA,LAA,SEA,Tyler Anderson,542881,0.05263157894736842,0.0,0.13043478260869565
2025-08-01,776916,26,5,2,47,13,88,LAA,LAA,CWS,Tyler Anderson,542881,0.19230769230769232,0.07692307692307693,0.2765957446808511
2025-08-06,776843,18,5,1,37,12,70,LAA,LAA,TB,Tyler Anderson,542881,0.2777777777777778,0.05555555555555555,0.32432432432432434
2025-08-16,776718,19,1,5,29,4,85,LAA,ATH,LAA,Tyler Anderson,542881,0.05263157894736842,0.2631578947368421,0.13793103448275862
2025-08-22,776640,20,5,2,43,9,82,LAA,LAA,CHC,Tyler Anderson,542881,0.25,0.1,0.20930232558139536
2025-08-29,776543,22,1,3,43,9,86,LAA,HOU,LAA,Tyler Anderson,542881,0.045454545454545456,0.13636363636363635,0.20930232558139536
2025-03-29,778530,21,5,2,34,12,88,HOU,HOU,NYM,Spencer Arrighetti,681293,0.23809523809523808,0.09523809523809523,0.35294117647058826
2025-04-05,778440,18,3,3,35,10,70,HOU,MIN,HOU,Spencer Arrighetti,681293,0.16666666666666666,0.16666666666666666,0.2857142857142857
2025-08-06,776849,23,5,1,45,14,86,HOU,MIA,HOU,Spencer Arrighetti,681293,0.21739130434782608,0.043478260869565216,0.3111111111111111
2025-08-12,776769,22,3,5,31,4,88,HOU,HOU,BOS,Spencer Arrighetti,681293,0.13636363636363635,0.22727272727272727,0.12903225806451613
2025-08-18,776692,25,5,4,40,11,90,HOU,DET,HOU,Spencer Arrighetti,681293,0.2,0.16,0.275
2025-08-24,776612,22,2,0,47,2,97,HOU,BAL,HOU,Spencer Arrighetti,681293,0.09090909090909091,0.0,0.0425531914893617
2025-08-30,776531,25,8,5,38,14,100,HOU,HOU,LAA,Spencer Arrighetti,681293,0.32,0.2,0.3684210526315789
2025-05-24,777794,4,2,0,7,2,14,MIL,PIT,MIL,Aaron Ashby,676879,0.5,0.0,0.2857142857142857
2025-05-27,777747,8,2,1,14,2,37,MIL,MIL,BOS,Aaron Ashby,676879,0.25,0.125,0.14285714285714285
2025-06-06,777617,3,3,0,6,4,13,MIL,MIL,SD,Aaron Ashby,676879,1.0,0.0,0.6666666666666666
2025-06-08,777586,7,1,0,13,3,25,MIL,MIL,SD,Aaron Ashby,676879,0.14285714285714285,0.0,0.23076923076923078
2025-06-12,777532,11,1,0,10,1,33,MIL,MIL,STL,Aaron Ashby,676879,0.09090909090909091,0.0,0.1
2025-06-19,777450,8,1,0,10,2,27,MIL,CHC,MIL,Aaron Ashby,676879,0.125,0.0,0.2
2025-06-21,777412,6,2,0,10,3,22,MIL,MIN,MIL,Aaron Ashby,676879,0.3333333333333333,0.0,0.3
2025-06-23,777391,12,6,1,21,9,52,MIL,MIL,PIT,Aaron Ashby,676879,0.5,0.08333333333333333,0.42857142857142855
2025-06-28,777321,4,0,2,3,0,18,MIL,MIL,COL,Aaron Ashby,676879,0.0,0.5,0.0
2025-07-02,777276,2,1,0,4,2,10,MIL,NYM,MIL,Aaron Ashby,676879,0.5,0.0,0.5
2025-07-04,777254,7,3,0,15,3,32,MIL,MIA,MIL,Aaron Ashby,676879,0.42857142857142855,0.0,0.2
2025-07-07,777201,10,3,1,16,5,39,MIL,MIL,LAD,Aaron Ashby,676879,0.3,0.1,0.3125
2025-07-09,777175,4,1,2,10,3,21,MIL,MIL,LAD,Aaron Ashby,676879,0.25,0.5,0.3
2025-07-19,777085,7,2,0,8,2,16,MIL,LAD,MIL,Aaron Ashby,676879,0.2857142857142857,0.0,0.25
2025-07-21,777050,9,1,1,11,1,34,MIL,SEA,MIL,Aaron Ashby,676879,0.1111111111111111,0.1111111111111111,0.09090909090909091
2025-07-25,777008,7,1,1,9,1,25,MIL,MIL,MIA,Aaron Ashby,676879,0.14285714285714285,0.14285714285714285,0.1111111111111111
2025-07-27,776978,3,1,2,7,2,19,MIL,MIL,MIA,Aaron Ashby,676879,0.3333333333333333,0.6666666666666666,0.2857142857142857
2025-07-29,776956,12,2,1,18,3,42,MIL,MIL,CHC,Aaron Ashby,676879,0.16666666666666666,0.08333333333333333,0.16666666666666666
2025-08-01,776917,5,0,0,7,0,16,MIL,WSH,MIL,Aaron Ashby,676879,0.0,0.0,0.0
2025-08-03,776894,6,3,0,9,3,23,MIL,WSH,MIL,Aaron Ashby,676879,0.5,0.0,0.3333333333333333
2025-08-05,776869,10,2,3,11,3,38,MIL,ATL,MIL,Aaron Ashby,676879,0.2,0.3,0.2727272727272727
2025-08-09,776817,6,1,0,10,2,20,MIL,MIL,NYM,Aaron Ashby,676879,0.16666666666666666,0.0,0.2
2025-08-12,776771,3,1,0,3,0,9,MIL,MIL,PIT,Aaron Ashby,676879,0.3333333333333333,0.0,0.0
2025-08-15,776740,3,2,0,7,2,18,MIL,CIN,MIL,Aaron Ashby,676879,0.6666666666666666,0.0,0.2857142857142857
2025-08-16,776721,2,2,0,6,3,10,MIL,CIN,MIL,Aaron Ashby,676879,1.0,0.0,0.5
2025-08-19,776676,16,3,0,27,7,50,MIL,CHC,MIL,Aaron Ashby,676879,0.1875,0.0,0.25925925925925924
2025-08-22,776634,7,1,1,7,1,23,MIL,MIL,SF,Aaron Ashby,676879,0.14285714285714285,0.14285714285714285,0.14285714285714285
2025-08-25,776593,7,5,1,15,7,36,MIL,MIL,AZ,Aaron Ashby,676879,0.7142857142857143,0.14285714285714285,0.4666666666666667
2025-08-27,776572,6,3,0,14,3,28,MIL,MIL,AZ,Aaron Ashby,676879,0.5,0.0,0.21428571428571427
2025-08-29,776546,6,1,1,8,3,26,MIL,TOR,MIL,Aaron Ashby,676879,0.16666666666666666,0.16666666666666666,0.375
2025-08-30,776527,1,0,0,1,0,3,MIL,TOR,MIL,Aaron Ashby,676879,0.0,0.0,0.0
2025-09-01,776500,2,1,0,4,1,9,MIL,MIL,PHI,Aaron Ashby,676879,0.5,0.0,0.25
2025-09-03,776471,4,1,1,7,3,17,MIL,MIL,PHI,Aaron Ashby,676879,0.25,0.25,0.42857142857142855
2025-09-04,776459,4,1,1,6,2,14,MIL,MIL,PHI,Aaron Ashby,676879,0.25,0.25,0.3333333333333333
2025-09-06,776441,6,2,1,9,1,20,MIL,PIT,MIL,Aaron Ashby,676879,0.3333333333333333,0.16666666666666666,0.1111111111111111
2025-09-09,776395,9,2,0,16,2,32,MIL,TEX,MIL,Aaron Ashby,676879,0.2222222222222222,0.0,0.125
2025-09-12,776356,8,0,1,11,2,31,MIL,MIL,STL,Aaron Ashby,676879,0.0,0.125,0.18181818181818182
2025-09-14,776326,6,3,1,14,1,31,MIL,MIL,STL,Aaron Ashby,676879,0.5,0.16666666666666666,0.07142857142857142
2025-09-18,776274,6,3,0,9,3,14,MIL,MIL,LAA,Aaron Ashby,676879,0.5,0.0,0.3333333333333333
2025-09-20,776244,12,1,0,16,4,39,MIL,STL,MIL,Aaron Ashby,676879,0.08333333333333333,0.0,0.25
2025-09-22,776222,3,2,0,6,2,16,MIL,SD,MIL,Aaron Ashby,676879,0.6666666666666666,0.0,0.3333333333333333
2025-09-24,776198,1,1,0,3,1,5,MIL,SD,MIL,Aaron Ashby,676879,1.0,0.0,0.3333333333333333
2025-09-28,776144,7,2,1,9,2,26,MIL,MIL,CIN,Aaron Ashby,676879,0.2857142857142857,0.14285714285714285,0.2222222222222222
2025-05-26,777761,12,1,1,27,5,50,PIT,AZ,PIT,Braxton Ashcraft,677952,0.08333333333333333,0.08333333333333333,0.18518518518518517
2025-06-01,777681,3,2,0,5,0,15,PIT,SD,PIT,Braxton Ashcraft,677952,0.6666666666666666,0.0,0.0
2025-06-04,777648,7,3,0,16,4,32,PIT,PIT,HOU,Braxton Ashcraft,677952,0.42857142857142855,0.0,0.25
2025-06-08,777595,6,0,1,8,0,19,PIT,PIT,PHI,Braxton Ashcraft,677952,0.0,0.16666666666666666,0.0
2025-06-11,777552,4,0,2,3,1,18,PIT,PIT,MIA,Braxton Ashcraft,677952,0.0,0.5,0.3333333333333333
2025-06-14,777513,6,2,0,12,3,18,PIT,CHC,PIT,Braxton Ashcraft,677952,0.3333333333333333,0.0,0.25
2025-06-20,777432,11,2,1,21,6,40,PIT,PIT,TEX,Braxton Ashcraft,677952,0.18181818181818182,0.09090909090909091,0.2857142857142857
2025-06-23,777391,10,2,0,21,2,35,PIT,MIL,PIT,Braxton Ashcraft,677952,0.2,0.0,0.09523809523809523
2025-06-28,777325,13,2,0,29,5,52,PIT,PIT,NYM,Braxton Ashcraft,677952,0.15384615384615385,0.0,0.1724137931034483
2025-07-04,777236,11,2,0,14,3,30,PIT,SEA,PIT,Braxton Ashcraft,677952,0.18181818181818182,0.0,0.21428571428571427
2025-07-09,777177,10,3,0,22,6,45,PIT,KC,PIT,Braxton Ashcraft,677952,0.3,0.0,0.2727272727272727
2025-07-18,777107,8,0,4,13,4,38,PIT,PIT,CWS,Braxton Ashcraft,677952,0.0,0.5,0.3076923076923077
2025-07-21,777060,4,1,1,7,4,13,PIT,PIT,DET,Braxton Ashcraft,677952,0.25,0.25,0.5714285714285714
2025-07-25,777014,7,2,1,12,3,24,PIT,PIT,AZ,Braxton Ashcraft,677952,0.2857142857142857,0.14285714285714285,0.25
2025-07-29,776943,9,1,0,21,3,38,PIT,SF,PIT,Braxton Ashcraft,677952,0.1111111111111111,0.0,0.14285714285714285
2025-08-02,776904,11,2,0,22,3,39,PIT,COL,PIT,Braxton Ashcraft,677952,0.18181818181818182,0.0,0.13636363636363635
2025-08-05,776866,13,3,0,21,4,36,PIT,PIT,SF,Braxton Ashcraft,677952,0.23076923076923078,0.0,0.19047619047619047
2025-08-09,776812,15,5,1,26,8,56,PIT,PIT,CIN,Braxton Ashcraft,677952,0.3333333333333333,0.06666666666666667,0.3076923076923077
2025-08-15,776737,18,4,0,32,7,62,PIT,CHC,PIT,Braxton Ashcraft,677952,0.2222222222222222,0.0,0.21875
2025-08-22,776637,16,6,1,39,12,65,PIT,PIT,COL,Braxton Ashcraft,677952,0.375,0.0625,0.3076923076923077
2025-08-28,776554,21,5,1,41,9,73,PIT,STL,PIT,Braxton Ashcraft,677952,0.23809523809523808,0.047619047619047616,0.21951219512195122
2025-09-03,776479,15,4,4,21,3,71,PIT,PIT,LAD,Braxton Ashcraft,677952,0.26666666666666666,0.26666666666666666,0.14285714285714285
2025-09-09,776401,14,4,2,26,6,63,PIT,BAL,PIT,Braxton Ashcraft,677952,0.2857142857142857,0.14285714285714285,0.23076923076923078
2025-09-15,776318,19,4,2,33,8,70,PIT,PIT,CHC,Braxton Ashcraft,677952,0.21052631578947367,0.10526315789473684,0.24242424242424243
2025-09-20,776249,9,6,0,20,11,33,PIT,PIT,ATH,Braxton Ashcraft,677952,0.6666666666666666,0.0,0.55
2025-09-25,776190,21,5,1,40,10,72,PIT,CIN,PIT,Braxton Ashcraft,677952,0.23809523809523808,0.047619047619047616,0.25
2025-08-12,776768,21,2,1,37,6,70,CHC,TOR,CHC,Javier Assad,665871,0.09523809523809523,0.047619047619047616,0.16216216216216217
2025-08-17,776704,18,3,1,32,4,65,CHC,CHC,PIT,Javier Assad,665871,0.16666666666666666,0.05555555555555555,0.125
2025-08-22,776640,22,4,1,32,5,72,CHC,LAA,CHC,Javier Assad,665871,0.18181818181818182,0.045454545454545456,0.15625
2025-08-30,776526,24,1,2,33,3,80,CHC,COL,CHC,Javier Assad,665871,0.041666666666666664,0.08333333333333333,0.09090909090909091
2025-09-05,776455,21,4,2,29,5,81,CHC,CHC,WSH,Javier Assad,665871,0.19047619047619047,0.09523809523809523,0.1724137931034483
2025-09-14,776321,10,1,2,19,2,46,CHC,CHC,TB,Javier Assad,665871,0.1,0.2,0.10526315789473684
2025-09-20,776254,18,2,2,32,4,74,CHC,CIN,CHC,Javier Assad,665871,0.1111111111111111,0.1111111111111111,0.125
2025-09-28,776142,19,6,1,46,10,79,CHC,CHC,STL,Javier Assad,665871,0.3157894736842105,0.05263157894736842,0.21739130434782608
2025-08-30,776524,20,1,0,31,5,66,ATH,ATH,TEX,Mason Barnett,686930,0.05,0.0,0.16129032258064516
2025-09-05,776444,23,8,5,38,16,102,ATH,LAA,ATH,Mason Barnett,686930,0.34782608695652173,0.21739130434782608,0.42105263157894735
2025-09-10,776379,20,4,1,36,6,76,ATH,ATH,BOS,Mason Barnett,686930,0.2,0.05,0.16666666666666666
2025-09-17,776299,19,2,3,41,4,90,ATH,BOS,ATH,Mason Barnett,686930,0.10526315789473684,0.15789473684210525,0.0975609756097561
2025-09-26,776172,22,3,2,51,10,97,ATH,ATH,KC,Mason Barnett,686930,0.13636363636363635,0.09090909090909091,0.19607843137254902
2025-03-30,778525,27,7,2,54,12,106,TOR,TOR,BAL,Chris Bassitt,605135,0.25925925925925924,0.07407407407407407,0.2222222222222222
2025-04-05,778446,24,9,0,43,10,92,TOR,NYM,TOR,Chris Bassitt,605135,0.375,0.0,0.23255813953488372
2025-04-10,778377,22,5,1,47,15,86,TOR,BOS,TOR,Chris Bassitt,605135,0.22727272727272727,0.045454545454545456,0.3191489361702128
2025-04-16,778297,20,10,2,40,14,90,TOR,TOR,ATL,Chris Bassitt,605135,0.5,0.1,0.35
2025-04-22,778217,26,3,1,54,7,96,TOR,HOU,TOR,Chris Bassitt,605135,0.11538461538461539,0.038461538461538464,0.12962962962962962
2025-04-27,778170,25,5,1,45,5,93,TOR,NYY,TOR,Chris Bassitt,605135,0.2,0.04,0.1111111111111111
2025-05-02,778081,23,4,0,50,10,98,TOR,TOR,CLE,Chris Bassitt,605135,0.17391304347826086,0.0,0.2
2025-05-08,778000,29,6,1,48,11,101,TOR,LAA,TOR,Chris Bassitt,605135,0.20689655172413793,0.034482758620689655,0.22916666666666666
2025-05-14,777923,25,6,2,48,10,96,TOR,TOR,TB,Chris Bassitt,605135,0.24,0.08,0.20833333333333334
2025-05-20,777845,23,6,1,40,8,100,TOR,TOR,SD,Chris Bassitt,605135,0.2608695652173913,0.043478260869565216,0.2
2025-05-25,777775,22,2,2,38,6,84,TOR,TB,TOR,Chris Bassitt,605135,0.09090909090909091,0.09090909090909091,0.15789473684210525
2025-05-30,777716,23,6,2,45,7,82,TOR,TOR,ATH,Chris Bassitt,605135,0.2608695652173913,0.08695652173913043,0.15555555555555556
2025-06-05,777637,28,6,2,45,10,99,TOR,TOR,PHI,Chris Bassitt,605135,0.21428571428571427,0.07142857142857142,0.2222222222222222
2025-06-10,777558,29,3,2,43,4,89,TOR,STL,TOR,Chris Bassitt,605135,0.10344827586206896,0.06896551724137931,0.09302325581395349
2025-06-17,777479,27,5,1,48,11,97,TOR,TOR,AZ,Chris Bassitt,605135,0.18518518518518517,0.037037037037037035,0.22916666666666666
2025-06-22,777408,21,7,1,35,11,82,TOR,TOR,CWS,Chris Bassitt,605135,0.3333333333333333,0.047619047619047616,0.3142857142857143
2025-06-28,777323,19,3,4,34,5,71,TOR,BOS,TOR,Chris Bassitt,605135,0.15789473684210525,0.21052631578947367,0.14705882352941177
2025-07-03,777260,28,9,3,51,8,114,TOR,TOR,NYY,Chris Bassitt,605135,0.32142857142857145,0.10714285714285714,0.1568627450980392
2025-07-08,777188,21,1,1,35,5,78,TOR,CWS,TOR,Chris Bassitt,605135,0.047619047619047616,0.047619047619047616,0.14285714285714285
2025-07-13,777116,3,1,0,6,3,10,TOR,ATH,TOR,Chris Bassitt,605135,0.3333333333333333,0.0,0.5
2025-07-18,777108,27,5,0,46,14,97,TOR,TOR,SF,Chris Bassitt,605135,0.18518518518518517,0.0,0.30434782608695654
2025-07-23,777027,27,8,0,46,7,94,TOR,TOR,NYY,Chris Bassitt,605135,0.2962962962962963,0.0,0.15217391304347827
2025-07-28,776966,15,4,1,36,7,69,TOR,BAL,TOR,Chris Bassitt,605135,0.26666666666666666,0.06666666666666667,0.19444444444444445
2025-08-03,776893,23,5,3,39,10,91,TOR,TOR,KC,Chris Bassitt,605135,0.21739130434782608,0.13043478260869565,0.2564102564102564
2025-08-09,776808,22,2,2,30,4,68,TOR,LAD,TOR,Chris Bassitt,605135,0.09090909090909091,0.09090909090909091,0.13333333333333333
2025-08-15,776735,22,4,4,36,9,101,TOR,TOR,TEX,Chris Bassitt,605135,0.18181818181818182,0.18181818181818182,0.25
2025-08-20,776661,25,10,2,50,12,108,TOR,PIT,TOR,Chris Bassitt,605135,0.4,0.08,0.24
2025-08-26,776582,24,6,3,33,8,93,TOR,TOR,MIN,Chris Bassitt,605135,0.25,0.125,0.24242424242424243
2025-09-01,776503,25,6,2,43,12,107,TOR,CIN,TOR,Chris Bassitt,605135,0.24,0.08,0.27906976744186046
2025-09-06,776436,22,3,3,31,8,80,TOR,NYY,TOR,Chris Bassitt,605135,0.13636363636363635,0.13636363636363635,0.25806451612903225
2025-09-12,776353,18,6,1,31,11,75,TOR,TOR,BAL,Chris Bassitt,605135,0.3333333333333333,0.05555555555555555,0.3548387096774194
2025-09-18,776269,22,3,2,48,8,89,TOR,TB,TOR,Chris Bassitt,605135,0.13636363636363635,0.09090909090909091,0.16666666666666666
2025-04-01,778493,23,10,0,44,13,96,TB,TB,PIT,Shane Baz,669358,0.43478260869565216,0.0,0.29545454545454547
2025-04-08,778417,28,6,4,45,8,96,TB,TB,LAA,Shane Baz,669358,0.21428571428571427,0.14285714285714285,0.17777777777777778
2025-04-14,778328,20,11,0,53,15,98,TB,TB,BOS,Shane Baz,669358,0.55,0.0,0.2830188679245283
2025-04-19,778255,18,3,4,35,8,83,TB,TB,NYY,Shane Baz,669358,0.16666666666666666,0.2222222222222222,0.22857142857142856
2025-04-25,778172,25,6,1,41,9,97,TB,SD,TB,Shane Baz,669358,0.24,0.04,0.21951219512195122
2025-05-01,778097,28,1,3,42,5,93,TB,TB,KC,Shane Baz,669358,0.03571428571428571,0.10714285714285714,0.11904761904761904
2025-05-07,778021,21,3,2,48,7,83,TB,TB,PHI,Shane Baz,669358,0.14285714285714285,0.09523809523809523,0.14583333333333334
2025-05-13,777935,19,6,2,49,7,86,TB,TOR,TB,Shane Baz,669358,0.3157894736842105,0.10526315789473684,0.14285714285714285
2025-05-18,777877,28,2,3,50,12,96,TB,MIA,TB,Shane Baz,669358,0.07142857142857142,0.10714285714285714,0.24
2025-05-24,777795,23,4,3,35,8,82,TB,TB,TOR,Shane Baz,669358,0.17391304347826086,0.13043478260869565,0.22857142857142856
2025-05-29,777725,24,3,0,38,2,87,TB,HOU,TB,Shane Baz,669358,0.125,0.0,0.05263157894736842
2025-06-04,777646,22,5,1,46,12,85,TB,TB,TEX,Shane Baz,669358,0.22727272727272727,0.045454545454545456,0.2608695652173913
2025-06-09,777584,22,5,3,36,13,76,TB,BOS,TB,Shane Baz,669358,0.22727272727272727,0.13636363636363635,0.3611111111111111
2025-06-15,777502,27,6,4,44,12,106,TB,NYM,TB,Shane Baz,669358,0.2222222222222222,0.14814814814814814,0.2727272727272727
2025-06-20,777431,24,6,4,44,14,105,TB,TB,DET,Shane Baz,669358,0.25,0.16666666666666666,0.3181818181818182
2025-06-26,777353,27,9,1,45,11,97,TB,KC,TB,Shane Baz,669358,0.3333333333333333,0.037037037037037035,0.24444444444444444
2025-07-01,777286,28,11,1,48,20,91,TB,TB,ATH,Shane Baz,669358,0.39285714285714285,0.03571428571428571,0.4166666666666667
2025-07-07,777211,27,7,2,48,14,95,TB,DET,TB,Shane Baz,669358,0.25925925925925924,0.07407407407407407,0.2916666666666667
2025-07-12,777144,25,3,2,49,8,98,TB,BOS,TB,Shane Baz,669358,0.12,0.08,0.16326530612244897
2025-07-21,777059,22,4,2,42,4,87,TB,TB,CWS,Shane Baz,669358,0.18181818181818182,0.09090909090909091,0.09523809523809523
2025-07-27,776982,22,5,2,53,13,101,TB,CIN,TB,Shane Baz,669358,0.22727272727272727,0.09090909090909091,0.24528301886792453
2025-08-01,776918,25,8,2,53,16,98,TB,TB,LAD,Shane Baz,669358,0.32,0.08,0.3018867924528302
2025-08-06,776843,19,9,2,38,10,81,TB,LAA,TB,Shane Baz,669358,0.47368421052631576,0.10526315789473684,0.2631578947368421
2025-08-12,776762,30,7,2,54,14,93,TB,ATH,TB,Shane Baz,669358,0.23333333333333334,0.06666666666666667,0.25925925925925924
2025-08-19,776677,18,3,2,30,6,65,TB,TB,NYY,Shane Baz,669358,0.16666666666666666,0.1111111111111111,0.2
2025-08-26,776584,23,7,2,49,13,92,TB,CLE,TB,Shane Baz,669358,0.30434782608695654,0.08695652173913043,0.2653061224489796
2025-09-01,776504,23,6,2,42,7,83,TB,TB,SEA,Shane Baz,669358,0.2608695652173913,0.08695652173913043,0.16666666666666666
2025-09-06,776438,22,8,1,43,17,84,TB,TB,CLE,Shane Baz,669358,0.36363636363636365,0.045454545454545456,0.3953488372093023
2025-09-12,776352,17,5,3,25,5,67,TB,CHC,TB,Shane Baz,669358,0.29411764705882354,0.17647058823529413,0.2
2025-09-18,776269,17,4,1,36,6,74,TB,TB,TOR,Shane Baz,669358,0.23529411764705882,0.058823529411764705,0.16666666666666666
2025-09-24,776203,15,3,3,23,9,49,TB,BAL,TB,Shane Baz,669358,0.2,0.2,0.391304347826087
2025-04-22,778224,23,3,3,34,7,97,BOS,BOS,SEA,Brayan Bello,678394,0.13043478260869565,0.13043478260869565,0.20588235294117646
2025-04-27,778157,26,4,3,50,10,99,BOS,CLE,BOS,Brayan Bello,678394,0.15384615384615385,0.11538461538461539,0.2
2025-05-02,778089,25,5,1,44,11,102,BOS,BOS,MIN,Brayan Bello,678394,0.2,0.04,0.25
2025-05-08,778006,21,1,5,32,3,83,BOS,BOS,TEX,Brayan Bello,678394,0.047619047619047616,0.23809523809523808,0.09375
2025-05-13,777940,21,4,2,41,8,92,BOS,DET,BOS,Brayan Bello,678394,0.19047619047619047,0.09523809523809523,0.1951219512195122
2025-05-18,777876,27,3,5,36,4,92,BOS,BOS,ATL,Brayan Bello,678394,0.1111111111111111,0.18518518518518517,0.1111111111111111
2025-05-23,777815,18,7,1,45,11,87,BOS,BOS,BAL,Brayan Bello,678394,0.3888888888888889,0.05555555555555555,0.24444444444444444
2025-05-28,777736,20,2,2,34,4,77,BOS,MIL,BOS,Brayan Bello,678394,0.1,0.1,0.11764705882352941
2025-06-03,777667,27,4,2,42,6,103,BOS,BOS,LAA,Brayan Bello,678394,0.14814814814814814,0.07407407407407407,0.14285714285714285
2025-06-09,777584,27,4,1,48,5,82,BOS,BOS,TB,Brayan Bello,678394,0.14814814814814814,0.037037037037037035,0.10416666666666667
2025-06-15,777500,26,8,3,52,13,114,BOS,BOS,NYY,Brayan Bello,678394,0.3076923076923077,0.11538461538461539,0.25
2025-06-21,777417,24,6,1,41,6,94,BOS,SF,BOS,Brayan Bello,678394,0.25,0.041666666666666664,0.14634146341463414
2025-06-27,777345,29,1,3,46,7,104,BOS,BOS,TOR,Brayan Bello,678394,0.034482758620689655,0.10344827586206896,0.15217391304347827
2025-07-01,777294,17,3,1,24,4,62,BOS,BOS,CIN,Brayan Bello,678394,0.17647058823529413,0.058823529411764705,0.16666666666666666
2025-07-08,777196,33,10,1,55,14,107,BOS,BOS,COL,Brayan Bello,678394,0.30303030303030304,0.030303030303030304,0.2545454545454545
2025-07-13,777130,26,5,0,60,10,106,BOS,BOS,TB,Brayan Bello,678394,0.19230769230769232,0.0,0.16666666666666666
2025-07-19,777096,25,4,1,42,10,92,BOS,CHC,BOS,Brayan Bello,678394,0.16,0.04,0.23809523809523808
2025-07-25,777012,24,5,2,48,11,98,BOS,BOS,LAD,Brayan Bello,678394,0.20833333333333334,0.08333333333333333,0.22916666666666666
2025-07-30,776935,28,4,4,42,9,93,BOS,MIN,BOS,Brayan Bello,678394,0.14285714285714285,0.14285714285714285,0.21428571428571427
2025-08-04,776880,25,5,1,50,9,102,BOS,BOS,KC,Brayan Bello,678394,0.2,0.04,0.18
2025-08-10,776789,25,7,3,48,11,106,BOS,SD,BOS,Brayan Bello,678394,0.28,0.12,0.22916666666666666
2025-08-16,776724,24,2,0,42,7,78,BOS,BOS,MIA,Brayan Bello,678394,0.08333333333333333,0.0,0.16666666666666666
2025-08-22,776647,23,5,1,39,5,92,BOS,NYY,BOS,Brayan Bello,678394,0.21739130434782608,0.043478260869565216,0.1282051282051282
2025-08-27,776579,27,6,1,39,8,94,BOS,BAL,BOS,Brayan Bello,678394,0.2222222222222222,0.037037037037037035,0.20512820512820512
2025-09-01,776505,24,4,3,49,13,100,BOS,BOS,CLE,Brayan Bello,678394,0.16666666666666666,0.125,0.2653061224489796
2025-09-07,776415,23,2,1,43,7,91,BOS,AZ,BOS,Brayan Bello,678394,0.08695652173913043,0.043478260869565216,0.16279069767441862
2025-09-13,776344,24,4,3,40,9,92,BOS,BOS,NYY,Brayan Bello,678394,0.16666666666666666,0.125,0.225
2025-09-18,776281,18,3,2,27,4,70,BOS,BOS,ATH,Brayan Bello,678394,0.16666666666666666,0.1111111111111111,0.14814814814814814
2025-09-25,776186,23,3,3,39,6,89,BOS,TOR,BOS,Brayan Bello,678394,0.13043478260869565,0.13043478260869565,0.15384615384615385
2025-10-01,813070,11,0,1,15,3,28,BOS,NYY,BOS,Brayan Bello,678394,0.0,0.09090909090909091,0.2
2025-03-29,778539,18,4,2,33,5,71,MIA,MIA,PIT,Valente Bellozo,678368,0.2222222222222222,0.1111111111111111,0.15151515151515152
2025-04-07,778416,17,2,2,33,5,76,MIA,NYM,MIA,Valente Bellozo,678368,0.11764705882352941,0.11764705882352941,0.15151515151515152
2025-05-02,778091,23,1,4,44,3,87,MIA,MIA,ATH,Valente Bellozo,678368,0.043478260869565216,0.17391304347826086,0.06818181818181818
2025-05-07,778017,18,7,2,24,10,76,MIA,MIA,LAD,Valente Bellozo,678368,0.3888888888888889,0.1111111111111111,0.4166666666666667
2025-05-13,777936,18,2,1,35,6,74,MIA,CHC,MIA,Valente Bellozo,678368,0.1111111111111111,0.05555555555555555,0.17142857142857143
2025-05-19,777863,12,1,1,21,5,42,MIA,MIA,CHC,Valente Bellozo,678368,0.08333333333333333,0.08333333333333333,0.23809523809523808
2025-05-27,777742,13,4,1,31,7,59,MIA,SD,MIA,Valente Bellozo,678368,0.3076923076923077,0.07692307692307693,0.22580645161290322
2025-06-02,777673,11,4,0,26,9,46,MIA,MIA,COL,Valente Bellozo,678368,0.36363636363636365,0.0,0.34615384615384615
2025-06-08,777592,13,3,1,30,5,55,MIA,TB,MIA,Valente Bellozo,678368,0.23076923076923078,0.07692307692307693,0.16666666666666666
2025-06-13,777530,9,1,0,11,1,31,MIA,WSH,MIA,Valente Bellozo,678368,0.1111111111111111,0.0,0.09090909090909091
2025-06-16,777483,12,1,0,19,3,40,MIA,MIA,PHI,Valente Bellozo,678368,0.08333333333333333,0.0,0.15789473684210525
2025-06-19,777444,4,1,0,7,1,16,MIA,MIA,PHI,Valente Bellozo,678368,0.25,0.0,0.14285714285714285
2025-06-26,777347,9,1,0,16,2,29,MIA,SF,MIA,Valente Bellozo,678368,0.1111111111111111,0.0,0.125
2025-06-28,777318,7,1,0,12,4,24,MIA,AZ,MIA,Valente Bellozo,678368,0.14285714285714285,0.0,0.3333333333333333
2025-07-02,777275,7,0,0,14,2,21,MIA,MIA,MIN,Valente Bellozo,678368,0.0,0.0,0.14285714285714285
2025-07-06,777224,9,0,0,16,1,27,MIA,MIA,MIL,Valente Bellozo,678368,0.0,0.0,0.0625
2025-07-09,777183,12,1,1,19,3,39,MIA,CIN,MIA,Valente Bellozo,678368,0.08333333333333333,0.08333333333333333,0.15789473684210525
2025-07-20,777082,12,2,1,28,4,48,MIA,MIA,KC,Valente Bellozo,678368,0.16666666666666666,0.08333333333333333,0.14285714285714285
2025-07-27,776978,4,0,0,4,0,9,MIA,MIL,MIA,Valente Bellozo,678368,0.0,0.0,0.0
2025-07-29,776946,6,3,1,12,5,28,MIA,STL,MIA,Valente Bellozo,678368,0.5,0.16666666666666666,0.4166666666666667
2025-08-01,776925,12,2,0,17,1,44,MIA,MIA,NYY,Valente Bellozo,678368,0.16666666666666666,0.0,0.058823529411764705
2025-08-05,776862,13,0,0,24,2,44,MIA,MIA,HOU,Valente Bellozo,678368,0.0,0.0,0.08333333333333333
2025-08-09,776819,12,0,2,20,3,40,MIA,ATL,MIA,Valente Bellozo,678368,0.0,0.16666666666666666,0.15
2025-08-14,776745,11,1,0,25,3,45,MIA,CLE,MIA,Valente Bellozo,678368,0.09090909090909091,0.0,0.12
2025-08-18,776688,3,2,0,8,2,12,MIA,MIA,STL,Valente Bellozo,678368,0.6666666666666666,0.0,0.25
2025-08-22,776646,7,1,2,14,1,27,MIA,MIA,TOR,Valente Bellozo,678368,0.14285714285714285,0.2857142857142857,0.07142857142857142
2025-08-29,776548,19,3,2,32,7,65,MIA,NYM,MIA,Valente Bellozo,678368,0.15789473684210525,0.10526315789473684,0.21875
2025-09-05,776456,12,2,0,29,6,48,MIA,MIA,PHI,Valente Bellozo,678368,0.16666666666666666,0.0,0.20689655172413793
2025-09-09,776397,8,1,0,17,2,35,MIA,MIA,WSH,Valente Bellozo,678368,0.125,0.0,0.11764705882352941
2025-09-18,776270,6,0,0,12,2,20,MIA,COL,MIA,Valente Bellozo,678368,0.0,0.0,0.16666666666666666
2025-09-23,776215,4,0,0,8,3,17,MIA,PHI,MIA,Valente Bellozo,678368,0.0,0.0,0.375
2025-09-24,776201,8,1,0,15,1,27,MIA,PHI,MIA,Valente Bellozo,678368,0.125,0.0,0.06666666666666667
2025-04-26,778160,4,1,0,6,0,16,SD,SD,TB,Ryan Bergert,686701,0.25,0.0,0.0
2025-05-02,778090,4,0,0,4,0,13,SD,PIT,SD,Ryan Bergert,686701,0.0,0.0,0.0
2025-05-05,778045,3,1,0,9,1,14,SD,NYY,SD,Ryan Bergert,686701,0.3333333333333333,0.0,0.1111111111111111
2025-05-06,778041,3,0,0,6,0,8,SD,NYY,SD,Ryan Bergert,686701,0.0,0.0,0.0
2025-06-03,777656,21,2,2,39,6,83,SD,SF,SD,Ryan Bergert,686701,0.09523809523809523,0.09523809523809523,0.15384615384615385
2025-06-08,777586,20,4,4,33,5,86,SD,MIL,SD,Ryan Bergert,686701,0.2,0.2,0.15151515151515152
2025-06-14,777515,20,8,2,43,10,90,SD,AZ,SD,Ryan Bergert,686701,0.4,0.1,0.23255813953488372
2025-06-19,777442,18,3,1,37,6,71,SD,LAD,SD,Ryan Bergert,686701,0.16666666666666666,0.05555555555555555,0.16216216216216217
2025-06-24,777372,18,4,3,34,5,69,SD,SD,WSH,Ryan Bergert,686701,0.2222222222222222,0.16666666666666666,0.14705882352941177
2025-07-11,777139,19,7,2,38,11,82,SD,SD,PHI,Ryan Bergert,686701,0.3684210526315789,0.10526315789473684,0.2894736842105263
2025-07-29,776947,19,4,4,37,7,83,SD,SD,NYM,Ryan Bergert,686701,0.21052631578947367,0.21052631578947367,0.1891891891891892
2025-08-05,776864,20,2,2,42,8,85,KC,BOS,KC,Ryan Bergert,686701,0.1,0.1,0.19047619047619047
2025-08-10,776796,22,8,1,38,11,89,KC,MIN,KC,Ryan Bergert,686701,0.36363636363636365,0.045454545454545456,0.2894736842105263
2025-08-17,776702,24,7,2,51,14,95,KC,KC,CWS,Ryan Bergert,686701,0.2916666666666667,0.08333333333333333,0.27450980392156865
2025-08-22,776649,21,5,1,45,10,90,KC,DET,KC,Ryan Bergert,686701,0.23809523809523808,0.047619047619047616,0.2222222222222222
2025-08-27,776569,26,3,2,42,7,98,KC,CWS,KC,Ryan Bergert,686701,0.11538461538461539,0.07692307692307693,0.16666666666666666
2025-09-03,776466,19,6,3,41,11,87,KC,KC,LAA,Ryan Bergert,686701,0.3157894736842105,0.15789473684210525,0.2682926829268293
2025-09-08,776413,23,3,2,36,7,81,KC,CLE,KC,Ryan Bergert,686701,0.13043478260869565,0.08695652173913043,0.19444444444444445
2025-09-13,776342,19,5,3,31,6,76,KC,PHI,KC,Ryan Bergert,686701,0.2631578947368421,0.15789473684210525,0.1935483870967742
2025-03-27,778556,24,5,2,39,12,90,TOR,TOR,BAL,Jos\xc3\xa9 Berr\xc3\xados,621244,0.20833333333333334,0.08333333333333333,0.3076923076923077
2025-04-01,778491,22,8,3,41,8,95,TOR,TOR,WSH,Jos\xc3\xa9 Berr\xc3\xados,621244,0.36363636363636365,0.13636363636363635,0.1951219512195122
2025-04-07,778426,26,2,3,35,2,88,TOR,BOS,TOR,Jos\xc3\xa9 Berr\xc3\xados,621244,0.07692307692307693,0.11538461538461539,0.05714285714285714
2025-04-13,778344,23,6,1,37,11,86,TOR,BAL,TOR,Jos\xc3\xa9 Berr\xc3\xados,621244,0.2608695652173913,0.043478260869565216,0.2972972972972973
2025-04-19,778258,26,3,4,34,4,82,TOR,TOR,SEA,Jos\xc3\xa9 Berr\xc3\xados,621244,0.11538461538461539,0.15384615384615385,0.11764705882352941
2025-04-25,778185,23,4,2,40,4,89,TOR,NYY,TOR,Jos\xc3\xa9 Berr\xc3\xados,621244,0.17391304347826086,0.08695652173913043,0.1
2025-05-01,778095,27,8,1,44,9,88,TOR,TOR,BOS,Jos\xc3\xa9 Berr\xc3\xados,621244,0.2962962962962963,0.037037037037037035,0.20454545454545456
2025-05-07,778009,28,9,4,40,17,93,TOR,LAA,TOR,Jos\xc3\xa9 Berr\xc3\xados,621244,0.32142857142857145,0.14285714285714285,0.425
2025-05-13,777935,25,4,3,42,9,83,TOR,TOR,TB,Jos\xc3\xa9 Berr\xc3\xados,621244,0.16,0.12,0.21428571428571427
2025-05-18,777871,27,4,1,47,11,83,TOR,TOR,DET,Jos\xc3\xa9 Berr\xc3\xados,621244,0.14814814814814814,0.037037037037037035,0.23404255319148937
2025-05-24,777795,22,3,1,44,8,95,TOR,TB,TOR,Jos\xc3\xa9 Berr\xc3\xados,621244,0.13636363636363635,0.045454545454545456,0.18181818181818182
2025-05-29,777727,21,9,2,39,11,90,TOR,TOR,ATH,Jos\xc3\xa9 Berr\xc3\xados,621244,0.42857142857142855,0.09523809523809523,0.28205128205128205
2025-06-04,777651,23,5,2,45,12,89,TOR,TOR,PHI,Jos\xc3\xa9 Berr\xc3\xados,621244,0.21739130434782608,0.08695652173913043,0.26666666666666666
2025-06-09,777581,25,1,2,39,5,89,TOR,STL,TOR,Jos\xc3\xa9 Berr\xc3\xados,621244,0.04,0.08,0.1282051282051282
2025-06-15,777499,23,5,0,46,10,92,TOR,PHI,TOR,Jos\xc3\xa9 Berr\xc3\xados,621244,0.21739130434782608,0.0,0.21739130434782608
2025-06-21,777418,28,5,3,41,7,98,TOR,TOR,CWS,Jos\xc3\xa9 Berr\xc3\xados,621244,0.17857142857142858,0.10714285714285714,0.17073170731707318
2025-06-27,777345,24,8,1,48,13,91,TOR,BOS,TOR,Jos\xc3\xa9 Berr\xc3\xados,621244,0.3333333333333333,0.041666666666666664,0.2708333333333333
2025-07-02,777274,22,3,0,43,7,83,TOR,TOR,NYY,Jos\xc3\xa9 Berr\xc3\xados,621244,0.13636363636363635,0.0,0.16279069767441862
2025-07-07,777212,23,4,2,35,5,76,TOR,CWS,TOR,Jos\xc3\xa9 Berr\xc3\xados,621244,0.17391304347826086,0.08695652173913043,0.14285714285714285
2025-07-13,777116,16,1,2,29,3,61,TOR,ATH,TOR,Jos\xc3\xa9 Berr\xc3\xados,621244,0.0625,0.125,0.10344827586206896
2025-07-20,777079,24,5,1,37,7,89,TOR,TOR,SF,Jos\xc3\xa9 Berr\xc3\xados,621244,0.20833333333333334,0.041666666666666664,0.1891891891891892
2025-07-25,777016,24,6,2,38,7,85,TOR,DET,TOR,Jos\xc3\xa9 Berr\xc3\xados,621244,0.25,0.08333333333333333,0.18421052631578946
2025-07-30,776948,20,3,0,40,6,73,TOR,BAL,TOR,Jos\xc3\xa9 Berr\xc3\xados,621244,0.15,0.0,0.15
2025-08-05,776854,24,5,1,43,7,81,TOR,COL,TOR,Jos\xc3\xa9 Berr\xc3\xados,621244,0.20833333333333334,0.041666666666666664,0.16279069767441862
2025-08-12,776768,22,3,4,41,6,91,TOR,TOR,CHC,Jos\xc3\xa9 Berr\xc3\xados,621244,0.13636363636363635,0.18181818181818182,0.14634146341463414
2025-08-17,776710,21,2,0,41,8,87,TOR,TOR,TEX,Jos\xc3\xa9 Berr\xc3\xados,621244,0.09523809523809523,0.0,0.1951219512195122
2025-08-23,776630,24,8,0,34,10,81,TOR,MIA,TOR,Jos\xc3\xa9 Berr\xc3\xados,621244,0.3333333333333333,0.0,0.29411764705882354
2025-09-02,776491,14,2,2,22,2,66,TOR,CIN,TOR,Jos\xc3\xa9 Berr\xc3\xados,621244,0.14285714285714285,0.14285714285714285,0.09090909090909091
2025-09-10,776385,21,4,1,34,7,81,TOR,TOR,HOU,Jos\xc3\xa9 Berr\xc3\xados,621244,0.19047619047619047,0.047619047619047616,0.20588235294117646
2025-09-16,776305,18,0,2,31,2,78,TOR,TB,TOR,Jos\xc3\xa9 Berr\xc3\xados,621244,0.0,0.1111111111111111,0.06451612903225806
2025-09-24,776206,10,3,2,17,7,39,TOR,TOR,BOS,Jos\xc3\xa9 Berr\xc3\xados,621244,0.3,0.2,0.4117647058823529
2025-03-30,778510,20,1,2,36,9,84,CLE,KC,CLE,Tanner Bibee,676440,0.05,0.1,0.25
2025-04-05,778437,23,4,1,43,15,89,CLE,LAA,CLE,Tanner Bibee,676440,0.17391304347826086,0.043478260869565216,0.3488372093023256
2025-04-11,778375,21,4,4,33,6,96,CLE,CLE,KC,Tanner Bibee,676440,0.19047619047619047,0.19047619047619047,0.18181818181818182
2025-04-17,778292,24,5,4,38,6,99,CLE,BAL,CLE,Tanner Bibee,676440,0.20833333333333334,0.16666666666666666,0.15789473684210525
2025-04-22,778218,24,5,3,50,3,106,CLE,CLE,NYY,Tanner Bibee,676440,0.20833333333333334,0.125,0.06
2025-04-29,778129,25,5,0,47,9,92,CLE,CLE,MIN,Tanner Bibee,676440,0.2,0.0,0.19148936170212766
2025-05-04,778056,23,3,2,36,3,86,CLE,TOR,CLE,Tanner Bibee,676440,0.13043478260869565,0.08695652173913043,0.08333333333333333
2025-05-10,777983,26,3,0,48,8,96,CLE,CLE,PHI,Tanner Bibee,676440,0.11538461538461539,0.0,0.16666666666666666
2025-05-16,777902,28,4,1,50,10,105,CLE,CIN,CLE,Tanner Bibee,676440,0.14285714285714285,0.03571428571428571,0.2
2025-05-22,777821,25,8,1,43,14,96,CLE,DET,CLE,Tanner Bibee,676440,0.32,0.04,0.32558139534883723
2025-05-27,777753,23,7,2,36,9,99,CLE,CLE,LAD,Tanner Bibee,676440,0.30434782608695654,0.08695652173913043,0.25
2025-06-03,777664,26,6,2,45,9,107,CLE,NYY,CLE,Tanner Bibee,676440,0.23076923076923078,0.07692307692307693,0.2
2025-06-08,777591,24,6,0,48,12,88,CLE,CLE,HOU,Tanner Bibee,676440,0.25,0.0,0.25
2025-06-14,777507,23,3,3,42,9,104,CLE,SEA,CLE,Tanner Bibee,676440,0.13043478260869565,0.13043478260869565,0.21428571428571427
2025-06-20,777429,35,10,0,49,13,106,CLE,ATH,CLE,Tanner Bibee,676440,0.2857142857142857,0.0,0.2653061224489796
2025-06-26,777354,24,7,0,50,13,96,CLE,CLE,TOR,Tanner Bibee,676440,0.2916666666666667,0.0,0.26
2025-07-02,777266,22,5,4,40,8,96,CLE,CHC,CLE,Tanner Bibee,676440,0.22727272727272727,0.18181818181818182,0.2
2025-07-07,777202,19,3,1,39,10,86,CLE,HOU,CLE,Tanner Bibee,676440,0.15789473684210525,0.05263157894736842,0.2564102564102564
2025-07-12,777138,22,5,2,46,15,91,CLE,CWS,CLE,Tanner Bibee,676440,0.22727272727272727,0.09090909090909091,0.32608695652173914
2025-07-21,777068,27,4,0,48,12,86,CLE,CLE,BAL,Tanner Bibee,676440,0.14814814814814814,0.0,0.25
2025-07-26,776990,22,8,0,42,10,93,CLE,KC,CLE,Tanner Bibee,676440,0.36363636363636365,0.0,0.23809523809523808
2025-08-02,776905,24,5,2,45,11,93,CLE,CLE,MIN,Tanner Bibee,676440,0.20833333333333334,0.08333333333333333,0.24444444444444444
2025-08-08,776833,24,7,4,43,10,98,CLE,CWS,CLE,Tanner Bibee,676440,0.2916666666666667,0.16666666666666666,0.23255813953488372
2025-08-14,776745,26,5,4,45,4,102,CLE,CLE,MIA,Tanner Bibee,676440,0.19230769230769232,0.15384615384615385,0.08888888888888889
2025-08-19,776672,25,5,1,43,5,92,CLE,AZ,CLE,Tanner Bibee,676440,0.2,0.04,0.11627906976744186
2025-08-25,776601,29,3,3,51,12,98,CLE,CLE,TB,Tanner Bibee,676440,0.10344827586206896,0.10344827586206896,0.23529411764705882
2025-08-31,776521,27,4,2,47,10,91,CLE,CLE,SEA,Tanner Bibee,676440,0.14814814814814814,0.07407407407407407,0.2127659574468085
2025-09-06,776438,24,3,1,44,11,92,CLE,TB,CLE,Tanner Bibee,676440,0.125,0.041666666666666664,0.25
2025-09-12,776361,30,10,0,53,13,103,CLE,CLE,CWS,Tanner Bibee,676440,0.3333333333333333,0.0,0.24528301886792453
2025-09-18,776275,24,8,2,48,9,100,CLE,DET,CLE,Tanner Bibee,676440,0.3333333333333333,0.08333333333333333,0.1875
2025-09-24,776204,24,5,2,43,8,105,CLE,CLE,DET,Tanner Bibee,676440,0.20833333333333334,0.08333333333333333,0.18604651162790697
2025-10-01,813071,22,6,3,40,10,87,CLE,CLE,DET,Tanner Bibee,676440,0.2727272727272727,0.13636363636363635,0.25
2025-03-29,778521,22,4,4,33,10,81,ATH,SEA,ATH,Osvaldo Bido,674370,0.18181818181818182,0.18181818181818182,0.30303030303030304
2025-04-04,778456,22,5,2,41,8,87,ATH,COL,ATH,Osvaldo Bido,674370,0.22727272727272727,0.09090909090909091,0.1951219512195122
2025-04-09,778381,24,5,0,52,14,90,ATH,ATH,SD,Osvaldo Bido,674370,0.20833333333333334,0.0,0.2692307692307692
2025-04-16,778294,22,0,1,45,6,83,ATH,CWS,ATH,Osvaldo Bido,674370,0.0,0.045454545454545456,0.13333333333333333
2025-04-22,778213,27,2,3,47,8,91,ATH,ATH,TEX,Osvaldo Bido,674370,0.07407407407407407,0.1111111111111111,0.1702127659574468
2025-04-27,778149,23,1,2,44,5,90,ATH,ATH,CWS,Osvaldo Bido,674370,0.043478260869565216,0.08695652173913043,0.11363636363636363
2025-05-03,778075,20,4,2,36,7,70,ATH,MIA,ATH,Osvaldo Bido,674370,0.2,0.1,0.19444444444444445
2025-05-09,777994,26,6,2,50,14,96,ATH,ATH,NYY,Osvaldo Bido,674370,0.23076923076923078,0.07692307692307693,0.28
2025-05-15,777946,12,2,2,25,3,49,ATH,LAD,ATH,Osvaldo Bido,674370,0.16666666666666666,0.16666666666666666,0.12
2025-06-03,777658,6,1,2,7,1,24,ATH,ATH,MIN,Osvaldo Bido,674370,0.16666666666666666,0.3333333333333333,0.14285714285714285
2025-06-11,777542,12,3,1,24,9,48,ATH,LAA,ATH,Osvaldo Bido,674370,0.25,0.08333333333333333,0.375
2025-06-17,777469,12,1,2,20,5,53,ATH,ATH,HOU,Osvaldo Bido,674370,0.08333333333333333,0.16666666666666666,0.25
2025-07-11,777152,16,2,1,23,3,49,ATH,ATH,TOR,Osvaldo Bido,674370,0.125,0.0625,0.13043478260869565
2025-07-20,777084,14,1,1,21,7,41,ATH,CLE,ATH,Osvaldo Bido,674370,0.07142857142857142,0.07142857142857142,0.3333333333333333
2025-08-03,776881,6,0,0,12,2,32,ATH,ATH,AZ,Osvaldo Bido,674370,0.0,0.0,0.16666666666666666
2025-08-05,776865,1,1,0,3,0,6,ATH,WSH,ATH,Osvaldo Bido,674370,1.0,0.0,0.0
2025-08-11,776787,17,4,0,27,6,52,ATH,ATH,TB,Osvaldo Bido,674370,0.23529411764705882,0.0,0.2222222222222222
2025-08-17,776699,3,3,0,8,4,19,ATH,ATH,LAA,Osvaldo Bido,674370,1.0,0.0,0.5
2025-08-21,776653,11,4,0,29,6,44,ATH,MIN,ATH,Osvaldo Bido,674370,0.36363636363636365,0.0,0.20689655172413793
2025-08-26,776573,14,5,2,37,9,66,ATH,ATH,DET,Osvaldo Bido,674370,0.35714285714285715,0.14285714285714285,0.24324324324324326
2025-08-30,776524,10,1,0,19,2,32,ATH,ATH,TEX,Osvaldo Bido,674370,0.1,0.0,0.10526315789473684
2025-09-07,776414,5,0,1,8,2,26,ATH,LAA,ATH,Osvaldo Bido,674370,0.0,0.2,0.25
2025-09-09,776396,5,2,2,11,5,28,ATH,ATH,BOS,Osvaldo Bido,674370,0.4,0.4,0.45454545454545453
2025-09-21,776234,15,6,2,27,10,63,ATH,PIT,ATH,Osvaldo Bido,674370,0.4,0.13333333333333333,0.37037037037037035
2025-09-25,776182,10,3,1,21,4,37,ATH,ATH,HOU,Osvaldo Bido,674370,0.3,0.1,0.19047619047619047
2025-09-28,776138,8,2,1,12,4,29,ATH,ATH,KC,Osvaldo Bido,674370,0.25,0.125,0.3333333333333333
2025-08-22,776646,21,9,0,41,15,87,TOR,MIA,TOR,Shane Bieber,669456,0.42857142857142855,0.0,0.36585365853658536
2025-08-29,776546,20,6,0,37,11,92,TOR,TOR,MIL,Shane Bieber,669456,0.3,0.0,0.2972972972972973
2025-09-03,776475,24,6,2,43,12,98,TOR,CIN,TOR,Shane Bieber,669456,0.25,0.08333333333333333,0.27906976744186046
2025-09-09,776393,26,4,1,40,10,94,TOR,TOR,HOU,Shane Bieber,669456,0.15384615384615385,0.038461538461538464,0.25
2025-09-14,776322,22,5,1,49,16,97,TOR,TOR,BAL,Shane Bieber,669456,0.22727272727272727,0.045454545454545456,0.32653061224489793
2025-09-20,776245,24,4,1,45,6,87,TOR,KC,TOR,Shane Bieber,669456,0.16666666666666666,0.041666666666666664,0.13333333333333333
2025-09-26,776177,22,3,2,43,9,90,TOR,TOR,TB,Shane Bieber,669456,0.13636363636363635,0.09090909090909091,0.20930232558139536
2025-04-02,778475,9,2,1,13,3,27,SF,HOU,SF,Hayden Birdsong,806185,0.2222222222222222,0.1111111111111111,0.23076923076923078
2025-04-05,778436,8,2,1,12,4,27,SF,SF,SEA,Hayden Birdsong,806185,0.25,0.125,0.3333333333333333
2025-04-08,778397,11,2,1,19,4,39,SF,SF,CIN,Hayden Birdsong,806185,0.18181818181818182,0.09090909090909091,0.21052631578947367
2025-04-13,778339,7,3,0,10,3,20,SF,NYY,SF,Hayden Birdsong,806185,0.42857142857142855,0.0,0.3
2025-04-15,778313,6,0,1,11,2,24,SF,PHI,SF,Hayden Birdsong,806185,0.0,0.16666666666666666,0.18181818181818182
2025-04-21,778226,11,4,2,21,7,49,SF,SF,MIL,Hayden Birdsong,806185,0.36363636363636365,0.18181818181818182,0.3333333333333333
2025-04-27,778151,12,5,0,29,10,50,SF,SF,TEX,Hayden Birdsong,806185,0.4166666666666667,0.0,0.3448275862068966
2025-05-02,778082,6,1,0,11,1,26,SF,SF,COL,Hayden Birdsong,806185,0.16666666666666666,0.0,0.09090909090909091
2025-05-05,778044,7,0,2,13,2,29,SF,CHC,SF,Hayden Birdsong,806185,0.0,0.2857142857142857,0.15384615384615385
2025-05-11,777956,8,3,0,13,4,31,SF,MIN,SF,Hayden Birdsong,806185,0.375,0.0,0.3076923076923077
2025-05-14,777916,16,3,2,25,9,65,SF,SF,AZ,Hayden Birdsong,806185,0.1875,0.125,0.36
2025-05-20,777836,19,3,0,38,10,80,SF,SF,KC,Hayden Birdsong,806185,0.15789473684210525,0.0,0.2631578947368421
2025-05-26,777770,20,6,2,37,10,88,SF,DET,SF,Hayden Birdsong,806185,0.3,0.1,0.2702702702702703
2025-06-01,777689,21,5,0,47,12,88,SF,MIA,SF,Hayden Birdsong,806185,0.23809523809523808,0.0,0.2553191489361702
2025-06-06,777619,21,5,5,37,7,93,SF,SF,ATL,Hayden Birdsong,806185,0.23809523809523808,0.23809523809523808,0.1891891891891892
2025-06-12,777534,26,6,2,54,12,104,SF,COL,SF,Hayden Birdsong,806185,0.23076923076923078,0.07692307692307693,0.2222222222222222
2025-06-20,777425,22,4,1,39,9,85,SF,SF,BOS,Hayden Birdsong,806185,0.18181818181818182,0.045454545454545456,0.23076923076923078
2025-06-26,777347,21,1,4,34,7,76,SF,SF,MIA,Hayden Birdsong,806185,0.047619047619047616,0.19047619047619047,0.20588235294117646
2025-07-01,777278,19,6,4,25,6,79,SF,AZ,SF,Hayden Birdsong,806185,0.3157894736842105,0.21052631578947367,0.24
2025-07-06,777210,22,6,5,31,11,90,SF,ATH,SF,Hayden Birdsong,806185,0.2727272727272727,0.22727272727272727,0.3548387096774194
2025-07-21,777069,6,0,4,2,0,25,SF,ATL,SF,Hayden Birdsong,806185,0.0,0.6666666666666666,0.0
2025-06-02,777675,19,3,1,37,7,77,NYM,LAD,NYM,Paul Blackburn,621112,0.15789473684210525,0.05263157894736842,0.1891891891891892
2025-06-08,777583,19,3,1,36,10,71,NYM,COL,NYM,Paul Blackburn,621112,0.15789473684210525,0.05263157894736842,0.2777777777777778
2025-06-13,777528,5,0,0,7,0,14,NYM,NYM,TB,Paul Blackburn,621112,0.0,0.0,0.0
2025-06-18,777470,17,2,2,34,4,73,NYM,ATL,NYM,Paul Blackburn,621112,0.11764705882352941,0.11764705882352941,0.11764705882352941
2025-06-23,777389,24,5,3,42,14,95,NYM,NYM,ATL,Paul Blackburn,621112,0.20833333333333334,0.125,0.3333333333333333
2025-06-28,777325,9,2,0,18,3,33,NYM,PIT,NYM,Paul Blackburn,621112,0.2222222222222222,0.0,0.16666666666666666
2025-08-13,776756,17,3,1,25,3,61,NYM,NYM,ATL,Paul Blackburn,621112,0.17647058823529413,0.058823529411764705,0.12
2025-08-23,776627,19,2,2,31,5,71,NYY,NYY,BOS,Paul Blackburn,621112,0.10526315789473684,0.10526315789473684,0.16129032258064516
2025-08-27,776570,8,0,0,14,1,27,NYY,NYY,WSH,Paul Blackburn,621112,0.0,0.0,0.07142857142857142
2025-09-02,776489,6,4,0,13,5,30,NYY,HOU,NYY,Paul Blackburn,621112,0.6666666666666666,0.0,0.38461538461538464
2025-09-09,776398,10,3,1,19,5,36,NYY,NYY,DET,Paul Blackburn,621112,0.3,0.1,0.2631578947368421
2025-09-14,776330,4,1,0,9,1,16,NYY,BOS,NYY,Paul Blackburn,621112,0.25,0.0,0.1111111111111111
2025-09-18,776278,7,2,1,12,3,26,NYY,BAL,NYY,Paul Blackburn,621112,0.2857142857142857,0.14285714285714285,0.25
2025-09-24,776199,4,1,0,7,1,10,NYY,NYY,CWS,Paul Blackburn,621112,0.25,0.0,0.14285714285714285
2025-09-27,776162,7,3,0,11,3,26,NYY,NYY,BAL,Paul Blackburn,621112,0.42857142857142855,0.0,0.2727272727272727
2025-03-31,778502,5,1,0,13,2,28,COL,PHI,COL,Bradley Blalock,687134,0.2,0.0,0.15384615384615385
2025-04-05,778442,8,1,0,13,2,29,COL,COL,ATH,Bradley Blalock,687134,0.125,0.0,0.15384615384615385
2025-04-27,778148,20,1,2,40,6,80,COL,COL,CIN,Bradley Blalock,687134,0.05,0.1,0.15
2025-05-03,778069,19,4,2,38,6,75,COL,SF,COL,Bradley Blalock,687134,0.21052631578947367,0.10526315789473684,0.15789473684210525
2025-05-10,777976,26,1,2,42,7,87,COL,COL,SD,Bradley Blalock,687134,0.038461538461538464,0.07692307692307693,0.16666666666666666
2025-07-12,777140,22,1,0,43,2,80,COL,CIN,COL,Bradley Blalock,687134,0.045454545454545456,0.0,0.046511627906976744
2025-07-22,777049,23,0,1,34,4,73,COL,COL,STL,Bradley Blalock,687134,0.0,0.043478260869565216,0.11764705882352941
2025-07-28,776968,24,7,0,39,7,84,COL,CLE,COL,Bradley Blalock,687134,0.2916666666666667,0.0,0.1794871794871795
2025-08-03,776886,27,2,4,40,7,93,COL,COL,PIT,Bradley Blalock,687134,0.07407407407407407,0.14814814814814814,0.175
2025-08-09,776809,23,4,3,45,10,96,COL,AZ,COL,Bradley Blalock,687134,0.17391304347826086,0.13043478260869565,0.2222222222222222
2025-08-14,776742,20,0,4,35,2,79,COL,COL,AZ,Bradley Blalock,687134,0.0,0.2,0.05714285714285714
2025-09-13,776341,16,0,2,30,5,69,COL,SD,COL,Bradley Blalock,687134,0.0,0.125,0.16666666666666666
2025-09-19,776253,22,4,1,40,9,87,COL,COL,LAA,Bradley Blalock,687134,0.18181818181818182,0.045454545454545456,0.225
2025-09-25,776179,20,1,1,36,4,75,COL,SEA,COL,Bradley Blalock,687134,0.05,0.05,0.1111111111111111
2025-03-31,778505,21,6,3,39,12,92,HOU,HOU,SF,Ronel Blanco,669854,0.2857142857142857,0.14285714285714285,0.3076923076923077
2025-04-06,778419,13,3,3,30,11,62,HOU,MIN,HOU,Ronel Blanco,669854,0.23076923076923078,0.23076923076923078,0.36666666666666664
2025-04-11,778368,19,7,1,40,12,84,HOU,HOU,LAA,Ronel Blanco,669854,0.3684210526315789,0.05263157894736842,0.3
2025-04-16,778290,23,1,3,42,9,88,HOU,STL,HOU,Ronel Blanco,669854,0.043478260869565216,0.13043478260869565,0.21428571428571427
2025-04-22,778217,24,3,2,43,11,93,HOU,HOU,TOR,Ronel Blanco,669854,0.125,0.08333333333333333,0.2558139534883721
2025-04-28,778142,20,6,2,41,19,84,HOU,HOU,DET,Ronel Blanco,669854,0.3,0.1,0.4634146341463415
2025-05-05,778042,26,5,2,53,13,98,HOU,MIL,HOU,Ronel Blanco,669854,0.19230769230769232,0.07692307692307693,0.24528301886792453
2025-05-11,777963,27,11,1,45,15,101,HOU,HOU,CIN,Ronel Blanco,669854,0.4074074074074074,0.037037037037037035,0.3333333333333333
2025-05-17,777882,26,5,3,45,13,92,HOU,TEX,HOU,Ronel Blanco,669854,0.19230769230769232,0.11538461538461539,0.28888888888888886
2025-03-30,778515,22,5,3,44,10,92,CHC,AZ,CHC,Matthew Boyd,571510,0.22727272727272727,0.13636363636363635,0.22727272727272727
2025-04-05,778450,23,5,1,41,7,85,CHC,CHC,SD,Matthew Boyd,571510,0.21739130434782608,0.043478260869565216,0.17073170731707318
2025-04-11,778356,26,7,3,43,14,98,CHC,LAD,CHC,Matthew Boyd,571510,0.2692307692307692,0.11538461538461539,0.32558139534883723
2025-04-16,778288,24,3,2,52,6,97,CHC,SD,CHC,Matthew Boyd,571510,0.125,0.08333333333333333,0.11538461538461539
2025-04-23,778205,28,4,1,45,8,92,CHC,CHC,LAD,Matthew Boyd,571510,0.14285714285714285,0.03571428571428571,0.17777777777777778
2025-04-30,778112,22,6,3,38,11,83,CHC,PIT,CHC,Matthew Boyd,571510,0.2727272727272727,0.13636363636363635,0.2894736842105263
2025-05-05,778044,23,7,0,54,14,94,CHC,CHC,SF,Matthew Boyd,571510,0.30434782608695654,0.0,0.25925925925925924
2025-05-11,777968,24,8,0,54,13,92,CHC,NYM,CHC,Matthew Boyd,571510,0.3333333333333333,0.0,0.24074074074074073
2025-05-17,777881,22,8,0,45,8,92,CHC,CHC,CWS,Matthew Boyd,571510,0.36363636363636365,0.0,0.17777777777777778
2025-05-23,777811,22,3,2,50,7,93,CHC,CIN,CHC,Matthew Boyd,571510,0.13636363636363635,0.09090909090909091,0.14
2025-05-28,777731,21,8,0,52,11,95,CHC,CHC,COL,Matthew Boyd,571510,0.38095238095238093,0.0,0.21153846153846154
2025-06-04,777650,26,6,1,58,13,96,CHC,WSH,CHC,Matthew Boyd,571510,0.23076923076923078,0.038461538461538464,0.22413793103448276
2025-06-09,777578,25,0,2,43,5,73,CHC,PHI,CHC,Matthew Boyd,571510,0.0,0.08,0.11627906976744186
2025-06-14,777513,19,3,1,48,5,93,CHC,CHC,PIT,Matthew Boyd,571510,0.15789473684210525,0.05263157894736842,0.10416666666666667
2025-06-20,777436,19,6,2,33,9,76,CHC,CHC,SEA,Matthew Boyd,571510,0.3157894736842105,0.10526315789473684,0.2727272727272727
2025-06-25,777357,22,3,0,42,5,79,CHC,STL,CHC,Matthew Boyd,571510,0.13636363636363635,0.0,0.11904761904761904
2025-07-01,777287,26,5,1,45,7,88,CHC,CHC,CLE,Matthew Boyd,571510,0.19230769230769232,0.038461538461538464,0.15555555555555556
2025-07-06,777219,19,9,1,45,14,87,CHC,CHC,STL,Matthew Boyd,571510,0.47368421052631576,0.05263157894736842,0.3111111111111111
2025-07-12,777142,27,6,0,49,12,85,CHC,NYY,CHC,Matthew Boyd,571510,0.2222222222222222,0.0,0.24489795918367346
2025-07-22,777047,25,6,1,43,11,93,CHC,CHC,KC,Matthew Boyd,571510,0.24,0.04,0.2558139534883721
2025-07-28,776965,25,2,5,36,6,90,CHC,MIL,CHC,Matthew Boyd,571510,0.08,0.2,0.16666666666666666
2025-08-02,776902,24,8,0,46,15,92,CHC,CHC,BAL,Matthew Boyd,571510,0.3333333333333333,0.0,0.32608695652173914
2025-08-08,776826,21,3,0,48,8,92,CHC,STL,CHC,Matthew Boyd,571510,0.14285714285714285,0.0,0.16666666666666666
2025-08-14,776747,23,5,1,45,7,78,CHC,TOR,CHC,Matthew Boyd,571510,0.21739130434782608,0.043478260869565216,0.15555555555555556
2025-08-19,776691,25,3,3,47,9,90,CHC,CHC,MIL,Matthew Boyd,571510,0.12,0.12,0.19148936170212766
2025-08-26,776576,24,8,3,41,10,92,CHC,SF,CHC,Matthew Boyd,571510,0.3333333333333333,0.125,0.24390243902439024
2025-08-31,776511,25,5,1,49,11,91,CHC,COL,CHC,Matthew Boyd,571510,0.2,0.04,0.22448979591836735
2025-09-06,776440,26,3,0,44,12,87,CHC,CHC,WSH,Matthew Boyd,571510,0.11538461538461539,0.0,0.2727272727272727
2025-09-12,776352,21,1,2,43,6,83,CHC,CHC,TB,Matthew Boyd,571510,0.047619047619047616,0.09523809523809523,0.13953488372093023
2025-09-17,776287,19,5,2,36,10,83,CHC,PIT,CHC,Matthew Boyd,571510,0.2631578947368421,0.10526315789473684,0.2777777777777778
2025-09-24,776205,20,3,1,43,12,86,CHC,CHC,NYM,Matthew Boyd,571510,0.15,0.05,0.27906976744186046
2025-09-30,813066,18,2,1,31,4,58,CHC,CHC,SD,Matthew Boyd,571510,0.1111111111111111,0.05555555555555555,0.12903225806451613
2025-04-13,778340,18,7,2,35,10,74,TB,TB,ATL,Joe Boyle,671212,0.3888888888888889,0.1111111111111111,0.2857142857142857
2025-07-06,777220,19,7,1,44,13,95,TB,MIN,TB,Joe Boyle,671212,0.3684210526315789,0.05263157894736842,0.29545454545454547
2025-07-11,777155,16,1,2,23,6,60,TB,BOS,TB,Joe Boyle,671212,0.0625,0.125,0.2608695652173913
2025-07-18,777110,7,2,1,10,4,26,TB,TB,BAL,Joe Boyle,671212,0.2857142857142857,0.14285714285714285,0.4
2025-07-23,777030,10,1,0,21,4,39,TB,TB,CWS,Joe Boyle,671212,0.1,0.0,0.19047619047619047
2025-07-29,776949,18,6,3,31,11,77,TB,NYY,TB,Joe Boyle,671212,0.3333333333333333,0.16666666666666666,0.3548387096774194
2025-08-03,776889,20,2,1,23,2,73,TB,TB,LAD,Joe Boyle,671212,0.1,0.05,0.08695652173913043
2025-08-09,776805,19,5,5,39,10,88,TB,SEA,TB,Joe Boyle,671212,0.2631578947368421,0.2631578947368421,0.2564102564102564
2025-08-15,776729,12,3,2,18,3,50,TB,SF,TB,Joe Boyle,671212,0.25,0.16666666666666666,0.16666666666666666
2025-08-21,776631,25,5,3,40,6,91,TB,TB,STL,Joe Boyle,671212,0.2,0.12,0.15
2025-09-15,776316,21,5,0,41,11,78,TB,TB,TOR,Joe Boyle,671212,0.23809523809523808,0.0,0.2682926829268293
2025-09-21,776236,20,9,4,44,13,93,TB,TB,BOS,Joe Boyle,671212,0.45,0.2,0.29545454545454547
2025-09-27,776159,21,5,3,41,12,92,TB,TOR,TB,Joe Boyle,671212,0.23809523809523808,0.14285714285714285,0.2926829268292683
2025-08-26,776591,21,10,0,37,15,81,BAL,BAL,BOS,Kyle Bradish,680694,0.47619047619047616,0.0,0.40540540540540543
2025-09-01,776494,17,4,2,30,8,84,BAL,SD,BAL,Kyle Bradish,680694,0.23529411764705882,0.11764705882352941,0.26666666666666666
2025-09-09,776401,27,6,2,39,7,81,BAL,BAL,PIT,Kyle Bradish,680694,0.2222222222222222,0.07407407407407407,0.1794871794871795
2025-09-15,776314,21,9,4,39,16,88,BAL,CWS,BAL,Kyle Bradish,680694,0.42857142857142855,0.19047619047619047,0.41025641025641024
2025-09-21,776240,23,9,2,42,12,91,BAL,BAL,NYY,Kyle Bradish,680694,0.391304347826087,0.08695652173913043,0.2857142857142857
2025-09-28,776140,17,8,0,35,14,69,BAL,NYY,BAL,Kyle Bradish,680694,0.47058823529411764,0.0,0.4
2025-03-30,778524,23,7,0,43,12,78,TB,TB,COL,Taj Bradley,671737,0.30434782608695654,0.0,0.27906976744186046
2025-04-05,778438,21,7,4,32,10,82,TB,TEX,TB,Taj Bradley,671737,0.3333333333333333,0.19047619047619047,0.3125
2025-04-11,778367,24,7,2,44,8,93,TB,TB,ATL,Taj Bradley,671737,0.2916666666666667,0.08333333333333333,0.18181818181818182
2025-04-17,778282,27,3,4,46,11,90,TB,TB,NYY,Taj Bradley,671737,0.1111111111111111,0.14814814814814814,0.2391304347826087
2025-04-23,778199,25,3,2,42,6,103,TB,AZ,TB,Taj Bradley,671737,0.12,0.08,0.14285714285714285
2025-04-29,778128,27,2,3,50,5,101,TB,TB,KC,Taj Bradley,671737,0.07407407407407407,0.1111111111111111,0.1
2025-05-04,778057,22,1,3,39,4,88,TB,NYY,TB,Taj Bradley,671737,0.045454545454545456,0.13636363636363635,0.10256410256410256
2025-05-10,777981,22,5,1,43,10,84,TB,TB,MIL,Taj Bradley,671737,0.22727272727272727,0.045454545454545456,0.23255813953488372
2025-05-16,777903,22,6,3,41,12,82,TB,MIA,TB,Taj Bradley,671737,0.2727272727272727,0.13636363636363635,0.2926829268292683
2025-05-21,777832,23,7,2,33,9,84,TB,TB,HOU,Taj Bradley,671737,0.30434782608695654,0.08695652173913043,0.2727272727272727
2025-05-27,777746,28,6,1,48,12,91,TB,TB,MIN,Taj Bradley,671737,0.21428571428571427,0.03571428571428571,0.25
2025-06-01,777690,27,10,2,56,16,104,TB,HOU,TB,Taj Bradley,671737,0.37037037037037035,0.07407407407407407,0.2857142857142857
2025-06-07,777611,19,2,2,35,3,77,TB,TB,MIA,Taj Bradley,671737,0.10526315789473684,0.10526315789473684,0.08571428571428572
2025-06-13,777528,21,5,4,34,7,84,TB,NYM,TB,Taj Bradley,671737,0.23809523809523808,0.19047619047619047,0.20588235294117646
2025-06-18,777463,12,2,1,21,3,47,TB,TB,BAL,Taj Bradley,671737,0.16666666666666666,0.08333333333333333,0.14285714285714285
2025-06-24,777378,23,4,1,41,6,87,TB,KC,TB,Taj Bradley,671737,0.17391304347826086,0.043478260869565216,0.14634146341463414
2025-06-29,777317,24,2,1,54,6,95,TB,BAL,TB,Taj Bradley,671737,0.08333333333333333,0.041666666666666664,0.1111111111111111
2025-07-05,777230,24,5,1,46,11,88,TB,MIN,TB,Taj Bradley,671737,0.20833333333333334,0.041666666666666664,0.2391304347826087
2025-07-10,777170,23,5,3,41,10,88,TB,BOS,TB,Taj Bradley,671737,0.21739130434782608,0.13043478260869565,0.24390243902439024
2025-07-18,777110,22,6,1,44,11,87,TB,TB,BAL,Taj Bradley,671737,0.2727272727272727,0.045454545454545456,0.25
2025-07-23,777030,12,0,3,25,2,55,TB,TB,CWS,Taj Bradley,671737,0.0,0.25,0.08
2025-08-24,776607,24,1,1,43,8,88,MIN,CWS,MIN,Taj Bradley,671737,0.041666666666666664,0.041666666666666664,0.18604651162790697
2025-08-30,776530,19,6,3,41,12,83,MIN,MIN,SD,Taj Bradley,671737,0.3157894736842105,0.15789473684210525,0.2926829268292683
2025-09-04,776462,23,7,1,42,11,91,MIN,MIN,CWS,Taj Bradley,671737,0.30434782608695654,0.043478260869565216,0.2619047619047619
2025-09-10,776376,24,5,2,44,15,98,MIN,LAA,MIN,Taj Bradley,671737,0.20833333333333334,0.08333333333333333,0.3409090909090909
2025-09-17,776284,22,4,3,44,7,89,MIN,MIN,NYY,Taj Bradley,671737,0.18181818181818182,0.13636363636363635,0.1590909090909091
2025-09-24,776192,22,9,2,44,9,90,MIN,TEX,MIN,Taj Bradley,671737,0.4090909090909091,0.09090909090909091,0.20454545454545456
2025-03-31,778501,23,5,2,32,7,75,CHC,ATH,CHC,Ben Brown,676962,0.21739130434782608,0.08695652173913043,0.21875
2025-04-06,778430,24,5,4,31,8,79,CHC,CHC,SD,Ben Brown,676962,0.20833333333333334,0.16666666666666666,0.25806451612903225
2025-04-12,778345,22,5,0,43,9,84,CHC,LAD,CHC,Ben Brown,676962,0.22727272727272727,0.0,0.20930232558139536
2025-04-19,778257,21,6,4,37,13,100,CHC,CHC,AZ,Ben Brown,676962,0.2857142857142857,0.19047619047619047,0.35135135135135137
2025-04-26,778174,21,5,1,40,12,80,CHC,CHC,PHI,Ben Brown,676962,0.23809523809523808,0.047619047619047616,0.3
2025-05-02,778080,21,4,0,32,8,74,CHC,MIL,CHC,Ben Brown,676962,0.19047619047619047,0.0,0.25
2025-05-07,778020,22,9,2,54,12,103,CHC,CHC,SF,Ben Brown,676962,0.4090909090909091,0.09090909090909091,0.2222222222222222
2025-05-13,777936,22,6,0,40,6,72,CHC,CHC,MIA,Ben Brown,676962,0.2727272727272727,0.0,0.15
2025-05-19,777863,21,8,0,43,16,83,CHC,MIA,CHC,Ben Brown,676962,0.38095238095238093,0.0,0.37209302325581395
2025-05-25,777779,22,4,2,41,13,85,CHC,CIN,CHC,Ben Brown,676962,0.18181818181818182,0.09090909090909091,0.3170731707317073
2025-05-31,777704,20,9,1,39,12,77,CHC,CHC,CIN,Ben Brown,676962,0.45,0.05,0.3076923076923077
2025-06-06,777626,28,7,1,52,15,92,CHC,DET,CHC,Ben Brown,676962,0.25,0.03571428571428571,0.28846153846153844
2025-06-11,777553,28,5,3,49,13,100,CHC,PHI,CHC,Ben Brown,676962,0.17857142857142858,0.10714285714285714,0.2653061224489796
2025-06-17,777482,24,5,2,38,7,86,CHC,CHC,MIL,Ben Brown,676962,0.20833333333333334,0.08333333333333333,0.18421052631578946
2025-06-23,777392,25,3,2,38,3,81,CHC,STL,CHC,Ben Brown,676962,0.12,0.08,0.07894736842105263
2025-07-21,777065,19,4,0,28,5,63,CHC,CHC,KC,Ben Brown,676962,0.21052631578947367,0.0,0.17857142857142858
2025-07-27,776989,17,4,0,26,5,57,CHC,CWS,CHC,Ben Brown,676962,0.23529411764705882,0.0,0.19230769230769232
2025-08-04,776878,15,5,0,25,8,56,CHC,CHC,CIN,Ben Brown,676962,0.3333333333333333,0.0,0.32
2025-08-12,776768,16,0,1,30,4,55,CHC,TOR,CHC,Ben Brown,676962,0.0,0.0625,0.13333333333333333
2025-08-17,776704,14,4,2,25,10,54,CHC,CHC,PIT,Ben Brown,676962,0.2857142857142857,0.14285714285714285,0.4
2025-08-23,776618,11,3,0,22,5,44,CHC,LAA,CHC,Ben Brown,676962,0.2727272727272727,0.0,0.22727272727272727
2025-08-29,776542,11,5,0,28,11,47,CHC,COL,CHC,Ben Brown,676962,0.45454545454545453,0.0,0.39285714285714285
2025-09-03,776473,7,3,2,11,5,33,CHC,CHC,ATL,Ben Brown,676962,0.42857142857142855,0.2857142857142857,0.45454545454545453
2025-09-09,776402,3,2,0,6,3,14,CHC,ATL,CHC,Ben Brown,676962,0.6666666666666666,0.0,0.5
2025-03-28,778518,23,7,3,43,11,96,HOU,HOU,NYM,Hunter Brown,686613,0.30434782608695654,0.13043478260869565,0.2558139534883721
2025-04-03,778462,22,8,0,43,14,91,HOU,MIN,HOU,Hunter Brown,686613,0.36363636363636365,0.0,0.32558139534883723
2025-04-09,778383,20,3,0,63,12,98,HOU,SEA,HOU,Hunter Brown,686613,0.15,0.0,0.19047619047619047
2025-04-15,778308,22,4,2,33,8,97,HOU,STL,HOU,Hunter Brown,686613,0.18181818181818182,0.09090909090909091,0.24242424242424243
2025-04-21,778231,23,9,1,42,12,96,HOU,HOU,TOR,Hunter Brown,686613,0.391304347826087,0.043478260869565216,0.2857142857142857
2025-04-27,778152,24,9,1,47,12,100,HOU,KC,HOU,Hunter Brown,686613,0.375,0.041666666666666664,0.2553191489361702
2025-05-03,778066,24,9,3,45,13,98,HOU,CWS,HOU,Hunter Brown,686613,0.375,0.125,0.28888888888888886
2025-05-09,777989,23,9,4,36,10,101,HOU,HOU,CIN,Hunter Brown,686613,0.391304347826087,0.17391304347826086,0.2777777777777778
2025-05-15,777910,27,9,0,44,11,91,HOU,TEX,HOU,Hunter Brown,686613,0.3333333333333333,0.0,0.25
2025-05-21,777832,24,4,2,42,4,91,HOU,TB,HOU,Hunter Brown,686613,0.16666666666666666,0.08333333333333333,0.09523809523809523
2025-05-27,777752,21,8,0,42,11,89,HOU,HOU,ATH,Hunter Brown,686613,0.38095238095238093,0.0,0.2619047619047619
2025-06-01,777690,21,5,4,35,10,93,HOU,HOU,TB,Hunter Brown,686613,0.23809523809523808,0.19047619047619047,0.2857142857142857
2025-06-07,777608,26,9,5,44,14,101,HOU,CLE,HOU,Hunter Brown,686613,0.34615384615384615,0.19230769230769232,0.3181818181818182
2025-06-14,777510,26,12,1,45,19,98,HOU,HOU,MIN,Hunter Brown,686613,0.46153846153846156,0.038461538461538464,0.4222222222222222
2025-06-20,777428,20,4,2,31,3,87,HOU,LAA,HOU,Hunter Brown,686613,0.2,0.1,0.0967741935483871
2025-06-26,777350,23,9,0,41,14,96,HOU,HOU,PHI,Hunter Brown,686613,0.391304347826087,0.0,0.34146341463414637
2025-07-02,777269,25,8,1,50,16,102,HOU,COL,HOU,Hunter Brown,686613,0.32,0.04,0.32
2025-07-08,777192,26,3,2,42,9,95,HOU,HOU,CLE,Hunter Brown,686613,0.11538461538461539,0.07692307692307693,0.21428571428571427
2025-07-13,777125,22,8,2,39,13,93,HOU,HOU,TEX,Hunter Brown,686613,0.36363636363636365,0.09090909090909091,0.3333333333333333
2025-07-20,777067,21,7,2,44,12,89,HOU,SEA,HOU,Hunter Brown,686613,0.3333333333333333,0.09523809523809523,0.2727272727272727
2025-07-26,776991,21,5,2,39,9,98,HOU,HOU,ATH,Hunter Brown,686613,0.23809523809523808,0.09523809523809523,0.23076923076923078
2025-08-01,776922,27,6,1,42,8,97,HOU,BOS,HOU,Hunter Brown,686613,0.2222222222222222,0.037037037037037035,0.19047619047619047
2025-08-08,776835,21,5,1,42,6,89,HOU,NYY,HOU,Hunter Brown,686613,0.23809523809523808,0.047619047619047616,0.14285714285714285
2025-08-13,776753,27,4,3,34,7,93,HOU,HOU,BOS,Hunter Brown,686613,0.14814814814814814,0.1111111111111111,0.20588235294117646
2025-08-19,776685,23,6,3,43,7,101,HOU,DET,HOU,Hunter Brown,686613,0.2608695652173913,0.13043478260869565,0.16279069767441862
2025-08-26,776587,28,7,0,48,14,94,HOU,HOU,COL,Hunter Brown,686613,0.25,0.0,0.2916666666666667
2025-08-31,776510,24,5,3,35,6,94,HOU,HOU,LAA,Hunter Brown,686613,0.20833333333333334,0.125,0.17142857142857143
2025-09-06,776432,25,8,3,47,13,107,HOU,TEX,HOU,Hunter Brown,686613,0.32,0.12,0.2765957446808511
2025-09-13,776346,23,2,1,52,8,108,HOU,ATL,HOU,Hunter Brown,686613,0.08695652173913043,0.043478260869565216,0.15384615384615385
2025-09-19,776262,26,9,2,49,18,99,HOU,HOU,SEA,Hunter Brown,686613,0.34615384615384615,0.07692307692307693,0.3673469387755102
2025-09-24,776195,23,5,2,35,11,86,HOU,ATH,HOU,Hunter Brown,686613,0.21739130434782608,0.08695652173913043,0.3142857142857143
2025-08-24,776610,18,2,3,32,4,75,COL,PIT,COL,McCade Brown,685326,0.1111111111111111,0.16666666666666666,0.125
2025-08-30,776526,22,3,3,31,2,84,COL,COL,CHC,McCade Brown,685326,0.13636363636363635,0.13636363636363635,0.06451612903225806
2025-09-06,776431,13,1,1,24,5,44,COL,COL,SD,McCade Brown,685326,0.07692307692307693,0.07692307692307693,0.20833333333333334
2025-09-11,776365,20,4,2,38,8,81,COL,SD,COL,McCade Brown,685326,0.2,0.1,0.21052631578947367
2025-09-17,776277,20,1,4,32,8,75,COL,COL,MIA,McCade Brown,685326,0.05,0.2,0.25
2025-09-23,776212,19,10,2,34,15,81,COL,SEA,COL,McCade Brown,685326,0.5263157894736842,0.10526315789473684,0.4411764705882353
2025-09-28,776137,14,1,2,29,7,62,COL,SF,COL,McCade Brown,685326,0.07142857142857142,0.14285714285714285,0.2413793103448276
2025-03-31,778504,24,8,2,47,14,95,KC,MIL,KC,Kris Bubic,663460,0.3333333333333333,0.08333333333333333,0.2978723404255319
2025-04-06,778422,25,8,1,48,15,99,KC,KC,BAL,Kris Bubic,663460,0.32,0.04,0.3125
2025-04-11,778375,27,5,2,53,13,92,KC,CLE,KC,Kris Bubic,663460,0.18518518518518517,0.07407407407407407,0.24528301886792453
2025-04-16,778300,27,6,3,41,13,98,KC,NYY,KC,Kris Bubic,663460,0.2222222222222222,0.1111111111111111,0.3170731707317073
2025-04-22,778215,24,6,0,48,14,91,KC,KC,COL,Kris Bubic,663460,0.25,0.0,0.2916666666666667
2025-04-27,778152,23,4,3,48,10,93,KC,KC,HOU,Kris Bubic,663460,0.17391304347826086,0.13043478260869565,0.20833333333333334
2025-05-03,778072,19,3,1,36,5,72,KC,BAL,KC,Kris Bubic,663460,0.15789473684210525,0.05263157894736842,0.1388888888888889
2025-05-08,778008,25,7,1,50,16,93,KC,KC,CWS,Kris Bubic,663460,0.28,0.04,0.32
2025-05-13,777931,26,9,1,52,22,93,KC,HOU,KC,Kris Bubic,663460,0.34615384615384615,0.038461538461538464,0.4230769230769231
2025-05-19,777855,25,5,3,43,11,91,KC,SF,KC,Kris Bubic,663460,0.2,0.12,0.2558139534883721
2025-05-25,777772,24,9,2,33,11,91,KC,MIN,KC,Kris Bubic,663460,0.375,0.08333333333333333,0.3333333333333333
2025-06-01,777677,26,9,2,54,17,99,KC,KC,DET,Kris Bubic,663460,0.34615384615384615,0.07692307692307693,0.3148148148148148
2025-06-11,777551,23,3,4,48,10,97,KC,KC,NYY,Kris Bubic,663460,0.13043478260869565,0.17391304347826086,0.20833333333333334
2025-06-18,777460,27,6,1,59,17,101,KC,TEX,KC,Kris Bubic,663460,0.2222222222222222,0.037037037037037035,0.288135593220339
2025-06-24,777378,26,8,0,45,11,91,KC,KC,TB,Kris Bubic,663460,0.3076923076923077,0.0,0.24444444444444444
2025-06-29,777304,19,5,2,42,9,90,KC,KC,LAD,Kris Bubic,663460,0.2631578947368421,0.10526315789473684,0.21428571428571427
2025-07-04,777248,30,6,3,44,15,98,KC,AZ,KC,Kris Bubic,663460,0.2,0.1,0.3409090909090909
2025-07-09,777177,24,6,2,33,6,83,KC,KC,PIT,Kris Bubic,663460,0.25,0.08333333333333333,0.18181818181818182
2025-07-20,777082,19,2,1,31,9,66,KC,MIA,KC,Kris Bubic,663460,0.10526315789473684,0.05263157894736842,0.2903225806451613
2025-07-26,776990,15,1,4,21,2,66,KC,KC,CLE,Kris Bubic,663460,0.06666666666666667,0.26666666666666666,0.09523809523809523
2025-03-29,778531,22,3,0,39,7,80,BOS,TEX,BOS,Walker Buehler,621111,0.13636363636363635,0.0,0.1794871794871795
2025-04-04,778463,22,4,1,38,9,83,BOS,BOS,STL,Walker Buehler,621111,0.18181818181818182,0.045454545454545456,0.23684210526315788
2025-04-10,778377,24,7,1,43,5,89,BOS,BOS,TOR,Walker Buehler,621111,0.2916666666666667,0.041666666666666664,0.11627906976744186
2025-04-15,778319,21,3,3,38,3,89,BOS,TB,BOS,Walker Buehler,621111,0.14285714285714285,0.14285714285714285,0.07894736842105263
2025-04-21,778238,27,9,3,40,10,100,BOS,BOS,CWS,Walker Buehler,621111,0.3333333333333333,0.1111111111111111,0.25
2025-04-26,778169,25,3,1,44,7,88,BOS,CLE,BOS,Walker Buehler,621111,0.12,0.04,0.1590909090909091
2025-05-20,777851,10,4,1,20,6,52,BOS,BOS,NYM,Walker Buehler,621111,0.4,0.1,0.3
2025-05-25,777785,20,3,2,41,6,85,BOS,BOS,BAL,Walker Buehler,621111,0.15,0.1,0.14634146341463414
2025-05-31,777706,28,6,2,47,7,106,BOS,ATL,BOS,Walker Buehler,621111,0.21428571428571427,0.07142857142857142,0.14893617021276595
2025-06-06,777627,17,2,2,32,7,67,BOS,NYY,BOS,Walker Buehler,621111,0.11764705882352941,0.11764705882352941,0.21875
2025-06-11,777561,28,7,1,50,8,97,BOS,BOS,TB,Walker Buehler,621111,0.25,0.03571428571428571,0.16
2025-06-17,777473,21,2,4,41,11,93,BOS,SEA,BOS,Walker Buehler,621111,0.09523809523809523,0.19047619047619047,0.2682926829268293
2025-06-23,777381,24,3,7,26,3,94,BOS,LAA,BOS,Walker Buehler,621111,0.125,0.2916666666666667,0.11538461538461539
2025-06-29,777310,19,3,3,33,6,72,BOS,BOS,TOR,Walker Buehler,621111,0.15789473684210525,0.15789473684210525,0.18181818181818182
2025-07-05,777228,23,2,0,45,7,100,BOS,WSH,BOS,Walker Buehler,621111,0.08695652173913043,0.0,0.15555555555555556
2025-07-10,777170,25,2,3,50,7,92,BOS,BOS,TB,Walker Buehler,621111,0.08,0.12,0.14
2025-07-21,777063,26,4,1,46,6,90,BOS,PHI,BOS,Walker Buehler,621111,0.15384615384615385,0.038461538461538464,0.13043478260869565
2025-07-27,776983,23,4,5,36,8,104,BOS,BOS,LAD,Walker Buehler,621111,0.17391304347826086,0.21739130434782608,0.2222222222222222
2025-08-02,776909,23,0,3,38,5,84,BOS,BOS,HOU,Walker Buehler,621111,0.0,0.13043478260869565,0.13157894736842105
2025-08-08,776820,25,4,2,42,9,96,BOS,SD,BOS,Walker Buehler,621111,0.16,0.08,0.21428571428571427
2025-08-13,776753,26,3,4,41,9,96,BOS,HOU,BOS,Walker Buehler,621111,0.11538461538461539,0.15384615384615385,0.21951219512195122
2025-08-19,776684,20,4,4,21,2,75,BOS,BOS,BAL,Walker Buehler,621111,0.2,0.2,0.09523809523809523
2025-08-24,776616,10,2,1,14,4,35,BOS,NYY,BOS,Walker Buehler,621111,0.2,0.1,0.2857142857142857
2025-09-12,776354,22,3,1,47,11,90,PHI,PHI,KC,Walker Buehler,621111,0.13636363636363635,0.045454545454545456,0.23404255319148937
2025-09-19,776255,15,3,2,27,2,60,PHI,AZ,PHI,Walker Buehler,621111,0.2,0.13333333333333333,0.07407407407407407
2025-09-25,776188,20,1,3,36,6,74,PHI,PHI,MIA,Walker Buehler,621111,0.05,0.15,0.16666666666666666
2025-03-27,778554,22,3,0,35,8,73,CWS,CWS,LAA,Sean Burke,680732,0.13636363636363635,0.0,0.22857142857142856
2025-04-02,778474,21,1,0,41,9,77,CWS,CWS,MIN,Sean Burke,680732,0.047619047619047616,0.0,0.21951219512195122
2025-04-09,778391,16,4,4,28,6,79,CWS,CLE,CWS,Sean Burke,680732,0.25,0.25,0.21428571428571427
2025-04-15,778309,18,2,2,34,8,70,CWS,CWS,ATH,Sean Burke,680732,0.1111111111111111,0.1111111111111111,0.23529411764705882
2025-04-20,778245,25,5,3,41,14,94,CWS,BOS,CWS,Sean Burke,680732,0.2,0.12,0.34146341463414637
2025-04-25,778178,23,5,2,34,10,86,CWS,ATH,CWS,Sean Burke,680732,0.21739130434782608,0.08695652173913043,0.29411764705882354
2025-05-01,778094,22,5,3,42,6,94,CWS,CWS,MIL,Sean Burke,680732,0.22727272727272727,0.13636363636363635,0.14285714285714285
2025-05-06,778033,25,2,3,33,5,78,CWS,KC,CWS,Sean Burke,680732,0.08,0.12,0.15151515151515152
2025-05-11,777966,20,2,5,39,8,91,CWS,CWS,MIA,Sean Burke,680732,0.1,0.25,0.20512820512820512
2025-05-17,777881,27,4,5,40,7,97,CWS,CHC,CWS,Sean Burke,680732,0.14814814814814814,0.18518518518518517,0.175
2025-05-23,777805,23,6,3,40,10,89,CWS,CWS,TEX,Sean Burke,680732,0.2608695652173913,0.13043478260869565,0.25
2025-05-30,777720,23,6,1,45,8,90,CWS,BAL,CWS,Sean Burke,680732,0.2608695652173913,0.043478260869565216,0.17777777777777778
2025-06-05,777634,27,5,1,53,10,96,CWS,CWS,DET,Sean Burke,680732,0.18518518518518517,0.037037037037037035,0.18867924528301888
2025-06-11,777550,20,4,1,40,8,73,CWS,HOU,CWS,Sean Burke,680732,0.2,0.05,0.2
2025-06-19,777447,22,6,2,49,13,100,CWS,CWS,STL,Sean Burke,680732,0.2727272727272727,0.09090909090909091,0.2653061224489796
2025-06-25,777370,22,7,2,41,9,83,CWS,CWS,AZ,Sean Burke,680732,0.3181818181818182,0.09090909090909091,0.21951219512195122
2025-07-02,777267,26,5,1,40,10,89,CWS,LAD,CWS,Sean Burke,680732,0.19230769230769232,0.038461538461538464,0.25
2025-07-07,777212,24,2,3,37,3,85,CWS,CWS,TOR,Sean Burke,680732,0.08333333333333333,0.125,0.08108108108108109
2025-07-12,777138,20,5,2,47,5,97,CWS,CWS,CLE,Sean Burke,680732,0.25,0.1,0.10638297872340426
2025-07-21,777059,20,5,4,32,9,91,CWS,TB,CWS,Sean Burke,680732,0.25,0.2,0.28125
2025-07-27,776989,21,8,1,48,13,91,CWS,CWS,CHC,Sean Burke,680732,0.38095238095238093,0.047619047619047616,0.2708333333333333
2025-08-03,776885,22,7,2,47,18,84,CWS,LAA,CWS,Sean Burke,680732,0.3181818181818182,0.09090909090909091,0.3829787234042553
2025-08-09,776814,18,7,3,37,9,88,CWS,CWS,CLE,Sean Burke,680732,0.3888888888888889,0.16666666666666666,0.24324324324324326
2025-08-16,776712,17,3,1,39,4,85,CWS,KC,CWS,Sean Burke,680732,0.17647058823529413,0.058823529411764705,0.10256410256410256
2025-09-10,776378,20,5,4,32,12,68,CWS,CWS,TB,Sean Burke,680732,0.25,0.2,0.375
2025-09-15,776314,19,4,4,40,7,89,CWS,CWS,BAL,Sean Burke,680732,0.21052631578947367,0.21052631578947367,0.175
2025-09-21,776235,17,4,0,35,7,63,CWS,CWS,SD,Sean Burke,680732,0.23529411764705882,0.0,0.2
2025-09-27,776160,18,10,1,41,16,80,CWS,WSH,CWS,Sean Burke,680732,0.5555555555555556,0.05555555555555555,0.3902439024390244
2025-04-01,778492,21,8,3,48,15,98,AZ,NYY,AZ,Corbin Burnes,669203,0.38095238095238093,0.14285714285714285,0.3125
2025-04-06,778429,26,3,4,38,8,89,AZ,WSH,AZ,Corbin Burnes,669203,0.11538461538461539,0.15384615384615385,0.21052631578947367
2025-04-12,778350,22,3,2,39,4,88,AZ,AZ,MIL,Corbin Burnes,669203,0.13636363636363635,0.09090909090909091,0.10256410256410256
2025-04-18,778268,23,3,0,49,6,98,AZ,CHC,AZ,Corbin Burnes,669203,0.13043478260869565,0.0,0.12244897959183673
2025-04-24,778188,22,8,3,36,10,89,AZ,AZ,TB,Corbin Burnes,669203,0.36363636363636365,0.13636363636363635,0.2777777777777778
2025-04-30,778117,26,3,5,36,8,94,AZ,NYM,AZ,Corbin Burnes,669203,0.11538461538461539,0.19230769230769232,0.2222222222222222
2025-05-10,777975,27,5,1,42,11,92,AZ,AZ,LAD,Corbin Burnes,669203,0.18518518518518517,0.037037037037037035,0.2619047619047619
2025-05-16,777897,23,10,3,44,19,93,AZ,AZ,COL,Corbin Burnes,669203,0.43478260869565216,0.13043478260869565,0.4318181818181818
2025-05-21,777824,26,8,1,54,16,96,AZ,LAD,AZ,Corbin Burnes,669203,0.3076923076923077,0.038461538461538464,0.2962962962962963
2025-05-27,777744,30,6,2,45,7,103,AZ,AZ,PIT,Corbin Burnes,669203,0.2,0.06666666666666667,0.15555555555555556
2025-06-01,777679,19,6,1,34,10,70,AZ,AZ,WSH,Corbin Burnes,669203,0.3157894736842105,0.05263157894736842,0.29411764705882354
2025-06-24,777385,21,8,0,41,9,81,CIN,CIN,NYY,Chase Burns,695505,0.38095238095238093,0.0,0.21951219512195122
2025-06-30,777300,9,0,2,17,1,33,CIN,BOS,CIN,Chase Burns,695505,0.0,0.2222222222222222,0.058823529411764705
2025-07-06,777217,20,7,4,42,12,91,CIN,PHI,CIN,Chase Burns,695505,0.35,0.2,0.2857142857142857
2025-07-11,777160,25,10,3,46,15,95,CIN,CIN,COL,Chase Burns,695505,0.4,0.12,0.32608695652173914
2025-07-22,777042,26,10,2,55,17,98,CIN,WSH,CIN,Chase Burns,695505,0.38461538461538464,0.07692307692307693,0.3090909090909091
2025-07-28,776967,26,10,1,53,21,91,CIN,CIN,LAD,Chase Burns,695505,0.38461538461538464,0.038461538461538464,0.39622641509433965
2025-08-02,776907,3,2,0,9,3,18,CIN,CIN,ATL,Chase Burns,695505,0.6666666666666666,0.0,0.3333333333333333
2025-08-08,776829,22,10,1,47,14,97,CIN,PIT,CIN,Chase Burns,695505,0.45454545454545453,0.045454545454545456,0.2978723404255319
2025-09-12,776358,9,1,0,21,5,36,CIN,ATH,CIN,Chase Burns,695505,0.1111111111111111,0.0,0.23809523809523808
2025-09-17,776283,8,1,1,15,3,26,CIN,STL,CIN,Chase Burns,695505,0.125,0.125,0.2
2025-09-20,776254,7,1,0,21,7,36,CIN,CIN,CHC,Chase Burns,695505,0.14285714285714285,0.0,0.3333333333333333
2025-09-24,776202,6,3,0,17,7,30,CIN,CIN,PIT,Chase Burns,695505,0.5,0.0,0.4117647058823529
2025-09-28,776144,7,4,2,17,7,33,CIN,MIL,CIN,Chase Burns,695505,0.5714285714285714,0.2857142857142857,0.4117647058823529
2025-10-01,813068,5,1,0,7,2,13,CIN,LAD,CIN,Chase Burns,695505,0.2,0.0,0.2857142857142857
2025-05-22,777814,20,3,2,38,9,77,PIT,PIT,MIL,Mike Burrows,681347,0.15,0.1,0.23684210526315788
2025-05-27,777744,19,2,2,37,7,78,PIT,AZ,PIT,Mike Burrows,681347,0.10526315789473684,0.10526315789473684,0.1891891891891892
2025-06-04,777648,20,6,0,28,8,70,PIT,PIT,HOU,Mike Burrows,681347,0.3,0.0,0.2857142857142857
2025-06-09,777574,20,5,3,31,6,66,PIT,PIT,MIA,Mike Burrows,681347,0.25,0.15,0.1935483870967742
2025-06-14,777513,21,8,0,45,15,81,PIT,CHC,PIT,Mike Burrows,681347,0.38095238095238093,0.0,0.3333333333333333
2025-06-20,777432,23,4,1,39,8,88,PIT,PIT,TEX,Mike Burrows,681347,0.17391304347826086,0.043478260869565216,0.20512820512820512
2025-06-25,777361,8,1,1,14,1,31,PIT,MIL,PIT,Mike Burrows,681347,0.125,0.125,0.07142857142857142
2025-06-29,777313,17,5,1,32,9,67,PIT,PIT,NYM,Mike Burrows,681347,0.29411764705882354,0.058823529411764705,0.28125
2025-07-05,777225,22,6,3,37,11,89,PIT,SEA,PIT,Mike Burrows,681347,0.2727272727272727,0.13636363636363635,0.2972972972972973
2025-07-12,777134,13,1,3,25,3,56,PIT,MIN,PIT,Mike Burrows,681347,0.07692307692307693,0.23076923076923078,0.12
2025-07-19,777090,20,6,2,27,7,76,PIT,PIT,CWS,Mike Burrows,681347,0.3,0.1,0.25925925925925924
2025-07-25,777014,21,5,1,49,10,86,PIT,PIT,AZ,Mike Burrows,681347,0.23809523809523808,0.047619047619047616,0.20408163265306123
2025-07-30,776933,22,7,1,44,10,91,PIT,SF,PIT,Mike Burrows,681347,0.3181818181818182,0.045454545454545456,0.22727272727272727
2025-08-05,776866,21,3,3,38,8,80,PIT,PIT,SF,Mike Burrows,681347,0.14285714285714285,0.14285714285714285,0.21052631578947367
2025-08-10,776801,20,6,1,35,12,74,PIT,PIT,CIN,Mike Burrows,681347,0.3,0.05,0.34285714285714286
2025-08-16,776719,20,4,2,36,8,69,PIT,CHC,PIT,Mike Burrows,681347,0.2,0.1,0.2222222222222222
2025-08-23,776632,15,5,1,31,6,57,PIT,PIT,COL,Mike Burrows,681347,0.3333333333333333,0.06666666666666667,0.1935483870967742
2025-08-30,776539,12,2,0,22,2,44,PIT,BOS,PIT,Mike Burrows,681347,0.16666666666666666,0.0,0.09090909090909091
2025-09-03,776479,11,2,1,25,7,45,PIT,PIT,LAD,Mike Burrows,681347,0.18181818181818182,0.09090909090909091,0.28
2025-09-09,776401,15,6,1,28,13,56,PIT,BAL,PIT,Mike Burrows,681347,0.4,0.06666666666666667,0.4642857142857143
2025-09-14,776320,19,6,1,30,12,61,PIT,WSH,PIT,Mike Burrows,681347,0.3157894736842105,0.05263157894736842,0.4
2025-09-21,776234,17,3,0,40,10,74,PIT,PIT,ATH,Mike Burrows,681347,0.17647058823529413,0.0,0.25
2025-09-26,776180,7,0,0,15,2,26,PIT,ATL,PIT,Mike Burrows,681347,0.0,0.0,0.13333333333333333
2025-04-11,778369,24,5,3,31,11,79,MIA,MIA,WSH,Edward Cabrera,665795,0.20833333333333334,0.125,0.3548387096774194
2025-04-17,778291,21,6,3,37,9,88,MIA,MIA,AZ,Edward Cabrera,665795,0.2857142857142857,0.14285714285714285,0.24324324324324326
2025-04-22,778219,22,7,2,32,9,87,MIA,MIA,CIN,Edward Cabrera,665795,0.3181818181818182,0.09090909090909091,0.28125
2025-04-28,778132,23,2,3,40,2,97,MIA,LAD,MIA,Edward Cabrera,665795,0.08695652173913043,0.13043478260869565,0.05
2025-05-04,778061,23,4,1,36,5,86,MIA,MIA,ATH,Edward Cabrera,665795,0.17391304347826086,0.043478260869565216,0.1388888888888889
2025-05-10,777978,18,2,1,36,5,85,MIA,CWS,MIA,Edward Cabrera,665795,0.1111111111111111,0.05555555555555555,0.1388888888888889
2025-05-19,777863,21,7,1,37,15,90,MIA,MIA,CHC,Edward Cabrera,665795,0.3333333333333333,0.047619047619047616,0.40540540540540543
2025-05-25,777767,22,10,2,44,17,87,MIA,LAA,MIA,Edward Cabrera,665795,0.45454545454545453,0.09090909090909091,0.38636363636363635
2025-05-31,777705,24,5,3,44,11,89,MIA,MIA,SF,Edward Cabrera,665795,0.20833333333333334,0.125,0.25
2025-06-06,777625,21,5,2,31,6,63,MIA,TB,MIA,Edward Cabrera,665795,0.23809523809523808,0.09523809523809523,0.1935483870967742
2025-06-13,777530,14,5,2,26,8,64,MIA,WSH,MIA,Edward Cabrera,665795,0.35714285714285715,0.14285714285714285,0.3076923076923077
2025-06-19,777444,23,5,3,38,14,82,MIA,MIA,PHI,Edward Cabrera,665795,0.21739130434782608,0.13043478260869565,0.3684210526315789
2025-06-25,777355,22,6,3,36,9,90,MIA,SF,MIA,Edward Cabrera,665795,0.2727272727272727,0.13636363636363635,0.25
2025-07-01,777293,24,6,1,41,14,93,MIA,MIA,MIN,Edward Cabrera,665795,0.25,0.041666666666666664,0.34146341463414637
2025-07-06,777224,27,5,0,40,6,90,MIA,MIA,MIL,Edward Cabrera,665795,0.18518518518518517,0.0,0.15
2025-07-11,777157,20,6,0,42,14,76,MIA,BAL,MIA,Edward Cabrera,665795,0.3,0.0,0.3333333333333333
2025-07-22,777052,23,6,0,41,14,86,MIA,MIA,SD,Edward Cabrera,665795,0.2608695652173913,0.0,0.34146341463414637
2025-07-28,776960,25,4,3,45,13,94,MIA,STL,MIA,Edward Cabrera,665795,0.16,0.12,0.28888888888888886
2025-08-03,776891,21,7,1,40,14,95,MIA,MIA,NYY,Edward Cabrera,665795,0.3333333333333333,0.047619047619047616,0.35
2025-08-08,776834,27,11,1,56,18,109,MIA,ATL,MIA,Edward Cabrera,665795,0.4074074074074074,0.037037037037037035,0.32142857142857145
2025-08-14,776745,27,6,3,41,16,95,MIA,CLE,MIA,Edward Cabrera,665795,0.2222222222222222,0.1111111111111111,0.3902439024390244
2025-08-19,776686,26,6,1,52,15,99,MIA,MIA,STL,Edward Cabrera,665795,0.23076923076923078,0.038461538461538464,0.28846153846153844
2025-08-25,776600,25,10,2,46,14,100,MIA,MIA,ATL,Edward Cabrera,665795,0.4,0.08,0.30434782608695654
2025-08-30,776535,22,4,1,38,9,79,MIA,NYM,MIA,Edward Cabrera,665795,0.18181818181818182,0.045454545454545456,0.23684210526315788
2025-09-23,776215,17,3,1,28,4,67,MIA,PHI,MIA,Edward Cabrera,665795,0.17647058823529413,0.058823529411764705,0.14285714285714285
2025-09-28,776148,21,7,5,32,11,83,MIA,MIA,NYM,Edward Cabrera,665795,0.3333333333333333,0.23809523809523808,0.34375
2025-04-30,778113,25,3,5,36,5,79,KC,TB,KC,Noah Cameron,702070,0.12,0.2,0.1388888888888889
2025-05-17,777885,21,3,0,35,8,81,KC,KC,STL,Noah Cameron,702070,0.14285714285714285,0.0,0.22857142857142856
2025-05-23,777799,25,8,1,43,14,82,KC,MIN,KC,Noah Cameron,702070,0.32,0.04,0.32558139534883723
2025-05-28,777733,27,2,2,44,8,92,KC,KC,CIN,Noah Cameron,702070,0.07407407407407407,0.07407407407407407,0.18181818181818182
2025-06-05,777642,21,3,2,34,11,82,KC,STL,KC,Noah Cameron,702070,0.14285714285714285,0.09523809523809523,0.3235294117647059
2025-06-10,777572,25,6,1,50,12,102,KC,KC,NYY,Noah Cameron,702070,0.24,0.04,0.24
2025-06-15,777496,20,7,1,41,13,83,KC,KC,ATH,Noah Cameron,702070,0.35,0.05,0.3170731707317073
2025-06-21,777413,22,2,3,38,6,88,KC,SD,KC,Noah Cameron,702070,0.09090909090909091,0.13636363636363635,0.15789473684210525
2025-06-27,777335,19,4,3,29,5,84,KC,KC,LAD,Noah Cameron,702070,0.21052631578947367,0.15789473684210525,0.1724137931034483
2025-07-02,777262,19,5,1,34,8,80,KC,SEA,KC,Noah Cameron,702070,0.2631578947368421,0.05263157894736842,0.23529411764705882
2025-07-07,777204,25,7,1,58,17,109,KC,KC,PIT,Noah Cameron,702070,0.28,0.04,0.29310344827586204
2025-07-13,777124,27,8,1,46,12,94,KC,KC,NYM,Noah Cameron,702070,0.2962962962962963,0.037037037037037035,0.2608695652173913
2025-07-21,777065,25,7,0,44,12,102,KC,CHC,KC,Noah Cameron,702070,0.28,0.0,0.2727272727272727
2025-07-27,776975,20,6,1,40,11,83,KC,KC,CLE,Noah Cameron,702070,0.3,0.05,0.275
2025-08-02,776900,27,1,1,51,10,94,KC,TOR,KC,Noah Cameron,702070,0.037037037037037035,0.037037037037037035,0.19607843137254902
2025-08-09,776816,25,4,2,39,9,91,KC,MIN,KC,Noah Cameron,702070,0.16,0.08,0.23076923076923078
2025-08-15,776728,23,2,2,36,8,79,KC,KC,CWS,Noah Cameron,702070,0.08695652173913043,0.08695652173913043,0.2222222222222222
2025-08-20,776666,20,5,3,43,10,89,KC,KC,TEX,Noah Cameron,702070,0.25,0.15,0.23255813953488372
2025-08-25,776599,23,0,0,40,3,88,KC,CWS,KC,Noah Cameron,702070,0.0,0.0,0.075
2025-09-04,776463,22,5,5,40,14,94,KC,KC,LAA,Noah Cameron,702070,0.22727272727272727,0.22727272727272727,0.35
2025-09-09,776403,26,8,0,56,14,100,KC,CLE,KC,Noah Cameron,702070,0.3076923076923077,0.0,0.25
2025-09-14,776334,24,7,1,48,17,97,KC,PHI,KC,Noah Cameron,702070,0.2916666666666667,0.041666666666666664,0.3541666666666667
2025-09-20,776245,24,5,2,51,12,98,KC,KC,TOR,Noah Cameron,702070,0.20833333333333334,0.08333333333333333,0.23529411764705882
2025-09-26,776172,22,6,4,37,10,96,KC,ATH,KC,Noah Cameron,702070,0.2727272727272727,0.18181818181818182,0.2702702702702703
2025-03-29,778530,21,3,2,41,10,87,NYM,HOU,NYM,Griffin Canning,656288,0.14285714285714285,0.09523809523809523,0.24390243902439024
2025-04-05,778446,19,6,3,39,11,89,NYM,NYM,TOR,Griffin Canning,656288,0.3157894736842105,0.15789473684210525,0.28205128205128205
2025-04-11,778358,25,3,3,40,7,86,NYM,ATH,NYM,Griffin Canning,656288,0.12,0.12,0.175
2025-04-17,778278,23,8,2,50,16,102,NYM,NYM,STL,Griffin Canning,656288,0.34782608695652173,0.08695652173913043,0.32
2025-04-22,778223,23,5,1,38,11,84,NYM,NYM,PHI,Griffin Canning,656288,0.21739130434782608,0.043478260869565216,0.2894736842105263
2025-04-28,778138,21,5,3,40,10,90,NYM,WSH,NYM,Griffin Canning,656288,0.23809523809523808,0.14285714285714285,0.25
2025-05-05,778039,21,6,1,39,7,82,NYM,AZ,NYM,Griffin Canning,656288,0.2857142857142857,0.047619047619047616,0.1794871794871795
2025-05-11,777968,21,5,1,45,13,92,NYM,NYM,CHC,Griffin Canning,656288,0.23809523809523808,0.047619047619047616,0.28888888888888886
2025-05-17,777888,24,4,1,49,14,92,NYM,NYY,NYM,Griffin Canning,656288,0.16666666666666666,0.041666666666666664,0.2857142857142857
2025-05-23,777808,12,1,3,14,2,54,NYM,NYM,LAD,Griffin Canning,656288,0.08333333333333333,0.25,0.14285714285714285
2025-05-28,777737,19,3,4,29,3,80,NYM,NYM,CWS,Griffin Canning,656288,0.15789473684210525,0.21052631578947367,0.10344827586206896
2025-06-04,777638,22,7,1,47,12,99,NYM,LAD,NYM,Griffin Canning,656288,0.3181818181818182,0.045454545454545456,0.2553191489361702
2025-06-10,777570,23,4,2,35,5,87,NYM,NYM,WSH,Griffin Canning,656288,0.17391304347826086,0.08695652173913043,0.14285714285714285
2025-06-15,777502,21,2,5,39,7,89,NYM,NYM,TB,Griffin Canning,656288,0.09523809523809523,0.23809523809523808,0.1794871794871795
2025-06-21,777423,24,4,2,48,16,94,NYM,PHI,NYM,Griffin Canning,656288,0.16666666666666666,0.08333333333333333,0.3333333333333333
2025-06-26,777352,9,3,0,18,5,36,NYM,NYM,ATL,Griffin Canning,656288,0.3333333333333333,0.0,0.2777777777777778
2025-03-29,778534,20,5,3,35,8,85,CWS,CWS,LAA,Jonathan Cannon,686563,0.25,0.15,0.22857142857142856
2025-04-04,778458,19,3,3,44,7,88,CWS,DET,CWS,Jonathan Cannon,686563,0.15789473684210525,0.15789473684210525,0.1590909090909091
2025-04-10,778378,27,6,3,50,11,103,CWS,CLE,CWS,Jonathan Cannon,686563,0.2222222222222222,0.1111111111111111,0.22
2025-04-16,778294,18,4,2,39,5,88,CWS,CWS,ATH,Jonathan Cannon,686563,0.2222222222222222,0.1111111111111111,0.1282051282051282
2025-04-21,778238,27,4,4,38,5,90,CWS,BOS,CWS,Jonathan Cannon,686563,0.14814814814814814,0.14814814814814814,0.13157894736842105
2025-04-26,778165,31,5,2,48,12,95,CWS,ATH,CWS,Jonathan Cannon,686563,0.16129032258064516,0.06451612903225806,0.25
2025-05-02,778079,27,5,0,45,10,92,CWS,CWS,HOU,Jonathan Cannon,686563,0.18518518518518517,0.0,0.2222222222222222
2025-05-07,778012,26,1,0,46,5,90,CWS,KC,CWS,Jonathan Cannon,686563,0.038461538461538464,0.0,0.10869565217391304
2025-05-13,777945,22,6,0,44,7,96,CWS,CIN,CWS,Jonathan Cannon,686563,0.2727272727272727,0.0,0.1590909090909091
2025-05-18,777872,20,3,0,47,8,88,CWS,CHC,CWS,Jonathan Cannon,686563,0.15,0.0,0.1702127659574468
2025-05-27,777749,28,4,1,46,7,94,CWS,NYM,CWS,Jonathan Cannon,686563,0.14285714285714285,0.03571428571428571,0.15217391304347827
2025-06-02,777674,16,5,3,34,9,85,CWS,CWS,DET,Jonathan Cannon,686563,0.3125,0.1875,0.2647058823529412
2025-06-29,777311,14,4,3,30,7,69,CWS,CWS,SF,Jonathan Cannon,686563,0.2857142857142857,0.21428571428571427,0.23333333333333334
2025-07-05,777232,25,1,2,37,2,78,CWS,COL,CWS,Jonathan Cannon,686563,0.04,0.08,0.05405405405405406
2025-07-11,777146,22,5,2,40,7,91,CWS,CWS,CLE,Jonathan Cannon,686563,0.22727272727272727,0.09090909090909091,0.175
2025-07-18,777107,26,2,0,45,6,86,CWS,PIT,CWS,Jonathan Cannon,686563,0.07692307692307693,0.0,0.13333333333333333
2025-07-23,777030,22,9,1,51,15,90,CWS,TB,CWS,Jonathan Cannon,686563,0.4090909090909091,0.045454545454545456,0.29411764705882354
2025-07-29,776952,26,3,2,48,11,87,CWS,CWS,PHI,Jonathan Cannon,686563,0.11538461538461539,0.07692307692307693,0.22916666666666666
2025-08-06,776841,13,1,3,26,7,59,CWS,SEA,CWS,Jonathan Cannon,686563,0.07692307692307693,0.23076923076923078,0.2692307692307692
2025-09-04,776462,14,2,2,22,2,57,CWS,MIN,CWS,Jonathan Cannon,686563,0.14285714285714285,0.14285714285714285,0.09090909090909091
2025-09-24,776199,20,6,1,41,11,76,CWS,NYY,CWS,Jonathan Cannon,686563,0.3,0.05,0.2682926829268293
2025-09-28,776143,3,2,0,5,3,12,CWS,WSH,CWS,Jonathan Cannon,686563,0.6666666666666666,0.0,0.6
2025-03-30,778510,8,1,1,16,5,37,CLE,KC,CLE,Joey Cantillo,676282,0.125,0.125,0.3125
2025-04-01,778485,11,1,2,14,2,43,CLE,SD,CLE,Joey Cantillo,676282,0.09090909090909091,0.18181818181818182,0.14285714285714285
2025-04-05,778437,7,2,0,11,3,22,CLE,LAA,CLE,Joey Cantillo,676282,0.2857142857142857,0.0,0.2727272727272727
2025-04-10,778378,9,4,1,10,4,33,CLE,CLE,CWS,Joey Cantillo,676282,0.4444444444444444,0.1111111111111111,0.4
2025-04-13,778342,6,4,0,11,6,24,CLE,CLE,KC,Joey Cantillo,676282,0.6666666666666666,0.0,0.5454545454545454
2025-04-15,778317,4,1,0,7,1,16,CLE,BAL,CLE,Joey Cantillo,676282,0.25,0.0,0.14285714285714285
2025-04-16,778301,1,1,0,1,1,5,CLE,BAL,CLE,Joey Cantillo,676282,1.0,0.0,1.0
2025-04-20,778242,3,0,1,4,1,12,CLE,PIT,CLE,Joey Cantillo,676282,0.0,0.3333333333333333,0.25
2025-04-21,778227,2,1,1,2,1,9,CLE,CLE,NYY,Joey Cantillo,676282,0.5,0.5,0.5
2025-04-23,778206,7,2,1,11,4,30,CLE,CLE,NYY,Joey Cantillo,676282,0.2857142857142857,0.14285714285714285,0.36363636363636365
2025-04-27,778157,9,3,1,21,5,55,CLE,CLE,BOS,Joey Cantillo,676282,0.3333333333333333,0.1111111111111111,0.23809523809523808
2025-05-01,778108,4,1,1,9,2,24,CLE,CLE,MIN,Joey Cantillo,676282,0.25,0.25,0.2222222222222222
2025-05-02,778081,1,0,0,3,0,4,CLE,TOR,CLE,Joey Cantillo,676282,0.0,0.0,0.0
2025-05-06,778026,3,1,0,4,1,10,CLE,WSH,CLE,Joey Cantillo,676282,0.3333333333333333,0.0,0.25
2025-05-07,778022,4,1,1,4,1,14,CLE,WSH,CLE,Joey Cantillo,676282,0.25,0.25,0.25
2025-05-10,777983,12,3,1,23,6,40,CLE,CLE,PHI,Joey Cantillo,676282,0.25,0.08333333333333333,0.2608695652173913
2025-05-14,777925,8,0,1,17,2,36,CLE,CLE,MIL,Joey Cantillo,676282,0.0,0.125,0.11764705882352941
2025-05-17,777892,1,1,0,2,1,4,CLE,CIN,CLE,Joey Cantillo,676282,1.0,0.0,0.5
2025-05-19,777861,9,4,2,15,2,43,CLE,MIN,CLE,Joey Cantillo,676282,0.4444444444444444,0.2222222222222222,0.13333333333333333
2025-05-24,777796,3,1,0,5,2,14,CLE,DET,CLE,Joey Cantillo,676282,0.3333333333333333,0.0,0.4
2025-05-26,777769,11,4,0,17,6,42,CLE,CLE,LAD,Joey Cantillo,676282,0.36363636363636365,0.0,0.35294117647058826
2025-07-03,777259,15,5,3,31,10,68,CLE,CHC,CLE,Joey Cantillo,676282,0.3333333333333333,0.2,0.3225806451612903
2025-07-08,777192,20,7,3,37,14,84,CLE,HOU,CLE,Joey Cantillo,676282,0.35,0.15,0.3783783783783784
2025-07-13,777120,23,6,0,47,12,89,CLE,CWS,CLE,Joey Cantillo,676282,0.2608695652173913,0.0,0.2553191489361702
2025-07-22,777056,19,5,4,36,12,95,CLE,CLE,BAL,Joey Cantillo,676282,0.2631578947368421,0.21052631578947367,0.3333333333333333
2025-07-27,776975,19,4,4,26,7,76,CLE,KC,CLE,Joey Cantillo,676282,0.21052631578947367,0.21052631578947367,0.2692307692307692
2025-08-03,776892,25,9,2,43,19,91,CLE,CLE,MIN,Joey Cantillo,676282,0.36,0.08,0.4418604651162791
2025-08-09,776814,24,3,2,34,9,82,CLE,CWS,CLE,Joey Cantillo,676282,0.125,0.08333333333333333,0.2647058823529412
2025-08-15,776738,22,5,4,44,13,96,CLE,CLE,ATL,Joey Cantillo,676282,0.22727272727272727,0.18181818181818182,0.29545454545454547
2025-09-03,776474,25,7,2,47,10,104,CLE,BOS,CLE,Joey Cantillo,676282,0.28,0.08,0.2127659574468085
2025-09-09,776403,27,5,0,49,10,92,CLE,CLE,KC,Joey Cantillo,676282,0.18518518518518517,0.0,0.20408163265306123
2025-09-16,776303,21,3,2,38,6,91,CLE,DET,CLE,Joey Cantillo,676282,0.14285714285714285,0.09523809523809523,0.15789473684210525
2025-09-21,776225,19,5,2,36,9,75,CLE,MIN,CLE,Joey Cantillo,676282,0.2631578947368421,0.10526315789473684,0.25
2025-09-27,776158,20,8,0,31,12,77,CLE,CLE,TEX,Joey Cantillo,676282,0.4,0.0,0.3870967741935484
2025-03-29,778538,11,2,0,20,4,40,NYY,NYY,MIL,Carlos Carrasco,471911,0.18181818181818182,0.0,0.2
2025-04-03,778466,22,5,2,40,7,82,NYY,NYY,AZ,Carlos Carrasco,471911,0.22727272727272727,0.09090909090909091,0.175
2025-04-08,778403,19,3,1,31,4,59,NYY,DET,NYY,Carlos Carrasco,471911,0.15789473684210525,0.05263157894736842,0.12903225806451613
2025-04-14,778327,18,4,2,36,10,79,NYY,NYY,KC,Carlos Carrasco,471911,0.2222222222222222,0.1111111111111111,0.2777777777777778
2025-04-19,778255,20,1,2,28,2,75,NYY,TB,NYY,Carlos Carrasco,471911,0.05,0.1,0.07142857142857142
2025-04-25,778185,19,2,2,27,7,67,NYY,NYY,TOR,Carlos Carrasco,471911,0.10526315789473684,0.10526315789473684,0.25925925925925924
2025-04-30,778115,18,5,0,34,14,66,NYY,BAL,NYY,Carlos Carrasco,471911,0.2777777777777778,0.0,0.4117647058823529
2025-05-04,778057,15,3,1,22,5,46,NYY,NYY,TB,Carlos Carrasco,471911,0.2,0.06666666666666667,0.22727272727272727
2025-07-31,776928,27,5,2,45,12,95,ATL,CIN,ATL,Carlos Carrasco,471911,0.18518518518518517,0.07407407407407407,0.26666666666666666
2025-08-07,776842,28,2,2,44,8,103,ATL,ATL,MIA,Carlos Carrasco,471911,0.07142857142857142,0.07142857142857142,0.18181818181818182
2025-08-13,776756,15,2,3,26,4,67,ATL,NYM,ATL,Carlos Carrasco,471911,0.13333333333333333,0.2,0.15384615384615385
2025-04-04,778444,18,2,2,30,4,68,SEA,SF,SEA,Luis Castillo,622379,0.1111111111111111,0.1111111111111111,0.13333333333333333
2025-04-09,778383,23,3,5,44,10,101,SEA,SEA,HOU,Luis Castillo,622379,0.13043478260869565,0.21739130434782608,0.22727272727272727
2025-08-06,776850,19,6,1,52,19,88,WSH,WSH,ATH,Cade Cavalli,676917,0.3157894736842105,0.05263157894736842,0.36538461538461536
2025-08-11,776784,24,3,3,37,7,88,WSH,KC,WSH,Cade Cavalli,676917,0.125,0.125,0.1891891891891892
2025-08-16,776725,26,5,0,43,9,91,WSH,WSH,PHI,Cade Cavalli,676917,0.19230769230769232,0.0,0.20930232558139536
2025-08-22,776648,28,4,2,49,10,95,WSH,PHI,WSH,Cade Cavalli,676917,0.14285714285714285,0.07142857142857142,0.20408163265306123
2025-08-27,776570,18,4,1,36,14,76,WSH,NYY,WSH,Cade Cavalli,676917,0.2222222222222222,0.05555555555555555,0.3888888888888889
2025-09-02,776482,20,6,1,38,5,75,WSH,WSH,MIA,Cade Cavalli,676917,0.3,0.05,0.13157894736842105
2025-09-08,776409,21,1,1,30,3,61,WSH,MIA,WSH,Cade Cavalli,676917,0.047619047619047616,0.047619047619047616,0.1
2025-09-14,776320,21,2,4,32,9,67,WSH,WSH,PIT,Cade Cavalli,676917,0.09523809523809523,0.19047619047619047,0.28125
2025-09-20,776252,21,3,1,37,11,77,WSH,NYM,WSH,Cade Cavalli,676917,0.14285714285714285,0.047619047619047616,0.2972972972972973
2025-09-26,776165,21,6,1,35,11,72,WSH,WSH,CWS,Cade Cavalli,676917,0.2857142857142857,0.047619047619047616,0.3142857142857143
2025-03-28,778542,19,7,2,49,13,93,SD,SD,ATL,Dylan Cease,656302,0.3684210526315789,0.10526315789473684,0.2653061224489796
2025-04-02,778476,24,7,1,40,10,92,SD,SD,CLE,Dylan Cease,656302,0.2916666666666667,0.041666666666666664,0.25
2025-04-08,778395,23,4,3,38,8,78,SD,ATH,SD,Dylan Cease,656302,0.17391304347826086,0.13043478260869565,0.21052631578947367
2025-04-14,778315,25,6,0,53,14,98,SD,SD,CHC,Dylan Cease,656302,0.24,0.0,0.2641509433962264
2025-04-20,778237,22,6,1,46,12,88,SD,HOU,SD,Dylan Cease,656302,0.2727272727272727,0.045454545454545456,0.2608695652173913
2025-04-26,778160,23,6,4,43,18,95,SD,SD,TB,Dylan Cease,656302,0.2608695652173913,0.17391304347826086,0.4186046511627907
2025-05-02,778090,18,3,3,42,10,91,SD,PIT,SD,Dylan Cease,656302,0.16666666666666666,0.16666666666666666,0.23809523809523808
2025-05-07,778019,24,9,2,47,18,89,SD,NYY,SD,Dylan Cease,656302,0.375,0.08333333333333333,0.3829787234042553
2025-05-13,777932,25,10,1,50,24,104,SD,SD,LAA,Dylan Cease,656302,0.4,0.04,0.48
2025-05-20,777845,24,6,1,52,13,100,SD,TOR,SD,Dylan Cease,656302,0.25,0.041666666666666664,0.25
2025-05-25,777783,20,8,1,47,18,88,SD,ATL,SD,Dylan Cease,656302,0.4,0.05,0.3829787234042553
2025-05-31,777691,22,6,1,45,13,95,SD,SD,PIT,Dylan Cease,656302,0.2727272727272727,0.045454545454545456,0.28888888888888886
2025-06-05,777633,23,7,3,44,19,93,SD,SF,SD,Dylan Cease,656302,0.30434782608695654,0.13043478260869565,0.4318181818181818
2025-06-10,777560,29,11,5,52,24,103,SD,SD,LAD,Dylan Cease,656302,0.3793103448275862,0.1724137931034483,0.46153846153846156
2025-06-16,777490,25,9,1,52,15,101,SD,LAD,SD,Dylan Cease,656302,0.36,0.04,0.28846153846153844
2025-06-21,777413,27,4,3,58,18,110,SD,SD,KC,Dylan Cease,656302,0.14814814814814814,0.1111111111111111,0.3103448275862069
2025-06-27,777346,20,8,3,46,19,93,SD,CIN,SD,Dylan Cease,656302,0.4,0.15,0.41304347826086957
2025-07-02,777290,26,4,0,51,10,103,SD,PHI,SD,Dylan Cease,656302,0.15384615384615385,0.0,0.19607843137254902
2025-07-09,777162,26,8,3,52,14,95,SD,SD,AZ,Dylan Cease,656302,0.3076923076923077,0.11538461538461539,0.2692307692307692
2025-07-18,777112,19,9,0,43,21,94,SD,WSH,SD,Dylan Cease,656302,0.47368421052631576,0.0,0.4883720930232558
2025-07-23,777037,23,5,3,45,10,95,SD,MIA,SD,Dylan Cease,656302,0.21739130434782608,0.13043478260869565,0.2222222222222222
2025-07-28,776959,24,9,4,42,11,106,SD,SD,NYM,Dylan Cease,656302,0.375,0.16666666666666666,0.2619047619047619
2025-08-03,776884,18,9,1,44,15,90,SD,SD,STL,Dylan Cease,656302,0.5,0.05555555555555555,0.3409090909090909
2025-08-10,776789,22,7,2,39,14,89,SD,SD,BOS,Dylan Cease,656302,0.3181818181818182,0.09090909090909091,0.358974358974359
2025-08-16,776717,19,2,6,28,5,85,SD,LAD,SD,Dylan Cease,656302,0.10526315789473684,0.3157894736842105,0.17857142857142858
2025-08-21,776642,22,7,2,51,13,95,SD,SD,SF,Dylan Cease,656302,0.3181818181818182,0.09090909090909091,0.2549019607843137
2025-08-26,776577,20,5,3,47,19,87,SD,SEA,SD,Dylan Cease,656302,0.25,0.15,0.40425531914893614
2025-09-01,776494,18,7,2,45,18,91,SD,SD,BAL,Dylan Cease,656302,0.3888888888888889,0.1111111111111111,0.4
2025-09-07,776417,20,5,2,55,15,102,SD,COL,SD,Dylan Cease,656302,0.25,0.1,0.2727272727272727
2025-09-13,776341,24,6,1,56,17,109,SD,SD,COL,Dylan Cease,656302,0.25,0.041666666666666664,0.30357142857142855
2025-09-19,776264,25,6,3,46,13,100,SD,CWS,SD,Dylan Cease,656302,0.24,0.12,0.2826086956521739
2025-09-24,776198,23,8,2,46,14,100,SD,SD,MIL,Dylan Cease,656302,0.34782608695652173,0.08695652173913043,0.30434782608695654
2025-10-01,813064,15,5,0,37,14,73,SD,CHC,SD,Dylan Cease,656302,0.3333333333333333,0.0,0.3783783783783784
2025-05-17,777892,20,8,0,39,14,77,CLE,CIN,CLE,Slade Cecconi,677944,0.4,0.0,0.358974358974359
2025-05-23,777807,25,6,2,40,14,85,CLE,DET,CLE,Slade Cecconi,677944,0.24,0.08,0.35
2025-05-31,777703,22,3,3,46,8,95,CLE,CLE,LAA,Slade Cecconi,677944,0.13636363636363635,0.13636363636363635,0.17391304347826086
2025-06-05,777644,22,3,1,36,6,77,CLE,NYY,CLE,Slade Cecconi,677944,0.13636363636363635,0.045454545454545456,0.16666666666666666
2025-06-10,777569,20,8,1,35,11,85,CLE,CLE,CIN,Slade Cecconi,677944,0.4,0.05,0.3142857142857143
2025-06-17,777472,23,6,3,36,14,82,CLE,SF,CLE,Slade Cecconi,677944,0.2608695652173913,0.13043478260869565,0.3888888888888889
2025-06-22,777400,26,3,1,39,5,79,CLE,ATH,CLE,Slade Cecconi,677944,0.11538461538461539,0.038461538461538464,0.1282051282051282
2025-06-28,777329,21,5,2,36,5,88,CLE,CLE,STL,Slade Cecconi,677944,0.23809523809523808,0.09523809523809523,0.1388888888888889
2025-07-04,777249,26,5,2,48,5,106,CLE,CLE,DET,Slade Cecconi,677944,0.19230769230769232,0.07692307692307693,0.10416666666666667
2025-07-09,777174,27,9,2,41,11,98,CLE,HOU,CLE,Slade Cecconi,677944,0.3333333333333333,0.07407407407407407,0.2682926829268293
2025-07-18,777105,33,2,0,56,4,107,CLE,CLE,ATH,Slade Cecconi,677944,0.06060606060606061,0.0,0.07142857142857142
2025-07-23,777036,22,2,2,41,8,85,CLE,CLE,BAL,Slade Cecconi,677944,0.09090909090909091,0.09090909090909091,0.1951219512195122
2025-07-28,776968,28,3,2,50,9,98,CLE,CLE,COL,Slade Cecconi,677944,0.10714285714285714,0.07142857142857142,0.18
2025-08-04,776876,25,6,1,49,13,99,CLE,NYM,CLE,Slade Cecconi,677944,0.24,0.04,0.2653061224489796
2025-08-10,776798,18,4,1,30,5,68,CLE,CWS,CLE,Slade Cecconi,677944,0.2222222222222222,0.05555555555555555,0.16666666666666666
2025-08-16,776720,27,3,2,49,6,103,CLE,CLE,ATL,Slade Cecconi,677944,0.1111111111111111,0.07407407407407407,0.12244897959183673
2025-08-22,776641,22,3,0,45,4,90,CLE,TEX,CLE,Slade Cecconi,677944,0.13636363636363635,0.0,0.08888888888888889
2025-08-27,776580,23,4,0,44,6,99,CLE,CLE,TB,Slade Cecconi,677944,0.17391304347826086,0.0,0.13636363636363635
2025-09-02,776493,26,8,0,45,14,82,CLE,BOS,CLE,Slade Cecconi,677944,0.3076923076923077,0.0,0.3111111111111111
2025-09-08,776413,27,3,3,36,3,100,CLE,CLE,KC,Slade Cecconi,677944,0.1111111111111111,0.1111111111111111,0.08333333333333333
2025-09-14,776331,21,4,1,44,10,93,CLE,CLE,CWS,Slade Cecconi,677944,0.19047619047619047,0.047619047619047616,0.22727272727272727
2025-09-20,777839,23,8,1,41,15,98,CLE,MIN,CLE,Slade Cecconi,677944,0.34782608695652173,0.043478260869565216,0.36585365853658536
2025-09-26,776175,18,3,1,32,7,75,CLE,CLE,TEX,Slade Cecconi,677944,0.16666666666666666,0.05555555555555555,0.21875
2025-08-22,776637,14,3,0,23,6,40,PIT,PIT,COL,Bubba Chandler,696149,0.21428571428571427,0.0,0.2608695652173913
2025-08-27,776568,15,3,1,26,7,53,PIT,STL,PIT,Bubba Chandler,696149,0.2,0.06666666666666667,0.2692307692307692
2025-09-02,776496,18,3,0,27,5,65,PIT,PIT,LAD,Bubba Chandler,696149,0.16666666666666666,0.0,0.18518518518518517
2025-09-07,776419,19,3,3,29,4,68,PIT,PIT,MIL,Bubba Chandler,696149,0.15789473684210525,0.15789473684210525,0.13793103448275862
2025-09-13,776336,20,7,0,47,18,81,PIT,WSH,PIT,Bubba Chandler,696149,0.35,0.0,0.3829787234042553
2025-09-20,776249,17,6,0,41,12,68,PIT,PIT,ATH,Bubba Chandler,696149,0.35294117647058826,0.0,0.2926829268292683
2025-09-27,776156,21,6,0,37,10,86,PIT,ATL,PIT,Bubba Chandler,696149,0.2857142857142857,0.0,0.2702702702702703
2025-03-30,778523,14,2,0,33,4,69,MIL,NYY,MIL,Aaron Civale,650644,0.14285714285714285,0.0,0.12121212121212122
2025-05-22,777814,18,3,2,27,5,73,MIL,PIT,MIL,Aaron Civale,650644,0.16666666666666666,0.1111111111111111,0.18518518518518517
2025-05-27,777747,18,4,1,41,8,79,MIL,MIL,BOS,Aaron Civale,650644,0.2222222222222222,0.05555555555555555,0.1951219512195122
2025-06-02,777671,23,5,1,40,12,86,MIL,CIN,MIL,Aaron Civale,650644,0.21739130434782608,0.043478260869565216,0.3
2025-06-09,777575,21,5,2,31,6,80,MIL,MIL,ATL,Aaron Civale,650644,0.23809523809523808,0.09523809523809523,0.1935483870967742
2025-06-15,777493,24,4,4,47,9,104,CWS,TEX,CWS,Aaron Civale,650644,0.16666666666666666,0.16666666666666666,0.19148936170212766
2025-06-21,777418,31,2,1,48,5,96,CWS,TOR,CWS,Aaron Civale,650644,0.06451612903225806,0.03225806451612903,0.10416666666666667
2025-06-27,777338,19,4,4,26,7,80,CWS,CWS,SF,Aaron Civale,650644,0.21052631578947367,0.21052631578947367,0.2692307692307692
2025-07-03,777253,23,4,2,45,10,93,CWS,LAD,CWS,Aaron Civale,650644,0.17391304347826086,0.08695652173913043,0.2222222222222222
2025-07-08,777188,22,0,2,34,1,79,CWS,CWS,TOR,Aaron Civale,650644,0.0,0.09090909090909091,0.029411764705882353
2025-07-13,777120,23,3,2,33,3,93,CWS,CWS,CLE,Aaron Civale,650644,0.13043478260869565,0.08695652173913043,0.09090909090909091
2025-07-20,777074,21,6,1,46,7,94,CWS,PIT,CWS,Aaron Civale,650644,0.2857142857142857,0.047619047619047616,0.15217391304347827
2025-07-26,776994,18,6,0,34,9,69,CWS,CWS,CHC,Aaron Civale,650644,0.3333333333333333,0.0,0.2647058823529412
2025-08-02,776898,22,8,2,42,11,94,CWS,LAA,CWS,Aaron Civale,650644,0.36363636363636365,0.09090909090909091,0.2619047619047619
2025-08-08,776833,20,6,2,41,7,77,CWS,CWS,CLE,Aaron Civale,650644,0.3,0.1,0.17073170731707318
2025-08-15,776728,25,3,1,51,11,95,CWS,KC,CWS,Aaron Civale,650644,0.12,0.04,0.21568627450980393
2025-08-22,776639,24,5,4,36,9,91,CWS,CWS,MIN,Aaron Civale,650644,0.20833333333333334,0.16666666666666666,0.25
2025-08-27,776569,20,4,1,44,6,86,CWS,CWS,KC,Aaron Civale,650644,0.2,0.05,0.13636363636363635
2025-09-01,776506,11,4,0,16,4,41,CHC,CHC,ATL,Aaron Civale,650644,0.36363636363636365,0.0,0.25
2025-09-08,776412,9,1,0,22,1,45,CHC,ATL,CHC,Aaron Civale,650644,0.1111111111111111,0.0,0.045454545454545456
2025-09-17,776287,11,3,0,28,7,55,CHC,PIT,CHC,Aaron Civale,650644,0.2727272727272727,0.0,0.25
2025-09-20,776254,8,3,0,10,4,29,CHC,CIN,CHC,Aaron Civale,650644,0.375,0.0,0.4
2025-09-24,776205,11,3,0,19,5,40,CHC,CHC,NYM,Aaron Civale,650644,0.2727272727272727,0.0,0.2631578947368421
2025-04-08,778401,19,0,2,37,6,74,TEX,CHC,TEX,Patrick Corbin,571578,0.0,0.10526315789473684,0.16216216216216217
2025-04-16,778289,20,6,1,35,8,85,TEX,TEX,LAA,Patrick Corbin,571578,0.3,0.05,0.22857142857142856
2025-04-22,778213,24,4,2,45,10,85,TEX,ATH,TEX,Patrick Corbin,571578,0.16666666666666666,0.08333333333333333,0.2222222222222222
2025-04-28,778143,21,5,1,46,11,93,TEX,TEX,ATH,Patrick Corbin,571578,0.23809523809523808,0.047619047619047616,0.2391304347826087
2025-05-03,778070,23,2,2,41,6,85,TEX,TEX,SEA,Patrick Corbin,571578,0.08695652173913043,0.08695652173913043,0.14634146341463414
2025-05-09,777996,27,3,4,34,3,93,TEX,DET,TEX,Patrick Corbin,571578,0.1111111111111111,0.14814814814814814,0.08823529411764706
2025-05-14,777918,23,9,1,45,15,94,TEX,TEX,COL,Patrick Corbin,571578,0.391304347826087,0.043478260869565216,0.3333333333333333
2025-05-20,777849,21,3,2,36,9,86,TEX,NYY,TEX,Patrick Corbin,571578,0.14285714285714285,0.09523809523809523,0.25
2025-05-25,777777,22,6,1,44,14,87,TEX,CWS,TEX,Patrick Corbin,571578,0.2727272727272727,0.045454545454545456,0.3181818181818182
2025-05-31,777697,21,3,2,37,9,83,TEX,TEX,STL,Patrick Corbin,571578,0.14285714285714285,0.09523809523809523,0.24324324324324326
2025-06-06,777624,29,2,0,42,8,89,TEX,WSH,TEX,Patrick Corbin,571578,0.06896551724137931,0.0,0.19047619047619047
2025-06-12,777533,24,6,3,40,10,91,TEX,MIN,TEX,Patrick Corbin,571578,0.25,0.125,0.25
2025-06-18,777460,22,4,2,40,8,86,TEX,TEX,KC,Patrick Corbin,571578,0.18181818181818182,0.09090909090909091,0.2
2025-06-23,777394,24,6,0,39,12,77,TEX,BAL,TEX,Patrick Corbin,571578,0.25,0.0,0.3076923076923077
2025-06-30,777292,27,6,1,46,14,110,TEX,TEX,BAL,Patrick Corbin,571578,0.2222222222222222,0.037037037037037035,0.30434782608695654
2025-07-05,777223,25,3,1,46,6,91,TEX,SD,TEX,Patrick Corbin,571578,0.12,0.04,0.13043478260869565
2025-07-10,777159,22,6,2,39,14,88,TEX,LAA,TEX,Patrick Corbin,571578,0.2727272727272727,0.09090909090909091,0.358974358974359
2025-07-18,777098,21,6,2,36,8,92,TEX,TEX,DET,Patrick Corbin,571578,0.2857142857142857,0.09523809523809523,0.2222222222222222
2025-07-23,777033,22,7,0,33,8,69,TEX,TEX,ATH,Patrick Corbin,571578,0.3181818181818182,0.0,0.24242424242424243
2025-07-29,776945,22,6,3,46,15,103,TEX,LAA,TEX,Patrick Corbin,571578,0.2727272727272727,0.13636363636363635,0.32608695652173914
2025-08-04,776871,18,3,2,27,5,74,TEX,TEX,NYY,Patrick Corbin,571578,0.16666666666666666,0.1111111111111111,0.18518518518518517
2025-08-10,776800,19,1,3,43,11,78,TEX,TEX,PHI,Patrick Corbin,571578,0.05263157894736842,0.15789473684210525,0.2558139534883721
2025-08-16,776723,15,2,2,30,7,62,TEX,TOR,TEX,Patrick Corbin,571578,0.13333333333333333,0.13333333333333333,0.23333333333333334
2025-08-21,776657,19,2,2,34,7,77,TEX,KC,TEX,Patrick Corbin,571578,0.10526315789473684,0.10526315789473684,0.20588235294117646
2025-08-26,776575,27,8,1,49,14,102,TEX,TEX,LAA,Patrick Corbin,571578,0.2962962962962963,0.037037037037037035,0.2857142857142857
2025-09-01,776495,23,5,1,40,8,92,TEX,AZ,TEX,Patrick Corbin,571578,0.21739130434782608,0.043478260869565216,0.2
2025-09-07,776418,21,5,1,40,15,82,TEX,TEX,HOU,Patrick Corbin,571578,0.23809523809523808,0.047619047619047616,0.375
2025-09-13,776349,21,5,2,41,14,85,TEX,NYM,TEX,Patrick Corbin,571578,0.23809523809523808,0.09523809523809523,0.34146341463414637
2025-09-19,776251,6,0,0,10,0,22,TEX,TEX,MIA,Patrick Corbin,571578,0.0,0.0,0.0
2025-09-23,776210,18,2,2,31,10,65,TEX,TEX,MIN,Patrick Corbin,571578,0.1111111111111111,0.1111111111111111,0.3225806451612903
2025-09-28,776147,19,5,2,42,15,90,TEX,CLE,TEX,Patrick Corbin,571578,0.2631578947368421,0.10526315789473684,0.35714285714285715
2025-03-29,778538,17,2,5,21,4,64,MIL,NYY,MIL,Nestor Cortes,641482,0.11764705882352941,0.29411764705882354,0.19047619047619047
2025-04-03,778468,21,6,2,36,7,86,MIL,MIL,CIN,Nestor Cortes,641482,0.2857142857142857,0.09523809523809523,0.19444444444444445
2025-08-06,776838,20,3,3,31,10,76,SD,AZ,SD,Nestor Cortes,641482,0.15,0.15,0.3225806451612903
2025-08-12,776767,21,6,1,39,6,79,SD,SF,SD,Nestor Cortes,641482,0.2857142857142857,0.047619047619047616,0.15384615384615385
2025-08-18,776683,27,5,4,40,10,90,SD,SD,SF,Nestor Cortes,641482,0.18518518518518517,0.14814814814814814,0.25
2025-08-23,776617,19,3,0,40,8,81,SD,SD,LAD,Nestor Cortes,641482,0.15789473684210525,0.0,0.2
2025-08-29,776541,15,2,2,25,4,66,SD,MIN,SD,Nestor Cortes,641482,0.13333333333333333,0.13333333333333333,0.16
2025-09-03,776465,17,2,3,23,5,57,SD,SD,BAL,Nestor Cortes,641482,0.11764705882352941,0.17647058823529413,0.21739130434782608
2025-08-17,776701,19,5,1,33,11,62,AZ,COL,AZ,Nabil Crismatt,622503,0.2631578947368421,0.05263157894736842,0.3333333333333333
2025-08-23,776622,19,4,3,32,9,83,AZ,AZ,CIN,Nabil Crismatt,622503,0.21052631578947367,0.15789473684210525,0.28125
2025-08-28,776553,27,2,1,40,7,85,AZ,MIL,AZ,Nabil Crismatt,622503,0.07407407407407407,0.037037037037037035,0.175
2025-09-02,776481,24,3,1,35,5,82,AZ,AZ,TEX,Nabil Crismatt,622503,0.125,0.041666666666666664,0.14285714285714285
2025-09-08,776399,18,3,1,23,3,50,AZ,SF,AZ,Nabil Crismatt,622503,0.16666666666666666,0.05555555555555555,0.13043478260869565
2025-09-14,776324,21,4,0,44,12,83,AZ,MIN,AZ,Nabil Crismatt,622503,0.19047619047619047,0.0,0.2727272727272727
2025-09-21,776230,5,2,0,10,4,17,AZ,AZ,PHI,Nabil Crismatt,622503,0.4,0.0,0.4
2025-09-25,776185,20,2,2,35,6,72,AZ,AZ,LAD,Nabil Crismatt,622503,0.1,0.1,0.17142857142857143
2025-03-27,778553,21,4,2,48,14,88,BOS,TEX,BOS,Garrett Crochet,676979,0.19047619047619047,0.09523809523809523,0.2916666666666667
2025-04-02,778483,27,8,1,51,14,102,BOS,BAL,BOS,Garrett Crochet,676979,0.2962962962962963,0.037037037037037035,0.27450980392156865
2025-04-08,778404,27,5,4,44,11,107,BOS,BOS,TOR,Garrett Crochet,676979,0.18518518518518517,0.14814814814814814,0.25
2025-04-13,778338,24,11,1,48,10,96,BOS,CWS,BOS,Garrett Crochet,676979,0.4583333333333333,0.041666666666666664,0.20833333333333334
2025-04-19,778264,24,7,2,44,12,96,BOS,BOS,CWS,Garrett Crochet,676979,0.2916666666666667,0.08333333333333333,0.2727272727272727
2025-04-24,778196,25,9,5,52,17,110,BOS,BOS,SEA,Garrett Crochet,676979,0.36,0.2,0.3269230769230769
2025-04-29,778127,27,6,3,49,9,94,BOS,TOR,BOS,Garrett Crochet,676979,0.2222222222222222,0.1111111111111111,0.1836734693877551
2025-05-04,778063,22,6,2,45,14,89,BOS,BOS,MIN,Garrett Crochet,676979,0.2727272727272727,0.09090909090909091,0.3111111111111111
2025-05-10,777977,30,9,1,59,18,106,BOS,KC,BOS,Garrett Crochet,676979,0.3,0.03333333333333333,0.3050847457627119
2025-05-16,777908,26,8,0,65,14,103,BOS,BOS,ATL,Garrett Crochet,676979,0.3076923076923077,0.0,0.2153846153846154
2025-05-21,777831,21,5,1,41,6,85,BOS,BOS,NYM,Garrett Crochet,676979,0.23809523809523808,0.047619047619047616,0.14634146341463414
2025-05-26,777764,27,11,2,52,19,108,BOS,MIL,BOS,Garrett Crochet,676979,0.4074074074074074,0.07407407407407407,0.36538461538461536
2025-06-01,777692,28,12,2,62,19,112,BOS,ATL,BOS,Garrett Crochet,676979,0.42857142857142855,0.07142857142857142,0.3064516129032258
2025-06-07,777605,25,9,1,46,13,97,BOS,NYY,BOS,Garrett Crochet,676979,0.36,0.04,0.2826086956521739
2025-06-13,777537,30,7,1,54,14,107,BOS,BOS,NYY,Garrett Crochet,676979,0.23333333333333334,0.03333333333333333,0.25925925925925924
2025-06-18,777453,24,8,0,59,16,96,BOS,SEA,BOS,Garrett Crochet,676979,0.3333333333333333,0.0,0.2711864406779661
2025-06-24,777376,25,10,3,52,14,103,BOS,LAA,BOS,Garrett Crochet,676979,0.4,0.12,0.2692307692307692
2025-06-30,777300,26,9,1,46,11,89,BOS,BOS,CIN,Garrett Crochet,676979,0.34615384615384615,0.038461538461538464,0.2391304347826087
2025-07-06,777213,26,7,2,50,9,98,BOS,WSH,BOS,Garrett Crochet,676979,0.2692307692307692,0.07692307692307693,0.18
2025-07-12,777144,30,9,0,56,14,100,BOS,BOS,TB,Garrett Crochet,676979,0.3,0.0,0.25
2025-07-20,777075,27,5,2,47,14,100,BOS,CHC,BOS,Garrett Crochet,676979,0.18518518518518517,0.07407407407407407,0.2978723404255319
2025-07-26,776998,27,10,2,53,17,100,BOS,BOS,LAD,Garrett Crochet,676979,0.37037037037037035,0.07407407407407407,0.32075471698113206
2025-08-05,776864,26,8,1,47,15,105,BOS,BOS,KC,Garrett Crochet,676979,0.3076923076923077,0.038461538461538464,0.3191489361702128
2025-08-11,776782,20,5,1,49,12,86,BOS,HOU,BOS,Garrett Crochet,676979,0.25,0.05,0.24489795918367346
2025-08-17,776714,26,8,1,45,13,94,BOS,BOS,MIA,Garrett Crochet,676979,0.3076923076923077,0.038461538461538464,0.28888888888888886
2025-08-23,776627,27,11,1,53,11,103,BOS,NYY,BOS,Garrett Crochet,676979,0.4074074074074074,0.037037037037037035,0.20754716981132076
2025-08-28,776564,25,7,0,52,11,98,BOS,BAL,BOS,Garrett Crochet,676979,0.28,0.0,0.21153846153846154
2025-09-02,776493,26,4,0,48,6,81,BOS,BOS,CLE,Garrett Crochet,676979,0.15384615384615385,0.0,0.125
2025-09-08,776410,24,10,0,55,20,101,BOS,ATH,BOS,Garrett Crochet,676979,0.4166666666666667,0.0,0.36363636363636365
2025-09-14,776330,24,12,1,52,20,99,BOS,BOS,NYY,Garrett Crochet,676979,0.5,0.041666666666666664,0.38461538461538464
2025-09-19,776261,25,9,3,49,18,98,BOS,TB,BOS,Garrett Crochet,676979,0.36,0.12,0.3673469387755102
2025-09-24,776206,26,6,0,52,10,100,BOS,TOR,BOS,Garrett Crochet,676979,0.23076923076923078,0.0,0.19230769230769232
2025-09-30,813074,26,11,0,58,16,117,BOS,NYY,BOS,Garrett Crochet,676979,0.4230769230769231,0.0,0.27586206896551724
2025-04-04,778447,14,2,1,26,6,57,LAA,LAA,CLE,Caden Dana,702674,0.14285714285714285,0.07142857142857142,0.23076923076923078
2025-05-24,777781,15,4,4,22,7,63,LAA,LAA,MIA,Caden Dana,702674,0.26666666666666666,0.26666666666666666,0.3181818181818182
2025-09-03,776466,18,4,1,26,4,70,LAA,KC,LAA,Caden Dana,702674,0.2222222222222222,0.05555555555555555,0.15384615384615385
2025-09-08,776411,24,9,5,36,14,99,LAA,LAA,MIN,Caden Dana,702674,0.375,0.20833333333333334,0.3888888888888889
2025-09-16,776295,21,4,3,35,5,92,LAA,MIL,LAA,Caden Dana,702674,0.19047619047619047,0.14285714285714285,0.14285714285714285
2025-09-21,776232,24,5,3,41,11,89,LAA,COL,LAA,Caden Dana,702674,0.20833333333333334,0.125,0.2682926829268293
2025-09-27,776155,26,5,1,51,14,93,LAA,LAA,HOU,Caden Dana,702674,0.19230769230769232,0.038461538461538464,0.27450980392156865
2025-07-07,777203,18,5,3,31,12,63,SD,SD,AZ,Yu Darvish,506433,0.2777777777777778,0.16666666666666666,0.3870967741935484
2025-07-12,777126,22,2,3,32,6,83,SD,SD,PHI,Yu Darvish,506433,0.09090909090909091,0.13636363636363635,0.1875
2025-07-19,777091,20,1,1,34,6,70,SD,WSH,SD,Yu Darvish,506433,0.05,0.05,0.17647058823529413
2025-07-24,777023,20,3,2,35,4,69,SD,STL,SD,Yu Darvish,506433,0.15,0.1,0.11428571428571428
2025-07-30,776931,23,7,0,37,13,77,SD,SD,NYM,Yu Darvish,506433,0.30434782608695654,0.0,0.35135135135135137
2025-08-05,776852,16,5,2,32,5,72,SD,AZ,SD,Yu Darvish,506433,0.3125,0.125,0.15625
2025-08-11,776780,22,6,0,45,12,84,SD,SF,SD,Yu Darvish,506433,0.2727272727272727,0.0,0.26666666666666666
2025-08-17,776697,17,5,2,41,9,82,SD,LAD,SD,Yu Darvish,506433,0.29411764705882354,0.11764705882352941,0.21951219512195122
2025-08-22,776636,20,5,1,31,4,74,SD,SD,LAD,Yu Darvish,506433,0.25,0.05,0.12903225806451613
2025-08-27,776561,17,3,1,31,7,69,SD,SEA,SD,Yu Darvish,506433,0.17647058823529413,0.058823529411764705,0.22580645161290322
2025-09-02,776480,21,6,2,41,8,87,SD,SD,BAL,Yu Darvish,506433,0.2857142857142857,0.09523809523809523,0.1951219512195122
2025-09-08,776407,23,7,0,41,8,91,SD,SD,CIN,Yu Darvish,506433,0.30434782608695654,0.0,0.1951219512195122
2025-09-14,776323,20,5,0,41,8,82,SD,SD,COL,Yu Darvish,506433,0.25,0.0,0.1951219512195122
2025-09-20,776250,19,4,0,37,5,78,SD,CWS,SD,Yu Darvish,506433,0.21052631578947367,0.0,0.13513513513513514
2025-09-26,776170,20,4,2,33,7,79,SD,SD,AZ,Yu Darvish,506433,0.2,0.1,0.21212121212121213
2025-03-30,778516,20,6,2,42,15,73,TEX,TEX,BOS,Jacob deGrom,594798,0.3,0.1,0.35714285714285715
2025-04-05,778438,24,3,0,51,11,82,TEX,TEX,TB,Jacob deGrom,594798,0.125,0.0,0.21568627450980393
2025-04-11,778360,19,4,4,42,13,87,TEX,SEA,TEX,Jacob deGrom,594798,0.21052631578947367,0.21052631578947367,0.30952380952380953
2025-04-18,778263,24,7,1,37,7,96,TEX,TEX,LAD,Jacob deGrom,594798,0.2916666666666667,0.041666666666666664,0.1891891891891892
2025-04-24,778192,22,6,0,39,12,83,TEX,ATH,TEX,Jacob deGrom,594798,0.2727272727272727,0.0,0.3076923076923077
2025-04-29,778122,20,7,0,38,14,65,TEX,TEX,ATH,Jacob deGrom,594798,0.35,0.0,0.3684210526315789
2025-05-04,778052,20,3,2,43,10,89,TEX,TEX,SEA,Jacob deGrom,594798,0.15,0.1,0.23255813953488372
2025-05-10,777987,20,10,1,45,18,90,TEX,DET,TEX,Jacob deGrom,594798,0.5,0.05,0.4
2025-05-15,777910,30,7,1,53,12,96,TEX,TEX,HOU,Jacob deGrom,594798,0.23333333333333334,0.03333333333333333,0.22641509433962265
2025-05-21,777835,25,9,1,57,18,103,TEX,NYY,TEX,Jacob deGrom,594798,0.36,0.04,0.3157894736842105
2025-05-26,777759,23,0,2,36,3,81,TEX,TEX,TOR,Jacob deGrom,594798,0.0,0.08695652173913043,0.08333333333333333
2025-06-01,777678,23,4,3,37,8,81,TEX,TEX,STL,Jacob deGrom,594798,0.17391304347826086,0.13043478260869565,0.21621621621621623
2025-06-07,777610,23,8,0,46,15,81,TEX,WSH,TEX,Jacob deGrom,594798,0.34782608695652173,0.0,0.32608695652173914
2025-06-14,777508,22,6,0,48,12,82,TEX,TEX,CWS,Jacob deGrom,594798,0.2727272727272727,0.0,0.25
2025-06-20,777432,24,7,1,47,10,84,TEX,PIT,TEX,Jacob deGrom,594798,0.2916666666666667,0.041666666666666664,0.2127659574468085
2025-06-25,777365,24,7,2,45,10,89,TEX,BAL,TEX,Jacob deGrom,594798,0.2916666666666667,0.08333333333333333,0.2222222222222222
2025-07-01,777282,23,6,1,43,11,92,TEX,TEX,BAL,Jacob deGrom,594798,0.2608695652173913,0.043478260869565216,0.2558139534883721
2025-07-07,777200,22,5,2,49,10,95,TEX,LAA,TEX,Jacob deGrom,594798,0.22727272727272727,0.09090909090909091,0.20408163265306123
2025-07-12,777137,23,8,1,45,15,90,TEX,HOU,TEX,Jacob deGrom,594798,0.34782608695652173,0.043478260869565216,0.3333333333333333
2025-07-22,777043,22,9,1,54,27,86,TEX,TEX,ATH,Jacob deGrom,594798,0.4090909090909091,0.045454545454545456,0.5
2025-07-28,776958,24,8,1,47,13,92,TEX,LAA,TEX,Jacob deGrom,594798,0.3333333333333333,0.041666666666666664,0.2765957446808511
2025-08-03,776883,22,5,3,47,9,96,TEX,SEA,TEX,Jacob deGrom,594798,0.22727272727272727,0.13636363636363635,0.19148936170212766
2025-08-09,776810,27,8,1,56,14,99,TEX,TEX,PHI,Jacob deGrom,594798,0.2962962962962963,0.037037037037037035,0.25
2025-08-15,776735,18,5,0,49,13,84,TEX,TOR,TEX,Jacob deGrom,594798,0.2777777777777778,0.0,0.2653061224489796
2025-08-25,776592,20,7,2,46,13,90,TEX,TEX,LAA,Jacob deGrom,594798,0.35,0.1,0.2826086956521739
2025-08-31,776508,18,6,1,43,10,79,TEX,ATH,TEX,Jacob deGrom,594798,0.3333333333333333,0.05555555555555555,0.23255813953488372
2025-09-06,776432,24,8,2,48,19,97,TEX,TEX,HOU,Jacob deGrom,594798,0.3333333333333333,0.08333333333333333,0.3958333333333333
2025-09-12,776359,25,2,0,38,5,88,TEX,NYM,TEX,Jacob deGrom,594798,0.08,0.0,0.13157894736842105
2025-09-17,776292,22,6,1,44,11,93,TEX,HOU,TEX,Jacob deGrom,594798,0.2727272727272727,0.045454545454545456,0.25
2025-09-24,776192,18,8,1,36,15,74,TEX,TEX,MIN,Jacob deGrom,594798,0.4444444444444444,0.05555555555555555,0.4166666666666667
2025-06-15,777491,10,2,0,17,1,38,AZ,AZ,SD,Anthony DeSclafani,543101,0.2,0.0,0.058823529411764705
2025-06-19,777448,11,1,0,19,4,41,AZ,TOR,AZ,Anthony DeSclafani,543101,0.09090909090909091,0.0,0.21052631578947367
2025-06-23,777393,11,4,2,23,10,45,AZ,CWS,AZ,Anthony DeSclafani,543101,0.36363636363636365,0.18181818181818182,0.43478260869565216
2025-07-01,777278,7,2,0,13,2,25,AZ,AZ,SF,Anthony DeSclafani,543101,0.2857142857142857,0.0,0.15384615384615385
2025-07-06,777218,17,6,0,27,7,60,AZ,AZ,KC,Anthony DeSclafani,543101,0.35294117647058826,0.0,0.25925925925925924
2025-07-11,777150,13,2,1,30,7,60,AZ,LAA,AZ,Anthony DeSclafani,543101,0.15384615384615385,0.07692307692307693,0.23333333333333334
2025-07-20,777071,12,4,0,19,7,38,AZ,AZ,STL,Anthony DeSclafani,543101,0.3333333333333333,0.0,0.3684210526315789
2025-07-25,777014,15,3,1,24,7,51,AZ,PIT,AZ,Anthony DeSclafani,543101,0.2,0.06666666666666667,0.2916666666666667
2025-08-01,776914,16,0,3,26,5,59,AZ,ATH,AZ,Anthony DeSclafani,543101,0.0,0.1875,0.19230769230769232
2025-08-06,776838,16,4,0,33,7,71,AZ,AZ,SD,Anthony DeSclafani,543101,0.25,0.0,0.21212121212121213
2025-08-12,776764,15,3,2,21,5,52,AZ,TEX,AZ,Anthony DeSclafani,543101,0.2,0.13333333333333333,0.23809523809523808
2025-09-08,776399,13,2,0,22,5,38,AZ,SF,AZ,Anthony DeSclafani,543101,0.15384615384615385,0.0,0.22727272727272727
2025-09-14,776324,13,3,1,21,2,59,AZ,MIN,AZ,Anthony DeSclafani,543101,0.23076923076923078,0.07692307692307693,0.09523809523809523
2025-04-06,778432,24,5,2,47,13,93,BOS,BOS,STL,Hunter Dobbins,690928,0.20833333333333334,0.08333333333333333,0.2765957446808511
2025-04-18,778275,23,6,0,36,10,79,BOS,BOS,CWS,Hunter Dobbins,690928,0.2608695652173913,0.0,0.2777777777777778
2025-05-03,778073,27,2,2,44,7,93,BOS,BOS,MIN,Hunter Dobbins,690928,0.07407407407407407,0.07407407407407407,0.1590909090909091
2025-05-09,777990,22,6,0,37,13,81,BOS,KC,BOS,Hunter Dobbins,690928,0.2727272727272727,0.0,0.35135135135135137
2025-05-14,777927,23,4,0,47,8,88,BOS,DET,BOS,Hunter Dobbins,690928,0.17391304347826086,0.0,0.1702127659574468
2025-05-19,777856,18,2,1,27,2,66,BOS,BOS,NYM,Hunter Dobbins,690928,0.1111111111111111,0.05555555555555555,0.07407407407407407
2025-05-24,777809,18,7,1,37,12,72,BOS,BOS,BAL,Hunter Dobbins,690928,0.3888888888888889,0.05555555555555555,0.32432432432432434
2025-05-28,777736,15,1,2,21,2,56,BOS,MIL,BOS,Hunter Dobbins,690928,0.06666666666666667,0.13333333333333333,0.09523809523809523
2025-06-02,777670,19,4,1,34,7,60,BOS,BOS,LAA,Hunter Dobbins,690928,0.21052631578947367,0.05263157894736842,0.20588235294117646
2025-06-08,777593,18,0,0,30,4,64,BOS,NYY,BOS,Hunter Dobbins,690928,0.0,0.0,0.13333333333333333
2025-06-14,777516,21,5,1,37,6,82,BOS,BOS,NYY,Hunter Dobbins,690928,0.23809523809523808,0.047619047619047616,0.16216216216216217
2025-06-20,777425,20,1,5,23,1,75,BOS,SF,BOS,Hunter Dobbins,690928,0.05,0.25,0.043478260869565216
2025-07-11,777155,8,2,1,12,2,27,BOS,BOS,TB,Hunter Dobbins,690928,0.25,0.125,0.16666666666666666
2025-04-06,778423,22,6,1,40,9,79,COL,COL,ATH,Chase Dollander,801403,0.2727272727272727,0.045454545454545456,0.225
2025-04-12,778352,22,7,2,42,10,93,COL,SD,COL,Chase Dollander,801403,0.3181818181818182,0.09090909090909091,0.23809523809523808
2025-04-19,778247,24,5,2,39,8,78,COL,COL,WSH,Chase Dollander,801403,0.20833333333333334,0.08333333333333333,0.20512820512820512
2025-04-24,778195,22,3,2,46,5,92,COL,KC,COL,Chase Dollander,801403,0.13636363636363635,0.09090909090909091,0.10869565217391304
2025-04-30,778102,22,4,3,44,13,88,COL,COL,ATL,Chase Dollander,801403,0.18181818181818182,0.13636363636363635,0.29545454545454547
2025-05-07,778013,18,0,3,33,5,70,COL,COL,DET,Chase Dollander,801403,0.0,0.16666666666666666,0.15151515151515152
2025-05-12,777949,22,7,3,37,7,85,COL,TEX,COL,Chase Dollander,801403,0.3181818181818182,0.13636363636363635,0.1891891891891892
2025-05-18,777870,20,6,2,45,14,98,COL,AZ,COL,Chase Dollander,801403,0.3,0.1,0.3111111111111111
2025-06-03,777666,14,1,3,22,5,59,COL,MIA,COL,Chase Dollander,801403,0.07142857142857142,0.21428571428571427,0.22727272727272727
2025-06-08,777583,18,3,1,39,4,78,COL,COL,NYM,Chase Dollander,801403,0.16666666666666666,0.05555555555555555,0.10256410256410256
2025-06-14,777523,26,4,3,42,12,97,COL,ATL,COL,Chase Dollander,801403,0.15384615384615385,0.11538461538461539,0.2857142857142857
2025-06-19,777445,23,2,0,42,8,81,COL,WSH,COL,Chase Dollander,801403,0.08695652173913043,0.0,0.19047619047619047
2025-06-25,777358,22,1,2,32,4,77,COL,COL,LAD,Chase Dollander,801403,0.045454545454545456,0.09090909090909091,0.125
2025-07-01,777285,16,1,2,37,5,69,COL,COL,HOU,Chase Dollander,801403,0.0625,0.125,0.13513513513513514
2025-07-06,777215,19,2,4,39,7,92,COL,COL,CWS,Chase Dollander,801403,0.10526315789473684,0.21052631578947367,0.1794871794871795
2025-08-11,776783,23,5,3,43,10,92,COL,STL,COL,Chase Dollander,801403,0.21739130434782608,0.13043478260869565,0.23255813953488372
2025-08-16,776715,23,6,2,48,13,95,COL,COL,AZ,Chase Dollander,801403,0.2608695652173913,0.08695652173913043,0.2708333333333333
2025-08-21,776644,23,5,2,44,11,97,COL,COL,LAD,Chase Dollander,801403,0.21739130434782608,0.08695652173913043,0.25
2025-08-27,776571,23,7,4,48,14,98,COL,HOU,COL,Chase Dollander,801403,0.30434782608695654,0.17391304347826086,0.2916666666666667
2025-09-01,776492,22,2,3,37,5,84,COL,COL,SF,Chase Dollander,801403,0.09090909090909091,0.13636363636363635,0.13513513513513514
2025-09-08,776408,18,5,2,33,4,76,COL,LAD,COL,Chase Dollander,801403,0.2777777777777778,0.1111111111111111,0.12121212121212122
2025-03-29,778533,4,1,0,9,1,15,LAD,LAD,DET,Jack Dreyer,676263,0.25,0.0,0.1111111111111111
2025-03-31,778500,4,1,1,5,1,16,LAD,LAD,ATL,Jack Dreyer,676263,0.25,0.25,0.2
2025-04-02,778472,6,1,0,12,1,22,LAD,LAD,ATL,Jack Dreyer,676263,0.16666666666666666,0.0,0.08333333333333333
2025-04-06,778434,9,4,2,18,7,36,LAD,PHI,LAD,Jack Dreyer,676263,0.4444444444444444,0.2222222222222222,0.3888888888888889
2025-04-09,778392,6,2,1,15,6,25,LAD,WSH,LAD,Jack Dreyer,676263,0.3333333333333333,0.16666666666666666,0.4
2025-04-13,778331,4,2,0,8,3,9,LAD,LAD,CHC,Jack Dreyer,676263,0.5,0.0,0.375
2025-04-15,778302,6,4,1,12,5,27,LAD,LAD,COL,Jack Dreyer,676263,0.6666666666666666,0.16666666666666666,0.4166666666666667
2025-04-19,778251,3,0,0,5,1,12,LAD,TEX,LAD,Jack Dreyer,676263,0.0,0.0,0.2
2025-04-20,778234,3,1,1,2,0,8,LAD,TEX,LAD,Jack Dreyer,676263,0.3333333333333333,0.3333333333333333,0.0
2025-04-23,778205,8,0,3,10,3,30,LAD,CHC,LAD,Jack Dreyer,676263,0.0,0.375,0.3
2025-04-26,778163,5,1,1,10,3,24,LAD,LAD,PIT,Jack Dreyer,676263,0.2,0.2,0.3
2025-04-29,778123,8,3,0,14,6,28,LAD,LAD,MIA,Jack Dreyer,676263,0.375,0.0,0.42857142857142855
2025-05-04,778060,2,1,0,6,1,9,LAD,ATL,LAD,Jack Dreyer,676263,0.5,0.0,0.16666666666666666
2025-05-05,778047,4,0,0,6,2,10,LAD,MIA,LAD,Jack Dreyer,676263,0.0,0.0,0.3333333333333333
2025-05-08,777999,12,1,0,17,2,39,LAD,AZ,LAD,Jack Dreyer,676263,0.08333333333333333,0.0,0.11764705882352941
2025-05-11,777954,3,2,0,8,3,17,LAD,AZ,LAD,Jack Dreyer,676263,0.6666666666666666,0.0,0.375
2025-05-16,777899,6,4,0,14,5,30,LAD,LAD,LAA,Jack Dreyer,676263,0.6666666666666666,0.0,0.35714285714285715
2025-05-19,777854,10,1,1,18,4,38,LAD,LAD,AZ,Jack Dreyer,676263,0.1,0.1,0.2222222222222222
2025-05-21,777824,4,0,0,7,2,14,LAD,LAD,AZ,Jack Dreyer,676263,0.0,0.0,0.2857142857142857
2025-05-25,777773,3,1,0,10,0,16,LAD,NYM,LAD,Jack Dreyer,676263,0.3333333333333333,0.0,0.0
2025-05-27,777753,4,0,0,7,0,12,LAD,CLE,LAD,Jack Dreyer,676263,0.0,0.0,0.0
2025-05-30,777708,3,1,0,6,2,12,LAD,LAD,NYY,Jack Dreyer,676263,0.3333333333333333,0.0,0.3333333333333333
2025-06-02,777675,6,1,0,8,1,15,LAD,LAD,NYM,Jack Dreyer,676263,0.16666666666666666,0.0,0.125
2025-06-05,777631,10,2,1,14,4,31,LAD,LAD,NYM,Jack Dreyer,676263,0.2,0.1,0.2857142857142857
2025-06-08,777582,4,0,1,17,2,28,LAD,STL,LAD,Jack Dreyer,676263,0.0,0.25,0.11764705882352941
2025-06-11,777543,4,0,1,6,0,16,LAD,SD,LAD,Jack Dreyer,676263,0.0,0.25,0.0
2025-06-17,777471,8,2,0,21,5,34,LAD,LAD,SD,Jack Dreyer,676263,0.25,0.0,0.23809523809523808
2025-06-20,777427,3,1,0,5,2,12,LAD,LAD,WSH,Jack Dreyer,676263,0.3333333333333333,0.0,0.4
2025-06-21,777416,5,1,0,7,2,8,LAD,LAD,WSH,Jack Dreyer,676263,0.2,0.0,0.2857142857142857
2025-06-24,777379,5,0,0,7,1,14,LAD,COL,LAD,Jack Dreyer,676263,0.0,0.0,0.14285714285714285
2025-06-29,777304,3,2,0,10,3,20,LAD,KC,LAD,Jack Dreyer,676263,0.6666666666666666,0.0,0.3
2025-07-01,777280,4,1,1,9,2,20,LAD,LAD,CWS,Jack Dreyer,676263,0.25,0.25,0.2222222222222222
2025-07-04,777235,8,2,1,16,5,34,LAD,LAD,HOU,Jack Dreyer,676263,0.25,0.125,0.3125
2025-07-07,777201,7,2,0,17,3,32,LAD,MIL,LAD,Jack Dreyer,676263,0.2857142857142857,0.0,0.17647058823529413
2025-07-11,777143,4,1,0,8,2,11,LAD,SF,LAD,Jack Dreyer,676263,0.25,0.0,0.25
2025-07-13,777119,3,0,0,3,0,12,LAD,SF,LAD,Jack Dreyer,676263,0.0,0.0,0.0
2025-07-19,777085,7,1,1,15,2,25,LAD,LAD,MIL,Jack Dreyer,676263,0.14285714285714285,0.14285714285714285,0.13333333333333333
2025-07-22,777039,5,2,0,17,6,27,LAD,LAD,MIN,Jack Dreyer,676263,0.4,0.0,0.35294117647058826
2025-07-27,776983,3,1,0,5,1,9,LAD,BOS,LAD,Jack Dreyer,676263,0.3333333333333333,0.0,0.2
2025-07-28,776967,1,0,0,1,0,3,LAD,CIN,LAD,Jack Dreyer,676263,0.0,0.0,0.0
2025-07-29,776963,3,0,0,4,1,9,LAD,CIN,LAD,Jack Dreyer,676263,0.0,0.0,0.25
2025-08-02,776901,6,1,0,9,0,18,LAD,TB,LAD,Jack Dreyer,676263,0.16666666666666666,0.0,0.0
2025-08-04,776870,1,0,0,1,0,1,LAD,LAD,STL,Jack Dreyer,676263,0.0,0.0,0.0
2025-08-05,776858,3,0,0,3,0,5,LAD,LAD,STL,Jack Dreyer,676263,0.0,0.0,0.0
2025-08-09,776808,7,2,0,13,4,26,LAD,LAD,TOR,Jack Dreyer,676263,0.2857142857142857,0.0,0.3076923076923077
2025-08-11,776779,3,0,0,6,1,13,LAD,LAA,LAD,Jack Dreyer,676263,0.0,0.0,0.16666666666666666
2025-08-12,776763,3,0,0,8,1,12,LAD,LAA,LAD,Jack Dreyer,676263,0.0,0.0,0.125
2025-08-15,776727,1,0,0,1,0,3,LAD,LAD,SD,Jack Dreyer,676263,0.0,0.0,0.0
2025-08-16,776717,3,0,0,8,1,16,LAD,LAD,SD,Jack Dreyer,676263,0.0,0.0,0.125
2025-08-19,776671,4,0,0,6,2,8,LAD,COL,LAD,Jack Dreyer,676263,0.0,0.0,0.3333333333333333
2025-08-20,776660,6,1,0,9,4,17,LAD,COL,LAD,Jack Dreyer,676263,0.16666666666666666,0.0,0.4444444444444444
2025-08-24,776603,3,1,0,3,1,12,LAD,SD,LAD,Jack Dreyer,676263,0.3333333333333333,0.0,0.3333333333333333
2025-08-25,776594,4,1,0,7,1,11,LAD,LAD,CIN,Jack Dreyer,676263,0.25,0.0,0.14285714285714285
2025-08-27,776562,4,2,1,4,3,14,LAD,LAD,CIN,Jack Dreyer,676263,0.5,0.25,0.75
2025-08-29,776534,3,2,0,8,2,15,LAD,LAD,AZ,Jack Dreyer,676263,0.6666666666666666,0.0,0.25
2025-09-04,776461,3,1,0,6,2,12,LAD,PIT,LAD,Jack Dreyer,676263,0.3333333333333333,0.0,0.3333333333333333
2025-09-05,776454,4,1,1,9,1,18,LAD,BAL,LAD,Jack Dreyer,676263,0.25,0.25,0.1111111111111111
2025-09-07,776427,4,2,0,6,2,14,LAD,BAL,LAD,Jack Dreyer,676263,0.5,0.0,0.3333333333333333
2025-09-12,776350,6,3,0,13,5,19,LAD,SF,LAD,Jack Dreyer,676263,0.5,0.0,0.38461538461538464
2025-09-15,776311,5,1,0,7,2,17,LAD,LAD,PHI,Jack Dreyer,676263,0.2,0.0,0.2857142857142857
2025-09-16,776297,3,1,0,7,2,13,LAD,LAD,PHI,Jack Dreyer,676263,0.3333333333333333,0.0,0.2857142857142857
2025-09-18,776271,2,1,0,5,3,11,LAD,LAD,SF,Jack Dreyer,676263,0.5,0.0,0.6
2025-09-20,776233,3,1,0,6,2,15,LAD,LAD,SF,Jack Dreyer,676263,0.3333333333333333,0.0,0.3333333333333333
2025-09-23,776213,4,1,0,5,1,14,LAD,AZ,LAD,Jack Dreyer,676263,0.25,0.0,0.2
2025-09-24,776193,4,0,0,5,1,17,LAD,AZ,LAD,Jack Dreyer,676263,0.0,0.0,0.2
2025-09-27,776150,3,1,0,8,2,17,LAD,SEA,LAD,Jack Dreyer,676263,0.3333333333333333,0.0,0.25
2025-09-30,813069,3,1,1,10,2,19,LAD,LAD,CIN,Jack Dreyer,676263,0.3333333333333333,0.3333333333333333,0.2
2025-09-09,776396,21,11,1,46,17,90,BOS,ATH,BOS,Connelly Early,813349,0.5238095238095238,0.047619047619047616,0.3695652173913043
2025-09-16,776310,21,7,0,43,13,80,BOS,BOS,ATH,Connelly Early,813349,0.3333333333333333,0.0,0.3023255813953488
2025-09-21,776236,17,4,2,34,12,67,BOS,TB,BOS,Connelly Early,813349,0.23529411764705882,0.11764705882352941,0.35294117647058826
2025-09-27,776157,20,7,1,41,10,86,BOS,BOS,DET,Connelly Early,813349,0.35,0.05,0.24390243902439024
2025-03-27,778556,21,2,1,35,6,78,BAL,TOR,BAL,Zach Eflin,621107,0.09523809523809523,0.047619047619047616,0.17142857142857143
2025-04-02,778483,24,5,0,46,13,87,BAL,BAL,BOS,Zach Eflin,621107,0.20833333333333334,0.0,0.2826086956521739
2025-04-07,778413,23,1,0,31,3,73,BAL,AZ,BAL,Zach Eflin,621107,0.043478260869565216,0.0,0.0967741935483871
2025-05-11,777961,21,5,2,40,8,83,BAL,LAA,BAL,Zach Eflin,621107,0.23809523809523808,0.09523809523809523,0.2
2025-05-18,777873,27,4,0,49,7,93,BAL,BAL,WSH,Zach Eflin,621107,0.14814814814814814,0.0,0.14285714285714285
2025-05-24,777809,22,1,2,40,5,83,BAL,BOS,BAL,Zach Eflin,621107,0.045454545454545456,0.09090909090909091,0.125
2025-05-30,777720,24,6,1,51,10,99,BAL,BAL,CWS,Zach Eflin,621107,0.25,0.041666666666666664,0.19607843137254902
2025-06-05,777628,26,7,0,45,12,88,BAL,SEA,BAL,Zach Eflin,621107,0.2692307692307692,0.0,0.26666666666666666
2025-06-11,777562,26,5,1,45,7,86,BAL,BAL,DET,Zach Eflin,621107,0.19230769230769232,0.038461538461538464,0.15555555555555556
2025-06-16,777484,27,2,2,42,6,76,BAL,TB,BAL,Zach Eflin,621107,0.07407407407407407,0.07407407407407407,0.14285714285714285
2025-06-21,777422,21,4,2,38,10,90,BAL,NYY,BAL,Zach Eflin,621107,0.19047619047619047,0.09523809523809523,0.2631578947368421
2025-06-28,777330,8,0,0,14,2,28,BAL,BAL,TB,Zach Eflin,621107,0.0,0.0,0.14285714285714285
2025-07-23,777036,18,5,1,41,10,84,BAL,CLE,BAL,Zach Eflin,621107,0.2777777777777778,0.05555555555555555,0.24390243902439024
2025-07-28,776966,22,3,1,44,4,79,BAL,BAL,TOR,Zach Eflin,621107,0.13636363636363635,0.045454545454545456,0.09090909090909091
2025-04-02,778472,17,3,2,29,7,71,ATL,LAD,ATL,Bryce Elder,693821,0.17647058823529413,0.11764705882352941,0.2413793103448276
2025-04-11,778367,26,4,0,46,8,92,ATL,TB,ATL,Bryce Elder,693821,0.15384615384615385,0.0,0.17391304347826086
2025-04-18,778284,24,3,3,44,7,91,ATL,ATL,MIN,Bryce Elder,693821,0.125,0.125,0.1590909090909091
2025-04-23,778214,25,2,3,45,5,99,ATL,ATL,STL,Bryce Elder,693821,0.08,0.12,0.1111111111111111
2025-04-28,778137,25,4,2,37,6,90,ATL,COL,ATL,Bryce Elder,693821,0.16,0.08,0.16216216216216217
2025-05-04,778060,21,6,2,31,6,86,ATL,ATL,LAD,Bryce Elder,693821,0.2857142857142857,0.09523809523809523,0.1935483870967742
2025-05-09,777998,22,8,0,42,11,99,ATL,PIT,ATL,Bryce Elder,693821,0.36363636363636365,0.0,0.2619047619047619
2025-05-14,777929,21,3,1,37,7,82,ATL,ATL,WSH,Bryce Elder,693821,0.14285714285714285,0.047619047619047616,0.1891891891891892
2025-06-01,777692,25,4,3,34,6,81,ATL,ATL,BOS,Bryce Elder,693821,0.16,0.12,0.17647058823529413
2025-06-07,777598,27,12,0,49,12,107,ATL,SF,ATL,Bryce Elder,693821,0.4444444444444444,0.0,0.24489795918367346
2025-06-13,777535,21,2,3,26,5,70,ATL,ATL,COL,Bryce Elder,693821,0.09523809523809523,0.14285714285714285,0.19230769230769232
2025-06-22,777402,27,4,1,41,4,92,ATL,MIA,ATL,Bryce Elder,693821,0.14814814814814814,0.037037037037037035,0.0975609756097561
2025-06-27,777342,19,2,4,23,3,66,ATL,ATL,PHI,Bryce Elder,693821,0.10526315789473684,0.21052631578947367,0.13043478260869565
2025-07-03,777261,27,5,3,47,11,101,ATL,ATL,LAA,Bryce Elder,693821,0.18518518518518517,0.1111111111111111,0.23404255319148937
2025-07-09,777176,29,7,1,53,24,100,ATL,ATH,ATL,Bryce Elder,693821,0.2413793103448276,0.034482758620689655,0.4528301886792453
2025-07-21,777069,25,1,3,56,5,108,ATL,ATL,SF,Bryce Elder,693821,0.04,0.12,0.08928571428571429
2025-07-27,776981,19,3,4,25,6,63,ATL,TEX,ATL,Bryce Elder,693821,0.15789473684210525,0.21052631578947367,0.24
2025-08-01,776921,25,5,1,38,8,87,ATL,CIN,ATL,Bryce Elder,693821,0.2,0.04,0.21052631578947367
2025-08-08,776834,27,3,2,43,7,100,ATL,ATL,MIA,Bryce Elder,693821,0.1111111111111111,0.07407407407407407,0.16279069767441862
2025-08-14,776748,26,6,2,43,10,87,ATL,NYM,ATL,Bryce Elder,693821,0.23076923076923078,0.07692307692307693,0.23255813953488372
2025-08-19,776687,24,3,2,42,7,84,ATL,ATL,CWS,Bryce Elder,693821,0.125,0.08333333333333333,0.16666666666666666
2025-08-24,776624,24,6,2,41,8,95,ATL,ATL,NYM,Bryce Elder,693821,0.25,0.08333333333333333,0.1951219512195122
2025-08-29,776552,27,3,2,48,6,96,ATL,PHI,ATL,Bryce Elder,693821,0.1111111111111111,0.07407407407407407,0.125
2025-09-03,776473,24,6,0,44,11,101,ATL,CHC,ATL,Bryce Elder,693821,0.25,0.0,0.25
2025-09-08,776412,25,6,1,44,13,89,ATL,ATL,CHC,Bryce Elder,693821,0.24,0.04,0.29545454545454547
2025-09-13,776346,26,7,3,44,16,89,ATL,ATL,HOU,Bryce Elder,693821,0.2692307692307692,0.11538461538461539,0.36363636363636365
2025-09-19,776268,25,6,0,53,8,98,ATL,DET,ATL,Bryce Elder,693821,0.24,0.0,0.1509433962264151
2025-09-24,776200,26,7,0,53,10,95,ATL,ATL,WSH,Bryce Elder,693821,0.2692307692307692,0.0,0.18867924528301888
2025-03-27,778553,21,9,0,48,15,87,TEX,TEX,BOS,Nathan Eovaldi,543135,0.42857142857142855,0.0,0.3125
2025-04-01,778498,30,8,0,55,16,99,TEX,CIN,TEX,Nathan Eovaldi,543135,0.26666666666666666,0.0,0.2909090909090909
2025-04-07,778411,22,4,2,43,11,87,TEX,CHC,TEX,Nathan Eovaldi,543135,0.18181818181818182,0.09090909090909091,0.2558139534883721
2025-04-13,778334,22,3,0,49,11,89,TEX,SEA,TEX,Nathan Eovaldi,543135,0.13636363636363635,0.0,0.22448979591836735
2025-04-19,778251,23,7,0,42,11,91,TEX,TEX,LAD,Nathan Eovaldi,543135,0.30434782608695654,0.0,0.2619047619047619
2025-04-25,778171,22,7,1,41,9,99,TEX,SF,TEX,Nathan Eovaldi,543135,0.3181818181818182,0.045454545454545456,0.21951219512195122
2025-04-30,778106,23,8,0,47,16,92,TEX,TEX,ATH,Nathan Eovaldi,543135,0.34782608695652173,0.0,0.3404255319148936
2025-05-06,778037,23,7,1,58,15,90,TEX,BOS,TEX,Nathan Eovaldi,543135,0.30434782608695654,0.043478260869565216,0.25862068965517243
2025-05-11,777969,24,7,1,43,11,95,TEX,DET,TEX,Nathan Eovaldi,543135,0.2916666666666667,0.041666666666666664,0.2558139534883721
2025-05-16,777895,22,5,3,37,10,93,TEX,TEX,HOU,Nathan Eovaldi,543135,0.22727272727272727,0.13636363636363635,0.2702702702702703
2025-05-22,777818,25,6,1,48,9,105,TEX,NYY,TEX,Nathan Eovaldi,543135,0.24,0.04,0.1875
2025-05-27,777741,9,2,1,19,7,39,TEX,TEX,TOR,Nathan Eovaldi,543135,0.2222222222222222,0.1111111111111111,0.3684210526315789
2025-06-27,777340,15,2,1,25,6,49,TEX,TEX,SEA,Nathan Eovaldi,543135,0.13333333333333333,0.06666666666666667,0.24
2025-07-02,777268,17,5,1,35,9,72,TEX,TEX,BAL,Nathan Eovaldi,543135,0.29411764705882354,0.058823529411764705,0.2571428571428571
2025-07-08,777180,23,6,0,42,10,72,TEX,LAA,TEX,Nathan Eovaldi,543135,0.2608695652173913,0.0,0.23809523809523808
2025-07-13,777125,27,8,1,53,12,102,TEX,HOU,TEX,Nathan Eovaldi,543135,0.2962962962962963,0.037037037037037035,0.22641509433962265
2025-07-25,777009,21,7,4,43,12,86,TEX,TEX,ATL,Nathan Eovaldi,543135,0.3333333333333333,0.19047619047619047,0.27906976744186046
2025-07-30,776932,27,4,2,46,11,92,TEX,LAA,TEX,Nathan Eovaldi,543135,0.14814814814814814,0.07407407407407407,0.2391304347826087
2025-08-05,776855,25,6,0,52,12,98,TEX,TEX,NYY,Nathan Eovaldi,543135,0.24,0.0,0.23076923076923078
2025-08-11,776785,24,3,1,36,4,86,TEX,TEX,AZ,Nathan Eovaldi,543135,0.125,0.041666666666666664,0.1111111111111111
2025-08-17,776710,26,6,0,53,12,97,TEX,TOR,TEX,Nathan Eovaldi,543135,0.23076923076923078,0.0,0.22641509433962265
2025-08-22,776641,25,9,0,57,16,104,TEX,TEX,CLE,Nathan Eovaldi,543135,0.36,0.0,0.2807017543859649
2025-04-27,778136,20,3,3,40,4,78,SEA,SEA,MIA,Logan Evans,688138,0.15,0.15,0.1
2025-05-04,778052,26,5,2,42,8,92,SEA,TEX,SEA,Logan Evans,688138,0.19230769230769232,0.07692307692307693,0.19047619047619047
2025-05-10,777970,22,3,2,31,2,86,SEA,SEA,TOR,Logan Evans,688138,0.13636363636363635,0.09090909090909091,0.06451612903225806
2025-05-16,777896,25,3,1,40,6,89,SEA,SD,SEA,Logan Evans,688138,0.12,0.04,0.15
2025-05-21,777830,24,7,1,42,13,90,SEA,CWS,SEA,Logan Evans,688138,0.2916666666666667,0.041666666666666664,0.30952380952380953
2025-05-27,777743,27,4,1,46,5,89,SEA,SEA,WSH,Logan Evans,688138,0.14814814814814814,0.037037037037037035,0.10869565217391304
2025-06-10,777559,23,5,2,34,8,88,SEA,AZ,SEA,Logan Evans,688138,0.21739130434782608,0.08695652173913043,0.23529411764705882
2025-07-03,777251,23,3,1,43,10,95,SEA,SEA,KC,Logan Evans,688138,0.13043478260869565,0.043478260869565216,0.23255813953488372
2025-07-09,777184,24,2,1,40,5,94,SEA,NYY,SEA,Logan Evans,688138,0.08333333333333333,0.041666666666666664,0.125
2025-07-19,777086,21,5,3,37,8,88,SEA,SEA,HOU,Logan Evans,688138,0.23809523809523808,0.14285714285714285,0.21621621621621623
2025-07-24,777018,21,3,3,31,6,79,SEA,LAA,SEA,Logan Evans,688138,0.14285714285714285,0.14285714285714285,0.1935483870967742
2025-07-29,776944,24,7,2,38,6,87,SEA,ATH,SEA,Logan Evans,688138,0.2916666666666667,0.08333333333333333,0.15789473684210525
2025-08-03,776883,20,3,0,43,10,80,SEA,SEA,TEX,Logan Evans,688138,0.15,0.0,0.23255813953488372
2025-08-09,776805,22,4,3,43,8,90,SEA,SEA,TB,Logan Evans,688138,0.18181818181818182,0.13636363636363635,0.18604651162790697
2025-08-14,776750,17,1,4,29,5,70,SEA,BAL,SEA,Logan Evans,688138,0.058823529411764705,0.23529411764705882,0.1724137931034483
2025-09-27,776150,12,1,1,22,1,49,SEA,SEA,LAD,Logan Evans,688138,0.08333333333333333,0.08333333333333333,0.045454545454545456
2025-03-29,778539,25,4,0,40,8,87,PIT,MIA,PIT,Bailey Falter,663559,0.16,0.0,0.2
2025-04-05,778449,20,5,1,37,14,88,PIT,PIT,NYY,Bailey Falter,663559,0.25,0.05,0.3783783783783784
2025-04-11,778374,21,4,5,26,7,79,PIT,CIN,PIT,Bailey Falter,663559,0.19047619047619047,0.23809523809523808,0.2692307692307692
2025-04-16,778293,21,2,1,41,4,83,PIT,PIT,WSH,Bailey Falter,663559,0.09523809523809523,0.047619047619047616,0.0975609756097561
2025-04-22,778211,17,5,0,30,4,65,PIT,LAA,PIT,Bailey Falter,663559,0.29411764705882354,0.0,0.13333333333333333
2025-04-27,778145,23,2,2,36,3,81,PIT,LAD,PIT,Bailey Falter,663559,0.08695652173913043,0.08695652173913043,0.08333333333333333
2025-05-03,778065,24,6,2,43,6,90,PIT,PIT,SD,Bailey Falter,663559,0.25,0.08333333333333333,0.13953488372093023
2025-05-09,777998,22,3,2,43,7,89,PIT,PIT,ATL,Bailey Falter,663559,0.13636363636363635,0.09090909090909091,0.16279069767441862
2025-05-14,777919,17,3,5,29,4,78,PIT,NYM,PIT,Bailey Falter,663559,0.17647058823529413,0.29411764705882354,0.13793103448275862
2025-05-20,777847,24,4,0,39,6,79,PIT,PIT,CIN,Bailey Falter,663559,0.16666666666666666,0.0,0.15384615384615385
2025-05-25,777776,24,1,3,41,2,84,PIT,PIT,MIL,Bailey Falter,663559,0.041666666666666664,0.125,0.04878048780487805
2025-05-31,777691,20,1,1,35,3,79,PIT,SD,PIT,Bailey Falter,663559,0.05,0.05,0.08571428571428572
2025-06-06,777621,18,2,2,31,3,65,PIT,PIT,PHI,Bailey Falter,663559,0.1111111111111111,0.1111111111111111,0.0967741935483871
2025-06-11,777552,22,3,1,36,4,71,PIT,PIT,MIA,Bailey Falter,663559,0.13636363636363635,0.045454545454545456,0.1111111111111111
2025-06-17,777475,20,4,1,33,7,78,PIT,DET,PIT,Bailey Falter,663559,0.2,0.05,0.21212121212121213
2025-06-22,777404,25,1,5,43,8,89,PIT,PIT,TEX,Bailey Falter,663559,0.04,0.2,0.18604651162790697
2025-06-28,777325,10,1,1,14,2,30,PIT,PIT,NYM,Bailey Falter,663559,0.1,0.1,0.14285714285714285
2025-07-04,777236,21,4,0,43,10,75,PIT,SEA,PIT,Bailey Falter,663559,0.19047619047619047,0.0,0.23255813953488372
2025-07-09,777177,21,3,2,35,6,74,PIT,KC,PIT,Bailey Falter,663559,0.14285714285714285,0.09523809523809523,0.17142857142857143
2025-07-18,777107,18,2,1,31,4,78,PIT,PIT,CWS,Bailey Falter,663559,0.1111111111111111,0.05555555555555555,0.12903225806451613
2025-07-23,777029,25,8,0,44,7,87,PIT,PIT,DET,Bailey Falter,663559,0.32,0.0,0.1590909090909091
2025-07-29,776943,19,1,4,28,0,70,PIT,SF,PIT,Bailey Falter,663559,0.05263157894736842,0.21052631578947367,0.0
2025-08-04,776880,21,2,2,48,5,88,KC,BOS,KC,Bailey Falter,663559,0.09523809523809523,0.09523809523809523,0.10416666666666667
2025-08-11,776784,18,5,3,34,11,76,KC,KC,WSH,Bailey Falter,663559,0.2777777777777778,0.16666666666666666,0.3235294117647059
2025-08-16,776712,9,2,1,16,5,32,KC,KC,CWS,Bailey Falter,663559,0.2222222222222222,0.1111111111111111,0.3125
2025-08-22,776649,13,2,1,33,6,57,KC,DET,KC,Bailey Falter,663559,0.15384615384615385,0.07692307692307693,0.18181818181818182
2025-09-02,776488,19,3,2,38,5,70,LAA,KC,LAA,Mitch Farris,815083,0.15789473684210525,0.10526315789473684,0.13157894736842105
2025-09-07,776414,22,4,1,43,13,76,LAA,LAA,ATH,Mitch Farris,815083,0.18181818181818182,0.045454545454545456,0.3023255813953488
2025-09-13,776333,22,7,4,33,8,85,LAA,SEA,LAA,Mitch Farris,815083,0.3181818181818182,0.18181818181818182,0.24242424242424243
2025-09-19,776253,23,5,2,40,12,90,LAA,COL,LAA,Mitch Farris,815083,0.21739130434782608,0.08695652173913043,0.3
2025-09-25,776178,21,5,2,44,14,84,LAA,LAA,KC,Mitch Farris,815083,0.23809523809523808,0.09523809523809523,0.3181818181818182
2025-03-29,778528,20,2,0,35,6,73,STL,STL,MIN,Erick Fedde,607200,0.1,0.0,0.17142857142857143
2025-04-04,778463,17,1,4,28,3,65,STL,BOS,STL,Erick Fedde,607200,0.058823529411764705,0.23529411764705882,0.10714285714285714
2025-04-09,778389,20,1,4,40,14,89,STL,PIT,STL,Erick Fedde,607200,0.05,0.2,0.35
2025-04-15,778308,26,5,3,40,4,96,STL,STL,HOU,Erick Fedde,607200,0.19230769230769232,0.11538461538461539,0.1
2025-04-21,778233,24,3,3,40,5,84,STL,ATL,STL,Erick Fedde,607200,0.125,0.125,0.125
2025-04-27,778150,29,4,2,49,7,103,STL,STL,MIL,Erick Fedde,607200,0.13793103448275862,0.06896551724137931,0.14285714285714285
2025-05-04,778053,26,4,5,39,4,101,STL,STL,NYM,Erick Fedde,607200,0.15384615384615385,0.19230769230769232,0.10256410256410256
2025-05-09,777995,31,8,0,48,8,109,STL,WSH,STL,Erick Fedde,607200,0.25806451612903225,0.0,0.16666666666666666
2025-05-14,777922,23,3,4,39,5,93,STL,PHI,STL,Erick Fedde,607200,0.13043478260869565,0.17391304347826086,0.1282051282051282
2025-05-20,777840,20,2,0,32,4,63,STL,STL,DET,Erick Fedde,607200,0.1,0.0,0.125
2025-05-26,777771,25,5,1,45,14,91,STL,BAL,STL,Erick Fedde,607200,0.2,0.04,0.3111111111111111
2025-06-01,777678,25,5,3,37,3,94,STL,TEX,STL,Erick Fedde,607200,0.2,0.12,0.08108108108108109
2025-06-07,777601,24,2,4,38,4,99,STL,STL,LAD,Erick Fedde,607200,0.08333333333333333,0.16666666666666666,0.10526315789473684
2025-06-13,777525,21,5,1,33,3,86,STL,MIL,STL,Erick Fedde,607200,0.23809523809523808,0.047619047619047616,0.09090909090909091
2025-06-19,777447,24,4,2,39,10,85,STL,CWS,STL,Erick Fedde,607200,0.16666666666666666,0.08333333333333333,0.2564102564102564
2025-06-25,777357,21,2,2,35,4,78,STL,STL,CHC,Erick Fedde,607200,0.09523809523809523,0.09523809523809523,0.11428571428571428
2025-06-30,777299,26,0,2,38,3,84,STL,PIT,STL,Erick Fedde,607200,0.0,0.07692307692307693,0.07894736842105263
2025-07-06,777219,10,0,4,17,2,53,STL,CHC,STL,Erick Fedde,607200,0.0,0.4,0.11764705882352941
2025-07-12,777133,20,1,1,33,4,64,STL,STL,ATL,Erick Fedde,607200,0.05,0.05,0.12121212121212122
2025-07-22,777049,16,5,1,32,12,62,STL,COL,STL,Erick Fedde,607200,0.3125,0.0625,0.375
2025-07-29,776955,20,3,2,36,9,78,ATL,KC,ATL,Erick Fedde,607200,0.15,0.1,0.25
2025-08-04,776882,21,0,2,28,2,87,ATL,ATL,MIL,Erick Fedde,607200,0.0,0.09523809523809523,0.07142857142857142
2025-08-09,776819,24,4,4,41,9,102,ATL,ATL,MIA,Erick Fedde,607200,0.16666666666666666,0.16666666666666666,0.21951219512195122
2025-08-17,776706,21,5,3,36,7,92,ATL,CLE,ATL,Erick Fedde,607200,0.23809523809523808,0.14285714285714285,0.19444444444444445
2025-08-22,776645,25,1,2,54,10,93,ATL,ATL,NYM,Erick Fedde,607200,0.04,0.08,0.18518518518518517
2025-08-27,776572,20,2,0,37,3,71,MIL,MIL,AZ,Erick Fedde,607200,0.1,0.0,0.08108108108108109
2025-09-06,776441,3,0,0,6,1,10,MIL,PIT,MIL,Erick Fedde,607200,0.0,0.0,0.16666666666666666
2025-09-10,776375,6,0,2,7,0,26,MIL,TEX,MIL,Erick Fedde,607200,0.0,0.3333333333333333,0.0
2025-09-13,776339,6,0,2,11,1,30,MIL,MIL,STL,Erick Fedde,607200,0.0,0.3333333333333333,0.09090909090909091
2025-09-17,776291,6,2,0,13,3,24,MIL,MIL,LAA,Erick Fedde,607200,0.3333333333333333,0.0,0.23076923076923078
2025-09-21,776231,16,1,3,29,7,56,MIL,STL,MIL,Erick Fedde,607200,0.0625,0.1875,0.2413793103448276
2025-09-24,776198,9,2,0,16,4,33,MIL,SD,MIL,Erick Fedde,607200,0.2222222222222222,0.0,0.25
2025-03-30,778524,20,5,1,42,10,84,COL,TB,COL,Ryan Feltner,663372,0.25,0.05,0.23809523809523808
2025-04-04,778456,24,4,1,46,14,90,COL,COL,ATH,Ryan Feltner,663372,0.16666666666666666,0.041666666666666664,0.30434782608695654
2025-04-10,778371,24,7,2,34,10,86,COL,COL,MIL,Ryan Feltner,663372,0.2916666666666667,0.08333333333333333,0.29411764705882354
2025-04-15,778302,18,1,6,35,8,81,COL,LAD,COL,Ryan Feltner,663372,0.05555555555555555,0.3333333333333333,0.22857142857142856
2025-04-22,778215,24,4,1,47,9,87,COL,KC,COL,Ryan Feltner,663372,0.16666666666666666,0.041666666666666664,0.19148936170212766
2025-04-28,778137,25,4,1,49,11,95,COL,COL,ATL,Ryan Feltner,663372,0.16,0.04,0.22448979591836735
2025-04-11,778363,19,4,1,32,8,64,MIN,MIN,DET,David Festa,701581,0.21052631578947367,0.05263157894736842,0.25
2025-04-16,778299,19,6,1,39,9,76,MIN,MIN,NYM,David Festa,701581,0.3157894736842105,0.05263157894736842,0.23076923076923078
2025-04-23,778201,18,5,3,39,8,84,MIN,MIN,CWS,David Festa,701581,0.2777777777777778,0.16666666666666666,0.20512820512820512
2025-06-05,777636,19,6,2,36,12,80,MIN,ATH,MIN,David Festa,701581,0.3157894736842105,0.10526315789473684,0.3333333333333333
2025-06-11,777556,22,4,2,45,15,86,MIN,MIN,TEX,David Festa,701581,0.18181818181818182,0.09090909090909091,0.3333333333333333
2025-06-17,777478,18,4,3,41,9,81,MIN,CIN,MIN,David Festa,701581,0.2222222222222222,0.16666666666666666,0.21951219512195122
2025-06-22,777401,28,3,3,53,15,96,MIN,MIN,MIL,David Festa,701581,0.10714285714285714,0.10714285714285714,0.2830188679245283
2025-06-27,777334,20,6,0,43,9,75,MIN,DET,MIN,David Festa,701581,0.3,0.0,0.20930232558139536
2025-07-03,777263,23,7,1,46,14,87,MIN,MIA,MIN,David Festa,701581,0.30434782608695654,0.043478260869565216,0.30434782608695654
2025-07-09,777173,21,3,2,38,9,72,MIN,MIN,CHC,David Festa,701581,0.14285714285714285,0.09523809523809523,0.23684210526315788
2025-07-21,777051,22,5,1,38,8,81,MIN,LAD,MIN,David Festa,701581,0.22727272727272727,0.045454545454545456,0.21052631578947367
2025-03-30,778516,24,4,0,44,7,71,BOS,TEX,BOS,Richard Fitts,690916,0.16666666666666666,0.0,0.1590909090909091
2025-04-07,778426,28,4,4,53,13,102,BOS,BOS,TOR,Richard Fitts,690916,0.14285714285714285,0.14285714285714285,0.24528301886792453
2025-04-12,778349,18,5,1,44,10,76,BOS,CWS,BOS,Richard Fitts,690916,0.2777777777777778,0.05555555555555555,0.22727272727272727
2025-05-27,777747,12,2,1,21,5,44,BOS,MIL,BOS,Richard Fitts,690916,0.16666666666666666,0.08333333333333333,0.23809523809523808
2025-06-02,777670,9,0,1,18,2,39,BOS,BOS,LAA,Richard Fitts,690916,0.0,0.1111111111111111,0.1111111111111111
2025-06-25,777362,18,6,1,48,15,83,BOS,LAA,BOS,Richard Fitts,690916,0.3333333333333333,0.05555555555555555,0.3125
2025-07-01,777294,12,1,1,18,4,38,BOS,BOS,CIN,Richard Fitts,690916,0.08333333333333333,0.08333333333333333,0.2222222222222222
2025-07-07,777209,22,6,1,53,13,91,BOS,BOS,COL,Richard Fitts,690916,0.2727272727272727,0.045454545454545456,0.24528301886792453
2025-07-22,777045,17,4,0,34,5,65,BOS,PHI,BOS,Richard Fitts,690916,0.23529411764705882,0.0,0.14705882352941177
2025-07-28,776961,17,2,3,25,3,58,BOS,MIN,BOS,Richard Fitts,690916,0.11764705882352941,0.17647058823529413,0.12
2025-08-25,776604,18,6,3,31,12,68,BOS,BAL,BOS,Richard Fitts,690916,0.3333333333333333,0.16666666666666666,0.3870967741935484
2025-03-28,778544,22,5,2,36,10,83,DET,LAD,DET,Jack Flaherty,656427,0.22727272727272727,0.09090909090909091,0.2777777777777778
2025-04-04,778458,22,7,2,43,11,95,DET,DET,CWS,Jack Flaherty,656427,0.3181818181818182,0.09090909090909091,0.2558139534883721
2025-04-09,778387,22,9,3,40,11,92,DET,DET,NYY,Jack Flaherty,656427,0.4090909090909091,0.13636363636363635,0.275
2025-04-15,778310,21,4,2,45,12,98,DET,MIL,DET,Jack Flaherty,656427,0.19047619047619047,0.09523809523809523,0.26666666666666666
2025-04-22,778221,24,9,0,44,15,96,DET,DET,SD,Jack Flaherty,656427,0.375,0.0,0.3409090909090909
2025-04-28,778142,21,4,2,45,10,89,DET,HOU,DET,Jack Flaherty,656427,0.19047619047619047,0.09523809523809523,0.2222222222222222
2025-05-03,778067,26,8,1,45,13,91,DET,LAA,DET,Jack Flaherty,656427,0.3076923076923077,0.038461538461538464,0.28888888888888886
2025-05-10,777987,15,4,2,28,9,73,DET,DET,TEX,Jack Flaherty,656427,0.26666666666666666,0.13333333333333333,0.32142857142857145
2025-05-16,777906,21,6,1,41,9,90,DET,TOR,DET,Jack Flaherty,656427,0.2857142857142857,0.047619047619047616,0.21951219512195122
2025-05-22,777821,26,8,3,45,9,108,DET,DET,CLE,Jack Flaherty,656427,0.3076923076923077,0.11538461538461539,0.2
2025-05-27,777755,21,8,1,42,12,97,DET,DET,SF,Jack Flaherty,656427,0.38095238095238093,0.047619047619047616,0.2857142857142857
2025-06-02,777674,23,4,1,50,6,99,DET,CWS,DET,Jack Flaherty,656427,0.17391304347826086,0.043478260869565216,0.12
2025-06-08,777594,22,9,3,35,10,94,DET,DET,CHC,Jack Flaherty,656427,0.4090909090909091,0.13636363636363635,0.2857142857142857
2025-06-14,777517,24,5,5,35,8,94,DET,DET,CIN,Jack Flaherty,656427,0.20833333333333334,0.20833333333333334,0.22857142857142856
2025-06-20,777431,17,3,3,36,5,74,DET,TB,DET,Jack Flaherty,656427,0.17647058823529413,0.17647058823529413,0.1388888888888889
2025-06-25,777371,26,7,4,43,18,90,DET,DET,ATH,Jack Flaherty,656427,0.2692307692307692,0.15384615384615385,0.4186046511627907
2025-07-02,777265,21,9,2,47,13,97,DET,WSH,DET,Jack Flaherty,656427,0.42857142857142855,0.09523809523809523,0.2765957446808511
2025-07-08,777195,26,8,1,49,15,93,DET,DET,TB,Jack Flaherty,656427,0.3076923076923077,0.038461538461538464,0.30612244897959184
2025-07-13,777121,20,7,2,52,13,93,DET,DET,SEA,Jack Flaherty,656427,0.35,0.1,0.25
2025-07-21,777060,18,6,3,38,10,78,DET,PIT,DET,Jack Flaherty,656427,0.3333333333333333,0.16666666666666666,0.2631578947368421
2025-07-27,776987,24,7,1,54,16,106,DET,DET,TOR,Jack Flaherty,656427,0.2916666666666667,0.041666666666666664,0.2962962962962963
2025-08-01,776913,23,7,3,44,14,95,DET,PHI,DET,Jack Flaherty,656427,0.30434782608695654,0.13043478260869565,0.3181818181818182
2025-08-06,776859,24,3,1,35,4,82,DET,DET,MIN,Jack Flaherty,656427,0.125,0.041666666666666664,0.11428571428571428
2025-08-12,776773,22,6,1,46,19,86,DET,CWS,DET,Jack Flaherty,656427,0.2727272727272727,0.045454545454545456,0.41304347826086957
2025-08-18,776692,25,9,1,36,10,90,DET,DET,HOU,Jack Flaherty,656427,0.36,0.04,0.2777777777777778
2025-08-24,776615,25,3,0,45,6,87,DET,DET,KC,Jack Flaherty,656427,0.12,0.0,0.13333333333333333
2025-08-30,776528,21,4,2,42,6,101,DET,KC,DET,Jack Flaherty,656427,0.19047619047619047,0.09523809523809523,0.14285714285714285
2025-09-05,776452,21,2,2,33,5,83,DET,DET,CWS,Jack Flaherty,656427,0.09523809523809523,0.09523809523809523,0.15151515151515152
2025-09-10,776383,17,7,1,37,7,99,DET,NYY,DET,Jack Flaherty,656427,0.4117647058823529,0.058823529411764705,0.1891891891891892
2025-09-17,776296,22,4,3,38,9,99,DET,DET,CLE,Jack Flaherty,656427,0.18181818181818182,0.13636363636363635,0.23684210526315788
2025-09-24,776204,19,6,0,39,7,83,DET,CLE,DET,Jack Flaherty,656427,0.3157894736842105,0.0,0.1794871794871795
2025-03-31,778507,23,4,3,41,7,91,TOR,TOR,WSH,Bowden Francis,670102,0.17391304347826086,0.13043478260869565,0.17073170731707318
2025-04-06,778435,23,6,2,39,9,90,TOR,NYM,TOR,Bowden Francis,670102,0.2608695652173913,0.08695652173913043,0.23076923076923078
2025-04-12,778362,23,5,2,37,8,96,TOR,BAL,TOR,Bowden Francis,670102,0.21739130434782608,0.08695652173913043,0.21621621621621623
2025-04-18,778273,22,5,1,34,5,77,TOR,TOR,SEA,Bowden Francis,670102,0.22727272727272727,0.045454545454545456,0.14705882352941177
2025-04-23,778200,22,2,1,42,6,79,TOR,HOU,TOR,Bowden Francis,670102,0.09090909090909091,0.045454545454545456,0.14285714285714285
2025-04-29,778127,17,1,0,41,10,72,TOR,TOR,BOS,Bowden Francis,670102,0.058823529411764705,0.0,0.24390243902439024
2025-05-04,778056,19,2,1,35,6,79,TOR,TOR,CLE,Bowden Francis,670102,0.10526315789473684,0.05263157894736842,0.17142857142857143
2025-05-10,777970,27,5,1,45,6,89,TOR,SEA,TOR,Bowden Francis,670102,0.18518518518518517,0.037037037037037035,0.13333333333333333
2025-05-16,777906,25,6,2,44,11,95,TOR,TOR,DET,Bowden Francis,670102,0.24,0.08,0.25
2025-05-22,777816,17,4,3,40,12,77,TOR,TOR,SD,Bowden Francis,670102,0.23529411764705882,0.17647058823529413,0.3
2025-05-27,777741,19,6,1,38,12,75,TOR,TEX,TOR,Bowden Francis,670102,0.3157894736842105,0.05263157894736842,0.3157894736842105
2025-06-03,777665,15,2,2,32,7,58,TOR,TOR,PHI,Bowden Francis,670102,0.13333333333333333,0.13333333333333333,0.21875
2025-06-08,777585,20,2,5,32,7,90,TOR,MIN,TOR,Bowden Francis,670102,0.1,0.25,0.21875
2025-06-14,777509,17,4,3,32,7,75,TOR,PHI,TOR,Bowden Francis,670102,0.23529411764705882,0.17647058823529413,0.21875
2025-03-28,778560,20,7,0,37,11,67,COL,TB,COL,Kyle Freeland,607536,0.35,0.0,0.2972972972972973
2025-04-02,778482,29,3,0,52,10,90,COL,PHI,COL,Kyle Freeland,607536,0.10344827586206896,0.0,0.19230769230769232
2025-04-08,778394,27,5,0,51,12,100,COL,COL,MIL,Kyle Freeland,607536,0.18518518518518517,0.0,0.23529411764705882
2025-04-13,778330,24,2,2,46,5,84,COL,SD,COL,Kyle Freeland,607536,0.08333333333333333,0.08333333333333333,0.10869565217391304
2025-04-20,778235,10,2,1,19,6,36,COL,COL,WSH,Kyle Freeland,607536,0.2,0.1,0.3157894736842105
2025-04-25,778181,25,4,1,49,6,89,COL,COL,CIN,Kyle Freeland,607536,0.16,0.04,0.12244897959183673
2025-05-01,778098,26,5,2,43,6,91,COL,SF,COL,Kyle Freeland,607536,0.19230769230769232,0.07692307692307693,0.13953488372093023
2025-05-08,778004,21,2,1,33,5,65,COL,COL,DET,Kyle Freeland,607536,0.09523809523809523,0.047619047619047616,0.15151515151515152
2025-05-13,777934,25,5,1,46,12,84,COL,TEX,COL,Kyle Freeland,607536,0.2,0.04,0.2608695652173913
2025-05-19,777852,24,6,2,52,15,94,COL,COL,PHI,Kyle Freeland,607536,0.25,0.08333333333333333,0.28846153846153844
2025-05-24,777782,25,3,2,43,6,89,COL,COL,NYY,Kyle Freeland,607536,0.12,0.08,0.13953488372093023
2025-05-30,777718,24,4,0,48,13,90,COL,NYM,COL,Kyle Freeland,607536,0.16666666666666666,0.0,0.2708333333333333
2025-06-04,777652,23,4,0,42,2,90,COL,MIA,COL,Kyle Freeland,607536,0.17391304347826086,0.0,0.047619047619047616
2025-06-11,777547,25,5,2,39,9,90,COL,COL,SF,Kyle Freeland,607536,0.2,0.08,0.23076923076923078
2025-06-27,777339,21,2,3,30,2,67,COL,MIL,COL,Kyle Freeland,607536,0.09523809523809523,0.14285714285714285,0.06666666666666667
2025-07-03,777264,26,2,2,48,6,92,COL,COL,HOU,Kyle Freeland,607536,0.07692307692307693,0.07692307692307693,0.125
2025-07-08,777196,23,6,2,39,8,88,COL,BOS,COL,Kyle Freeland,607536,0.2608695652173913,0.08695652173913043,0.20512820512820512
2025-07-18,777102,26,3,3,44,8,95,COL,COL,MIN,Kyle Freeland,607536,0.11538461538461539,0.11538461538461539,0.18181818181818182
2025-07-25,777020,25,4,1,57,11,93,COL,BAL,COL,Kyle Freeland,607536,0.16,0.04,0.19298245614035087
2025-07-30,776942,12,0,0,21,2,40,COL,CLE,COL,Kyle Freeland,607536,0.0,0.0,0.09523809523809523
2025-08-06,776836,25,4,2,40,10,76,COL,COL,TOR,Kyle Freeland,607536,0.16,0.08,0.25
2025-08-12,776775,27,2,2,45,8,93,COL,STL,COL,Kyle Freeland,607536,0.07407407407407407,0.07407407407407407,0.17777777777777778
2025-08-18,776693,18,5,1,32,5,72,COL,COL,LAD,Kyle Freeland,607536,0.2777777777777778,0.05555555555555555,0.15625
2025-08-23,776632,24,6,2,39,4,98,COL,PIT,COL,Kyle Freeland,607536,0.25,0.08333333333333333,0.10256410256410256
2025-08-28,776555,26,6,0,49,12,90,COL,HOU,COL,Kyle Freeland,607536,0.23076923076923078,0.0,0.24489795918367346
2025-09-02,776486,2,0,0,6,1,8,COL,COL,SF,Kyle Freeland,607536,0.0,0.0,0.16666666666666666
2025-09-05,776442,26,10,0,46,14,88,COL,COL,SD,Kyle Freeland,607536,0.38461538461538464,0.0,0.30434782608695654
2025-09-10,776380,28,5,1,43,8,86,COL,LAD,COL,Kyle Freeland,607536,0.17857142857142858,0.03571428571428571,0.18604651162790697
2025-09-16,776293,27,1,1,43,7,73,COL,COL,MIA,Kyle Freeland,607536,0.037037037037037035,0.037037037037037035,0.16279069767441862
2025-09-21,776232,23,7,1,46,7,85,COL,COL,LAA,Kyle Freeland,607536,0.30434782608695654,0.043478260869565216,0.15217391304347827
2025-09-27,776146,22,4,1,44,9,87,COL,SF,COL,Kyle Freeland,607536,0.18181818181818182,0.045454545454545456,0.20454545454545456
2025-03-29,778538,29,4,2,39,9,94,NYY,NYY,MIL,Max Fried,608331,0.13793103448275862,0.06896551724137931,0.23076923076923078
2025-04-04,778461,23,6,1,45,9,98,NYY,PIT,NYY,Max Fried,608331,0.2608695652173913,0.043478260869565216,0.2
2025-04-09,778387,26,11,0,45,12,97,NYY,DET,NYY,Max Fried,608331,0.4230769230769231,0.0,0.26666666666666666
2025-04-15,778312,27,7,2,44,9,94,NYY,NYY,KC,Max Fried,608331,0.25925925925925924,0.07407407407407407,0.20454545454545456
2025-04-20,778240,27,2,2,47,3,102,NYY,TB,NYY,Max Fried,608331,0.07407407407407407,0.07407407407407407,0.06382978723404255
2025-04-27,778156,25,3,2,47,9,101,NYY,NYY,TOR,Max Fried,608331,0.12,0.08,0.19148936170212766
2025-05-02,778088,24,6,2,43,10,92,NYY,NYY,TB,Max Fried,608331,0.25,0.08333333333333333,0.23255813953488372
2025-05-07,778019,27,8,0,49,10,100,NYY,NYY,SD,Max Fried,608331,0.2962962962962963,0.0,0.20408163265306123
2025-05-13,777926,20,5,2,44,8,91,NYY,SEA,NYY,Max Fried,608331,0.25,0.1,0.18181818181818182
2025-05-18,777878,23,8,2,51,10,102,NYY,NYY,NYM,Max Fried,608331,0.34782608695652173,0.08695652173913043,0.19607843137254902
2025-05-24,777782,26,7,1,44,12,83,NYY,COL,NYY,Max Fried,608331,0.2692307692307692,0.038461538461538464,0.2727272727272727
2025-05-30,777708,22,3,0,35,8,75,NYY,LAD,NYY,Max Fried,608331,0.13636363636363635,0.0,0.22857142857142856
2025-06-05,777644,20,7,2,44,17,103,NYY,NYY,CLE,Max Fried,608331,0.35,0.1,0.38636363636363635
2025-06-10,777572,27,4,0,52,9,91,NYY,KC,NYY,Max Fried,608331,0.14814814814814814,0.0,0.17307692307692307
2025-06-15,777500,27,9,2,56,15,106,NYY,BOS,NYY,Max Fried,608331,0.3333333333333333,0.07407407407407407,0.26785714285714285
2025-06-20,777438,27,7,0,49,10,105,NYY,NYY,BAL,Max Fried,608331,0.25925925925925924,0.0,0.20408163265306123
2025-06-25,777367,25,7,1,48,17,106,NYY,CIN,NYY,Max Fried,608331,0.28,0.04,0.3541666666666667
2025-07-01,777283,23,2,2,45,5,99,NYY,TOR,NYY,Max Fried,608331,0.08695652173913043,0.08695652173913043,0.1111111111111111
2025-07-06,777216,23,5,1,45,11,99,NYY,NYM,NYY,Max Fried,608331,0.21739130434782608,0.043478260869565216,0.24444444444444444
2025-07-12,777142,18,2,3,33,8,73,NYY,NYY,CHC,Max Fried,608331,0.1111111111111111,0.16666666666666666,0.24242424242424243
2025-07-23,777027,26,3,3,43,5,102,NYY,TOR,NYY,Max Fried,608331,0.11538461538461539,0.11538461538461539,0.11627906976744186
2025-07-29,776949,27,9,2,48,17,111,NYY,NYY,TB,Max Fried,608331,0.3333333333333333,0.07407407407407407,0.3541666666666667
2025-08-04,776871,25,7,3,46,13,105,NYY,TEX,NYY,Max Fried,608331,0.28,0.12,0.2826086956521739
2025-08-10,776797,26,3,1,51,14,94,NYY,NYY,HOU,Max Fried,608331,0.11538461538461539,0.038461538461538464,0.27450980392156865
2025-08-16,776713,24,6,1,40,8,94,NYY,STL,NYY,Max Fried,608331,0.25,0.041666666666666664,0.2
2025-08-22,776647,24,7,3,46,17,99,NYY,NYY,BOS,Max Fried,608331,0.2916666666666667,0.125,0.3695652173913043
2025-08-27,776570,26,6,2,37,7,94,NYY,NYY,WSH,Max Fried,608331,0.23076923076923078,0.07692307692307693,0.1891891891891892
2025-09-02,776489,28,5,3,48,13,101,NYY,HOU,NYY,Max Fried,608331,0.17857142857142858,0.10714285714285714,0.2708333333333333
2025-09-07,776423,28,4,1,48,9,100,NYY,NYY,TOR,Max Fried,608331,0.14285714285714285,0.03571428571428571,0.1875
2025-09-13,776344,26,6,2,52,12,105,NYY,BOS,NYY,Max Fried,608331,0.23076923076923078,0.07692307692307693,0.23076923076923078
2025-09-18,776278,25,13,1,45,26,87,NYY,BAL,NYY,Max Fried,608331,0.52,0.04,0.5777777777777777
2025-09-24,776199,27,7,2,46,10,107,NYY,NYY,CWS,Max Fried,608331,0.25925925925925924,0.07407407407407407,0.21739130434782608
2025-09-30,813074,25,6,3,46,19,102,NYY,NYY,BOS,Max Fried,608331,0.24,0.12,0.41304347826086957
2025-06-20,777439,23,3,1,43,8,87,ATL,MIA,ATL,Didier Fuentes,800311,0.13043478260869565,0.043478260869565216,0.18604651162790697
2025-06-25,777369,18,1,0,39,5,74,ATL,NYM,ATL,Didier Fuentes,800311,0.05555555555555555,0.0,0.1282051282051282
2025-07-02,777279,18,6,3,34,10,92,ATL,ATL,LAA,Didier Fuentes,800311,0.3333333333333333,0.16666666666666666,0.29411764705882354
2025-07-08,777189,11,2,2,18,7,40,ATL,ATH,ATL,Didier Fuentes,800311,0.18181818181818182,0.18181818181818182,0.3888888888888889
2025-03-27,778552,21,4,4,26,5,83,AZ,AZ,CHC,Zac Gallen,668678,0.19047619047619047,0.19047619047619047,0.19230769230769232
2025-04-02,778484,24,13,0,42,22,101,AZ,NYY,AZ,Zac Gallen,668678,0.5416666666666666,0.0,0.5238095238095238
2025-04-07,778413,24,2,4,37,10,96,AZ,AZ,BAL,Zac Gallen,668678,0.08333333333333333,0.16666666666666666,0.2702702702702703
2025-04-13,778332,26,5,3,37,8,89,AZ,AZ,MIL,Zac Gallen,668678,0.19230769230769232,0.11538461538461539,0.21621621621621623
2025-04-19,778257,27,5,2,48,7,103,AZ,CHC,AZ,Zac Gallen,668678,0.18518518518518517,0.07407407407407407,0.14583333333333334
2025-04-25,778177,21,6,2,45,5,103,AZ,AZ,ATL,Zac Gallen,668678,0.2857142857142857,0.09523809523809523,0.1111111111111111
2025-05-01,778103,23,8,3,38,9,90,AZ,NYM,AZ,Zac Gallen,668678,0.34782608695652173,0.13043478260869565,0.23684210526315788
2025-05-06,778032,25,6,3,44,7,101,AZ,AZ,NYM,Zac Gallen,668678,0.24,0.12,0.1590909090909091
2025-05-11,777954,27,5,2,45,14,97,AZ,AZ,LAD,Zac Gallen,668678,0.18518518518518517,0.07407407407407407,0.3111111111111111
2025-05-17,777887,25,5,2,43,6,90,AZ,AZ,COL,Zac Gallen,668678,0.2,0.08,0.13953488372093023
2025-05-23,777797,24,4,3,42,8,102,AZ,STL,AZ,Zac Gallen,668678,0.16666666666666666,0.125,0.19047619047619047
2025-05-28,777729,25,3,3,45,11,92,AZ,AZ,PIT,Zac Gallen,668678,0.12,0.12,0.24444444444444444
2025-06-03,777672,27,4,1,45,11,89,AZ,ATL,AZ,Zac Gallen,668678,0.14814814814814814,0.037037037037037035,0.24444444444444444
2025-06-08,777602,27,5,3,38,7,94,AZ,CIN,AZ,Zac Gallen,668678,0.18518518518518517,0.1111111111111111,0.18421052631578946
2025-06-14,777515,27,6,4,38,9,96,AZ,AZ,SD,Zac Gallen,668678,0.2222222222222222,0.14814814814814814,0.23684210526315788
2025-06-20,777430,26,5,1,43,10,91,AZ,COL,AZ,Zac Gallen,668678,0.19230769230769232,0.038461538461538464,0.23255813953488372
2025-06-25,777370,24,2,1,36,5,87,AZ,CWS,AZ,Zac Gallen,668678,0.08333333333333333,0.041666666666666664,0.1388888888888889
2025-07-01,777278,25,10,0,48,14,101,AZ,AZ,SF,Zac Gallen,668678,0.4,0.0,0.2916666666666667
2025-07-07,777203,24,9,1,42,12,103,AZ,SD,AZ,Zac Gallen,668678,0.375,0.041666666666666664,0.2857142857142857
2025-07-12,777131,25,3,2,38,7,88,AZ,LAA,AZ,Zac Gallen,668678,0.12,0.08,0.18421052631578946
2025-07-21,777055,26,6,1,48,11,87,AZ,AZ,HOU,Zac Gallen,668678,0.23076923076923078,0.038461538461538464,0.22916666666666666
2025-07-27,776984,25,5,1,49,9,85,AZ,PIT,AZ,Zac Gallen,668678,0.2,0.04,0.1836734693877551
2025-08-02,776899,27,3,0,46,9,89,AZ,ATH,AZ,Zac Gallen,668678,0.1111111111111111,0.0,0.1956521739130435
2025-08-08,776825,24,6,3,43,6,98,AZ,AZ,COL,Zac Gallen,668678,0.25,0.125,0.13953488372093023
2025-08-13,776746,23,1,2,46,5,98,AZ,TEX,AZ,Zac Gallen,668678,0.043478260869565216,0.08695652173913043,0.10869565217391304
2025-08-18,776682,23,3,0,47,6,91,AZ,AZ,CLE,Zac Gallen,668678,0.13043478260869565,0.0,0.1276595744680851
2025-08-24,776609,23,7,1,40,9,95,AZ,AZ,CIN,Zac Gallen,668678,0.30434782608695654,0.043478260869565216,0.225
2025-08-29,776534,22,8,3,40,8,96,AZ,LAD,AZ,Zac Gallen,668678,0.36363636363636365,0.13636363636363635,0.2
2025-09-03,776468,24,5,1,35,2,97,AZ,AZ,TEX,Zac Gallen,668678,0.20833333333333334,0.041666666666666664,0.05714285714285714
2025-09-09,776394,27,3,3,49,11,103,AZ,SF,AZ,Zac Gallen,668678,0.1111111111111111,0.1111111111111111,0.22448979591836735
2025-09-15,776309,21,6,1,39,12,96,AZ,AZ,SF,Zac Gallen,668678,0.2857142857142857,0.047619047619047616,0.3076923076923077
2025-09-20,776246,28,9,2,45,14,103,AZ,AZ,PHI,Zac Gallen,668678,0.32142857142857145,0.07142857142857142,0.3111111111111111
2025-09-26,776170,24,3,3,52,9,103,AZ,SD,AZ,Zac Gallen,668678,0.125,0.125,0.17307692307692307
2025-03-28,778549,22,4,1,56,10,97,TOR,TOR,BAL,Kevin Gausman,592332,0.18181818181818182,0.045454545454545456,0.17857142857142858
2025-04-04,778465,19,0,2,44,3,87,TOR,NYM,TOR,Kevin Gausman,592332,0.0,0.10526315789473684,0.06818181818181818
2025-04-09,778386,27,10,0,55,14,93,TOR,BOS,TOR,Kevin Gausman,592332,0.37037037037037035,0.0,0.2545454545454545
2025-04-15,778311,23,6,0,52,13,98,TOR,TOR,ATL,Kevin Gausman,592332,0.2608695652173913,0.0,0.25
2025-04-21,778231,25,6,2,41,14,100,TOR,HOU,TOR,Kevin Gausman,592332,0.24,0.08,0.34146341463414637
2025-04-27,778156,16,2,5,29,5,71,TOR,NYY,TOR,Kevin Gausman,592332,0.125,0.3125,0.1724137931034483
2025-05-03,778064,20,9,1,50,14,94,TOR,TOR,CLE,Kevin Gausman,592332,0.45,0.05,0.28
2025-05-09,777984,23,3,0,51,10,99,TOR,SEA,TOR,Kevin Gausman,592332,0.13043478260869565,0.0,0.19607843137254902
2025-05-15,777913,26,6,0,63,15,101,TOR,TOR,TB,Kevin Gausman,592332,0.23076923076923078,0.0,0.23809523809523808
2025-05-21,777837,24,9,0,51,19,92,TOR,TOR,SD,Kevin Gausman,592332,0.375,0.0,0.37254901960784315
2025-05-26,777759,29,6,0,54,15,96,TOR,TEX,TOR,Kevin Gausman,592332,0.20689655172413793,0.0,0.2777777777777778
2025-06-01,777685,24,7,2,47,11,96,TOR,TOR,ATH,Kevin Gausman,592332,0.2916666666666667,0.08333333333333333,0.23404255319148937
2025-06-07,777600,24,5,3,50,6,104,TOR,MIN,TOR,Kevin Gausman,592332,0.20833333333333334,0.125,0.12
2025-06-13,777531,22,7,4,42,14,95,TOR,PHI,TOR,Kevin Gausman,592332,0.3181818181818182,0.18181818181818182,0.3333333333333333
2025-06-19,777448,24,4,3,30,8,81,TOR,TOR,AZ,Kevin Gausman,592332,0.16666666666666666,0.125,0.26666666666666666
2025-06-26,777354,28,6,1,63,14,104,TOR,CLE,TOR,Kevin Gausman,592332,0.21428571428571427,0.03571428571428571,0.2222222222222222
2025-07-01,777283,25,3,4,48,12,99,TOR,TOR,NYY,Kevin Gausman,592332,0.12,0.16,0.25
2025-07-06,777214,27,9,3,56,17,107,TOR,TOR,LAA,Kevin Gausman,592332,0.3333333333333333,0.1111111111111111,0.30357142857142855
2025-07-12,777132,23,2,2,40,11,96,TOR,ATH,TOR,Kevin Gausman,592332,0.08695652173913043,0.08695652173913043,0.275
2025-07-21,777066,27,8,1,43,10,90,TOR,TOR,NYY,Kevin Gausman,592332,0.2962962962962963,0.037037037037037035,0.23255813953488372
2025-07-26,777003,21,10,1,52,19,96,TOR,DET,TOR,Kevin Gausman,592332,0.47619047619047616,0.047619047619047616,0.36538461538461536
2025-08-01,776920,24,5,0,45,9,93,TOR,TOR,KC,Kevin Gausman,592332,0.20833333333333334,0.0,0.2
2025-08-06,776836,27,8,2,60,15,102,TOR,COL,TOR,Kevin Gausman,592332,0.2962962962962963,0.07407407407407407,0.25
2025-08-13,776757,25,3,1,42,6,84,TOR,TOR,CHC,Kevin Gausman,592332,0.12,0.04,0.14285714285714285
2025-08-18,776694,21,4,2,47,9,96,TOR,PIT,TOR,Kevin Gausman,592332,0.19047619047619047,0.09523809523809523,0.19148936170212766
2025-08-24,776614,26,7,1,46,10,94,TOR,MIA,TOR,Kevin Gausman,592332,0.2692307692307692,0.038461538461538464,0.21739130434782608
2025-08-30,776527,24,8,0,53,15,96,TOR,TOR,MIL,Kevin Gausman,592332,0.3333333333333333,0.0,0.2830188679245283
2025-09-05,776457,29,5,1,54,12,105,TOR,NYY,TOR,Kevin Gausman,592332,0.1724137931034483,0.034482758620689655,0.2222222222222222
2025-09-11,776369,30,9,1,53,11,100,TOR,TOR,HOU,Kevin Gausman,592332,0.3,0.03333333333333333,0.20754716981132076
2025-09-17,776290,24,6,2,56,17,95,TOR,TB,TOR,Kevin Gausman,592332,0.25,0.08333333333333333,0.30357142857142855
2025-09-23,776217,27,7,1,46,13,92,TOR,TOR,BOS,Kevin Gausman,592332,0.25925925925925924,0.037037037037037035,0.2826086956521739
2025-09-28,776145,20,5,2,43,11,85,TOR,TOR,TB,Kevin Gausman,592332,0.25,0.1,0.2558139534883721
2025-04-29,778133,24,2,2,34,6,73,BAL,BAL,NYY,Kyle Gibson,502043,0.08333333333333333,0.08333333333333333,0.17647058823529413
2025-05-04,778062,18,3,1,37,10,81,BAL,BAL,KC,Kyle Gibson,502043,0.16666666666666666,0.05555555555555555,0.2702702702702703
2025-05-10,777973,22,4,3,33,4,79,BAL,LAA,BAL,Kyle Gibson,502043,0.18181818181818182,0.13636363636363635,0.12121212121212122
2025-05-17,777890,9,1,1,22,4,47,BAL,BAL,WSH,Kyle Gibson,502043,0.1111111111111111,0.1111111111111111,0.18181818181818182
2025-08-03,776891,19,3,4,31,5,77,NYY,MIA,NYY,Luis Gil,661563,0.15789473684210525,0.21052631578947367,0.16129032258064516
2025-08-09,776815,22,7,1,39,15,91,NYY,NYY,HOU,Luis Gil,661563,0.3181818181818182,0.045454545454545456,0.38461538461538464
2025-08-15,776731,20,4,3,33,4,83,NYY,STL,NYY,Luis Gil,661563,0.2,0.15,0.12121212121212122
2025-08-21,776654,24,3,5,33,4,93,NYY,NYY,BOS,Luis Gil,661563,0.125,0.20833333333333334,0.12121212121212122
2025-08-26,776588,23,5,4,42,12,92,NYY,NYY,WSH,Luis Gil,661563,0.21739130434782608,0.17391304347826086,0.2857142857142857
2025-08-31,776514,23,7,2,48,11,98,NYY,CWS,NYY,Luis Gil,661563,0.30434782608695654,0.08695652173913043,0.22916666666666666
2025-09-06,776436,24,1,4,42,7,90,NYY,NYY,TOR,Luis Gil,661563,0.041666666666666664,0.16666666666666666,0.16666666666666666
2025-09-12,776363,23,4,4,41,7,93,NYY,BOS,NYY,Luis Gil,661563,0.17391304347826086,0.17391304347826086,0.17073170731707318
2025-09-17,776284,24,2,2,45,7,85,NYY,MIN,NYY,Luis Gil,661563,0.08333333333333333,0.08333333333333333,0.15555555555555556
2025-09-23,776216,24,3,2,37,3,89,NYY,NYY,CWS,Luis Gil,661563,0.125,0.08333333333333333,0.08108108108108109
2025-09-28,776140,19,2,2,33,9,79,NYY,NYY,BAL,Luis Gil,661563,0.10526315789473684,0.10526315789473684,0.2727272727272727
2025-03-27,778547,23,8,0,47,16,83,SEA,SEA,ATH,Logan Gilbert,669302,0.34782608695652173,0.0,0.3404255319148936
2025-04-01,778486,21,10,1,48,20,92,SEA,SEA,DET,Logan Gilbert,669302,0.47619047619047616,0.047619047619047616,0.4166666666666667
2025-04-07,778405,21,7,2,46,17,99,SEA,SEA,HOU,Logan Gilbert,669302,0.3333333333333333,0.09523809523809523,0.3695652173913043
2025-04-13,778334,19,7,1,46,15,94,SEA,SEA,TEX,Logan Gilbert,669302,0.3684210526315789,0.05263157894736842,0.32608695652173914
2025-04-19,778258,24,9,2,52,18,102,SEA,TOR,SEA,Logan Gilbert,669302,0.375,0.08333333333333333,0.34615384615384615
2025-04-25,778175,9,3,0,17,6,29,SEA,SEA,MIA,Logan Gilbert,669302,0.3333333333333333,0.0,0.35294117647058826
2025-06-16,777486,19,10,1,48,19,84,SEA,SEA,BOS,Logan Gilbert,669302,0.5263157894736842,0.05263157894736842,0.3958333333333333
2025-06-22,777403,22,6,0,54,15,90,SEA,CHC,SEA,Logan Gilbert,669302,0.2727272727272727,0.0,0.2777777777777778
2025-06-27,777340,23,7,1,43,13,84,SEA,TEX,SEA,Logan Gilbert,669302,0.30434782608695654,0.043478260869565216,0.3023255813953488
2025-07-02,777262,20,7,3,44,13,95,SEA,SEA,KC,Logan Gilbert,669302,0.35,0.15,0.29545454545454547
2025-07-08,777187,24,5,2,43,10,88,SEA,NYY,SEA,Logan Gilbert,669302,0.20833333333333334,0.08333333333333333,0.23255813953488372
2025-07-13,777121,24,9,2,47,11,94,SEA,DET,SEA,Logan Gilbert,669302,0.375,0.08333333333333333,0.23404255319148937
2025-07-22,777035,21,10,0,40,15,86,SEA,SEA,MIL,Logan Gilbert,669302,0.47619047619047616,0.0,0.375
2025-07-27,776977,22,7,3,35,11,88,SEA,LAA,SEA,Logan Gilbert,669302,0.3181818181818182,0.13636363636363635,0.3142857142857143
2025-08-01,776908,24,7,0,48,10,88,SEA,SEA,TEX,Logan Gilbert,669302,0.2916666666666667,0.0,0.20833333333333334
2025-08-07,776830,20,6,3,52,14,94,SEA,SEA,CWS,Logan Gilbert,669302,0.3,0.15,0.2692307692307692
2025-08-13,776761,25,6,2,33,10,79,SEA,BAL,SEA,Logan Gilbert,669302,0.24,0.08,0.30303030303030304
2025-08-18,776689,15,1,0,36,4,65,SEA,PHI,SEA,Logan Gilbert,669302,0.06666666666666667,0.0,0.1111111111111111
2025-08-24,776602,22,13,1,51,22,93,SEA,SEA,ATH,Logan Gilbert,669302,0.5909090909090909,0.045454545454545456,0.43137254901960786
2025-08-30,776537,23,6,2,43,12,93,SEA,CLE,SEA,Logan Gilbert,669302,0.2608695652173913,0.08695652173913043,0.27906976744186046
2025-09-05,776460,24,7,1,44,15,86,SEA,ATL,SEA,Logan Gilbert,669302,0.2916666666666667,0.041666666666666664,0.3409090909090909
2025-09-10,776373,22,8,1,48,16,95,SEA,SEA,STL,Logan Gilbert,669302,0.36363636363636365,0.045454545454545456,0.3333333333333333
2025-09-16,776302,25,5,1,47,11,89,SEA,KC,SEA,Logan Gilbert,669302,0.2,0.04,0.23404255319148937
2025-09-21,776228,24,4,1,50,12,91,SEA,HOU,SEA,Logan Gilbert,669302,0.16666666666666666,0.041666666666666664,0.24
2025-09-27,776150,19,5,1,35,11,75,SEA,SEA,LAD,Logan Gilbert,669302,0.2631578947368421,0.05263157894736842,0.3142857142857143
2025-04-08,778402,6,3,1,16,4,28,CWS,CLE,CWS,Tyler Gilbert,656457,0.5,0.16666666666666666,0.25
2025-04-12,778349,1,0,0,1,0,2,CWS,CWS,BOS,Tyler Gilbert,656457,0.0,0.0,0.0
2025-04-13,778338,0,0,0,0,0,3,CWS,CWS,BOS,Tyler Gilbert,656457,,,
2025-04-16,778294,5,0,0,8,1,17,CWS,CWS,ATH,Tyler Gilbert,656457,0.0,0.0,0.125
2025-04-18,778275,7,2,2,13,3,29,CWS,BOS,CWS,Tyler Gilbert,656457,0.2857142857142857,0.2857142857142857,0.23076923076923078
2025-04-21,778238,5,3,0,11,2,23,CWS,BOS,CWS,Tyler Gilbert,656457,0.6,0.0,0.18181818181818182
2025-04-25,778178,4,2,0,5,2,13,CWS,ATH,CWS,Tyler Gilbert,656457,0.5,0.0,0.4
2025-04-26,778165,3,1,1,7,2,17,CWS,ATH,CWS,Tyler Gilbert,656457,0.3333333333333333,0.3333333333333333,0.2857142857142857
2025-04-29,778125,8,3,1,16,4,36,CWS,CWS,MIL,Tyler Gilbert,656457,0.375,0.125,0.25
2025-05-07,778012,4,1,0,7,3,13,CWS,KC,CWS,Tyler Gilbert,656457,0.25,0.0,0.42857142857142855
2025-05-10,777978,4,0,2,6,1,22,CWS,CWS,MIA,Tyler Gilbert,656457,0.0,0.5,0.16666666666666666
2025-05-11,777966,3,0,0,6,1,12,CWS,CWS,MIA,Tyler Gilbert,656457,0.0,0.0,0.16666666666666666
2025-05-16,777900,2,1,0,7,3,13,CWS,CHC,CWS,Tyler Gilbert,656457,0.5,0.0,0.42857142857142855
2025-06-13,777524,7,1,0,18,4,32,CWS,TEX,CWS,Tyler Gilbert,656457,0.14285714285714285,0.0,0.2222222222222222
2025-06-19,777458,5,1,0,10,3,20,CWS,CWS,STL,Tyler Gilbert,656457,0.2,0.0,0.3
2025-06-20,777435,4,1,0,6,1,13,CWS,TOR,CWS,Tyler Gilbert,656457,0.25,0.0,0.16666666666666666
2025-06-23,777393,8,1,1,15,5,24,CWS,CWS,AZ,Tyler Gilbert,656457,0.125,0.125,0.3333333333333333
2025-06-27,777338,3,1,0,6,0,13,CWS,CWS,SF,Tyler Gilbert,656457,0.3333333333333333,0.0,0.0
2025-06-29,777311,6,2,1,7,2,22,CWS,CWS,SF,Tyler Gilbert,656457,0.3333333333333333,0.16666666666666666,0.2857142857142857
2025-07-03,777253,7,2,0,13,3,23,CWS,LAD,CWS,Tyler Gilbert,656457,0.2857142857142857,0.0,0.23076923076923078
2025-07-08,777188,10,1,1,20,3,39,CWS,CWS,TOR,Tyler Gilbert,656457,0.1,0.1,0.15
2025-07-11,777146,1,0,0,5,0,8,CWS,CWS,CLE,Tyler Gilbert,656457,0.0,0.0,0.0
2025-07-12,777138,8,1,1,13,3,29,CWS,CWS,CLE,Tyler Gilbert,656457,0.125,0.125,0.23076923076923078
2025-07-19,777090,3,1,0,3,0,10,CWS,PIT,CWS,Tyler Gilbert,656457,0.3333333333333333,0.0,0.0
2025-07-21,777059,3,2,1,3,2,11,CWS,TB,CWS,Tyler Gilbert,656457,0.6666666666666666,0.3333333333333333,0.6666666666666666
2025-07-23,777030,3,0,1,3,0,10,CWS,TB,CWS,Tyler Gilbert,656457,0.0,0.3333333333333333,0.0
2025-07-25,777017,4,0,0,7,1,15,CWS,CWS,CHC,Tyler Gilbert,656457,0.0,0.0,0.14285714285714285
2025-07-26,776994,4,0,0,8,2,13,CWS,CWS,CHC,Tyler Gilbert,656457,0.0,0.0,0.25
2025-07-29,776952,5,1,1,8,3,20,CWS,CWS,PHI,Tyler Gilbert,656457,0.2,0.2,0.375
2025-08-05,776857,4,0,1,5,1,15,CWS,SEA,CWS,Tyler Gilbert,656457,0.0,0.25,0.2
2025-08-07,776830,4,1,0,8,2,17,CWS,SEA,CWS,Tyler Gilbert,656457,0.25,0.0,0.25
2025-08-09,776814,6,0,2,11,1,26,CWS,CWS,CLE,Tyler Gilbert,656457,0.0,0.3333333333333333,0.09090909090909091
2025-08-12,776773,6,1,0,15,3,29,CWS,CWS,DET,Tyler Gilbert,656457,0.16666666666666666,0.0,0.2
2025-08-19,776687,4,0,0,6,1,10,CWS,ATL,CWS,Tyler Gilbert,656457,0.0,0.0,0.16666666666666666
2025-08-22,776639,4,1,0,5,1,14,CWS,CWS,MIN,Tyler Gilbert,656457,0.25,0.0,0.2
2025-08-25,776599,7,1,0,11,0,22,CWS,CWS,KC,Tyler Gilbert,656457,0.14285714285714285,0.0,0.0
2025-08-27,776569,8,0,1,9,1,22,CWS,CWS,KC,Tyler Gilbert,656457,0.0,0.125,0.1111111111111111
2025-09-05,776452,8,3,1,16,5,42,CWS,DET,CWS,Tyler Gilbert,656457,0.375,0.125,0.3125
2025-09-10,776378,1,1,0,5,2,6,CWS,CWS,TB,Tyler Gilbert,656457,1.0,0.0,0.4
2025-09-11,776364,1,1,0,2,1,4,CWS,CWS,TB,Tyler Gilbert,656457,1.0,0.0,0.5
2025-09-13,776348,6,2,0,10,2,23,CWS,CLE,CWS,Tyler Gilbert,656457,0.3333333333333333,0.0,0.2
2025-09-15,776314,3,1,0,5,1,10,CWS,CWS,BAL,Tyler Gilbert,656457,0.3333333333333333,0.0,0.2
2025-09-17,776285,1,1,0,2,2,4,CWS,CWS,BAL,Tyler Gilbert,656457,1.0,0.0,1.0
2025-09-23,776216,3,2,0,6,3,9,CWS,NYY,CWS,Tyler Gilbert,656457,0.6666666666666666,0.0,0.5
2025-09-25,776184,10,2,2,11,4,43,CWS,NYY,CWS,Tyler Gilbert,656457,0.2,0.2,0.36363636363636365
2025-09-27,776160,6,1,0,15,4,27,CWS,WSH,CWS,Tyler Gilbert,656457,0.16666666666666666,0.0,0.26666666666666666
2025-03-28,778548,24,4,4,36,6,86,MIA,MIA,PIT,Connor Gillispie,687362,0.16666666666666666,0.16666666666666666,0.16666666666666666
2025-04-02,778481,19,6,0,34,9,73,MIA,MIA,NYM,Connor Gillispie,687362,0.3157894736842105,0.0,0.2647058823529412
2025-04-08,778407,17,2,1,32,4,74,MIA,NYM,MIA,Connor Gillispie,687362,0.11764705882352941,0.058823529411764705,0.125
2025-04-15,778318,25,6,2,45,8,95,MIA,MIA,AZ,Connor Gillispie,687362,0.24,0.08,0.17777777777777778
2025-04-20,778248,24,3,1,40,6,91,MIA,PHI,MIA,Connor Gillispie,687362,0.125,0.041666666666666664,0.15
2025-04-26,778154,15,2,3,27,8,53,MIA,SEA,MIA,Connor Gillispie,687362,0.13333333333333333,0.2,0.2962962962962963
2025-04-12,778346,23,6,2,43,11,90,ATH,ATH,NYM,J.T. Ginn,669372,0.2608695652173913,0.08695652173913043,0.2558139534883721
2025-04-18,778261,20,7,2,38,8,96,ATH,MIL,ATH,J.T. Ginn,669372,0.35,0.1,0.21052631578947367
2025-04-24,778192,20,2,2,28,4,71,ATH,ATH,TEX,J.T. Ginn,669372,0.1,0.1,0.14285714285714285
2025-05-19,777853,18,7,0,27,8,79,ATH,ATH,LAA,J.T. Ginn,669372,0.3888888888888889,0.0,0.2962962962962963
2025-06-16,777485,9,5,0,13,6,37,ATH,ATH,HOU,J.T. Ginn,669372,0.5555555555555556,0.0,0.46153846153846156
2025-06-19,777441,7,0,1,10,0,22,ATH,ATH,HOU,J.T. Ginn,669372,0.0,0.14285714285714285,0.0
2025-06-26,777351,9,2,0,17,3,42,ATH,DET,ATH,J.T. Ginn,669372,0.2222222222222222,0.0,0.17647058823529413
2025-06-30,777296,11,5,0,15,5,43,ATH,TB,ATH,J.T. Ginn,669372,0.45454545454545453,0.0,0.3333333333333333
2025-07-06,777210,13,2,1,21,6,59,ATH,ATH,SF,J.T. Ginn,669372,0.15384615384615385,0.07692307692307693,0.2857142857142857
2025-07-10,777156,6,2,0,12,2,31,ATH,ATH,ATL,J.T. Ginn,669372,0.3333333333333333,0.0,0.16666666666666666
2025-07-18,777105,5,3,0,9,4,15,ATH,CLE,ATH,J.T. Ginn,669372,0.6,0.0,0.4444444444444444
2025-07-22,777043,19,2,1,26,6,58,ATH,TEX,ATH,J.T. Ginn,669372,0.10526315789473684,0.05263157894736842,0.23076923076923078
2025-07-27,776976,21,4,0,37,10,77,ATH,HOU,ATH,J.T. Ginn,669372,0.19047619047619047,0.0,0.2702702702702703
2025-08-02,776899,22,2,5,31,10,85,ATH,ATH,AZ,J.T. Ginn,669372,0.09090909090909091,0.22727272727272727,0.3225806451612903
2025-08-08,776831,20,9,2,36,16,87,ATH,BAL,ATH,J.T. Ginn,669372,0.45,0.1,0.4444444444444444
2025-08-13,776751,14,3,1,30,6,70,ATH,ATH,TB,J.T. Ginn,669372,0.21428571428571427,0.07142857142857142,0.2
2025-08-20,776665,22,5,2,37,10,81,ATH,MIN,ATH,J.T. Ginn,669372,0.22727272727272727,0.09090909090909091,0.2702702702702703
2025-08-25,776590,23,8,1,39,12,84,ATH,ATH,DET,J.T. Ginn,669372,0.34782608695652173,0.043478260869565216,0.3076923076923077
2025-08-31,776508,25,7,2,44,13,95,ATH,ATH,TEX,J.T. Ginn,669372,0.28,0.08,0.29545454545454547
2025-09-06,776430,20,5,0,39,12,91,ATH,LAA,ATH,J.T. Ginn,669372,0.25,0.0,0.3076923076923077
2025-09-12,776358,20,6,4,30,12,88,ATH,ATH,CIN,J.T. Ginn,669372,0.3,0.2,0.4
2025-09-18,776281,24,3,1,49,13,98,ATH,BOS,ATH,J.T. Ginn,669372,0.125,0.041666666666666664,0.2653061224489796
2025-09-25,776182,21,4,3,41,10,81,ATH,ATH,HOU,J.T. Ginn,669372,0.19047619047619047,0.14285714285714285,0.24390243902439024
2025-04-30,778114,25,7,2,40,7,90,BOS,TOR,BOS,Lucas Giolito,608337,0.28,0.08,0.175
2025-05-06,778037,21,2,1,38,4,74,BOS,BOS,TEX,Lucas Giolito,608337,0.09523809523809523,0.047619047619047616,0.10526315789473684
2025-05-11,777965,23,5,1,43,9,88,BOS,KC,BOS,Lucas Giolito,608337,0.21739130434782608,0.043478260869565216,0.20930232558139536
2025-05-17,777893,22,3,2,40,6,88,BOS,BOS,ATL,Lucas Giolito,608337,0.13636363636363635,0.09090909090909091,0.15
2025-05-24,777790,26,6,2,47,8,99,BOS,BOS,BAL,Lucas Giolito,608337,0.23076923076923078,0.07692307692307693,0.1702127659574468
2025-05-30,777719,21,3,2,42,6,85,BOS,ATL,BOS,Lucas Giolito,608337,0.14285714285714285,0.09523809523809523,0.14285714285714285
2025-06-04,777649,14,1,1,17,1,43,BOS,BOS,LAA,Lucas Giolito,608337,0.07142857142857142,0.07142857142857142,0.058823529411764705
2025-06-10,777565,23,4,3,47,13,98,BOS,BOS,TB,Lucas Giolito,608337,0.17391304347826086,0.13043478260869565,0.2765957446808511
2025-06-16,777486,21,10,1,42,16,91,BOS,SEA,BOS,Lucas Giolito,608337,0.47619047619047616,0.047619047619047616,0.38095238095238093
2025-06-22,777395,23,5,2,36,7,84,BOS,SF,BOS,Lucas Giolito,608337,0.21739130434782608,0.08695652173913043,0.19444444444444445
2025-06-28,777323,29,5,1,55,8,105,BOS,BOS,TOR,Lucas Giolito,608337,0.1724137931034483,0.034482758620689655,0.14545454545454545
2025-07-04,777245,29,7,3,54,11,108,BOS,WSH,BOS,Lucas Giolito,608337,0.2413793103448276,0.10344827586206896,0.2037037037037037
2025-07-09,777179,21,6,0,48,16,92,BOS,BOS,COL,Lucas Giolito,608337,0.2857142857142857,0.0,0.3333333333333333
2025-07-18,777101,24,6,2,53,12,98,BOS,CHC,BOS,Lucas Giolito,608337,0.25,0.08333333333333333,0.22641509433962265
2025-07-23,777038,19,2,1,32,9,57,BOS,PHI,BOS,Lucas Giolito,608337,0.10526315789473684,0.05263157894736842,0.28125
2025-07-29,776954,26,5,2,49,12,101,BOS,MIN,BOS,Lucas Giolito,608337,0.19230769230769232,0.07692307692307693,0.24489795918367346
2025-08-03,776895,28,4,1,53,8,103,BOS,BOS,HOU,Lucas Giolito,608337,0.14285714285714285,0.03571428571428571,0.1509433962264151
2025-08-09,776807,25,1,6,37,6,98,BOS,SD,BOS,Lucas Giolito,608337,0.04,0.24,0.16216216216216217
2025-08-15,776741,27,5,1,48,10,92,BOS,BOS,MIA,Lucas Giolito,608337,0.18518518518518517,0.037037037037037035,0.20833333333333334
2025-08-21,776654,22,4,3,38,7,97,BOS,NYY,BOS,Lucas Giolito,608337,0.18181818181818182,0.13636363636363635,0.18421052631578946
2025-08-26,776591,29,8,1,49,11,104,BOS,BAL,BOS,Lucas Giolito,608337,0.27586206896551724,0.034482758620689655,0.22448979591836735
2025-08-31,776517,25,6,5,43,14,96,BOS,BOS,PIT,Lucas Giolito,608337,0.24,0.2,0.32558139534883723
2025-09-06,776424,24,2,3,37,5,94,BOS,AZ,BOS,Lucas Giolito,608337,0.08333333333333333,0.125,0.13513513513513514
2025-09-12,776363,23,6,1,43,13,99,BOS,BOS,NYY,Lucas Giolito,608337,0.2608695652173913,0.043478260869565216,0.3023255813953488
2025-09-17,776299,23,5,5,39,7,90,BOS,BOS,ATH,Lucas Giolito,608337,0.21739130434782608,0.21739130434782608,0.1794871794871795
2025-09-23,776217,23,3,4,44,9,98,BOS,TOR,BOS,Lucas Giolito,608337,0.13043478260869565,0.17391304347826086,0.20454545454545456
2025-03-31,778500,20,8,3,31,11,79,LAD,LAD,ATL,Tyler Glasnow,607192,0.4,0.15,0.3548387096774194
2025-04-06,778434,13,2,5,17,2,60,LAD,PHI,LAD,Tyler Glasnow,607192,0.15384615384615385,0.38461538461538464,0.11764705882352941
2025-04-13,778331,23,7,1,39,7,98,LAD,LAD,CHC,Tyler Glasnow,607192,0.30434782608695654,0.043478260869565216,0.1794871794871795
2025-04-20,778234,16,6,1,23,6,53,LAD,TEX,LAD,Tyler Glasnow,607192,0.375,0.0625,0.2608695652173913
2025-04-27,778145,5,0,1,6,2,17,LAD,LAD,PIT,Tyler Glasnow,607192,0.0,0.2,0.3333333333333333
2025-07-09,777175,20,5,3,37,9,85,LAD,MIL,LAD,Tyler Glasnow,607192,0.25,0.15,0.24324324324324326
2025-07-18,777103,23,6,1,43,10,89,LAD,LAD,MIL,Tyler Glasnow,607192,0.2608695652173913,0.043478260869565216,0.23255813953488372
2025-07-23,777022,25,12,1,50,19,106,LAD,LAD,MIN,Tyler Glasnow,607192,0.48,0.04,0.38
2025-07-29,776963,20,3,5,34,7,84,LAD,CIN,LAD,Tyler Glasnow,607192,0.15,0.25,0.20588235294117646
2025-08-04,776870,26,7,2,39,10,101,LAD,LAD,STL,Tyler Glasnow,607192,0.2692307692307692,0.07692307692307693,0.2564102564102564
2025-08-10,776788,23,8,4,34,13,86,LAD,LAD,TOR,Tyler Glasnow,607192,0.34782608695652173,0.17391304347826086,0.38235294117647056
2025-08-17,776697,21,8,1,46,14,91,LAD,LAD,SD,Tyler Glasnow,607192,0.38095238095238093,0.047619047619047616,0.30434782608695654
2025-08-23,776617,18,3,4,36,6,83,LAD,SD,LAD,Tyler Glasnow,607192,0.16666666666666666,0.2222222222222222,0.16666666666666666
2025-08-30,776523,26,6,0,43,10,100,LAD,LAD,AZ,Tyler Glasnow,607192,0.23076923076923078,0.0,0.23255813953488372
2025-09-08,776408,23,11,2,43,14,106,LAD,LAD,COL,Tyler Glasnow,607192,0.4782608695652174,0.08695652173913043,0.32558139534883723
2025-09-14,776325,27,4,4,42,7,109,LAD,SF,LAD,Tyler Glasnow,607192,0.14814814814814814,0.14814814814814814,0.16666666666666666
2025-09-20,776233,24,7,4,43,14,101,LAD,LAD,SF,Tyler Glasnow,607192,0.2916666666666667,0.16666666666666666,0.32558139534883723
2025-09-27,776150,13,3,1,17,2,36,LAD,SEA,LAD,Tyler Glasnow,607192,0.23076923076923078,0.07692307692307693,0.11764705882352941
2025-06-15,777504,18,4,1,44,10,76,COL,ATL,COL,Austin Gomber,596295,0.2222222222222222,0.05555555555555555,0.22727272727272727
2025-06-20,777430,26,0,1,46,4,81,COL,COL,AZ,Austin Gomber,596295,0.0,0.038461538461538464,0.08695652173913043
2025-06-26,777344,19,1,1,39,6,77,COL,COL,LAD,Austin Gomber,596295,0.05263157894736842,0.05263157894736842,0.15384615384615385
2025-07-02,777269,24,1,1,43,3,78,COL,COL,HOU,Austin Gomber,596295,0.041666666666666664,0.041666666666666664,0.06976744186046512
2025-07-07,777209,22,5,1,43,10,91,COL,BOS,COL,Austin Gomber,596295,0.22727272727272727,0.045454545454545456,0.23255813953488372
2025-07-13,777128,21,3,2,40,3,90,COL,CIN,COL,Austin Gomber,596295,0.14285714285714285,0.09523809523809523,0.075
2025-07-21,777053,28,6,0,44,9,87,COL,COL,STL,Austin Gomber,596295,0.21428571428571427,0.0,0.20454545454545456
2025-07-27,776986,21,2,3,33,3,78,COL,BAL,COL,Austin Gomber,596295,0.09523809523809523,0.14285714285714285,0.09090909090909091
2025-08-02,776904,22,5,1,45,13,89,COL,COL,PIT,Austin Gomber,596295,0.22727272727272727,0.045454545454545456,0.28888888888888886
2025-08-08,776825,26,3,3,40,2,92,COL,AZ,COL,Austin Gomber,596295,0.11538461538461539,0.11538461538461539,0.05
2025-08-13,776758,25,2,1,38,3,85,COL,STL,COL,Austin Gomber,596295,0.08,0.04,0.07894736842105263
2025-08-19,776671,20,2,2,35,6,75,COL,COL,LAD,Austin Gomber,596295,0.1,0.1,0.17142857142857143
2025-03-29,778538,5,1,0,6,0,16,NYY,NYY,MIL,Yoendrys G\xc3\xb3mez,672782,0.2,0.0,0.0
2025-04-02,778484,12,1,3,18,4,44,NYY,NYY,AZ,Yoendrys G\xc3\xb3mez,672782,0.08333333333333333,0.25,0.2222222222222222
2025-04-06,778428,7,1,1,15,4,28,NYY,PIT,NYY,Yoendrys G\xc3\xb3mez,672782,0.14285714285714285,0.14285714285714285,0.26666666666666666
2025-04-11,778370,6,2,4,8,2,33,NYY,NYY,SF,Yoendrys G\xc3\xb3mez,672782,0.3333333333333333,0.6666666666666666,0.25
2025-04-19,778255,1,0,0,1,0,3,NYY,TB,NYY,Yoendrys G\xc3\xb3mez,672782,0.0,0.0,0.0
2025-04-21,778227,13,0,1,19,2,48,NYY,CLE,NYY,Yoendrys G\xc3\xb3mez,672782,0.0,0.07692307692307693,0.10526315789473684
2025-04-27,778145,12,4,0,24,5,50,LAD,LAD,PIT,Yoendrys G\xc3\xb3mez,672782,0.3333333333333333,0.0,0.20833333333333334
2025-04-30,778109,8,1,2,11,3,30,LAD,LAD,MIA,Yoendrys G\xc3\xb3mez,672782,0.125,0.25,0.2727272727272727
2025-05-05,778047,5,1,0,8,3,13,LAD,MIA,LAD,Yoendrys G\xc3\xb3mez,672782,0.2,0.0,0.375
2025-05-15,777912,3,1,1,3,1,14,CWS,CIN,CWS,Yoendrys G\xc3\xb3mez,672782,0.3333333333333333,0.3333333333333333,0.3333333333333333
2025-05-16,777900,7,0,0,14,2,26,CWS,CHC,CWS,Yoendrys G\xc3\xb3mez,672782,0.0,0.0,0.14285714285714285
2025-05-19,777857,7,1,1,9,2,28,CWS,CWS,SEA,Yoendrys G\xc3\xb3mez,672782,0.14285714285714285,0.14285714285714285,0.2222222222222222
2025-08-12,776773,20,7,1,46,16,89,CWS,CWS,DET,Yoendrys G\xc3\xb3mez,672782,0.35,0.05,0.34782608695652173
2025-08-18,776696,25,3,1,46,8,90,CWS,ATL,CWS,Yoendrys G\xc3\xb3mez,672782,0.12,0.04,0.17391304347826086
2025-08-24,776607,19,6,3,43,10,91,CWS,CWS,MIN,Yoendrys G\xc3\xb3mez,672782,0.3157894736842105,0.15789473684210525,0.23255813953488372
2025-08-29,776544,20,6,6,34,9,87,CWS,CWS,NYY,Yoendrys G\xc3\xb3mez,672782,0.3,0.3,0.2647058823529412
2025-09-03,776469,22,5,1,43,13,94,CWS,MIN,CWS,Yoendrys G\xc3\xb3mez,672782,0.22727272727272727,0.045454545454545456,0.3023255813953488
2025-09-09,776388,21,5,1,44,11,90,CWS,CWS,TB,Yoendrys G\xc3\xb3mez,672782,0.23809523809523808,0.047619047619047616,0.25
2025-09-14,776331,18,4,1,42,7,77,CWS,CLE,CWS,Yoendrys G\xc3\xb3mez,672782,0.2222222222222222,0.05555555555555555,0.16666666666666666
2025-09-20,776250,21,4,0,41,3,74,CWS,CWS,SD,Yoendrys G\xc3\xb3mez,672782,0.19047619047619047,0.0,0.07317073170731707
2025-09-26,776165,25,5,0,42,9,79,CWS,WSH,CWS,Yoendrys G\xc3\xb3mez,672782,0.2,0.0,0.21428571428571427
2025-04-30,778109,24,9,0,42,17,77,LAD,LAD,MIA,Tony Gonsolin,664062,0.375,0.0,0.40476190476190477
2025-05-06,778035,20,8,2,39,15,82,LAD,MIA,LAD,Tony Gonsolin,664062,0.4,0.1,0.38461538461538464
2025-05-11,777954,20,4,2,28,7,84,LAD,AZ,LAD,Tony Gonsolin,664062,0.2,0.1,0.25
2025-05-18,777866,21,3,5,36,5,97,LAD,LAD,LAA,Tony Gonsolin,664062,0.14285714285714285,0.23809523809523808,0.1388888888888889
2025-05-24,777789,24,4,3,38,9,88,LAD,NYM,LAD,Tony Gonsolin,664062,0.16666666666666666,0.125,0.23684210526315788
2025-05-30,777708,27,4,3,38,6,91,LAD,LAD,NYY,Tony Gonsolin,664062,0.14814814814814814,0.1111111111111111,0.15789473684210525
2025-06-04,777638,22,6,3,44,15,90,LAD,LAD,NYM,Tony Gonsolin,664062,0.2727272727272727,0.13636363636363635,0.3409090909090909
2025-05-14,777920,22,3,1,41,2,87,HOU,HOU,KC,Colton Gordon,676467,0.13636363636363635,0.045454545454545456,0.04878048780487805
2025-05-19,777858,21,7,0,38,8,83,HOU,TB,HOU,Colton Gordon,676467,0.3333333333333333,0.0,0.21052631578947367
2025-05-25,777774,23,4,0,42,8,84,HOU,HOU,SEA,Colton Gordon,676467,0.17391304347826086,0.0,0.19047619047619047
2025-05-31,777693,21,6,0,43,12,80,HOU,HOU,TB,Colton Gordon,676467,0.2857142857142857,0.0,0.27906976744186046
2025-06-06,777622,19,5,0,36,7,75,HOU,CLE,HOU,Colton Gordon,676467,0.2631578947368421,0.0,0.19444444444444445
2025-06-13,777527,24,5,1,51,10,102,HOU,HOU,MIN,Colton Gordon,676467,0.20833333333333334,0.041666666666666664,0.19607843137254902
2025-06-19,777441,24,4,1,43,4,91,HOU,ATH,HOU,Colton Gordon,676467,0.16666666666666666,0.041666666666666664,0.09302325581395349
2025-06-25,777366,19,4,0,44,10,80,HOU,HOU,PHI,Colton Gordon,676467,0.21052631578947367,0.0,0.22727272727272727
2025-07-01,777285,25,3,2,45,6,87,HOU,COL,HOU,Colton Gordon,676467,0.12,0.08,0.13333333333333333
2025-07-07,777202,25,2,1,40,1,83,HOU,HOU,CLE,Colton Gordon,676467,0.08,0.04,0.025
2025-07-13,777125,5,1,1,8,2,17,HOU,HOU,TEX,Colton Gordon,676467,0.2,0.2,0.25
2025-07-21,777055,26,4,2,51,8,89,HOU,AZ,HOU,Colton Gordon,676467,0.15384615384615385,0.07692307692307693,0.1568627450980392
2025-07-27,776976,21,6,0,50,13,99,HOU,HOU,ATH,Colton Gordon,676467,0.2857142857142857,0.0,0.26
2025-08-02,776909,21,6,1,36,5,81,HOU,BOS,HOU,Colton Gordon,676467,0.2857142857142857,0.047619047619047616,0.1388888888888889
2025-08-12,776769,14,2,1,25,3,52,HOU,HOU,BOS,Colton Gordon,676467,0.14285714285714285,0.07142857142857142,0.12
2025-09-05,776449,20,2,2,36,6,71,HOU,TEX,HOU,Colton Gordon,676467,0.1,0.1,0.16666666666666666
2025-09-12,776360,16,3,1,29,2,60,HOU,ATL,HOU,Colton Gordon,676467,0.1875,0.0625,0.06896551724137931
2025-09-16,776301,12,1,2,27,3,57,HOU,HOU,TEX,Colton Gordon,676467,0.08333333333333333,0.16666666666666666,0.1111111111111111
2025-09-20,776248,5,1,0,9,3,13,HOU,HOU,SEA,Colton Gordon,676467,0.2,0.0,0.3333333333333333
2025-09-28,776135,16,3,1,37,8,68,HOU,LAA,HOU,Colton Gordon,676467,0.1875,0.0625,0.21621621621621623
2025-05-08,778029,28,4,1,57,10,89,COL,COL,DET,Tanner Gordon,685299,0.14285714285714285,0.03571428571428571,0.17543859649122806
2025-05-23,777802,24,5,2,32,4,75,COL,COL,NYY,Tanner Gordon,685299,0.20833333333333334,0.08333333333333333,0.125
2025-05-28,777731,19,1,0,48,6,79,COL,CHC,COL,Tanner Gordon,685299,0.05263157894736842,0.0,0.125
2025-07-23,777028,24,3,3,45,7,96,COL,COL,STL,Tanner Gordon,685299,0.125,0.125,0.15555555555555556
2025-07-29,776951,19,2,2,33,2,71,COL,CLE,COL,Tanner Gordon,685299,0.10526315789473684,0.10526315789473684,0.06060606060606061
2025-08-04,776872,18,1,0,37,6,67,COL,COL,TOR,Tanner Gordon,685299,0.05555555555555555,0.0,0.16216216216216217
2025-08-10,776794,27,6,0,47,10,77,COL,AZ,COL,Tanner Gordon,685299,0.2222222222222222,0.0,0.2127659574468085
2025-08-15,776730,21,2,1,41,5,78,COL,COL,AZ,Tanner Gordon,685299,0.09523809523809523,0.047619047619047616,0.12195121951219512
2025-08-20,776660,24,3,1,45,4,92,COL,COL,LAD,Tanner Gordon,685299,0.125,0.041666666666666664,0.08888888888888889
2025-08-26,776587,26,5,3,45,5,93,COL,HOU,COL,Tanner Gordon,685299,0.19230769230769232,0.11538461538461539,0.1111111111111111
2025-08-31,776511,24,9,1,46,9,81,COL,COL,CHC,Tanner Gordon,685299,0.375,0.041666666666666664,0.1956521739130435
2025-09-07,776417,18,5,1,45,8,91,COL,COL,SD,Tanner Gordon,685299,0.2777777777777778,0.05555555555555555,0.17777777777777778
2025-09-12,776357,21,9,1,44,10,89,COL,SD,COL,Tanner Gordon,685299,0.42857142857142855,0.047619047619047616,0.22727272727272727
2025-09-18,776270,25,4,1,50,12,97,COL,COL,MIA,Tanner Gordon,685299,0.16,0.04,0.24
2025-09-24,776194,19,3,0,47,11,70,COL,SEA,COL,Tanner Gordon,685299,0.15789473684210525,0.0,0.23404255319148937
2025-03-27,778555,18,13,0,50,19,93,WSH,WSH,PHI,MacKenzie Gore,669022,0.7222222222222222,0.0,0.38
2025-04-02,778478,26,5,2,47,9,95,WSH,TOR,WSH,MacKenzie Gore,669022,0.19230769230769232,0.07692307692307693,0.19148936170212766
2025-04-07,778418,23,7,1,39,12,100,WSH,WSH,LAD,MacKenzie Gore,669022,0.30434782608695654,0.043478260869565216,0.3076923076923077
2025-04-13,778337,28,7,3,49,11,105,WSH,MIA,WSH,MacKenzie Gore,669022,0.25,0.10714285714285714,0.22448979591836735
2025-04-19,778247,24,13,2,51,28,104,WSH,COL,WSH,MacKenzie Gore,669022,0.5416666666666666,0.08333333333333333,0.5490196078431373
2025-04-24,778193,23,8,1,54,10,99,WSH,WSH,BAL,MacKenzie Gore,669022,0.34782608695652173,0.043478260869565216,0.18518518518518517
2025-04-29,778131,23,6,0,50,21,96,WSH,PHI,WSH,MacKenzie Gore,669022,0.2608695652173913,0.0,0.42
2025-05-04,778058,22,9,4,48,19,100,WSH,CIN,WSH,MacKenzie Gore,669022,0.4090909090909091,0.18181818181818182,0.3958333333333333
2025-05-11,777962,27,7,3,52,12,101,WSH,WSH,STL,MacKenzie Gore,669022,0.25925925925925924,0.1111111111111111,0.23076923076923078
2025-05-16,777907,23,9,2,59,20,102,WSH,BAL,WSH,MacKenzie Gore,669022,0.391304347826087,0.08695652173913043,0.3389830508474576
2025-05-23,777801,20,8,2,43,13,91,WSH,WSH,SF,MacKenzie Gore,669022,0.4,0.1,0.3023255813953488
2025-05-29,777722,22,8,0,49,15,95,WSH,SEA,WSH,MacKenzie Gore,669022,0.36363636363636365,0.0,0.30612244897959184
2025-06-04,777650,26,7,1,53,13,94,WSH,WSH,CHC,MacKenzie Gore,669022,0.2692307692307692,0.038461538461538464,0.24528301886792453
2025-06-10,777570,23,6,0,44,8,89,WSH,NYM,WSH,MacKenzie Gore,669022,0.2608695652173913,0.0,0.18181818181818182
2025-06-15,777503,26,5,1,49,10,98,WSH,WSH,MIA,MacKenzie Gore,669022,0.19230769230769232,0.038461538461538464,0.20408163265306123
2025-06-20,777427,27,4,4,50,14,100,WSH,LAD,WSH,MacKenzie Gore,669022,0.14814814814814814,0.14814814814814814,0.28
2025-06-25,777360,25,6,3,46,16,103,WSH,SD,WSH,MacKenzie Gore,669022,0.24,0.12,0.34782608695652173
2025-07-02,777265,23,2,4,55,9,111,WSH,WSH,DET,MacKenzie Gore,669022,0.08695652173913043,0.17391304347826086,0.16363636363636364
2025-07-09,777178,24,7,1,40,8,89,WSH,STL,WSH,MacKenzie Gore,669022,0.2916666666666667,0.041666666666666664,0.2
2025-07-20,777077,18,2,3,32,7,75,WSH,WSH,SD,MacKenzie Gore,669022,0.1111111111111111,0.16666666666666666,0.21875
2025-07-25,777011,21,4,6,37,9,101,WSH,MIN,WSH,MacKenzie Gore,669022,0.19047619047619047,0.2857142857142857,0.24324324324324326
2025-07-30,776937,25,3,1,48,8,97,WSH,HOU,WSH,MacKenzie Gore,669022,0.12,0.04,0.16666666666666666
2025-08-05,776865,21,0,1,34,7,60,WSH,WSH,ATH,MacKenzie Gore,669022,0.0,0.047619047619047616,0.20588235294117646
2025-08-10,776793,22,10,1,51,18,96,WSH,SF,WSH,MacKenzie Gore,669022,0.45454545454545453,0.045454545454545456,0.35294117647058826
2025-08-15,776739,24,7,2,46,12,91,WSH,WSH,PHI,MacKenzie Gore,669022,0.2916666666666667,0.08333333333333333,0.2608695652173913
2025-08-21,776650,22,5,4,41,8,94,WSH,WSH,NYM,MacKenzie Gore,669022,0.22727272727272727,0.18181818181818182,0.1951219512195122
2025-08-26,776588,20,3,2,47,11,99,WSH,NYY,WSH,MacKenzie Gore,669022,0.15,0.1,0.23404255319148937
2025-09-11,776367,21,4,2,37,11,78,WSH,MIA,WSH,MacKenzie Gore,669022,0.19047619047619047,0.09523809523809523,0.2972972972972973
2025-09-16,776307,21,5,3,45,13,92,WSH,WSH,ATL,MacKenzie Gore,669022,0.23809523809523808,0.14285714285714285,0.28888888888888886
2025-09-22,776221,13,3,4,38,8,71,WSH,ATL,WSH,MacKenzie Gore,669022,0.23076923076923078,0.3076923076923077,0.21052631578947367
2025-03-27,778551,20,6,2,38,12,77,STL,STL,MIN,Sonny Gray,543243,0.3,0.1,0.3157894736842105
2025-04-02,778473,25,9,0,48,20,88,STL,STL,LAA,Sonny Gray,543243,0.36,0.0,0.4166666666666667
2025-04-08,778408,17,4,0,28,4,71,STL,PIT,STL,Sonny Gray,543243,0.23529411764705882,0.0,0.14285714285714285
2025-04-14,778325,24,4,1,45,5,92,STL,STL,HOU,Sonny Gray,543243,0.16666666666666666,0.041666666666666664,0.1111111111111111
2025-04-20,778244,26,6,1,47,17,102,STL,NYM,STL,Sonny Gray,543243,0.23076923076923078,0.038461538461538464,0.3617021276595745
2025-04-26,778164,27,4,3,38,5,92,STL,STL,MIL,Sonny Gray,543243,0.14814814814814814,0.1111111111111111,0.13157894736842105
2025-05-02,778084,23,6,3,45,10,96,STL,STL,NYM,Sonny Gray,543243,0.2608695652173913,0.13043478260869565,0.2222222222222222
2025-05-07,778016,25,8,1,37,6,89,STL,STL,PIT,Sonny Gray,543243,0.32,0.04,0.16216216216216217
2025-05-14,777933,20,4,1,44,10,77,STL,PHI,STL,Sonny Gray,543243,0.2,0.05,0.22727272727272727
2025-05-19,777862,21,9,1,45,12,90,STL,STL,DET,Sonny Gray,543243,0.42857142857142855,0.047619047619047616,0.26666666666666666
2025-05-25,777766,27,5,0,44,8,90,STL,STL,AZ,Sonny Gray,543243,0.18518518518518517,0.0,0.18181818181818182
2025-05-31,777697,25,10,1,50,18,91,STL,TEX,STL,Sonny Gray,543243,0.4,0.04,0.36
2025-06-06,777620,27,5,0,48,16,90,STL,STL,LAD,Sonny Gray,543243,0.18518518518518517,0.0,0.3333333333333333
2025-06-12,777532,20,4,1,35,6,77,STL,MIL,STL,Sonny Gray,543243,0.2,0.05,0.17142857142857143
2025-06-21,777415,21,5,2,30,4,79,STL,STL,CIN,Sonny Gray,543243,0.23809523809523808,0.09523809523809523,0.13333333333333333
2025-06-27,777349,28,11,0,44,16,89,STL,CLE,STL,Sonny Gray,543243,0.39285714285714285,0.0,0.36363636363636365
2025-07-02,777272,25,6,1,35,9,79,STL,PIT,STL,Sonny Gray,543243,0.24,0.04,0.2571428571428571
2025-07-08,777191,20,6,1,29,8,71,STL,STL,WSH,Sonny Gray,543243,0.3,0.05,0.27586206896551724
2025-07-13,777118,12,5,0,23,8,36,STL,STL,ATL,Sonny Gray,543243,0.4166666666666667,0.0,0.34782608695652173
2025-07-19,777081,21,5,0,33,7,66,STL,AZ,STL,Sonny Gray,543243,0.23809523809523808,0.0,0.21212121212121213
2025-07-24,777023,27,5,0,42,11,84,STL,STL,SD,Sonny Gray,543243,0.18518518518518517,0.0,0.2619047619047619
2025-07-29,776946,24,5,1,43,9,91,STL,STL,MIA,Sonny Gray,543243,0.20833333333333334,0.041666666666666664,0.20930232558139536
2025-08-04,776870,23,8,1,41,11,90,STL,LAD,STL,Sonny Gray,543243,0.34782608695652173,0.043478260869565216,0.2682926829268293
2025-08-10,776795,26,7,1,42,7,92,STL,STL,CHC,Sonny Gray,543243,0.2692307692307692,0.038461538461538464,0.16666666666666666
2025-08-16,776713,25,6,2,43,11,88,STL,STL,NYY,Sonny Gray,543243,0.24,0.08,0.2558139534883721
2025-08-21,776631,22,6,1,44,11,92,STL,TB,STL,Sonny Gray,543243,0.2727272727272727,0.045454545454545456,0.25
2025-08-27,776568,28,7,3,41,13,87,STL,STL,PIT,Sonny Gray,543243,0.25,0.10714285714285714,0.3170731707317073
2025-09-01,776497,31,5,3,41,8,82,STL,STL,ATH,Sonny Gray,543243,0.16129032258064516,0.0967741935483871,0.1951219512195122
2025-09-07,776416,22,6,4,34,14,91,STL,STL,SF,Sonny Gray,543243,0.2727272727272727,0.18181818181818182,0.4117647058823529
2025-09-13,776339,19,7,1,41,13,95,STL,MIL,STL,Sonny Gray,543243,0.3684210526315789,0.05263157894736842,0.3170731707317073
2025-09-19,776265,27,7,0,41,6,91,STL,STL,MIL,Sonny Gray,543243,0.25925925925925924,0.0,0.14634146341463414
2025-09-24,776196,28,7,2,46,16,99,STL,SF,STL,Sonny Gray,543243,0.25,0.07142857142857142,0.34782608695652173
2025-03-27,778561,19,8,1,43,14,84,CIN,CIN,SF,Hunter Greene,668881,0.42105263157894735,0.05263157894736842,0.32558139534883723
2025-04-02,778480,25,8,1,64,21,94,CIN,CIN,TEX,Hunter Greene,668881,0.32,0.04,0.328125
2025-04-07,778410,31,7,1,57,18,104,CIN,SF,CIN,Hunter Greene,668881,0.22580645161290322,0.03225806451612903,0.3157894736842105
2025-04-13,778343,24,8,1,51,13,98,CIN,CIN,PIT,Hunter Greene,668881,0.3333333333333333,0.041666666666666664,0.2549019607843137
2025-04-19,778262,19,4,2,38,9,77,CIN,BAL,CIN,Hunter Greene,668881,0.21052631578947367,0.10526315789473684,0.23684210526315788
2025-04-26,778161,25,8,0,54,18,98,CIN,COL,CIN,Hunter Greene,668881,0.32,0.0,0.3333333333333333
2025-05-02,778087,22,12,2,69,18,114,CIN,CIN,WSH,Hunter Greene,668881,0.5454545454545454,0.09090909090909091,0.2608695652173913
2025-05-07,778023,11,6,0,32,15,53,CIN,ATL,CIN,Hunter Greene,668881,0.5454545454545454,0.0,0.46875
2025-05-23,777811,17,2,2,44,5,83,CIN,CIN,CHC,Hunter Greene,668881,0.11764705882352941,0.11764705882352941,0.11363636363636363
2025-05-28,777733,21,3,1,41,6,88,CIN,KC,CIN,Hunter Greene,668881,0.14285714285714285,0.047619047619047616,0.14634146341463414
2025-06-03,777668,23,7,3,44,9,85,CIN,CIN,MIL,Hunter Greene,668881,0.30434782608695654,0.13043478260869565,0.20454545454545456
2025-08-13,776765,21,6,0,44,15,85,CIN,CIN,PHI,Hunter Greene,668881,0.2857142857142857,0.0,0.3409090909090909
2025-08-19,776668,25,12,0,59,16,98,CIN,LAA,CIN,Hunter Greene,668881,0.48,0.0,0.2711864406779661
2025-08-25,776594,22,3,2,48,16,99,CIN,LAD,CIN,Hunter Greene,668881,0.13636363636363635,0.09090909090909091,0.3333333333333333
2025-09-01,776503,24,7,1,47,14,101,CIN,CIN,TOR,Hunter Greene,668881,0.2916666666666667,0.041666666666666664,0.2978723404255319
2025-09-07,776429,24,12,2,48,21,98,CIN,CIN,NYM,Hunter Greene,668881,0.5,0.08333333333333333,0.4375
2025-09-13,776340,14,2,4,41,11,84,CIN,ATH,CIN,Hunter Greene,668881,0.14285714285714285,0.2857142857142857,0.2682926829268293
2025-09-18,776282,30,9,1,56,17,109,CIN,CIN,CHC,Hunter Greene,668881,0.3,0.03333333333333333,0.30357142857142855
2025-09-24,776202,23,7,2,50,13,96,CIN,CIN,PIT,Hunter Greene,668881,0.30434782608695654,0.08695652173913043,0.26
2025-09-30,813069,17,4,2,27,5,65,CIN,LAD,CIN,Hunter Greene,668881,0.23529411764705882,0.11764705882352941,0.18518518518518517
2025-03-31,778505,8,1,0,14,3,25,HOU,HOU,SF,Ryan Gusto,687473,0.125,0.0,0.21428571428571427
2025-04-02,778475,8,4,0,18,6,30,HOU,HOU,SF,Ryan Gusto,687473,0.5,0.0,0.3333333333333333
2025-04-05,778440,11,4,1,25,7,42,HOU,MIN,HOU,Ryan Gusto,687473,0.36363636363636365,0.09090909090909091,0.28
2025-04-08,778398,3,0,1,7,1,15,HOU,SEA,HOU,Ryan Gusto,687473,0.0,0.3333333333333333,0.14285714285714285
2025-04-12,778351,17,6,1,34,12,72,HOU,HOU,LAA,Ryan Gusto,687473,0.35294117647058826,0.058823529411764705,0.35294117647058826
2025-04-18,778269,23,2,0,40,7,68,HOU,HOU,SD,Ryan Gusto,687473,0.08695652173913043,0.0,0.175
2025-04-23,778200,21,6,1,40,11,80,HOU,HOU,TOR,Ryan Gusto,687473,0.2857142857142857,0.047619047619047616,0.275
2025-04-29,778124,20,6,2,44,9,90,HOU,HOU,DET,Ryan Gusto,687473,0.3,0.1,0.20454545454545456
2025-05-04,778055,7,0,2,8,1,27,HOU,CWS,HOU,Ryan Gusto,687473,0.0,0.2857142857142857,0.125
2025-05-12,777948,18,2,3,32,7,68,HOU,HOU,KC,Ryan Gusto,687473,0.1111111111111111,0.16666666666666666,0.21875
2025-05-17,777882,6,1,2,10,3,30,HOU,TEX,HOU,Ryan Gusto,687473,0.16666666666666666,0.3333333333333333,0.3
2025-05-23,777800,19,6,3,34,5,79,HOU,HOU,SEA,Ryan Gusto,687473,0.3157894736842105,0.15789473684210525,0.14705882352941177
2025-05-29,777725,18,4,3,34,7,84,HOU,HOU,TB,Ryan Gusto,687473,0.2222222222222222,0.16666666666666666,0.20588235294117646
2025-06-04,777648,23,3,2,37,7,83,HOU,PIT,HOU,Ryan Gusto,687473,0.13043478260869565,0.08695652173913043,0.1891891891891892
2025-06-11,777550,25,7,1,44,11,91,HOU,HOU,CWS,Ryan Gusto,687473,0.28,0.04,0.25
2025-06-16,777485,20,8,1,46,12,87,HOU,ATH,HOU,Ryan Gusto,687473,0.4,0.05,0.2608695652173913
2025-06-22,777397,24,7,0,42,9,79,HOU,LAA,HOU,Ryan Gusto,687473,0.2916666666666667,0.0,0.21428571428571427
2025-06-28,777320,19,4,0,26,3,65,HOU,HOU,CHC,Ryan Gusto,687473,0.21052631578947367,0.0,0.11538461538461539
2025-07-06,777206,22,1,1,44,11,80,HOU,LAD,HOU,Ryan Gusto,687473,0.045454545454545456,0.045454545454545456,0.25
2025-07-11,777154,19,4,2,36,6,72,HOU,HOU,TEX,Ryan Gusto,687473,0.21052631578947367,0.10526315789473684,0.16666666666666666
2025-07-19,777086,3,1,0,4,2,12,HOU,SEA,HOU,Ryan Gusto,687473,0.3333333333333333,0.0,0.5
2025-07-20,777067,4,0,0,7,0,16,HOU,SEA,HOU,Ryan Gusto,687473,0.0,0.0,0.0
2025-07-25,777007,20,5,1,43,15,81,HOU,HOU,ATH,Ryan Gusto,687473,0.25,0.05,0.3488372093023256
2025-07-30,776937,22,5,1,49,9,102,HOU,HOU,WSH,Ryan Gusto,687473,0.22727272727272727,0.045454545454545456,0.1836734693877551
2025-08-09,778431,26,8,2,54,14,98,MIA,ATL,MIA,Ryan Gusto,687473,0.3076923076923077,0.07692307692307693,0.25925925925925924
2025-08-22,776646,24,0,1,53,6,90,MIA,MIA,TOR,Ryan Gusto,687473,0.0,0.041666666666666664,0.11320754716981132
2025-08-27,776565,24,2,5,38,5,96,MIA,MIA,ATL,Ryan Gusto,687473,0.08333333333333333,0.20833333333333334,0.13157894736842105
2025-03-31,778496,9,0,1,16,2,39,SEA,SEA,DET,Emerson Hancock,676106,0.0,0.1111111111111111,0.125
2025-04-17,778285,19,4,0,36,6,73,SEA,CIN,SEA,Emerson Hancock,676106,0.21052631578947367,0.0,0.16666666666666666
2025-04-23,778207,25,7,2,42,10,92,SEA,BOS,SEA,Emerson Hancock,676106,0.28,0.08,0.23809523809523808
2025-04-30,778104,29,4,2,47,6,99,SEA,SEA,LAA,Emerson Hancock,676106,0.13793103448275862,0.06896551724137931,0.1276595744680851
2025-05-06,778024,22,2,2,36,7,71,SEA,ATH,SEA,Emerson Hancock,676106,0.09090909090909091,0.09090909090909091,0.19444444444444445
2025-05-12,777941,27,5,4,47,14,88,SEA,SEA,NYY,Emerson Hancock,676106,0.18518518518518517,0.14814814814814814,0.2978723404255319
2025-05-17,777875,21,3,1,40,8,88,SEA,SD,SEA,Emerson Hancock,676106,0.14285714285714285,0.047619047619047616,0.2
2025-05-23,777800,28,3,0,46,4,92,SEA,HOU,SEA,Emerson Hancock,676106,0.10714285714285714,0.0,0.08695652173913043
2025-05-29,777722,19,4,3,27,4,65,SEA,SEA,WSH,Emerson Hancock,676106,0.21052631578947367,0.15789473684210525,0.14814814814814814
2025-06-04,777645,20,6,2,46,7,89,SEA,SEA,BAL,Emerson Hancock,676106,0.3,0.1,0.15217391304347827
2025-06-09,777577,23,3,3,44,9,85,SEA,AZ,SEA,Emerson Hancock,676106,0.13043478260869565,0.13043478260869565,0.20454545454545456
2025-06-15,777495,22,4,1,46,9,85,SEA,SEA,CLE,Emerson Hancock,676106,0.18181818181818182,0.045454545454545456,0.1956521739130435
2025-06-21,777419,21,5,3,47,12,94,SEA,CHC,SEA,Emerson Hancock,676106,0.23809523809523808,0.14285714285714285,0.2553191489361702
2025-06-26,777356,23,2,3,35,4,84,SEA,MIN,SEA,Emerson Hancock,676106,0.08695652173913043,0.13043478260869565,0.11428571428571428
2025-07-01,777281,29,1,3,50,5,102,SEA,SEA,KC,Emerson Hancock,676106,0.034482758620689655,0.10344827586206896,0.1
2025-09-01,776504,7,2,0,10,2,16,SEA,TB,SEA,Emerson Hancock,676106,0.2857142857142857,0.0,0.2
2025-09-03,776476,9,0,1,18,1,33,SEA,TB,SEA,Emerson Hancock,676106,0.0,0.1111111111111111,0.05555555555555555
2025-09-07,776428,5,0,0,9,1,16,SEA,ATL,SEA,Emerson Hancock,676106,0.0,0.0,0.1111111111111111
2025-09-10,776373,6,0,0,12,2,18,SEA,SEA,STL,Emerson Hancock,676106,0.0,0.0,0.16666666666666666
2025-09-14,776317,6,2,0,14,4,31,SEA,SEA,LAA,Emerson Hancock,676106,0.3333333333333333,0.0,0.2857142857142857
2025-09-16,776302,3,0,0,5,0,12,SEA,KC,SEA,Emerson Hancock,676106,0.0,0.0,0.0
2025-09-25,776179,14,7,0,26,10,51,SEA,SEA,COL,Emerson Hancock,676106,0.5,0.0,0.38461538461538464
2025-05-06,778027,3,2,0,5,2,11,SF,CHC,SF,Kyle Harrison,690986,0.6666666666666666,0.0,0.4
2025-05-09,777992,9,3,2,19,6,42,SF,MIN,SF,Kyle Harrison,690986,0.3333333333333333,0.2222222222222222,0.3157894736842105
2025-05-13,777930,4,0,0,7,1,12,SF,SF,AZ,Kyle Harrison,690986,0.0,0.0,0.14285714285714285
2025-05-20,777836,5,2,0,8,4,16,SF,SF,KC,Kyle Harrison,690986,0.4,0.0,0.5
2025-05-24,777793,17,4,0,32,8,57,SF,WSH,SF,Kyle Harrison,690986,0.23529411764705882,0.0,0.25
2025-05-30,777717,18,5,3,38,13,80,SF,MIA,SF,Kyle Harrison,690986,0.2777777777777778,0.16666666666666666,0.34210526315789475
2025-06-04,777641,23,3,1,49,8,87,SF,SF,SD,Kyle Harrison,690986,0.13043478260869565,0.043478260869565216,0.16326530612244897
2025-06-10,777563,21,6,2,39,10,87,SF,COL,SF,Kyle Harrison,690986,0.2857142857142857,0.09523809523809523,0.2564102564102564
2025-09-10,776379,13,2,0,22,4,49,BOS,ATH,BOS,Kyle Harrison,690986,0.15384615384615385,0.0,0.18181818181818182
2025-09-20,776247,24,5,2,48,10,86,BOS,TB,BOS,Kyle Harrison,690986,0.20833333333333334,0.08333333333333333,0.20833333333333334
2025-09-26,776181,19,6,3,29,6,65,BOS,BOS,DET,Kyle Harrison,690986,0.3157894736842105,0.15789473684210525,0.20689655172413793
2025-03-31,778499,19,4,1,40,10,80,SD,SD,CLE,Kyle Hart,606996,0.21052631578947367,0.05263157894736842,0.25
2025-04-06,778430,8,0,4,9,0,39,SD,CHC,SD,Kyle Hart,606996,0.0,0.5,0.0
2025-04-12,778352,19,4,0,35,6,74,SD,SD,COL,Kyle Hart,606996,0.21052631578947367,0.0,0.17142857142857143
2025-04-18,778269,25,2,0,40,6,80,SD,HOU,SD,Kyle Hart,606996,0.08,0.0,0.15
2025-04-23,778209,19,6,1,32,6,70,SD,DET,SD,Kyle Hart,606996,0.3157894736842105,0.05263157894736842,0.1875
2025-05-28,777726,20,1,0,27,3,57,SD,SD,MIA,Kyle Hart,606996,0.05,0.0,0.1111111111111111
2025-07-06,777207,11,2,0,25,7,43,SD,SD,TEX,Kyle Hart,606996,0.18181818181818182,0.0,0.28
2025-07-23,777037,8,2,0,10,2,24,SD,MIA,SD,Kyle Hart,606996,0.25,0.0,0.2
2025-07-24,777023,5,0,1,8,1,18,SD,STL,SD,Kyle Hart,606996,0.0,0.2,0.125
2025-08-31,776513,7,1,1,10,1,29,SD,MIN,SD,Kyle Hart,606996,0.14285714285714285,0.14285714285714285,0.1
2025-09-01,776494,3,1,0,5,0,10,SD,SD,BAL,Kyle Hart,606996,0.3333333333333333,0.0,0.0
2025-09-03,776465,3,1,0,3,0,16,SD,SD,BAL,Kyle Hart,606996,0.3333333333333333,0.0,0.0
2025-09-10,776377,3,1,0,5,1,14,SD,SD,CIN,Kyle Hart,606996,0.3333333333333333,0.0,0.2
2025-09-13,776341,6,3,0,14,4,28,SD,SD,COL,Kyle Hart,606996,0.5,0.0,0.2857142857142857
2025-09-16,776304,6,5,0,15,3,40,SD,NYM,SD,Kyle Hart,606996,0.8333333333333334,0.0,0.2
2025-09-18,776276,5,2,1,13,5,26,SD,NYM,SD,Kyle Hart,606996,0.4,0.2,0.38461538461538464
2025-09-21,776235,4,1,2,3,2,13,SD,CWS,SD,Kyle Hart,606996,0.25,0.5,0.6666666666666666
2025-09-22,776222,2,0,0,3,1,7,SD,SD,MIL,Kyle Hart,606996,0.0,0.0,0.3333333333333333
2025-09-24,776198,3,0,0,3,0,8,SD,SD,MIL,Kyle Hart,606996,0.0,0.0,0.0
2025-09-26,776170,3,1,2,4,1,16,SD,SD,AZ,Kyle Hart,606996,0.3333333333333333,0.6666666666666666,0.25
2025-03-30,778519,20,2,1,42,5,79,PIT,MIA,PIT,Andrew Heaney,571760,0.1,0.05,0.11904761904761904
2025-04-06,778428,27,10,1,45,15,100,PIT,PIT,NYY,Andrew Heaney,571760,0.37037037037037035,0.037037037037037035,0.3333333333333333
2025-04-12,778357,23,6,2,45,6,89,PIT,CIN,PIT,Andrew Heaney,571760,0.2608695652173913,0.08695652173913043,0.13333333333333333
2025-04-17,778280,28,4,2,43,8,95,PIT,PIT,WSH,Andrew Heaney,571760,0.14285714285714285,0.07142857142857142,0.18604651162790697
2025-04-23,778202,20,9,0,52,22,96,PIT,LAA,PIT,Andrew Heaney,571760,0.45,0.0,0.4230769230769231
2025-04-29,778135,21,0,3,33,1,70,PIT,PIT,CHC,Andrew Heaney,571760,0.0,0.14285714285714285,0.030303030303030304
2025-05-04,778051,23,3,4,51,6,101,PIT,PIT,SD,Andrew Heaney,571760,0.13043478260869565,0.17391304347826086,0.11764705882352941
2025-05-10,777985,25,2,3,33,3,82,PIT,PIT,ATL,Andrew Heaney,571760,0.08,0.12,0.09090909090909091
2025-05-16,777905,22,2,3,49,11,94,PIT,PHI,PIT,Andrew Heaney,571760,0.09090909090909091,0.13636363636363635,0.22448979591836735
2025-05-21,777834,20,4,2,48,9,97,PIT,PIT,CIN,Andrew Heaney,571760,0.2,0.1,0.1875
2025-05-26,777761,25,2,3,39,7,74,PIT,AZ,PIT,Andrew Heaney,571760,0.08,0.12,0.1794871794871795
2025-06-01,777681,22,3,0,36,4,87,PIT,SD,PIT,Andrew Heaney,571760,0.13636363636363635,0.0,0.1111111111111111
2025-06-07,777607,21,5,0,38,7,73,PIT,PIT,PHI,Andrew Heaney,571760,0.23809523809523808,0.0,0.18421052631578946
2025-06-12,777541,22,7,0,43,12,76,PIT,CHC,PIT,Andrew Heaney,571760,0.3181818181818182,0.0,0.27906976744186046
2025-06-19,777451,23,2,3,32,6,85,PIT,DET,PIT,Andrew Heaney,571760,0.08695652173913043,0.13043478260869565,0.1875
2025-06-24,777374,22,3,3,30,5,85,PIT,MIL,PIT,Andrew Heaney,571760,0.13636363636363635,0.13636363636363635,0.16666666666666666
2025-06-30,777299,22,7,1,47,7,95,PIT,PIT,STL,Andrew Heaney,571760,0.3181818181818182,0.045454545454545456,0.14893617021276595
2025-07-07,777204,17,2,1,33,3,76,PIT,KC,PIT,Andrew Heaney,571760,0.11764705882352941,0.058823529411764705,0.09090909090909091
2025-07-12,777134,10,0,1,14,1,34,PIT,MIN,PIT,Andrew Heaney,571760,0.0,0.1,0.07142857142857142
2025-07-20,777074,23,1,2,35,6,82,PIT,PIT,CWS,Andrew Heaney,571760,0.043478260869565216,0.08695652173913043,0.17142857142857143
2025-07-26,777002,18,4,0,38,8,71,PIT,PIT,AZ,Andrew Heaney,571760,0.2222222222222222,0.0,0.21052631578947367
2025-08-01,776919,18,1,1,39,4,74,PIT,COL,PIT,Andrew Heaney,571760,0.05555555555555555,0.05555555555555555,0.10256410256410256
2025-08-06,776844,18,1,0,36,3,76,PIT,PIT,SF,Andrew Heaney,571760,0.05555555555555555,0.0,0.08333333333333333
2025-08-11,776786,25,3,2,35,3,90,PIT,MIL,PIT,Andrew Heaney,571760,0.12,0.08,0.08571428571428572
2025-08-17,776704,4,0,1,9,3,20,PIT,CHC,PIT,Andrew Heaney,571760,0.0,0.25,0.3333333333333333
2025-08-25,776589,7,1,0,16,3,31,PIT,STL,PIT,Andrew Heaney,571760,0.14285714285714285,0.0,0.1875
2025-09-27,776150,11,2,1,23,6,53,LAD,SEA,LAD,Andrew Heaney,571760,0.18181818181818182,0.09090909090909091,0.2608695652173913
2025-04-20,778239,21,9,1,42,10,83,MIL,MIL,ATH,Logan Henderson,701656,0.42857142857142855,0.047619047619047616,0.23809523809523808
2025-05-14,777925,19,7,1,40,7,72,MIL,CLE,MIL,Logan Henderson,701656,0.3684210526315789,0.05263157894736842,0.175
2025-05-20,777844,19,7,2,57,17,90,MIL,MIL,BAL,Logan Henderson,701656,0.3684210526315789,0.10526315789473684,0.2982456140350877
2025-05-25,777776,22,6,2,44,9,89,MIL,PIT,MIL,Logan Henderson,701656,0.2727272727272727,0.09090909090909091,0.20454545454545456
2025-08-03,776894,18,4,2,41,7,76,MIL,WSH,MIL,Logan Henderson,701656,0.2222222222222222,0.1111111111111111,0.17073170731707318
2025-04-01,778495,24,4,0,49,10,97,LAA,STL,LAA,Kyle Hendricks,543294,0.16666666666666666,0.0,0.20408163265306123
2025-04-08,778417,17,3,2,39,8,83,LAA,TB,LAA,Kyle Hendricks,543294,0.17647058823529413,0.11764705882352941,0.20512820512820512
2025-04-13,778329,18,1,3,31,2,79,LAA,HOU,LAA,Kyle Hendricks,543294,0.05555555555555555,0.16666666666666666,0.06451612903225806
2025-04-19,778243,20,1,2,30,3,64,LAA,LAA,SF,Kyle Hendricks,543294,0.05,0.1,0.1
2025-04-25,778186,19,3,5,31,4,90,LAA,MIN,LAA,Kyle Hendricks,543294,0.15789473684210525,0.2631578947368421,0.12903225806451613
2025-05-03,778067,26,3,0,51,10,102,LAA,LAA,DET,Kyle Hendricks,543294,0.11538461538461539,0.0,0.19607843137254902
2025-05-09,777986,24,5,3,44,5,99,LAA,LAA,BAL,Kyle Hendricks,543294,0.20833333333333334,0.125,0.11363636363636363
2025-05-14,777914,24,4,1,33,3,85,LAA,SD,LAA,Kyle Hendricks,543294,0.16666666666666666,0.041666666666666664,0.09090909090909091
2025-05-20,777843,26,3,0,43,4,90,LAA,ATH,LAA,Kyle Hendricks,543294,0.11538461538461539,0.0,0.09302325581395349
2025-05-25,777767,25,5,0,45,11,87,LAA,LAA,MIA,Kyle Hendricks,543294,0.2,0.0,0.24444444444444444
2025-05-31,777703,28,6,0,41,7,91,LAA,CLE,LAA,Kyle Hendricks,543294,0.21428571428571427,0.0,0.17073170731707318
2025-06-06,777614,27,2,1,42,3,89,LAA,LAA,SEA,Kyle Hendricks,543294,0.07407407407407407,0.037037037037037035,0.07142857142857142
2025-06-11,777542,25,3,1,50,10,88,LAA,LAA,ATH,Kyle Hendricks,543294,0.12,0.04,0.2
2025-06-17,777476,23,9,1,51,13,98,LAA,NYY,LAA,Kyle Hendricks,543294,0.391304347826087,0.043478260869565216,0.2549019607843137
2025-06-22,777397,25,2,1,34,3,69,LAA,LAA,HOU,Kyle Hendricks,543294,0.08,0.04,0.08823529411764706
2025-06-28,777315,20,5,0,34,4,74,LAA,LAA,WSH,Kyle Hendricks,543294,0.25,0.0,0.11764705882352941
2025-07-04,777242,20,2,0,47,5,82,LAA,TOR,LAA,Kyle Hendricks,543294,0.1,0.0,0.10638297872340426
2025-07-09,777171,19,3,1,39,9,78,LAA,LAA,TEX,Kyle Hendricks,543294,0.15789473684210525,0.05263157894736842,0.23076923076923078
2025-07-22,777054,19,2,1,35,7,67,LAA,NYM,LAA,Kyle Hendricks,543294,0.10526315789473684,0.05263157894736842,0.2
2025-07-27,776977,21,3,1,38,4,71,LAA,LAA,SEA,Kyle Hendricks,543294,0.14285714285714285,0.047619047619047616,0.10526315789473684
2025-08-02,776898,19,2,2,34,6,73,LAA,LAA,CWS,Kyle Hendricks,543294,0.10526315789473684,0.10526315789473684,0.17647058823529413
2025-08-08,776832,20,6,0,35,9,63,LAA,DET,LAA,Kyle Hendricks,543294,0.3,0.0,0.2571428571428571
2025-08-13,776752,19,4,3,31,6,86,LAA,LAA,LAD,Kyle Hendricks,543294,0.21052631578947367,0.15789473684210525,0.1935483870967742
2025-08-19,776668,26,3,3,46,8,93,LAA,LAA,CIN,Kyle Hendricks,543294,0.11538461538461539,0.11538461538461539,0.17391304347826086
2025-08-24,776605,21,2,3,35,6,76,LAA,LAA,CHC,Kyle Hendricks,543294,0.09523809523809523,0.14285714285714285,0.17142857142857143
2025-08-30,776531,25,2,0,44,5,83,LAA,HOU,LAA,Kyle Hendricks,543294,0.08,0.0,0.11363636363636363
2025-09-04,776463,22,0,3,34,4,84,LAA,KC,LAA,Kyle Hendricks,543294,0.0,0.13636363636363635,0.11764705882352941
2025-09-09,776390,25,6,1,43,12,80,LAA,LAA,MIN,Kyle Hendricks,543294,0.24,0.04,0.27906976744186046
2025-09-14,776317,22,6,2,31,3,69,LAA,SEA,LAA,Kyle Hendricks,543294,0.2727272727272727,0.09090909090909091,0.0967741935483871
2025-09-20,776241,24,5,0,38,7,85,LAA,COL,LAA,Kyle Hendricks,543294,0.20833333333333334,0.0,0.18421052631578946
2025-09-26,776169,22,8,0,54,16,108,LAA,LAA,HOU,Kyle Hendricks,543294,0.36363636363636365,0.0,0.2962962962962963
2025-03-31,778505,21,6,2,32,6,72,SF,HOU,SF,Jordan Hicks,663855,0.2857142857142857,0.09523809523809523,0.1875
2025-04-06,778427,25,5,1,37,8,90,SF,SF,SEA,Jordan Hicks,663855,0.2,0.04,0.21621621621621623
2025-04-12,778355,23,3,3,36,7,94,SF,NYY,SF,Jordan Hicks,663855,0.13043478260869565,0.13043478260869565,0.19444444444444445
2025-04-17,778279,29,5,4,45,12,106,SF,PHI,SF,Jordan Hicks,663855,0.1724137931034483,0.13793103448275862,0.26666666666666666
2025-04-22,778210,26,5,3,41,6,104,SF,SF,MIL,Jordan Hicks,663855,0.19230769230769232,0.11538461538461539,0.14634146341463414
2025-04-27,778151,20,3,0,46,8,84,SF,SF,TEX,Jordan Hicks,663855,0.15,0.0,0.17391304347826086
2025-05-03,778069,21,7,2,37,11,88,SF,SF,COL,Jordan Hicks,663855,0.3333333333333333,0.09523809523809523,0.2972972972972973
2025-05-09,777992,24,6,0,40,11,79,SF,MIN,SF,Jordan Hicks,663855,0.25,0.0,0.275
2025-05-14,777916,13,1,1,27,7,51,SF,SF,AZ,Jordan Hicks,663855,0.07692307692307693,0.07692307692307693,0.25925925925925924
2025-05-19,777855,5,0,1,5,0,16,SF,SF,KC,Jordan Hicks,663855,0.0,0.2,0.0
2025-05-21,777819,3,0,0,4,1,7,SF,SF,KC,Jordan Hicks,663855,0.0,0.0,0.25
2025-05-26,777770,3,1,0,7,1,15,SF,DET,SF,Jordan Hicks,663855,0.3333333333333333,0.0,0.14285714285714285
2025-06-01,777689,4,1,3,4,2,20,SF,MIA,SF,Jordan Hicks,663855,0.25,0.75,0.5
2025-06-30,777300,3,1,0,3,0,10,BOS,BOS,CIN,Jordan Hicks,663855,0.3333333333333333,0.0,0.0
2025-07-02,777277,7,0,1,10,2,19,BOS,BOS,CIN,Jordan Hicks,663855,0.0,0.14285714285714285,0.2
2025-07-06,777213,5,1,1,10,3,23,BOS,WSH,BOS,Jordan Hicks,663855,0.2,0.2,0.3
2025-07-11,777155,3,1,0,5,1,11,BOS,BOS,TB,Jordan Hicks,663855,0.3333333333333333,0.0,0.2
2025-07-20,777075,3,1,0,7,4,14,BOS,CHC,BOS,Jordan Hicks,663855,0.3333333333333333,0.0,0.5714285714285714
2025-07-21,777063,3,0,1,1,0,13,BOS,PHI,BOS,Jordan Hicks,663855,0.0,0.3333333333333333,0.0
2025-07-23,777038,3,0,0,6,0,13,BOS,PHI,BOS,Jordan Hicks,663855,0.0,0.0,0.0
2025-07-27,776983,5,1,1,10,2,25,BOS,BOS,LAD,Jordan Hicks,663855,0.2,0.2,0.2
2025-07-28,776961,5,0,0,11,0,23,BOS,MIN,BOS,Jordan Hicks,663855,0.0,0.0,0.0
2025-08-02,776909,6,2,1,10,1,23,BOS,BOS,HOU,Jordan Hicks,663855,0.3333333333333333,0.16666666666666666,0.1
2025-08-05,776864,4,0,0,8,1,17,BOS,BOS,KC,Jordan Hicks,663855,0.0,0.0,0.125
2025-08-06,776856,6,1,0,8,1,21,BOS,BOS,KC,Jordan Hicks,663855,0.16666666666666666,0.0,0.125
2025-08-09,776807,7,2,1,14,6,31,BOS,SD,BOS,Jordan Hicks,663855,0.2857142857142857,0.14285714285714285,0.42857142857142855
2025-08-11,776782,5,1,1,10,4,20,BOS,HOU,BOS,Jordan Hicks,663855,0.2,0.2,0.4
2025-08-18,776695,6,2,0,13,1,27,BOS,BOS,BAL,Jordan Hicks,663855,0.3333333333333333,0.0,0.07692307692307693
2025-08-19,776684,4,1,1,5,1,18,BOS,BOS,BAL,Jordan Hicks,663855,0.25,0.25,0.2
2025-08-23,776627,4,0,1,4,0,12,BOS,NYY,BOS,Jordan Hicks,663855,0.0,0.25,0.0
2025-08-28,776564,4,0,1,5,0,15,BOS,BAL,BOS,Jordan Hicks,663855,0.0,0.25,0.0
2025-08-29,776549,4,0,0,5,0,11,BOS,BOS,PIT,Jordan Hicks,663855,0.0,0.0,0.0
2025-08-30,776539,5,0,1,6,0,15,BOS,BOS,PIT,Jordan Hicks,663855,0.0,0.2,0.0
2025-09-03,776474,5,1,0,9,2,16,BOS,BOS,CLE,Jordan Hicks,663855,0.2,0.0,0.2222222222222222
2025-05-02,778091,22,7,0,36,11,81,ATH,MIA,ATH,Gunnar Hoglund,680684,0.3181818181818182,0.0,0.3055555555555556
2025-05-07,778010,22,3,1,44,11,99,ATH,ATH,SEA,Gunnar Hoglund,680684,0.13636363636363635,0.045454545454545456,0.25
2025-05-14,777917,25,5,3,43,11,93,ATH,LAD,ATH,Gunnar Hoglund,680684,0.2,0.12,0.2558139534883721
2025-05-20,777843,22,5,2,33,8,90,ATH,ATH,LAA,Gunnar Hoglund,680684,0.22727272727272727,0.09090909090909091,0.24242424242424243
2025-05-25,777765,21,2,3,44,4,92,ATH,ATH,PHI,Gunnar Hoglund,680684,0.09523809523809523,0.14285714285714285,0.09090909090909091
2025-05-31,777701,27,1,2,49,6,93,ATH,TOR,ATH,Gunnar Hoglund,680684,0.037037037037037035,0.07407407407407407,0.12244897959183673
2025-03-27,778559,23,4,4,37,6,89,NYM,HOU,NYM,Clay Holmes,605280,0.17391304347826086,0.17391304347826086,0.16216216216216217
2025-04-02,778481,23,6,2,40,6,85,NYM,MIA,NYM,Clay Holmes,605280,0.2608695652173913,0.08695652173913043,0.15
2025-04-08,778407,23,9,3,36,13,87,NYM,NYM,MIA,Clay Holmes,605280,0.391304347826087,0.13043478260869565,0.3611111111111111
2025-04-14,778324,20,8,2,42,11,90,NYM,MIN,NYM,Clay Holmes,605280,0.4,0.1,0.2619047619047619
2025-04-20,778244,24,6,2,40,9,91,NYM,NYM,STL,Clay Holmes,605280,0.25,0.08333333333333333,0.225
2025-04-26,778173,18,2,0,29,5,70,NYM,WSH,NYM,Clay Holmes,605280,0.1111111111111111,0.0,0.1724137931034483
2025-05-02,778084,25,3,0,42,4,92,NYM,STL,NYM,Clay Holmes,605280,0.12,0.0,0.09523809523809523
2025-05-09,778001,23,5,3,37,8,93,NYM,NYM,CHC,Clay Holmes,605280,0.21739130434782608,0.13043478260869565,0.21621621621621623
2025-05-14,777919,25,4,1,44,8,90,NYM,NYM,PIT,Clay Holmes,605280,0.16,0.04,0.18181818181818182
2025-05-20,777851,25,5,3,38,10,90,NYM,BOS,NYM,Clay Holmes,605280,0.2,0.12,0.2631578947368421
2025-05-26,777758,24,3,3,44,7,102,NYM,NYM,CWS,Clay Holmes,605280,0.125,0.125,0.1590909090909091
2025-06-01,777686,24,3,0,42,10,85,NYM,NYM,COL,Clay Holmes,605280,0.125,0.0,0.23809523809523808
2025-06-07,777604,27,6,0,52,16,95,NYM,COL,NYM,Clay Holmes,605280,0.2222222222222222,0.0,0.3076923076923077
2025-06-13,777528,19,3,2,37,8,79,NYM,NYM,TB,Clay Holmes,605280,0.15789473684210525,0.10526315789473684,0.21621621621621623
2025-06-19,777455,24,5,6,39,5,104,NYM,ATL,NYM,Clay Holmes,605280,0.20833333333333334,0.25,0.1282051282051282
2025-06-25,777369,22,2,4,45,7,97,NYM,NYM,ATL,Clay Holmes,605280,0.09090909090909091,0.18181818181818182,0.15555555555555556
2025-07-02,777289,22,1,4,35,6,91,NYM,NYM,MIL,Clay Holmes,605280,0.045454545454545456,0.18181818181818182,0.17142857142857143
2025-07-08,777198,23,4,1,40,9,87,NYM,BAL,NYM,Clay Holmes,605280,0.17391304347826086,0.043478260869565216,0.225
2025-07-13,777124,19,2,1,36,6,81,NYM,KC,NYM,Clay Holmes,605280,0.10526315789473684,0.05263157894736842,0.16666666666666666
2025-07-19,777092,24,3,2,43,12,92,NYM,NYM,CIN,Clay Holmes,605280,0.125,0.08333333333333333,0.27906976744186046
2025-07-25,777004,21,2,1,46,5,104,NYM,SF,NYM,Clay Holmes,605280,0.09523809523809523,0.047619047619047616,0.10869565217391304
2025-07-30,776931,24,3,2,36,7,79,NYM,SD,NYM,Clay Holmes,605280,0.125,0.08333333333333333,0.19444444444444445
2025-08-05,776863,19,6,1,29,8,75,NYM,NYM,CLE,Clay Holmes,605280,0.3157894736842105,0.05263157894736842,0.27586206896551724
2025-08-12,776772,20,4,5,33,7,85,NYM,NYM,ATL,Clay Holmes,605280,0.2,0.25,0.21212121212121213
2025-08-17,776707,21,4,1,46,8,88,NYM,NYM,SEA,Clay Holmes,605280,0.19047619047619047,0.047619047619047616,0.17391304347826086
2025-08-23,776626,24,4,2,42,8,94,NYM,ATL,NYM,Clay Holmes,605280,0.16666666666666666,0.08333333333333333,0.19047619047619047
2025-08-28,776558,24,2,1,35,3,88,NYM,NYM,MIA,Clay Holmes,605280,0.08333333333333333,0.041666666666666664,0.08571428571428572
2025-09-03,776478,21,6,3,34,10,85,NYM,DET,NYM,Clay Holmes,605280,0.2857142857142857,0.14285714285714285,0.29411764705882354
2025-09-10,776384,23,5,3,39,8,76,NYM,PHI,NYM,Clay Holmes,605280,0.21739130434782608,0.13043478260869565,0.20512820512820512
2025-09-16,776304,15,2,1,21,4,53,NYM,NYM,SD,Clay Holmes,605280,0.13333333333333333,0.06666666666666667,0.19047619047619047
2025-09-21,776237,15,3,0,33,12,57,NYM,NYM,WSH,Clay Holmes,605280,0.2,0.0,0.36363636363636365
2025-09-24,776205,4,0,0,10,1,14,NYM,CHC,NYM,Clay Holmes,605280,0.0,0.0,0.1
2025-09-27,776161,22,2,3,31,7,78,NYM,MIA,NYM,Clay Holmes,605280,0.09090909090909091,0.13636363636363635,0.22580645161290322
2025-03-27,778545,3,2,0,5,4,9,ATL,SD,ATL,Grant Holmes,656550,0.6666666666666666,0.0,0.8
2025-03-31,778500,19,3,4,43,7,89,ATL,LAD,ATL,Grant Holmes,656550,0.15789473684210525,0.21052631578947367,0.16279069767441862
2025-04-09,778393,19,6,4,49,11,104,ATL,ATL,PHI,Grant Holmes,656550,0.3157894736842105,0.21052631578947367,0.22448979591836735
2025-04-14,778322,26,4,2,47,7,94,ATL,TOR,ATL,Grant Holmes,656550,0.15384615384615385,0.07692307692307693,0.14893617021276595
2025-04-20,778249,26,7,4,41,10,105,ATL,ATL,MIN,Grant Holmes,656550,0.2692307692307692,0.15384615384615385,0.24390243902439024
2025-04-26,778162,24,4,3,40,7,93,ATL,AZ,ATL,Grant Holmes,656550,0.16666666666666666,0.125,0.175
2025-05-02,778092,23,9,2,49,15,94,ATL,ATL,LAD,Grant Holmes,656550,0.391304347826087,0.08695652173913043,0.30612244897959184
2025-05-07,778023,23,5,1,43,12,89,ATL,ATL,CIN,Grant Holmes,656550,0.21739130434782608,0.043478260869565216,0.27906976744186046
2025-05-12,777959,23,4,1,43,10,79,ATL,ATL,WSH,Grant Holmes,656550,0.17391304347826086,0.043478260869565216,0.23255813953488372
2025-05-17,777893,26,5,4,39,11,99,ATL,BOS,ATL,Grant Holmes,656550,0.19230769230769232,0.15384615384615385,0.28205128205128205
2025-05-24,777803,29,6,1,48,11,94,ATL,ATL,SD,Grant Holmes,656550,0.20689655172413793,0.034482758620689655,0.22916666666666666
2025-05-30,777719,24,9,1,51,11,97,ATL,ATL,BOS,Grant Holmes,656550,0.375,0.041666666666666664,0.21568627450980393
2025-06-05,777640,15,4,2,28,7,64,ATL,ATL,AZ,Grant Holmes,656550,0.26666666666666666,0.13333333333333333,0.25
2025-06-10,777568,23,9,3,42,17,100,ATL,MIL,ATL,Grant Holmes,656550,0.391304347826087,0.13043478260869565,0.40476190476190477
2025-06-15,777504,24,15,2,52,24,93,ATL,ATL,COL,Grant Holmes,656550,0.625,0.08333333333333333,0.46153846153846156
2025-06-21,777424,25,5,5,43,11,96,ATL,MIA,ATL,Grant Holmes,656550,0.2,0.2,0.2558139534883721
2025-06-26,777352,24,6,3,46,16,98,ATL,NYM,ATL,Grant Holmes,656550,0.25,0.125,0.34782608695652173
2025-07-01,777298,25,10,3,54,24,106,ATL,ATL,LAA,Grant Holmes,656550,0.4,0.12,0.4444444444444444
2025-07-06,777222,23,4,3,49,14,96,ATL,ATL,BAL,Grant Holmes,656550,0.17391304347826086,0.13043478260869565,0.2857142857142857
2025-07-11,777147,20,1,2,42,8,86,ATL,STL,ATL,Grant Holmes,656550,0.05,0.1,0.19047619047619047
2025-07-20,777083,28,2,2,52,11,100,ATL,ATL,NYY,Grant Holmes,656550,0.07142857142857142,0.07142857142857142,0.21153846153846154
2025-07-26,776993,21,2,1,41,7,85,ATL,TEX,ATL,Grant Holmes,656550,0.09523809523809523,0.047619047619047616,0.17073170731707318
2025-03-28,778544,4,1,0,11,3,16,DET,LAD,DET,Tyler Holton,663947,0.25,0.0,0.2727272727272727
2025-03-31,778496,5,1,2,8,2,25,DET,SEA,DET,Tyler Holton,663947,0.2,0.4,0.25
2025-04-04,778458,4,2,0,5,1,16,DET,DET,CWS,Tyler Holton,663947,0.5,0.0,0.2
2025-04-07,778424,3,0,0,7,1,13,DET,DET,NYY,Tyler Holton,663947,0.0,0.0,0.14285714285714285
2025-04-09,778387,8,2,0,17,1,31,DET,DET,NYY,Tyler Holton,663947,0.25,0.0,0.058823529411764705
2025-04-12,778348,4,1,0,9,2,18,DET,MIN,DET,Tyler Holton,663947,0.25,0.0,0.2222222222222222
2025-04-15,778310,4,1,0,6,1,20,DET,MIL,DET,Tyler Holton,663947,0.25,0.0,0.16666666666666666
2025-04-17,778286,5,1,1,6,2,15,DET,DET,KC,Tyler Holton,663947,0.2,0.2,0.3333333333333333
2025-04-18,778277,1,0,0,2,1,3,DET,DET,KC,Tyler Holton,663947,0.0,0.0,0.5
2025-04-20,778246,6,3,0,14,4,28,DET,DET,KC,Tyler Holton,663947,0.5,0.0,0.2857142857142857
2025-04-26,778168,7,2,1,10,3,29,DET,DET,BAL,Tyler Holton,663947,0.2857142857142857,0.14285714285714285,0.3
2025-04-28,778142,4,0,0,7,1,9,DET,HOU,DET,Tyler Holton,663947,0.0,0.0,0.14285714285714285
2025-04-30,778110,9,1,1,14,3,35,DET,HOU,DET,Tyler Holton,663947,0.1111111111111111,0.1111111111111111,0.21428571428571427
2025-05-02,778085,3,1,0,5,1,13,DET,LAA,DET,Tyler Holton,663947,0.3333333333333333,0.0,0.2
2025-05-10,777987,5,1,0,9,1,20,DET,DET,TEX,Tyler Holton,663947,0.2,0.0,0.1111111111111111
2025-05-13,777940,6,2,0,9,3,22,DET,DET,BOS,Tyler Holton,663947,0.3333333333333333,0.0,0.3333333333333333
2025-05-14,777927,3,0,1,10,1,16,DET,DET,BOS,Tyler Holton,663947,0.0,0.3333333333333333,0.1
2025-05-17,777886,3,0,1,5,0,11,DET,TOR,DET,Tyler Holton,663947,0.0,0.3333333333333333,0.0
2025-05-20,777840,4,0,0,5,0,9,DET,STL,DET,Tyler Holton,663947,0.0,0.0,0.0
2025-05-21,777827,3,1,0,4,2,11,DET,STL,DET,Tyler Holton,663947,0.3333333333333333,0.0,0.5
2025-05-23,777807,6,2,0,11,4,19,DET,DET,CLE,Tyler Holton,663947,0.3333333333333333,0.0,0.36363636363636365
2025-05-26,777770,3,0,0,4,1,6,DET,DET,SF,Tyler Holton,663947,0.0,0.0,0.25
2025-05-28,777738,4,1,1,5,1,20,DET,DET,SF,Tyler Holton,663947,0.25,0.25,0.2
2025-06-01,777677,4,1,0,9,3,16,DET,KC,DET,Tyler Holton,663947,0.25,0.0,0.3333333333333333
2025-06-03,777661,6,0,0,10,1,17,DET,CWS,DET,Tyler Holton,663947,0.0,0.0,0.1
2025-06-04,777639,5,1,0,8,2,18,DET,CWS,DET,Tyler Holton,663947,0.2,0.0,0.25
2025-06-07,777609,5,2,0,11,4,21,DET,DET,CHC,Tyler Holton,663947,0.4,0.0,0.36363636363636365
2025-06-11,777562,6,1,0,6,1,15,DET,BAL,DET,Tyler Holton,663947,0.16666666666666666,0.0,0.16666666666666666
2025-06-13,777538,4,0,0,8,0,14,DET,DET,CIN,Tyler Holton,663947,0.0,0.0,0.0
2025-06-15,777505,3,1,0,6,2,11,DET,DET,CIN,Tyler Holton,663947,0.3333333333333333,0.0,0.3333333333333333
2025-06-19,777464,7,1,0,9,0,20,DET,DET,PIT,Tyler Holton,663947,0.14285714285714285,0.0,0.0
2025-06-22,777409,3,0,0,8,2,12,DET,TB,DET,Tyler Holton,663947,0.0,0.0,0.25
2025-06-24,777386,3,0,0,4,0,7,DET,DET,ATH,Tyler Holton,663947,0.0,0.0,0.0
2025-06-26,777351,4,0,0,5,0,7,DET,DET,ATH,Tyler Holton,663947,0.0,0.0,0.0
2025-07-02,777284,7,3,0,10,4,28,DET,WSH,DET,Tyler Holton,663947,0.42857142857142855,0.0,0.4
2025-07-04,777249,9,4,0,15,1,42,DET,CLE,DET,Tyler Holton,663947,0.4444444444444444,0.0,0.06666666666666667
2025-07-07,777211,3,0,0,4,0,7,DET,DET,TB,Tyler Holton,663947,0.0,0.0,0.0
2025-07-08,777195,3,0,0,4,0,13,DET,DET,TB,Tyler Holton,663947,0.0,0.0,0.0
2025-07-11,777161,5,1,0,9,4,17,DET,DET,SEA,Tyler Holton,663947,0.2,0.0,0.4444444444444444
2025-07-13,777121,8,2,0,15,3,28,DET,DET,SEA,Tyler Holton,663947,0.25,0.0,0.2
2025-07-18,777098,5,2,0,12,5,19,DET,TEX,DET,Tyler Holton,663947,0.4,0.0,0.4166666666666667
2025-07-20,777073,3,2,0,8,3,16,DET,TEX,DET,Tyler Holton,663947,0.6666666666666666,0.0,0.375
2025-07-22,777044,1,0,0,3,1,5,DET,PIT,DET,Tyler Holton,663947,0.0,0.0,0.3333333333333333
2025-07-25,777016,5,0,0,9,2,14,DET,DET,TOR,Tyler Holton,663947,0.0,0.0,0.2222222222222222
2025-07-27,776987,4,0,1,11,2,19,DET,DET,TOR,Tyler Holton,663947,0.0,0.25,0.18181818181818182
2025-07-29,776953,3,2,0,6,2,15,DET,DET,AZ,Tyler Holton,663947,0.6666666666666666,0.0,0.3333333333333333
2025-08-01,776913,4,0,1,6,2,16,DET,PHI,DET,Tyler Holton,663947,0.0,0.25,0.3333333333333333
2025-08-03,776890,7,1,0,13,2,21,DET,PHI,DET,Tyler Holton,663947,0.14285714285714285,0.0,0.15384615384615385
2025-08-06,776859,5,0,0,8,1,18,DET,DET,MIN,Tyler Holton,663947,0.0,0.0,0.125
2025-08-09,776813,4,0,0,6,1,13,DET,DET,LAA,Tyler Holton,663947,0.0,0.0,0.16666666666666666
2025-08-11,776781,5,1,0,12,3,21,DET,CWS,DET,Tyler Holton,663947,0.2,0.0,0.25
2025-08-14,776744,5,1,0,8,3,21,DET,MIN,DET,Tyler Holton,663947,0.2,0.0,0.375
2025-08-16,776716,4,0,1,6,0,19,DET,MIN,DET,Tyler Holton,663947,0.0,0.25,0.0
2025-08-20,776673,3,0,0,5,1,6,DET,DET,HOU,Tyler Holton,663947,0.0,0.0,0.2
2025-08-23,776625,4,1,0,5,1,10,DET,DET,KC,Tyler Holton,663947,0.25,0.0,0.2
2025-08-24,776615,5,1,0,5,1,15,DET,DET,KC,Tyler Holton,663947,0.2,0.0,0.2
2025-08-29,776540,5,1,2,5,2,18,DET,KC,DET,Tyler Holton,663947,0.2,0.4,0.4
2025-08-30,776528,4,0,1,9,2,15,DET,KC,DET,Tyler Holton,663947,0.0,0.25,0.2222222222222222
2025-09-03,776478,3,0,1,6,1,15,DET,DET,NYM,Tyler Holton,663947,0.0,0.3333333333333333,0.16666666666666666
2025-09-05,776452,1,0,0,2,1,3,DET,DET,CWS,Tyler Holton,663947,0.0,0.0,0.5
2025-09-07,776425,5,2,0,8,3,19,DET,DET,CWS,Tyler Holton,663947,0.4,0.0,0.375
2025-09-10,776383,3,1,0,6,2,14,DET,NYY,DET,Tyler Holton,663947,0.3333333333333333,0.0,0.3333333333333333
2025-09-11,776368,5,2,0,10,4,23,DET,NYY,DET,Tyler Holton,663947,0.4,0.0,0.4
2025-09-16,776303,5,1,0,9,3,18,DET,DET,CLE,Tyler Holton,663947,0.2,0.0,0.3333333333333333
2025-09-18,776275,5,1,0,11,1,24,DET,DET,CLE,Tyler Holton,663947,0.2,0.0,0.09090909090909091
2025-09-20,776258,3,0,0,3,0,7,DET,DET,ATL,Tyler Holton,663947,0.0,0.0,0.0
2025-09-21,776238,4,0,1,8,2,17,DET,DET,ATL,Tyler Holton,663947,0.0,0.25,0.25
2025-09-24,776204,5,2,0,12,4,21,DET,CLE,DET,Tyler Holton,663947,0.4,0.0,0.3333333333333333
2025-09-25,776189,4,1,0,4,1,9,DET,CLE,DET,Tyler Holton,663947,0.25,0.0,0.25
2025-09-27,776157,4,2,0,7,2,15,DET,BOS,DET,Tyler Holton,663947,0.5,0.0,0.2857142857142857
2025-10-01,813071,7,1,0,16,1,31,DET,CLE,DET,Tyler Holton,663947,0.14285714285714285,0.0,0.0625
2025-05-10,777982,18,5,0,37,9,77,CHC,NYM,CHC,Cade Horton,690990,0.2777777777777778,0.0,0.24324324324324326
2025-05-16,777900,21,2,0,40,4,79,CHC,CHC,CWS,Cade Horton,690990,0.09523809523809523,0.0,0.1
2025-05-21,777833,24,3,3,46,14,92,CHC,MIA,CHC,Cade Horton,690990,0.125,0.125,0.30434782608695654
2025-05-27,777751,23,6,1,38,11,83,CHC,CHC,COL,Cade Horton,690990,0.2608695652173913,0.043478260869565216,0.2894736842105263
2025-06-03,777659,23,3,1,41,4,77,CHC,WSH,CHC,Cade Horton,690990,0.13043478260869565,0.043478260869565216,0.0975609756097561
2025-06-08,777594,24,6,2,41,15,85,CHC,DET,CHC,Cade Horton,690990,0.25,0.08333333333333333,0.36585365853658536
2025-06-13,777526,21,4,1,30,9,76,CHC,CHC,PIT,Cade Horton,690990,0.19047619047619047,0.047619047619047616,0.3
2025-06-21,777419,23,2,2,47,9,90,CHC,CHC,SEA,Cade Horton,690990,0.08695652173913043,0.08695652173913043,0.19148936170212766
2025-06-27,777336,24,2,4,39,8,80,CHC,HOU,CHC,Cade Horton,690990,0.08333333333333333,0.16666666666666666,0.20512820512820512
2025-07-03,777259,26,5,2,42,10,90,CHC,CHC,CLE,Cade Horton,690990,0.19230769230769232,0.07692307692307693,0.23809523809523808
2025-07-09,777173,22,5,2,46,16,94,CHC,MIN,CHC,Cade Horton,690990,0.22727272727272727,0.09090909090909091,0.34782608695652173
2025-07-20,777075,21,4,3,38,15,86,CHC,CHC,BOS,Cade Horton,690990,0.19047619047619047,0.14285714285714285,0.39473684210526316
2025-07-26,776994,22,3,1,43,6,86,CHC,CWS,CHC,Cade Horton,690990,0.13636363636363635,0.045454545454545456,0.13953488372093023
2025-08-01,776915,19,3,3,27,7,71,CHC,CHC,BAL,Cade Horton,690990,0.15789473684210525,0.15789473684210525,0.25925925925925924
2025-08-06,776847,20,6,0,43,7,67,CHC,CHC,CIN,Cade Horton,690990,0.3,0.0,0.16279069767441862
2025-08-13,776757,20,8,2,40,9,82,CHC,TOR,CHC,Cade Horton,690990,0.4,0.1,0.225
2025-08-18,777459,14,3,1,21,3,61,CHC,CHC,MIL,Cade Horton,690990,0.21428571428571427,0.07142857142857142,0.14285714285714285
2025-08-23,776618,22,7,1,37,10,74,CHC,LAA,CHC,Cade Horton,690990,0.3181818181818182,0.045454545454545456,0.2702702702702703
2025-08-29,776542,23,4,2,38,12,70,CHC,COL,CHC,Cade Horton,690990,0.17391304347826086,0.08695652173913043,0.3157894736842105
2025-09-03,776473,16,6,1,37,6,75,CHC,CHC,ATL,Cade Horton,690990,0.375,0.0625,0.16216216216216217
2025-09-09,776402,24,2,0,45,2,87,CHC,ATL,CHC,Cade Horton,690990,0.08333333333333333,0.0,0.044444444444444446
2025-09-16,776308,19,6,1,36,6,79,CHC,PIT,CHC,Cade Horton,690990,0.3157894736842105,0.05263157894736842,0.16666666666666666
2025-09-23,776209,11,2,0,15,4,29,CHC,CHC,NYM,Cade Horton,690990,0.18181818181818182,0.0,0.26666666666666666
2025-03-28,778550,24,2,3,41,8,89,BOS,TEX,BOS,Tanner Houck,656557,0.08333333333333333,0.125,0.1951219512195122
2025-04-03,778470,19,6,2,29,8,82,BOS,BAL,BOS,Tanner Houck,656557,0.3157894736842105,0.10526315789473684,0.27586206896551724
2025-04-09,778386,24,2,2,37,4,90,BOS,BOS,TOR,Tanner Houck,656557,0.08333333333333333,0.08333333333333333,0.10810810810810811
2025-04-14,778328,20,1,2,30,7,61,BOS,TB,BOS,Tanner Houck,656557,0.05,0.1,0.23333333333333334
2025-04-20,778245,23,7,2,40,12,89,BOS,BOS,CWS,Tanner Houck,656557,0.30434782608695654,0.08695652173913043,0.3
2025-04-26,778179,24,6,1,38,9,94,BOS,CLE,BOS,Tanner Houck,656557,0.25,0.041666666666666664,0.23684210526315788
2025-05-01,778095,25,6,0,51,10,86,BOS,TOR,BOS,Tanner Houck,656557,0.24,0.0,0.19607843137254902
2025-05-07,778018,24,2,2,41,7,89,BOS,BOS,TEX,Tanner Houck,656557,0.08333333333333333,0.08333333333333333,0.17073170731707318
2025-05-12,777951,20,0,3,26,2,69,BOS,DET,BOS,Tanner Houck,656557,0.0,0.15,0.07692307692307693
2025-05-20,777846,21,2,3,42,8,90,CWS,CWS,SEA,Adrian Houser,605288,0.09523809523809523,0.14285714285714285,0.19047619047619047
2025-05-26,777758,22,6,1,44,9,99,CWS,NYM,CWS,Adrian Houser,605288,0.2727272727272727,0.045454545454545456,0.20454545454545456
2025-06-01,777684,27,6,1,50,10,95,CWS,BAL,CWS,Adrian Houser,605288,0.2222222222222222,0.037037037037037035,0.2
2025-06-07,777606,23,6,1,44,8,92,CWS,CWS,KC,Adrian Houser,605288,0.2608695652173913,0.043478260869565216,0.18181818181818182
2025-06-13,777524,24,2,4,35,5,92,CWS,TEX,CWS,Adrian Houser,605288,0.08333333333333333,0.16666666666666666,0.14285714285714285
2025-06-22,777408,29,4,3,42,8,90,CWS,TOR,CWS,Adrian Houser,605288,0.13793103448275862,0.10344827586206896,0.19047619047619047
2025-06-28,777327,25,4,1,40,9,88,CWS,CWS,SF,Adrian Houser,605288,0.16,0.04,0.225
2025-07-04,777243,29,6,2,48,12,96,CWS,COL,CWS,Adrian Houser,605288,0.20689655172413793,0.06896551724137931,0.25
2025-07-09,777172,26,2,2,56,5,96,CWS,CWS,TOR,Adrian Houser,605288,0.07692307692307693,0.07692307692307693,0.08928571428571429
2025-07-19,777090,22,5,1,37,4,78,CWS,PIT,CWS,Adrian Houser,605288,0.22727272727272727,0.045454545454545456,0.10810810810810811
2025-07-25,777017,27,3,3,43,4,83,CWS,CWS,CHC,Adrian Houser,605288,0.1111111111111111,0.1111111111111111,0.09302325581395349
2025-08-04,776867,28,3,1,50,7,93,TB,LAA,TB,Adrian Houser,605288,0.10714285714285714,0.03571428571428571,0.14
2025-08-10,776791,25,4,3,45,12,94,TB,SEA,TB,Adrian Houser,605288,0.16,0.12,0.26666666666666666
2025-08-16,776711,19,6,0,37,9,69,TB,SF,TB,Adrian Houser,605288,0.3157894736842105,0.0,0.24324324324324326
2025-08-22,776633,28,2,2,45,5,93,TB,TB,STL,Adrian Houser,605288,0.07142857142857142,0.07142857142857142,0.1111111111111111
2025-08-29,776545,20,4,3,39,7,86,TB,WSH,TB,Adrian Houser,605288,0.2,0.15,0.1794871794871795
2025-09-03,776476,26,8,1,46,14,87,TB,TB,SEA,Adrian Houser,605288,0.3076923076923077,0.038461538461538464,0.30434782608695654
2025-09-09,776388,21,9,0,46,5,83,TB,CWS,TB,Adrian Houser,605288,0.42857142857142855,0.0,0.10869565217391304
2025-09-14,776321,24,2,1,47,2,90,TB,CHC,TB,Adrian Houser,605288,0.08333333333333333,0.041666666666666664,0.0425531914893617
2025-09-20,776247,26,2,3,46,5,102,TB,TB,BOS,Adrian Houser,605288,0.07692307692307693,0.11538461538461539,0.10869565217391304
2025-09-26,776177,26,5,2,53,11,96,TB,TOR,TB,Adrian Houser,605288,0.19230769230769232,0.07692307692307693,0.20754716981132076
2025-03-29,778533,5,1,0,8,0,17,DET,LAD,DET,Brant Hurter,676428,0.2,0.0,0.0
2025-03-31,778496,12,2,0,19,7,36,DET,SEA,DET,Brant Hurter,676428,0.16666666666666666,0.0,0.3684210526315789
2025-04-08,778403,11,3,1,18,9,40,DET,DET,NYY,Brant Hurter,676428,0.2727272727272727,0.09090909090909091,0.5
2025-04-13,778335,7,0,0,8,0,17,DET,MIN,DET,Brant Hurter,676428,0.0,0.0,0.0
2025-04-16,778295,8,1,0,13,0,29,DET,MIL,DET,Brant Hurter,676428,0.125,0.0,0.0
2025-04-20,778246,6,3,0,13,2,32,DET,DET,KC,Brant Hurter,676428,0.5,0.0,0.15384615384615385
2025-04-21,778228,5,1,0,9,1,16,DET,DET,SD,Brant Hurter,676428,0.2,0.0,0.1111111111111111
2025-04-26,778180,10,0,2,15,0,45,DET,DET,BAL,Brant Hurter,676428,0.0,0.2,0.0
2025-05-03,778067,3,2,0,6,2,10,DET,LAA,DET,Brant Hurter,676428,0.6666666666666666,0.0,0.3333333333333333
2025-05-07,778013,7,2,0,11,3,26,DET,COL,DET,Brant Hurter,676428,0.2857142857142857,0.0,0.2727272727272727
2025-05-11,777969,6,2,1,13,3,27,DET,DET,TEX,Brant Hurter,676428,0.3333333333333333,0.16666666666666666,0.23076923076923078
2025-05-13,777940,7,3,0,13,3,27,DET,DET,BOS,Brant Hurter,676428,0.42857142857142855,0.0,0.23076923076923078
2025-05-18,777871,1,1,0,3,1,4,DET,TOR,DET,Brant Hurter,676428,1.0,0.0,0.3333333333333333
2025-05-21,777827,11,2,1,17,5,37,DET,STL,DET,Brant Hurter,676428,0.18181818181818182,0.09090909090909091,0.29411764705882354
2025-05-24,777796,7,2,0,9,3,24,DET,DET,CLE,Brant Hurter,676428,0.2857142857142857,0.0,0.3333333333333333
2025-05-30,777711,7,2,1,13,3,30,DET,KC,DET,Brant Hurter,676428,0.2857142857142857,0.14285714285714285,0.23076923076923078
2025-06-03,777661,8,4,1,14,5,33,DET,CWS,DET,Brant Hurter,676428,0.5,0.125,0.35714285714285715
2025-06-05,777634,7,0,0,12,1,22,DET,CWS,DET,Brant Hurter,676428,0.0,0.0,0.08333333333333333
2025-06-10,777573,12,3,0,26,4,44,DET,BAL,DET,Brant Hurter,676428,0.25,0.0,0.15384615384615385
2025-06-13,777538,4,1,1,6,1,18,DET,DET,CIN,Brant Hurter,676428,0.25,0.25,0.16666666666666666
2025-06-15,777505,5,0,0,11,0,23,DET,DET,CIN,Brant Hurter,676428,0.0,0.0,0.0
2025-06-19,777464,8,2,0,17,4,27,DET,DET,PIT,Brant Hurter,676428,0.25,0.0,0.23529411764705882
2025-06-21,777420,8,2,2,12,4,31,DET,TB,DET,Brant Hurter,676428,0.25,0.25,0.3333333333333333
2025-06-22,777409,3,0,2,5,0,18,DET,TB,DET,Brant Hurter,676428,0.0,0.6666666666666666,0.0
2025-06-27,777334,3,0,1,3,2,9,DET,DET,MIN,Brant Hurter,676428,0.0,0.3333333333333333,0.6666666666666666
2025-07-02,777284,13,5,1,23,8,53,DET,WSH,DET,Brant Hurter,676428,0.38461538461538464,0.07692307692307693,0.34782608695652173
2025-07-05,777240,3,1,0,4,1,10,DET,CLE,DET,Brant Hurter,676428,0.3333333333333333,0.0,0.25
2025-07-09,777182,3,1,0,6,2,16,DET,DET,TB,Brant Hurter,676428,0.3333333333333333,0.0,0.3333333333333333
2025-07-11,777161,6,1,2,10,2,28,DET,DET,SEA,Brant Hurter,676428,0.16666666666666666,0.3333333333333333,0.2
2025-07-19,777088,7,3,1,11,4,31,DET,TEX,DET,Brant Hurter,676428,0.42857142857142855,0.14285714285714285,0.36363636363636365
2025-07-22,777044,12,2,3,17,4,46,DET,PIT,DET,Brant Hurter,676428,0.16666666666666666,0.25,0.23529411764705882
2025-07-25,777016,8,3,0,10,1,33,DET,DET,TOR,Brant Hurter,676428,0.375,0.0,0.1
2025-07-29,776953,10,3,0,18,5,37,DET,DET,AZ,Brant Hurter,676428,0.3,0.0,0.2777777777777778
2025-08-01,776913,2,1,0,3,2,9,DET,PHI,DET,Brant Hurter,676428,0.5,0.0,0.6666666666666666
2025-08-04,776874,6,1,0,7,3,13,DET,DET,MIN,Brant Hurter,676428,0.16666666666666666,0.0,0.42857142857142855
2025-08-06,776859,5,1,0,4,0,13,DET,DET,MIN,Brant Hurter,676428,0.2,0.0,0.0
2025-08-12,776773,6,0,3,9,2,30,DET,CWS,DET,Brant Hurter,676428,0.0,0.5,0.2222222222222222
2025-08-15,776732,4,1,1,8,4,23,DET,MIN,DET,Brant Hurter,676428,0.25,0.25,0.5
2025-09-17,776296,3,1,0,7,1,16,DET,DET,CLE,Brant Hurter,676428,0.3333333333333333,0.0,0.14285714285714285
2025-09-21,776238,6,1,0,8,2,27,DET,DET,ATL,Brant Hurter,676428,0.16666666666666666,0.0,0.25
2025-09-23,776218,3,0,0,5,1,7,DET,CLE,DET,Brant Hurter,676428,0.0,0.0,0.2
2025-09-25,776189,5,2,0,10,3,19,DET,CLE,DET,Brant Hurter,676428,0.4,0.0,0.3
2025-09-27,776157,4,2,0,7,3,11,DET,BOS,DET,Brant Hurter,676428,0.5,0.0,0.42857142857142855
2025-10-01,813071,3,0,0,7,1,11,DET,CLE,DET,Brant Hurter,676428,0.0,0.0,0.14285714285714285
2025-03-29,778532,26,4,2,50,13,91,CHC,AZ,CHC,Shota Imanaga,684007,0.15384615384615385,0.07692307692307693,0.26
2025-04-04,778460,26,4,0,55,10,92,CHC,CHC,SD,Shota Imanaga,684007,0.15384615384615385,0.0,0.18181818181818182
2025-04-09,778385,23,4,1,45,13,76,CHC,CHC,TEX,Shota Imanaga,684007,0.17391304347826086,0.043478260869565216,0.28888888888888886
2025-04-15,778305,22,7,3,51,12,93,CHC,SD,CHC,Shota Imanaga,684007,0.3181818181818182,0.13636363636363635,0.23529411764705882
2025-04-22,778220,25,6,2,50,10,101,CHC,CHC,LAD,Shota Imanaga,684007,0.24,0.08,0.2
2025-04-29,778135,21,3,1,44,8,87,CHC,PIT,CHC,Shota Imanaga,684007,0.14285714285714285,0.047619047619047616,0.18181818181818182
2025-05-04,778054,22,4,1,44,8,84,CHC,MIL,CHC,Shota Imanaga,684007,0.18181818181818182,0.045454545454545456,0.18181818181818182
2025-06-26,777348,17,3,1,42,7,77,CHC,STL,CHC,Shota Imanaga,684007,0.17647058823529413,0.058823529411764705,0.16666666666666666
2025-07-02,777266,21,4,0,42,10,81,CHC,CHC,CLE,Shota Imanaga,684007,0.19047619047619047,0.0,0.23809523809523808
2025-07-08,777190,23,1,0,49,9,83,CHC,MIN,CHC,Shota Imanaga,684007,0.043478260869565216,0.0,0.1836734693877551
2025-07-13,777122,22,6,1,40,8,92,CHC,NYY,CHC,Shota Imanaga,684007,0.2727272727272727,0.045454545454545456,0.2
2025-07-19,777096,27,5,1,52,14,96,CHC,CHC,BOS,Shota Imanaga,684007,0.18518518518518517,0.037037037037037035,0.2692307692307692
2025-07-25,777017,21,2,0,50,6,85,CHC,CWS,CHC,Shota Imanaga,684007,0.09523809523809523,0.0,0.12
2025-07-30,776929,20,8,0,49,12,89,CHC,MIL,CHC,Shota Imanaga,684007,0.4,0.0,0.24489795918367346
2025-08-05,776860,21,7,0,54,13,92,CHC,CHC,CIN,Shota Imanaga,684007,0.3333333333333333,0.0,0.24074074074074073
2025-08-10,776795,24,9,0,49,9,92,CHC,STL,CHC,Shota Imanaga,684007,0.375,0.0,0.1836734693877551
2025-08-16,776719,26,6,2,46,12,85,CHC,CHC,PIT,Shota Imanaga,684007,0.23076923076923078,0.07692307692307693,0.2608695652173913
2025-08-21,776651,25,5,2,43,8,98,CHC,CHC,MIL,Shota Imanaga,684007,0.2,0.08,0.18604651162790697
2025-08-28,776550,26,5,1,47,9,92,CHC,SF,CHC,Shota Imanaga,684007,0.19230769230769232,0.038461538461538464,0.19148936170212766
2025-09-02,776487,22,2,1,39,8,78,CHC,CHC,ATL,Shota Imanaga,684007,0.09090909090909091,0.045454545454545456,0.20512820512820512
2025-09-08,776412,23,4,0,49,15,80,CHC,ATL,CHC,Shota Imanaga,684007,0.17391304347826086,0.0,0.30612244897959184
2025-09-14,776321,22,9,0,52,18,91,CHC,CHC,TB,Shota Imanaga,684007,0.4090909090909091,0.0,0.34615384615384615
2025-09-19,776267,20,4,2,43,10,83,CHC,CIN,CHC,Shota Imanaga,684007,0.2,0.1,0.23255813953488372
2025-09-25,776187,26,3,1,47,7,91,CHC,CHC,NYM,Shota Imanaga,684007,0.11538461538461539,0.038461538461538464,0.14893617021276595
2025-10-01,813064,17,3,2,38,7,67,CHC,CHC,SD,Shota Imanaga,684007,0.17647058823529413,0.11764705882352941,0.18421052631578946
2025-03-29,778535,22,2,2,37,6,83,WSH,WSH,PHI,Jake Irvin,663623,0.09090909090909091,0.09090909090909091,0.16216216216216217
2025-04-04,778457,22,3,1,43,7,86,WSH,WSH,AZ,Jake Irvin,663623,0.13636363636363635,0.045454545454545456,0.16279069767441862
2025-04-09,778392,25,7,3,42,7,103,WSH,WSH,LAD,Jake Irvin,663623,0.28,0.12,0.16666666666666666
2025-04-15,778314,25,6,1,39,10,87,WSH,PIT,WSH,Jake Irvin,663623,0.24,0.04,0.2564102564102564
2025-04-20,778235,23,9,0,39,12,83,WSH,COL,WSH,Jake Irvin,663623,0.391304347826087,0.0,0.3076923076923077
2025-04-25,778183,27,4,1,47,9,98,WSH,WSH,NYM,Jake Irvin,663623,0.14814814814814814,0.037037037037037035,0.19148936170212766
2025-04-30,778118,29,2,3,41,5,90,WSH,PHI,WSH,Jake Irvin,663623,0.06896551724137931,0.10344827586206896,0.12195121951219512
2025-05-06,778026,23,0,3,47,5,95,WSH,WSH,CLE,Jake Irvin,663623,0.0,0.13043478260869565,0.10638297872340426
2025-05-12,777959,27,1,2,39,1,83,WSH,ATL,WSH,Jake Irvin,663623,0.037037037037037035,0.07407407407407407,0.02564102564102564
2025-05-17,777890,26,6,1,47,6,98,WSH,BAL,WSH,Jake Irvin,663623,0.23076923076923078,0.038461538461538464,0.1276595744680851
2025-05-24,777793,29,7,2,43,6,96,WSH,WSH,SF,Jake Irvin,663623,0.2413793103448276,0.06896551724137931,0.13953488372093023
2025-05-30,777710,24,0,1,43,3,93,WSH,AZ,WSH,Jake Irvin,663623,0.0,0.041666666666666664,0.06976744186046512
2025-06-05,777632,26,3,2,49,9,94,WSH,WSH,CHC,Jake Irvin,663623,0.11538461538461539,0.07692307692307693,0.1836734693877551
2025-06-11,777555,24,4,3,44,9,100,WSH,NYM,WSH,Jake Irvin,663623,0.16666666666666666,0.125,0.20454545454545456
2025-06-16,777488,23,5,1,48,9,91,WSH,WSH,COL,Jake Irvin,663623,0.21739130434782608,0.043478260869565216,0.1875
2025-06-21,777416,23,7,0,46,9,92,WSH,LAD,WSH,Jake Irvin,663623,0.30434782608695654,0.0,0.1956521739130435
2025-06-27,777331,25,5,4,37,7,91,WSH,LAA,WSH,Jake Irvin,663623,0.2,0.16,0.1891891891891892
2025-07-03,777258,24,4,3,48,5,107,WSH,WSH,DET,Jake Irvin,663623,0.16666666666666666,0.125,0.10416666666666667
2025-07-08,777191,26,3,4,42,6,98,WSH,STL,WSH,Jake Irvin,663623,0.11538461538461539,0.15384615384615385,0.14285714285714285
2025-07-13,777123,21,4,1,48,7,94,WSH,MIL,WSH,Jake Irvin,663623,0.19047619047619047,0.047619047619047616,0.14583333333333334
2025-07-21,777064,19,1,3,25,5,72,WSH,WSH,CIN,Jake Irvin,663623,0.05263157894736842,0.15789473684210525,0.2
2025-07-27,776979,26,2,0,51,8,86,WSH,MIN,WSH,Jake Irvin,663623,0.07692307692307693,0.0,0.1568627450980392
2025-08-02,776903,21,2,2,35,5,75,WSH,WSH,MIL,Jake Irvin,663623,0.09523809523809523,0.09523809523809523,0.14285714285714285
2025-08-08,776822,25,3,0,48,11,94,WSH,SF,WSH,Jake Irvin,663623,0.12,0.0,0.22916666666666666
2025-08-13,776759,22,3,4,30,3,83,WSH,KC,WSH,Jake Irvin,663623,0.13636363636363635,0.18181818181818182,0.1
2025-08-19,776678,28,3,3,43,6,102,WSH,WSH,NYM,Jake Irvin,663623,0.10714285714285714,0.10714285714285714,0.13953488372093023
2025-08-24,776613,16,2,2,29,5,69,WSH,PHI,WSH,Jake Irvin,663623,0.125,0.125,0.1724137931034483
2025-08-30,776525,23,3,1,44,10,83,WSH,WSH,TB,Jake Irvin,663623,0.13043478260869565,0.043478260869565216,0.22727272727272727
2025-09-05,776455,20,2,4,32,8,79,WSH,CHC,WSH,Jake Irvin,663623,0.1,0.2,0.25
2025-09-10,776386,21,4,0,37,7,74,WSH,MIA,WSH,Jake Irvin,663623,0.19047619047619047,0.0,0.1891891891891892
2025-09-16,777825,27,5,2,50,9,102,WSH,WSH,ATL,Jake Irvin,663623,0.18518518518518517,0.07407407407407407,0.18
2025-09-21,776237,22,5,2,42,6,93,WSH,NYM,WSH,Jake Irvin,663623,0.22727272727272727,0.09090909090909091,0.14285714285714285
2025-09-27,776160,24,6,1,37,7,73,WSH,WSH,CWS,Jake Irvin,663623,0.25,0.041666666666666664,0.1891891891891892
2025-08-11,776782,19,5,2,40,8,85,HOU,HOU,BOS,Cristian Javier,664299,0.2631578947368421,0.10526315789473684,0.2
2025-08-17,776705,13,2,0,26,4,50,HOU,HOU,BAL,Cristian Javier,664299,0.15384615384615385,0.0,0.15384615384615385
2025-08-23,776629,14,3,4,33,9,65,HOU,BAL,HOU,Cristian Javier,664299,0.21428571428571427,0.2857142857142857,0.2727272727272727
2025-08-29,776543,21,6,3,36,9,85,HOU,HOU,LAA,Cristian Javier,664299,0.2857142857142857,0.14285714285714285,0.25
2025-09-04,776464,22,4,3,28,4,79,HOU,HOU,NYY,Cristian Javier,664299,0.18181818181818182,0.13636363636363635,0.14285714285714285
2025-09-11,776369,24,6,1,45,10,87,HOU,TOR,HOU,Cristian Javier,664299,0.25,0.041666666666666664,0.2222222222222222
2025-09-17,776292,24,4,1,39,6,88,HOU,HOU,TEX,Cristian Javier,664299,0.16666666666666666,0.041666666666666664,0.15384615384615385
2025-09-23,776208,21,4,1,32,6,79,HOU,ATH,HOU,Cristian Javier,664299,0.19047619047619047,0.047619047619047616,0.1875
2025-03-31,778496,19,3,4,40,9,79,DET,SEA,DET,Jackson Jobe,695549,0.15789473684210525,0.21052631578947367,0.225
2025-04-06,778433,21,4,3,37,5,86,DET,DET,CWS,Jackson Jobe,695549,0.19047619047619047,0.14285714285714285,0.13513513513513514
2025-04-12,778348,20,2,1,41,7,87,DET,MIN,DET,Jackson Jobe,695549,0.1,0.05,0.17073170731707318
2025-04-18,778277,22,5,2,42,9,87,DET,DET,KC,Jackson Jobe,695549,0.22727272727272727,0.09090909090909091,0.21428571428571427
2025-04-30,778110,20,4,4,30,7,77,DET,HOU,DET,Jackson Jobe,695549,0.2,0.2,0.23333333333333334
2025-05-07,778013,20,2,1,40,6,87,DET,COL,DET,Jackson Jobe,695549,0.1,0.05,0.15
2025-05-12,777951,26,7,5,42,14,100,DET,DET,BOS,Jackson Jobe,695549,0.2692307692307692,0.19230769230769232,0.3333333333333333
2025-05-18,777871,25,5,2,39,11,90,DET,TOR,DET,Jackson Jobe,695549,0.2,0.08,0.28205128205128205
2025-05-23,777807,22,3,2,35,11,89,DET,DET,CLE,Jackson Jobe,695549,0.13636363636363635,0.09090909090909091,0.3142857142857143
2025-05-28,777738,23,4,3,37,8,95,DET,DET,SF,Jackson Jobe,695549,0.17391304347826086,0.13043478260869565,0.21621621621621623
2025-05-24,777781,21,4,1,37,9,68,MIA,LAA,MIA,Janson Junk,676083,0.19047619047619047,0.047619047619047616,0.24324324324324326
2025-05-30,777717,15,5,0,30,9,55,MIA,MIA,SF,Janson Junk,676083,0.3333333333333333,0.0,0.3
2025-06-04,777652,13,6,0,29,9,50,MIA,MIA,COL,Janson Junk,676083,0.46153846153846156,0.0,0.3103448275862069
2025-06-09,777574,22,1,1,38,8,64,MIA,PIT,MIA,Janson Junk,676083,0.045454545454545456,0.045454545454545456,0.21052631578947367
2025-06-14,777514,18,4,0,32,3,64,MIA,WSH,MIA,Janson Junk,676083,0.2222222222222222,0.0,0.09375
2025-06-20,777439,20,5,0,50,7,79,MIA,MIA,ATL,Janson Junk,676083,0.25,0.0,0.14
2025-06-26,777347,19,1,0,43,4,73,MIA,SF,MIA,Janson Junk,676083,0.05263157894736842,0.0,0.09302325581395349
2025-07-02,777275,23,7,0,47,9,83,MIA,MIA,MIN,Janson Junk,676083,0.30434782608695654,0.0,0.19148936170212766
2025-07-07,777208,20,3,2,31,4,82,MIA,CIN,MIA,Janson Junk,676083,0.15,0.1,0.12903225806451613
2025-07-12,777141,26,2,0,45,5,85,MIA,BAL,MIA,Janson Junk,676083,0.07692307692307693,0.0,0.1111111111111111
2025-07-20,777082,23,1,1,37,3,69,MIA,MIA,KC,Janson Junk,676083,0.043478260869565216,0.043478260869565216,0.08108108108108109
2025-07-26,776996,22,5,0,46,13,86,MIA,MIL,MIA,Janson Junk,676083,0.22727272727272727,0.0,0.2826086956521739
2025-08-01,776925,22,4,1,48,6,95,MIA,MIA,NYY,Janson Junk,676083,0.18181818181818182,0.045454545454545456,0.125
2025-08-06,776849,20,2,2,34,4,78,MIA,MIA,HOU,Janson Junk,676083,0.1,0.1,0.11764705882352941
2025-08-12,776778,21,2,0,37,7,86,MIA,CLE,MIA,Janson Junk,676083,0.09523809523809523,0.0,0.1891891891891892
2025-08-17,776714,28,6,1,44,8,87,MIA,BOS,MIA,Janson Junk,676083,0.21428571428571427,0.03571428571428571,0.18181818181818182
2025-08-23,776630,23,3,1,46,8,92,MIA,MIA,TOR,Janson Junk,676083,0.13043478260869565,0.043478260869565216,0.17391304347826086
2025-09-08,776409,23,3,2,46,6,86,MIA,MIA,WSH,Janson Junk,676083,0.13043478260869565,0.08695652173913043,0.13043478260869565
2025-09-13,776347,26,4,1,43,8,88,MIA,MIA,DET,Janson Junk,676083,0.15384615384615385,0.038461538461538464,0.18604651162790697
2025-09-19,776251,24,5,0,48,8,91,MIA,TEX,MIA,Janson Junk,676083,0.20833333333333334,0.0,0.16666666666666666
2025-09-25,776188,19,4,0,37,3,61,MIA,PHI,MIA,Janson Junk,676083,0.21052631578947367,0.0,0.08108108108108109
2025-03-28,778548,23,4,1,41,7,86,PIT,MIA,PIT,Mitch Keller,656605,0.17391304347826086,0.043478260869565216,0.17073170731707318
2025-04-04,778461,25,4,4,43,8,97,PIT,PIT,NYY,Mitch Keller,656605,0.16,0.16,0.18604651162790697
2025-04-09,778389,27,6,1,50,10,96,PIT,PIT,STL,Mitch Keller,656605,0.2222222222222222,0.037037037037037035,0.2
2025-04-15,778314,27,3,2,50,8,105,PIT,PIT,WSH,Mitch Keller,656605,0.1111111111111111,0.07407407407407407,0.16
2025-04-20,778242,22,3,2,50,7,101,PIT,PIT,CLE,Mitch Keller,656605,0.13636363636363635,0.09090909090909091,0.14
2025-04-26,778163,25,6,1,44,6,89,PIT,LAD,PIT,Mitch Keller,656605,0.24,0.04,0.13636363636363635
2025-05-02,778090,24,3,1,47,6,88,PIT,PIT,SD,Mitch Keller,656605,0.125,0.041666666666666664,0.1276595744680851
2025-05-07,778016,26,6,3,38,8,94,PIT,STL,PIT,Mitch Keller,656605,0.23076923076923078,0.11538461538461539,0.21052631578947367
2025-05-13,777943,27,8,1,46,13,96,PIT,NYM,PIT,Mitch Keller,656605,0.2962962962962963,0.037037037037037035,0.2826086956521739
2025-05-19,777859,24,5,1,40,6,91,PIT,PIT,CIN,Mitch Keller,656605,0.20833333333333334,0.041666666666666664,0.15
2025-05-24,777794,24,6,0,44,7,92,PIT,PIT,MIL,Mitch Keller,656605,0.25,0.0,0.1590909090909091
2025-05-30,777707,23,1,2,35,1,78,PIT,SD,PIT,Mitch Keller,656605,0.043478260869565216,0.08695652173913043,0.02857142857142857
2025-06-05,777630,28,5,1,52,11,89,PIT,PIT,HOU,Mitch Keller,656605,0.17857142857142858,0.03571428571428571,0.21153846153846154
2025-06-10,777566,26,4,0,51,15,97,PIT,PIT,MIA,Mitch Keller,656605,0.15384615384615385,0.0,0.29411764705882354
2025-06-15,777497,23,3,2,49,9,88,PIT,CHC,PIT,Mitch Keller,656605,0.13043478260869565,0.08695652173913043,0.1836734693877551
2025-06-21,777421,22,5,2,48,8,99,PIT,PIT,TEX,Mitch Keller,656605,0.22727272727272727,0.09090909090909091,0.16666666666666666
2025-06-27,777341,22,4,1,48,5,94,PIT,PIT,NYM,Mitch Keller,656605,0.18181818181818182,0.045454545454545456,0.10416666666666667
2025-07-02,777272,28,7,1,45,8,97,PIT,PIT,STL,Mitch Keller,656605,0.25,0.03571428571428571,0.17777777777777778
2025-07-08,777194,26,5,1,48,7,93,PIT,KC,PIT,Mitch Keller,656605,0.19230769230769232,0.038461538461538464,0.14583333333333334
2025-07-13,777113,22,3,0,43,5,83,PIT,MIN,PIT,Mitch Keller,656605,0.13636363636363635,0.0,0.11627906976744186
2025-07-22,777044,26,5,3,49,9,89,PIT,PIT,DET,Mitch Keller,656605,0.19230769230769232,0.11538461538461539,0.1836734693877551
2025-07-28,776964,14,3,3,34,9,73,PIT,SF,PIT,Mitch Keller,656605,0.21428571428571427,0.21428571428571427,0.2647058823529412
2025-08-03,776886,22,4,1,42,12,89,PIT,COL,PIT,Mitch Keller,656605,0.18181818181818182,0.045454545454545456,0.2857142857142857
2025-08-08,776829,24,3,3,42,6,97,PIT,PIT,CIN,Mitch Keller,656605,0.125,0.125,0.14285714285714285
2025-08-13,776755,22,5,2,38,8,85,PIT,MIL,PIT,Mitch Keller,656605,0.22727272727272727,0.09090909090909091,0.21052631578947367
2025-08-19,776679,20,4,3,36,6,85,PIT,PIT,TOR,Mitch Keller,656605,0.2,0.15,0.16666666666666666
2025-08-26,776578,23,9,1,48,17,93,PIT,STL,PIT,Mitch Keller,656605,0.391304347826087,0.043478260869565216,0.3541666666666667
2025-08-31,776517,22,7,1,48,11,90,PIT,BOS,PIT,Mitch Keller,656605,0.3181818181818182,0.045454545454545456,0.22916666666666666
2025-09-06,776441,24,4,0,42,5,92,PIT,PIT,MIL,Mitch Keller,656605,0.16666666666666666,0.0,0.11904761904761904
2025-09-12,776351,20,4,1,32,5,62,PIT,WSH,PIT,Mitch Keller,656605,0.2,0.05,0.15625
2025-09-19,776266,20,4,1,30,3,74,PIT,PIT,ATH,Mitch Keller,656605,0.2,0.05,0.1
2025-09-26,776180,19,6,5,36,8,89,PIT,ATL,PIT,Mitch Keller,656605,0.3157894736842105,0.2631578947368421,0.2222222222222222
2025-03-28,778543,23,1,4,41,7,85,AZ,AZ,CHC,Merrill Kelly,518876,0.043478260869565216,0.17391304347826086,0.17073170731707318
2025-04-03,778466,23,2,3,33,5,80,AZ,NYY,AZ,Merrill Kelly,518876,0.08695652173913043,0.13043478260869565,0.15151515151515152
2025-04-08,778396,24,4,2,44,7,89,AZ,AZ,BAL,Merrill Kelly,518876,0.16666666666666666,0.08333333333333333,0.1590909090909091
2025-04-15,778318,22,9,1,37,11,88,AZ,MIA,AZ,Merrill Kelly,518876,0.4090909090909091,0.045454545454545456,0.2972972972972973
2025-04-20,778236,20,5,1,37,7,81,AZ,CHC,AZ,Merrill Kelly,518876,0.25,0.05,0.1891891891891892
2025-04-26,778162,23,4,1,48,8,93,AZ,AZ,ATL,Merrill Kelly,518876,0.17391304347826086,0.043478260869565216,0.16666666666666666
2025-05-02,778086,18,2,0,33,4,60,AZ,PHI,AZ,Merrill Kelly,518876,0.1111111111111111,0.0,0.12121212121212122
2025-05-07,778014,26,6,0,50,10,98,AZ,AZ,NYM,Merrill Kelly,518876,0.23076923076923078,0.0,0.2
2025-05-12,777939,27,8,0,50,12,103,AZ,SF,AZ,Merrill Kelly,518876,0.2962962962962963,0.0,0.24
2025-05-18,777870,24,11,3,40,15,109,AZ,AZ,COL,Merrill Kelly,518876,0.4583333333333333,0.125,0.375
2025-05-24,777786,25,6,1,51,14,100,AZ,STL,AZ,Merrill Kelly,518876,0.24,0.04,0.27450980392156865
2025-05-30,777710,24,6,2,40,10,95,AZ,AZ,WSH,Merrill Kelly,518876,0.25,0.08333333333333333,0.25
2025-06-04,777654,23,8,1,48,11,98,AZ,ATL,AZ,Merrill Kelly,518876,0.34782608695652173,0.043478260869565216,0.22916666666666666
2025-06-09,777577,22,7,2,44,13,92,AZ,AZ,SEA,Merrill Kelly,518876,0.3181818181818182,0.09090909090909091,0.29545454545454547
2025-06-15,777491,23,7,1,49,14,93,AZ,AZ,SD,Merrill Kelly,518876,0.30434782608695654,0.043478260869565216,0.2857142857142857
2025-06-21,777410,25,7,3,43,14,94,AZ,COL,AZ,Merrill Kelly,518876,0.28,0.12,0.32558139534883723
2025-06-27,777332,23,7,1,44,11,88,AZ,AZ,MIA,Merrill Kelly,518876,0.30434782608695654,0.043478260869565216,0.25
2025-07-02,777270,26,3,3,49,12,92,AZ,AZ,SF,Merrill Kelly,518876,0.11538461538461539,0.11538461538461539,0.24489795918367346
2025-07-08,777185,23,4,0,40,7,77,AZ,SD,AZ,Merrill Kelly,518876,0.17391304347826086,0.0,0.175
2025-07-13,777115,19,6,4,38,7,98,AZ,LAA,AZ,Merrill Kelly,518876,0.3157894736842105,0.21052631578947367,0.18421052631578946
2025-07-20,777071,24,5,4,48,8,97,AZ,AZ,STL,Merrill Kelly,518876,0.20833333333333334,0.16666666666666666,0.16666666666666666
2025-07-26,777002,27,3,1,56,9,99,AZ,PIT,AZ,Merrill Kelly,518876,0.1111111111111111,0.037037037037037035,0.16071428571428573
2025-08-02,776897,22,6,0,40,15,69,TEX,SEA,TEX,Merrill Kelly,518876,0.2727272727272727,0.0,0.375
2025-08-08,776821,23,4,5,42,6,95,TEX,TEX,PHI,Merrill Kelly,518876,0.17391304347826086,0.21739130434782608,0.14285714285714285
2025-08-13,776746,25,5,1,49,10,99,TEX,TEX,AZ,Merrill Kelly,518876,0.2,0.04,0.20408163265306123
2025-08-19,776675,20,3,0,35,5,71,TEX,KC,TEX,Merrill Kelly,518876,0.15,0.0,0.14285714285714285
2025-08-24,776611,26,8,2,45,10,96,TEX,TEX,CLE,Merrill Kelly,518876,0.3076923076923077,0.07692307692307693,0.2222222222222222
2025-08-30,776524,25,2,0,47,7,79,TEX,ATH,TEX,Merrill Kelly,518876,0.08,0.0,0.14893617021276595
2025-09-05,776449,27,7,1,54,12,94,TEX,TEX,HOU,Merrill Kelly,518876,0.25925925925925924,0.037037037037037035,0.2222222222222222
2025-09-10,776375,27,6,0,45,8,94,TEX,TEX,MIL,Merrill Kelly,518876,0.2222222222222222,0.0,0.17777777777777778
2025-09-16,776301,19,1,1,31,6,56,TEX,HOU,TEX,Merrill Kelly,518876,0.05263157894736842,0.05263157894736842,0.1935483870967742
2025-09-21,776226,20,4,0,42,6,73,TEX,TEX,MIA,Merrill Kelly,518876,0.2,0.0,0.14285714285714285
2025-05-17,777884,20,2,3,36,9,83,LAD,LAD,LAA,Clayton Kershaw,477132,0.1,0.15,0.25
2025-05-23,777808,6,1,1,9,0,26,LAD,NYM,LAD,Clayton Kershaw,477132,0.16666666666666666,0.16666666666666666,0.0
2025-05-28,777739,21,3,2,33,8,74,LAD,CLE,LAD,Clayton Kershaw,477132,0.14285714285714285,0.09523809523809523,0.24242424242424243
2025-06-03,777657,23,2,3,40,6,92,LAD,LAD,NYM,Clayton Kershaw,477132,0.08695652173913043,0.13043478260869565,0.15
2025-06-08,777582,21,7,0,37,12,82,LAD,STL,LAD,Clayton Kershaw,477132,0.3333333333333333,0.0,0.32432432432432434
2025-06-14,777506,24,5,1,38,8,81,LAD,LAD,SF,Clayton Kershaw,477132,0.20833333333333334,0.041666666666666664,0.21052631578947367
2025-06-20,777427,21,4,2,32,8,78,LAD,LAD,WSH,Clayton Kershaw,477132,0.19047619047619047,0.09523809523809523,0.25
2025-06-26,777344,20,5,1,31,5,69,LAD,COL,LAD,Clayton Kershaw,477132,0.25,0.05,0.16129032258064516
2025-07-02,777267,27,3,1,49,15,101,LAD,LAD,CWS,Clayton Kershaw,477132,0.1111111111111111,0.037037037037037035,0.30612244897959184
2025-07-08,777193,24,3,1,38,6,85,LAD,MIL,LAD,Clayton Kershaw,477132,0.125,0.041666666666666664,0.15789473684210525
2025-07-20,777070,21,2,1,33,10,81,LAD,LAD,MIL,Clayton Kershaw,477132,0.09523809523809523,0.047619047619047616,0.30303030303030304
2025-07-26,776998,21,2,2,36,5,91,LAD,BOS,LAD,Clayton Kershaw,477132,0.09523809523809523,0.09523809523809523,0.1388888888888889
2025-08-01,776918,24,3,0,45,7,88,LAD,TB,LAD,Clayton Kershaw,477132,0.125,0.0,0.15555555555555556
2025-08-08,776823,23,4,1,42,9,74,LAD,LAD,TOR,Clayton Kershaw,477132,0.17391304347826086,0.043478260869565216,0.21428571428571427
2025-08-15,776727,20,3,1,31,3,76,LAD,LAD,SD,Clayton Kershaw,477132,0.15,0.05,0.0967741935483871
2025-08-21,776644,23,3,1,39,6,85,LAD,COL,LAD,Clayton Kershaw,477132,0.13043478260869565,0.043478260869565216,0.15384615384615385
2025-08-26,776574,17,6,0,38,11,72,LAD,LAD,CIN,Clayton Kershaw,477132,0.35294117647058826,0.0,0.2894736842105263
2025-09-02,776496,22,3,4,39,9,83,LAD,PIT,LAD,Clayton Kershaw,477132,0.13636363636363635,0.18181818181818182,0.23076923076923078
2025-09-07,776427,22,8,1,35,15,84,LAD,BAL,LAD,Clayton Kershaw,477132,0.36363636363636365,0.045454545454545456,0.42857142857142855
2025-09-13,776328,18,2,4,27,6,67,LAD,SF,LAD,Clayton Kershaw,477132,0.1111111111111111,0.2222222222222222,0.2222222222222222
2025-09-19,776256,21,6,4,38,8,91,LAD,LAD,SF,Clayton Kershaw,477132,0.2857142857142857,0.19047619047619047,0.21052631578947367
2025-09-24,776193,3,0,0,6,1,15,LAD,AZ,LAD,Clayton Kershaw,477132,0.0,0.0,0.16666666666666666
2025-09-28,776139,21,7,1,49,16,94,LAD,SEA,LAD,Clayton Kershaw,477132,0.3333333333333333,0.047619047619047616,0.32653061224489793
2025-03-27,778554,23,5,0,43,10,87,LAA,CWS,LAA,Yusei Kikuchi,579328,0.21739130434782608,0.0,0.23255813953488372
2025-04-02,778473,26,6,5,44,9,104,LAA,STL,LAA,Yusei Kikuchi,579328,0.23076923076923078,0.19230769230769232,0.20454545454545456
2025-04-09,778399,25,5,3,43,6,104,LAA,TB,LAA,Yusei Kikuchi,579328,0.2,0.12,0.13953488372093023
2025-04-15,778306,22,5,2,38,8,79,LAA,TEX,LAA,Yusei Kikuchi,579328,0.22727272727272727,0.09090909090909091,0.21052631578947367
2025-04-20,778232,25,6,4,47,10,102,LAA,LAA,SF,Yusei Kikuchi,579328,0.24,0.16,0.2127659574468085
2025-04-26,778166,19,0,4,25,3,69,LAA,MIN,LAA,Yusei Kikuchi,579328,0.0,0.21052631578947367,0.12
2025-05-01,778101,22,5,1,43,7,93,LAA,LAA,DET,Yusei Kikuchi,579328,0.22727272727272727,0.045454545454545456,0.16279069767441862
2025-05-07,778009,23,6,0,50,10,95,LAA,LAA,TOR,Yusei Kikuchi,579328,0.2608695652173913,0.0,0.2
2025-05-12,777947,26,4,2,49,13,98,LAA,SD,LAA,Yusei Kikuchi,579328,0.15384615384615385,0.07692307692307693,0.2653061224489796
2025-05-18,777866,24,7,4,39,10,98,LAA,LAD,LAA,Yusei Kikuchi,579328,0.2916666666666667,0.16666666666666666,0.2564102564102564
2025-05-23,777798,26,4,4,48,5,110,LAA,LAA,MIA,Yusei Kikuchi,579328,0.15384615384615385,0.15384615384615385,0.10416666666666667
2025-05-28,777728,23,4,3,34,10,101,LAA,LAA,NYY,Yusei Kikuchi,579328,0.17391304347826086,0.13043478260869565,0.29411764705882354
2025-06-03,777667,26,5,5,43,6,99,LAA,BOS,LAA,Yusei Kikuchi,579328,0.19230769230769232,0.19230769230769232,0.13953488372093023
2025-06-09,777576,24,5,1,51,10,104,LAA,LAA,ATH,Yusei Kikuchi,579328,0.20833333333333334,0.041666666666666664,0.19607843137254902
2025-06-15,777501,25,9,2,51,17,92,LAA,BAL,LAA,Yusei Kikuchi,579328,0.36,0.08,0.3333333333333333
2025-06-20,777428,26,9,0,54,17,103,LAA,LAA,HOU,Yusei Kikuchi,579328,0.34615384615384615,0.0,0.3148148148148148
2025-06-25,777362,26,12,1,54,19,105,LAA,LAA,BOS,Yusei Kikuchi,579328,0.46153846153846156,0.038461538461538464,0.35185185185185186
2025-07-02,777279,24,7,2,53,12,100,LAA,ATL,LAA,Yusei Kikuchi,579328,0.2916666666666667,0.08333333333333333,0.22641509433962265
2025-07-07,777200,23,4,2,53,15,97,LAA,LAA,TEX,Yusei Kikuchi,579328,0.17391304347826086,0.08695652173913043,0.2830188679245283
2025-07-12,777131,24,5,1,50,6,93,LAA,LAA,AZ,Yusei Kikuchi,579328,0.20833333333333334,0.041666666666666664,0.12
2025-07-19,777089,22,8,3,49,18,91,LAA,PHI,LAA,Yusei Kikuchi,579328,0.36363636363636365,0.13636363636363635,0.3673469387755102
2025-07-24,777018,23,4,2,40,6,96,LAA,LAA,SEA,Yusei Kikuchi,579328,0.17391304347826086,0.08695652173913043,0.15
2025-07-29,776945,26,5,0,53,8,105,LAA,LAA,TEX,Yusei Kikuchi,579328,0.19230769230769232,0.0,0.1509433962264151
2025-08-04,776867,24,7,2,57,10,105,LAA,LAA,TB,Yusei Kikuchi,579328,0.2916666666666667,0.08333333333333333,0.17543859649122806
2025-08-09,776813,24,7,2,47,12,102,LAA,DET,LAA,Yusei Kikuchi,579328,0.2916666666666667,0.08333333333333333,0.2553191489361702
2025-08-15,776734,20,3,3,54,5,94,LAA,ATH,LAA,Yusei Kikuchi,579328,0.15,0.15,0.09259259259259259
2025-08-20,776652,27,4,0,38,6,88,LAA,LAA,CIN,Yusei Kikuchi,579328,0.14814814814814814,0.0,0.15789473684210525
2025-08-26,776575,19,3,3,38,8,81,LAA,TEX,LAA,Yusei Kikuchi,579328,0.15789473684210525,0.15789473684210525,0.21052631578947367
2025-09-01,776499,26,6,2,51,13,97,LAA,HOU,LAA,Yusei Kikuchi,579328,0.23076923076923078,0.07692307692307693,0.2549019607843137
2025-09-06,776430,16,1,3,27,5,61,LAA,LAA,ATH,Yusei Kikuchi,579328,0.0625,0.1875,0.18518518518518517
2025-09-12,776345,22,3,1,57,17,98,LAA,SEA,LAA,Yusei Kikuchi,579328,0.13636363636363635,0.045454545454545456,0.2982456140350877
2025-09-18,776274,24,2,3,36,3,92,LAA,MIL,LAA,Yusei Kikuchi,579328,0.08333333333333333,0.125,0.08333333333333333
2025-09-24,776197,18,6,1,31,8,66,LAA,LAA,KC,Yusei Kikuchi,579328,0.3333333333333333,0.05555555555555555,0.25806451612903225
2025-07-29,776954,8,1,0,15,1,36,MIN,MIN,BOS,Michael King,543859,0.125,0.0,0.06666666666666667
2025-08-01,776924,4,0,0,3,0,11,MIN,CLE,MIN,Michael King,543859,0.0,0.0,0.0
2025-08-03,776892,4,0,1,5,1,14,MIN,CLE,MIN,Michael King,543859,0.0,0.25,0.2
2025-08-05,776861,6,1,0,15,5,27,MIN,DET,MIN,Michael King,543859,0.16666666666666666,0.0,0.3333333333333333
2025-08-09,776816,4,0,1,6,0,18,MIN,MIN,KC,Michael King,543859,0.0,0.25,0.0
2025-08-10,776796,8,2,2,17,7,38,MIN,MIN,KC,Michael King,543859,0.25,0.25,0.4117647058823529
2025-08-14,776744,3,0,0,5,1,9,MIN,MIN,DET,Michael King,543859,0.0,0.0,0.2
2025-08-16,776716,3,1,0,6,1,15,MIN,MIN,DET,Michael King,543859,0.3333333333333333,0.0,0.16666666666666666
2025-08-17,776700,3,3,0,8,2,16,MIN,MIN,DET,Michael King,543859,1.0,0.0,0.25
2025-08-21,776653,9,2,1,14,1,32,MIN,MIN,ATH,Michael King,543859,0.2222222222222222,0.1111111111111111,0.07142857142857142
2025-08-26,776582,3,0,0,5,0,9,MIN,TOR,MIN,Michael King,543859,0.0,0.0,0.0
2025-08-27,776567,4,1,1,5,2,15,MIN,TOR,MIN,Michael King,543859,0.25,0.25,0.4
2025-08-31,776513,10,1,1,15,2,37,MIN,MIN,SD,Michael King,543859,0.1,0.1,0.13333333333333333
2025-09-04,776462,3,1,0,5,2,11,MIN,MIN,CWS,Michael King,543859,0.3333333333333333,0.0,0.4
2025-09-06,776434,4,1,0,7,2,12,MIN,KC,MIN,Michael King,543859,0.25,0.0,0.2857142857142857
2025-09-08,776411,4,1,0,9,2,20,MIN,LAA,MIN,Michael King,543859,0.25,0.0,0.2222222222222222
2025-09-12,776355,5,0,1,9,0,20,MIN,MIN,AZ,Michael King,543859,0.0,0.2,0.0
2025-09-14,776324,7,1,0,6,0,19,MIN,MIN,AZ,Michael King,543859,0.14285714285714285,0.0,0.0
2025-09-16,776298,1,1,0,6,1,10,MIN,MIN,NYY,Michael King,543859,1.0,0.0,0.16666666666666666
2025-09-19,776263,7,1,0,8,1,17,MIN,MIN,CLE,Michael King,543859,0.14285714285714285,0.0,0.125
2025-09-26,776176,4,1,0,5,1,11,MIN,PHI,MIN,Michael King,543859,0.25,0.0,0.2
2025-05-22,777822,19,4,1,36,8,72,SEA,HOU,SEA,George Kirby,669923,0.21052631578947367,0.05263157894736842,0.2222222222222222
2025-05-28,777730,23,4,2,47,8,78,SEA,SEA,WSH,George Kirby,669923,0.17391304347826086,0.08695652173913043,0.1702127659574468
2025-06-03,777655,23,3,1,50,9,96,SEA,SEA,BAL,George Kirby,669923,0.13043478260869565,0.043478260869565216,0.18
2025-06-08,777589,23,14,0,46,12,96,SEA,LAA,SEA,George Kirby,669923,0.6086956521739131,0.0,0.2608695652173913
2025-06-14,777507,22,5,3,49,9,101,SEA,SEA,CLE,George Kirby,669923,0.22727272727272727,0.13636363636363635,0.1836734693877551
2025-06-20,777436,22,3,1,47,5,85,SEA,CHC,SEA,George Kirby,669923,0.13636363636363635,0.045454545454545456,0.10638297872340426
2025-06-25,777363,22,3,1,44,6,90,SEA,MIN,SEA,George Kirby,669923,0.13636363636363635,0.045454545454545456,0.13636363636363635
2025-06-30,777297,21,5,0,42,12,85,SEA,SEA,KC,George Kirby,669923,0.23809523809523808,0.0,0.2857142857142857
2025-07-06,777205,24,9,0,53,17,93,SEA,SEA,PIT,George Kirby,669923,0.375,0.0,0.32075471698113206
2025-07-12,777145,24,6,3,43,12,99,SEA,DET,SEA,George Kirby,669923,0.25,0.125,0.27906976744186046
2025-07-21,777050,24,3,1,47,12,83,SEA,SEA,MIL,George Kirby,669923,0.125,0.041666666666666664,0.2553191489361702
2025-07-26,776995,27,9,3,53,18,106,SEA,LAA,SEA,George Kirby,669923,0.3333333333333333,0.1111111111111111,0.33962264150943394
2025-07-31,776923,22,6,2,47,10,94,SEA,SEA,TEX,George Kirby,669923,0.2727272727272727,0.09090909090909091,0.2127659574468085
2025-08-06,776841,25,9,2,53,16,104,SEA,SEA,CWS,George Kirby,669923,0.36,0.08,0.3018867924528302
2025-08-12,776776,23,7,0,37,9,87,SEA,BAL,SEA,George Kirby,669923,0.30434782608695654,0.0,0.24324324324324326
2025-08-17,776707,28,4,3,39,8,97,SEA,NYM,SEA,George Kirby,669923,0.14285714285714285,0.10714285714285714,0.20512820512820512
2025-08-23,776620,25,3,3,46,13,98,SEA,SEA,ATH,George Kirby,669923,0.12,0.12,0.2826086956521739
2025-08-29,776547,28,6,0,46,10,98,SEA,CLE,SEA,George Kirby,669923,0.21428571428571427,0.0,0.21739130434782608
2025-09-03,776476,17,1,0,32,8,54,SEA,TB,SEA,George Kirby,669923,0.058823529411764705,0.0,0.25
2025-09-09,776391,20,2,2,32,2,85,SEA,SEA,STL,George Kirby,669923,0.1,0.1,0.0625
2025-09-14,776317,22,14,0,46,17,101,SEA,SEA,LAA,George Kirby,669923,0.6363636363636364,0.0,0.3695652173913043
2025-09-20,776248,22,7,0,46,11,100,SEA,HOU,SEA,George Kirby,669923,0.3181818181818182,0.0,0.2391304347826087
2025-09-26,776168,20,10,1,40,15,85,SEA,SEA,LAD,George Kirby,669923,0.5,0.05,0.375
2025-04-09,778392,15,2,4,22,3,69,LAD,WSH,LAD,Landon Knack,689017,0.13333333333333333,0.26666666666666666,0.13636363636363635
2025-04-15,778302,19,2,2,34,7,65,LAD,LAD,COL,Landon Knack,689017,0.10526315789473684,0.10526315789473684,0.20588235294117646
2025-05-07,778017,20,5,1,39,7,75,LAD,MIA,LAD,Landon Knack,689017,0.25,0.05,0.1794871794871795
2025-05-13,777937,21,8,1,47,14,94,LAD,LAD,ATH,Landon Knack,689017,0.38095238095238093,0.047619047619047616,0.2978723404255319
2025-05-19,777854,23,3,2,52,6,106,LAD,LAD,AZ,Landon Knack,689017,0.13043478260869565,0.08695652173913043,0.11538461538461539
2025-05-25,777773,24,5,0,39,6,91,LAD,NYM,LAD,Landon Knack,689017,0.20833333333333334,0.0,0.15384615384615385
2025-05-31,777698,23,6,3,42,8,102,LAD,LAD,NYY,Landon Knack,689017,0.2608695652173913,0.13043478260869565,0.19047619047619047
2025-06-05,777631,20,1,5,34,6,86,LAD,LAD,NYM,Landon Knack,689017,0.05,0.25,0.17647058823529413
2025-09-28,776139,13,7,1,28,8,55,LAD,SEA,LAD,Landon Knack,689017,0.5384615384615384,0.07692307692307693,0.2857142857142857
2025-03-30,778527,21,4,0,39,9,65,LAA,CWS,LAA,Jack Kochanowicz,686799,0.19047619047619047,0.0,0.23076923076923078
2025-04-05,778437,22,4,2,37,4,82,LAA,LAA,CLE,Jack Kochanowicz,686799,0.18181818181818182,0.09090909090909091,0.10810810810810811
2025-04-11,778368,23,1,3,41,3,86,LAA,HOU,LAA,Jack Kochanowicz,686799,0.043478260869565216,0.13043478260869565,0.07317073170731707
2025-04-17,778281,23,1,0,41,6,76,LAA,TEX,LAA,Jack Kochanowicz,686799,0.043478260869565216,0.0,0.14634146341463414
2025-04-23,778202,25,3,1,40,10,81,LAA,LAA,PIT,Jack Kochanowicz,686799,0.12,0.04,0.25
2025-04-29,778121,26,6,4,40,9,91,LAA,SEA,LAA,Jack Kochanowicz,686799,0.23076923076923078,0.15384615384615385,0.225
2025-05-04,778050,23,1,2,41,7,77,LAA,LAA,DET,Jack Kochanowicz,686799,0.043478260869565216,0.08695652173913043,0.17073170731707318
2025-05-10,777973,23,4,4,38,4,96,LAA,LAA,BAL,Jack Kochanowicz,686799,0.17391304347826086,0.17391304347826086,0.10526315789473684
2025-05-16,777899,25,5,4,47,9,104,LAA,LAD,LAA,Jack Kochanowicz,686799,0.2,0.16,0.19148936170212766
2025-05-21,777828,25,6,5,44,11,99,LAA,ATH,LAA,Jack Kochanowicz,686799,0.24,0.2,0.25
2025-05-26,777763,28,5,2,50,12,92,LAA,LAA,NYY,Jack Kochanowicz,686799,0.17857142857142858,0.07142857142857142,0.24
2025-06-01,777683,19,4,3,38,8,84,LAA,CLE,LAA,Jack Kochanowicz,686799,0.21052631578947367,0.15789473684210525,0.21052631578947367
2025-06-07,777603,18,4,1,35,7,75,LAA,LAA,SEA,Jack Kochanowicz,686799,0.2222222222222222,0.05555555555555555,0.2
2025-06-13,777539,16,2,0,28,4,53,LAA,BAL,LAA,Jack Kochanowicz,686799,0.125,0.0,0.14285714285714285
2025-06-18,777466,21,8,3,37,9,90,LAA,NYY,LAA,Jack Kochanowicz,686799,0.38095238095238093,0.14285714285714285,0.24324324324324326
2025-06-23,777381,22,1,2,38,12,84,LAA,LAA,BOS,Jack Kochanowicz,686799,0.045454545454545456,0.09090909090909091,0.3157894736842105
2025-06-29,777305,19,2,2,27,4,63,LAA,LAA,WSH,Jack Kochanowicz,686799,0.10526315789473684,0.10526315789473684,0.14814814814814814
2025-07-05,777231,24,1,2,37,3,82,LAA,TOR,LAA,Jack Kochanowicz,686799,0.041666666666666664,0.08333333333333333,0.08108108108108109
2025-07-10,777159,18,3,3,37,11,70,LAA,LAA,TEX,Jack Kochanowicz,686799,0.16666666666666666,0.16666666666666666,0.2972972972972973
2025-07-28,776958,22,3,4,31,7,81,LAA,LAA,TEX,Jack Kochanowicz,686799,0.13636363636363635,0.18181818181818182,0.22580645161290322
2025-08-03,776885,27,2,2,42,6,81,LAA,LAA,CWS,Jack Kochanowicz,686799,0.07407407407407407,0.07407407407407407,0.14285714285714285
2025-08-10,776806,21,1,2,43,6,84,LAA,DET,LAA,Jack Kochanowicz,686799,0.047619047619047616,0.09523809523809523,0.13953488372093023
2025-08-27,776563,24,1,3,31,2,79,LAA,TEX,LAA,Jack Kochanowicz,686799,0.041666666666666664,0.125,0.06451612903225806
2025-05-04,778051,20,4,2,36,5,84,SD,PIT,SD,Stephen Kolek,663568,0.2,0.1,0.1388888888888889
2025-05-10,777976,32,7,2,47,8,104,SD,COL,SD,Stephen Kolek,663568,0.21875,0.0625,0.1702127659574468
2025-05-16,777896,23,4,1,39,5,83,SD,SD,SEA,Stephen Kolek,663568,0.17391304347826086,0.043478260869565216,0.1282051282051282
2025-05-22,777816,29,6,3,42,8,92,SD,TOR,SD,Stephen Kolek,663568,0.20689655172413793,0.10344827586206896,0.19047619047619047
2025-05-27,777742,25,3,2,48,8,93,SD,SD,MIA,Stephen Kolek,663568,0.12,0.08,0.16666666666666666
2025-06-02,777676,22,3,2,39,5,98,SD,SF,SD,Stephen Kolek,663568,0.13636363636363635,0.09090909090909091,0.1282051282051282
2025-06-07,777597,22,2,4,37,7,88,SD,MIL,SD,Stephen Kolek,663568,0.09090909090909091,0.18181818181818182,0.1891891891891892
2025-06-13,777521,24,5,2,38,10,82,SD,AZ,SD,Stephen Kolek,663568,0.20833333333333334,0.08333333333333333,0.2631578947368421
2025-06-18,777457,25,3,1,43,7,97,SD,LAD,SD,Stephen Kolek,663568,0.12,0.04,0.16279069767441862
2025-06-23,777382,20,5,1,37,7,80,SD,SD,WSH,Stephen Kolek,663568,0.25,0.05,0.1891891891891892
2025-06-29,777312,20,5,1,26,5,71,SD,CIN,SD,Stephen Kolek,663568,0.25,0.05,0.19230769230769232
2025-07-05,777223,26,2,1,40,5,83,SD,SD,TEX,Stephen Kolek,663568,0.07692307692307693,0.038461538461538464,0.125
2025-07-22,777052,25,5,0,40,8,84,SD,MIA,SD,Stephen Kolek,663568,0.2,0.0,0.2
2025-07-27,776980,24,2,3,46,6,98,SD,STL,SD,Stephen Kolek,663568,0.08333333333333333,0.125,0.13043478260869565
2025-08-30,776528,22,3,0,35,4,71,KC,KC,DET,Stephen Kolek,663568,0.13636363636363635,0.0,0.11428571428571428
2025-09-06,776434,28,4,1,49,8,95,KC,KC,MIN,Stephen Kolek,663568,0.14285714285714285,0.03571428571428571,0.16326530612244897
2025-09-11,776370,24,4,1,40,4,97,KC,CLE,KC,Stephen Kolek,663568,0.16666666666666666,0.041666666666666664,0.1
2025-09-18,776272,25,8,1,52,8,99,KC,KC,SEA,Stephen Kolek,663568,0.32,0.04,0.15384615384615385
2025-09-24,776197,26,2,2,55,9,94,KC,LAA,KC,Stephen Kolek,663568,0.07692307692307693,0.07692307692307693,0.16363636363636364
2025-03-29,778536,23,6,2,36,10,81,BAL,TOR,BAL,Dean Kremer,665152,0.2608695652173913,0.08695652173913043,0.2777777777777778
2025-04-04,778455,22,1,0,46,5,88,BAL,KC,BAL,Dean Kremer,665152,0.045454545454545456,0.0,0.10869565217391304
2025-04-09,778380,24,4,1,39,4,85,BAL,AZ,BAL,Dean Kremer,665152,0.16666666666666666,0.041666666666666664,0.10256410256410256
2025-04-16,778301,21,2,1,44,5,96,BAL,BAL,CLE,Dean Kremer,665152,0.09523809523809523,0.047619047619047616,0.11363636363636363
2025-04-22,778222,26,4,0,52,7,102,BAL,WSH,BAL,Dean Kremer,665152,0.15384615384615385,0.0,0.1346153846153846
2025-04-27,778155,24,3,4,46,5,97,BAL,DET,BAL,Dean Kremer,665152,0.125,0.16666666666666666,0.10869565217391304
2025-05-02,778093,25,2,1,43,6,82,BAL,BAL,KC,Dean Kremer,665152,0.08,0.04,0.13953488372093023
2025-05-08,778007,25,8,2,34,10,86,BAL,MIN,BAL,Dean Kremer,665152,0.32,0.08,0.29411764705882354
2025-05-14,777924,26,4,2,51,12,95,BAL,BAL,MIN,Dean Kremer,665152,0.15384615384615385,0.07692307692307693,0.23529411764705882
2025-05-19,777860,26,6,2,50,9,97,BAL,MIL,BAL,Dean Kremer,665152,0.23076923076923078,0.07692307692307693,0.18
2025-05-25,777785,23,4,1,46,12,95,BAL,BOS,BAL,Dean Kremer,665152,0.17391304347826086,0.043478260869565216,0.2608695652173913
2025-05-31,777699,26,7,2,48,8,102,BAL,BAL,CWS,Dean Kremer,665152,0.2692307692307692,0.07692307692307693,0.16666666666666666
2025-06-06,777613,24,2,1,32,2,82,BAL,ATH,BAL,Dean Kremer,665152,0.08333333333333333,0.041666666666666664,0.0625
2025-06-12,777540,27,8,2,58,17,105,BAL,BAL,DET,Dean Kremer,665152,0.2962962962962963,0.07407407407407407,0.29310344827586204
2025-06-17,777477,19,4,2,42,9,81,BAL,TB,BAL,Dean Kremer,665152,0.21052631578947367,0.10526315789473684,0.21428571428571427
2025-06-22,777406,23,7,1,38,10,85,BAL,NYY,BAL,Dean Kremer,665152,0.30434782608695654,0.043478260869565216,0.2631578947368421
2025-06-29,777317,24,6,1,51,9,93,BAL,BAL,TB,Dean Kremer,665152,0.25,0.041666666666666664,0.17647058823529413
2025-07-05,777237,22,3,1,42,10,87,BAL,ATL,BAL,Dean Kremer,665152,0.13636363636363635,0.045454545454545456,0.23809523809523808
2025-07-11,777157,25,7,1,50,11,99,BAL,BAL,MIA,Dean Kremer,665152,0.28,0.04,0.22
2025-07-19,777095,26,6,3,53,11,98,BAL,TB,BAL,Dean Kremer,665152,0.23076923076923078,0.11538461538461539,0.20754716981132076
2025-07-25,777020,26,5,2,51,10,92,BAL,BAL,COL,Dean Kremer,665152,0.19230769230769232,0.07692307692307693,0.19607843137254902
2025-07-30,776948,22,5,2,36,7,87,BAL,BAL,TOR,Dean Kremer,665152,0.22727272727272727,0.09090909090909091,0.19444444444444445
2025-08-05,776868,26,6,1,53,15,103,BAL,PHI,BAL,Dean Kremer,665152,0.23076923076923078,0.038461538461538464,0.2830188679245283
2025-08-12,776776,27,6,1,51,14,102,BAL,BAL,SEA,Dean Kremer,665152,0.2222222222222222,0.037037037037037035,0.27450980392156865
2025-08-17,776705,24,7,1,59,21,114,BAL,HOU,BAL,Dean Kremer,665152,0.2916666666666667,0.041666666666666664,0.3559322033898305
2025-08-23,776629,23,4,1,34,11,75,BAL,BAL,HOU,Dean Kremer,665152,0.17391304347826086,0.043478260869565216,0.3235294117647059
2025-08-29,776533,19,1,2,39,3,77,BAL,SF,BAL,Dean Kremer,665152,0.05263157894736842,0.10526315789473684,0.07692307692307693
2025-09-05,776454,11,4,1,29,6,56,BAL,BAL,LAD,Dean Kremer,665152,0.36363636363636365,0.09090909090909091,0.20689655172413793
2025-09-16,776306,23,4,3,49,15,97,BAL,CWS,BAL,Dean Kremer,665152,0.17391304347826086,0.13043478260869565,0.30612244897959184
2025-09-23,776223,22,4,0,47,11,97,BAL,BAL,TB,Dean Kremer,665152,0.18181818181818182,0.0,0.23404255319148937
2025-09-28,776140,5,2,1,7,3,20,BAL,NYY,BAL,Dean Kremer,665152,0.4,0.2,0.42857142857142855
2025-04-23,778197,17,2,3,21,6,55,TEX,ATH,TEX,Jacob Latz,656641,0.11764705882352941,0.17647058823529413,0.2857142857142857
2025-04-26,778159,1,0,0,1,0,1,TEX,SF,TEX,Jacob Latz,656641,0.0,0.0,0.0
2025-04-27,778151,5,0,0,10,2,17,TEX,SF,TEX,Jacob Latz,656641,0.0,0.0,0.2
2025-05-01,778096,4,2,1,10,3,17,TEX,TEX,ATH,Jacob Latz,656641,0.5,0.25,0.3
2025-05-02,778083,10,0,1,18,6,38,TEX,TEX,SEA,Jacob Latz,656641,0.0,0.1,0.3333333333333333
2025-05-08,778006,11,4,0,27,10,49,TEX,BOS,TEX,Jacob Latz,656641,0.36363636363636365,0.0,0.37037037037037035
2025-05-11,777969,4,1,1,8,5,20,TEX,DET,TEX,Jacob Latz,656641,0.25,0.25,0.625
2025-05-23,777805,3,2,0,6,1,11,TEX,CWS,TEX,Jacob Latz,656641,0.6666666666666666,0.0,0.16666666666666666
2025-05-25,777777,3,1,0,5,1,9,TEX,CWS,TEX,Jacob Latz,656641,0.3333333333333333,0.0,0.2
2025-05-27,777741,13,4,2,23,8,50,TEX,TEX,TOR,Jacob Latz,656641,0.3076923076923077,0.15384615384615385,0.34782608695652173
2025-06-03,777662,6,3,0,10,5,22,TEX,TB,TEX,Jacob Latz,656641,0.5,0.0,0.5
2025-06-05,777629,3,1,0,5,1,8,TEX,TB,TEX,Jacob Latz,656641,0.3333333333333333,0.0,0.2
2025-06-08,777596,12,6,2,29,9,60,TEX,WSH,TEX,Jacob Latz,656641,0.5,0.16666666666666666,0.3103448275862069
2025-06-11,777556,6,0,0,15,4,25,TEX,MIN,TEX,Jacob Latz,656641,0.0,0.0,0.26666666666666666
2025-06-14,777508,8,3,1,14,4,35,TEX,TEX,CWS,Jacob Latz,656641,0.375,0.125,0.2857142857142857
2025-06-19,777443,20,0,1,44,10,82,TEX,TEX,KC,Jacob Latz,656641,0.0,0.05,0.22727272727272727
2025-06-24,777380,21,4,3,40,11,88,TEX,BAL,TEX,Jacob Latz,656641,0.19047619047619047,0.14285714285714285,0.275
2025-06-29,777302,9,4,1,19,5,39,TEX,TEX,SEA,Jacob Latz,656641,0.4444444444444444,0.1111111111111111,0.2631578947368421
2025-07-01,777282,11,3,0,24,10,43,TEX,TEX,BAL,Jacob Latz,656641,0.2727272727272727,0.0,0.4166666666666667
2025-07-06,777207,16,1,2,27,3,62,TEX,SD,TEX,Jacob Latz,656641,0.0625,0.125,0.1111111111111111
2025-07-10,777159,13,6,1,29,12,54,TEX,LAA,TEX,Jacob Latz,656641,0.46153846153846156,0.07692307692307693,0.41379310344827586
2025-07-20,777073,21,3,2,41,8,84,TEX,TEX,DET,Jacob Latz,656641,0.14285714285714285,0.09523809523809523,0.1951219512195122
2025-07-25,777009,3,0,1,7,0,14,TEX,TEX,ATL,Jacob Latz,656641,0.0,0.3333333333333333,0.0
2025-07-26,776993,5,0,2,9,1,20,TEX,TEX,ATL,Jacob Latz,656641,0.0,0.4,0.1111111111111111
2025-07-31,776923,7,1,1,16,6,35,TEX,SEA,TEX,Jacob Latz,656641,0.14285714285714285,0.14285714285714285,0.375
2025-08-20,776666,12,4,1,21,5,43,TEX,KC,TEX,Jacob Latz,656641,0.3333333333333333,0.08333333333333333,0.23809523809523808
2025-08-27,776563,17,5,1,29,8,66,TEX,TEX,LAA,Jacob Latz,656641,0.29411764705882354,0.058823529411764705,0.27586206896551724
2025-09-02,776481,22,1,2,34,5,71,TEX,AZ,TEX,Jacob Latz,656641,0.045454545454545456,0.09090909090909091,0.14705882352941177
2025-09-08,776406,19,4,1,42,11,84,TEX,TEX,MIL,Jacob Latz,656641,0.21052631578947367,0.05263157894736842,0.2619047619047619
2025-09-14,776335,20,4,4,38,8,88,TEX,NYM,TEX,Jacob Latz,656641,0.2,0.2,0.21052631578947367
2025-09-19,776251,4,0,1,6,0,16,TEX,TEX,MIA,Jacob Latz,656641,0.0,0.25,0.0
2025-09-21,776226,3,0,0,6,0,10,TEX,TEX,MIA,Jacob Latz,656641,0.0,0.0,0.0
2025-09-27,776158,19,6,0,43,13,81,TEX,CLE,TEX,Jacob Latz,656641,0.3157894736842105,0.0,0.3023255813953488
2025-04-30,778114,17,4,2,37,10,77,TOR,TOR,BOS,Eric Lauer,641778,0.23529411764705882,0.11764705882352941,0.2702702702702703
2025-05-06,778025,1,0,0,1,0,1,TOR,LAA,TOR,Eric Lauer,641778,0.0,0.0,0.0
2025-05-11,777958,15,5,1,24,6,63,TOR,SEA,TOR,Eric Lauer,641778,0.3333333333333333,0.06666666666666667,0.25
2025-05-17,777886,12,5,0,19,5,40,TOR,TOR,DET,Eric Lauer,641778,0.4166666666666667,0.0,0.2631578947368421
2025-05-23,777810,21,2,2,38,4,85,TOR,TB,TOR,Eric Lauer,641778,0.09523809523809523,0.09523809523809523,0.10526315789473684
2025-05-28,777724,12,4,2,14,5,41,TOR,TEX,TOR,Eric Lauer,641778,0.3333333333333333,0.16666666666666666,0.35714285714285715
2025-06-03,777665,13,2,1,27,5,43,TOR,TOR,PHI,Eric Lauer,641778,0.15384615384615385,0.07692307692307693,0.18518518518518517
2025-06-06,777615,9,2,1,22,4,44,TOR,MIN,TOR,Eric Lauer,641778,0.2222222222222222,0.1111111111111111,0.18181818181818182
2025-06-11,777545,19,4,1,36,6,73,TOR,STL,TOR,Eric Lauer,641778,0.21052631578947367,0.05263157894736842,0.16666666666666666
2025-06-18,777462,20,8,1,39,9,76,TOR,TOR,AZ,Eric Lauer,641778,0.4,0.05,0.23076923076923078
2025-06-24,777384,23,5,3,45,9,87,TOR,CLE,TOR,Eric Lauer,641778,0.21739130434782608,0.13043478260869565,0.2
2025-06-29,777310,20,4,0,40,4,85,TOR,BOS,TOR,Eric Lauer,641778,0.2,0.0,0.1
2025-07-04,777242,22,6,1,49,11,94,TOR,TOR,LAA,Eric Lauer,641778,0.2727272727272727,0.045454545454545456,0.22448979591836735
2025-07-09,777172,17,7,1,32,6,68,TOR,CWS,TOR,Eric Lauer,641778,0.4117647058823529,0.058823529411764705,0.1875
2025-07-19,777094,20,7,0,44,6,81,TOR,TOR,SF,Eric Lauer,641778,0.35,0.0,0.13636363636363635
2025-07-24,777021,29,6,0,47,10,97,TOR,DET,TOR,Eric Lauer,641778,0.20689655172413793,0.0,0.2127659574468085
2025-07-29,776962,21,4,1,37,8,77,TOR,BAL,TOR,Eric Lauer,641778,0.19047619047619047,0.047619047619047616,0.21621621621621623
2025-08-04,776872,24,4,1,48,10,97,TOR,COL,TOR,Eric Lauer,641778,0.16666666666666666,0.041666666666666664,0.20833333333333334
2025-08-10,776788,18,4,3,29,4,75,TOR,LAD,TOR,Eric Lauer,641778,0.2222222222222222,0.16666666666666666,0.13793103448275862
2025-08-16,776723,23,4,3,46,9,102,TOR,TOR,TEX,Eric Lauer,641778,0.17391304347826086,0.13043478260869565,0.1956521739130435
2025-08-27,776567,24,4,0,57,10,98,TOR,TOR,MIN,Eric Lauer,641778,0.16666666666666666,0.0,0.17543859649122806
2025-09-02,776491,12,2,0,24,2,50,TOR,CIN,TOR,Eric Lauer,641778,0.16666666666666666,0.0,0.08333333333333333
2025-09-13,776343,6,2,1,6,2,22,TOR,TOR,BAL,Eric Lauer,641778,0.3333333333333333,0.16666666666666666,0.3333333333333333
2025-09-16,776305,6,2,0,13,6,22,TOR,TB,TOR,Eric Lauer,641778,0.3333333333333333,0.0,0.46153846153846156
2025-09-18,776269,7,2,0,15,3,30,TOR,TB,TOR,Eric Lauer,641778,0.2857142857142857,0.0,0.2
2025-09-21,776229,3,0,0,5,2,7,TOR,KC,TOR,Eric Lauer,641778,0.0,0.0,0.4
2025-09-25,776186,10,2,0,21,4,45,TOR,TOR,BOS,Eric Lauer,641778,0.2,0.0,0.19047619047619047
2025-09-28,776145,3,1,0,3,1,10,TOR,TOR,TB,Eric Lauer,641778,0.3333333333333333,0.0,0.3333333333333333
2025-03-28,778550,20,4,1,42,12,82,TEX,TEX,BOS,Jack Leiter,683004,0.2,0.05,0.2857142857142857
2025-04-02,778480,16,6,0,33,10,70,TEX,CIN,TEX,Jack Leiter,683004,0.375,0.0,0.30303030303030304
2025-04-27,778151,16,3,4,31,3,76,TEX,SF,TEX,Jack Leiter,683004,0.1875,0.25,0.0967741935483871
2025-05-02,778083,23,2,2,41,8,89,TEX,TEX,SEA,Jack Leiter,683004,0.08695652173913043,0.08695652173913043,0.1951219512195122
2025-05-08,778006,24,3,4,41,7,90,TEX,BOS,TEX,Jack Leiter,683004,0.125,0.16666666666666666,0.17073170731707318
2025-05-13,777934,22,5,3,42,11,89,TEX,TEX,COL,Jack Leiter,683004,0.22727272727272727,0.13636363636363635,0.2619047619047619
2025-05-18,777869,25,4,2,44,9,87,TEX,TEX,HOU,Jack Leiter,683004,0.16,0.08,0.20454545454545456
2025-05-24,777792,26,3,5,37,6,94,TEX,CWS,TEX,Jack Leiter,683004,0.11538461538461539,0.19230769230769232,0.16216216216216217
2025-05-30,777709,22,6,2,44,8,96,TEX,TEX,STL,Jack Leiter,683004,0.2727272727272727,0.09090909090909091,0.18181818181818182
2025-06-05,777629,19,6,1,46,6,80,TEX,TB,TEX,Jack Leiter,683004,0.3157894736842105,0.05263157894736842,0.13043478260869565
2025-06-11,777556,19,2,4,38,9,87,TEX,MIN,TEX,Jack Leiter,683004,0.10526315789473684,0.21052631578947367,0.23684210526315788
2025-06-17,777468,27,4,2,42,6,94,TEX,TEX,KC,Jack Leiter,683004,0.14814814814814814,0.07407407407407407,0.14285714285714285
2025-06-22,777404,19,2,2,45,13,89,TEX,PIT,TEX,Jack Leiter,683004,0.10526315789473684,0.10526315789473684,0.28888888888888886
2025-06-29,777302,26,7,0,53,13,88,TEX,TEX,SEA,Jack Leiter,683004,0.2692307692307692,0.0,0.24528301886792453
2025-07-06,777207,18,5,2,47,11,85,TEX,SD,TEX,Jack Leiter,683004,0.2777777777777778,0.1111111111111111,0.23404255319148937
2025-07-11,777154,24,6,4,39,10,87,TEX,HOU,TEX,Jack Leiter,683004,0.25,0.16666666666666666,0.2564102564102564
2025-07-21,777057,27,7,4,39,8,95,TEX,TEX,ATH,Jack Leiter,683004,0.25925925925925924,0.14814814814814814,0.20512820512820512
2025-07-27,776981,23,7,3,46,13,100,TEX,TEX,ATL,Jack Leiter,683004,0.30434782608695654,0.13043478260869565,0.2826086956521739
2025-08-01,776908,19,7,3,48,18,92,TEX,SEA,TEX,Jack Leiter,683004,0.3684210526315789,0.15789473684210525,0.375
2025-08-06,776845,17,3,4,23,6,68,TEX,TEX,NYY,Jack Leiter,683004,0.17647058823529413,0.23529411764705882,0.2608695652173913
2025-08-12,776764,22,3,2,43,12,91,TEX,TEX,AZ,Jack Leiter,683004,0.13636363636363635,0.09090909090909091,0.27906976744186046
2025-08-18,776690,20,5,3,37,9,81,TEX,KC,TEX,Jack Leiter,683004,0.25,0.15,0.24324324324324326
2025-08-23,776623,23,10,0,44,9,93,TEX,TEX,CLE,Jack Leiter,683004,0.43478260869565216,0.0,0.20454545454545456
2025-08-29,776538,24,7,2,49,11,97,TEX,ATH,TEX,Jack Leiter,683004,0.2916666666666667,0.08333333333333333,0.22448979591836735
2025-09-03,776468,23,8,3,48,13,99,TEX,AZ,TEX,Jack Leiter,683004,0.34782608695652173,0.13043478260869565,0.2708333333333333
2025-09-09,776395,22,4,2,42,7,89,TEX,TEX,MIL,Jack Leiter,683004,0.18181818181818182,0.09090909090909091,0.16666666666666666
2025-09-15,776319,28,4,1,50,5,102,TEX,HOU,TEX,Jack Leiter,683004,0.14285714285714285,0.03571428571428571,0.1
2025-09-20,776242,26,4,1,51,6,94,TEX,TEX,MIA,Jack Leiter,683004,0.15384615384615385,0.038461538461538464,0.11764705882352941
2025-09-26,776175,26,10,1,50,15,101,TEX,CLE,TEX,Jack Leiter,683004,0.38461538461538464,0.038461538461538464,0.3
2025-04-01,778495,22,4,0,39,4,77,STL,STL,LAA,Matthew Liberatore,669461,0.18181818181818182,0.0,0.10256410256410256
2025-04-07,778415,28,7,0,46,11,89,STL,PIT,STL,Matthew Liberatore,669461,0.25,0.0,0.2391304347826087
2025-04-13,778336,22,7,1,40,14,89,STL,STL,PHI,Matthew Liberatore,669461,0.3181818181818182,0.045454545454545456,0.35
2025-04-19,778256,27,6,1,53,12,100,STL,NYM,STL,Matthew Liberatore,669461,0.2222222222222222,0.037037037037037035,0.22641509433962265
2025-04-25,778184,23,4,0,42,9,89,STL,STL,MIL,Matthew Liberatore,669461,0.17391304347826086,0.0,0.21428571428571427
2025-05-01,778107,12,2,1,16,1,42,STL,CIN,STL,Matthew Liberatore,669461,0.16666666666666666,0.08333333333333333,0.0625
2025-05-06,778030,27,8,3,48,16,99,STL,STL,PIT,Matthew Liberatore,669461,0.2962962962962963,0.1111111111111111,0.3333333333333333
2025-05-12,777953,24,4,1,45,10,80,STL,PHI,STL,Matthew Liberatore,669461,0.16666666666666666,0.041666666666666664,0.2222222222222222
2025-05-18,777864,26,5,1,42,8,92,STL,KC,STL,Matthew Liberatore,669461,0.19230769230769232,0.038461538461538464,0.19047619047619047
2025-05-24,777786,27,4,0,42,8,88,STL,STL,AZ,Matthew Liberatore,669461,0.14814814814814814,0.0,0.19047619047619047
2025-05-30,777709,23,5,1,41,10,91,STL,TEX,STL,Matthew Liberatore,669461,0.21739130434782608,0.043478260869565216,0.24390243902439024
2025-06-05,777635,21,2,1,42,4,71,STL,STL,KC,Matthew Liberatore,669461,0.09523809523809523,0.047619047619047616,0.09523809523809523
2025-06-11,777545,25,4,1,50,8,90,STL,STL,TOR,Matthew Liberatore,669461,0.16,0.04,0.16
2025-06-17,777467,23,4,0,45,4,86,STL,CWS,STL,Matthew Liberatore,669461,0.17391304347826086,0.0,0.08888888888888889
2025-06-23,777392,27,5,1,41,11,85,STL,STL,CHC,Matthew Liberatore,669461,0.18518518518518517,0.037037037037037035,0.2682926829268293
2025-06-29,777309,25,5,5,39,9,96,STL,CLE,STL,Matthew Liberatore,669461,0.2,0.2,0.23076923076923078
2025-07-05,777229,23,4,4,38,8,94,STL,CHC,STL,Matthew Liberatore,669461,0.17391304347826086,0.17391304347826086,0.21052631578947367
2025-07-11,777147,18,0,1,33,3,73,STL,STL,ATL,Matthew Liberatore,669461,0.0,0.05555555555555555,0.09090909090909091
2025-07-26,776992,22,3,2,35,6,78,STL,STL,SD,Matthew Liberatore,669461,0.13636363636363635,0.09090909090909091,0.17142857142857143
2025-08-01,776906,20,1,2,42,2,85,STL,SD,STL,Matthew Liberatore,669461,0.05,0.1,0.047619047619047616
2025-08-06,776839,19,1,1,30,2,72,STL,LAD,STL,Matthew Liberatore,669461,0.05263157894736842,0.05263157894736842,0.06666666666666667
2025-08-12,776775,16,3,1,42,4,80,STL,STL,COL,Matthew Liberatore,669461,0.1875,0.0625,0.09523809523809523
2025-08-18,776688,21,5,1,36,7,75,STL,MIA,STL,Matthew Liberatore,669461,0.23809523809523808,0.047619047619047616,0.19444444444444445
2025-08-24,776606,19,5,3,29,9,73,STL,TB,STL,Matthew Liberatore,669461,0.2631578947368421,0.15789473684210525,0.3103448275862069
2025-08-29,776551,25,4,2,43,4,88,STL,CIN,STL,Matthew Liberatore,669461,0.16,0.08,0.09302325581395349
2025-09-03,776470,21,7,1,40,9,81,STL,STL,ATH,Matthew Liberatore,669461,0.3333333333333333,0.047619047619047616,0.225
2025-09-09,776391,20,1,3,24,3,65,STL,SEA,STL,Matthew Liberatore,669461,0.05,0.15,0.125
2025-09-15,776312,23,6,1,36,8,77,STL,STL,CIN,Matthew Liberatore,669461,0.2608695652173913,0.043478260869565216,0.2222222222222222
2025-09-21,776231,20,6,1,44,8,85,STL,STL,MIL,Matthew Liberatore,669461,0.3,0.05,0.18181818181818182
2025-03-29,778537,22,7,0,52,13,87,TB,TB,COL,Zack Littell,641793,0.3181818181818182,0.0,0.25
2025-04-04,778454,27,3,2,45,5,82,TB,TEX,TB,Zack Littell,641793,0.1111111111111111,0.07407407407407407,0.1111111111111111
2025-04-10,778382,21,4,1,41,6,78,TB,TB,LAA,Zack Littell,641793,0.19047619047619047,0.047619047619047616,0.14634146341463414
2025-04-16,778298,25,5,2,46,10,92,TB,TB,BOS,Zack Littell,641793,0.2,0.08,0.21739130434782608
2025-04-22,778212,24,2,1,49,8,99,TB,AZ,TB,Zack Littell,641793,0.08333333333333333,0.041666666666666664,0.16326530612244897
2025-04-27,778146,20,1,1,36,3,73,TB,SD,TB,Zack Littell,641793,0.05,0.05,0.08333333333333333
2025-05-03,778074,24,3,0,44,7,81,TB,NYY,TB,Zack Littell,641793,0.125,0.0,0.1590909090909091
2025-05-09,778002,25,5,1,48,9,90,TB,TB,MIL,Zack Littell,641793,0.2,0.04,0.1875
2025-05-15,777913,28,2,1,42,5,87,TB,TOR,TB,Zack Littell,641793,0.07142857142857142,0.03571428571428571,0.11904761904761904
2025-05-20,777848,23,6,0,49,9,103,TB,TB,HOU,Zack Littell,641793,0.2608695652173913,0.0,0.1836734693877551
2025-05-26,777762,21,4,0,40,6,72,TB,TB,MIN,Zack Littell,641793,0.19047619047619047,0.0,0.15
2025-05-31,777693,37,6,1,67,10,117,TB,HOU,TB,Zack Littell,641793,0.16216216216216217,0.02702702702702703,0.14925373134328357
2025-06-06,777625,23,4,0,35,8,72,TB,TB,MIA,Zack Littell,641793,0.17391304347826086,0.0,0.22857142857142856
2025-06-11,777561,27,6,0,48,11,92,TB,BOS,TB,Zack Littell,641793,0.2222222222222222,0.0,0.22916666666666666
2025-06-17,777477,25,3,0,53,7,91,TB,TB,BAL,Zack Littell,641793,0.12,0.0,0.1320754716981132
2025-06-22,777409,19,5,0,38,12,69,TB,TB,DET,Zack Littell,641793,0.2631578947368421,0.0,0.3157894736842105
2025-06-28,777330,25,5,2,45,11,94,TB,BAL,TB,Zack Littell,641793,0.2,0.08,0.24444444444444444
2025-07-04,777247,24,5,2,37,6,83,TB,MIN,TB,Zack Littell,641793,0.20833333333333334,0.08333333333333333,0.16216216216216217
2025-07-09,777182,24,4,2,46,8,87,TB,DET,TB,Zack Littell,641793,0.16666666666666666,0.08333333333333333,0.17391304347826086
2025-07-19,777095,24,3,0,49,10,89,TB,TB,BAL,Zack Littell,641793,0.125,0.0,0.20408163265306123
2025-07-25,777013,29,2,0,50,6,97,TB,CIN,TB,Zack Littell,641793,0.06896551724137931,0.0,0.12
2025-07-30,776938,21,4,4,50,9,94,TB,NYY,TB,Zack Littell,641793,0.19047619047619047,0.19047619047619047,0.18
2025-08-05,776860,26,8,2,49,15,92,CIN,CHC,CIN,Zack Littell,641793,0.3076923076923077,0.07692307692307693,0.30612244897959184
2025-08-10,776801,24,3,0,43,8,83,CIN,PIT,CIN,Zack Littell,641793,0.125,0.0,0.18604651162790697
2025-08-16,776721,24,3,1,41,4,87,CIN,CIN,MIL,Zack Littell,641793,0.125,0.041666666666666664,0.0975609756097561
2025-08-22,776635,17,3,3,31,5,77,CIN,AZ,CIN,Zack Littell,641793,0.17647058823529413,0.17647058823529413,0.16129032258064516
2025-08-29,776551,28,4,0,55,10,97,CIN,CIN,STL,Zack Littell,641793,0.14285714285714285,0.0,0.18181818181818182
2025-09-03,776475,20,6,1,40,9,88,CIN,CIN,TOR,Zack Littell,641793,0.3,0.05,0.225
2025-09-09,776392,22,4,1,49,12,94,CIN,SD,CIN,Zack Littell,641793,0.18181818181818182,0.045454545454545456,0.24489795918367346
2025-09-15,776312,22,3,0,42,8,86,CIN,STL,CIN,Zack Littell,641793,0.13636363636363635,0.0,0.19047619047619047
2025-09-20,776254,19,4,1,34,6,73,CIN,CIN,CHC,Zack Littell,641793,0.21052631578947367,0.05263157894736842,0.17647058823529413
2025-09-26,776171,20,3,2,42,6,85,CIN,MIL,CIN,Zack Littell,641793,0.15,0.1,0.14285714285714285
2025-10-01,813068,17,2,0,31,6,52,CIN,LAD,CIN,Zack Littell,641793,0.11764705882352941,0.0,0.1935483870967742
2025-03-27,778558,19,3,0,36,5,67,CLE,KC,CLE,Ben Lively,594902,0.15789473684210525,0.0,0.1388888888888889
2025-04-02,778476,21,4,2,42,5,86,CLE,SD,CLE,Ben Lively,594902,0.19047619047619047,0.09523809523809523,0.11904761904761904
2025-04-08,778402,17,4,3,29,6,81,CLE,CLE,CWS,Ben Lively,594902,0.23529411764705882,0.17647058823529413,0.20689655172413793
2025-04-13,778342,24,5,2,48,10,93,CLE,CLE,KC,Ben Lively,594902,0.20833333333333334,0.08333333333333333,0.20833333333333334
2025-04-19,778254,21,3,1,42,4,90,CLE,PIT,CLE,Ben Lively,594902,0.14285714285714285,0.047619047619047616,0.09523809523809523
2025-04-26,778179,24,4,3,48,2,104,CLE,CLE,BOS,Ben Lively,594902,0.16666666666666666,0.125,0.041666666666666664
2025-05-01,778108,22,2,0,48,6,91,CLE,CLE,MIN,Ben Lively,594902,0.09090909090909091,0.0,0.125
2025-05-06,778046,19,3,2,29,5,63,CLE,WSH,CLE,Ben Lively,594902,0.15789473684210525,0.10526315789473684,0.1724137931034483
2025-05-12,777960,12,1,2,16,1,45,CLE,CLE,MIL,Ben Lively,594902,0.08333333333333333,0.16666666666666666,0.0625
2025-03-29,778540,23,1,0,47,7,86,CIN,CIN,SF,Nick Lodolo,666157,0.043478260869565216,0.0,0.14893617021276595
2025-04-03,778468,25,4,0,43,7,82,CIN,MIL,CIN,Nick Lodolo,666157,0.16,0.0,0.16279069767441862
2025-04-08,778397,23,3,1,42,7,87,CIN,SF,CIN,Nick Lodolo,666157,0.13043478260869565,0.043478260869565216,0.16666666666666666
2025-04-15,778316,21,6,1,42,9,90,CIN,CIN,SEA,Nick Lodolo,666157,0.2857142857142857,0.047619047619047616,0.21428571428571427
2025-04-21,778230,26,4,2,52,11,100,CIN,MIA,CIN,Nick Lodolo,666157,0.15384615384615385,0.07692307692307693,0.21153846153846154
2025-04-27,778148,25,9,1,52,13,91,CIN,COL,CIN,Nick Lodolo,666157,0.36,0.04,0.25
2025-05-03,778077,31,4,2,46,4,98,CIN,CIN,WSH,Nick Lodolo,666157,0.12903225806451613,0.06451612903225806,0.08695652173913043
2025-05-08,778003,23,7,0,45,13,93,CIN,ATL,CIN,Nick Lodolo,666157,0.30434782608695654,0.0,0.28888888888888886
2025-05-14,777928,24,4,2,50,11,98,CIN,CIN,CWS,Nick Lodolo,666157,0.16666666666666666,0.08333333333333333,0.22
2025-05-19,777859,24,7,1,46,12,89,CIN,PIT,CIN,Nick Lodolo,666157,0.2916666666666667,0.041666666666666664,0.2608695652173913
2025-05-25,777779,23,6,2,40,7,91,CIN,CIN,CHC,Nick Lodolo,666157,0.2608695652173913,0.08695652173913043,0.175
2025-05-31,777704,22,5,2,37,8,94,CIN,CHC,CIN,Nick Lodolo,666157,0.22727272727272727,0.09090909090909091,0.21621621621621623
2025-06-06,777623,21,4,0,49,8,86,CIN,CIN,AZ,Nick Lodolo,666157,0.19047619047619047,0.0,0.16326530612244897
2025-06-11,777549,17,5,2,35,12,76,CIN,CLE,CIN,Nick Lodolo,666157,0.29411764705882354,0.11764705882352941,0.34285714285714286
2025-06-18,777474,24,4,2,47,10,87,CIN,CIN,MIN,Nick Lodolo,666157,0.16666666666666666,0.08333333333333333,0.2127659574468085
2025-06-23,777390,20,6,0,48,9,94,CIN,CIN,NYY,Nick Lodolo,666157,0.3,0.0,0.1875
2025-06-29,777312,26,5,2,40,11,95,CIN,CIN,SD,Nick Lodolo,666157,0.19230769230769232,0.07692307692307693,0.275
2025-07-05,777233,24,8,2,49,17,85,CIN,PHI,CIN,Nick Lodolo,666157,0.3333333333333333,0.08333333333333333,0.3469387755102041
2025-07-10,777168,21,4,0,46,10,91,CIN,CIN,MIA,Nick Lodolo,666157,0.19047619047619047,0.0,0.21739130434782608
2025-07-18,777111,26,7,1,41,10,97,CIN,NYM,CIN,Nick Lodolo,666157,0.2692307692307692,0.038461538461538464,0.24390243902439024
2025-07-23,777026,30,8,0,50,13,105,CIN,WSH,CIN,Nick Lodolo,666157,0.26666666666666666,0.0,0.26
2025-07-29,776963,22,11,1,51,14,94,CIN,CIN,LAD,Nick Lodolo,666157,0.5,0.045454545454545456,0.27450980392156865
2025-08-04,776878,5,1,0,9,2,23,CIN,CHC,CIN,Nick Lodolo,666157,0.2,0.0,0.2222222222222222
2025-08-27,776562,21,6,0,41,13,80,CIN,LAD,CIN,Nick Lodolo,666157,0.2857142857142857,0.0,0.3170731707317073
2025-09-08,776407,18,2,1,37,10,79,CIN,SD,CIN,Nick Lodolo,666157,0.1111111111111111,0.05555555555555555,0.2702702702702703
2025-09-14,776327,25,5,0,51,15,91,CIN,ATH,CIN,Nick Lodolo,666157,0.2,0.0,0.29411764705882354
2025-09-19,776267,23,7,2,48,18,94,CIN,CIN,CHC,Nick Lodolo,666157,0.30434782608695654,0.08695652173913043,0.375
2025-09-25,776190,22,12,1,46,25,81,CIN,CIN,PIT,Nick Lodolo,666157,0.5454545454545454,0.045454545454545456,0.5434782608695652
2025-09-28,776144,7,0,2,6,1,26,CIN,MIL,CIN,Nick Lodolo,666157,0.0,0.2857142857142857,0.16666666666666666
2025-10-01,813068,7,0,0,8,1,14,CIN,LAD,CIN,Nick Lodolo,666157,0.0,0.0,0.125
2025-04-18,778261,8,1,0,15,2,26,ATH,MIL,ATH,Jacob Lopez,682052,0.125,0.0,0.13333333333333333
2025-04-20,778239,5,0,0,10,2,21,ATH,MIL,ATH,Jacob Lopez,682052,0.0,0.0,0.2
2025-04-22,778213,9,4,3,12,3,41,ATH,ATH,TEX,Jacob Lopez,682052,0.4444444444444444,0.3333333333333333,0.25
2025-04-29,778122,18,4,4,39,5,84,ATH,TEX,ATH,Jacob Lopez,682052,0.2222222222222222,0.2222222222222222,0.1282051282051282
2025-05-23,777804,26,8,1,40,13,91,ATH,ATH,PHI,Jacob Lopez,682052,0.3076923076923077,0.038461538461538464,0.325
2025-05-29,777727,12,0,1,17,2,43,ATH,TOR,ATH,Jacob Lopez,682052,0.0,0.08333333333333333,0.11764705882352941
2025-06-03,777658,20,9,1,44,16,96,ATH,ATH,MIN,Jacob Lopez,682052,0.45,0.05,0.36363636363636365
2025-06-08,777588,18,5,2,38,11,91,ATH,ATH,BAL,Jacob Lopez,682052,0.2777777777777778,0.1111111111111111,0.2894736842105263
2025-06-14,777511,23,9,1,47,15,98,ATH,KC,ATH,Jacob Lopez,682052,0.391304347826087,0.043478260869565216,0.3191489361702128
2025-06-19,777441,27,9,3,50,19,95,ATH,ATH,HOU,Jacob Lopez,682052,0.3333333333333333,0.1111111111111111,0.38
2025-06-25,777371,25,6,1,45,11,103,ATH,DET,ATH,Jacob Lopez,682052,0.24,0.04,0.24444444444444444
2025-06-30,777296,16,1,1,25,2,50,ATH,TB,ATH,Jacob Lopez,682052,0.0625,0.0625,0.08
2025-07-06,777210,20,8,1,38,14,88,ATH,ATH,SF,Jacob Lopez,682052,0.4,0.05,0.3684210526315789
2025-07-12,777132,21,5,2,39,11,87,ATH,ATH,TOR,Jacob Lopez,682052,0.23809523809523808,0.09523809523809523,0.28205128205128205
2025-07-21,777057,22,6,3,41,8,93,ATH,TEX,ATH,Jacob Lopez,682052,0.2727272727272727,0.13636363636363635,0.1951219512195122
2025-07-26,776991,19,4,4,43,8,95,ATH,HOU,ATH,Jacob Lopez,682052,0.21052631578947367,0.21052631578947367,0.18604651162790697
2025-08-01,776914,21,5,2,45,8,95,ATH,ATH,AZ,Jacob Lopez,682052,0.23809523809523808,0.09523809523809523,0.17777777777777778
2025-08-07,776837,25,9,0,59,17,114,ATH,WSH,ATH,Jacob Lopez,682052,0.36,0.0,0.288135593220339
2025-08-12,776762,24,9,0,42,15,96,ATH,ATH,TB,Jacob Lopez,682052,0.375,0.0,0.35714285714285715
2025-08-19,776674,24,8,1,38,10,94,ATH,MIN,ATH,Jacob Lopez,682052,0.3333333333333333,0.041666666666666664,0.2631578947368421
2025-08-24,776602,18,2,6,26,5,65,ATH,SEA,ATH,Jacob Lopez,682052,0.1111111111111111,0.3333333333333333,0.19230769230769232
2025-03-27,778551,22,3,0,45,11,87,MIN,STL,MIN,Pablo L\xc3\xb3pez,641154,0.13636363636363635,0.0,0.24444444444444444
2025-04-02,778474,26,5,1,51,7,98,MIN,CWS,MIN,Pablo L\xc3\xb3pez,641154,0.19230769230769232,0.038461538461538464,0.13725490196078433
2025-04-08,778400,19,6,1,35,11,78,MIN,KC,MIN,Pablo L\xc3\xb3pez,641154,0.3157894736842105,0.05263157894736842,0.3142857142857143
2025-04-25,778186,22,6,2,43,10,101,MIN,MIN,LAA,Pablo L\xc3\xb3pez,641154,0.2727272727272727,0.09090909090909091,0.23255813953488372
2025-04-30,778116,23,6,0,45,10,90,MIN,CLE,MIN,Pablo L\xc3\xb3pez,641154,0.2608695652173913,0.0,0.2222222222222222
2025-05-06,778028,18,11,1,46,17,98,MIN,MIN,BAL,Pablo L\xc3\xb3pez,641154,0.6111111111111112,0.05555555555555555,0.3695652173913043
2025-05-11,777956,25,6,2,39,10,91,MIN,MIN,SF,Pablo L\xc3\xb3pez,641154,0.24,0.08,0.2564102564102564
2025-05-17,777883,22,6,2,49,14,95,MIN,MIL,MIN,Pablo L\xc3\xb3pez,641154,0.2727272727272727,0.09090909090909091,0.2857142857142857
2025-05-23,777799,26,5,0,55,12,102,MIN,MIN,KC,Pablo L\xc3\xb3pez,641154,0.19230769230769232,0.0,0.21818181818181817
2025-05-28,777732,23,3,2,50,12,95,MIN,TB,MIN,Pablo L\xc3\xb3pez,641154,0.13043478260869565,0.08695652173913043,0.24
2025-06-03,777658,21,4,3,32,8,72,MIN,ATH,MIN,Pablo L\xc3\xb3pez,641154,0.19047619047619047,0.14285714285714285,0.25
2025-09-05,776446,25,4,1,46,10,92,MIN,KC,MIN,Pablo L\xc3\xb3pez,641154,0.16,0.04,0.21739130434782608
2025-09-12,776355,23,6,3,42,9,99,MIN,MIN,AZ,Pablo L\xc3\xb3pez,641154,0.2608695652173913,0.13043478260869565,0.21428571428571427
2025-09-19,776263,17,2,2,29,6,61,MIN,MIN,CLE,Pablo L\xc3\xb3pez,641154,0.11764705882352941,0.11764705882352941,0.20689655172413793
2025-03-30,778526,3,0,2,7,0,16,WSH,WSH,PHI,Brad Lord,695418,0.0,0.6666666666666666,0.0
2025-03-31,778507,3,0,0,3,0,6,WSH,TOR,WSH,Brad Lord,695418,0.0,0.0,0.0
2025-04-02,778478,5,0,0,12,2,20,WSH,TOR,WSH,Brad Lord,695418,0.0,0.0,0.16666666666666666
2025-04-08,778409,13,4,2,21,4,55,WSH,WSH,LAD,Brad Lord,695418,0.3076923076923077,0.15384615384615385,0.19047619047619047
2025-04-14,778321,18,0,3,24,3,57,WSH,PIT,WSH,Brad Lord,695418,0.0,0.16666666666666666,0.125
2025-04-20,778266,20,5,2,37,13,65,WSH,COL,WSH,Brad Lord,695418,0.25,0.1,0.35135135135135137
2025-04-26,778173,16,2,0,43,8,80,WSH,WSH,NYM,Brad Lord,695418,0.125,0.0,0.18604651162790697
2025-05-01,778099,21,4,1,33,3,69,WSH,PHI,WSH,Brad Lord,695418,0.19047619047619047,0.047619047619047616,0.09090909090909091
2025-05-06,778046,23,4,1,52,6,93,WSH,WSH,CLE,Brad Lord,695418,0.17391304347826086,0.043478260869565216,0.11538461538461539
2025-05-11,777962,7,2,1,13,5,25,WSH,WSH,STL,Brad Lord,695418,0.2857142857142857,0.14285714285714285,0.38461538461538464
2025-05-13,777942,11,3,1,22,5,43,WSH,ATL,WSH,Brad Lord,695418,0.2727272727272727,0.09090909090909091,0.22727272727272727
2025-05-15,777909,6,1,0,10,2,19,WSH,ATL,WSH,Brad Lord,695418,0.16666666666666666,0.0,0.2
2025-05-18,777873,4,0,0,11,4,21,WSH,BAL,WSH,Brad Lord,695418,0.0,0.0,0.36363636363636365
2025-05-22,777820,6,3,1,11,5,29,WSH,WSH,ATL,Brad Lord,695418,0.5,0.16666666666666666,0.45454545454545453
2025-05-25,777778,8,2,1,15,3,28,WSH,WSH,SF,Brad Lord,695418,0.25,0.125,0.2
2025-05-28,777730,5,2,0,16,4,26,WSH,SEA,WSH,Brad Lord,695418,0.4,0.0,0.25
2025-05-30,777710,8,3,2,14,3,32,WSH,AZ,WSH,Brad Lord,695418,0.375,0.25,0.21428571428571427
2025-06-01,777679,3,1,0,4,2,9,WSH,AZ,WSH,Brad Lord,695418,0.3333333333333333,0.0,0.5
2025-06-04,777650,4,0,1,5,1,18,WSH,WSH,CHC,Brad Lord,695418,0.0,0.25,0.2
2025-06-06,777624,3,0,0,4,0,9,WSH,WSH,TEX,Brad Lord,695418,0.0,0.0,0.0
2025-06-08,777596,8,1,2,18,1,34,WSH,WSH,TEX,Brad Lord,695418,0.125,0.25,0.05555555555555555
2025-06-10,777570,3,0,0,5,0,12,WSH,NYM,WSH,Brad Lord,695418,0.0,0.0,0.0
2025-06-13,777530,7,2,0,16,2,38,WSH,WSH,MIA,Brad Lord,695418,0.2857142857142857,0.0,0.125
2025-06-14,777514,6,0,0,7,0,12,WSH,WSH,MIA,Brad Lord,695418,0.0,0.0,0.0
2025-06-16,777488,6,2,0,13,5,22,WSH,WSH,COL,Brad Lord,695418,0.3333333333333333,0.0,0.38461538461538464
2025-06-18,777461,4,1,0,9,2,14,WSH,WSH,COL,Brad Lord,695418,0.25,0.0,0.2222222222222222
2025-06-21,777416,3,2,0,7,3,13,WSH,LAD,WSH,Brad Lord,695418,0.6666666666666666,0.0,0.42857142857142855
2025-06-23,777382,6,1,0,11,1,23,WSH,SD,WSH,Brad Lord,695418,0.16666666666666666,0.0,0.09090909090909091
2025-06-25,777360,7,1,1,12,4,30,WSH,SD,WSH,Brad Lord,695418,0.14285714285714285,0.14285714285714285,0.3333333333333333
2025-06-27,777331,7,1,1,20,3,36,WSH,LAA,WSH,Brad Lord,695418,0.14285714285714285,0.14285714285714285,0.15
2025-07-02,777265,4,2,0,12,2,20,WSH,WSH,DET,Brad Lord,695418,0.5,0.0,0.16666666666666666
2025-07-03,777258,6,1,1,10,3,21,WSH,WSH,DET,Brad Lord,695418,0.16666666666666666,0.16666666666666666,0.3
2025-07-06,777213,7,1,0,11,3,26,WSH,WSH,BOS,Brad Lord,695418,0.14285714285714285,0.0,0.2727272727272727
2025-07-11,777149,3,2,0,8,2,13,WSH,MIL,WSH,Brad Lord,695418,0.6666666666666666,0.0,0.25
2025-07-12,777135,7,0,0,13,1,27,WSH,MIL,WSH,Brad Lord,695418,0.0,0.0,0.07692307692307693
2025-07-22,777042,17,1,0,29,3,50,WSH,WSH,CIN,Brad Lord,695418,0.058823529411764705,0.0,0.10344827586206896
2025-07-28,776969,18,2,1,29,7,59,WSH,HOU,WSH,Brad Lord,695418,0.1111111111111111,0.05555555555555555,0.2413793103448276
2025-08-03,776894,21,6,2,45,14,92,WSH,WSH,MIL,Brad Lord,695418,0.2857142857142857,0.09523809523809523,0.3111111111111111
2025-08-09,776802,23,5,2,42,6,86,WSH,SF,WSH,Brad Lord,695418,0.21739130434782608,0.08695652173913043,0.14285714285714285
2025-08-14,776743,25,3,1,46,6,92,WSH,WSH,PHI,Brad Lord,695418,0.12,0.04,0.13043478260869565
2025-08-20,776659,23,4,2,44,7,92,WSH,WSH,NYM,Brad Lord,695418,0.17391304347826086,0.08695652173913043,0.1590909090909091
2025-08-25,776597,23,5,2,41,7,78,WSH,NYY,WSH,Brad Lord,695418,0.21739130434782608,0.08695652173913043,0.17073170731707318
2025-08-31,776520,16,3,2,28,6,62,WSH,WSH,TB,Brad Lord,695418,0.1875,0.125,0.21428571428571427
2025-09-06,776440,21,7,4,39,12,91,WSH,CHC,WSH,Brad Lord,695418,0.3333333333333333,0.19047619047619047,0.3076923076923077
2025-09-12,776351,25,4,0,41,3,88,WSH,WSH,PIT,Brad Lord,695418,0.16,0.0,0.07317073170731707
2025-09-17,776286,22,4,1,56,6,102,WSH,WSH,ATL,Brad Lord,695418,0.18181818181818182,0.045454545454545456,0.10714285714285714
2025-09-23,776219,23,4,1,48,6,96,WSH,ATL,WSH,Brad Lord,695418,0.17391304347826086,0.043478260869565216,0.125
2025-09-28,776143,19,4,2,41,8,80,WSH,WSH,CWS,Brad Lord,695418,0.21052631578947367,0.10526315789473684,0.1951219512195122
2025-04-01,778488,24,7,3,43,12,97,KC,MIL,KC,Michael Lorenzen,547179,0.2916666666666667,0.125,0.27906976744186046
2025-04-07,778412,23,3,0,42,9,89,KC,KC,MIN,Michael Lorenzen,547179,0.13043478260869565,0.0,0.21428571428571427
2025-04-12,778359,25,4,1,40,7,85,KC,CLE,KC,Michael Lorenzen,547179,0.16,0.04,0.175
2025-04-17,778286,24,3,3,46,7,102,KC,DET,KC,Michael Lorenzen,547179,0.125,0.125,0.15217391304347827
2025-04-24,778195,26,7,4,41,12,96,KC,KC,COL,Michael Lorenzen,547179,0.2692307692307692,0.15384615384615385,0.2926829268292683
2025-04-29,778128,24,4,2,45,6,88,KC,TB,KC,Michael Lorenzen,547179,0.16666666666666666,0.08333333333333333,0.13333333333333333
2025-05-04,778062,22,5,1,46,13,85,KC,BAL,KC,Michael Lorenzen,547179,0.22727272727272727,0.045454545454545456,0.2826086956521739
2025-05-09,777990,25,7,0,45,17,90,KC,KC,BOS,Michael Lorenzen,547179,0.28,0.0,0.37777777777777777
2025-05-14,777920,27,4,1,44,6,84,KC,HOU,KC,Michael Lorenzen,547179,0.14814814814814814,0.037037037037037035,0.13636363636363635
2025-05-20,777836,23,5,1,47,11,97,KC,SF,KC,Michael Lorenzen,547179,0.21739130434782608,0.043478260869565216,0.23404255319148937
2025-05-26,777760,29,2,3,45,7,102,KC,KC,CIN,Michael Lorenzen,547179,0.06896551724137931,0.10344827586206896,0.15555555555555556
2025-06-03,777660,16,2,1,37,3,74,KC,STL,KC,Michael Lorenzen,547179,0.125,0.0625,0.08108108108108109
2025-06-08,777590,21,7,2,48,12,92,KC,CWS,KC,Michael Lorenzen,547179,0.3333333333333333,0.09523809523809523,0.25
2025-06-14,777511,25,4,3,42,6,89,KC,KC,ATH,Michael Lorenzen,547179,0.16,0.12,0.14285714285714285
2025-06-20,777426,24,4,3,43,7,89,KC,SD,KC,Michael Lorenzen,547179,0.16666666666666666,0.125,0.16279069767441862
2025-06-26,777353,24,4,0,41,6,81,KC,KC,TB,Michael Lorenzen,547179,0.16666666666666666,0.0,0.14634146341463414
2025-07-01,777281,19,5,0,41,9,89,KC,SEA,KC,Michael Lorenzen,547179,0.2631578947368421,0.0,0.21951219512195122
2025-07-06,777218,24,7,1,45,17,82,KC,AZ,KC,Michael Lorenzen,547179,0.2916666666666667,0.041666666666666664,0.37777777777777777
2025-08-16,776712,17,3,2,31,7,82,KC,KC,CWS,Michael Lorenzen,547179,0.17647058823529413,0.11764705882352941,0.22580645161290322
2025-08-21,776657,25,6,1,39,9,89,KC,KC,TEX,Michael Lorenzen,547179,0.24,0.04,0.23076923076923078
2025-08-26,776583,21,6,1,34,5,78,KC,CWS,KC,Michael Lorenzen,547179,0.2857142857142857,0.047619047619047616,0.14705882352941177
2025-09-02,776488,23,5,1,43,9,95,KC,KC,LAA,Michael Lorenzen,547179,0.21739130434782608,0.043478260869565216,0.20930232558139536
2025-09-07,776422,22,5,0,42,15,82,KC,KC,MIN,Michael Lorenzen,547179,0.22727272727272727,0.0,0.35714285714285715
2025-09-12,776354,20,3,2,39,9,72,KC,PHI,KC,Michael Lorenzen,547179,0.15,0.1,0.23076923076923078
2025-09-17,776289,3,1,0,5,1,12,KC,KC,SEA,Michael Lorenzen,547179,0.3333333333333333,0.0,0.2
2025-09-19,776260,29,4,3,51,7,113,KC,KC,TOR,Michael Lorenzen,547179,0.13793103448275862,0.10344827586206896,0.13725490196078433
2025-09-25,776178,22,9,0,43,11,84,KC,LAA,KC,Michael Lorenzen,547179,0.4090909090909091,0.0,0.2558139534883721
2025-04-02,778478,18,3,2,37,11,74,TOR,TOR,WSH,Easton Lucas,687922,0.16666666666666666,0.1111111111111111,0.2972972972972973
2025-04-08,778404,20,8,1,41,12,82,TOR,BOS,TOR,Easton Lucas,687922,0.4,0.05,0.2926829268292683
2025-04-14,778322,23,3,4,49,6,87,TOR,TOR,ATL,Easton Lucas,687922,0.13043478260869565,0.17391304347826086,0.12244897959183673
2025-04-20,778241,14,5,2,24,7,55,TOR,TOR,SEA,Easton Lucas,687922,0.35714285714285715,0.14285714285714285,0.2916666666666667
2025-05-31,777701,18,3,1,37,8,70,TOR,TOR,ATH,Easton Lucas,687922,0.16666666666666666,0.05555555555555555,0.21621621621621623
2025-07-29,778372,15,1,2,37,7,70,TOR,BAL,TOR,Easton Lucas,687922,0.06666666666666667,0.13333333333333333,0.1891891891891892
2025-03-29,778529,22,4,3,32,5,86,KC,KC,CLE,Seth Lugo,607625,0.18181818181818182,0.13636363636363635,0.15625
2025-04-04,778455,23,2,1,42,2,85,KC,KC,BAL,Seth Lugo,607625,0.08695652173913043,0.043478260869565216,0.047619047619047616
2025-04-09,778388,23,6,2,48,12,110,KC,KC,MIN,Seth Lugo,607625,0.2608695652173913,0.08695652173913043,0.25
2025-04-14,778327,28,4,2,47,8,98,KC,NYY,KC,Seth Lugo,607625,0.14285714285714285,0.07142857142857142,0.1702127659574468
2025-04-19,778265,27,5,2,51,11,105,KC,DET,KC,Seth Lugo,607625,0.18518518518518517,0.07407407407407407,0.21568627450980393
2025-04-25,778187,27,8,1,39,7,94,KC,KC,HOU,Seth Lugo,607625,0.2962962962962963,0.037037037037037035,0.1794871794871795
2025-05-01,778097,23,5,0,46,9,93,KC,TB,KC,Seth Lugo,607625,0.21739130434782608,0.0,0.1956521739130435
2025-05-06,778033,29,3,3,39,5,98,KC,KC,CWS,Seth Lugo,607625,0.10344827586206896,0.10344827586206896,0.1282051282051282
2025-05-11,777965,22,5,0,39,8,96,KC,KC,BOS,Seth Lugo,607625,0.22727272727272727,0.0,0.20512820512820512
2025-05-30,777711,17,3,2,27,3,69,KC,KC,DET,Seth Lugo,607625,0.17647058823529413,0.11764705882352941,0.1111111111111111
2025-06-06,777618,22,5,2,40,4,97,KC,CWS,KC,Seth Lugo,607625,0.22727272727272727,0.09090909090909091,0.1
2025-06-12,777536,21,2,3,38,6,73,KC,KC,NYY,Seth Lugo,607625,0.09523809523809523,0.14285714285714285,0.15789473684210525
2025-06-17,777468,24,9,1,45,12,96,KC,TEX,KC,Seth Lugo,607625,0.375,0.041666666666666664,0.26666666666666666
2025-06-22,777396,21,7,0,43,13,90,KC,SD,KC,Seth Lugo,607625,0.3333333333333333,0.0,0.3023255813953488
2025-06-28,777319,26,8,5,43,10,107,KC,KC,LAD,Seth Lugo,607625,0.3076923076923077,0.19230769230769232,0.23255813953488372
2025-07-03,777251,27,7,2,47,12,101,KC,SEA,KC,Seth Lugo,607625,0.25925925925925924,0.07407407407407407,0.2553191489361702
2025-07-08,777194,22,5,1,30,4,82,KC,KC,PIT,Seth Lugo,607625,0.22727272727272727,0.045454545454545456,0.13333333333333333
2025-07-18,777109,26,5,0,42,9,83,KC,MIA,KC,Seth Lugo,607625,0.19230769230769232,0.0,0.21428571428571427
2025-07-23,777031,24,6,2,41,10,95,KC,CHC,KC,Seth Lugo,607625,0.25,0.08333333333333333,0.24390243902439024
2025-07-29,776955,27,5,4,38,7,92,KC,KC,ATL,Seth Lugo,607625,0.18518518518518517,0.14814814814814814,0.18421052631578946
2025-08-03,776893,20,2,4,41,9,91,KC,TOR,KC,Seth Lugo,607625,0.1,0.2,0.21951219512195122
2025-08-08,776827,23,1,2,38,2,82,KC,MIN,KC,Seth Lugo,607625,0.043478260869565216,0.08695652173913043,0.05263157894736842
2025-08-13,776759,23,2,4,38,5,92,KC,KC,WSH,Seth Lugo,607625,0.08695652173913043,0.17391304347826086,0.13157894736842105
2025-08-19,776675,24,5,2,37,6,102,KC,KC,TEX,Seth Lugo,607625,0.20833333333333334,0.08333333333333333,0.16216216216216217
2025-08-24,776615,21,5,2,30,6,79,KC,DET,KC,Seth Lugo,607625,0.23809523809523808,0.09523809523809523,0.2
2025-08-29,776540,22,5,4,34,7,85,KC,KC,DET,Seth Lugo,607625,0.22727272727272727,0.18181818181818182,0.20588235294117646
2025-03-29,778535,22,11,2,43,15,95,PHI,WSH,PHI,Jes\xc3\xbas Luzardo,666200,0.5,0.09090909090909091,0.3488372093023256
2025-04-04,778459,24,8,2,43,12,95,PHI,PHI,LAD,Jes\xc3\xbas Luzardo,666200,0.3333333333333333,0.08333333333333333,0.27906976744186046
2025-04-10,778384,23,6,1,51,11,98,PHI,ATL,PHI,Jes\xc3\xbas Luzardo,666200,0.2608695652173913,0.043478260869565216,0.21568627450980393
2025-04-15,778313,22,4,2,43,13,90,PHI,PHI,SF,Jes\xc3\xbas Luzardo,666200,0.18181818181818182,0.09090909090909091,0.3023255813953488
2025-04-20,778248,29,7,0,48,16,89,PHI,PHI,MIA,Jes\xc3\xbas Luzardo,666200,0.2413793103448276,0.0,0.3333333333333333
2025-04-26,778174,25,5,3,52,15,102,PHI,CHC,PHI,Jes\xc3\xbas Luzardo,666200,0.2,0.12,0.28846153846153844
2025-05-02,778086,25,6,1,44,14,95,PHI,PHI,AZ,Jes\xc3\xbas Luzardo,666200,0.24,0.04,0.3181818181818182
2025-05-08,778005,23,4,2,47,11,105,PHI,TB,PHI,Jes\xc3\xbas Luzardo,666200,0.17391304347826086,0.08695652173913043,0.23404255319148937
2025-05-14,777922,27,6,2,48,13,100,PHI,PHI,STL,Jes\xc3\xbas Luzardo,666200,0.2222222222222222,0.07407407407407407,0.2708333333333333
2025-05-20,777842,23,10,3,48,11,105,PHI,COL,PHI,Jes\xc3\xbas Luzardo,666200,0.43478260869565216,0.13043478260869565,0.22916666666666666
2025-05-25,777765,31,10,1,53,16,105,PHI,ATH,PHI,Jes\xc3\xbas Luzardo,666200,0.3225806451612903,0.03225806451612903,0.3018867924528302
2025-05-31,777702,23,4,3,27,3,76,PHI,PHI,MIL,Jes\xc3\xbas Luzardo,666200,0.17391304347826086,0.13043478260869565,0.1111111111111111
2025-06-05,777637,18,2,2,28,6,62,PHI,TOR,PHI,Jes\xc3\xbas Luzardo,666200,0.1111111111111111,0.1111111111111111,0.21428571428571427
2025-06-11,777553,23,10,0,56,15,99,PHI,PHI,CHC,Jes\xc3\xbas Luzardo,666200,0.43478260869565216,0.0,0.26785714285714285
2025-06-17,777481,24,4,4,41,13,103,PHI,MIA,PHI,Jes\xc3\xbas Luzardo,666200,0.16666666666666666,0.16666666666666666,0.3170731707317073
2025-06-22,777405,24,7,1,49,17,107,PHI,PHI,NYM,Jes\xc3\xbas Luzardo,666200,0.2916666666666667,0.041666666666666664,0.3469387755102041
2025-06-28,777333,23,7,3,44,14,97,PHI,ATL,PHI,Jes\xc3\xbas Luzardo,666200,0.30434782608695654,0.13043478260869565,0.3181818181818182
2025-07-04,777255,15,4,3,28,11,60,PHI,PHI,CIN,Jes\xc3\xbas Luzardo,666200,0.26666666666666666,0.2,0.39285714285714285
2025-07-09,777163,24,7,1,59,12,106,PHI,SF,PHI,Jes\xc3\xbas Luzardo,666200,0.2916666666666667,0.041666666666666664,0.2033898305084746
2025-07-18,777106,22,7,2,38,12,92,PHI,PHI,LAA,Jes\xc3\xbas Luzardo,666200,0.3181818181818182,0.09090909090909091,0.3157894736842105
2025-07-23,777038,22,7,5,37,12,88,PHI,PHI,BOS,Jes\xc3\xbas Luzardo,666200,0.3181818181818182,0.22727272727272727,0.32432432432432434
2025-07-29,776952,26,4,1,47,4,90,PHI,CWS,PHI,Jes\xc3\xbas Luzardo,666200,0.15384615384615385,0.038461538461538464,0.0851063829787234
2025-08-04,776877,23,7,0,43,15,91,PHI,PHI,BAL,Jes\xc3\xbas Luzardo,666200,0.30434782608695654,0.0,0.3488372093023256
2025-08-09,776810,24,3,1,45,9,82,PHI,TEX,PHI,Jes\xc3\xbas Luzardo,666200,0.125,0.041666666666666664,0.2
2025-08-14,776743,24,7,3,48,17,97,PHI,WSH,PHI,Jes\xc3\xbas Luzardo,666200,0.2916666666666667,0.125,0.3541666666666667
2025-08-20,776662,21,12,0,48,20,89,PHI,PHI,SEA,Jes\xc3\xbas Luzardo,666200,0.5714285714285714,0.0,0.4166666666666667
2025-08-26,776585,21,5,3,41,8,87,PHI,NYM,PHI,Jes\xc3\xbas Luzardo,666200,0.23809523809523808,0.14285714285714285,0.1951219512195122
2025-08-31,776522,23,7,1,52,12,104,PHI,PHI,ATL,Jes\xc3\xbas Luzardo,666200,0.30434782608695654,0.043478260869565216,0.23076923076923078
2025-09-06,776433,26,8,4,39,12,100,PHI,MIA,PHI,Jes\xc3\xbas Luzardo,666200,0.3076923076923077,0.15384615384615385,0.3076923076923077
2025-09-11,776371,28,10,0,45,14,97,PHI,PHI,NYM,Jes\xc3\xbas Luzardo,666200,0.35714285714285715,0.0,0.3111111111111111
2025-09-17,776280,28,6,1,51,16,106,PHI,LAD,PHI,Jes\xc3\xbas Luzardo,666200,0.21428571428571427,0.03571428571428571,0.3137254901960784
2025-09-24,776201,23,10,0,51,19,103,PHI,PHI,MIA,Jes\xc3\xbas Luzardo,666200,0.43478260869565216,0.0,0.37254901960784315
2025-03-29,778531,11,3,4,22,8,61,TEX,TEX,BOS,Tyler Mahle,641816,0.2727272727272727,0.36363636363636365,0.36363636363636365
2025-04-04,778454,18,5,2,42,10,83,TEX,TEX,TB,Tyler Mahle,641816,0.2777777777777778,0.1111111111111111,0.23809523809523808
2025-04-09,778385,24,4,1,47,8,94,TEX,CHC,TEX,Tyler Mahle,641816,0.16666666666666666,0.041666666666666664,0.1702127659574468
2025-04-15,778306,22,9,2,46,18,93,TEX,TEX,LAA,Tyler Mahle,641816,0.4090909090909091,0.09090909090909091,0.391304347826087
2025-04-20,778234,26,4,3,39,6,91,TEX,TEX,LAD,Tyler Mahle,641816,0.15384615384615385,0.11538461538461539,0.15384615384615385
2025-04-26,778159,22,1,1,39,5,87,TEX,SF,TEX,Tyler Mahle,641816,0.045454545454545456,0.045454545454545456,0.1282051282051282
2025-05-01,778096,24,6,1,52,10,90,TEX,TEX,ATH,Tyler Mahle,641816,0.25,0.041666666666666664,0.19230769230769232
2025-05-07,778018,20,0,1,45,4,88,TEX,BOS,TEX,Tyler Mahle,641816,0.0,0.05,0.08888888888888889
2025-05-12,777949,23,5,1,47,10,88,TEX,TEX,COL,Tyler Mahle,641816,0.21739130434782608,0.043478260869565216,0.2127659574468085
2025-05-17,777882,24,3,2,48,10,96,TEX,TEX,HOU,Tyler Mahle,641816,0.125,0.08333333333333333,0.20833333333333334
2025-05-23,777805,22,2,3,46,7,96,TEX,CWS,TEX,Tyler Mahle,641816,0.09090909090909091,0.13636363636363635,0.15217391304347827
2025-05-28,777724,24,5,3,47,11,92,TEX,TEX,TOR,Tyler Mahle,641816,0.20833333333333334,0.125,0.23404255319148937
2025-06-03,777662,23,5,2,50,13,85,TEX,TB,TEX,Tyler Mahle,641816,0.21739130434782608,0.08695652173913043,0.26
2025-06-10,777557,26,3,1,44,11,91,TEX,MIN,TEX,Tyler Mahle,641816,0.11538461538461539,0.038461538461538464,0.25
2025-09-19,776251,19,6,1,34,8,68,TEX,TEX,MIA,Tyler Mahle,641816,0.3157894736842105,0.05263157894736842,0.23529411764705882
2025-09-25,776183,19,4,1,39,7,78,TEX,TEX,MIN,Tyler Mahle,641816,0.21052631578947367,0.05263157894736842,0.1794871794871795
2025-07-13,777124,15,7,0,31,11,65,NYM,KC,NYM,Sean Manaea,640455,0.4666666666666667,0.0,0.3548387096774194
2025-07-18,777111,16,6,2,30,8,69,NYM,NYM,CIN,Sean Manaea,640455,0.375,0.125,0.26666666666666666
2025-07-23,777034,19,5,2,40,9,82,NYM,NYM,LAA,Sean Manaea,640455,0.2631578947368421,0.10526315789473684,0.225
2025-07-29,776947,18,4,0,56,7,86,NYM,SD,NYM,Sean Manaea,640455,0.2222222222222222,0.0,0.125
2025-08-04,776876,26,3,0,48,7,85,NYM,NYM,CLE,Sean Manaea,640455,0.11538461538461539,0.0,0.14583333333333334
2025-08-10,776799,20,5,2,42,7,87,NYM,MIL,NYM,Sean Manaea,640455,0.25,0.1,0.16666666666666666
2025-08-15,776736,23,7,1,46,12,86,NYM,NYM,SEA,Sean Manaea,640455,0.30434782608695654,0.043478260869565216,0.2608695652173913
2025-08-21,776650,22,8,1,43,12,91,NYM,WSH,NYM,Sean Manaea,640455,0.36363636363636365,0.045454545454545456,0.27906976744186046
2025-08-26,776585,19,8,0,52,19,90,NYM,NYM,PHI,Sean Manaea,640455,0.42105263157894735,0.0,0.36538461538461536
2025-09-01,776501,20,6,1,37,9,83,NYM,DET,NYM,Sean Manaea,640455,0.3,0.05,0.24324324324324326
2025-09-09,776404,21,5,1,54,12,96,NYM,PHI,NYM,Sean Manaea,640455,0.23809523809523808,0.047619047619047616,0.2222222222222222
2025-09-16,776304,19,4,0,39,8,71,NYM,NYM,SD,Sean Manaea,640455,0.21052631578947367,0.0,0.20512820512820512
2025-09-21,776237,13,3,0,31,8,50,NYM,NYM,WSH,Sean Manaea,640455,0.23076923076923078,0.0,0.25806451612903225
2025-09-24,776205,5,1,0,7,3,16,NYM,CHC,NYM,Sean Manaea,640455,0.2,0.0,0.42857142857142855
2025-09-28,776148,7,3,2,18,6,38,NYM,MIA,NYM,Sean Manaea,640455,0.42857142857142855,0.2857142857142857,0.3333333333333333
2025-03-31,778502,22,4,0,45,9,83,COL,PHI,COL,Germ\xc3\xa1n M\xc3\xa1rquez,608566,0.18181818181818182,0.0,0.2
2025-04-05,778442,23,3,6,37,6,89,COL,COL,ATH,Germ\xc3\xa1n M\xc3\xa1rquez,608566,0.13043478260869565,0.2608695652173913,0.16216216216216217
2025-04-11,778361,23,3,1,31,8,72,COL,SD,COL,Germ\xc3\xa1n M\xc3\xa1rquez,608566,0.13043478260869565,0.043478260869565216,0.25806451612903225
2025-04-16,778287,10,1,1,21,4,37,COL,LAD,COL,Germ\xc3\xa1n M\xc3\xa1rquez,608566,0.1,0.1,0.19047619047619047
2025-04-24,778190,23,3,3,38,6,78,COL,KC,COL,Germ\xc3\xa1n M\xc3\xa1rquez,608566,0.13043478260869565,0.13043478260869565,0.15789473684210525
2025-04-29,778120,27,1,1,46,5,86,COL,COL,ATL,Germ\xc3\xa1n M\xc3\xa1rquez,608566,0.037037037037037035,0.037037037037037035,0.10869565217391304
2025-05-04,778048,19,3,0,34,5,68,COL,SF,COL,Germ\xc3\xa1n M\xc3\xa1rquez,608566,0.15789473684210525,0.0,0.14705882352941177
2025-05-11,777955,25,2,1,39,4,78,COL,COL,SD,Germ\xc3\xa1n M\xc3\xa1rquez,608566,0.08,0.04,0.10256410256410256
2025-05-17,777887,22,1,3,37,4,83,COL,AZ,COL,Germ\xc3\xa1n M\xc3\xa1rquez,608566,0.045454545454545456,0.13636363636363635,0.10810810810810811
2025-05-22,777817,26,5,2,35,13,79,COL,COL,PHI,Germ\xc3\xa1n M\xc3\xa1rquez,608566,0.19230769230769232,0.07692307692307693,0.37142857142857144
2025-05-27,777751,26,6,1,50,13,84,COL,CHC,COL,Germ\xc3\xa1n M\xc3\xa1rquez,608566,0.23076923076923078,0.038461538461538464,0.26
2025-06-02,777673,26,6,2,40,13,93,COL,MIA,COL,Germ\xc3\xa1n M\xc3\xa1rquez,608566,0.23076923076923078,0.07692307692307693,0.325
2025-06-07,777604,25,3,0,44,5,79,COL,COL,NYM,Germ\xc3\xa1n M\xc3\xa1rquez,608566,0.12,0.0,0.11363636363636363
2025-06-13,777535,21,7,1,45,10,84,COL,ATL,COL,Germ\xc3\xa1n M\xc3\xa1rquez,608566,0.3333333333333333,0.047619047619047616,0.2222222222222222
2025-06-18,777461,24,2,2,41,4,92,COL,WSH,COL,Germ\xc3\xa1n M\xc3\xa1rquez,608566,0.08333333333333333,0.08333333333333333,0.0975609756097561
2025-06-24,777379,21,6,0,36,8,68,COL,COL,LAD,Germ\xc3\xa1n M\xc3\xa1rquez,608566,0.2857142857142857,0.0,0.2222222222222222
2025-06-29,777301,22,5,3,46,6,103,COL,MIL,COL,Germ\xc3\xa1n M\xc3\xa1rquez,608566,0.22727272727272727,0.13636363636363635,0.13043478260869565
2025-07-05,777232,29,2,1,43,5,90,COL,COL,CWS,Germ\xc3\xa1n M\xc3\xa1rquez,608566,0.06896551724137931,0.034482758620689655,0.11627906976744186
2025-07-11,777160,25,8,2,37,9,98,COL,CIN,COL,Germ\xc3\xa1n M\xc3\xa1rquez,608566,0.32,0.08,0.24324324324324326
2025-07-20,777072,16,2,4,25,6,58,COL,COL,MIN,Germ\xc3\xa1n M\xc3\xa1rquez,608566,0.125,0.25,0.24
2025-08-29,776542,24,0,3,28,1,64,COL,COL,CHC,Germ\xc3\xa1n M\xc3\xa1rquez,608566,0.0,0.125,0.03571428571428571
2025-09-03,776467,24,2,3,39,5,86,COL,COL,SF,Germ\xc3\xa1n M\xc3\xa1rquez,608566,0.08333333333333333,0.125,0.1282051282051282
2025-09-09,776389,22,2,1,42,7,89,COL,LAD,COL,Germ\xc3\xa1n M\xc3\xa1rquez,608566,0.09090909090909091,0.045454545454545456,0.16666666666666666
2025-09-14,776323,19,0,2,33,2,74,COL,SD,COL,Germ\xc3\xa1n M\xc3\xa1rquez,608566,0.0,0.10526315789473684,0.06060606060606061
2025-09-20,776241,26,5,1,43,10,84,COL,COL,LAA,Germ\xc3\xa1n M\xc3\xa1rquez,608566,0.19230769230769232,0.038461538461538464,0.23255813953488372
2025-09-26,776166,22,1,3,43,6,92,COL,SF,COL,Germ\xc3\xa1n M\xc3\xa1rquez,608566,0.045454545454545456,0.13636363636363635,0.13953488372093023
2025-03-30,778527,23,2,2,45,3,91,CWS,CWS,LAA,Davis Martin,663436,0.08695652173913043,0.08695652173913043,0.06666666666666667
2025-04-05,778445,26,2,2,43,7,88,CWS,DET,CWS,Davis Martin,663436,0.07692307692307693,0.07692307692307693,0.16279069767441862
2025-04-11,778366,25,6,1,46,10,89,CWS,CWS,BOS,Davis Martin,663436,0.24,0.04,0.21739130434782608
2025-04-17,778283,25,3,1,43,7,90,CWS,CWS,ATH,Davis Martin,663436,0.12,0.04,0.16279069767441862
2025-04-22,778216,22,3,3,37,7,88,CWS,MIN,CWS,Davis Martin,663436,0.13636363636363635,0.13636363636363635,0.1891891891891892
2025-04-27,778149,20,4,2,32,5,73,CWS,ATH,CWS,Davis Martin,663436,0.2,0.1,0.15625
2025-05-03,778066,22,5,0,45,5,88,CWS,CWS,HOU,Davis Martin,663436,0.22727272727272727,0.0,0.1111111111111111
2025-05-08,778008,21,2,1,40,8,86,CWS,KC,CWS,Davis Martin,663436,0.09523809523809523,0.047619047619047616,0.2
2025-05-14,777928,26,5,0,52,14,95,CWS,CIN,CWS,Davis Martin,663436,0.19230769230769232,0.0,0.2692307692307692
2025-05-19,777857,27,3,1,43,7,92,CWS,CWS,SEA,Davis Martin,663436,0.1111111111111111,0.037037037037037035,0.16279069767441862
2025-05-25,777777,24,1,3,48,9,100,CWS,CWS,TEX,Davis Martin,663436,0.041666666666666664,0.125,0.1875
2025-05-31,777699,23,3,1,46,7,82,CWS,BAL,CWS,Davis Martin,663436,0.13043478260869565,0.043478260869565216,0.15217391304347827
2025-06-06,777618,23,7,0,44,13,92,CWS,CWS,KC,Davis Martin,663436,0.30434782608695654,0.0,0.29545454545454547
2025-06-12,777546,27,5,2,51,13,101,CWS,HOU,CWS,Davis Martin,663436,0.18518518518518517,0.07407407407407407,0.2549019607843137
2025-07-22,777048,20,3,4,35,5,76,CWS,TB,CWS,Davis Martin,663436,0.15,0.2,0.14285714285714285
2025-07-28,776972,25,7,3,48,13,95,CWS,CWS,PHI,Davis Martin,663436,0.28,0.12,0.2708333333333333
2025-08-05,776857,25,5,2,47,15,93,CWS,SEA,CWS,Davis Martin,663436,0.2,0.08,0.3191489361702128
2025-08-10,776798,24,2,3,45,5,97,CWS,CWS,CLE,Davis Martin,663436,0.08333333333333333,0.125,0.1111111111111111
2025-08-17,776702,21,4,3,45,10,87,CWS,KC,CWS,Davis Martin,663436,0.19047619047619047,0.14285714285714285,0.2222222222222222
2025-08-23,776619,20,6,1,45,7,93,CWS,CWS,MIN,Davis Martin,663436,0.3,0.05,0.15555555555555556
2025-08-28,776556,18,5,3,36,9,81,CWS,CWS,NYY,Davis Martin,663436,0.2777777777777778,0.16666666666666666,0.25
2025-09-02,776484,26,4,3,48,12,90,CWS,MIN,CWS,Davis Martin,663436,0.15384615384615385,0.11538461538461539,0.25
2025-09-07,776425,22,3,3,45,8,97,CWS,DET,CWS,Davis Martin,663436,0.13636363636363635,0.13636363636363635,0.17777777777777778
2025-09-13,776348,21,3,1,46,8,85,CWS,CLE,CWS,Davis Martin,663436,0.14285714285714285,0.047619047619047616,0.17391304347826086
2025-09-19,776264,25,4,1,40,6,77,CWS,CWS,SD,Davis Martin,663436,0.16,0.04,0.15
2025-09-25,776184,21,5,1,42,7,89,CWS,NYY,CWS,Davis Martin,663436,0.23809523809523808,0.047619047619047616,0.16666666666666666
2025-03-30,778522,23,5,1,40,7,83,CIN,CIN,SF,Nick Martinez,607259,0.21739130434782608,0.043478260869565216,0.175
2025-04-04,778453,21,2,2,36,7,92,CIN,MIL,CIN,Nick Martinez,607259,0.09523809523809523,0.09523809523809523,0.19444444444444445
2025-04-09,778376,25,8,1,46,10,93,CIN,SF,CIN,Nick Martinez,607259,0.32,0.04,0.21739130434782608
2025-04-16,778304,24,4,3,43,9,83,CIN,CIN,SEA,Nick Martinez,607259,0.16666666666666666,0.125,0.20930232558139536
2025-04-22,778219,23,4,2,37,11,79,CIN,MIA,CIN,Nick Martinez,607259,0.17391304347826086,0.08695652173913043,0.2972972972972973
2025-04-28,778141,22,3,2,31,5,76,CIN,CIN,STL,Nick Martinez,607259,0.13636363636363635,0.09090909090909091,0.16129032258064516
2025-05-04,778058,22,6,0,39,12,86,CIN,CIN,WSH,Nick Martinez,607259,0.2727272727272727,0.0,0.3076923076923077
2025-05-09,777989,26,5,0,44,10,84,CIN,HOU,CIN,Nick Martinez,607259,0.19230769230769232,0.0,0.22727272727272727
2025-05-15,777912,23,3,0,48,4,96,CIN,CIN,CWS,Nick Martinez,607259,0.13043478260869565,0.0,0.08333333333333333
2025-05-20,777847,22,3,2,42,9,91,CIN,PIT,CIN,Nick Martinez,607259,0.13636363636363635,0.09090909090909091,0.21428571428571427
2025-05-26,777760,26,2,0,41,4,79,CIN,KC,CIN,Nick Martinez,607259,0.07692307692307693,0.0,0.0975609756097561
2025-06-01,777687,23,2,2,47,5,94,CIN,CHC,CIN,Nick Martinez,607259,0.08695652173913043,0.08695652173913043,0.10638297872340426
2025-06-07,777612,24,6,1,40,4,102,CIN,CIN,AZ,Nick Martinez,607259,0.25,0.041666666666666664,0.1
2025-06-13,777538,25,5,2,41,7,89,CIN,DET,CIN,Nick Martinez,607259,0.2,0.08,0.17073170731707318
2025-06-19,777452,17,4,1,25,6,52,CIN,CIN,MIN,Nick Martinez,607259,0.23529411764705882,0.058823529411764705,0.24
2025-06-21,777415,6,0,0,9,0,18,CIN,STL,CIN,Nick Martinez,607259,0.0,0.0,0.0
2025-06-23,777390,3,1,0,5,1,12,CIN,CIN,NYY,Nick Martinez,607259,0.3333333333333333,0.0,0.2
2025-06-27,777346,27,6,2,50,13,112,CIN,CIN,SD,Nick Martinez,607259,0.2222222222222222,0.07407407407407407,0.26
2025-07-02,777277,28,2,0,47,8,89,CIN,BOS,CIN,Nick Martinez,607259,0.07142857142857142,0.0,0.1702127659574468
2025-07-08,777197,25,2,3,37,3,85,CIN,CIN,MIA,Nick Martinez,607259,0.08,0.12,0.08108108108108109
2025-07-13,777128,22,3,1,41,6,84,CIN,CIN,COL,Nick Martinez,607259,0.13636363636363635,0.045454545454545456,0.14634146341463414
2025-07-19,777092,23,5,2,43,6,90,CIN,NYM,CIN,Nick Martinez,607259,0.21739130434782608,0.08695652173913043,0.13953488372093023
2025-07-25,777013,21,5,2,46,8,93,CIN,CIN,TB,Nick Martinez,607259,0.23809523809523808,0.09523809523809523,0.17391304347826086
2025-07-30,776941,23,7,2,48,8,103,CIN,CIN,LAD,Nick Martinez,607259,0.30434782608695654,0.08695652173913043,0.16666666666666666
2025-08-04,776878,9,0,0,16,4,33,CIN,CHC,CIN,Nick Martinez,607259,0.0,0.0,0.25
2025-08-09,776812,26,4,2,37,6,94,CIN,PIT,CIN,Nick Martinez,607259,0.15384615384615385,0.07692307692307693,0.16216216216216217
2025-08-15,776740,16,1,0,29,1,63,CIN,CIN,MIL,Nick Martinez,607259,0.0625,0.0,0.034482758620689655
2025-08-20,776652,23,7,1,44,6,90,CIN,LAA,CIN,Nick Martinez,607259,0.30434782608695654,0.043478260869565216,0.13636363636363635
2025-08-26,776574,24,3,2,43,11,104,CIN,LAD,CIN,Nick Martinez,607259,0.125,0.08333333333333333,0.2558139534883721
2025-08-29,776551,5,0,1,8,3,21,CIN,CIN,STL,Nick Martinez,607259,0.0,0.2,0.375
2025-08-31,776518,1,0,0,4,2,6,CIN,CIN,STL,Nick Martinez,607259,0.0,0.0,0.5
2025-09-03,776475,10,1,0,14,3,27,CIN,CIN,TOR,Nick Martinez,607259,0.1,0.0,0.21428571428571427
2025-09-05,776450,8,1,1,12,5,31,CIN,CIN,NYM,Nick Martinez,607259,0.125,0.125,0.4166666666666667
2025-09-07,776429,3,0,0,4,1,7,CIN,CIN,NYM,Nick Martinez,607259,0.0,0.0,0.25
2025-09-08,776407,2,0,0,4,1,6,CIN,SD,CIN,Nick Martinez,607259,0.0,0.0,0.25
2025-09-13,776340,11,3,1,21,5,47,CIN,ATH,CIN,Nick Martinez,607259,0.2727272727272727,0.09090909090909091,0.23809523809523808
2025-09-19,776267,4,0,0,6,0,11,CIN,CIN,CHC,Nick Martinez,607259,0.0,0.0,0.0
2025-09-21,776239,7,1,0,18,3,34,CIN,CIN,CHC,Nick Martinez,607259,0.14285714285714285,0.0,0.16666666666666666
2025-09-24,776202,4,0,1,5,0,12,CIN,CIN,PIT,Nick Martinez,607259,0.0,0.25,0.0
2025-09-27,776153,8,2,1,16,4,31,CIN,MIL,CIN,Nick Martinez,607259,0.25,0.125,0.25
2025-10-01,813068,7,0,0,12,0,21,CIN,LAD,CIN,Nick Martinez,607259,0.0,0.0,0.0
2025-05-18,777865,17,5,3,30,5,71,MIN,MIL,MIN,Zebby Matthews,805673,0.29411764705882354,0.17647058823529413,0.16666666666666666
2025-05-24,777788,18,9,1,45,12,81,MIN,MIN,KC,Zebby Matthews,805673,0.5,0.05555555555555555,0.26666666666666666
2025-05-30,777713,27,7,1,45,15,94,MIN,SEA,MIN,Zebby Matthews,805673,0.25925925925925924,0.037037037037037035,0.3333333333333333
2025-06-04,777643,21,4,3,37,7,77,MIN,ATH,MIN,Zebby Matthews,805673,0.19047619047619047,0.14285714285714285,0.1891891891891892
2025-07-19,777080,21,6,1,40,16,77,MIN,COL,MIN,Zebby Matthews,805673,0.2857142857142857,0.047619047619047616,0.4
2025-07-25,777011,20,7,0,38,8,81,MIN,MIN,WSH,Zebby Matthews,805673,0.35,0.0,0.21052631578947367
2025-07-30,776935,21,4,0,43,5,74,MIN,MIN,BOS,Zebby Matthews,805673,0.19047619047619047,0.0,0.11627906976744186
2025-08-05,776861,21,6,1,41,11,86,MIN,DET,MIN,Zebby Matthews,805673,0.2857142857142857,0.047619047619047616,0.2682926829268293
2025-08-11,776790,24,9,1,48,17,99,MIN,NYY,MIN,Zebby Matthews,805673,0.375,0.041666666666666664,0.3541666666666667
2025-08-16,776716,21,6,4,39,15,92,MIN,MIN,DET,Zebby Matthews,805673,0.2857142857142857,0.19047619047619047,0.38461538461538464
2025-08-22,776639,24,4,3,47,10,93,MIN,CWS,MIN,Zebby Matthews,805673,0.16666666666666666,0.125,0.2127659574468085
2025-08-29,776541,24,3,0,50,5,96,MIN,MIN,SD,Zebby Matthews,805673,0.125,0.0,0.1
2025-09-03,776469,23,5,2,49,14,84,MIN,MIN,CWS,Zebby Matthews,805673,0.21739130434782608,0.08695652173913043,0.2857142857142857
2025-09-09,776390,23,5,2,50,12,97,MIN,LAA,MIN,Zebby Matthews,805673,0.21739130434782608,0.08695652173913043,0.24
2025-09-16,776298,22,2,2,32,9,61,MIN,MIN,NYY,Zebby Matthews,805673,0.09090909090909091,0.09090909090909091,0.28125
2025-09-23,776210,27,6,0,52,12,90,MIN,TEX,MIN,Zebby Matthews,805673,0.2222222222222222,0.0,0.23076923076923078
2025-04-01,778487,18,6,3,31,11,81,LAD,LAD,ATL,Dustin May,669160,0.3333333333333333,0.16666666666666666,0.3548387096774194
2025-04-07,778418,25,1,3,34,2,87,LAD,WSH,LAD,Dustin May,669160,0.04,0.12,0.058823529411764705
2025-04-14,778326,22,7,0,38,12,76,LAD,LAD,COL,Dustin May,669160,0.3181818181818182,0.0,0.3157894736842105
2025-04-22,778220,27,5,3,44,8,95,LAD,CHC,LAD,Dustin May,669160,0.18518518518518517,0.1111111111111111,0.18181818181818182
2025-04-28,778132,22,3,3,36,6,83,LAD,LAD,MIA,Dustin May,669160,0.13636363636363635,0.13636363636363635,0.16666666666666666
2025-05-04,778060,25,6,2,47,7,97,LAD,ATL,LAD,Dustin May,669160,0.24,0.08,0.14893617021276595
2025-05-10,777975,27,5,1,38,7,88,LAD,AZ,LAD,Dustin May,669160,0.18518518518518517,0.037037037037037035,0.18421052631578946
2025-05-16,777899,24,8,2,37,10,95,LAD,LAD,LAA,Dustin May,669160,0.3333333333333333,0.08333333333333333,0.2702702702702703
2025-05-21,777824,24,8,1,45,11,88,LAD,LAD,AZ,Dustin May,669160,0.3333333333333333,0.041666666666666664,0.24444444444444444
2025-05-27,777753,20,9,2,37,8,90,LAD,CLE,LAD,Dustin May,669160,0.45,0.1,0.21621621621621623
2025-06-02,777675,26,5,1,44,5,92,LAD,LAD,NYM,Dustin May,669160,0.19230769230769232,0.038461538461538464,0.11363636363636363
2025-06-09,777579,25,1,4,32,4,89,LAD,SD,LAD,Dustin May,669160,0.04,0.16,0.125
2025-06-15,777498,30,3,3,39,5,98,LAD,LAD,SF,Dustin May,669160,0.1,0.1,0.1282051282051282
2025-06-21,777416,25,5,1,39,6,88,LAD,LAD,WSH,Dustin May,669160,0.2,0.04,0.15384615384615385
2025-06-27,777335,20,3,3,34,5,84,LAD,KC,LAD,Dustin May,669160,0.15,0.15,0.14705882352941177
2025-07-03,777253,26,9,1,41,10,86,LAD,LAD,CWS,Dustin May,669160,0.34615384615384615,0.038461538461538464,0.24390243902439024
2025-07-11,777143,22,4,4,28,4,85,LAD,SF,LAD,Dustin May,669160,0.18181818181818182,0.18181818181818182,0.14285714285714285
2025-07-21,777051,21,4,3,50,11,100,LAD,LAD,MIN,Dustin May,669160,0.19047619047619047,0.14285714285714285,0.22
2025-07-27,776983,22,5,0,40,4,77,LAD,BOS,LAD,Dustin May,669160,0.22727272727272727,0.0,0.1
2025-08-06,776856,20,4,1,41,11,91,BOS,BOS,KC,Dustin May,669160,0.2,0.05,0.2682926829268293
2025-08-12,776769,24,8,1,47,11,92,BOS,HOU,BOS,Dustin May,669160,0.3333333333333333,0.041666666666666664,0.23404255319148937
2025-08-18,776695,27,5,2,47,9,100,BOS,BOS,BAL,Dustin May,669160,0.18518518518518517,0.07407407407407407,0.19148936170212766
2025-08-24,776616,21,3,3,31,5,70,BOS,NYY,BOS,Dustin May,669160,0.14285714285714285,0.14285714285714285,0.16129032258064516
2025-08-30,776539,28,5,4,50,3,97,BOS,BOS,PIT,Dustin May,669160,0.17857142857142858,0.14285714285714285,0.06
2025-09-03,776474,13,1,2,25,2,53,BOS,BOS,CLE,Dustin May,669160,0.07692307692307693,0.15384615384615385,0.08
2025-06-18,777465,27,5,4,46,9,97,MIA,MIA,PHI,Adam Mazur,800049,0.18518518518518517,0.14814814814814814,0.1956521739130435
2025-08-28,776558,18,2,1,27,8,60,MIA,NYM,MIA,Adam Mazur,800049,0.1111111111111111,0.05555555555555555,0.2962962962962963
2025-09-02,776482,29,5,0,53,13,90,MIA,WSH,MIA,Adam Mazur,800049,0.1724137931034483,0.0,0.24528301886792453
2025-09-09,776397,25,1,3,47,2,96,MIA,MIA,WSH,Adam Mazur,800049,0.04,0.12,0.0425531914893617
2025-09-14,776332,22,4,2,43,11,83,MIA,MIA,DET,Adam Mazur,800049,0.18181818181818182,0.09090909090909091,0.2558139534883721
2025-09-20,776242,18,2,2,23,2,63,MIA,TEX,MIA,Adam Mazur,800049,0.1111111111111111,0.1111111111111111,0.08695652173913043
2025-05-04,778068,20,5,1,35,8,80,STL,STL,NYM,Michael McGreevy,700241,0.25,0.05,0.22857142857142856
2025-06-08,777582,26,5,0,49,7,101,STL,STL,LAD,Michael McGreevy,700241,0.19230769230769232,0.0,0.14285714285714285
2025-06-19,777458,19,5,1,38,9,76,STL,CWS,STL,Michael McGreevy,700241,0.2631578947368421,0.05263157894736842,0.23684210526315788
2025-06-24,777373,21,1,1,31,5,77,STL,STL,CHC,Michael McGreevy,700241,0.047619047619047616,0.047619047619047616,0.16129032258064516
2025-07-21,777053,26,1,0,44,5,91,STL,COL,STL,Michael McGreevy,700241,0.038461538461538464,0.0,0.11363636363636363
2025-07-27,776980,26,2,2,46,10,99,STL,STL,SD,Michael McGreevy,700241,0.07692307692307693,0.07692307692307693,0.21739130434782608
2025-08-02,776896,25,4,1,39,7,90,STL,SD,STL,Michael McGreevy,700241,0.16,0.04,0.1794871794871795
2025-08-08,776826,25,3,1,38,4,88,STL,STL,CHC,Michael McGreevy,700241,0.12,0.04,0.10526315789473684
2025-08-13,776758,23,2,0,35,5,74,STL,STL,COL,Michael McGreevy,700241,0.08695652173913043,0.0,0.14285714285714285
2025-08-19,776686,25,5,0,43,8,80,STL,MIA,STL,Michael McGreevy,700241,0.2,0.0,0.18604651162790697
2025-08-25,776589,24,7,2,42,7,92,STL,STL,PIT,Michael McGreevy,700241,0.2916666666666667,0.08333333333333333,0.16666666666666666
2025-08-30,776536,25,0,2,44,5,93,STL,CIN,STL,Michael McGreevy,700241,0.0,0.08,0.11363636363636363
2025-09-05,776445,22,3,1,32,6,75,STL,STL,SF,Michael McGreevy,700241,0.13636363636363635,0.045454545454545456,0.1875
2025-09-10,776373,23,4,0,40,8,81,STL,SEA,STL,Michael McGreevy,700241,0.17391304347826086,0.0,0.2
2025-09-16,776300,25,6,3,36,7,91,STL,STL,CIN,Michael McGreevy,700241,0.24,0.12,0.19444444444444445
2025-09-22,776220,24,2,3,35,6,90,STL,SF,STL,Michael McGreevy,700241,0.08333333333333333,0.125,0.17142857142857143
2025-09-27,776164,21,3,2,41,7,88,STL,CHC,STL,Michael McGreevy,700241,0.14285714285714285,0.09523809523809523,0.17073170731707318
2025-08-16,776726,21,8,4,38,10,91,NYM,NYM,SEA,Nolan McLean,690997,0.38095238095238093,0.19047619047619047,0.2631578947368421
2025-08-22,776645,25,6,0,40,10,95,NYM,ATL,NYM,Nolan McLean,690997,0.24,0.0,0.25
2025-08-27,776566,27,6,0,47,12,95,NYM,NYM,PHI,Nolan McLean,690997,0.2222222222222222,0.0,0.2553191489361702
2025-09-02,776490,22,7,3,34,8,90,NYM,DET,NYM,Nolan McLean,690997,0.3181818181818182,0.13636363636363635,0.23529411764705882
2025-09-08,776405,24,5,3,43,12,91,NYM,PHI,NYM,Nolan McLean,690997,0.20833333333333334,0.125,0.27906976744186046
2025-09-14,776335,24,7,2,30,4,92,NYM,NYM,TEX,Nolan McLean,690997,0.2916666666666667,0.08333333333333333,0.13333333333333333
2025-09-20,776252,22,6,2,39,15,92,NYM,NYM,WSH,Nolan McLean,690997,0.2727272727272727,0.09090909090909091,0.38461538461538464
2025-09-25,776187,23,11,2,42,10,94,NYM,CHC,NYM,Nolan McLean,690997,0.4782608695652174,0.08695652173913043,0.23809523809523808
2025-03-28,778518,19,6,1,35,10,77,NYM,HOU,NYM,Tylor Megill,656731,0.3157894736842105,0.05263157894736842,0.2857142857142857
2025-04-04,778465,21,4,3,38,8,82,NYM,NYM,TOR,Tylor Megill,656731,0.19047619047619047,0.14285714285714285,0.21052631578947367
2025-04-09,778390,22,7,3,41,12,90,NYM,NYM,MIA,Tylor Megill,656731,0.3181818181818182,0.13636363636363635,0.2926829268292683
2025-04-15,778307,24,3,0,49,5,95,NYM,MIN,NYM,Tylor Megill,656731,0.125,0.0,0.10204081632653061
2025-04-21,778225,22,10,4,32,10,92,NYM,NYM,PHI,Tylor Megill,656731,0.45454545454545453,0.18181818181818182,0.3125
2025-04-27,778153,23,9,1,47,9,105,NYM,WSH,NYM,Tylor Megill,656731,0.391304347826087,0.043478260869565216,0.19148936170212766
2025-05-04,778068,23,6,3,30,9,90,NYM,STL,NYM,Tylor Megill,656731,0.2608695652173913,0.13043478260869565,0.3
2025-05-10,777982,22,7,2,38,10,77,NYM,NYM,CHC,Tylor Megill,656731,0.3181818181818182,0.09090909090909091,0.2631578947368421
2025-05-16,777904,17,4,5,25,9,72,NYM,NYY,NYM,Tylor Megill,656731,0.23529411764705882,0.29411764705882354,0.36
2025-05-21,777831,20,10,1,33,11,85,NYM,BOS,NYM,Tylor Megill,656731,0.5,0.05,0.3333333333333333
2025-05-27,777749,24,5,4,47,13,100,NYM,NYM,CWS,Tylor Megill,656731,0.20833333333333334,0.16666666666666666,0.2765957446808511
2025-06-03,777657,23,7,1,51,18,105,NYM,LAD,NYM,Tylor Megill,656731,0.30434782608695654,0.043478260869565216,0.35294117647058826
2025-06-08,777583,22,5,3,44,14,82,NYM,COL,NYM,Tylor Megill,656731,0.22727272727272727,0.13636363636363635,0.3181818181818182
2025-06-14,777518,23,5,2,43,15,82,NYM,NYM,TB,Tylor Megill,656731,0.21739130434782608,0.08695652173913043,0.3488372093023256
2025-07-23,777029,24,7,2,47,12,90,DET,PIT,DET,Troy Melton,675512,0.2916666666666667,0.08333333333333333,0.2553191489361702
2025-07-28,776973,24,4,0,47,10,87,DET,DET,AZ,Troy Melton,675512,0.16666666666666666,0.0,0.2127659574468085
2025-08-05,776861,8,1,2,18,4,37,DET,DET,MIN,Troy Melton,675512,0.125,0.25,0.2222222222222222
2025-08-08,776832,12,2,0,24,6,46,DET,DET,LAA,Troy Melton,675512,0.16666666666666666,0.0,0.25
2025-08-13,776754,16,6,0,31,7,56,DET,CWS,DET,Troy Melton,675512,0.375,0.0,0.22580645161290322
2025-08-18,776692,3,1,0,6,2,9,DET,DET,HOU,Troy Melton,675512,0.3333333333333333,0.0,0.3333333333333333
2025-08-23,776625,7,1,1,12,3,28,DET,DET,KC,Troy Melton,675512,0.14285714285714285,0.14285714285714285,0.25
2025-08-26,776573,11,1,0,14,3,29,DET,ATH,DET,Troy Melton,675512,0.09090909090909091,0.0,0.21428571428571427
2025-08-29,776540,8,1,0,12,2,24,DET,KC,DET,Troy Melton,675512,0.125,0.0,0.16666666666666666
2025-09-01,776501,11,3,2,19,6,46,DET,DET,NYM,Troy Melton,675512,0.2727272727272727,0.18181818181818182,0.3157894736842105
2025-09-07,776425,12,1,4,13,1,44,DET,DET,CWS,Troy Melton,675512,0.08333333333333333,0.3333333333333333,0.07692307692307693
2025-09-10,776383,8,4,1,15,7,31,DET,NYY,DET,Troy Melton,675512,0.5,0.125,0.4666666666666667
2025-09-13,776347,10,0,0,15,1,32,DET,MIA,DET,Troy Melton,675512,0.0,0.0,0.06666666666666667
2025-09-18,776275,8,1,1,10,1,27,DET,DET,CLE,Troy Melton,675512,0.125,0.125,0.1
2025-09-20,776258,4,0,0,10,0,21,DET,DET,ATL,Troy Melton,675512,0.0,0.0,0.0
2025-09-25,776189,15,1,2,24,1,49,DET,CLE,DET,Troy Melton,675512,0.06666666666666667,0.13333333333333333,0.041666666666666664
2025-10-01,813071,5,0,0,9,1,18,DET,CLE,DET,Troy Melton,675512,0.0,0.0,0.1111111111111111
2025-08-20,776658,26,6,1,35,7,83,CLE,AZ,CLE,Parker Messick,800048,0.23076923076923078,0.038461538461538464,0.2
2025-08-26,776584,24,6,0,46,16,98,CLE,CLE,TB,Parker Messick,800048,0.25,0.0,0.34782608695652173
2025-09-01,776505,21,2,2,32,2,82,CLE,BOS,CLE,Parker Messick,800048,0.09523809523809523,0.09523809523809523,0.0625
2025-09-07,776421,25,4,0,48,9,86,CLE,TB,CLE,Parker Messick,800048,0.16,0.0,0.1875
2025-09-13,776348,24,4,1,36,8,93,CLE,CLE,CWS,Parker Messick,800048,0.16666666666666666,0.041666666666666664,0.2222222222222222
2025-09-19,776263,22,9,1,43,18,94,CLE,MIN,CLE,Parker Messick,800048,0.4090909090909091,0.045454545454545456,0.4186046511627907
2025-09-25,776189,23,7,1,47,12,89,CLE,CLE,DET,Parker Messick,800048,0.30434782608695654,0.043478260869565216,0.2553191489361702
2025-03-30,778519,23,7,1,40,10,93,MIA,MIA,PIT,Max Meyer,676974,0.30434782608695654,0.043478260869565216,0.25
2025-04-04,778464,29,8,2,49,14,92,MIA,ATL,MIA,Max Meyer,676974,0.27586206896551724,0.06896551724137931,0.2857142857142857
2025-04-09,778390,22,4,2,38,9,82,MIA,NYM,MIA,Max Meyer,676974,0.18181818181818182,0.09090909090909091,0.23684210526315788
2025-04-16,778303,24,8,2,45,14,90,MIA,MIA,AZ,Max Meyer,676974,0.3333333333333333,0.08333333333333333,0.3111111111111111
2025-04-21,778230,23,14,0,48,22,92,MIA,MIA,CIN,Max Meyer,676974,0.6086956521739131,0.0,0.4583333333333333
2025-04-27,778136,21,6,4,33,8,87,MIA,SEA,MIA,Max Meyer,676974,0.2857142857142857,0.19047619047619047,0.24242424242424243
2025-05-03,778075,25,0,2,38,4,82,MIA,MIA,ATH,Max Meyer,676974,0.0,0.08,0.10526315789473684
2025-05-09,777991,28,5,3,40,13,90,MIA,CWS,MIA,Max Meyer,676974,0.17857142857142858,0.10714285714285714,0.325
2025-05-16,777903,21,7,0,39,10,82,MIA,MIA,TB,Max Meyer,676974,0.3333333333333333,0.0,0.2564102564102564
2025-05-21,777833,23,4,1,45,7,99,MIA,MIA,CHC,Max Meyer,676974,0.17391304347826086,0.043478260869565216,0.15555555555555556
2025-05-27,777742,21,0,2,33,3,74,MIA,SD,MIA,Max Meyer,676974,0.0,0.09523809523809523,0.09090909090909091
2025-06-02,777673,25,5,1,41,10,77,MIA,MIA,COL,Max Meyer,676974,0.2,0.04,0.24390243902439024
2025-03-31,778503,20,3,2,30,4,80,STL,STL,LAA,Miles Mikolas,571945,0.15,0.1,0.13333333333333333
2025-04-06,778432,20,1,1,41,2,81,STL,BOS,STL,Miles Mikolas,571945,0.05,0.05,0.04878048780487805
2025-04-12,778347,20,6,2,41,11,82,STL,STL,PHI,Miles Mikolas,571945,0.3,0.1,0.2682926829268293
2025-04-18,778270,21,1,2,34,4,70,STL,NYM,STL,Miles Mikolas,571945,0.047619047619047616,0.09523809523809523,0.11764705882352941
2025-04-23,778214,25,2,2,37,3,89,STL,ATL,STL,Miles Mikolas,571945,0.08,0.08,0.08108108108108109
2025-04-30,778134,21,4,0,38,5,77,STL,CIN,STL,Miles Mikolas,571945,0.19047619047619047,0.0,0.13157894736842105
2025-05-05,778036,21,1,3,32,5,84,STL,STL,PIT,Miles Mikolas,571945,0.047619047619047616,0.14285714285714285,0.15625
2025-05-11,777962,20,5,1,34,6,69,STL,WSH,STL,Miles Mikolas,571945,0.25,0.05,0.17647058823529413
2025-05-17,777885,22,4,2,34,5,76,STL,KC,STL,Miles Mikolas,571945,0.18181818181818182,0.09090909090909091,0.14705882352941177
2025-05-23,777797,23,4,1,35,3,81,STL,STL,AZ,Miles Mikolas,571945,0.17391304347826086,0.043478260869565216,0.08571428571428572
2025-05-28,777740,21,3,0,43,5,72,STL,BAL,STL,Miles Mikolas,571945,0.14285714285714285,0.0,0.11627906976744186
2025-06-05,777642,26,2,1,48,9,92,STL,STL,KC,Miles Mikolas,571945,0.07692307692307693,0.038461538461538464,0.1875
2025-06-10,777558,24,2,0,36,3,83,STL,STL,TOR,Miles Mikolas,571945,0.08333333333333333,0.0,0.08333333333333333
2025-06-15,777492,24,7,1,44,9,88,STL,MIL,STL,Miles Mikolas,571945,0.2916666666666667,0.041666666666666664,0.20454545454545456
2025-06-22,777407,20,6,1,37,8,97,STL,STL,CIN,Miles Mikolas,571945,0.3,0.05,0.21621621621621623
2025-06-28,777329,20,5,1,36,9,74,STL,CLE,STL,Miles Mikolas,571945,0.25,0.05,0.25
2025-07-04,777246,28,4,0,49,8,103,STL,CHC,STL,Miles Mikolas,571945,0.14285714285714285,0.0,0.16326530612244897
2025-07-10,777167,20,6,1,39,12,71,STL,STL,WSH,Miles Mikolas,571945,0.3,0.05,0.3076923076923077
2025-07-20,777071,19,3,2,35,5,68,STL,AZ,STL,Miles Mikolas,571945,0.15789473684210525,0.10526315789473684,0.14285714285714285
2025-07-25,777005,21,1,0,37,1,73,STL,STL,SD,Miles Mikolas,571945,0.047619047619047616,0.0,0.02702702702702703
2025-07-30,776934,23,5,0,46,8,86,STL,STL,MIA,Miles Mikolas,571945,0.21739130434782608,0.0,0.17391304347826086
2025-08-05,776858,16,1,1,33,4,67,STL,LAD,STL,Miles Mikolas,571945,0.0625,0.0625,0.12121212121212122
2025-08-11,776783,26,3,1,36,6,76,STL,STL,COL,Miles Mikolas,571945,0.11538461538461539,0.038461538461538464,0.16666666666666666
2025-08-17,776698,23,1,5,40,4,87,STL,STL,NYY,Miles Mikolas,571945,0.043478260869565216,0.21739130434782608,0.1
2025-08-22,776633,18,1,1,36,5,58,STL,TB,STL,Miles Mikolas,571945,0.05555555555555555,0.05555555555555555,0.1388888888888889
2025-08-28,776554,21,5,1,48,10,93,STL,STL,PIT,Miles Mikolas,571945,0.23809523809523808,0.047619047619047616,0.20833333333333334
2025-09-02,776483,23,0,0,35,3,71,STL,STL,ATH,Miles Mikolas,571945,0.0,0.0,0.08571428571428572
2025-09-08,776400,19,2,1,34,3,77,STL,SEA,STL,Miles Mikolas,571945,0.10526315789473684,0.05263157894736842,0.08823529411764706
2025-09-14,776326,20,5,0,39,5,88,STL,MIL,STL,Miles Mikolas,571945,0.25,0.0,0.1282051282051282
2025-09-20,776244,24,3,2,43,4,95,STL,STL,MIL,Miles Mikolas,571945,0.125,0.08333333333333333,0.09302325581395349
2025-09-26,776167,20,4,1,39,6,79,STL,CHC,STL,Miles Mikolas,571945,0.2,0.05,0.15384615384615385
2025-03-29,778521,24,4,2,49,9,90,SEA,SEA,ATH,Bryce Miller,682243,0.16666666666666666,0.08333333333333333,0.1836734693877551
2025-04-05,778436,24,4,3,40,10,93,SEA,SF,SEA,Bryce Miller,682243,0.16666666666666666,0.125,0.25
2025-04-11,778360,20,5,3,53,12,101,SEA,SEA,TEX,Bryce Miller,682243,0.25,0.15,0.22641509433962265
2025-04-16,778304,18,8,2,31,7,78,SEA,CIN,SEA,Bryce Miller,682243,0.4444444444444444,0.1111111111111111,0.22580645161290322
2025-04-22,778224,23,4,4,47,9,100,SEA,BOS,SEA,Bryce Miller,682243,0.17391304347826086,0.17391304347826086,0.19148936170212766
2025-04-29,778121,20,6,5,30,8,83,SEA,SEA,LAA,Bryce Miller,682243,0.3,0.25,0.26666666666666666
2025-05-05,778038,20,1,0,50,7,94,SEA,ATH,SEA,Bryce Miller,682243,0.05,0.0,0.14
2025-05-11,777958,25,3,2,48,9,92,SEA,SEA,TOR,Bryce Miller,682243,0.12,0.08,0.1875
2025-05-31,777695,19,2,1,34,7,71,SEA,SEA,MIN,Bryce Miller,682243,0.10526315789473684,0.05263157894736842,0.20588235294117646
2025-06-06,777614,23,2,1,38,5,70,SEA,LAA,SEA,Bryce Miller,682243,0.08695652173913043,0.043478260869565216,0.13157894736842105
2025-08-19,776680,22,4,2,50,13,86,SEA,PHI,SEA,Bryce Miller,682243,0.18181818181818182,0.09090909090909091,0.26
2025-08-25,776595,21,4,1,45,12,81,SEA,SEA,SD,Bryce Miller,682243,0.19047619047619047,0.047619047619047616,0.26666666666666666
2025-08-31,776521,21,3,1,39,6,72,SEA,CLE,SEA,Bryce Miller,682243,0.14285714285714285,0.047619047619047616,0.15384615384615385
2025-09-06,776447,24,3,2,42,7,92,SEA,ATL,SEA,Bryce Miller,682243,0.125,0.08333333333333333,0.16666666666666666
2025-09-11,776362,23,11,0,54,18,99,SEA,SEA,LAA,Bryce Miller,682243,0.4782608695652174,0.0,0.3333333333333333
2025-09-17,776289,24,4,2,45,7,89,SEA,KC,SEA,Bryce Miller,682243,0.16666666666666666,0.08333333333333333,0.15555555555555556
2025-09-23,776212,22,4,1,49,8,84,SEA,SEA,COL,Bryce Miller,682243,0.18181818181818182,0.045454545454545456,0.16326530612244897
2025-09-28,776139,19,2,2,40,9,70,SEA,SEA,LAD,Bryce Miller,682243,0.10526315789473684,0.10526315789473684,0.225
2025-06-12,777532,17,5,3,37,13,81,MIL,MIL,STL,Jacob Misiorowski,694819,0.29411764705882354,0.17647058823529413,0.35135135135135137
2025-06-20,777434,20,6,1,48,9,86,MIL,MIN,MIL,Jacob Misiorowski,694819,0.3,0.05,0.1875
2025-06-25,777361,18,8,2,37,10,74,MIL,MIL,PIT,Jacob Misiorowski,694819,0.4444444444444444,0.1111111111111111,0.2702702702702703
2025-07-02,777276,19,2,3,34,6,73,MIL,NYM,MIL,Jacob Misiorowski,694819,0.10526315789473684,0.15789473684210525,0.17647058823529413
2025-07-08,777193,23,12,1,53,17,91,MIL,MIL,LAD,Jacob Misiorowski,694819,0.5217391304347826,0.043478260869565216,0.32075471698113206
2025-07-22,777035,14,7,1,38,15,64,MIL,SEA,MIL,Jacob Misiorowski,694819,0.5,0.07142857142857142,0.39473684210526316
2025-07-28,776965,17,7,2,46,15,80,MIL,MIL,CHC,Jacob Misiorowski,694819,0.4117647058823529,0.11764705882352941,0.32608695652173914
2025-08-15,776740,11,3,3,18,2,54,MIL,CIN,MIL,Jacob Misiorowski,694819,0.2727272727272727,0.2727272727272727,0.1111111111111111
2025-08-20,776663,16,5,3,32,5,78,MIL,CHC,MIL,Jacob Misiorowski,694819,0.3125,0.1875,0.15625
2025-08-26,776586,20,10,1,50,16,93,MIL,MIL,AZ,Jacob Misiorowski,694819,0.5,0.05,0.32
2025-09-01,776500,19,4,1,38,10,73,MIL,MIL,PHI,Jacob Misiorowski,694819,0.21052631578947367,0.05263157894736842,0.2631578947368421
2025-09-07,776419,25,8,2,49,10,108,MIL,PIT,MIL,Jacob Misiorowski,694819,0.32,0.08,0.20408163265306123
2025-09-13,776339,23,4,1,41,7,75,MIL,MIL,STL,Jacob Misiorowski,694819,0.17391304347826086,0.043478260869565216,0.17073170731707318
2025-09-19,776265,17,2,3,36,11,77,MIL,STL,MIL,Jacob Misiorowski,694819,0.11764705882352941,0.17647058823529413,0.3055555555555556
2025-09-27,776153,13,3,3,21,6,58,MIL,MIL,CIN,Jacob Misiorowski,694819,0.23076923076923078,0.23076923076923078,0.2857142857142857
2025-04-01,778486,20,6,3,35,11,82,DET,SEA,DET,Casey Mize,663554,0.3,0.15,0.3142857142857143
2025-04-07,778424,24,6,3,37,10,88,DET,DET,NYY,Casey Mize,663554,0.25,0.125,0.2702702702702703
2025-04-13,778335,24,3,0,41,7,74,DET,MIN,DET,Casey Mize,663554,0.125,0.0,0.17073170731707318
2025-04-19,778265,27,3,1,46,9,88,DET,DET,KC,Casey Mize,663554,0.1111111111111111,0.037037037037037035,0.1956521739130435
2025-04-26,778168,24,5,0,44,12,87,DET,DET,BAL,Casey Mize,663554,0.20833333333333334,0.0,0.2727272727272727
2025-05-01,778101,28,4,2,47,10,95,DET,LAA,DET,Casey Mize,663554,0.14285714285714285,0.07142857142857142,0.2127659574468085
2025-05-08,778004,21,8,0,46,15,86,DET,COL,DET,Casey Mize,663554,0.38095238095238093,0.0,0.32608695652173914
2025-05-24,777796,21,6,1,38,10,77,DET,DET,CLE,Casey Mize,663554,0.2857142857142857,0.047619047619047616,0.2631578947368421
2025-05-30,777711,20,4,2,33,7,79,DET,KC,DET,Casey Mize,663554,0.2,0.1,0.21212121212121213
2025-06-05,777634,24,3,4,42,3,93,DET,CWS,DET,Casey Mize,663554,0.125,0.16666666666666666,0.07142857142857142
2025-06-11,777562,25,7,2,46,9,90,DET,BAL,DET,Casey Mize,663554,0.28,0.08,0.1956521739130435
2025-06-17,777475,23,4,0,47,10,92,DET,DET,PIT,Casey Mize,663554,0.17391304347826086,0.0,0.2127659574468085
2025-06-22,777409,21,5,0,46,9,80,DET,TB,DET,Casey Mize,663554,0.23809523809523808,0.0,0.1956521739130435
2025-06-28,777324,26,5,1,52,7,94,DET,DET,MIN,Casey Mize,663554,0.19230769230769232,0.038461538461538464,0.1346153846153846
2025-07-05,777240,27,4,1,50,7,106,DET,CLE,DET,Casey Mize,663554,0.14814814814814814,0.037037037037037035,0.14
2025-07-12,777145,16,4,1,37,7,68,DET,DET,SEA,Casey Mize,663554,0.25,0.0625,0.1891891891891892
2025-07-22,777044,23,5,1,50,10,86,DET,PIT,DET,Casey Mize,663554,0.21739130434782608,0.043478260869565216,0.2
2025-07-29,776953,12,2,3,24,6,59,DET,DET,AZ,Casey Mize,663554,0.16666666666666666,0.25,0.25
2025-08-04,776874,21,4,0,31,8,67,DET,DET,MIN,Casey Mize,663554,0.19047619047619047,0.0,0.25806451612903225
2025-08-10,776806,21,5,2,41,7,91,DET,DET,LAA,Casey Mize,663554,0.23809523809523808,0.09523809523809523,0.17073170731707318
2025-08-16,776716,23,10,1,37,9,89,DET,MIN,DET,Casey Mize,663554,0.43478260869565216,0.043478260869565216,0.24324324324324326
2025-08-22,776649,25,0,1,41,3,87,DET,DET,KC,Casey Mize,663554,0.0,0.04,0.07317073170731707
2025-08-27,776559,19,4,2,43,13,78,DET,ATH,DET,Casey Mize,663554,0.21052631578947367,0.10526315789473684,0.3023255813953488
2025-09-03,776478,19,3,0,37,6,69,DET,DET,NYM,Casey Mize,663554,0.15789473684210525,0.0,0.16216216216216217
2025-09-09,776398,22,8,0,37,9,88,DET,NYY,DET,Casey Mize,663554,0.36363636363636365,0.0,0.24324324324324326
2025-09-16,776303,24,8,1,49,15,87,DET,DET,CLE,Casey Mize,663554,0.3333333333333333,0.041666666666666664,0.30612244897959184
2025-09-21,776238,25,5,3,41,13,97,DET,DET,ATL,Casey Mize,663554,0.2,0.12,0.3170731707317073
2025-09-26,776181,24,8,0,45,13,80,DET,BOS,DET,Casey Mize,663554,0.3333333333333333,0.0,0.28888888888888886
2025-10-01,813071,12,1,2,32,6,62,DET,CLE,DET,Casey Mize,663554,0.08333333333333333,0.16666666666666666,0.1875
2025-03-31,778508,19,4,2,32,4,66,PIT,TB,PIT,Carmen Mlodzinski,669387,0.21052631578947367,0.10526315789473684,0.125
2025-04-07,778415,22,6,2,35,7,92,PIT,PIT,STL,Carmen Mlodzinski,669387,0.2727272727272727,0.09090909090909091,0.2
2025-04-13,778343,20,4,2,27,6,73,PIT,CIN,PIT,Carmen Mlodzinski,669387,0.2,0.1,0.2222222222222222
2025-04-18,778271,21,0,2,32,6,64,PIT,PIT,CLE,Carmen Mlodzinski,669387,0.0,0.09523809523809523,0.1875
2025-04-24,778191,22,4,1,41,7,78,PIT,LAA,PIT,Carmen Mlodzinski,669387,0.18181818181818182,0.045454545454545456,0.17073170731707318
2025-04-30,778112,18,4,1,27,5,65,PIT,PIT,CHC,Carmen Mlodzinski,669387,0.2222222222222222,0.05555555555555555,0.18518518518518517
2025-05-05,778036,18,2,0,40,8,88,PIT,STL,PIT,Carmen Mlodzinski,669387,0.1111111111111111,0.0,0.2
2025-05-11,777967,22,2,1,40,6,83,PIT,PIT,ATL,Carmen Mlodzinski,669387,0.09090909090909091,0.045454545454545456,0.15
2025-05-17,777894,18,2,1,37,6,78,PIT,PHI,PIT,Carmen Mlodzinski,669387,0.1111111111111111,0.05555555555555555,0.16216216216216217
2025-06-13,777526,8,1,0,13,2,25,PIT,CHC,PIT,Carmen Mlodzinski,669387,0.125,0.0,0.15384615384615385
2025-06-17,777475,12,2,1,17,0,46,PIT,DET,PIT,Carmen Mlodzinski,669387,0.16666666666666666,0.08333333333333333,0.0
2025-06-21,777421,9,3,2,15,6,35,PIT,PIT,TEX,Carmen Mlodzinski,669387,0.3333333333333333,0.2222222222222222,0.4
2025-06-24,777374,11,0,1,26,3,51,PIT,MIL,PIT,Carmen Mlodzinski,669387,0.0,0.09090909090909091,0.11538461538461539
2025-06-29,777313,13,2,0,27,4,54,PIT,PIT,NYM,Carmen Mlodzinski,669387,0.15384615384615385,0.0,0.14814814814814814
2025-07-06,777205,10,3,0,22,7,45,PIT,SEA,PIT,Carmen Mlodzinski,669387,0.3,0.0,0.3181818181818182
2025-07-11,777148,10,4,0,21,9,37,PIT,MIN,PIT,Carmen Mlodzinski,669387,0.4,0.0,0.42857142857142855
2025-07-19,777090,15,2,1,23,3,44,PIT,PIT,CWS,Carmen Mlodzinski,669387,0.13333333333333333,0.06666666666666667,0.13043478260869565
2025-07-23,777029,7,3,0,18,6,34,PIT,PIT,DET,Carmen Mlodzinski,669387,0.42857142857142855,0.0,0.3333333333333333
2025-07-27,776984,8,4,0,17,4,40,PIT,PIT,AZ,Carmen Mlodzinski,669387,0.5,0.0,0.23529411764705882
2025-07-30,776933,7,0,0,9,1,19,PIT,SF,PIT,Carmen Mlodzinski,669387,0.0,0.0,0.1111111111111111
2025-08-03,776886,9,4,1,14,3,33,PIT,COL,PIT,Carmen Mlodzinski,669387,0.4444444444444444,0.1111111111111111,0.21428571428571427
2025-08-06,776844,5,1,0,9,2,14,PIT,PIT,SF,Carmen Mlodzinski,669387,0.2,0.0,0.2222222222222222
2025-08-09,776812,12,3,0,21,4,47,PIT,PIT,CIN,Carmen Mlodzinski,669387,0.25,0.0,0.19047619047619047
2025-08-13,776755,10,2,2,21,4,40,PIT,MIL,PIT,Carmen Mlodzinski,669387,0.2,0.2,0.19047619047619047
2025-08-17,776704,14,3,0,22,5,44,PIT,CHC,PIT,Carmen Mlodzinski,669387,0.21428571428571427,0.0,0.22727272727272727
2025-08-23,776632,7,5,0,15,7,35,PIT,PIT,COL,Carmen Mlodzinski,669387,0.7142857142857143,0.0,0.4666666666666667
2025-08-27,776568,13,4,3,18,8,46,PIT,STL,PIT,Carmen Mlodzinski,669387,0.3076923076923077,0.23076923076923078,0.4444444444444444
2025-09-02,776496,8,1,1,28,3,50,PIT,PIT,LAD,Carmen Mlodzinski,669387,0.125,0.125,0.10714285714285714
2025-09-05,776453,8,1,1,14,2,33,PIT,PIT,MIL,Carmen Mlodzinski,669387,0.125,0.125,0.14285714285714285
2025-09-10,776387,7,2,2,11,4,30,PIT,BAL,PIT,Carmen Mlodzinski,669387,0.2857142857142857,0.2857142857142857,0.36363636363636365
2025-09-13,776336,7,3,0,16,6,30,PIT,WSH,PIT,Carmen Mlodzinski,669387,0.42857142857142855,0.0,0.375
2025-09-16,776308,13,5,0,22,8,55,PIT,PIT,CHC,Carmen Mlodzinski,669387,0.38461538461538464,0.0,0.36363636363636365
2025-09-21,776234,11,3,0,23,7,48,PIT,PIT,ATH,Carmen Mlodzinski,669387,0.2727272727272727,0.0,0.30434782608695654
2025-09-25,776190,6,0,0,10,1,26,PIT,CIN,PIT,Carmen Mlodzinski,669387,0.0,0.0,0.1
2025-06-24,777387,20,5,3,30,8,80,NYM,NYM,ATL,Frankie Montas,593423,0.25,0.15,0.26666666666666666
2025-06-29,777313,20,5,1,52,17,86,NYM,PIT,NYM,Frankie Montas,593423,0.25,0.05,0.3269230769230769
2025-07-05,777241,22,2,0,44,9,77,NYM,NYM,NYY,Frankie Montas,593423,0.09090909090909091,0.0,0.20454545454545456
2025-07-12,777136,19,5,0,39,6,83,NYM,KC,NYM,Frankie Montas,593423,0.2631578947368421,0.0,0.15384615384615385
2025-07-22,777054,26,6,2,42,12,92,NYM,NYM,LAA,Frankie Montas,593423,0.23076923076923078,0.07692307692307693,0.2857142857142857
2025-07-28,776959,23,3,2,36,6,83,NYM,SD,NYM,Frankie Montas,593423,0.13043478260869565,0.08695652173913043,0.16666666666666666
2025-08-03,776887,22,3,2,48,9,92,NYM,NYM,SF,Frankie Montas,593423,0.13636363636363635,0.09090909090909091,0.1875
2025-08-09,776817,15,3,2,35,10,72,NYM,MIL,NYM,Frankie Montas,593423,0.2,0.13333333333333333,0.2857142857142857
2025-08-15,776736,11,0,2,17,3,44,NYM,NYM,SEA,Frankie Montas,593423,0.0,0.18181818181818182,0.17647058823529413
2025-04-16,778295,24,8,1,44,12,85,DET,MIL,DET,Keider Montero,672456,0.3333333333333333,0.041666666666666664,0.2727272727272727
2025-04-21,778228,22,3,4,38,7,92,DET,DET,SD,Keider Montero,672456,0.13636363636363635,0.18181818181818182,0.18421052631578946
2025-04-26,778180,18,2,2,36,3,77,DET,DET,BAL,Keider Montero,672456,0.1111111111111111,0.1111111111111111,0.08333333333333333
2025-05-08,778029,29,2,3,50,12,92,DET,COL,DET,Keider Montero,672456,0.06896551724137931,0.10344827586206896,0.24
2025-05-13,777940,16,3,1,27,7,62,DET,DET,BOS,Keider Montero,672456,0.1875,0.0625,0.25925925925925924
2025-05-19,777862,27,3,2,47,5,98,DET,STL,DET,Keider Montero,672456,0.1111111111111111,0.07407407407407407,0.10638297872340426
2025-05-26,777770,18,3,2,35,6,79,DET,DET,SF,Keider Montero,672456,0.16666666666666666,0.1111111111111111,0.17142857142857143
2025-06-01,777677,20,2,1,39,6,72,DET,KC,DET,Keider Montero,672456,0.1,0.05,0.15384615384615385
2025-06-07,777609,23,4,1,37,10,69,DET,DET,CHC,Keider Montero,672456,0.17391304347826086,0.043478260869565216,0.2702702702702703
2025-06-13,777538,23,4,1,44,6,83,DET,DET,CIN,Keider Montero,672456,0.17391304347826086,0.043478260869565216,0.13636363636363635
2025-06-19,777464,20,5,2,37,5,78,DET,DET,PIT,Keider Montero,672456,0.25,0.1,0.13513513513513514
2025-07-07,777211,21,4,1,29,2,68,DET,DET,TB,Keider Montero,672456,0.19047619047619047,0.047619047619047616,0.06896551724137931
2025-07-12,777145,15,2,1,27,2,56,DET,DET,SEA,Keider Montero,672456,0.13333333333333333,0.06666666666666667,0.07407407407407407
2025-07-19,777088,20,5,3,33,3,82,DET,TEX,DET,Keider Montero,672456,0.25,0.15,0.09090909090909091
2025-07-25,777016,22,3,0,44,10,76,DET,DET,TOR,Keider Montero,672456,0.13636363636363635,0.0,0.22727272727272727
2025-09-05,776452,15,2,1,24,6,53,DET,DET,CWS,Keider Montero,672456,0.13333333333333333,0.06666666666666667,0.25
2025-09-11,776368,7,3,1,10,4,31,DET,NYY,DET,Keider Montero,672456,0.42857142857142855,0.14285714285714285,0.4
2025-09-14,776332,18,5,0,38,8,76,DET,MIA,DET,Keider Montero,672456,0.2777777777777778,0.0,0.21052631578947367
2025-09-20,776258,14,2,4,27,5,69,DET,DET,ATL,Keider Montero,672456,0.14285714285714285,0.2857142857142857,0.18518518518518517
2025-09-27,776157,18,7,0,35,7,76,DET,BOS,DET,Keider Montero,672456,0.3888888888888889,0.0,0.2
2025-08-01,776914,9,0,1,14,1,37,ATH,ATH,AZ,Luis Morales,806960,0.0,0.1111111111111111,0.07142857142857142
2025-08-10,776804,13,4,5,14,5,57,ATH,BAL,ATH,Luis Morales,806960,0.3076923076923077,0.38461538461538464,0.35714285714285715
2025-08-16,776718,21,5,2,38,6,87,ATH,ATH,LAA,Luis Morales,806960,0.23809523809523808,0.09523809523809523,0.15789473684210525
2025-08-22,776638,20,6,0,48,9,97,ATH,SEA,ATH,Luis Morales,806960,0.3,0.0,0.1875
2025-08-27,776559,25,7,2,39,10,91,ATH,ATH,DET,Luis Morales,806960,0.28,0.08,0.2564102564102564
2025-09-01,776497,23,8,1,43,12,91,ATH,STL,ATH,Luis Morales,806960,0.34782608695652173,0.043478260869565216,0.27906976744186046
2025-09-08,776410,21,2,1,43,11,84,ATH,ATH,BOS,Luis Morales,806960,0.09523809523809523,0.047619047619047616,0.2558139534883721
2025-09-14,776327,22,2,2,35,7,80,ATH,ATH,CIN,Luis Morales,806960,0.09090909090909091,0.09090909090909091,0.2
2025-09-20,776249,25,4,2,44,6,96,ATH,PIT,ATH,Luis Morales,806960,0.16,0.08,0.13636363636363635
2025-09-27,776154,21,5,2,43,11,101,ATH,ATH,KC,Luis Morales,806960,0.23809523809523808,0.09523809523809523,0.2558139534883721
2025-03-28,778549,18,3,1,37,6,80,BAL,TOR,BAL,Charlie Morton,450203,0.16666666666666666,0.05555555555555555,0.16216216216216217
2025-04-03,778470,23,10,2,48,15,98,BAL,BAL,BOS,Charlie Morton,450203,0.43478260869565216,0.08695652173913043,0.3125
2025-04-08,778396,25,4,5,39,6,87,BAL,AZ,BAL,Charlie Morton,450203,0.16,0.2,0.15384615384615385
2025-04-15,778317,24,2,3,35,4,88,BAL,BAL,CLE,Charlie Morton,450203,0.08333333333333333,0.125,0.11428571428571428
2025-04-20,778250,18,2,4,27,7,68,BAL,BAL,CIN,Charlie Morton,450203,0.1111111111111111,0.2222222222222222,0.25925925925925924
2025-04-26,778180,18,3,5,34,7,80,BAL,DET,BAL,Charlie Morton,450203,0.16666666666666666,0.2777777777777778,0.20588235294117646
2025-04-29,778133,12,2,1,20,5,43,BAL,BAL,NYY,Charlie Morton,450203,0.16666666666666666,0.08333333333333333,0.25
2025-05-04,778062,6,0,0,10,1,24,BAL,BAL,KC,Charlie Morton,450203,0.0,0.0,0.1
2025-05-07,778011,17,2,1,32,9,70,BAL,MIN,BAL,Charlie Morton,450203,0.11764705882352941,0.058823529411764705,0.28125
2025-05-10,777973,6,2,0,14,2,30,BAL,LAA,BAL,Charlie Morton,450203,0.3333333333333333,0.0,0.14285714285714285
2025-05-14,777938,12,4,1,21,4,46,BAL,BAL,MIN,Charlie Morton,450203,0.3333333333333333,0.08333333333333333,0.19047619047619047
2025-05-17,777890,16,6,1,34,10,62,BAL,BAL,WSH,Charlie Morton,450203,0.375,0.0625,0.29411764705882354
2025-05-26,777771,24,5,2,40,11,86,BAL,BAL,STL,Charlie Morton,450203,0.20833333333333334,0.08333333333333333,0.275
2025-06-01,777684,28,7,1,44,14,100,BAL,BAL,CWS,Charlie Morton,450203,0.25,0.03571428571428571,0.3181818181818182
2025-06-07,777599,18,5,4,28,6,76,BAL,ATH,BAL,Charlie Morton,450203,0.2777777777777778,0.2222222222222222,0.21428571428571427
2025-06-13,777539,21,10,1,41,15,78,BAL,BAL,LAA,Charlie Morton,450203,0.47619047619047616,0.047619047619047616,0.36585365853658536
2025-06-19,777446,22,7,0,43,11,84,BAL,TB,BAL,Charlie Morton,450203,0.3181818181818182,0.0,0.2558139534883721
2025-06-24,777380,22,3,2,51,8,100,BAL,BAL,TEX,Charlie Morton,450203,0.13636363636363635,0.09090909090909091,0.1568627450980392
2025-07-04,777252,25,7,1,52,17,98,BAL,ATL,BAL,Charlie Morton,450203,0.28,0.04,0.3269230769230769
2025-07-10,777165,26,4,2,50,8,108,BAL,BAL,NYM,Charlie Morton,450203,0.15384615384615385,0.07692307692307693,0.16
2025-07-18,777110,27,4,3,40,9,86,BAL,TB,BAL,Charlie Morton,450203,0.14814814814814814,0.1111111111111111,0.225
2025-07-24,777019,28,6,4,53,9,107,BAL,CLE,BAL,Charlie Morton,450203,0.21428571428571427,0.14285714285714285,0.16981132075471697
2025-07-29,778372,29,2,3,46,8,100,BAL,BAL,TOR,Charlie Morton,450203,0.06896551724137931,0.10344827586206896,0.17391304347826086
2025-08-03,776890,23,6,0,56,15,89,DET,PHI,DET,Charlie Morton,450203,0.2608695652173913,0.0,0.26785714285714285
2025-08-09,776813,22,10,1,45,19,90,DET,DET,LAA,Charlie Morton,450203,0.45454545454545453,0.045454545454545456,0.4222222222222222
2025-08-15,776732,23,5,3,38,11,99,DET,MIN,DET,Charlie Morton,450203,0.21739130434782608,0.13043478260869565,0.2894736842105263
2025-08-20,776673,26,8,3,41,13,94,DET,DET,HOU,Charlie Morton,450203,0.3076923076923077,0.11538461538461539,0.3170731707317073
2025-08-26,776573,24,7,2,43,16,86,DET,ATH,DET,Charlie Morton,450203,0.2916666666666667,0.08333333333333333,0.37209302325581395
2025-09-01,776501,20,3,4,35,8,86,DET,DET,NYM,Charlie Morton,450203,0.15,0.2,0.22857142857142856
2025-09-07,776425,15,2,3,31,7,72,DET,DET,CWS,Charlie Morton,450203,0.13333333333333333,0.2,0.22580645161290322
2025-09-13,776347,19,4,4,29,7,76,DET,MIA,DET,Charlie Morton,450203,0.21052631578947367,0.21052631578947367,0.2413793103448276
2025-09-19,776268,12,2,2,20,5,45,DET,DET,ATL,Charlie Morton,450203,0.16666666666666666,0.16666666666666666,0.25
2025-09-28,776149,6,1,1,10,3,23,ATL,ATL,PIT,Charlie Morton,450203,0.16666666666666666,0.16666666666666666,0.3
2025-04-24,778194,20,2,4,40,5,82,MIL,SF,MIL,Tobias Myers,668964,0.1,0.2,0.125
2025-04-30,778111,11,3,3,20,5,49,MIL,CWS,MIL,Tobias Myers,668964,0.2727272727272727,0.2727272727272727,0.25
2025-05-02,778080,3,1,0,4,0,11,MIL,MIL,CHC,Tobias Myers,668964,0.3333333333333333,0.0,0.0
2025-05-05,778042,23,2,0,43,7,80,MIL,MIL,HOU,Tobias Myers,668964,0.08695652173913043,0.0,0.16279069767441862
2025-05-10,777981,18,3,3,36,4,75,MIL,TB,MIL,Tobias Myers,668964,0.16666666666666666,0.16666666666666666,0.1111111111111111
2025-05-17,777883,21,4,0,42,4,71,MIL,MIL,MIN,Tobias Myers,668964,0.19047619047619047,0.0,0.09523809523809523
2025-07-23,777024,7,3,0,14,3,34,MIL,SEA,MIL,Tobias Myers,668964,0.42857142857142855,0.0,0.21428571428571427
2025-07-25,777008,4,1,0,7,1,10,MIL,MIL,MIA,Tobias Myers,668964,0.25,0.0,0.14285714285714285
2025-08-09,776817,17,4,2,29,8,66,MIL,MIL,NYM,Tobias Myers,668964,0.23529411764705882,0.11764705882352941,0.27586206896551724
2025-08-13,776755,7,1,0,14,1,28,MIL,MIL,PIT,Tobias Myers,668964,0.14285714285714285,0.0,0.07142857142857142
2025-08-17,776709,7,2,0,13,6,24,MIL,CIN,MIL,Tobias Myers,668964,0.2857142857142857,0.0,0.46153846153846156
2025-08-19,776691,7,2,0,8,2,19,MIL,CHC,MIL,Tobias Myers,668964,0.2857142857142857,0.0,0.25
2025-08-26,776586,9,1,0,17,4,30,MIL,MIL,AZ,Tobias Myers,668964,0.1111111111111111,0.0,0.23529411764705882
2025-08-28,776553,12,1,0,28,5,47,MIL,MIL,AZ,Tobias Myers,668964,0.08333333333333333,0.0,0.17857142857142858
2025-08-31,776515,10,1,0,24,6,36,MIL,TOR,MIL,Tobias Myers,668964,0.1,0.0,0.25
2025-09-04,776459,4,1,0,10,1,20,MIL,MIL,PHI,Tobias Myers,668964,0.25,0.0,0.1
2025-09-06,776441,3,0,1,6,0,13,MIL,PIT,MIL,Tobias Myers,668964,0.0,0.3333333333333333,0.0
2025-09-09,776395,3,2,0,8,2,14,MIL,TEX,MIL,Tobias Myers,668964,0.6666666666666666,0.0,0.25
2025-09-13,776339,8,1,0,13,2,26,MIL,MIL,STL,Tobias Myers,668964,0.125,0.0,0.15384615384615385
2025-09-19,776265,9,1,1,14,2,28,MIL,STL,MIL,Tobias Myers,668964,0.1111111111111111,0.1111111111111111,0.14285714285714285
2025-09-23,776214,7,0,0,14,3,27,MIL,SD,MIL,Tobias Myers,668964,0.0,0.0,0.21428571428571427
2025-09-26,776171,10,2,1,16,5,36,MIL,MIL,CIN,Tobias Myers,668964,0.2,0.1,0.3125
2025-03-27,778552,12,3,1,26,5,50,AZ,AZ,CHC,Ryne Nelson,669194,0.25,0.08333333333333333,0.19230769230769232
2025-04-03,778466,8,2,0,16,4,33,AZ,NYY,AZ,Ryne Nelson,669194,0.25,0.0,0.25
2025-04-07,778413,9,2,0,15,3,31,AZ,AZ,BAL,Ryne Nelson,669194,0.2222222222222222,0.0,0.2
2025-04-12,778350,11,3,0,16,3,36,AZ,AZ,MIL,Ryne Nelson,669194,0.2727272727272727,0.0,0.1875
2025-04-18,778268,8,2,1,13,3,36,AZ,CHC,AZ,Ryne Nelson,669194,0.25,0.125,0.23076923076923078
2025-04-24,778188,12,5,0,25,4,54,AZ,AZ,TB,Ryne Nelson,669194,0.4166666666666667,0.0,0.16
2025-04-29,778130,13,3,2,33,6,68,AZ,NYM,AZ,Ryne Nelson,669194,0.23076923076923078,0.15384615384615385,0.18181818181818182
2025-05-05,778039,19,2,4,27,5,70,AZ,AZ,NYM,Ryne Nelson,669194,0.10526315789473684,0.21052631578947367,0.18518518518518517
2025-05-10,777975,6,1,0,6,1,17,AZ,AZ,LAD,Ryne Nelson,669194,0.16666666666666666,0.0,0.16666666666666666
2025-05-14,777916,14,5,2,28,8,56,AZ,SF,AZ,Ryne Nelson,669194,0.35714285714285715,0.14285714285714285,0.2857142857142857
2025-05-20,777838,18,2,1,27,4,71,AZ,LAD,AZ,Ryne Nelson,669194,0.1111111111111111,0.05555555555555555,0.14814814814814814
2025-05-26,777761,24,4,0,44,8,84,AZ,AZ,PIT,Ryne Nelson,669194,0.16666666666666666,0.0,0.18181818181818182
2025-05-31,777696,15,1,0,40,4,62,AZ,AZ,WSH,Ryne Nelson,669194,0.06666666666666667,0.0,0.1
2025-06-07,777612,17,3,4,32,6,77,AZ,CIN,AZ,Ryne Nelson,669194,0.17647058823529413,0.23529411764705882,0.1875
2025-06-13,777521,21,3,1,39,4,79,AZ,AZ,SD,Ryne Nelson,669194,0.14285714285714285,0.047619047619047616,0.10256410256410256
2025-06-19,777448,20,4,2,37,6,83,AZ,TOR,AZ,Ryne Nelson,669194,0.2,0.1,0.16216216216216217
2025-06-24,777383,19,7,3,46,9,87,AZ,CWS,AZ,Ryne Nelson,669194,0.3684210526315789,0.15789473684210525,0.1956521739130435
2025-06-30,777291,24,7,0,52,12,88,AZ,AZ,SF,Ryne Nelson,669194,0.2916666666666667,0.0,0.23076923076923078
2025-07-05,777234,24,5,0,42,5,86,AZ,AZ,KC,Ryne Nelson,669194,0.20833333333333334,0.0,0.11904761904761904
2025-07-11,777150,22,1,4,44,4,87,AZ,LAA,AZ,Ryne Nelson,669194,0.045454545454545456,0.18181818181818182,0.09090909090909091
2025-07-19,777081,23,4,1,44,7,85,AZ,AZ,STL,Ryne Nelson,669194,0.17391304347826086,0.043478260869565216,0.1590909090909091
2025-07-25,777014,22,4,2,44,7,88,AZ,PIT,AZ,Ryne Nelson,669194,0.18181818181818182,0.09090909090909091,0.1590909090909091
2025-07-30,776940,23,8,0,51,12,92,AZ,DET,AZ,Ryne Nelson,669194,0.34782608695652173,0.0,0.23529411764705882
2025-08-05,776852,24,8,2,57,14,100,AZ,AZ,SD,Ryne Nelson,669194,0.3333333333333333,0.08333333333333333,0.24561403508771928
2025-08-11,776785,23,6,0,56,11,97,AZ,TEX,AZ,Ryne Nelson,669194,0.2608695652173913,0.0,0.19642857142857142
2025-08-16,776715,27,4,0,46,15,85,AZ,COL,AZ,Ryne Nelson,669194,0.14814814814814814,0.0,0.32608695652173914
2025-08-22,776635,24,6,2,41,9,88,AZ,AZ,CIN,Ryne Nelson,669194,0.25,0.08333333333333333,0.21951219512195122
2025-08-27,776572,23,3,0,47,4,98,AZ,MIL,AZ,Ryne Nelson,669194,0.13043478260869565,0.0,0.0851063829787234
2025-09-01,776495,23,7,1,49,13,97,AZ,AZ,TEX,Ryne Nelson,669194,0.30434782608695654,0.043478260869565216,0.2653061224489796
2025-09-07,776415,21,3,3,52,11,105,AZ,AZ,BOS,Ryne Nelson,669194,0.14285714285714285,0.14285714285714285,0.21153846153846154
2025-09-13,776337,23,4,3,48,10,90,AZ,MIN,AZ,Ryne Nelson,669194,0.17391304347826086,0.13043478260869565,0.20833333333333334
2025-09-19,776255,22,1,2,45,5,95,AZ,AZ,PHI,Ryne Nelson,669194,0.045454545454545456,0.09090909090909091,0.1111111111111111
2025-09-24,776193,25,9,0,51,11,92,AZ,AZ,LAD,Ryne Nelson,669194,0.36,0.0,0.21568627450980393
2025-03-31,778512,18,4,2,27,8,64,BOS,BAL,BOS,Sean Newcomb,656794,0.2222222222222222,0.1111111111111111,0.2962962962962963
2025-04-06,778443,23,5,3,44,10,94,BOS,BOS,STL,Sean Newcomb,656794,0.21739130434782608,0.13043478260869565,0.22727272727272727
2025-04-11,778366,22,6,2,45,5,94,BOS,CWS,BOS,Sean Newcomb,656794,0.2727272727272727,0.09090909090909091,0.1111111111111111
2025-04-16,778298,19,4,2,29,1,71,BOS,TB,BOS,Sean Newcomb,656794,0.21052631578947367,0.10526315789473684,0.034482758620689655
2025-04-23,778207,24,8,2,43,7,97,BOS,BOS,SEA,Sean Newcomb,656794,0.3333333333333333,0.08333333333333333,0.16279069767441862
2025-04-27,778157,4,3,0,9,4,16,BOS,CLE,BOS,Sean Newcomb,656794,0.75,0.0,0.4444444444444444
2025-05-06,778037,17,3,1,35,7,77,BOS,BOS,TEX,Sean Newcomb,656794,0.17647058823529413,0.058823529411764705,0.2
2025-05-09,777990,2,0,0,3,1,6,BOS,KC,BOS,Sean Newcomb,656794,0.0,0.0,0.3333333333333333
2025-05-12,777951,27,4,0,54,10,98,BOS,DET,BOS,Sean Newcomb,656794,0.14814814814814814,0.0,0.18518518518518517
2025-05-18,777876,20,4,2,34,5,79,BOS,BOS,ATL,Sean Newcomb,656794,0.2,0.1,0.14705882352941177
2025-05-21,777831,9,0,2,12,2,32,BOS,BOS,NYM,Sean Newcomb,656794,0.0,0.2222222222222222,0.16666666666666666
2025-05-24,777809,6,0,1,11,3,28,BOS,BOS,BAL,Sean Newcomb,656794,0.0,0.16666666666666666,0.2727272727272727
2025-05-29,777727,14,2,1,19,3,44,ATH,TOR,ATH,Sean Newcomb,656794,0.14285714285714285,0.07142857142857142,0.15789473684210525
2025-06-02,777669,6,1,1,14,1,26,ATH,ATH,MIN,Sean Newcomb,656794,0.16666666666666666,0.16666666666666666,0.07142857142857142
2025-06-05,777636,9,1,2,18,3,45,ATH,ATH,MIN,Sean Newcomb,656794,0.1111111111111111,0.2222222222222222,0.16666666666666666
2025-06-08,777588,12,3,0,20,3,41,ATH,ATH,BAL,Sean Newcomb,656794,0.25,0.0,0.15
2025-06-17,777469,6,1,1,9,0,26,ATH,ATH,HOU,Sean Newcomb,656794,0.16666666666666666,0.16666666666666666,0.0
2025-06-18,777456,8,1,0,14,4,26,ATH,ATH,HOU,Sean Newcomb,656794,0.125,0.0,0.2857142857142857
2025-06-21,777411,8,2,0,16,1,34,ATH,ATH,CLE,Sean Newcomb,656794,0.25,0.0,0.0625
2025-06-27,777337,11,2,0,18,1,44,ATH,NYY,ATH,Sean Newcomb,656794,0.18181818181818182,0.0,0.05555555555555555
2025-06-30,777296,1,0,0,1,0,2,ATH,TB,ATH,Sean Newcomb,656794,0.0,0.0,0.0
2025-07-01,777286,7,2,0,9,4,26,ATH,TB,ATH,Sean Newcomb,656794,0.2857142857142857,0.0,0.4444444444444444
2025-07-05,777227,6,2,0,7,1,20,ATH,ATH,SF,Sean Newcomb,656794,0.3333333333333333,0.0,0.14285714285714285
2025-07-06,777210,1,1,0,2,1,3,ATH,ATH,SF,Sean Newcomb,656794,1.0,0.0,0.5
2025-07-10,777156,4,1,1,10,3,20,ATH,ATH,ATL,Sean Newcomb,656794,0.25,0.25,0.3
2025-07-12,777132,2,2,0,5,3,12,ATH,ATH,TOR,Sean Newcomb,656794,1.0,0.0,0.6
2025-07-13,777116,3,2,0,7,3,17,ATH,ATH,TOR,Sean Newcomb,656794,0.6666666666666666,0.0,0.42857142857142855
2025-07-21,777057,6,2,0,17,3,24,ATH,TEX,ATH,Sean Newcomb,656794,0.3333333333333333,0.0,0.17647058823529413
2025-07-22,777043,4,0,0,5,0,13,ATH,TEX,ATH,Sean Newcomb,656794,0.0,0.0,0.0
2025-07-26,776991,6,4,1,8,4,20,ATH,HOU,ATH,Sean Newcomb,656794,0.6666666666666666,0.16666666666666666,0.5
2025-07-28,776957,3,0,0,4,0,10,ATH,ATH,SEA,Sean Newcomb,656794,0.0,0.0,0.0
2025-07-29,776944,4,3,0,13,3,20,ATH,ATH,SEA,Sean Newcomb,656794,0.75,0.0,0.23076923076923078
2025-08-01,776914,4,1,1,5,1,11,ATH,ATH,AZ,Sean Newcomb,656794,0.25,0.25,0.2
2025-08-03,776881,3,2,0,6,1,12,ATH,ATH,AZ,Sean Newcomb,656794,0.6666666666666666,0.0,0.16666666666666666
2025-08-06,776850,6,2,0,13,4,22,ATH,WSH,ATH,Sean Newcomb,656794,0.3333333333333333,0.0,0.3076923076923077
2025-08-10,776804,4,0,1,7,0,16,ATH,BAL,ATH,Sean Newcomb,656794,0.0,0.25,0.0
2025-08-13,776751,5,1,0,6,1,17,ATH,ATH,TB,Sean Newcomb,656794,0.2,0.0,0.16666666666666666
2025-08-16,776718,8,3,0,18,3,32,ATH,ATH,LAA,Sean Newcomb,656794,0.375,0.0,0.16666666666666666
2025-08-17,776699,3,1,0,7,2,19,ATH,ATH,LAA,Sean Newcomb,656794,0.3333333333333333,0.0,0.2857142857142857
2025-08-20,776665,6,0,0,11,1,24,ATH,MIN,ATH,Sean Newcomb,656794,0.0,0.0,0.09090909090909091
2025-08-23,776620,4,1,0,7,2,15,ATH,SEA,ATH,Sean Newcomb,656794,0.25,0.0,0.2857142857142857
2025-08-25,776590,8,2,2,12,3,33,ATH,ATH,DET,Sean Newcomb,656794,0.25,0.25,0.25
2025-08-30,776524,5,1,0,10,2,21,ATH,ATH,TEX,Sean Newcomb,656794,0.2,0.0,0.2
2025-09-02,776483,7,1,0,12,2,26,ATH,STL,ATH,Sean Newcomb,656794,0.14285714285714285,0.0,0.16666666666666666
2025-09-07,776414,5,0,1,5,0,17,ATH,LAA,ATH,Sean Newcomb,656794,0.0,0.2,0.0
2025-09-10,776379,7,0,0,13,1,29,ATH,ATH,BOS,Sean Newcomb,656794,0.0,0.0,0.07692307692307693
2025-09-12,776358,3,3,0,9,4,18,ATH,ATH,CIN,Sean Newcomb,656794,1.0,0.0,0.4444444444444444
2025-09-14,776327,3,0,0,7,1,13,ATH,ATH,CIN,Sean Newcomb,656794,0.0,0.0,0.14285714285714285
2025-03-30,778526,23,8,0,44,13,95,PHI,WSH,PHI,Aaron Nola,605400,0.34782608695652173,0.0,0.29545454545454547
2025-04-05,778448,25,2,1,41,9,97,PHI,PHI,LAD,Aaron Nola,605400,0.08,0.04,0.21951219512195122
2025-04-11,778365,24,7,4,39,12,93,PHI,STL,PHI,Aaron Nola,605400,0.2916666666666667,0.16666666666666666,0.3076923076923077
2025-04-16,778296,28,8,4,46,12,99,PHI,PHI,SF,Aaron Nola,605400,0.2857142857142857,0.14285714285714285,0.2608695652173913
2025-04-21,778225,26,6,2,46,10,101,PHI,NYM,PHI,Aaron Nola,605400,0.23076923076923078,0.07692307692307693,0.21739130434782608
2025-04-27,778158,24,6,1,59,15,99,PHI,CHC,PHI,Aaron Nola,605400,0.25,0.041666666666666664,0.2542372881355932
2025-05-03,778078,23,8,1,48,13,109,PHI,PHI,AZ,Aaron Nola,605400,0.34782608695652173,0.043478260869565216,0.2708333333333333
2025-05-09,777997,23,5,2,39,7,87,PHI,CLE,PHI,Aaron Nola,605400,0.21739130434782608,0.08695652173913043,0.1794871794871795
2025-05-14,777933,24,2,1,44,5,83,PHI,PHI,STL,Aaron Nola,605400,0.08333333333333333,0.041666666666666664,0.11363636363636363
2025-08-17,776708,15,4,1,26,7,53,PHI,WSH,PHI,Aaron Nola,605400,0.26666666666666666,0.06666666666666667,0.2692307692307692
2025-08-23,776628,25,6,1,50,16,97,PHI,PHI,WSH,Aaron Nola,605400,0.24,0.04,0.32
2025-08-28,776560,24,4,3,40,6,95,PHI,PHI,ATL,Aaron Nola,605400,0.16666666666666666,0.125,0.15
2025-09-03,776471,24,6,2,42,11,95,PHI,MIL,PHI,Aaron Nola,605400,0.25,0.08333333333333333,0.2619047619047619
2025-09-08,776405,22,7,2,40,8,94,PHI,PHI,NYM,Aaron Nola,605400,0.3181818181818182,0.09090909090909091,0.2
2025-09-14,776334,26,5,1,56,13,97,PHI,PHI,KC,Aaron Nola,605400,0.19230769230769232,0.038461538461538464,0.23214285714285715
2025-09-20,776246,24,4,2,35,10,84,PHI,AZ,PHI,Aaron Nola,605400,0.16666666666666666,0.08333333333333333,0.2857142857142857
2025-09-26,776176,26,9,0,36,8,90,PHI,PHI,MIN,Aaron Nola,605400,0.34615384615384615,0.0,0.2222222222222222
2025-03-30,778517,19,3,3,28,4,77,MIN,STL,MIN,Bailey Ober,641927,0.15789473684210525,0.15789473684210525,0.14285714285714285
2025-04-05,778440,17,5,2,46,13,84,MIN,MIN,HOU,Bailey Ober,641927,0.29411764705882354,0.11764705882352941,0.2826086956521739
2025-04-10,778373,24,4,1,40,9,73,MIN,KC,MIN,Bailey Ober,641927,0.16666666666666666,0.041666666666666664,0.225
2025-04-15,778307,25,5,0,45,11,77,MIN,MIN,NYM,Bailey Ober,641927,0.2,0.0,0.24444444444444444
2025-04-22,778216,25,6,1,48,12,87,MIN,MIN,CWS,Bailey Ober,641927,0.24,0.04,0.25
2025-04-28,778139,31,2,0,51,7,102,MIN,CLE,MIN,Bailey Ober,641927,0.06451612903225806,0.0,0.13725490196078433
2025-05-03,778073,25,6,1,50,18,94,MIN,BOS,MIN,Bailey Ober,641927,0.24,0.04,0.36
2025-05-08,778007,25,6,1,50,14,91,MIN,MIN,BAL,Bailey Ober,641927,0.24,0.04,0.28
2025-05-14,777924,20,3,3,42,12,102,MIN,BAL,MIN,Bailey Ober,641927,0.15,0.15,0.2857142857142857
2025-05-19,777861,12,3,0,21,5,42,MIN,MIN,CLE,Bailey Ober,641927,0.25,0.0,0.23809523809523808
2025-05-25,777772,27,3,1,50,11,89,MIN,MIN,KC,Bailey Ober,641927,0.1111111111111111,0.037037037037037035,0.22
2025-05-31,777695,19,4,1,49,10,97,MIN,SEA,MIN,Bailey Ober,641927,0.21052631578947367,0.05263157894736842,0.20408163265306123
2025-06-06,777615,28,4,1,52,11,87,MIN,MIN,TOR,Bailey Ober,641927,0.14285714285714285,0.03571428571428571,0.21153846153846154
2025-06-12,777533,26,3,6,36,10,98,MIN,MIN,TEX,Bailey Ober,641927,0.11538461538461539,0.23076923076923078,0.2777777777777778
2025-06-18,777474,27,5,0,42,9,88,MIN,CIN,MIN,Bailey Ober,641927,0.18518518518518517,0.0,0.21428571428571427
2025-06-23,777388,29,7,0,55,10,102,MIN,MIN,SEA,Bailey Ober,641927,0.2413793103448276,0.0,0.18181818181818182
2025-06-28,777324,29,5,1,53,8,96,MIN,DET,MIN,Bailey Ober,641927,0.1724137931034483,0.034482758620689655,0.1509433962264151
2025-08-02,776905,22,4,1,47,7,91,MIN,CLE,MIN,Bailey Ober,641927,0.18181818181818182,0.045454545454545456,0.14893617021276595
2025-08-09,776816,22,4,1,38,4,89,MIN,MIN,KC,Bailey Ober,641927,0.18181818181818182,0.045454545454545456,0.10526315789473684
2025-08-14,776744,20,4,0,46,14,89,MIN,MIN,DET,Bailey Ober,641927,0.2,0.0,0.30434782608695654
2025-08-20,776665,21,7,1,45,16,82,MIN,MIN,ATH,Bailey Ober,641927,0.3333333333333333,0.047619047619047616,0.35555555555555557
2025-08-26,776582,23,3,0,54,7,96,MIN,TOR,MIN,Bailey Ober,641927,0.13043478260869565,0.0,0.12962962962962962
2025-09-01,776502,22,3,2,35,4,69,MIN,MIN,CWS,Bailey Ober,641927,0.13636363636363635,0.09090909090909091,0.11428571428571428
2025-09-07,776422,21,6,1,42,8,85,MIN,KC,MIN,Bailey Ober,641927,0.2857142857142857,0.047619047619047616,0.19047619047619047
2025-09-14,776324,23,9,0,59,18,101,MIN,MIN,AZ,Bailey Ober,641927,0.391304347826087,0.0,0.3050847457627119
2025-09-20,776243,25,1,2,47,10,90,MIN,MIN,CLE,Bailey Ober,641927,0.04,0.08,0.2127659574468085
2025-09-25,776183,19,4,1,43,14,78,MIN,TEX,MIN,Bailey Ober,641927,0.21052631578947367,0.05263157894736842,0.32558139534883723
2025-06-16,777490,5,0,0,13,3,28,LAD,LAD,SD,Shohei Ohtani,660271,0.0,0.0,0.23076923076923078
2025-06-22,777398,4,2,0,9,2,18,LAD,LAD,WSH,Shohei Ohtani,660271,0.5,0.0,0.2222222222222222
2025-06-28,777319,7,1,1,14,3,27,LAD,KC,LAD,Shohei Ohtani,660271,0.14285714285714285,0.14285714285714285,0.21428571428571427
2025-07-05,777221,6,3,0,20,6,31,LAD,LAD,HOU,Shohei Ohtani,660271,0.5,0.0,0.3
2025-07-12,777127,11,4,1,16,5,36,LAD,SF,LAD,Shohei Ohtani,660271,0.36363636363636365,0.09090909090909091,0.3125
2025-07-21,777051,14,3,1,23,7,46,LAD,LAD,MIN,Shohei Ohtani,660271,0.21428571428571427,0.07142857142857142,0.30434782608695654
2025-07-30,776941,15,4,1,22,8,51,LAD,CIN,LAD,Shohei Ohtani,660271,0.26666666666666666,0.06666666666666667,0.36363636363636365
2025-08-06,776839,14,8,0,27,11,54,LAD,LAD,STL,Shohei Ohtani,660271,0.5714285714285714,0.0,0.4074074074074074
2025-08-13,776752,19,7,0,38,11,80,LAD,LAA,LAD,Shohei Ohtani,660271,0.3684210526315789,0.0,0.2894736842105263
2025-08-20,776660,20,3,0,41,8,66,LAD,COL,LAD,Shohei Ohtani,660271,0.15,0.0,0.1951219512195122
2025-08-27,776562,19,9,2,38,13,87,LAD,LAD,CIN,Shohei Ohtani,660271,0.47368421052631576,0.10526315789473684,0.34210526315789475
2025-09-05,776454,15,5,1,37,10,70,LAD,BAL,LAD,Shohei Ohtani,660271,0.3333333333333333,0.06666666666666667,0.2702702702702703
2025-09-16,776297,16,5,1,29,6,68,LAD,LAD,PHI,Shohei Ohtani,660271,0.3125,0.0625,0.20689655172413793
2025-09-23,776213,22,8,0,48,13,91,LAD,AZ,LAD,Shohei Ohtani,660271,0.36363636363636365,0.0,0.2708333333333333
2025-03-29,778533,20,5,1,39,8,97,DET,LAD,DET,Reese Olson,681857,0.25,0.05,0.20512820512820512
2025-04-05,778445,26,5,3,38,10,94,DET,DET,CWS,Reese Olson,681857,0.19230769230769232,0.11538461538461539,0.2631578947368421
2025-04-11,778363,22,3,3,37,8,90,DET,MIN,DET,Reese Olson,681857,0.13636363636363635,0.13636363636363635,0.21621621621621623
2025-04-17,778286,22,5,2,36,10,87,DET,DET,KC,Reese Olson,681857,0.22727272727272727,0.09090909090909091,0.2777777777777778
2025-04-23,778209,26,7,1,41,17,85,DET,DET,SD,Reese Olson,681857,0.2692307692307692,0.038461538461538464,0.4146341463414634
2025-04-29,778124,23,7,3,40,18,90,DET,HOU,DET,Reese Olson,681857,0.30434782608695654,0.13043478260869565,0.45
2025-05-04,778050,24,8,3,47,18,94,DET,LAA,DET,Reese Olson,681857,0.3333333333333333,0.125,0.3829787234042553
2025-05-11,777969,21,5,1,36,8,83,DET,DET,TEX,Reese Olson,681857,0.23809523809523808,0.047619047619047616,0.2222222222222222
2025-05-17,777886,19,6,1,38,11,85,DET,TOR,DET,Reese Olson,681857,0.3157894736842105,0.05263157894736842,0.2894736842105263
2025-07-04,777249,19,3,1,38,13,89,DET,CLE,DET,Reese Olson,681857,0.15789473684210525,0.05263157894736842,0.34210526315789475
2025-07-09,777182,21,1,2,40,5,84,DET,DET,TB,Reese Olson,681857,0.047619047619047616,0.09523809523809523,0.125
2025-07-18,777098,18,6,1,44,12,90,DET,TEX,DET,Reese Olson,681857,0.3333333333333333,0.05555555555555555,0.2727272727272727
2025-07-24,777021,26,4,1,39,9,99,DET,DET,TOR,Reese Olson,681857,0.15384615384615385,0.038461538461538464,0.23076923076923078
2025-03-31,778499,26,2,4,44,8,90,CLE,SD,CLE,Luis Ortiz,682847,0.07692307692307693,0.15384615384615385,0.18181818181818182
2025-04-06,778425,25,3,0,43,9,81,CLE,LAA,CLE,Luis Ortiz,682847,0.12,0.0,0.20930232558139536
2025-04-12,778359,20,10,2,45,13,100,CLE,CLE,KC,Luis Ortiz,682847,0.5,0.1,0.28888888888888886
2025-04-18,778271,22,8,3,45,13,92,CLE,PIT,CLE,Luis Ortiz,682847,0.36363636363636365,0.13636363636363635,0.28888888888888886
2025-04-23,778206,24,8,5,51,18,104,CLE,CLE,NYY,Luis Ortiz,682847,0.3333333333333333,0.20833333333333334,0.35294117647058826
2025-04-30,778116,23,5,2,41,8,90,CLE,CLE,MIN,Luis Ortiz,682847,0.21739130434782608,0.08695652173913043,0.1951219512195122
2025-05-06,778026,25,4,3,36,11,85,CLE,WSH,CLE,Luis Ortiz,682847,0.16,0.12,0.3055555555555556
2025-05-11,777971,23,9,2,41,14,95,CLE,CLE,PHI,Luis Ortiz,682847,0.391304347826087,0.08695652173913043,0.34146341463414637
2025-05-18,777874,23,7,2,47,13,100,CLE,CIN,CLE,Luis Ortiz,682847,0.30434782608695654,0.08695652173913043,0.2765957446808511
2025-05-24,777796,22,3,5,38,11,89,CLE,DET,CLE,Luis Ortiz,682847,0.13636363636363635,0.22727272727272727,0.2894736842105263
2025-05-30,777721,25,5,2,44,9,97,CLE,CLE,LAA,Luis Ortiz,682847,0.2,0.08,0.20454545454545456
2025-06-04,777653,21,7,3,44,14,92,CLE,NYY,CLE,Luis Ortiz,682847,0.3333333333333333,0.14285714285714285,0.3181818181818182
2025-06-09,777580,23,5,1,44,7,88,CLE,CLE,CIN,Luis Ortiz,682847,0.21739130434782608,0.043478260869565216,0.1590909090909091
2025-06-15,777495,29,5,5,44,12,105,CLE,SEA,CLE,Luis Ortiz,682847,0.1724137931034483,0.1724137931034483,0.2727272727272727
2025-06-21,777411,23,10,2,42,11,92,CLE,ATH,CLE,Luis Ortiz,682847,0.43478260869565216,0.08695652173913043,0.2619047619047619
2025-06-27,777349,28,5,1,46,9,102,CLE,CLE,STL,Luis Ortiz,682847,0.17857142857142858,0.03571428571428571,0.1956521739130435
2025-08-04,776879,8,3,3,13,6,44,PIT,PIT,SF,Johan Oviedo,670912,0.375,0.375,0.46153846153846156
2025-08-20,776661,19,6,1,35,12,75,PIT,PIT,TOR,Johan Oviedo,670912,0.3157894736842105,0.05263157894736842,0.34285714285714286
2025-08-25,776589,16,5,1,24,7,53,PIT,STL,PIT,Johan Oviedo,670912,0.3125,0.0625,0.2916666666666667
2025-08-30,776539,21,6,3,30,9,80,PIT,BOS,PIT,Johan Oviedo,670912,0.2857142857142857,0.14285714285714285,0.3
2025-09-05,776453,20,4,3,36,9,78,PIT,PIT,MIL,Johan Oviedo,670912,0.2,0.15,0.25
2025-09-11,776372,25,5,3,42,11,85,PIT,BAL,PIT,Johan Oviedo,670912,0.2,0.12,0.2619047619047619
2025-09-17,776287,24,3,3,38,6,99,PIT,PIT,CHC,Johan Oviedo,670912,0.125,0.125,0.15789473684210525
2025-09-23,776224,19,7,3,34,12,82,PIT,CIN,PIT,Johan Oviedo,670912,0.3684210526315789,0.15789473684210525,0.35294117647058826
2025-09-28,776149,19,3,3,29,6,71,PIT,ATL,PIT,Johan Oviedo,670912,0.15789473684210525,0.15789473684210525,0.20689655172413793
2025-03-31,778506,20,2,4,42,9,89,MIN,CWS,MIN,Chris Paddack,663978,0.1,0.2,0.21428571428571427
2025-04-06,778419,21,2,2,32,5,68,MIN,MIN,HOU,Chris Paddack,663978,0.09523809523809523,0.09523809523809523,0.15625
2025-04-12,778348,19,5,2,46,10,93,MIN,MIN,DET,Chris Paddack,663978,0.2631578947368421,0.10526315789473684,0.21739130434782608
2025-04-18,778284,20,6,1,40,5,88,MIN,ATL,MIN,Chris Paddack,663978,0.3,0.05,0.125
2025-04-24,778189,24,5,4,49,12,99,MIN,MIN,CWS,Chris Paddack,663978,0.20833333333333334,0.16666666666666666,0.24489795918367346
2025-04-29,778129,19,2,1,41,4,76,MIN,CLE,MIN,Chris Paddack,663978,0.10526315789473684,0.05263157894736842,0.0975609756097561
2025-05-04,778063,22,2,2,45,8,94,MIN,BOS,MIN,Chris Paddack,663978,0.09090909090909091,0.09090909090909091,0.17777777777777778
2025-05-09,777992,25,6,0,39,7,83,MIN,MIN,SF,Chris Paddack,663978,0.24,0.0,0.1794871794871795
2025-05-15,777911,23,3,1,48,9,89,MIN,BAL,MIN,Chris Paddack,663978,0.13043478260869565,0.043478260869565216,0.1875
2025-05-21,777829,24,2,2,49,7,91,MIN,MIN,CLE,Chris Paddack,663978,0.08333333333333333,0.08333333333333333,0.14285714285714285
2025-05-26,777762,21,5,0,50,10,90,MIN,TB,MIN,Chris Paddack,663978,0.23809523809523808,0.0,0.2
2025-06-01,777680,29,10,1,57,16,110,MIN,SEA,MIN,Chris Paddack,663978,0.3448275862068966,0.034482758620689655,0.2807017543859649
2025-06-07,777600,24,2,2,42,4,86,MIN,MIN,TOR,Chris Paddack,663978,0.08333333333333333,0.08333333333333333,0.09523809523809523
2025-06-13,777527,24,1,1,46,11,85,MIN,HOU,MIN,Chris Paddack,663978,0.041666666666666664,0.041666666666666664,0.2391304347826087
2025-06-19,777452,21,3,0,40,5,82,MIN,CIN,MIN,Chris Paddack,663978,0.14285714285714285,0.0,0.125
2025-06-24,777375,23,4,1,42,6,80,MIN,MIN,SEA,Chris Paddack,663978,0.17391304347826086,0.043478260869565216,0.14285714285714285
2025-06-29,777314,21,3,0,48,10,91,MIN,DET,MIN,Chris Paddack,663978,0.14285714285714285,0.0,0.20833333333333334
2025-07-04,777247,20,5,0,47,7,87,MIN,MIN,TB,Chris Paddack,663978,0.25,0.0,0.14893617021276595
2025-07-10,777166,27,2,1,53,5,98,MIN,MIN,CHC,Chris Paddack,663978,0.07407407407407407,0.037037037037037035,0.09433962264150944
2025-07-18,777102,24,5,2,57,14,97,MIN,COL,MIN,Chris Paddack,663978,0.20833333333333334,0.08333333333333333,0.24561403508771928
2025-07-23,777022,21,8,0,42,13,79,MIN,LAD,MIN,Chris Paddack,663978,0.38095238095238093,0.0,0.30952380952380953
2025-07-30,776940,20,5,0,44,7,84,DET,DET,AZ,Chris Paddack,663978,0.25,0.0,0.1590909090909091
2025-08-05,776861,18,0,0,32,1,57,DET,DET,MIN,Chris Paddack,663978,0.0,0.0,0.03125
2025-08-11,776781,20,4,1,40,4,76,DET,CWS,DET,Chris Paddack,663978,0.2,0.05,0.1
2025-08-17,776700,29,4,3,46,11,91,DET,MIN,DET,Chris Paddack,663978,0.13793103448275862,0.10344827586206896,0.2391304347826087
2025-08-23,776625,19,1,1,25,1,62,DET,DET,KC,Chris Paddack,663978,0.05263157894736842,0.05263157894736842,0.04
2025-08-29,776540,16,0,0,29,3,58,DET,KC,DET,Chris Paddack,663978,0.0,0.0,0.10344827586206896
2025-09-02,776490,13,1,0,23,6,41,DET,DET,NYM,Chris Paddack,663978,0.07692307692307693,0.0,0.2608695652173913
2025-09-09,776398,9,4,0,15,5,35,DET,NYY,DET,Chris Paddack,663978,0.4444444444444444,0.0,0.3333333333333333
2025-09-12,776366,12,2,1,16,4,28,DET,MIA,DET,Chris Paddack,663978,0.16666666666666666,0.08333333333333333,0.25
2025-09-17,776296,1,1,0,6,2,7,DET,DET,CLE,Chris Paddack,663978,1.0,0.0,0.3333333333333333
2025-09-19,776268,18,2,0,34,6,68,DET,DET,ATL,Chris Paddack,663978,0.1111111111111111,0.0,0.17647058823529413
2025-09-28,776151,24,5,4,50,12,104,DET,BOS,DET,Chris Paddack,663978,0.20833333333333334,0.16666666666666666,0.24
2025-03-30,778517,21,3,2,37,13,78,STL,STL,MIN,Andre Pallante,669467,0.14285714285714285,0.09523809523809523,0.35135135135135137
2025-04-06,778443,20,6,3,40,12,92,STL,BOS,STL,Andre Pallante,669467,0.3,0.15,0.3
2025-04-11,778365,25,4,2,38,7,93,STL,STL,PHI,Andre Pallante,669467,0.16,0.08,0.18421052631578946
2025-04-17,778278,23,2,0,47,8,95,STL,NYM,STL,Andre Pallante,669467,0.08695652173913043,0.0,0.1702127659574468
2025-04-22,778229,23,1,3,36,7,83,STL,ATL,STL,Andre Pallante,669467,0.043478260869565216,0.13043478260869565,0.19444444444444445
2025-04-28,778141,25,4,2,38,9,90,STL,CIN,STL,Andre Pallante,669467,0.16,0.08,0.23684210526315788
2025-05-04,778068,21,1,4,30,3,72,STL,STL,NYM,Andre Pallante,669467,0.047619047619047616,0.19047619047619047,0.1
2025-05-10,777980,27,7,0,44,9,91,STL,WSH,STL,Andre Pallante,669467,0.25925925925925924,0.0,0.20454545454545456
2025-05-16,777901,28,4,0,49,6,100,STL,KC,STL,Andre Pallante,669467,0.14285714285714285,0.0,0.12244897959183673
2025-05-21,777827,24,3,4,47,8,90,STL,STL,DET,Andre Pallante,669467,0.125,0.16666666666666666,0.1702127659574468
2025-05-27,777754,27,7,3,42,12,96,STL,BAL,STL,Andre Pallante,669467,0.25925925925925924,0.1111111111111111,0.2857142857142857
2025-06-03,777660,20,2,0,39,4,71,STL,STL,KC,Andre Pallante,669467,0.1,0.0,0.10256410256410256
2025-06-09,777581,27,3,1,53,14,92,STL,STL,TOR,Andre Pallante,669467,0.1111111111111111,0.037037037037037035,0.2641509433962264
2025-06-14,777512,20,7,2,35,12,82,STL,MIL,STL,Andre Pallante,669467,0.35,0.1,0.34285714285714286
2025-06-20,777433,21,4,1,45,10,87,STL,STL,CIN,Andre Pallante,669467,0.19047619047619047,0.047619047619047616,0.2222222222222222
2025-06-26,777348,23,2,2,40,11,94,STL,STL,CHC,Andre Pallante,669467,0.08695652173913043,0.08695652173913043,0.275
2025-07-01,777288,23,3,2,38,7,94,STL,PIT,STL,Andre Pallante,669467,0.13043478260869565,0.08695652173913043,0.18421052631578946
2025-07-09,777178,27,1,1,47,4,100,STL,STL,WSH,Andre Pallante,669467,0.037037037037037035,0.037037037037037035,0.0851063829787234
2025-07-18,777100,25,3,2,40,12,89,STL,AZ,STL,Andre Pallante,669467,0.12,0.08,0.3
2025-07-23,777028,24,5,2,45,14,97,STL,COL,STL,Andre Pallante,669467,0.20833333333333334,0.08333333333333333,0.3111111111111111
2025-07-28,776960,23,4,1,39,10,81,STL,STL,MIA,Andre Pallante,669467,0.17391304347826086,0.043478260869565216,0.2564102564102564
2025-08-03,776884,22,4,3,42,12,93,STL,SD,STL,Andre Pallante,669467,0.18181818181818182,0.13636363636363635,0.2857142857142857
2025-08-09,776818,13,0,1,22,1,53,STL,STL,CHC,Andre Pallante,669467,0.0,0.07692307692307693,0.045454545454545456
2025-08-15,776731,24,8,3,45,13,100,STL,STL,NYY,Andre Pallante,669467,0.3333333333333333,0.125,0.28888888888888886
2025-08-20,776670,27,4,3,38,4,93,STL,MIA,STL,Andre Pallante,669467,0.14814814814814814,0.1111111111111111,0.10526315789473684
2025-08-26,776578,24,3,1,49,6,91,STL,STL,PIT,Andre Pallante,669467,0.125,0.041666666666666664,0.12244897959183673
2025-08-31,776518,25,6,4,40,6,95,STL,CIN,STL,Andre Pallante,669467,0.24,0.16,0.15
2025-09-06,776437,25,3,1,39,6,90,STL,STL,SF,Andre Pallante,669467,0.12,0.04,0.15384615384615385
2025-09-12,776356,22,0,4,25,1,72,STL,MIL,STL,Andre Pallante,669467,0.0,0.18181818181818182,0.04
2025-09-17,776283,24,3,3,47,11,102,STL,STL,CIN,Andre Pallante,669467,0.125,0.125,0.23404255319148937
2025-09-23,776211,14,4,2,29,9,66,STL,SF,STL,Andre Pallante,669467,0.2857142857142857,0.14285714285714285,0.3103448275862069
2025-05-16,777897,19,0,1,36,3,76,COL,AZ,COL,Carson Palmquist,687223,0.0,0.05263157894736842,0.08333333333333333
2025-05-21,777823,26,2,4,39,7,86,COL,COL,PHI,Carson Palmquist,687223,0.07692307692307693,0.15384615384615385,0.1794871794871795
2025-05-26,777757,21,4,3,40,4,92,COL,CHC,COL,Carson Palmquist,687223,0.19047619047619047,0.14285714285714285,0.1
2025-06-01,777686,21,8,2,39,7,89,COL,NYM,COL,Carson Palmquist,687223,0.38095238095238093,0.09523809523809523,0.1794871794871795
2025-06-10,777563,21,2,3,40,9,97,COL,COL,SF,Carson Palmquist,687223,0.09523809523809523,0.14285714285714285,0.225
2025-06-16,777488,21,2,3,36,6,89,COL,WSH,COL,Carson Palmquist,687223,0.09523809523809523,0.14285714285714285,0.16666666666666666
2025-06-21,777410,18,4,2,30,4,62,COL,COL,AZ,Carson Palmquist,687223,0.2222222222222222,0.1111111111111111,0.13333333333333333
2025-08-01,776919,15,3,5,20,9,64,COL,COL,PIT,Carson Palmquist,687223,0.2,0.3333333333333333,0.45
2025-08-04,776872,13,2,2,25,4,50,COL,COL,TOR,Carson Palmquist,687223,0.15384615384615385,0.15384615384615385,0.16
2025-03-30,778526,27,5,2,50,7,93,WSH,WSH,PHI,Mitchell Parker,680730,0.18518518518518517,0.07407407407407407,0.14
2025-04-05,778452,23,2,4,35,7,82,WSH,WSH,AZ,Mitchell Parker,680730,0.08695652173913043,0.17391304347826086,0.2
2025-04-11,778369,27,3,2,56,12,97,WSH,MIA,WSH,Mitchell Parker,680730,0.1111111111111111,0.07407407407407407,0.21428571428571427
2025-04-16,778293,24,6,1,49,12,89,WSH,PIT,WSH,Mitchell Parker,680730,0.25,0.041666666666666664,0.24489795918367346
2025-04-22,778222,27,4,2,51,9,99,WSH,WSH,BAL,Mitchell Parker,680730,0.14814814814814814,0.07407407407407407,0.17647058823529413
2025-04-27,778153,26,0,5,49,8,96,WSH,WSH,NYM,Mitchell Parker,680730,0.0,0.19230769230769232,0.16326530612244897
2025-05-02,778087,21,1,4,33,7,83,WSH,CIN,WSH,Mitchell Parker,680730,0.047619047619047616,0.19047619047619047,0.21212121212121213
2025-05-09,777995,21,5,2,45,7,96,WSH,WSH,STL,Mitchell Parker,680730,0.23809523809523808,0.09523809523809523,0.15555555555555556
2025-05-14,777929,20,6,2,44,8,80,WSH,ATL,WSH,Mitchell Parker,680730,0.3,0.1,0.18181818181818182
2025-05-20,777841,22,4,1,40,6,81,WSH,WSH,ATL,Mitchell Parker,680730,0.18181818181818182,0.045454545454545456,0.15
2025-05-27,777743,21,4,1,45,9,85,WSH,SEA,WSH,Mitchell Parker,680730,0.19047619047619047,0.047619047619047616,0.2
2025-06-01,777679,20,2,2,29,3,66,WSH,AZ,WSH,Mitchell Parker,680730,0.1,0.1,0.10344827586206896
2025-06-07,777610,21,5,0,49,11,83,WSH,WSH,TEX,Mitchell Parker,680730,0.23809523809523808,0.0,0.22448979591836735
2025-06-13,777530,21,3,3,39,10,87,WSH,WSH,MIA,Mitchell Parker,680730,0.14285714285714285,0.14285714285714285,0.2564102564102564
2025-06-18,777461,23,8,0,45,14,84,WSH,WSH,COL,Mitchell Parker,680730,0.34782608695652173,0.0,0.3111111111111111
2025-06-23,777382,26,1,2,43,5,96,WSH,SD,WSH,Mitchell Parker,680730,0.038461538461538464,0.07692307692307693,0.11627906976744186
2025-06-29,777305,23,3,3,34,6,76,WSH,LAA,WSH,Mitchell Parker,680730,0.13043478260869565,0.13043478260869565,0.17647058823529413
2025-07-05,777228,31,4,1,49,11,95,WSH,WSH,BOS,Mitchell Parker,680730,0.12903225806451613,0.03225806451612903,0.22448979591836735
2025-07-11,777149,25,0,3,46,6,85,WSH,MIL,WSH,Mitchell Parker,680730,0.0,0.12,0.13043478260869565
2025-07-19,777091,24,4,1,43,6,82,WSH,WSH,SD,Mitchell Parker,680730,0.16666666666666666,0.041666666666666664,0.13953488372093023
2025-07-26,776997,25,4,1,57,10,99,WSH,MIN,WSH,Mitchell Parker,680730,0.16,0.04,0.17543859649122806
2025-08-01,776917,25,3,1,40,5,84,WSH,WSH,MIL,Mitchell Parker,680730,0.12,0.04,0.125
2025-08-07,776837,23,4,3,39,6,85,WSH,WSH,ATH,Mitchell Parker,680730,0.17391304347826086,0.13043478260869565,0.15384615384615385
2025-08-12,776770,21,3,3,37,8,87,WSH,KC,WSH,Mitchell Parker,680730,0.14285714285714285,0.14285714285714285,0.21621621621621623
2025-08-17,776708,13,0,3,23,3,52,WSH,WSH,PHI,Mitchell Parker,680730,0.0,0.23076923076923078,0.13043478260869565
2025-08-23,776628,22,3,1,58,14,103,WSH,PHI,WSH,Mitchell Parker,680730,0.13636363636363635,0.045454545454545456,0.2413793103448276
2025-08-29,776545,25,7,0,49,13,91,WSH,WSH,TB,Mitchell Parker,680730,0.28,0.0,0.2653061224489796
2025-09-03,776477,23,4,1,51,13,92,WSH,WSH,MIA,Mitchell Parker,680730,0.17391304347826086,0.043478260869565216,0.2549019607843137
2025-09-09,776397,28,2,2,52,8,96,WSH,MIA,WSH,Mitchell Parker,680730,0.07142857142857142,0.07142857142857142,0.15384615384615385
2025-09-15,776315,24,1,1,53,5,103,WSH,WSH,ATL,Mitchell Parker,680730,0.041666666666666664,0.041666666666666664,0.09433962264150944
2025-09-21,776237,13,2,0,31,4,53,WSH,NYM,WSH,Mitchell Parker,680730,0.15384615384615385,0.0,0.12903225806451613
2025-09-24,776200,3,0,1,4,0,11,WSH,ATL,WSH,Mitchell Parker,680730,0.0,0.3333333333333333,0.0
2025-09-28,776143,7,0,0,10,1,16,WSH,WSH,CWS,Mitchell Parker,680730,0.0,0.0,0.1
2025-03-29,778538,6,1,1,7,0,22,MIL,NYY,MIL,Chad Patrick,694477,0.16666666666666666,0.16666666666666666,0.0
2025-04-01,778488,20,5,2,42,6,90,MIL,MIL,KC,Chad Patrick,694477,0.25,0.1,0.14285714285714285
2025-04-06,778421,21,4,3,35,8,80,MIL,MIL,CIN,Chad Patrick,694477,0.19047619047619047,0.14285714285714285,0.22857142857142856
2025-04-12,778350,18,2,2,38,5,77,MIL,AZ,MIL,Chad Patrick,694477,0.1111111111111111,0.1111111111111111,0.13157894736842105
2025-04-19,778253,23,6,0,48,16,94,MIL,MIL,ATH,Chad Patrick,694477,0.2608695652173913,0.0,0.3333333333333333
2025-04-25,778184,18,2,2,31,2,70,MIL,STL,MIL,Chad Patrick,694477,0.1111111111111111,0.1111111111111111,0.06451612903225806
2025-05-01,778094,23,4,0,53,10,102,MIL,CWS,MIL,Chad Patrick,694477,0.17391304347826086,0.0,0.18867924528301888
2025-05-06,778031,26,6,1,42,4,92,MIL,MIL,HOU,Chad Patrick,694477,0.23076923076923078,0.038461538461538464,0.09523809523809523
2025-05-11,777964,21,4,2,43,9,81,MIL,TB,MIL,Chad Patrick,694477,0.19047619047619047,0.09523809523809523,0.20930232558139536
2025-05-16,777898,27,2,1,45,4,88,MIL,MIL,MIN,Chad Patrick,694477,0.07407407407407407,0.037037037037037035,0.08888888888888889
2025-05-21,777826,20,7,1,54,13,89,MIL,MIL,BAL,Chad Patrick,694477,0.35,0.05,0.24074074074074073
2025-05-26,777764,19,6,2,39,7,79,MIL,MIL,BOS,Chad Patrick,694477,0.3157894736842105,0.10526315789473684,0.1794871794871795
2025-05-31,777702,23,6,0,46,10,94,MIL,PHI,MIL,Chad Patrick,694477,0.2608695652173913,0.0,0.21739130434782608
2025-06-06,777617,24,6,3,52,10,98,MIL,MIL,SD,Chad Patrick,694477,0.25,0.125,0.19230769230769232
2025-06-11,777554,26,8,3,53,19,94,MIL,MIL,ATL,Chad Patrick,694477,0.3076923076923077,0.11538461538461539,0.3584905660377358
2025-06-17,777482,23,5,2,37,9,74,MIL,CHC,MIL,Chad Patrick,694477,0.21739130434782608,0.08695652173913043,0.24324324324324326
2025-06-23,777391,24,9,1,49,14,99,MIL,MIL,PIT,Chad Patrick,694477,0.375,0.041666666666666664,0.2857142857142857
2025-06-29,777301,20,8,2,46,11,99,MIL,MIL,COL,Chad Patrick,694477,0.4,0.1,0.2391304347826087
2025-07-05,777238,20,2,1,34,4,72,MIL,MIA,MIL,Chad Patrick,694477,0.1,0.05,0.11764705882352941
2025-08-19,776691,22,4,2,42,5,81,MIL,CHC,MIL,Chad Patrick,694477,0.18181818181818182,0.09090909090909091,0.11904761904761904
2025-08-24,776608,22,7,2,47,14,87,MIL,MIL,SF,Chad Patrick,694477,0.3181818181818182,0.09090909090909091,0.2978723404255319
2025-09-09,776395,18,6,3,31,9,80,MIL,TEX,MIL,Chad Patrick,694477,0.3333333333333333,0.16666666666666666,0.2903225806451613
2025-09-14,776326,4,1,0,10,1,22,MIL,MIL,STL,Chad Patrick,694477,0.25,0.0,0.1
2025-09-16,776295,3,3,0,10,2,19,MIL,MIL,LAA,Chad Patrick,694477,1.0,0.0,0.2
2025-09-20,776244,18,3,0,31,5,56,MIL,STL,MIL,Chad Patrick,694477,0.16666666666666666,0.0,0.16129032258064516
2025-09-24,776198,12,5,2,28,8,57,MIL,SD,MIL,Chad Patrick,694477,0.4166666666666667,0.16666666666666666,0.2857142857142857
2025-09-28,776144,4,2,1,9,6,19,MIL,MIL,CIN,Chad Patrick,694477,0.5,0.25,0.6666666666666666
2025-03-28,778560,26,8,1,49,16,85,TB,TB,COL,Ryan Pepiot,686752,0.3076923076923077,0.038461538461538464,0.32653061224489793
2025-04-02,778479,23,3,3,40,6,88,TB,TB,PIT,Ryan Pepiot,686752,0.13043478260869565,0.13043478260869565,0.15
2025-04-09,778399,24,5,3,44,14,91,TB,TB,LAA,Ryan Pepiot,686752,0.20833333333333334,0.125,0.3181818181818182
2025-04-15,778319,29,8,2,57,17,102,TB,TB,BOS,Ryan Pepiot,686752,0.27586206896551724,0.06896551724137931,0.2982456140350877
2025-04-20,778240,25,7,1,47,12,97,TB,TB,NYY,Ryan Pepiot,686752,0.28,0.04,0.2553191489361702
2025-04-26,778160,20,3,2,38,8,75,TB,SD,TB,Ryan Pepiot,686752,0.15,0.1,0.21052631578947367
2025-05-02,778088,20,1,2,48,3,88,TB,NYY,TB,Ryan Pepiot,686752,0.05,0.1,0.0625
2025-05-08,778005,20,3,2,38,5,95,TB,TB,PHI,Ryan Pepiot,686752,0.15,0.1,0.13157894736842105
2025-05-14,777923,25,7,1,48,10,92,TB,TOR,TB,Ryan Pepiot,686752,0.28,0.04,0.20833333333333334
2025-05-19,777858,25,2,1,45,6,87,TB,TB,HOU,Ryan Pepiot,686752,0.08,0.04,0.13333333333333333
2025-05-25,777775,24,5,1,47,7,91,TB,TB,TOR,Ryan Pepiot,686752,0.20833333333333334,0.041666666666666664,0.14893617021276595
2025-05-30,777714,22,4,1,47,9,93,TB,HOU,TB,Ryan Pepiot,686752,0.18181818181818182,0.045454545454545456,0.19148936170212766
2025-06-05,777629,21,7,2,47,17,96,TB,TB,TEX,Ryan Pepiot,686752,0.3333333333333333,0.09523809523809523,0.3617021276595745
2025-06-10,777565,24,9,2,63,18,108,TB,BOS,TB,Ryan Pepiot,686752,0.375,0.08333333333333333,0.2857142857142857
2025-06-16,777484,27,11,2,49,17,98,TB,TB,BAL,Ryan Pepiot,686752,0.4074074074074074,0.07407407407407407,0.3469387755102041
2025-06-21,777420,22,7,2,44,9,96,TB,TB,DET,Ryan Pepiot,686752,0.3181818181818182,0.09090909090909091,0.20454545454545456
2025-06-27,777343,12,1,2,22,4,48,TB,BAL,TB,Ryan Pepiot,686752,0.08333333333333333,0.16666666666666666,0.18181818181818182
2025-07-02,777271,25,9,3,50,14,100,TB,TB,ATH,Ryan Pepiot,686752,0.36,0.12,0.28
2025-07-08,777195,24,6,3,47,14,93,TB,DET,TB,Ryan Pepiot,686752,0.25,0.125,0.2978723404255319
2025-07-13,777130,25,3,1,43,5,88,TB,BOS,TB,Ryan Pepiot,686752,0.12,0.04,0.11627906976744186
2025-07-20,777076,25,8,1,55,15,93,TB,TB,BAL,Ryan Pepiot,686752,0.32,0.04,0.2727272727272727
2025-07-26,777000,24,6,4,39,8,84,TB,CIN,TB,Ryan Pepiot,686752,0.25,0.16666666666666666,0.20512820512820512
2025-07-31,776927,21,4,3,38,8,88,TB,NYY,TB,Ryan Pepiot,686752,0.19047619047619047,0.14285714285714285,0.21052631578947367
2025-08-05,776848,23,6,2,49,6,90,TB,LAA,TB,Ryan Pepiot,686752,0.2608695652173913,0.08695652173913043,0.12244897959183673
2025-08-11,776787,23,4,2,44,8,85,TB,ATH,TB,Ryan Pepiot,686752,0.17391304347826086,0.08695652173913043,0.18181818181818182
2025-08-17,776703,24,8,2,43,17,93,TB,SF,TB,Ryan Pepiot,686752,0.3333333333333333,0.08333333333333333,0.3953488372093023
2025-08-24,776606,17,3,1,28,5,63,TB,TB,STL,Ryan Pepiot,686752,0.17647058823529413,0.058823529411764705,0.17857142857142858
2025-08-30,776525,18,6,3,40,14,93,TB,WSH,TB,Ryan Pepiot,686752,0.3333333333333333,0.16666666666666666,0.35
2025-09-04,776458,18,6,2,47,13,90,TB,TB,CLE,Ryan Pepiot,686752,0.3333333333333333,0.1111111111111111,0.2765957446808511
2025-09-16,776305,12,3,3,21,6,49,TB,TB,TOR,Ryan Pepiot,686752,0.25,0.25,0.2857142857142857
2025-09-23,776223,13,3,1,33,5,61,TB,BAL,TB,Ryan Pepiot,686752,0.23076923076923078,0.07692307692307693,0.15151515151515152
2025-03-27,778557,20,8,1,43,14,93,MIL,NYY,MIL,Freddy Peralta,642547,0.4,0.05,0.32558139534883723
2025-04-02,778477,26,8,0,51,18,97,MIL,MIL,KC,Freddy Peralta,642547,0.3076923076923077,0.0,0.35294117647058826
2025-04-08,778394,21,6,3,41,14,83,MIL,COL,MIL,Freddy Peralta,642547,0.2857142857142857,0.14285714285714285,0.34146341463414637
2025-04-13,778332,25,6,4,44,16,104,MIL,AZ,MIL,Freddy Peralta,642547,0.24,0.16,0.36363636363636365
2025-04-18,778261,22,5,1,47,16,93,MIL,MIL,ATH,Freddy Peralta,642547,0.22727272727272727,0.045454545454545456,0.3404255319148936
2025-04-23,778198,22,3,2,42,6,95,MIL,SF,MIL,Freddy Peralta,642547,0.13636363636363635,0.09090909090909091,0.14285714285714285
2025-04-29,778125,24,5,3,39,9,93,MIL,CWS,MIL,Freddy Peralta,642547,0.20833333333333334,0.125,0.23076923076923078
2025-05-04,778054,21,7,1,43,9,89,MIL,MIL,CHC,Freddy Peralta,642547,0.3333333333333333,0.047619047619047616,0.20930232558139536
2025-05-12,777960,23,4,3,42,11,95,MIL,CLE,MIL,Freddy Peralta,642547,0.17391304347826086,0.13043478260869565,0.2619047619047619
2025-05-18,777865,23,5,2,39,11,91,MIL,MIL,MIN,Freddy Peralta,642547,0.21739130434782608,0.08695652173913043,0.28205128205128205
2025-05-23,777806,21,3,3,46,10,101,MIL,PIT,MIL,Freddy Peralta,642547,0.14285714285714285,0.14285714285714285,0.21739130434782608
2025-05-28,777736,24,6,3,56,13,109,MIL,MIL,BOS,Freddy Peralta,642547,0.25,0.125,0.23214285714285715
2025-06-03,777668,27,9,3,52,18,103,MIL,CIN,MIL,Freddy Peralta,642547,0.3333333333333333,0.1111111111111111,0.34615384615384615
2025-06-08,777586,20,3,2,42,9,91,MIL,MIL,SD,Freddy Peralta,642547,0.15,0.1,0.21428571428571427
2025-06-13,777525,24,6,1,42,9,93,MIL,MIL,STL,Freddy Peralta,642547,0.25,0.041666666666666664,0.21428571428571427
2025-06-19,777450,20,6,2,37,6,86,MIL,CHC,MIL,Freddy Peralta,642547,0.3,0.1,0.16216216216216217
2025-06-24,777374,22,8,0,48,12,94,MIL,MIL,PIT,Freddy Peralta,642547,0.36363636363636365,0.0,0.25
2025-07-02,777289,23,6,1,48,13,100,MIL,NYM,MIL,Freddy Peralta,642547,0.2608695652173913,0.043478260869565216,0.2708333333333333
2025-07-07,777201,23,7,1,39,9,98,MIL,MIL,LAD,Freddy Peralta,642547,0.30434782608695654,0.043478260869565216,0.23076923076923078
2025-07-13,777123,25,7,1,49,13,103,MIL,MIL,WSH,Freddy Peralta,642547,0.28,0.04,0.2653061224489796
2025-07-19,777085,23,4,3,36,9,93,MIL,LAD,MIL,Freddy Peralta,642547,0.17391304347826086,0.13043478260869565,0.25
2025-07-25,777008,22,9,2,48,14,98,MIL,MIL,MIA,Freddy Peralta,642547,0.4090909090909091,0.09090909090909091,0.2916666666666667
2025-07-30,776929,21,3,4,39,10,85,MIL,MIL,CHC,Freddy Peralta,642547,0.14285714285714285,0.19047619047619047,0.2564102564102564
2025-08-05,776869,22,7,3,51,18,108,MIL,ATL,MIL,Freddy Peralta,642547,0.3181818181818182,0.13636363636363635,0.35294117647058826
2025-08-12,776771,22,7,1,41,16,89,MIL,MIL,PIT,Freddy Peralta,642547,0.3181818181818182,0.045454545454545456,0.3902439024390244
2025-08-18,777459,22,6,3,45,11,95,MIL,CHC,MIL,Freddy Peralta,642547,0.2727272727272727,0.13636363636363635,0.24444444444444444
2025-08-23,776621,20,6,4,37,11,96,MIL,MIL,SF,Freddy Peralta,642547,0.3,0.2,0.2972972972972973
2025-08-29,776546,21,8,1,49,12,95,MIL,TOR,MIL,Freddy Peralta,642547,0.38095238095238093,0.047619047619047616,0.24489795918367346
2025-09-04,776459,20,8,3,41,12,92,MIL,MIL,PHI,Freddy Peralta,642547,0.4,0.15,0.2926829268292683
2025-09-10,776375,23,9,2,51,9,113,MIL,TEX,MIL,Freddy Peralta,642547,0.391304347826087,0.08695652173913043,0.17647058823529413
2025-09-16,776295,22,10,2,49,19,94,MIL,MIL,LAA,Freddy Peralta,642547,0.45454545454545453,0.09090909090909091,0.3877551020408163
2025-09-22,776222,20,6,1,38,12,76,MIL,SD,MIL,Freddy Peralta,642547,0.3,0.05,0.3157894736842105
2025-09-28,776144,9,3,0,25,10,44,MIL,MIL,CIN,Freddy Peralta,642547,0.3333333333333333,0.0,0.4
2025-06-09,777574,15,5,2,34,4,70,MIA,PIT,MIA,Eury P\xc3\xa9rez,691587,0.3333333333333333,0.13333333333333333,0.11764705882352941
2025-06-15,777503,19,0,3,44,4,79,MIA,WSH,MIA,Eury P\xc3\xa9rez,691587,0.0,0.15789473684210525,0.09090909090909091
2025-06-21,777424,20,6,2,44,12,89,MIA,MIA,ATL,Eury P\xc3\xa9rez,691587,0.3,0.1,0.2727272727272727
2025-06-27,777332,18,3,3,49,10,93,MIA,AZ,MIA,Eury P\xc3\xa9rez,691587,0.16666666666666666,0.16666666666666666,0.20408163265306123
2025-07-03,777263,21,7,1,40,19,80,MIA,MIA,MIN,Eury P\xc3\xa9rez,691587,0.3333333333333333,0.047619047619047616,0.475
2025-07-08,777197,17,8,0,41,10,88,MIA,CIN,MIA,Eury P\xc3\xa9rez,691587,0.47058823529411764,0.0,0.24390243902439024
2025-07-13,777129,24,6,0,46,15,84,MIA,BAL,MIA,Eury P\xc3\xa9rez,691587,0.25,0.0,0.32608695652173914
2025-07-21,777062,22,5,2,35,7,87,MIA,MIA,SD,Eury P\xc3\xa9rez,691587,0.22727272727272727,0.09090909090909091,0.2
2025-07-27,776978,21,6,2,45,12,92,MIA,MIL,MIA,Eury P\xc3\xa9rez,691587,0.2857142857142857,0.09523809523809523,0.26666666666666666
2025-08-02,776910,21,5,3,39,12,88,MIA,MIA,NYY,Eury P\xc3\xa9rez,691587,0.23809523809523808,0.14285714285714285,0.3076923076923077
2025-08-07,776842,23,1,2,43,6,82,MIA,ATL,MIA,Eury P\xc3\xa9rez,691587,0.043478260869565216,0.08695652173913043,0.13953488372093023
2025-08-13,776766,19,8,0,50,17,91,MIA,CLE,MIA,Eury P\xc3\xa9rez,691587,0.42105263157894735,0.0,0.34
2025-08-18,776688,20,6,4,43,13,86,MIA,MIA,STL,Eury P\xc3\xa9rez,691587,0.3,0.2,0.3023255813953488
2025-08-24,776614,22,4,1,57,17,94,MIA,MIA,TOR,Eury P\xc3\xa9rez,691587,0.18181818181818182,0.045454545454545456,0.2982456140350877
2025-08-29,776548,7,0,2,14,2,39,MIA,NYM,MIA,Eury P\xc3\xa9rez,691587,0.0,0.2857142857142857,0.14285714285714285
2025-09-03,776477,20,2,1,35,5,77,MIA,WSH,MIA,Eury P\xc3\xa9rez,691587,0.1,0.05,0.14285714285714285
2025-09-10,776386,23,7,0,60,14,96,MIA,MIA,WSH,Eury P\xc3\xa9rez,691587,0.30434782608695654,0.0,0.23333333333333334
2025-09-16,776293,17,6,0,36,13,71,MIA,COL,MIA,Eury P\xc3\xa9rez,691587,0.35294117647058826,0.0,0.3611111111111111
2025-09-21,776226,16,9,1,46,15,89,MIA,TEX,MIA,Eury P\xc3\xa9rez,691587,0.5625,0.0625,0.32608695652173914
2025-09-27,776161,22,11,3,38,15,100,MIA,MIA,NYM,Eury P\xc3\xa9rez,691587,0.5,0.13636363636363635,0.39473684210526316
2025-03-31,778506,22,9,3,35,11,93,CWS,CWS,MIN,Mart\xc3\xadn P\xc3\xa9rez,527048,0.4090909090909091,0.13636363636363635,0.3142857142857143
2025-04-06,778433,24,4,2,33,3,82,CWS,DET,CWS,Mart\xc3\xadn P\xc3\xa9rez,527048,0.16666666666666666,0.08333333333333333,0.09090909090909091
2025-04-12,778349,21,5,4,35,12,92,CWS,CWS,BOS,Mart\xc3\xadn P\xc3\xa9rez,527048,0.23809523809523808,0.19047619047619047,0.34285714285714286
2025-04-18,778275,16,0,2,25,3,52,CWS,BOS,CWS,Mart\xc3\xadn P\xc3\xa9rez,527048,0.0,0.125,0.12
2025-08-13,776754,15,4,2,30,5,66,CWS,CWS,DET,Mart\xc3\xadn P\xc3\xa9rez,527048,0.26666666666666666,0.13333333333333333,0.16666666666666666
2025-08-20,776669,20,5,0,31,4,75,CWS,ATL,CWS,Mart\xc3\xadn P\xc3\xa9rez,527048,0.25,0.0,0.12903225806451613
2025-08-26,776583,22,5,0,38,9,85,CWS,CWS,KC,Mart\xc3\xadn P\xc3\xa9rez,527048,0.22727272727272727,0.0,0.23684210526315788
2025-08-31,776514,25,7,2,41,9,99,CWS,CWS,NYY,Mart\xc3\xadn P\xc3\xa9rez,527048,0.28,0.08,0.21951219512195122
2025-09-06,776435,21,0,3,33,1,89,CWS,DET,CWS,Mart\xc3\xadn P\xc3\xa9rez,527048,0.0,0.14285714285714285,0.030303030303030304
2025-09-12,776361,25,3,2,44,8,96,CWS,CLE,CWS,Mart\xc3\xadn P\xc3\xa9rez,527048,0.12,0.08,0.18181818181818182
2025-09-17,776285,18,2,2,36,4,75,CWS,CWS,BAL,Mart\xc3\xadn P\xc3\xa9rez,527048,0.1111111111111111,0.1111111111111111,0.1111111111111111
2025-06-22,777400,10,2,0,18,7,30,ATH,ATH,CLE,Jack Perkins,678022,0.2,0.0,0.3888888888888889
2025-06-28,777326,12,3,2,22,5,48,ATH,NYY,ATH,Jack Perkins,678022,0.25,0.16666666666666666,0.22727272727272727
2025-07-04,777244,13,5,0,31,11,54,ATH,ATH,SF,Jack Perkins,678022,0.38461538461538464,0.0,0.3548387096774194
2025-07-11,777152,5,1,1,11,3,23,ATH,ATH,TOR,Jack Perkins,678022,0.2,0.2,0.2727272727272727
2025-07-19,777104,9,3,1,14,3,31,ATH,CLE,ATH,Jack Perkins,678022,0.3333333333333333,0.1111111111111111,0.21428571428571427
2025-07-23,777033,11,4,2,26,12,54,ATH,TEX,ATH,Jack Perkins,678022,0.36363636363636365,0.18181818181818182,0.46153846153846156
2025-07-27,776976,10,1,1,19,7,35,ATH,HOU,ATH,Jack Perkins,678022,0.1,0.1,0.3684210526315789
2025-07-30,776930,7,0,0,12,0,23,ATH,ATH,SEA,Jack Perkins,678022,0.0,0.0,0.0
2025-08-03,776881,17,4,3,24,7,62,ATH,ATH,AZ,Jack Perkins,678022,0.23529411764705882,0.17647058823529413,0.2916666666666667
2025-08-09,776811,22,5,1,42,14,84,ATH,BAL,ATH,Jack Perkins,678022,0.22727272727272727,0.045454545454545456,0.3333333333333333
2025-08-15,776734,23,7,3,49,18,103,ATH,ATH,LAA,Jack Perkins,678022,0.30434782608695654,0.13043478260869565,0.3673469387755102
2025-08-21,776653,22,2,4,37,7,90,ATH,MIN,ATH,Jack Perkins,678022,0.09090909090909091,0.18181818181818182,0.1891891891891892
2025-03-31,778509,25,9,3,38,10,89,NYM,MIA,NYM,David Peterson,656849,0.36,0.12,0.2631578947368421
2025-04-06,778435,22,3,5,35,3,91,NYM,NYM,TOR,David Peterson,656849,0.13636363636363635,0.22727272727272727,0.08571428571428572
2025-04-12,778346,25,5,0,44,6,89,NYM,ATH,NYM,David Peterson,656849,0.2,0.0,0.13636363636363635
2025-04-18,778270,23,9,0,49,13,99,NYM,NYM,STL,David Peterson,656849,0.391304347826087,0.0,0.2653061224489796
2025-04-23,778203,25,2,1,49,5,89,NYM,NYM,PHI,David Peterson,656849,0.08,0.04,0.10204081632653061
2025-04-29,778130,20,2,0,42,9,85,NYM,NYM,AZ,David Peterson,656849,0.1,0.0,0.21428571428571427
2025-05-06,778032,28,6,4,50,13,104,NYM,AZ,NYM,David Peterson,656849,0.21428571428571427,0.14285714285714285,0.26
2025-05-12,777950,26,7,3,47,16,100,NYM,NYM,PIT,David Peterson,656849,0.2692307692307692,0.11538461538461539,0.3404255319148936
2025-05-18,777878,26,4,3,47,11,105,NYM,NYY,NYM,David Peterson,656849,0.15384615384615385,0.11538461538461539,0.23404255319148937
2025-05-24,777789,28,7,2,42,11,99,NYM,NYM,LAD,David Peterson,656849,0.25,0.07142857142857142,0.2619047619047619
2025-05-30,777718,24,5,1,47,9,94,NYM,NYM,COL,David Peterson,656849,0.20833333333333334,0.041666666666666664,0.19148936170212766
2025-06-05,777631,28,6,2,45,13,91,NYM,LAD,NYM,David Peterson,656849,0.21428571428571427,0.07142857142857142,0.28888888888888886
2025-06-11,777555,31,6,0,50,12,106,NYM,NYM,WSH,David Peterson,656849,0.1935483870967742,0.0,0.24
2025-06-17,777489,28,3,3,40,7,93,NYM,ATL,NYM,David Peterson,656849,0.10714285714285714,0.10714285714285714,0.175
2025-06-22,777405,20,4,3,28,8,72,NYM,PHI,NYM,David Peterson,656849,0.2,0.15,0.2857142857142857
2025-06-27,777341,24,5,3,38,6,91,NYM,PIT,NYM,David Peterson,656849,0.20833333333333334,0.125,0.15789473684210525
2025-07-03,777257,28,4,3,47,6,103,NYM,NYM,MIL,David Peterson,656849,0.14285714285714285,0.10714285714285714,0.1276595744680851
2025-07-10,777165,24,6,0,42,7,90,NYM,BAL,NYM,David Peterson,656849,0.25,0.0,0.16666666666666666
2025-07-20,777087,23,4,1,33,10,93,NYM,NYM,CIN,David Peterson,656849,0.17391304347826086,0.043478260869565216,0.30303030303030304
2025-07-26,776985,26,4,3,44,11,91,NYM,SF,NYM,David Peterson,656849,0.15384615384615385,0.11538461538461539,0.25
2025-08-01,776926,24,4,2,45,5,97,NYM,NYM,SF,David Peterson,656849,0.16666666666666666,0.08333333333333333,0.1111111111111111
2025-08-06,776846,25,7,2,44,13,89,NYM,NYM,CLE,David Peterson,656849,0.28,0.08,0.29545454545454547
2025-08-13,776756,20,5,5,39,8,80,NYM,NYM,ATL,David Peterson,656849,0.25,0.25,0.20512820512820512
2025-08-19,776678,27,10,1,43,17,96,NYM,WSH,NYM,David Peterson,656849,0.37037037037037035,0.037037037037037035,0.3953488372093023
2025-08-24,776624,26,8,4,50,19,98,NYM,ATL,NYM,David Peterson,656849,0.3076923076923077,0.15384615384615385,0.38
2025-08-30,776535,17,1,3,27,2,65,NYM,NYM,MIA,David Peterson,656849,0.058823529411764705,0.17647058823529413,0.07407407407407407
2025-09-05,776450,24,4,1,48,8,91,NYM,CIN,NYM,David Peterson,656849,0.16666666666666666,0.041666666666666664,0.16666666666666666
2025-09-11,776371,22,8,1,50,18,86,NYM,PHI,NYM,David Peterson,656849,0.36363636363636365,0.045454545454545456,0.36
2025-09-17,776288,24,1,3,36,4,85,NYM,NYM,SD,David Peterson,656849,0.041666666666666664,0.125,0.1111111111111111
2025-09-23,776209,11,1,2,14,1,42,NYM,CHC,NYM,David Peterson,656849,0.09090909090909091,0.18181818181818182,0.07142857142857142
2025-03-29,778532,25,5,1,44,8,78,AZ,AZ,CHC,Brandon Pfaadt,694297,0.2,0.04,0.18181818181818182
2025-04-04,778457,23,4,0,45,12,91,AZ,WSH,AZ,Brandon Pfaadt,694297,0.17391304347826086,0.0,0.26666666666666666
2025-04-09,778380,21,3,2,44,10,94,AZ,AZ,BAL,Brandon Pfaadt,694297,0.14285714285714285,0.09523809523809523,0.22727272727272727
2025-04-16,778303,24,5,2,46,8,92,AZ,MIA,AZ,Brandon Pfaadt,694297,0.20833333333333334,0.08333333333333333,0.17391304347826086
2025-04-22,778212,22,5,0,46,9,93,AZ,AZ,TB,Brandon Pfaadt,694297,0.22727272727272727,0.0,0.1956521739130435
2025-04-27,778147,27,6,1,48,12,100,AZ,AZ,ATL,Brandon Pfaadt,694297,0.2222222222222222,0.037037037037037035,0.25
2025-05-03,778078,27,6,0,48,10,97,AZ,PHI,AZ,Brandon Pfaadt,694297,0.2222222222222222,0.0,0.20833333333333334
2025-05-08,777999,26,6,3,44,9,99,AZ,AZ,LAD,Brandon Pfaadt,694297,0.23076923076923078,0.11538461538461539,0.20454545454545456
2025-05-13,777930,21,3,3,44,8,95,AZ,SF,AZ,Brandon Pfaadt,694297,0.14285714285714285,0.14285714285714285,0.18181818181818182
2025-05-19,777854,22,0,1,42,0,95,AZ,LAD,AZ,Brandon Pfaadt,694297,0.0,0.045454545454545456,0.0
2025-05-25,777766,23,5,1,40,11,91,AZ,STL,AZ,Brandon Pfaadt,694297,0.21739130434782608,0.043478260869565216,0.275
2025-05-31,777696,8,0,0,13,2,31,AZ,AZ,WSH,Brandon Pfaadt,694297,0.0,0.0,0.15384615384615385
2025-06-05,777640,17,2,2,37,8,74,AZ,ATL,AZ,Brandon Pfaadt,694297,0.11764705882352941,0.11764705882352941,0.21621621621621623
2025-06-10,777559,24,4,1,49,8,99,AZ,AZ,SEA,Brandon Pfaadt,694297,0.16666666666666666,0.041666666666666664,0.16326530612244897
2025-06-17,777479,23,3,1,35,6,81,AZ,TOR,AZ,Brandon Pfaadt,694297,0.13043478260869565,0.043478260869565216,0.17142857142857143
2025-06-22,777399,22,7,1,41,11,81,AZ,COL,AZ,Brandon Pfaadt,694297,0.3181818181818182,0.045454545454545456,0.2682926829268293
2025-06-28,777318,22,7,1,40,10,86,AZ,AZ,MIA,Brandon Pfaadt,694297,0.3181818181818182,0.045454545454545456,0.25
2025-07-03,777256,25,8,2,54,11,98,AZ,AZ,SF,Brandon Pfaadt,694297,0.32,0.08,0.2037037037037037
2025-07-09,777162,28,4,0,48,6,99,AZ,SD,AZ,Brandon Pfaadt,694297,0.14285714285714285,0.0,0.125
2025-07-18,777100,26,6,0,45,10,91,AZ,AZ,STL,Brandon Pfaadt,694297,0.23076923076923078,0.0,0.2222222222222222
2025-07-23,777032,24,5,2,46,8,89,AZ,AZ,HOU,Brandon Pfaadt,694297,0.20833333333333334,0.08333333333333333,0.17391304347826086
2025-07-29,776953,25,3,0,45,9,90,AZ,DET,AZ,Brandon Pfaadt,694297,0.12,0.0,0.2
2025-08-04,776873,26,4,3,52,8,97,AZ,AZ,SD,Brandon Pfaadt,694297,0.15384615384615385,0.11538461538461539,0.15384615384615385
2025-08-10,776794,24,2,0,46,3,77,AZ,AZ,COL,Brandon Pfaadt,694297,0.08333333333333333,0.0,0.06521739130434782
2025-08-15,776730,27,4,2,54,13,100,AZ,COL,AZ,Brandon Pfaadt,694297,0.14814814814814814,0.07407407407407407,0.24074074074074073
2025-08-20,776658,28,5,0,48,8,102,AZ,AZ,CLE,Brandon Pfaadt,694297,0.17857142857142858,0.0,0.16666666666666666
2025-08-26,776586,17,4,1,31,5,80,AZ,MIL,AZ,Brandon Pfaadt,694297,0.23529411764705882,0.058823529411764705,0.16129032258064516
2025-08-31,776509,22,5,1,47,10,95,AZ,LAD,AZ,Brandon Pfaadt,694297,0.22727272727272727,0.045454545454545456,0.2127659574468085
2025-09-06,776424,24,7,0,44,9,96,AZ,AZ,BOS,Brandon Pfaadt,694297,0.2916666666666667,0.0,0.20454545454545456
2025-09-12,776355,22,2,1,39,5,78,AZ,MIN,AZ,Brandon Pfaadt,694297,0.09090909090909091,0.045454545454545456,0.1282051282051282
2025-09-17,776279,28,7,1,49,13,97,AZ,AZ,SF,Brandon Pfaadt,694297,0.25,0.03571428571428571,0.2653061224489796
2025-09-23,776213,24,4,2,37,5,90,AZ,AZ,LAD,Brandon Pfaadt,694297,0.16666666666666666,0.08333333333333333,0.13513513513513514
2025-09-28,776136,20,5,0,41,11,75,AZ,SD,AZ,Brandon Pfaadt,694297,0.25,0.0,0.2682926829268293
2025-03-30,778514,21,4,0,41,7,82,SD,SD,ATL,Nick Pivetta,601713,0.19047619047619047,0.0,0.17073170731707318
2025-04-05,778450,19,4,3,35,8,76,SD,CHC,SD,Nick Pivetta,601713,0.21052631578947367,0.15789473684210525,0.22857142857142856
2025-04-11,778361,25,10,1,44,16,88,SD,SD,COL,Nick Pivetta,601713,0.4,0.04,0.36363636363636365
2025-04-16,778288,22,6,1,43,10,91,SD,SD,CHC,Nick Pivetta,601713,0.2727272727272727,0.045454545454545456,0.23255813953488372
2025-04-22,778221,25,6,2,42,11,91,SD,DET,SD,Nick Pivetta,601713,0.24,0.08,0.2619047619047619
2025-04-29,778126,22,9,1,38,7,89,SD,SD,SF,Nick Pivetta,601713,0.4090909090909091,0.045454545454545456,0.18421052631578946
2025-05-05,778045,22,5,4,48,12,91,SD,NYY,SD,Nick Pivetta,601713,0.22727272727272727,0.18181818181818182,0.25
2025-05-11,777955,22,5,2,42,13,81,SD,COL,SD,Nick Pivetta,601713,0.22727272727272727,0.09090909090909091,0.30952380952380953
2025-05-17,777875,21,7,1,41,8,87,SD,SD,SEA,Nick Pivetta,601713,0.3333333333333333,0.047619047619047616,0.1951219512195122
2025-05-23,777813,25,7,3,44,7,102,SD,ATL,SD,Nick Pivetta,601713,0.28,0.12,0.1590909090909091
2025-05-30,777707,23,8,0,40,7,81,SD,SD,PIT,Nick Pivetta,601713,0.34782608695652173,0.0,0.175
2025-06-04,777641,25,5,1,35,7,82,SD,SF,SD,Nick Pivetta,601713,0.2,0.04,0.2
2025-06-09,777579,23,3,2,44,12,93,SD,SD,LAD,Nick Pivetta,601713,0.13043478260869565,0.08695652173913043,0.2727272727272727
2025-06-15,777491,24,9,1,46,11,94,SD,AZ,SD,Nick Pivetta,601713,0.375,0.041666666666666664,0.2391304347826087
2025-06-20,777426,21,3,2,41,8,84,SD,SD,KC,Nick Pivetta,601713,0.14285714285714285,0.09523809523809523,0.1951219512195122
2025-06-25,777360,23,10,0,39,10,90,SD,SD,WSH,Nick Pivetta,601713,0.43478260869565216,0.0,0.2564102564102564
2025-07-02,777273,23,6,0,51,9,90,SD,PHI,SD,Nick Pivetta,601713,0.2608695652173913,0.0,0.17647058823529413
2025-07-08,777185,22,7,2,50,12,108,SD,SD,AZ,Nick Pivetta,601713,0.3181818181818182,0.09090909090909091,0.24
2025-07-13,777117,27,8,2,49,15,104,SD,SD,PHI,Nick Pivetta,601713,0.2962962962962963,0.07407407407407407,0.30612244897959184
2025-07-20,777077,22,5,1,41,9,87,SD,WSH,SD,Nick Pivetta,601713,0.22727272727272727,0.045454545454545456,0.21951219512195122
2025-07-25,777005,26,4,2,47,10,90,SD,STL,SD,Nick Pivetta,601713,0.15384615384615385,0.07692307692307693,0.2127659574468085
2025-08-01,776906,22,5,0,44,8,89,SD,SD,STL,Nick Pivetta,601713,0.22727272727272727,0.0,0.18181818181818182
2025-08-08,776820,26,3,3,50,8,103,SD,SD,BOS,Nick Pivetta,601713,0.11538461538461539,0.11538461538461539,0.16
2025-08-13,776749,25,5,1,38,9,102,SD,SF,SD,Nick Pivetta,601713,0.2,0.04,0.23684210526315788
2025-08-19,776667,24,10,2,53,10,109,SD,SD,SF,Nick Pivetta,601713,0.4166666666666667,0.08333333333333333,0.18867924528301888
2025-08-24,776603,23,7,3,33,9,93,SD,SD,LAD,Nick Pivetta,601713,0.30434782608695654,0.13043478260869565,0.2727272727272727
2025-08-30,776530,21,6,1,45,8,83,SD,MIN,SD,Nick Pivetta,601713,0.2857142857142857,0.047619047619047616,0.17777777777777778
2025-09-05,776442,26,5,2,58,10,99,SD,COL,SD,Nick Pivetta,601713,0.19230769230769232,0.07692307692307693,0.1724137931034483
2025-09-10,776377,26,8,1,50,11,101,SD,SD,CIN,Nick Pivetta,601713,0.3076923076923077,0.038461538461538464,0.22
2025-09-17,776288,21,5,0,36,8,84,SD,NYM,SD,Nick Pivetta,601713,0.23809523809523808,0.0,0.2222222222222222
2025-09-22,776222,25,5,5,47,10,112,SD,SD,MIL,Nick Pivetta,601713,0.2,0.2,0.2127659574468085
2025-09-30,813066,18,9,0,45,15,85,SD,CHC,SD,Nick Pivetta,601713,0.5,0.0,0.3333333333333333
2025-04-25,778182,5,2,1,9,3,16,CHC,CHC,PHI,Drew Pomeranz,519141,0.4,0.2,0.3333333333333333
2025-04-26,778174,4,0,0,8,2,14,CHC,CHC,PHI,Drew Pomeranz,519141,0.0,0.0,0.25
2025-04-30,778112,3,1,0,6,2,14,CHC,PIT,CHC,Drew Pomeranz,519141,0.3333333333333333,0.0,0.3333333333333333
2025-05-04,778054,3,1,1,3,0,14,CHC,MIL,CHC,Drew Pomeranz,519141,0.3333333333333333,0.3333333333333333,0.0
2025-05-06,778027,4,0,0,9,1,14,CHC,CHC,SF,Drew Pomeranz,519141,0.0,0.0,0.1111111111111111
2025-05-07,778020,1,1,0,2,2,3,CHC,CHC,SF,Drew Pomeranz,519141,1.0,0.0,1.0
2025-05-10,777982,4,1,0,8,1,13,CHC,NYM,CHC,Drew Pomeranz,519141,0.25,0.0,0.125
2025-05-12,777952,4,2,0,7,1,16,CHC,CHC,MIA,Drew Pomeranz,519141,0.5,0.0,0.14285714285714285
2025-05-14,777921,3,1,0,7,2,13,CHC,CHC,MIA,Drew Pomeranz,519141,0.3333333333333333,0.0,0.2857142857142857
2025-05-18,777872,3,1,0,4,0,6,CHC,CHC,CWS,Drew Pomeranz,519141,0.3333333333333333,0.0,0.0
2025-05-19,777863,4,1,0,4,0,14,CHC,MIA,CHC,Drew Pomeranz,519141,0.25,0.0,0.0
2025-05-23,777811,4,1,1,5,0,15,CHC,CIN,CHC,Drew Pomeranz,519141,0.25,0.25,0.0
2025-05-25,777779,4,2,0,5,2,17,CHC,CIN,CHC,Drew Pomeranz,519141,0.5,0.0,0.4
2025-05-26,777757,1,0,0,3,1,6,CHC,CHC,COL,Drew Pomeranz,519141,0.0,0.0,0.3333333333333333
2025-05-31,777704,3,1,0,3,1,9,CHC,CHC,CIN,Drew Pomeranz,519141,0.3333333333333333,0.0,0.3333333333333333
2025-06-05,777632,3,0,0,8,1,14,CHC,WSH,CHC,Drew Pomeranz,519141,0.0,0.0,0.125
2025-06-09,777578,2,0,0,5,1,7,CHC,PHI,CHC,Drew Pomeranz,519141,0.0,0.0,0.2
2025-06-11,777553,3,1,0,8,2,16,CHC,PHI,CHC,Drew Pomeranz,519141,0.3333333333333333,0.0,0.25
2025-06-13,777526,4,0,1,6,0,18,CHC,CHC,PIT,Drew Pomeranz,519141,0.0,0.25,0.0
2025-06-14,777513,4,0,1,7,0,16,CHC,CHC,PIT,Drew Pomeranz,519141,0.0,0.25,0.0
2025-06-19,777450,5,2,0,7,1,18,CHC,CHC,MIL,Drew Pomeranz,519141,0.4,0.0,0.14285714285714285
2025-06-21,777419,5,1,0,9,1,16,CHC,CHC,SEA,Drew Pomeranz,519141,0.2,0.0,0.1111111111111111
2025-06-24,777373,3,0,0,4,0,6,CHC,STL,CHC,Drew Pomeranz,519141,0.0,0.0,0.0
2025-06-26,777348,4,1,0,7,1,15,CHC,STL,CHC,Drew Pomeranz,519141,0.25,0.0,0.14285714285714285
2025-06-28,777320,3,1,0,6,1,13,CHC,HOU,CHC,Drew Pomeranz,519141,0.3333333333333333,0.0,0.16666666666666666
2025-07-03,777259,4,2,1,12,4,20,CHC,CHC,CLE,Drew Pomeranz,519141,0.5,0.25,0.3333333333333333
2025-07-05,777229,4,1,2,15,3,25,CHC,CHC,STL,Drew Pomeranz,519141,0.25,0.5,0.2
2025-07-09,777173,5,1,0,9,2,17,CHC,MIN,CHC,Drew Pomeranz,519141,0.2,0.0,0.2222222222222222
2025-07-13,777122,3,1,0,7,1,13,CHC,NYY,CHC,Drew Pomeranz,519141,0.3333333333333333,0.0,0.14285714285714285
2025-07-18,777101,1,0,0,3,1,6,CHC,CHC,BOS,Drew Pomeranz,519141,0.0,0.0,0.3333333333333333
2025-07-20,777075,4,0,1,3,0,11,CHC,CHC,BOS,Drew Pomeranz,519141,0.0,0.25,0.0
2025-07-23,777031,5,2,0,9,4,21,CHC,CHC,KC,Drew Pomeranz,519141,0.4,0.0,0.4444444444444444
2025-07-25,777017,3,2,0,14,3,18,CHC,CWS,CHC,Drew Pomeranz,519141,0.6666666666666666,0.0,0.21428571428571427
2025-07-27,776989,4,1,0,12,2,20,CHC,CWS,CHC,Drew Pomeranz,519141,0.25,0.0,0.16666666666666666
2025-07-29,776956,4,1,1,6,2,17,CHC,MIL,CHC,Drew Pomeranz,519141,0.25,0.25,0.3333333333333333
2025-08-03,776888,5,2,1,7,1,20,CHC,CHC,BAL,Drew Pomeranz,519141,0.4,0.2,0.14285714285714285
2025-08-04,776878,3,0,0,8,2,15,CHC,CHC,CIN,Drew Pomeranz,519141,0.0,0.0,0.25
2025-08-06,776847,1,1,0,1,1,4,CHC,CHC,CIN,Drew Pomeranz,519141,1.0,0.0,1.0
2025-08-09,776818,5,1,1,8,3,18,CHC,STL,CHC,Drew Pomeranz,519141,0.2,0.2,0.375
2025-08-14,776747,4,1,0,6,1,16,CHC,TOR,CHC,Drew Pomeranz,519141,0.25,0.0,0.16666666666666666
2025-08-18,777459,4,0,0,10,1,16,CHC,CHC,MIL,Drew Pomeranz,519141,0.0,0.0,0.1
2025-08-19,776691,3,2,0,5,3,14,CHC,CHC,MIL,Drew Pomeranz,519141,0.6666666666666666,0.0,0.6
2025-08-21,776651,4,1,0,11,1,17,CHC,CHC,MIL,Drew Pomeranz,519141,0.25,0.0,0.09090909090909091
2025-08-26,776576,2,0,0,2,0,8,CHC,SF,CHC,Drew Pomeranz,519141,0.0,0.0,0.0
2025-08-29,776542,5,0,0,9,1,17,CHC,COL,CHC,Drew Pomeranz,519141,0.0,0.0,0.1111111111111111
2025-09-02,776487,4,1,0,11,2,19,CHC,CHC,ATL,Drew Pomeranz,519141,0.25,0.0,0.18181818181818182
2025-09-03,776473,5,1,0,10,3,17,CHC,CHC,ATL,Drew Pomeranz,519141,0.2,0.0,0.3
2025-09-06,776440,3,2,0,6,3,11,CHC,CHC,WSH,Drew Pomeranz,519141,0.6666666666666666,0.0,0.5
2025-09-07,776420,3,2,0,5,4,8,CHC,CHC,WSH,Drew Pomeranz,519141,0.6666666666666666,0.0,0.8
2025-09-12,776352,3,1,0,4,1,11,CHC,CHC,TB,Drew Pomeranz,519141,0.3333333333333333,0.0,0.25
2025-09-13,776338,3,0,0,8,2,9,CHC,CHC,TB,Drew Pomeranz,519141,0.0,0.0,0.25
2025-09-16,776308,3,2,0,7,2,15,CHC,PIT,CHC,Drew Pomeranz,519141,0.6666666666666666,0.0,0.2857142857142857
2025-09-17,776287,5,1,1,12,4,25,CHC,PIT,CHC,Drew Pomeranz,519141,0.2,0.2,0.3333333333333333
2025-09-20,776254,5,2,0,8,5,13,CHC,CIN,CHC,Drew Pomeranz,519141,0.4,0.0,0.625
2025-09-23,776209,3,1,1,6,0,15,CHC,CHC,NYM,Drew Pomeranz,519141,0.3333333333333333,0.3333333333333333,0.0
2025-09-25,776187,4,2,0,9,2,15,CHC,CHC,NYM,Drew Pomeranz,519141,0.5,0.0,0.2222222222222222
2025-09-27,776164,3,2,0,5,2,11,CHC,CHC,STL,Drew Pomeranz,519141,0.6666666666666666,0.0,0.4
2025-09-30,813066,3,0,0,7,0,11,CHC,CHC,SD,Drew Pomeranz,519141,0.0,0.0,0.0
2025-03-31,778512,20,8,2,45,8,94,BAL,BAL,BOS,Cade Povich,700249,0.4,0.1,0.17777777777777778
2025-04-06,778422,28,4,0,42,7,88,BAL,KC,BAL,Cade Povich,700249,0.14285714285714285,0.0,0.16666666666666666
2025-04-13,778344,21,2,1,32,3,76,BAL,BAL,TOR,Cade Povich,700249,0.09523809523809523,0.047619047619047616,0.09375
2025-04-18,778276,20,4,5,35,9,84,BAL,BAL,CIN,Cade Povich,700249,0.2,0.25,0.2571428571428571
2025-04-24,778193,25,5,1,38,7,87,BAL,WSH,BAL,Cade Povich,700249,0.2,0.04,0.18421052631578946
2025-04-30,778115,20,2,2,36,10,88,BAL,BAL,NYY,Cade Povich,700249,0.1,0.1,0.2777777777777778
2025-05-06,778028,24,4,0,50,10,103,BAL,MIN,BAL,Cade Povich,700249,0.16666666666666666,0.0,0.2
2025-05-16,777907,22,9,2,35,7,99,BAL,BAL,WSH,Cade Povich,700249,0.4090909090909091,0.09090909090909091,0.2
2025-05-23,777815,23,6,3,41,14,98,BAL,BOS,BAL,Cade Povich,700249,0.2608695652173913,0.13043478260869565,0.34146341463414637
2025-05-28,777740,24,9,3,37,10,96,BAL,BAL,STL,Cade Povich,700249,0.375,0.125,0.2702702702702703
2025-06-04,777645,20,5,1,45,8,86,BAL,SEA,BAL,Cade Povich,700249,0.25,0.05,0.17777777777777778
2025-06-10,777573,24,6,1,46,9,98,BAL,BAL,DET,Cade Povich,700249,0.25,0.041666666666666664,0.1956521739130435
2025-06-15,777501,15,4,1,25,4,57,BAL,BAL,LAA,Cade Povich,700249,0.26666666666666666,0.06666666666666667,0.16
2025-08-04,776877,22,7,1,34,7,90,BAL,PHI,BAL,Cade Povich,700249,0.3181818181818182,0.045454545454545456,0.20588235294117646
2025-08-10,776804,24,4,3,50,13,94,BAL,BAL,ATH,Cade Povich,700249,0.16666666666666666,0.125,0.26
2025-08-16,776722,22,10,3,43,18,91,BAL,HOU,BAL,Cade Povich,700249,0.45454545454545453,0.13636363636363635,0.4186046511627907
2025-08-22,776643,21,5,2,44,12,96,BAL,BAL,HOU,Cade Povich,700249,0.23809523809523808,0.09523809523809523,0.2727272727272727
2025-08-28,776564,21,5,0,34,6,81,BAL,BAL,BOS,Cade Povich,700249,0.23809523809523808,0.0,0.17647058823529413
2025-09-03,776465,24,3,3,33,5,85,BAL,SD,BAL,Cade Povich,700249,0.125,0.125,0.15151515151515152
2025-09-11,776372,22,6,2,50,14,93,BAL,BAL,PIT,Cade Povich,700249,0.2727272727272727,0.09090909090909091,0.28
2025-09-18,776278,21,5,3,35,7,93,BAL,BAL,NYY,Cade Povich,700249,0.23809523809523808,0.14285714285714285,0.2
2025-09-25,776191,26,4,2,51,7,99,BAL,BAL,TB,Cade Povich,700249,0.15384615384615385,0.07692307692307693,0.13725490196078433
2025-04-10,778371,21,4,2,33,7,72,MIL,COL,MIL,Quinn Priester,682990,0.19047619047619047,0.09523809523809523,0.21212121212121213
2025-04-15,778310,19,4,3,38,7,84,MIL,MIL,DET,Quinn Priester,682990,0.21052631578947367,0.15789473684210525,0.18421052631578946
2025-04-21,778226,19,2,4,27,8,81,MIL,SF,MIL,Quinn Priester,682990,0.10526315789473684,0.21052631578947367,0.2962962962962963
2025-04-26,778164,26,2,3,44,7,102,MIL,STL,MIL,Quinn Priester,682990,0.07692307692307693,0.11538461538461539,0.1590909090909091
2025-05-02,778080,23,4,4,47,13,101,MIL,MIL,CHC,Quinn Priester,682990,0.17391304347826086,0.17391304347826086,0.2765957446808511
2025-05-07,778015,23,3,3,34,8,78,MIL,MIL,HOU,Quinn Priester,682990,0.13043478260869565,0.13043478260869565,0.23529411764705882
2025-05-13,777944,17,3,2,26,4,69,MIL,CLE,MIL,Quinn Priester,682990,0.17647058823529413,0.11764705882352941,0.15384615384615385
2025-05-19,777860,21,2,1,36,5,66,MIL,MIL,BAL,Quinn Priester,682990,0.09523809523809523,0.047619047619047616,0.1388888888888889
2025-05-24,777794,24,7,1,41,9,84,MIL,PIT,MIL,Quinn Priester,682990,0.2916666666666667,0.041666666666666664,0.21951219512195122
2025-05-30,777715,22,0,0,37,6,71,MIL,PHI,MIL,Quinn Priester,682990,0.0,0.0,0.16216216216216217
2025-06-04,777647,19,3,3,38,11,88,MIL,CIN,MIL,Quinn Priester,682990,0.15789473684210525,0.15789473684210525,0.2894736842105263
2025-06-10,777568,24,7,0,48,12,96,MIL,MIL,ATL,Quinn Priester,682990,0.2916666666666667,0.0,0.25
2025-06-15,777492,22,3,0,42,7,88,MIL,MIL,STL,Quinn Priester,682990,0.13636363636363635,0.0,0.16666666666666666
2025-06-22,777401,19,4,0,36,6,76,MIL,MIN,MIL,Quinn Priester,682990,0.21052631578947367,0.0,0.16666666666666666
2025-06-28,777321,25,11,2,44,17,95,MIL,MIL,COL,Quinn Priester,682990,0.44,0.08,0.38636363636363635
2025-07-04,777254,24,4,2,38,7,83,MIL,MIA,MIL,Quinn Priester,682990,0.16666666666666666,0.08333333333333333,0.18421052631578946
2025-07-11,777149,24,5,2,33,5,86,MIL,MIL,WSH,Quinn Priester,682990,0.20833333333333334,0.08333333333333333,0.15151515151515152
2025-07-18,777103,20,10,0,35,9,77,MIL,LAD,MIL,Quinn Priester,682990,0.5,0.0,0.2571428571428571
2025-07-23,777024,27,6,2,40,13,96,MIL,SEA,MIL,Quinn Priester,682990,0.2222222222222222,0.07407407407407407,0.325
2025-07-29,776956,26,3,2,45,10,86,MIL,MIL,CHC,Quinn Priester,682990,0.11538461538461539,0.07692307692307693,0.2222222222222222
2025-08-04,776882,26,4,2,45,7,90,MIL,ATL,MIL,Quinn Priester,682990,0.15384615384615385,0.07692307692307693,0.15555555555555556
2025-08-10,776799,22,2,1,33,3,76,MIL,MIL,NYM,Quinn Priester,682990,0.09090909090909091,0.045454545454545456,0.09090909090909091
2025-08-16,776721,22,5,1,44,12,83,MIL,CIN,MIL,Quinn Priester,682990,0.22727272727272727,0.045454545454545456,0.2727272727272727
2025-08-21,776651,21,4,5,42,13,95,MIL,CHC,MIL,Quinn Priester,682990,0.19047619047619047,0.23809523809523808,0.30952380952380953
2025-08-30,776527,22,3,0,40,9,82,MIL,TOR,MIL,Quinn Priester,682990,0.13636363636363635,0.0,0.225
2025-09-05,776453,28,6,1,43,7,96,MIL,PIT,MIL,Quinn Priester,682990,0.21428571428571427,0.03571428571428571,0.16279069767441862
2025-09-12,776356,22,5,1,40,9,88,MIL,MIL,STL,Quinn Priester,682990,0.22727272727272727,0.045454545454545456,0.225
2025-09-18,776274,22,10,2,41,14,93,MIL,MIL,LAA,Quinn Priester,682990,0.45454545454545453,0.09090909090909091,0.34146341463414637
2025-09-26,776171,23,4,1,37,9,87,MIL,MIL,CIN,Quinn Priester,682990,0.17391304347826086,0.043478260869565216,0.24324324324324326
2025-03-31,778509,21,2,1,44,8,90,MIA,MIA,NYM,Cal Quantrill,615698,0.09523809523809523,0.047619047619047616,0.18181818181818182
2025-04-05,778451,18,4,0,29,3,66,MIA,ATL,MIA,Cal Quantrill,615698,0.2222222222222222,0.0,0.10344827586206896
2025-04-13,778337,23,2,5,31,6,77,MIA,MIA,WSH,Cal Quantrill,615698,0.08695652173913043,0.21739130434782608,0.1935483870967742
2025-04-19,778252,21,0,3,42,8,89,MIA,PHI,MIA,Cal Quantrill,615698,0.0,0.14285714285714285,0.19047619047619047
2025-04-25,778175,22,5,0,42,11,78,MIA,SEA,MIA,Cal Quantrill,615698,0.22727272727272727,0.0,0.2619047619047619
2025-04-30,778109,18,3,1,31,7,72,MIA,LAD,MIA,Cal Quantrill,615698,0.16666666666666666,0.05555555555555555,0.22580645161290322
2025-05-06,778035,18,6,1,38,6,79,MIA,MIA,LAD,Cal Quantrill,615698,0.3333333333333333,0.05555555555555555,0.15789473684210525
2025-05-12,777952,19,1,2,28,4,83,MIA,CHC,MIA,Cal Quantrill,615698,0.05263157894736842,0.10526315789473684,0.14285714285714285
2025-05-18,777877,19,6,2,44,11,85,MIA,MIA,TB,Cal Quantrill,615698,0.3157894736842105,0.10526315789473684,0.25
2025-05-24,777781,12,2,0,18,3,46,MIA,LAA,MIA,Cal Quantrill,615698,0.16666666666666666,0.0,0.16666666666666666
2025-05-30,777717,24,7,1,46,10,95,MIA,MIA,SF,Cal Quantrill,615698,0.2916666666666667,0.041666666666666664,0.21739130434782608
2025-06-04,777652,20,2,1,45,8,86,MIA,MIA,COL,Cal Quantrill,615698,0.1,0.05,0.17777777777777778
2025-06-11,777552,22,6,2,48,11,99,MIA,PIT,MIA,Cal Quantrill,615698,0.2727272727272727,0.09090909090909091,0.22916666666666666
2025-06-17,777481,17,2,0,33,2,74,MIA,MIA,PHI,Cal Quantrill,615698,0.11764705882352941,0.0,0.06060606060606061
2025-06-24,777364,20,3,2,34,4,83,MIA,SF,MIA,Cal Quantrill,615698,0.15,0.1,0.11764705882352941
2025-06-29,777303,20,5,1,39,10,87,MIA,AZ,MIA,Cal Quantrill,615698,0.25,0.05,0.2564102564102564
2025-07-05,777238,18,6,1,30,4,71,MIA,MIA,MIL,Cal Quantrill,615698,0.3333333333333333,0.05555555555555555,0.13333333333333333
2025-07-10,777168,22,5,1,39,11,84,MIA,CIN,MIA,Cal Quantrill,615698,0.22727272727272727,0.045454545454545456,0.28205128205128205
2025-07-19,777093,19,3,0,31,5,69,MIA,MIA,KC,Cal Quantrill,615698,0.15789473684210525,0.0,0.16129032258064516
2025-07-25,777008,18,4,0,32,6,65,MIA,MIL,MIA,Cal Quantrill,615698,0.2222222222222222,0.0,0.1875
2025-07-30,776934,20,3,2,32,5,74,MIA,STL,MIA,Cal Quantrill,615698,0.15,0.1,0.15625
2025-08-05,776862,25,2,3,41,9,82,MIA,MIA,HOU,Cal Quantrill,615698,0.08,0.12,0.21951219512195122
2025-08-10,776803,15,1,0,22,3,47,MIA,ATL,MIA,Cal Quantrill,615698,0.06666666666666667,0.0,0.13636363636363635
2025-08-16,776724,21,2,1,41,7,80,MIA,BOS,MIA,Cal Quantrill,615698,0.09523809523809523,0.047619047619047616,0.17073170731707318
2025-08-23,776626,24,3,5,42,8,92,ATL,ATL,NYM,Cal Quantrill,615698,0.125,0.20833333333333334,0.19047619047619047
2025-08-28,776560,19,0,0,30,3,53,ATL,PHI,ATL,Cal Quantrill,615698,0.0,0.0,0.1
2025-04-11,778364,22,2,0,35,2,81,MIL,AZ,MIL,Jose Quintana,500779,0.09090909090909091,0.0,0.05714285714285714
2025-04-16,778295,24,4,3,38,5,100,MIL,MIL,DET,Jose Quintana,500779,0.16666666666666666,0.125,0.13157894736842105
2025-04-22,778210,24,3,2,40,8,94,MIL,SF,MIL,Jose Quintana,500779,0.125,0.08333333333333333,0.2
2025-04-27,778150,23,6,3,38,7,99,MIL,STL,MIL,Jose Quintana,500779,0.2608695652173913,0.13043478260869565,0.18421052631578946
2025-05-03,778071,23,6,1,43,8,91,MIL,MIL,CHC,Jose Quintana,500779,0.2608695652173913,0.043478260869565216,0.18604651162790697
2025-05-09,778002,22,3,2,33,6,75,MIL,TB,MIL,Jose Quintana,500779,0.13636363636363635,0.09090909090909091,0.18181818181818182
2025-06-01,777688,23,3,4,35,5,82,MIL,PHI,MIL,Jose Quintana,500779,0.13043478260869565,0.17391304347826086,0.14285714285714285
2025-06-07,777597,23,4,3,42,7,101,MIL,MIL,SD,Jose Quintana,500779,0.17391304347826086,0.13043478260869565,0.16666666666666666
2025-06-14,777512,24,4,3,44,9,101,MIL,MIL,STL,Jose Quintana,500779,0.16666666666666666,0.125,0.20454545454545456
2025-06-21,777412,24,1,4,32,4,90,MIL,MIN,MIL,Jose Quintana,500779,0.041666666666666664,0.16666666666666666,0.125
2025-06-27,777339,26,5,2,45,7,105,MIL,MIL,COL,Jose Quintana,500779,0.19230769230769232,0.07692307692307693,0.15555555555555556
2025-07-03,777257,21,3,0,34,3,80,MIL,NYM,MIL,Jose Quintana,500779,0.14285714285714285,0.0,0.08823529411764706
2025-07-09,777175,24,4,4,38,7,95,MIL,MIL,LAD,Jose Quintana,500779,0.16666666666666666,0.16666666666666666,0.18421052631578946
2025-07-20,777070,23,5,0,37,7,83,MIL,LAD,MIL,Jose Quintana,500779,0.21739130434782608,0.0,0.1891891891891892
2025-07-26,776996,24,2,2,39,3,99,MIL,MIL,MIA,Jose Quintana,500779,0.08333333333333333,0.08333333333333333,0.07692307692307693
2025-08-01,776917,23,4,2,44,6,94,MIL,WSH,MIL,Jose Quintana,500779,0.17391304347826086,0.08695652173913043,0.13636363636363635
2025-08-06,776853,25,7,0,48,10,93,MIL,ATL,MIL,Jose Quintana,500779,0.28,0.0,0.20833333333333334
2025-08-11,776786,22,3,1,41,7,89,MIL,MIL,PIT,Jose Quintana,500779,0.13636363636363635,0.045454545454545456,0.17073170731707318
2025-08-17,776709,25,4,1,44,6,98,MIL,CIN,MIL,Jose Quintana,500779,0.16,0.04,0.13636363636363635
2025-08-22,776634,20,2,2,33,5,82,MIL,MIL,SF,Jose Quintana,500779,0.1,0.1,0.15151515151515152
2025-08-28,776553,22,2,4,36,6,95,MIL,MIL,AZ,Jose Quintana,500779,0.09090909090909091,0.18181818181818182,0.16666666666666666
2025-09-03,776471,27,6,3,44,11,97,MIL,MIL,PHI,Jose Quintana,500779,0.2222222222222222,0.1111111111111111,0.25
2025-09-08,776406,26,4,2,37,5,85,MIL,TEX,MIL,Jose Quintana,500779,0.15384615384615385,0.07692307692307693,0.13513513513513514
2025-09-14,776326,17,2,2,31,6,68,MIL,MIL,STL,Jose Quintana,500779,0.11764705882352941,0.11764705882352941,0.1935483870967742
2025-03-27,778558,22,3,2,44,10,83,KC,KC,CLE,Cole Ragans,666142,0.13636363636363635,0.09090909090909091,0.22727272727272727
2025-04-02,778477,22,10,2,50,17,97,KC,MIL,KC,Cole Ragans,666142,0.45454545454545453,0.09090909090909091,0.34
2025-04-08,778400,23,11,0,42,16,96,KC,KC,MIN,Cole Ragans,666142,0.4782608695652174,0.0,0.38095238095238093
2025-04-13,778342,26,10,0,49,20,89,KC,CLE,KC,Cole Ragans,666142,0.38461538461538464,0.0,0.40816326530612246
2025-04-18,778277,21,8,3,43,11,96,KC,DET,KC,Cole Ragans,666142,0.38095238095238093,0.14285714285714285,0.2558139534883721
2025-04-24,778190,14,4,2,26,9,62,KC,KC,COL,Cole Ragans,666142,0.2857142857142857,0.14285714285714285,0.34615384615384615
2025-05-05,778043,20,11,2,48,15,94,KC,KC,CWS,Cole Ragans,666142,0.55,0.1,0.3125
2025-05-10,777977,23,8,2,48,13,95,KC,KC,BOS,Cole Ragans,666142,0.34782608695652173,0.08695652173913043,0.2708333333333333
2025-05-16,777901,20,7,0,36,6,83,KC,KC,STL,Cole Ragans,666142,0.35,0.0,0.16666666666666666
2025-06-05,777635,18,4,3,33,9,78,KC,STL,KC,Cole Ragans,666142,0.2222222222222222,0.16666666666666666,0.2727272727272727
2025-09-17,776289,13,4,2,37,13,62,KC,KC,SEA,Cole Ragans,666142,0.3076923076923077,0.15384615384615385,0.35135135135135137
2025-09-23,776207,19,10,1,34,14,72,KC,LAA,KC,Cole Ragans,666142,0.5263157894736842,0.05263157894736842,0.4117647058823529
2025-09-28,776138,16,8,1,41,17,72,KC,ATH,KC,Cole Ragans,666142,0.5,0.0625,0.4146341463414634
2025-03-31,778508,17,4,0,32,6,70,TB,TB,PIT,Drew Rasmussen,656876,0.23529411764705882,0.0,0.1875
2025-04-06,778420,18,4,1,37,6,79,TB,TEX,TB,Drew Rasmussen,656876,0.2222222222222222,0.05555555555555555,0.16216216216216217
2025-04-12,778353,19,7,1,41,8,80,TB,TB,ATL,Drew Rasmussen,656876,0.3684210526315789,0.05263157894736842,0.1951219512195122
2025-04-18,778272,22,7,3,43,16,84,TB,TB,NYY,Drew Rasmussen,656876,0.3181818181818182,0.13636363636363635,0.37209302325581395
2025-04-24,778188,21,5,1,44,5,82,TB,AZ,TB,Drew Rasmussen,656876,0.23809523809523808,0.047619047619047616,0.11363636363636363
2025-04-30,778113,22,3,1,39,6,72,TB,TB,KC,Drew Rasmussen,656876,0.13636363636363635,0.045454545454545456,0.15384615384615385
2025-05-06,778040,20,2,2,38,5,86,TB,TB,PHI,Drew Rasmussen,656876,0.1,0.1,0.13157894736842105
2025-05-11,777964,20,3,1,35,6,72,TB,TB,MIL,Drew Rasmussen,656876,0.15,0.05,0.17142857142857143
2025-05-17,777889,22,5,0,40,8,81,TB,MIA,TB,Drew Rasmussen,656876,0.22727272727272727,0.0,0.2
2025-05-23,777810,22,3,2,29,2,76,TB,TB,TOR,Drew Rasmussen,656876,0.13636363636363635,0.09090909090909091,0.06896551724137931
2025-05-28,777732,20,5,1,35,7,74,TB,TB,MIN,Drew Rasmussen,656876,0.25,0.05,0.2
2025-06-03,777662,16,8,0,37,9,79,TB,TB,TEX,Drew Rasmussen,656876,0.5,0.0,0.24324324324324326
2025-06-08,777592,24,3,1,33,6,74,TB,TB,MIA,Drew Rasmussen,656876,0.125,0.041666666666666664,0.18181818181818182
2025-06-14,777518,21,3,1,45,7,87,TB,NYM,TB,Drew Rasmussen,656876,0.14285714285714285,0.047619047619047616,0.15555555555555556
2025-06-19,777446,22,5,3,41,9,92,TB,TB,BAL,Drew Rasmussen,656876,0.22727272727272727,0.13636363636363635,0.21951219512195122
2025-06-25,777359,19,5,2,29,5,62,TB,KC,TB,Drew Rasmussen,656876,0.2631578947368421,0.10526315789473684,0.1724137931034483
2025-06-30,777296,14,2,1,23,5,54,TB,TB,ATH,Drew Rasmussen,656876,0.14285714285714285,0.07142857142857142,0.21739130434782608
2025-07-06,777220,8,2,0,20,4,32,TB,MIN,TB,Drew Rasmussen,656876,0.25,0.0,0.2
2025-07-11,777155,10,1,1,24,5,53,TB,BOS,TB,Drew Rasmussen,656876,0.1,0.1,0.20833333333333334
2025-07-22,777048,16,5,1,32,6,75,TB,TB,CWS,Drew Rasmussen,656876,0.3125,0.0625,0.1875
2025-07-28,776970,21,5,2,37,8,81,TB,NYY,TB,Drew Rasmussen,656876,0.23809523809523808,0.09523809523809523,0.21621621621621623
2025-08-02,776901,19,6,0,38,10,73,TB,TB,LAD,Drew Rasmussen,656876,0.3157894736842105,0.0,0.2631578947368421
2025-08-08,776824,21,4,0,44,8,79,TB,SEA,TB,Drew Rasmussen,656876,0.19047619047619047,0.0,0.18181818181818182
2025-08-13,776751,22,5,0,45,10,76,TB,ATH,TB,Drew Rasmussen,656876,0.22727272727272727,0.0,0.2222222222222222
2025-08-20,776664,23,6,2,40,12,91,TB,TB,NYY,Drew Rasmussen,656876,0.2608695652173913,0.08695652173913043,0.3
2025-08-27,776580,23,5,1,48,9,85,TB,CLE,TB,Drew Rasmussen,656876,0.21739130434782608,0.043478260869565216,0.1875
2025-09-02,776485,19,2,0,37,4,72,TB,TB,SEA,Drew Rasmussen,656876,0.10526315789473684,0.0,0.10810810810810811
2025-09-07,776421,19,2,3,37,4,82,TB,TB,CLE,Drew Rasmussen,656876,0.10526315789473684,0.15789473684210525,0.10810810810810811
2025-09-13,776338,22,5,2,42,12,81,TB,CHC,TB,Drew Rasmussen,656876,0.22727272727272727,0.09090909090909091,0.2857142857142857
2025-09-19,776261,15,2,1,32,4,76,TB,TB,BOS,Drew Rasmussen,656876,0.13333333333333333,0.06666666666666667,0.125
2025-09-25,776191,12,3,2,26,7,57,TB,BAL,TB,Drew Rasmussen,656876,0.25,0.16666666666666666,0.2692307692307692
2025-03-30,778522,20,4,1,36,8,79,SF,CIN,SF,Robbie Ray,592662,0.2,0.05,0.2222222222222222
2025-04-05,778436,24,2,5,38,7,89,SF,SF,SEA,Robbie Ray,592662,0.08333333333333333,0.20833333333333334,0.18421052631578946
2025-04-11,778370,18,7,4,42,12,98,SF,NYY,SF,Robbie Ray,592662,0.3888888888888889,0.2222222222222222,0.2857142857142857
2025-04-16,778296,23,8,5,40,10,93,SF,PHI,SF,Robbie Ray,592662,0.34782608695652173,0.21739130434782608,0.25
2025-04-21,778226,22,4,3,41,11,92,SF,SF,MIL,Robbie Ray,592662,0.18181818181818182,0.13636363636363635,0.2682926829268293
2025-04-26,778159,27,8,1,56,23,97,SF,SF,TEX,Robbie Ray,592662,0.2962962962962963,0.037037037037037035,0.4107142857142857
2025-05-02,778082,24,8,2,43,9,86,SF,SF,COL,Robbie Ray,592662,0.3333333333333333,0.08333333333333333,0.20930232558139536
2025-05-07,778020,23,5,2,49,12,98,SF,CHC,SF,Robbie Ray,592662,0.21739130434782608,0.08695652173913043,0.24489795918367346
2025-05-13,777930,28,9,3,55,20,108,SF,SF,AZ,Robbie Ray,592662,0.32142857142857145,0.10714285714285714,0.36363636363636365
2025-05-19,777855,26,7,1,55,11,94,SF,SF,KC,Robbie Ray,592662,0.2692307692307692,0.038461538461538464,0.2
2025-05-25,777778,21,7,0,49,9,90,SF,WSH,SF,Robbie Ray,592662,0.3333333333333333,0.0,0.1836734693877551
2025-05-31,777705,25,9,3,48,17,98,SF,MIA,SF,Robbie Ray,592662,0.36,0.12,0.3541666666666667
2025-06-05,777633,25,9,1,52,20,101,SF,SF,SD,Robbie Ray,592662,0.36,0.04,0.38461538461538464
2025-06-11,777547,21,5,2,48,13,93,SF,COL,SF,Robbie Ray,592662,0.23809523809523808,0.09523809523809523,0.2708333333333333
2025-06-17,777472,26,5,2,51,14,102,SF,SF,CLE,Robbie Ray,592662,0.19230769230769232,0.07692307692307693,0.27450980392156865
2025-06-22,777395,24,7,1,47,13,88,SF,SF,BOS,Robbie Ray,592662,0.2916666666666667,0.041666666666666664,0.2765957446808511
2025-06-28,777327,23,6,2,45,9,101,SF,CWS,SF,Robbie Ray,592662,0.2608695652173913,0.08695652173913043,0.2
2025-07-03,777256,31,7,1,52,13,102,SF,AZ,SF,Robbie Ray,592662,0.22580645161290322,0.03225806451612903,0.25
2025-07-08,777186,24,5,3,54,10,99,SF,SF,PHI,Robbie Ray,592662,0.20833333333333334,0.125,0.18518518518518517
2025-07-13,777119,23,6,2,40,8,92,SF,SF,LAD,Robbie Ray,592662,0.2608695652173913,0.08695652173913043,0.2
2025-07-20,777079,22,3,5,38,8,95,SF,TOR,SF,Robbie Ray,592662,0.13636363636363635,0.22727272727272727,0.21052631578947367
2025-07-26,776985,25,3,3,51,12,102,SF,SF,NYM,Robbie Ray,592662,0.12,0.12,0.23529411764705882
2025-08-01,776926,26,6,1,51,15,102,SF,NYM,SF,Robbie Ray,592662,0.23076923076923078,0.038461538461538464,0.29411764705882354
2025-08-06,776844,25,8,2,53,13,105,SF,PIT,SF,Robbie Ray,592662,0.32,0.08,0.24528301886792453
2025-08-12,776767,25,4,1,63,11,113,SF,SF,SD,Robbie Ray,592662,0.16,0.04,0.1746031746031746
2025-08-18,776683,26,6,1,56,15,105,SF,SD,SF,Robbie Ray,592662,0.23076923076923078,0.038461538461538464,0.26785714285714285
2025-08-24,776608,23,0,4,36,5,80,SF,MIL,SF,Robbie Ray,592662,0.0,0.17391304347826086,0.1388888888888889
2025-08-29,776533,22,5,3,39,9,94,SF,SF,BAL,Robbie Ray,592662,0.22727272727272727,0.13636363636363635,0.23076923076923078
2025-09-03,776467,22,8,1,50,17,99,SF,COL,SF,Robbie Ray,592662,0.36363636363636365,0.045454545454545456,0.34
2025-09-09,776394,19,5,2,46,10,95,SF,SF,AZ,Robbie Ray,592662,0.2631578947368421,0.10526315789473684,0.21739130434782608
2025-09-14,776325,22,5,4,39,10,98,SF,SF,LAD,Robbie Ray,592662,0.22727272727272727,0.18181818181818182,0.2564102564102564
2025-09-19,776256,20,5,2,41,10,84,SF,LAD,SF,Robbie Ray,592662,0.25,0.1,0.24390243902439024
2025-03-30,778515,2,0,0,2,0,4,CHC,AZ,CHC,Colin Rea,607067,0.0,0.0,0.0
2025-03-31,778501,12,1,0,20,5,40,CHC,ATH,CHC,Colin Rea,607067,0.08333333333333333,0.0,0.25
2025-04-07,778411,6,1,0,9,2,23,CHC,CHC,TEX,Colin Rea,607067,0.16666666666666666,0.0,0.2222222222222222
2025-04-13,778331,16,5,1,30,8,68,CHC,LAD,CHC,Colin Rea,607067,0.3125,0.0625,0.26666666666666666
2025-04-18,778268,20,5,0,31,7,69,CHC,CHC,AZ,Colin Rea,607067,0.25,0.0,0.22580645161290322
2025-04-25,778182,20,7,2,40,8,92,CHC,CHC,PHI,Colin Rea,607067,0.35,0.1,0.2
2025-05-01,778100,23,2,2,31,4,73,CHC,PIT,CHC,Colin Rea,607067,0.08695652173913043,0.08695652173913043,0.12903225806451613
2025-05-06,778027,24,4,2,41,7,92,CHC,CHC,SF,Colin Rea,607067,0.16666666666666666,0.08333333333333333,0.17073170731707318
2025-05-12,777952,25,4,2,39,6,98,CHC,CHC,MIA,Colin Rea,607067,0.16,0.08,0.15384615384615385
2025-05-18,777872,20,3,2,40,7,93,CHC,CHC,CWS,Colin Rea,607067,0.15,0.1,0.175
2025-05-24,777791,25,8,3,52,14,108,CHC,CIN,CHC,Colin Rea,607067,0.32,0.12,0.2692307692307692
2025-05-30,777712,27,3,2,42,5,90,CHC,CHC,CIN,Colin Rea,607067,0.1111111111111111,0.07407407407407407,0.11904761904761904
2025-06-05,777632,22,0,1,42,4,80,CHC,WSH,CHC,Colin Rea,607067,0.0,0.045454545454545456,0.09523809523809523
2025-06-10,777571,20,5,0,44,10,84,CHC,PHI,CHC,Colin Rea,607067,0.25,0.0,0.22727272727272727
2025-06-15,777497,23,4,1,46,8,81,CHC,CHC,PIT,Colin Rea,607067,0.17391304347826086,0.043478260869565216,0.17391304347826086
2025-06-22,777403,27,2,1,46,9,89,CHC,CHC,SEA,Colin Rea,607067,0.07407407407407407,0.037037037037037035,0.1956521739130435
2025-06-28,777320,20,2,0,40,2,79,CHC,HOU,CHC,Colin Rea,607067,0.1,0.0,0.05
2025-07-04,777246,24,4,2,44,5,97,CHC,CHC,STL,Colin Rea,607067,0.16666666666666666,0.08333333333333333,0.11363636363636363
2025-07-10,777166,25,5,2,47,13,92,CHC,MIN,CHC,Colin Rea,607067,0.2,0.08,0.2765957446808511
2025-07-18,777101,22,5,4,35,10,84,CHC,CHC,BOS,Colin Rea,607067,0.22727272727272727,0.18181818181818182,0.2857142857142857
2025-07-23,777031,23,3,0,39,4,82,CHC,CHC,KC,Colin Rea,607067,0.13043478260869565,0.0,0.10256410256410256
2025-07-29,776956,21,2,1,39,2,82,CHC,MIL,CHC,Colin Rea,607067,0.09523809523809523,0.047619047619047616,0.05128205128205128
2025-08-03,776888,21,4,1,35,7,77,CHC,CHC,BAL,Colin Rea,607067,0.19047619047619047,0.047619047619047616,0.2
2025-08-09,776818,23,6,2,46,6,98,CHC,STL,CHC,Colin Rea,607067,0.2608695652173913,0.08695652173913043,0.13043478260869565
2025-08-15,776737,20,5,2,41,13,88,CHC,CHC,PIT,Colin Rea,607067,0.25,0.1,0.3170731707317073
2025-08-20,776663,24,3,5,31,5,96,CHC,CHC,MIL,Colin Rea,607067,0.125,0.20833333333333334,0.16129032258064516
2025-08-27,776557,24,2,2,42,6,88,CHC,SF,CHC,Colin Rea,607067,0.08333333333333333,0.08333333333333333,0.14285714285714285
2025-09-01,776506,19,3,3,40,10,73,CHC,CHC,ATL,Colin Rea,607067,0.15789473684210525,0.15789473684210525,0.25
2025-09-07,776420,19,6,0,31,8,61,CHC,CHC,WSH,Colin Rea,607067,0.3157894736842105,0.0,0.25806451612903225
2025-09-13,776338,22,5,0,43,10,85,CHC,CHC,TB,Colin Rea,607067,0.22727272727272727,0.0,0.23255813953488372
2025-09-18,776282,25,11,0,50,18,93,CHC,CIN,CHC,Colin Rea,607067,0.44,0.0,0.36
2025-09-26,776167,20,7,1,43,10,77,CHC,CHC,STL,Colin Rea,607067,0.35,0.05,0.23255813953488372
2025-10-01,813064,6,1,0,9,2,15,CHC,CHC,SD,Colin Rea,607067,0.16666666666666666,0.0,0.2222222222222222
2025-03-31,778511,18,3,2,33,9,74,TEX,CIN,TEX,Kumar Rocker,677958,0.16666666666666666,0.1111111111111111,0.2727272727272727
2025-04-06,778420,20,1,0,40,4,77,TEX,TEX,TB,Kumar Rocker,677958,0.05,0.0,0.1
2025-04-12,778341,17,2,2,26,5,68,TEX,SEA,TEX,Kumar Rocker,677958,0.11764705882352941,0.11764705882352941,0.19230769230769232
2025-04-17,778281,27,8,0,44,15,79,TEX,TEX,LAA,Kumar Rocker,677958,0.2962962962962963,0.0,0.3409090909090909
2025-04-23,778197,13,2,1,35,6,63,TEX,ATH,TEX,Kumar Rocker,677958,0.15384615384615385,0.07692307692307693,0.17142857142857143
2025-06-04,777646,19,5,2,37,13,66,TEX,TB,TEX,Kumar Rocker,677958,0.2631578947368421,0.10526315789473684,0.35135135135135137
2025-06-15,777493,20,6,1,38,7,82,TEX,TEX,CWS,Kumar Rocker,677958,0.3,0.05,0.18421052631578946
2025-06-21,777421,23,4,3,45,10,89,TEX,PIT,TEX,Kumar Rocker,677958,0.17391304347826086,0.13043478260869565,0.2222222222222222
2025-06-28,777322,24,6,1,49,10,97,TEX,TEX,SEA,Kumar Rocker,677958,0.25,0.041666666666666664,0.20408163265306123
2025-07-04,777239,21,4,2,41,9,84,TEX,SD,TEX,Kumar Rocker,677958,0.19047619047619047,0.09523809523809523,0.21951219512195122
2025-07-09,777171,21,2,1,34,8,67,TEX,LAA,TEX,Kumar Rocker,677958,0.09523809523809523,0.047619047619047616,0.23529411764705882
2025-07-19,777088,23,5,3,47,12,96,TEX,TEX,DET,Kumar Rocker,677958,0.21739130434782608,0.13043478260869565,0.2553191489361702
2025-07-26,776993,19,5,3,44,10,95,TEX,TEX,ATL,Kumar Rocker,677958,0.2631578947368421,0.15789473684210525,0.22727272727272727
2025-07-31,776923,22,3,2,50,11,91,TEX,SEA,TEX,Kumar Rocker,677958,0.13636363636363635,0.09090909090909091,0.22
2025-03-27,778557,22,7,2,37,13,89,NYY,NYY,MIL,Carlos Rod\xc3\xb3n,607074,0.3181818181818182,0.09090909090909091,0.35135135135135137
2025-04-02,778484,24,5,4,35,8,96,NYY,NYY,AZ,Carlos Rod\xc3\xb3n,607074,0.20833333333333334,0.16666666666666666,0.22857142857142856
2025-04-07,778424,25,8,3,43,9,103,NYY,DET,NYY,Carlos Rod\xc3\xb3n,607074,0.32,0.12,0.20930232558139536
2025-04-13,778339,23,8,3,39,10,100,NYY,NYY,SF,Carlos Rod\xc3\xb3n,607074,0.34782608695652173,0.13043478260869565,0.2564102564102564
2025-04-18,778272,23,9,4,39,11,102,NYY,TB,NYY,Carlos Rod\xc3\xb3n,607074,0.391304347826087,0.17391304347826086,0.28205128205128205
2025-04-23,778206,27,8,2,48,13,90,NYY,CLE,NYY,Carlos Rod\xc3\xb3n,607074,0.2962962962962963,0.07407407407407407,0.2708333333333333
2025-04-29,778133,21,7,1,37,10,91,NYY,BAL,NYY,Carlos Rod\xc3\xb3n,607074,0.3333333333333333,0.047619047619047616,0.2702702702702703
2025-05-05,778045,24,5,1,43,12,95,NYY,NYY,SD,Carlos Rod\xc3\xb3n,607074,0.20833333333333334,0.041666666666666664,0.27906976744186046
2025-05-10,777972,27,10,0,52,18,98,NYY,ATH,NYY,Carlos Rod\xc3\xb3n,607074,0.37037037037037035,0.0,0.34615384615384615
2025-05-16,777904,21,5,4,42,15,102,NYY,NYY,NYM,Carlos Rod\xc3\xb3n,607074,0.23809523809523808,0.19047619047619047,0.35714285714285715
2025-05-22,777818,22,8,2,49,16,105,NYY,NYY,TEX,Carlos Rod\xc3\xb3n,607074,0.36363636363636365,0.09090909090909091,0.32653061224489793
2025-05-27,777745,26,10,0,55,20,105,NYY,LAA,NYY,Carlos Rod\xc3\xb3n,607074,0.38461538461538464,0.0,0.36363636363636365
2025-06-03,777664,26,8,1,46,11,94,NYY,NYY,CLE,Carlos Rod\xc3\xb3n,607074,0.3076923076923077,0.038461538461538464,0.2391304347826087
2025-06-08,777593,22,5,3,43,13,90,NYY,NYY,BOS,Carlos Rod\xc3\xb3n,607074,0.22727272727272727,0.13636363636363635,0.3023255813953488
2025-06-14,777516,24,4,2,49,13,92,NYY,BOS,NYY,Carlos Rod\xc3\xb3n,607074,0.16666666666666666,0.08333333333333333,0.2653061224489796
2025-06-19,777449,24,7,1,36,15,92,NYY,NYY,LAA,Carlos Rod\xc3\xb3n,607074,0.2916666666666667,0.041666666666666664,0.4166666666666667
2025-06-24,777385,21,5,1,34,12,88,NYY,CIN,NYY,Carlos Rod\xc3\xb3n,607074,0.23809523809523808,0.047619047619047616,0.35294117647058826
2025-06-30,777295,24,4,3,37,7,96,NYY,TOR,NYY,Carlos Rod\xc3\xb3n,607074,0.16666666666666666,0.125,0.1891891891891892
2025-07-05,777241,24,4,3,41,9,97,NYY,NYM,NYY,Carlos Rod\xc3\xb3n,607074,0.16666666666666666,0.125,0.21951219512195122
2025-07-11,777153,29,8,1,50,16,109,NYY,NYY,CHC,Carlos Rod\xc3\xb3n,607074,0.27586206896551724,0.034482758620689655,0.32
2025-07-21,777066,27,4,5,48,6,107,NYY,TOR,NYY,Carlos Rod\xc3\xb3n,607074,0.14814814814814814,0.18518518518518517,0.125
2025-07-27,776988,21,8,1,47,19,90,NYY,NYY,PHI,Carlos Rod\xc3\xb3n,607074,0.38095238095238093,0.047619047619047616,0.40425531914893614
2025-08-01,776925,21,9,5,40,14,107,NYY,MIA,NYY,Carlos Rod\xc3\xb3n,607074,0.42857142857142855,0.23809523809523808,0.35
2025-08-06,776845,23,3,4,45,11,93,NYY,TEX,NYY,Carlos Rod\xc3\xb3n,607074,0.13043478260869565,0.17391304347826086,0.24444444444444444
2025-08-12,776774,25,5,2,41,9,96,NYY,NYY,MIN,Carlos Rod\xc3\xb3n,607074,0.2,0.08,0.21951219512195122
2025-08-19,776677,25,5,2,45,12,102,NYY,TB,NYY,Carlos Rod\xc3\xb3n,607074,0.2,0.08,0.26666666666666666
2025-08-24,776616,22,3,5,45,7,103,NYY,NYY,BOS,Carlos Rod\xc3\xb3n,607074,0.13636363636363635,0.22727272727272727,0.15555555555555556
2025-08-29,776544,25,5,2,44,11,97,NYY,CWS,NYY,Carlos Rod\xc3\xb3n,607074,0.2,0.08,0.25
2025-09-04,776464,25,3,2,57,13,109,NYY,HOU,NYY,Carlos Rod\xc3\xb3n,607074,0.12,0.08,0.22807017543859648
2025-09-10,776383,25,6,1,46,9,102,NYY,NYY,DET,Carlos Rod\xc3\xb3n,607074,0.24,0.04,0.1956521739130435
2025-09-15,776313,23,3,1,49,10,95,NYY,MIN,NYY,Carlos Rod\xc3\xb3n,607074,0.13043478260869565,0.043478260869565216,0.20408163265306123
2025-09-20,776257,26,8,1,49,21,96,NYY,BAL,NYY,Carlos Rod\xc3\xb3n,607074,0.3076923076923077,0.038461538461538464,0.42857142857142855
2025-09-25,776184,24,5,1,41,12,82,NYY,NYY,CWS,Carlos Rod\xc3\xb3n,607074,0.20833333333333334,0.041666666666666664,0.2926829268292683
2025-10-01,813070,25,6,3,37,10,91,NYY,NYY,BOS,Carlos Rod\xc3\xb3n,607074,0.24,0.12,0.2702702702702703
2025-03-30,778515,21,5,3,33,8,86,AZ,AZ,CHC,Eduardo Rodr\xc3\xadguez,593958,0.23809523809523808,0.14285714285714285,0.24242424242424243
2025-04-05,778452,20,12,1,43,9,90,AZ,WSH,AZ,Eduardo Rodr\xc3\xadguez,593958,0.6,0.05,0.20930232558139536
2025-04-11,778364,27,3,2,46,7,95,AZ,AZ,MIL,Eduardo Rodr\xc3\xadguez,593958,0.1111111111111111,0.07407407407407407,0.15217391304347827
2025-04-17,778291,28,9,0,48,13,93,AZ,MIA,AZ,Eduardo Rodr\xc3\xadguez,593958,0.32142857142857145,0.0,0.2708333333333333
2025-04-23,778199,27,5,1,44,9,92,AZ,AZ,TB,Eduardo Rodr\xc3\xadguez,593958,0.18518518518518517,0.037037037037037035,0.20454545454545456
2025-04-29,778130,22,1,1,36,3,69,AZ,NYM,AZ,Eduardo Rodr\xc3\xadguez,593958,0.045454545454545456,0.045454545454545456,0.08333333333333333
2025-05-04,778059,25,10,4,41,12,101,AZ,PHI,AZ,Eduardo Rodr\xc3\xadguez,593958,0.4,0.16,0.2926829268292683
2025-05-09,777988,21,3,3,31,6,76,AZ,AZ,LAD,Eduardo Rodr\xc3\xadguez,593958,0.14285714285714285,0.14285714285714285,0.1935483870967742
2025-05-14,777916,20,4,3,31,6,76,AZ,SF,AZ,Eduardo Rodr\xc3\xadguez,593958,0.2,0.15,0.1935483870967742
2025-06-06,777623,21,3,0,35,7,72,AZ,CIN,AZ,Eduardo Rodr\xc3\xadguez,593958,0.14285714285714285,0.0,0.2
2025-06-11,777548,26,5,1,45,14,81,AZ,AZ,SEA,Eduardo Rodr\xc3\xadguez,593958,0.19230769230769232,0.038461538461538464,0.3111111111111111
2025-06-18,777462,23,3,2,48,11,102,AZ,TOR,AZ,Eduardo Rodr\xc3\xadguez,593958,0.13043478260869565,0.08695652173913043,0.22916666666666666
2025-06-23,777393,24,10,2,44,11,92,AZ,CWS,AZ,Eduardo Rodr\xc3\xadguez,593958,0.4166666666666667,0.08333333333333333,0.25
2025-06-29,777303,24,6,3,48,12,108,AZ,AZ,MIA,Eduardo Rodr\xc3\xadguez,593958,0.25,0.125,0.25
2025-07-04,777248,26,7,0,53,10,98,AZ,AZ,KC,Eduardo Rodr\xc3\xadguez,593958,0.2692307692307692,0.0,0.18867924528301888
2025-07-10,777158,22,3,1,39,9,88,AZ,SD,AZ,Eduardo Rodr\xc3\xadguez,593958,0.13636363636363635,0.045454545454545456,0.23076923076923078
2025-07-22,777040,27,3,3,40,8,91,AZ,AZ,HOU,Eduardo Rodr\xc3\xadguez,593958,0.1111111111111111,0.1111111111111111,0.2
2025-07-28,776973,27,5,2,47,7,95,AZ,DET,AZ,Eduardo Rodr\xc3\xadguez,593958,0.18518518518518517,0.07407407407407407,0.14893617021276595
2025-08-03,776881,23,5,3,41,5,92,AZ,ATH,AZ,Eduardo Rodr\xc3\xadguez,593958,0.21739130434782608,0.13043478260869565,0.12195121951219512
2025-08-09,776809,27,2,5,34,5,82,AZ,AZ,COL,Eduardo Rodr\xc3\xadguez,593958,0.07407407407407407,0.18518518518518517,0.14705882352941177
2025-08-14,776742,27,6,1,43,9,93,AZ,COL,AZ,Eduardo Rodr\xc3\xadguez,593958,0.2222222222222222,0.037037037037037035,0.20930232558139536
2025-08-19,776672,28,4,3,43,11,96,AZ,AZ,CLE,Eduardo Rodr\xc3\xadguez,593958,0.14285714285714285,0.10714285714285714,0.2558139534883721
2025-08-25,776593,14,1,1,30,2,65,AZ,MIL,AZ,Eduardo Rodr\xc3\xadguez,593958,0.07142857142857142,0.07142857142857142,0.06666666666666667
2025-08-30,776523,24,4,4,42,8,96,AZ,LAD,AZ,Eduardo Rodr\xc3\xadguez,593958,0.16666666666666666,0.16666666666666666,0.19047619047619047
2025-09-05,776448,23,4,2,48,10,97,AZ,AZ,BOS,Eduardo Rodr\xc3\xadguez,593958,0.17391304347826086,0.08695652173913043,0.20833333333333334
2025-09-10,776374,23,6,2,44,10,98,AZ,SF,AZ,Eduardo Rodr\xc3\xadguez,593958,0.2608695652173913,0.08695652173913043,0.22727272727272727
2025-09-16,776294,23,2,1,41,8,83,AZ,AZ,SF,Eduardo Rodr\xc3\xadguez,593958,0.08695652173913043,0.043478260869565216,0.1951219512195122
2025-09-21,776230,27,5,3,47,8,95,AZ,AZ,PHI,Eduardo Rodr\xc3\xadguez,593958,0.18518518518518517,0.1111111111111111,0.1702127659574468
2025-09-27,776152,25,6,1,47,9,95,AZ,SD,AZ,Eduardo Rodr\xc3\xadguez,593958,0.24,0.04,0.19148936170212766
2025-05-24,777790,22,5,0,41,8,87,BAL,BOS,BAL,Trevor Rogers,669432,0.22727272727272727,0.0,0.1951219512195122
2025-06-18,777463,15,4,3,33,10,71,BAL,TB,BAL,Trevor Rogers,669432,0.26666666666666666,0.2,0.30303030303030304
2025-06-23,777394,27,4,0,54,8,101,BAL,BAL,TEX,Trevor Rogers,669432,0.14814814814814814,0.0,0.14814814814814814
2025-06-30,777292,22,5,3,45,16,91,BAL,TEX,BAL,Trevor Rogers,669432,0.22727272727272727,0.13636363636363635,0.35555555555555557
2025-07-06,777222,24,6,2,44,12,88,BAL,ATL,BAL,Trevor Rogers,669432,0.25,0.08333333333333333,0.2727272727272727
2025-07-12,777141,24,8,2,52,13,99,BAL,BAL,MIA,Trevor Rogers,669432,0.3333333333333333,0.08333333333333333,0.25
2025-07-20,777076,26,3,2,47,5,91,BAL,TB,BAL,Trevor Rogers,669432,0.11538461538461539,0.07692307692307693,0.10638297872340426
2025-07-26,776999,22,5,1,53,13,96,BAL,BAL,COL,Trevor Rogers,669432,0.22727272727272727,0.045454545454545456,0.24528301886792453
2025-08-01,776915,28,8,0,48,13,88,BAL,CHC,BAL,Trevor Rogers,669432,0.2857142857142857,0.0,0.2708333333333333
2025-08-06,776851,27,6,2,54,8,104,BAL,PHI,BAL,Trevor Rogers,669432,0.2222222222222222,0.07407407407407407,0.14814814814814814
2025-08-13,776761,25,6,0,61,13,95,BAL,BAL,SEA,Trevor Rogers,669432,0.24,0.0,0.21311475409836064
2025-08-18,776695,25,7,1,54,13,98,BAL,BOS,BAL,Trevor Rogers,669432,0.28,0.04,0.24074074074074073
2025-08-24,776612,28,9,3,48,15,93,BAL,BAL,HOU,Trevor Rogers,669432,0.32142857142857145,0.10714285714285714,0.3125
2025-08-30,776516,26,5,0,46,10,92,BAL,SF,BAL,Trevor Rogers,669432,0.19230769230769232,0.0,0.21739130434782608
2025-09-06,776443,24,6,1,60,16,96,BAL,BAL,LAD,Trevor Rogers,669432,0.25,0.041666666666666664,0.26666666666666666
2025-09-12,776353,22,6,4,41,10,79,BAL,TOR,BAL,Trevor Rogers,669432,0.2727272727272727,0.18181818181818182,0.24390243902439024
2025-09-19,776273,21,7,2,52,17,106,BAL,BAL,NYY,Trevor Rogers,669432,0.3333333333333333,0.09523809523809523,0.3269230769230769
2025-09-26,776174,15,3,3,26,5,52,BAL,NYY,BAL,Trevor Rogers,669432,0.2,0.2,0.19230769230769232
2025-04-02,778475,20,8,4,35,13,83,SF,HOU,SF,Landen Roupp,694738,0.4,0.2,0.37142857142857144
2025-04-08,778397,24,4,0,35,6,81,SF,SF,CIN,Landen Roupp,694738,0.16666666666666666,0.0,0.17142857142857143
2025-04-14,778320,24,8,3,44,20,101,SF,PHI,SF,Landen Roupp,694738,0.3333333333333333,0.125,0.45454545454545453
2025-04-19,778243,26,9,1,43,17,96,SF,LAA,SF,Landen Roupp,694738,0.34615384615384615,0.038461538461538464,0.3953488372093023
2025-04-24,778194,20,2,3,28,3,78,SF,SF,MIL,Landen Roupp,694738,0.1,0.15,0.10714285714285714
2025-04-30,778105,22,3,3,40,8,92,SF,SD,SF,Landen Roupp,694738,0.13636363636363635,0.13636363636363635,0.2
2025-05-05,778044,22,4,0,36,4,77,SF,CHC,SF,Landen Roupp,694738,0.18181818181818182,0.0,0.1111111111111111
2025-05-11,777956,21,3,0,35,7,75,SF,MIN,SF,Landen Roupp,694738,0.14285714285714285,0.0,0.2
2025-05-17,777879,25,5,2,38,7,92,SF,SF,ATH,Landen Roupp,694738,0.2,0.08,0.18421052631578946
2025-05-23,777801,25,2,2,34,2,76,SF,WSH,SF,Landen Roupp,694738,0.08,0.08,0.058823529411764705
2025-05-28,777738,21,7,2,31,11,81,SF,DET,SF,Landen Roupp,694738,0.3333333333333333,0.09523809523809523,0.3548387096774194
2025-06-03,777656,24,5,2,47,13,92,SF,SF,SD,Landen Roupp,694738,0.20833333333333334,0.08333333333333333,0.2765957446808511
2025-06-08,777587,25,2,2,36,3,95,SF,SF,ATL,Landen Roupp,694738,0.08,0.08,0.08333333333333333
2025-06-14,777506,13,0,4,14,1,47,SF,LAD,SF,Landen Roupp,694738,0.0,0.3076923076923077,0.07142857142857142
2025-06-21,777417,23,7,3,39,10,90,SF,SF,BOS,Landen Roupp,694738,0.30434782608695654,0.13043478260869565,0.2564102564102564
2025-06-27,777338,26,4,2,39,7,94,SF,CWS,SF,Landen Roupp,694738,0.15384615384615385,0.07692307692307693,0.1794871794871795
2025-07-02,777270,20,4,4,32,9,81,SF,AZ,SF,Landen Roupp,694738,0.2,0.2,0.28125
2025-07-07,777199,21,3,2,41,3,100,SF,SF,PHI,Landen Roupp,694738,0.14285714285714285,0.09523809523809523,0.07317073170731707
2025-07-12,777127,25,8,1,57,14,104,SF,SF,LAD,Landen Roupp,694738,0.32,0.04,0.24561403508771928
2025-07-22,777058,22,6,1,43,12,87,SF,ATL,SF,Landen Roupp,694738,0.2727272727272727,0.045454545454545456,0.27906976744186046
2025-08-15,776729,15,5,1,30,10,66,SF,SF,TB,Landen Roupp,694738,0.3333333333333333,0.06666666666666667,0.3333333333333333
2025-08-20,776656,14,2,2,26,3,65,SF,SD,SF,Landen Roupp,694738,0.14285714285714285,0.14285714285714285,0.11538461538461539
2025-03-29,778528,21,5,0,36,5,81,MIN,STL,MIN,Joe Ryan,657746,0.23809523809523808,0.0,0.1388888888888889
2025-04-03,778462,21,5,0,33,10,83,MIN,MIN,HOU,Joe Ryan,657746,0.23809523809523808,0.0,0.30303030303030304
2025-04-09,778388,22,4,0,48,9,85,MIN,KC,MIN,Joe Ryan,657746,0.18181818181818182,0.0,0.1875
2025-04-14,778324,20,8,2,48,14,101,MIN,MIN,NYM,Joe Ryan,657746,0.4,0.1,0.2916666666666667
2025-04-20,778249,25,5,1,49,7,93,MIN,ATL,MIN,Joe Ryan,657746,0.2,0.04,0.14285714285714285
2025-04-27,778144,25,11,1,56,25,98,MIN,MIN,LAA,Joe Ryan,657746,0.44,0.04,0.44642857142857145
2025-05-02,778089,24,8,1,52,15,92,MIN,BOS,MIN,Joe Ryan,657746,0.3333333333333333,0.041666666666666664,0.28846153846153844
2025-05-10,777974,20,7,0,34,10,76,MIN,MIN,SF,Joe Ryan,657746,0.35,0.0,0.29411764705882354
2025-05-16,777898,22,9,1,48,12,99,MIN,MIL,MIN,Joe Ryan,657746,0.4090909090909091,0.045454545454545456,0.25
2025-05-19,777861,19,4,2,40,5,89,MIN,MIN,CLE,Joe Ryan,657746,0.21052631578947367,0.10526315789473684,0.125
2025-05-27,777746,24,5,1,42,9,85,MIN,TB,MIN,Joe Ryan,657746,0.20833333333333334,0.041666666666666664,0.21428571428571427
2025-06-02,777669,26,4,3,48,7,97,MIN,ATH,MIN,Joe Ryan,657746,0.15384615384615385,0.11538461538461539,0.14583333333333334
2025-06-08,777585,22,6,3,46,11,93,MIN,MIN,TOR,Joe Ryan,657746,0.2727272727272727,0.13636363636363635,0.2391304347826087
2025-06-14,777510,25,7,2,46,12,93,MIN,HOU,MIN,Joe Ryan,657746,0.28,0.08,0.2608695652173913
2025-06-20,777434,21,7,3,50,11,101,MIN,MIN,MIL,Joe Ryan,657746,0.3333333333333333,0.14285714285714285,0.22
2025-06-25,777363,22,8,0,45,12,93,MIN,MIN,SEA,Joe Ryan,657746,0.36363636363636365,0.0,0.26666666666666666
2025-07-01,777293,26,4,0,44,8,88,MIN,MIA,MIN,Joe Ryan,657746,0.15384615384615385,0.0,0.18181818181818182
2025-07-06,777220,23,8,1,52,18,98,MIN,MIN,TB,Joe Ryan,657746,0.34782608695652173,0.043478260869565216,0.34615384615384615
2025-07-11,777148,22,5,2,37,7,86,MIN,MIN,PIT,Joe Ryan,657746,0.22727272727272727,0.09090909090909091,0.1891891891891892
2025-07-20,777072,25,11,0,56,17,88,MIN,COL,MIN,Joe Ryan,657746,0.44,0.0,0.30357142857142855
2025-07-26,776997,23,5,1,47,11,87,MIN,MIN,WSH,Joe Ryan,657746,0.21739130434782608,0.043478260869565216,0.23404255319148937
2025-08-01,776924,24,4,1,53,9,98,MIN,CLE,MIN,Joe Ryan,657746,0.16666666666666666,0.041666666666666664,0.16981132075471697
2025-08-08,776827,19,5,0,35,6,87,MIN,MIN,KC,Joe Ryan,657746,0.2631578947368421,0.0,0.17142857142857143
2025-08-13,776760,26,7,2,41,8,102,MIN,NYY,MIN,Joe Ryan,657746,0.2692307692307692,0.07692307692307693,0.1951219512195122
2025-08-19,776674,20,6,1,46,12,87,MIN,MIN,ATH,Joe Ryan,657746,0.3,0.05,0.2608695652173913
2025-08-25,776596,23,7,1,49,7,94,MIN,TOR,MIN,Joe Ryan,657746,0.30434782608695654,0.043478260869565216,0.14285714285714285
2025-08-31,776513,28,8,1,56,15,104,MIN,MIN,SD,Joe Ryan,657746,0.2857142857142857,0.03571428571428571,0.26785714285714285
2025-09-06,776434,14,2,4,22,4,62,MIN,KC,MIN,Joe Ryan,657746,0.14285714285714285,0.2857142857142857,0.18181818181818182
2025-09-13,776337,18,4,2,49,10,93,MIN,MIN,AZ,Joe Ryan,657746,0.2222222222222222,0.1111111111111111,0.20408163265306123
2025-09-20,777839,22,5,2,32,7,75,MIN,MIN,CLE,Joe Ryan,657746,0.22727272727272727,0.09090909090909091,0.21875
2025-09-26,776176,21,9,1,46,12,90,MIN,PHI,MIN,Joe Ryan,657746,0.42857142857142855,0.047619047619047616,0.2608695652173913
2025-03-27,778545,22,7,1,47,12,84,ATL,SD,ATL,Chris Sale,519242,0.3181818181818182,0.045454545454545456,0.2553191489361702
2025-04-01,778487,21,5,0,49,13,87,ATL,LAD,ATL,Chris Sale,519242,0.23809523809523808,0.0,0.2653061224489796
2025-04-08,778406,23,5,0,45,13,86,ATL,ATL,PHI,Chris Sale,519242,0.21739130434782608,0.0,0.28888888888888886
2025-04-13,778340,22,7,3,45,12,98,ATL,TB,ATL,Chris Sale,519242,0.3181818181818182,0.13636363636363635,0.26666666666666666
2025-04-19,778267,22,8,3,43,11,98,ATL,ATL,MIN,Chris Sale,519242,0.36363636363636365,0.13636363636363635,0.2558139534883721
2025-04-25,778177,22,4,2,53,11,104,ATL,AZ,ATL,Chris Sale,519242,0.18181818181818182,0.09090909090909091,0.20754716981132076
2025-04-30,778102,25,10,0,50,20,100,ATL,COL,ATL,Chris Sale,519242,0.4,0.0,0.4
2025-05-06,778034,28,10,2,51,14,112,ATL,ATL,CIN,Chris Sale,519242,0.35714285714285715,0.07142857142857142,0.27450980392156865
2025-05-11,777967,27,8,2,46,18,99,ATL,PIT,ATL,Chris Sale,519242,0.2962962962962963,0.07407407407407407,0.391304347826087
2025-05-16,777908,26,8,2,49,15,99,ATL,BOS,ATL,Chris Sale,519242,0.3076923076923077,0.07692307692307693,0.30612244897959184
2025-05-23,777813,26,6,1,46,15,95,ATL,ATL,SD,Chris Sale,519242,0.23076923076923078,0.038461538461538464,0.32608695652173914
2025-05-29,777723,24,8,3,45,7,102,ATL,PHI,ATL,Chris Sale,519242,0.3333333333333333,0.125,0.15555555555555556
2025-06-04,777654,26,10,4,51,14,103,ATL,ATL,AZ,Chris Sale,519242,0.38461538461538464,0.15384615384615385,0.27450980392156865
2025-06-09,777575,27,11,2,50,12,103,ATL,MIL,ATL,Chris Sale,519242,0.4074074074074074,0.07407407407407407,0.24
2025-06-18,777470,32,7,1,63,10,116,ATL,ATL,NYM,Chris Sale,519242,0.21875,0.03125,0.15873015873015872
2025-08-30,776532,21,9,1,36,14,78,ATL,PHI,ATL,Chris Sale,519242,0.42857142857142855,0.047619047619047616,0.3888888888888889
2025-09-05,776460,25,9,0,41,16,92,ATL,ATL,SEA,Chris Sale,519242,0.36,0.0,0.3902439024390244
2025-09-10,776381,23,9,1,44,13,93,ATL,ATL,CHC,Chris Sale,519242,0.391304347826087,0.043478260869565216,0.29545454545454547
2025-09-16,776307,27,9,0,51,12,106,ATL,WSH,ATL,Chris Sale,519242,0.3333333333333333,0.0,0.23529411764705882
2025-09-22,776221,23,6,2,36,8,80,ATL,ATL,WSH,Chris Sale,519242,0.2608695652173913,0.08695652173913043,0.2222222222222222
2025-09-28,776149,22,9,2,46,9,96,ATL,ATL,PIT,Chris Sale,519242,0.4090909090909091,0.09090909090909091,0.1956521739130435
2025-03-31,778502,22,7,2,50,15,93,PHI,PHI,COL,Cristopher S\xc3\xa1nchez,650911,0.3181818181818182,0.09090909090909091,0.3
2025-04-06,778434,25,9,1,37,15,88,PHI,PHI,LAD,Cristopher S\xc3\xa1nchez,650911,0.36,0.04,0.40540540540540543
2025-04-12,778347,26,3,2,46,5,95,PHI,STL,PHI,Cristopher S\xc3\xa1nchez,650911,0.11538461538461539,0.07692307692307693,0.10869565217391304
2025-04-17,778279,28,12,1,53,23,97,PHI,PHI,SF,Cristopher S\xc3\xa1nchez,650911,0.42857142857142855,0.03571428571428571,0.4339622641509434
2025-04-22,778223,11,2,2,25,7,58,PHI,NYM,PHI,Cristopher S\xc3\xa1nchez,650911,0.18181818181818182,0.18181818181818182,0.28
2025-04-30,778118,23,6,3,35,10,87,PHI,PHI,WSH,Cristopher S\xc3\xa1nchez,650911,0.2608695652173913,0.13043478260869565,0.2857142857142857
2025-05-07,778021,22,5,3,34,7,85,PHI,TB,PHI,Cristopher S\xc3\xa1nchez,650911,0.22727272727272727,0.13636363636363635,0.20588235294117646
2025-05-12,777953,26,8,3,43,11,98,PHI,PHI,STL,Cristopher S\xc3\xa1nchez,650911,0.3076923076923077,0.11538461538461539,0.2558139534883721
2025-05-19,777852,24,7,0,46,9,89,PHI,COL,PHI,Cristopher S\xc3\xa1nchez,650911,0.2916666666666667,0.0,0.1956521739130435
2025-05-24,777784,23,6,3,36,9,83,PHI,ATH,PHI,Cristopher S\xc3\xa1nchez,650911,0.2608695652173913,0.13043478260869565,0.25
2025-05-29,777735,25,5,2,41,13,88,PHI,PHI,ATL,Cristopher S\xc3\xa1nchez,650911,0.2,0.08,0.3170731707317073
2025-06-03,777665,26,4,4,39,10,96,PHI,TOR,PHI,Cristopher S\xc3\xa1nchez,650911,0.15384615384615385,0.15384615384615385,0.2564102564102564
2025-06-08,777595,28,9,2,55,21,100,PHI,PIT,PHI,Cristopher S\xc3\xa1nchez,650911,0.32142857142857145,0.07142857142857142,0.38181818181818183
2025-06-14,777509,27,5,0,48,8,98,PHI,PHI,TOR,Cristopher S\xc3\xa1nchez,650911,0.18518518518518517,0.0,0.16666666666666666
2025-06-19,777444,28,4,0,49,11,91,PHI,MIA,PHI,Cristopher S\xc3\xa1nchez,650911,0.14285714285714285,0.0,0.22448979591836735
2025-06-26,777350,24,11,0,47,16,99,PHI,HOU,PHI,Cristopher S\xc3\xa1nchez,650911,0.4583333333333333,0.0,0.3404255319148936
2025-07-02,777290,25,5,0,41,8,85,PHI,PHI,SD,Cristopher S\xc3\xa1nchez,650911,0.2,0.0,0.1951219512195122
2025-07-07,777199,29,8,1,55,13,105,PHI,SF,PHI,Cristopher S\xc3\xa1nchez,650911,0.27586206896551724,0.034482758620689655,0.23636363636363636
2025-07-13,777117,30,6,3,40,14,86,PHI,SD,PHI,Cristopher S\xc3\xa1nchez,650911,0.2,0.1,0.35
2025-07-22,777045,31,12,0,48,18,106,PHI,PHI,BOS,Cristopher S\xc3\xa1nchez,650911,0.3870967741935484,0.0,0.375
2025-07-28,776972,28,5,1,46,12,88,PHI,CWS,PHI,Cristopher S\xc3\xa1nchez,650911,0.17857142857142858,0.03571428571428571,0.2608695652173913
2025-08-03,776890,29,6,1,46,16,85,PHI,PHI,DET,Cristopher S\xc3\xa1nchez,650911,0.20689655172413793,0.034482758620689655,0.34782608695652173
2025-08-08,776821,26,6,1,52,8,101,PHI,TEX,PHI,Cristopher S\xc3\xa1nchez,650911,0.23076923076923078,0.038461538461538464,0.15384615384615385
2025-08-13,776765,25,6,1,39,8,81,PHI,CIN,PHI,Cristopher S\xc3\xa1nchez,650911,0.24,0.04,0.20512820512820512
2025-08-19,776680,27,12,2,46,17,96,PHI,PHI,SEA,Cristopher S\xc3\xa1nchez,650911,0.4444444444444444,0.07407407407407407,0.3695652173913043
2025-08-25,776598,27,4,3,36,9,94,PHI,NYM,PHI,Cristopher S\xc3\xa1nchez,650911,0.14814814814814814,0.1111111111111111,0.25
2025-08-30,776532,26,8,0,58,17,97,PHI,PHI,ATL,Cristopher S\xc3\xa1nchez,650911,0.3076923076923077,0.0,0.29310344827586204
2025-09-05,776456,27,5,1,42,13,82,PHI,MIA,PHI,Cristopher S\xc3\xa1nchez,650911,0.18518518518518517,0.037037037037037035,0.30952380952380953
2025-09-10,776384,22,6,1,45,10,93,PHI,PHI,NYM,Cristopher S\xc3\xa1nchez,650911,0.2727272727272727,0.045454545454545456,0.2222222222222222
2025-09-16,776297,27,6,0,59,18,102,PHI,LAD,PHI,Cristopher S\xc3\xa1nchez,650911,0.2222222222222222,0.0,0.3050847457627119
2025-09-23,776215,24,6,1,52,15,91,PHI,PHI,MIA,Cristopher S\xc3\xa1nchez,650911,0.25,0.041666666666666664,0.28846153846153844
2025-09-28,776141,18,8,0,35,16,60,PHI,PHI,MIN,Cristopher S\xc3\xa1nchez,650911,0.4444444444444444,0.0,0.45714285714285713
2025-03-29,778533,12,2,4,25,6,61,LAD,LAD,DET,Roki Sasaki,808963,0.16666666666666666,0.3333333333333333,0.24
2025-04-05,778448,17,4,2,27,8,68,LAD,PHI,LAD,Roki Sasaki,808963,0.23529411764705882,0.11764705882352941,0.2962962962962963
2025-04-12,778345,21,3,2,39,6,81,LAD,LAD,CHC,Roki Sasaki,808963,0.14285714285714285,0.09523809523809523,0.15384615384615385
2025-04-19,778251,22,4,3,35,8,79,LAD,TEX,LAD,Roki Sasaki,808963,0.18181818181818182,0.13636363636363635,0.22857142857142856
2025-04-26,778163,24,4,2,39,8,93,LAD,LAD,PIT,Roki Sasaki,808963,0.16666666666666666,0.08333333333333333,0.20512820512820512
2025-05-03,778076,24,4,2,38,5,98,LAD,ATL,LAD,Roki Sasaki,808963,0.16666666666666666,0.08333333333333333,0.13157894736842105
2025-05-09,777988,20,0,2,32,3,62,LAD,AZ,LAD,Roki Sasaki,808963,0.0,0.1,0.09375
2025-09-24,776193,3,2,0,4,2,13,LAD,AZ,LAD,Roki Sasaki,808963,0.6666666666666666,0.0,0.5
2025-09-26,776168,4,2,0,8,4,12,LAD,SEA,LAD,Roki Sasaki,808963,0.5,0.0,0.5
2025-10-01,813068,3,2,0,8,3,11,LAD,LAD,CIN,Roki Sasaki,808963,0.6666666666666666,0.0,0.375
2025-03-29,778536,11,1,0,19,3,45,TOR,TOR,BAL,Max Scherzer,453286,0.09090909090909091,0.0,0.15789473684210525
2025-06-25,777368,22,4,3,37,5,84,TOR,CLE,TOR,Max Scherzer,453286,0.18181818181818182,0.13636363636363635,0.13513513513513514
2025-06-30,777295,18,7,0,31,7,71,TOR,TOR,NYY,Max Scherzer,453286,0.3888888888888889,0.0,0.22580645161290322
2025-07-05,777231,19,4,3,36,9,72,TOR,TOR,LAA,Max Scherzer,453286,0.21052631578947367,0.15789473684210525,0.25
2025-07-11,777152,24,8,1,48,15,91,TOR,ATH,TOR,Max Scherzer,453286,0.3333333333333333,0.041666666666666664,0.3125
2025-07-22,777046,21,4,1,42,7,90,TOR,TOR,NYY,Max Scherzer,453286,0.19047619047619047,0.047619047619047616,0.16666666666666666
2025-07-27,776987,24,11,0,47,15,96,TOR,DET,TOR,Max Scherzer,453286,0.4583333333333333,0.0,0.3191489361702128
2025-08-02,776900,24,5,0,42,8,84,TOR,TOR,KC,Max Scherzer,453286,0.20833333333333334,0.0,0.19047619047619047
2025-08-08,776823,26,5,3,48,11,98,TOR,LAD,TOR,Max Scherzer,453286,0.19230769230769232,0.11538461538461539,0.22916666666666666
2025-08-14,776747,27,3,1,48,7,78,TOR,TOR,CHC,Max Scherzer,453286,0.1111111111111111,0.037037037037037035,0.14583333333333334
2025-08-19,776679,24,4,3,52,9,104,TOR,PIT,TOR,Max Scherzer,453286,0.16666666666666666,0.125,0.17307692307692307
2025-08-25,776596,23,5,1,50,13,97,TOR,TOR,MIN,Max Scherzer,453286,0.21739130434782608,0.043478260869565216,0.26
2025-08-31,776515,20,1,0,29,3,67,TOR,TOR,MIL,Max Scherzer,453286,0.05,0.0,0.10344827586206896
2025-09-07,776423,20,8,4,32,9,93,TOR,NYY,TOR,Max Scherzer,453286,0.4,0.2,0.28125
2025-09-13,776343,21,5,2,53,10,91,TOR,TOR,BAL,Max Scherzer,453286,0.23809523809523808,0.09523809523809523,0.18867924528301888
2025-09-19,776260,10,2,1,30,7,45,TOR,KC,TOR,Max Scherzer,453286,0.2,0.1,0.23333333333333334
2025-09-24,776206,25,5,0,51,11,86,TOR,TOR,BOS,Max Scherzer,453286,0.2,0.0,0.21568627450980393
2025-07-09,777184,21,7,2,37,6,75,NYY,NYY,SEA,Cam Schlittler,693645,0.3333333333333333,0.09523809523809523,0.16216216216216217
2025-07-22,777046,24,3,3,47,7,90,NYY,TOR,NYY,Cam Schlittler,693645,0.125,0.125,0.14893617021276595
2025-07-28,776970,23,5,4,49,15,86,NYY,NYY,TB,Cam Schlittler,693645,0.21739130434782608,0.17391304347826086,0.30612244897959184
2025-08-02,776910,21,6,2,39,8,92,NYY,MIA,NYY,Cam Schlittler,693645,0.2857142857142857,0.09523809523809523,0.20512820512820512
2025-08-08,776835,23,3,1,58,10,97,NYY,NYY,HOU,Cam Schlittler,693645,0.13043478260869565,0.043478260869565216,0.1724137931034483
2025-08-13,776760,19,6,2,39,6,86,NYY,NYY,MIN,Cam Schlittler,693645,0.3157894736842105,0.10526315789473684,0.15384615384615385
2025-08-20,776664,23,8,2,54,19,95,NYY,TB,NYY,Cam Schlittler,693645,0.34782608695652173,0.08695652173913043,0.35185185185185186
2025-08-25,776597,23,8,3,43,11,96,NYY,NYY,WSH,Cam Schlittler,693645,0.34782608695652173,0.13043478260869565,0.2558139534883721
2025-08-30,776529,24,8,1,51,14,100,NYY,CWS,NYY,Cam Schlittler,693645,0.3333333333333333,0.041666666666666664,0.27450980392156865
2025-09-05,776457,13,2,2,42,8,66,NYY,NYY,TOR,Cam Schlittler,693645,0.15384615384615385,0.15384615384615385,0.19047619047619047
2025-09-11,776368,24,7,2,47,10,95,NYY,NYY,DET,Cam Schlittler,693645,0.2916666666666667,0.08333333333333333,0.2127659574468085
2025-09-16,776298,22,6,5,35,11,89,NYY,MIN,NYY,Cam Schlittler,693645,0.2727272727272727,0.22727272727272727,0.3142857142857143
2025-09-21,776240,20,6,1,39,4,89,NYY,BAL,NYY,Cam Schlittler,693645,0.3,0.05,0.10256410256410256
2025-09-27,776162,26,9,1,48,10,97,NYY,NYY,BAL,Cam Schlittler,693645,0.34615384615384615,0.038461538461538464,0.20833333333333334
2025-04-16,778300,23,2,2,33,7,73,NYY,NYY,KC,Clarke Schmidt,657376,0.08695652173913043,0.08695652173913043,0.21212121212121213
2025-04-21,778227,22,7,3,42,12,80,NYY,CLE,NYY,Clarke Schmidt,657376,0.3181818181818182,0.13636363636363635,0.2857142857142857
2025-04-27,778170,20,6,4,35,14,90,NYY,NYY,TOR,Clarke Schmidt,657376,0.3,0.2,0.4
2025-05-06,778041,23,4,1,37,7,85,NYY,NYY,SD,Clarke Schmidt,657376,0.17391304347826086,0.043478260869565216,0.1891891891891892
2025-05-12,777941,23,6,2,43,10,92,NYY,SEA,NYY,Clarke Schmidt,657376,0.2608695652173913,0.08695652173913043,0.23255813953488372
2025-05-17,777888,25,5,5,40,11,89,NYY,NYY,NYM,Clarke Schmidt,657376,0.2,0.2,0.275
2025-05-23,777802,21,8,2,48,15,97,NYY,COL,NYY,Clarke Schmidt,657376,0.38095238095238093,0.09523809523809523,0.3125
2025-05-28,777728,22,4,1,53,13,99,NYY,LAA,NYY,Clarke Schmidt,657376,0.18181818181818182,0.045454545454545456,0.24528301886792453
2025-06-04,777653,25,8,1,50,13,91,NYY,NYY,CLE,Clarke Schmidt,657376,0.32,0.04,0.26
2025-06-11,777551,22,7,3,38,8,91,NYY,KC,NYY,Clarke Schmidt,657376,0.3181818181818182,0.13636363636363635,0.21052631578947367
2025-06-16,777487,27,3,0,52,12,97,NYY,NYY,LAA,Clarke Schmidt,657376,0.1111111111111111,0.0,0.23076923076923078
2025-06-21,777422,24,5,2,50,6,103,NYY,NYY,BAL,Clarke Schmidt,657376,0.20833333333333334,0.08333333333333333,0.12
2025-06-28,777326,24,7,2,42,12,85,NYY,NYY,ATH,Clarke Schmidt,657376,0.2916666666666667,0.08333333333333333,0.2857142857142857
2025-07-03,777260,15,1,2,19,2,55,NYY,TOR,NYY,Clarke Schmidt,657376,0.06666666666666667,0.13333333333333333,0.10526315789473684
2025-03-29,778520,20,3,1,46,11,90,ATL,SD,ATL,Spencer Schwellenbach,680885,0.15,0.05,0.2391304347826087
2025-04-04,778464,26,10,0,57,21,99,ATL,ATL,MIA,Spencer Schwellenbach,680885,0.38461538461538464,0.0,0.3684210526315789
2025-04-10,778384,25,5,1,43,9,85,ATL,ATL,PHI,Spencer Schwellenbach,680885,0.2,0.04,0.20930232558139536
2025-04-15,778311,23,3,2,45,11,86,ATL,TOR,ATL,Spencer Schwellenbach,680885,0.13043478260869565,0.08695652173913043,0.24444444444444444
2025-04-21,778233,30,5,0,56,7,92,ATL,ATL,STL,Spencer Schwellenbach,680885,0.16666666666666666,0.0,0.125
2025-04-27,778147,26,6,1,46,15,88,ATL,AZ,ATL,Spencer Schwellenbach,680885,0.23076923076923078,0.038461538461538464,0.32608695652173914
2025-05-03,778076,21,4,1,43,13,91,ATL,ATL,LAD,Spencer Schwellenbach,680885,0.19047619047619047,0.047619047619047616,0.3023255813953488
2025-05-08,778003,23,6,2,46,11,93,ATL,ATL,CIN,Spencer Schwellenbach,680885,0.2608695652173913,0.08695652173913043,0.2391304347826087
2025-05-13,777942,27,3,2,47,10,97,ATL,ATL,WSH,Spencer Schwellenbach,680885,0.1111111111111111,0.07407407407407407,0.2127659574468085
2025-05-18,777876,28,3,1,36,5,81,ATL,BOS,ATL,Spencer Schwellenbach,680885,0.10714285714285714,0.03571428571428571,0.1388888888888889
2025-05-25,777783,28,11,0,62,19,101,ATL,ATL,SD,Spencer Schwellenbach,680885,0.39285714285714285,0.0,0.3064516129032258
2025-05-31,777706,24,11,0,47,13,99,ATL,ATL,BOS,Spencer Schwellenbach,680885,0.4583333333333333,0.0,0.2765957446808511
2025-06-06,777619,27,4,2,44,8,94,ATL,SF,ATL,Spencer Schwellenbach,680885,0.14814814814814814,0.07407407407407407,0.18181818181818182
2025-06-11,777554,31,9,0,58,15,105,ATL,MIL,ATL,Spencer Schwellenbach,680885,0.2903225806451613,0.0,0.25862068965517243
2025-06-17,777489,26,8,2,51,20,97,ATL,ATL,NYM,Spencer Schwellenbach,680885,0.3076923076923077,0.07692307692307693,0.39215686274509803
2025-06-23,777389,25,4,1,41,5,89,ATL,NYM,ATL,Spencer Schwellenbach,680885,0.16,0.04,0.12195121951219512
2025-06-28,777333,25,12,1,46,18,90,ATL,ATL,PHI,Spencer Schwellenbach,680885,0.48,0.04,0.391304347826087
2025-03-30,778513,25,7,0,45,10,91,ATH,SEA,ATH,JP Sears,676664,0.28,0.0,0.2222222222222222
2025-04-05,778442,26,2,2,39,11,87,ATH,COL,ATH,JP Sears,676664,0.07692307692307693,0.07692307692307693,0.28205128205128205
2025-04-11,778358,21,7,1,49,11,101,ATH,ATH,NYM,JP Sears,676664,0.3333333333333333,0.047619047619047616,0.22448979591836735
2025-04-17,778283,24,2,2,46,1,100,ATH,CWS,ATH,JP Sears,676664,0.08333333333333333,0.08333333333333333,0.021739130434782608
2025-04-23,778197,21,5,1,39,9,86,ATH,ATH,TEX,JP Sears,676664,0.23809523809523808,0.047619047619047616,0.23076923076923078
2025-04-28,778143,22,7,0,43,6,89,ATH,TEX,ATH,JP Sears,676664,0.3181818181818182,0.0,0.13953488372093023
2025-05-04,778061,23,2,0,42,5,80,ATH,MIA,ATH,JP Sears,676664,0.08695652173913043,0.0,0.11904761904761904
2025-05-10,777972,20,4,1,34,7,82,ATH,ATH,NYY,JP Sears,676664,0.2,0.05,0.20588235294117646
2025-05-16,777891,21,2,3,41,7,93,ATH,SF,ATH,JP Sears,676664,0.09523809523809523,0.14285714285714285,0.17073170731707318
2025-05-21,777828,23,4,0,48,6,93,ATH,ATH,LAA,JP Sears,676664,0.17391304347826086,0.0,0.125
2025-05-27,777752,21,1,1,52,3,94,ATH,HOU,ATH,JP Sears,676664,0.047619047619047616,0.047619047619047616,0.057692307692307696
2025-06-01,777685,22,3,0,42,6,84,ATH,TOR,ATH,JP Sears,676664,0.13636363636363635,0.0,0.14285714285714285
2025-06-06,777613,22,3,3,39,9,86,ATH,ATH,BAL,JP Sears,676664,0.13636363636363635,0.13636363636363635,0.23076923076923078
2025-06-11,777542,20,9,0,42,11,82,ATH,LAA,ATH,JP Sears,676664,0.45,0.0,0.2619047619047619
2025-06-17,777469,19,0,3,30,3,76,ATH,ATH,HOU,JP Sears,676664,0.0,0.15789473684210525,0.1
2025-06-22,777400,23,5,2,39,11,92,ATH,ATH,CLE,JP Sears,676664,0.21739130434782608,0.08695652173913043,0.28205128205128205
2025-06-28,777326,21,4,3,32,7,90,ATH,NYY,ATH,JP Sears,676664,0.19047619047619047,0.14285714285714285,0.21875
2025-07-04,777244,23,6,2,41,11,92,ATH,ATH,SF,JP Sears,676664,0.2608695652173913,0.08695652173913043,0.2682926829268293
2025-07-10,777156,19,6,0,40,6,86,ATH,ATH,ATL,JP Sears,676664,0.3157894736842105,0.0,0.15
2025-07-18,777105,21,5,2,37,7,74,ATH,CLE,ATH,JP Sears,676664,0.23809523809523808,0.09523809523809523,0.1891891891891892
2025-07-23,777033,18,7,0,40,8,82,ATH,TEX,ATH,JP Sears,676664,0.3888888888888889,0.0,0.2
2025-07-28,776957,20,6,3,51,13,96,ATH,ATH,SEA,JP Sears,676664,0.3,0.15,0.2549019607843137
2025-08-04,776873,26,4,1,51,10,94,SD,AZ,SD,JP Sears,676664,0.15384615384615385,0.038461538461538464,0.19607843137254902
2025-08-20,776656,23,2,1,38,4,93,SD,SD,SF,JP Sears,676664,0.08695652173913043,0.043478260869565216,0.10526315789473684
2025-08-25,776595,17,2,1,28,4,58,SD,SEA,SD,JP Sears,676664,0.11764705882352941,0.058823529411764705,0.14285714285714285
2025-09-12,776357,19,8,1,40,11,72,SD,SD,COL,JP Sears,676664,0.42105263157894735,0.05263157894736842,0.275
2025-09-28,776136,26,4,3,47,9,113,SD,SD,AZ,JP Sears,676664,0.15384615384615385,0.11538461538461539,0.19148936170212766
2025-04-01,778497,21,8,1,39,15,78,NYM,MIA,NYM,Kodai Senga,673540,0.38095238095238093,0.047619047619047616,0.38461538461538464
2025-04-07,778416,19,4,2,35,6,77,NYM,NYM,MIA,Kodai Senga,673540,0.21052631578947367,0.10526315789473684,0.17142857142857143
2025-04-13,778333,26,4,2,37,9,79,NYM,ATH,NYM,Kodai Senga,673540,0.15384615384615385,0.07692307692307693,0.24324324324324326
2025-04-19,778256,22,4,2,47,10,89,NYM,NYM,STL,Kodai Senga,673540,0.18181818181818182,0.09090909090909091,0.2127659574468085
2025-04-25,778183,25,5,2,42,11,96,NYM,WSH,NYM,Kodai Senga,673540,0.2,0.08,0.2619047619047619
2025-05-01,778103,19,6,3,39,13,87,NYM,NYM,AZ,Kodai Senga,673540,0.3157894736842105,0.15789473684210525,0.3333333333333333
2025-05-07,778014,22,4,5,31,6,89,NYM,AZ,NYM,Kodai Senga,673540,0.18181818181818182,0.22727272727272727,0.1935483870967742
2025-05-13,777943,25,7,2,53,14,103,NYM,NYM,PIT,Kodai Senga,673540,0.28,0.08,0.2641509433962264
2025-05-19,777856,27,5,3,48,13,101,NYM,BOS,NYM,Kodai Senga,673540,0.18518518518518517,0.1111111111111111,0.2708333333333333
2025-05-25,777773,24,5,4,39,7,101,NYM,NYM,LAD,Kodai Senga,673540,0.20833333333333334,0.16666666666666666,0.1794871794871795
2025-05-31,777700,23,7,2,42,11,94,NYM,NYM,COL,Kodai Senga,673540,0.30434782608695654,0.08695652173913043,0.2619047619047619
2025-06-06,777616,23,6,2,58,21,109,NYM,COL,NYM,Kodai Senga,673540,0.2608695652173913,0.08695652173913043,0.3620689655172414
2025-06-12,777544,19,5,1,32,10,77,NYM,NYM,WSH,Kodai Senga,673540,0.2631578947368421,0.05263157894736842,0.3125
2025-07-11,777151,18,4,2,30,9,67,NYM,KC,NYM,Kodai Senga,673540,0.2222222222222222,0.1111111111111111,0.3
2025-07-21,777061,16,5,3,25,8,73,NYM,NYM,LAA,Kodai Senga,673540,0.3125,0.1875,0.32
2025-07-27,776974,24,3,5,39,7,93,NYM,SF,NYM,Kodai Senga,673540,0.125,0.20833333333333334,0.1794871794871795
2025-08-02,776911,20,4,3,28,5,71,NYM,NYM,SF,Kodai Senga,673540,0.2,0.15,0.17857142857142858
2025-08-08,776828,20,2,3,28,1,79,NYM,MIL,NYM,Kodai Senga,673540,0.1,0.15,0.03571428571428571
2025-08-14,776748,23,7,1,47,13,93,NYM,NYM,ATL,Kodai Senga,673540,0.30434782608695654,0.043478260869565216,0.2765957446808511
2025-08-20,776659,24,4,2,40,10,84,NYM,WSH,NYM,Kodai Senga,673540,0.16666666666666666,0.08333333333333333,0.25
2025-08-25,776598,22,4,3,48,10,93,NYM,NYM,PHI,Kodai Senga,673540,0.18181818181818182,0.13636363636363635,0.20833333333333334
2025-08-31,776519,22,6,2,36,11,75,NYM,NYM,MIA,Kodai Senga,673540,0.2727272727272727,0.09090909090909091,0.3055555555555556
2025-03-29,778537,21,0,2,32,4,78,COL,TB,COL,Antonio Senzatela,622608,0.0,0.09523809523809523,0.125
2025-04-03,778467,25,3,0,46,9,92,COL,PHI,COL,Antonio Senzatela,622608,0.12,0.0,0.1956521739130435
2025-04-09,778379,22,3,1,45,8,78,COL,COL,MIL,Antonio Senzatela,622608,0.13636363636363635,0.045454545454545456,0.17777777777777778
2025-04-14,778326,22,1,1,35,7,91,COL,LAD,COL,Antonio Senzatela,622608,0.045454545454545456,0.045454545454545456,0.2
2025-04-20,778266,24,2,1,35,3,83,COL,COL,WSH,Antonio Senzatela,622608,0.08333333333333333,0.041666666666666664,0.08571428571428572
2025-04-26,778161,23,4,0,44,7,94,COL,COL,CIN,Antonio Senzatela,622608,0.17391304347826086,0.0,0.1590909090909091
2025-05-02,778082,23,4,2,42,7,93,COL,SF,COL,Antonio Senzatela,622608,0.17391304347826086,0.08695652173913043,0.16666666666666666
2025-05-09,777993,25,2,2,44,9,90,COL,COL,SD,Antonio Senzatela,622608,0.08,0.08,0.20454545454545456
2025-05-14,777918,25,3,4,45,4,97,COL,TEX,COL,Antonio Senzatela,622608,0.12,0.16,0.08888888888888889
2025-05-20,777842,29,3,1,42,6,89,COL,COL,PHI,Antonio Senzatela,622608,0.10344827586206896,0.034482758620689655,0.14285714285714285
2025-05-25,777768,20,4,1,41,7,75,COL,COL,NYY,Antonio Senzatela,622608,0.2,0.05,0.17073170731707318
2025-05-31,777700,22,2,2,35,2,82,COL,NYM,COL,Antonio Senzatela,622608,0.09090909090909091,0.09090909090909091,0.05714285714285714
2025-06-06,777616,19,2,4,34,7,84,COL,COL,NYM,Antonio Senzatela,622608,0.10526315789473684,0.21052631578947367,0.20588235294117646
2025-06-12,777534,24,2,3,37,6,92,COL,COL,SF,Antonio Senzatela,622608,0.08333333333333333,0.125,0.16216216216216217
2025-06-17,777480,21,0,3,32,1,83,COL,WSH,COL,Antonio Senzatela,622608,0.0,0.14285714285714285,0.03125
2025-06-22,777399,21,5,1,38,8,84,COL,COL,AZ,Antonio Senzatela,622608,0.23809523809523808,0.047619047619047616,0.21052631578947367
2025-06-28,777321,25,2,3,38,6,85,COL,MIL,COL,Antonio Senzatela,622608,0.08,0.12,0.15789473684210525
2025-07-04,777243,26,4,1,40,8,95,COL,COL,CWS,Antonio Senzatela,622608,0.15384615384615385,0.038461538461538464,0.2
2025-07-09,777179,23,3,1,32,5,76,COL,BOS,COL,Antonio Senzatela,622608,0.13043478260869565,0.043478260869565216,0.15625
2025-07-19,777080,26,3,1,39,10,78,COL,COL,MIN,Antonio Senzatela,622608,0.11538461538461539,0.038461538461538464,0.2564102564102564
2025-07-26,776999,19,3,2,36,4,77,COL,BAL,COL,Antonio Senzatela,622608,0.15789473684210525,0.10526315789473684,0.1111111111111111
2025-08-01,776919,10,0,2,16,3,31,COL,COL,PIT,Antonio Senzatela,622608,0.0,0.2,0.1875
2025-08-17,776701,20,2,0,32,5,63,COL,COL,AZ,Antonio Senzatela,622608,0.1,0.0,0.15625
2025-08-22,776637,24,4,2,41,9,87,COL,PIT,COL,Antonio Senzatela,622608,0.16666666666666666,0.08333333333333333,0.21951219512195122
2025-08-29,776542,13,2,1,29,5,56,COL,COL,CHC,Antonio Senzatela,622608,0.15384615384615385,0.07692307692307693,0.1724137931034483
2025-09-02,776486,19,1,0,38,3,66,COL,COL,SF,Antonio Senzatela,622608,0.05263157894736842,0.0,0.07894736842105263
2025-09-07,776417,17,3,2,34,8,72,COL,COL,SD,Antonio Senzatela,622608,0.17647058823529413,0.11764705882352941,0.23529411764705882
2025-09-13,776341,15,2,1,23,5,51,COL,SD,COL,Antonio Senzatela,622608,0.13333333333333333,0.06666666666666667,0.21739130434782608
2025-09-24,776194,11,4,1,28,7,51,COL,SEA,COL,Antonio Senzatela,622608,0.36363636363636365,0.09090909090909091,0.25
2025-09-28,776137,5,0,0,9,1,16,COL,SF,COL,Antonio Senzatela,622608,0.0,0.0,0.1111111111111111
2025-03-27,778547,25,6,4,44,10,99,ATH,SEA,ATH,Luis Severino,622663,0.24,0.16,0.22727272727272727
2025-04-01,778494,28,6,2,55,9,111,ATH,ATH,CHC,Luis Severino,622663,0.21428571428571427,0.07142857142857142,0.16363636363636364
2025-04-07,778414,29,3,0,49,2,96,ATH,ATH,SD,Luis Severino,622663,0.10344827586206896,0.0,0.04081632653061224
2025-04-13,778333,24,6,3,48,9,103,ATH,ATH,NYM,Luis Severino,622663,0.25,0.125,0.1875
2025-04-19,778253,27,1,0,46,4,92,ATH,MIL,ATH,Luis Severino,622663,0.037037037037037035,0.0,0.08695652173913043
2025-04-25,778178,25,7,2,41,9,85,ATH,ATH,CWS,Luis Severino,622663,0.28,0.08,0.21951219512195122
2025-04-30,778106,24,4,1,48,4,93,ATH,TEX,ATH,Luis Severino,622663,0.16666666666666666,0.041666666666666664,0.08333333333333333
2025-05-05,778038,26,5,4,45,6,102,ATH,ATH,SEA,Luis Severino,622663,0.19230769230769232,0.15384615384615385,0.13333333333333333
2025-05-11,777957,24,2,2,45,8,97,ATH,ATH,NYY,Luis Severino,622663,0.08333333333333333,0.08333333333333333,0.17777777777777778
2025-05-17,777879,23,5,1,45,8,96,ATH,SF,ATH,Luis Severino,622663,0.21739130434782608,0.043478260869565216,0.17777777777777778
2025-05-22,777812,25,5,0,45,10,99,ATH,ATH,LAA,Luis Severino,622663,0.2,0.0,0.2222222222222222
2025-05-28,777734,25,4,2,47,6,92,ATH,HOU,ATH,Luis Severino,622663,0.16,0.08,0.1276595744680851
2025-06-02,777669,28,1,1,54,8,97,ATH,ATH,MIN,Luis Severino,622663,0.03571428571428571,0.03571428571428571,0.14814814814814814
2025-06-07,777599,28,5,4,47,9,107,ATH,ATH,BAL,Luis Severino,622663,0.17857142857142858,0.14285714285714285,0.19148936170212766
2025-06-13,777529,30,1,2,43,1,104,ATH,KC,ATH,Luis Severino,622663,0.03333333333333333,0.06666666666666667,0.023255813953488372
2025-06-18,777456,25,5,1,50,4,97,ATH,ATH,HOU,Luis Severino,622663,0.2,0.04,0.08
2025-06-24,777386,24,2,1,44,6,97,ATH,DET,ATH,Luis Severino,622663,0.08333333333333333,0.041666666666666664,0.13636363636363635
2025-06-29,777307,22,3,3,41,5,95,ATH,NYY,ATH,Luis Severino,622663,0.13636363636363635,0.13636363636363635,0.12195121951219512
2025-07-05,777227,22,2,2,44,6,94,ATH,ATH,SF,Luis Severino,622663,0.09090909090909091,0.09090909090909091,0.13636363636363635
2025-07-11,777152,24,8,2,46,8,96,ATH,ATH,TOR,Luis Severino,622663,0.3333333333333333,0.08333333333333333,0.17391304347826086
2025-07-19,777104,20,3,2,41,5,86,ATH,CLE,ATH,Luis Severino,622663,0.15,0.1,0.12195121951219512
2025-07-24,777025,24,8,0,43,7,91,ATH,HOU,ATH,Luis Severino,622663,0.3333333333333333,0.0,0.16279069767441862
2025-07-29,776944,22,6,2,46,13,93,ATH,ATH,SEA,Luis Severino,622663,0.2727272727272727,0.09090909090909091,0.2826086956521739
2025-08-05,776865,25,5,2,45,6,104,ATH,WSH,ATH,Luis Severino,622663,0.2,0.08,0.13333333333333333
2025-09-02,776483,16,4,1,25,4,61,ATH,STL,ATH,Luis Severino,622663,0.25,0.0625,0.16
2025-09-07,776414,22,7,1,40,12,89,ATH,LAA,ATH,Luis Severino,622663,0.3181818181818182,0.045454545454545456,0.3
2025-09-13,776340,23,2,2,34,4,77,ATH,ATH,CIN,Luis Severino,622663,0.08695652173913043,0.08695652173913043,0.11764705882352941
2025-09-19,776266,24,3,1,49,6,97,ATH,PIT,ATH,Luis Severino,622663,0.125,0.041666666666666664,0.12244897959183673
2025-09-24,776195,22,5,1,40,10,85,ATH,ATH,HOU,Luis Severino,622663,0.22727272727272727,0.045454545454545456,0.25
2025-06-09,777584,9,2,1,10,2,32,TB,BOS,TB,Ian Seymour,693855,0.2222222222222222,0.1111111111111111,0.2
2025-07-13,777130,6,1,0,9,1,22,TB,BOS,TB,Ian Seymour,693855,0.16666666666666666,0.0,0.1111111111111111
2025-07-20,777076,8,2,0,19,6,34,TB,TB,BAL,Ian Seymour,693855,0.25,0.0,0.3157894736842105
2025-07-23,777030,7,0,0,11,1,20,TB,TB,CWS,Ian Seymour,693855,0.0,0.0,0.09090909090909091
2025-07-25,777013,8,3,1,19,8,38,TB,CIN,TB,Ian Seymour,693855,0.375,0.125,0.42105263157894735
2025-07-27,776982,3,0,0,7,0,15,TB,CIN,TB,Ian Seymour,693855,0.0,0.0,0.0
2025-07-29,776949,3,1,0,8,2,16,TB,NYY,TB,Ian Seymour,693855,0.3333333333333333,0.0,0.25
2025-08-01,776918,7,4,0,15,10,31,TB,TB,LAD,Ian Seymour,693855,0.5714285714285714,0.0,0.6666666666666666
2025-08-04,776867,7,3,0,13,5,28,TB,LAA,TB,Ian Seymour,693855,0.42857142857142855,0.0,0.38461538461538464
2025-08-09,776805,9,2,2,18,2,37,TB,SEA,TB,Ian Seymour,693855,0.2222222222222222,0.2222222222222222,0.1111111111111111
2025-08-15,776729,14,4,1,30,9,66,TB,SF,TB,Ian Seymour,693855,0.2857142857142857,0.07142857142857142,0.3
2025-08-19,776677,16,4,2,25,5,62,TB,TB,NYY,Ian Seymour,693855,0.25,0.125,0.2
2025-08-25,776601,17,8,1,36,9,67,TB,CLE,TB,Ian Seymour,693855,0.47058823529411764,0.058823529411764705,0.25
2025-08-31,776520,21,8,1,43,16,82,TB,WSH,TB,Ian Seymour,693855,0.38095238095238093,0.047619047619047616,0.37209302325581395
2025-09-05,776451,21,5,2,43,10,89,TB,TB,CLE,Ian Seymour,693855,0.23809523809523808,0.09523809523809523,0.23255813953488372
2025-09-11,776364,22,5,2,54,11,90,TB,CWS,TB,Ian Seymour,693855,0.22727272727272727,0.09090909090909091,0.2037037037037037
2025-09-17,776290,26,3,1,53,3,100,TB,TB,TOR,Ian Seymour,693855,0.11538461538461539,0.038461538461538464,0.05660377358490566
2025-09-23,776223,19,2,2,38,6,89,TB,BAL,TB,Ian Seymour,693855,0.10526315789473684,0.10526315789473684,0.15789473684210525
2025-09-28,776145,19,7,2,41,14,81,TB,TOR,TB,Ian Seymour,693855,0.3684210526315789,0.10526315789473684,0.34146341463414637
2025-06-18,777457,15,6,0,36,10,65,LAD,LAD,SD,Emmet Sheehan,686218,0.4,0.0,0.2777777777777778
2025-07-06,777206,21,4,1,45,13,80,LAD,LAD,HOU,Emmet Sheehan,686218,0.19047619047619047,0.047619047619047616,0.28888888888888886
2025-07-12,777127,18,3,3,23,5,55,LAD,SF,LAD,Emmet Sheehan,686218,0.16666666666666666,0.16666666666666666,0.21739130434782608
2025-07-19,777085,15,3,1,32,8,65,LAD,LAD,MIL,Emmet Sheehan,686218,0.2,0.06666666666666667,0.25
2025-07-25,777012,20,5,2,38,6,78,LAD,BOS,LAD,Emmet Sheehan,686218,0.25,0.1,0.15789473684210525
2025-07-30,776941,15,5,3,35,13,72,LAD,CIN,LAD,Emmet Sheehan,686218,0.3333333333333333,0.2,0.37142857142857144
2025-08-05,776858,20,5,1,33,7,76,LAD,LAD,STL,Emmet Sheehan,686218,0.25,0.05,0.21212121212121213
2025-08-12,776763,22,6,2,44,11,91,LAD,LAA,LAD,Emmet Sheehan,686218,0.2727272727272727,0.09090909090909091,0.25
2025-08-19,776671,25,7,2,49,15,91,LAD,COL,LAD,Emmet Sheehan,686218,0.28,0.08,0.30612244897959184
2025-08-25,776594,25,10,1,48,18,96,LAD,LAD,CIN,Emmet Sheehan,686218,0.4,0.04,0.375
2025-09-03,776479,21,6,2,47,21,84,LAD,PIT,LAD,Emmet Sheehan,686218,0.2857142857142857,0.09523809523809523,0.44680851063829785
2025-09-09,776389,24,9,1,49,18,93,LAD,LAD,COL,Emmet Sheehan,686218,0.375,0.041666666666666664,0.3673469387755102
2025-09-15,776311,21,7,3,40,13,94,LAD,LAD,PHI,Emmet Sheehan,686218,0.3333333333333333,0.14285714285714285,0.325
2025-09-21,776227,24,10,0,43,16,84,LAD,LAD,SF,Emmet Sheehan,686218,0.4166666666666667,0.0,0.37209302325581395
2025-09-26,776168,5,3,0,12,5,22,LAD,SEA,LAD,Emmet Sheehan,686218,0.6,0.0,0.4166666666666667
2025-10-01,813068,5,0,2,11,1,27,LAD,LAD,CIN,Emmet Sheehan,686218,0.0,0.4,0.09090909090909091
2025-03-31,778511,24,8,2,43,14,92,CIN,CIN,TEX,Brady Singer,663903,0.3333333333333333,0.08333333333333333,0.32558139534883723
2025-04-05,778439,25,7,1,43,13,91,CIN,MIL,CIN,Brady Singer,663903,0.28,0.04,0.3023255813953488
2025-04-11,778374,19,3,3,34,5,88,CIN,CIN,PIT,Brady Singer,663903,0.15789473684210525,0.15789473684210525,0.14705882352941177
2025-04-17,778285,22,6,3,38,9,95,CIN,CIN,SEA,Brady Singer,663903,0.2727272727272727,0.13636363636363635,0.23684210526315788
2025-04-23,778208,22,8,0,39,10,88,CIN,MIA,CIN,Brady Singer,663903,0.36363636363636365,0.0,0.2564102564102564
2025-04-30,778134,23,4,3,32,7,92,CIN,CIN,STL,Brady Singer,663903,0.17391304347826086,0.13043478260869565,0.21875
2025-05-05,778049,27,2,2,44,2,102,CIN,ATL,CIN,Brady Singer,663903,0.07407407407407407,0.07407407407407407,0.045454545454545456
2025-05-10,777979,16,1,1,21,2,51,CIN,HOU,CIN,Brady Singer,663903,0.0625,0.0625,0.09523809523809523
2025-05-16,777902,20,4,3,40,8,90,CIN,CIN,CLE,Brady Singer,663903,0.2,0.15,0.2
2025-05-21,777834,23,3,4,45,5,102,CIN,PIT,CIN,Brady Singer,663903,0.13043478260869565,0.17391304347826086,0.1111111111111111
2025-05-27,777750,29,3,1,40,7,99,CIN,KC,CIN,Brady Singer,663903,0.10344827586206896,0.034482758620689655,0.175
2025-06-02,777671,21,4,3,40,11,97,CIN,CIN,MIL,Brady Singer,663903,0.19047619047619047,0.14285714285714285,0.275
2025-06-08,777602,21,3,3,36,8,77,CIN,CIN,AZ,Brady Singer,663903,0.14285714285714285,0.14285714285714285,0.2222222222222222
2025-06-14,777517,25,4,3,43,12,96,CIN,DET,CIN,Brady Singer,663903,0.16,0.12,0.27906976744186046
2025-06-20,777433,24,7,1,44,8,102,CIN,STL,CIN,Brady Singer,663903,0.2916666666666667,0.041666666666666664,0.18181818181818182
2025-06-25,777367,26,9,3,45,14,103,CIN,CIN,NYY,Brady Singer,663903,0.34615384615384615,0.11538461538461539,0.3111111111111111
2025-07-01,777294,14,4,2,25,2,56,CIN,BOS,CIN,Brady Singer,663903,0.2857142857142857,0.14285714285714285,0.08
2025-07-07,777208,23,3,1,47,5,96,CIN,CIN,MIA,Brady Singer,663903,0.13043478260869565,0.043478260869565216,0.10638297872340426
2025-07-12,777140,25,9,1,47,16,93,CIN,CIN,COL,Brady Singer,663903,0.36,0.04,0.3404255319148936
2025-07-21,777064,15,1,2,26,1,57,CIN,WSH,CIN,Brady Singer,663903,0.06666666666666667,0.13333333333333333,0.038461538461538464
2025-07-27,776982,26,8,1,49,13,97,CIN,CIN,TB,Brady Singer,663903,0.3076923076923077,0.038461538461538464,0.2653061224489796
2025-08-01,776921,23,10,1,50,19,97,CIN,CIN,ATL,Brady Singer,663903,0.43478260869565216,0.043478260869565216,0.38
2025-08-07,776840,21,2,4,40,5,86,CIN,PIT,CIN,Brady Singer,663903,0.09523809523809523,0.19047619047619047,0.125
2025-08-12,776777,20,6,0,39,8,71,CIN,CIN,PHI,Brady Singer,663903,0.3,0.0,0.20512820512820512
2025-08-18,776681,23,4,1,41,8,88,CIN,LAA,CIN,Brady Singer,663903,0.17391304347826086,0.043478260869565216,0.1951219512195122
2025-08-24,776609,24,9,3,34,12,95,CIN,AZ,CIN,Brady Singer,663903,0.375,0.125,0.35294117647058826
2025-08-31,776518,25,8,0,50,14,102,CIN,CIN,STL,Brady Singer,663903,0.32,0.0,0.28
2025-09-06,776439,25,5,4,34,8,99,CIN,CIN,NYM,Brady Singer,663903,0.2,0.16,0.23529411764705882
2025-09-12,776358,22,4,1,38,7,90,CIN,ATH,CIN,Brady Singer,663903,0.18181818181818182,0.045454545454545456,0.18421052631578946
2025-09-17,776283,22,6,2,39,12,97,CIN,STL,CIN,Brady Singer,663903,0.2727272727272727,0.09090909090909091,0.3076923076923077
2025-09-23,776224,23,3,0,37,3,90,CIN,CIN,PIT,Brady Singer,663903,0.13043478260869565,0.0,0.08108108108108109
2025-09-28,776144,18,5,1,34,7,71,CIN,MIL,CIN,Brady Singer,663903,0.2777777777777778,0.05555555555555555,0.20588235294117646
2025-03-27,778562,20,7,2,51,14,94,PIT,MIA,PIT,Paul Skenes,694973,0.35,0.1,0.27450980392156865
2025-04-02,778479,24,6,0,55,12,102,PIT,TB,PIT,Paul Skenes,694973,0.25,0.0,0.21818181818181817
2025-04-08,778408,26,7,1,49,14,98,PIT,PIT,STL,Paul Skenes,694973,0.2692307692307692,0.038461538461538464,0.2857142857142857
2025-04-14,778321,23,6,0,45,10,99,PIT,PIT,WSH,Paul Skenes,694973,0.2608695652173913,0.0,0.2222222222222222
2025-04-19,778254,25,4,1,62,13,103,PIT,PIT,CLE,Paul Skenes,694973,0.16,0.04,0.20967741935483872
2025-04-25,778176,24,9,0,50,16,108,PIT,LAD,PIT,Paul Skenes,694973,0.375,0.0,0.32
2025-05-01,778100,23,2,4,36,9,86,PIT,PIT,CHC,Paul Skenes,694973,0.08695652173913043,0.17391304347826086,0.25
2025-05-06,778030,25,6,4,48,12,102,PIT,STL,PIT,Paul Skenes,694973,0.24,0.16,0.25
2025-05-12,777950,25,6,3,41,8,92,PIT,NYM,PIT,Paul Skenes,694973,0.24,0.12,0.1951219512195122
2025-05-18,777880,28,9,1,55,21,102,PIT,PHI,PIT,Paul Skenes,694973,0.32142857142857145,0.03571428571428571,0.38181818181818183
2025-05-23,777806,24,8,2,42,11,101,PIT,PIT,MIL,Paul Skenes,694973,0.3333333333333333,0.08333333333333333,0.2619047619047619
2025-05-28,777729,26,7,0,48,15,96,PIT,AZ,PIT,Paul Skenes,694973,0.2692307692307692,0.0,0.3125
2025-06-03,777663,27,8,1,55,19,99,PIT,PIT,HOU,Paul Skenes,694973,0.2962962962962963,0.037037037037037035,0.34545454545454546
2025-06-08,777595,25,6,1,50,16,97,PIT,PIT,PHI,Paul Skenes,694973,0.24,0.04,0.32
2025-06-13,777526,20,5,2,46,9,95,PIT,CHC,PIT,Paul Skenes,694973,0.25,0.1,0.1956521739130435
2025-06-19,777464,25,9,5,50,18,105,PIT,DET,PIT,Paul Skenes,694973,0.36,0.2,0.36
2025-06-25,777361,19,4,2,33,10,78,PIT,MIL,PIT,Paul Skenes,694973,0.21052631578947367,0.10526315789473684,0.30303030303030304
2025-07-01,777288,20,5,1,46,8,88,PIT,PIT,STL,Paul Skenes,694973,0.25,0.05,0.17391304347826086
2025-07-06,777205,20,10,0,39,18,78,PIT,SEA,PIT,Paul Skenes,694973,0.5,0.0,0.46153846153846156
2025-07-11,777148,20,6,0,36,11,78,PIT,MIN,PIT,Paul Skenes,694973,0.3,0.0,0.3055555555555556
2025-07-21,777060,23,6,1,42,12,86,PIT,PIT,DET,Paul Skenes,694973,0.2608695652173913,0.043478260869565216,0.2857142857142857
2025-07-27,776984,23,9,1,49,19,99,PIT,PIT,AZ,Paul Skenes,694973,0.391304347826087,0.043478260869565216,0.3877551020408163
2025-08-02,776904,22,8,2,46,14,94,PIT,COL,PIT,Paul Skenes,694973,0.36363636363636365,0.09090909090909091,0.30434782608695654
2025-08-07,776840,24,8,0,50,10,97,PIT,PIT,CIN,Paul Skenes,694973,0.3333333333333333,0.0,0.2
2025-08-12,776771,20,4,2,39,8,93,PIT,MIL,PIT,Paul Skenes,694973,0.2,0.1,0.20512820512820512
2025-08-18,776694,24,8,1,49,13,96,PIT,PIT,TOR,Paul Skenes,694973,0.3333333333333333,0.041666666666666664,0.2653061224489796
2025-08-24,776610,24,7,0,60,14,101,PIT,PIT,COL,Paul Skenes,694973,0.2916666666666667,0.0,0.23333333333333334
2025-08-29,776549,25,6,1,40,11,95,PIT,BOS,PIT,Paul Skenes,694973,0.24,0.04,0.275
2025-09-04,776461,21,8,1,52,10,94,PIT,PIT,LAD,Paul Skenes,694973,0.38095238095238093,0.047619047619047616,0.19230769230769232
2025-09-10,776387,16,8,0,28,11,64,PIT,BAL,PIT,Paul Skenes,694973,0.5,0.0,0.39285714285714285
2025-09-16,776308,20,6,3,45,12,92,PIT,PIT,CHC,Paul Skenes,694973,0.3,0.15,0.26666666666666666
2025-09-24,776202,22,7,0,47,16,85,PIT,CIN,PIT,Paul Skenes,694973,0.3181818181818182,0.0,0.3404255319148936
2025-03-27,778546,22,2,1,41,8,80,DET,LAD,DET,Tarik Skubal,669373,0.09090909090909091,0.045454545454545456,0.1951219512195122
2025-04-02,778469,25,8,3,52,23,93,DET,SEA,DET,Tarik Skubal,669373,0.32,0.12,0.4423076923076923
2025-04-08,778403,22,6,0,44,10,87,DET,DET,NYY,Tarik Skubal,669373,0.2727272727272727,0.0,0.22727272727272727
2025-04-14,778323,25,9,0,51,15,91,DET,MIL,DET,Tarik Skubal,669373,0.36,0.0,0.29411764705882354
2025-04-20,778246,23,4,1,47,12,91,DET,DET,KC,Tarik Skubal,669373,0.17391304347826086,0.043478260869565216,0.2553191489361702
2025-04-27,778155,23,11,0,46,19,91,DET,DET,BAL,Tarik Skubal,669373,0.4782608695652174,0.0,0.41304347826086957
2025-05-02,778085,21,8,0,49,16,73,DET,LAA,DET,Tarik Skubal,669373,0.38095238095238093,0.0,0.32653061224489793
2025-05-09,777996,24,12,0,59,31,96,DET,DET,TEX,Tarik Skubal,669373,0.5,0.0,0.5254237288135594
2025-05-14,777927,27,11,1,52,18,95,DET,DET,BOS,Tarik Skubal,669373,0.4074074074074074,0.037037037037037035,0.34615384615384615
2025-05-20,777840,23,8,1,45,7,94,DET,STL,DET,Tarik Skubal,669373,0.34782608695652173,0.043478260869565216,0.15555555555555556
2025-05-25,777780,29,13,0,58,22,94,DET,DET,CLE,Tarik Skubal,669373,0.4482758620689655,0.0,0.3793103448275862
2025-05-31,777694,22,7,0,45,14,90,DET,KC,DET,Tarik Skubal,669373,0.3181818181818182,0.0,0.3111111111111111
2025-06-06,777626,29,6,0,53,12,94,DET,DET,CHC,Tarik Skubal,669373,0.20689655172413793,0.0,0.22641509433962265
2025-06-12,777540,25,6,2,60,13,98,DET,BAL,DET,Tarik Skubal,669373,0.24,0.08,0.21666666666666667
2025-06-19,777451,26,6,3,55,16,103,DET,DET,PIT,Tarik Skubal,669373,0.23076923076923078,0.11538461538461539,0.2909090909090909
2025-06-24,777386,25,8,1,50,9,97,DET,DET,ATH,Tarik Skubal,669373,0.32,0.04,0.18
2025-06-29,777314,23,13,1,47,22,93,DET,DET,MIN,Tarik Skubal,669373,0.5652173913043478,0.043478260869565216,0.46808510638297873
2025-07-06,777226,24,10,0,52,19,93,DET,CLE,DET,Tarik Skubal,669373,0.4166666666666667,0.0,0.36538461538461536
2025-07-11,777161,21,5,2,45,14,87,DET,DET,SEA,Tarik Skubal,669373,0.23809523809523808,0.09523809523809523,0.3111111111111111
2025-07-20,777073,24,11,0,59,19,105,DET,TEX,DET,Tarik Skubal,669373,0.4583333333333333,0.0,0.3220338983050847
2025-07-26,777003,24,7,3,49,10,96,DET,DET,TOR,Tarik Skubal,669373,0.2916666666666667,0.125,0.20408163265306123
2025-08-02,776912,26,10,0,61,18,98,DET,PHI,DET,Tarik Skubal,669373,0.38461538461538464,0.0,0.29508196721311475
2025-08-08,776832,22,6,2,47,16,92,DET,DET,LAA,Tarik Skubal,669373,0.2727272727272727,0.09090909090909091,0.3404255319148936
2025-08-14,776744,28,3,2,47,11,99,DET,MIN,DET,Tarik Skubal,669373,0.10714285714285714,0.07142857142857142,0.23404255319148937
2025-08-19,776685,24,10,2,56,24,95,DET,DET,HOU,Tarik Skubal,669373,0.4166666666666667,0.08333333333333333,0.42857142857142855
2025-08-25,776590,28,12,0,59,17,99,DET,ATH,DET,Tarik Skubal,669373,0.42857142857142855,0.0,0.288135593220339
2025-08-31,776512,26,4,2,47,8,93,DET,KC,DET,Tarik Skubal,669373,0.15384615384615385,0.07692307692307693,0.1702127659574468
2025-09-06,776435,23,6,1,48,9,90,DET,DET,CWS,Tarik Skubal,669373,0.2608695652173913,0.043478260869565216,0.1875
2025-09-12,776366,15,2,0,22,8,45,DET,MIA,DET,Tarik Skubal,669373,0.13333333333333333,0.0,0.36363636363636365
2025-09-18,776275,27,9,2,58,18,102,DET,DET,CLE,Tarik Skubal,669373,0.3333333333333333,0.07407407407407407,0.3103448275862069
2025-09-23,776218,24,8,3,48,16,95,DET,CLE,DET,Tarik Skubal,669373,0.3333333333333333,0.125,0.3333333333333333
2025-09-30,813072,28,14,3,56,26,107,DET,CLE,DET,Tarik Skubal,669373,0.5,0.10714285714285714,0.4642857142857143
2025-04-01,778490,22,3,4,34,10,73,CWS,CWS,MIN,Shane Smith,681343,0.13636363636363635,0.18181818181818182,0.29411764705882354
2025-04-08,778402,22,6,1,37,9,83,CWS,CLE,CWS,Shane Smith,681343,0.2727272727272727,0.045454545454545456,0.24324324324324326
2025-04-13,778338,24,3,2,44,8,79,CWS,CWS,BOS,Shane Smith,681343,0.125,0.08333333333333333,0.18181818181818182
2025-04-19,778264,22,3,1,34,9,73,CWS,BOS,CWS,Shane Smith,681343,0.13636363636363635,0.045454545454545456,0.2647058823529412
2025-04-24,778189,19,7,1,37,11,82,CWS,MIN,CWS,Shane Smith,681343,0.3684210526315789,0.05263157894736842,0.2972972972972973
2025-04-30,778111,24,4,3,36,6,80,CWS,CWS,MIL,Shane Smith,681343,0.16666666666666666,0.125,0.16666666666666666
2025-05-05,778043,23,5,3,44,7,91,CWS,KC,CWS,Shane Smith,681343,0.21739130434782608,0.13043478260869565,0.1590909090909091
2025-05-10,777978,21,7,0,42,16,87,CWS,CWS,MIA,Shane Smith,681343,0.3333333333333333,0.0,0.38095238095238093
2025-05-16,777900,25,5,1,47,16,89,CWS,CHC,CWS,Shane Smith,681343,0.2,0.04,0.3404255319148936
2025-05-21,777830,21,6,2,45,9,87,CWS,CWS,SEA,Shane Smith,681343,0.2857142857142857,0.09523809523809523,0.2
2025-05-28,777737,19,5,5,34,10,86,CWS,NYM,CWS,Shane Smith,681343,0.2631578947368421,0.2631578947368421,0.29411764705882354
2025-06-03,777661,20,6,2,47,13,85,CWS,CWS,DET,Shane Smith,681343,0.3,0.1,0.2765957446808511
2025-06-10,777567,24,4,2,45,10,89,CWS,HOU,CWS,Shane Smith,681343,0.16666666666666666,0.08333333333333333,0.2222222222222222
2025-06-17,777467,24,2,3,40,6,87,CWS,CWS,STL,Shane Smith,681343,0.08333333333333333,0.125,0.15
2025-06-23,777393,13,2,2,28,4,64,CWS,CWS,AZ,Shane Smith,681343,0.15384615384615385,0.15384615384615385,0.14285714285714285
2025-07-01,777280,23,6,3,48,11,97,CWS,LAD,CWS,Shane Smith,681343,0.2608695652173913,0.13043478260869565,0.22916666666666666
2025-07-06,777215,20,2,2,39,4,71,CWS,COL,CWS,Shane Smith,681343,0.1,0.1,0.10256410256410256
2025-07-11,777164,11,5,0,21,5,46,CWS,CWS,CLE,Shane Smith,681343,0.45454545454545453,0.0,0.23809523809523808
2025-08-01,776916,18,4,4,29,9,79,CWS,LAA,CWS,Shane Smith,681343,0.2222222222222222,0.2222222222222222,0.3103448275862069
2025-08-07,776830,20,8,1,37,14,78,CWS,SEA,CWS,Shane Smith,681343,0.4,0.05,0.3783783783783784
2025-08-13,776754,20,5,3,44,14,92,CWS,CWS,DET,Shane Smith,681343,0.25,0.15,0.3181818181818182
2025-08-19,776687,27,4,2,50,14,101,CWS,ATL,CWS,Shane Smith,681343,0.14814814814814814,0.07407407407407407,0.28
2025-08-25,776599,23,3,1,36,5,80,CWS,CWS,KC,Shane Smith,681343,0.13043478260869565,0.043478260869565216,0.1388888888888889
2025-08-30,776529,25,7,2,45,16,97,CWS,CWS,NYY,Shane Smith,681343,0.28,0.08,0.35555555555555557
2025-09-05,776452,20,6,2,41,13,91,CWS,DET,CWS,Shane Smith,681343,0.3,0.1,0.3170731707317073
2025-09-11,776364,21,4,1,47,11,98,CWS,CWS,TB,Shane Smith,681343,0.19047619047619047,0.047619047619047616,0.23404255319148937
2025-09-16,776306,23,7,1,43,9,88,CWS,CWS,BAL,Shane Smith,681343,0.30434782608695654,0.043478260869565216,0.20930232558139536
2025-09-23,776216,23,8,3,47,10,97,CWS,NYY,CWS,Shane Smith,681343,0.34782608695652173,0.13043478260869565,0.2127659574468085
2025-09-28,776143,19,8,0,42,11,73,CWS,WSH,CWS,Shane Smith,681343,0.42105263157894735,0.0,0.2619047619047619
2025-03-30,778514,21,4,3,30,13,77,ATL,SD,ATL,AJ Smith-Shawver,700363,0.19047619047619047,0.14285714285714285,0.43333333333333335
2025-04-05,778451,23,6,3,34,10,82,ATL,ATL,MIA,AJ Smith-Shawver,700363,0.2608695652173913,0.13043478260869565,0.29411764705882354
2025-04-12,778353,21,7,2,39,10,91,ATL,TB,ATL,AJ Smith-Shawver,700363,0.3333333333333333,0.09523809523809523,0.2564102564102564
2025-04-29,778120,21,5,1,36,8,59,ATL,COL,ATL,AJ Smith-Shawver,700363,0.23809523809523808,0.047619047619047616,0.2222222222222222
2025-05-05,778049,28,5,4,44,6,99,ATL,ATL,CIN,AJ Smith-Shawver,700363,0.17857142857142858,0.14285714285714285,0.13636363636363635
2025-05-10,777985,24,7,2,44,11,97,ATL,PIT,ATL,AJ Smith-Shawver,700363,0.2916666666666667,0.08333333333333333,0.25
2025-05-15,777909,23,6,2,45,15,86,ATL,ATL,WSH,AJ Smith-Shawver,700363,0.2608695652173913,0.08695652173913043,0.3333333333333333
2025-05-22,777820,19,1,2,35,2,82,ATL,WSH,ATL,AJ Smith-Shawver,700363,0.05263157894736842,0.10526315789473684,0.05714285714285714
2025-05-29,777735,11,1,1,21,5,38,ATL,PHI,ATL,AJ Smith-Shawver,700363,0.09090909090909091,0.09090909090909091,0.23809523809523808
2025-03-27,778546,24,2,4,40,13,92,LAD,LAD,DET,Blake Snell,605483,0.08333333333333333,0.16666666666666666,0.325
2025-04-02,778472,22,2,4,34,4,80,LAD,LAD,ATL,Blake Snell,605483,0.09090909090909091,0.18181818181818182,0.11764705882352941
2025-08-02,776901,20,8,0,43,15,86,LAD,TB,LAD,Blake Snell,605483,0.4,0.0,0.3488372093023256
2025-08-09,776808,21,10,3,42,15,90,LAD,LAD,TOR,Blake Snell,605483,0.47619047619047616,0.14285714285714285,0.35714285714285715
2025-08-16,776717,23,3,2,48,14,96,LAD,LAD,SD,Blake Snell,605483,0.13043478260869565,0.08695652173913043,0.2916666666666667
2025-08-22,776636,27,5,2,42,13,97,LAD,SD,LAD,Blake Snell,605483,0.18518518518518517,0.07407407407407407,0.30952380952380953
2025-08-29,776534,23,8,3,39,16,86,LAD,LAD,AZ,Blake Snell,605483,0.34782608695652173,0.13043478260869565,0.41025641025641024
2025-09-04,776461,26,6,2,49,16,94,LAD,PIT,LAD,Blake Snell,605483,0.23076923076923078,0.07692307692307693,0.32653061224489793
2025-09-10,776380,22,11,2,45,20,104,LAD,LAD,COL,Blake Snell,605483,0.5,0.09090909090909091,0.4444444444444444
2025-09-17,776280,25,12,2,54,23,112,LAD,LAD,PHI,Blake Snell,605483,0.48,0.08,0.42592592592592593
2025-09-24,776193,23,5,1,47,8,96,LAD,AZ,LAD,Blake Snell,605483,0.21739130434782608,0.043478260869565216,0.1702127659574468
2025-09-30,813069,26,9,1,39,18,91,LAD,LAD,CIN,Blake Snell,605483,0.34615384615384615,0.038461538461538464,0.46153846153846156
2025-03-29,778534,23,5,2,31,5,73,LAA,CWS,LAA,Jos\xc3\xa9 Soriano,667755,0.21739130434782608,0.08695652173913043,0.16129032258064516
2025-04-04,778447,23,9,3,40,16,90,LAA,LAA,CLE,Jos\xc3\xa9 Soriano,667755,0.391304347826087,0.13043478260869565,0.4
2025-04-10,778382,28,4,3,39,8,93,LAA,TB,LAA,Jos\xc3\xa9 Soriano,667755,0.14285714285714285,0.10714285714285714,0.20512820512820512
2025-04-16,778289,28,2,2,41,7,89,LAA,TEX,LAA,Jos\xc3\xa9 Soriano,667755,0.07142857142857142,0.07142857142857142,0.17073170731707318
2025-04-22,778211,21,2,4,32,7,84,LAA,LAA,PIT,Jos\xc3\xa9 Soriano,667755,0.09523809523809523,0.19047619047619047,0.21875
2025-04-27,778144,22,4,1,43,8,90,LAA,MIN,LAA,Jos\xc3\xa9 Soriano,667755,0.18181818181818182,0.045454545454545456,0.18604651162790697
2025-05-02,778085,23,5,1,45,12,94,LAA,LAA,DET,Jos\xc3\xa9 Soriano,667755,0.21739130434782608,0.043478260869565216,0.26666666666666666
2025-05-08,778000,26,6,4,41,13,90,LAA,LAA,TOR,Jos\xc3\xa9 Soriano,667755,0.23076923076923078,0.15384615384615385,0.3170731707317073
2025-05-13,777932,27,5,3,43,13,107,LAA,SD,LAA,Jos\xc3\xa9 Soriano,667755,0.18518518518518517,0.1111111111111111,0.3023255813953488
2025-05-19,777853,29,4,4,48,11,100,LAA,ATH,LAA,Jos\xc3\xa9 Soriano,667755,0.13793103448275862,0.13793103448275862,0.22916666666666666
2025-05-24,777781,23,1,3,42,6,97,LAA,LAA,MIA,Jos\xc3\xa9 Soriano,667755,0.043478260869565216,0.13043478260869565,0.14285714285714285
2025-05-30,777721,23,2,4,40,5,96,LAA,CLE,LAA,Jos\xc3\xa9 Soriano,667755,0.08695652173913043,0.17391304347826086,0.125
2025-06-04,777649,22,3,3,46,12,99,LAA,BOS,LAA,Jos\xc3\xa9 Soriano,667755,0.13636363636363635,0.13636363636363635,0.2608695652173913
2025-06-10,777564,25,12,2,45,19,110,LAA,LAA,ATH,Jos\xc3\xa9 Soriano,667755,0.48,0.08,0.4222222222222222
2025-06-16,777487,27,6,1,52,12,101,LAA,NYY,LAA,Jos\xc3\xa9 Soriano,667755,0.2222222222222222,0.037037037037037035,0.23076923076923078
2025-06-21,777414,26,10,3,48,19,96,LAA,LAA,HOU,Jos\xc3\xa9 Soriano,667755,0.38461538461538464,0.11538461538461539,0.3958333333333333
2025-06-27,777331,22,4,2,44,13,82,LAA,LAA,WSH,Jos\xc3\xa9 Soriano,667755,0.18181818181818182,0.09090909090909091,0.29545454545454547
2025-07-03,777261,26,7,2,46,12,101,LAA,ATL,LAA,Jos\xc3\xa9 Soriano,667755,0.2692307692307692,0.07692307692307693,0.2608695652173913
2025-07-08,777180,19,4,5,31,11,82,LAA,LAA,TEX,Jos\xc3\xa9 Soriano,667755,0.21052631578947367,0.2631578947368421,0.3548387096774194
2025-07-13,777115,25,3,3,38,6,91,LAA,LAA,AZ,Jos\xc3\xa9 Soriano,667755,0.12,0.12,0.15789473684210525
2025-07-20,777078,28,5,2,49,8,93,LAA,PHI,LAA,Jos\xc3\xa9 Soriano,667755,0.17857142857142858,0.07142857142857142,0.16326530612244897
2025-07-25,777006,24,5,1,43,12,87,LAA,LAA,SEA,Jos\xc3\xa9 Soriano,667755,0.20833333333333334,0.041666666666666664,0.27906976744186046
2025-07-30,776932,27,7,2,48,11,96,LAA,LAA,TEX,Jos\xc3\xa9 Soriano,667755,0.25925925925925924,0.07407407407407407,0.22916666666666666
2025-08-05,776848,21,4,1,32,8,65,LAA,LAA,TB,Jos\xc3\xa9 Soriano,667755,0.19047619047619047,0.047619047619047616,0.25
2025-08-11,776779,21,6,2,36,9,91,LAA,LAA,LAD,Jos\xc3\xa9 Soriano,667755,0.2857142857142857,0.09523809523809523,0.25
2025-08-17,776699,26,5,1,43,10,102,LAA,ATH,LAA,Jos\xc3\xa9 Soriano,667755,0.19230769230769232,0.038461538461538464,0.23255813953488372
2025-08-25,776592,20,6,1,40,8,91,LAA,TEX,LAA,Jos\xc3\xa9 Soriano,667755,0.3,0.05,0.2
2025-08-31,776510,24,8,3,34,16,93,LAA,HOU,LAA,Jos\xc3\xa9 Soriano,667755,0.3333333333333333,0.125,0.47058823529411764
2025-09-05,776444,17,4,5,23,6,80,LAA,LAA,ATH,Jos\xc3\xa9 Soriano,667755,0.23529411764705882,0.29411764705882354,0.2608695652173913
2025-09-11,776362,22,4,3,49,12,96,LAA,SEA,LAA,Jos\xc3\xa9 Soriano,667755,0.18181818181818182,0.13636363636363635,0.24489795918367346
2025-09-17,776291,7,0,2,7,0,25,LAA,MIL,LAA,Jos\xc3\xa9 Soriano,667755,0.0,0.2857142857142857,0.0
2025-03-31,778507,21,3,1,43,7,83,WSH,TOR,WSH,Michael Soroka,647336,0.14285714285714285,0.047619047619047616,0.16279069767441862
2025-05-07,778022,23,8,2,33,10,78,WSH,WSH,CLE,Michael Soroka,647336,0.34782608695652173,0.08695652173913043,0.30303030303030304
2025-05-13,777942,17,4,1,34,6,81,WSH,ATL,WSH,Michael Soroka,647336,0.23529411764705882,0.058823529411764705,0.17647058823529413
2025-05-18,777873,25,8,0,44,9,82,WSH,BAL,WSH,Michael Soroka,647336,0.32,0.0,0.20454545454545456
2025-05-25,777778,24,2,1,41,6,91,WSH,WSH,SF,Michael Soroka,647336,0.08333333333333333,0.041666666666666664,0.14634146341463414
2025-05-31,777696,23,3,1,45,4,94,WSH,AZ,WSH,Michael Soroka,647336,0.13043478260869565,0.043478260869565216,0.08888888888888889
2025-06-06,777624,22,7,1,38,9,85,WSH,WSH,TEX,Michael Soroka,647336,0.3181818181818182,0.045454545454545456,0.23684210526315788
2025-06-12,777544,22,5,3,42,10,102,WSH,NYM,WSH,Michael Soroka,647336,0.22727272727272727,0.13636363636363635,0.23809523809523808
2025-06-17,777480,27,9,2,43,14,93,WSH,WSH,COL,Michael Soroka,647336,0.3333333333333333,0.07407407407407407,0.32558139534883723
2025-06-22,777398,21,10,2,43,10,85,WSH,LAD,WSH,Michael Soroka,647336,0.47619047619047616,0.09523809523809523,0.23255813953488372
2025-06-28,777315,20,5,1,33,7,86,WSH,LAA,WSH,Michael Soroka,647336,0.25,0.05,0.21212121212121213
2025-07-04,777245,24,6,2,47,13,93,WSH,WSH,BOS,Michael Soroka,647336,0.25,0.08333333333333333,0.2765957446808511
2025-07-10,777167,18,4,2,45,10,91,WSH,STL,WSH,Michael Soroka,647336,0.2222222222222222,0.1111111111111111,0.2222222222222222
2025-07-18,777112,20,3,2,36,6,85,WSH,WSH,SD,Michael Soroka,647336,0.15,0.1,0.16666666666666666
2025-07-23,777026,24,6,3,33,8,88,WSH,WSH,CIN,Michael Soroka,647336,0.25,0.125,0.24242424242424243
2025-07-29,776950,15,4,0,39,5,74,WSH,HOU,WSH,Michael Soroka,647336,0.26666666666666666,0.0,0.1282051282051282
2025-08-04,776878,8,3,1,10,4,31,CHC,CHC,CIN,Michael Soroka,647336,0.375,0.125,0.4
2025-09-15,776318,9,2,2,16,2,39,CHC,PIT,CHC,Michael Soroka,647336,0.2222222222222222,0.2222222222222222,0.125
2025-09-18,776282,4,1,1,10,1,19,CHC,CIN,CHC,Michael Soroka,647336,0.25,0.25,0.1
2025-09-23,776209,10,1,1,11,1,33,CHC,CHC,NYM,Michael Soroka,647336,0.1,0.1,0.09090909090909091
2025-09-25,776187,3,1,0,4,1,8,CHC,CHC,NYM,Michael Soroka,647336,0.3333333333333333,0.0,0.25
2025-09-28,776142,2,0,0,4,1,7,CHC,CHC,STL,Michael Soroka,647336,0.0,0.0,0.25
2025-10-01,813064,2,0,0,2,0,6,CHC,CHC,SD,Michael Soroka,647336,0.0,0.0,0.0
2025-03-28,778541,8,2,0,16,4,31,ATH,SEA,ATH,Mitch Spence,687765,0.25,0.0,0.25
2025-03-31,778501,7,2,1,15,4,34,ATH,ATH,CHC,Mitch Spence,687765,0.2857142857142857,0.14285714285714285,0.26666666666666666
2025-04-02,778471,10,2,1,15,4,35,ATH,ATH,CHC,Mitch Spence,687765,0.2,0.1,0.26666666666666666
2025-04-06,778423,17,7,0,26,9,56,ATH,COL,ATH,Mitch Spence,687765,0.4117647058823529,0.0,0.34615384615384615
2025-04-11,778358,10,2,3,22,6,54,ATH,ATH,NYM,Mitch Spence,687765,0.2,0.3,0.2727272727272727
2025-04-15,778309,11,2,0,20,5,37,ATH,CWS,ATH,Mitch Spence,687765,0.18181818181818182,0.0,0.25
2025-04-20,778239,12,0,1,19,2,38,ATH,MIL,ATH,Mitch Spence,687765,0.0,0.08333333333333333,0.10526315789473684
2025-04-23,778197,4,1,0,7,3,10,ATH,ATH,TEX,Mitch Spence,687765,0.25,0.0,0.42857142857142855
2025-04-25,778178,3,1,0,9,2,18,ATH,ATH,CWS,Mitch Spence,687765,0.3333333333333333,0.0,0.2222222222222222
2025-04-28,778143,6,0,1,13,3,24,ATH,TEX,ATH,Mitch Spence,687765,0.0,0.16666666666666666,0.23076923076923078
2025-05-01,778096,4,0,1,8,1,17,ATH,TEX,ATH,Mitch Spence,687765,0.0,0.25,0.125
2025-05-04,778061,6,1,0,12,0,24,ATH,MIA,ATH,Mitch Spence,687765,0.16666666666666666,0.0,0.0
2025-05-05,778038,1,0,0,3,2,4,ATH,ATH,SEA,Mitch Spence,687765,0.0,0.0,0.6666666666666666
2025-05-07,778010,4,1,1,7,3,19,ATH,ATH,SEA,Mitch Spence,687765,0.25,0.25,0.42857142857142855
2025-05-11,777957,12,4,1,19,7,44,ATH,ATH,NYY,Mitch Spence,687765,0.3333333333333333,0.08333333333333333,0.3684210526315789
2025-05-15,777946,12,2,1,22,6,36,ATH,LAD,ATH,Mitch Spence,687765,0.16666666666666666,0.08333333333333333,0.2727272727272727
2025-05-19,777853,10,3,0,18,8,39,ATH,ATH,LAA,Mitch Spence,687765,0.3,0.0,0.4444444444444444
2025-05-22,777812,5,2,0,13,5,27,ATH,ATH,LAA,Mitch Spence,687765,0.4,0.0,0.38461538461538464
2025-05-24,777784,5,0,1,10,2,18,ATH,ATH,PHI,Mitch Spence,687765,0.0,0.2,0.2
2025-05-27,777752,6,3,0,17,7,29,ATH,HOU,ATH,Mitch Spence,687765,0.5,0.0,0.4117647058823529
2025-05-30,777716,11,0,1,14,2,33,ATH,TOR,ATH,Mitch Spence,687765,0.0,0.09090909090909091,0.14285714285714285
2025-06-01,777685,7,2,0,12,5,22,ATH,TOR,ATH,Mitch Spence,687765,0.2857142857142857,0.0,0.4166666666666667
2025-06-05,777636,18,4,1,30,11,57,ATH,ATH,MIN,Mitch Spence,687765,0.2222222222222222,0.05555555555555555,0.36666666666666664
2025-06-10,777564,19,4,0,38,12,75,ATH,LAA,ATH,Mitch Spence,687765,0.21052631578947367,0.0,0.3157894736842105
2025-06-16,777485,21,2,1,48,8,84,ATH,ATH,HOU,Mitch Spence,687765,0.09523809523809523,0.047619047619047616,0.16666666666666666
2025-06-21,777411,23,3,1,46,4,85,ATH,ATH,CLE,Mitch Spence,687765,0.13043478260869565,0.043478260869565216,0.08695652173913043
2025-06-27,777337,23,5,3,39,10,93,ATH,NYY,ATH,Mitch Spence,687765,0.21739130434782608,0.13043478260869565,0.2564102564102564
2025-07-02,777271,21,5,0,42,7,77,ATH,TB,ATH,Mitch Spence,687765,0.23809523809523808,0.0,0.16666666666666666
2025-07-09,777176,28,3,1,42,10,79,ATH,ATH,ATL,Mitch Spence,687765,0.10714285714285714,0.03571428571428571,0.23809523809523808
2025-09-16,776310,15,1,2,24,3,52,ATH,BOS,ATH,Mitch Spence,687765,0.06666666666666667,0.13333333333333333,0.125
2025-09-21,776234,21,1,2,32,3,64,ATH,PIT,ATH,Mitch Spence,687765,0.047619047619047616,0.09523809523809523,0.09375
2025-09-28,776138,16,1,0,25,6,47,ATH,ATH,KC,Mitch Spence,687765,0.0625,0.0,0.24
2025-03-28,778541,21,9,1,43,16,83,ATH,SEA,ATH,Jeffrey Springs,605488,0.42857142857142855,0.047619047619047616,0.37209302325581395
2025-04-02,778471,19,3,4,37,8,82,ATH,ATH,CHC,Jeffrey Springs,605488,0.15789473684210525,0.21052631578947367,0.21621621621621623
2025-04-08,778395,28,4,2,49,11,103,ATH,ATH,SD,Jeffrey Springs,605488,0.14285714285714285,0.07142857142857142,0.22448979591836735
2025-04-15,778309,21,4,3,44,10,93,ATH,CWS,ATH,Jeffrey Springs,605488,0.19047619047619047,0.14285714285714285,0.22727272727272727
2025-04-20,778239,15,3,4,26,6,68,ATH,MIL,ATH,Jeffrey Springs,605488,0.2,0.26666666666666666,0.23076923076923078
2025-04-26,778165,28,4,2,46,9,100,ATH,ATH,CWS,Jeffrey Springs,605488,0.14285714285714285,0.07142857142857142,0.1956521739130435
2025-05-01,778096,21,1,1,27,2,68,ATH,TEX,ATH,Jeffrey Springs,605488,0.047619047619047616,0.047619047619047616,0.07407407407407407
2025-05-06,778024,22,4,2,41,10,98,ATH,ATH,SEA,Jeffrey Springs,605488,0.18181818181818182,0.09090909090909091,0.24390243902439024
2025-05-13,777937,28,4,2,47,12,102,ATH,LAD,ATH,Jeffrey Springs,605488,0.14285714285714285,0.07142857142857142,0.2553191489361702
2025-05-18,777867,22,5,0,38,8,84,ATH,SF,ATH,Jeffrey Springs,605488,0.22727272727272727,0.0,0.21052631578947367
2025-05-24,777784,25,6,2,44,15,105,ATH,ATH,PHI,Jeffrey Springs,605488,0.24,0.08,0.3409090909090909
2025-05-30,777716,18,2,6,30,4,73,ATH,TOR,ATH,Jeffrey Springs,605488,0.1111111111111111,0.3333333333333333,0.13333333333333333
2025-06-04,777643,27,7,2,50,13,106,ATH,ATH,MIN,Jeffrey Springs,605488,0.25925925925925924,0.07407407407407407,0.26
2025-06-09,777576,24,8,0,50,19,85,ATH,LAA,ATH,Jeffrey Springs,605488,0.3333333333333333,0.0,0.38
2025-06-15,777496,24,2,0,46,9,89,ATH,KC,ATH,Jeffrey Springs,605488,0.08333333333333333,0.0,0.1956521739130435
2025-06-20,777429,26,6,1,49,17,104,ATH,ATH,CLE,Jeffrey Springs,605488,0.23076923076923078,0.038461538461538464,0.3469387755102041
2025-06-26,777351,21,3,2,41,4,89,ATH,DET,ATH,Jeffrey Springs,605488,0.14285714285714285,0.09523809523809523,0.0975609756097561
2025-07-01,777286,22,4,3,41,8,96,ATH,TB,ATH,Jeffrey Springs,605488,0.18181818181818182,0.13636363636363635,0.1951219512195122
2025-07-08,777189,24,2,1,42,6,93,ATH,ATH,ATL,Jeffrey Springs,605488,0.08333333333333333,0.041666666666666664,0.14285714285714285
2025-07-13,777116,23,5,0,47,5,91,ATH,ATH,TOR,Jeffrey Springs,605488,0.21739130434782608,0.0,0.10638297872340426
2025-07-20,777084,21,4,0,47,11,83,ATH,CLE,ATH,Jeffrey Springs,605488,0.19047619047619047,0.0,0.23404255319148937
2025-07-25,777007,22,5,1,38,11,88,ATH,HOU,ATH,Jeffrey Springs,605488,0.22727272727272727,0.045454545454545456,0.2894736842105263
2025-07-30,776930,21,7,1,41,14,90,ATH,ATH,SEA,Jeffrey Springs,605488,0.3333333333333333,0.047619047619047616,0.34146341463414637
2025-08-06,776850,19,5,0,46,8,92,ATH,WSH,ATH,Jeffrey Springs,605488,0.2631578947368421,0.0,0.17391304347826086
2025-08-11,776787,18,2,1,42,11,88,ATH,ATH,TB,Jeffrey Springs,605488,0.1111111111111111,0.05555555555555555,0.2619047619047619
2025-08-17,776699,26,5,3,51,15,100,ATH,ATH,LAA,Jeffrey Springs,605488,0.19230769230769232,0.11538461538461539,0.29411764705882354
2025-08-23,776620,20,3,2,37,12,74,ATH,SEA,ATH,Jeffrey Springs,605488,0.15,0.1,0.32432432432432434
2025-08-29,776538,24,5,2,37,7,94,ATH,ATH,TEX,Jeffrey Springs,605488,0.20833333333333334,0.08333333333333333,0.1891891891891892
2025-09-03,776470,22,4,1,35,9,87,ATH,STL,ATH,Jeffrey Springs,605488,0.18181818181818182,0.045454545454545456,0.2571428571428571
2025-09-09,776396,23,6,0,38,8,92,ATH,ATH,BOS,Jeffrey Springs,605488,0.2608695652173913,0.0,0.21052631578947367
2025-09-16,776310,19,3,3,23,4,68,ATH,BOS,ATH,Jeffrey Springs,605488,0.15789473684210525,0.15789473684210525,0.17391304347826086
2025-09-23,776208,20,3,2,38,12,81,ATH,ATH,HOU,Jeffrey Springs,605488,0.15,0.1,0.3157894736842105
2025-09-07,776429,24,7,4,40,6,89,NYM,CIN,NYM,Brandon Sproat,687075,0.2916666666666667,0.16666666666666666,0.15
2025-09-13,776349,23,3,0,35,4,70,NYM,NYM,TEX,Brandon Sproat,687075,0.13043478260869565,0.0,0.11428571428571428
2025-09-19,776259,17,5,2,32,6,71,NYM,NYM,WSH,Brandon Sproat,687075,0.29411764705882354,0.11764705882352941,0.1875
2025-09-26,776173,20,2,1,31,4,61,NYM,MIA,NYM,Brandon Sproat,687075,0.1,0.05,0.12903225806451613
2025-03-27,778552,22,2,1,40,4,77,CHC,AZ,CHC,Justin Steele,657006,0.09090909090909091,0.045454545454545456,0.1
2025-04-01,778494,28,6,1,44,6,78,CHC,ATH,CHC,Justin Steele,657006,0.21428571428571427,0.03571428571428571,0.13636363636363635
2025-04-07,778411,25,8,2,46,9,91,CHC,CHC,TEX,Justin Steele,657006,0.32,0.08,0.1956521739130435
2025-04-16,778297,21,5,1,44,13,97,ATL,TOR,ATL,Spencer Strider,675911,0.23809523809523808,0.047619047619047616,0.29545454545454547
2025-05-20,777841,19,2,1,36,9,75,ATL,WSH,ATL,Spencer Strider,675911,0.10526315789473684,0.05263157894736842,0.25
2025-05-27,777748,20,7,4,36,10,90,ATL,PHI,ATL,Spencer Strider,675911,0.35,0.2,0.2777777777777778
2025-06-03,777672,22,4,2,44,14,85,ATL,ATL,AZ,Spencer Strider,675911,0.18181818181818182,0.09090909090909091,0.3181818181818182
2025-06-08,777587,25,5,3,39,11,90,ATL,SF,ATL,Spencer Strider,675911,0.2,0.12,0.28205128205128205
2025-06-14,777523,22,13,1,46,23,87,ATL,ATL,COL,Spencer Strider,675911,0.5909090909090909,0.045454545454545456,0.5
2025-06-19,777455,24,8,1,49,17,97,ATL,ATL,NYM,Spencer Strider,675911,0.3333333333333333,0.041666666666666664,0.3469387755102041
2025-06-24,777387,21,8,4,39,12,91,ATL,NYM,ATL,Spencer Strider,675911,0.38095238095238093,0.19047619047619047,0.3076923076923077
2025-06-29,777316,28,4,3,45,10,95,ATL,ATL,PHI,Spencer Strider,675911,0.14285714285714285,0.10714285714285714,0.2222222222222222
2025-07-04,777252,26,6,1,55,20,100,ATL,ATL,BAL,Spencer Strider,675911,0.23076923076923078,0.038461538461538464,0.36363636363636365
2025-07-10,777156,27,10,3,51,21,102,ATL,ATH,ATL,Spencer Strider,675911,0.37037037037037035,0.1111111111111111,0.4117647058823529
2025-07-18,777114,22,8,3,46,16,96,ATL,ATL,NYY,Spencer Strider,675911,0.36363636363636365,0.13636363636363635,0.34782608695652173
2025-07-23,777041,24,7,3,43,9,104,ATL,ATL,SF,Spencer Strider,675911,0.2916666666666667,0.125,0.20930232558139536
2025-07-28,776971,25,3,2,48,4,96,ATL,KC,ATL,Spencer Strider,675911,0.12,0.08,0.08333333333333333
2025-08-06,776853,25,6,1,52,14,94,ATL,ATL,MIL,Spencer Strider,675911,0.24,0.04,0.2692307692307692
2025-08-12,776772,22,2,2,43,7,82,ATL,NYM,ATL,Spencer Strider,675911,0.09090909090909091,0.09090909090909091,0.16279069767441862
2025-08-18,776696,19,2,1,36,12,68,ATL,ATL,CWS,Spencer Strider,675911,0.10526315789473684,0.05263157894736842,0.3333333333333333
2025-08-25,776600,25,3,2,42,10,95,ATL,MIA,ATL,Spencer Strider,675911,0.12,0.08,0.23809523809523808
2025-09-01,776506,22,1,3,35,3,88,ATL,CHC,ATL,Spencer Strider,675911,0.045454545454545456,0.13636363636363635,0.08571428571428572
2025-09-09,776402,26,8,3,44,16,97,ATL,ATL,CHC,Spencer Strider,675911,0.3076923076923077,0.11538461538461539,0.36363636363636365
2025-09-15,776315,25,6,2,45,14,96,ATL,WSH,ATL,Spencer Strider,675911,0.24,0.08,0.3111111111111111
2025-09-21,776238,23,6,3,43,14,101,ATL,DET,ATL,Spencer Strider,675911,0.2608695652173913,0.13043478260869565,0.32558139534883723
2025-09-27,776156,27,5,2,41,15,85,ATL,ATL,PIT,Spencer Strider,675911,0.18518518518518517,0.07407407407407407,0.36585365853658536
2025-03-30,778523,20,3,1,36,8,81,NYY,NYY,MIL,Marcus Stroman,573186,0.15,0.05,0.2222222222222222
2025-04-05,778449,18,3,3,30,5,74,NYY,PIT,NYY,Marcus Stroman,573186,0.16666666666666666,0.16666666666666666,0.16666666666666666
2025-04-11,778370,9,1,3,17,4,46,NYY,NYY,SF,Marcus Stroman,573186,0.1111111111111111,0.3333333333333333,0.23529411764705882
2025-06-29,777307,19,1,2,33,4,74,NYY,NYY,ATH,Marcus Stroman,573186,0.05263157894736842,0.10526315789473684,0.12121212121212122
2025-07-04,777250,23,4,1,43,7,82,NYY,NYM,NYY,Marcus Stroman,573186,0.17391304347826086,0.043478260869565216,0.16279069767441862
2025-07-10,777169,23,3,2,44,6,90,NYY,NYY,SEA,Marcus Stroman,573186,0.13043478260869565,0.08695652173913043,0.13636363636363635
2025-07-20,777083,22,4,0,51,8,95,NYY,ATL,NYY,Marcus Stroman,573186,0.18181818181818182,0.0,0.1568627450980392
2025-07-26,777001,20,4,4,40,10,89,NYY,NYY,PHI,Marcus Stroman,573186,0.2,0.2,0.25
2025-07-31,776927,21,3,0,37,7,74,NYY,NYY,TB,Marcus Stroman,573186,0.14285714285714285,0.0,0.1891891891891892
2025-05-04,778059,20,6,2,39,6,82,PHI,PHI,AZ,Ranger Suarez,624133,0.3,0.1,0.15384615384615385
2025-05-10,777983,24,5,1,40,10,82,PHI,CLE,PHI,Ranger Suarez,624133,0.20833333333333334,0.041666666666666664,0.25
2025-05-16,777905,28,6,1,51,10,98,PHI,PHI,PIT,Ranger Suarez,624133,0.21428571428571427,0.03571428571428571,0.19607843137254902
2025-05-22,777817,29,6,3,54,9,99,PHI,COL,PHI,Ranger Suarez,624133,0.20689655172413793,0.10344827586206896,0.16666666666666666
2025-05-27,777748,26,8,3,48,11,103,PHI,PHI,ATL,Ranger Suarez,624133,0.3076923076923077,0.11538461538461539,0.22916666666666666
2025-06-01,777688,25,2,0,46,4,97,PHI,PHI,MIL,Ranger Suarez,624133,0.08,0.0,0.08695652173913043
2025-06-07,777607,26,5,1,44,10,97,PHI,PIT,PHI,Ranger Suarez,624133,0.19230769230769232,0.038461538461538464,0.22727272727272727
2025-06-13,777531,26,6,1,45,8,94,PHI,PHI,TOR,Ranger Suarez,624133,0.23076923076923078,0.038461538461538464,0.17777777777777778
2025-06-18,777465,26,8,2,43,12,95,PHI,MIA,PHI,Ranger Suarez,624133,0.3076923076923077,0.07692307692307693,0.27906976744186046
2025-06-24,777377,27,7,2,47,9,102,PHI,HOU,PHI,Ranger Suarez,624133,0.25925925925925924,0.07407407407407407,0.19148936170212766
2025-06-29,777316,26,8,1,52,13,96,PHI,ATL,PHI,Ranger Suarez,624133,0.3076923076923077,0.038461538461538464,0.25
2025-07-05,777233,22,6,2,38,12,80,PHI,PHI,CIN,Ranger Suarez,624133,0.2727272727272727,0.09090909090909091,0.3157894736842105
2025-07-11,777139,28,5,3,45,9,96,PHI,SD,PHI,Ranger Suarez,624133,0.17857142857142858,0.10714285714285714,0.2
2025-07-20,777078,26,4,4,43,3,100,PHI,PHI,LAA,Ranger Suarez,624133,0.15384615384615385,0.15384615384615385,0.06976744186046512
2025-07-26,777001,26,8,1,47,14,108,PHI,NYY,PHI,Ranger Suarez,624133,0.3076923076923077,0.038461538461538464,0.2978723404255319
2025-08-01,776913,25,5,0,41,7,92,PHI,PHI,DET,Ranger Suarez,624133,0.2,0.0,0.17073170731707318
2025-08-06,776851,28,3,0,45,5,95,PHI,PHI,BAL,Ranger Suarez,624133,0.10714285714285714,0.0,0.1111111111111111
2025-08-12,776777,28,3,2,49,5,93,PHI,CIN,PHI,Ranger Suarez,624133,0.10714285714285714,0.07142857142857142,0.10204081632653061
2025-08-18,776689,25,10,0,44,13,102,PHI,PHI,SEA,Ranger Suarez,624133,0.4,0.0,0.29545454545454547
2025-08-24,776613,24,11,0,45,13,90,PHI,PHI,WSH,Ranger Suarez,624133,0.4583333333333333,0.0,0.28888888888888886
2025-08-29,776552,23,2,1,51,10,92,PHI,PHI,ATL,Ranger Suarez,624133,0.08695652173913043,0.043478260869565216,0.19607843137254902
2025-09-04,776459,25,4,2,36,6,89,PHI,MIL,PHI,Ranger Suarez,624133,0.16,0.08,0.16666666666666666
2025-09-09,776404,21,12,3,38,13,99,PHI,PHI,NYM,Ranger Suarez,624133,0.5714285714285714,0.14285714285714285,0.34210526315789475
2025-09-15,776311,26,5,2,37,8,88,PHI,LAD,PHI,Ranger Suarez,624133,0.19230769230769232,0.07692307692307693,0.21621621621621623
2025-09-21,776230,21,2,1,41,3,79,PHI,AZ,PHI,Ranger Suarez,624133,0.09523809523809523,0.047619047619047616,0.07317073170731707
2025-09-27,776163,21,4,0,46,8,84,PHI,PHI,MIN,Ranger Suarez,624133,0.19047619047619047,0.0,0.17391304347826086
2025-03-30,778525,18,1,2,31,5,73,BAL,TOR,BAL,Tomoyuki Sugano,608372,0.05555555555555555,0.1111111111111111,0.16129032258064516
2025-04-05,778441,23,4,1,42,9,89,BAL,KC,BAL,Tomoyuki Sugano,608372,0.17391304347826086,0.043478260869565216,0.21428571428571427
2025-04-12,778362,21,0,2,36,2,73,BAL,BAL,TOR,Tomoyuki Sugano,608372,0.0,0.09523809523809523,0.05555555555555555
2025-04-17,778292,25,3,0,43,9,87,BAL,BAL,CLE,Tomoyuki Sugano,608372,0.12,0.0,0.20930232558139536
2025-04-23,778204,26,1,0,42,4,94,BAL,WSH,BAL,Tomoyuki Sugano,608372,0.038461538461538464,0.0,0.09523809523809523
2025-04-28,778140,22,8,1,42,15,95,BAL,BAL,NYY,Tomoyuki Sugano,608372,0.36363636363636365,0.045454545454545456,0.35714285714285715
2025-05-03,778072,23,4,2,40,6,79,BAL,BAL,KC,Tomoyuki Sugano,608372,0.17391304347826086,0.08695652173913043,0.15
2025-05-09,777986,25,5,0,50,11,93,BAL,LAA,BAL,Tomoyuki Sugano,608372,0.2,0.0,0.22
2025-05-15,777911,25,3,1,47,4,103,BAL,BAL,MIN,Tomoyuki Sugano,608372,0.12,0.04,0.0851063829787234
2025-05-21,777826,24,3,1,43,6,88,BAL,MIL,BAL,Tomoyuki Sugano,608372,0.125,0.041666666666666664,0.13953488372093023
2025-05-27,777754,24,3,0,43,2,91,BAL,BAL,STL,Tomoyuki Sugano,608372,0.125,0.0,0.046511627906976744
2025-06-03,777655,25,5,1,38,8,90,BAL,SEA,BAL,Tomoyuki Sugano,608372,0.2,0.04,0.21052631578947367
2025-06-08,777588,22,2,1,45,4,87,BAL,ATH,BAL,Tomoyuki Sugano,608372,0.09090909090909091,0.045454545454545456,0.08888888888888889
2025-06-14,777519,24,4,2,35,6,80,BAL,BAL,LAA,Tomoyuki Sugano,608372,0.16666666666666666,0.08333333333333333,0.17142857142857143
2025-06-20,777438,21,4,2,43,6,93,BAL,NYY,BAL,Tomoyuki Sugano,608372,0.19047619047619047,0.09523809523809523,0.13953488372093023
2025-06-27,777343,25,2,1,41,7,86,BAL,BAL,TB,Tomoyuki Sugano,608372,0.08,0.04,0.17073170731707318
2025-07-02,777268,25,5,1,38,10,79,BAL,TEX,BAL,Tomoyuki Sugano,608372,0.2,0.04,0.2631578947368421
2025-07-10,777181,25,2,2,47,11,100,BAL,BAL,NYM,Tomoyuki Sugano,608372,0.08,0.08,0.23404255319148937
2025-07-21,777068,23,4,4,34,2,91,BAL,CLE,BAL,Tomoyuki Sugano,608372,0.17391304347826086,0.17391304347826086,0.058823529411764705
2025-07-27,776986,23,7,2,49,13,91,BAL,BAL,COL,Tomoyuki Sugano,608372,0.30434782608695654,0.08695652173913043,0.2653061224489796
2025-08-02,776902,22,5,1,48,3,96,BAL,CHC,BAL,Tomoyuki Sugano,608372,0.22727272727272727,0.045454545454545456,0.0625
2025-08-08,776831,28,4,2,41,5,91,BAL,BAL,ATH,Tomoyuki Sugano,608372,0.14285714285714285,0.07142857142857142,0.12195121951219512
2025-08-14,776750,20,2,1,39,6,82,BAL,BAL,SEA,Tomoyuki Sugano,608372,0.1,0.05,0.15384615384615385
2025-08-19,776684,20,3,0,39,8,85,BAL,BOS,BAL,Tomoyuki Sugano,608372,0.15,0.0,0.20512820512820512
2025-08-25,776604,26,6,2,40,8,87,BAL,BAL,BOS,Tomoyuki Sugano,608372,0.23076923076923078,0.07692307692307693,0.2
2025-08-31,776507,20,4,1,33,10,80,BAL,SF,BAL,Tomoyuki Sugano,608372,0.2,0.05,0.30303030303030304
2025-09-07,776427,16,1,0,30,2,67,BAL,BAL,LAD,Tomoyuki Sugano,608372,0.0625,0.0,0.06666666666666667
2025-09-13,776343,20,4,0,33,7,63,BAL,TOR,BAL,Tomoyuki Sugano,608372,0.2,0.0,0.21212121212121213
2025-09-20,776257,17,3,1,35,7,87,BAL,BAL,NYY,Tomoyuki Sugano,608372,0.17647058823529413,0.058823529411764705,0.2
2025-09-27,776162,18,3,0,35,7,73,BAL,NYY,BAL,Tomoyuki Sugano,608372,0.16666666666666666,0.0,0.2
2025-03-28,778543,22,1,0,35,5,80,CHC,AZ,CHC,Jameson Taillon,592791,0.045454545454545456,0.0,0.14285714285714285
2025-04-02,778471,25,7,3,45,18,94,CHC,ATH,CHC,Jameson Taillon,592791,0.28,0.12,0.4
2025-04-08,778401,24,6,1,45,12,85,CHC,CHC,TEX,Jameson Taillon,592791,0.25,0.041666666666666664,0.26666666666666666
2025-04-14,778315,21,4,1,45,10,89,CHC,SD,CHC,Jameson Taillon,592791,0.19047619047619047,0.047619047619047616,0.2222222222222222
2025-04-20,778236,20,6,2,39,10,87,CHC,CHC,AZ,Jameson Taillon,592791,0.3,0.1,0.2564102564102564
2025-04-27,778158,25,2,0,45,4,88,CHC,CHC,PHI,Jameson Taillon,592791,0.08,0.0,0.08888888888888889
2025-05-03,778071,22,5,1,35,4,88,CHC,MIL,CHC,Jameson Taillon,592791,0.22727272727272727,0.045454545454545456,0.11428571428571428
2025-05-09,778001,22,4,1,44,6,100,CHC,NYM,CHC,Jameson Taillon,592791,0.18181818181818182,0.045454545454545456,0.13636363636363635
2025-05-14,777921,22,7,0,49,9,84,CHC,CHC,MIA,Jameson Taillon,592791,0.3181818181818182,0.0,0.1836734693877551
2025-05-20,777850,27,2,3,40,4,87,CHC,MIA,CHC,Jameson Taillon,592791,0.07407407407407407,0.1111111111111111,0.1
2025-05-26,777757,23,7,0,44,14,82,CHC,CHC,COL,Jameson Taillon,592791,0.30434782608695654,0.0,0.3181818181818182
2025-06-01,777687,23,2,1,47,6,97,CHC,CHC,CIN,Jameson Taillon,592791,0.08695652173913043,0.043478260869565216,0.1276595744680851
2025-06-07,777609,25,5,1,43,13,84,CHC,DET,CHC,Jameson Taillon,592791,0.2,0.04,0.3023255813953488
2025-06-12,777541,25,7,2,36,9,92,CHC,CHC,PIT,Jameson Taillon,592791,0.28,0.08,0.25
2025-06-19,777450,20,2,1,31,4,68,CHC,CHC,MIL,Jameson Taillon,592791,0.1,0.05,0.12903225806451613
2025-06-24,777373,22,3,2,34,7,81,CHC,STL,CHC,Jameson Taillon,592791,0.13636363636363635,0.09090909090909091,0.20588235294117646
2025-06-29,777308,21,4,1,55,8,107,CHC,HOU,CHC,Jameson Taillon,592791,0.19047619047619047,0.047619047619047616,0.14545454545454545
2025-08-19,776676,24,4,1,36,3,92,CHC,CHC,MIL,Jameson Taillon,592791,0.16666666666666666,0.041666666666666664,0.08333333333333333
2025-08-24,776605,18,3,0,28,5,62,CHC,LAA,CHC,Jameson Taillon,592791,0.16666666666666666,0.0,0.17857142857142858
2025-09-10,776381,19,2,2,37,3,79,CHC,ATL,CHC,Jameson Taillon,592791,0.10526315789473684,0.10526315789473684,0.08108108108108109
2025-09-15,776318,22,3,2,42,5,88,CHC,PIT,CHC,Jameson Taillon,592791,0.13636363636363635,0.09090909090909091,0.11904761904761904
2025-09-21,776239,26,4,0,52,10,82,CHC,CIN,CHC,Jameson Taillon,592791,0.15384615384615385,0.0,0.19230769230769232
2025-09-27,776164,22,8,2,43,15,83,CHC,CHC,STL,Jameson Taillon,592791,0.36363636363636365,0.09090909090909091,0.3488372093023256
2025-08-02,776911,18,4,3,30,8,67,SF,NYM,SF,Kai-Wei Teng,678906,0.2222222222222222,0.16666666666666666,0.26666666666666666
2025-08-08,776822,18,4,1,33,7,64,SF,SF,WSH,Kai-Wei Teng,678906,0.2222222222222222,0.05555555555555555,0.21212121212121213
2025-08-13,776749,12,0,4,23,2,53,SF,SF,SD,Kai-Wei Teng,678906,0.0,0.3333333333333333,0.08695652173913043
2025-08-19,776667,17,4,1,35,6,80,SF,SD,SF,Kai-Wei Teng,678906,0.23529411764705882,0.058823529411764705,0.17142857142857143
2025-09-01,776492,24,8,0,47,17,85,SF,COL,SF,Kai-Wei Teng,678906,0.3333333333333333,0.0,0.3617021276595745
2025-09-07,776416,19,8,5,28,14,77,SF,STL,SF,Kai-Wei Teng,678906,0.42105263157894735,0.2631578947368421,0.5
2025-09-15,776309,16,5,1,34,7,73,SF,AZ,SF,Kai-Wei Teng,678906,0.3125,0.0625,0.20588235294117646
2025-09-20,776233,15,6,2,19,6,74,SF,LAD,SF,Kai-Wei Teng,678906,0.4,0.13333333333333333,0.3157894736842105
2025-08-29,776548,23,6,0,46,7,97,NYM,NYM,MIA,Jonah Tong,804636,0.2608695652173913,0.0,0.15217391304347827
2025-09-06,776439,24,6,4,41,11,96,NYM,CIN,NYM,Jonah Tong,804636,0.25,0.16666666666666666,0.2682926829268293
2025-09-12,776359,9,1,3,8,1,40,NYM,NYM,TEX,Jonah Tong,804636,0.1111111111111111,0.3333333333333333,0.125
2025-09-18,776276,18,8,0,45,8,82,NYM,NYM,SD,Jonah Tong,804636,0.4444444444444444,0.0,0.17777777777777778
2025-09-24,776205,14,1,2,23,5,57,NYM,CHC,NYM,Jonah Tong,804636,0.07142857142857142,0.14285714285714285,0.21739130434782608
2025-04-28,778138,17,3,1,35,5,68,NYM,WSH,NYM,Jos\xc3\xa9 Ure\xc3\xb1a,570632,0.17647058823529413,0.058823529411764705,0.14285714285714285
2025-05-06,778025,18,2,1,41,5,74,TOR,LAA,TOR,Jos\xc3\xa9 Ure\xc3\xb1a,570632,0.1111111111111111,0.05555555555555555,0.12195121951219512
2025-05-11,777958,9,0,1,16,2,31,TOR,SEA,TOR,Jos\xc3\xa9 Ure\xc3\xb1a,570632,0.0,0.1111111111111111,0.125
2025-05-15,777913,5,0,1,9,1,17,TOR,TOR,TB,Jos\xc3\xa9 Ure\xc3\xb1a,570632,0.0,0.2,0.1111111111111111
2025-05-21,777837,9,1,0,19,5,35,TOR,TOR,SD,Jos\xc3\xa9 Ure\xc3\xb1a,570632,0.1111111111111111,0.0,0.2631578947368421
2025-05-23,777810,4,0,0,7,2,11,TOR,TB,TOR,Jos\xc3\xa9 Ure\xc3\xb1a,570632,0.0,0.0,0.2857142857142857
2025-05-29,777727,7,2,0,17,4,31,TOR,TOR,ATH,Jos\xc3\xa9 Ure\xc3\xb1a,570632,0.2857142857142857,0.0,0.23529411764705882
2025-06-03,777657,3,0,0,4,0,6,LAD,LAD,NYM,Jos\xc3\xa9 Ure\xc3\xb1a,570632,0.0,0.0,0.0
2025-06-05,777631,10,1,0,22,2,35,LAD,LAD,NYM,Jos\xc3\xa9 Ure\xc3\xb1a,570632,0.1,0.0,0.09090909090909091
2025-08-03,776892,17,2,1,33,7,69,MIN,CLE,MIN,Jos\xc3\xa9 Ure\xc3\xb1a,570632,0.11764705882352941,0.058823529411764705,0.21212121212121213
2025-08-10,776796,15,1,4,24,2,73,MIN,MIN,KC,Jos\xc3\xa9 Ure\xc3\xb1a,570632,0.06666666666666667,0.26666666666666666,0.08333333333333333
2025-08-15,776732,19,3,1,33,5,76,MIN,MIN,DET,Jos\xc3\xa9 Ure\xc3\xb1a,570632,0.15789473684210525,0.05263157894736842,0.15151515151515152
2025-08-21,776653,27,3,2,44,5,96,MIN,MIN,ATH,Jos\xc3\xa9 Ure\xc3\xb1a,570632,0.1111111111111111,0.07407407407407407,0.11363636363636363
2025-09-05,776444,18,6,0,34,11,58,LAA,LAA,ATH,Jos\xc3\xa9 Ure\xc3\xb1a,570632,0.3333333333333333,0.0,0.3235294117647059
2025-09-10,776376,20,3,4,24,4,71,LAA,LAA,MIN,Jos\xc3\xa9 Ure\xc3\xb1a,570632,0.15,0.2,0.16666666666666666
2025-09-14,776317,12,1,1,25,3,50,LAA,SEA,LAA,Jos\xc3\xa9 Ure\xc3\xb1a,570632,0.08333333333333333,0.08333333333333333,0.12
2025-09-17,776291,16,3,4,28,8,70,LAA,MIL,LAA,Jos\xc3\xa9 Ure\xc3\xb1a,570632,0.1875,0.25,0.2857142857142857
2025-09-23,776207,11,0,1,19,2,36,LAA,LAA,KC,Jos\xc3\xa9 Ure\xc3\xb1a,570632,0.0,0.09090909090909091,0.10526315789473684
2025-09-27,776155,8,1,0,14,4,31,LAA,LAA,HOU,Jos\xc3\xa9 Ure\xc3\xb1a,570632,0.125,0.0,0.2857142857142857
2025-03-27,778559,27,4,2,42,11,90,HOU,HOU,NYM,Framber Valdez,664285,0.14814814814814814,0.07407407407407407,0.2619047619047619
2025-04-02,778475,23,9,4,43,12,89,HOU,HOU,SF,Framber Valdez,664285,0.391304347826087,0.17391304347826086,0.27906976744186046
2025-04-08,778398,22,8,1,49,11,94,HOU,SEA,HOU,Framber Valdez,664285,0.36363636363636365,0.045454545454545456,0.22448979591836735
2025-04-14,778325,23,3,1,46,5,89,HOU,STL,HOU,Framber Valdez,664285,0.13043478260869565,0.043478260869565216,0.10869565217391304
2025-04-20,778237,25,2,3,47,8,88,HOU,HOU,SD,Framber Valdez,664285,0.08,0.12,0.1702127659574468
2025-04-26,778167,29,5,2,46,11,96,HOU,KC,HOU,Framber Valdez,664285,0.1724137931034483,0.06896551724137931,0.2391304347826087
2025-05-02,778079,23,6,2,35,10,87,HOU,CWS,HOU,Framber Valdez,664285,0.2608695652173913,0.08695652173913043,0.2857142857142857
2025-05-07,778015,25,7,2,38,11,102,HOU,MIL,HOU,Framber Valdez,664285,0.28,0.08,0.2894736842105263
2025-05-13,777931,29,7,1,43,14,89,HOU,HOU,KC,Framber Valdez,664285,0.2413793103448276,0.034482758620689655,0.32558139534883723
2025-05-18,777869,28,8,1,50,12,98,HOU,TEX,HOU,Framber Valdez,664285,0.2857142857142857,0.03571428571428571,0.24
2025-05-24,777787,25,5,4,35,6,101,HOU,HOU,SEA,Framber Valdez,664285,0.2,0.16,0.17142857142857143
2025-05-30,777714,29,9,1,42,12,84,HOU,HOU,TB,Framber Valdez,664285,0.3103448275862069,0.034482758620689655,0.2857142857142857
2025-06-05,777630,28,11,3,50,20,100,HOU,PIT,HOU,Framber Valdez,664285,0.39285714285714285,0.10714285714285714,0.4
2025-06-12,777546,24,12,1,53,17,95,HOU,HOU,CWS,Framber Valdez,664285,0.5,0.041666666666666664,0.32075471698113206
2025-06-18,777456,26,3,5,40,4,97,HOU,ATH,HOU,Framber Valdez,664285,0.11538461538461539,0.19230769230769232,0.1
2025-06-24,777377,29,3,4,35,3,92,HOU,HOU,PHI,Framber Valdez,664285,0.10344827586206896,0.13793103448275862,0.08571428571428572
2025-06-29,777308,25,6,2,45,12,92,HOU,HOU,CHC,Framber Valdez,664285,0.24,0.08,0.26666666666666666
2025-07-05,777221,28,7,2,51,8,102,HOU,LAD,HOU,Framber Valdez,664285,0.25,0.07142857142857142,0.1568627450980392
2025-07-12,777137,24,10,0,48,13,94,HOU,HOU,TEX,Framber Valdez,664285,0.4166666666666667,0.0,0.2708333333333333
2025-07-22,777040,28,4,1,48,9,93,HOU,AZ,HOU,Framber Valdez,664285,0.14285714285714285,0.03571428571428571,0.1875
2025-07-28,776969,23,12,2,45,22,97,HOU,HOU,WSH,Framber Valdez,664285,0.5217391304347826,0.08695652173913043,0.4888888888888889
2025-08-03,776895,26,3,1,49,9,95,HOU,BOS,HOU,Framber Valdez,664285,0.11538461538461539,0.038461538461538464,0.1836734693877551
2025-08-09,776815,27,1,4,37,5,92,HOU,NYY,HOU,Framber Valdez,664285,0.037037037037037035,0.14814814814814814,0.13513513513513514
2025-08-15,776733,30,6,1,42,13,99,HOU,HOU,BAL,Framber Valdez,664285,0.2,0.03333333333333333,0.30952380952380953
2025-08-20,776673,25,2,4,37,10,96,HOU,DET,HOU,Framber Valdez,664285,0.08,0.16,0.2702702702702703
2025-08-27,776571,25,5,2,51,14,99,HOU,HOU,COL,Framber Valdez,664285,0.2,0.08,0.27450980392156865
2025-09-02,776489,24,8,1,43,13,96,HOU,HOU,NYY,Framber Valdez,664285,0.3333333333333333,0.041666666666666664,0.3023255813953488
2025-09-07,776418,26,5,1,45,9,97,HOU,TEX,HOU,Framber Valdez,664285,0.19230769230769232,0.038461538461538464,0.2
2025-09-14,776329,23,2,4,36,5,76,HOU,ATL,HOU,Framber Valdez,664285,0.08695652173913043,0.17391304347826086,0.1388888888888889
2025-09-20,776248,24,4,4,36,6,87,HOU,HOU,SEA,Framber Valdez,664285,0.16666666666666666,0.16666666666666666,0.16666666666666666
2025-09-25,776182,30,10,2,49,17,92,HOU,ATH,HOU,Framber Valdez,664285,0.3333333333333333,0.06666666666666667,0.3469387755102041
2025-03-29,778520,23,3,4,31,4,92,SD,SD,ATL,Randy V\xc3\xa1squez,681190,0.13043478260869565,0.17391304347826086,0.12903225806451613
2025-04-04,778460,21,2,5,32,4,82,SD,CHC,SD,Randy V\xc3\xa1squez,681190,0.09523809523809523,0.23809523809523808,0.125
2025-04-09,778381,18,1,3,25,3,61,SD,ATH,SD,Randy V\xc3\xa1squez,681190,0.05555555555555555,0.16666666666666666,0.12
2025-04-15,778305,24,2,2,37,5,80,SD,SD,CHC,Randy V\xc3\xa1squez,681190,0.08333333333333333,0.08333333333333333,0.13513513513513514
2025-04-21,778228,15,1,3,30,6,68,SD,DET,SD,Randy V\xc3\xa1squez,681190,0.06666666666666667,0.2,0.2
2025-04-27,778146,21,1,2,34,3,77,SD,SD,TB,Randy V\xc3\xa1squez,681190,0.047619047619047616,0.09523809523809523,0.08823529411764706
2025-05-03,778065,26,3,5,40,10,89,SD,PIT,SD,Randy V\xc3\xa1squez,681190,0.11538461538461539,0.19230769230769232,0.25
2025-05-09,777993,25,5,1,48,6,95,SD,COL,SD,Randy V\xc3\xa1squez,681190,0.2,0.04,0.125
2025-05-14,777914,23,5,1,41,5,90,SD,SD,LAA,Randy V\xc3\xa1squez,681190,0.21739130434782608,0.043478260869565216,0.12195121951219512
2025-05-21,777837,19,4,0,27,3,73,SD,TOR,SD,Randy V\xc3\xa1squez,681190,0.21052631578947367,0.0,0.1111111111111111
2025-05-26,777756,24,4,1,44,10,89,SD,SD,MIA,Randy V\xc3\xa1squez,681190,0.16666666666666666,0.041666666666666664,0.22727272727272727
2025-06-01,777681,18,3,3,35,6,78,SD,SD,PIT,Randy V\xc3\xa1squez,681190,0.16666666666666666,0.16666666666666666,0.17142857142857143
2025-06-06,777617,20,2,4,27,5,78,SD,MIL,SD,Randy V\xc3\xa1squez,681190,0.1,0.2,0.18518518518518517
2025-06-11,777543,18,4,1,38,5,70,SD,SD,LAD,Randy V\xc3\xa1squez,681190,0.2222222222222222,0.05555555555555555,0.13157894736842105
2025-06-17,777471,20,2,0,38,10,68,SD,LAD,SD,Randy V\xc3\xa1squez,681190,0.1,0.0,0.2631578947368421
2025-06-22,777396,28,2,2,49,8,89,SD,SD,KC,Randy V\xc3\xa1squez,681190,0.07142857142857142,0.07142857142857142,0.16326530612244897
2025-06-28,777328,23,3,2,45,3,94,SD,CIN,SD,Randy V\xc3\xa1squez,681190,0.13043478260869565,0.08695652173913043,0.06666666666666667
2025-07-04,777239,25,1,3,41,1,93,SD,SD,TEX,Randy V\xc3\xa1squez,681190,0.04,0.12,0.024390243902439025
2025-07-10,777158,21,1,3,35,3,90,SD,SD,AZ,Randy V\xc3\xa1squez,681190,0.047619047619047616,0.14285714285714285,0.08571428571428572
2025-07-21,777062,19,0,1,34,3,68,SD,MIA,SD,Randy V\xc3\xa1squez,681190,0.0,0.05263157894736842,0.08823529411764706
2025-07-26,776992,17,2,1,32,6,67,SD,STL,SD,Randy V\xc3\xa1squez,681190,0.11764705882352941,0.058823529411764705,0.1875
2025-08-02,776896,20,3,0,33,4,71,SD,SD,STL,Randy V\xc3\xa1squez,681190,0.15,0.0,0.12121212121212122
2025-08-15,776727,14,4,1,25,7,58,SD,LAD,SD,Randy V\xc3\xa1squez,681190,0.2857142857142857,0.07142857142857142,0.28
2025-09-06,776431,25,3,0,45,5,77,SD,COL,SD,Randy V\xc3\xa1squez,681190,0.12,0.0,0.1111111111111111
2025-09-11,776365,22,9,0,47,9,90,SD,SD,COL,Randy V\xc3\xa1squez,681190,0.4090909090909091,0.0,0.19148936170212766
2025-09-18,776276,12,3,1,23,6,48,SD,NYM,SD,Randy V\xc3\xa1squez,681190,0.25,0.08333333333333333,0.2608695652173913
2025-09-23,776214,24,3,2,45,3,99,SD,SD,MIL,Randy V\xc3\xa1squez,681190,0.125,0.08333333333333333,0.06666666666666667
2025-09-28,776136,6,1,0,10,2,19,SD,SD,AZ,Randy V\xc3\xa1squez,681190,0.16666666666666666,0.0,0.2
2025-03-29,778540,22,5,1,38,8,83,SF,CIN,SF,Justin Verlander,434378,0.22727272727272727,0.045454545454545456,0.21052631578947367
2025-04-04,778444,14,2,2,37,12,65,SF,SF,SEA,Justin Verlander,434378,0.14285714285714285,0.14285714285714285,0.32432432432432434
2025-04-09,778376,26,9,3,52,18,90,SF,SF,CIN,Justin Verlander,434378,0.34615384615384615,0.11538461538461539,0.34615384615384615
2025-04-15,778313,26,1,3,47,8,104,SF,PHI,SF,Justin Verlander,434378,0.038461538461538464,0.11538461538461539,0.1702127659574468
2025-04-20,778232,22,6,2,49,12,98,SF,LAA,SF,Justin Verlander,434378,0.2727272727272727,0.09090909090909091,0.24489795918367346
2025-04-25,778171,23,5,1,55,10,89,SF,SF,TEX,Justin Verlander,434378,0.21739130434782608,0.043478260869565216,0.18181818181818182
2025-05-01,778098,25,4,1,40,9,85,SF,SF,COL,Justin Verlander,434378,0.16,0.04,0.225
2025-05-06,778027,21,3,2,37,9,82,SF,CHC,SF,Justin Verlander,434378,0.14285714285714285,0.09523809523809523,0.24324324324324326
2025-05-12,777939,27,5,1,40,7,79,SF,SF,AZ,Justin Verlander,434378,0.18518518518518517,0.037037037037037035,0.175
2025-05-18,777867,20,1,5,25,5,84,SF,SF,ATH,Justin Verlander,434378,0.05,0.25,0.2
2025-06-18,777454,22,6,1,43,11,83,SF,SF,CLE,Justin Verlander,434378,0.2727272727272727,0.045454545454545456,0.2558139534883721
2025-06-24,777364,21,5,1,45,9,86,SF,SF,MIA,Justin Verlander,434378,0.23809523809523808,0.047619047619047616,0.2
2025-06-29,777311,26,3,2,34,5,88,SF,CWS,SF,Justin Verlander,434378,0.11538461538461539,0.07692307692307693,0.14705882352941177
2025-07-04,777244,18,5,1,34,10,60,SF,ATH,SF,Justin Verlander,434378,0.2777777777777778,0.05555555555555555,0.29411764705882354
2025-07-09,777163,25,7,0,51,14,96,SF,SF,PHI,Justin Verlander,434378,0.28,0.0,0.27450980392156865
2025-07-18,777108,18,0,2,36,5,66,SF,TOR,SF,Justin Verlander,434378,0.0,0.1111111111111111,0.1388888888888889
2025-07-23,777041,21,3,5,37,5,98,SF,ATL,SF,Justin Verlander,434378,0.14285714285714285,0.23809523809523808,0.13513513513513514
2025-07-29,776943,22,7,1,42,12,94,SF,SF,PIT,Justin Verlander,434378,0.3181818181818182,0.045454545454545456,0.2857142857142857
2025-08-04,776879,20,4,1,43,11,100,SF,PIT,SF,Justin Verlander,434378,0.2,0.05,0.2558139534883721
2025-08-10,776793,26,6,1,50,7,101,SF,SF,WSH,Justin Verlander,434378,0.23076923076923078,0.038461538461538464,0.14
2025-08-16,776711,24,8,0,44,13,88,SF,SF,TB,Justin Verlander,434378,0.3333333333333333,0.0,0.29545454545454547
2025-08-21,776642,21,4,1,50,9,91,SF,SD,SF,Justin Verlander,434378,0.19047619047619047,0.047619047619047616,0.18
2025-08-26,776576,27,5,2,45,7,101,SF,SF,CHC,Justin Verlander,434378,0.18518518518518517,0.07407407407407407,0.15555555555555556
2025-08-31,776507,22,10,4,64,20,121,SF,SF,BAL,Justin Verlander,434378,0.45454545454545453,0.18181818181818182,0.3125
2025-09-06,776437,22,6,0,44,9,88,SF,STL,SF,Justin Verlander,434378,0.2727272727272727,0.0,0.20454545454545456
2025-09-12,776350,29,4,3,47,11,109,SF,SF,LAD,Justin Verlander,434378,0.13793103448275862,0.10344827586206896,0.23404255319148937
2025-09-17,776279,25,3,2,50,7,107,SF,AZ,SF,Justin Verlander,434378,0.12,0.08,0.14
2025-09-22,776220,24,3,2,37,8,84,SF,SF,STL,Justin Verlander,434378,0.125,0.08333333333333333,0.21621621621621623
2025-09-27,776146,24,7,1,48,15,92,SF,SF,COL,Justin Verlander,434378,0.2916666666666667,0.041666666666666664,0.3125
2025-03-30,778510,18,2,4,40,6,87,KC,KC,CLE,Michael Wacha,608379,0.1111111111111111,0.2222222222222222,0.15
2025-04-05,778441,23,5,1,48,7,93,KC,KC,BAL,Michael Wacha,608379,0.21739130434782608,0.043478260869565216,0.14583333333333334
2025-04-10,778373,22,4,3,43,11,88,KC,KC,MIN,Michael Wacha,608379,0.18181818181818182,0.13636363636363635,0.2558139534883721
2025-04-15,778312,24,4,2,35,9,80,KC,NYY,KC,Michael Wacha,608379,0.16666666666666666,0.08333333333333333,0.2571428571428571
2025-04-20,778246,24,5,0,49,14,89,KC,DET,KC,Michael Wacha,608379,0.20833333333333334,0.0,0.2857142857142857
2025-04-26,778167,24,6,2,43,7,92,KC,KC,HOU,Michael Wacha,608379,0.25,0.08333333333333333,0.16279069767441862
2025-05-02,778093,25,3,1,41,8,83,KC,BAL,KC,Michael Wacha,608379,0.12,0.04,0.1951219512195122
2025-05-07,778012,25,5,1,46,5,84,KC,KC,CWS,Michael Wacha,608379,0.2,0.04,0.10869565217391304
2025-05-12,777948,28,3,2,40,6,88,KC,HOU,KC,Michael Wacha,608379,0.10714285714285714,0.07142857142857142,0.15
2025-05-18,777864,23,6,0,40,8,83,KC,KC,STL,Michael Wacha,608379,0.2608695652173913,0.0,0.2
2025-05-24,777788,23,1,1,36,5,62,KC,MIN,KC,Michael Wacha,608379,0.043478260869565216,0.043478260869565216,0.1388888888888889
2025-05-31,777694,23,6,1,55,9,99,KC,KC,DET,Michael Wacha,608379,0.2608695652173913,0.043478260869565216,0.16363636363636364
2025-06-07,777606,25,5,1,50,11,95,KC,CWS,KC,Michael Wacha,608379,0.2,0.04,0.22
2025-06-13,777529,28,5,2,42,11,93,KC,KC,ATH,Michael Wacha,608379,0.17857142857142858,0.07142857142857142,0.2619047619047619
2025-06-19,777443,23,5,2,49,12,97,KC,TEX,KC,Michael Wacha,608379,0.21739130434782608,0.08695652173913043,0.24489795918367346
2025-06-25,777359,27,9,1,53,19,93,KC,KC,TB,Michael Wacha,608379,0.3333333333333333,0.037037037037037035,0.3584905660377358
2025-06-30,777297,24,1,2,48,9,94,KC,SEA,KC,Michael Wacha,608379,0.041666666666666664,0.08333333333333333,0.1875
2025-07-05,777234,21,4,4,44,15,98,KC,AZ,KC,Michael Wacha,608379,0.19047619047619047,0.19047619047619047,0.3409090909090909
2025-07-11,777151,20,5,3,39,10,83,KC,KC,NYM,Michael Wacha,608379,0.25,0.15,0.2564102564102564
2025-07-19,777093,20,1,1,44,11,78,KC,MIA,KC,Michael Wacha,608379,0.05,0.05,0.25
2025-07-26,777010,20,5,1,41,6,80,KC,KC,CLE,Michael Wacha,608379,0.25,0.05,0.14634146341463414
2025-08-01,776920,28,5,0,55,8,100,KC,TOR,KC,Michael Wacha,608379,0.17857142857142858,0.0,0.14545454545454545
2025-08-06,776856,22,3,0,34,4,74,KC,BOS,KC,Michael Wacha,608379,0.13636363636363635,0.0,0.11764705882352941
2025-08-12,776770,23,3,2,42,9,79,KC,KC,WSH,Michael Wacha,608379,0.13043478260869565,0.08695652173913043,0.21428571428571427
2025-08-18,776690,23,3,0,51,7,93,KC,KC,TEX,Michael Wacha,608379,0.13043478260869565,0.0,0.13725490196078433
2025-08-23,776625,24,4,1,47,5,108,KC,DET,KC,Michael Wacha,608379,0.16666666666666666,0.041666666666666664,0.10638297872340426
2025-08-31,776512,20,4,1,37,5,71,KC,KC,DET,Michael Wacha,608379,0.2,0.05,0.13513513513513514
2025-09-05,776446,23,5,2,40,11,83,KC,KC,MIN,Michael Wacha,608379,0.21739130434782608,0.08695652173913043,0.275
2025-09-16,776302,17,0,0,25,1,47,KC,KC,SEA,Michael Wacha,608379,0.0,0.0,0.04
2025-09-21,776229,24,4,1,43,6,89,KC,KC,TOR,Michael Wacha,608379,0.16666666666666666,0.041666666666666664,0.13953488372093023
2025-09-27,776154,22,5,3,36,6,83,KC,ATH,KC,Michael Wacha,608379,0.22727272727272727,0.13636363636363635,0.16666666666666666
2025-08-02,776907,22,4,2,31,7,75,ATL,CIN,ATL,Hurston Waldrep,694462,0.18181818181818182,0.09090909090909091,0.22580645161290322
2025-08-09,778431,22,6,1,40,10,89,ATL,ATL,MIA,Hurston Waldrep,694462,0.2727272727272727,0.045454545454545456,0.25
2025-08-15,776738,22,7,2,42,13,95,ATL,CLE,ATL,Hurston Waldrep,694462,0.3181818181818182,0.09090909090909091,0.30952380952380953
2025-08-20,776669,23,7,1,46,12,87,ATL,ATL,CWS,Hurston Waldrep,694462,0.30434782608695654,0.043478260869565216,0.2608695652173913
2025-08-26,776581,24,0,1,35,3,88,ATL,MIA,ATL,Hurston Waldrep,694462,0.0,0.041666666666666664,0.08571428571428572
2025-08-31,776522,25,9,3,51,15,103,ATL,PHI,ATL,Hurston Waldrep,694462,0.36,0.12,0.29411764705882354
2025-09-06,776447,22,5,5,36,9,91,ATL,ATL,SEA,Hurston Waldrep,694462,0.22727272727272727,0.22727272727272727,0.25
2025-09-12,776360,24,4,2,34,9,84,ATL,ATL,HOU,Hurston Waldrep,694462,0.16666666666666666,0.08333333333333333,0.2647058823529412
2025-09-17,776286,20,8,0,37,9,83,ATL,WSH,ATL,Hurston Waldrep,694462,0.4,0.0,0.24324324324324326
2025-09-23,776219,26,5,4,43,15,92,ATL,ATL,WSH,Hurston Waldrep,694462,0.19230769230769232,0.15384615384615385,0.3488372093023256
2025-04-03,778467,22,3,1,37,11,74,PHI,PHI,COL,Taijuan Walker,592836,0.13636363636363635,0.045454545454545456,0.2972972972972973
2025-04-09,778393,22,5,3,39,6,94,PHI,ATL,PHI,Taijuan Walker,592836,0.22727272727272727,0.13636363636363635,0.15384615384615385
2025-04-14,778320,22,5,1,37,9,99,PHI,PHI,SF,Taijuan Walker,592836,0.22727272727272727,0.045454545454545456,0.24324324324324326
2025-04-19,778252,17,2,3,19,2,56,PHI,PHI,MIA,Taijuan Walker,592836,0.11764705882352941,0.17647058823529413,0.10526315789473684
2025-04-25,778182,17,4,2,39,6,87,PHI,CHC,PHI,Taijuan Walker,592836,0.23529411764705882,0.11764705882352941,0.15384615384615385
2025-05-01,778099,25,2,3,36,5,85,PHI,PHI,WSH,Taijuan Walker,592836,0.08,0.12,0.1388888888888889
2025-05-07,778021,10,7,0,23,4,45,PHI,TB,PHI,Taijuan Walker,592836,0.7,0.0,0.17391304347826086
2025-05-14,777933,14,2,1,33,3,59,PHI,PHI,STL,Taijuan Walker,592836,0.14285714285714285,0.07142857142857142,0.09090909090909091
2025-05-21,777823,23,2,2,38,4,68,PHI,COL,PHI,Taijuan Walker,592836,0.08695652173913043,0.08695652173913043,0.10526315789473684
2025-05-30,777715,20,6,1,38,10,89,PHI,PHI,MIL,Taijuan Walker,592836,0.3,0.05,0.2631578947368421
2025-06-05,777637,3,1,0,6,2,15,PHI,TOR,PHI,Taijuan Walker,592836,0.3333333333333333,0.0,0.3333333333333333
2025-06-07,777607,5,0,2,11,1,27,PHI,PIT,PHI,Taijuan Walker,592836,0.0,0.4,0.09090909090909091
2025-06-10,777571,5,1,0,6,2,13,PHI,PHI,CHC,Taijuan Walker,592836,0.2,0.0,0.3333333333333333
2025-06-13,777531,4,1,0,7,2,11,PHI,PHI,TOR,Taijuan Walker,592836,0.25,0.0,0.2857142857142857
2025-06-16,777483,3,1,0,4,2,9,PHI,MIA,PHI,Taijuan Walker,592836,0.3333333333333333,0.0,0.5
2025-06-20,777437,4,0,0,5,0,14,PHI,PHI,NYM,Taijuan Walker,592836,0.0,0.0,0.0
2025-06-21,777423,4,1,0,9,3,18,PHI,PHI,NYM,Taijuan Walker,592836,0.25,0.0,0.3333333333333333
2025-06-27,777342,9,1,2,22,3,43,PHI,ATL,PHI,Taijuan Walker,592836,0.1111111111111111,0.2222222222222222,0.13636363636363635
2025-07-02,777273,9,1,1,13,1,33,PHI,PHI,SD,Taijuan Walker,592836,0.1111111111111111,0.1111111111111111,0.07692307692307693
2025-07-08,777186,15,3,2,26,5,63,PHI,SF,PHI,Taijuan Walker,592836,0.2,0.13333333333333333,0.19230769230769232
2025-07-19,777089,20,4,1,34,2,70,PHI,PHI,LAA,Taijuan Walker,592836,0.2,0.05,0.058823529411764705
2025-07-25,777015,23,3,0,39,5,83,PHI,NYY,PHI,Taijuan Walker,592836,0.13043478260869565,0.0,0.1282051282051282
2025-07-30,776939,22,0,0,34,1,80,PHI,CWS,PHI,Taijuan Walker,592836,0.0,0.0,0.029411764705882353
2025-08-05,776868,22,4,0,35,8,83,PHI,PHI,BAL,Taijuan Walker,592836,0.18181818181818182,0.0,0.22857142857142856
2025-08-11,776792,25,2,1,43,7,93,PHI,CIN,PHI,Taijuan Walker,592836,0.08,0.04,0.16279069767441862
2025-08-16,776725,27,3,2,44,6,94,PHI,WSH,PHI,Taijuan Walker,592836,0.1111111111111111,0.07407407407407407,0.13636363636363635
2025-08-22,776648,18,5,3,39,8,79,PHI,PHI,WSH,Taijuan Walker,592836,0.2777777777777778,0.16666666666666666,0.20512820512820512
2025-08-27,776566,24,3,1,47,6,102,PHI,NYM,PHI,Taijuan Walker,592836,0.125,0.041666666666666664,0.1276595744680851
2025-09-01,776500,21,2,2,38,6,85,PHI,MIL,PHI,Taijuan Walker,592836,0.09523809523809523,0.09523809523809523,0.15789473684210525
2025-09-07,776426,28,1,2,39,1,87,PHI,MIA,PHI,Taijuan Walker,592836,0.03571428571428571,0.07142857142857142,0.02564102564102564
2025-09-13,776342,23,3,1,37,7,83,PHI,PHI,KC,Taijuan Walker,592836,0.13043478260869565,0.043478260869565216,0.1891891891891892
2025-09-19,776255,18,2,1,27,8,59,PHI,AZ,PHI,Taijuan Walker,592836,0.1111111111111111,0.05555555555555555,0.2962962962962963
2025-09-25,776188,9,3,2,12,4,35,PHI,PHI,MIA,Taijuan Walker,592836,0.3333333333333333,0.2222222222222222,0.3333333333333333
2025-09-28,776141,6,2,2,10,4,27,PHI,PHI,MIN,Taijuan Walker,592836,0.3333333333333333,0.3333333333333333,0.4
2025-05-20,777848,18,5,1,40,6,80,HOU,TB,HOU,Brandon Walter,687888,0.2777777777777778,0.05555555555555555,0.15
2025-06-08,777591,24,5,0,46,9,90,HOU,CLE,HOU,Brandon Walter,687888,0.20833333333333334,0.0,0.1956521739130435
2025-06-15,777494,27,9,0,53,17,97,HOU,HOU,MIN,Brandon Walter,687888,0.3333333333333333,0.0,0.32075471698113206
2025-06-21,777414,30,6,1,53,12,99,HOU,LAA,HOU,Brandon Walter,687888,0.2,0.03333333333333333,0.22641509433962265
2025-06-27,777336,23,5,0,45,8,85,HOU,HOU,CHC,Brandon Walter,687888,0.21739130434782608,0.0,0.17777777777777778
2025-07-03,777264,23,3,0,49,9,92,HOU,COL,HOU,Brandon Walter,687888,0.13043478260869565,0.0,0.1836734693877551
2025-07-09,777174,20,7,0,44,15,95,HOU,HOU,CLE,Brandon Walter,687888,0.35,0.0,0.3409090909090909
2025-07-18,777099,21,7,1,41,9,95,HOU,SEA,HOU,Brandon Walter,687888,0.3333333333333333,0.047619047619047616,0.21951219512195122
2025-07-23,777032,26,5,1,39,8,82,HOU,AZ,HOU,Brandon Walter,687888,0.19230769230769232,0.038461538461538464,0.20512820512820512
2025-04-01,778492,19,4,4,26,9,85,NYY,NYY,AZ,Will Warren,701542,0.21052631578947367,0.21052631578947367,0.34615384615384615
2025-04-06,778428,19,5,1,33,7,87,NYY,PIT,NYY,Will Warren,701542,0.2631578947368421,0.05263157894736842,0.21212121212121213
2025-04-12,778355,19,6,2,33,13,91,NYY,NYY,SF,Will Warren,701542,0.3157894736842105,0.10526315789473684,0.3939393939393939
2025-04-17,778282,10,1,2,19,1,53,NYY,TB,NYY,Will Warren,701542,0.1,0.2,0.05263157894736842
2025-04-22,778218,20,5,1,32,7,82,NYY,CLE,NYY,Will Warren,701542,0.25,0.05,0.21875
2025-04-28,778140,18,5,2,34,9,72,NYY,BAL,NYY,Will Warren,701542,0.2777777777777778,0.1111111111111111,0.2647058823529412
2025-05-04,778057,26,8,3,43,6,102,NYY,NYY,TB,Will Warren,701542,0.3076923076923077,0.11538461538461539,0.13953488372093023
2025-05-09,777994,27,7,1,40,11,89,NYY,ATH,NYY,Will Warren,701542,0.25925925925925924,0.037037037037037035,0.275
2025-05-14,777915,21,9,1,32,9,92,NYY,SEA,NYY,Will Warren,701542,0.42857142857142855,0.047619047619047616,0.28125
2025-05-20,777849,23,9,1,43,11,101,NYY,NYY,TEX,Will Warren,701542,0.391304347826087,0.043478260869565216,0.2558139534883721
2025-05-25,777768,16,7,2,34,16,57,NYY,COL,NYY,Will Warren,701542,0.4375,0.125,0.47058823529411764
2025-05-31,777698,14,2,4,27,7,59,NYY,LAD,NYY,Will Warren,701542,0.14285714285714285,0.2857142857142857,0.25925925925925924
2025-06-06,777627,23,6,4,33,5,84,NYY,NYY,BOS,Will Warren,701542,0.2608695652173913,0.17391304347826086,0.15151515151515152
2025-06-12,777536,21,4,1,30,5,77,NYY,KC,NYY,Will Warren,701542,0.19047619047619047,0.047619047619047616,0.16666666666666666
2025-06-17,777476,24,11,0,46,14,93,NYY,NYY,LAA,Will Warren,701542,0.4583333333333333,0.0,0.30434782608695654
2025-06-22,777406,27,6,2,38,8,86,NYY,NYY,BAL,Will Warren,701542,0.2222222222222222,0.07407407407407407,0.21052631578947367
2025-06-27,777337,21,7,4,44,11,100,NYY,NYY,ATH,Will Warren,701542,0.3333333333333333,0.19047619047619047,0.25
2025-07-02,777274,25,4,4,38,6,99,NYY,TOR,NYY,Will Warren,701542,0.16,0.16,0.15789473684210525
2025-07-08,777187,23,4,2,37,4,85,NYY,NYY,SEA,Will Warren,701542,0.17391304347826086,0.08695652173913043,0.10810810810810811
2025-07-13,777122,24,1,3,43,5,88,NYY,NYY,CHC,Will Warren,701542,0.041666666666666664,0.125,0.11627906976744186
2025-07-19,777097,18,5,3,36,11,78,NYY,ATL,NYY,Will Warren,701542,0.2777777777777778,0.16666666666666666,0.3055555555555556
2025-07-25,777015,26,7,3,40,10,89,NYY,NYY,PHI,Will Warren,701542,0.2692307692307692,0.11538461538461539,0.25
2025-07-30,776938,24,3,1,45,3,102,NYY,NYY,TB,Will Warren,701542,0.125,0.041666666666666664,0.06666666666666667
2025-08-05,776855,21,5,3,41,11,98,NYY,TEX,NYY,Will Warren,701542,0.23809523809523808,0.14285714285714285,0.2682926829268293
2025-08-11,776790,23,7,0,33,11,85,NYY,NYY,MIN,Will Warren,701542,0.30434782608695654,0.0,0.3333333333333333
2025-08-17,776698,22,3,1,41,1,96,NYY,STL,NYY,Will Warren,701542,0.13636363636363635,0.045454545454545456,0.024390243902439025
2025-08-23,776627,23,3,3,29,4,69,NYY,NYY,BOS,Will Warren,701542,0.13043478260869565,0.13043478260869565,0.13793103448275862
2025-08-28,776556,24,3,2,32,7,93,NYY,CWS,NYY,Will Warren,701542,0.125,0.08333333333333333,0.21875
2025-09-03,776472,19,4,0,30,4,68,NYY,HOU,NYY,Will Warren,701542,0.21052631578947367,0.0,0.13333333333333333
2025-09-09,776398,21,5,1,43,11,91,NYY,NYY,DET,Will Warren,701542,0.23809523809523808,0.047619047619047616,0.2558139534883721
2025-09-14,776330,26,2,1,46,10,89,NYY,BOS,NYY,Will Warren,701542,0.07692307692307693,0.038461538461538464,0.21739130434782608
2025-09-19,776273,23,4,2,37,10,87,NYY,BAL,NYY,Will Warren,701542,0.17391304347826086,0.08695652173913043,0.2702702702702703
2025-09-26,776174,22,7,1,38,10,81,NYY,NYY,BAL,Will Warren,701542,0.3181818181818182,0.045454545454545456,0.2631578947368421
2025-05-14,777921,18,5,1,36,9,76,MIA,CHC,MIA,Ryan Weathers,677960,0.2777777777777778,0.05555555555555555,0.25
2025-05-20,777850,19,4,0,45,9,80,MIA,MIA,CHC,Ryan Weathers,677960,0.21052631578947367,0.0,0.2
2025-05-26,777756,24,6,3,39,10,94,MIA,SD,MIA,Ryan Weathers,677960,0.25,0.125,0.2564102564102564
2025-06-01,777689,26,7,3,47,16,99,MIA,MIA,SF,Ryan Weathers,677960,0.2692307692307692,0.11538461538461539,0.3404255319148936
2025-06-07,777611,15,1,1,26,5,57,MIA,TB,MIA,Ryan Weathers,677960,0.06666666666666667,0.06666666666666667,0.19230769230769232
2025-09-11,776367,19,4,0,37,13,68,MIA,MIA,WSH,Ryan Weathers,677960,0.21052631578947367,0.0,0.35135135135135137
2025-09-17,776277,22,2,2,36,8,80,MIA,COL,MIA,Ryan Weathers,677960,0.09090909090909091,0.09090909090909091,0.2222222222222222
2025-09-24,776201,23,8,2,46,15,88,MIA,PHI,MIA,Ryan Weathers,677960,0.34782608695652173,0.08695652173913043,0.32608695652173914
2025-03-27,778561,22,5,3,26,6,78,SF,CIN,SF,Logan Webb,657277,0.22727272727272727,0.13636363636363635,0.23076923076923078
2025-04-01,778489,23,6,0,50,12,100,SF,HOU,SF,Logan Webb,657277,0.2608695652173913,0.0,0.24
2025-04-07,778410,24,10,0,45,10,97,SF,SF,CIN,Logan Webb,657277,0.4166666666666667,0.0,0.2222222222222222
2025-04-13,778339,24,5,4,42,11,97,SF,NYY,SF,Logan Webb,657277,0.20833333333333334,0.16666666666666666,0.2619047619047619
2025-04-18,778260,23,12,0,49,16,105,SF,LAA,SF,Logan Webb,657277,0.5217391304347826,0.0,0.32653061224489793
2025-04-23,778198,27,6,3,46,11,106,SF,SF,MIL,Logan Webb,657277,0.2222222222222222,0.1111111111111111,0.2391304347826087
2025-04-29,778126,24,6,1,36,8,79,SF,SD,SF,Logan Webb,657277,0.25,0.041666666666666664,0.2222222222222222
2025-05-04,778048,28,6,2,50,14,96,SF,SF,COL,Logan Webb,657277,0.21428571428571427,0.07142857142857142,0.28
2025-05-10,777974,27,9,1,40,9,103,SF,MIN,SF,Logan Webb,657277,0.3333333333333333,0.037037037037037035,0.225
2025-05-16,777891,30,4,2,49,8,107,SF,SF,ATH,Logan Webb,657277,0.13333333333333333,0.06666666666666667,0.16326530612244897
2025-05-21,777819,23,5,0,42,10,77,SF,SF,KC,Logan Webb,657277,0.21739130434782608,0.0,0.23809523809523808
2025-05-27,777755,26,10,1,49,19,104,SF,DET,SF,Logan Webb,657277,0.38461538461538464,0.038461538461538464,0.3877551020408163
2025-06-02,777676,30,6,0,46,9,102,SF,SF,SD,Logan Webb,657277,0.2,0.0,0.1956521739130435
2025-06-07,777598,24,10,0,45,11,100,SF,SF,ATL,Logan Webb,657277,0.4166666666666667,0.0,0.24444444444444444
2025-06-13,777522,25,4,3,49,14,98,SF,LAD,SF,Logan Webb,657277,0.16,0.12,0.2857142857142857
2025-06-19,777440,28,9,0,45,8,97,SF,SF,CLE,Logan Webb,657277,0.32142857142857145,0.0,0.17777777777777778
2025-06-25,777355,25,6,3,52,10,102,SF,SF,MIA,Logan Webb,657277,0.24,0.12,0.19230769230769232
2025-06-30,777291,28,7,1,54,10,104,SF,AZ,SF,Logan Webb,657277,0.25,0.03571428571428571,0.18518518518518517
2025-07-05,777227,28,6,3,49,13,108,SF,ATH,SF,Logan Webb,657277,0.21428571428571427,0.10714285714285714,0.2653061224489796
2025-07-11,777143,24,6,1,40,10,91,SF,SF,LAD,Logan Webb,657277,0.25,0.041666666666666664,0.25
2025-07-19,777094,29,1,1,42,2,80,SF,TOR,SF,Logan Webb,657277,0.034482758620689655,0.034482758620689655,0.047619047619047616
2025-07-25,777004,21,4,1,35,7,81,SF,SF,NYM,Logan Webb,657277,0.19047619047619047,0.047619047619047616,0.2
2025-07-30,776933,26,11,4,41,15,109,SF,SF,PIT,Logan Webb,657277,0.4230769230769231,0.15384615384615385,0.36585365853658536
2025-08-05,776866,25,10,0,52,10,110,SF,PIT,SF,Logan Webb,657277,0.4,0.0,0.19230769230769232
2025-08-11,776780,28,3,1,49,5,98,SF,SF,SD,Logan Webb,657277,0.10714285714285714,0.03571428571428571,0.10204081632653061
2025-08-17,776703,24,7,0,44,13,86,SF,SF,TB,Logan Webb,657277,0.2916666666666667,0.0,0.29545454545454547
2025-08-23,776621,25,4,2,38,5,94,SF,MIL,SF,Logan Webb,657277,0.16,0.08,0.13157894736842105
2025-08-28,776550,25,6,0,46,13,94,SF,SF,CHC,Logan Webb,657277,0.24,0.0,0.2826086956521739
2025-09-02,776486,22,7,2,48,15,94,SF,COL,SF,Logan Webb,657277,0.3181818181818182,0.09090909090909091,0.3125
2025-09-08,776399,26,7,2,50,10,110,SF,SF,AZ,Logan Webb,657277,0.2692307692307692,0.07692307692307693,0.2
2025-09-13,776328,22,5,2,34,8,97,SF,SF,LAD,Logan Webb,657277,0.22727272727272727,0.09090909090909091,0.23529411764705882
2025-09-18,776271,26,5,1,50,7,103,SF,LAD,SF,Logan Webb,657277,0.19230769230769232,0.038461538461538464,0.14
2025-09-23,776211,26,5,2,38,3,97,SF,SF,STL,Logan Webb,657277,0.19230769230769232,0.07692307692307693,0.07894736842105263
2025-09-28,776137,19,8,0,39,17,78,SF,SF,COL,Logan Webb,657277,0.42105263157894735,0.0,0.4358974358974359
2025-09-02,776480,20,4,0,51,8,85,BAL,SD,BAL,Tyler Wells,669330,0.2,0.0,0.1568627450980392
2025-09-10,776387,22,6,1,51,13,89,BAL,BAL,PIT,Tyler Wells,669330,0.2727272727272727,0.045454545454545456,0.2549019607843137
2025-09-17,776285,21,4,0,46,8,89,BAL,CWS,BAL,Tyler Wells,669330,0.19047619047619047,0.0,0.17391304347826086
2025-09-24,776203,19,4,1,43,10,79,BAL,BAL,TB,Tyler Wells,669330,0.21052631578947367,0.05263157894736842,0.23255813953488372
2025-03-29,778539,10,1,0,23,3,39,PIT,MIA,PIT,Joey Wentz,666214,0.1,0.0,0.13043478260869565
2025-03-31,778508,5,1,1,11,2,25,PIT,TB,PIT,Joey Wentz,666214,0.2,0.2,0.18181818181818182
2025-04-01,778493,3,0,0,6,1,17,PIT,TB,PIT,Joey Wentz,666214,0.0,0.0,0.16666666666666666
2025-04-04,778461,10,3,1,19,5,46,PIT,PIT,NYY,Joey Wentz,666214,0.3,0.1,0.2631578947368421
2025-04-06,778428,4,2,0,11,6,20,PIT,PIT,NYY,Joey Wentz,666214,0.5,0.0,0.5454545454545454
2025-04-11,778374,5,2,0,9,3,20,PIT,CIN,PIT,Joey Wentz,666214,0.4,0.0,0.3333333333333333
2025-04-13,778343,4,0,1,9,0,19,PIT,CIN,PIT,Joey Wentz,666214,0.0,0.25,0.0
2025-04-18,778271,7,2,0,16,4,34,PIT,PIT,CLE,Joey Wentz,666214,0.2857142857142857,0.0,0.25
2025-04-20,778242,5,1,0,8,2,16,PIT,PIT,CLE,Joey Wentz,666214,0.2,0.0,0.25
2025-04-26,778163,6,0,2,12,4,33,PIT,LAD,PIT,Joey Wentz,666214,0.0,0.3333333333333333,0.3333333333333333
2025-04-29,778135,3,0,0,4,0,9,PIT,PIT,CHC,Joey Wentz,666214,0.0,0.0,0.0
2025-05-01,778100,6,0,0,13,2,17,PIT,PIT,CHC,Joey Wentz,666214,0.0,0.0,0.15384615384615385
2025-05-04,778051,3,0,1,3,0,11,PIT,PIT,SD,Joey Wentz,666214,0.0,0.3333333333333333,0.0
2025-05-05,778036,9,3,1,19,4,40,PIT,STL,PIT,Joey Wentz,666214,0.3333333333333333,0.1111111111111111,0.21052631578947367
2025-05-11,777967,2,0,0,6,1,9,PIT,PIT,ATL,Joey Wentz,666214,0.0,0.0,0.16666666666666666
2025-05-16,777905,7,1,1,12,1,23,PIT,PHI,PIT,Joey Wentz,666214,0.14285714285714285,0.14285714285714285,0.08333333333333333
2025-05-17,777894,9,2,1,21,5,36,PIT,PHI,PIT,Joey Wentz,666214,0.2222222222222222,0.1111111111111111,0.23809523809523808
2025-05-22,777814,3,0,0,3,0,5,PIT,PIT,MIL,Joey Wentz,666214,0.0,0.0,0.0
2025-05-27,777744,14,4,0,21,5,47,PIT,AZ,PIT,Joey Wentz,666214,0.2857142857142857,0.0,0.23809523809523808
2025-06-12,777533,8,0,3,18,4,38,MIN,MIN,TEX,Joey Wentz,666214,0.0,0.375,0.2222222222222222
2025-06-17,777478,4,0,1,5,1,11,MIN,CIN,MIN,Joey Wentz,666214,0.0,0.25,0.2
2025-06-20,777434,10,1,1,21,3,43,MIN,MIN,MIL,Joey Wentz,666214,0.1,0.1,0.14285714285714285
2025-06-23,777388,11,3,0,20,4,36,MIN,MIN,SEA,Joey Wentz,666214,0.2727272727272727,0.0,0.2
2025-06-28,777324,12,1,4,24,7,48,MIN,DET,MIN,Joey Wentz,666214,0.08333333333333333,0.3333333333333333,0.2916666666666667
2025-07-08,777190,4,1,0,11,2,20,MIN,MIN,CHC,Joey Wentz,666214,0.25,0.0,0.18181818181818182
2025-07-12,777133,10,6,1,19,10,50,ATL,STL,ATL,Joey Wentz,666214,0.6,0.1,0.5263157894736842
2025-07-19,777097,14,2,0,28,6,60,ATL,ATL,NYY,Joey Wentz,666214,0.14285714285714285,0.0,0.21428571428571427
2025-07-25,777009,18,6,1,44,9,81,ATL,TEX,ATL,Joey Wentz,666214,0.3333333333333333,0.05555555555555555,0.20454545454545456
2025-07-30,776936,22,7,3,48,11,95,ATL,KC,ATL,Joey Wentz,666214,0.3181818181818182,0.13636363636363635,0.22916666666666666
2025-08-05,776869,24,3,1,45,10,96,ATL,ATL,MIL,Joey Wentz,666214,0.125,0.041666666666666664,0.2222222222222222
2025-08-10,776803,23,2,3,42,5,88,ATL,ATL,MIA,Joey Wentz,666214,0.08695652173913043,0.13043478260869565,0.11904761904761904
2025-08-16,776720,22,5,2,46,9,93,ATL,CLE,ATL,Joey Wentz,666214,0.22727272727272727,0.09090909090909091,0.1956521739130435
2025-08-22,776645,21,3,2,41,6,79,ATL,ATL,NYM,Joey Wentz,666214,0.14285714285714285,0.09523809523809523,0.14634146341463414
2025-08-27,776565,25,5,2,43,8,97,ATL,MIA,ATL,Joey Wentz,666214,0.2,0.08,0.18604651162790697
2025-09-02,776487,20,8,1,48,11,96,ATL,CHC,ATL,Joey Wentz,666214,0.4,0.05,0.22916666666666666
2025-09-07,776428,16,2,1,29,7,65,ATL,ATL,SEA,Joey Wentz,666214,0.125,0.0625,0.2413793103448276
2025-09-14,776329,18,5,1,47,11,93,ATL,ATL,HOU,Joey Wentz,666214,0.2777777777777778,0.05555555555555555,0.23404255319148937
2025-09-20,776258,23,7,2,43,12,84,ATL,DET,ATL,Joey Wentz,666214,0.30434782608695654,0.08695652173913043,0.27906976744186046
2025-09-26,776180,22,3,2,41,12,86,ATL,ATL,PIT,Joey Wentz,666214,0.13636363636363635,0.09090909090909091,0.2926829268292683
2025-04-01,778489,21,6,3,47,12,88,HOU,HOU,SF,Hayden Wesneski,669713,0.2857142857142857,0.14285714285714285,0.2553191489361702
2025-04-07,778405,24,5,0,48,12,82,HOU,SEA,HOU,Hayden Wesneski,669713,0.20833333333333334,0.0,0.25
2025-04-13,778329,23,10,0,38,10,93,HOU,HOU,LAA,Hayden Wesneski,669713,0.43478260869565216,0.0,0.2631578947368421
2025-04-19,778259,22,4,1,39,9,85,HOU,HOU,SD,Hayden Wesneski,669713,0.18181818181818182,0.045454545454545456,0.23076923076923078
2025-04-25,778187,23,1,0,38,5,80,HOU,KC,HOU,Hayden Wesneski,669713,0.043478260869565216,0.0,0.13157894736842105
2025-05-06,778031,19,3,2,31,3,80,HOU,MIL,HOU,Hayden Wesneski,669713,0.15789473684210525,0.10526315789473684,0.0967741935483871
2025-03-27,778555,20,8,2,50,10,97,PHI,WSH,PHI,Zack Wheeler,554430,0.4,0.1,0.2
2025-04-02,778482,24,10,0,50,24,105,PHI,PHI,COL,Zack Wheeler,554430,0.4166666666666667,0.0,0.48
2025-04-08,778406,27,7,3,53,12,104,PHI,ATL,PHI,Zack Wheeler,554430,0.25925925925925924,0.1111111111111111,0.22641509433962265
2025-04-13,778336,25,3,1,45,10,89,PHI,STL,PHI,Zack Wheeler,554430,0.12,0.04,0.2222222222222222
2025-04-18,778274,26,13,0,51,19,96,PHI,PHI,MIA,Zack Wheeler,554430,0.5,0.0,0.37254901960784315
2025-04-23,778203,25,9,2,55,17,107,PHI,NYM,PHI,Zack Wheeler,554430,0.36,0.08,0.3090909090909091
2025-04-29,778131,27,7,1,52,11,106,PHI,PHI,WSH,Zack Wheeler,554430,0.25925925925925924,0.037037037037037035,0.21153846153846154
2025-05-06,778040,24,9,0,42,13,84,PHI,TB,PHI,Zack Wheeler,554430,0.375,0.0,0.30952380952380953
2025-05-11,777971,25,8,2,49,11,93,PHI,CLE,PHI,Zack Wheeler,554430,0.32,0.08,0.22448979591836735
2025-05-17,777894,21,6,1,49,12,97,PHI,PHI,PIT,Zack Wheeler,554430,0.2857142857142857,0.047619047619047616,0.24489795918367346
2025-05-23,777804,25,8,2,56,10,108,PHI,ATH,PHI,Zack Wheeler,554430,0.32,0.08,0.17857142857142858
2025-05-29,777723,24,6,4,48,13,107,PHI,PHI,ATL,Zack Wheeler,554430,0.25,0.16666666666666666,0.2708333333333333
2025-06-09,777578,23,7,1,57,16,103,PHI,PHI,CHC,Zack Wheeler,554430,0.30434782608695654,0.043478260869565216,0.2807017543859649
2025-06-15,777499,22,9,0,47,12,94,PHI,PHI,TOR,Zack Wheeler,554430,0.4090909090909091,0.0,0.2553191489361702
2025-06-20,777437,21,8,3,44,17,98,PHI,PHI,NYM,Zack Wheeler,554430,0.38095238095238093,0.14285714285714285,0.38636363636363635
2025-06-25,777366,24,8,3,47,11,100,PHI,HOU,PHI,Zack Wheeler,554430,0.3333333333333333,0.125,0.23404255319148937
2025-06-30,777306,30,10,0,59,19,107,PHI,PHI,SD,Zack Wheeler,554430,0.3333333333333333,0.0,0.3220338983050847
2025-07-06,777217,28,12,0,54,20,108,PHI,PHI,CIN,Zack Wheeler,554430,0.42857142857142855,0.0,0.37037037037037035
2025-07-12,777126,26,6,1,45,10,105,PHI,SD,PHI,Zack Wheeler,554430,0.23076923076923078,0.038461538461538464,0.2222222222222222
2025-07-21,777063,25,10,0,59,20,105,PHI,PHI,BOS,Zack Wheeler,554430,0.4,0.0,0.3389830508474576
2025-07-27,776988,26,8,2,49,19,103,PHI,NYY,PHI,Zack Wheeler,554430,0.3076923076923077,0.07692307692307693,0.3877551020408163
2025-08-02,776912,28,10,0,48,13,98,PHI,PHI,DET,Zack Wheeler,554430,0.35714285714285715,0.0,0.2708333333333333
2025-08-10,776800,21,7,3,41,18,83,PHI,TEX,PHI,Zack Wheeler,554430,0.3333333333333333,0.14285714285714285,0.43902439024390244
2025-08-15,776739,20,6,2,50,10,97,PHI,WSH,PHI,Zack Wheeler,554430,0.3,0.1,0.2
2025-07-28,776964,22,3,2,33,5,85,SF,SF,PIT,Carson Whisenhunt,687931,0.13636363636363635,0.09090909090909091,0.15151515151515152
2025-08-03,776887,21,4,2,32,6,75,SF,NYM,SF,Carson Whisenhunt,687931,0.19047619047619047,0.09523809523809523,0.1875
2025-08-09,776802,20,5,3,36,19,78,SF,SF,WSH,Carson Whisenhunt,687931,0.25,0.15,0.5277777777777778
2025-08-22,776634,17,1,2,42,5,88,SF,MIL,SF,Carson Whisenhunt,687931,0.058823529411764705,0.11764705882352941,0.11904761904761904
2025-08-27,776557,22,3,3,41,8,82,SF,SF,CHC,Carson Whisenhunt,687931,0.13636363636363635,0.13636363636363635,0.1951219512195122
2025-03-29,778529,19,2,1,36,6,74,CLE,KC,CLE,Gavin Williams,668909,0.10526315789473684,0.05263157894736842,0.16666666666666666
2025-04-04,778447,18,5,3,38,10,75,CLE,LAA,CLE,Gavin Williams,668909,0.2777777777777778,0.16666666666666666,0.2631578947368421
2025-04-10,778378,19,7,2,43,15,94,CLE,CLE,CWS,Gavin Williams,668909,0.3684210526315789,0.10526315789473684,0.3488372093023256
2025-04-16,778301,27,4,4,42,13,102,CLE,BAL,CLE,Gavin Williams,668909,0.14814814814814814,0.14814814814814814,0.30952380952380953
2025-04-21,778227,26,8,2,58,18,104,CLE,CLE,NYY,Gavin Williams,668909,0.3076923076923077,0.07692307692307693,0.3103448275862069
2025-04-28,778139,14,2,2,30,5,61,CLE,CLE,MIN,Gavin Williams,668909,0.14285714285714285,0.14285714285714285,0.16666666666666666
2025-05-03,778064,23,8,5,46,15,100,CLE,TOR,CLE,Gavin Williams,668909,0.34782608695652173,0.21739130434782608,0.32608695652173914
2025-05-09,777997,21,7,4,35,12,98,CLE,CLE,PHI,Gavin Williams,668909,0.3333333333333333,0.19047619047619047,0.34285714285714286
2025-05-14,777925,20,6,1,42,12,95,CLE,CLE,MIL,Gavin Williams,668909,0.3,0.05,0.2857142857142857
2025-05-21,777829,22,6,2,44,13,98,CLE,MIN,CLE,Gavin Williams,668909,0.2727272727272727,0.09090909090909091,0.29545454545454547
2025-05-26,777769,24,3,6,51,14,109,CLE,CLE,LAD,Gavin Williams,668909,0.125,0.25,0.27450980392156865
2025-06-01,777683,24,6,2,40,8,103,CLE,CLE,LAA,Gavin Williams,668909,0.25,0.08333333333333333,0.2
2025-06-07,777608,25,5,2,43,10,92,CLE,CLE,HOU,Gavin Williams,668909,0.2,0.08,0.23255813953488372
2025-06-13,777520,21,1,3,36,6,89,CLE,SEA,CLE,Gavin Williams,668909,0.047619047619047616,0.14285714285714285,0.16666666666666666
2025-06-19,777440,23,5,3,47,11,104,CLE,SF,CLE,Gavin Williams,668909,0.21739130434782608,0.13043478260869565,0.23404255319148937
2025-06-25,777368,24,2,3,40,6,85,CLE,CLE,TOR,Gavin Williams,668909,0.08333333333333333,0.125,0.15
2025-07-01,777287,25,2,4,39,7,96,CLE,CHC,CLE,Gavin Williams,668909,0.08,0.16,0.1794871794871795
2025-07-06,777226,22,8,3,46,18,97,CLE,CLE,DET,Gavin Williams,668909,0.36363636363636365,0.13636363636363635,0.391304347826087
2025-07-11,777146,24,5,5,45,10,102,CLE,CWS,CLE,Gavin Williams,668909,0.20833333333333334,0.20833333333333334,0.2222222222222222
2025-07-20,777084,26,11,1,49,19,96,CLE,CLE,ATH,Gavin Williams,668909,0.4230769230769231,0.038461538461538464,0.3877551020408163
2025-07-26,777010,24,3,2,41,4,79,CLE,KC,CLE,Gavin Williams,668909,0.125,0.08333333333333333,0.0975609756097561
2025-08-01,776924,23,8,2,37,9,96,CLE,CLE,MIN,Gavin Williams,668909,0.34782608695652173,0.08695652173913043,0.24324324324324326
2025-08-06,776846,31,6,4,56,14,126,CLE,NYM,CLE,Gavin Williams,668909,0.1935483870967742,0.12903225806451613,0.25
2025-08-13,776766,16,4,1,34,7,75,CLE,CLE,MIA,Gavin Williams,668909,0.25,0.0625,0.20588235294117646
2025-08-18,776682,22,5,1,46,8,99,CLE,AZ,CLE,Gavin Williams,668909,0.22727272727272727,0.045454545454545456,0.17391304347826086
2025-08-24,776611,17,3,4,38,4,90,CLE,TEX,CLE,Gavin Williams,668909,0.17647058823529413,0.23529411764705882,0.10526315789473684
2025-08-30,776537,26,8,1,54,16,95,CLE,CLE,SEA,Gavin Williams,668909,0.3076923076923077,0.038461538461538464,0.2962962962962963
2025-09-05,776451,29,3,3,42,10,95,CLE,TB,CLE,Gavin Williams,668909,0.10344827586206896,0.10344827586206896,0.23809523809523808
2025-09-11,776370,25,6,3,47,12,105,CLE,CLE,KC,Gavin Williams,668909,0.24,0.12,0.2553191489361702
2025-09-17,776296,20,9,2,53,13,100,CLE,DET,CLE,Gavin Williams,668909,0.45,0.1,0.24528301886792453
2025-09-23,776218,24,12,2,39,18,91,CLE,CLE,DET,Gavin Williams,668909,0.5,0.08333333333333333,0.46153846153846156
2025-09-30,813072,24,8,1,48,18,88,CLE,CLE,DET,Gavin Williams,668909,0.3333333333333333,0.041666666666666664,0.375
2025-04-01,778491,23,3,0,43,11,84,WSH,TOR,WSH,Trevor Williams,592866,0.13043478260869565,0.0,0.2558139534883721
2025-04-06,778429,22,6,2,40,8,96,WSH,WSH,AZ,Trevor Williams,592866,0.2727272727272727,0.09090909090909091,0.2
2025-04-12,778354,23,2,1,36,5,81,WSH,MIA,WSH,Trevor Williams,592866,0.08695652173913043,0.043478260869565216,0.1388888888888889
2025-04-17,778280,21,5,3,37,10,90,WSH,PIT,WSH,Trevor Williams,592866,0.23809523809523808,0.14285714285714285,0.2702702702702703
2025-04-23,778204,22,5,1,44,6,99,WSH,WSH,BAL,Trevor Williams,592866,0.22727272727272727,0.045454545454545456,0.13636363636363635
2025-04-28,778138,23,5,2,46,7,99,WSH,WSH,NYM,Trevor Williams,592866,0.21739130434782608,0.08695652173913043,0.15217391304347827
2025-05-03,778077,26,4,2,39,8,87,WSH,CIN,WSH,Trevor Williams,592866,0.15384615384615385,0.07692307692307693,0.20512820512820512
2025-05-10,777980,26,4,1,41,9,96,WSH,WSH,STL,Trevor Williams,592866,0.15384615384615385,0.038461538461538464,0.21951219512195122
2025-05-15,777909,20,4,0,35,8,77,WSH,ATL,WSH,Trevor Williams,592866,0.2,0.0,0.22857142857142856
2025-05-22,777820,18,3,3,38,6,82,WSH,WSH,ATL,Trevor Williams,592866,0.16666666666666666,0.16666666666666666,0.15789473684210525
2025-05-28,777730,20,2,0,36,5,77,WSH,SEA,WSH,Trevor Williams,592866,0.1,0.0,0.1388888888888889
2025-06-03,777659,20,4,1,38,6,76,WSH,WSH,CHC,Trevor Williams,592866,0.2,0.05,0.15789473684210525
2025-06-08,777596,19,2,0,43,5,81,WSH,WSH,TEX,Trevor Williams,592866,0.10526315789473684,0.0,0.11627906976744186
2025-06-14,777514,23,3,1,39,4,80,WSH,WSH,MIA,Trevor Williams,592866,0.13043478260869565,0.043478260869565216,0.10256410256410256
2025-06-19,777445,24,6,1,47,11,87,WSH,WSH,COL,Trevor Williams,592866,0.25,0.041666666666666664,0.23404255319148937
2025-06-24,777372,24,3,2,32,4,70,WSH,SD,WSH,Trevor Williams,592866,0.125,0.08333333333333333,0.125
2025-07-02,777284,19,4,1,40,7,86,WSH,WSH,DET,Trevor Williams,592866,0.21052631578947367,0.05263157894736842,0.175
2025-03-29,778534,4,1,0,7,1,16,CWS,CWS,LAA,Bryse Wilson,669060,0.25,0.0,0.14285714285714285
2025-03-30,778527,3,1,0,4,1,16,CWS,CWS,LAA,Bryse Wilson,669060,0.3333333333333333,0.0,0.25
2025-04-01,778490,3,0,1,7,0,16,CWS,CWS,MIN,Bryse Wilson,669060,0.0,0.3333333333333333,0.0
2025-04-04,778458,13,5,2,27,5,64,CWS,DET,CWS,Bryse Wilson,669060,0.38461538461538464,0.15384615384615385,0.18518518518518517
2025-04-10,778378,7,0,0,10,2,19,CWS,CLE,CWS,Bryse Wilson,669060,0.0,0.0,0.2
2025-04-13,778338,7,1,0,14,4,25,CWS,CWS,BOS,Bryse Wilson,669060,0.14285714285714285,0.0,0.2857142857142857
2025-04-15,778309,6,0,0,8,1,21,CWS,CWS,ATH,Bryse Wilson,669060,0.0,0.0,0.125
2025-04-17,778283,6,0,0,16,2,22,CWS,CWS,ATH,Bryse Wilson,669060,0.0,0.0,0.125
2025-04-18,778275,5,0,0,9,0,18,CWS,BOS,CWS,Bryse Wilson,669060,0.0,0.0,0.0
2025-04-23,778201,16,2,3,21,3,55,CWS,MIN,CWS,Bryse Wilson,669060,0.125,0.1875,0.14285714285714285
2025-04-29,778125,14,1,3,22,3,58,CWS,CWS,MIL,Bryse Wilson,669060,0.07142857142857142,0.21428571428571427,0.13636363636363635
2025-05-04,778055,24,4,2,47,9,89,CWS,CWS,HOU,Bryse Wilson,669060,0.16666666666666666,0.08333333333333333,0.19148936170212766
2025-05-09,777991,20,1,2,38,6,83,CWS,CWS,MIA,Bryse Wilson,669060,0.05,0.1,0.15789473684210525
2025-05-15,777912,27,3,1,43,7,90,CWS,CIN,CWS,Bryse Wilson,669060,0.1111111111111111,0.037037037037037035,0.16279069767441862
2025-05-24,777792,22,4,2,45,7,96,CWS,CWS,TEX,Bryse Wilson,669060,0.18181818181818182,0.09090909090909091,0.15555555555555556
2025-05-28,777737,3,1,1,4,3,11,CWS,NYM,CWS,Bryse Wilson,669060,0.3333333333333333,0.3333333333333333,0.75
2025-06-02,777674,27,2,1,45,4,80,CWS,CWS,DET,Bryse Wilson,669060,0.07407407407407407,0.037037037037037035,0.08888888888888889
2025-06-06,777618,3,0,0,6,0,13,CWS,CWS,KC,Bryse Wilson,669060,0.0,0.0,0.0
2025-06-08,777590,10,1,1,18,3,41,CWS,CWS,KC,Bryse Wilson,669060,0.1,0.1,0.16666666666666666
2025-09-02,776484,6,1,0,8,0,21,CWS,MIN,CWS,Bryse Wilson,669060,0.16666666666666666,0.0,0.0
2025-03-30,778513,23,5,2,44,8,76,SEA,SEA,ATH,Bryan Woo,693433,0.21739130434782608,0.08695652173913043,0.18181818181818182
2025-04-06,778427,24,6,1,50,10,89,SEA,SF,SEA,Bryan Woo,693433,0.25,0.041666666666666664,0.2
2025-04-12,778341,27,7,1,50,11,91,SEA,SEA,TEX,Bryan Woo,693433,0.25925925925925924,0.037037037037037035,0.22
2025-04-18,778273,30,4,2,53,8,97,SEA,TOR,SEA,Bryan Woo,693433,0.13333333333333333,0.06666666666666667,0.1509433962264151
2025-04-24,778196,23,8,1,46,16,91,SEA,BOS,SEA,Bryan Woo,693433,0.34782608695652173,0.043478260869565216,0.34782608695652173
2025-05-02,778083,20,8,0,48,12,87,SEA,TEX,SEA,Bryan Woo,693433,0.4,0.0,0.25
2025-05-07,778010,27,6,1,51,11,100,SEA,ATH,SEA,Bryan Woo,693433,0.2222222222222222,0.037037037037037035,0.21568627450980393
2025-05-13,777926,23,6,0,49,10,88,SEA,SEA,NYY,Bryan Woo,693433,0.2608695652173913,0.0,0.20408163265306123
2025-05-18,777868,25,5,0,51,8,87,SEA,SD,SEA,Bryan Woo,693433,0.2,0.0,0.1568627450980392
2025-05-24,777787,27,5,0,40,5,93,SEA,HOU,SEA,Bryan Woo,693433,0.18518518518518517,0.0,0.125
2025-05-30,777713,27,3,1,49,5,95,SEA,SEA,MIN,Bryan Woo,693433,0.1111111111111111,0.037037037037037035,0.10204081632653061
2025-06-05,777628,24,6,2,45,12,88,SEA,SEA,BAL,Bryan Woo,693433,0.25,0.08333333333333333,0.26666666666666666
2025-06-11,777548,26,3,1,38,6,79,SEA,AZ,SEA,Bryan Woo,693433,0.11538461538461539,0.038461538461538464,0.15789473684210525
2025-06-17,777473,24,6,2,44,14,86,SEA,SEA,BOS,Bryan Woo,693433,0.25,0.08333333333333333,0.3181818181818182
2025-06-23,777388,26,9,1,47,15,91,SEA,MIN,SEA,Bryan Woo,693433,0.34615384615384615,0.038461538461538464,0.3191489361702128
2025-06-28,777322,24,9,2,47,18,97,SEA,TEX,SEA,Bryan Woo,693433,0.375,0.08333333333333333,0.3829787234042553
2025-07-04,777236,23,8,2,49,12,93,SEA,SEA,PIT,Bryan Woo,693433,0.34782608695652173,0.08695652173913043,0.24489795918367346
2025-07-10,777169,25,5,2,57,12,103,SEA,NYY,SEA,Bryan Woo,693433,0.2,0.08,0.21052631578947367
2025-07-20,777067,26,6,1,52,14,91,SEA,SEA,HOU,Bryan Woo,693433,0.23076923076923078,0.038461538461538464,0.2692307692307692
2025-07-25,777006,24,6,2,47,11,96,SEA,LAA,SEA,Bryan Woo,693433,0.25,0.08333333333333333,0.23404255319148937
2025-07-30,776930,27,6,1,52,11,84,SEA,ATH,SEA,Bryan Woo,693433,0.2222222222222222,0.037037037037037035,0.21153846153846154
2025-08-05,776857,23,9,0,43,10,83,SEA,SEA,CWS,Bryan Woo,693433,0.391304347826087,0.0,0.23255813953488372
2025-08-10,776791,26,9,1,64,15,99,SEA,SEA,TB,Bryan Woo,693433,0.34615384615384615,0.038461538461538464,0.234375
2025-08-16,776726,26,8,2,49,9,101,SEA,NYM,SEA,Bryan Woo,693433,0.3076923076923077,0.07692307692307693,0.1836734693877551
2025-08-22,776638,24,7,2,46,13,88,SEA,SEA,ATH,Bryan Woo,693433,0.2916666666666667,0.08333333333333333,0.2826086956521739
2025-08-27,776561,25,6,1,51,8,95,SEA,SEA,SD,Bryan Woo,693433,0.24,0.04,0.1568627450980392
2025-09-02,776485,22,3,3,44,7,84,SEA,TB,SEA,Bryan Woo,693433,0.13636363636363635,0.13636363636363635,0.1590909090909091
2025-09-08,776400,21,9,0,53,14,95,SEA,SEA,STL,Bryan Woo,693433,0.42857142857142855,0.0,0.2641509433962264
2025-09-13,776333,22,13,1,54,23,100,SEA,SEA,LAA,Bryan Woo,693433,0.5909090909090909,0.045454545454545456,0.42592592592592593
2025-09-19,776262,17,7,1,29,9,67,SEA,HOU,SEA,Bryan Woo,693433,0.4117647058823529,0.058823529411764705,0.3103448275862069
2025-07-06,777224,20,8,0,33,10,70,MIL,MIA,MIL,Brandon Woodruff,605540,0.4,0.0,0.30303030303030304
2025-07-12,777135,18,10,0,39,9,81,MIL,MIL,WSH,Brandon Woodruff,605540,0.5555555555555556,0.0,0.23076923076923078
2025-07-21,777050,21,5,0,30,9,62,MIL,SEA,MIL,Brandon Woodruff,605540,0.23809523809523808,0.0,0.3
2025-07-27,776978,25,6,3,34,6,85,MIL,MIL,MIA,Brandon Woodruff,605540,0.24,0.12,0.17647058823529413
2025-08-02,776903,20,8,1,42,10,88,MIL,WSH,MIL,Brandon Woodruff,605540,0.4,0.05,0.23809523809523808
2025-08-08,776828,25,8,2,43,13,79,MIL,MIL,NYM,Brandon Woodruff,605540,0.32,0.08,0.3023255813953488
2025-08-13,776755,18,4,2,31,6,65,MIL,MIL,PIT,Brandon Woodruff,605540,0.2222222222222222,0.1111111111111111,0.1935483870967742
2025-08-19,776676,21,6,3,47,11,94,MIL,CHC,MIL,Brandon Woodruff,605540,0.2857142857142857,0.14285714285714285,0.23404255319148937
2025-08-25,776593,24,8,1,50,19,97,MIL,MIL,AZ,Brandon Woodruff,605540,0.3333333333333333,0.041666666666666664,0.38
2025-08-31,776515,27,3,2,45,5,89,MIL,TOR,MIL,Brandon Woodruff,605540,0.1111111111111111,0.07407407407407407,0.1111111111111111
2025-09-06,776441,20,8,0,47,6,85,MIL,PIT,MIL,Brandon Woodruff,605540,0.4,0.0,0.1276595744680851
2025-09-17,776291,18,9,0,39,14,69,MIL,MIL,LAA,Brandon Woodruff,605540,0.5,0.0,0.358974358974359
2025-04-01,778490,17,4,1,40,10,82,MIN,CWS,MIN,Simeon Woods Richardson,680573,0.23529411764705882,0.058823529411764705,0.25
2025-04-07,778412,28,6,4,49,7,108,MIN,KC,MIN,Simeon Woods Richardson,680573,0.21428571428571427,0.14285714285714285,0.14285714285714285
2025-04-13,778335,21,5,0,43,6,78,MIN,MIN,DET,Simeon Woods Richardson,680573,0.23809523809523808,0.0,0.13953488372093023
2025-04-19,778267,21,3,1,41,10,85,MIN,ATL,MIN,Simeon Woods Richardson,680573,0.14285714285714285,0.047619047619047616,0.24390243902439024
2025-04-26,778166,20,7,0,39,10,86,MIN,MIN,LAA,Simeon Woods Richardson,680573,0.35,0.0,0.2564102564102564
2025-05-01,778108,20,3,5,47,13,98,MIN,CLE,MIN,Simeon Woods Richardson,680573,0.15,0.25,0.2765957446808511
2025-05-07,778011,19,1,1,26,2,61,MIN,MIN,BAL,Simeon Woods Richardson,680573,0.05263157894736842,0.05263157894736842,0.07692307692307693
2025-05-14,777938,21,4,2,46,12,87,MIN,BAL,MIN,Simeon Woods Richardson,680573,0.19047619047619047,0.09523809523809523,0.2608695652173913
2025-06-10,777557,26,4,3,39,7,98,MIN,MIN,TEX,Simeon Woods Richardson,680573,0.15384615384615385,0.11538461538461539,0.1794871794871795
2025-06-15,777494,17,4,1,29,7,53,MIN,HOU,MIN,Simeon Woods Richardson,680573,0.23529411764705882,0.058823529411764705,0.2413793103448276
2025-06-21,777412,26,3,3,45,5,95,MIN,MIN,MIL,Simeon Woods Richardson,680573,0.11538461538461539,0.11538461538461539,0.1111111111111111
2025-06-26,777356,18,6,1,43,9,82,MIN,MIN,SEA,Simeon Woods Richardson,680573,0.3333333333333333,0.05555555555555555,0.20930232558139536
2025-07-02,777275,19,3,2,39,7,76,MIN,MIA,MIN,Simeon Woods Richardson,680573,0.15789473684210525,0.10526315789473684,0.1794871794871795
2025-07-08,777190,19,4,3,26,5,61,MIN,MIN,CHC,Simeon Woods Richardson,680573,0.21052631578947367,0.15789473684210525,0.19230769230769232
2025-07-13,777113,21,3,1,47,9,77,MIN,MIN,PIT,Simeon Woods Richardson,680573,0.14285714285714285,0.047619047619047616,0.19148936170212766
2025-07-22,777039,14,2,5,19,4,58,MIN,LAD,MIN,Simeon Woods Richardson,680573,0.14285714285714285,0.35714285714285715,0.21052631578947367
2025-07-28,776961,23,5,2,42,8,99,MIN,MIN,BOS,Simeon Woods Richardson,680573,0.21739130434782608,0.08695652173913043,0.19047619047619047
2025-08-27,776567,18,2,2,33,6,69,MIN,TOR,MIN,Simeon Woods Richardson,680573,0.1111111111111111,0.1111111111111111,0.18181818181818182
2025-09-02,776484,21,7,3,38,7,85,MIN,MIN,CWS,Simeon Woods Richardson,680573,0.3333333333333333,0.14285714285714285,0.18421052631578946
2025-09-08,776411,21,6,1,48,15,89,MIN,LAA,MIN,Simeon Woods Richardson,680573,0.2857142857142857,0.047619047619047616,0.3125
2025-09-15,776313,22,11,3,40,15,92,MIN,MIN,NYY,Simeon Woods Richardson,680573,0.5,0.13636363636363635,0.375
2025-09-21,776225,21,3,2,33,2,80,MIN,MIN,CLE,Simeon Woods Richardson,680573,0.14285714285714285,0.09523809523809523,0.06060606060606061
2025-09-28,776141,19,9,0,47,19,82,MIN,PHI,MIN,Simeon Woods Richardson,680573,0.47368421052631576,0.0,0.40425531914893614
2025-03-28,778544,22,10,2,37,13,91,LAD,LAD,DET,Yoshinobu Yamamoto,808967,0.45454545454545453,0.09090909090909091,0.35135135135135137
2025-04-04,778459,22,5,3,43,11,97,LAD,PHI,LAD,Yoshinobu Yamamoto,808967,0.22727272727272727,0.13636363636363635,0.2558139534883721
2025-04-11,778356,20,9,1,41,11,103,LAD,LAD,CHC,Yoshinobu Yamamoto,808967,0.45,0.05,0.2682926829268293
2025-04-18,778263,25,9,0,56,19,102,LAD,TEX,LAD,Yoshinobu Yamamoto,808967,0.36,0.0,0.3392857142857143
2025-04-25,778176,24,5,4,41,9,94,LAD,LAD,PIT,Yoshinobu Yamamoto,808967,0.20833333333333334,0.16666666666666666,0.21951219512195122
2025-05-02,778092,21,6,2,46,17,91,LAD,ATL,LAD,Yoshinobu Yamamoto,808967,0.2857142857142857,0.09523809523809523,0.3695652173913043
2025-05-08,777999,22,4,1,37,9,88,LAD,AZ,LAD,Yoshinobu Yamamoto,808967,0.18181818181818182,0.045454545454545456,0.24324324324324326
2025-05-14,777917,24,6,2,50,13,88,LAD,LAD,ATH,Yoshinobu Yamamoto,808967,0.25,0.08333333333333333,0.26
2025-05-20,777838,24,9,2,42,8,110,LAD,LAD,AZ,Yoshinobu Yamamoto,808967,0.375,0.08333333333333333,0.19047619047619047
2025-05-26,777769,23,7,2,40,8,88,LAD,CLE,LAD,Yoshinobu Yamamoto,808967,0.30434782608695654,0.08695652173913043,0.2
2025-06-01,777682,21,2,3,46,8,96,LAD,LAD,NYY,Yoshinobu Yamamoto,808967,0.09523809523809523,0.14285714285714285,0.17391304347826086
2025-06-07,777601,24,9,2,42,14,94,LAD,STL,LAD,Yoshinobu Yamamoto,808967,0.375,0.08333333333333333,0.3333333333333333
2025-06-13,777522,24,4,5,35,6,102,LAD,LAD,SF,Yoshinobu Yamamoto,808967,0.16666666666666666,0.20833333333333334,0.17142857142857143
2025-06-19,777442,25,5,0,50,6,100,LAD,LAD,SD,Yoshinobu Yamamoto,808967,0.2,0.0,0.12
2025-06-25,777358,16,6,1,27,10,56,LAD,COL,LAD,Yoshinobu Yamamoto,808967,0.375,0.0625,0.37037037037037035
2025-07-01,777280,25,8,1,48,9,98,LAD,LAD,CWS,Yoshinobu Yamamoto,808967,0.32,0.04,0.1875
2025-07-07,777201,9,0,2,18,4,41,LAD,MIL,LAD,Yoshinobu Yamamoto,808967,0.0,0.2222222222222222,0.2222222222222222
2025-07-13,777119,26,7,2,47,13,92,LAD,SF,LAD,Yoshinobu Yamamoto,808967,0.2692307692307692,0.07692307692307693,0.2765957446808511
2025-07-22,777039,22,8,1,48,12,101,LAD,LAD,MIN,Yoshinobu Yamamoto,808967,0.36363636363636365,0.045454545454545456,0.25
2025-07-28,776967,27,9,2,48,18,101,LAD,CIN,LAD,Yoshinobu Yamamoto,808967,0.3333333333333333,0.07407407407407407,0.375
2025-08-03,776889,23,6,0,46,7,88,LAD,TB,LAD,Yoshinobu Yamamoto,808967,0.2608695652173913,0.0,0.15217391304347827
2025-08-11,776779,25,6,5,40,10,100,LAD,LAA,LAD,Yoshinobu Yamamoto,808967,0.24,0.2,0.25
2025-08-18,776693,27,6,2,49,11,103,LAD,COL,LAD,Yoshinobu Yamamoto,808967,0.2222222222222222,0.07407407407407407,0.22448979591836735
2025-08-24,776603,23,6,2,42,13,92,LAD,SD,LAD,Yoshinobu Yamamoto,808967,0.2608695652173913,0.08695652173913043,0.30952380952380953
2025-08-31,776509,25,10,0,50,19,98,LAD,LAD,AZ,Yoshinobu Yamamoto,808967,0.4,0.0,0.38
2025-09-06,776443,28,10,2,58,22,112,LAD,BAL,LAD,Yoshinobu Yamamoto,808967,0.35714285714285715,0.07142857142857142,0.3793103448275862
2025-09-12,776350,23,10,1,53,15,91,LAD,SF,LAD,Yoshinobu Yamamoto,808967,0.43478260869565216,0.043478260869565216,0.2830188679245283
2025-09-18,776271,22,7,6,40,13,108,LAD,LAD,SF,Yoshinobu Yamamoto,808967,0.3181818181818182,0.2727272727272727,0.325
2025-09-25,776185,24,7,2,45,16,94,LAD,AZ,LAD,Yoshinobu Yamamoto,808967,0.2916666666666667,0.08333333333333333,0.35555555555555557
2025-10-01,813068,28,9,2,52,15,113,LAD,LAD,CIN,Yoshinobu Yamamoto,808967,0.32142857142857145,0.07142857142857142,0.28846153846153844
2025-03-30,778523,4,1,0,7,3,12,NYY,NYY,MIL,Ryan Yarbrough,642232,0.25,0.0,0.42857142857142855
2025-04-03,778466,6,0,2,7,1,24,NYY,NYY,AZ,Ryan Yarbrough,642232,0.0,0.3333333333333333,0.14285714285714285
2025-04-05,778449,7,5,1,12,2,38,NYY,PIT,NYY,Ryan Yarbrough,642232,0.7142857142857143,0.14285714285714285,0.16666666666666666
2025-04-08,778403,7,3,0,17,8,27,NYY,DET,NYY,Ryan Yarbrough,642232,0.42857142857142855,0.0,0.47058823529411764
2025-04-11,778370,10,3,1,22,5,48,NYY,NYY,SF,Ryan Yarbrough,642232,0.3,0.1,0.22727272727272727
2025-04-17,778282,14,1,1,30,5,56,NYY,TB,NYY,Ryan Yarbrough,642232,0.07142857142857142,0.07142857142857142,0.16666666666666666
2025-04-21,778227,4,0,0,6,2,13,NYY,CLE,NYY,Ryan Yarbrough,642232,0.0,0.0,0.3333333333333333
2025-04-28,778140,13,3,1,27,6,53,NYY,BAL,NYY,Ryan Yarbrough,642232,0.23076923076923078,0.07692307692307693,0.2222222222222222
2025-05-03,778074,16,2,3,23,4,64,NYY,NYY,TB,Ryan Yarbrough,642232,0.125,0.1875,0.17391304347826086
2025-05-11,777957,21,2,1,29,5,67,NYY,ATH,NYY,Ryan Yarbrough,642232,0.09523809523809523,0.047619047619047616,0.1724137931034483
2025-05-21,777835,18,8,0,32,13,81,NYY,NYY,TEX,Ryan Yarbrough,642232,0.4444444444444444,0.0,0.40625
2025-05-26,777763,21,7,1,39,12,88,NYY,LAA,NYY,Ryan Yarbrough,642232,0.3333333333333333,0.047619047619047616,0.3076923076923077
2025-06-01,777682,21,5,0,43,16,94,NYY,LAD,NYY,Ryan Yarbrough,642232,0.23809523809523808,0.0,0.37209302325581395
2025-06-07,777605,24,3,2,33,7,67,NYY,NYY,BOS,Ryan Yarbrough,642232,0.125,0.08333333333333333,0.21212121212121213
2025-06-13,777537,20,3,3,35,9,78,NYY,BOS,NYY,Ryan Yarbrough,642232,0.15,0.15,0.2571428571428571
2025-06-18,777466,20,3,1,31,4,69,NYY,NYY,LAA,Ryan Yarbrough,642232,0.15,0.05,0.12903225806451613
2025-09-05,776457,19,3,0,37,5,73,NYY,NYY,TOR,Ryan Yarbrough,642232,0.15789473684210525,0.0,0.13513513513513514
2025-09-11,776368,14,2,2,20,4,49,NYY,NYY,DET,Ryan Yarbrough,642232,0.14285714285714285,0.14285714285714285,0.2
2025-09-16,776298,5,1,0,10,3,17,NYY,MIN,NYY,Ryan Yarbrough,642232,0.2,0.0,0.3
2025-09-15,776316,20,9,2,36,19,69,TOR,TB,TOR,Trey Yesavage,702056,0.45,0.1,0.5277777777777778
2025-09-21,776229,20,2,3,30,7,76,TOR,KC,TOR,Trey Yesavage,702056,0.1,0.15,0.23333333333333334
2025-09-27,776159,22,5,2,47,11,94,TOR,TOR,TB,Trey Yesavage,702056,0.22727272727272727,0.09090909090909091,0.23404255319148937
2025-04-19,778262,19,3,3,33,3,81,BAL,BAL,CIN,Brandon Young,687064,0.15789473684210525,0.15789473684210525,0.09090909090909091
2025-04-26,778168,23,6,5,40,11,95,BAL,DET,BAL,Brandon Young,687064,0.2608695652173913,0.21739130434782608,0.275
2025-06-25,777365,18,2,1,29,8,61,BAL,BAL,TEX,Brandon Young,687064,0.1111111111111111,0.05555555555555555,0.27586206896551724
2025-07-01,777282,19,4,2,30,6,71,BAL,TEX,BAL,Brandon Young,687064,0.21052631578947367,0.10526315789473684,0.2
2025-07-08,777198,20,6,0,37,9,66,BAL,BAL,NYM,Brandon Young,687064,0.3,0.0,0.24324324324324326
2025-07-13,777129,22,4,0,43,7,76,BAL,BAL,MIA,Brandon Young,687064,0.18181818181818182,0.0,0.16279069767441862
2025-07-22,777056,20,3,3,35,6,73,BAL,CLE,BAL,Brandon Young,687064,0.15,0.15,0.17142857142857143
2025-07-29,776962,25,6,2,44,11,87,BAL,BAL,TOR,Brandon Young,687064,0.24,0.08,0.25
2025-08-03,776888,21,4,2,38,6,80,BAL,CHC,BAL,Brandon Young,687064,0.19047619047619047,0.09523809523809523,0.15789473684210525
2025-08-09,776811,17,2,2,37,10,74,BAL,BAL,ATH,Brandon Young,687064,0.11764705882352941,0.11764705882352941,0.2702702702702703
2025-08-15,776733,25,6,0,45,9,93,BAL,HOU,BAL,Brandon Young,687064,0.24,0.0,0.2
2025-08-21,776655,27,1,2,42,4,84,BAL,BAL,HOU,Brandon Young,687064,0.037037037037037035,0.07407407407407407,0.09523809523809523
