game_date,game_pk,batters_faced,strikeouts,walks,swings,whiffs,pitches,pitcher_team,home_team,away_team,pitcher_name,mlbam_id,K_pct,BB_pct,whiff_pct
2026-03-26,824541,24,4,1,42,7,83,CIN,CIN,BOS,Andrew Abbott,671096,0.16666666666666666,0.041666666666666664,0.16666666666666666
2026-04-01,824536,24,5,3,41,9,88,CIN,CIN,PIT,Andrew Abbott,671096,0.20833333333333334,0.125,0.21951219512195122
2026-04-07,823887,24,2,2,37,6,91,CIN,MIA,CIN,Andrew Abbott,671096,0.08333333333333333,0.08333333333333333,0.16216216216216217
2026-04-12,824533,18,1,2,35,8,71,CIN,CIN,LAA,Andrew Abbott,671096,0.05555555555555555,0.1111111111111111,0.22857142857142856
2026-04-18,823721,24,3,3,35,7,97,CIN,MIN,CIN,Andrew Abbott,671096,0.125,0.125,0.2
2026-04-24,824529,19,4,2,42,9,89,CIN,CIN,DET,Andrew Abbott,671096,0.21052631578947367,0.10526315789473684,0.21428571428571427
2026-04-30,824524,25,5,2,45,5,86,CIN,CIN,COL,Andrew Abbott,671096,0.2,0.08,0.1111111111111111
2026-05-05,824682,24,4,4,38,7,98,CIN,CHC,CIN,Andrew Abbott,671096,0.16666666666666666,0.16666666666666666,0.18421052631578946
2026-05-10,824520,21,5,1,41,10,85,CIN,CIN,HOU,Andrew Abbott,671096,0.23809523809523808,0.047619047619047616,0.24390243902439024
2026-05-15,824439,22,2,3,35,3,90,CIN,CLE,CIN,Andrew Abbott,671096,0.09090909090909091,0.13636363636363635,0.08571428571428572
2026-05-20,823462,22,3,3,49,13,96,CIN,PHI,CIN,Andrew Abbott,671096,0.13636363636363635,0.13636363636363635,0.2653061224489796
2026-05-27,823626,24,4,1,54,10,101,CIN,NYM,CIN,Andrew Abbott,671096,0.16666666666666666,0.041666666666666664,0.18518518518518517
2026-06-02,824511,27,5,4,52,11,105,CIN,CIN,KC,Andrew Abbott,671096,0.18518518518518517,0.14814814814814814,0.21153846153846154
2026-06-08,823289,24,6,2,48,12,101,CIN,SD,CIN,Andrew Abbott,671096,0.25,0.08333333333333333,0.25
2026-06-14,824506,21,5,3,39,11,95,CIN,CIN,AZ,Andrew Abbott,671096,0.23809523809523808,0.14285714285714285,0.28205128205128205
2026-06-20,823532,23,6,3,42,11,97,CIN,NYY,CIN,Andrew Abbott,671096,0.2608695652173913,0.13043478260869565,0.2619047619047619
2026-06-26,823363,24,6,1,49,15,94,CIN,PIT,CIN,Andrew Abbott,671096,0.25,0.041666666666666664,0.30612244897959184
2026-07-01,823767,25,3,5,38,7,96,CIN,MIL,CIN,Andrew Abbott,671096,0.12,0.2,0.18421052631578946
2026-03-27,823893,25,5,2,38,11,73,MIA,MIA,COL,Sandy Alcantara,645261,0.2,0.08,0.2894736842105263
2026-04-01,823889,31,7,0,53,14,93,MIA,MIA,CWS,Sandy Alcantara,645261,0.22580645161290322,0.0,0.2641509433962264
2026-04-07,823887,30,6,2,44,11,95,MIA,MIA,CIN,Sandy Alcantara,645261,0.2,0.06666666666666667,0.25
2026-04-12,824293,30,4,2,46,10,100,MIA,DET,MIA,Sandy Alcantara,645261,0.13333333333333333,0.06666666666666667,0.21739130434782608
2026-04-18,823882,24,1,6,36,8,97,MIA,MIA,MIL,Sandy Alcantara,645261,0.041666666666666664,0.25,0.2222222222222222
2026-04-24,823232,26,4,1,58,12,108,MIA,SF,MIA,Sandy Alcantara,645261,0.15384615384615385,0.038461538461538464,0.20689655172413793
2026-04-29,823958,27,4,2,53,9,104,MIA,LAD,MIA,Sandy Alcantara,645261,0.14814814814814814,0.07407407407407407,0.16981132075471697
2026-05-05,823873,25,5,3,59,12,106,MIA,MIA,BAL,Sandy Alcantara,645261,0.2,0.12,0.2033898305084746
2026-05-10,823868,24,3,2,43,8,89,MIA,MIA,WSH,Sandy Alcantara,645261,0.125,0.08333333333333333,0.18604651162790697
2026-05-16,822981,25,5,0,48,6,101,MIA,TB,MIA,Sandy Alcantara,645261,0.2,0.0,0.125
2026-05-21,823864,25,3,0,55,7,94,MIA,MIA,ATL,Sandy Alcantara,645261,0.12,0.0,0.12727272727272726
2026-05-26,822811,31,4,1,47,7,95,MIA,TOR,MIA,Sandy Alcantara,645261,0.12903225806451613,0.03225806451612903,0.14893617021276595
2026-06-01,822730,27,5,0,55,4,95,MIA,WSH,MIA,Sandy Alcantara,645261,0.18518518518518517,0.0,0.07272727272727272
2026-06-07,823857,25,6,1,45,9,90,MIA,MIA,TB,Sandy Alcantara,645261,0.24,0.04,0.2
2026-06-12,823370,30,7,1,49,10,102,MIA,PIT,MIA,Sandy Alcantara,645261,0.23333333333333334,0.03333333333333333,0.20408163265306123
2026-06-17,823450,28,6,1,63,16,102,MIA,PHI,MIA,Sandy Alcantara,645261,0.21428571428571427,0.03571428571428571,0.25396825396825395
2026-06-23,823849,27,4,3,57,9,109,MIA,MIA,TEX,Sandy Alcantara,645261,0.14814814814814814,0.1111111111111111,0.15789473684210525
2026-06-29,824339,27,3,5,48,11,96,MIA,COL,MIA,Sandy Alcantara,645261,0.1111111111111111,0.18518518518518517,0.22916666666666666
2026-04-16,823560,8,2,1,14,3,33,LAA,NYY,LAA,Sam Aldegheri,691951,0.25,0.125,0.21428571428571427
2026-05-05,824040,18,0,2,33,5,69,LAA,LAA,CWS,Sam Aldegheri,691951,0.0,0.1111111111111111,0.15151515151515152
2026-06-02,824026,22,5,2,49,12,89,LAA,LAA,COL,Sam Aldegheri,691951,0.22727272727272727,0.09090909090909091,0.24489795918367346
2026-06-08,824025,4,1,0,4,2,8,LAA,LAA,HOU,Sam Aldegheri,691951,0.25,0.0,0.5
2026-06-12,824020,21,4,3,31,4,74,LAA,LAA,TB,Sam Aldegheri,691951,0.19047619047619047,0.14285714285714285,0.12903225806451613
2026-06-17,825072,19,1,3,34,3,77,LAA,AZ,LAA,Sam Aldegheri,691951,0.05263157894736842,0.15789473684210525,0.08823529411764706
2026-06-22,824016,21,3,1,39,8,91,LAA,LAA,BAL,Sam Aldegheri,691951,0.14285714285714285,0.047619047619047616,0.20512820512820512
2026-06-28,824011,21,4,1,38,10,81,LAA,LAA,ATH,Sam Aldegheri,691951,0.19047619047619047,0.047619047619047616,0.2631578947368421
2026-04-19,822750,16,5,0,33,6,62,WSH,WSH,SF,Andrew Alvarez,674841,0.3125,0.0,0.18181818181818182
2026-05-15,822739,13,5,1,17,8,48,WSH,WSH,BAL,Andrew Alvarez,674841,0.38461538461538464,0.07692307692307693,0.47058823529411764
2026-05-20,822735,14,5,1,26,9,56,WSH,WSH,NYM,Andrew Alvarez,674841,0.35714285714285715,0.07142857142857142,0.34615384615384615
2026-05-24,824921,6,1,1,9,2,18,WSH,ATL,WSH,Andrew Alvarez,674841,0.16666666666666666,0.16666666666666666,0.2222222222222222
2026-05-29,822732,15,1,2,34,4,74,WSH,WSH,SD,Andrew Alvarez,674841,0.06666666666666667,0.13333333333333333,0.11764705882352941
2026-06-03,822727,18,5,1,39,13,82,WSH,WSH,MIA,Andrew Alvarez,674841,0.2777777777777778,0.05555555555555555,0.3333333333333333
2026-06-09,823214,21,4,5,34,7,90,WSH,SF,WSH,Andrew Alvarez,674841,0.19047619047619047,0.23809523809523808,0.20588235294117646
2026-06-15,822724,18,5,1,27,7,58,WSH,WSH,KC,Andrew Alvarez,674841,0.2777777777777778,0.05555555555555555,0.25925925925925924
2026-06-21,822968,16,6,0,34,10,68,WSH,TB,WSH,Andrew Alvarez,674841,0.375,0.0,0.29411764705882354
2026-06-26,824824,21,5,3,34,9,88,WSH,BAL,WSH,Andrew Alvarez,674841,0.23809523809523808,0.14285714285714285,0.2647058823529412
2026-07-01,824740,17,6,1,37,10,74,WSH,BOS,WSH,Andrew Alvarez,674841,0.35294117647058826,0.058823529411764705,0.2702702702702703
2026-04-15,824209,27,10,4,44,19,100,HOU,HOU,COL,Spencer Arrighetti,681293,0.37037037037037035,0.14814814814814814,0.4318181818181818
2026-04-20,824450,25,3,4,37,8,96,HOU,CLE,HOU,Spencer Arrighetti,681293,0.12,0.16,0.21621621621621623
2026-04-26,824202,26,8,1,41,7,96,HOU,HOU,NYY,Spencer Arrighetti,681293,0.3076923076923077,0.038461538461538464,0.17073170731707318
2026-05-02,824771,23,4,5,37,7,87,HOU,BOS,HOU,Spencer Arrighetti,681293,0.17391304347826086,0.21739130434782608,0.1891891891891892
2026-05-09,824523,25,5,3,43,8,93,HOU,CIN,HOU,Spencer Arrighetti,681293,0.2,0.12,0.18604651162790697
2026-05-15,824194,27,5,4,41,12,102,HOU,HOU,TEX,Spencer Arrighetti,681293,0.18518518518518517,0.14814814814814814,0.2926829268292683
2026-05-22,824679,23,5,4,40,11,89,HOU,CHC,HOU,Spencer Arrighetti,681293,0.21739130434782608,0.17391304347826086,0.275
2026-05-28,822896,23,3,1,39,1,94,HOU,TEX,HOU,Spencer Arrighetti,681293,0.13043478260869565,0.043478260869565216,0.02564102564102564
2026-06-03,824188,19,3,1,30,8,83,HOU,HOU,PIT,Spencer Arrighetti,681293,0.15789473684210525,0.05263157894736842,0.26666666666666666
2026-06-08,824025,26,7,4,43,11,95,HOU,LAA,HOU,Spencer Arrighetti,681293,0.2692307692307692,0.15384615384615385,0.2558139534883721
2026-06-14,824099,26,7,1,47,12,101,HOU,KC,HOU,Spencer Arrighetti,681293,0.2692307692307692,0.038461538461538464,0.2553191489361702
2026-06-20,824180,24,8,0,41,12,91,HOU,HOU,CLE,Spencer Arrighetti,681293,0.3333333333333333,0.0,0.2926829268292683
2026-06-26,824255,19,7,5,33,11,93,HOU,DET,HOU,Spencer Arrighetti,681293,0.3684210526315789,0.2631578947368421,0.3333333333333333
2026-03-30,824539,25,3,4,37,8,87,PIT,CIN,PIT,Braxton Ashcraft,677952,0.12,0.16,0.21621621621621623
2026-04-05,823405,21,8,0,38,8,87,PIT,PIT,BAL,Braxton Ashcraft,677952,0.38095238095238093,0.0,0.21052631578947367
2026-04-11,824697,20,9,1,39,13,77,PIT,CHC,PIT,Braxton Ashcraft,677952,0.45,0.05,0.3333333333333333
2026-04-16,823396,25,7,2,52,17,90,PIT,PIT,WSH,Braxton Ashcraft,677952,0.28,0.08,0.3269230769230769
2026-04-22,822913,25,5,2,41,12,94,PIT,TEX,PIT,Braxton Ashcraft,677952,0.2,0.08,0.2926829268292683
2026-04-28,823390,22,7,3,40,12,87,PIT,PIT,STL,Braxton Ashcraft,677952,0.3181818181818182,0.13636363636363635,0.3
2026-05-03,823387,27,6,2,39,10,82,PIT,PIT,CIN,Braxton Ashcraft,677952,0.2222222222222222,0.07407407407407407,0.2564102564102564
2026-05-09,823224,26,6,0,49,10,80,PIT,SF,PIT,Braxton Ashcraft,677952,0.23076923076923078,0.0,0.20408163265306123
2026-05-15,823384,28,5,0,59,9,100,PIT,PIT,PHI,Braxton Ashcraft,677952,0.17857142857142858,0.0,0.15254237288135594
2026-05-21,823056,27,9,2,47,11,98,PIT,STL,PIT,Braxton Ashcraft,677952,0.3333333333333333,0.07407407407407407,0.23404255319148937
2026-05-26,823379,29,5,1,55,12,95,PIT,PIT,CHC,Braxton Ashcraft,677952,0.1724137931034483,0.034482758620689655,0.21818181818181817
2026-05-31,823373,22,11,0,51,23,80,PIT,PIT,MIN,Braxton Ashcraft,677952,0.5,0.0,0.45098039215686275
2026-06-06,824915,25,5,0,45,7,86,PIT,ATL,PIT,Braxton Ashcraft,677952,0.2,0.0,0.15555555555555556
2026-06-12,823370,22,4,2,44,9,90,PIT,PIT,MIA,Braxton Ashcraft,677952,0.18181818181818182,0.09090909090909091,0.20454545454545456
2026-06-17,824992,25,7,3,44,10,93,PIT,ATH,PIT,Braxton Ashcraft,677952,0.28,0.12,0.22727272727272727
2026-06-24,823367,23,10,0,48,15,86,PIT,PIT,SEA,Braxton Ashcraft,677952,0.43478260869565216,0.0,0.3125
2026-06-29,823444,24,8,1,59,15,97,PIT,PHI,PIT,Braxton Ashcraft,677952,0.3333333333333333,0.041666666666666664,0.2542372881355932
2026-04-07,822999,19,3,2,35,4,80,CHC,TB,CHC,Javier Assad,665871,0.15789473684210525,0.10526315789473684,0.11428571428571428
2026-04-13,823481,26,3,2,38,5,82,CHC,PHI,CHC,Javier Assad,665871,0.11538461538461539,0.07692307692307693,0.13157894736842105
2026-04-19,824691,20,3,0,36,5,82,CHC,CHC,NYM,Javier Assad,665871,0.15,0.0,0.1388888888888889
2026-04-23,824689,3,0,0,4,0,7,CHC,CHC,PHI,Javier Assad,665871,0.0,0.0,0.0
2026-04-25,823960,16,2,2,28,4,70,CHC,LAD,CHC,Javier Assad,665871,0.125,0.125,0.14285714285714285
2026-05-05,824682,4,1,0,7,1,17,CHC,CHC,CIN,Javier Assad,665871,0.25,0.0,0.14285714285714285
2026-05-08,822904,12,1,1,18,3,41,CHC,TEX,CHC,Javier Assad,665871,0.08333333333333333,0.08333333333333333,0.16666666666666666
2026-05-15,824601,8,1,0,20,2,39,CHC,CWS,CHC,Javier Assad,665871,0.125,0.0,0.1
2026-06-07,824670,21,5,1,31,4,72,CHC,CHC,SF,Javier Assad,665871,0.23809523809523808,0.047619047619047616,0.12903225806451613
2026-06-12,823211,21,5,1,38,5,85,CHC,SF,CHC,Javier Assad,665871,0.23809523809523808,0.047619047619047616,0.13157894736842105
2026-06-17,824668,22,1,0,42,2,92,CHC,CHC,COL,Javier Assad,665871,0.045454545454545456,0.0,0.047619047619047616
2026-06-24,823613,21,5,2,39,7,83,CHC,NYM,CHC,Javier Assad,665871,0.23809523809523808,0.09523809523809523,0.1794871794871795
2026-06-30,824661,14,1,2,18,1,53,CHC,CHC,SD,Javier Assad,665871,0.07142857142857142,0.14285714285714285,0.05555555555555555
2026-04-04,824132,19,4,3,25,4,73,KC,KC,MIL,Luinder Avila,679883,0.21052631578947367,0.15789473684210525,0.16
2026-04-08,824455,15,2,1,28,7,62,KC,CLE,KC,Luinder Avila,679883,0.13333333333333333,0.06666666666666667,0.25
2026-04-29,825015,5,2,0,11,3,20,KC,ATH,KC,Luinder Avila,679883,0.4,0.0,0.2727272727272727
2026-05-02,823144,6,1,0,12,4,23,KC,SEA,KC,Luinder Avila,679883,0.16666666666666666,0.0,0.3333333333333333
2026-05-06,824118,9,2,2,23,5,49,KC,KC,CLE,Luinder Avila,679883,0.2222222222222222,0.2222222222222222,0.21739130434782608
2026-05-08,824116,4,1,0,6,1,18,KC,KC,DET,Luinder Avila,679883,0.25,0.0,0.16666666666666666
2026-05-12,824604,5,2,1,12,5,27,KC,CWS,KC,Luinder Avila,679883,0.4,0.2,0.4166666666666667
2026-05-14,824602,7,2,2,12,5,33,KC,CWS,KC,Luinder Avila,679883,0.2857142857142857,0.2857142857142857,0.4166666666666667
2026-05-19,824112,10,3,1,21,4,51,KC,KC,BOS,Luinder Avila,679883,0.3,0.1,0.19047619047619047
2026-05-26,824106,17,1,2,27,2,67,KC,KC,NYY,Luinder Avila,679883,0.058823529411764705,0.11764705882352941,0.07407407407407407
2026-06-01,824510,21,5,4,30,6,86,KC,CIN,KC,Luinder Avila,679883,0.23809523809523808,0.19047619047619047,0.2
2026-06-06,823697,18,3,3,34,5,70,KC,MIN,KC,Luinder Avila,679883,0.16666666666666666,0.16666666666666666,0.14705882352941177
2026-06-12,824102,10,0,3,16,4,49,KC,KC,HOU,Luinder Avila,679883,0.0,0.3,0.25
2026-06-17,822721,21,5,1,39,12,91,KC,WSH,KC,Luinder Avila,679883,0.23809523809523808,0.047619047619047616,0.3076923076923077
2026-06-23,822963,22,6,4,33,9,87,KC,TB,KC,Luinder Avila,679883,0.2727272727272727,0.18181818181818182,0.2727272727272727
2026-06-28,824580,20,4,3,38,6,86,KC,CWS,KC,Luinder Avila,679883,0.2,0.15,0.15789473684210525
2026-03-30,823890,11,3,1,20,10,42,MIA,MIA,CWS,Lake Bachar,669199,0.2727272727272727,0.09090909090909091,0.5
2026-04-03,823568,6,2,2,10,6,24,MIA,NYY,MIA,Lake Bachar,669199,0.3333333333333333,0.3333333333333333,0.6
2026-04-08,823885,3,2,0,8,3,18,MIA,MIA,CIN,Lake Bachar,669199,0.6666666666666666,0.0,0.375
2026-04-10,824297,8,3,0,15,4,34,MIA,DET,MIA,Lake Bachar,669199,0.375,0.0,0.26666666666666666
2026-04-13,824937,8,4,1,21,9,35,MIA,ATL,MIA,Lake Bachar,669199,0.5,0.125,0.42857142857142855
2026-04-18,823882,9,1,2,15,2,40,MIA,MIA,MIL,Lake Bachar,669199,0.1111111111111111,0.2222222222222222,0.13333333333333333
2026-04-22,823878,3,0,1,4,0,9,MIA,MIA,STL,Lake Bachar,669199,0.0,0.3333333333333333,0.0
2026-04-24,823232,8,1,0,19,5,31,MIA,SF,MIA,Lake Bachar,669199,0.125,0.0,0.2631578947368421
2026-05-01,823877,7,3,0,15,7,28,MIA,MIA,PHI,Lake Bachar,669199,0.42857142857142855,0.0,0.4666666666666667
2026-05-04,823874,7,1,0,15,3,29,MIA,MIA,PHI,Lake Bachar,669199,0.14285714285714285,0.0,0.2
2026-05-09,823869,4,2,0,5,3,13,MIA,MIA,WSH,Lake Bachar,669199,0.5,0.0,0.6
2026-05-12,823712,4,1,0,6,2,14,MIA,MIN,MIA,Lake Bachar,669199,0.25,0.0,0.3333333333333333
2026-05-14,823709,6,2,0,14,5,23,MIA,MIN,MIA,Lake Bachar,669199,0.3333333333333333,0.0,0.35714285714285715
2026-05-16,822981,7,0,2,11,0,27,MIA,TB,MIA,Lake Bachar,669199,0.0,0.2857142857142857,0.0
2026-05-18,823867,3,0,0,10,1,15,MIA,MIA,ATL,Lake Bachar,669199,0.0,0.0,0.1
2026-05-19,823865,7,2,0,8,1,24,MIA,MIA,ATL,Lake Bachar,669199,0.2857142857142857,0.0,0.125
2026-05-25,822812,5,3,0,9,5,20,MIA,TOR,MIA,Lake Bachar,669199,0.6,0.0,0.5555555555555556
2026-05-30,823622,11,2,1,17,7,37,MIA,NYM,MIA,Lake Bachar,669199,0.18181818181818182,0.09090909090909091,0.4117647058823529
2026-06-02,822728,9,3,1,23,7,49,MIA,WSH,MIA,Lake Bachar,669199,0.3333333333333333,0.1111111111111111,0.30434782608695654
2026-06-06,823859,9,3,0,16,3,38,MIA,MIA,TB,Lake Bachar,669199,0.3333333333333333,0.0,0.1875
2026-06-10,823856,9,3,1,15,3,36,MIA,MIA,AZ,Lake Bachar,669199,0.3333333333333333,0.1111111111111111,0.2
2026-06-13,823369,9,4,1,16,7,42,MIA,PIT,MIA,Lake Bachar,669199,0.4444444444444444,0.1111111111111111,0.4375
2026-06-16,823451,3,0,0,6,1,11,MIA,PHI,MIA,Lake Bachar,669199,0.0,0.0,0.16666666666666666
2026-06-19,823853,9,1,2,15,4,37,MIA,MIA,SF,Lake Bachar,669199,0.1111111111111111,0.2222222222222222,0.26666666666666666
2026-06-21,823852,3,0,1,4,0,11,MIA,MIA,SF,Lake Bachar,669199,0.0,0.3333333333333333,0.0
2026-06-23,823849,2,1,0,5,2,8,MIA,MIA,TEX,Lake Bachar,669199,0.5,0.0,0.4
2026-06-27,823038,9,1,1,18,4,31,MIA,STL,MIA,Lake Bachar,669199,0.1111111111111111,0.1111111111111111,0.2222222222222222
2026-06-30,824338,2,0,0,2,0,7,MIA,COL,MIA,Lake Bachar,669199,0.0,0.0,0.0
2026-03-30,824863,25,3,4,44,11,100,BAL,BAL,TEX,Chris Bassitt,605135,0.12,0.16,0.25
2026-04-05,823405,15,0,2,23,5,62,BAL,PIT,BAL,Chris Bassitt,605135,0.0,0.13333333333333333,0.21739130434782608
2026-04-11,824857,21,2,1,45,8,89,BAL,BAL,SF,Chris Bassitt,605135,0.09523809523809523,0.047619047619047616,0.17777777777777778
2026-04-17,824454,22,2,4,41,4,100,BAL,CLE,BAL,Chris Bassitt,605135,0.09090909090909091,0.18181818181818182,0.0975609756097561
2026-04-22,824123,25,3,2,42,6,88,BAL,KC,BAL,Chris Bassitt,605135,0.12,0.08,0.14285714285714285
2026-04-30,824848,28,7,1,41,12,94,BAL,BAL,HOU,Chris Bassitt,605135,0.25,0.03571428571428571,0.2926829268292683
2026-05-05,823873,21,3,3,29,5,76,BAL,MIA,BAL,Chris Bassitt,605135,0.14285714285714285,0.14285714285714285,0.1724137931034483
2026-05-10,824845,23,6,1,50,14,94,BAL,BAL,ATH,Chris Bassitt,605135,0.2608695652173913,0.043478260869565216,0.28
2026-05-16,822737,23,4,1,40,9,82,BAL,WSH,BAL,Chris Bassitt,605135,0.17391304347826086,0.043478260869565216,0.225
2026-05-22,824842,20,4,0,28,3,58,BAL,BAL,DET,Chris Bassitt,605135,0.2,0.0,0.10714285714285714
2026-05-28,824834,24,2,1,36,6,80,BAL,BAL,TOR,Chris Bassitt,605135,0.08333333333333333,0.041666666666666664,0.16666666666666666
2026-06-03,824755,16,1,2,28,2,56,BAL,BOS,BAL,Chris Bassitt,605135,0.0625,0.125,0.07142857142857142
2026-03-29,824864,21,4,0,42,10,78,BAL,BAL,MIN,Shane Baz,669358,0.19047619047619047,0.0,0.23809523809523808
2026-04-04,823404,25,5,3,44,10,98,BAL,PIT,BAL,Shane Baz,669358,0.2,0.12,0.22727272727272727
2026-04-10,824858,25,4,2,44,8,99,BAL,BAL,SF,Shane Baz,669358,0.16,0.08,0.18181818181818182
2026-04-16,824453,26,6,3,45,8,99,BAL,CLE,BAL,Shane Baz,669358,0.23076923076923078,0.11538461538461539,0.17777777777777778
2026-04-21,824127,29,4,2,49,11,99,BAL,KC,BAL,Shane Baz,669358,0.13793103448275862,0.06896551724137931,0.22448979591836735
2026-04-28,824849,24,6,1,48,7,99,BAL,BAL,HOU,Shane Baz,669358,0.25,0.041666666666666664,0.14583333333333334
2026-05-04,823552,26,4,4,38,8,101,BAL,NYY,BAL,Shane Baz,669358,0.15384615384615385,0.15384615384615385,0.21052631578947367
2026-05-09,824847,22,5,3,48,8,101,BAL,BAL,ATH,Shane Baz,669358,0.22727272727272727,0.13636363636363635,0.16666666666666666
2026-05-15,822739,30,4,3,53,5,108,BAL,WSH,BAL,Shane Baz,669358,0.13333333333333333,0.1,0.09433962264150944
2026-05-20,822977,22,6,3,39,6,94,BAL,TB,BAL,Shane Baz,669358,0.2727272727272727,0.13636363636363635,0.15384615384615385
2026-05-26,824837,29,9,2,48,10,99,BAL,BAL,TB,Shane Baz,669358,0.3103448275862069,0.06896551724137931,0.20833333333333334
2026-06-02,824754,26,6,2,50,11,94,BAL,BOS,BAL,Shane Baz,669358,0.23076923076923078,0.07692307692307693,0.22
2026-06-07,822807,26,3,1,40,8,81,BAL,TOR,BAL,Shane Baz,669358,0.11538461538461539,0.038461538461538464,0.2
2026-06-12,824826,24,1,2,47,12,103,BAL,BAL,SD,Shane Baz,669358,0.041666666666666664,0.08333333333333333,0.2553191489361702
2026-06-18,823125,28,9,2,46,13,99,BAL,SEA,BAL,Shane Baz,669358,0.32142857142857145,0.07142857142857142,0.2826086956521739
2026-06-23,824017,24,5,1,51,8,91,BAL,LAA,BAL,Shane Baz,669358,0.20833333333333334,0.041666666666666664,0.1568627450980392
2026-06-29,824822,27,6,4,51,10,109,BAL,BAL,CWS,Shane Baz,669358,0.2222222222222222,0.14814814814814814,0.19607843137254902
2026-03-31,824212,25,2,3,50,17,92,BOS,HOU,BOS,Brayan Bello,678394,0.08,0.12,0.34
2026-04-06,824783,20,5,4,35,17,86,BOS,BOS,MIL,Brayan Bello,678394,0.25,0.2,0.4857142857142857
2026-04-12,823075,27,2,2,47,10,94,BOS,STL,BOS,Brayan Bello,678394,0.07407407407407407,0.07407407407407407,0.2127659574468085
2026-04-18,824775,20,4,3,35,9,84,BOS,BOS,DET,Brayan Bello,678394,0.2,0.15,0.2571428571428571
2026-04-24,824854,23,2,1,41,7,85,BOS,BAL,BOS,Brayan Bello,678394,0.08695652173913043,0.043478260869565216,0.17073170731707318
2026-04-29,822821,18,2,2,28,1,63,BOS,TOR,BOS,Brayan Bello,678394,0.1111111111111111,0.1111111111111111,0.03571428571428571
2026-05-05,824281,25,7,1,47,8,94,BOS,DET,BOS,Brayan Bello,678394,0.28,0.04,0.1702127659574468
2026-05-12,824764,24,5,1,45,11,88,BOS,BOS,PHI,Brayan Bello,678394,0.20833333333333334,0.041666666666666664,0.24444444444444444
2026-05-17,824923,26,1,3,49,6,99,BOS,ATL,BOS,Brayan Bello,678394,0.038461538461538464,0.11538461538461539,0.12244897959183673
2026-05-23,824760,24,5,1,46,11,92,BOS,BOS,MIN,Brayan Bello,678394,0.20833333333333334,0.041666666666666664,0.2391304347826087
2026-05-29,824433,24,5,0,35,10,64,BOS,CLE,BOS,Brayan Bello,678394,0.20833333333333334,0.0,0.2857142857142857
2026-06-04,824753,26,4,3,59,9,108,BOS,BOS,BAL,Brayan Bello,678394,0.15384615384615385,0.11538461538461539,0.15254237288135594
2026-05-01,824772,20,3,2,46,10,85,BOS,BOS,HOU,Jake Bennett,687562,0.15,0.1,0.21739130434782608
2026-05-07,824767,22,1,2,41,5,86,BOS,BOS,TB,Jake Bennett,687562,0.045454545454545456,0.09090909090909091,0.12195121951219512
2026-06-10,822970,23,4,0,40,8,77,BOS,TB,BOS,Jake Bennett,687562,0.17391304347826086,0.0,0.2
2026-06-17,824746,20,5,0,47,15,79,BOS,BOS,TOR,Jake Bennett,687562,0.25,0.0,0.3191489361702128
2026-06-22,824344,21,9,0,41,13,72,BOS,COL,BOS,Jake Bennett,687562,0.42857142857142855,0.0,0.3170731707317073
2026-06-27,824745,23,3,2,45,8,87,BOS,BOS,NYY,Jake Bennett,687562,0.13043478260869565,0.08695652173913043,0.17777777777777778
2026-03-26,823163,20,7,2,37,15,78,CLE,SEA,CLE,Tanner Bibee,676440,0.35,0.1,0.40540540540540543
2026-03-31,823969,18,4,2,33,7,74,CLE,LAD,CLE,Tanner Bibee,676440,0.2222222222222222,0.1111111111111111,0.21212121212121213
2026-04-06,824456,20,3,1,41,10,87,CLE,CLE,KC,Tanner Bibee,676440,0.15,0.05,0.24390243902439024
2026-04-12,824938,24,4,1,44,7,93,CLE,ATL,CLE,Tanner Bibee,676440,0.16666666666666666,0.041666666666666664,0.1590909090909091
2026-04-17,824454,25,5,3,46,16,96,CLE,CLE,BAL,Tanner Bibee,676440,0.2,0.12,0.34782608695652173
2026-04-22,824449,24,3,2,45,9,95,CLE,CLE,HOU,Tanner Bibee,676440,0.125,0.08333333333333333,0.2
2026-04-28,824447,22,6,3,43,11,93,CLE,CLE,TB,Tanner Bibee,676440,0.2727272727272727,0.13636363636363635,0.2558139534883721
2026-05-04,824120,19,4,2,32,8,77,CLE,KC,CLE,Tanner Bibee,676440,0.21052631578947367,0.10526315789473684,0.25
2026-05-09,824444,22,9,2,47,20,98,CLE,CLE,MIN,Tanner Bibee,676440,0.4090909090909091,0.09090909090909091,0.425531914893617
2026-05-15,824439,28,2,2,39,8,96,CLE,CLE,CIN,Tanner Bibee,676440,0.07142857142857142,0.07142857142857142,0.20512820512820512
2026-05-20,824273,28,5,1,45,8,104,CLE,DET,CLE,Tanner Bibee,676440,0.17857142857142858,0.03571428571428571,0.17777777777777778
2026-05-25,824437,16,3,0,35,7,61,CLE,CLE,WSH,Tanner Bibee,676440,0.1875,0.0,0.2
2026-05-31,824430,24,5,1,48,11,90,CLE,CLE,BOS,Tanner Bibee,676440,0.20833333333333334,0.041666666666666664,0.22916666666666666
2026-06-06,822891,27,3,2,36,4,87,CLE,TEX,CLE,Tanner Bibee,676440,0.1111111111111111,0.07407407407407407,0.1111111111111111
2026-06-12,824425,25,8,2,45,13,91,CLE,CLE,DET,Tanner Bibee,676440,0.32,0.08,0.28888888888888886
2026-06-19,824179,22,7,2,43,8,95,CLE,HOU,CLE,Tanner Bibee,676440,0.3181818181818182,0.09090909090909091,0.18604651162790697
2026-06-24,824583,21,2,1,44,7,89,CLE,CWS,CLE,Tanner Bibee,676440,0.09523809523809523,0.047619047619047616,0.1590909090909091
2026-06-30,824418,26,2,0,44,5,91,CLE,CLE,TEX,Tanner Bibee,676440,0.07692307692307693,0.0,0.11363636363636363
2026-03-26,824704,17,7,1,37,18,63,CHC,CHC,WSH,Matthew Boyd,571510,0.4117647058823529,0.058823529411764705,0.4864864864864865
2026-04-01,824698,20,10,2,51,16,98,CHC,CHC,LAA,Matthew Boyd,571510,0.5,0.1,0.3137254901960784
2026-04-22,824688,19,5,0,44,11,84,CHC,CHC,PHI,Matthew Boyd,571510,0.2631578947368421,0.0,0.25
2026-04-27,823311,22,4,2,40,6,91,CHC,SD,CHC,Matthew Boyd,571510,0.18181818181818182,0.09090909090909091,0.15
2026-05-03,824687,22,5,1,45,10,94,CHC,CHC,AZ,Matthew Boyd,571510,0.22727272727272727,0.045454545454545456,0.2222222222222222
2026-06-25,823612,21,4,4,39,12,76,CHC,NYM,CHC,Matthew Boyd,571510,0.19047619047619047,0.19047619047619047,0.3076923076923077
2026-06-30,824661,24,2,0,32,6,76,CHC,CHC,SD,Matthew Boyd,571510,0.08333333333333333,0.0,0.1875
2026-03-28,824862,19,4,3,40,8,83,BAL,BAL,MIN,Kyle Bradish,680694,0.21052631578947367,0.15789473684210525,0.2
2026-04-03,823406,19,6,3,38,14,81,BAL,PIT,BAL,Kyle Bradish,680694,0.3157894736842105,0.15789473684210525,0.3684210526315789
2026-04-08,824617,23,7,3,37,4,96,BAL,CWS,BAL,Kyle Bradish,680694,0.30434782608695654,0.13043478260869565,0.10810810810810811
2026-04-15,824855,27,4,1,47,11,97,BAL,BAL,AZ,Kyle Bradish,680694,0.14814814814814814,0.037037037037037035,0.23404255319148937
2026-04-20,824125,27,7,3,42,15,104,BAL,KC,BAL,Kyle Bradish,680694,0.25925925925925924,0.1111111111111111,0.35714285714285715
2026-04-26,824852,21,3,4,39,6,88,BAL,BAL,BOS,Kyle Bradish,680694,0.14285714285714285,0.19047619047619047,0.15384615384615385
2026-05-02,823554,21,4,3,36,8,90,BAL,NYY,BAL,Kyle Bradish,680694,0.19047619047619047,0.14285714285714285,0.2222222222222222
2026-05-08,824846,28,10,1,41,13,96,BAL,BAL,ATH,Kyle Bradish,680694,0.35714285714285715,0.03571428571428571,0.3170731707317073
2026-05-13,824841,21,7,3,44,13,100,BAL,BAL,NYY,Kyle Bradish,680694,0.3333333333333333,0.14285714285714285,0.29545454545454547
2026-05-19,822979,23,6,3,42,9,102,BAL,TB,BAL,Kyle Bradish,680694,0.2608695652173913,0.13043478260869565,0.21428571428571427
2026-05-25,824838,25,3,2,46,8,92,BAL,BAL,TB,Kyle Bradish,680694,0.12,0.08,0.17391304347826086
2026-05-31,824832,27,4,3,41,11,94,BAL,BAL,TOR,Kyle Bradish,680694,0.14814814814814814,0.1111111111111111,0.2682926829268293
2026-06-06,822808,21,3,3,35,5,81,BAL,TOR,BAL,Kyle Bradish,680694,0.14285714285714285,0.14285714285714285,0.14285714285714285
2026-06-11,824827,21,5,3,36,8,85,BAL,BAL,SEA,Kyle Bradish,680694,0.23809523809523808,0.14285714285714285,0.2222222222222222
2026-06-17,823127,28,12,2,47,17,100,BAL,SEA,BAL,Kyle Bradish,680694,0.42857142857142855,0.07142857142857142,0.3617021276595745
2026-06-22,824016,30,9,1,44,13,101,BAL,LAA,BAL,Kyle Bradish,680694,0.3,0.03333333333333333,0.29545454545454547
2026-06-28,824821,19,2,5,29,5,85,BAL,BAL,WSH,Kyle Bradish,680694,0.10526315789473684,0.2631578947368421,0.1724137931034483
2026-03-28,824862,19,9,3,45,16,92,MIN,BAL,MIN,Taj Bradley,671737,0.47368421052631576,0.15789473684210525,0.35555555555555557
2026-04-02,824133,24,3,1,51,8,100,MIN,KC,MIN,Taj Bradley,671737,0.125,0.041666666666666664,0.1568627450980392
2026-04-07,823727,27,10,0,47,14,104,MIN,MIN,DET,Taj Bradley,671737,0.37037037037037035,0.0,0.2978723404255319
2026-04-12,822828,23,7,4,47,8,106,MIN,TOR,MIN,Taj Bradley,671737,0.30434782608695654,0.17391304347826086,0.1702127659574468
2026-04-18,823721,25,5,2,42,11,99,MIN,MIN,CIN,Taj Bradley,671737,0.2,0.08,0.2619047619047619
2026-04-24,822992,29,3,3,36,3,93,MIN,TB,MIN,Taj Bradley,671737,0.10344827586206896,0.10344827586206896,0.08333333333333333
2026-04-29,823717,27,7,2,56,17,114,MIN,MIN,SEA,Taj Bradley,671737,0.25925925925925924,0.07407407407407407,0.30357142857142855
2026-05-05,822743,25,8,2,44,13,96,MIN,WSH,MIN,Taj Bradley,671737,0.32,0.08,0.29545454545454547
2026-05-23,824760,18,7,2,35,11,73,MIN,BOS,MIN,Taj Bradley,671737,0.3888888888888889,0.1111111111111111,0.3142857142857143
2026-05-29,823377,19,6,2,36,13,87,MIN,PIT,MIN,Taj Bradley,671737,0.3157894736842105,0.10526315789473684,0.3611111111111111
2026-06-03,823701,25,5,5,52,11,104,MIN,MIN,CWS,Taj Bradley,671737,0.2,0.2,0.21153846153846154
2026-06-09,824267,23,3,3,40,5,89,MIN,DET,MIN,Taj Bradley,671737,0.13043478260869565,0.13043478260869565,0.125
2026-06-14,823693,27,7,1,47,9,101,MIN,MIN,STL,Taj Bradley,671737,0.25925925925925924,0.037037037037037035,0.19148936170212766
2026-06-20,825068,20,4,2,41,6,91,MIN,AZ,MIN,Taj Bradley,671737,0.2,0.1,0.14634146341463414
2026-06-26,823688,27,7,3,48,13,99,MIN,MIN,COL,Taj Bradley,671737,0.25925925925925924,0.1111111111111111,0.2708333333333333
2026-07-01,824174,21,11,3,44,8,97,MIN,HOU,MIN,Taj Bradley,671737,0.5238095238095238,0.14285714285714285,0.18181818181818182
2026-03-28,823651,2,1,0,3,1,4,NYM,NYM,PIT,Huascar Brazob\xc3\xa1n,623211,0.5,0.0,0.3333333333333333
2026-03-29,823647,5,0,0,10,0,14,NYM,NYM,PIT,Huascar Brazob\xc3\xa1n,623211,0.0,0.0,0.0
2026-04-01,823078,3,1,0,8,3,13,NYM,STL,NYM,Huascar Brazob\xc3\xa1n,623211,0.3333333333333333,0.0,0.375
2026-04-03,823240,4,1,0,14,3,24,NYM,SF,NYM,Huascar Brazob\xc3\xa1n,623211,0.25,0.0,0.21428571428571427
2026-04-05,823238,4,0,0,6,0,10,NYM,SF,NYM,Huascar Brazob\xc3\xa1n,623211,0.0,0.0,0.0
2026-04-07,823648,3,0,0,6,2,14,NYM,NYM,AZ,Huascar Brazob\xc3\xa1n,623211,0.0,0.0,0.3333333333333333
2026-04-11,823644,9,3,0,17,4,38,NYM,NYM,ATH,Huascar Brazob\xc3\xa1n,623211,0.3333333333333333,0.0,0.23529411764705882
2026-04-17,824693,5,1,0,7,2,15,NYM,CHC,NYM,Huascar Brazob\xc3\xa1n,623211,0.2,0.0,0.2857142857142857
2026-04-19,824691,3,1,2,3,2,13,NYM,CHC,NYM,Huascar Brazob\xc3\xa1n,623211,0.3333333333333333,0.6666666666666666,0.6666666666666666
2026-04-21,823640,4,2,0,9,6,16,NYM,NYM,MIN,Huascar Brazob\xc3\xa1n,623211,0.5,0.0,0.6666666666666666
2026-04-23,823639,3,0,0,5,1,10,NYM,NYM,MIN,Huascar Brazob\xc3\xa1n,623211,0.0,0.0,0.2
2026-04-26,823635,7,1,1,18,4,32,NYM,NYM,COL,Huascar Brazob\xc3\xa1n,623211,0.14285714285714285,0.14285714285714285,0.2222222222222222
2026-05-01,824041,3,1,0,5,2,11,NYM,LAA,NYM,Huascar Brazob\xc3\xa1n,623211,0.3333333333333333,0.0,0.4
2026-05-02,824042,4,1,0,12,4,18,NYM,LAA,NYM,Huascar Brazob\xc3\xa1n,623211,0.25,0.0,0.3333333333333333
2026-05-04,824363,4,0,0,4,1,11,NYM,COL,NYM,Huascar Brazob\xc3\xa1n,623211,0.0,0.0,0.25
2026-05-07,824362,6,1,2,9,2,25,NYM,COL,NYM,Huascar Brazob\xc3\xa1n,623211,0.16666666666666666,0.3333333333333333,0.2222222222222222
2026-05-10,825085,6,0,3,11,3,30,NYM,AZ,NYM,Huascar Brazob\xc3\xa1n,623211,0.0,0.5,0.2727272727272727
2026-05-13,823631,7,2,0,18,2,27,NYM,NYM,DET,Huascar Brazob\xc3\xa1n,623211,0.2857142857142857,0.0,0.1111111111111111
2026-05-16,823627,4,2,0,9,4,24,NYM,NYM,NYY,Huascar Brazob\xc3\xa1n,623211,0.5,0.0,0.4444444444444444
2026-05-18,822734,10,1,1,11,4,26,NYM,WSH,NYM,Huascar Brazob\xc3\xa1n,623211,0.1,0.1,0.36363636363636365
2026-05-21,822733,3,0,0,4,0,9,NYM,WSH,NYM,Huascar Brazob\xc3\xa1n,623211,0.0,0.0,0.0
2026-05-24,823861,3,0,0,5,0,8,NYM,MIA,NYM,Huascar Brazob\xc3\xa1n,623211,0.0,0.0,0.0
2026-05-27,823626,5,2,1,8,2,19,NYM,NYM,CIN,Huascar Brazob\xc3\xa1n,623211,0.4,0.2,0.25
2026-05-29,823623,5,0,1,5,1,12,NYM,NYM,MIA,Huascar Brazob\xc3\xa1n,623211,0.0,0.2,0.2
2026-05-30,823622,3,3,0,6,3,16,NYM,NYM,MIA,Huascar Brazob\xc3\xa1n,623211,1.0,0.0,0.5
2026-06-02,823129,9,0,1,14,2,33,NYM,SEA,NYM,Huascar Brazob\xc3\xa1n,623211,0.0,0.1111111111111111,0.14285714285714285
2026-06-05,823293,4,2,0,11,4,17,NYM,SD,NYM,Huascar Brazob\xc3\xa1n,623211,0.5,0.0,0.36363636363636365
2026-06-07,823291,4,0,2,9,0,22,NYM,SD,NYM,Huascar Brazob\xc3\xa1n,623211,0.0,0.5,0.0
2026-06-12,823617,5,4,0,10,5,19,NYM,NYM,ATL,Huascar Brazob\xc3\xa1n,623211,0.8,0.0,0.5
2026-06-14,823615,3,0,0,6,0,11,NYM,NYM,ATL,Huascar Brazob\xc3\xa1n,623211,0.0,0.0,0.0
2026-06-16,824504,3,2,1,3,2,15,NYM,CIN,NYM,Huascar Brazob\xc3\xa1n,623211,0.6666666666666666,0.3333333333333333,0.6666666666666666
2026-06-18,823448,4,1,1,11,1,20,NYM,PHI,NYM,Huascar Brazob\xc3\xa1n,623211,0.25,0.25,0.09090909090909091
2026-06-24,823611,6,4,0,15,5,34,NYM,NYM,CHC,Huascar Brazob\xc3\xa1n,623211,0.6666666666666666,0.0,0.3333333333333333
2026-06-26,823610,6,1,1,9,3,18,NYM,NYM,PHI,Huascar Brazob\xc3\xa1n,623211,0.16666666666666666,0.16666666666666666,0.3333333333333333
2026-06-27,823609,4,0,0,6,0,10,NYM,NYM,PHI,Huascar Brazob\xc3\xa1n,623211,0.0,0.0,0.0
2026-03-26,824704,13,3,1,20,4,49,CHC,CHC,WSH,Ben Brown,676962,0.23076923076923078,0.07692307692307693,0.2
2026-03-31,824699,12,5,1,27,9,50,CHC,CHC,LAA,Ben Brown,676962,0.4166666666666667,0.08333333333333333,0.3333333333333333
2026-04-05,824460,10,0,2,13,1,42,CHC,CLE,CHC,Ben Brown,676962,0.0,0.2,0.07692307692307693
2026-04-08,823000,8,3,0,17,5,31,CHC,TB,CHC,Ben Brown,676962,0.375,0.0,0.29411764705882354
2026-04-11,824697,8,3,1,15,6,34,CHC,CHC,PIT,Ben Brown,676962,0.375,0.125,0.4
2026-04-15,823477,6,0,0,10,2,17,CHC,PHI,CHC,Ben Brown,676962,0.0,0.0,0.2
2026-04-18,824694,10,1,1,15,3,38,CHC,CHC,NYM,Ben Brown,676962,0.1,0.1,0.2
2026-04-22,824688,10,5,0,13,2,37,CHC,CHC,PHI,Ben Brown,676962,0.5,0.0,0.15384615384615385
2026-04-27,823311,9,1,1,24,2,43,CHC,SD,CHC,Ben Brown,676962,0.1111111111111111,0.1111111111111111,0.08333333333333333
2026-04-29,823312,4,1,0,6,2,11,CHC,SD,CHC,Ben Brown,676962,0.25,0.0,0.3333333333333333
2026-05-02,824685,6,1,0,10,4,24,CHC,CHC,AZ,Ben Brown,676962,0.16666666666666666,0.0,0.4
2026-05-04,824684,5,1,1,7,0,25,CHC,CHC,CIN,Ben Brown,676962,0.2,0.2,0.0
2026-05-08,822904,13,3,1,24,8,46,CHC,TEX,CHC,Ben Brown,676962,0.23076923076923078,0.07692307692307693,0.3333333333333333
2026-05-14,824926,15,7,1,30,9,65,CHC,ATL,CHC,Ben Brown,676962,0.4666666666666667,0.06666666666666667,0.3
2026-05-19,824677,25,6,2,42,15,82,CHC,CHC,MIL,Ben Brown,676962,0.24,0.08,0.35714285714285715
2026-05-25,823380,24,7,2,43,12,83,CHC,PIT,CHC,Ben Brown,676962,0.2916666666666667,0.08333333333333333,0.27906976744186046
2026-05-30,823054,23,6,1,38,7,82,CHC,STL,CHC,Ben Brown,676962,0.2608695652173913,0.043478260869565216,0.18421052631578946
2026-06-06,824669,19,5,1,37,7,87,CHC,CHC,SF,Ben Brown,676962,0.2631578947368421,0.05263157894736842,0.1891891891891892
2026-06-13,823213,23,3,3,43,8,86,CHC,SF,CHC,Ben Brown,676962,0.13043478260869565,0.13043478260869565,0.18604651162790697
2026-06-19,824663,22,4,0,38,10,72,CHC,CHC,TOR,Ben Brown,676962,0.18181818181818182,0.0,0.2631578947368421
2026-03-26,824218,22,9,4,43,11,102,HOU,HOU,LAA,Hunter Brown,686613,0.4090909090909091,0.18181818181818182,0.2558139534883721
2026-03-31,824212,21,8,2,30,8,78,HOU,HOU,BOS,Hunter Brown,686613,0.38095238095238093,0.09523809523809523,0.26666666666666666
2026-06-16,824182,22,7,3,36,11,92,HOU,HOU,DET,Hunter Brown,686613,0.3181818181818182,0.13636363636363635,0.3055555555555556
2026-06-22,822800,17,4,2,37,8,85,HOU,TOR,HOU,Hunter Brown,686613,0.23529411764705882,0.11764705882352941,0.21621621621621623
2026-06-28,824256,26,4,2,44,9,103,HOU,DET,HOU,Hunter Brown,686613,0.15384615384615385,0.07692307692307693,0.20454545454545456
2026-03-30,824135,22,4,3,34,9,75,KC,KC,MIN,Kris Bubic,663460,0.18181818181818182,0.13636363636363635,0.2647058823529412
2026-04-05,824131,22,8,3,45,16,96,KC,KC,MIL,Kris Bubic,663460,0.36363636363636365,0.13636363636363635,0.35555555555555557
2026-04-10,824128,24,11,1,45,15,88,KC,KC,CWS,Kris Bubic,663460,0.4583333333333333,0.041666666666666664,0.3333333333333333
2026-04-16,824289,21,3,3,33,5,82,KC,DET,KC,Kris Bubic,663460,0.14285714285714285,0.14285714285714285,0.15151515151515152
2026-04-21,824127,24,3,3,46,7,100,KC,KC,BAL,Kris Bubic,663460,0.125,0.125,0.15217391304347827
2026-04-28,825017,24,6,4,44,13,96,KC,ATH,KC,Kris Bubic,663460,0.25,0.16666666666666666,0.29545454545454547
2026-05-03,823145,26,7,2,47,9,94,KC,SEA,KC,Kris Bubic,663460,0.2692307692307692,0.07692307692307693,0.19148936170212766
2026-05-08,824116,24,5,4,41,7,96,KC,KC,DET,Kris Bubic,663460,0.20833333333333334,0.16666666666666666,0.17073170731707318
2026-05-14,824602,20,4,3,40,6,85,KC,CWS,KC,Kris Bubic,663460,0.2,0.15,0.15
2026-03-30,823320,19,3,2,30,8,72,SD,SD,SF,Walker Buehler,621111,0.15789473684210525,0.10526315789473684,0.26666666666666666
2026-04-05,824781,14,4,3,19,9,61,SD,BOS,SD,Walker Buehler,621111,0.2857142857142857,0.21428571428571427,0.47368421052631576
2026-04-10,823318,20,4,0,35,4,68,SD,SD,COL,Walker Buehler,621111,0.2,0.0,0.11428571428571428
2026-04-16,823313,20,7,1,41,10,88,SD,SD,SEA,Walker Buehler,621111,0.35,0.05,0.24390243902439024
2026-04-22,824367,19,2,3,33,2,82,SD,COL,SD,Walker Buehler,621111,0.10526315789473684,0.15789473684210525,0.06060606060606061
2026-04-28,823310,22,4,3,32,4,92,SD,SD,CHC,Walker Buehler,621111,0.18181818181818182,0.13636363636363635,0.125
2026-05-05,823227,23,5,0,41,7,82,SD,SF,SD,Walker Buehler,621111,0.21739130434782608,0.0,0.17073170731707318
2026-05-10,823305,21,2,0,42,5,89,SD,SD,STL,Walker Buehler,621111,0.09523809523809523,0.0,0.11904761904761904
2026-05-16,823139,22,6,2,44,5,101,SD,SEA,SD,Walker Buehler,621111,0.2727272727272727,0.09090909090909091,0.11363636363636363
2026-05-22,823298,22,4,4,37,8,85,SD,SD,ATH,Walker Buehler,621111,0.18181818181818182,0.18181818181818182,0.21621621621621623
2026-05-27,823295,18,2,0,26,5,58,SD,SD,PHI,Walker Buehler,621111,0.1111111111111111,0.0,0.19230769230769232
2026-06-03,823456,24,6,1,40,7,90,SD,PHI,SD,Walker Buehler,621111,0.25,0.041666666666666664,0.175
2026-06-08,823289,22,3,2,42,5,86,SD,SD,CIN,Walker Buehler,621111,0.13636363636363635,0.09090909090909091,0.11904761904761904
2026-06-14,824823,21,5,0,46,10,86,SD,BAL,SD,Walker Buehler,621111,0.23809523809523808,0.0,0.21739130434782608
2026-06-20,822885,21,7,1,45,13,87,SD,TEX,SD,Walker Buehler,621111,0.3333333333333333,0.047619047619047616,0.28888888888888886
2026-06-26,823285,20,4,3,25,5,74,SD,SD,LAD,Walker Buehler,621111,0.2,0.15,0.2
2026-07-01,824660,23,6,3,36,11,87,SD,CHC,SD,Walker Buehler,621111,0.2608695652173913,0.13043478260869565,0.3055555555555556
2026-03-28,823811,20,5,1,45,4,91,CWS,MIL,CWS,Sean Burke,680732,0.25,0.05,0.08888888888888889
2026-04-03,824621,22,7,0,50,14,85,CWS,CWS,TOR,Sean Burke,680732,0.3181818181818182,0.0,0.28
2026-04-08,824617,20,3,2,36,4,92,CWS,CWS,BAL,Sean Burke,680732,0.15,0.1,0.1111111111111111
2026-04-15,824615,25,2,3,41,3,92,CWS,CWS,TB,Sean Burke,680732,0.08,0.12,0.07317073170731707
2026-04-21,825099,22,3,1,50,9,101,CWS,AZ,CWS,Sean Burke,680732,0.13636363636363635,0.045454545454545456,0.18
2026-04-26,824612,25,4,0,38,8,76,CWS,CWS,WSH,Sean Burke,680732,0.16,0.0,0.21052631578947367
2026-05-02,823308,23,8,1,47,11,88,CWS,SD,CWS,Sean Burke,680732,0.34782608695652173,0.043478260869565216,0.23404255319148937
2026-05-08,824607,23,4,2,37,8,74,CWS,CWS,SEA,Sean Burke,680732,0.17391304347826086,0.08695652173913043,0.21621621621621623
2026-05-15,824601,23,5,1,43,5,91,CWS,CWS,CHC,Sean Burke,680732,0.21739130434782608,0.043478260869565216,0.11627906976744186
2026-05-20,823134,22,5,3,34,8,83,CWS,SEA,CWS,Sean Burke,680732,0.22727272727272727,0.13636363636363635,0.23529411764705882
2026-05-26,824597,25,8,2,45,9,100,CWS,CWS,MIN,Sean Burke,680732,0.32,0.08,0.2
2026-05-31,824592,21,6,2,46,14,93,CWS,CWS,DET,Sean Burke,680732,0.2857142857142857,0.09523809523809523,0.30434782608695654
2026-06-06,823454,21,7,5,33,11,90,CWS,PHI,CWS,Sean Burke,680732,0.3333333333333333,0.23809523809523808,0.3333333333333333
2026-06-13,824587,22,6,5,31,5,92,CWS,CWS,LAD,Sean Burke,680732,0.2727272727272727,0.22727272727272727,0.16129032258064516
2026-06-18,823533,26,8,1,51,18,89,CWS,NYY,CWS,Sean Burke,680732,0.3076923076923077,0.038461538461538464,0.35294117647058826
2026-06-23,824584,27,6,1,45,12,90,CWS,CWS,CLE,Sean Burke,680732,0.2222222222222222,0.037037037037037035,0.26666666666666666
2026-06-29,824822,23,8,3,46,12,89,CWS,BAL,CWS,Sean Burke,680732,0.34782608695652173,0.13043478260869565,0.2608695652173913
2026-03-30,824539,19,7,3,34,14,78,CIN,CIN,PIT,Chase Burns,695505,0.3684210526315789,0.15789473684210525,0.4117647058823529
2026-04-05,822917,24,9,1,47,20,87,CIN,TEX,CIN,Chase Burns,695505,0.375,0.041666666666666664,0.425531914893617
2026-04-10,824534,27,2,4,40,8,92,CIN,CIN,LAA,Chase Burns,695505,0.07407407407407407,0.14814814814814814,0.2
2026-04-16,824530,18,4,1,46,7,87,CIN,CIN,SF,Chase Burns,695505,0.2222222222222222,0.05555555555555555,0.15217391304347827
2026-04-21,822995,23,8,2,45,14,97,CIN,TB,CIN,Chase Burns,695505,0.34782608695652173,0.08695652173913043,0.3111111111111111
2026-04-28,824526,26,9,1,55,20,97,CIN,CIN,COL,Chase Burns,695505,0.34615384615384615,0.038461538461538464,0.36363636363636365
2026-05-03,823387,24,7,1,46,14,94,CIN,PIT,CIN,Chase Burns,695505,0.2916666666666667,0.041666666666666664,0.30434782608695654
2026-05-09,824523,23,2,3,39,8,87,CIN,CIN,HOU,Chase Burns,695505,0.08695652173913043,0.13043478260869565,0.20512820512820512
2026-05-14,824517,23,7,2,50,18,95,CIN,CIN,WSH,Chase Burns,695505,0.30434782608695654,0.08695652173913043,0.36
2026-05-19,823464,20,9,0,42,17,86,CIN,PHI,CIN,Chase Burns,695505,0.45,0.0,0.40476190476190477
2026-05-26,823624,22,8,2,40,10,90,CIN,NYM,CIN,Chase Burns,695505,0.36363636363636365,0.09090909090909091,0.25
2026-06-03,824509,24,9,1,48,18,98,CIN,CIN,KC,Chase Burns,695505,0.375,0.041666666666666664,0.375
2026-06-09,823290,24,7,2,48,12,105,CIN,SD,CIN,Chase Burns,695505,0.2916666666666667,0.08333333333333333,0.25
2026-06-15,824505,22,7,3,55,17,100,CIN,CIN,NYM,Chase Burns,695505,0.3181818181818182,0.13636363636363635,0.3090909090909091
2026-06-21,823531,21,7,3,53,13,96,CIN,NYY,CIN,Chase Burns,695505,0.3333333333333333,0.14285714285714285,0.24528301886792453
2026-06-27,823364,27,10,0,49,15,93,CIN,PIT,CIN,Chase Burns,695505,0.37037037037037035,0.0,0.30612244897959184
2026-03-27,824216,26,6,2,45,10,94,HOU,HOU,LAA,Mike Burrows,681347,0.23076923076923078,0.07692307692307693,0.2222222222222222
2026-04-01,824211,24,6,3,41,13,84,HOU,HOU,BOS,Mike Burrows,681347,0.25,0.125,0.3170731707317073
2026-04-07,824375,23,3,1,41,7,87,HOU,COL,HOU,Mike Burrows,681347,0.13043478260869565,0.043478260869565216,0.17073170731707318
2026-04-13,823153,30,3,1,58,17,98,HOU,SEA,HOU,Mike Burrows,681347,0.1,0.03333333333333333,0.29310344827586204
2026-04-19,824205,19,7,2,36,10,87,HOU,HOU,STL,Mike Burrows,681347,0.3684210526315789,0.10526315789473684,0.2777777777777778
2026-04-25,824203,21,8,3,39,13,92,HOU,HOU,NYY,Mike Burrows,681347,0.38095238095238093,0.14285714285714285,0.3333333333333333
2026-05-01,824772,26,3,1,50,9,94,HOU,BOS,HOU,Mike Burrows,681347,0.11538461538461539,0.038461538461538464,0.18
2026-05-08,824522,25,6,1,44,7,98,HOU,CIN,HOU,Mike Burrows,681347,0.24,0.04,0.1590909090909091
2026-05-14,824196,27,4,3,50,11,102,HOU,HOU,SEA,Mike Burrows,681347,0.14814814814814814,0.1111111111111111,0.22
2026-05-20,823703,27,2,3,45,7,89,HOU,MIN,HOU,Mike Burrows,681347,0.07407407407407407,0.1111111111111111,0.15555555555555556
2026-05-27,822897,27,6,1,47,7,91,HOU,TEX,HOU,Mike Burrows,681347,0.2222222222222222,0.037037037037037035,0.14893617021276595
2026-06-02,824189,25,3,5,42,9,90,HOU,HOU,PIT,Mike Burrows,681347,0.12,0.2,0.21428571428571427
2026-06-07,824183,26,3,2,52,12,97,HOU,HOU,ATH,Mike Burrows,681347,0.11538461538461539,0.07692307692307693,0.23076923076923078
2026-06-13,824100,24,5,2,45,9,93,HOU,KC,HOU,Mike Burrows,681347,0.20833333333333334,0.08333333333333333,0.2
2026-06-19,824179,4,1,0,5,1,7,HOU,HOU,CLE,Mike Burrows,681347,0.25,0.0,0.2
2026-06-24,822798,21,3,1,45,6,93,HOU,TOR,HOU,Mike Burrows,681347,0.14285714285714285,0.047619047619047616,0.13333333333333333
2026-06-30,824175,23,3,2,45,8,91,HOU,HOU,MIN,Mike Burrows,681347,0.13043478260869565,0.08695652173913043,0.17777777777777778
2026-03-30,824702,19,5,1,40,13,80,CHC,CHC,LAA,Edward Cabrera,665795,0.2631578947368421,0.05263157894736842,0.325
2026-04-05,824459,22,4,5,38,10,97,CHC,CLE,CHC,Edward Cabrera,665795,0.18181818181818182,0.22727272727272727,0.2631578947368421
2026-04-11,824697,25,4,3,46,11,98,CHC,CHC,PIT,Edward Cabrera,665795,0.16,0.12,0.2391304347826087
2026-04-17,824693,25,3,2,41,9,91,CHC,CHC,NYM,Edward Cabrera,665795,0.12,0.08,0.21951219512195122
2026-04-23,824689,28,5,0,43,7,83,CHC,CHC,PHI,Edward Cabrera,665795,0.17857142857142858,0.0,0.16279069767441862
2026-04-28,823310,25,7,1,52,18,99,CHC,SD,CHC,Edward Cabrera,665795,0.28,0.04,0.34615384615384615
2026-05-04,824684,27,8,2,47,12,89,CHC,CHC,CIN,Edward Cabrera,665795,0.2962962962962963,0.07407407407407407,0.2553191489361702
2026-05-09,822905,21,6,1,46,9,88,CHC,TEX,CHC,Edward Cabrera,665795,0.2857142857142857,0.047619047619047616,0.1956521739130435
2026-05-15,824601,19,2,3,41,11,88,CHC,CWS,CHC,Edward Cabrera,665795,0.10526315789473684,0.15789473684210525,0.2682926829268293
2026-05-20,824678,16,2,2,22,4,61,CHC,CHC,MIL,Edward Cabrera,665795,0.125,0.125,0.18181818181818182
2026-06-05,824673,20,6,1,39,10,80,CHC,CHC,SF,Edward Cabrera,665795,0.3,0.05,0.2564102564102564
2026-06-11,824346,22,5,2,45,10,83,CHC,COL,CHC,Edward Cabrera,665795,0.22727272727272727,0.09090909090909091,0.2222222222222222
2026-06-16,824667,18,3,2,31,7,67,CHC,CHC,COL,Edward Cabrera,665795,0.16666666666666666,0.1111111111111111,0.22580645161290322
2026-06-23,823614,22,4,4,46,7,99,CHC,NYM,CHC,Edward Cabrera,665795,0.18181818181818182,0.18181818181818182,0.15217391304347827
2026-04-01,824136,20,5,1,39,7,86,KC,KC,MIN,Noah Cameron,702070,0.25,0.05,0.1794871794871795
2026-04-07,824457,24,5,1,44,11,97,KC,CLE,KC,Noah Cameron,702070,0.20833333333333334,0.041666666666666664,0.25
2026-04-12,824126,23,4,2,30,6,67,KC,KC,CWS,Noah Cameron,702070,0.17391304347826086,0.08695652173913043,0.2
2026-04-18,823558,22,3,2,32,9,74,KC,NYY,KC,Noah Cameron,702070,0.13636363636363635,0.09090909090909091,0.28125
2026-04-24,824124,28,6,3,43,8,88,KC,KC,LAA,Noah Cameron,702070,0.21428571428571427,0.10714285714285714,0.18604651162790697
2026-04-30,825016,27,5,2,50,10,93,KC,ATH,KC,Noah Cameron,702070,0.18518518518518517,0.07407407407407407,0.2
2026-05-10,824113,20,4,3,44,9,95,KC,KC,DET,Noah Cameron,702070,0.2,0.15,0.20454545454545456
2026-05-16,823060,23,4,0,42,9,82,KC,STL,KC,Noah Cameron,702070,0.17391304347826086,0.0,0.21428571428571427
2026-05-22,824110,23,8,2,45,12,96,KC,KC,SEA,Noah Cameron,702070,0.34782608695652173,0.08695652173913043,0.26666666666666666
2026-05-27,824104,20,4,1,41,8,94,KC,KC,NYY,Noah Cameron,702070,0.2,0.05,0.1951219512195122
2026-06-02,824511,22,8,0,44,8,87,KC,CIN,KC,Noah Cameron,702070,0.36363636363636365,0.0,0.18181818181818182
2026-06-07,823696,23,7,0,48,12,104,KC,MIN,KC,Noah Cameron,702070,0.30434782608695654,0.0,0.25
2026-06-13,824100,20,1,0,42,8,86,KC,KC,HOU,Noah Cameron,702070,0.05,0.0,0.19047619047619047
2026-06-18,824098,27,6,2,49,14,108,KC,KC,STL,Noah Cameron,702070,0.2222222222222222,0.07407407407407407,0.2857142857142857
2026-06-24,822965,27,5,2,53,8,110,KC,TB,KC,Noah Cameron,702070,0.18518518518518517,0.07407407407407407,0.1509433962264151
2026-06-30,824096,21,0,3,36,6,86,KC,KC,TB,Noah Cameron,702070,0.0,0.14285714285714285,0.16666666666666666
2026-05-03,823307,19,7,3,30,15,73,SD,SD,CWS,Griffin Canning,656288,0.3684210526315789,0.15789473684210525,0.5
2026-05-08,823303,22,5,2,35,7,83,SD,SD,STL,Griffin Canning,656288,0.22727272727272727,0.09090909090909091,0.2
2026-05-14,823789,14,2,4,23,3,64,SD,MIL,SD,Griffin Canning,656288,0.14285714285714285,0.2857142857142857,0.13043478260869565
2026-05-19,823302,20,5,1,31,8,72,SD,SD,LAD,Griffin Canning,656288,0.25,0.05,0.25806451612903225
2026-05-25,823296,24,5,3,47,10,97,SD,SD,PHI,Griffin Canning,656288,0.20833333333333334,0.125,0.2127659574468085
2026-05-31,822729,21,3,2,40,5,77,SD,WSH,SD,Griffin Canning,656288,0.14285714285714285,0.09523809523809523,0.125
2026-06-06,823292,19,6,2,36,8,86,SD,SD,NYM,Griffin Canning,656288,0.3157894736842105,0.10526315789473684,0.2222222222222222
2026-06-12,824826,24,6,5,30,8,93,SD,BAL,SD,Griffin Canning,656288,0.25,0.20833333333333334,0.26666666666666666
2026-06-17,823044,20,2,3,34,7,77,SD,STL,SD,Griffin Canning,656288,0.1,0.15,0.20588235294117646
2026-06-23,823286,8,2,1,20,4,40,SD,SD,ATL,Griffin Canning,656288,0.25,0.125,0.2
2026-06-29,824662,20,3,2,32,8,75,SD,CHC,SD,Griffin Canning,656288,0.15,0.1,0.25
2026-03-28,823161,18,5,3,36,8,91,CLE,SEA,CLE,Joey Cantillo,676282,0.2777777777777778,0.16666666666666666,0.2222222222222222
2026-04-03,824458,21,6,2,37,10,82,CLE,CLE,CHC,Joey Cantillo,676282,0.2857142857142857,0.09523809523809523,0.2702702702702703
2026-04-08,824455,21,9,2,35,12,88,CLE,CLE,KC,Joey Cantillo,676282,0.42857142857142855,0.09523809523809523,0.34285714285714286
2026-04-14,823072,21,3,2,37,9,82,CLE,STL,CLE,Joey Cantillo,676282,0.14285714285714285,0.09523809523809523,0.24324324324324326
2026-04-19,824452,22,6,3,33,11,89,CLE,CLE,BAL,Joey Cantillo,676282,0.2727272727272727,0.13636363636363635,0.3333333333333333
2026-04-25,822826,22,4,1,42,10,89,CLE,TOR,CLE,Joey Cantillo,676282,0.18181818181818182,0.045454545454545456,0.23809523809523808
2026-05-01,825012,20,2,3,33,8,69,CLE,ATH,CLE,Joey Cantillo,676282,0.1,0.15,0.24242424242424243
2026-05-06,824118,20,1,3,30,6,70,CLE,KC,CLE,Joey Cantillo,676282,0.05,0.15,0.2
2026-05-11,824441,24,4,1,45,14,93,CLE,CLE,LAA,Joey Cantillo,676282,0.16666666666666666,0.041666666666666664,0.3111111111111111
2026-05-16,824435,22,4,4,41,13,87,CLE,CLE,CIN,Joey Cantillo,676282,0.18181818181818182,0.18181818181818182,0.3170731707317073
2026-05-21,824274,23,6,3,52,16,98,CLE,DET,CLE,Joey Cantillo,676282,0.2608695652173913,0.13043478260869565,0.3076923076923077
2026-05-26,824434,13,1,4,24,2,69,CLE,CLE,WSH,Joey Cantillo,676282,0.07692307692307693,0.3076923076923077,0.08333333333333333
2026-06-02,823541,21,4,3,41,11,92,CLE,NYY,CLE,Joey Cantillo,676282,0.19047619047619047,0.14285714285714285,0.2682926829268293
2026-06-07,822890,25,7,2,48,11,97,CLE,TEX,CLE,Joey Cantillo,676282,0.28,0.08,0.22916666666666666
2026-06-13,824426,21,4,0,37,8,79,CLE,CLE,DET,Joey Cantillo,676282,0.19047619047619047,0.0,0.21621621621621623
2026-06-20,824180,28,9,1,50,20,99,CLE,HOU,CLE,Joey Cantillo,676282,0.32142857142857145,0.03571428571428571,0.4
2026-06-26,824423,20,9,2,37,18,90,CLE,CLE,SEA,Joey Cantillo,676282,0.45,0.1,0.4864864864864865
2026-07-01,824419,23,4,5,36,11,93,CLE,CLE,TEX,Joey Cantillo,676282,0.17391304347826086,0.21739130434782608,0.3055555555555556
2026-03-26,824704,17,5,3,27,6,75,WSH,CHC,WSH,Cade Cavalli,676917,0.29411764705882354,0.17647058823529413,0.2222222222222222
2026-04-01,823483,25,3,2,32,9,84,WSH,PHI,WSH,Cade Cavalli,676917,0.12,0.08,0.28125
2026-04-07,822754,20,3,4,38,7,94,WSH,WSH,STL,Cade Cavalli,676917,0.15,0.2,0.18421052631578946
2026-04-13,823400,12,2,3,15,4,48,WSH,PIT,WSH,Cade Cavalli,676917,0.16666666666666666,0.25,0.26666666666666666
2026-04-18,822751,19,5,0,44,8,93,WSH,WSH,SF,Cade Cavalli,676917,0.2631578947368421,0.0,0.18181818181818182
2026-04-23,822745,23,10,0,45,12,85,WSH,WSH,ATL,Cade Cavalli,676917,0.43478260869565216,0.0,0.26666666666666666
2026-04-29,823633,27,10,2,51,18,97,WSH,NYM,WSH,Cade Cavalli,676917,0.37037037037037035,0.07407407407407407,0.35294117647058826
2026-05-05,822743,22,2,3,37,8,76,WSH,WSH,MIN,Cade Cavalli,676917,0.09090909090909091,0.13636363636363635,0.21621621621621623
2026-05-10,823868,25,4,1,44,11,95,WSH,MIA,WSH,Cade Cavalli,676917,0.16,0.04,0.25
2026-05-16,822737,26,8,0,47,8,94,WSH,WSH,BAL,Cade Cavalli,676917,0.3076923076923077,0.0,0.1702127659574468
2026-05-21,822733,27,9,1,39,8,84,WSH,WSH,NYM,Cade Cavalli,676917,0.3333333333333333,0.037037037037037035,0.20512820512820512
2026-05-26,824434,25,7,2,42,12,88,WSH,CLE,WSH,Cade Cavalli,676917,0.28,0.08,0.2857142857142857
2026-06-01,822730,23,6,3,41,9,89,WSH,WSH,MIA,Cade Cavalli,676917,0.2608695652173913,0.13043478260869565,0.21951219512195122
2026-06-07,825074,22,2,1,48,9,88,WSH,AZ,WSH,Cade Cavalli,676917,0.09090909090909091,0.045454545454545456,0.1875
2026-06-13,822725,20,5,0,38,7,81,WSH,WSH,SEA,Cade Cavalli,676917,0.25,0.0,0.18421052631578946
2026-06-20,822967,16,1,3,26,3,68,WSH,TB,WSH,Cade Cavalli,676917,0.0625,0.1875,0.11538461538461539
2026-06-25,822717,25,7,1,54,11,97,WSH,WSH,PHI,Cade Cavalli,676917,0.28,0.04,0.2037037037037037
2026-06-30,824742,23,13,0,56,17,100,WSH,BOS,WSH,Cade Cavalli,676917,0.5652173913043478,0.0,0.30357142857142855
2026-03-28,822838,22,12,2,46,24,90,TOR,TOR,ATH,Dylan Cease,656302,0.5454545454545454,0.09090909090909091,0.5217391304347826
2026-04-03,824621,22,6,3,46,13,93,TOR,CWS,TOR,Dylan Cease,656302,0.2727272727272727,0.13636363636363635,0.2826086956521739
2026-04-08,822833,23,8,4,44,18,96,TOR,TOR,LAD,Dylan Cease,656302,0.34782608695652173,0.17391304347826086,0.4090909090909091
2026-04-15,823803,22,5,3,41,15,106,TOR,MIL,TOR,Dylan Cease,656302,0.22727272727272727,0.13636363636363635,0.36585365853658536
2026-04-20,824046,22,12,2,49,15,110,TOR,LAA,TOR,Dylan Cease,656302,0.5454545454545454,0.09090909090909091,0.30612244897959184
2026-04-27,822825,27,5,3,46,13,107,TOR,TOR,BOS,Dylan Cease,656302,0.18518518518518517,0.1111111111111111,0.2826086956521739
2026-05-02,823715,28,7,1,51,13,106,TOR,MIN,TOR,Dylan Cease,656302,0.25,0.03571428571428571,0.2549019607843137
2026-05-08,822822,25,10,0,54,16,97,TOR,TOR,LAA,Dylan Cease,656302,0.4,0.0,0.2962962962962963
2026-05-13,822815,26,9,3,37,11,99,TOR,TOR,TB,Dylan Cease,656302,0.34615384615384615,0.11538461538461539,0.2972972972972973
2026-05-19,823548,23,9,4,42,17,100,TOR,NYY,TOR,Dylan Cease,656302,0.391304347826087,0.17391304347826086,0.40476190476190477
2026-05-24,822813,19,8,1,37,11,77,TOR,TOR,PIT,Dylan Cease,656302,0.42105263157894735,0.05263157894736842,0.2972972972972973
2026-06-09,822805,22,11,1,50,23,93,TOR,TOR,PHI,Dylan Cease,656302,0.5,0.045454545454545456,0.46
2026-06-16,824750,23,7,4,48,15,108,TOR,BOS,TOR,Dylan Cease,656302,0.30434782608695654,0.17391304347826086,0.3125
2026-06-22,822800,23,8,4,50,12,110,TOR,TOR,HOU,Dylan Cease,656302,0.34782608695652173,0.17391304347826086,0.24
2026-06-27,822794,23,10,5,44,17,107,TOR,TOR,TEX,Dylan Cease,656302,0.43478260869565216,0.21739130434782608,0.38636363636363635
2026-03-29,823160,24,5,3,36,7,93,CLE,SEA,CLE,Slade Cecconi,677944,0.20833333333333334,0.125,0.19444444444444445
2026-04-05,824459,21,6,1,46,13,85,CLE,CLE,CHC,Slade Cecconi,677944,0.2857142857142857,0.047619047619047616,0.2826086956521739
2026-04-10,824941,23,3,1,39,4,86,CLE,ATL,CLE,Slade Cecconi,677944,0.13043478260869565,0.043478260869565216,0.10256410256410256
2026-04-15,823071,20,4,5,38,7,87,CLE,STL,CLE,Slade Cecconi,677944,0.2,0.25,0.18421052631578946
2026-04-20,824450,27,2,2,41,6,94,CLE,CLE,HOU,Slade Cecconi,677944,0.07407407407407407,0.07407407407407407,0.14634146341463414
2026-04-26,822824,24,5,1,45,10,90,CLE,TOR,CLE,Slade Cecconi,677944,0.20833333333333334,0.041666666666666664,0.2222222222222222
2026-05-02,825014,25,3,0,42,8,70,CLE,ATH,CLE,Slade Cecconi,677944,0.12,0.0,0.19047619047619047
2026-05-07,824117,23,3,3,26,2,82,CLE,KC,CLE,Slade Cecconi,677944,0.13043478260869565,0.13043478260869565,0.07692307692307693
2026-05-12,824442,18,7,1,45,8,89,CLE,CLE,LAA,Slade Cecconi,677944,0.3888888888888889,0.05555555555555555,0.17777777777777778
2026-05-18,824277,27,4,2,40,6,96,CLE,DET,CLE,Slade Cecconi,677944,0.14814814814814814,0.07407407407407407,0.15
2026-05-23,823458,22,5,1,43,7,86,CLE,PHI,CLE,Slade Cecconi,677944,0.22727272727272727,0.045454545454545456,0.16279069767441862
2026-05-29,824433,19,3,0,36,6,69,CLE,CLE,BOS,Slade Cecconi,677944,0.15789473684210525,0.0,0.16666666666666666
2026-06-04,823542,21,4,1,40,11,82,CLE,NYY,CLE,Slade Cecconi,677944,0.19047619047619047,0.047619047619047616,0.275
2026-06-09,824429,23,7,2,41,10,87,CLE,CLE,NYY,Slade Cecconi,677944,0.30434782608695654,0.08695652173913043,0.24390243902439024
2026-06-16,823775,22,4,2,31,6,82,CLE,MIL,CLE,Slade Cecconi,677944,0.18181818181818182,0.09090909090909091,0.1935483870967742
2026-06-21,824177,25,1,1,37,4,83,CLE,HOU,CLE,Slade Cecconi,677944,0.04,0.04,0.10810810810810811
2026-06-27,824421,24,4,2,39,8,87,CLE,CLE,SEA,Slade Cecconi,677944,0.16666666666666666,0.08333333333333333,0.20512820512820512
2026-03-31,824537,19,6,6,33,11,81,PIT,CIN,PIT,Bubba Chandler,696149,0.3157894736842105,0.3157894736842105,0.3333333333333333
2026-04-06,823401,21,4,4,36,7,83,PIT,PIT,SD,Bubba Chandler,696149,0.19047619047619047,0.19047619047619047,0.19444444444444445
2026-04-12,824696,23,4,2,48,12,91,PIT,CHC,PIT,Bubba Chandler,696149,0.17391304347826086,0.08695652173913043,0.25
2026-04-17,823397,22,3,1,46,8,90,PIT,PIT,TB,Bubba Chandler,696149,0.13636363636363635,0.045454545454545456,0.17391304347826086
2026-04-23,822912,23,4,3,35,4,79,PIT,TEX,PIT,Bubba Chandler,696149,0.17391304347826086,0.13043478260869565,0.11428571428571428
2026-04-29,823392,22,6,4,41,11,85,PIT,PIT,STL,Bubba Chandler,696149,0.2727272727272727,0.18181818181818182,0.2682926829268293
2026-05-05,825092,22,4,6,42,10,93,PIT,AZ,PIT,Bubba Chandler,696149,0.18181818181818182,0.2727272727272727,0.23809523809523808
2026-05-10,823221,21,3,1,43,5,77,PIT,SF,PIT,Bubba Chandler,696149,0.14285714285714285,0.047619047619047616,0.11627906976744186
2026-05-16,823382,16,2,3,28,1,77,PIT,PIT,PHI,Bubba Chandler,696149,0.125,0.1875,0.03571428571428571
2026-05-22,822816,23,11,3,51,20,99,PIT,TOR,PIT,Bubba Chandler,696149,0.4782608695652174,0.13043478260869565,0.39215686274509803
2026-05-27,823376,24,5,2,50,9,91,PIT,PIT,CHC,Bubba Chandler,696149,0.20833333333333334,0.08333333333333333,0.18
2026-06-02,824189,23,3,2,40,11,91,PIT,HOU,PIT,Bubba Chandler,696149,0.13043478260869565,0.08695652173913043,0.275
2026-06-07,824916,20,7,2,44,8,88,PIT,ATL,PIT,Bubba Chandler,696149,0.35,0.1,0.18181818181818182
2026-06-13,823369,22,6,1,41,12,84,PIT,PIT,MIA,Bubba Chandler,696149,0.2727272727272727,0.045454545454545456,0.2926829268292683
2026-06-19,824345,26,1,2,38,9,74,PIT,COL,PIT,Bubba Chandler,696149,0.038461538461538464,0.07692307692307693,0.23684210526315788
2026-06-25,823366,23,4,3,38,7,75,PIT,PIT,SEA,Bubba Chandler,696149,0.17391304347826086,0.13043478260869565,0.18421052631578946
2026-06-30,823445,29,6,2,51,7,97,PIT,PHI,PIT,Bubba Chandler,696149,0.20689655172413793,0.06896551724137931,0.13725490196078433
2026-03-31,824942,20,3,1,41,6,87,ATH,ATL,ATH,Aaron Civale,650644,0.15,0.05,0.14634146341463414
2026-04-07,823567,22,6,4,33,7,88,ATH,NYY,ATH,Aaron Civale,650644,0.2727272727272727,0.18181818181818182,0.21212121212121213
2026-04-12,823642,20,2,0,35,10,75,ATH,NYM,ATH,Aaron Civale,650644,0.1,0.0,0.2857142857142857
2026-04-17,825019,27,4,0,46,9,107,ATH,ATH,CWS,Aaron Civale,650644,0.14814814814814814,0.0,0.1956521739130435
2026-04-22,823147,23,5,1,36,6,85,ATH,SEA,ATH,Aaron Civale,650644,0.21739130434782608,0.043478260869565216,0.16666666666666666
2026-04-28,825017,21,3,1,43,7,87,ATH,ATH,KC,Aaron Civale,650644,0.14285714285714285,0.047619047619047616,0.16279069767441862
2026-05-03,825013,26,3,2,39,3,93,ATH,ATH,CLE,Aaron Civale,650644,0.11538461538461539,0.07692307692307693,0.07692307692307693
2026-05-09,824847,23,6,3,41,8,97,ATH,BAL,ATH,Aaron Civale,650644,0.2608695652173913,0.13043478260869565,0.1951219512195122
2026-05-15,825009,22,2,1,35,4,76,ATH,ATH,SF,Aaron Civale,650644,0.09090909090909091,0.045454545454545456,0.11428571428571428
2026-05-20,824032,21,2,2,33,6,61,ATH,LAA,ATH,Aaron Civale,650644,0.09523809523809523,0.09523809523809523,0.18181818181818182
2026-05-25,825005,22,2,1,34,6,73,ATH,ATH,SEA,Aaron Civale,650644,0.09090909090909091,0.045454545454545456,0.17647058823529413
2026-06-17,824992,20,2,2,35,10,71,ATH,ATH,PIT,Aaron Civale,650644,0.1,0.1,0.2857142857142857
2026-06-23,823210,18,5,0,44,7,84,ATH,SF,ATH,Aaron Civale,650644,0.2777777777777778,0.0,0.1590909090909091
2026-06-28,824011,22,2,1,53,7,90,ATH,LAA,ATH,Aaron Civale,650644,0.09090909090909091,0.045454545454545456,0.1320754716981132
2026-05-22,823546,22,2,3,31,4,72,NYY,NYY,TB,Gerrit Cole,543037,0.09090909090909091,0.13636363636363635,0.12903225806451613
2026-05-27,824104,23,10,0,43,12,79,NYY,KC,NYY,Gerrit Cole,543037,0.43478260869565216,0.0,0.27906976744186046
2026-06-03,823540,23,2,1,39,2,83,NYY,NYY,CLE,Gerrit Cole,543037,0.08695652173913043,0.043478260869565216,0.05128205128205128
2026-06-09,824429,21,4,2,37,4,84,NYY,CLE,NYY,Gerrit Cole,543037,0.19047619047619047,0.09523809523809523,0.10810810810810811
2026-06-16,823535,23,6,2,43,6,90,NYY,NYY,CWS,Gerrit Cole,543037,0.2608695652173913,0.08695652173913043,0.13953488372093023
2026-06-22,824261,24,5,1,42,11,89,NYY,DET,NYY,Gerrit Cole,543037,0.20833333333333334,0.041666666666666664,0.2619047619047619
2026-06-27,824745,24,5,1,46,6,89,NYY,BOS,NYY,Gerrit Cole,543037,0.20833333333333334,0.041666666666666664,0.13043478260869565
2026-04-10,822829,21,3,1,40,8,85,TOR,TOR,MIN,Patrick Corbin,571578,0.14285714285714285,0.047619047619047616,0.2
2026-04-16,823801,21,6,1,36,9,79,TOR,MIL,TOR,Patrick Corbin,571578,0.2857142857142857,0.047619047619047616,0.25
2026-04-21,824045,18,3,2,27,3,65,TOR,LAA,TOR,Patrick Corbin,571578,0.16666666666666666,0.1111111111111111,0.1111111111111111
2026-04-26,822824,21,4,2,42,12,84,TOR,TOR,CLE,Patrick Corbin,571578,0.19047619047619047,0.09523809523809523,0.2857142857142857
2026-05-01,823713,23,4,1,40,3,79,TOR,MIN,TOR,Patrick Corbin,571578,0.17391304347826086,0.043478260869565216,0.075
2026-05-06,822985,22,1,2,28,2,61,TOR,TB,TOR,Patrick Corbin,571578,0.045454545454545456,0.09090909090909091,0.07142857142857142
2026-05-12,822817,23,1,1,43,4,86,TOR,TOR,TB,Patrick Corbin,571578,0.043478260869565216,0.043478260869565216,0.09302325581395349
2026-05-18,823549,20,3,3,41,9,79,TOR,NYY,TOR,Patrick Corbin,571578,0.15,0.15,0.21951219512195122
2026-05-23,822814,23,7,0,46,12,84,TOR,TOR,PIT,Patrick Corbin,571578,0.30434782608695654,0.0,0.2608695652173913
2026-05-28,824834,21,4,1,36,6,80,TOR,BAL,TOR,Patrick Corbin,571578,0.19047619047619047,0.047619047619047616,0.16666666666666666
2026-06-03,824917,23,1,2,41,4,85,TOR,ATL,TOR,Patrick Corbin,571578,0.043478260869565216,0.08695652173913043,0.0975609756097561
2026-06-08,822806,18,3,4,36,9,80,TOR,TOR,PHI,Patrick Corbin,571578,0.16666666666666666,0.2222222222222222,0.25
2026-06-14,822801,18,3,0,39,7,76,TOR,TOR,NYY,Patrick Corbin,571578,0.16666666666666666,0.0,0.1794871794871795
2026-06-20,824665,20,4,3,45,10,101,TOR,CHC,TOR,Patrick Corbin,571578,0.2,0.15,0.2222222222222222
2026-06-26,822796,21,5,1,41,5,94,TOR,TOR,TEX,Patrick Corbin,571578,0.23809523809523808,0.047619047619047616,0.12195121951219512
2026-07-01,822791,18,5,0,32,8,73,TOR,TOR,NYM,Patrick Corbin,571578,0.2777777777777778,0.0,0.25
2026-03-26,824541,24,8,2,42,9,80,BOS,CIN,BOS,Garrett Crochet,676979,0.3333333333333333,0.08333333333333333,0.21428571428571427
2026-04-01,824211,23,7,0,52,14,93,BOS,HOU,BOS,Garrett Crochet,676979,0.30434782608695654,0.0,0.2692307692307692
2026-04-07,824780,27,7,2,48,11,107,BOS,BOS,MIL,Garrett Crochet,676979,0.25925925925925924,0.07407407407407407,0.22916666666666666
2026-04-13,823725,18,0,3,24,3,55,BOS,MIN,BOS,Garrett Crochet,676979,0.0,0.16666666666666666,0.125
2026-04-19,824777,24,8,2,45,9,93,BOS,BOS,DET,Garrett Crochet,676979,0.3333333333333333,0.08333333333333333,0.2
2026-04-25,824851,22,7,2,41,12,90,BOS,BAL,BOS,Garrett Crochet,676979,0.3181818181818182,0.09090909090909091,0.2926829268292683
2026-04-17,823883,21,4,1,38,2,77,MIL,MIA,MIL,Coleman Crow,689441,0.19047619047619047,0.047619047619047616,0.05263157894736842
2026-05-15,823707,20,3,0,37,9,68,MIL,MIN,MIL,Coleman Crow,689441,0.15,0.0,0.24324324324324326
2026-05-29,824191,18,1,2,27,5,61,MIL,HOU,MIL,Coleman Crow,689441,0.05555555555555555,0.1111111111111111,0.18518518518518517
2026-06-04,823779,18,2,2,36,8,70,MIL,MIL,SF,Coleman Crow,689441,0.1111111111111111,0.1111111111111111,0.2222222222222222
2026-06-09,824999,9,0,0,12,0,23,MIL,ATH,MIL,Coleman Crow,689441,0.0,0.0,0.0
2026-03-31,824861,20,7,0,44,13,79,TEX,BAL,TEX,Jacob deGrom,594798,0.35,0.0,0.29545454545454547
2026-04-06,822918,18,6,1,38,13,78,TEX,TEX,SEA,Jacob deGrom,594798,0.3333333333333333,0.05555555555555555,0.34210526315789475
2026-04-12,823966,25,9,2,47,15,96,TEX,LAD,TEX,Jacob deGrom,594798,0.36,0.08,0.3191489361702128
2026-04-17,823152,18,3,2,48,7,88,TEX,SEA,TEX,Jacob deGrom,594798,0.16666666666666666,0.1111111111111111,0.14583333333333334
2026-04-23,822912,23,10,1,50,21,89,TEX,TEX,PIT,Jacob deGrom,594798,0.43478260869565216,0.043478260869565216,0.42
2026-04-28,822908,22,5,0,44,12,93,TEX,TEX,NYY,Jacob deGrom,594798,0.22727272727272727,0.0,0.2727272727272727
2026-05-05,823553,27,7,1,54,15,95,TEX,NYY,TEX,Jacob deGrom,594798,0.25925925925925924,0.037037037037037035,0.2777777777777778
2026-05-10,822902,24,10,0,51,23,94,TEX,TEX,CHC,Jacob deGrom,594798,0.4166666666666667,0.0,0.45098039215686275
2026-05-16,824193,23,4,0,49,17,94,TEX,HOU,TEX,Jacob deGrom,594798,0.17391304347826086,0.0,0.3469387755102041
2026-05-22,824029,18,3,3,38,11,65,TEX,LAA,TEX,Jacob deGrom,594798,0.16666666666666666,0.16666666666666666,0.2894736842105263
2026-05-27,822897,23,6,1,49,20,97,TEX,TEX,HOU,Jacob deGrom,594798,0.2608695652173913,0.043478260869565216,0.40816326530612246
2026-06-01,823050,21,8,1,47,18,91,TEX,STL,TEX,Jacob deGrom,594798,0.38095238095238093,0.047619047619047616,0.3829787234042553
2026-06-07,822890,23,6,2,43,10,87,TEX,TEX,CLE,Jacob deGrom,594798,0.2608695652173913,0.08695652173913043,0.23255813953488372
2026-06-13,824749,23,5,0,44,13,90,TEX,BOS,TEX,Jacob deGrom,594798,0.21739130434782608,0.0,0.29545454545454547
2026-06-19,822886,27,9,2,52,14,110,TEX,TEX,SD,Jacob deGrom,594798,0.3333333333333333,0.07407407407407407,0.2692307692307692
2026-06-24,823850,23,8,2,47,22,91,TEX,MIA,TEX,Jacob deGrom,594798,0.34782608695652173,0.08695652173913043,0.46808510638297873
2026-06-30,824418,25,9,0,50,16,96,TEX,CLE,TEX,Jacob deGrom,594798,0.36,0.0,0.32
2026-03-28,824213,21,9,0,53,15,95,LAA,HOU,LAA,Reid Detmers,672282,0.42857142857142855,0.0,0.2830188679245283
2026-04-03,824056,26,4,4,47,12,105,LAA,LAA,SEA,Reid Detmers,672282,0.15384615384615385,0.15384615384615385,0.2553191489361702
2026-04-08,824050,22,4,2,48,11,92,LAA,LAA,ATL,Reid Detmers,672282,0.18181818181818182,0.09090909090909091,0.22916666666666666
2026-04-14,823562,25,9,0,51,15,99,LAA,NYY,LAA,Reid Detmers,672282,0.36,0.0,0.29411764705882354
2026-04-20,824046,26,5,2,44,11,90,LAA,LAA,TOR,Reid Detmers,672282,0.19230769230769232,0.07692307692307693,0.25
2026-04-26,824122,21,5,1,40,8,93,LAA,KC,LAA,Reid Detmers,672282,0.23809523809523808,0.047619047619047616,0.2
2026-05-02,824042,27,8,0,53,14,95,LAA,LAA,NYM,Reid Detmers,672282,0.2962962962962963,0.0,0.2641509433962264
2026-05-08,822822,20,3,6,42,5,99,LAA,TOR,LAA,Reid Detmers,672282,0.15,0.3,0.11904761904761904
2026-05-13,824438,25,6,2,44,7,102,LAA,CLE,LAA,Reid Detmers,672282,0.24,0.08,0.1590909090909091
2026-05-19,824033,27,8,2,51,15,92,LAA,LAA,ATH,Reid Detmers,672282,0.2962962962962963,0.07407407407407407,0.29411764705882354
2026-05-24,824028,25,14,0,51,22,96,LAA,LAA,TEX,Reid Detmers,672282,0.56,0.0,0.43137254901960786
2026-05-30,822975,23,7,3,38,12,93,LAA,TB,LAA,Reid Detmers,672282,0.30434782608695654,0.13043478260869565,0.3157894736842105
2026-06-05,823943,21,6,2,42,11,91,LAA,LAD,LAA,Reid Detmers,672282,0.2857142857142857,0.09523809523809523,0.2619047619047619
2026-06-10,824022,22,9,0,43,8,89,LAA,LAA,HOU,Reid Detmers,672282,0.4090909090909091,0.0,0.18604651162790697
2026-06-16,825070,24,3,0,45,4,90,LAA,AZ,LAA,Reid Detmers,672282,0.125,0.0,0.08888888888888889
2026-06-21,824987,27,4,4,45,12,90,LAA,ATH,LAA,Reid Detmers,672282,0.14814814814814814,0.14814814814814814,0.26666666666666666
2026-06-27,824015,24,8,3,52,17,99,LAA,LAA,ATH,Reid Detmers,672282,0.3333333333333333,0.125,0.3269230769230769
2026-04-08,824779,15,2,4,20,3,63,MIL,BOS,MIL,Shane Drohan,675660,0.13333333333333333,0.26666666666666666,0.15
2026-04-24,823800,19,2,1,42,8,71,MIL,MIL,PIT,Shane Drohan,675660,0.10526315789473684,0.05263157894736842,0.19047619047619047
2026-04-28,823798,3,1,0,6,3,10,MIL,MIL,AZ,Shane Drohan,675660,0.3333333333333333,0.0,0.5
2026-04-30,823795,16,4,0,32,7,60,MIL,MIL,AZ,Shane Drohan,675660,0.25,0.0,0.21875
2026-05-04,823064,6,1,1,11,3,23,MIL,STL,MIL,Shane Drohan,675660,0.16666666666666666,0.16666666666666666,0.2727272727272727
2026-05-08,823794,10,3,0,17,7,40,MIL,MIL,NYY,Shane Drohan,675660,0.3,0.0,0.4117647058823529
2026-05-12,823790,2,2,0,9,3,14,MIL,MIL,SD,Shane Drohan,675660,1.0,0.0,0.3333333333333333
2026-05-18,824680,16,5,0,28,9,42,MIL,CHC,MIL,Shane Drohan,675660,0.3125,0.0,0.32142857142857145
2026-05-22,823788,8,2,2,14,2,39,MIL,MIL,LAD,Shane Drohan,675660,0.25,0.25,0.14285714285714285
2026-05-24,823786,11,5,0,25,6,40,MIL,MIL,LAD,Shane Drohan,675660,0.45454545454545453,0.0,0.24
2026-05-27,823783,7,1,0,12,2,27,MIL,MIL,STL,Shane Drohan,675660,0.14285714285714285,0.0,0.16666666666666666
2026-06-01,823781,17,5,2,34,11,68,MIL,MIL,SF,Shane Drohan,675660,0.29411764705882354,0.11764705882352941,0.3235294117647059
2026-06-07,824349,24,4,1,40,8,83,MIL,COL,MIL,Shane Drohan,675660,0.16666666666666666,0.041666666666666664,0.2
2026-06-13,823776,23,7,0,39,13,78,MIL,MIL,PHI,Shane Drohan,675660,0.30434782608695654,0.0,0.3333333333333333
2026-06-18,823772,21,3,3,38,8,91,MIL,MIL,CLE,Shane Drohan,675660,0.14285714285714285,0.14285714285714285,0.21052631578947367
2026-06-24,824500,20,5,3,45,5,98,MIL,CIN,MIL,Shane Drohan,675660,0.25,0.15,0.1111111111111111
2026-07-01,823767,23,7,1,37,14,78,MIL,MIL,CIN,Shane Drohan,675660,0.30434782608695654,0.043478260869565216,0.3783783783783784
2026-03-29,824538,21,6,2,43,7,96,BOS,CIN,BOS,Connelly Early,813349,0.2857142857142857,0.09523809523809523,0.16279069767441862
2026-04-04,824782,19,4,4,41,9,88,BOS,BOS,SD,Connelly Early,813349,0.21052631578947367,0.21052631578947367,0.21951219512195122
2026-04-10,823076,21,5,2,36,9,86,BOS,STL,BOS,Connelly Early,813349,0.23809523809523808,0.09523809523809523,0.25
2026-04-15,823722,23,5,2,31,6,85,BOS,MIN,BOS,Connelly Early,813349,0.21739130434782608,0.08695652173913043,0.1935483870967742
2026-04-21,824773,23,4,3,34,7,92,BOS,BOS,NYY,Connelly Early,813349,0.17391304347826086,0.13043478260869565,0.20588235294117646
2026-04-26,824852,24,4,1,43,8,92,BOS,BAL,BOS,Connelly Early,813349,0.16666666666666666,0.041666666666666664,0.18604651162790697
2026-05-02,824771,20,3,3,39,8,77,BOS,BOS,HOU,Connelly Early,813349,0.15,0.15,0.20512820512820512
2026-05-08,824768,26,8,1,47,8,96,BOS,BOS,TB,Connelly Early,813349,0.3076923076923077,0.038461538461538464,0.1702127659574468
2026-05-15,824925,22,6,0,47,8,86,BOS,ATL,BOS,Connelly Early,813349,0.2727272727272727,0.0,0.1702127659574468
2026-05-20,824111,27,5,1,44,11,93,BOS,KC,BOS,Connelly Early,813349,0.18518518518518517,0.037037037037037035,0.25
2026-05-27,824756,28,7,3,52,10,97,BOS,BOS,ATL,Connelly Early,813349,0.25,0.10714285714285714,0.19230769230769232
2026-06-02,824754,23,6,1,50,11,96,BOS,BOS,BAL,Connelly Early,813349,0.2608695652173913,0.043478260869565216,0.22
2026-06-08,822972,23,6,4,43,12,96,BOS,TB,BOS,Connelly Early,813349,0.2608695652173913,0.17391304347826086,0.27906976744186046
2026-06-14,824751,27,3,2,42,5,92,BOS,BOS,TEX,Connelly Early,813349,0.1111111111111111,0.07407407407407407,0.11904761904761904
2026-06-20,823126,24,7,2,39,13,98,BOS,SEA,BOS,Connelly Early,813349,0.2916666666666667,0.08333333333333333,0.3333333333333333
2026-06-25,824747,24,9,1,54,17,98,BOS,BOS,NYY,Connelly Early,813349,0.375,0.041666666666666664,0.3148148148148148
2026-06-30,824742,15,5,2,29,7,61,BOS,BOS,WSH,Connelly Early,813349,0.3333333333333333,0.13333333333333333,0.2413793103448276
2026-04-12,824126,6,1,0,10,2,16,CWS,KC,CWS,Brandon Eisert,685126,0.16666666666666666,0.0,0.2
2026-04-14,824616,8,1,1,11,3,33,CWS,CWS,TB,Brandon Eisert,685126,0.125,0.125,0.2727272727272727
2026-05-16,824600,6,0,2,9,2,31,CWS,CWS,CHC,Brandon Eisert,685126,0.0,0.3333333333333333,0.2222222222222222
2026-05-18,823137,3,0,0,10,2,21,CWS,SEA,CWS,Brandon Eisert,685126,0.0,0.0,0.2
2026-05-20,823134,3,1,1,8,3,14,CWS,SEA,CWS,Brandon Eisert,685126,0.3333333333333333,0.3333333333333333,0.375
2026-05-22,823223,4,2,1,5,2,13,CWS,SF,CWS,Brandon Eisert,685126,0.5,0.25,0.4
2026-05-24,823220,5,2,0,13,3,28,CWS,SF,CWS,Brandon Eisert,685126,0.4,0.0,0.23076923076923078
2026-05-27,824596,8,1,0,16,3,29,CWS,CWS,MIN,Brandon Eisert,685126,0.125,0.0,0.1875
2026-05-29,824594,4,1,0,7,2,19,CWS,CWS,DET,Brandon Eisert,685126,0.25,0.0,0.2857142857142857
2026-05-31,824592,1,1,0,4,2,8,CWS,CWS,DET,Brandon Eisert,685126,1.0,0.0,0.5
2026-06-01,823702,3,1,0,9,3,14,CWS,MIN,CWS,Brandon Eisert,685126,0.3333333333333333,0.0,0.3333333333333333
2026-06-05,823455,3,2,0,7,1,11,CWS,PHI,CWS,Brandon Eisert,685126,0.6666666666666666,0.0,0.14285714285714285
2026-06-06,823454,5,2,0,11,5,23,CWS,PHI,CWS,Brandon Eisert,685126,0.4,0.0,0.45454545454545453
2026-06-09,824591,6,1,1,7,2,21,CWS,CWS,ATL,Brandon Eisert,685126,0.16666666666666666,0.16666666666666666,0.2857142857142857
2026-06-13,824587,5,1,0,13,5,27,CWS,CWS,LAD,Brandon Eisert,685126,0.2,0.0,0.38461538461538464
2026-06-17,823536,3,2,0,8,3,13,CWS,NYY,CWS,Brandon Eisert,685126,0.6666666666666666,0.0,0.375
2026-06-19,824264,6,2,0,13,5,32,CWS,DET,CWS,Brandon Eisert,685126,0.3333333333333333,0.0,0.38461538461538464
2026-06-21,824260,3,0,0,8,2,14,CWS,DET,CWS,Brandon Eisert,685126,0.0,0.0,0.25
2026-06-24,824583,5,3,0,13,7,24,CWS,CWS,CLE,Brandon Eisert,685126,0.6,0.0,0.5384615384615384
2026-06-26,824582,4,1,0,6,2,10,CWS,CWS,KC,Brandon Eisert,685126,0.25,0.0,0.3333333333333333
2026-06-29,824822,3,3,0,7,2,17,CWS,BAL,CWS,Brandon Eisert,685126,1.0,0.0,0.2857142857142857
2026-07-01,824818,4,1,0,10,3,16,CWS,BAL,CWS,Brandon Eisert,685126,0.25,0.0,0.3
2026-03-30,824943,23,5,1,39,8,83,ATL,ATL,ATH,Bryce Elder,693821,0.21739130434782608,0.043478260869565216,0.20512820512820512
2026-04-04,825104,24,8,1,46,11,89,ATL,AZ,ATL,Bryce Elder,693821,0.3333333333333333,0.041666666666666664,0.2391304347826087
2026-04-10,824941,21,3,3,31,5,76,ATL,ATL,CLE,Bryce Elder,693821,0.14285714285714285,0.14285714285714285,0.16129032258064516
2026-04-15,824936,23,7,2,34,9,79,ATL,ATL,MIA,Bryce Elder,693821,0.30434782608695654,0.08695652173913043,0.2647058823529412
2026-04-20,822749,27,6,2,45,7,98,ATL,WSH,ATL,Bryce Elder,693821,0.2222222222222222,0.07407407407407407,0.15555555555555556
2026-04-25,824933,28,2,1,39,6,92,ATL,ATL,PHI,Bryce Elder,693821,0.07142857142857142,0.03571428571428571,0.15384615384615385
2026-04-30,824929,26,5,3,44,7,90,ATL,ATL,DET,Bryce Elder,693821,0.19230769230769232,0.11538461538461539,0.1590909090909091
2026-05-05,823142,23,9,3,48,16,93,ATL,SEA,ATL,Bryce Elder,693821,0.391304347826087,0.13043478260869565,0.3333333333333333
2026-05-10,823954,22,8,4,32,12,84,ATL,LAD,ATL,Bryce Elder,693821,0.36363636363636365,0.18181818181818182,0.375
2026-05-16,824924,32,3,0,56,7,103,ATL,ATL,BOS,Bryce Elder,693821,0.09375,0.0,0.125
2026-05-22,824922,24,4,1,44,9,87,ATL,ATL,WSH,Bryce Elder,693821,0.16666666666666666,0.041666666666666664,0.20454545454545456
2026-05-27,824756,20,1,1,30,2,59,ATL,BOS,ATL,Bryce Elder,693821,0.05,0.05,0.06666666666666667
2026-06-02,824918,27,6,1,49,10,103,ATL,ATL,TOR,Bryce Elder,693821,0.2222222222222222,0.037037037037037035,0.20408163265306123
2026-06-07,824916,22,4,2,33,6,88,ATL,ATL,PIT,Bryce Elder,693821,0.18181818181818182,0.09090909090909091,0.18181818181818182
2026-06-14,823615,24,2,2,33,5,75,ATL,NYM,ATL,Bryce Elder,693821,0.08333333333333333,0.08333333333333333,0.15151515151515152
2026-06-21,824908,32,6,2,46,10,95,ATL,ATL,MIL,Bryce Elder,693821,0.1875,0.0625,0.21739130434782608
2026-06-27,823207,17,4,1,31,6,69,ATL,SF,ATL,Bryce Elder,693821,0.23529411764705882,0.058823529411764705,0.1935483870967742
2026-03-26,823486,22,7,0,44,13,80,TEX,PHI,TEX,Nathan Eovaldi,543135,0.3181818181818182,0.0,0.29545454545454547
2026-04-01,824860,23,5,3,44,10,88,TEX,BAL,TEX,Nathan Eovaldi,543135,0.21739130434782608,0.13043478260869565,0.22727272727272727
2026-04-07,822916,26,7,2,47,21,93,TEX,TEX,SEA,Nathan Eovaldi,543135,0.2692307692307692,0.07692307692307693,0.44680851063829785
2026-04-13,825024,26,7,2,41,12,84,TEX,ATH,TEX,Nathan Eovaldi,543135,0.2692307692307692,0.07692307692307693,0.2926829268292683
2026-04-18,823151,25,3,1,54,9,95,TEX,SEA,TEX,Nathan Eovaldi,543135,0.12,0.04,0.16666666666666666
2026-04-24,822909,25,3,1,53,9,86,TEX,TEX,ATH,Nathan Eovaldi,543135,0.12,0.04,0.16981132075471697
2026-04-29,822907,26,7,1,53,19,102,TEX,TEX,NYY,Nathan Eovaldi,543135,0.2692307692307692,0.038461538461538464,0.3584905660377358
2026-05-06,823550,27,8,0,54,16,101,TEX,NYY,TEX,Nathan Eovaldi,543135,0.2962962962962963,0.0,0.2962962962962963
2026-05-17,824192,27,7,2,48,17,94,TEX,HOU,TEX,Nathan Eovaldi,543135,0.25925925925925924,0.07407407407407407,0.3541666666666667
2026-05-23,824030,30,6,2,53,17,97,TEX,LAA,TEX,Nathan Eovaldi,543135,0.2,0.06666666666666667,0.32075471698113206
2026-05-28,822896,27,6,2,41,11,90,TEX,TEX,HOU,Nathan Eovaldi,543135,0.2222222222222222,0.07407407407407407,0.2682926829268293
2026-06-02,823052,31,7,1,46,13,93,TEX,STL,TEX,Nathan Eovaldi,543135,0.22580645161290322,0.03225806451612903,0.2826086956521739
2026-06-09,824105,23,2,3,47,6,88,TEX,KC,TEX,Nathan Eovaldi,543135,0.08695652173913043,0.13043478260869565,0.1276595744680851
2026-06-14,824751,26,6,1,47,11,94,TEX,BOS,TEX,Nathan Eovaldi,543135,0.23076923076923078,0.038461538461538464,0.23404255319148937
2026-06-21,822883,25,9,1,48,16,94,TEX,TEX,SD,Nathan Eovaldi,543135,0.36,0.04,0.3333333333333333
2026-06-26,822796,26,9,1,42,14,92,TEX,TOR,TEX,Nathan Eovaldi,543135,0.34615384615384615,0.038461538461538464,0.3333333333333333
2026-03-31,823888,21,4,1,37,8,80,CWS,MIA,CWS,Erick Fedde,607200,0.19047619047619047,0.047619047619047616,0.21621621621621623
2026-04-06,824619,22,4,1,39,7,86,CWS,CWS,BAL,Erick Fedde,607200,0.18181818181818182,0.045454545454545456,0.1794871794871795
2026-04-11,824129,21,4,1,39,8,85,CWS,KC,CWS,Erick Fedde,607200,0.19047619047619047,0.047619047619047616,0.20512820512820512
2026-04-18,825020,20,3,4,30,5,75,CWS,ATH,CWS,Erick Fedde,607200,0.15,0.2,0.16666666666666666
2026-04-24,824611,24,1,4,38,5,91,CWS,CWS,WSH,Erick Fedde,607200,0.041666666666666664,0.16666666666666666,0.13157894736842105
2026-04-29,824608,26,6,0,46,8,103,CWS,CWS,LAA,Erick Fedde,607200,0.23076923076923078,0.0,0.17391304347826086
2026-05-05,824040,21,2,2,35,3,75,CWS,LAA,CWS,Erick Fedde,607200,0.09523809523809523,0.09523809523809523,0.08571428571428572
2026-05-12,824604,22,2,1,34,5,80,CWS,CWS,KC,Erick Fedde,607200,0.09090909090909091,0.045454545454545456,0.14705882352941177
2026-05-17,824599,19,2,4,32,4,92,CWS,CWS,CHC,Erick Fedde,607200,0.10526315789473684,0.21052631578947367,0.125
2026-05-23,823222,21,3,2,34,4,85,CWS,SF,CWS,Erick Fedde,607200,0.14285714285714285,0.09523809523809523,0.11764705882352941
2026-05-29,824594,19,3,3,30,5,84,CWS,CWS,DET,Erick Fedde,607200,0.15789473684210525,0.15789473684210525,0.16666666666666666
2026-06-03,823701,18,2,1,25,3,61,CWS,MIN,CWS,Erick Fedde,607200,0.1111111111111111,0.05555555555555555,0.12
2026-06-09,824591,23,4,0,38,8,88,CWS,CWS,ATL,Erick Fedde,607200,0.17391304347826086,0.0,0.21052631578947367
2026-06-14,824586,13,4,1,24,5,62,CWS,CWS,LAD,Erick Fedde,607200,0.3076923076923077,0.07692307692307693,0.20833333333333334
2026-06-19,824264,19,4,1,39,10,78,CWS,DET,CWS,Erick Fedde,607200,0.21052631578947367,0.05263157894736842,0.2564102564102564
2026-06-24,824583,20,2,3,30,6,75,CWS,CWS,CLE,Erick Fedde,607200,0.1,0.15,0.2
2026-06-30,824819,23,3,3,36,5,90,CWS,BAL,CWS,Erick Fedde,607200,0.13043478260869565,0.13043478260869565,0.1388888888888889
2026-03-31,822836,11,4,1,24,5,47,COL,TOR,COL,Ryan Feltner,663372,0.36363636363636365,0.09090909090909091,0.20833333333333334
2026-04-06,824376,24,1,2,36,2,70,COL,COL,HOU,Ryan Feltner,663372,0.041666666666666664,0.08333333333333333,0.05555555555555555
2026-04-11,823316,22,4,3,42,11,82,COL,SD,COL,Ryan Feltner,663372,0.18181818181818182,0.13636363636363635,0.2619047619047619
2026-04-18,824372,23,5,1,41,13,87,COL,COL,LAD,Ryan Feltner,663372,0.21739130434782608,0.043478260869565216,0.3170731707317073
2026-04-23,824368,9,3,1,22,6,40,COL,COL,SD,Ryan Feltner,663372,0.3333333333333333,0.1111111111111111,0.2727272727272727
2026-05-30,824352,20,2,0,29,5,63,COL,COL,SF,Ryan Feltner,663372,0.1,0.0,0.1724137931034483
2026-06-05,824350,22,4,2,36,6,81,COL,COL,MIL,Ryan Feltner,663372,0.18181818181818182,0.09090909090909091,0.16666666666666666
2026-06-11,824346,20,3,3,31,7,75,COL,COL,CHC,Ryan Feltner,663372,0.15,0.15,0.22580645161290322
2026-06-16,824667,23,7,3,47,12,104,COL,CHC,COL,Ryan Feltner,663372,0.30434782608695654,0.13043478260869565,0.2553191489361702
2026-06-22,824344,25,2,4,45,10,93,COL,COL,BOS,Ryan Feltner,663372,0.08,0.16,0.2222222222222222
2026-06-28,823686,22,0,0,45,8,82,COL,MIN,COL,Ryan Feltner,663372,0.0,0.0,0.17777777777777778
2026-03-28,822838,1,0,0,1,0,4,TOR,TOR,ATH,Braydon Fisher,680755,0.0,0.0,0.0
2026-03-29,822837,5,2,0,13,6,22,TOR,TOR,ATH,Braydon Fisher,680755,0.4,0.0,0.46153846153846156
2026-03-31,822836,4,0,0,9,2,23,TOR,TOR,COL,Braydon Fisher,680755,0.0,0.0,0.2222222222222222
2026-04-03,824621,6,3,0,9,5,21,TOR,CWS,TOR,Braydon Fisher,680755,0.5,0.0,0.5555555555555556
2026-04-04,824622,5,1,1,11,3,25,TOR,CWS,TOR,Braydon Fisher,680755,0.2,0.2,0.2727272727272727
2026-04-10,822829,7,4,0,11,2,32,TOR,TOR,MIN,Braydon Fisher,680755,0.5714285714285714,0.0,0.18181818181818182
2026-04-14,823802,4,2,0,9,2,17,TOR,MIL,TOR,Braydon Fisher,680755,0.5,0.0,0.2222222222222222
2026-04-15,823803,1,0,0,1,0,5,TOR,MIL,TOR,Braydon Fisher,680755,0.0,0.0,0.0
2026-04-17,825101,4,0,0,5,0,11,TOR,AZ,TOR,Braydon Fisher,680755,0.0,0.0,0.0
2026-04-19,825100,3,0,0,7,2,11,TOR,AZ,TOR,Braydon Fisher,680755,0.0,0.0,0.2857142857142857
2026-04-20,824046,3,0,1,5,0,12,TOR,LAA,TOR,Braydon Fisher,680755,0.0,0.3333333333333333,0.0
2026-04-22,824044,4,1,1,10,4,20,TOR,LAA,TOR,Braydon Fisher,680755,0.25,0.25,0.4
2026-04-24,822827,4,0,1,4,0,14,TOR,TOR,CLE,Braydon Fisher,680755,0.0,0.25,0.0
2026-04-26,822824,7,2,1,6,1,22,TOR,TOR,CLE,Braydon Fisher,680755,0.2857142857142857,0.14285714285714285,0.16666666666666666
2026-04-29,822821,5,1,0,10,1,17,TOR,TOR,BOS,Braydon Fisher,680755,0.2,0.0,0.1
2026-05-01,823713,2,1,0,5,3,9,TOR,MIN,TOR,Braydon Fisher,680755,0.5,0.0,0.6
2026-05-03,823711,5,1,1,7,2,18,TOR,MIN,TOR,Braydon Fisher,680755,0.2,0.2,0.2857142857142857
2026-05-06,822985,5,2,1,9,2,23,TOR,TB,TOR,Braydon Fisher,680755,0.4,0.2,0.2222222222222222
2026-05-09,822820,3,0,0,7,2,12,TOR,TOR,LAA,Braydon Fisher,680755,0.0,0.0,0.2857142857142857
2026-05-11,822818,5,0,0,9,1,19,TOR,TOR,TB,Braydon Fisher,680755,0.0,0.0,0.1111111111111111
2026-05-12,822817,5,0,1,14,1,24,TOR,TOR,TB,Braydon Fisher,680755,0.0,0.2,0.07142857142857142
2026-05-15,824280,3,1,1,2,1,10,TOR,DET,TOR,Braydon Fisher,680755,0.3333333333333333,0.3333333333333333,0.5
2026-05-16,824278,4,2,0,10,3,20,TOR,DET,TOR,Braydon Fisher,680755,0.5,0.0,0.3
2026-05-18,823549,6,1,0,13,2,27,TOR,NYY,TOR,Braydon Fisher,680755,0.16666666666666666,0.0,0.15384615384615385
2026-05-21,823545,5,4,1,9,4,23,TOR,NYY,TOR,Braydon Fisher,680755,0.8,0.2,0.4444444444444444
2026-05-23,822814,4,2,1,5,3,14,TOR,TOR,PIT,Braydon Fisher,680755,0.5,0.25,0.6
2026-05-24,822813,3,1,0,4,1,8,TOR,TOR,PIT,Braydon Fisher,680755,0.3333333333333333,0.0,0.25
2026-05-26,822811,4,1,0,6,3,12,TOR,TOR,MIA,Braydon Fisher,680755,0.25,0.0,0.5
2026-05-28,824834,2,1,0,3,2,6,TOR,BAL,TOR,Braydon Fisher,680755,0.5,0.0,0.6666666666666666
2026-05-29,824835,4,0,0,6,1,15,TOR,BAL,TOR,Braydon Fisher,680755,0.0,0.0,0.16666666666666666
2026-06-02,824918,3,1,0,6,3,15,TOR,ATL,TOR,Braydon Fisher,680755,0.3333333333333333,0.0,0.5
2026-06-04,824919,3,1,0,5,3,9,TOR,ATL,TOR,Braydon Fisher,680755,0.3333333333333333,0.0,0.6
2026-06-06,822808,5,2,1,8,4,18,TOR,TOR,BAL,Braydon Fisher,680755,0.4,0.2,0.5
2026-06-10,822804,4,1,1,15,2,27,TOR,TOR,PHI,Braydon Fisher,680755,0.25,0.25,0.13333333333333333
2026-06-12,822803,6,1,1,14,0,26,TOR,TOR,NYY,Braydon Fisher,680755,0.16666666666666666,0.16666666666666666,0.0
2026-06-14,822801,5,1,1,13,4,24,TOR,TOR,NYY,Braydon Fisher,680755,0.2,0.2,0.3076923076923077
2026-06-17,824746,6,0,2,7,1,21,TOR,BOS,TOR,Braydon Fisher,680755,0.0,0.3333333333333333,0.14285714285714285
2026-06-19,824663,5,0,1,7,0,20,TOR,CHC,TOR,Braydon Fisher,680755,0.0,0.2,0.0
2026-06-22,822800,4,0,0,5,1,6,TOR,TOR,HOU,Braydon Fisher,680755,0.0,0.0,0.2
2026-06-23,822799,8,2,0,12,2,30,TOR,TOR,HOU,Braydon Fisher,680755,0.25,0.0,0.16666666666666666
2026-06-27,822794,4,0,0,6,1,12,TOR,TOR,TEX,Braydon Fisher,680755,0.0,0.0,0.16666666666666666
2026-07-01,822791,4,1,1,3,0,14,TOR,TOR,NYM,Braydon Fisher,680755,0.25,0.25,0.0
2026-03-28,823323,21,2,4,39,9,89,DET,SD,DET,Jack Flaherty,656427,0.09523809523809523,0.19047619047619047,0.23076923076923078
2026-04-04,824295,22,6,4,31,6,86,DET,DET,STL,Jack Flaherty,656427,0.2727272727272727,0.18181818181818182,0.1935483870967742
2026-04-09,823724,23,5,3,31,7,89,DET,MIN,DET,Jack Flaherty,656427,0.21739130434782608,0.13043478260869565,0.22580645161290322
2026-04-15,824291,22,7,3,33,9,97,DET,DET,KC,Jack Flaherty,656427,0.3181818181818182,0.13636363636363635,0.2727272727272727
2026-04-20,824776,20,3,6,28,10,73,DET,BOS,DET,Jack Flaherty,656427,0.15,0.3,0.35714285714285715
2026-04-25,824527,14,4,2,31,5,68,DET,CIN,DET,Jack Flaherty,656427,0.2857142857142857,0.14285714285714285,0.16129032258064516
2026-05-01,824287,19,4,3,36,6,91,DET,DET,TEX,Jack Flaherty,656427,0.21052631578947367,0.15789473684210525,0.16666666666666666
2026-05-06,824282,21,10,1,50,13,96,DET,DET,BOS,Jack Flaherty,656427,0.47619047619047616,0.047619047619047616,0.26
2026-05-12,823632,20,2,3,42,6,97,DET,NYM,DET,Jack Flaherty,656427,0.1,0.15,0.14285714285714285
2026-05-17,824279,24,4,0,52,12,90,DET,DET,TOR,Jack Flaherty,656427,0.16666666666666666,0.0,0.23076923076923078
2026-05-22,824842,19,7,0,38,7,78,DET,BAL,DET,Jack Flaherty,656427,0.3684210526315789,0.0,0.18421052631578946
2026-05-28,824272,24,9,0,43,17,95,DET,DET,LAA,Jack Flaherty,656427,0.375,0.0,0.3953488372093023
2026-06-02,822971,22,6,2,36,6,94,DET,TB,DET,Jack Flaherty,656427,0.2727272727272727,0.09090909090909091,0.16666666666666666
2026-06-07,824268,22,7,1,41,15,87,DET,DET,SEA,Jack Flaherty,656427,0.3181818181818182,0.045454545454545456,0.36585365853658536
2026-06-12,824425,13,1,1,30,4,63,DET,CLE,DET,Jack Flaherty,656427,0.07692307692307693,0.07692307692307693,0.13333333333333333
2026-06-28,824256,20,9,3,48,15,94,DET,DET,HOU,Jack Flaherty,656427,0.45,0.15,0.3125
2026-03-27,823893,21,2,2,38,7,81,COL,MIA,COL,Kyle Freeland,607536,0.09523809523809523,0.09523809523809523,0.18421052631578946
2026-04-01,822835,22,6,1,41,10,88,COL,TOR,COL,Kyle Freeland,607536,0.2727272727272727,0.045454545454545456,0.24390243902439024
2026-04-07,824375,24,5,1,43,14,81,COL,COL,HOU,Kyle Freeland,607536,0.20833333333333334,0.041666666666666664,0.32558139534883723
2026-04-28,824526,20,4,1,40,6,79,COL,CIN,COL,Kyle Freeland,607536,0.2,0.05,0.15
2026-05-03,824364,24,7,3,53,15,98,COL,COL,ATL,Kyle Freeland,607536,0.2916666666666667,0.125,0.2830188679245283
2026-05-09,823468,26,4,0,49,8,87,COL,PHI,COL,Kyle Freeland,607536,0.15384615384615385,0.0,0.16326530612244897
2026-05-15,824360,22,3,4,33,3,81,COL,COL,AZ,Kyle Freeland,607536,0.13636363636363635,0.18181818181818182,0.09090909090909091
2026-05-20,824355,22,4,2,46,11,89,COL,COL,TEX,Kyle Freeland,607536,0.18181818181818182,0.09090909090909091,0.2391304347826087
2026-05-26,823949,22,4,0,44,7,81,COL,LAD,COL,Kyle Freeland,607536,0.18181818181818182,0.0,0.1590909090909091
2026-06-01,824027,28,4,1,47,11,91,COL,LAA,COL,Kyle Freeland,607536,0.14285714285714285,0.03571428571428571,0.23404255319148937
2026-06-07,824349,22,2,1,43,7,89,COL,COL,MIL,Kyle Freeland,607536,0.09090909090909091,0.045454545454545456,0.16279069767441862
2026-06-13,824995,27,4,0,51,8,95,COL,ATH,COL,Kyle Freeland,607536,0.14814814814814814,0.0,0.1568627450980392
2026-06-19,824345,26,8,0,44,8,81,COL,COL,PIT,Kyle Freeland,607536,0.3076923076923077,0.0,0.18181818181818182
2026-06-24,824341,29,4,1,47,10,81,COL,COL,BOS,Kyle Freeland,607536,0.13793103448275862,0.034482758620689655,0.2127659574468085
2026-07-01,824337,21,7,1,41,13,85,COL,COL,MIA,Kyle Freeland,607536,0.3333333333333333,0.047619047619047616,0.3170731707317073
2026-03-25,823244,23,4,1,36,6,86,NYY,SF,NYY,Max Fried,608331,0.17391304347826086,0.043478260869565216,0.16666666666666666
2026-03-31,823158,25,6,1,41,9,90,NYY,SEA,NYY,Max Fried,608331,0.24,0.04,0.21951219512195122
2026-04-05,823566,27,4,3,46,9,103,NYY,NYY,MIA,Max Fried,608331,0.14814814814814814,0.1111111111111111,0.1956521739130435
2026-04-11,822996,30,6,0,45,8,94,NYY,TB,NYY,Max Fried,608331,0.2,0.0,0.17777777777777778
2026-04-16,823560,22,3,3,36,6,93,NYY,NYY,LAA,Max Fried,608331,0.13636363636363635,0.13636363636363635,0.16666666666666666
2026-04-22,824774,29,9,2,46,18,100,NYY,BOS,NYY,Max Fried,608331,0.3103448275862069,0.06896551724137931,0.391304347826087
2026-04-27,822906,21,5,2,40,9,89,NYY,TEX,NYY,Max Fried,608331,0.23809523809523808,0.09523809523809523,0.225
2026-05-03,823555,24,6,3,54,14,107,NYY,NYY,BAL,Max Fried,608331,0.25,0.125,0.25925925925925924
2026-05-08,823794,26,5,3,38,9,94,NYY,MIL,NYY,Max Fried,608331,0.19230769230769232,0.11538461538461539,0.23684210526315788
2026-05-13,824841,13,2,1,26,4,61,NYY,BAL,NYY,Max Fried,608331,0.15384615384615385,0.07692307692307693,0.15384615384615385
2026-03-26,823974,19,2,2,36,9,76,AZ,LAD,AZ,Zac Gallen,668678,0.10526315789473684,0.10526315789473684,0.25
2026-04-01,825106,21,2,0,46,6,88,AZ,AZ,DET,Zac Gallen,668678,0.09523809523809523,0.0,0.13043478260869565
2026-04-07,823648,23,5,4,35,7,95,AZ,NYM,AZ,Zac Gallen,668678,0.21739130434782608,0.17391304347826086,0.2
2026-04-12,823479,22,2,1,38,4,84,AZ,PHI,AZ,Zac Gallen,668678,0.09090909090909091,0.045454545454545456,0.10526315789473684
2026-04-18,825098,25,3,0,48,6,88,AZ,AZ,TOR,Zac Gallen,668678,0.12,0.0,0.125
2026-04-25,825093,10,3,0,21,6,49,AZ,AZ,SD,Zac Gallen,668678,0.3,0.0,0.2857142857142857
2026-05-01,824686,21,3,3,42,5,95,AZ,CHC,AZ,Zac Gallen,668678,0.14285714285714285,0.14285714285714285,0.11904761904761904
2026-05-07,825090,28,5,2,44,15,100,AZ,AZ,PIT,Zac Gallen,668678,0.17857142857142858,0.07142857142857142,0.3409090909090909
2026-05-12,822903,24,4,2,41,6,95,AZ,TEX,AZ,Zac Gallen,668678,0.16666666666666666,0.08333333333333333,0.14634146341463414
2026-05-18,825087,23,5,1,39,8,81,AZ,AZ,SF,Zac Gallen,668678,0.21739130434782608,0.043478260869565216,0.20512820512820512
2026-05-23,825080,24,6,2,38,9,82,AZ,AZ,COL,Zac Gallen,668678,0.25,0.08333333333333333,0.23684210526315788
2026-05-29,823135,21,2,1,44,6,84,AZ,SEA,AZ,Zac Gallen,668678,0.09523809523809523,0.047619047619047616,0.13636363636363635
2026-06-03,825077,25,1,2,39,6,90,AZ,AZ,LAD,Zac Gallen,668678,0.04,0.08,0.15384615384615385
2026-06-09,823858,26,3,1,48,11,94,AZ,MIA,AZ,Zac Gallen,668678,0.11538461538461539,0.038461538461538464,0.22916666666666666
2026-06-14,824506,25,4,2,41,9,85,AZ,CIN,AZ,Zac Gallen,668678,0.16,0.08,0.21951219512195122
2026-06-20,825068,26,2,2,34,6,81,AZ,AZ,MIN,Zac Gallen,668678,0.07692307692307693,0.07692307692307693,0.17647058823529413
2026-06-26,822962,27,0,1,34,1,88,AZ,TB,AZ,Zac Gallen,668678,0.0,0.037037037037037035,0.029411764705882353
2026-07-01,825064,24,4,1,45,8,95,AZ,AZ,SF,Zac Gallen,668678,0.16666666666666666,0.041666666666666664,0.17777777777777778
2026-05-17,823708,20,3,2,37,5,79,MIL,MIN,MIL,Robert Gasser,688107,0.15,0.1,0.13513513513513514
2026-05-23,823787,21,4,4,33,8,89,MIL,MIL,LAD,Robert Gasser,688107,0.19047619047619047,0.19047619047619047,0.24242424242424243
2026-06-03,823780,21,5,1,43,11,83,MIL,MIL,SF,Robert Gasser,688107,0.23809523809523808,0.047619047619047616,0.2558139534883721
2026-06-09,824999,25,7,2,50,10,93,MIL,ATH,MIL,Robert Gasser,688107,0.28,0.08,0.2
2026-06-16,823775,20,5,2,44,12,92,MIL,MIL,CLE,Robert Gasser,688107,0.25,0.1,0.2727272727272727
2026-06-21,824908,23,7,1,53,12,97,MIL,ATL,MIL,Robert Gasser,688107,0.30434782608695654,0.043478260869565216,0.22641509433962265
2026-06-29,823771,24,5,1,50,7,96,MIL,MIL,CIN,Robert Gasser,688107,0.20833333333333334,0.041666666666666664,0.14
2026-03-27,822839,19,11,0,49,16,83,TOR,TOR,ATH,Kevin Gausman,592332,0.5789473684210527,0.0,0.32653061224489793
2026-04-01,822835,21,10,0,54,19,89,TOR,TOR,COL,Kevin Gausman,592332,0.47619047619047616,0.0,0.35185185185185186
2026-04-07,822831,24,5,2,42,9,84,TOR,TOR,LAD,Kevin Gausman,592332,0.20833333333333334,0.08333333333333333,0.21428571428571427
2026-04-14,823802,24,5,3,47,14,97,TOR,MIL,TOR,Kevin Gausman,592332,0.20833333333333334,0.125,0.2978723404255319
2026-04-19,825100,25,4,1,40,7,86,TOR,AZ,TOR,Kevin Gausman,592332,0.16,0.04,0.175
2026-04-25,822826,25,3,0,47,11,91,TOR,TOR,CLE,Kevin Gausman,592332,0.12,0.0,0.23404255319148937
2026-04-30,823714,23,2,2,41,7,94,TOR,MIN,TOR,Kevin Gausman,592332,0.08695652173913043,0.08695652173913043,0.17073170731707318
2026-05-05,822986,24,3,1,50,10,96,TOR,TB,TOR,Kevin Gausman,592332,0.125,0.041666666666666664,0.2
2026-05-11,822818,24,5,0,54,9,100,TOR,TOR,TB,Kevin Gausman,592332,0.20833333333333334,0.0,0.16666666666666666
2026-05-17,824279,22,5,0,50,8,97,TOR,DET,TOR,Kevin Gausman,592332,0.22727272727272727,0.0,0.16
2026-05-22,822816,27,8,1,49,17,94,TOR,TOR,PIT,Kevin Gausman,592332,0.2962962962962963,0.037037037037037035,0.3469387755102041
2026-05-27,822809,22,5,2,43,4,95,TOR,TOR,MIA,Kevin Gausman,592332,0.22727272727272727,0.09090909090909091,0.09302325581395349
2026-06-02,824918,25,8,2,46,17,96,TOR,ATL,TOR,Kevin Gausman,592332,0.32,0.08,0.3695652173913043
2026-06-07,822807,20,5,0,45,10,93,TOR,TOR,BAL,Kevin Gausman,592332,0.25,0.0,0.2222222222222222
2026-06-13,822802,25,7,2,53,18,105,TOR,TOR,NYY,Kevin Gausman,592332,0.28,0.08,0.33962264150943394
2026-06-19,824663,17,3,4,27,10,68,TOR,CHC,TOR,Kevin Gausman,592332,0.17647058823529413,0.23529411764705882,0.37037037037037035
2026-06-25,822797,28,4,2,54,11,99,TOR,TOR,TEX,Kevin Gausman,592332,0.14285714285714285,0.07142857142857142,0.2037037037037037
2026-06-30,822793,25,7,2,49,14,96,TOR,TOR,NYM,Kevin Gausman,592332,0.28,0.08,0.2857142857142857
2026-05-03,823555,21,2,2,45,6,87,BAL,NYY,BAL,Trey Gibson,694346,0.09523809523809523,0.09523809523809523,0.13333333333333333
2026-05-08,824846,10,2,1,12,2,30,BAL,BAL,ATH,Trey Gibson,694346,0.2,0.1,0.16666666666666666
2026-05-27,824836,24,1,4,38,4,100,BAL,BAL,TB,Trey Gibson,694346,0.041666666666666664,0.16666666666666666,0.10526315789473684
2026-06-08,824829,19,0,1,34,6,68,BAL,BAL,SEA,Trey Gibson,694346,0.0,0.05263157894736842,0.17647058823529413
2026-06-13,824828,22,7,5,27,8,93,BAL,BAL,SD,Trey Gibson,694346,0.3181818181818182,0.22727272727272727,0.2962962962962963
2026-06-19,823936,26,8,4,41,13,97,BAL,LAD,BAL,Trey Gibson,694346,0.3076923076923077,0.15384615384615385,0.3170731707317073
2026-06-24,824018,18,5,2,27,8,66,BAL,LAA,BAL,Trey Gibson,694346,0.2777777777777778,0.1111111111111111,0.2962962962962963
2026-06-30,824819,21,5,6,30,8,78,BAL,BAL,CWS,Trey Gibson,694346,0.23809523809523808,0.2857142857142857,0.26666666666666666
2026-04-10,822997,19,2,3,30,3,88,NYY,TB,NYY,Luis Gil,661563,0.10526315789473684,0.15789473684210525,0.1
2026-04-15,823561,22,5,2,35,8,83,NYY,NYY,LAA,Luis Gil,661563,0.22727272727272727,0.09090909090909091,0.22857142857142856
2026-04-21,824773,24,2,3,29,3,83,NYY,BOS,NYY,Luis Gil,661563,0.08333333333333333,0.125,0.10344827586206896
2026-04-26,824202,20,0,3,34,3,83,NYY,HOU,NYY,Luis Gil,661563,0.0,0.15,0.08823529411764706
2026-03-26,823163,21,7,0,42,12,86,SEA,SEA,CLE,Logan Gilbert,669302,0.3333333333333333,0.0,0.2857142857142857
2026-03-31,823158,24,6,3,37,11,95,SEA,SEA,NYY,Logan Gilbert,669302,0.25,0.125,0.2972972972972973
2026-04-06,822918,23,5,0,48,11,96,SEA,TEX,SEA,Logan Gilbert,669302,0.21739130434782608,0.0,0.22916666666666666
2026-04-12,823154,24,7,1,39,13,85,SEA,SEA,HOU,Logan Gilbert,669302,0.2916666666666667,0.041666666666666664,0.3333333333333333
2026-04-17,823152,24,7,1,52,10,99,SEA,SEA,TEX,Logan Gilbert,669302,0.2916666666666667,0.041666666666666664,0.19230769230769232
2026-04-22,823147,22,3,2,43,12,89,SEA,SEA,ATH,Logan Gilbert,669302,0.13636363636363635,0.09090909090909091,0.27906976744186046
2026-04-28,823716,24,4,1,50,11,93,SEA,MIN,SEA,Logan Gilbert,669302,0.16666666666666666,0.041666666666666664,0.22
2026-05-04,823143,25,4,2,43,11,89,SEA,SEA,ATL,Logan Gilbert,669302,0.16,0.08,0.2558139534883721
2026-05-10,824605,19,9,0,40,12,87,SEA,CWS,SEA,Logan Gilbert,669302,0.47368421052631576,0.0,0.3
2026-05-16,823139,27,5,2,55,14,97,SEA,SEA,SD,Logan Gilbert,669302,0.18518518518518517,0.07407407407407407,0.2545454545454545
2026-05-22,824110,21,6,2,47,10,94,SEA,KC,SEA,Logan Gilbert,669302,0.2857142857142857,0.09523809523809523,0.2127659574468085
2026-05-27,825003,24,6,2,38,8,91,SEA,ATH,SEA,Logan Gilbert,669302,0.25,0.08333333333333333,0.21052631578947367
2026-06-02,823129,22,8,1,56,19,99,SEA,SEA,NYM,Logan Gilbert,669302,0.36363636363636365,0.045454545454545456,0.3392857142857143
2026-06-09,824830,23,5,2,48,15,105,SEA,BAL,SEA,Logan Gilbert,669302,0.21739130434782608,0.08695652173913043,0.3125
2026-06-16,823128,25,10,1,48,17,94,SEA,SEA,BAL,Logan Gilbert,669302,0.4,0.04,0.3541666666666667
2026-06-21,823123,22,8,2,51,17,94,SEA,SEA,BOS,Logan Gilbert,669302,0.36363636363636365,0.09090909090909091,0.3333333333333333
2026-06-27,824421,28,7,0,65,13,103,SEA,CLE,SEA,Logan Gilbert,669302,0.25,0.0,0.2
2026-03-29,822837,12,2,1,20,3,46,ATH,TOR,ATH,J.T. Ginn,669372,0.16666666666666666,0.08333333333333333,0.15
2026-04-03,825026,10,1,1,15,4,32,ATH,ATH,HOU,J.T. Ginn,669372,0.1,0.1,0.26666666666666666
2026-04-05,825025,6,1,0,16,4,27,ATH,ATH,HOU,J.T. Ginn,669372,0.16666666666666666,0.0,0.25
2026-04-10,823643,14,4,1,29,7,68,ATH,NYM,ATH,J.T. Ginn,669372,0.2857142857142857,0.07142857142857142,0.2413793103448276
2026-04-15,825021,21,3,4,32,8,78,ATH,ATH,TEX,J.T. Ginn,669372,0.14285714285714285,0.19047619047619047,0.25
2026-04-20,823149,23,6,1,43,11,92,ATH,SEA,ATH,J.T. Ginn,669372,0.2608695652173913,0.043478260869565216,0.2558139534883721
2026-04-26,822911,14,2,1,21,7,46,ATH,TEX,ATH,J.T. Ginn,669372,0.14285714285714285,0.07142857142857142,0.3333333333333333
2026-05-01,825012,23,4,5,37,7,88,ATH,ATH,CLE,J.T. Ginn,669372,0.17391304347826086,0.21739130434782608,0.1891891891891892
2026-05-07,823467,27,8,1,43,10,96,ATH,PHI,ATH,J.T. Ginn,669372,0.2962962962962963,0.037037037037037035,0.23255813953488372
2026-05-13,825010,26,3,1,44,5,95,ATH,ATH,STL,J.T. Ginn,669372,0.11538461538461539,0.038461538461538464,0.11363636363636363
2026-05-18,824035,28,10,1,50,14,105,ATH,LAA,ATH,J.T. Ginn,669372,0.35714285714285715,0.03571428571428571,0.28
2026-05-23,823300,14,4,6,30,9,73,ATH,SD,ATH,J.T. Ginn,669372,0.2857142857142857,0.42857142857142855,0.3
2026-05-30,825000,24,4,3,40,12,80,ATH,ATH,NYY,J.T. Ginn,669372,0.16666666666666666,0.125,0.3
2026-06-04,824672,21,8,1,38,17,88,ATH,CHC,ATH,J.T. Ginn,669372,0.38095238095238093,0.047619047619047616,0.4473684210526316
2026-06-09,824999,28,5,3,51,13,97,ATH,ATH,MIL,J.T. Ginn,669372,0.17857142857142858,0.10714285714285714,0.2549019607843137
2026-06-15,824993,26,3,2,48,11,98,ATH,ATH,PIT,J.T. Ginn,669372,0.11538461538461539,0.07692307692307693,0.22916666666666666
2026-06-20,824988,26,5,3,40,8,98,ATH,ATH,LAA,J.T. Ginn,669372,0.19230769230769232,0.11538461538461539,0.2
2026-06-26,824014,26,5,1,45,10,89,ATH,LAA,ATH,J.T. Ginn,669372,0.19230769230769232,0.038461538461538464,0.2222222222222222
2026-07-01,824985,25,4,5,40,10,104,ATH,ATH,LAD,J.T. Ginn,669372,0.16,0.2,0.25
2026-05-17,823138,20,3,3,30,5,79,SD,SEA,SD,Lucas Giolito,608337,0.15,0.15,0.16666666666666666
2026-05-23,823300,21,2,5,34,7,86,SD,SD,ATH,Lucas Giolito,608337,0.09523809523809523,0.23809523809523808,0.20588235294117646
2026-05-29,822732,16,1,4,29,8,78,SD,WSH,SD,Lucas Giolito,608337,0.0625,0.25,0.27586206896551724
2026-06-04,823457,18,5,1,32,12,74,SD,PHI,SD,Lucas Giolito,608337,0.2777777777777778,0.05555555555555555,0.375
2026-06-09,823290,20,3,5,34,6,85,SD,SD,CIN,Lucas Giolito,608337,0.15,0.25,0.17647058823529413
2026-06-15,823046,23,2,3,32,5,86,SD,STL,SD,Lucas Giolito,608337,0.08695652173913043,0.13043478260869565,0.15625
2026-06-21,822883,20,2,2,32,9,66,SD,TEX,SD,Lucas Giolito,608337,0.1,0.1,0.28125
2026-03-28,823973,23,6,1,36,6,90,LAD,LAD,AZ,Tyler Glasnow,607192,0.2608695652173913,0.043478260869565216,0.16666666666666666
2026-04-04,822757,24,9,2,38,12,101,LAD,WSH,LAD,Tyler Glasnow,607192,0.375,0.08333333333333333,0.3157894736842105
2026-04-10,823968,24,7,1,51,17,100,LAD,LAD,TEX,Tyler Glasnow,607192,0.2916666666666667,0.041666666666666664,0.3333333333333333
2026-04-17,824373,24,7,2,45,11,92,LAD,COL,LAD,Tyler Glasnow,607192,0.2916666666666667,0.08333333333333333,0.24444444444444444
2026-04-23,823233,25,9,1,46,14,106,LAD,SF,LAD,Tyler Glasnow,607192,0.36,0.04,0.30434782608695654
2026-04-29,823958,24,9,5,37,13,96,LAD,LAD,MIA,Tyler Glasnow,607192,0.375,0.20833333333333334,0.35135135135135137
2026-05-06,824198,4,2,0,4,0,19,LAD,HOU,LAD,Tyler Glasnow,607192,0.5,0.0,0.0
2026-03-29,823487,22,7,3,42,11,90,TEX,PHI,TEX,MacKenzie Gore,669022,0.3181818181818182,0.13636363636363635,0.2619047619047619
2026-04-03,822919,24,9,0,45,13,88,TEX,TEX,CIN,MacKenzie Gore,669022,0.375,0.0,0.28888888888888886
2026-04-08,822915,17,9,2,30,8,82,TEX,TEX,SEA,MacKenzie Gore,669022,0.5294117647058824,0.11764705882352941,0.26666666666666666
2026-04-14,825022,22,5,6,39,7,94,TEX,ATH,TEX,MacKenzie Gore,669022,0.22727272727272727,0.2727272727272727,0.1794871794871795
2026-04-19,823150,23,5,1,48,12,91,TEX,SEA,TEX,MacKenzie Gore,669022,0.21739130434782608,0.043478260869565216,0.25
2026-04-25,822910,25,7,3,57,13,106,TEX,TEX,ATH,MacKenzie Gore,669022,0.28,0.12,0.22807017543859648
2026-05-01,824287,18,3,3,43,5,94,TEX,DET,TEX,MacKenzie Gore,669022,0.16666666666666666,0.16666666666666666,0.11627906976744186
2026-05-07,823551,25,3,3,52,11,96,TEX,NYY,TEX,MacKenzie Gore,669022,0.12,0.12,0.21153846153846154
2026-05-12,822903,28,5,1,49,7,95,TEX,TEX,AZ,MacKenzie Gore,669022,0.17857142857142858,0.03571428571428571,0.14285714285714285
2026-05-18,824357,8,2,2,12,4,28,TEX,COL,TEX,MacKenzie Gore,669022,0.25,0.25,0.3333333333333333
2026-05-24,824028,21,7,2,48,17,99,TEX,LAA,TEX,MacKenzie Gore,669022,0.3333333333333333,0.09523809523809523,0.3541666666666667
2026-05-29,822894,24,3,1,42,5,99,TEX,TEX,KC,MacKenzie Gore,669022,0.125,0.041666666666666664,0.11904761904761904
2026-06-03,823051,26,5,3,50,12,100,TEX,STL,TEX,MacKenzie Gore,669022,0.19230769230769232,0.11538461538461539,0.24
2026-06-10,824103,26,6,3,39,12,87,TEX,KC,TEX,MacKenzie Gore,669022,0.23076923076923078,0.11538461538461539,0.3076923076923077
2026-06-15,822887,27,10,2,54,16,102,TEX,TEX,MIN,MacKenzie Gore,669022,0.37037037037037035,0.07407407407407407,0.2962962962962963
2026-06-20,822885,23,6,2,44,10,95,TEX,TEX,SD,MacKenzie Gore,669022,0.2608695652173913,0.08695652173913043,0.22727272727272727
2026-06-25,822797,25,5,1,52,7,98,TEX,TOR,TEX,MacKenzie Gore,669022,0.2,0.04,0.1346153846153846
2026-07-01,824419,24,7,1,50,15,92,TEX,CLE,TEX,MacKenzie Gore,669022,0.2916666666666667,0.041666666666666664,0.3
2026-03-28,824540,21,5,1,35,5,80,BOS,CIN,BOS,Sonny Gray,543243,0.23809523809523808,0.047619047619047616,0.14285714285714285
2026-04-03,824786,22,3,0,44,6,87,BOS,BOS,SD,Sonny Gray,543243,0.13636363636363635,0.0,0.13636363636363635
2026-04-08,824779,24,2,2,36,7,90,BOS,BOS,MIL,Sonny Gray,543243,0.08333333333333333,0.08333333333333333,0.19444444444444445
2026-04-14,823723,22,1,1,39,10,93,BOS,MIN,BOS,Sonny Gray,543243,0.045454545454545456,0.045454545454545456,0.2564102564102564
2026-04-20,824776,11,2,1,18,2,40,BOS,BOS,DET,Sonny Gray,543243,0.18181818181818182,0.09090909090909091,0.1111111111111111
2026-05-06,824282,20,2,2,28,4,70,BOS,DET,BOS,Sonny Gray,543243,0.1,0.1,0.14285714285714285
2026-05-13,824763,20,6,1,40,9,78,BOS,BOS,PHI,Sonny Gray,543243,0.3,0.05,0.225
2026-05-18,824114,24,9,1,38,12,80,BOS,KC,BOS,Sonny Gray,543243,0.375,0.041666666666666664,0.3157894736842105
2026-05-24,824759,19,4,2,35,6,75,BOS,BOS,MIN,Sonny Gray,543243,0.21052631578947367,0.10526315789473684,0.17142857142857143
2026-05-30,824431,24,7,3,46,13,92,BOS,CLE,BOS,Sonny Gray,543243,0.2916666666666667,0.125,0.2826086956521739
2026-06-05,823538,27,3,2,41,6,79,BOS,NYY,BOS,Sonny Gray,543243,0.1111111111111111,0.07407407407407407,0.14634146341463414
2026-06-12,824752,23,7,0,46,10,88,BOS,BOS,TEX,Sonny Gray,543243,0.30434782608695654,0.0,0.21739130434782608
2026-06-18,824748,27,4,1,48,5,89,BOS,BOS,TOR,Sonny Gray,543243,0.14814814814814814,0.037037037037037035,0.10416666666666667
2026-06-23,824340,30,11,3,48,16,93,BOS,COL,BOS,Sonny Gray,543243,0.36666666666666664,0.1,0.3333333333333333
2026-06-28,824744,24,9,1,46,14,97,BOS,BOS,NYY,Sonny Gray,543243,0.375,0.041666666666666664,0.30434782608695654
2026-03-30,823484,21,5,0,43,6,86,WSH,PHI,WSH,Foster Griffin,656492,0.23809523809523808,0.0,0.13953488372093023
2026-04-05,822756,22,6,3,40,11,96,WSH,WSH,LAD,Foster Griffin,656492,0.2727272727272727,0.13636363636363635,0.275
2026-04-11,823805,20,1,3,30,5,80,WSH,MIL,WSH,Foster Griffin,656492,0.05,0.15,0.16666666666666666
2026-04-16,823396,24,7,1,44,12,89,WSH,PIT,WSH,Foster Griffin,656492,0.2916666666666667,0.041666666666666664,0.2727272727272727
2026-04-21,822747,24,3,1,49,8,96,WSH,WSH,ATL,Foster Griffin,656492,0.125,0.041666666666666664,0.16326530612244897
2026-04-26,824612,26,8,2,46,14,95,WSH,CWS,WSH,Foster Griffin,656492,0.3076923076923077,0.07692307692307693,0.30434782608695654
2026-05-02,822746,26,3,4,33,1,97,WSH,WSH,MIL,Foster Griffin,656492,0.11538461538461539,0.15384615384615385,0.030303030303030304
2026-05-08,823871,27,9,1,54,14,103,WSH,MIA,WSH,Foster Griffin,656492,0.3333333333333333,0.037037037037037035,0.25925925925925924
2026-05-14,824517,23,7,3,42,12,92,WSH,CIN,WSH,Foster Griffin,656492,0.30434782608695654,0.13043478260869565,0.2857142857142857
2026-05-19,822736,24,5,0,44,7,97,WSH,WSH,NYM,Foster Griffin,656492,0.20833333333333334,0.0,0.1590909090909091
2026-05-24,824921,22,6,1,41,8,90,WSH,ATL,WSH,Foster Griffin,656492,0.2727272727272727,0.045454545454545456,0.1951219512195122
2026-05-30,822731,21,5,2,41,11,90,WSH,WSH,SD,Foster Griffin,656492,0.23809523809523808,0.09523809523809523,0.2682926829268293
2026-06-05,825073,17,4,0,28,7,62,WSH,AZ,WSH,Foster Griffin,656492,0.23529411764705882,0.0,0.25
2026-06-10,823215,24,5,0,55,10,101,WSH,SF,WSH,Foster Griffin,656492,0.20833333333333334,0.0,0.18181818181818182
2026-06-16,822723,26,6,2,55,14,100,WSH,WSH,KC,Foster Griffin,656492,0.23076923076923078,0.07692307692307693,0.2545454545454545
2026-06-22,822720,27,9,0,56,16,105,WSH,WSH,PHI,Foster Griffin,656492,0.3333333333333333,0.0,0.2857142857142857
2026-06-27,824825,26,9,2,57,15,112,WSH,BAL,WSH,Foster Griffin,656492,0.34615384615384615,0.07692307692307693,0.2631578947368421
2026-04-08,823885,3,1,0,4,2,12,MIA,MIA,CIN,Ryan Gusto,687473,0.3333333333333333,0.0,0.5
2026-06-02,822728,11,3,0,22,4,40,MIA,WSH,MIA,Ryan Gusto,687473,0.2727272727272727,0.0,0.18181818181818182
2026-06-05,823860,10,1,1,15,1,33,MIA,MIA,TB,Ryan Gusto,687473,0.1,0.1,0.06666666666666667
2026-06-10,823856,16,4,1,32,5,66,MIA,MIA,AZ,Ryan Gusto,687473,0.25,0.0625,0.15625
2026-06-15,823452,26,1,3,52,12,91,MIA,PHI,MIA,Ryan Gusto,687473,0.038461538461538464,0.11538461538461539,0.23076923076923078
2026-06-21,823852,18,6,2,28,9,68,MIA,MIA,SF,Ryan Gusto,687473,0.3333333333333333,0.1111111111111111,0.32142857142857145
2026-06-27,823038,15,4,1,29,3,63,MIA,STL,MIA,Ryan Gusto,687473,0.26666666666666666,0.06666666666666667,0.10344827586206896
2026-03-29,823160,19,9,1,51,7,97,SEA,SEA,CLE,Emerson Hancock,676106,0.47368421052631576,0.05263157894736842,0.13725490196078433
2026-04-04,824054,25,5,0,48,12,82,SEA,LAA,SEA,Emerson Hancock,676106,0.2,0.0,0.25
2026-04-10,823156,19,4,2,40,12,88,SEA,SEA,HOU,Emerson Hancock,676106,0.21052631578947367,0.10526315789473684,0.3
2026-04-15,823314,23,6,1,56,9,98,SEA,SD,SEA,Emerson Hancock,676106,0.2608695652173913,0.043478260869565216,0.16071428571428573
2026-04-20,823149,20,3,0,51,10,85,SEA,SEA,ATH,Emerson Hancock,676106,0.15,0.0,0.19607843137254902
2026-04-26,823068,27,4,2,43,7,94,SEA,STL,SEA,Emerson Hancock,676106,0.14814814814814814,0.07407407407407407,0.16279069767441862
2026-05-02,823144,27,14,0,60,21,103,SEA,SEA,KC,Emerson Hancock,676106,0.5185185185185185,0.0,0.35
2026-05-08,824607,26,4,3,45,7,94,SEA,CWS,SEA,Emerson Hancock,676106,0.15384615384615385,0.11538461538461539,0.15555555555555556
2026-05-15,823140,22,6,1,52,10,91,SEA,SEA,SD,Emerson Hancock,676106,0.2727272727272727,0.045454545454545456,0.19230769230769232
2026-05-20,823134,22,4,3,37,10,86,SEA,SEA,CWS,Emerson Hancock,676106,0.18181818181818182,0.13636363636363635,0.2702702702702703
2026-05-26,825004,22,3,2,43,6,87,SEA,ATH,SEA,Emerson Hancock,676106,0.13636363636363635,0.09090909090909091,0.13953488372093023
2026-06-01,823131,20,7,0,42,8,91,SEA,SEA,NYM,Emerson Hancock,676106,0.35,0.0,0.19047619047619047
2026-06-08,824829,21,3,2,46,10,92,SEA,BAL,SEA,Emerson Hancock,676106,0.14285714285714285,0.09523809523809523,0.21739130434782608
2026-06-14,822722,21,2,0,31,3,59,SEA,WSH,SEA,Emerson Hancock,676106,0.09523809523809523,0.0,0.0967741935483871
2026-06-20,823126,22,6,2,33,7,76,SEA,SEA,BOS,Emerson Hancock,676106,0.2727272727272727,0.09090909090909091,0.21212121212121213
2026-06-28,824422,25,6,3,44,8,98,SEA,CLE,SEA,Emerson Hancock,676106,0.24,0.12,0.18181818181818182
2026-03-30,823809,20,8,1,50,14,87,MIL,MIL,TB,Kyle Harrison,690986,0.4,0.05,0.28
2026-04-05,824131,21,6,2,38,9,90,MIL,KC,MIL,Kyle Harrison,690986,0.2857142857142857,0.09523809523809523,0.23684210526315788
2026-04-11,823805,19,1,1,41,6,76,MIL,MIL,WSH,Kyle Harrison,690986,0.05263157894736842,0.05263157894736842,0.14634146341463414
2026-04-21,824290,17,3,3,30,10,72,MIL,DET,MIL,Kyle Harrison,690986,0.17647058823529413,0.17647058823529413,0.3333333333333333
2026-04-26,823797,19,12,1,59,22,101,MIL,MIL,PIT,Kyle Harrison,690986,0.631578947368421,0.05263157894736842,0.3728813559322034
2026-05-02,822746,24,5,1,47,9,93,MIL,WSH,MIL,Kyle Harrison,690986,0.20833333333333334,0.041666666666666664,0.19148936170212766
2026-05-09,823792,20,6,4,35,14,78,MIL,MIL,NYY,Kyle Harrison,690986,0.3,0.2,0.4
2026-05-14,823789,20,7,0,51,16,99,MIL,MIL,SD,Kyle Harrison,690986,0.35,0.0,0.3137254901960784
2026-05-20,824678,23,11,1,46,16,94,MIL,CHC,MIL,Kyle Harrison,690986,0.4782608695652174,0.043478260869565216,0.34782608695652173
2026-05-26,823785,23,2,0,47,4,92,MIL,MIL,STL,Kyle Harrison,690986,0.08695652173913043,0.0,0.0851063829787234
2026-06-02,823782,23,12,2,50,19,106,MIL,MIL,SF,Kyle Harrison,690986,0.5217391304347826,0.08695652173913043,0.38
2026-06-08,824998,17,4,2,30,8,71,MIL,ATH,MIL,Kyle Harrison,690986,0.23529411764705882,0.11764705882352941,0.26666666666666666
2026-06-14,823777,21,3,0,44,9,80,MIL,MIL,PHI,Kyle Harrison,690986,0.14285714285714285,0.0,0.20454545454545456
2026-06-20,824909,23,7,0,42,12,85,MIL,ATL,MIL,Kyle Harrison,690986,0.30434782608695654,0.0,0.2857142857142857
2026-06-27,823770,19,9,1,41,14,92,MIL,MIL,CHC,Kyle Harrison,690986,0.47368421052631576,0.05263157894736842,0.34146341463414637
2026-04-04,824134,9,3,1,19,5,35,MIL,KC,MIL,Logan Henderson,701656,0.3333333333333333,0.1111111111111111,0.2631578947368421
2026-05-03,822742,21,8,0,45,5,76,MIL,WSH,MIL,Logan Henderson,701656,0.38095238095238093,0.0,0.1111111111111111
2026-05-10,823793,19,5,1,43,10,74,MIL,MIL,NYY,Logan Henderson,701656,0.2631578947368421,0.05263157894736842,0.23255813953488372
2026-05-16,823706,22,7,1,54,15,84,MIL,MIN,MIL,Logan Henderson,701656,0.3181818181818182,0.045454545454545456,0.2777777777777778
2026-05-22,823788,20,7,3,41,14,85,MIL,MIL,LAD,Logan Henderson,701656,0.35,0.15,0.34146341463414637
2026-03-30,823080,23,5,3,38,13,90,NYM,STL,NYM,Clay Holmes,605280,0.21739130434782608,0.13043478260869565,0.34210526315789475
2026-04-04,823239,26,4,2,44,6,90,NYM,SF,NYM,Clay Holmes,605280,0.15384615384615385,0.07692307692307693,0.13636363636363635
2026-04-10,823643,23,3,3,33,8,81,NYM,NYM,ATH,Clay Holmes,605280,0.13043478260869565,0.13043478260869565,0.24242424242424243
2026-04-15,823963,21,4,1,49,12,88,NYM,LAD,NYM,Clay Holmes,605280,0.19047619047619047,0.047619047619047616,0.24489795918367346
2026-04-22,823641,27,3,1,42,5,88,NYM,NYM,MIN,Clay Holmes,605280,0.1111111111111111,0.037037037037037035,0.11904761904761904
2026-04-28,823636,22,6,1,45,5,94,NYM,NYM,WSH,Clay Holmes,605280,0.2727272727272727,0.045454545454545456,0.1111111111111111
2026-05-03,824043,26,6,3,61,14,99,NYM,LAA,NYM,Clay Holmes,605280,0.23076923076923078,0.11538461538461539,0.22950819672131148
2026-05-09,825089,24,6,2,39,5,103,NYM,AZ,NYM,Clay Holmes,605280,0.25,0.08333333333333333,0.1282051282051282
2026-05-15,823629,23,8,2,38,8,95,NYM,NYM,NYY,Clay Holmes,605280,0.34782608695652173,0.08695652173913043,0.21052631578947367
2026-03-29,824944,22,4,2,35,9,76,ATL,ATL,KC,Grant Holmes,656550,0.18181818181818182,0.09090909090909091,0.2571428571428571
2026-04-03,825103,21,4,3,35,13,85,ATL,AZ,ATL,Grant Holmes,656550,0.19047619047619047,0.14285714285714285,0.37142857142857144
2026-04-08,824050,28,6,3,48,11,99,ATL,LAA,ATL,Grant Holmes,656550,0.21428571428571427,0.10714285714285714,0.22916666666666666
2026-04-13,824937,17,3,2,28,10,59,ATL,ATL,MIA,Grant Holmes,656550,0.17647058823529413,0.11764705882352941,0.35714285714285715
2026-04-19,823475,19,4,1,35,9,81,ATL,PHI,ATL,Grant Holmes,656550,0.21052631578947367,0.05263157894736842,0.2571428571428571
2026-04-24,824932,28,4,3,47,13,90,ATL,ATL,PHI,Grant Holmes,656550,0.14285714285714285,0.10714285714285714,0.2765957446808511
2026-05-01,824366,25,4,3,47,9,88,ATL,COL,ATL,Grant Holmes,656550,0.16,0.12,0.19148936170212766
2026-05-12,824927,17,5,4,37,10,78,ATL,ATL,CHC,Grant Holmes,656550,0.29411764705882354,0.23529411764705882,0.2702702702702703
2026-05-17,824923,24,4,1,43,8,87,ATL,ATL,BOS,Grant Holmes,656550,0.16666666666666666,0.041666666666666664,0.18604651162790697
2026-05-23,824920,22,10,2,43,18,87,ATL,ATL,WSH,Grant Holmes,656550,0.45454545454545453,0.09090909090909091,0.4186046511627907
2026-05-29,824515,21,5,1,41,10,80,ATL,CIN,ATL,Grant Holmes,656550,0.23809523809523808,0.047619047619047616,0.24390243902439024
2026-06-03,824917,25,4,2,42,7,89,ATL,ATL,TOR,Grant Holmes,656550,0.16,0.08,0.16666666666666666
2026-06-09,824591,18,2,2,31,10,67,ATL,CWS,ATL,Grant Holmes,656550,0.1111111111111111,0.1111111111111111,0.3225806451612903
2026-06-16,824912,13,2,3,18,4,55,ATL,ATL,SF,Grant Holmes,656550,0.15384615384615385,0.23076923076923078,0.2222222222222222
2026-06-22,823288,21,4,5,36,10,91,ATL,SD,ATL,Grant Holmes,656550,0.19047619047619047,0.23809523809523808,0.2777777777777778
2026-06-27,823207,13,4,0,22,4,47,ATL,SF,ATL,Grant Holmes,656550,0.3076923076923077,0.0,0.18181818181818182
2026-04-01,823321,25,4,1,48,9,86,SF,SD,SF,Adrian Houser,605288,0.16,0.04,0.1875
2026-04-06,823237,28,3,2,45,7,89,SF,SF,PHI,Adrian Houser,605288,0.10714285714285714,0.07142857142857142,0.15555555555555556
2026-04-12,824859,21,2,2,37,6,88,SF,BAL,SF,Adrian Houser,605288,0.09523809523809523,0.09523809523809523,0.16216216216216217
2026-04-18,822751,27,1,2,45,7,88,SF,WSH,SF,Adrian Houser,605288,0.037037037037037035,0.07407407407407407,0.15555555555555556
2026-04-24,823232,23,3,1,39,8,77,SF,SF,MIA,Adrian Houser,605288,0.13043478260869565,0.043478260869565216,0.20512820512820512
2026-04-30,823471,19,2,2,31,5,68,SF,PHI,SF,Adrian Houser,605288,0.10526315789473684,0.10526315789473684,0.16129032258064516
2026-05-06,823226,23,3,1,38,8,74,SF,SF,SD,Adrian Houser,605288,0.13043478260869565,0.043478260869565216,0.21052631578947367
2026-05-12,823951,23,4,3,32,4,91,SF,LAD,SF,Adrian Houser,605288,0.17391304347826086,0.13043478260869565,0.125
2026-05-17,825006,25,3,5,33,2,93,SF,ATH,SF,Adrian Houser,605288,0.12,0.2,0.06060606060606061
2026-05-23,823222,21,5,0,36,7,79,SF,SF,CWS,Adrian Houser,605288,0.23809523809523808,0.0,0.19444444444444445
2026-05-30,824352,22,4,2,41,5,92,SF,COL,SF,Adrian Houser,605288,0.18181818181818182,0.09090909090909091,0.12195121951219512
2026-06-04,823779,21,5,3,27,6,82,SF,MIL,SF,Adrian Houser,605288,0.23809523809523808,0.14285714285714285,0.2222222222222222
2026-06-09,823214,18,6,0,28,11,77,SF,SF,WSH,Adrian Houser,605288,0.3333333333333333,0.0,0.39285714285714285
2026-06-16,824912,7,2,1,10,2,29,SF,ATL,SF,Adrian Houser,605288,0.2857142857142857,0.14285714285714285,0.2
2026-06-26,823206,8,1,0,22,4,35,SF,SF,ATL,Adrian Houser,605288,0.125,0.0,0.18181818181818182
2026-06-30,825066,22,1,1,37,2,76,SF,AZ,SF,Adrian Houser,605288,0.045454545454545456,0.045454545454545456,0.05405405405405406
2026-03-28,823811,6,2,2,12,4,33,CWS,MIL,CWS,Bryan Hudson,663542,0.3333333333333333,0.3333333333333333,0.3333333333333333
2026-03-31,823888,8,1,1,7,0,26,CWS,MIA,CWS,Bryan Hudson,663542,0.125,0.125,0.0
2026-04-05,824620,4,1,0,10,2,19,CWS,CWS,TOR,Bryan Hudson,663542,0.25,0.0,0.2
2026-04-07,824618,4,0,1,5,2,15,CWS,CWS,BAL,Bryan Hudson,663542,0.0,0.25,0.4
2026-04-08,824617,2,0,0,2,0,10,CWS,CWS,BAL,Bryan Hudson,663542,0.0,0.0,0.0
2026-04-12,824126,4,3,0,9,2,21,CWS,KC,CWS,Bryan Hudson,663542,0.75,0.0,0.2222222222222222
2026-04-14,824616,3,1,0,6,0,12,CWS,CWS,TB,Bryan Hudson,663542,0.3333333333333333,0.0,0.0
2026-04-15,824615,3,1,0,6,1,14,CWS,CWS,TB,Bryan Hudson,663542,0.3333333333333333,0.0,0.16666666666666666
2026-04-18,825020,6,2,1,16,4,29,CWS,ATH,CWS,Bryan Hudson,663542,0.3333333333333333,0.16666666666666666,0.25
2026-04-19,825018,4,1,0,9,3,17,CWS,ATH,CWS,Bryan Hudson,663542,0.25,0.0,0.3333333333333333
2026-04-22,825097,5,2,1,16,2,32,CWS,AZ,CWS,Bryan Hudson,663542,0.4,0.2,0.125
2026-04-24,824611,4,1,1,9,3,17,CWS,CWS,WSH,Bryan Hudson,663542,0.25,0.25,0.3333333333333333
2026-04-26,824612,3,1,0,4,1,8,CWS,CWS,WSH,Bryan Hudson,663542,0.3333333333333333,0.0,0.25
2026-04-27,824609,1,0,0,2,0,4,CWS,CWS,LAA,Bryan Hudson,663542,0.0,0.0,0.0
2026-04-29,824608,4,2,0,5,2,20,CWS,CWS,LAA,Bryan Hudson,663542,0.5,0.0,0.4
2026-05-02,823308,3,0,0,3,0,6,CWS,SD,CWS,Bryan Hudson,663542,0.0,0.0,0.0
2026-05-03,823307,5,2,0,13,4,26,CWS,SD,CWS,Bryan Hudson,663542,0.4,0.0,0.3076923076923077
2026-05-05,824040,3,0,0,5,1,7,CWS,LAA,CWS,Bryan Hudson,663542,0.0,0.0,0.2
2026-05-09,824606,5,1,1,6,2,19,CWS,CWS,SEA,Bryan Hudson,663542,0.2,0.2,0.3333333333333333
2026-05-10,824605,4,1,0,7,4,9,CWS,CWS,SEA,Bryan Hudson,663542,0.25,0.0,0.5714285714285714
2026-05-12,824604,3,0,0,4,0,7,CWS,CWS,KC,Bryan Hudson,663542,0.0,0.0,0.0
2026-05-15,824601,7,0,0,11,1,23,CWS,CWS,CHC,Bryan Hudson,663542,0.0,0.0,0.09090909090909091
2026-05-17,824599,5,0,1,9,2,19,CWS,CWS,CHC,Bryan Hudson,663542,0.0,0.2,0.2222222222222222
2026-05-19,823136,3,1,0,8,4,11,CWS,SEA,CWS,Bryan Hudson,663542,0.3333333333333333,0.0,0.5
2026-05-23,823222,4,1,0,9,2,16,CWS,SF,CWS,Bryan Hudson,663542,0.25,0.0,0.2222222222222222
2026-05-25,824598,4,0,0,5,0,10,CWS,CWS,MIN,Bryan Hudson,663542,0.0,0.0,0.0
2026-05-26,824597,3,2,0,7,3,14,CWS,CWS,MIN,Bryan Hudson,663542,0.6666666666666666,0.0,0.42857142857142855
2026-05-29,824594,3,1,0,2,0,7,CWS,CWS,DET,Bryan Hudson,663542,0.3333333333333333,0.0,0.0
2026-05-31,824592,5,1,0,10,2,17,CWS,CWS,DET,Bryan Hudson,663542,0.2,0.0,0.2
2026-06-05,823455,5,0,1,7,1,16,CWS,PHI,CWS,Bryan Hudson,663542,0.0,0.2,0.14285714285714285
2026-06-07,823453,6,0,2,8,0,25,CWS,PHI,CWS,Bryan Hudson,663542,0.0,0.3333333333333333,0.0
2026-06-10,824590,4,0,1,6,0,16,CWS,CWS,ATL,Bryan Hudson,663542,0.0,0.25,0.0
2026-06-12,824588,3,0,0,4,0,7,CWS,CWS,LAD,Bryan Hudson,663542,0.0,0.0,0.0
2026-06-14,824586,4,0,0,7,1,9,CWS,CWS,LAD,Bryan Hudson,663542,0.0,0.0,0.14285714285714285
2026-06-18,823533,6,2,0,7,2,27,CWS,NYY,CWS,Bryan Hudson,663542,0.3333333333333333,0.0,0.2857142857142857
2026-06-21,824260,4,1,0,5,1,10,CWS,DET,CWS,Bryan Hudson,663542,0.25,0.0,0.2
2026-06-22,824585,5,3,1,8,3,23,CWS,CWS,CLE,Bryan Hudson,663542,0.6,0.2,0.375
2026-06-28,824580,5,1,1,6,0,15,CWS,CWS,KC,Bryan Hudson,663542,0.2,0.2,0.0
2026-07-01,824818,3,0,0,6,1,10,CWS,BAL,CWS,Bryan Hudson,663542,0.0,0.0,0.16666666666666666
2026-03-29,824215,15,4,4,20,7,74,HOU,HOU,LAA,Tatsuya Imai,837227,0.26666666666666666,0.26666666666666666,0.35
2026-04-04,825027,22,8,3,40,15,95,HOU,ATH,HOU,Tatsuya Imai,837227,0.36363636363636365,0.13636363636363635,0.375
2026-04-10,823156,7,0,4,13,1,37,HOU,SEA,HOU,Tatsuya Imai,837227,0.0,0.5714285714285714,0.07692307692307693
2026-05-12,824197,21,3,3,38,9,80,HOU,HOU,SEA,Tatsuya Imai,837227,0.14285714285714285,0.14285714285714285,0.23684210526315788
2026-05-18,823705,18,5,0,44,19,74,HOU,MIN,HOU,Tatsuya Imai,837227,0.2777777777777778,0.0,0.4318181818181818
2026-05-25,822899,20,2,4,39,4,97,HOU,TEX,HOU,Tatsuya Imai,837227,0.1,0.2,0.10256410256410256
2026-05-31,824187,23,5,2,46,8,110,HOU,HOU,MIL,Tatsuya Imai,837227,0.21739130434782608,0.08695652173913043,0.17391304347826086
2026-06-06,824184,24,8,3,40,17,92,HOU,HOU,ATH,Tatsuya Imai,837227,0.3333333333333333,0.125,0.425
2026-06-12,824102,7,1,1,15,4,38,HOU,KC,HOU,Tatsuya Imai,837227,0.14285714285714285,0.14285714285714285,0.26666666666666666
2026-06-19,824179,24,11,0,45,18,89,HOU,HOU,CLE,Tatsuya Imai,837227,0.4583333333333333,0.0,0.4
2026-06-25,824258,21,10,1,46,15,96,HOU,DET,HOU,Tatsuya Imai,837227,0.47619047619047616,0.047619047619047616,0.32608695652173914
2026-07-01,824174,13,2,5,17,4,57,HOU,HOU,MIN,Tatsuya Imai,837227,0.15384615384615385,0.38461538461538464,0.23529411764705882
2026-03-29,824700,22,7,2,43,16,82,CHC,CHC,WSH,Shota Imanaga,684007,0.3181818181818182,0.09090909090909091,0.37209302325581395
2026-04-05,824460,19,4,1,44,4,92,CHC,CLE,CHC,Shota Imanaga,684007,0.21052631578947367,0.05263157894736842,0.09090909090909091
2026-04-10,824695,19,9,1,56,16,100,CHC,CHC,PIT,Shota Imanaga,684007,0.47368421052631576,0.05263157894736842,0.2857142857142857
2026-04-15,823477,22,11,1,55,25,98,CHC,PHI,CHC,Shota Imanaga,684007,0.5,0.045454545454545456,0.45454545454545453
2026-04-21,824690,26,1,1,42,6,87,CHC,CHC,PHI,Shota Imanaga,684007,0.038461538461538464,0.038461538461538464,0.14285714285714285
2026-04-26,823959,25,6,3,44,15,100,CHC,LAD,CHC,Shota Imanaga,684007,0.24,0.12,0.3409090909090909
2026-05-02,824685,26,5,1,44,13,87,CHC,CHC,AZ,Shota Imanaga,684007,0.19230769230769232,0.038461538461538464,0.29545454545454547
2026-05-07,824681,28,10,3,56,22,99,CHC,CHC,CIN,Shota Imanaga,684007,0.35714285714285715,0.10714285714285714,0.39285714285714285
2026-05-13,824928,24,6,0,50,13,96,CHC,ATL,CHC,Shota Imanaga,684007,0.25,0.0,0.26
2026-05-18,824680,24,2,3,36,4,79,CHC,CHC,MIL,Shota Imanaga,684007,0.08333333333333333,0.125,0.1111111111111111
2026-05-24,824676,26,6,1,44,15,94,CHC,CHC,HOU,Shota Imanaga,684007,0.23076923076923078,0.038461538461538464,0.3409090909090909
2026-05-29,823055,23,2,1,33,3,75,CHC,STL,CHC,Shota Imanaga,684007,0.08695652173913043,0.043478260869565216,0.09090909090909091
2026-06-04,824672,24,5,1,50,17,84,CHC,CHC,ATH,Shota Imanaga,684007,0.20833333333333334,0.041666666666666664,0.34
2026-06-10,824348,19,7,2,47,17,90,CHC,COL,CHC,Shota Imanaga,684007,0.3684210526315789,0.10526315789473684,0.3617021276595745
2026-06-15,824666,22,3,1,47,11,85,CHC,CHC,COL,Shota Imanaga,684007,0.13636363636363635,0.045454545454545456,0.23404255319148937
2026-06-24,823611,20,4,1,33,8,69,CHC,NYM,CHC,Shota Imanaga,684007,0.2,0.05,0.24242424242424243
2026-06-29,824662,27,4,0,49,12,97,CHC,CHC,SD,Shota Imanaga,684007,0.14814814814814814,0.0,0.24489795918367346
2026-03-29,824700,20,7,1,42,12,93,WSH,CHC,WSH,Jake Irvin,663623,0.35,0.05,0.2857142857142857
2026-04-04,822757,22,4,2,42,10,85,WSH,WSH,LAD,Jake Irvin,663623,0.18181818181818182,0.09090909090909091,0.23809523809523808
2026-04-10,823808,22,5,5,39,6,100,WSH,MIL,WSH,Jake Irvin,663623,0.22727272727272727,0.22727272727272727,0.15384615384615385
2026-04-15,823399,23,5,3,37,8,85,WSH,PIT,WSH,Jake Irvin,663623,0.21739130434782608,0.13043478260869565,0.21621621621621623
2026-04-20,822749,19,4,0,32,5,68,WSH,WSH,ATL,Jake Irvin,663623,0.21052631578947367,0.0,0.15625
2026-04-25,824613,23,9,0,44,15,88,WSH,CWS,WSH,Jake Irvin,663623,0.391304347826087,0.0,0.3409090909090909
2026-05-01,822744,25,5,4,40,8,98,WSH,WSH,MIL,Jake Irvin,663623,0.2,0.16,0.2
2026-05-07,822741,22,2,1,49,7,92,WSH,WSH,MIN,Jake Irvin,663623,0.09090909090909091,0.045454545454545456,0.14285714285714285
2026-05-13,824519,18,4,4,34,8,86,WSH,CIN,WSH,Jake Irvin,663623,0.2222222222222222,0.2222222222222222,0.23529411764705882
2026-05-18,822734,18,6,1,35,9,74,WSH,WSH,NYM,Jake Irvin,663623,0.3333333333333333,0.05555555555555555,0.2571428571428571
2026-05-23,824920,16,7,1,41,12,80,WSH,ATL,WSH,Jake Irvin,663623,0.4375,0.0625,0.2926829268292683
2026-03-26,823081,3,0,0,10,3,14,TB,STL,TB,Griffin Jax,643377,0.0,0.0,0.3
2026-03-28,823082,3,0,1,2,0,9,TB,STL,TB,Griffin Jax,643377,0.0,0.3333333333333333,0.0
2026-03-30,823809,3,1,0,5,1,15,TB,MIL,TB,Griffin Jax,643377,0.3333333333333333,0.0,0.2
2026-04-01,823806,5,0,1,8,2,20,TB,MIL,TB,Griffin Jax,643377,0.0,0.2,0.25
2026-04-05,823729,8,0,1,13,2,30,TB,MIN,TB,Griffin Jax,643377,0.0,0.125,0.15384615384615385
2026-04-10,822997,3,2,0,5,3,13,TB,TB,NYY,Griffin Jax,643377,0.6666666666666666,0.0,0.6
2026-04-11,822996,2,1,1,2,2,8,TB,TB,NYY,Griffin Jax,643377,0.5,0.5,1.0
2026-04-16,824614,4,1,1,11,2,22,TB,CWS,TB,Griffin Jax,643377,0.25,0.25,0.18181818181818182
2026-04-17,823397,3,0,0,8,2,14,TB,PIT,TB,Griffin Jax,643377,0.0,0.0,0.25
2026-04-18,823394,4,2,0,7,2,17,TB,PIT,TB,Griffin Jax,643377,0.5,0.0,0.2857142857142857
2026-04-21,822995,6,3,1,12,3,29,TB,TB,CIN,Griffin Jax,643377,0.5,0.16666666666666666,0.25
2026-04-26,822991,8,2,1,18,7,31,TB,TB,MIN,Griffin Jax,643377,0.25,0.125,0.3888888888888889
2026-05-02,822988,10,2,1,24,8,45,TB,TB,SF,Griffin Jax,643377,0.2,0.1,0.3333333333333333
2026-05-07,824767,17,3,1,27,3,59,TB,BOS,TB,Griffin Jax,643377,0.17647058823529413,0.058823529411764705,0.1111111111111111
2026-05-13,822815,20,1,4,30,5,66,TB,TOR,TB,Griffin Jax,643377,0.05,0.2,0.16666666666666666
2026-05-19,822979,18,6,1,25,11,62,TB,TB,BAL,Griffin Jax,643377,0.3333333333333333,0.05555555555555555,0.44
2026-05-26,824837,11,3,0,17,5,38,TB,BAL,TB,Griffin Jax,643377,0.2727272727272727,0.0,0.29411764705882354
2026-06-01,822974,20,5,1,43,12,72,TB,TB,DET,Griffin Jax,643377,0.25,0.05,0.27906976744186046
2026-06-07,823857,17,4,2,26,8,62,TB,MIA,TB,Griffin Jax,643377,0.23529411764705882,0.11764705882352941,0.3076923076923077
2026-06-13,824019,20,5,0,34,10,63,TB,LAA,TB,Griffin Jax,643377,0.25,0.0,0.29411764705882354
2026-06-19,822966,18,5,0,34,10,69,TB,TB,WSH,Griffin Jax,643377,0.2777777777777778,0.0,0.29411764705882354
2026-06-24,822965,24,7,2,37,12,88,TB,TB,KC,Griffin Jax,643377,0.2916666666666667,0.08333333333333333,0.32432432432432434
2026-06-30,824096,22,5,0,35,8,71,TB,KC,TB,Griffin Jax,643377,0.22727272727272727,0.0,0.22857142857142856
2026-03-30,824702,21,2,4,42,11,80,LAA,CHC,LAA,Ryan Johnson,696270,0.09523809523809523,0.19047619047619047,0.2619047619047619
2026-05-15,824037,5,1,1,11,5,21,LAA,LAA,LAD,Ryan Johnson,696270,0.2,0.2,0.45454545454545453
2026-05-17,824034,10,2,1,21,2,35,LAA,LAA,LAD,Ryan Johnson,696270,0.2,0.1,0.09523809523809523
2026-05-19,824033,11,0,1,17,2,34,LAA,LAA,ATH,Ryan Johnson,696270,0.0,0.09090909090909091,0.11764705882352941
2026-06-18,824989,25,2,1,47,10,89,LAA,ATH,LAA,Ryan Johnson,696270,0.08,0.04,0.2127659574468085
2026-06-23,824017,19,8,1,46,15,90,LAA,LAA,BAL,Ryan Johnson,696270,0.42105263157894735,0.05263157894736842,0.32608695652173914
2026-06-29,823121,20,3,0,42,8,81,LAA,SEA,LAA,Ryan Johnson,696270,0.15,0.0,0.19047619047619047
2026-05-29,823377,21,6,2,41,14,77,PIT,PIT,MIN,Jared Jones,683003,0.2857142857142857,0.09523809523809523,0.34146341463414637
2026-06-04,824185,21,4,2,36,11,74,PIT,HOU,PIT,Jared Jones,683003,0.19047619047619047,0.09523809523809523,0.3055555555555556
2026-06-10,823372,16,4,1,31,9,75,PIT,PIT,LAD,Jared Jones,683003,0.25,0.0625,0.2903225806451613
2026-06-15,824993,21,4,1,34,8,75,PIT,ATH,PIT,Jared Jones,683003,0.19047619047619047,0.047619047619047616,0.23529411764705882
2026-06-21,824343,12,3,2,22,6,45,PIT,COL,PIT,Jared Jones,683003,0.25,0.16666666666666666,0.2727272727272727
2026-06-27,823364,20,4,1,42,12,81,PIT,PIT,CIN,Jared Jones,683003,0.2,0.05,0.2857142857142857
2026-05-26,825004,25,5,1,45,11,88,ATH,ATH,SEA,Gage Jump,695611,0.2,0.04,0.24444444444444444
2026-06-02,824675,25,5,1,45,5,85,ATH,CHC,ATH,Gage Jump,695611,0.2,0.04,0.1111111111111111
2026-06-07,824183,24,3,3,51,12,96,ATH,HOU,ATH,Gage Jump,695611,0.125,0.125,0.23529411764705882
2026-06-12,824997,21,6,1,40,13,75,ATH,ATH,COL,Gage Jump,695611,0.2857142857142857,0.047619047619047616,0.325
2026-06-18,824989,25,7,3,53,11,107,ATH,ATH,LAA,Gage Jump,695611,0.28,0.12,0.20754716981132076
2026-06-24,823208,18,9,1,49,11,97,ATH,SF,ATH,Gage Jump,695611,0.5,0.05555555555555555,0.22448979591836735
2026-06-29,824986,24,5,0,42,9,91,ATH,ATH,LAD,Gage Jump,695611,0.20833333333333334,0.0,0.21428571428571427
2026-03-31,823888,19,5,1,39,10,79,MIA,MIA,CWS,Janson Junk,676083,0.2631578947368421,0.05263157894736842,0.2564102564102564
2026-04-06,823886,29,3,1,43,9,87,MIA,MIA,CIN,Janson Junk,676083,0.10344827586206896,0.034482758620689655,0.20930232558139536
2026-04-11,824294,22,4,2,49,8,99,MIA,DET,MIA,Janson Junk,676083,0.18181818181818182,0.09090909090909091,0.16326530612244897
2026-04-17,823883,24,3,2,44,4,93,MIA,MIA,MIL,Janson Junk,676083,0.125,0.08333333333333333,0.09090909090909091
2026-04-22,823878,17,2,1,25,4,56,MIA,MIA,STL,Janson Junk,676083,0.11764705882352941,0.058823529411764705,0.16
2026-04-28,823956,23,4,1,39,5,77,MIA,LAD,MIA,Janson Junk,676083,0.17391304347826086,0.043478260869565216,0.1282051282051282
2026-05-04,823874,22,6,0,53,9,92,MIA,MIA,PHI,Janson Junk,676083,0.2727272727272727,0.0,0.16981132075471697
2026-05-09,823869,26,6,2,43,7,94,MIA,MIA,WSH,Janson Junk,676083,0.23076923076923078,0.07692307692307693,0.16279069767441862
2026-05-15,822983,28,4,3,41,5,100,MIA,TB,MIA,Janson Junk,676083,0.14285714285714285,0.10714285714285714,0.12195121951219512
2026-05-20,823866,23,3,0,50,5,86,MIA,MIA,ATL,Janson Junk,676083,0.13043478260869565,0.0,0.1
2026-05-25,822812,23,3,0,45,2,93,MIA,TOR,MIA,Janson Junk,676083,0.13043478260869565,0.0,0.044444444444444446
2026-03-29,823810,21,5,4,38,7,92,CWS,MIL,CWS,Anthony Kay,641743,0.23809523809523808,0.19047619047619047,0.18421052631578946
2026-04-04,824622,19,0,2,34,3,76,CWS,CWS,TOR,Anthony Kay,641743,0.0,0.10526315789473684,0.08823529411764706
2026-04-09,824130,24,6,2,42,13,100,CWS,KC,CWS,Anthony Kay,641743,0.25,0.08333333333333333,0.30952380952380953
2026-04-16,824614,14,1,1,31,4,71,CWS,CWS,TB,Anthony Kay,641743,0.07142857142857142,0.07142857142857142,0.12903225806451613
2026-04-22,825097,22,1,3,36,8,92,CWS,AZ,CWS,Anthony Kay,641743,0.045454545454545456,0.13636363636363635,0.2222222222222222
2026-04-27,824609,22,2,2,35,6,90,CWS,CWS,LAA,Anthony Kay,641743,0.09090909090909091,0.09090909090909091,0.17142857142857143
2026-05-03,823307,21,5,1,45,8,86,CWS,SD,CWS,Anthony Kay,641743,0.23809523809523808,0.047619047619047616,0.17777777777777778
2026-05-09,824606,21,5,2,38,7,88,CWS,CWS,SEA,Anthony Kay,641743,0.23809523809523808,0.09523809523809523,0.18421052631578946
2026-05-14,824602,27,4,2,45,9,97,CWS,CWS,KC,Anthony Kay,641743,0.14814814814814814,0.07407407407407407,0.2
2026-05-19,823136,22,5,3,45,9,89,CWS,SEA,CWS,Anthony Kay,641743,0.22727272727272727,0.13636363636363635,0.2
2026-05-25,824598,24,5,1,47,11,94,CWS,CWS,MIN,Anthony Kay,641743,0.20833333333333334,0.041666666666666664,0.23404255319148937
2026-05-30,824593,22,3,1,39,6,84,CWS,CWS,DET,Anthony Kay,641743,0.13636363636363635,0.045454545454545456,0.15384615384615385
2026-06-05,823455,21,4,2,43,5,87,CWS,PHI,CWS,Anthony Kay,641743,0.19047619047619047,0.09523809523809523,0.11627906976744186
2026-06-12,824588,22,7,1,42,17,89,CWS,CWS,LAD,Anthony Kay,641743,0.3181818181818182,0.045454545454545456,0.40476190476190477
2026-06-17,823536,21,2,1,32,5,86,CWS,NYY,CWS,Anthony Kay,641743,0.09523809523809523,0.047619047619047616,0.15625
2026-06-22,824585,24,8,2,49,15,101,CWS,CWS,CLE,Anthony Kay,641743,0.3333333333333333,0.08333333333333333,0.30612244897959184
2026-06-28,824580,21,2,1,31,6,73,CWS,CWS,KC,Anthony Kay,641743,0.09523809523809523,0.047619047619047616,0.1935483870967742
2026-03-28,823651,21,3,0,37,3,77,PIT,NYM,PIT,Mitch Keller,656605,0.14285714285714285,0.0,0.08108108108108109
2026-04-03,823406,26,4,4,39,7,88,PIT,PIT,BAL,Mitch Keller,656605,0.15384615384615385,0.15384615384615385,0.1794871794871795
2026-04-08,823403,22,4,1,34,10,75,PIT,PIT,SD,Mitch Keller,656605,0.18181818181818182,0.045454545454545456,0.29411764705882354
2026-04-14,823398,21,2,4,38,6,90,PIT,PIT,WSH,Mitch Keller,656605,0.09523809523809523,0.19047619047619047,0.15789473684210525
2026-04-19,823393,25,5,0,44,11,89,PIT,PIT,TB,Mitch Keller,656605,0.2,0.0,0.25
2026-04-25,823799,22,6,2,44,12,93,PIT,MIL,PIT,Mitch Keller,656605,0.2727272727272727,0.09090909090909091,0.2727272727272727
2026-05-01,823389,26,6,1,54,13,104,PIT,PIT,CIN,Mitch Keller,656605,0.23076923076923078,0.038461538461538464,0.24074074074074073
2026-05-07,825090,23,4,2,35,6,85,PIT,AZ,PIT,Mitch Keller,656605,0.17391304347826086,0.08695652173913043,0.17142857142857143
2026-05-13,823386,24,3,1,44,4,80,PIT,PIT,COL,Mitch Keller,656605,0.125,0.041666666666666664,0.09090909090909091
2026-05-19,823059,22,3,1,43,6,83,PIT,STL,PIT,Mitch Keller,656605,0.13636363636363635,0.045454545454545456,0.13953488372093023
2026-05-24,822813,25,5,3,46,10,101,PIT,TOR,PIT,Mitch Keller,656605,0.2,0.12,0.21739130434782608
2026-05-30,823375,23,5,1,42,9,77,PIT,PIT,MIN,Mitch Keller,656605,0.21739130434782608,0.043478260869565216,0.21428571428571427
2026-06-05,824914,25,4,3,46,8,99,PIT,ATL,PIT,Mitch Keller,656605,0.16,0.12,0.17391304347826086
2026-06-11,823371,24,3,4,42,4,98,PIT,PIT,LAD,Mitch Keller,656605,0.125,0.16666666666666666,0.09523809523809523
2026-06-16,824991,24,7,4,45,9,96,PIT,ATH,PIT,Mitch Keller,656605,0.2916666666666667,0.16666666666666666,0.2
2026-06-23,823365,26,4,1,50,11,92,PIT,PIT,SEA,Mitch Keller,656605,0.15384615384615385,0.038461538461538464,0.22
2026-06-28,823362,23,4,1,37,9,79,PIT,PIT,CIN,Mitch Keller,656605,0.17391304347826086,0.043478260869565216,0.24324324324324326
2026-04-14,824853,24,3,4,36,10,86,AZ,BAL,AZ,Merrill Kelly,518876,0.125,0.16666666666666666,0.2777777777777778
2026-04-21,825099,26,5,3,39,12,101,AZ,AZ,CWS,Merrill Kelly,518876,0.19230769230769232,0.11538461538461539,0.3076923076923077
2026-04-28,823798,25,1,4,43,11,106,AZ,MIL,AZ,Merrill Kelly,518876,0.04,0.16,0.2558139534883721
2026-05-03,824687,24,5,3,46,15,92,AZ,CHC,AZ,Merrill Kelly,518876,0.20833333333333334,0.125,0.32608695652173914
2026-05-09,825089,26,6,2,45,13,98,AZ,AZ,NYM,Merrill Kelly,518876,0.23076923076923078,0.07692307692307693,0.28888888888888886
2026-05-15,824360,31,3,0,58,6,100,AZ,COL,AZ,Merrill Kelly,518876,0.0967741935483871,0.0,0.10344827586206896
2026-05-20,825084,26,4,0,42,8,85,AZ,AZ,SF,Merrill Kelly,518876,0.15384615384615385,0.0,0.19047619047619047
2026-05-25,823219,26,4,2,47,8,96,AZ,SF,AZ,Merrill Kelly,518876,0.15384615384615385,0.07692307692307693,0.1702127659574468
2026-05-31,823133,27,2,2,54,7,97,AZ,SEA,AZ,Merrill Kelly,518876,0.07407407407407407,0.07407407407407407,0.12962962962962962
2026-06-05,825073,25,4,3,40,10,85,AZ,AZ,WSH,Merrill Kelly,518876,0.16,0.12,0.25
2026-06-11,823855,23,1,2,32,1,74,AZ,MIA,AZ,Merrill Kelly,518876,0.043478260869565216,0.08695652173913043,0.03125
2026-06-16,825070,27,4,1,45,7,88,AZ,AZ,LAA,Merrill Kelly,518876,0.14814814814814814,0.037037037037037035,0.15555555555555556
2026-06-22,823040,26,2,3,50,6,96,AZ,STL,AZ,Merrill Kelly,518876,0.07692307692307693,0.11538461538461539,0.12
2026-06-28,822959,27,3,2,51,3,93,AZ,TB,AZ,Merrill Kelly,518876,0.1111111111111111,0.07407407407407407,0.058823529411764705
2026-03-27,824216,22,3,1,41,11,86,LAA,HOU,LAA,Yusei Kikuchi,579328,0.13636363636363635,0.045454545454545456,0.2682926829268293
2026-04-01,824698,26,5,4,43,9,91,LAA,CHC,LAA,Yusei Kikuchi,579328,0.19230769230769232,0.15384615384615385,0.20930232558139536
2026-04-07,824051,22,8,1,49,13,97,LAA,LAA,ATL,Yusei Kikuchi,579328,0.36363636363636365,0.045454545454545456,0.2653061224489796
2026-04-13,823563,19,3,4,38,8,82,LAA,NYY,LAA,Yusei Kikuchi,579328,0.15789473684210525,0.21052631578947367,0.21052631578947367
2026-04-18,824049,22,8,1,42,10,86,LAA,LAA,SD,Yusei Kikuchi,579328,0.36363636363636365,0.045454545454545456,0.23809523809523808
2026-04-24,824124,22,5,2,50,7,90,LAA,KC,LAA,Yusei Kikuchi,579328,0.22727272727272727,0.09090909090909091,0.14
2026-04-29,824608,9,1,1,11,0,35,LAA,CWS,LAA,Yusei Kikuchi,579328,0.1111111111111111,0.1111111111111111,0.0
2026-03-27,823162,22,6,2,41,8,90,SEA,SEA,CLE,George Kirby,669923,0.2727272727272727,0.09090909090909091,0.1951219512195122
2026-04-01,823157,24,6,3,45,6,89,SEA,SEA,NYY,George Kirby,669923,0.25,0.125,0.13333333333333333
2026-04-07,822916,28,4,0,53,5,91,SEA,TEX,SEA,George Kirby,669923,0.14285714285714285,0.0,0.09433962264150944
2026-04-13,823153,29,6,1,53,11,99,SEA,SEA,HOU,George Kirby,669923,0.20689655172413793,0.034482758620689655,0.20754716981132076
2026-04-18,823151,26,5,2,51,13,96,SEA,SEA,TEX,George Kirby,669923,0.19230769230769232,0.07692307692307693,0.2549019607843137
2026-04-24,823069,24,2,1,42,11,81,SEA,STL,SEA,George Kirby,669923,0.08333333333333333,0.041666666666666664,0.2619047619047619
2026-04-29,823717,25,5,2,51,11,97,SEA,MIN,SEA,George Kirby,669923,0.2,0.08,0.21568627450980393
2026-05-05,823142,26,5,1,46,6,88,SEA,SEA,ATL,George Kirby,669923,0.19230769230769232,0.038461538461538464,0.13043478260869565
2026-05-11,824199,23,7,2,53,11,99,SEA,HOU,SEA,George Kirby,669923,0.30434782608695654,0.08695652173913043,0.20754716981132076
2026-05-17,823138,24,6,2,48,13,98,SEA,SEA,SD,George Kirby,669923,0.25,0.08333333333333333,0.2708333333333333
2026-05-23,824109,27,3,0,44,9,92,SEA,KC,SEA,George Kirby,669923,0.1111111111111111,0.0,0.20454545454545456
2026-05-29,823135,22,4,1,42,8,87,SEA,SEA,AZ,George Kirby,669923,0.18181818181818182,0.045454545454545456,0.19047619047619047
2026-06-03,823130,23,5,1,47,11,89,SEA,SEA,NYM,George Kirby,669923,0.21739130434782608,0.043478260869565216,0.23404255319148937
2026-06-10,824831,27,9,3,50,13,104,SEA,BAL,SEA,George Kirby,669923,0.3333333333333333,0.1111111111111111,0.26
2026-06-17,823127,25,5,0,48,10,92,SEA,SEA,BAL,George Kirby,669923,0.2,0.0,0.20833333333333334
2026-06-23,823365,27,5,2,52,7,91,SEA,PIT,SEA,George Kirby,669923,0.18518518518518517,0.07407407407407407,0.1346153846153846
2026-06-29,823121,30,7,1,60,17,100,SEA,SEA,LAA,George Kirby,669923,0.23333333333333334,0.03333333333333333,0.2833333333333333
2026-03-29,824215,22,3,5,36,10,95,LAA,HOU,LAA,Jack Kochanowicz,686799,0.13636363636363635,0.22727272727272727,0.2777777777777778
2026-04-04,824054,23,7,2,46,12,86,LAA,LAA,SEA,Jack Kochanowicz,686799,0.30434782608695654,0.08695652173913043,0.2608695652173913
2026-04-10,824534,27,2,4,37,6,95,LAA,CIN,LAA,Jack Kochanowicz,686799,0.07407407407407407,0.14814814814814814,0.16216216216216217
2026-04-15,823561,27,6,4,42,11,97,LAA,NYY,LAA,Jack Kochanowicz,686799,0.2222222222222222,0.14814814814814814,0.2619047619047619
2026-04-21,824045,23,1,2,44,6,88,LAA,LAA,TOR,Jack Kochanowicz,686799,0.043478260869565216,0.08695652173913043,0.13636363636363635
2026-04-27,824609,25,5,1,43,9,90,LAA,CWS,LAA,Jack Kochanowicz,686799,0.2,0.04,0.20930232558139536
2026-05-03,824043,28,6,3,47,14,110,LAA,LAA,NYM,Jack Kochanowicz,686799,0.21428571428571427,0.10714285714285714,0.2978723404255319
2026-05-09,822820,25,0,2,37,5,84,LAA,TOR,LAA,Jack Kochanowicz,686799,0.0,0.08,0.13513513513513514
2026-05-15,824037,27,4,2,49,9,96,LAA,LAA,LAD,Jack Kochanowicz,686799,0.14814814814814814,0.07407407407407407,0.1836734693877551
2026-05-20,824032,25,7,3,44,13,98,LAA,LAA,ATH,Jack Kochanowicz,686799,0.28,0.12,0.29545454545454547
2026-05-26,824275,20,4,2,29,8,66,LAA,DET,LAA,Jack Kochanowicz,686799,0.2,0.1,0.27586206896551724
2026-05-31,822976,16,1,4,24,4,68,LAA,TB,LAA,Jack Kochanowicz,686799,0.0625,0.25,0.16666666666666666
2026-06-06,823942,8,1,1,20,5,38,LAA,LAD,LAA,Jack Kochanowicz,686799,0.125,0.125,0.25
2026-05-05,824119,22,3,0,36,2,83,KC,KC,CLE,Stephen Kolek,663568,0.13636363636363635,0.0,0.05555555555555555
2026-05-12,824604,23,6,3,42,13,94,KC,CWS,KC,Stephen Kolek,663568,0.2608695652173913,0.13043478260869565,0.30952380952380953
2026-05-17,823058,24,3,1,43,5,82,KC,STL,KC,Stephen Kolek,663568,0.125,0.041666666666666664,0.11627906976744186
2026-05-23,824109,30,2,1,50,7,108,KC,KC,SEA,Stephen Kolek,663568,0.06666666666666667,0.03333333333333333,0.14
2026-05-29,822894,23,5,1,48,13,91,KC,TEX,KC,Stephen Kolek,663568,0.21739130434782608,0.043478260869565216,0.2708333333333333
2026-06-03,824509,28,8,2,41,7,96,KC,CIN,KC,Stephen Kolek,663568,0.2857142857142857,0.07142857142857142,0.17073170731707318
2026-06-09,824105,23,3,1,44,10,86,KC,KC,TEX,Stephen Kolek,663568,0.13043478260869565,0.043478260869565216,0.22727272727272727
2026-06-14,824099,26,4,1,50,11,98,KC,KC,HOU,Stephen Kolek,663568,0.15384615384615385,0.038461538461538464,0.22
2026-06-21,824095,15,0,1,25,1,49,KC,KC,STL,Stephen Kolek,663568,0.0,0.06666666666666667,0.04
2026-04-17,824207,24,8,1,49,21,90,HOU,HOU,STL,Peter Lambert,663567,0.3333333333333333,0.041666666666666664,0.42857142857142855
2026-04-22,824449,24,7,3,45,13,96,HOU,CLE,HOU,Peter Lambert,663567,0.2916666666666667,0.125,0.28888888888888886
2026-04-30,824848,18,3,3,35,4,91,HOU,BAL,HOU,Peter Lambert,663567,0.16666666666666666,0.16666666666666666,0.11428571428571428
2026-05-05,824200,27,4,4,54,8,105,HOU,HOU,LAD,Peter Lambert,663567,0.14814814814814814,0.14814814814814814,0.14814814814814814
2026-05-11,824199,27,6,1,51,12,96,HOU,HOU,SEA,Peter Lambert,663567,0.2222222222222222,0.037037037037037035,0.23529411764705882
2026-05-17,824192,24,6,2,45,12,93,HOU,HOU,TEX,Peter Lambert,663567,0.25,0.08333333333333333,0.26666666666666666
2026-05-24,824676,24,5,4,44,8,103,HOU,CHC,HOU,Peter Lambert,663567,0.20833333333333334,0.16666666666666666,0.18181818181818182
2026-05-30,824190,22,3,3,41,6,90,HOU,HOU,MIL,Peter Lambert,663567,0.13636363636363635,0.13636363636363635,0.14634146341463414
2026-06-05,824186,24,4,4,43,9,94,HOU,HOU,ATH,Peter Lambert,663567,0.16666666666666666,0.16666666666666666,0.20930232558139536
2026-06-10,824022,24,6,0,50,6,91,HOU,LAA,HOU,Peter Lambert,663567,0.25,0.0,0.12
2026-06-17,824178,24,5,0,45,5,89,HOU,HOU,DET,Peter Lambert,663567,0.20833333333333334,0.0,0.1111111111111111
2026-06-23,822799,23,6,3,39,11,92,HOU,TOR,HOU,Peter Lambert,663567,0.2608695652173913,0.13043478260869565,0.28205128205128205
2026-06-29,824176,25,4,3,52,10,100,HOU,HOU,MIN,Peter Lambert,663567,0.16,0.12,0.19230769230769232
2026-03-29,822837,20,9,1,46,12,87,TOR,TOR,ATH,Eric Lauer,641778,0.45,0.05,0.2608695652173913
2026-04-05,824620,12,0,3,20,3,49,TOR,CWS,TOR,Eric Lauer,641778,0.0,0.25,0.15
2026-04-11,822830,26,3,5,35,4,95,TOR,TOR,MIN,Eric Lauer,641778,0.11538461538461539,0.19230769230769232,0.11428571428571428
2026-04-17,825101,22,4,1,44,5,83,TOR,AZ,TOR,Eric Lauer,641778,0.18181818181818182,0.045454545454545456,0.11363636363636363
2026-04-22,824044,24,3,2,39,3,79,TOR,LAA,TOR,Eric Lauer,641778,0.125,0.08333333333333333,0.07692307692307693
2026-04-29,822821,19,1,1,36,4,68,TOR,TOR,BOS,Eric Lauer,641778,0.05263157894736842,0.05263157894736842,0.1111111111111111
2026-05-04,822984,19,2,1,34,6,61,TOR,TB,TOR,Eric Lauer,641778,0.10526315789473684,0.05263157894736842,0.17647058823529413
2026-05-10,822819,21,4,2,42,8,80,TOR,TOR,LAA,Eric Lauer,641778,0.19047619047619047,0.09523809523809523,0.19047619047619047
2026-05-26,823949,22,4,1,53,6,96,LAD,LAD,COL,Eric Lauer,641778,0.18181818181818182,0.045454545454545456,0.11320754716981132
2026-06-02,825079,20,1,1,31,3,70,LAD,AZ,LAD,Eric Lauer,641778,0.05,0.05,0.0967741935483871
2026-06-09,823374,20,5,0,52,10,89,LAD,PIT,LAD,Eric Lauer,641778,0.25,0.0,0.19230769230769232
2026-06-15,823938,26,4,3,40,9,94,LAD,LAD,TB,Eric Lauer,641778,0.15384615384615385,0.11538461538461539,0.225
2026-06-22,823692,21,2,3,40,3,84,LAD,MIN,LAD,Eric Lauer,641778,0.09523809523809523,0.14285714285714285,0.075
2026-06-29,824986,28,2,1,53,8,95,LAD,ATH,LAD,Eric Lauer,641778,0.07142857142857142,0.03571428571428571,0.1509433962264151
2026-03-30,823080,24,1,2,45,5,79,STL,STL,NYM,Kyle Leahy,681517,0.041666666666666664,0.08333333333333333,0.1111111111111111
2026-04-05,824296,23,4,3,38,6,97,STL,DET,STL,Kyle Leahy,681517,0.17391304347826086,0.13043478260869565,0.15789473684210525
2026-04-11,823074,17,2,3,29,2,71,STL,STL,BOS,Kyle Leahy,681517,0.11764705882352941,0.17647058823529413,0.06896551724137931
2026-04-17,824207,22,6,0,38,9,83,STL,HOU,STL,Kyle Leahy,681517,0.2727272727272727,0.0,0.23684210526315788
2026-04-22,823878,25,2,3,37,7,89,STL,MIA,STL,Kyle Leahy,681517,0.08,0.12,0.1891891891891892
2026-04-28,823390,23,7,0,40,9,82,STL,PIT,STL,Kyle Leahy,681517,0.30434782608695654,0.0,0.225
2026-05-04,823064,25,5,2,34,6,94,STL,STL,MIL,Kyle Leahy,681517,0.2,0.08,0.17647058823529413
2026-05-10,823305,21,5,4,46,15,95,STL,SD,STL,Kyle Leahy,681517,0.23809523809523808,0.19047619047619047,0.32608695652173914
2026-05-16,823060,25,2,3,38,7,90,STL,STL,KC,Kyle Leahy,681517,0.08,0.12,0.18421052631578946
2026-05-23,824516,24,8,2,39,12,87,STL,CIN,STL,Kyle Leahy,681517,0.3333333333333333,0.08333333333333333,0.3076923076923077
2026-05-30,823054,21,4,0,40,6,78,STL,STL,CHC,Kyle Leahy,681517,0.19047619047619047,0.0,0.15
2026-06-05,823049,19,1,2,33,3,79,STL,STL,CIN,Kyle Leahy,681517,0.05263157894736842,0.10526315789473684,0.09090909090909091
2026-06-12,823695,22,5,1,37,7,77,STL,MIN,STL,Kyle Leahy,681517,0.22727272727272727,0.045454545454545456,0.1891891891891892
2026-06-17,823044,24,7,1,41,10,81,STL,STL,SD,Kyle Leahy,681517,0.2916666666666667,0.041666666666666664,0.24390243902439024
2026-06-23,823043,24,3,2,37,6,85,STL,STL,AZ,Kyle Leahy,681517,0.125,0.08333333333333333,0.16216216216216217
2026-06-28,823037,20,5,3,40,8,87,STL,STL,MIA,Kyle Leahy,681517,0.25,0.15,0.2
2026-03-30,824863,24,8,1,48,21,92,TEX,BAL,TEX,Jack Leiter,683004,0.3333333333333333,0.041666666666666664,0.4375
2026-04-05,822917,20,9,1,38,17,85,TEX,TEX,CIN,Jack Leiter,683004,0.45,0.05,0.4473684210526316
2026-04-11,823967,19,4,4,40,8,93,TEX,LAD,TEX,Jack Leiter,683004,0.21052631578947367,0.21052631578947367,0.2
2026-04-16,825023,27,3,3,48,7,105,TEX,ATH,TEX,Jack Leiter,683004,0.1111111111111111,0.1111111111111111,0.14583333333333334
2026-04-22,822913,22,5,2,47,14,84,TEX,TEX,PIT,Jack Leiter,683004,0.22727272727272727,0.09090909090909091,0.2978723404255319
2026-04-27,822906,26,4,1,43,8,93,TEX,TEX,NYY,Jack Leiter,683004,0.15384615384615385,0.038461538461538464,0.18604651162790697
2026-05-03,824285,26,10,1,53,15,100,TEX,DET,TEX,Jack Leiter,683004,0.38461538461538464,0.038461538461538464,0.2830188679245283
2026-05-09,822905,23,6,5,40,11,97,TEX,TEX,CHC,Jack Leiter,683004,0.2608695652173913,0.21739130434782608,0.275
2026-05-15,824194,27,6,3,41,7,98,TEX,HOU,TEX,Jack Leiter,683004,0.2222222222222222,0.1111111111111111,0.17073170731707318
2026-05-20,824355,24,5,2,41,5,83,TEX,COL,TEX,Jack Leiter,683004,0.20833333333333334,0.08333333333333333,0.12195121951219512
2026-05-26,822898,26,4,3,45,12,95,TEX,TEX,HOU,Jack Leiter,683004,0.15384615384615385,0.11538461538461539,0.26666666666666666
2026-05-31,822895,23,10,2,49,12,101,TEX,TEX,KC,Jack Leiter,683004,0.43478260869565216,0.08695652173913043,0.24489795918367346
2026-06-06,822891,23,2,3,40,3,92,TEX,TEX,CLE,Jack Leiter,683004,0.08695652173913043,0.13043478260869565,0.075
2026-06-12,824752,25,3,2,54,11,103,TEX,BOS,TEX,Jack Leiter,683004,0.12,0.08,0.2037037037037037
2026-06-18,822889,20,4,2,41,10,76,TEX,TEX,MIN,Jack Leiter,683004,0.2,0.1,0.24390243902439024
2026-03-26,823081,24,2,2,40,4,78,STL,STL,TB,Matthew Liberatore,669461,0.08333333333333333,0.08333333333333333,0.1
2026-04-01,823078,22,2,1,38,4,76,STL,STL,NYM,Matthew Liberatore,669461,0.09090909090909091,0.045454545454545456,0.10526315789473684
2026-04-07,822754,25,6,2,42,11,92,STL,WSH,STL,Matthew Liberatore,669461,0.24,0.08,0.2619047619047619
2026-04-13,823073,23,2,3,44,8,105,STL,STL,CLE,Matthew Liberatore,669461,0.08695652173913043,0.13043478260869565,0.18181818181818182
2026-04-19,824205,23,4,2,35,7,82,STL,HOU,STL,Matthew Liberatore,669461,0.17391304347826086,0.08695652173913043,0.2
2026-04-25,823070,19,3,1,36,6,64,STL,STL,SEA,Matthew Liberatore,669461,0.15789473684210525,0.05263157894736842,0.16666666666666666
2026-05-01,823066,23,4,2,39,7,96,STL,STL,LAD,Matthew Liberatore,669461,0.17391304347826086,0.08695652173913043,0.1794871794871795
2026-05-07,823306,21,6,3,42,9,81,STL,SD,STL,Matthew Liberatore,669461,0.2857142857142857,0.14285714285714285,0.21428571428571427
2026-05-13,825010,24,5,2,43,13,89,STL,ATH,STL,Matthew Liberatore,669461,0.20833333333333334,0.08333333333333333,0.3023255813953488
2026-05-19,823059,23,9,2,37,13,77,STL,STL,PIT,Matthew Liberatore,669461,0.391304347826087,0.08695652173913043,0.35135135135135137
2026-05-25,823784,24,10,2,47,16,101,STL,MIL,STL,Matthew Liberatore,669461,0.4166666666666667,0.08333333333333333,0.3404255319148936
2026-05-31,823053,20,4,1,44,5,85,STL,STL,CHC,Matthew Liberatore,669461,0.2,0.05,0.11363636363636363
2026-06-06,823048,21,4,3,38,8,84,STL,STL,CIN,Matthew Liberatore,669461,0.19047619047619047,0.14285714285714285,0.21052631578947367
2026-06-13,823694,18,4,1,34,7,70,STL,MIN,STL,Matthew Liberatore,669461,0.2222222222222222,0.05555555555555555,0.20588235294117646
2026-06-18,824098,13,2,0,23,4,48,STL,KC,STL,Matthew Liberatore,669461,0.15384615384615385,0.0,0.17391304347826086
2026-06-24,823041,26,3,2,48,5,98,STL,STL,AZ,Matthew Liberatore,669461,0.11538461538461539,0.07692307692307693,0.10416666666666667
2026-06-30,824907,21,9,4,41,14,98,STL,ATL,STL,Matthew Liberatore,669461,0.42857142857142855,0.19047619047619047,0.34146341463414637
2026-03-31,823485,23,1,2,37,7,75,WSH,PHI,WSH,Zack Littell,641793,0.043478260869565216,0.08695652173913043,0.1891891891891892
2026-04-06,822755,22,6,3,33,8,70,WSH,WSH,STL,Zack Littell,641793,0.2727272727272727,0.13636363636363635,0.24242424242424243
2026-04-12,823804,21,3,0,37,3,71,WSH,MIL,WSH,Zack Littell,641793,0.14285714285714285,0.0,0.08108108108108109
2026-04-17,822752,23,4,1,40,4,77,WSH,WSH,SF,Zack Littell,641793,0.17391304347826086,0.043478260869565216,0.1
2026-04-22,822748,28,1,2,49,3,96,WSH,WSH,ATL,Zack Littell,641793,0.03571428571428571,0.07142857142857142,0.061224489795918366
2026-04-28,823636,20,1,3,37,3,84,WSH,NYM,WSH,Zack Littell,641793,0.05,0.15,0.08108108108108109
2026-05-03,822742,13,1,1,12,1,41,WSH,WSH,MIL,Zack Littell,641793,0.07692307692307693,0.07692307692307693,0.08333333333333333
2026-05-09,823869,18,0,1,30,1,69,WSH,MIA,WSH,Zack Littell,641793,0.0,0.05555555555555555,0.03333333333333333
2026-05-15,822739,20,3,2,40,6,87,WSH,WSH,BAL,Zack Littell,641793,0.15,0.1,0.15
2026-05-20,822735,20,3,0,35,6,60,WSH,WSH,NYM,Zack Littell,641793,0.15,0.0,0.17142857142857143
2026-05-25,824437,27,7,2,52,8,106,WSH,CLE,WSH,Zack Littell,641793,0.25925925925925924,0.07407407407407407,0.15384615384615385
2026-05-31,822729,25,5,2,40,9,84,WSH,WSH,SD,Zack Littell,641793,0.2,0.08,0.225
2026-06-06,825075,19,4,1,30,10,64,WSH,AZ,WSH,Zack Littell,641793,0.21052631578947367,0.05263157894736842,0.3333333333333333
2026-06-12,822726,10,0,1,39,3,56,WSH,WSH,SEA,Zack Littell,641793,0.0,0.1,0.07692307692307693
2026-06-17,822721,24,2,2,48,4,99,WSH,WSH,KC,Zack Littell,641793,0.08333333333333333,0.08333333333333333,0.08333333333333333
2026-06-23,822718,16,5,0,29,6,59,WSH,WSH,PHI,Zack Littell,641793,0.3125,0.0,0.20689655172413793
2026-06-28,824821,20,3,2,41,7,82,WSH,BAL,WSH,Zack Littell,641793,0.15,0.1,0.17073170731707318
2026-05-08,824522,21,2,1,42,7,78,CIN,CIN,HOU,Nick Lodolo,666157,0.09523809523809523,0.047619047619047616,0.16666666666666666
2026-05-13,824519,22,6,3,40,13,87,CIN,CIN,WSH,Nick Lodolo,666157,0.2727272727272727,0.13636363636363635,0.325
2026-05-18,823465,24,3,5,41,6,97,CIN,PHI,CIN,Nick Lodolo,666157,0.125,0.20833333333333334,0.14634146341463414
2026-05-25,823625,26,7,0,47,15,98,CIN,NYM,CIN,Nick Lodolo,666157,0.2692307692307692,0.0,0.3191489361702128
2026-05-31,824512,29,4,4,45,7,100,CIN,CIN,ATL,Nick Lodolo,666157,0.13793103448275862,0.13793103448275862,0.15555555555555556
2026-06-06,823048,25,3,1,52,6,95,CIN,STL,CIN,Nick Lodolo,666157,0.12,0.04,0.11538461538461539
2026-06-12,824507,26,5,1,46,8,96,CIN,CIN,AZ,Nick Lodolo,666157,0.19230769230769232,0.038461538461538464,0.17391304347826086
2026-06-17,824503,25,2,2,41,7,90,CIN,CIN,NYM,Nick Lodolo,666157,0.08,0.08,0.17073170731707318
2026-06-23,824501,15,6,1,24,9,75,CIN,CIN,MIL,Nick Lodolo,666157,0.4,0.06666666666666667,0.375
2026-06-29,823771,20,4,4,34,5,96,CIN,MIL,CIN,Nick Lodolo,666157,0.2,0.2,0.14705882352941177
2026-03-30,824943,22,0,5,34,4,91,ATH,ATL,ATH,Jacob Lopez,682052,0.0,0.22727272727272727,0.11764705882352941
2026-04-05,825025,21,6,5,40,9,92,ATH,ATH,HOU,Jacob Lopez,682052,0.2857142857142857,0.23809523809523808,0.225
2026-04-11,823644,25,5,3,43,9,96,ATH,NYM,ATH,Jacob Lopez,682052,0.2,0.12,0.20930232558139536
2026-04-16,825023,22,5,4,36,12,85,ATH,ATH,TEX,Jacob Lopez,682052,0.22727272727272727,0.18181818181818182,0.3333333333333333
2026-04-21,823148,24,1,2,35,2,86,ATH,SEA,ATH,Jacob Lopez,682052,0.041666666666666664,0.08333333333333333,0.05714285714285714
2026-04-26,822911,7,1,2,9,1,25,ATH,TEX,ATH,Jacob Lopez,682052,0.14285714285714285,0.2857142857142857,0.1111111111111111
2026-05-02,825014,25,5,1,48,8,96,ATH,ATH,CLE,Jacob Lopez,682052,0.2,0.04,0.16666666666666666
2026-05-08,824846,21,5,2,38,6,91,ATH,BAL,ATH,Jacob Lopez,682052,0.23809523809523808,0.09523809523809523,0.15789473684210525
2026-05-14,825008,23,2,3,42,4,87,ATH,ATH,STL,Jacob Lopez,682052,0.08695652173913043,0.13043478260869565,0.09523809523809523
2026-05-19,824033,21,2,3,40,6,83,ATH,LAA,ATH,Jacob Lopez,682052,0.09523809523809523,0.14285714285714285,0.15
2026-05-24,823297,19,3,1,41,10,91,ATH,SD,ATH,Jacob Lopez,682052,0.15789473684210525,0.05263157894736842,0.24390243902439024
2026-05-31,825001,13,3,2,21,5,56,ATH,ATH,NYY,Jacob Lopez,682052,0.23076923076923078,0.15384615384615385,0.23809523809523808
2026-03-28,824945,22,3,2,37,9,77,ATL,ATL,KC,Reynaldo L\xc3\xb3pez,625643,0.13636363636363635,0.09090909090909091,0.24324324324324326
2026-04-02,825105,20,3,1,40,6,80,ATL,AZ,ATL,Reynaldo L\xc3\xb3pez,625643,0.15,0.05,0.15
2026-04-07,824051,21,7,2,39,10,80,ATL,LAA,ATL,Reynaldo L\xc3\xb3pez,625643,0.3333333333333333,0.09523809523809523,0.2564102564102564
2026-04-14,824935,21,6,3,31,5,96,ATL,ATL,MIA,Reynaldo L\xc3\xb3pez,625643,0.2857142857142857,0.14285714285714285,0.16129032258064516
2026-04-21,822747,11,1,3,21,3,58,ATL,WSH,ATL,Reynaldo L\xc3\xb3pez,625643,0.09090909090909091,0.2727272727272727,0.14285714285714285
2026-04-29,824930,6,2,0,7,1,17,ATL,ATL,DET,Reynaldo L\xc3\xb3pez,625643,0.3333333333333333,0.0,0.14285714285714285
2026-05-03,824364,5,1,1,5,2,12,ATL,COL,ATL,Reynaldo L\xc3\xb3pez,625643,0.2,0.2,0.4
2026-05-09,823955,10,1,1,22,4,42,ATL,LAD,ATL,Reynaldo L\xc3\xb3pez,625643,0.1,0.1,0.18181818181818182
2026-05-14,824926,7,1,1,17,1,32,ATL,ATL,CHC,Reynaldo L\xc3\xb3pez,625643,0.14285714285714285,0.14285714285714285,0.058823529411764705
2026-05-17,824923,8,2,0,12,2,26,ATL,ATL,BOS,Reynaldo L\xc3\xb3pez,625643,0.25,0.0,0.16666666666666666
2026-05-24,824921,9,2,2,14,3,36,ATL,ATL,WSH,Reynaldo L\xc3\xb3pez,625643,0.2222222222222222,0.2222222222222222,0.21428571428571427
2026-05-28,824757,7,0,0,10,0,19,ATL,BOS,ATL,Reynaldo L\xc3\xb3pez,625643,0.0,0.0,0.0
2026-05-31,824512,4,2,0,6,3,13,ATL,CIN,ATL,Reynaldo L\xc3\xb3pez,625643,0.5,0.0,0.5
2026-06-04,824919,9,1,1,16,3,36,ATL,ATL,TOR,Reynaldo L\xc3\xb3pez,625643,0.1111111111111111,0.1111111111111111,0.1875
2026-06-07,824916,6,2,1,10,3,27,ATL,ATL,PIT,Reynaldo L\xc3\xb3pez,625643,0.3333333333333333,0.16666666666666666,0.3
2026-06-14,823615,5,1,2,10,2,24,ATL,NYM,ATL,Reynaldo L\xc3\xb3pez,625643,0.2,0.4,0.2
2026-06-16,824912,7,1,0,13,3,30,ATL,ATL,SF,Reynaldo L\xc3\xb3pez,625643,0.14285714285714285,0.0,0.23076923076923078
2026-06-21,824908,11,3,1,25,5,58,ATL,ATL,MIL,Reynaldo L\xc3\xb3pez,625643,0.2727272727272727,0.09090909090909091,0.2
2026-06-26,823206,12,1,0,25,4,57,ATL,SF,ATL,Reynaldo L\xc3\xb3pez,625643,0.08333333333333333,0.0,0.16
2026-07-01,824905,18,6,1,34,12,69,ATL,ATL,STL,Reynaldo L\xc3\xb3pez,625643,0.3333333333333333,0.05555555555555555,0.35294117647058826
2026-03-28,823892,22,4,0,43,8,93,COL,MIA,COL,Michael Lorenzen,547179,0.18181818181818182,0.0,0.18604651162790697
2026-04-03,824377,23,2,2,36,7,77,COL,COL,PHI,Michael Lorenzen,547179,0.08695652173913043,0.08695652173913043,0.19444444444444445
2026-04-08,824374,26,4,2,45,10,100,COL,COL,HOU,Michael Lorenzen,547179,0.15384615384615385,0.07692307692307693,0.2222222222222222
2026-04-11,823316,4,0,0,5,1,11,COL,SD,COL,Michael Lorenzen,547179,0.0,0.0,0.2
2026-04-14,824210,18,3,1,35,9,71,COL,HOU,COL,Michael Lorenzen,547179,0.16666666666666666,0.05555555555555555,0.2571428571428571
2026-04-19,824371,22,3,1,38,7,88,COL,COL,LAD,Michael Lorenzen,547179,0.13636363636363635,0.045454545454545456,0.18421052631578946
2026-04-24,823638,26,3,0,39,5,90,COL,NYM,COL,Michael Lorenzen,547179,0.11538461538461539,0.0,0.1282051282051282
2026-04-30,824524,23,5,3,34,9,85,COL,CIN,COL,Michael Lorenzen,547179,0.21739130434782608,0.13043478260869565,0.2647058823529412
2026-05-06,824361,26,2,3,42,8,87,COL,COL,NYM,Michael Lorenzen,547179,0.07692307692307693,0.11538461538461539,0.19047619047619047
2026-05-12,823385,21,5,2,34,5,85,COL,PIT,COL,Michael Lorenzen,547179,0.23809523809523808,0.09523809523809523,0.14705882352941177
2026-05-17,824358,26,5,3,44,9,101,COL,COL,AZ,Michael Lorenzen,547179,0.19230769230769232,0.11538461538461539,0.20454545454545456
2026-05-23,825080,24,5,1,48,7,94,COL,AZ,COL,Michael Lorenzen,547179,0.20833333333333334,0.041666666666666664,0.14583333333333334
2026-05-29,824353,18,2,2,29,5,70,COL,COL,SF,Michael Lorenzen,547179,0.1111111111111111,0.1111111111111111,0.1724137931034483
2026-06-03,824024,22,5,2,36,8,85,COL,LAA,COL,Michael Lorenzen,547179,0.22727272727272727,0.09090909090909091,0.2222222222222222
2026-06-10,824348,19,7,2,40,10,84,COL,COL,CHC,Michael Lorenzen,547179,0.3684210526315789,0.10526315789473684,0.25
2026-06-15,824666,22,5,1,35,6,89,COL,CHC,COL,Michael Lorenzen,547179,0.22727272727272727,0.045454545454545456,0.17142857142857143
2026-06-21,824343,24,5,1,40,4,90,COL,COL,PIT,Michael Lorenzen,547179,0.20833333333333334,0.041666666666666664,0.1
2026-06-27,823689,25,1,0,46,7,92,COL,MIN,COL,Michael Lorenzen,547179,0.04,0.0,0.15217391304347827
2026-03-28,823651,5,1,0,9,2,21,NYM,NYM,PIT,Richard Lovelady,663992,0.2,0.0,0.2222222222222222
2026-03-29,823647,6,1,2,9,3,26,NYM,NYM,PIT,Richard Lovelady,663992,0.16666666666666666,0.3333333333333333,0.3333333333333333
2026-03-31,823077,9,2,0,15,3,33,NYM,STL,NYM,Richard Lovelady,663992,0.2222222222222222,0.0,0.2
2026-04-03,823240,6,1,1,14,1,28,NYM,SF,NYM,Richard Lovelady,663992,0.16666666666666666,0.16666666666666666,0.07142857142857142
2026-04-09,823645,5,1,0,9,1,18,NYM,NYM,AZ,Richard Lovelady,663992,0.2,0.0,0.1111111111111111
2026-04-10,823643,1,0,0,1,0,5,NYM,NYM,ATH,Richard Lovelady,663992,0.0,0.0,0.0
2026-04-17,822752,7,1,2,13,4,28,WSH,WSH,SF,Richard Lovelady,663992,0.14285714285714285,0.2857142857142857,0.3076923076923077
2026-04-18,822751,7,2,0,10,4,27,WSH,WSH,SF,Richard Lovelady,663992,0.2857142857142857,0.0,0.4
2026-04-23,822745,4,1,0,7,1,11,WSH,WSH,ATL,Richard Lovelady,663992,0.25,0.0,0.14285714285714285
2026-04-24,824611,4,0,0,4,0,11,WSH,CWS,WSH,Richard Lovelady,663992,0.0,0.0,0.0
2026-04-26,824612,5,2,0,7,3,16,WSH,CWS,WSH,Richard Lovelady,663992,0.4,0.0,0.42857142857142855
2026-04-30,823634,3,0,0,4,0,12,WSH,NYM,WSH,Richard Lovelady,663992,0.0,0.0,0.0
2026-05-03,822742,3,1,0,6,1,12,WSH,WSH,MIL,Richard Lovelady,663992,0.3333333333333333,0.0,0.16666666666666666
2026-05-07,822741,5,1,2,4,2,16,WSH,WSH,MIN,Richard Lovelady,663992,0.2,0.4,0.5
2026-05-09,823869,7,3,1,10,4,31,WSH,MIA,WSH,Richard Lovelady,663992,0.42857142857142855,0.14285714285714285,0.4
2026-05-13,824519,4,0,1,8,1,17,WSH,CIN,WSH,Richard Lovelady,663992,0.0,0.25,0.125
2026-05-15,822739,3,1,1,2,1,11,WSH,WSH,BAL,Richard Lovelady,663992,0.3333333333333333,0.3333333333333333,0.5
2026-05-17,822738,6,1,0,13,2,27,WSH,WSH,BAL,Richard Lovelady,663992,0.16666666666666666,0.0,0.15384615384615385
2026-05-19,822736,3,1,0,7,3,10,WSH,WSH,NYM,Richard Lovelady,663992,0.3333333333333333,0.0,0.42857142857142855
2026-05-22,824922,4,0,0,7,0,12,WSH,ATL,WSH,Richard Lovelady,663992,0.0,0.0,0.0
2026-05-23,824920,3,1,0,7,1,11,WSH,ATL,WSH,Richard Lovelady,663992,0.3333333333333333,0.0,0.14285714285714285
2026-05-24,824921,3,0,1,6,3,15,WSH,ATL,WSH,Richard Lovelady,663992,0.0,0.3333333333333333,0.5
2026-05-27,824432,5,0,1,4,0,13,WSH,CLE,WSH,Richard Lovelady,663992,0.0,0.2,0.0
2026-06-01,822730,5,0,0,4,0,14,WSH,WSH,MIA,Richard Lovelady,663992,0.0,0.0,0.0
2026-06-02,822728,9,2,3,14,1,41,WSH,WSH,MIA,Richard Lovelady,663992,0.2222222222222222,0.3333333333333333,0.07142857142857142
2026-06-08,823218,5,1,0,7,0,14,WSH,SF,WSH,Richard Lovelady,663992,0.2,0.0,0.0
2026-06-09,823214,1,0,0,2,0,4,WSH,SF,WSH,Richard Lovelady,663992,0.0,0.0,0.0
2026-06-13,822725,6,0,1,8,0,20,WSH,WSH,SEA,Richard Lovelady,663992,0.0,0.16666666666666666,0.0
2026-06-16,822723,3,0,0,7,0,12,WSH,WSH,KC,Richard Lovelady,663992,0.0,0.0,0.0
2026-06-22,822720,2,2,0,4,2,9,WSH,WSH,PHI,Richard Lovelady,663992,1.0,0.0,0.5
2026-06-23,822718,4,1,1,7,2,15,WSH,WSH,PHI,Richard Lovelady,663992,0.25,0.25,0.2857142857142857
2026-06-24,822719,2,0,0,5,1,6,WSH,WSH,PHI,Richard Lovelady,663992,0.0,0.0,0.2
2026-06-28,824821,1,0,0,3,1,6,WSH,BAL,WSH,Richard Lovelady,663992,0.0,0.0,0.3333333333333333
2026-03-29,824538,20,5,2,43,14,86,CIN,CIN,BOS,Rhett Lowder,695076,0.25,0.1,0.32558139534883723
2026-04-04,822920,23,4,2,35,5,82,CIN,TEX,CIN,Rhett Lowder,695076,0.17391304347826086,0.08695652173913043,0.14285714285714285
2026-04-09,823884,26,2,2,40,7,96,CIN,MIA,CIN,Rhett Lowder,695076,0.07692307692307693,0.07692307692307693,0.175
2026-04-15,824532,25,4,1,37,6,90,CIN,CIN,SF,Rhett Lowder,695076,0.16,0.04,0.16216216216216217
2026-04-20,822994,24,3,2,43,6,93,CIN,TB,CIN,Rhett Lowder,695076,0.125,0.08333333333333333,0.13953488372093023
2026-04-26,824528,22,7,1,37,9,94,CIN,CIN,DET,Rhett Lowder,695076,0.3181818181818182,0.045454545454545456,0.24324324324324326
2026-05-02,823388,13,1,4,12,0,52,CIN,PIT,CIN,Rhett Lowder,695076,0.07692307692307693,0.3076923076923077,0.0
2026-05-07,824681,13,1,4,18,1,59,CIN,CHC,CIN,Rhett Lowder,695076,0.07692307692307693,0.3076923076923077,0.05555555555555555
2026-06-07,823047,16,4,5,22,6,70,CIN,STL,CIN,Rhett Lowder,695076,0.25,0.3125,0.2727272727272727
2026-06-13,824508,25,6,2,47,10,96,CIN,CIN,AZ,Rhett Lowder,695076,0.24,0.08,0.2127659574468085
2026-06-19,823534,25,5,3,43,6,95,CIN,NYY,CIN,Rhett Lowder,695076,0.2,0.12,0.13953488372093023
2026-06-24,824500,27,6,1,52,12,100,CIN,CIN,MIL,Rhett Lowder,695076,0.2222222222222222,0.037037037037037035,0.23076923076923078
2026-06-30,823768,26,8,1,36,8,82,CIN,MIL,CIN,Rhett Lowder,695076,0.3076923076923077,0.038461538461538464,0.2222222222222222
2026-03-29,824944,24,3,0,43,9,77,KC,ATL,KC,Seth Lugo,607625,0.125,0.0,0.20930232558139536
2026-04-04,824134,21,7,2,48,9,103,KC,KC,MIL,Seth Lugo,607625,0.3333333333333333,0.09523809523809523,0.1875
2026-04-09,824130,24,4,4,41,8,92,KC,KC,CWS,Seth Lugo,607625,0.16666666666666666,0.16666666666666666,0.1951219512195122
2026-04-15,824291,23,7,0,45,8,92,KC,DET,KC,Seth Lugo,607625,0.30434782608695654,0.0,0.17777777777777778
2026-04-20,824125,24,7,4,40,10,93,KC,KC,BAL,Seth Lugo,607625,0.2916666666666667,0.16666666666666666,0.25
2026-04-26,824122,33,3,1,59,6,97,KC,KC,LAA,Seth Lugo,607625,0.09090909090909091,0.030303030303030304,0.1016949152542373
2026-05-02,823144,26,6,2,50,8,103,KC,SEA,KC,Seth Lugo,607625,0.23076923076923078,0.07692307692307693,0.16
2026-05-07,824117,22,5,4,41,4,102,KC,KC,CLE,Seth Lugo,607625,0.22727272727272727,0.18181818181818182,0.0975609756097561
2026-05-13,824603,25,4,2,38,4,92,KC,CWS,KC,Seth Lugo,607625,0.16,0.08,0.10526315789473684
2026-05-18,824114,25,5,2,36,6,93,KC,KC,BOS,Seth Lugo,607625,0.2,0.08,0.16666666666666666
2026-05-24,824108,27,3,2,39,3,87,KC,KC,SEA,Seth Lugo,607625,0.1111111111111111,0.07407407407407407,0.07692307692307693
2026-05-30,822893,26,6,0,45,10,90,KC,TEX,KC,Seth Lugo,607625,0.23076923076923078,0.0,0.2222222222222222
2026-06-04,823698,22,4,1,48,10,92,KC,MIN,KC,Seth Lugo,607625,0.18181818181818182,0.045454545454545456,0.20833333333333334
2026-06-10,824103,13,2,1,21,5,44,KC,KC,TEX,Seth Lugo,607625,0.15384615384615385,0.07692307692307693,0.23809523809523808
2026-06-19,824097,23,0,3,36,2,85,KC,KC,STL,Seth Lugo,607625,0.0,0.13043478260869565,0.05555555555555555
2026-06-25,822961,24,3,2,44,7,90,KC,TB,KC,Seth Lugo,607625,0.125,0.08333333333333333,0.1590909090909091
2026-07-01,824094,26,7,0,40,7,85,KC,KC,TB,Seth Lugo,607625,0.2692307692307692,0.0,0.175
2026-03-29,823487,25,7,1,41,14,99,PHI,PHI,TEX,Jes\xc3\xbas Luzardo,666200,0.28,0.04,0.34146341463414637
2026-04-04,824378,25,11,0,57,22,99,PHI,COL,PHI,Jes\xc3\xbas Luzardo,666200,0.44,0.0,0.38596491228070173
2026-04-10,823482,22,8,3,34,12,86,PHI,PHI,AZ,Jes\xc3\xbas Luzardo,666200,0.36363636363636365,0.13636363636363635,0.35294117647058826
2026-04-15,823477,27,4,1,44,10,98,PHI,PHI,CHC,Jes\xc3\xbas Luzardo,666200,0.14814814814814814,0.037037037037037035,0.22727272727272727
2026-04-21,824690,24,3,4,46,13,100,PHI,CHC,PHI,Jes\xc3\xbas Luzardo,666200,0.125,0.16666666666666666,0.2826086956521739
2026-04-28,823473,23,8,0,46,15,88,PHI,PHI,SF,Jes\xc3\xbas Luzardo,666200,0.34782608695652173,0.0,0.32608695652173914
2026-05-03,823875,27,10,0,45,14,102,PHI,MIA,PHI,Jes\xc3\xbas Luzardo,666200,0.37037037037037035,0.0,0.3111111111111111
2026-05-08,823466,18,6,3,44,15,95,PHI,PHI,COL,Jes\xc3\xbas Luzardo,666200,0.3333333333333333,0.16666666666666666,0.3409090909090909
2026-05-14,824762,23,4,1,45,11,92,PHI,BOS,PHI,Jes\xc3\xbas Luzardo,666200,0.17391304347826086,0.043478260869565216,0.24444444444444444
2026-05-19,823464,23,5,2,42,8,95,PHI,PHI,CIN,Jes\xc3\xbas Luzardo,666200,0.21739130434782608,0.08695652173913043,0.19047619047619047
2026-05-25,823296,24,6,2,46,15,104,PHI,SD,PHI,Jes\xc3\xbas Luzardo,666200,0.25,0.08333333333333333,0.32608695652173914
2026-05-30,823945,25,6,2,47,10,95,PHI,LAD,PHI,Jes\xc3\xbas Luzardo,666200,0.24,0.08,0.2127659574468085
2026-06-05,823455,27,2,2,40,9,90,PHI,PHI,CWS,Jes\xc3\xbas Luzardo,666200,0.07407407407407407,0.07407407407407407,0.225
2026-06-10,822804,25,8,4,38,13,96,PHI,TOR,PHI,Jes\xc3\xbas Luzardo,666200,0.32,0.16,0.34210526315789475
2026-06-16,823451,28,9,2,44,12,106,PHI,PHI,MIA,Jes\xc3\xbas Luzardo,666200,0.32142857142857145,0.07142857142857142,0.2727272727272727
2026-06-23,822718,28,13,3,48,17,104,PHI,WSH,PHI,Jes\xc3\xbas Luzardo,666200,0.4642857142857143,0.10714285714285714,0.3541666666666667
2026-06-28,823608,22,6,3,44,10,96,PHI,NYM,PHI,Jes\xc3\xbas Luzardo,666200,0.2727272727272727,0.13636363636363635,0.22727272727272727
2026-03-28,823241,17,5,1,34,6,80,SF,SF,NYY,Tyler Mahle,641816,0.29411764705882354,0.058823529411764705,0.17647058823529413
2026-04-03,823240,23,4,2,37,8,91,SF,SF,NYM,Tyler Mahle,641816,0.17391304347826086,0.08695652173913043,0.21621621621621623
2026-04-08,823234,24,6,4,40,9,94,SF,SF,PHI,Tyler Mahle,641816,0.25,0.16666666666666666,0.225
2026-04-15,824532,24,6,5,34,9,89,SF,CIN,SF,Tyler Mahle,641816,0.25,0.20833333333333334,0.2647058823529412
2026-04-22,823231,26,5,2,39,8,91,SF,SF,LAD,Tyler Mahle,641816,0.19230769230769232,0.07692307692307693,0.20512820512820512
2026-04-28,823473,22,3,3,33,2,82,SF,PHI,SF,Tyler Mahle,641816,0.13636363636363635,0.13636363636363635,0.06060606060606061
2026-05-03,822987,22,5,1,45,7,92,SF,TB,SF,Tyler Mahle,641816,0.22727272727272727,0.045454545454545456,0.15555555555555556
2026-05-10,823221,24,8,2,41,11,97,SF,SF,PIT,Tyler Mahle,641816,0.3333333333333333,0.08333333333333333,0.2682926829268293
2026-05-15,825009,25,6,1,40,8,90,SF,ATH,SF,Tyler Mahle,641816,0.24,0.04,0.2
2026-05-20,825084,23,6,0,40,6,79,SF,AZ,SF,Tyler Mahle,641816,0.2608695652173913,0.0,0.15
2026-05-26,823216,20,3,3,38,3,82,SF,SF,AZ,Tyler Mahle,641816,0.15,0.15,0.07894736842105263
2026-06-24,823208,19,4,2,33,6,70,SF,SF,ATH,Tyler Mahle,641816,0.21052631578947367,0.10526315789473684,0.18181818181818182
2026-06-29,825065,19,3,3,37,9,85,SF,AZ,SF,Tyler Mahle,641816,0.15789473684210525,0.15789473684210525,0.24324324324324326
2026-03-29,823647,7,2,2,10,4,29,NYM,NYM,PIT,Sean Manaea,640455,0.2857142857142857,0.2857142857142857,0.4
2026-04-02,823242,17,2,2,32,5,74,NYM,SF,NYM,Sean Manaea,640455,0.11764705882352941,0.11764705882352941,0.15625
2026-04-08,823646,18,2,2,36,6,70,NYM,NYM,AZ,Sean Manaea,640455,0.1111111111111111,0.1111111111111111,0.16666666666666666
2026-04-12,823642,9,4,0,22,6,41,NYM,NYM,ATH,Sean Manaea,640455,0.4444444444444444,0.0,0.2727272727272727
2026-04-17,824693,19,2,1,32,3,72,NYM,CHC,NYM,Sean Manaea,640455,0.10526315789473684,0.05263157894736842,0.09375
2026-04-24,823638,15,7,1,32,9,61,NYM,NYM,COL,Sean Manaea,640455,0.4666666666666667,0.06666666666666667,0.28125
2026-04-29,823633,18,4,2,32,8,73,NYM,NYM,WSH,Sean Manaea,640455,0.2222222222222222,0.1111111111111111,0.25
2026-05-06,824361,5,1,0,5,1,17,NYM,COL,NYM,Sean Manaea,640455,0.2,0.0,0.2
2026-05-10,825085,4,2,1,7,3,20,NYM,AZ,NYM,Sean Manaea,640455,0.5,0.25,0.42857142857142855
2026-05-17,823628,19,3,2,26,5,57,NYM,NYM,NYY,Sean Manaea,640455,0.15789473684210525,0.10526315789473684,0.19230769230769232
2026-05-22,823863,15,3,0,29,5,65,NYM,MIA,NYM,Sean Manaea,640455,0.2,0.0,0.1724137931034483
2026-05-26,823624,14,6,2,35,10,68,NYM,NYM,CIN,Sean Manaea,640455,0.42857142857142855,0.14285714285714285,0.2857142857142857
2026-06-01,823131,16,4,1,24,7,63,NYM,SEA,NYM,Sean Manaea,640455,0.25,0.0625,0.2916666666666667
2026-06-07,823291,17,3,1,27,4,66,NYM,SD,NYM,Sean Manaea,640455,0.17647058823529413,0.058823529411764705,0.14814814814814814
2026-06-13,823616,22,6,0,52,11,84,NYM,NYM,ATL,Sean Manaea,640455,0.2727272727272727,0.0,0.21153846153846154
2026-06-18,823448,23,4,1,48,15,95,NYM,PHI,NYM,Sean Manaea,640455,0.17391304347826086,0.043478260869565216,0.3125
2026-06-24,823611,19,4,2,49,9,86,NYM,NYM,CHC,Sean Manaea,640455,0.21052631578947367,0.10526315789473684,0.1836734693877551
2026-06-29,822792,23,4,2,44,5,90,NYM,TOR,NYM,Sean Manaea,640455,0.17391304347826086,0.08695652173913043,0.11363636363636363
2026-03-31,823322,18,1,1,26,2,65,SD,SD,SF,Germ\xc3\xa1n M\xc3\xa1rquez,608566,0.05555555555555555,0.05555555555555555,0.07692307692307693
2026-04-06,823401,21,4,1,45,12,92,SD,PIT,SD,Germ\xc3\xa1n M\xc3\xa1rquez,608566,0.19047619047619047,0.047619047619047616,0.26666666666666666
2026-04-11,823316,20,5,2,45,12,86,SD,SD,COL,Germ\xc3\xa1n M\xc3\xa1rquez,608566,0.25,0.1,0.26666666666666666
2026-04-18,824049,20,5,2,40,8,88,SD,LAA,SD,Germ\xc3\xa1n M\xc3\xa1rquez,608566,0.25,0.1,0.2
2026-04-25,825093,26,2,1,39,6,75,SD,AZ,SD,Germ\xc3\xa1n M\xc3\xa1rquez,608566,0.07692307692307693,0.038461538461538464,0.15384615384615385
2026-05-01,823309,24,2,5,39,2,95,SD,SD,CWS,Germ\xc3\xa1n M\xc3\xa1rquez,608566,0.08333333333333333,0.20833333333333334,0.05128205128205128
2026-03-30,823890,21,6,2,35,7,92,CWS,MIA,CWS,Davis Martin,663436,0.2857142857142857,0.09523809523809523,0.2
2026-04-05,824620,23,6,2,41,6,85,CWS,CWS,TOR,Davis Martin,663436,0.2608695652173913,0.08695652173913043,0.14634146341463414
2026-04-10,824128,26,3,0,49,11,82,CWS,KC,CWS,Davis Martin,663436,0.11538461538461539,0.0,0.22448979591836735
2026-04-17,825019,24,4,2,42,8,89,CWS,ATH,CWS,Davis Martin,663436,0.16666666666666666,0.08333333333333333,0.19047619047619047
2026-04-23,825096,24,7,1,40,9,97,CWS,AZ,CWS,Davis Martin,663436,0.2916666666666667,0.041666666666666664,0.225
2026-04-28,824610,26,7,1,55,12,98,CWS,CWS,LAA,Davis Martin,663436,0.2692307692307692,0.038461538461538464,0.21818181818181817
2026-05-04,824039,25,10,0,52,19,85,CWS,LAA,CWS,Davis Martin,663436,0.4,0.0,0.36538461538461536
2026-05-10,824605,23,9,2,61,17,105,CWS,CWS,SEA,Davis Martin,663436,0.391304347826087,0.08695652173913043,0.2786885245901639
2026-05-16,824600,23,7,0,42,15,91,CWS,CWS,CHC,Davis Martin,663436,0.30434782608695654,0.0,0.35714285714285715
2026-05-22,823223,26,7,2,44,15,98,CWS,SF,CWS,Davis Martin,663436,0.2692307692307692,0.07692307692307693,0.3409090909090909
2026-05-28,824595,22,5,2,42,14,84,CWS,CWS,MIN,Davis Martin,663436,0.22727272727272727,0.09090909090909091,0.3333333333333333
2026-06-02,823700,25,2,3,40,8,92,CWS,MIN,CWS,Davis Martin,663436,0.08,0.12,0.2
2026-06-10,824590,25,6,0,51,11,100,CWS,CWS,ATL,Davis Martin,663436,0.24,0.0,0.21568627450980393
2026-06-16,823535,21,4,3,38,11,88,CWS,NYY,CWS,Davis Martin,663436,0.19047619047619047,0.14285714285714285,0.2894736842105263
2026-06-21,824260,24,4,3,38,8,77,CWS,DET,CWS,Davis Martin,663436,0.16666666666666666,0.125,0.21052631578947367
2026-06-27,824581,20,3,1,42,6,87,CWS,CWS,KC,Davis Martin,663436,0.15,0.05,0.14285714285714285
2026-03-30,823809,24,3,0,44,6,88,TB,MIL,TB,Nick Martinez,607259,0.125,0.0,0.13636363636363635
2026-04-05,823729,20,4,1,37,10,81,TB,MIN,TB,Nick Martinez,607259,0.2,0.05,0.2702702702702703
2026-04-11,822996,22,4,3,40,6,87,TB,TB,NYY,Nick Martinez,607259,0.18181818181818182,0.13636363636363635,0.15
2026-04-17,823397,26,3,3,41,5,89,TB,PIT,TB,Nick Martinez,607259,0.11538461538461539,0.11538461538461539,0.12195121951219512
2026-04-22,822993,30,6,1,44,7,95,TB,TB,CIN,Nick Martinez,607259,0.2,0.03333333333333333,0.1590909090909091
2026-04-28,824447,25,4,1,39,7,78,TB,CLE,TB,Nick Martinez,607259,0.16,0.04,0.1794871794871795
2026-05-04,822984,21,4,1,41,5,71,TB,TB,TOR,Nick Martinez,607259,0.19047619047619047,0.047619047619047616,0.12195121951219512
2026-05-10,824765,25,3,0,41,8,80,TB,BOS,TB,Nick Martinez,607259,0.12,0.0,0.1951219512195122
2026-05-16,822981,23,4,1,41,6,77,TB,TB,MIA,Nick Martinez,607259,0.17391304347826086,0.043478260869565216,0.14634146341463414
2026-05-22,823546,26,1,1,42,8,94,TB,NYY,TB,Nick Martinez,607259,0.038461538461538464,0.038461538461538464,0.19047619047619047
2026-05-29,822978,27,5,0,48,10,88,TB,TB,LAA,Nick Martinez,607259,0.18518518518518517,0.0,0.20833333333333334
2026-06-03,822973,22,1,1,32,2,58,TB,TB,DET,Nick Martinez,607259,0.045454545454545456,0.045454545454545456,0.0625
2026-06-09,822969,27,2,0,37,7,73,TB,TB,BOS,Nick Martinez,607259,0.07407407407407407,0.0,0.1891891891891892
2026-06-15,823938,22,6,1,58,10,96,TB,LAD,TB,Nick Martinez,607259,0.2727272727272727,0.045454545454545456,0.1724137931034483
2026-06-21,822968,24,5,3,41,9,88,TB,TB,WSH,Nick Martinez,607259,0.20833333333333334,0.125,0.21951219512195122
2026-06-26,822962,23,3,0,41,6,85,TB,TB,AZ,Nick Martinez,607259,0.13043478260869565,0.0,0.14634146341463414
2026-05-14,823709,25,5,1,41,6,83,MIN,MIN,MIA,Zebby Matthews,805673,0.2,0.04,0.14634146341463414
2026-05-19,823704,23,6,0,44,11,100,MIN,MIN,HOU,Zebby Matthews,805673,0.2608695652173913,0.0,0.25
2026-05-25,824598,25,6,1,42,11,88,MIN,CWS,MIN,Zebby Matthews,805673,0.24,0.04,0.2619047619047619
2026-05-31,823373,22,7,2,46,12,100,MIN,PIT,MIN,Zebby Matthews,805673,0.3181818181818182,0.09090909090909091,0.2608695652173913
2026-06-05,823699,27,2,4,41,5,100,MIN,MIN,KC,Zebby Matthews,805673,0.07407407407407407,0.14814814814814814,0.12195121951219512
2026-06-11,824265,28,4,1,41,7,81,MIN,DET,MIN,Zebby Matthews,805673,0.14285714285714285,0.03571428571428571,0.17073170731707318
2026-06-16,822888,28,4,0,49,9,93,MIN,TEX,MIN,Zebby Matthews,805673,0.14285714285714285,0.0,0.1836734693877551
2026-06-22,823692,26,5,2,48,11,108,MIN,MIN,LAD,Zebby Matthews,805673,0.19230769230769232,0.07692307692307693,0.22916666666666666
2026-06-29,824176,25,7,1,46,13,89,MIN,HOU,MIN,Zebby Matthews,805673,0.28,0.04,0.2826086956521739
2026-03-29,823079,21,2,1,37,8,81,TB,STL,TB,Steven Matz,571927,0.09523809523809523,0.047619047619047616,0.21621621621621623
2026-04-04,823730,22,8,2,40,9,97,TB,MIN,TB,Steven Matz,571927,0.36363636363636365,0.09090909090909091,0.225
2026-04-10,822997,20,7,2,44,14,88,TB,TB,NYY,Steven Matz,571927,0.35,0.1,0.3181818181818182
2026-04-16,824614,22,4,1,38,8,74,TB,CWS,TB,Steven Matz,571927,0.18181818181818182,0.045454545454545456,0.21052631578947367
2026-04-21,822995,17,4,4,35,5,77,TB,TB,CIN,Steven Matz,571927,0.23529411764705882,0.23529411764705882,0.14285714285714285
2026-04-27,824446,25,2,1,50,6,95,TB,CLE,TB,Steven Matz,571927,0.08,0.04,0.12
2026-05-03,822987,22,1,2,51,12,89,TB,TB,SF,Steven Matz,571927,0.045454545454545456,0.09090909090909091,0.23529411764705882
2026-05-20,822977,17,5,2,25,6,67,TB,TB,BAL,Steven Matz,571927,0.29411764705882354,0.11764705882352941,0.24
2026-05-27,824836,18,2,2,28,3,62,TB,BAL,TB,Steven Matz,571927,0.1111111111111111,0.1111111111111111,0.10714285714285714
2026-06-02,822971,11,2,0,25,4,53,TB,TB,DET,Steven Matz,571927,0.18181818181818182,0.0,0.16
2026-06-07,823857,6,0,2,20,3,38,TB,MIA,TB,Steven Matz,571927,0.0,0.3333333333333333,0.15
2026-06-10,822970,3,0,0,6,0,9,TB,TB,BOS,Steven Matz,571927,0.0,0.0,0.0
2026-06-15,823938,8,1,0,11,0,20,TB,LAD,TB,Steven Matz,571927,0.125,0.0,0.0
2026-06-19,822966,6,1,0,11,0,25,TB,TB,WSH,Steven Matz,571927,0.16666666666666666,0.0,0.0
2026-06-23,822963,12,2,0,21,4,43,TB,TB,KC,Steven Matz,571927,0.16666666666666666,0.0,0.19047619047619047
2026-03-29,823079,22,3,1,30,4,61,STL,STL,TB,Dustin May,669160,0.13636363636363635,0.045454545454545456,0.13333333333333333
2026-04-04,824295,19,4,2,33,4,79,STL,DET,STL,Dustin May,669160,0.21052631578947367,0.10526315789473684,0.12121212121212122
2026-04-10,823076,23,4,0,37,7,75,STL,STL,BOS,Dustin May,669160,0.17391304347826086,0.0,0.1891891891891892
2026-04-15,823071,22,4,1,36,2,91,STL,STL,CLE,Dustin May,669160,0.18181818181818182,0.045454545454545456,0.05555555555555555
2026-04-21,823880,22,5,1,49,9,97,STL,MIA,STL,Dustin May,669160,0.22727272727272727,0.045454545454545456,0.1836734693877551
2026-04-27,823395,25,2,2,45,6,95,STL,PIT,STL,Dustin May,669160,0.08,0.08,0.13333333333333333
2026-05-03,823065,25,3,2,41,7,95,STL,STL,LAD,Dustin May,669160,0.12,0.08,0.17073170731707318
2026-05-09,823304,24,7,2,50,14,97,STL,SD,STL,Dustin May,669160,0.2916666666666667,0.08333333333333333,0.28
2026-05-15,823061,26,3,4,41,8,91,STL,STL,KC,Dustin May,669160,0.11538461538461539,0.15384615384615385,0.1951219512195122
2026-05-21,823056,25,7,2,48,15,91,STL,STL,PIT,Dustin May,669160,0.28,0.08,0.3125
2026-05-27,823783,25,9,0,39,13,87,STL,MIL,STL,Dustin May,669160,0.36,0.0,0.3333333333333333
2026-06-02,823052,24,9,2,45,11,90,STL,STL,TEX,Dustin May,669160,0.375,0.08333333333333333,0.24444444444444444
2026-06-09,823620,22,6,1,49,10,101,STL,NYM,STL,Dustin May,669160,0.2727272727272727,0.045454545454545456,0.20408163265306123
2026-06-15,823046,28,9,1,49,15,101,STL,STL,SD,Dustin May,669160,0.32142857142857145,0.03571428571428571,0.30612244897959184
2026-06-21,824095,13,2,1,18,1,44,STL,KC,STL,Dustin May,669160,0.15384615384615385,0.07692307692307693,0.05555555555555555
2026-03-31,823807,19,4,3,33,7,79,TB,MIL,TB,Shane McClanahan,663556,0.21052631578947367,0.15789473684210525,0.21212121212121213
2026-04-06,823002,17,5,4,24,6,69,TB,TB,CHC,Shane McClanahan,663556,0.29411764705882354,0.23529411764705882,0.25
2026-04-14,824616,23,4,4,34,10,83,TB,CWS,TB,Shane McClanahan,663556,0.17391304347826086,0.17391304347826086,0.29411764705882354
2026-04-19,823393,21,5,0,53,10,90,TB,PIT,TB,Shane McClanahan,663556,0.23809523809523808,0.0,0.18867924528301888
2026-04-25,822989,21,7,2,45,13,86,TB,TB,MIN,Shane McClanahan,663556,0.3333333333333333,0.09523809523809523,0.28888888888888886
2026-05-01,822990,20,5,0,38,13,73,TB,TB,SF,Shane McClanahan,663556,0.25,0.0,0.34210526315789475
2026-05-06,822985,20,4,1,33,8,69,TB,TB,TOR,Shane McClanahan,663556,0.2,0.05,0.24242424242424243
2026-05-12,822817,18,7,1,38,10,80,TB,TOR,TB,Shane McClanahan,663556,0.3888888888888889,0.05555555555555555,0.2631578947368421
2026-05-18,822980,23,6,2,43,12,90,TB,TB,BAL,Shane McClanahan,663556,0.2608695652173913,0.08695652173913043,0.27906976744186046
2026-05-25,824838,21,3,2,38,10,84,TB,BAL,TB,Shane McClanahan,663556,0.14285714285714285,0.09523809523809523,0.2631578947368421
2026-05-31,822976,19,3,0,39,6,70,TB,TB,LAA,Shane McClanahan,663556,0.15789473684210525,0.0,0.15384615384615385
2026-06-06,823859,25,6,2,38,7,81,TB,MIA,TB,Shane McClanahan,663556,0.24,0.08,0.18421052631578946
2026-06-12,824020,21,7,1,46,14,74,TB,LAA,TB,Shane McClanahan,663556,0.3333333333333333,0.047619047619047616,0.30434782608695654
2026-06-17,823940,19,3,5,32,8,83,TB,LAD,TB,Shane McClanahan,663556,0.15789473684210525,0.2631578947368421,0.25
2026-06-23,822963,25,4,1,37,7,75,TB,TB,KC,Shane McClanahan,663556,0.16,0.04,0.1891891891891892
2026-07-01,824094,20,4,0,33,7,69,TB,KC,TB,Shane McClanahan,663556,0.2,0.0,0.21212121212121213
2026-05-04,823228,24,8,0,41,9,81,SF,SF,SD,Trevor McDonald,686790,0.3333333333333333,0.0,0.21951219512195122
2026-05-11,823953,26,4,2,47,12,101,SF,LAD,SF,Trevor McDonald,686790,0.15384615384615385,0.07692307692307693,0.2553191489361702
2026-05-16,825007,26,5,1,41,12,90,SF,ATH,SF,Trevor McDonald,686790,0.19230769230769232,0.038461538461538464,0.2926829268292683
2026-05-22,823223,18,4,1,30,8,66,SF,SF,CWS,Trevor McDonald,686790,0.2222222222222222,0.05555555555555555,0.26666666666666666
2026-05-27,823217,28,6,2,38,9,86,SF,SF,AZ,Trevor McDonald,686790,0.21428571428571427,0.07142857142857142,0.23684210526315788
2026-06-02,823782,22,4,3,37,9,87,SF,MIL,SF,Trevor McDonald,686790,0.18181818181818182,0.13636363636363635,0.24324324324324326
2026-06-07,824670,21,6,3,37,10,87,SF,CHC,SF,Trevor McDonald,686790,0.2857142857142857,0.14285714285714285,0.2702702702702703
2026-06-13,823213,20,4,3,38,6,92,SF,SF,CHC,Trevor McDonald,686790,0.2,0.15,0.15789473684210525
2026-06-20,823854,20,1,3,27,1,69,SF,MIA,SF,Trevor McDonald,686790,0.05,0.15,0.037037037037037035
2026-06-26,823206,24,3,1,38,4,90,SF,SF,ATL,Trevor McDonald,686790,0.125,0.041666666666666664,0.10526315789473684
2026-07-01,825064,19,5,0,39,10,90,SF,AZ,SF,Trevor McDonald,686790,0.2631578947368421,0.0,0.2564102564102564
2026-03-28,823082,21,5,2,36,5,96,STL,STL,TB,Michael McGreevy,700241,0.23809523809523808,0.09523809523809523,0.1388888888888889
2026-04-03,824299,20,4,0,32,4,75,STL,DET,STL,Michael McGreevy,700241,0.2,0.0,0.125
2026-04-08,822753,21,1,0,47,5,91,STL,WSH,STL,Michael McGreevy,700241,0.047619047619047616,0.0,0.10638297872340426
2026-04-14,823072,20,2,1,37,4,87,STL,STL,CLE,Michael McGreevy,700241,0.1,0.05,0.10810810810810811
2026-04-20,823879,23,3,2,33,5,80,STL,MIA,STL,Michael McGreevy,700241,0.13043478260869565,0.08695652173913043,0.15151515151515152
2026-04-26,823068,22,6,0,46,11,98,STL,STL,SEA,Michael McGreevy,700241,0.2727272727272727,0.0,0.2391304347826087
2026-05-02,823067,20,3,3,37,7,88,STL,STL,LAD,Michael McGreevy,700241,0.15,0.15,0.1891891891891892
2026-05-08,823303,21,9,2,43,15,94,STL,SD,STL,Michael McGreevy,700241,0.42857142857142855,0.09523809523809523,0.3488372093023256
2026-05-14,825008,23,3,1,40,7,74,STL,ATH,STL,Michael McGreevy,700241,0.13043478260869565,0.043478260869565216,0.175
2026-05-20,823057,26,1,1,39,5,91,STL,STL,PIT,Michael McGreevy,700241,0.038461538461538464,0.038461538461538464,0.1282051282051282
2026-05-26,823785,22,6,3,40,12,89,STL,MIL,STL,Michael McGreevy,700241,0.2727272727272727,0.13636363636363635,0.3
2026-06-01,823050,23,1,2,41,6,87,STL,STL,TEX,Michael McGreevy,700241,0.043478260869565216,0.08695652173913043,0.14634146341463414
2026-06-07,823047,23,5,0,39,6,83,STL,STL,CIN,Michael McGreevy,700241,0.21739130434782608,0.0,0.15384615384615385
2026-06-14,823693,25,2,2,42,5,89,STL,MIN,STL,Michael McGreevy,700241,0.08,0.08,0.11904761904761904
2026-06-19,824097,23,2,1,46,2,95,STL,KC,STL,Michael McGreevy,700241,0.08695652173913043,0.043478260869565216,0.043478260869565216
2026-06-26,823039,22,4,1,39,7,94,STL,STL,MIA,Michael McGreevy,700241,0.18181818181818182,0.045454545454545456,0.1794871794871795
2026-07-01,824905,22,3,1,45,9,87,STL,ATL,STL,Michael McGreevy,700241,0.13636363636363635,0.045454545454545456,0.2
2026-03-29,823647,22,8,2,32,11,84,NYM,NYM,PIT,Nolan McLean,690997,0.36363636363636365,0.09090909090909091,0.34375
2026-04-03,823240,19,4,2,37,10,93,NYM,SF,NYM,Nolan McLean,690997,0.21052631578947367,0.10526315789473684,0.2702702702702703
2026-04-09,823645,23,8,2,36,6,100,NYM,NYM,AZ,Nolan McLean,690997,0.34782608695652173,0.08695652173913043,0.16666666666666666
2026-04-14,823965,25,8,2,43,9,95,NYM,LAD,NYM,Nolan McLean,690997,0.32,0.08,0.20930232558139536
2026-04-21,823640,25,10,0,44,12,99,NYM,NYM,MIN,Nolan McLean,690997,0.4,0.0,0.2727272727272727
2026-04-26,823635,21,7,2,44,15,91,NYM,NYM,COL,Nolan McLean,690997,0.3333333333333333,0.09523809523809523,0.3409090909090909
2026-05-02,824042,18,6,1,31,6,78,NYM,LAA,NYM,Nolan McLean,690997,0.3333333333333333,0.05555555555555555,0.1935483870967742
2026-05-08,825088,22,6,1,45,6,100,NYM,AZ,NYM,Nolan McLean,690997,0.2727272727272727,0.045454545454545456,0.13333333333333333
2026-05-14,823630,28,7,3,44,6,93,NYM,NYM,DET,Nolan McLean,690997,0.25,0.10714285714285714,0.13636363636363635
2026-05-19,822736,31,5,2,43,5,100,NYM,WSH,NYM,Nolan McLean,690997,0.16129032258064516,0.06451612903225806,0.11627906976744186
2026-05-25,823625,19,6,2,32,11,78,NYM,NYM,CIN,Nolan McLean,690997,0.3157894736842105,0.10526315789473684,0.34375
2026-05-31,823621,23,2,5,40,5,94,NYM,NYM,MIA,Nolan McLean,690997,0.08695652173913043,0.21739130434782608,0.125
2026-06-06,823292,24,5,3,44,9,101,NYM,SD,NYM,Nolan McLean,690997,0.20833333333333334,0.125,0.20454545454545456
2026-06-12,823617,18,6,4,36,9,93,NYM,NYM,ATL,Nolan McLean,690997,0.3333333333333333,0.2222222222222222,0.25
2026-06-17,824503,27,9,1,42,9,101,NYM,CIN,NYM,Nolan McLean,690997,0.3333333333333333,0.037037037037037035,0.21428571428571427
2026-06-24,823613,28,9,2,48,17,104,NYM,NYM,CHC,Nolan McLean,690997,0.32142857142857145,0.07142857142857142,0.3541666666666667
2026-06-30,822793,25,7,2,47,10,91,NYM,TOR,NYM,Nolan McLean,690997,0.28,0.08,0.2127659574468085
2026-05-24,824840,22,3,3,39,7,79,DET,BAL,DET,Troy Melton,675512,0.13636363636363635,0.13636363636363635,0.1794871794871795
2026-05-29,824594,28,1,1,48,6,89,DET,CWS,DET,Troy Melton,675512,0.03571428571428571,0.03571428571428571,0.125
2026-06-03,822973,29,5,2,47,7,94,DET,TB,DET,Troy Melton,675512,0.1724137931034483,0.06896551724137931,0.14893617021276595
2026-06-09,824267,23,5,0,42,7,88,DET,DET,MIN,Troy Melton,675512,0.21739130434782608,0.0,0.16666666666666666
2026-06-20,824263,23,5,3,35,12,84,DET,DET,CWS,Troy Melton,675512,0.21739130434782608,0.13043478260869565,0.34285714285714286
2026-06-25,824258,20,6,0,51,12,88,DET,DET,HOU,Troy Melton,675512,0.3,0.0,0.23529411764705882
2026-07-01,823530,22,7,1,36,11,84,DET,NYY,DET,Troy Melton,675512,0.3181818181818182,0.045454545454545456,0.3055555555555556
2026-03-30,823972,20,5,0,40,8,76,CLE,LAD,CLE,Parker Messick,800048,0.25,0.0,0.2
2026-04-05,824460,20,6,3,37,11,91,CLE,CLE,CHC,Parker Messick,800048,0.3,0.15,0.2972972972972973
2026-04-11,824939,26,5,2,43,4,84,CLE,ATL,CLE,Parker Messick,800048,0.19230769230769232,0.07692307692307693,0.09302325581395349
2026-04-16,824453,27,9,2,61,15,112,CLE,CLE,BAL,Parker Messick,800048,0.3333333333333333,0.07407407407407407,0.2459016393442623
2026-04-21,824448,20,4,1,41,12,85,CLE,CLE,HOU,Parker Messick,800048,0.2,0.05,0.2926829268292683
2026-04-27,824446,22,9,2,39,9,95,CLE,CLE,TB,Parker Messick,800048,0.4090909090909091,0.09090909090909091,0.23076923076923078
2026-05-03,825013,21,6,0,44,14,79,CLE,ATH,CLE,Parker Messick,800048,0.2857142857142857,0.0,0.3181818181818182
2026-05-08,824443,24,7,1,44,10,95,CLE,CLE,MIN,Parker Messick,800048,0.2916666666666667,0.041666666666666664,0.22727272727272727
2026-05-13,824438,25,7,3,51,14,104,CLE,CLE,LAA,Parker Messick,800048,0.28,0.12,0.27450980392156865
2026-05-19,824276,21,6,3,38,8,81,CLE,DET,CLE,Parker Messick,800048,0.2857142857142857,0.14285714285714285,0.21052631578947367
2026-05-24,823459,24,6,2,42,11,91,CLE,PHI,CLE,Parker Messick,800048,0.25,0.08333333333333333,0.2619047619047619
2026-05-30,824431,22,4,1,47,13,97,CLE,CLE,BOS,Parker Messick,800048,0.18181818181818182,0.045454545454545456,0.2765957446808511
2026-06-05,822892,23,4,1,41,10,85,CLE,TEX,CLE,Parker Messick,800048,0.17391304347826086,0.043478260869565216,0.24390243902439024
2026-06-10,824428,25,4,3,49,9,100,CLE,CLE,NYY,Parker Messick,800048,0.16,0.12,0.1836734693877551
2026-06-18,823772,25,9,2,38,12,97,CLE,MIL,CLE,Parker Messick,800048,0.36,0.08,0.3157894736842105
2026-06-23,824584,27,10,1,47,14,95,CLE,CWS,CLE,Parker Messick,800048,0.37037037037037035,0.037037037037037035,0.2978723404255319
2026-06-29,824420,28,5,0,44,8,83,CLE,CLE,TEX,Parker Messick,800048,0.17857142857142858,0.0,0.18181818181818182
2026-03-29,823891,23,5,2,46,13,81,MIA,MIA,COL,Max Meyer,676974,0.21739130434782608,0.08695652173913043,0.2826086956521739
2026-04-04,823569,21,6,3,33,11,89,MIA,NYY,MIA,Max Meyer,676974,0.2857142857142857,0.14285714285714285,0.3333333333333333
2026-04-09,823884,23,4,3,44,8,87,MIA,MIA,CIN,Max Meyer,676974,0.17391304347826086,0.13043478260869565,0.18181818181818182
2026-04-14,824935,21,5,1,47,14,82,MIA,ATL,MIA,Max Meyer,676974,0.23809523809523808,0.047619047619047616,0.2978723404255319
2026-04-20,823879,23,8,2,47,17,91,MIA,MIA,STL,Max Meyer,676974,0.34782608695652173,0.08695652173913043,0.3617021276595745
2026-04-26,823230,21,5,1,39,7,77,MIA,SF,MIA,Max Meyer,676974,0.23809523809523808,0.047619047619047616,0.1794871794871795
2026-05-02,823876,22,7,1,41,12,83,MIA,MIA,PHI,Max Meyer,676974,0.3181818181818182,0.045454545454545456,0.2926829268292683
2026-05-07,823870,22,5,2,40,11,94,MIA,MIA,BAL,Max Meyer,676974,0.22727272727272727,0.09090909090909091,0.275
2026-05-13,823710,27,9,2,46,22,96,MIA,MIN,MIA,Max Meyer,676974,0.3333333333333333,0.07407407407407407,0.4782608695652174
2026-05-18,823867,22,6,2,49,11,97,MIA,MIA,ATL,Max Meyer,676974,0.2727272727272727,0.09090909090909091,0.22448979591836735
2026-05-23,823862,25,8,3,37,9,95,MIA,MIA,NYM,Max Meyer,676974,0.32,0.12,0.24324324324324326
2026-05-29,823623,27,6,3,48,10,106,MIA,NYM,MIA,Max Meyer,676974,0.2222222222222222,0.1111111111111111,0.20833333333333334
2026-06-03,822727,24,7,2,44,12,92,MIA,WSH,MIA,Max Meyer,676974,0.2916666666666667,0.08333333333333333,0.2727272727272727
2026-06-09,823858,25,5,2,41,11,95,MIA,MIA,AZ,Max Meyer,676974,0.2,0.08,0.2682926829268293
2026-06-14,823368,28,8,3,49,13,105,MIA,PIT,MIA,Max Meyer,676974,0.2857142857142857,0.10714285714285714,0.2653061224489796
2026-06-20,823854,23,7,2,46,8,99,MIA,MIA,SF,Max Meyer,676974,0.30434782608695654,0.08695652173913043,0.17391304347826086
2026-06-26,823039,25,5,2,38,8,90,MIA,STL,MIA,Max Meyer,676974,0.2,0.08,0.21052631578947367
2026-07-01,824337,25,5,0,47,13,78,MIA,COL,MIA,Max Meyer,676974,0.2,0.0,0.2765957446808511
2026-03-28,824701,25,4,3,43,9,97,WSH,CHC,WSH,Miles Mikolas,571945,0.16,0.12,0.20930232558139536
2026-04-03,822758,25,4,1,40,6,87,WSH,WSH,LAD,Miles Mikolas,571945,0.16,0.04,0.15
2026-04-08,822753,17,3,3,18,4,55,WSH,WSH,STL,Miles Mikolas,571945,0.17647058823529413,0.17647058823529413,0.2222222222222222
2026-04-14,823398,14,0,2,23,3,49,WSH,PIT,WSH,Miles Mikolas,571945,0.0,0.14285714285714285,0.13043478260869565
2026-04-19,822750,17,4,1,31,9,61,WSH,WSH,SF,Miles Mikolas,571945,0.23529411764705882,0.058823529411764705,0.2903225806451613
2026-04-24,824611,14,1,0,25,2,51,WSH,CWS,WSH,Miles Mikolas,571945,0.07142857142857142,0.0,0.08
2026-04-30,823634,16,3,1,38,4,79,WSH,NYM,WSH,Miles Mikolas,571945,0.1875,0.0625,0.10526315789473684
2026-05-06,822740,19,3,0,39,7,74,WSH,WSH,MIN,Miles Mikolas,571945,0.15789473684210525,0.0,0.1794871794871795
2026-05-12,824521,16,2,2,28,4,71,WSH,CIN,WSH,Miles Mikolas,571945,0.125,0.125,0.14285714285714285
2026-05-17,822738,24,4,1,45,4,93,WSH,WSH,BAL,Miles Mikolas,571945,0.16666666666666666,0.041666666666666664,0.08888888888888889
2026-05-22,824922,17,3,0,30,5,66,WSH,ATL,WSH,Miles Mikolas,571945,0.17647058823529413,0.0,0.16666666666666666
2026-05-27,824432,17,1,0,28,1,60,WSH,CLE,WSH,Miles Mikolas,571945,0.058823529411764705,0.0,0.03571428571428571
2026-06-02,822728,25,4,2,41,4,92,WSH,WSH,MIA,Miles Mikolas,571945,0.16,0.08,0.0975609756097561
2026-06-08,823218,17,2,0,30,3,54,WSH,SF,WSH,Miles Mikolas,571945,0.11764705882352941,0.0,0.1
2026-06-14,822722,23,3,0,41,1,83,WSH,WSH,SEA,Miles Mikolas,571945,0.13043478260869565,0.0,0.024390243902439025
2026-06-19,822966,26,2,1,43,2,85,WSH,TB,WSH,Miles Mikolas,571945,0.07692307692307693,0.038461538461538464,0.046511627906976744
2026-06-24,822719,16,1,0,28,3,60,WSH,WSH,PHI,Miles Mikolas,571945,0.0625,0.0,0.10714285714285714
2026-06-29,824741,30,3,0,59,6,97,WSH,BOS,WSH,Miles Mikolas,571945,0.1,0.0,0.1016949152542373
2026-05-13,824195,25,3,0,48,7,85,SEA,HOU,SEA,Bryce Miller,682243,0.12,0.0,0.14583333333333334
2026-05-19,823136,19,7,1,40,9,72,SEA,SEA,CWS,Bryce Miller,682243,0.3684210526315789,0.05263157894736842,0.225
2026-05-25,825005,18,4,0,43,12,83,SEA,ATH,SEA,Bryce Miller,682243,0.2222222222222222,0.0,0.27906976744186046
2026-05-31,823133,17,6,1,42,13,71,SEA,SEA,AZ,Bryce Miller,682243,0.35294117647058826,0.058823529411764705,0.30952380952380953
2026-06-06,824269,20,9,2,55,12,94,SEA,DET,SEA,Bryce Miller,682243,0.45,0.1,0.21818181818181817
2026-06-12,822726,26,7,0,50,8,91,SEA,WSH,SEA,Bryce Miller,682243,0.2692307692307692,0.0,0.16
2026-06-19,823124,16,7,0,41,13,66,SEA,SEA,BOS,Bryce Miller,682243,0.4375,0.0,0.3170731707317073
2026-06-25,823366,22,11,0,54,17,90,SEA,PIT,SEA,Bryce Miller,682243,0.5,0.0,0.3148148148148148
2026-03-26,823812,20,11,3,43,24,95,MIL,MIL,CWS,Jacob Misiorowski,694819,0.55,0.15,0.5581395348837209
2026-04-01,823806,25,7,2,45,12,94,MIL,MIL,TB,Jacob Misiorowski,694819,0.28,0.08,0.26666666666666666
2026-04-07,824780,22,10,4,39,12,101,MIL,BOS,MIL,Jacob Misiorowski,694819,0.45454545454545453,0.18181818181818182,0.3076923076923077
2026-04-14,823802,21,5,0,40,12,76,MIL,MIL,TOR,Jacob Misiorowski,694819,0.23809523809523808,0.0,0.3
2026-04-19,823881,23,9,3,44,14,98,MIL,MIA,MIL,Jacob Misiorowski,694819,0.391304347826087,0.13043478260869565,0.3181818181818182
2026-04-25,823799,26,9,1,49,20,91,MIL,MIL,PIT,Jacob Misiorowski,694819,0.34615384615384615,0.038461538461538464,0.40816326530612246
2026-05-01,822744,18,8,2,46,19,85,MIL,WSH,MIL,Jacob Misiorowski,694819,0.4444444444444444,0.1111111111111111,0.41304347826086957
2026-05-08,823794,22,11,2,46,13,95,MIL,MIL,NYY,Jacob Misiorowski,694819,0.5,0.09090909090909091,0.2826086956521739
2026-05-13,823791,25,10,0,48,18,93,MIL,MIL,SD,Jacob Misiorowski,694819,0.4,0.0,0.375
2026-05-19,824677,22,8,1,36,12,74,MIL,CHC,MIL,Jacob Misiorowski,694819,0.36363636363636365,0.045454545454545456,0.3333333333333333
2026-05-25,823784,24,12,1,48,19,96,MIL,MIL,STL,Jacob Misiorowski,694819,0.5,0.041666666666666664,0.3958333333333333
2026-05-31,824187,25,8,0,43,13,88,MIL,HOU,MIL,Jacob Misiorowski,694819,0.32,0.0,0.3023255813953488
2026-06-06,824351,29,8,3,37,8,98,MIL,COL,MIL,Jacob Misiorowski,694819,0.27586206896551724,0.10344827586206896,0.21621621621621623
2026-06-12,823778,27,15,0,58,22,95,MIL,MIL,PHI,Jacob Misiorowski,694819,0.5555555555555556,0.0,0.3793103448275862
2026-06-19,824910,24,7,1,52,16,91,MIL,ATL,MIL,Jacob Misiorowski,694819,0.2916666666666667,0.041666666666666664,0.3076923076923077
2026-06-26,823773,23,8,4,52,17,107,MIL,MIL,CHC,Jacob Misiorowski,694819,0.34782608695652173,0.17391304347826086,0.3269230769230769
2026-03-31,825107,22,9,2,46,15,93,DET,AZ,DET,Casey Mize,663554,0.4090909090909091,0.09090909090909091,0.32608695652173914
2026-04-06,823728,24,4,3,42,8,90,DET,MIN,DET,Casey Mize,663554,0.16666666666666666,0.125,0.19047619047619047
2026-04-11,824294,25,5,1,37,8,74,DET,DET,MIA,Casey Mize,663554,0.2,0.04,0.21621621621621623
2026-04-17,824778,23,7,1,42,13,94,DET,BOS,DET,Casey Mize,663554,0.30434782608695654,0.043478260869565216,0.30952380952380953
2026-04-22,824286,24,7,3,32,8,88,DET,DET,MIL,Casey Mize,663554,0.2916666666666667,0.125,0.25
2026-04-28,824931,11,3,1,19,6,34,DET,ATL,DET,Casey Mize,663554,0.2727272727272727,0.09090909090909091,0.3157894736842105
2026-05-16,824278,19,4,0,42,10,71,DET,DET,TOR,Casey Mize,663554,0.21052631578947367,0.0,0.23809523809523808
2026-05-21,824274,24,4,0,45,11,95,DET,DET,CLE,Casey Mize,663554,0.16666666666666666,0.0,0.24444444444444444
2026-05-27,824270,14,6,1,26,11,58,DET,DET,LAA,Casey Mize,663554,0.42857142857142855,0.07142857142857142,0.4230769230769231
2026-06-17,824178,21,3,1,37,8,86,DET,HOU,DET,Casey Mize,663554,0.14285714285714285,0.047619047619047616,0.21621621621621623
2026-06-23,824262,25,6,1,48,16,97,DET,DET,NYY,Casey Mize,663554,0.24,0.04,0.3333333333333333
2026-06-29,823529,22,10,0,37,11,88,DET,NYY,DET,Casey Mize,663554,0.45454545454545453,0.0,0.2972972972972973
2026-03-29,823647,20,8,0,37,8,85,PIT,NYM,PIT,Carmen Mlodzinski,669387,0.4,0.0,0.21621621621621623
2026-04-04,823404,21,5,3,33,6,84,PIT,PIT,BAL,Carmen Mlodzinski,669387,0.23809523809523808,0.14285714285714285,0.18181818181818182
2026-04-10,824695,23,2,3,31,3,81,PIT,CHC,PIT,Carmen Mlodzinski,669387,0.08695652173913043,0.13043478260869565,0.0967741935483871
2026-04-15,823399,23,5,2,41,9,81,PIT,PIT,WSH,Carmen Mlodzinski,669387,0.21739130434782608,0.08695652173913043,0.21951219512195122
2026-04-21,822914,21,6,2,42,9,93,PIT,TEX,PIT,Carmen Mlodzinski,669387,0.2857142857142857,0.09523809523809523,0.21428571428571427
2026-04-26,823797,18,4,1,37,7,81,PIT,MIL,PIT,Carmen Mlodzinski,669387,0.2222222222222222,0.05555555555555555,0.1891891891891892
2026-05-02,823388,28,10,2,43,13,101,PIT,PIT,CIN,Carmen Mlodzinski,669387,0.35714285714285715,0.07142857142857142,0.3023255813953488
2026-05-08,823225,23,1,0,33,3,74,PIT,SF,PIT,Carmen Mlodzinski,669387,0.043478260869565216,0.0,0.09090909090909091
2026-05-14,823383,20,2,3,35,5,76,PIT,PIT,COL,Carmen Mlodzinski,669387,0.1,0.15,0.14285714285714285
2026-05-20,823057,19,1,1,41,4,95,PIT,STL,PIT,Carmen Mlodzinski,669387,0.05263157894736842,0.05263157894736842,0.0975609756097561
2026-05-25,823380,22,2,3,40,9,86,PIT,PIT,CHC,Carmen Mlodzinski,669387,0.09090909090909091,0.13636363636363635,0.225
2026-06-04,824185,15,3,0,24,6,55,PIT,HOU,PIT,Carmen Mlodzinski,669387,0.2,0.0,0.25
2026-06-10,823372,17,3,3,31,7,76,PIT,PIT,LAD,Carmen Mlodzinski,669387,0.17647058823529413,0.17647058823529413,0.22580645161290322
2026-06-15,824993,18,2,1,44,8,75,PIT,ATH,PIT,Carmen Mlodzinski,669387,0.1111111111111111,0.05555555555555555,0.18181818181818182
2026-06-20,824342,8,2,1,15,3,32,PIT,COL,PIT,Carmen Mlodzinski,669387,0.25,0.125,0.2
2026-06-24,823367,11,3,0,21,2,39,PIT,PIT,SEA,Carmen Mlodzinski,669387,0.2727272727272727,0.0,0.09523809523809523
2026-06-28,823362,10,1,1,18,4,42,PIT,PIT,CIN,Carmen Mlodzinski,669387,0.1,0.1,0.2222222222222222
2026-04-05,824296,17,3,1,30,3,63,DET,DET,STL,Keider Montero,672456,0.17647058823529413,0.058823529411764705,0.1
2026-04-10,824297,21,7,1,36,7,80,DET,DET,MIA,Keider Montero,672456,0.3333333333333333,0.047619047619047616,0.19444444444444445
2026-04-16,824289,25,5,0,40,8,83,DET,DET,KC,Keider Montero,672456,0.2,0.0,0.2
2026-04-21,824290,22,3,1,33,5,88,DET,DET,MIL,Keider Montero,672456,0.13636363636363635,0.045454545454545456,0.15151515151515152
2026-04-26,824528,22,5,2,41,9,86,DET,CIN,DET,Keider Montero,672456,0.22727272727272727,0.09090909090909091,0.21951219512195122
2026-05-02,824284,26,2,2,41,5,85,DET,DET,TEX,Keider Montero,672456,0.07692307692307693,0.07692307692307693,0.12195121951219512
2026-05-08,824116,22,4,1,31,4,71,DET,KC,DET,Keider Montero,672456,0.18181818181818182,0.045454545454545456,0.12903225806451613
2026-05-14,823630,20,2,2,31,1,70,DET,NYM,DET,Keider Montero,672456,0.1,0.1,0.03225806451612903
2026-05-19,824276,21,1,4,42,5,85,DET,DET,CLE,Keider Montero,672456,0.047619047619047616,0.19047619047619047,0.11904761904761904
2026-05-26,824275,26,7,1,43,10,89,DET,DET,LAA,Keider Montero,672456,0.2692307692307692,0.038461538461538464,0.23255813953488372
2026-05-31,824592,20,4,0,36,6,65,DET,CWS,DET,Keider Montero,672456,0.2,0.0,0.16666666666666666
2026-06-06,824269,22,1,1,47,3,79,DET,DET,SEA,Keider Montero,672456,0.045454545454545456,0.045454545454545456,0.06382978723404255
2026-06-11,824265,24,4,1,46,7,96,DET,DET,MIN,Keider Montero,672456,0.16666666666666666,0.041666666666666664,0.15217391304347827
2026-06-16,824182,7,2,0,14,2,30,DET,HOU,DET,Keider Montero,672456,0.2857142857142857,0.0,0.14285714285714285
2026-06-21,824260,27,3,0,42,6,76,DET,DET,CWS,Keider Montero,672456,0.1111111111111111,0.0,0.14285714285714285
2026-06-26,824255,26,3,1,53,11,96,DET,DET,HOU,Keider Montero,672456,0.11538461538461539,0.038461538461538464,0.20754716981132076
2026-07-01,823530,7,3,0,9,3,27,DET,NYY,DET,Keider Montero,672456,0.42857142857142855,0.0,0.3333333333333333
2026-03-26,823649,8,2,3,20,5,42,PIT,NYM,PIT,Mason Montgomery,682254,0.25,0.375,0.25
2026-03-29,823647,5,3,0,15,8,20,PIT,NYM,PIT,Mason Montgomery,682254,0.6,0.0,0.5333333333333333
2026-04-01,824536,4,1,1,5,1,15,PIT,CIN,PIT,Mason Montgomery,682254,0.25,0.25,0.2
2026-04-03,823406,2,1,0,6,2,9,PIT,PIT,BAL,Mason Montgomery,682254,0.5,0.0,0.3333333333333333
2026-04-05,823405,6,3,0,15,6,25,PIT,PIT,BAL,Mason Montgomery,682254,0.5,0.0,0.4
2026-04-10,824695,3,2,1,6,2,17,PIT,CHC,PIT,Mason Montgomery,682254,0.6666666666666666,0.3333333333333333,0.3333333333333333
2026-04-11,824697,4,2,0,3,0,13,PIT,CHC,PIT,Mason Montgomery,682254,0.5,0.0,0.0
2026-04-14,823398,4,2,0,9,4,18,PIT,PIT,WSH,Mason Montgomery,682254,0.5,0.0,0.4444444444444444
2026-04-15,823399,4,1,0,8,3,11,PIT,PIT,WSH,Mason Montgomery,682254,0.25,0.0,0.375
2026-04-17,823397,4,2,0,9,2,16,PIT,PIT,TB,Mason Montgomery,682254,0.5,0.0,0.2222222222222222
2026-04-24,823800,3,1,0,5,1,9,PIT,MIL,PIT,Mason Montgomery,682254,0.3333333333333333,0.0,0.2
2026-04-25,823799,4,1,1,8,2,20,PIT,MIL,PIT,Mason Montgomery,682254,0.25,0.25,0.25
2026-04-27,823395,3,1,0,6,3,7,PIT,PIT,STL,Mason Montgomery,682254,0.3333333333333333,0.0,0.5
2026-04-30,823391,4,0,1,5,1,12,PIT,PIT,STL,Mason Montgomery,682254,0.0,0.25,0.2
2026-05-07,825090,4,0,1,8,1,16,PIT,AZ,PIT,Mason Montgomery,682254,0.0,0.25,0.125
2026-05-10,823221,5,1,0,13,6,19,PIT,SF,PIT,Mason Montgomery,682254,0.2,0.0,0.46153846153846156
2026-05-14,823383,4,3,0,8,6,14,PIT,PIT,COL,Mason Montgomery,682254,0.75,0.0,0.75
2026-05-15,823384,5,0,0,9,2,15,PIT,PIT,PHI,Mason Montgomery,682254,0.0,0.0,0.2222222222222222
2026-05-19,823059,2,0,0,4,1,5,PIT,STL,PIT,Mason Montgomery,682254,0.0,0.0,0.25
2026-05-21,823056,3,0,0,7,1,8,PIT,STL,PIT,Mason Montgomery,682254,0.0,0.0,0.14285714285714285
2026-05-24,822813,5,2,0,7,3,18,PIT,TOR,PIT,Mason Montgomery,682254,0.4,0.0,0.42857142857142855
2026-05-28,823378,5,2,0,11,2,27,PIT,PIT,CHC,Mason Montgomery,682254,0.4,0.0,0.18181818181818182
2026-05-30,823375,6,0,2,8,0,25,PIT,PIT,MIN,Mason Montgomery,682254,0.0,0.3333333333333333,0.0
2026-06-03,824188,5,2,1,10,2,26,PIT,HOU,PIT,Mason Montgomery,682254,0.4,0.2,0.2
2026-06-06,824915,4,0,1,10,0,20,PIT,ATL,PIT,Mason Montgomery,682254,0.0,0.25,0.0
2026-06-07,824916,6,2,2,9,1,25,PIT,ATL,PIT,Mason Montgomery,682254,0.3333333333333333,0.3333333333333333,0.1111111111111111
2026-06-13,823369,6,0,0,7,0,15,PIT,PIT,MIA,Mason Montgomery,682254,0.0,0.0,0.0
2026-06-16,824991,4,2,1,10,4,21,PIT,ATH,PIT,Mason Montgomery,682254,0.5,0.25,0.4
2026-06-19,824345,5,1,0,13,4,24,PIT,COL,PIT,Mason Montgomery,682254,0.2,0.0,0.3076923076923077
2026-06-23,823365,4,3,0,10,6,19,PIT,PIT,SEA,Mason Montgomery,682254,0.75,0.0,0.6
2026-06-25,823366,4,2,0,9,2,15,PIT,PIT,SEA,Mason Montgomery,682254,0.5,0.0,0.2222222222222222
2026-06-26,823363,4,2,0,9,4,23,PIT,PIT,CIN,Mason Montgomery,682254,0.5,0.0,0.4444444444444444
2026-06-29,823444,4,2,1,6,3,19,PIT,PHI,PIT,Mason Montgomery,682254,0.5,0.25,0.5
2026-03-27,823971,19,4,3,40,10,83,AZ,LAD,AZ,Ryne Nelson,669194,0.21052631578947367,0.15789473684210525,0.25
2026-04-02,825105,21,3,3,38,6,80,AZ,AZ,ATL,Ryne Nelson,669194,0.14285714285714285,0.14285714285714285,0.15789473684210525
2026-04-08,823646,24,5,0,48,11,86,AZ,NYM,AZ,Ryne Nelson,669194,0.20833333333333334,0.0,0.22916666666666666
2026-04-13,824856,22,7,2,46,11,92,AZ,BAL,AZ,Ryne Nelson,669194,0.3181818181818182,0.09090909090909091,0.2391304347826087
2026-04-19,825100,10,1,1,17,5,30,AZ,AZ,TOR,Ryne Nelson,669194,0.1,0.1,0.29411764705882354
2026-04-26,825094,24,4,2,55,6,94,AZ,AZ,SD,Ryne Nelson,669194,0.16666666666666666,0.08333333333333333,0.10909090909090909
2026-05-02,824685,23,4,1,41,7,88,AZ,CHC,AZ,Ryne Nelson,669194,0.17391304347826086,0.043478260869565216,0.17073170731707318
2026-05-08,825088,23,7,1,52,5,95,AZ,AZ,NYM,Ryne Nelson,669194,0.30434782608695654,0.043478260869565216,0.09615384615384616
2026-05-13,822900,26,8,0,54,13,88,AZ,TEX,AZ,Ryne Nelson,669194,0.3076923076923077,0.0,0.24074074074074073
2026-05-19,825086,31,3,2,49,5,88,AZ,AZ,SF,Ryne Nelson,669194,0.0967741935483871,0.06451612903225806,0.10204081632653061
2026-05-24,825081,31,3,3,53,7,103,AZ,AZ,COL,Ryne Nelson,669194,0.0967741935483871,0.0967741935483871,0.1320754716981132
2026-05-30,823132,24,3,0,58,8,99,AZ,SEA,AZ,Ryne Nelson,669194,0.125,0.0,0.13793103448275862
2026-06-04,825076,26,3,2,53,6,94,AZ,AZ,LAD,Ryne Nelson,669194,0.11538461538461539,0.07692307692307693,0.11320754716981132
2026-06-10,823856,22,2,1,38,6,82,AZ,MIA,AZ,Ryne Nelson,669194,0.09090909090909091,0.045454545454545456,0.15789473684210525
2026-06-15,825071,29,5,0,58,10,95,AZ,AZ,LAA,Ryne Nelson,669194,0.1724137931034483,0.0,0.1724137931034483
2026-03-28,823488,22,7,2,44,13,91,PHI,PHI,TEX,Aaron Nola,605400,0.3181818181818182,0.09090909090909091,0.29545454545454547
2026-04-03,824377,25,9,1,47,12,95,PHI,COL,PHI,Aaron Nola,605400,0.36,0.04,0.2553191489361702
2026-04-08,823234,23,3,1,29,5,84,PHI,SF,PHI,Aaron Nola,605400,0.13043478260869565,0.043478260869565216,0.1724137931034483
2026-04-14,823478,23,5,2,42,9,87,PHI,PHI,CHC,Aaron Nola,605400,0.21739130434782608,0.08695652173913043,0.21428571428571427
2026-04-20,824692,22,5,4,35,9,88,PHI,CHC,PHI,Aaron Nola,605400,0.22727272727272727,0.18181818181818182,0.2571428571428571
2026-04-26,824934,25,6,3,42,12,101,PHI,ATL,PHI,Aaron Nola,605400,0.24,0.12,0.2857142857142857
2026-05-04,823874,22,5,0,44,9,94,PHI,MIA,PHI,Aaron Nola,605400,0.22727272727272727,0.0,0.20454545454545456
2026-05-09,823468,22,4,2,52,12,94,PHI,PHI,COL,Aaron Nola,605400,0.18181818181818182,0.09090909090909091,0.23076923076923078
2026-05-15,823384,18,2,3,33,4,80,PHI,PIT,PHI,Aaron Nola,605400,0.1111111111111111,0.16666666666666666,0.12121212121212122
2026-05-20,823462,23,5,0,36,8,77,PHI,PHI,CIN,Aaron Nola,605400,0.21739130434782608,0.0,0.2222222222222222
2026-05-26,823294,21,5,0,40,12,80,PHI,SD,PHI,Aaron Nola,605400,0.23809523809523808,0.0,0.3
2026-06-02,823460,19,8,0,45,14,95,PHI,PHI,SD,Aaron Nola,605400,0.42105263157894735,0.0,0.3111111111111111
2026-06-07,823453,23,4,4,42,10,99,PHI,PHI,CWS,Aaron Nola,605400,0.17391304347826086,0.17391304347826086,0.23809523809523808
2026-06-13,823776,22,3,2,36,3,85,PHI,MIL,PHI,Aaron Nola,605400,0.13636363636363635,0.09090909090909091,0.08333333333333333
2026-06-18,823448,24,6,1,43,9,97,PHI,PHI,NYM,Aaron Nola,605400,0.25,0.041666666666666664,0.20930232558139536
2026-06-24,822719,21,5,2,36,7,86,PHI,WSH,PHI,Aaron Nola,605400,0.23809523809523808,0.09523809523809523,0.19444444444444445
2026-06-29,823444,23,5,2,47,18,86,PHI,PHI,PIT,Aaron Nola,605400,0.21739130434782608,0.08695652173913043,0.3829787234042553
2026-03-29,824864,17,1,1,27,2,56,MIN,BAL,MIN,Bailey Ober,641927,0.058823529411764705,0.058823529411764705,0.07407407407407407
2026-04-03,823732,18,4,2,35,11,82,MIN,MIN,TB,Bailey Ober,641927,0.2222222222222222,0.1111111111111111,0.3142857142857143
2026-04-08,823726,24,2,1,46,6,99,MIN,MIN,DET,Bailey Ober,641927,0.08333333333333333,0.041666666666666664,0.13043478260869565
2026-04-13,823725,26,7,1,52,13,95,MIN,MIN,BOS,Bailey Ober,641927,0.2692307692307692,0.038461538461538464,0.25
2026-04-19,823718,26,10,4,39,13,102,MIN,MIN,CIN,Bailey Ober,641927,0.38461538461538464,0.15384615384615385,0.3333333333333333
2026-04-25,822989,23,3,2,30,2,83,MIN,TB,MIN,Bailey Ober,641927,0.13043478260869565,0.08695652173913043,0.06666666666666667
2026-04-30,823714,24,2,2,42,8,88,MIN,MIN,TOR,Bailey Ober,641927,0.08333333333333333,0.08333333333333333,0.19047619047619047
2026-05-06,822740,23,3,2,40,5,82,MIN,WSH,MIN,Bailey Ober,641927,0.13043478260869565,0.08695652173913043,0.125
2026-05-12,823712,29,7,0,50,14,89,MIN,MIN,MIA,Bailey Ober,641927,0.2413793103448276,0.0,0.28
2026-05-17,823708,23,1,2,34,3,77,MIN,MIN,MIL,Bailey Ober,641927,0.043478260869565216,0.08695652173913043,0.08823529411764706
2026-05-24,824759,22,3,0,48,10,82,MIN,BOS,MIN,Bailey Ober,641927,0.13636363636363635,0.0,0.20833333333333334
2026-05-30,823375,27,3,1,55,7,97,MIN,PIT,MIN,Bailey Ober,641927,0.1111111111111111,0.037037037037037035,0.12727272727272726
2026-03-31,823969,23,6,3,35,11,87,LAD,LAD,CLE,Shohei Ohtani,660271,0.2608695652173913,0.13043478260869565,0.3142857142857143
2026-04-08,822833,24,2,1,49,6,96,LAD,TOR,LAD,Shohei Ohtani,660271,0.08333333333333333,0.041666666666666664,0.12244897959183673
2026-04-15,823963,22,10,2,52,19,95,LAD,LAD,NYM,Shohei Ohtani,660271,0.45454545454545453,0.09090909090909091,0.36538461538461536
2026-04-22,823231,23,7,0,46,18,91,LAD,SF,LAD,Shohei Ohtani,660271,0.30434782608695654,0.0,0.391304347826087
2026-04-28,823956,27,9,3,47,11,104,LAD,LAD,MIA,Shohei Ohtani,660271,0.3333333333333333,0.1111111111111111,0.23404255319148937
2026-05-05,824200,26,8,0,41,14,89,LAD,HOU,LAD,Shohei Ohtani,660271,0.3076923076923077,0.0,0.34146341463414637
2026-05-13,823952,26,8,2,50,17,105,LAD,LAD,SF,Shohei Ohtani,660271,0.3076923076923077,0.07692307692307693,0.34
2026-05-20,823299,19,4,2,42,9,88,LAD,SD,LAD,Shohei Ohtani,660271,0.21052631578947367,0.10526315789473684,0.21428571428571427
2026-05-27,823947,23,7,4,38,14,99,LAD,LAD,COL,Shohei Ohtani,660271,0.30434782608695654,0.17391304347826086,0.3684210526315789
2026-06-03,825077,20,6,1,36,9,89,LAD,AZ,LAD,Shohei Ohtani,660271,0.3,0.05,0.25
2026-06-10,823372,29,6,3,45,10,102,LAD,PIT,LAD,Shohei Ohtani,660271,0.20689655172413793,0.10344827586206896,0.2222222222222222
2026-06-17,823940,27,5,1,51,10,91,LAD,LAD,TB,Shohei Ohtani,660271,0.18518518518518517,0.037037037037037035,0.19607843137254902
2026-06-24,823691,24,8,2,42,19,89,LAD,MIN,LAD,Shohei Ohtani,660271,0.3333333333333333,0.08333333333333333,0.4523809523809524
2026-03-30,823890,21,6,0,48,14,79,MIA,MIA,CWS,Chris Paddack,663978,0.2857142857142857,0.0,0.2916666666666667
2026-04-05,823566,22,4,4,32,11,88,MIA,NYY,MIA,Chris Paddack,663978,0.18181818181818182,0.18181818181818182,0.34375
2026-04-10,824297,25,4,1,46,9,96,MIA,DET,MIA,Chris Paddack,663978,0.16,0.04,0.1956521739130435
2026-04-15,824936,19,4,0,47,7,92,MIA,ATL,MIA,Chris Paddack,663978,0.21052631578947367,0.0,0.14893617021276595
2026-04-21,823880,24,7,1,46,9,90,MIA,MIA,STL,Chris Paddack,663978,0.2916666666666667,0.041666666666666664,0.1956521739130435
2026-04-27,823961,17,1,1,32,5,67,MIA,LAD,MIA,Chris Paddack,663978,0.058823529411764705,0.058823529411764705,0.15625
2026-05-03,823875,18,1,3,38,1,73,MIA,MIA,PHI,Chris Paddack,663978,0.05555555555555555,0.16666666666666666,0.02631578947368421
2026-05-16,824435,23,3,1,42,8,78,CIN,CLE,CIN,Chris Paddack,663978,0.13043478260869565,0.043478260869565216,0.19047619047619047
2026-05-23,824518,24,5,3,40,8,84,CIN,CIN,STL,Chris Paddack,663978,0.20833333333333334,0.125,0.2
2026-05-29,824515,22,0,3,41,9,86,CIN,CIN,ATL,Chris Paddack,663978,0.0,0.13636363636363635,0.21951219512195122
2026-06-07,823047,9,2,0,16,1,33,CIN,STL,CIN,Chris Paddack,663978,0.2222222222222222,0.0,0.0625
2026-06-14,824506,5,0,1,8,1,21,CIN,CIN,AZ,Chris Paddack,663978,0.0,0.2,0.125
2026-06-17,824503,19,2,1,31,2,60,CIN,CIN,NYM,Chris Paddack,663978,0.10526315789473684,0.05263157894736842,0.06451612903225806
2026-06-29,824420,19,1,0,36,9,68,TEX,CLE,TEX,Chris Paddack,663978,0.05263157894736842,0.0,0.25
2026-03-31,823485,21,8,1,39,8,84,PHI,PHI,WSH,Andrew Painter,691725,0.38095238095238093,0.047619047619047616,0.20512820512820512
2026-04-06,823237,21,1,1,44,3,90,PHI,SF,PHI,Andrew Painter,691725,0.047619047619047616,0.047619047619047616,0.06818181818181818
2026-04-12,823479,19,7,1,39,13,80,PHI,PHI,AZ,Andrew Painter,691725,0.3684210526315789,0.05263157894736842,0.3333333333333333
2026-04-19,823475,19,4,1,41,10,84,PHI,PHI,ATL,Andrew Painter,691725,0.21052631578947367,0.05263157894736842,0.24390243902439024
2026-04-24,824932,28,1,2,50,4,96,PHI,ATL,PHI,Andrew Painter,691725,0.03571428571428571,0.07142857142857142,0.08
2026-05-02,823876,25,7,3,45,11,99,PHI,MIA,PHI,Andrew Painter,691725,0.28,0.12,0.24444444444444444
2026-05-07,823467,20,2,3,40,6,88,PHI,PHI,ATH,Andrew Painter,691725,0.1,0.15,0.15
2026-05-13,824763,19,4,0,35,12,62,PHI,BOS,PHI,Andrew Painter,691725,0.21052631578947367,0.0,0.34285714285714286
2026-05-18,823465,22,3,2,33,3,69,PHI,PHI,CIN,Andrew Painter,691725,0.13636363636363635,0.09090909090909091,0.09090909090909091
2026-05-24,823459,24,3,2,32,7,82,PHI,PHI,CLE,Andrew Painter,691725,0.125,0.08333333333333333,0.21875
2026-05-31,823944,18,3,1,40,7,80,PHI,LAD,PHI,Andrew Painter,691725,0.16666666666666666,0.05555555555555555,0.175
2026-06-06,823454,25,4,2,51,13,93,PHI,PHI,CWS,Andrew Painter,691725,0.16,0.08,0.2549019607843137
2026-06-12,823778,24,3,3,33,8,78,PHI,MIL,PHI,Andrew Painter,691725,0.125,0.125,0.24242424242424243
2026-06-17,823450,14,3,2,30,8,56,PHI,PHI,MIA,Andrew Painter,691725,0.21428571428571427,0.14285714285714285,0.26666666666666666
2026-03-31,823077,21,3,3,38,10,88,STL,STL,NYM,Andre Pallante,669467,0.14285714285714285,0.14285714285714285,0.2631578947368421
2026-04-06,822755,22,2,4,39,5,88,STL,WSH,STL,Andre Pallante,669467,0.09090909090909091,0.18181818181818182,0.1282051282051282
2026-04-12,823075,27,2,1,42,8,95,STL,STL,BOS,Andre Pallante,669467,0.07407407407407407,0.037037037037037035,0.19047619047619047
2026-04-18,824206,21,5,3,36,9,87,STL,HOU,STL,Andre Pallante,669467,0.23809523809523808,0.14285714285714285,0.25
2026-04-24,823069,23,8,3,32,12,90,STL,STL,SEA,Andre Pallante,669467,0.34782608695652173,0.13043478260869565,0.375
2026-04-29,823392,24,6,0,45,12,91,STL,PIT,STL,Andre Pallante,669467,0.25,0.0,0.26666666666666666
2026-05-06,823063,27,3,2,46,3,104,STL,STL,MIL,Andre Pallante,669467,0.1111111111111111,0.07407407407407407,0.06521739130434782
2026-05-12,825011,21,4,3,38,11,85,STL,ATH,STL,Andre Pallante,669467,0.19047619047619047,0.14285714285714285,0.2894736842105263
2026-05-17,823058,27,7,0,51,10,99,STL,STL,KC,Andre Pallante,669467,0.25925925925925924,0.0,0.19607843137254902
2026-05-23,824518,20,3,1,45,8,93,STL,CIN,STL,Andre Pallante,669467,0.15,0.05,0.17777777777777778
2026-05-29,823055,18,3,1,34,5,75,STL,STL,CHC,Andre Pallante,669467,0.16666666666666666,0.05555555555555555,0.14705882352941177
2026-06-03,823051,23,5,2,31,6,85,STL,STL,TEX,Andre Pallante,669467,0.21739130434782608,0.08695652173913043,0.1935483870967742
2026-06-10,823618,24,5,2,40,8,93,STL,NYM,STL,Andre Pallante,669467,0.20833333333333334,0.08333333333333333,0.2
2026-06-16,823045,24,6,0,39,6,92,STL,STL,SD,Andre Pallante,669467,0.25,0.0,0.15384615384615385
2026-06-22,823040,24,2,0,42,6,85,STL,STL,AZ,Andre Pallante,669467,0.08333333333333333,0.0,0.14285714285714285
2026-06-27,823038,28,4,1,47,9,98,STL,STL,MIA,Andre Pallante,669467,0.14285714285714285,0.03571428571428571,0.19148936170212766
2026-05-31,823373,17,3,3,30,5,65,MIN,PIT,MIN,Mike Paredes,702474,0.17647058823529413,0.17647058823529413,0.16666666666666666
2026-06-04,823698,15,1,1,23,1,50,MIN,MIN,KC,Mike Paredes,702474,0.06666666666666667,0.06666666666666667,0.043478260869565216
2026-06-10,824266,13,4,2,23,7,58,MIN,DET,MIN,Mike Paredes,702474,0.3076923076923077,0.15384615384615385,0.30434782608695654
2026-06-15,822887,18,2,0,31,8,59,MIN,TEX,MIN,Mike Paredes,702474,0.1111111111111111,0.0,0.25806451612903225
2026-06-21,825067,23,1,3,35,5,76,MIN,AZ,MIN,Mike Paredes,702474,0.043478260869565216,0.13043478260869565,0.14285714285714285
2026-06-27,823689,24,2,0,42,7,74,MIN,MIN,COL,Mike Paredes,702474,0.08333333333333333,0.0,0.16666666666666666
2026-03-28,823811,19,4,1,34,10,74,MIL,MIL,CWS,Chad Patrick,694477,0.21052631578947367,0.05263157894736842,0.29411764705882354
2026-04-04,824132,21,3,3,32,6,86,MIL,KC,MIL,Chad Patrick,694477,0.14285714285714285,0.14285714285714285,0.1875
2026-04-10,823808,12,0,1,27,3,50,MIL,MIL,WSH,Chad Patrick,694477,0.0,0.08333333333333333,0.1111111111111111
2026-04-15,823803,24,2,2,42,12,81,MIL,MIL,TOR,Chad Patrick,694477,0.08333333333333333,0.08333333333333333,0.2857142857142857
2026-04-22,824286,19,2,1,38,6,80,MIL,DET,MIL,Chad Patrick,694477,0.10526315789473684,0.05263157894736842,0.15789473684210525
2026-04-28,823798,20,5,5,40,6,98,MIL,MIL,AZ,Chad Patrick,694477,0.25,0.25,0.15
2026-05-04,823064,20,4,2,27,7,68,MIL,STL,MIL,Chad Patrick,694477,0.2,0.1,0.25925925925925924
2026-05-09,823792,10,5,1,24,8,48,MIL,MIL,NYY,Chad Patrick,694477,0.5,0.1,0.3333333333333333
2026-05-12,823790,3,1,0,5,1,7,MIL,MIL,SD,Chad Patrick,694477,0.3333333333333333,0.0,0.2
2026-05-16,823706,13,3,0,31,7,52,MIL,MIN,MIL,Chad Patrick,694477,0.23076923076923078,0.0,0.22580645161290322
2026-05-19,824677,1,0,0,2,1,3,MIL,CHC,MIL,Chad Patrick,694477,0.0,0.0,0.5
2026-05-22,823788,4,0,0,15,3,22,MIL,MIL,LAD,Chad Patrick,694477,0.0,0.0,0.2
2026-05-27,823783,17,4,1,36,15,61,MIL,MIL,STL,Chad Patrick,694477,0.23529411764705882,0.058823529411764705,0.4166666666666667
2026-06-01,823781,3,1,0,7,2,16,MIL,MIL,SF,Chad Patrick,694477,0.3333333333333333,0.0,0.2857142857142857
2026-06-03,823780,16,3,2,26,5,49,MIL,MIL,SF,Chad Patrick,694477,0.1875,0.125,0.19230769230769232
2026-06-07,824349,5,1,0,12,1,21,MIL,COL,MIL,Chad Patrick,694477,0.2,0.0,0.08333333333333333
2026-06-08,824998,4,2,0,6,3,12,MIL,ATH,MIL,Chad Patrick,694477,0.5,0.0,0.5
2026-06-10,824996,3,0,0,4,0,8,MIL,ATH,MIL,Chad Patrick,694477,0.0,0.0,0.0
2026-06-13,823776,8,1,0,19,7,39,MIL,MIL,PHI,Chad Patrick,694477,0.125,0.0,0.3684210526315789
2026-06-17,823774,12,7,1,28,9,50,MIL,MIL,CLE,Chad Patrick,694477,0.5833333333333334,0.08333333333333333,0.32142857142857145
2026-06-21,824908,11,2,0,23,7,40,MIL,ATL,MIL,Chad Patrick,694477,0.18181818181818182,0.0,0.30434782608695654
2026-06-24,824500,9,1,3,18,2,40,MIL,CIN,MIL,Chad Patrick,694477,0.1111111111111111,0.3333333333333333,0.1111111111111111
2026-06-27,823770,6,0,2,17,2,30,MIL,MIL,CHC,Chad Patrick,694477,0.0,0.3333333333333333,0.11764705882352941
2026-06-29,823771,6,2,0,11,2,21,MIL,MIL,CIN,Chad Patrick,694477,0.3333333333333333,0.0,0.18181818181818182
2026-06-30,823768,5,1,0,7,0,18,MIL,MIL,CIN,Chad Patrick,694477,0.2,0.0,0.0
2026-03-26,823649,21,7,0,40,12,80,NYM,NYM,PIT,Freddy Peralta,642547,0.3333333333333333,0.0,0.3
2026-04-01,823078,21,7,2,43,14,92,NYM,STL,NYM,Freddy Peralta,642547,0.3333333333333333,0.09523809523809523,0.32558139534883723
2026-04-07,823648,22,5,3,39,13,101,NYM,NYM,AZ,Freddy Peralta,642547,0.22727272727272727,0.13636363636363635,0.3333333333333333
2026-04-12,823642,25,6,3,49,12,100,NYM,NYM,ATH,Freddy Peralta,642547,0.24,0.12,0.24489795918367346
2026-04-18,824694,23,3,2,39,8,93,NYM,CHC,NYM,Freddy Peralta,642547,0.13043478260869565,0.08695652173913043,0.20512820512820512
2026-04-24,823638,27,8,3,54,15,95,NYM,NYM,COL,Freddy Peralta,642547,0.2962962962962963,0.1111111111111111,0.2777777777777778
2026-04-30,823634,25,6,3,39,11,90,NYM,NYM,WSH,Freddy Peralta,642547,0.24,0.12,0.28205128205128205
2026-05-06,824361,21,1,2,45,7,91,NYM,COL,NYM,Freddy Peralta,642547,0.047619047619047616,0.09523809523809523,0.15555555555555556
2026-05-12,823632,25,7,1,52,10,100,NYM,NYM,DET,Freddy Peralta,642547,0.28,0.04,0.19230769230769232
2026-05-17,823628,23,4,6,33,9,96,NYM,NYM,NYY,Freddy Peralta,642547,0.17391304347826086,0.2608695652173913,0.2727272727272727
2026-05-23,823862,30,9,2,52,8,108,NYM,MIA,NYM,Freddy Peralta,642547,0.3,0.06666666666666667,0.15384615384615385
2026-05-29,823623,22,5,1,49,12,94,NYM,NYM,MIA,Freddy Peralta,642547,0.22727272727272727,0.045454545454545456,0.24489795918367346
2026-06-03,823130,24,6,2,44,15,102,NYM,SEA,NYM,Freddy Peralta,642547,0.25,0.08333333333333333,0.3409090909090909
2026-06-09,823620,28,5,2,38,11,98,NYM,NYM,STL,Freddy Peralta,642547,0.17857142857142858,0.07142857142857142,0.2894736842105263
2026-06-14,823615,20,2,1,44,5,90,NYM,NYM,ATL,Freddy Peralta,642547,0.1,0.05,0.11363636363636363
2026-06-20,823447,19,2,1,44,9,80,NYM,PHI,NYM,Freddy Peralta,642547,0.10526315789473684,0.05263157894736842,0.20454545454545456
2026-06-25,823612,24,5,1,42,6,98,NYM,NYM,CHC,Freddy Peralta,642547,0.20833333333333334,0.041666666666666664,0.14285714285714285
2026-07-01,822791,22,4,3,39,9,91,NYM,TOR,NYM,Freddy Peralta,642547,0.18181818181818182,0.13636363636363635,0.23076923076923078
2026-03-28,823892,27,8,1,49,16,93,MIA,MIA,COL,Eury P\xc3\xa9rez,691587,0.2962962962962963,0.037037037037037035,0.32653061224489793
2026-04-03,823568,20,4,6,38,11,85,MIA,NYY,MIA,Eury P\xc3\xa9rez,691587,0.2,0.3,0.2894736842105263
2026-04-08,823885,24,6,2,49,13,95,MIA,MIA,CIN,Eury P\xc3\xa9rez,691587,0.25,0.08333333333333333,0.2653061224489796
2026-04-13,824937,20,2,2,42,11,76,MIA,ATL,MIA,Eury P\xc3\xa9rez,691587,0.1,0.1,0.2619047619047619
2026-04-19,823881,21,7,1,42,11,84,MIA,MIA,MIL,Eury P\xc3\xa9rez,691587,0.3333333333333333,0.047619047619047616,0.2619047619047619
2026-04-25,823229,24,6,2,47,7,94,MIA,SF,MIA,Eury P\xc3\xa9rez,691587,0.25,0.08333333333333333,0.14893617021276595
2026-05-01,823877,22,6,2,56,15,96,MIA,MIA,PHI,Eury P\xc3\xa9rez,691587,0.2727272727272727,0.09090909090909091,0.26785714285714285
2026-05-06,823872,24,6,5,37,11,93,MIA,MIA,BAL,Eury P\xc3\xa9rez,691587,0.25,0.20833333333333334,0.2972972972972973
2026-05-12,823712,25,8,3,37,10,87,MIA,MIN,MIA,Eury P\xc3\xa9rez,691587,0.32,0.12,0.2702702702702703
2026-05-17,822982,23,5,4,49,9,102,MIA,TB,MIA,Eury P\xc3\xa9rez,691587,0.21739130434782608,0.17391304347826086,0.1836734693877551
2026-05-22,823863,20,5,0,49,14,86,MIA,MIA,NYM,Eury P\xc3\xa9rez,691587,0.25,0.0,0.2857142857142857
2026-05-27,822809,15,8,0,39,16,73,MIA,TOR,MIA,Eury P\xc3\xa9rez,691587,0.5333333333333333,0.0,0.41025641025641024
2026-06-24,823850,17,1,0,35,4,68,MIA,MIA,TEX,Eury P\xc3\xa9rez,691587,0.058823529411764705,0.0,0.11428571428571428
2026-06-30,824338,22,8,4,45,19,86,MIA,COL,MIA,Eury P\xc3\xa9rez,691587,0.36363636363636365,0.18181818181818182,0.4222222222222222
2026-03-31,824942,14,3,0,26,5,47,ATL,ATL,ATH,Mart\xc3\xadn P\xc3\xa9rez,527048,0.21428571428571427,0.0,0.19230769230769232
2026-04-05,825102,20,1,1,31,4,75,ATL,AZ,ATL,Mart\xc3\xadn P\xc3\xa9rez,527048,0.05,0.05,0.12903225806451613
2026-04-11,824939,19,2,3,36,6,86,ATL,ATL,CLE,Mart\xc3\xadn P\xc3\xa9rez,527048,0.10526315789473684,0.15789473684210525,0.16666666666666666
2026-04-17,823476,26,4,2,40,7,94,ATL,PHI,ATL,Mart\xc3\xadn P\xc3\xa9rez,527048,0.15384615384615385,0.07692307692307693,0.175
2026-04-22,822748,12,4,0,24,4,52,ATL,WSH,ATL,Mart\xc3\xadn P\xc3\xa9rez,527048,0.3333333333333333,0.0,0.16666666666666666
2026-04-28,824931,21,5,4,41,10,91,ATL,ATL,DET,Mart\xc3\xadn P\xc3\xa9rez,527048,0.23809523809523808,0.19047619047619047,0.24390243902439024
2026-05-06,823141,22,5,1,40,10,84,ATL,SEA,ATL,Mart\xc3\xadn P\xc3\xa9rez,527048,0.22727272727272727,0.045454545454545456,0.25
2026-05-13,824928,3,2,0,3,1,12,ATL,ATL,CHC,Mart\xc3\xadn P\xc3\xa9rez,527048,0.6666666666666666,0.0,0.3333333333333333
2026-05-16,824924,3,2,0,5,3,14,ATL,ATL,BOS,Mart\xc3\xadn P\xc3\xa9rez,527048,0.6666666666666666,0.0,0.6
2026-05-19,823865,23,10,2,36,11,78,ATL,MIA,ATL,Mart\xc3\xadn P\xc3\xa9rez,527048,0.43478260869565216,0.08695652173913043,0.3055555555555556
2026-05-24,824921,22,2,2,41,2,86,ATL,ATL,WSH,Mart\xc3\xadn P\xc3\xa9rez,527048,0.09090909090909091,0.09090909090909091,0.04878048780487805
2026-05-30,824513,20,2,3,26,6,81,ATL,CIN,ATL,Mart\xc3\xadn P\xc3\xa9rez,527048,0.1,0.15,0.23076923076923078
2026-06-05,824914,20,5,2,35,11,85,ATL,ATL,PIT,Mart\xc3\xadn P\xc3\xa9rez,527048,0.25,0.1,0.3142857142857143
2026-06-13,823616,20,4,1,31,8,71,ATL,NYM,ATL,Mart\xc3\xadn P\xc3\xa9rez,527048,0.2,0.05,0.25806451612903225
2026-06-19,824910,25,5,1,34,10,84,ATL,ATL,MIL,Mart\xc3\xadn P\xc3\xa9rez,527048,0.2,0.04,0.29411764705882354
2026-06-24,823284,20,4,4,25,4,82,ATL,SD,ATL,Mart\xc3\xadn P\xc3\xa9rez,527048,0.2,0.2,0.16
2026-06-30,824907,23,1,3,34,5,85,ATL,ATL,STL,Mart\xc3\xadn P\xc3\xa9rez,527048,0.043478260869565216,0.13043478260869565,0.14705882352941177
2026-04-10,823643,9,3,0,20,6,30,ATH,NYM,ATH,Jack Perkins,678022,0.3333333333333333,0.0,0.3
2026-04-13,825024,11,4,1,24,11,43,ATH,ATH,TEX,Jack Perkins,678022,0.36363636363636365,0.09090909090909091,0.4583333333333333
2026-04-16,825023,4,0,0,5,0,11,ATH,ATH,TEX,Jack Perkins,678022,0.0,0.0,0.0
2026-04-18,825020,11,3,2,19,6,44,ATH,ATH,CWS,Jack Perkins,678022,0.2727272727272727,0.18181818181818182,0.3157894736842105
2026-04-21,823148,6,2,0,15,5,26,ATH,SEA,ATH,Jack Perkins,678022,0.3333333333333333,0.0,0.3333333333333333
2026-04-26,822911,7,3,0,17,3,26,ATH,TEX,ATH,Jack Perkins,678022,0.42857142857142855,0.0,0.17647058823529413
2026-04-28,825017,3,1,0,5,1,12,ATH,ATH,KC,Jack Perkins,678022,0.3333333333333333,0.0,0.2
2026-04-30,825016,4,1,0,11,3,16,ATH,ATH,KC,Jack Perkins,678022,0.25,0.0,0.2727272727272727
2026-05-06,823470,8,2,1,16,5,33,ATH,PHI,ATH,Jack Perkins,678022,0.25,0.125,0.3125
2026-05-08,824846,4,2,1,9,3,25,ATH,BAL,ATH,Jack Perkins,678022,0.5,0.25,0.3333333333333333
2026-05-13,825010,5,1,0,7,1,18,ATH,ATH,STL,Jack Perkins,678022,0.2,0.0,0.14285714285714285
2026-05-14,825008,6,0,0,13,3,23,ATH,ATH,STL,Jack Perkins,678022,0.0,0.0,0.23076923076923078
2026-05-19,824033,8,0,0,12,2,22,ATH,LAA,ATH,Jack Perkins,678022,0.0,0.0,0.16666666666666666
2026-05-22,823298,9,2,0,12,2,23,ATH,SD,ATH,Jack Perkins,678022,0.2222222222222222,0.0,0.16666666666666666
2026-05-25,825005,18,7,0,33,7,63,ATH,ATH,SEA,Jack Perkins,678022,0.3888888888888889,0.0,0.21212121212121213
2026-05-30,825000,5,2,2,10,6,24,ATH,ATH,NYY,Jack Perkins,678022,0.4,0.4,0.6
2026-05-31,825001,7,0,0,12,2,30,ATH,ATH,NYY,Jack Perkins,678022,0.0,0.0,0.16666666666666666
2026-06-05,824186,19,6,2,41,12,75,ATH,HOU,ATH,Jack Perkins,678022,0.3157894736842105,0.10526315789473684,0.2926829268292683
2026-06-10,824996,20,4,3,41,8,89,ATH,ATH,MIL,Jack Perkins,678022,0.2,0.15,0.1951219512195122
2026-06-16,824991,22,6,2,36,6,85,ATH,ATH,PIT,Jack Perkins,678022,0.2727272727272727,0.09090909090909091,0.16666666666666666
2026-06-21,824987,21,8,2,38,14,78,ATH,ATH,LAA,Jack Perkins,678022,0.38095238095238093,0.09523809523809523,0.3684210526315789
2026-06-27,824015,21,5,1,37,7,81,ATH,LAA,ATH,Jack Perkins,678022,0.23809523809523808,0.047619047619047616,0.1891891891891892
2026-03-28,823651,25,3,2,37,7,76,NYM,NYM,PIT,David Peterson,656849,0.12,0.08,0.1891891891891892
2026-04-02,823242,24,5,2,30,6,68,NYM,SF,NYM,David Peterson,656849,0.20833333333333334,0.08333333333333333,0.2
2026-04-08,823646,23,6,2,40,9,86,NYM,NYM,AZ,David Peterson,656849,0.2608695652173913,0.08695652173913043,0.225
2026-04-13,823964,25,7,4,42,14,89,NYM,LAD,NYM,David Peterson,656849,0.28,0.16,0.3333333333333333
2026-04-19,824691,14,1,0,18,1,47,NYM,CHC,NYM,David Peterson,656849,0.07142857142857142,0.0,0.05555555555555555
2026-04-23,823639,15,2,1,20,3,45,NYM,NYM,MIN,David Peterson,656849,0.13333333333333333,0.06666666666666667,0.15
2026-04-29,823633,19,5,3,37,11,80,NYM,NYM,WSH,David Peterson,656849,0.2631578947368421,0.15789473684210525,0.2972972972972973
2026-05-04,824363,15,6,0,43,8,69,NYM,COL,NYM,David Peterson,656849,0.4,0.0,0.18604651162790697
2026-05-10,825085,22,3,0,35,6,77,NYM,AZ,NYM,David Peterson,656849,0.13636363636363635,0.0,0.17142857142857143
2026-05-16,823627,22,8,3,32,10,82,NYM,NYM,NYY,David Peterson,656849,0.36363636363636365,0.13636363636363635,0.3125
2026-05-21,822733,23,3,3,35,5,82,NYM,WSH,NYM,David Peterson,656849,0.13043478260869565,0.13043478260869565,0.14285714285714285
2026-05-26,823624,26,4,3,45,7,90,NYM,NYM,CIN,David Peterson,656849,0.15384615384615385,0.11538461538461539,0.15555555555555556
2026-05-31,823621,15,3,1,25,7,51,NYM,NYM,MIA,David Peterson,656849,0.2,0.06666666666666667,0.28
2026-06-10,823618,20,1,2,24,2,64,NYM,NYM,STL,David Peterson,656849,0.05,0.1,0.08333333333333333
2026-06-15,824505,13,1,2,26,5,54,NYM,CIN,NYM,David Peterson,656849,0.07692307692307693,0.15384615384615385,0.19230769230769232
2026-06-21,823449,20,5,2,36,7,79,NYM,PHI,NYM,David Peterson,656849,0.25,0.1,0.19444444444444445
2026-06-27,823770,20,1,0,33,4,69,CHC,MIL,CHC,David Peterson,656849,0.05,0.0,0.12121212121212122
2026-03-31,825107,24,3,1,39,6,85,AZ,AZ,DET,Brandon Pfaadt,694297,0.125,0.041666666666666664,0.15384615384615385
2026-04-05,825102,21,2,2,39,7,79,AZ,AZ,ATL,Brandon Pfaadt,694297,0.09523809523809523,0.09523809523809523,0.1794871794871795
2026-04-11,823480,28,6,3,48,12,101,AZ,PHI,AZ,Brandon Pfaadt,694297,0.21428571428571427,0.10714285714285714,0.25
2026-04-19,825100,24,3,2,41,8,84,AZ,AZ,TOR,Brandon Pfaadt,694297,0.125,0.08333333333333333,0.1951219512195122
2026-04-25,825093,13,5,3,32,10,56,AZ,AZ,SD,Brandon Pfaadt,694297,0.38461538461538464,0.23076923076923078,0.3125
2026-04-30,823795,4,2,0,9,3,15,AZ,MIL,AZ,Brandon Pfaadt,694297,0.5,0.0,0.3333333333333333
2026-05-03,824687,14,1,3,21,7,52,AZ,CHC,AZ,Brandon Pfaadt,694297,0.07142857142857142,0.21428571428571427,0.3333333333333333
2026-05-12,822903,11,5,0,23,6,39,AZ,TEX,AZ,Brandon Pfaadt,694297,0.45454545454545453,0.0,0.2608695652173913
2026-05-17,824358,5,0,1,5,0,16,AZ,COL,AZ,Brandon Pfaadt,694297,0.0,0.2,0.0
2026-05-20,825084,3,0,0,6,0,9,AZ,AZ,SF,Brandon Pfaadt,694297,0.0,0.0,0.0
2026-05-23,825080,7,0,0,10,0,23,AZ,AZ,COL,Brandon Pfaadt,694297,0.0,0.0,0.0
2026-05-29,823135,8,3,0,13,6,31,AZ,SEA,AZ,Brandon Pfaadt,694297,0.375,0.0,0.46153846153846156
2026-06-03,825077,9,1,2,12,2,37,AZ,AZ,LAD,Brandon Pfaadt,694297,0.1111111111111111,0.2222222222222222,0.16666666666666666
2026-06-30,825066,19,2,1,27,2,66,AZ,AZ,SF,Brandon Pfaadt,694297,0.10526315789473684,0.05263157894736842,0.07407407407407407
2026-03-29,823891,8,2,0,10,4,22,MIA,MIA,COL,Tyler Phillips,663969,0.25,0.0,0.4
2026-04-03,823568,10,3,2,16,5,52,MIA,NYY,MIA,Tyler Phillips,663969,0.3,0.2,0.3125
2026-04-06,823886,6,1,1,7,2,23,MIA,MIA,CIN,Tyler Phillips,663969,0.16666666666666666,0.16666666666666666,0.2857142857142857
2026-04-09,823884,12,4,1,20,9,37,MIA,MIA,CIN,Tyler Phillips,663969,0.3333333333333333,0.08333333333333333,0.45
2026-04-12,824293,9,2,1,16,5,37,MIA,DET,MIA,Tyler Phillips,663969,0.2222222222222222,0.1111111111111111,0.3125
2026-04-17,823883,8,3,3,15,8,42,MIA,MIA,MIL,Tyler Phillips,663969,0.375,0.375,0.5333333333333333
2026-04-21,823880,10,3,1,16,4,40,MIA,MIA,STL,Tyler Phillips,663969,0.3,0.1,0.25
2026-04-25,823229,11,0,3,16,2,46,MIA,SF,MIA,Tyler Phillips,663969,0.0,0.2727272727272727,0.125
2026-04-27,823961,2,1,0,4,0,6,MIA,LAD,MIA,Tyler Phillips,663969,0.5,0.0,0.0
2026-04-28,823956,4,0,0,9,1,16,MIA,LAD,MIA,Tyler Phillips,663969,0.0,0.0,0.1111111111111111
2026-05-03,823875,13,3,0,25,8,47,MIA,MIA,PHI,Tyler Phillips,663969,0.23076923076923078,0.0,0.32
2026-05-08,823871,9,2,1,16,6,29,MIA,MIA,WSH,Tyler Phillips,663969,0.2222222222222222,0.1111111111111111,0.375
2026-05-13,823710,4,1,0,7,2,14,MIA,MIN,MIA,Tyler Phillips,663969,0.25,0.0,0.2857142857142857
2026-05-17,822982,11,0,2,22,4,43,MIA,TB,MIA,Tyler Phillips,663969,0.0,0.18181818181818182,0.18181818181818182
2026-05-20,823866,12,2,1,21,4,43,MIA,MIA,ATL,Tyler Phillips,663969,0.16666666666666666,0.08333333333333333,0.19047619047619047
2026-05-24,823861,16,4,2,25,10,59,MIA,MIA,NYM,Tyler Phillips,663969,0.25,0.125,0.4
2026-05-30,823622,21,2,1,34,6,72,MIA,NYM,MIA,Tyler Phillips,663969,0.09523809523809523,0.047619047619047616,0.17647058823529413
2026-06-05,823860,24,3,3,34,7,82,MIA,MIA,TB,Tyler Phillips,663969,0.125,0.125,0.20588235294117646
2026-06-11,823855,18,5,2,23,5,70,MIA,MIA,AZ,Tyler Phillips,663969,0.2777777777777778,0.1111111111111111,0.21739130434782608
2026-06-16,823451,21,4,3,36,7,79,MIA,PHI,MIA,Tyler Phillips,663969,0.19047619047619047,0.14285714285714285,0.19444444444444445
2026-06-22,823851,24,4,3,47,9,89,MIA,MIA,TEX,Tyler Phillips,663969,0.16666666666666666,0.125,0.19148936170212766
2026-06-28,823037,27,1,0,45,5,97,MIA,STL,MIA,Tyler Phillips,663969,0.037037037037037035,0.0,0.1111111111111111
2026-03-26,823325,19,4,3,35,11,69,SD,SD,DET,Nick Pivetta,601713,0.21052631578947367,0.15789473684210525,0.3142857142857143
2026-04-01,823321,18,8,2,41,10,82,SD,SD,SF,Nick Pivetta,601713,0.4444444444444444,0.1111111111111111,0.24390243902439024
2026-04-07,823402,20,8,1,42,9,86,SD,PIT,SD,Nick Pivetta,601713,0.4,0.05,0.21428571428571427
2026-04-12,823317,9,4,0,20,3,46,SD,SD,COL,Nick Pivetta,601713,0.4444444444444444,0.0,0.15
2026-03-26,824704,5,0,1,11,1,24,WSH,CHC,WSH,PJ Poulin,676571,0.0,0.2,0.09090909090909091
2026-03-29,824700,3,1,1,5,0,14,WSH,CHC,WSH,PJ Poulin,676571,0.3333333333333333,0.3333333333333333,0.0
2026-03-31,823485,3,1,0,5,2,9,WSH,PHI,WSH,PJ Poulin,676571,0.3333333333333333,0.0,0.4
2026-04-01,823483,3,0,2,2,0,15,WSH,PHI,WSH,PJ Poulin,676571,0.0,0.6666666666666666,0.0
2026-04-05,822756,8,2,0,13,1,34,WSH,WSH,LAD,PJ Poulin,676571,0.25,0.0,0.07692307692307693
2026-04-07,822754,6,2,2,10,3,27,WSH,WSH,STL,PJ Poulin,676571,0.3333333333333333,0.3333333333333333,0.3
2026-04-08,822753,3,0,1,5,1,15,WSH,WSH,STL,PJ Poulin,676571,0.0,0.3333333333333333,0.2
2026-04-10,823808,3,0,0,5,1,10,WSH,MIL,WSH,PJ Poulin,676571,0.0,0.0,0.2
2026-04-12,823804,5,0,0,9,2,16,WSH,MIL,WSH,PJ Poulin,676571,0.0,0.0,0.2222222222222222
2026-04-14,823398,4,1,0,10,1,25,WSH,PIT,WSH,PJ Poulin,676571,0.25,0.0,0.1
2026-04-16,823396,3,0,0,6,1,7,WSH,PIT,WSH,PJ Poulin,676571,0.0,0.0,0.16666666666666666
2026-04-17,822752,3,1,0,5,1,13,WSH,WSH,SF,PJ Poulin,676571,0.3333333333333333,0.0,0.2
2026-04-19,822750,4,0,0,10,0,16,WSH,WSH,SF,PJ Poulin,676571,0.0,0.0,0.0
2026-04-20,822749,3,0,1,5,0,11,WSH,WSH,ATL,PJ Poulin,676571,0.0,0.3333333333333333,0.0
2026-04-24,824611,7,1,0,13,3,28,WSH,CWS,WSH,PJ Poulin,676571,0.14285714285714285,0.0,0.23076923076923078
2026-04-29,823633,3,1,0,4,1,10,WSH,NYM,WSH,PJ Poulin,676571,0.3333333333333333,0.0,0.25
2026-05-03,822742,8,2,1,15,2,36,WSH,WSH,MIL,PJ Poulin,676571,0.25,0.125,0.13333333333333333
2026-05-07,822741,5,2,0,11,3,27,WSH,WSH,MIN,PJ Poulin,676571,0.4,0.0,0.2727272727272727
2026-05-08,823871,2,0,1,6,1,13,WSH,MIA,WSH,PJ Poulin,676571,0.0,0.5,0.16666666666666666
2026-05-10,823868,1,0,0,1,0,6,WSH,MIA,WSH,PJ Poulin,676571,0.0,0.0,0.0
2026-05-13,824519,5,1,1,9,0,26,WSH,CIN,WSH,PJ Poulin,676571,0.2,0.2,0.0
2026-05-16,822737,4,0,1,7,0,19,WSH,WSH,BAL,PJ Poulin,676571,0.0,0.25,0.0
2026-05-18,822734,5,1,1,6,1,16,WSH,WSH,NYM,PJ Poulin,676571,0.2,0.2,0.16666666666666666
2026-05-25,824437,7,0,1,10,1,29,WSH,CLE,WSH,PJ Poulin,676571,0.0,0.14285714285714285,0.1
2026-05-27,824432,3,1,1,3,0,13,WSH,CLE,WSH,PJ Poulin,676571,0.3333333333333333,0.3333333333333333,0.0
2026-06-13,822725,3,1,1,3,1,15,WSH,WSH,SEA,PJ Poulin,676571,0.3333333333333333,0.3333333333333333,0.3333333333333333
2026-06-14,822722,5,0,0,9,2,15,WSH,WSH,SEA,PJ Poulin,676571,0.0,0.0,0.2222222222222222
2026-06-17,822721,5,0,1,8,1,23,WSH,WSH,KC,PJ Poulin,676571,0.0,0.2,0.125
2026-06-19,822966,7,1,0,11,0,23,WSH,TB,WSH,PJ Poulin,676571,0.14285714285714285,0.0,0.0
2026-06-23,822718,3,1,0,4,1,8,WSH,WSH,PHI,PJ Poulin,676571,0.3333333333333333,0.0,0.25
2026-06-24,822719,4,1,0,7,1,15,WSH,WSH,PHI,PJ Poulin,676571,0.25,0.0,0.14285714285714285
2026-06-27,824825,3,1,0,5,3,11,WSH,BAL,WSH,PJ Poulin,676571,0.3333333333333333,0.0,0.6
2026-06-28,824821,6,0,1,8,1,25,WSH,BAL,WSH,PJ Poulin,676571,0.0,0.16666666666666666,0.125
2026-04-22,823641,17,6,0,44,9,83,MIN,NYM,MIN,Connor Prielipp,687570,0.35294117647058826,0.0,0.20454545454545456
2026-04-27,823719,19,5,3,34,11,84,MIN,MIN,SEA,Connor Prielipp,687570,0.2631578947368421,0.15789473684210525,0.3235294117647059
2026-05-02,823715,20,4,2,48,7,91,MIN,MIN,TOR,Connor Prielipp,687570,0.2,0.1,0.14583333333333334
2026-05-08,824443,23,6,2,38,7,93,MIN,CLE,MIN,Connor Prielipp,687570,0.2608695652173913,0.08695652173913043,0.18421052631578946
2026-05-16,823706,23,8,2,36,9,86,MIN,MIN,MIL,Connor Prielipp,687570,0.34782608695652173,0.08695652173913043,0.25
2026-05-22,824761,22,1,3,33,7,85,MIN,BOS,MIN,Connor Prielipp,687570,0.045454545454545456,0.13636363636363635,0.21212121212121213
2026-05-27,824596,23,5,3,42,7,93,MIN,CWS,MIN,Connor Prielipp,687570,0.21739130434782608,0.13043478260869565,0.16666666666666666
2026-06-02,823700,27,7,2,45,10,94,MIN,MIN,CWS,Connor Prielipp,687570,0.25925925925925924,0.07407407407407407,0.2222222222222222
2026-06-07,823696,18,7,1,33,5,77,MIN,MIN,KC,Connor Prielipp,687570,0.3888888888888889,0.05555555555555555,0.15151515151515152
2026-06-13,823694,26,2,2,50,7,98,MIN,MIN,STL,Connor Prielipp,687570,0.07692307692307693,0.07692307692307693,0.14
2026-06-19,825069,30,4,3,45,4,97,MIN,AZ,MIN,Connor Prielipp,687570,0.13333333333333333,0.1,0.08888888888888889
2026-06-28,823686,26,10,0,55,17,93,MIN,MIN,COL,Connor Prielipp,687570,0.38461538461538464,0.0,0.3090909090909091
2026-03-29,823891,19,2,4,31,9,78,COL,MIA,COL,Jose Quintana,500779,0.10526315789473684,0.21052631578947367,0.2903225806451613
2026-04-15,824209,18,1,4,34,7,76,COL,HOU,COL,Jose Quintana,500779,0.05555555555555555,0.2222222222222222,0.20588235294117646
2026-04-20,824370,25,1,1,40,4,90,COL,COL,LAD,Jose Quintana,500779,0.04,0.04,0.1
2026-04-26,823635,20,5,2,36,8,86,COL,NYM,COL,Jose Quintana,500779,0.25,0.1,0.2222222222222222
2026-05-01,824366,23,3,0,46,11,85,COL,COL,ATL,Jose Quintana,500779,0.13043478260869565,0.0,0.2391304347826087
2026-05-07,824362,22,2,2,35,7,74,COL,COL,NYM,Jose Quintana,500779,0.09090909090909091,0.09090909090909091,0.2
2026-05-13,823386,19,2,3,34,8,73,COL,PIT,COL,Jose Quintana,500779,0.10526315789473684,0.15789473684210525,0.23529411764705882
2026-05-18,824357,25,4,1,46,7,94,COL,COL,TEX,Jose Quintana,500779,0.16,0.04,0.15217391304347827
2026-05-24,825081,10,0,0,19,5,34,COL,AZ,COL,Jose Quintana,500779,0.0,0.0,0.2631578947368421
2026-03-27,824946,21,5,4,41,13,90,KC,ATL,KC,Cole Ragans,666142,0.23809523809523808,0.19047619047619047,0.3170731707317073
2026-04-02,824133,21,8,1,40,14,89,KC,KC,MIN,Cole Ragans,666142,0.38095238095238093,0.047619047619047616,0.35
2026-04-08,824455,5,2,1,5,0,18,KC,CLE,KC,Cole Ragans,666142,0.4,0.2,0.0
2026-04-14,824292,21,1,4,44,5,93,KC,DET,KC,Cole Ragans,666142,0.047619047619047616,0.19047619047619047,0.11363636363636363
2026-04-19,823556,25,6,8,31,9,97,KC,NYY,KC,Cole Ragans,666142,0.24,0.32,0.2903225806451613
2026-04-25,824121,23,11,0,58,21,99,KC,KC,LAA,Cole Ragans,666142,0.4782608695652174,0.0,0.3620689655172414
2026-05-01,823146,23,8,3,42,10,95,KC,SEA,KC,Cole Ragans,666142,0.34782608695652173,0.13043478260869565,0.23809523809523808
2026-05-06,824118,13,4,2,29,10,58,KC,KC,CLE,Cole Ragans,666142,0.3076923076923077,0.15384615384615385,0.3448275862068966
2026-03-26,823081,20,2,0,38,7,73,TB,STL,TB,Drew Rasmussen,656876,0.1,0.0,0.18421052631578946
2026-04-01,823806,20,8,1,40,12,89,TB,MIL,TB,Drew Rasmussen,656876,0.4,0.05,0.3
2026-04-12,822998,19,7,0,30,5,76,TB,TB,NYY,Drew Rasmussen,656876,0.3684210526315789,0.0,0.16666666666666666
2026-04-18,823394,15,3,2,22,3,64,TB,PIT,TB,Drew Rasmussen,656876,0.2,0.13333333333333333,0.13636363636363635
2026-04-24,822992,24,6,1,43,12,98,TB,TB,MIN,Drew Rasmussen,656876,0.25,0.041666666666666664,0.27906976744186046
2026-04-29,824445,24,6,1,55,12,91,TB,CLE,TB,Drew Rasmussen,656876,0.25,0.041666666666666664,0.21818181818181817
2026-05-05,822986,25,5,1,50,10,85,TB,TB,TOR,Drew Rasmussen,656876,0.2,0.04,0.2
2026-05-11,822818,23,6,1,51,11,100,TB,TOR,TB,Drew Rasmussen,656876,0.2608695652173913,0.043478260869565216,0.21568627450980393
2026-05-17,822982,24,2,2,39,4,93,TB,TB,MIA,Drew Rasmussen,656876,0.08333333333333333,0.08333333333333333,0.10256410256410256
2026-05-24,823544,24,6,1,42,13,92,TB,NYY,TB,Drew Rasmussen,656876,0.25,0.041666666666666664,0.30952380952380953
2026-05-30,822975,18,4,2,39,7,70,TB,TB,LAA,Drew Rasmussen,656876,0.2222222222222222,0.1111111111111111,0.1794871794871795
2026-06-05,823860,22,9,0,45,8,87,TB,MIA,TB,Drew Rasmussen,656876,0.4090909090909091,0.0,0.17777777777777778
2026-06-10,822970,24,13,1,50,17,97,TB,TB,BOS,Drew Rasmussen,656876,0.5416666666666666,0.041666666666666664,0.34
2026-06-16,823939,26,7,0,51,15,102,TB,LAD,TB,Drew Rasmussen,656876,0.2692307692307692,0.0,0.29411764705882354
2026-06-22,822964,24,5,2,47,10,90,TB,TB,KC,Drew Rasmussen,656876,0.20833333333333334,0.08333333333333333,0.2127659574468085
2026-06-28,822959,24,5,1,46,9,99,TB,TB,AZ,Drew Rasmussen,656876,0.20833333333333334,0.041666666666666664,0.1956521739130435
2026-03-27,823243,21,4,0,46,11,89,SF,SF,NYY,Robbie Ray,592662,0.19047619047619047,0.0,0.2391304347826087
2026-04-02,823242,22,7,3,47,17,96,SF,SF,NYM,Robbie Ray,592662,0.3181818181818182,0.13636363636363635,0.3617021276595745
2026-04-07,823235,26,7,3,51,12,109,SF,SF,PHI,Robbie Ray,592662,0.2692307692307692,0.11538461538461539,0.23529411764705882
2026-04-14,824531,20,6,4,39,12,94,SF,CIN,SF,Robbie Ray,592662,0.3,0.2,0.3076923076923077
2026-04-19,822750,26,7,1,49,9,93,SF,WSH,SF,Robbie Ray,592662,0.2692307692307692,0.038461538461538464,0.1836734693877551
2026-04-25,823229,21,4,3,45,12,97,SF,SF,MIA,Robbie Ray,592662,0.19047619047619047,0.14285714285714285,0.26666666666666666
2026-05-01,822990,22,5,0,51,6,102,SF,TB,SF,Robbie Ray,592662,0.22727272727272727,0.0,0.11764705882352941
2026-05-08,823225,23,7,4,44,14,93,SF,SF,PIT,Robbie Ray,592662,0.30434782608695654,0.17391304347826086,0.3181818181818182
2026-05-13,823952,23,2,2,48,10,95,SF,LAD,SF,Robbie Ray,592662,0.08695652173913043,0.08695652173913043,0.20833333333333334
2026-05-18,825087,26,1,2,38,4,84,SF,AZ,SF,Robbie Ray,592662,0.038461538461538464,0.07692307692307693,0.10526315789473684
2026-05-24,823220,21,3,7,36,7,92,SF,SF,CWS,Robbie Ray,592662,0.14285714285714285,0.3333333333333333,0.19444444444444445
2026-05-31,824354,19,6,2,51,10,96,SF,COL,SF,Robbie Ray,592662,0.3157894736842105,0.10526315789473684,0.19607843137254902
2026-06-05,824673,21,4,5,48,14,97,SF,CHC,SF,Robbie Ray,592662,0.19047619047619047,0.23809523809523808,0.2916666666666667
2026-06-10,823215,24,3,0,47,6,93,SF,SF,WSH,Robbie Ray,592662,0.125,0.0,0.1276595744680851
2026-06-16,824912,23,8,2,39,12,94,SF,ATL,SF,Robbie Ray,592662,0.34782608695652173,0.08695652173913043,0.3076923076923077
2026-06-23,823210,29,6,4,47,8,102,SF,SF,ATH,Robbie Ray,592662,0.20689655172413793,0.13793103448275862,0.1702127659574468
2026-06-28,823204,30,2,1,43,8,95,SF,SF,ATL,Robbie Ray,592662,0.06666666666666667,0.03333333333333333,0.18604651162790697
2026-03-30,824702,13,4,0,21,6,42,CHC,CHC,LAA,Colin Rea,607067,0.3076923076923077,0.0,0.2857142857142857
2026-04-03,824458,14,4,1,27,9,57,CHC,CLE,CHC,Colin Rea,607067,0.2857142857142857,0.07142857142857142,0.3333333333333333
2026-04-08,823000,20,2,2,39,5,79,CHC,TB,CHC,Colin Rea,607067,0.1,0.1,0.1282051282051282
2026-04-14,823478,22,5,0,43,5,87,CHC,PHI,CHC,Colin Rea,607067,0.22727272727272727,0.0,0.11627906976744186
2026-04-20,824692,28,5,2,42,10,92,CHC,CHC,PHI,Colin Rea,607067,0.17857142857142858,0.07142857142857142,0.23809523809523808
2026-04-25,823960,20,4,4,41,4,92,CHC,LAD,CHC,Colin Rea,607067,0.2,0.2,0.0975609756097561
2026-05-01,824686,25,6,0,54,14,102,CHC,CHC,AZ,Colin Rea,607067,0.24,0.0,0.25925925925925924
2026-05-06,824683,24,5,3,45,12,98,CHC,CHC,CIN,Colin Rea,607067,0.20833333333333334,0.125,0.26666666666666666
2026-05-12,824927,20,1,1,42,2,80,CHC,ATL,CHC,Colin Rea,607067,0.05,0.05,0.047619047619047616
2026-05-17,824599,21,4,1,30,4,83,CHC,CWS,CHC,Colin Rea,607067,0.19047619047619047,0.047619047619047616,0.13333333333333333
2026-05-23,824674,27,4,3,44,13,98,CHC,CHC,HOU,Colin Rea,607067,0.14814814814814814,0.1111111111111111,0.29545454545454547
2026-05-28,823378,23,5,3,39,7,92,CHC,PIT,CHC,Colin Rea,607067,0.21739130434782608,0.13043478260869565,0.1794871794871795
2026-06-03,824671,21,3,2,34,7,69,CHC,CHC,ATH,Colin Rea,607067,0.14285714285714285,0.09523809523809523,0.20588235294117646
2026-06-09,824347,26,2,3,42,5,79,CHC,COL,CHC,Colin Rea,607067,0.07692307692307693,0.11538461538461539,0.11904761904761904
2026-06-14,823212,24,2,3,44,7,90,CHC,SF,CHC,Colin Rea,607067,0.08333333333333333,0.125,0.1590909090909091
2026-06-20,824665,19,3,0,33,5,78,CHC,CHC,TOR,Colin Rea,607067,0.15789473684210525,0.0,0.15151515151515152
2026-06-26,823773,23,4,3,45,7,89,CHC,MIL,CHC,Colin Rea,607067,0.17391304347826086,0.13043478260869565,0.15555555555555556
2026-07-01,824660,25,5,3,38,8,81,CHC,CHC,SD,Colin Rea,607067,0.2,0.12,0.21052631578947367
2026-04-23,822745,27,7,2,36,8,89,ATL,WSH,ATL,JR Ritchie,702275,0.25925925925925924,0.07407407407407407,0.2222222222222222
2026-04-29,824930,25,4,4,40,6,97,ATL,ATL,DET,JR Ritchie,702275,0.16,0.16,0.15
2026-05-04,823143,24,2,6,37,10,93,ATL,SEA,ATL,JR Ritchie,702275,0.08333333333333333,0.25,0.2702702702702703
2026-05-13,824928,18,4,3,41,6,87,ATL,ATL,CHC,JR Ritchie,702275,0.2222222222222222,0.16666666666666666,0.14634146341463414
2026-05-18,823867,21,4,1,42,8,83,ATL,MIA,ATL,JR Ritchie,702275,0.19047619047619047,0.047619047619047616,0.19047619047619047
2026-06-12,823617,18,5,1,33,8,77,ATL,NYM,ATL,JR Ritchie,702275,0.2777777777777778,0.05555555555555555,0.24242424242424243
2026-06-17,824913,22,4,3,36,7,90,ATL,ATL,SF,JR Ritchie,702275,0.18181818181818182,0.13636363636363635,0.19444444444444445
2026-06-23,823286,24,7,4,31,9,98,ATL,SD,ATL,JR Ritchie,702275,0.2916666666666667,0.16666666666666666,0.2903225806451613
2026-04-04,822920,23,3,1,43,11,80,TEX,TEX,CIN,Kumar Rocker,677958,0.13043478260869565,0.043478260869565216,0.2558139534883721
2026-04-10,823968,21,5,2,41,8,83,TEX,LAD,TEX,Kumar Rocker,677958,0.23809523809523808,0.09523809523809523,0.1951219512195122
2026-04-15,825021,23,6,4,48,12,97,TEX,ATH,TEX,Kumar Rocker,677958,0.2608695652173913,0.17391304347826086,0.25
2026-04-21,822914,23,5,1,41,9,89,TEX,TEX,PIT,Kumar Rocker,677958,0.21739130434782608,0.043478260869565216,0.21951219512195122
2026-04-26,822911,25,3,2,41,8,85,TEX,TEX,ATH,Kumar Rocker,677958,0.12,0.08,0.1951219512195122
2026-05-02,824284,12,2,0,17,3,43,TEX,DET,TEX,Kumar Rocker,677958,0.16666666666666666,0.0,0.17647058823529413
2026-05-08,822904,18,3,3,40,7,87,TEX,TEX,CHC,Kumar Rocker,677958,0.16666666666666666,0.16666666666666666,0.175
2026-05-13,822900,21,3,4,41,4,97,TEX,TEX,AZ,Kumar Rocker,677958,0.14285714285714285,0.19047619047619047,0.0975609756097561
2026-05-19,824356,28,7,3,52,17,103,TEX,COL,TEX,Kumar Rocker,677958,0.25,0.10714285714285714,0.3269230769230769
2026-05-25,822899,22,5,2,40,6,85,TEX,TEX,HOU,Kumar Rocker,677958,0.22727272727272727,0.09090909090909091,0.15
2026-05-30,822893,24,2,3,39,9,85,TEX,TEX,KC,Kumar Rocker,677958,0.08333333333333333,0.125,0.23076923076923078
2026-06-05,822892,22,5,1,45,9,94,TEX,TEX,CLE,Kumar Rocker,677958,0.22727272727272727,0.045454545454545456,0.2
2026-06-11,824101,20,3,2,34,7,84,TEX,KC,TEX,Kumar Rocker,677958,0.15,0.1,0.20588235294117646
2026-06-16,822888,20,4,2,35,9,70,TEX,TEX,MIN,Kumar Rocker,677958,0.2,0.1,0.2571428571428571
2026-06-22,823851,19,9,0,35,20,76,TEX,MIA,TEX,Kumar Rocker,677958,0.47368421052631576,0.0,0.5714285714285714
2026-06-28,822795,23,5,1,47,15,92,TEX,TOR,TEX,Kumar Rocker,677958,0.21739130434782608,0.043478260869565216,0.3191489361702128
2026-05-10,823793,21,4,5,32,8,78,NYY,MIL,NYY,Carlos Rod\xc3\xb3n,607074,0.19047619047619047,0.23809523809523808,0.25
2026-05-16,823627,17,6,3,44,10,88,NYY,NYM,NYY,Carlos Rod\xc3\xb3n,607074,0.35294117647058826,0.17647058823529413,0.22727272727272727
2026-05-21,823545,21,7,3,48,16,95,NYY,NYY,TOR,Carlos Rod\xc3\xb3n,607074,0.3333333333333333,0.14285714285714285,0.3333333333333333
2026-05-29,825002,23,3,2,44,3,93,NYY,ATH,NYY,Carlos Rod\xc3\xb3n,607074,0.13043478260869565,0.08695652173913043,0.06818181818181818
2026-06-04,823542,23,7,3,47,16,96,NYY,NYY,CLE,Carlos Rod\xc3\xb3n,607074,0.30434782608695654,0.13043478260869565,0.3404255319148936
2026-06-10,824428,25,7,3,40,10,96,NYY,CLE,NYY,Carlos Rod\xc3\xb3n,607074,0.28,0.12,0.25
2026-06-17,823536,22,7,1,51,12,99,NYY,NYY,CWS,Carlos Rod\xc3\xb3n,607074,0.3181818181818182,0.045454545454545456,0.23529411764705882
2026-06-23,824262,22,5,2,47,13,87,NYY,DET,NYY,Carlos Rod\xc3\xb3n,607074,0.22727272727272727,0.09090909090909091,0.2765957446808511
2026-06-28,824744,21,6,4,46,17,96,NYY,BOS,NYY,Carlos Rod\xc3\xb3n,607074,0.2857142857142857,0.19047619047619047,0.3695652173913043
2026-03-28,823973,20,5,2,35,5,79,AZ,LAD,AZ,Eduardo Rodr\xc3\xadguez,593958,0.25,0.1,0.14285714285714285
2026-04-03,825103,26,3,1,38,9,91,AZ,AZ,ATL,Eduardo Rodr\xc3\xadguez,593958,0.11538461538461539,0.038461538461538464,0.23684210526315788
2026-04-09,823645,25,3,2,50,10,102,AZ,NYM,AZ,Eduardo Rodr\xc3\xadguez,593958,0.12,0.08,0.2
2026-04-15,824855,25,3,4,37,2,98,AZ,BAL,AZ,Eduardo Rodr\xc3\xadguez,593958,0.12,0.16,0.05405405405405406
2026-04-22,825097,24,4,3,33,4,96,AZ,AZ,CWS,Eduardo Rodr\xc3\xadguez,593958,0.16666666666666666,0.125,0.12121212121212122
2026-04-29,823796,23,4,4,31,3,87,AZ,MIL,AZ,Eduardo Rodr\xc3\xadguez,593958,0.17391304347826086,0.17391304347826086,0.0967741935483871
2026-05-05,825092,26,7,3,47,13,103,AZ,AZ,PIT,Eduardo Rodr\xc3\xadguez,593958,0.2692307692307692,0.11538461538461539,0.2765957446808511
2026-05-10,825085,31,4,3,48,5,100,AZ,AZ,NYM,Eduardo Rodr\xc3\xadguez,593958,0.12903225806451613,0.0967741935483871,0.10416666666666667
2026-05-16,824359,23,6,0,57,12,91,AZ,COL,AZ,Eduardo Rodr\xc3\xadguez,593958,0.2608695652173913,0.0,0.21052631578947367
2026-05-21,825083,24,4,1,50,5,99,AZ,AZ,COL,Eduardo Rodr\xc3\xadguez,593958,0.16666666666666666,0.041666666666666664,0.1
2026-05-26,823216,25,6,2,47,11,94,AZ,SF,AZ,Eduardo Rodr\xc3\xadguez,593958,0.24,0.08,0.23404255319148937
2026-06-01,825078,24,3,1,42,5,96,AZ,AZ,LAD,Eduardo Rodr\xc3\xadguez,593958,0.125,0.041666666666666664,0.11904761904761904
2026-06-06,825075,25,5,1,39,10,92,AZ,AZ,WSH,Eduardo Rodr\xc3\xadguez,593958,0.2,0.04,0.2564102564102564
2026-06-12,824507,15,3,5,34,4,85,AZ,CIN,AZ,Eduardo Rodr\xc3\xadguez,593958,0.2,0.3333333333333333,0.11764705882352941
2026-06-17,825072,27,5,3,49,9,100,AZ,AZ,LAA,Eduardo Rodr\xc3\xadguez,593958,0.18518518518518517,0.1111111111111111,0.1836734693877551
2026-06-23,823043,25,5,3,41,8,95,AZ,STL,AZ,Eduardo Rodr\xc3\xadguez,593958,0.2,0.12,0.1951219512195122
2026-06-29,825065,27,1,0,48,11,91,AZ,AZ,SF,Eduardo Rodr\xc3\xadguez,593958,0.037037037037037035,0.0,0.22916666666666666
2026-04-29,822907,20,2,4,29,7,80,NYY,TEX,NYY,Elmer Rodr\xc3\xadguez,695684,0.1,0.2,0.2413793103448276
2026-05-05,823553,24,2,4,38,11,94,NYY,NYY,TEX,Elmer Rodr\xc3\xadguez,695684,0.08333333333333333,0.16666666666666666,0.2894736842105263
2026-05-17,823628,20,1,1,26,5,64,NYY,NYM,NYY,Elmer Rodr\xc3\xadguez,695684,0.05,0.05,0.19230769230769232
2026-06-21,823531,19,4,2,33,7,80,NYY,NYY,CIN,Elmer Rodr\xc3\xadguez,695684,0.21052631578947367,0.10526315789473684,0.21212121212121213
2026-05-17,824034,21,4,4,33,6,79,LAA,LAA,LAD,Grayson Rodriguez,680570,0.19047619047619047,0.19047619047619047,0.18181818181818182
2026-05-22,824029,25,5,2,41,7,97,LAA,LAA,TEX,Grayson Rodriguez,680570,0.2,0.08,0.17073170731707318
2026-05-28,824272,19,5,2,40,8,89,LAA,DET,LAA,Grayson Rodriguez,680570,0.2631578947368421,0.10526315789473684,0.2
2026-06-02,824026,21,3,3,46,10,91,LAA,LAA,COL,Grayson Rodriguez,680570,0.14285714285714285,0.14285714285714285,0.21739130434782608
2026-06-08,824025,25,6,1,45,8,96,LAA,LAA,HOU,Grayson Rodriguez,680570,0.24,0.04,0.17777777777777778
2026-06-14,824021,12,1,2,21,2,47,LAA,LAA,TB,Grayson Rodriguez,680570,0.08333333333333333,0.16666666666666666,0.09523809523809523
2026-03-26,824865,27,5,4,42,10,88,BAL,BAL,MIN,Trevor Rogers,669432,0.18518518518518517,0.14814814814814814,0.23809523809523808
2026-04-01,824860,24,3,1,46,9,91,BAL,BAL,TEX,Trevor Rogers,669432,0.125,0.041666666666666664,0.1956521739130435
2026-04-07,824618,25,6,0,53,13,101,BAL,CWS,BAL,Trevor Rogers,669432,0.24,0.0,0.24528301886792453
2026-04-14,824853,23,6,1,46,17,99,BAL,BAL,AZ,Trevor Rogers,669432,0.2608695652173913,0.043478260869565216,0.3695652173913043
2026-04-19,824452,24,5,2,43,8,95,BAL,CLE,BAL,Trevor Rogers,669432,0.20833333333333334,0.08333333333333333,0.18604651162790697
2026-04-25,824851,11,2,2,30,8,62,BAL,BAL,BOS,Trevor Rogers,669432,0.18181818181818182,0.18181818181818182,0.26666666666666666
2026-05-12,824843,21,3,3,38,11,73,BAL,BAL,NYY,Trevor Rogers,669432,0.14285714285714285,0.14285714285714285,0.2894736842105263
2026-05-18,822980,22,3,2,49,4,89,BAL,TB,BAL,Trevor Rogers,669432,0.13636363636363635,0.09090909090909091,0.08163265306122448
2026-05-24,824840,20,2,2,40,4,90,BAL,BAL,DET,Trevor Rogers,669432,0.1,0.1,0.1
2026-05-29,824835,24,3,1,47,8,84,BAL,BAL,TOR,Trevor Rogers,669432,0.125,0.041666666666666664,0.1702127659574468
2026-06-04,824753,22,3,1,53,9,87,BAL,BOS,BAL,Trevor Rogers,669432,0.13636363636363635,0.045454545454545456,0.16981132075471697
2026-06-09,824830,24,3,1,54,7,97,BAL,BAL,SEA,Trevor Rogers,669432,0.125,0.041666666666666664,0.12962962962962962
2026-06-14,824823,24,4,2,40,11,82,BAL,BAL,SD,Trevor Rogers,669432,0.16666666666666666,0.08333333333333333,0.275
2026-06-20,823937,23,6,2,49,11,96,BAL,LAD,BAL,Trevor Rogers,669432,0.2608695652173913,0.08695652173913043,0.22448979591836735
2026-06-26,824824,24,7,0,46,13,87,BAL,BAL,WSH,Trevor Rogers,669432,0.2916666666666667,0.0,0.2826086956521739
2026-03-30,823320,21,7,2,41,11,88,SF,SD,SF,Landen Roupp,694738,0.3333333333333333,0.09523809523809523,0.2682926829268293
2026-04-04,823239,23,7,1,50,9,95,SF,SF,NYM,Landen Roupp,694738,0.30434782608695654,0.043478260869565216,0.18
2026-04-10,824858,25,4,2,35,8,93,SF,BAL,SF,Landen Roupp,694738,0.16,0.08,0.22857142857142856
2026-04-16,824530,21,6,2,32,7,87,SF,CIN,SF,Landen Roupp,694738,0.2857142857142857,0.09523809523809523,0.21875
2026-04-21,823236,20,7,5,37,10,106,SF,SF,LAD,Landen Roupp,694738,0.35,0.25,0.2702702702702703
2026-04-26,823230,27,6,2,45,10,103,SF,SF,MIA,Landen Roupp,694738,0.2222222222222222,0.07407407407407407,0.2222222222222222
2026-05-02,822988,23,6,2,39,11,88,SF,TB,SF,Landen Roupp,694738,0.2608695652173913,0.08695652173913043,0.28205128205128205
2026-05-09,823224,18,8,3,41,9,94,SF,SF,PIT,Landen Roupp,694738,0.4444444444444444,0.16666666666666666,0.21951219512195122
2026-05-14,823950,24,7,2,41,15,105,SF,LAD,SF,Landen Roupp,694738,0.2916666666666667,0.08333333333333333,0.36585365853658536
2026-05-19,825086,23,2,0,37,5,91,SF,AZ,SF,Landen Roupp,694738,0.08695652173913043,0.0,0.13513513513513514
2026-05-25,823219,24,7,1,39,13,93,SF,SF,AZ,Landen Roupp,694738,0.2916666666666667,0.041666666666666664,0.3333333333333333
2026-06-01,823781,23,4,5,37,9,96,SF,MIL,SF,Landen Roupp,694738,0.17391304347826086,0.21739130434782608,0.24324324324324326
2026-06-06,824669,22,5,3,41,9,98,SF,CHC,SF,Landen Roupp,694738,0.22727272727272727,0.13636363636363635,0.21951219512195122
2026-06-12,823211,20,5,2,48,12,105,SF,SF,CHC,Landen Roupp,694738,0.25,0.1,0.25
2026-06-19,823853,25,7,1,44,14,98,SF,MIA,SF,Landen Roupp,694738,0.28,0.04,0.3181818181818182
2026-06-25,823209,24,6,1,48,10,108,SF,SF,ATH,Landen Roupp,694738,0.25,0.041666666666666664,0.20833333333333334
2026-06-30,825066,19,4,6,30,7,84,SF,AZ,SF,Landen Roupp,694738,0.21052631578947367,0.3157894736842105,0.23333333333333334
2026-03-26,824865,19,7,2,51,15,85,MIN,BAL,MIN,Joe Ryan,657746,0.3684210526315789,0.10526315789473684,0.29411764705882354
2026-04-01,824136,20,3,0,39,6,77,MIN,KC,MIN,Joe Ryan,657746,0.15,0.0,0.15384615384615385
2026-04-06,823728,22,7,3,46,14,101,MIN,MIN,DET,Joe Ryan,657746,0.3181818181818182,0.13636363636363635,0.30434782608695654
2026-04-11,822830,24,5,1,49,10,91,MIN,TOR,MIN,Joe Ryan,657746,0.20833333333333334,0.041666666666666664,0.20408163265306123
2026-04-17,823720,22,6,0,37,10,94,MIN,MIN,CIN,Joe Ryan,657746,0.2727272727272727,0.0,0.2702702702702703
2026-04-23,823639,25,5,2,51,9,92,MIN,NYM,MIN,Joe Ryan,657746,0.2,0.08,0.17647058823529413
2026-04-28,823716,24,6,1,41,9,88,MIN,MIN,SEA,Joe Ryan,657746,0.25,0.041666666666666664,0.21951219512195122
2026-05-03,823711,2,1,1,5,3,9,MIN,MIN,TOR,Joe Ryan,657746,0.5,0.5,0.6
2026-05-09,824444,24,5,3,48,5,108,MIN,CLE,MIN,Joe Ryan,657746,0.20833333333333334,0.125,0.10416666666666667
2026-05-15,823707,23,7,1,47,13,90,MIN,MIN,MIL,Joe Ryan,657746,0.30434782608695654,0.043478260869565216,0.2765957446808511
2026-05-20,823703,22,9,0,52,17,99,MIN,MIN,HOU,Joe Ryan,657746,0.4090909090909091,0.0,0.3269230769230769
2026-05-26,824597,30,9,0,55,12,98,MIN,CWS,MIN,Joe Ryan,657746,0.3,0.0,0.21818181818181817
2026-06-01,823702,27,9,0,51,9,98,MIN,MIN,CWS,Joe Ryan,657746,0.3333333333333333,0.0,0.17647058823529413
2026-06-06,823697,26,5,2,47,6,103,MIN,MIN,KC,Joe Ryan,657746,0.19230769230769232,0.07692307692307693,0.1276595744680851
2026-06-12,823695,24,8,0,46,12,102,MIN,MIN,STL,Joe Ryan,657746,0.3333333333333333,0.0,0.2608695652173913
2026-06-18,822889,20,7,2,49,10,97,MIN,TEX,MIN,Joe Ryan,657746,0.35,0.1,0.20408163265306123
2026-06-24,823691,27,9,1,49,15,98,MIN,MIN,LAD,Joe Ryan,657746,0.3333333333333333,0.037037037037037035,0.30612244897959184
2026-06-30,824175,21,5,3,42,8,91,MIN,HOU,MIN,Joe Ryan,657746,0.23809523809523808,0.14285714285714285,0.19047619047619047
2026-03-27,824946,23,6,3,38,9,88,ATL,ATL,KC,Chris Sale,519242,0.2608695652173913,0.13043478260869565,0.23684210526315788
2026-04-01,824940,19,3,0,41,9,79,ATL,ATL,ATH,Chris Sale,519242,0.15789473684210525,0.0,0.21951219512195122
2026-04-06,824052,21,7,2,38,12,77,ATL,LAA,ATL,Chris Sale,519242,0.3333333333333333,0.09523809523809523,0.3157894736842105
2026-04-12,824938,26,6,1,47,8,97,ATL,ATL,CLE,Chris Sale,519242,0.23076923076923078,0.038461538461538464,0.1702127659574468
2026-04-18,823474,26,7,1,55,14,101,ATL,PHI,ATL,Chris Sale,519242,0.2692307692307692,0.038461538461538464,0.2545454545454545
2026-04-26,824934,22,9,2,46,12,100,ATL,ATL,PHI,Chris Sale,519242,0.4090909090909091,0.09090909090909091,0.2608695652173913
2026-05-02,824365,27,11,3,58,19,102,ATL,COL,ATL,Chris Sale,519242,0.4074074074074074,0.1111111111111111,0.3275862068965517
2026-05-08,823957,27,7,0,56,16,102,ATL,LAD,ATL,Chris Sale,519242,0.25925925925925924,0.0,0.2857142857142857
2026-05-14,824926,25,8,2,49,14,100,ATL,ATL,CHC,Chris Sale,519242,0.32,0.08,0.2857142857142857
2026-05-20,823866,25,8,0,49,17,96,ATL,MIA,ATL,Chris Sale,519242,0.32,0.0,0.3469387755102041
2026-05-28,824757,25,8,3,45,16,96,ATL,BOS,ATL,Chris Sale,519242,0.32,0.12,0.35555555555555557
2026-06-04,824919,29,6,2,48,13,108,ATL,ATL,TOR,Chris Sale,519242,0.20689655172413793,0.06896551724137931,0.2708333333333333
2026-06-10,824590,25,6,1,48,10,104,ATL,CWS,ATL,Chris Sale,519242,0.24,0.04,0.20833333333333334
2026-06-20,824909,23,7,1,42,11,101,ATL,ATL,MIL,Chris Sale,519242,0.30434782608695654,0.043478260869565216,0.2619047619047619
2026-06-28,823204,26,10,1,55,16,94,ATL,SF,ATL,Chris Sale,519242,0.38461538461538464,0.038461538461538464,0.2909090909090909
2026-03-26,823486,21,10,0,45,12,87,PHI,PHI,TEX,Cristopher S\xc3\xa1nchez,650911,0.47619047619047616,0.0,0.26666666666666666
2026-04-01,823483,24,7,4,44,12,97,PHI,PHI,WSH,Cristopher S\xc3\xa1nchez,650911,0.2916666666666667,0.16666666666666666,0.2727272727272727
2026-04-07,823235,24,6,0,52,12,92,PHI,SF,PHI,Cristopher S\xc3\xa1nchez,650911,0.25,0.0,0.23076923076923078
2026-04-13,823481,26,8,3,40,15,96,PHI,PHI,CHC,Cristopher S\xc3\xa1nchez,650911,0.3076923076923077,0.11538461538461539,0.375
2026-04-18,823474,28,8,1,47,17,93,PHI,PHI,ATL,Cristopher S\xc3\xa1nchez,650911,0.2857142857142857,0.03571428571428571,0.3617021276595745
2026-04-23,824689,30,4,2,50,13,99,PHI,CHC,PHI,Cristopher S\xc3\xa1nchez,650911,0.13333333333333333,0.06666666666666667,0.26
2026-04-30,823472,27,7,3,39,7,85,PHI,PHI,SF,Cristopher S\xc3\xa1nchez,650911,0.25925925925925924,0.1111111111111111,0.1794871794871795
2026-05-05,823469,29,10,1,54,22,97,PHI,PHI,ATH,Cristopher S\xc3\xa1nchez,650911,0.3448275862068966,0.034482758620689655,0.4074074074074074
2026-05-10,823463,27,7,0,52,14,103,PHI,PHI,COL,Cristopher S\xc3\xa1nchez,650911,0.25925925925925924,0.0,0.2692307692307692
2026-05-16,823382,32,13,0,48,15,108,PHI,PIT,PHI,Cristopher S\xc3\xa1nchez,650911,0.40625,0.0,0.3125
2026-05-22,823461,28,6,2,46,20,96,PHI,PHI,CLE,Cristopher S\xc3\xa1nchez,650911,0.21428571428571427,0.07142857142857142,0.43478260869565216
2026-05-27,823295,27,9,0,50,15,100,PHI,SD,PHI,Cristopher S\xc3\xa1nchez,650911,0.3333333333333333,0.0,0.3
2026-06-03,823456,26,8,1,46,15,84,PHI,PHI,SD,Cristopher S\xc3\xa1nchez,650911,0.3076923076923077,0.038461538461538464,0.32608695652173914
2026-06-08,822806,26,10,1,59,17,107,PHI,TOR,PHI,Cristopher S\xc3\xa1nchez,650911,0.38461538461538464,0.038461538461538464,0.288135593220339
2026-06-14,823777,25,3,1,51,8,98,PHI,MIL,PHI,Cristopher S\xc3\xa1nchez,650911,0.12,0.04,0.1568627450980392
2026-06-20,823447,24,5,1,44,9,91,PHI,PHI,NYM,Cristopher S\xc3\xa1nchez,650911,0.20833333333333334,0.041666666666666664,0.20454545454545456
2026-06-25,822717,25,6,1,50,16,92,PHI,WSH,PHI,Cristopher S\xc3\xa1nchez,650911,0.24,0.04,0.32
2026-06-30,823445,26,9,2,55,22,92,PHI,PHI,PIT,Cristopher S\xc3\xa1nchez,650911,0.34615384615384615,0.07692307692307693,0.4
2026-03-30,823972,18,4,2,34,8,78,LAD,LAD,CLE,Roki Sasaki,808963,0.2222222222222222,0.1111111111111111,0.23529411764705882
2026-04-05,822756,23,5,3,44,12,90,LAD,WSH,LAD,Roki Sasaki,808963,0.21739130434782608,0.13043478260869565,0.2727272727272727
2026-04-12,823966,22,6,5,40,14,94,LAD,LAD,TEX,Roki Sasaki,808963,0.2727272727272727,0.22727272727272727,0.35
2026-04-19,824371,22,2,2,36,7,78,LAD,COL,LAD,Roki Sasaki,808963,0.09090909090909091,0.09090909090909091,0.19444444444444445
2026-04-25,823960,23,5,1,47,14,99,LAD,LAD,CHC,Roki Sasaki,808963,0.21739130434782608,0.043478260869565216,0.2978723404255319
2026-05-02,823067,26,4,2,50,10,104,LAD,STL,LAD,Roki Sasaki,808963,0.15384615384615385,0.07692307692307693,0.2
2026-05-11,823953,23,5,1,45,11,91,LAD,LAD,SF,Roki Sasaki,808963,0.21739130434782608,0.043478260869565216,0.24444444444444444
2026-05-17,824034,24,8,0,56,16,91,LAD,LAA,LAD,Roki Sasaki,808963,0.3333333333333333,0.0,0.2857142857142857
2026-05-23,823787,21,4,2,43,8,87,LAD,MIL,LAD,Roki Sasaki,808963,0.19047619047619047,0.09523809523809523,0.18604651162790697
2026-05-30,823945,20,7,1,51,18,84,LAD,LAD,PHI,Roki Sasaki,808963,0.35,0.05,0.35294117647058826
2026-06-05,823943,25,10,2,50,17,98,LAD,LAD,LAA,Roki Sasaki,808963,0.4,0.08,0.34
2026-06-12,824588,23,4,3,47,10,91,LAD,CWS,LAD,Roki Sasaki,808963,0.17391304347826086,0.13043478260869565,0.2127659574468085
2026-06-19,823936,21,6,1,48,16,90,LAD,LAD,BAL,Roki Sasaki,808963,0.2857142857142857,0.047619047619047616,0.3333333333333333
2026-06-26,823285,20,2,5,34,6,81,LAD,SD,LAD,Roki Sasaki,808963,0.1,0.25,0.17647058823529413
2026-03-31,822836,22,4,1,46,8,83,TOR,TOR,COL,Max Scherzer,453286,0.18181818181818182,0.045454545454545456,0.17391304347826086
2026-04-06,822832,9,2,1,19,4,36,TOR,TOR,LAD,Max Scherzer,453286,0.2222222222222222,0.1111111111111111,0.21052631578947367
2026-04-12,822828,15,3,2,30,4,68,TOR,TOR,MIN,Max Scherzer,453286,0.2,0.13333333333333333,0.13333333333333333
2026-04-18,825098,22,0,1,39,5,74,TOR,AZ,TOR,Max Scherzer,453286,0.0,0.045454545454545456,0.1282051282051282
2026-04-24,822827,16,0,3,39,1,83,TOR,TOR,CLE,Max Scherzer,453286,0.0,0.1875,0.02564102564102564
2026-06-10,822804,18,4,3,44,11,82,TOR,TOR,PHI,Max Scherzer,453286,0.2222222222222222,0.16666666666666666,0.25
2026-03-27,823243,17,8,0,41,13,69,NYY,SF,NYY,Cam Schlittler,693645,0.47058823529411764,0.0,0.3170731707317073
2026-04-01,823157,21,7,0,44,13,79,NYY,SEA,NYY,Cam Schlittler,693645,0.3333333333333333,0.0,0.29545454545454547
2026-04-07,823567,20,7,0,39,13,84,NYY,NYY,ATH,Cam Schlittler,693645,0.35,0.0,0.3333333333333333
2026-04-12,822998,23,8,1,55,17,86,NYY,TB,NYY,Cam Schlittler,693645,0.34782608695652173,0.043478260869565216,0.3090909090909091
2026-04-17,823559,24,6,2,55,13,93,NYY,NYY,KC,Cam Schlittler,693645,0.25,0.08333333333333333,0.23636363636363636
2026-04-23,824770,28,5,1,56,8,96,NYY,BOS,NYY,Cam Schlittler,693645,0.17857142857142858,0.03571428571428571,0.14285714285714285
2026-04-28,822908,23,8,2,50,17,93,NYY,TEX,NYY,Cam Schlittler,693645,0.34782608695652173,0.08695652173913043,0.34
2026-05-04,823552,25,4,3,48,11,95,NYY,NYY,BAL,Cam Schlittler,693645,0.16,0.12,0.22916666666666666
2026-05-09,823792,21,6,0,52,11,97,NYY,MIL,NYY,Cam Schlittler,693645,0.2857142857142857,0.0,0.21153846153846154
2026-05-15,823629,24,9,2,50,17,106,NYY,NYM,NYY,Cam Schlittler,693645,0.375,0.08333333333333333,0.34
2026-05-20,823547,27,7,2,61,14,106,NYY,NYY,TOR,Cam Schlittler,693645,0.25925925925925924,0.07407407407407407,0.22950819672131148
2026-05-26,824106,22,6,0,35,6,77,NYY,KC,NYY,Cam Schlittler,693645,0.2727272727272727,0.0,0.17142857142857143
2026-06-02,823541,20,3,0,36,5,76,NYY,NYY,CLE,Cam Schlittler,693645,0.15,0.0,0.1388888888888889
2026-06-07,823537,22,5,1,45,7,92,NYY,NYY,BOS,Cam Schlittler,693645,0.22727272727272727,0.045454545454545456,0.15555555555555556
2026-06-13,822802,29,7,4,54,10,101,NYY,TOR,NYY,Cam Schlittler,693645,0.2413793103448276,0.13793103448275862,0.18518518518518517
2026-06-19,823534,23,12,0,49,13,96,NYY,NYY,CIN,Cam Schlittler,693645,0.5217391304347826,0.0,0.2653061224489796
2026-06-25,824747,25,9,2,50,16,92,NYY,BOS,NYY,Cam Schlittler,693645,0.36,0.08,0.32
2026-06-30,823528,20,5,1,42,6,85,NYY,NYY,DET,Cam Schlittler,693645,0.25,0.05,0.14285714285714285
2026-04-14,824616,20,4,4,31,6,82,CWS,CWS,TB,Noah Schultz,702273,0.2,0.2,0.1935483870967742
2026-04-19,825018,18,6,1,33,8,82,CWS,ATH,CWS,Noah Schultz,702273,0.3333333333333333,0.05555555555555555,0.24242424242424243
2026-04-25,824613,25,8,4,32,10,85,CWS,CWS,WSH,Noah Schultz,702273,0.32,0.16,0.3125
2026-05-01,823309,22,2,3,38,6,87,CWS,SD,CWS,Noah Schultz,702273,0.09090909090909091,0.13636363636363635,0.15789473684210525
2026-05-06,824036,21,3,4,32,11,79,CWS,LAA,CWS,Noah Schultz,702273,0.14285714285714285,0.19047619047619047,0.34375
2026-05-13,824603,19,3,5,25,4,76,CWS,CWS,KC,Noah Schultz,702273,0.15789473684210525,0.2631578947368421,0.16
2026-05-18,823137,23,6,0,40,7,91,CWS,SEA,CWS,Noah Schultz,702273,0.2608695652173913,0.0,0.175
2026-05-24,823220,20,1,1,33,1,70,CWS,SF,CWS,Noah Schultz,702273,0.05,0.05,0.030303030303030304
2026-07-01,824818,18,7,4,43,14,87,CWS,BAL,CWS,Noah Schultz,702273,0.3888888888888889,0.2222222222222222,0.32558139534883723
2026-04-23,823639,10,1,5,13,2,43,NYM,NYM,MIN,Christian Scott,681035,0.1,0.5,0.15384615384615385
2026-05-01,824041,19,8,0,43,9,74,NYM,LAA,NYM,Christian Scott,681035,0.42105263157894735,0.0,0.20930232558139536
2026-05-07,824362,19,6,2,43,11,82,NYM,COL,NYM,Christian Scott,681035,0.3157894736842105,0.10526315789473684,0.2558139534883721
2026-05-13,823631,22,5,2,48,9,89,NYM,NYM,DET,Christian Scott,681035,0.22727272727272727,0.09090909090909091,0.1875
2026-05-18,822734,20,5,3,40,7,81,NYM,WSH,NYM,Christian Scott,681035,0.25,0.15,0.175
2026-05-24,823861,24,5,2,39,8,94,NYM,MIA,NYM,Christian Scott,681035,0.20833333333333334,0.08333333333333333,0.20512820512820512
2026-05-30,823622,21,8,2,41,10,97,NYM,NYM,MIA,Christian Scott,681035,0.38095238095238093,0.09523809523809523,0.24390243902439024
2026-06-05,823293,21,3,2,45,8,98,NYM,SD,NYM,Christian Scott,681035,0.14285714285714285,0.09523809523809523,0.17777777777777778
2026-06-11,823619,22,6,1,44,13,88,NYM,NYM,STL,Christian Scott,681035,0.2727272727272727,0.045454545454545456,0.29545454545454547
2026-06-27,823609,18,6,2,40,17,82,NYM,NYM,PHI,Christian Scott,681035,0.3333333333333333,0.1111111111111111,0.425
2026-03-31,823077,25,9,3,46,15,92,NYM,STL,NYM,Kodai Senga,673540,0.36,0.12,0.32608695652173914
2026-04-05,823238,22,7,2,37,10,88,NYM,SF,NYM,Kodai Senga,673540,0.3181818181818182,0.09090909090909091,0.2702702702702703
2026-04-11,823644,17,3,2,32,6,72,NYM,NYM,ATH,Kodai Senga,673540,0.17647058823529413,0.11764705882352941,0.1875
2026-04-17,824693,18,3,3,28,9,66,NYM,CHC,NYM,Kodai Senga,673540,0.16666666666666666,0.16666666666666666,0.32142857142857145
2026-04-26,823637,15,1,3,25,4,50,NYM,NYM,COL,Kodai Senga,673540,0.06666666666666667,0.2,0.16
2026-06-16,824504,17,4,4,37,11,82,NYM,CIN,NYM,Kodai Senga,673540,0.23529411764705882,0.23529411764705882,0.2972972972972973
2026-06-23,823614,20,6,5,43,12,98,NYM,NYM,CHC,Kodai Senga,673540,0.3,0.25,0.27906976744186046
2026-06-28,823608,20,4,1,46,10,80,NYM,NYM,PHI,Kodai Senga,673540,0.2,0.05,0.21739130434782608
2026-03-27,822839,20,3,3,43,7,84,ATH,TOR,ATH,Luis Severino,622663,0.15,0.15,0.16279069767441862
2026-04-01,824940,18,7,5,38,10,91,ATH,ATL,ATH,Luis Severino,622663,0.3888888888888889,0.2777777777777778,0.2631578947368421
2026-04-08,823564,22,7,5,39,10,100,ATH,NYY,ATH,Luis Severino,622663,0.3181818181818182,0.22727272727272727,0.2564102564102564
2026-04-13,825024,26,7,3,37,10,94,ATH,ATH,TEX,Luis Severino,622663,0.2692307692307692,0.11538461538461539,0.2702702702702703
2026-04-18,825020,25,3,4,41,5,96,ATH,ATH,CWS,Luis Severino,622663,0.12,0.16,0.12195121951219512
2026-04-24,822909,26,5,1,54,8,98,ATH,TEX,ATH,Luis Severino,622663,0.19230769230769232,0.038461538461538464,0.14814814814814814
2026-04-29,825015,25,8,2,52,11,103,ATH,ATH,KC,Luis Severino,622663,0.32,0.08,0.21153846153846154
2026-05-05,823469,24,3,2,48,9,102,ATH,PHI,ATH,Luis Severino,622663,0.125,0.08333333333333333,0.1875
2026-05-10,824845,25,4,4,41,6,102,ATH,BAL,ATH,Luis Severino,622663,0.16,0.16,0.14634146341463414
2026-05-16,825007,30,7,2,56,10,96,ATH,ATH,SF,Luis Severino,622663,0.23333333333333334,0.06666666666666667,0.17857142857142858
2026-05-21,824031,23,10,0,57,14,97,ATH,LAA,ATH,Luis Severino,622663,0.43478260869565216,0.0,0.24561403508771928
2026-05-29,825002,7,1,0,10,1,23,ATH,ATH,NYY,Luis Severino,622663,0.14285714285714285,0.0,0.1
2026-03-26,823081,5,0,0,10,1,21,TB,STL,TB,Ian Seymour,693855,0.0,0.0,0.1
2026-03-30,823809,3,1,0,4,2,8,TB,MIL,TB,Ian Seymour,693855,0.3333333333333333,0.0,0.5
2026-04-01,823806,6,2,0,19,6,32,TB,MIL,TB,Ian Seymour,693855,0.3333333333333333,0.0,0.3157894736842105
2026-04-06,823002,6,1,0,11,3,21,TB,TB,CHC,Ian Seymour,693855,0.16666666666666666,0.0,0.2727272727272727
2026-04-10,822997,3,1,0,9,3,17,TB,TB,NYY,Ian Seymour,693855,0.3333333333333333,0.0,0.3333333333333333
2026-04-11,822996,5,3,0,8,4,21,TB,TB,NYY,Ian Seymour,693855,0.6,0.0,0.5
2026-04-15,824615,6,1,2,9,3,25,TB,CWS,TB,Ian Seymour,693855,0.16666666666666666,0.3333333333333333,0.3333333333333333
2026-04-18,823394,7,3,0,12,5,23,TB,PIT,TB,Ian Seymour,693855,0.42857142857142855,0.0,0.4166666666666667
2026-04-19,823393,6,1,0,11,3,22,TB,PIT,TB,Ian Seymour,693855,0.16666666666666666,0.0,0.2727272727272727
2026-04-21,822995,4,1,1,5,2,15,TB,TB,CIN,Ian Seymour,693855,0.25,0.25,0.4
2026-04-27,824446,4,2,1,7,1,18,TB,CLE,TB,Ian Seymour,693855,0.5,0.25,0.14285714285714285
2026-04-28,824447,4,1,1,3,1,14,TB,CLE,TB,Ian Seymour,693855,0.25,0.25,0.3333333333333333
2026-05-01,822990,4,0,0,7,1,14,TB,TB,SF,Ian Seymour,693855,0.0,0.0,0.14285714285714285
2026-05-03,822987,3,0,0,7,2,8,TB,TB,SF,Ian Seymour,693855,0.0,0.0,0.2857142857142857
2026-05-04,822984,7,2,1,15,3,28,TB,TB,TOR,Ian Seymour,693855,0.2857142857142857,0.14285714285714285,0.2
2026-05-06,822985,3,1,0,7,1,11,TB,TB,TOR,Ian Seymour,693855,0.3333333333333333,0.0,0.14285714285714285
2026-05-11,822818,4,1,1,14,1,23,TB,TOR,TB,Ian Seymour,693855,0.25,0.25,0.07142857142857142
2026-05-12,822817,4,2,0,6,4,11,TB,TOR,TB,Ian Seymour,693855,0.5,0.0,0.6666666666666666
2026-05-15,822983,8,2,0,12,3,25,TB,TB,MIA,Ian Seymour,693855,0.25,0.0,0.25
2026-05-17,822982,2,1,0,4,2,7,TB,TB,MIA,Ian Seymour,693855,0.5,0.0,0.5
2026-05-19,822979,4,1,0,7,2,12,TB,TB,BAL,Ian Seymour,693855,0.25,0.0,0.2857142857142857
2026-05-20,822977,3,0,0,4,0,9,TB,TB,BAL,Ian Seymour,693855,0.0,0.0,0.0
2026-05-22,823546,7,2,0,14,3,29,TB,NYY,TB,Ian Seymour,693855,0.2857142857142857,0.0,0.21428571428571427
2026-05-25,824838,10,2,0,14,3,38,TB,BAL,TB,Ian Seymour,693855,0.2,0.0,0.21428571428571427
2026-05-30,822975,5,1,2,7,4,23,TB,TB,LAA,Ian Seymour,693855,0.2,0.4,0.5714285714285714
2026-06-02,822971,11,1,2,15,5,43,TB,TB,DET,Ian Seymour,693855,0.09090909090909091,0.18181818181818182,0.3333333333333333
2026-06-08,822972,14,5,1,25,8,55,TB,TB,BOS,Ian Seymour,693855,0.35714285714285715,0.07142857142857142,0.32
2026-06-14,824021,16,3,3,31,9,72,TB,LAA,TB,Ian Seymour,693855,0.1875,0.1875,0.2903225806451613
2026-06-20,822967,22,4,0,42,9,81,TB,TB,WSH,Ian Seymour,693855,0.18181818181818182,0.0,0.21428571428571427
2026-06-25,822961,21,7,1,51,10,90,TB,TB,KC,Ian Seymour,693855,0.3333333333333333,0.047619047619047616,0.19607843137254902
2026-03-27,823971,16,6,2,39,13,83,LAD,LAD,AZ,Emmet Sheehan,686218,0.375,0.125,0.3333333333333333
2026-04-03,822758,27,2,3,43,8,99,LAD,WSH,LAD,Emmet Sheehan,686218,0.07407407407407407,0.1111111111111111,0.18604651162790697
2026-04-11,823967,22,6,1,37,14,77,LAD,LAD,TEX,Emmet Sheehan,686218,0.2727272727272727,0.045454545454545456,0.3783783783783784
2026-04-18,824372,21,4,2,38,9,77,LAD,COL,LAD,Emmet Sheehan,686218,0.19047619047619047,0.09523809523809523,0.23684210526315788
2026-04-24,823962,24,10,1,53,20,101,LAD,LAD,CHC,Emmet Sheehan,686218,0.4166666666666667,0.041666666666666664,0.37735849056603776
2026-05-01,823066,22,8,0,52,19,97,LAD,STL,LAD,Emmet Sheehan,686218,0.36363636363636365,0.0,0.36538461538461536
2026-05-08,823957,20,7,1,57,13,88,LAD,LAD,ATL,Emmet Sheehan,686218,0.35,0.05,0.22807017543859648
2026-05-14,823950,23,6,2,52,18,98,LAD,LAD,SF,Emmet Sheehan,686218,0.2608695652173913,0.08695652173913043,0.34615384615384615
2026-05-19,823302,18,2,1,33,5,67,LAD,SD,LAD,Emmet Sheehan,686218,0.1111111111111111,0.05555555555555555,0.15151515151515152
2026-05-25,823948,24,8,1,47,17,92,LAD,LAD,COL,Emmet Sheehan,686218,0.3333333333333333,0.041666666666666664,0.3617021276595745
2026-06-01,825078,22,3,0,42,5,92,LAD,AZ,LAD,Emmet Sheehan,686218,0.13636363636363635,0.0,0.11904761904761904
2026-06-07,823941,9,2,2,28,9,49,LAD,LAD,LAA,Emmet Sheehan,686218,0.2222222222222222,0.2222222222222222,0.32142857142857145
2026-06-14,824586,21,8,1,40,12,85,LAD,CWS,LAD,Emmet Sheehan,686218,0.38095238095238093,0.047619047619047616,0.3
2026-06-21,823934,21,4,3,37,11,82,LAD,LAD,BAL,Emmet Sheehan,686218,0.19047619047619047,0.14285714285714285,0.2972972972972973
2026-06-28,823281,20,5,2,39,15,84,LAD,SD,LAD,Emmet Sheehan,686218,0.25,0.1,0.38461538461538464
2026-03-28,824540,20,5,2,25,10,74,CIN,CIN,BOS,Brady Singer,663903,0.25,0.1,0.4
2026-04-03,822919,22,5,1,41,6,87,CIN,TEX,CIN,Brady Singer,663903,0.22727272727272727,0.045454545454545456,0.14634146341463414
2026-04-08,823885,17,3,0,34,5,73,CIN,MIA,CIN,Brady Singer,663903,0.17647058823529413,0.0,0.14705882352941177
2026-04-14,824531,25,1,0,34,1,75,CIN,CIN,SF,Brady Singer,663903,0.04,0.0,0.029411764705882353
2026-04-19,823718,27,2,4,52,9,104,CIN,MIN,CIN,Brady Singer,663903,0.07407407407407407,0.14814814814814814,0.17307692307692307
2026-04-25,824527,24,3,0,47,13,94,CIN,CIN,DET,Brady Singer,663903,0.125,0.0,0.2765957446808511
2026-05-01,823389,19,1,2,27,3,56,CIN,PIT,CIN,Brady Singer,663903,0.05263157894736842,0.10526315789473684,0.1111111111111111
2026-05-06,824683,25,6,1,42,12,96,CIN,CHC,CIN,Brady Singer,663903,0.24,0.04,0.2857142857142857
2026-05-12,824521,18,2,1,31,7,75,CIN,CIN,WSH,Brady Singer,663903,0.1111111111111111,0.05555555555555555,0.22580645161290322
2026-05-17,824436,20,6,1,39,10,86,CIN,CLE,CIN,Brady Singer,663903,0.3,0.05,0.2564102564102564
2026-05-30,824513,22,2,4,36,7,94,CIN,CIN,ATL,Brady Singer,663903,0.09090909090909091,0.18181818181818182,0.19444444444444445
2026-06-05,823049,20,6,3,33,8,89,CIN,STL,CIN,Brady Singer,663903,0.3,0.15,0.24242424242424243
2026-06-10,823287,24,5,1,41,6,95,CIN,SD,CIN,Brady Singer,663903,0.20833333333333334,0.041666666666666664,0.14634146341463414
2026-06-16,824504,22,5,3,36,12,91,CIN,CIN,NYM,Brady Singer,663903,0.22727272727272727,0.13636363636363635,0.3333333333333333
2026-06-22,824502,25,7,2,40,13,106,CIN,CIN,MIL,Brady Singer,663903,0.28,0.08,0.325
2026-06-28,823362,24,6,0,52,15,98,CIN,PIT,CIN,Brady Singer,663903,0.25,0.0,0.28846153846153844
2026-03-26,823649,9,1,2,20,5,37,PIT,NYM,PIT,Paul Skenes,694973,0.1111111111111111,0.2222222222222222,0.25
2026-04-01,824536,20,5,2,42,11,77,PIT,CIN,PIT,Paul Skenes,694973,0.25,0.1,0.2619047619047619
2026-04-07,823402,23,6,2,36,7,87,PIT,PIT,SD,Paul Skenes,694973,0.2608695652173913,0.08695652173913043,0.19444444444444445
2026-04-13,823400,20,6,1,50,13,88,PIT,PIT,WSH,Paul Skenes,694973,0.3,0.05,0.26
2026-04-18,823394,16,5,0,32,4,64,PIT,PIT,TB,Paul Skenes,694973,0.3125,0.0,0.125
2026-04-24,823800,22,7,0,45,10,93,PIT,MIL,PIT,Paul Skenes,694973,0.3181818181818182,0.0,0.2222222222222222
2026-04-30,823391,23,9,0,55,14,102,PIT,PIT,STL,Paul Skenes,694973,0.391304347826087,0.0,0.2545454545454545
2026-05-06,825091,26,7,0,53,10,97,PIT,AZ,PIT,Paul Skenes,694973,0.2692307692307692,0.0,0.18867924528301888
2026-05-12,823385,27,10,0,54,18,98,PIT,PIT,COL,Paul Skenes,694973,0.37037037037037035,0.0,0.3333333333333333
2026-05-17,823381,23,7,1,43,9,92,PIT,PIT,PHI,Paul Skenes,694973,0.30434782608695654,0.043478260869565216,0.20930232558139536
2026-05-23,822814,24,2,1,50,6,98,PIT,TOR,PIT,Paul Skenes,694973,0.08333333333333333,0.041666666666666664,0.12
2026-05-28,823378,23,10,3,49,18,103,PIT,PIT,CHC,Paul Skenes,694973,0.43478260869565216,0.13043478260869565,0.3673469387755102
2026-06-03,824188,23,7,1,50,12,109,PIT,HOU,PIT,Paul Skenes,694973,0.30434782608695654,0.043478260869565216,0.24
2026-06-09,823374,25,7,2,48,16,103,PIT,PIT,LAD,Paul Skenes,694973,0.28,0.08,0.3333333333333333
2026-06-14,823368,23,10,1,54,20,104,PIT,PIT,MIA,Paul Skenes,694973,0.43478260869565216,0.043478260869565216,0.37037037037037035
2026-06-20,824342,24,8,2,53,18,104,PIT,COL,PIT,Paul Skenes,694973,0.3333333333333333,0.08333333333333333,0.33962264150943394
2026-06-26,823363,23,7,2,51,13,96,PIT,PIT,CIN,Paul Skenes,694973,0.30434782608695654,0.08695652173913043,0.2549019607843137
2026-07-01,823446,22,5,2,44,10,81,PIT,PHI,PIT,Paul Skenes,694973,0.22727272727272727,0.09090909090909091,0.22727272727272727
2026-03-26,823325,22,6,0,35,10,74,DET,SD,DET,Tarik Skubal,669373,0.2727272727272727,0.0,0.2857142857142857
2026-04-01,825106,25,3,0,44,6,87,DET,AZ,DET,Tarik Skubal,669373,0.12,0.0,0.13636363636363635
2026-04-07,823727,24,7,2,50,17,96,DET,MIN,DET,Tarik Skubal,669373,0.2916666666666667,0.08333333333333333,0.34
2026-04-12,824293,24,7,2,44,11,96,DET,DET,MIA,Tarik Skubal,669373,0.2916666666666667,0.08333333333333333,0.25
2026-04-18,824775,23,10,2,43,18,89,DET,BOS,DET,Tarik Skubal,669373,0.43478260869565216,0.08695652173913043,0.4186046511627907
2026-04-23,824288,24,5,0,56,11,94,DET,DET,MIL,Tarik Skubal,669373,0.20833333333333334,0.0,0.19642857142857142
2026-04-29,824930,24,7,0,47,13,91,DET,ATL,DET,Tarik Skubal,669373,0.2916666666666667,0.0,0.2765957446808511
2026-06-13,824426,21,4,1,38,9,80,DET,CLE,DET,Tarik Skubal,669373,0.19047619047619047,0.047619047619047616,0.23684210526315788
2026-06-19,824264,26,8,1,50,13,94,DET,DET,CWS,Tarik Skubal,669373,0.3076923076923077,0.038461538461538464,0.26
2026-06-24,824259,22,9,0,52,20,85,DET,DET,NYY,Tarik Skubal,669373,0.4090909090909091,0.0,0.38461538461538464
2026-06-30,823528,20,9,0,46,13,87,DET,NYY,DET,Tarik Skubal,669373,0.45,0.0,0.2826086956521739
2026-03-26,824218,24,7,3,46,17,95,LAA,HOU,LAA,Jos\xc3\xa9 Soriano,667755,0.2916666666666667,0.125,0.3695652173913043
2026-03-31,824699,21,4,2,36,10,90,LAA,CHC,LAA,Jos\xc3\xa9 Soriano,667755,0.19047619047619047,0.09523809523809523,0.2777777777777778
2026-04-06,824052,26,10,0,48,13,97,LAA,LAA,ATL,Jos\xc3\xa9 Soriano,667755,0.38461538461538464,0.0,0.2708333333333333
2026-04-12,824533,26,10,3,46,9,106,LAA,CIN,LAA,Jos\xc3\xa9 Soriano,667755,0.38461538461538464,0.11538461538461539,0.1956521739130435
2026-04-17,824048,23,8,4,36,13,99,LAA,LAA,SD,Jos\xc3\xa9 Soriano,667755,0.34782608695652173,0.17391304347826086,0.3611111111111111
2026-04-22,824044,20,4,0,45,14,84,LAA,LAA,TOR,Jos\xc3\xa9 Soriano,667755,0.2,0.0,0.3111111111111111
2026-04-28,824610,24,6,3,52,17,97,LAA,CWS,LAA,Jos\xc3\xa9 Soriano,667755,0.25,0.125,0.3269230769230769
2026-05-04,824039,23,5,3,36,10,88,LAA,LAA,CWS,Jos\xc3\xa9 Soriano,667755,0.21739130434782608,0.13043478260869565,0.2777777777777778
2026-05-10,822819,29,7,1,49,11,103,LAA,TOR,LAA,Jos\xc3\xa9 Soriano,667755,0.2413793103448276,0.034482758620689655,0.22448979591836735
2026-05-16,824038,24,6,6,36,16,92,LAA,LAA,LAD,Jos\xc3\xa9 Soriano,667755,0.25,0.25,0.4444444444444444
2026-05-21,824031,26,7,1,56,14,103,LAA,LAA,ATH,Jos\xc3\xa9 Soriano,667755,0.2692307692307692,0.038461538461538464,0.25
2026-05-27,824270,24,4,4,47,13,105,LAA,DET,LAA,Jos\xc3\xa9 Soriano,667755,0.16666666666666666,0.16666666666666666,0.2765957446808511
2026-06-01,824027,25,6,7,47,19,108,LAA,LAA,COL,Jos\xc3\xa9 Soriano,667755,0.24,0.28,0.40425531914893614
2026-06-07,823941,27,2,2,45,8,88,LAA,LAD,LAA,Jos\xc3\xa9 Soriano,667755,0.07407407407407407,0.07407407407407407,0.17777777777777778
2026-06-13,824019,19,5,2,36,10,76,LAA,LAA,TB,Jos\xc3\xa9 Soriano,667755,0.2631578947368421,0.10526315789473684,0.2777777777777778
2026-06-19,824990,24,6,4,44,16,105,LAA,ATH,LAA,Jos\xc3\xa9 Soriano,667755,0.25,0.16666666666666666,0.36363636363636365
2026-06-24,824018,17,4,2,29,9,69,LAA,LAA,BAL,Jos\xc3\xa9 Soriano,667755,0.23529411764705882,0.11764705882352941,0.3103448275862069
2026-06-30,823122,22,9,1,50,13,91,LAA,SEA,LAA,Jos\xc3\xa9 Soriano,667755,0.4090909090909091,0.045454545454545456,0.26
2026-03-30,825108,20,10,1,39,12,89,AZ,AZ,DET,Michael Soroka,647336,0.5,0.05,0.3076923076923077
2026-04-04,825104,22,3,3,38,6,91,AZ,AZ,ATL,Michael Soroka,647336,0.13636363636363635,0.13636363636363635,0.15789473684210525
2026-04-10,823482,26,10,2,44,13,93,AZ,PHI,AZ,Michael Soroka,647336,0.38461538461538464,0.07692307692307693,0.29545454545454547
2026-04-17,825101,26,5,0,54,7,94,AZ,AZ,TOR,Michael Soroka,647336,0.19230769230769232,0.0,0.12962962962962962
2026-04-23,825096,22,6,1,54,11,101,AZ,AZ,CWS,Michael Soroka,647336,0.2727272727272727,0.045454545454545456,0.2037037037037037
2026-04-30,823795,21,2,2,34,3,79,AZ,MIL,AZ,Michael Soroka,647336,0.09523809523809523,0.09523809523809523,0.08823529411764706
2026-05-06,825091,27,6,2,50,14,93,AZ,AZ,PIT,Michael Soroka,647336,0.2222222222222222,0.07407407407407407,0.28
2026-05-11,822901,22,4,1,43,8,89,AZ,TEX,AZ,Michael Soroka,647336,0.18181818181818182,0.045454545454545456,0.18604651162790697
2026-05-17,824358,25,8,2,50,13,98,AZ,COL,AZ,Michael Soroka,647336,0.32,0.08,0.26
2026-05-22,825082,23,2,0,48,6,78,AZ,AZ,COL,Michael Soroka,647336,0.08695652173913043,0.0,0.125
2026-05-27,823217,22,3,0,42,4,83,AZ,SF,AZ,Michael Soroka,647336,0.13636363636363635,0.0,0.09523809523809523
2026-06-02,825079,25,6,1,51,9,100,AZ,AZ,LAD,Michael Soroka,647336,0.24,0.04,0.17647058823529413
2026-06-07,825074,26,6,2,40,5,100,AZ,AZ,WSH,Michael Soroka,647336,0.23076923076923078,0.07692307692307693,0.125
2026-06-13,824508,23,7,0,47,11,93,AZ,CIN,AZ,Michael Soroka,647336,0.30434782608695654,0.0,0.23404255319148937
2026-06-19,825069,4,0,0,5,0,9,AZ,AZ,MIN,Michael Soroka,647336,0.0,0.0,0.0
2026-03-28,822838,22,2,3,35,4,83,ATH,TOR,ATH,Jeffrey Springs,605488,0.09090909090909091,0.13636363636363635,0.11428571428571428
2026-04-03,825026,21,7,1,46,11,103,ATH,ATH,HOU,Jeffrey Springs,605488,0.3333333333333333,0.047619047619047616,0.2391304347826087
2026-04-09,823565,25,6,2,39,12,93,ATH,NYY,ATH,Jeffrey Springs,605488,0.24,0.08,0.3076923076923077
2026-04-14,825022,23,5,2,32,6,90,ATH,ATH,TEX,Jeffrey Springs,605488,0.21739130434782608,0.08695652173913043,0.1875
2026-04-19,825018,25,7,1,43,12,85,ATH,ATH,CWS,Jeffrey Springs,605488,0.28,0.04,0.27906976744186046
2026-04-25,822910,26,4,2,38,8,91,ATH,TEX,ATH,Jeffrey Springs,605488,0.15384615384615385,0.07692307692307693,0.21052631578947367
2026-04-30,825016,16,4,1,32,10,67,ATH,ATH,KC,Jeffrey Springs,605488,0.25,0.0625,0.3125
2026-05-06,823470,23,4,0,44,7,75,ATH,PHI,ATH,Jeffrey Springs,605488,0.17391304347826086,0.0,0.1590909090909091
2026-05-12,825011,25,5,3,47,10,98,ATH,ATH,STL,Jeffrey Springs,605488,0.2,0.12,0.2127659574468085
2026-05-17,825006,24,3,1,44,7,92,ATH,ATH,SF,Jeffrey Springs,605488,0.125,0.041666666666666664,0.1590909090909091
2026-05-22,823298,24,3,3,49,11,95,ATH,SD,ATH,Jeffrey Springs,605488,0.125,0.125,0.22448979591836735
2026-05-27,825003,23,7,1,46,12,84,ATH,ATH,SEA,Jeffrey Springs,605488,0.30434782608695654,0.043478260869565216,0.2608695652173913
2026-06-03,824671,18,3,1,39,2,86,ATH,CHC,ATH,Jeffrey Springs,605488,0.16666666666666666,0.05555555555555555,0.05128205128205128
2026-06-08,824998,25,3,2,41,3,99,ATH,ATH,MIL,Jeffrey Springs,605488,0.12,0.08,0.07317073170731707
2026-06-14,824994,20,5,0,39,9,77,ATH,ATH,COL,Jeffrey Springs,605488,0.25,0.0,0.23076923076923078
2026-06-19,824990,18,4,4,38,13,86,ATH,ATH,LAA,Jeffrey Springs,605488,0.2222222222222222,0.2222222222222222,0.34210526315789475
2026-06-25,823209,21,6,2,46,15,87,ATH,SF,ATH,Jeffrey Springs,605488,0.2857142857142857,0.09523809523809523,0.32608695652173914
2026-06-30,824984,28,2,4,41,7,92,ATH,ATH,LAD,Jeffrey Springs,605488,0.07142857142857142,0.14285714285714285,0.17073170731707318
2026-03-29,823810,18,3,4,40,6,86,MIL,MIL,CWS,Brandon Sproat,687075,0.16666666666666666,0.2222222222222222,0.15
2026-04-04,824134,17,4,3,26,4,71,MIL,KC,MIL,Brandon Sproat,687075,0.23529411764705882,0.17647058823529413,0.15384615384615385
2026-04-11,823805,15,3,3,28,4,65,MIL,MIL,WSH,Brandon Sproat,687075,0.2,0.2,0.14285714285714285
2026-04-16,823801,24,6,1,41,11,75,MIL,MIL,TOR,Brandon Sproat,687075,0.25,0.041666666666666664,0.2682926829268293
2026-04-23,824288,21,4,2,33,9,76,MIL,DET,MIL,Brandon Sproat,687075,0.19047619047619047,0.09523809523809523,0.2727272727272727
2026-04-29,823796,20,5,2,36,6,82,MIL,MIL,AZ,Brandon Sproat,687075,0.25,0.1,0.16666666666666666
2026-05-06,823063,16,5,3,27,11,76,MIL,STL,MIL,Brandon Sproat,687075,0.3125,0.1875,0.4074074074074074
2026-05-12,823790,23,6,2,41,13,85,MIL,MIL,SD,Brandon Sproat,687075,0.2608695652173913,0.08695652173913043,0.3170731707317073
2026-05-18,824680,21,5,3,26,5,78,MIL,CHC,MIL,Brandon Sproat,687075,0.23809523809523808,0.14285714285714285,0.19230769230769232
2026-05-24,823786,21,7,4,44,11,89,MIL,MIL,LAD,Brandon Sproat,687075,0.3333333333333333,0.19047619047619047,0.25
2026-05-30,824190,21,4,0,40,5,95,MIL,HOU,MIL,Brandon Sproat,687075,0.19047619047619047,0.0,0.125
2026-06-05,824350,23,2,2,42,6,87,MIL,COL,MIL,Brandon Sproat,687075,0.08695652173913043,0.08695652173913043,0.14285714285714285
2026-06-10,824996,21,3,1,34,7,68,MIL,ATH,MIL,Brandon Sproat,687075,0.14285714285714285,0.047619047619047616,0.20588235294117646
2026-06-17,823774,15,6,2,28,13,65,MIL,MIL,CLE,Brandon Sproat,687075,0.4,0.13333333333333333,0.4642857142857143
2026-06-23,824501,19,10,0,47,16,80,MIL,CIN,MIL,Brandon Sproat,687075,0.5263157894736842,0.0,0.3404255319148936
2026-06-30,823768,22,7,2,53,11,106,MIL,MIL,CIN,Brandon Sproat,687075,0.3181818181818182,0.09090909090909091,0.20754716981132076
2026-05-03,824364,19,6,5,41,11,87,ATL,COL,ATL,Spencer Strider,675911,0.3157894736842105,0.2631578947368421,0.2682926829268293
2026-05-09,823955,21,8,2,41,13,91,ATL,LAD,ATL,Spencer Strider,675911,0.38095238095238093,0.09523809523809523,0.3170731707317073
2026-05-15,824925,18,4,3,36,12,84,ATL,ATL,BOS,Spencer Strider,675911,0.2222222222222222,0.16666666666666666,0.3333333333333333
2026-05-21,823864,24,9,2,48,15,100,ATL,MIA,ATL,Spencer Strider,675911,0.375,0.08333333333333333,0.3125
2026-05-26,824758,21,5,3,38,10,87,ATL,BOS,ATL,Spencer Strider,675911,0.23809523809523808,0.14285714285714285,0.2631578947368421
2026-05-31,824512,24,8,2,41,11,90,ATL,CIN,ATL,Spencer Strider,675911,0.3333333333333333,0.08333333333333333,0.2682926829268293
2026-06-06,824915,21,3,2,43,6,84,ATL,ATL,PIT,Spencer Strider,675911,0.14285714285714285,0.09523809523809523,0.13953488372093023
2026-06-12,823617,17,3,1,33,6,68,ATL,NYM,ATL,Spencer Strider,675911,0.17647058823529413,0.058823529411764705,0.18181818181818182
2026-03-30,824214,20,3,1,33,6,76,BOS,HOU,BOS,Ranger Suarez,624133,0.15,0.05,0.18181818181818182
2026-04-05,824781,18,2,2,39,6,77,BOS,BOS,SD,Ranger Suarez,624133,0.1111111111111111,0.1111111111111111,0.15384615384615385
2026-04-11,823074,22,6,2,36,7,84,BOS,STL,BOS,Ranger Suarez,624133,0.2727272727272727,0.09090909090909091,0.19444444444444445
2026-04-17,824778,26,4,1,39,4,93,BOS,BOS,DET,Ranger Suarez,624133,0.15384615384615385,0.038461538461538464,0.10256410256410256
2026-04-22,824774,21,4,2,34,8,71,BOS,BOS,NYY,Ranger Suarez,624133,0.19047619047619047,0.09523809523809523,0.23529411764705882
2026-04-27,822825,25,10,1,46,14,105,BOS,TOR,BOS,Ranger Suarez,624133,0.4,0.04,0.30434782608695654
2026-05-03,824769,16,3,1,33,6,70,BOS,BOS,HOU,Ranger Suarez,624133,0.1875,0.0625,0.18181818181818182
2026-05-14,824762,21,8,1,37,10,76,BOS,BOS,PHI,Ranger Suarez,624133,0.38095238095238093,0.047619047619047616,0.2702702702702703
2026-05-19,824112,19,3,3,30,6,81,BOS,KC,BOS,Ranger Suarez,624133,0.15789473684210525,0.15789473684210525,0.2
2026-05-26,824758,25,4,3,47,6,91,BOS,BOS,ATL,Ranger Suarez,624133,0.16,0.12,0.1276595744680851
2026-05-31,824430,25,10,2,42,17,93,BOS,CLE,BOS,Ranger Suarez,624133,0.4,0.08,0.40476190476190477
2026-06-07,823537,25,6,0,45,13,90,BOS,NYY,BOS,Ranger Suarez,624133,0.24,0.0,0.28888888888888886
2026-06-13,824749,23,7,2,44,9,97,BOS,BOS,TEX,Ranger Suarez,624133,0.30434782608695654,0.08695652173913043,0.20454545454545456
2026-06-19,823124,24,5,3,39,10,94,BOS,SEA,BOS,Ranger Suarez,624133,0.20833333333333334,0.125,0.2564102564102564
2026-06-24,824341,27,9,1,50,11,102,BOS,COL,BOS,Ranger Suarez,624133,0.3333333333333333,0.037037037037037035,0.22
2026-06-29,824741,24,8,1,40,12,95,BOS,BOS,WSH,Ranger Suarez,624133,0.3333333333333333,0.041666666666666664,0.3
2026-03-30,822834,18,4,2,35,9,73,COL,TOR,COL,Tomoyuki Sugano,608372,0.2222222222222222,0.1111111111111111,0.2571428571428571
2026-04-05,824379,23,5,1,41,8,78,COL,COL,PHI,Tomoyuki Sugano,608372,0.21739130434782608,0.043478260869565216,0.1951219512195122
2026-04-10,823318,22,3,0,41,8,81,COL,SD,COL,Tomoyuki Sugano,608372,0.13636363636363635,0.0,0.1951219512195122
2026-04-17,824373,23,3,2,40,8,92,COL,COL,LAD,Tomoyuki Sugano,608372,0.13043478260869565,0.08695652173913043,0.2
2026-04-22,824367,23,4,1,46,7,101,COL,COL,SD,Tomoyuki Sugano,608372,0.17391304347826086,0.043478260869565216,0.15217391304347827
2026-04-29,824525,22,2,3,36,5,92,COL,CIN,COL,Tomoyuki Sugano,608372,0.09090909090909091,0.13636363636363635,0.1388888888888889
2026-05-04,824363,20,1,2,29,2,61,COL,COL,NYM,Tomoyuki Sugano,608372,0.05,0.1,0.06896551724137931
2026-05-10,823463,22,2,1,35,6,81,COL,PHI,COL,Tomoyuki Sugano,608372,0.09090909090909091,0.045454545454545456,0.17142857142857143
2026-05-16,824359,22,1,2,35,3,88,COL,COL,AZ,Tomoyuki Sugano,608372,0.045454545454545456,0.09090909090909091,0.08571428571428572
2026-05-22,825082,27,3,1,43,5,97,COL,AZ,COL,Tomoyuki Sugano,608372,0.1111111111111111,0.037037037037037035,0.11627906976744186
2026-05-27,823947,20,3,1,30,3,83,COL,LAD,COL,Tomoyuki Sugano,608372,0.15,0.05,0.1
2026-06-02,824026,23,5,2,44,8,96,COL,LAA,COL,Tomoyuki Sugano,608372,0.21739130434782608,0.08695652173913043,0.18181818181818182
2026-06-09,824347,22,3,2,42,10,93,COL,COL,CHC,Tomoyuki Sugano,608372,0.13636363636363635,0.09090909090909091,0.23809523809523808
2026-06-14,824994,26,2,2,44,10,97,COL,ATH,COL,Tomoyuki Sugano,608372,0.07692307692307693,0.07692307692307693,0.22727272727272727
2026-06-20,824342,22,5,0,50,9,85,COL,COL,PIT,Tomoyuki Sugano,608372,0.22727272727272727,0.0,0.18
2026-06-26,823688,23,2,1,33,5,85,COL,MIN,COL,Tomoyuki Sugano,608372,0.08695652173913043,0.043478260869565216,0.15151515151515152
2026-06-12,824997,12,2,0,29,4,49,COL,ATH,COL,Sean Sullivan,807743,0.16666666666666666,0.0,0.13793103448275862
2026-06-17,824668,23,2,2,40,2,82,COL,CHC,COL,Sean Sullivan,807743,0.08695652173913043,0.08695652173913043,0.05
2026-06-23,824340,24,3,5,40,9,94,COL,COL,BOS,Sean Sullivan,807743,0.125,0.20833333333333334,0.225
2026-06-29,824339,23,5,2,39,7,82,COL,COL,MIA,Sean Sullivan,807743,0.21739130434782608,0.08695652173913043,0.1794871794871795
2026-03-31,824699,20,3,3,36,11,89,CHC,CHC,LAA,Jameson Taillon,592791,0.15,0.15,0.3055555555555556
2026-04-06,823002,25,4,0,38,7,83,CHC,TB,CHC,Jameson Taillon,592791,0.16,0.0,0.18421052631578946
2026-04-12,824696,26,10,2,39,13,102,CHC,CHC,PIT,Jameson Taillon,592791,0.38461538461538464,0.07692307692307693,0.3333333333333333
2026-04-18,824694,24,4,3,48,13,100,CHC,CHC,NYM,Jameson Taillon,592791,0.16666666666666666,0.125,0.2708333333333333
2026-04-24,823962,22,4,3,39,7,85,CHC,LAD,CHC,Jameson Taillon,592791,0.18181818181818182,0.13636363636363635,0.1794871794871795
2026-04-29,823312,25,6,1,44,7,95,CHC,SD,CHC,Jameson Taillon,592791,0.24,0.04,0.1590909090909091
2026-05-05,824682,23,5,1,38,8,100,CHC,CHC,CIN,Jameson Taillon,592791,0.21739130434782608,0.043478260869565216,0.21052631578947367
2026-05-10,822902,22,4,2,50,14,90,CHC,TEX,CHC,Jameson Taillon,592791,0.18181818181818182,0.09090909090909091,0.28
2026-05-16,824600,24,2,1,44,9,90,CHC,CWS,CHC,Jameson Taillon,592791,0.08333333333333333,0.041666666666666664,0.20454545454545456
2026-05-22,824679,23,5,1,47,12,90,CHC,CHC,HOU,Jameson Taillon,592791,0.21739130434782608,0.043478260869565216,0.2553191489361702
2026-05-27,823376,21,4,2,35,9,75,CHC,PIT,CHC,Jameson Taillon,592791,0.19047619047619047,0.09523809523809523,0.2571428571428571
2026-06-02,824675,26,6,1,56,16,99,CHC,CHC,ATH,Jameson Taillon,592791,0.23076923076923078,0.038461538461538464,0.2857142857142857
2026-06-07,824670,7,2,2,11,3,35,CHC,CHC,SF,Jameson Taillon,592791,0.2857142857142857,0.2857142857142857,0.2727272727272727
2026-03-28,823811,6,1,1,11,1,26,CWS,MIL,CWS,Grant Taylor,691799,0.16666666666666666,0.16666666666666666,0.09090909090909091
2026-03-29,823810,5,3,1,10,1,24,CWS,MIL,CWS,Grant Taylor,691799,0.6,0.2,0.1
2026-04-03,824621,3,1,0,7,4,9,CWS,CWS,TOR,Grant Taylor,691799,0.3333333333333333,0.0,0.5714285714285714
2026-04-04,824622,3,1,0,4,1,9,CWS,CWS,TOR,Grant Taylor,691799,0.3333333333333333,0.0,0.25
2026-04-06,824619,4,1,0,6,1,16,CWS,CWS,BAL,Grant Taylor,691799,0.25,0.0,0.16666666666666666
2026-04-09,824130,6,1,0,11,2,22,CWS,KC,CWS,Grant Taylor,691799,0.16666666666666666,0.0,0.18181818181818182
2026-04-12,824126,6,2,0,15,3,27,CWS,KC,CWS,Grant Taylor,691799,0.3333333333333333,0.0,0.2
2026-04-16,824614,6,3,1,17,4,35,CWS,CWS,TB,Grant Taylor,691799,0.5,0.16666666666666666,0.23529411764705882
2026-04-19,825018,9,3,1,19,4,39,CWS,ATH,CWS,Grant Taylor,691799,0.3333333333333333,0.1111111111111111,0.21052631578947367
2026-04-23,825096,7,3,0,15,5,26,CWS,AZ,CWS,Grant Taylor,691799,0.42857142857142855,0.0,0.3333333333333333
2026-04-25,824613,3,2,0,4,3,9,CWS,CWS,WSH,Grant Taylor,691799,0.6666666666666666,0.0,0.75
2026-04-27,824609,8,2,0,19,5,35,CWS,CWS,LAA,Grant Taylor,691799,0.25,0.0,0.2631578947368421
2026-05-02,823308,7,2,2,10,0,30,CWS,SD,CWS,Grant Taylor,691799,0.2857142857142857,0.2857142857142857,0.0
2026-05-06,824036,5,1,1,9,4,20,CWS,LAA,CWS,Grant Taylor,691799,0.2,0.2,0.4444444444444444
2026-05-09,824606,7,3,1,13,3,35,CWS,CWS,SEA,Grant Taylor,691799,0.42857142857142855,0.14285714285714285,0.23076923076923078
2026-05-12,824604,8,3,0,17,4,28,CWS,CWS,KC,Grant Taylor,691799,0.375,0.0,0.23529411764705882
2026-05-15,824601,3,2,0,9,3,15,CWS,CWS,CHC,Grant Taylor,691799,0.6666666666666666,0.0,0.3333333333333333
2026-05-17,824599,6,1,0,13,4,25,CWS,CWS,CHC,Grant Taylor,691799,0.16666666666666666,0.0,0.3076923076923077
2026-05-19,823136,3,3,0,5,4,13,CWS,SEA,CWS,Grant Taylor,691799,1.0,0.0,0.8
2026-05-24,823220,3,0,1,7,1,16,CWS,SF,CWS,Grant Taylor,691799,0.0,0.3333333333333333,0.14285714285714285
2026-05-25,824598,4,1,0,9,3,16,CWS,CWS,MIN,Grant Taylor,691799,0.25,0.0,0.3333333333333333
2026-05-28,824595,4,1,0,8,2,14,CWS,CWS,MIN,Grant Taylor,691799,0.25,0.0,0.25
2026-05-30,824593,6,4,0,16,3,31,CWS,CWS,DET,Grant Taylor,691799,0.6666666666666666,0.0,0.1875
2026-06-03,823701,7,3,0,13,5,25,CWS,MIN,CWS,Grant Taylor,691799,0.42857142857142855,0.0,0.38461538461538464
2026-06-06,823454,3,3,0,11,5,14,CWS,PHI,CWS,Grant Taylor,691799,1.0,0.0,0.45454545454545453
2026-06-09,824591,8,1,0,14,3,21,CWS,CWS,ATL,Grant Taylor,691799,0.125,0.0,0.21428571428571427
2026-06-14,824586,8,1,0,13,1,30,CWS,CWS,LAD,Grant Taylor,691799,0.125,0.0,0.07692307692307693
2026-06-21,824260,5,1,1,6,1,20,CWS,DET,CWS,Grant Taylor,691799,0.2,0.2,0.16666666666666666
2026-06-22,824585,7,2,2,12,5,30,CWS,CWS,CLE,Grant Taylor,691799,0.2857142857142857,0.2857142857142857,0.4166666666666667
2026-06-24,824583,5,1,0,9,3,17,CWS,CWS,CLE,Grant Taylor,691799,0.2,0.0,0.3333333333333333
2026-06-27,824581,6,4,0,9,4,19,CWS,CWS,KC,Grant Taylor,691799,0.6666666666666666,0.0,0.4444444444444444
2026-06-29,824822,6,2,0,13,6,24,CWS,BAL,CWS,Grant Taylor,691799,0.3333333333333333,0.0,0.46153846153846156
2026-03-28,824213,9,2,1,11,4,39,HOU,HOU,LAA,Kai-Wei Teng,678906,0.2222222222222222,0.1111111111111111,0.36363636363636365
2026-04-01,824211,4,1,0,7,0,14,HOU,HOU,BOS,Kai-Wei Teng,678906,0.25,0.0,0.0
2026-04-04,825027,9,3,0,14,4,33,HOU,ATH,HOU,Kai-Wei Teng,678906,0.3333333333333333,0.0,0.2857142857142857
2026-04-07,824375,3,0,0,5,1,7,HOU,COL,HOU,Kai-Wei Teng,678906,0.0,0.0,0.2
2026-04-08,824374,4,1,0,7,0,18,HOU,COL,HOU,Kai-Wei Teng,678906,0.25,0.0,0.0
2026-04-11,823155,3,2,1,10,2,20,HOU,SEA,HOU,Kai-Wei Teng,678906,0.6666666666666666,0.3333333333333333,0.2
2026-04-14,824210,6,2,2,16,5,30,HOU,HOU,COL,Kai-Wei Teng,678906,0.3333333333333333,0.3333333333333333,0.3125
2026-04-16,824208,7,0,0,13,1,21,HOU,HOU,COL,Kai-Wei Teng,678906,0.0,0.0,0.07692307692307693
2026-04-19,824205,8,3,1,16,6,35,HOU,HOU,STL,Kai-Wei Teng,678906,0.375,0.125,0.375
2026-04-21,824448,8,2,1,12,2,31,HOU,CLE,HOU,Kai-Wei Teng,678906,0.25,0.125,0.16666666666666666
2026-04-25,824203,3,0,0,3,0,9,HOU,HOU,NYY,Kai-Wei Teng,678906,0.0,0.0,0.0
2026-04-28,824849,13,2,0,21,3,42,HOU,BAL,HOU,Kai-Wei Teng,678906,0.15384615384615385,0.0,0.14285714285714285
2026-05-02,824771,5,2,1,7,2,23,HOU,BOS,HOU,Kai-Wei Teng,678906,0.4,0.2,0.2857142857142857
2026-05-04,824201,7,2,0,16,5,31,HOU,HOU,LAD,Kai-Wei Teng,678906,0.2857142857142857,0.0,0.3125
2026-05-10,824520,15,1,1,26,4,63,HOU,CIN,HOU,Kai-Wei Teng,678906,0.06666666666666667,0.06666666666666667,0.15384615384615385
2026-05-16,824193,22,7,4,27,11,76,HOU,HOU,TEX,Kai-Wei Teng,678906,0.3181818181818182,0.18181818181818182,0.4074074074074074
2026-05-23,824674,21,6,3,33,10,89,HOU,CHC,HOU,Kai-Wei Teng,678906,0.2857142857142857,0.14285714285714285,0.30303030303030304
2026-05-29,824191,22,7,4,43,13,91,HOU,HOU,MIL,Kai-Wei Teng,678906,0.3181818181818182,0.18181818181818182,0.3023255813953488
2026-06-04,824185,23,1,2,46,10,87,HOU,HOU,PIT,Kai-Wei Teng,678906,0.043478260869565216,0.08695652173913043,0.21739130434782608
2026-06-09,824023,25,5,3,39,11,93,HOU,LAA,HOU,Kai-Wei Teng,678906,0.2,0.12,0.28205128205128205
2026-06-15,824181,20,9,2,30,14,81,HOU,HOU,DET,Kai-Wei Teng,678906,0.45,0.1,0.4666666666666667
2026-06-21,824177,23,4,1,44,9,83,HOU,HOU,CLE,Kai-Wei Teng,678906,0.17391304347826086,0.043478260869565216,0.20454545454545456
2026-06-27,824257,22,1,1,34,4,58,HOU,DET,HOU,Kai-Wei Teng,678906,0.045454545454545456,0.045454545454545456,0.11764705882352941
2026-04-23,824770,22,11,1,44,18,93,BOS,BOS,NYY,Payton Tolle,801139,0.5,0.045454545454545456,0.4090909090909091
2026-04-28,822823,20,4,4,32,6,68,BOS,TOR,BOS,Payton Tolle,801139,0.2,0.2,0.1875
2026-05-04,824283,25,8,1,42,8,83,BOS,DET,BOS,Payton Tolle,801139,0.32,0.04,0.19047619047619047
2026-05-10,824765,20,4,0,51,10,81,BOS,BOS,TB,Payton Tolle,801139,0.2,0.0,0.19607843137254902
2026-05-16,824924,28,3,1,44,6,85,BOS,ATL,BOS,Payton Tolle,801139,0.10714285714285714,0.03571428571428571,0.13636363636363635
2026-05-22,824761,25,9,2,47,14,85,BOS,BOS,MIN,Payton Tolle,801139,0.36,0.08,0.2978723404255319
2026-05-28,824757,21,7,2,59,17,94,BOS,BOS,ATL,Payton Tolle,801139,0.3333333333333333,0.09523809523809523,0.288135593220339
2026-06-03,824755,26,5,2,58,15,99,BOS,BOS,BAL,Payton Tolle,801139,0.19230769230769232,0.07692307692307693,0.25862068965517243
2026-06-09,822969,28,3,1,52,5,94,BOS,TB,BOS,Payton Tolle,801139,0.10714285714285714,0.03571428571428571,0.09615384615384616
2026-06-16,824750,21,6,2,45,8,90,BOS,BOS,TOR,Payton Tolle,801139,0.2857142857142857,0.09523809523809523,0.17777777777777778
2026-06-21,823123,25,2,2,44,5,79,BOS,SEA,BOS,Payton Tolle,801139,0.08,0.08,0.11363636363636363
2026-06-26,824743,24,7,2,47,10,88,BOS,BOS,NYY,Payton Tolle,801139,0.2916666666666667,0.08333333333333333,0.2127659574468085
2026-07-01,824740,20,5,3,40,11,76,BOS,BOS,WSH,Payton Tolle,801139,0.25,0.15,0.275
2026-03-26,824218,4,1,1,5,1,14,LAA,HOU,LAA,Walbert Ure\xc3\xb1a,700712,0.25,0.25,0.2
2026-03-28,824213,11,1,1,21,6,51,LAA,HOU,LAA,Walbert Ure\xc3\xb1a,700712,0.09090909090909091,0.09090909090909091,0.2857142857142857
2026-04-19,824047,24,8,2,46,12,92,LAA,LAA,SD,Walbert Ure\xc3\xb1a,700712,0.3333333333333333,0.08333333333333333,0.2608695652173913
2026-04-25,824121,21,3,5,33,5,82,LAA,KC,LAA,Walbert Ure\xc3\xb1a,700712,0.14285714285714285,0.23809523809523808,0.15151515151515152
2026-05-01,824041,19,4,3,35,6,68,LAA,LAA,NYM,Walbert Ure\xc3\xb1a,700712,0.21052631578947367,0.15789473684210525,0.17142857142857143
2026-05-06,824036,22,5,3,42,13,90,LAA,LAA,CWS,Walbert Ure\xc3\xb1a,700712,0.22727272727272727,0.13636363636363635,0.30952380952380953
2026-05-12,824442,18,4,1,32,7,91,LAA,CLE,LAA,Walbert Ure\xc3\xb1a,700712,0.2222222222222222,0.05555555555555555,0.21875
2026-05-18,824035,26,4,2,44,14,92,LAA,LAA,ATH,Walbert Ure\xc3\xb1a,700712,0.15384615384615385,0.07692307692307693,0.3181818181818182
2026-05-23,824030,23,6,3,43,14,93,LAA,LAA,TEX,Walbert Ure\xc3\xb1a,700712,0.2608695652173913,0.13043478260869565,0.32558139534883723
2026-05-29,822978,26,5,3,43,12,92,LAA,TB,LAA,Walbert Ure\xc3\xb1a,700712,0.19230769230769232,0.11538461538461539,0.27906976744186046
2026-06-03,824024,24,7,3,39,13,99,LAA,LAA,COL,Walbert Ure\xc3\xb1a,700712,0.2916666666666667,0.125,0.3333333333333333
2026-06-09,824023,24,7,5,32,7,107,LAA,LAA,HOU,Walbert Ure\xc3\xb1a,700712,0.2916666666666667,0.20833333333333334,0.21875
2026-06-15,825071,30,3,2,40,5,88,LAA,AZ,LAA,Walbert Ure\xc3\xb1a,700712,0.1,0.06666666666666667,0.125
2026-06-20,824988,20,6,0,46,16,90,LAA,ATH,LAA,Walbert Ure\xc3\xb1a,700712,0.3,0.0,0.34782608695652173
2026-06-26,824014,21,5,2,38,8,71,LAA,LAA,ATH,Walbert Ure\xc3\xb1a,700712,0.23809523809523808,0.09523809523809523,0.21052631578947367
2026-03-27,823324,25,5,1,48,10,83,DET,SD,DET,Framber Valdez,664285,0.2,0.04,0.20833333333333334
2026-04-03,824299,24,5,2,45,5,91,DET,DET,STL,Framber Valdez,664285,0.20833333333333334,0.08333333333333333,0.1111111111111111
2026-04-08,823726,29,2,2,38,5,87,DET,MIN,DET,Framber Valdez,664285,0.06896551724137931,0.06896551724137931,0.13157894736842105
2026-04-14,824292,26,1,2,43,3,87,DET,DET,KC,Framber Valdez,664285,0.038461538461538464,0.07692307692307693,0.06976744186046512
2026-04-19,824777,23,7,2,44,12,98,DET,BOS,DET,Framber Valdez,664285,0.30434782608695654,0.08695652173913043,0.2727272727272727
2026-04-24,824529,21,4,5,30,8,89,DET,CIN,DET,Framber Valdez,664285,0.19047619047619047,0.23809523809523808,0.26666666666666666
2026-04-30,824929,25,8,0,58,19,99,DET,ATL,DET,Framber Valdez,664285,0.32,0.0,0.3275862068965517
2026-05-05,824281,22,3,1,34,5,60,DET,DET,BOS,Framber Valdez,664285,0.13636363636363635,0.045454545454545456,0.14705882352941177
2026-05-13,823631,28,7,2,45,10,106,DET,NYM,DET,Framber Valdez,664285,0.25,0.07142857142857142,0.2222222222222222
2026-05-18,824277,23,3,4,37,3,90,DET,DET,CLE,Framber Valdez,664285,0.13043478260869565,0.17391304347826086,0.08108108108108109
2026-05-24,824839,22,5,2,36,9,92,DET,BAL,DET,Framber Valdez,664285,0.22727272727272727,0.09090909090909091,0.25
2026-05-30,824593,27,4,2,47,10,89,DET,CWS,DET,Framber Valdez,664285,0.14814814814814814,0.07407407407407407,0.2127659574468085
2026-06-05,824271,22,5,2,42,8,102,DET,DET,SEA,Framber Valdez,664285,0.22727272727272727,0.09090909090909091,0.19047619047619047
2026-06-10,824266,23,2,2,32,3,75,DET,DET,MIN,Framber Valdez,664285,0.08695652173913043,0.08695652173913043,0.09375
2026-06-16,824182,27,6,3,41,8,93,DET,HOU,DET,Framber Valdez,664285,0.2222222222222222,0.1111111111111111,0.1951219512195122
2026-06-22,824261,24,8,2,43,11,94,DET,DET,NYY,Framber Valdez,664285,0.3333333333333333,0.08333333333333333,0.2558139534883721
2026-06-27,824257,26,2,0,45,5,88,DET,DET,HOU,Framber Valdez,664285,0.07692307692307693,0.0,0.1111111111111111
2026-03-28,823323,23,8,3,42,13,91,SD,SD,DET,Randy V\xc3\xa1squez,681190,0.34782608695652173,0.13043478260869565,0.30952380952380953
2026-04-04,824782,23,3,1,43,14,83,SD,BOS,SD,Randy V\xc3\xa1squez,681190,0.13043478260869565,0.043478260869565216,0.32558139534883723
2026-04-09,823319,23,8,0,54,11,92,SD,SD,COL,Randy V\xc3\xa1squez,681190,0.34782608695652173,0.0,0.2037037037037037
2026-04-15,823314,21,6,4,30,8,85,SD,SD,SEA,Randy V\xc3\xa1squez,681190,0.2857142857142857,0.19047619047619047,0.26666666666666666
2026-04-21,824369,24,5,0,48,12,84,SD,COL,SD,Randy V\xc3\xa1squez,681190,0.20833333333333334,0.0,0.25
2026-04-27,823311,23,4,3,54,9,106,SD,SD,CHC,Randy V\xc3\xa1squez,681190,0.17391304347826086,0.13043478260869565,0.16666666666666666
2026-05-04,823228,24,2,2,46,7,88,SD,SF,SD,Randy V\xc3\xa1squez,681190,0.08333333333333333,0.08333333333333333,0.15217391304347827
2026-05-09,823304,20,6,0,46,10,94,SD,SD,STL,Randy V\xc3\xa1squez,681190,0.3,0.0,0.21739130434782608
2026-05-15,823140,22,3,0,36,8,79,SD,SEA,SD,Randy V\xc3\xa1squez,681190,0.13636363636363635,0.0,0.2222222222222222
2026-05-20,823299,21,0,3,34,1,74,SD,SD,LAD,Randy V\xc3\xa1squez,681190,0.0,0.14285714285714285,0.029411764705882353
2026-05-26,823294,26,2,1,49,6,99,SD,SD,PHI,Randy V\xc3\xa1squez,681190,0.07692307692307693,0.038461538461538464,0.12244897959183673
2026-06-02,823460,20,3,0,37,6,84,SD,PHI,SD,Randy V\xc3\xa1squez,681190,0.15,0.0,0.16216216216216217
2026-06-07,823291,22,3,2,39,7,75,SD,SD,NYM,Randy V\xc3\xa1squez,681190,0.13636363636363635,0.09090909090909091,0.1794871794871795
2026-06-13,824828,23,5,2,51,7,100,SD,BAL,SD,Randy V\xc3\xa1squez,681190,0.21739130434782608,0.08695652173913043,0.13725490196078433
2026-06-19,822886,21,1,3,39,5,72,SD,TEX,SD,Randy V\xc3\xa1squez,681190,0.047619047619047616,0.14285714285714285,0.1282051282051282
2026-06-27,823283,19,1,1,39,2,79,SD,SD,LAD,Randy V\xc3\xa1squez,681190,0.05263157894736842,0.05263157894736842,0.05128205128205128
2026-03-28,824945,20,7,1,44,13,80,KC,ATL,KC,Michael Wacha,608379,0.35,0.05,0.29545454545454547
2026-04-06,824456,26,3,3,41,6,102,KC,CLE,KC,Michael Wacha,608379,0.11538461538461539,0.11538461538461539,0.14634146341463414
2026-04-11,824129,28,7,1,44,11,88,KC,KC,CWS,Michael Wacha,608379,0.25,0.03571428571428571,0.25
2026-04-17,823559,24,6,3,46,13,97,KC,NYY,KC,Michael Wacha,608379,0.25,0.125,0.2826086956521739
2026-04-22,824123,25,5,2,42,7,89,KC,KC,BAL,Michael Wacha,608379,0.2,0.08,0.16666666666666666
2026-04-29,825015,25,5,4,52,12,105,KC,ATH,KC,Michael Wacha,608379,0.2,0.16,0.23076923076923078
2026-05-04,824120,26,3,1,38,1,79,KC,KC,CLE,Michael Wacha,608379,0.11538461538461539,0.038461538461538464,0.02631578947368421
2026-05-09,824115,27,6,2,33,3,89,KC,KC,DET,Michael Wacha,608379,0.2222222222222222,0.07407407407407407,0.09090909090909091
2026-05-15,823061,23,5,1,40,9,87,KC,STL,KC,Michael Wacha,608379,0.21739130434782608,0.043478260869565216,0.225
2026-05-20,824111,25,8,2,53,15,105,KC,KC,BOS,Michael Wacha,608379,0.32,0.08,0.2830188679245283
2026-05-25,824107,27,5,2,45,10,94,KC,KC,NYY,Michael Wacha,608379,0.18518518518518517,0.07407407407407407,0.2222222222222222
2026-05-31,822895,26,5,3,39,8,83,KC,TEX,KC,Michael Wacha,608379,0.19230769230769232,0.11538461538461539,0.20512820512820512
2026-06-05,823699,25,2,0,45,6,77,KC,MIN,KC,Michael Wacha,608379,0.08,0.0,0.13333333333333333
2026-06-11,824101,29,2,1,52,7,102,KC,KC,TEX,Michael Wacha,608379,0.06896551724137931,0.034482758620689655,0.1346153846153846
2026-06-16,822723,26,3,1,46,9,90,KC,WSH,KC,Michael Wacha,608379,0.11538461538461539,0.038461538461538464,0.1956521739130435
2026-06-22,822964,27,5,1,45,8,99,KC,TB,KC,Michael Wacha,608379,0.18518518518518517,0.037037037037037035,0.17777777777777778
2026-06-27,824581,29,6,1,52,10,105,KC,CWS,KC,Michael Wacha,608379,0.20689655172413793,0.034482758620689655,0.19230769230769232
2026-03-30,823484,29,2,3,48,5,99,PHI,PHI,WSH,Taijuan Walker,592836,0.06896551724137931,0.10344827586206896,0.10416666666666667
2026-04-05,824379,23,4,2,42,10,87,PHI,COL,PHI,Taijuan Walker,592836,0.17391304347826086,0.08695652173913043,0.23809523809523808
2026-04-11,823480,19,6,2,36,4,85,PHI,PHI,AZ,Taijuan Walker,592836,0.3157894736842105,0.10526315789473684,0.1111111111111111
2026-04-17,823476,23,4,3,35,4,89,PHI,PHI,ATL,Taijuan Walker,592836,0.17391304347826086,0.13043478260869565,0.11428571428571428
2026-04-22,824688,21,1,1,29,3,64,PHI,CHC,PHI,Taijuan Walker,592836,0.047619047619047616,0.047619047619047616,0.10344827586206896
2026-03-28,823241,19,3,2,41,10,83,NYY,SF,NYY,Will Warren,701542,0.15789473684210525,0.10526315789473684,0.24390243902439024
2026-04-03,823568,21,6,0,31,7,77,NYY,NYY,MIA,Will Warren,701542,0.2857142857142857,0.0,0.22580645161290322
2026-04-08,823564,23,5,3,32,4,85,NYY,NYY,ATH,Will Warren,701542,0.21739130434782608,0.13043478260869565,0.125
2026-04-13,823563,17,6,1,40,10,89,NYY,NYY,LAA,Will Warren,701542,0.35294117647058826,0.058823529411764705,0.25
2026-04-18,823558,25,11,0,41,10,93,NYY,NYY,KC,Will Warren,701542,0.44,0.0,0.24390243902439024
2026-04-24,824204,24,6,1,47,6,95,NYY,HOU,NYY,Will Warren,701542,0.25,0.041666666666666664,0.1276595744680851
2026-05-01,823557,23,9,1,37,13,94,NYY,NYY,BAL,Will Warren,701542,0.391304347826087,0.043478260869565216,0.35135135135135137
2026-05-06,823550,22,7,3,36,12,90,NYY,NYY,TEX,Will Warren,701542,0.3181818181818182,0.13636363636363635,0.3333333333333333
2026-05-12,824843,24,6,1,40,10,96,NYY,BAL,NYY,Will Warren,701542,0.25,0.041666666666666664,0.25
2026-05-19,823548,22,3,1,41,9,86,NYY,NYY,TOR,Will Warren,701542,0.13636363636363635,0.045454545454545456,0.21951219512195122
2026-05-25,824107,24,3,3,40,7,85,NYY,KC,NYY,Will Warren,701542,0.125,0.125,0.175
2026-05-31,825001,27,5,3,36,8,83,NYY,ATH,NYY,Will Warren,701542,0.18518518518518517,0.1111111111111111,0.2222222222222222
2026-06-08,824427,20,5,2,38,4,91,NYY,CLE,NYY,Will Warren,701542,0.25,0.1,0.10526315789473684
2026-06-14,822801,21,1,3,47,6,98,NYY,TOR,NYY,Will Warren,701542,0.047619047619047616,0.14285714285714285,0.1276595744680851
2026-06-20,823532,28,8,2,43,9,91,NYY,NYY,CIN,Will Warren,701542,0.2857142857142857,0.07142857142857142,0.20930232558139536
2026-06-26,824743,27,0,3,43,7,90,NYY,BOS,NYY,Will Warren,701542,0.0,0.1111111111111111,0.16279069767441862
2026-07-01,823530,22,7,0,38,12,79,NYY,NYY,DET,Will Warren,701542,0.3181818181818182,0.0,0.3157894736842105
2026-03-30,823159,19,7,2,36,9,77,NYY,SEA,NYY,Ryan Weathers,677960,0.3684210526315789,0.10526315789473684,0.25
2026-04-04,823569,19,4,3,34,9,88,NYY,NYY,MIA,Ryan Weathers,677960,0.21052631578947367,0.15789473684210525,0.2647058823529412
2026-04-09,823565,30,7,0,54,11,101,NYY,NYY,ATH,Ryan Weathers,677960,0.23333333333333334,0.0,0.2037037037037037
2026-04-14,823562,22,10,2,40,10,94,NYY,NYY,LAA,Ryan Weathers,677960,0.45454545454545453,0.09090909090909091,0.25
2026-04-19,823556,26,8,1,43,14,95,NYY,NYY,KC,Ryan Weathers,677960,0.3076923076923077,0.038461538461538464,0.32558139534883723
2026-04-25,824203,21,4,0,41,12,86,NYY,HOU,NYY,Ryan Weathers,677960,0.19047619047619047,0.0,0.2926829268292683
2026-05-02,823554,21,5,2,32,9,90,NYY,NYY,BAL,Ryan Weathers,677960,0.23809523809523808,0.09523809523809523,0.28125
2026-05-11,824844,23,9,3,42,14,101,NYY,BAL,NYY,Ryan Weathers,677960,0.391304347826087,0.13043478260869565,0.3333333333333333
2026-05-18,823549,23,7,0,42,7,90,NYY,NYY,TOR,Ryan Weathers,677960,0.30434782608695654,0.0,0.16666666666666666
2026-05-24,823544,26,4,3,45,5,95,NYY,NYY,TB,Ryan Weathers,677960,0.15384615384615385,0.11538461538461539,0.1111111111111111
2026-05-30,825000,29,10,3,46,18,107,NYY,ATH,NYY,Ryan Weathers,677960,0.3448275862068966,0.10344827586206896,0.391304347826087
2026-06-05,823538,26,4,1,42,7,93,NYY,NYY,BOS,Ryan Weathers,677960,0.15384615384615385,0.038461538461538464,0.16666666666666666
2026-06-12,822803,20,2,1,31,4,82,NYY,TOR,NYY,Ryan Weathers,677960,0.1,0.05,0.12903225806451613
2026-06-18,823533,22,7,1,47,13,88,NYY,NYY,CWS,Ryan Weathers,677960,0.3181818181818182,0.045454545454545456,0.2765957446808511
2026-06-24,824259,26,6,2,44,9,97,NYY,DET,NYY,Ryan Weathers,677960,0.23076923076923078,0.07692307692307693,0.20454545454545456
2026-06-29,823529,14,3,1,26,8,55,NYY,NYY,DET,Ryan Weathers,677960,0.21428571428571427,0.07142857142857142,0.3076923076923077
2026-03-25,823244,26,7,1,39,8,86,SF,SF,NYY,Logan Webb,657277,0.2692307692307692,0.038461538461538464,0.20512820512820512
2026-03-31,823322,25,5,4,49,10,104,SF,SD,SF,Logan Webb,657277,0.2,0.16,0.20408163265306123
2026-04-05,823238,28,3,1,48,7,92,SF,SF,NYM,Logan Webb,657277,0.10714285714285714,0.03571428571428571,0.14583333333333334
2026-04-11,824857,26,6,3,44,10,98,SF,BAL,SF,Logan Webb,657277,0.23076923076923078,0.11538461538461539,0.22727272727272727
2026-04-17,822752,27,6,2,43,5,99,SF,WSH,SF,Logan Webb,657277,0.2222222222222222,0.07407407407407407,0.11627906976744186
2026-04-23,823233,29,5,2,46,9,98,SF,SF,LAD,Logan Webb,657277,0.1724137931034483,0.06896551724137931,0.1956521739130435
2026-04-30,823472,27,6,2,51,13,92,SF,PHI,SF,Logan Webb,657277,0.2222222222222222,0.07407407407407407,0.2549019607843137
2026-05-05,823227,20,4,0,33,5,62,SF,SF,SD,Logan Webb,657277,0.2,0.0,0.15151515151515152
2026-05-29,824353,20,5,3,38,9,86,SF,COL,SF,Logan Webb,657277,0.25,0.15,0.23684210526315788
2026-06-03,823780,23,4,1,42,7,95,SF,MIL,SF,Logan Webb,657277,0.17391304347826086,0.043478260869565216,0.16666666666666666
2026-06-08,823218,27,7,0,44,10,99,SF,SF,WSH,Logan Webb,657277,0.25925925925925924,0.0,0.22727272727272727
2026-06-14,823212,30,7,0,50,7,106,SF,SF,CHC,Logan Webb,657277,0.23333333333333334,0.0,0.14
2026-06-21,823852,30,5,1,56,11,103,SF,MIA,SF,Logan Webb,657277,0.16666666666666666,0.03333333333333333,0.19642857142857142
2026-06-27,823207,24,6,2,38,5,92,SF,SF,ATL,Logan Webb,657277,0.25,0.08333333333333333,0.13157894736842105
2026-04-25,824933,20,6,3,42,14,84,PHI,ATL,PHI,Zack Wheeler,554430,0.3,0.15,0.3333333333333333
2026-05-01,823877,23,8,2,48,12,94,PHI,MIA,PHI,Zack Wheeler,554430,0.34782608695652173,0.08695652173913043,0.25
2026-05-06,823470,25,4,1,46,10,98,PHI,PHI,ATH,Zack Wheeler,554430,0.16,0.04,0.21739130434782608
2026-05-12,824764,27,4,0,42,7,87,PHI,BOS,PHI,Zack Wheeler,554430,0.14814814814814814,0.0,0.16666666666666666
2026-05-17,823381,25,8,1,56,8,98,PHI,PIT,PHI,Zack Wheeler,554430,0.32,0.04,0.14285714285714285
2026-05-23,823458,21,6,1,57,13,99,PHI,PHI,CLE,Zack Wheeler,554430,0.2857142857142857,0.047619047619047616,0.22807017543859648
2026-05-29,823946,23,4,1,39,8,90,PHI,LAD,PHI,Zack Wheeler,554430,0.17391304347826086,0.043478260869565216,0.20512820512820512
2026-06-04,823457,25,8,3,55,11,104,PHI,PHI,SD,Zack Wheeler,554430,0.32,0.12,0.2
2026-06-09,822805,24,5,0,51,11,96,PHI,TOR,PHI,Zack Wheeler,554430,0.20833333333333334,0.0,0.21568627450980393
2026-06-15,823452,23,9,3,36,11,97,PHI,PHI,MIA,Zack Wheeler,554430,0.391304347826087,0.13043478260869565,0.3055555555555556
2026-06-21,823449,23,7,3,46,16,104,PHI,PHI,NYM,Zack Wheeler,554430,0.30434782608695654,0.13043478260869565,0.34782608695652173
2026-06-26,823610,25,5,1,51,14,98,PHI,NYM,PHI,Zack Wheeler,554430,0.2,0.04,0.27450980392156865
2026-07-01,823446,24,10,1,53,17,104,PHI,PHI,PIT,Zack Wheeler,554430,0.4166666666666667,0.041666666666666664,0.32075471698113206
2026-03-27,823162,22,7,6,41,14,89,CLE,SEA,CLE,Gavin Williams,668909,0.3181818181818182,0.2727272727272727,0.34146341463414637
2026-04-01,823970,23,10,3,41,13,85,CLE,LAD,CLE,Gavin Williams,668909,0.43478260869565216,0.13043478260869565,0.3170731707317073
2026-04-07,824457,22,8,5,38,9,102,CLE,CLE,KC,Gavin Williams,668909,0.36363636363636365,0.22727272727272727,0.23684210526315788
2026-04-13,823073,22,4,2,44,10,93,CLE,STL,CLE,Gavin Williams,668909,0.18181818181818182,0.09090909090909091,0.22727272727272727
2026-04-18,824451,26,11,1,50,18,100,CLE,CLE,BAL,Gavin Williams,668909,0.4230769230769231,0.038461538461538464,0.36
2026-04-24,822827,27,4,2,43,10,96,CLE,TOR,CLE,Gavin Williams,668909,0.14814814814814814,0.07407407407407407,0.23255813953488372
2026-04-29,824445,29,9,0,46,13,95,CLE,CLE,TB,Gavin Williams,668909,0.3103448275862069,0.0,0.2826086956521739
2026-05-05,824119,27,7,2,46,10,97,CLE,KC,CLE,Gavin Williams,668909,0.25925925925925924,0.07407407407407407,0.21739130434782608
2026-05-10,824440,27,6,1,61,21,101,CLE,CLE,MIN,Gavin Williams,668909,0.2222222222222222,0.037037037037037035,0.3442622950819672
2026-05-17,824436,25,7,0,53,14,93,CLE,CLE,CIN,Gavin Williams,668909,0.28,0.0,0.2641509433962264
2026-05-22,823461,27,10,0,54,15,99,CLE,PHI,CLE,Gavin Williams,668909,0.37037037037037035,0.0,0.2777777777777778
2026-05-27,824432,26,4,2,45,9,94,CLE,CLE,WSH,Gavin Williams,668909,0.15384615384615385,0.07692307692307693,0.2
2026-06-03,823540,21,6,1,48,16,96,CLE,NYY,CLE,Gavin Williams,668909,0.2857142857142857,0.047619047619047616,0.3333333333333333
2026-06-08,824427,22,5,3,34,8,90,CLE,CLE,NYY,Gavin Williams,668909,0.22727272727272727,0.13636363636363635,0.23529411764705882
2026-06-17,823774,24,4,2,38,10,87,CLE,MIL,CLE,Gavin Williams,668909,0.16666666666666666,0.08333333333333333,0.2631578947368421
2026-06-22,824585,20,8,1,44,14,95,CLE,CWS,CLE,Gavin Williams,668909,0.4,0.05,0.3181818181818182
2026-06-28,824422,25,6,3,48,12,103,CLE,CLE,SEA,Gavin Williams,668909,0.24,0.12,0.25
2026-03-31,824537,22,3,2,41,9,94,CIN,CIN,PIT,Brandon Williamson,682227,0.13636363636363635,0.09090909090909091,0.21951219512195122
2026-04-06,823886,24,4,1,41,12,93,CIN,MIA,CIN,Brandon Williamson,682227,0.16666666666666666,0.041666666666666664,0.2926829268292683
2026-04-11,824535,21,3,6,37,9,93,CIN,CIN,LAA,Brandon Williamson,682227,0.14285714285714285,0.2857142857142857,0.24324324324324326
2026-04-17,823720,23,2,4,34,6,93,CIN,MIN,CIN,Brandon Williamson,682227,0.08695652173913043,0.17391304347826086,0.17647058823529413
2026-04-22,822993,22,3,3,41,6,87,CIN,TB,CIN,Brandon Williamson,682227,0.13636363636363635,0.13636363636363635,0.14634146341463414
2026-04-29,824525,16,4,4,27,9,58,CIN,CIN,COL,Brandon Williamson,682227,0.25,0.25,0.3333333333333333
2026-03-28,823161,23,9,1,48,13,83,SEA,SEA,CLE,Bryan Woo,693433,0.391304347826087,0.043478260869565216,0.2708333333333333
2026-04-03,824056,23,6,1,43,9,87,SEA,LAA,SEA,Bryan Woo,693433,0.2608695652173913,0.043478260869565216,0.20930232558139536
2026-04-08,822915,22,2,2,46,11,83,SEA,TEX,SEA,Bryan Woo,693433,0.09090909090909091,0.09090909090909091,0.2391304347826087
2026-04-14,823315,29,3,1,48,9,92,SEA,SD,SEA,Bryan Woo,693433,0.10344827586206896,0.034482758620689655,0.1875
2026-04-19,823150,26,6,1,42,9,85,SEA,SEA,TEX,Bryan Woo,693433,0.23076923076923078,0.038461538461538464,0.21428571428571427
2026-04-25,823070,18,1,0,30,3,53,SEA,STL,SEA,Bryan Woo,693433,0.05555555555555555,0.0,0.1
2026-05-01,823146,25,2,0,45,6,84,SEA,SEA,KC,Bryan Woo,693433,0.08,0.0,0.13333333333333333
2026-05-06,823141,21,9,2,54,13,99,SEA,SEA,ATL,Bryan Woo,693433,0.42857142857142855,0.09523809523809523,0.24074074074074073
2026-05-12,824197,24,9,2,58,13,104,SEA,HOU,SEA,Bryan Woo,693433,0.375,0.08333333333333333,0.22413793103448276
2026-05-18,823137,22,8,2,53,15,90,SEA,SEA,CWS,Bryan Woo,693433,0.36363636363636365,0.09090909090909091,0.2830188679245283
2026-05-24,824108,23,4,1,47,6,93,SEA,KC,SEA,Bryan Woo,693433,0.17391304347826086,0.043478260869565216,0.1276595744680851
2026-05-30,823132,23,9,0,46,13,86,SEA,SEA,AZ,Bryan Woo,693433,0.391304347826087,0.0,0.2826086956521739
2026-06-05,824271,27,7,0,47,11,90,SEA,DET,SEA,Bryan Woo,693433,0.25925925925925924,0.0,0.23404255319148937
2026-06-11,824827,23,4,1,43,8,82,SEA,BAL,SEA,Bryan Woo,693433,0.17391304347826086,0.043478260869565216,0.18604651162790697
2026-06-18,823125,25,9,1,47,11,89,SEA,SEA,BAL,Bryan Woo,693433,0.36,0.04,0.23404255319148937
2026-06-24,823367,20,4,2,46,11,86,SEA,PIT,SEA,Bryan Woo,693433,0.2,0.1,0.2391304347826087
2026-06-30,823122,25,5,1,59,14,106,SEA,SEA,LAA,Bryan Woo,693433,0.2,0.04,0.23728813559322035
2026-03-31,823807,19,6,0,34,7,67,MIL,MIL,TB,Brandon Woodruff,605540,0.3157894736842105,0.0,0.20588235294117646
2026-04-06,824783,28,4,2,45,10,94,MIL,BOS,MIL,Brandon Woodruff,605540,0.14285714285714285,0.07142857142857142,0.2222222222222222
2026-04-12,823804,23,6,0,32,7,74,MIL,MIL,WSH,Brandon Woodruff,605540,0.2608695652173913,0.0,0.21875
2026-04-18,823882,25,4,1,54,10,92,MIL,MIA,MIL,Brandon Woodruff,605540,0.16,0.04,0.18518518518518517
2026-04-24,823800,21,3,2,41,8,71,MIL,MIL,PIT,Brandon Woodruff,605540,0.14285714285714285,0.09523809523809523,0.1951219512195122
2026-04-30,823795,6,2,1,7,3,21,MIL,MIL,AZ,Brandon Woodruff,605540,0.3333333333333333,0.16666666666666666,0.42857142857142855
2026-06-22,824502,19,10,0,38,10,79,MIL,CIN,MIL,Brandon Woodruff,605540,0.5263157894736842,0.0,0.2631578947368421
2026-06-28,823769,20,6,2,40,5,84,MIL,MIL,CHC,Brandon Woodruff,605540,0.3,0.1,0.125
2026-03-30,824135,20,2,1,32,5,83,MIN,KC,MIN,Simeon Woods Richardson,680573,0.1,0.05,0.15625
2026-04-05,823729,26,4,2,35,6,88,MIN,MIN,TB,Simeon Woods Richardson,680573,0.15384615384615385,0.07692307692307693,0.17142857142857143
2026-04-10,822829,20,2,1,34,4,68,MIN,TOR,MIN,Simeon Woods Richardson,680573,0.1,0.05,0.11764705882352941
2026-04-15,823722,27,3,3,41,2,92,MIN,MIN,BOS,Simeon Woods Richardson,680573,0.1111111111111111,0.1111111111111111,0.04878048780487805
2026-04-21,823640,22,2,3,43,10,97,MIN,NYM,MIN,Simeon Woods Richardson,680573,0.09090909090909091,0.13636363636363635,0.23255813953488372
2026-04-26,822991,22,2,3,35,7,78,MIN,TB,MIN,Simeon Woods Richardson,680573,0.09090909090909091,0.13636363636363635,0.2
2026-05-01,823713,25,2,1,49,3,88,MIN,MIN,TOR,Simeon Woods Richardson,680573,0.08,0.04,0.061224489795918366
2026-05-07,822741,18,2,2,27,6,62,MIN,WSH,MIN,Simeon Woods Richardson,680573,0.1111111111111111,0.1111111111111111,0.2222222222222222
2026-05-13,823710,20,1,4,33,9,88,MIN,MIN,MIA,Simeon Woods Richardson,680573,0.05,0.2,0.2727272727272727
2026-05-18,823705,5,1,1,4,1,18,MIN,MIN,HOU,Simeon Woods Richardson,680573,0.2,0.2,0.25
2026-05-25,824598,8,1,1,15,2,35,MIN,CWS,MIN,Simeon Woods Richardson,680573,0.125,0.125,0.13333333333333333
2026-05-28,824595,16,4,3,28,4,67,MIN,CWS,MIN,Simeon Woods Richardson,680573,0.25,0.1875,0.14285714285714285
2026-06-08,822806,13,3,0,20,5,48,TOR,TOR,PHI,Simeon Woods Richardson,680573,0.23076923076923078,0.0,0.25
2026-06-17,824746,14,1,3,17,3,55,TOR,BOS,TOR,Simeon Woods Richardson,680573,0.07142857142857142,0.21428571428571427,0.17647058823529413
2026-06-25,822797,11,1,4,12,1,43,TOR,TOR,TEX,Simeon Woods Richardson,680573,0.09090909090909091,0.36363636363636365,0.08333333333333333
2026-03-30,823972,17,2,1,29,6,60,LAD,LAD,CLE,Justin Wrobleski,680736,0.11764705882352941,0.058823529411764705,0.20689655172413793
2026-04-06,822832,21,2,4,32,4,78,LAD,TOR,LAD,Justin Wrobleski,680736,0.09523809523809523,0.19047619047619047,0.125
2026-04-13,823964,25,2,0,49,4,91,LAD,LAD,NYM,Justin Wrobleski,680736,0.08,0.0,0.08163265306122448
2026-04-20,824370,29,3,0,56,5,97,LAD,COL,LAD,Justin Wrobleski,680736,0.10344827586206896,0.0,0.08928571428571429
2026-04-26,823959,27,6,4,38,7,109,LAD,LAD,CHC,Justin Wrobleski,680736,0.2222222222222222,0.14814814814814814,0.18421052631578946
2026-05-03,823065,25,0,1,44,4,83,LAD,STL,LAD,Justin Wrobleski,680736,0.0,0.04,0.09090909090909091
2026-05-10,823954,34,7,1,55,13,100,LAD,LAD,ATL,Justin Wrobleski,680736,0.20588235294117646,0.029411764705882353,0.23636363636363636
2026-05-16,824038,26,5,1,51,8,103,LAD,LAA,LAD,Justin Wrobleski,680736,0.19230769230769232,0.038461538461538464,0.1568627450980392
2026-05-22,823788,24,4,2,44,8,101,LAD,MIL,LAD,Justin Wrobleski,680736,0.16666666666666666,0.08333333333333333,0.18181818181818182
2026-05-29,823946,23,9,0,44,15,88,LAD,LAD,PHI,Justin Wrobleski,680736,0.391304347826087,0.0,0.3409090909090909
2026-06-04,825076,24,4,0,43,4,84,LAD,AZ,LAD,Justin Wrobleski,680736,0.16666666666666666,0.0,0.09302325581395349
2026-06-11,823371,21,1,2,37,7,80,LAD,PIT,LAD,Justin Wrobleski,680736,0.047619047619047616,0.09523809523809523,0.1891891891891892
2026-06-16,823939,21,5,0,39,5,67,LAD,LAD,TB,Justin Wrobleski,680736,0.23809523809523808,0.0,0.1282051282051282
2026-06-23,823690,28,3,2,47,9,92,LAD,MIN,LAD,Justin Wrobleski,680736,0.10714285714285714,0.07142857142857142,0.19148936170212766
2026-06-30,824984,27,11,0,61,19,110,LAD,ATH,LAD,Justin Wrobleski,680736,0.4074074074074074,0.0,0.3114754098360656
2026-03-26,823974,21,6,0,48,15,95,LAD,LAD,AZ,Yoshinobu Yamamoto,808967,0.2857142857142857,0.0,0.3125
2026-04-01,823970,22,2,1,38,10,87,LAD,LAD,CLE,Yoshinobu Yamamoto,808967,0.09090909090909091,0.045454545454545456,0.2631578947368421
2026-04-07,822831,24,6,1,53,11,97,LAD,TOR,LAD,Yoshinobu Yamamoto,808967,0.25,0.041666666666666664,0.20754716981132076
2026-04-14,823965,28,7,1,55,19,104,LAD,LAD,NYM,Yoshinobu Yamamoto,808967,0.25,0.03571428571428571,0.34545454545454546
2026-04-21,823236,28,7,2,46,9,101,LAD,SF,LAD,Yoshinobu Yamamoto,808967,0.25,0.07142857142857142,0.1956521739130435
2026-04-27,823961,24,4,4,37,9,88,LAD,LAD,MIA,Yoshinobu Yamamoto,808967,0.16666666666666666,0.16666666666666666,0.24324324324324326
2026-05-04,824201,23,8,1,48,13,95,LAD,HOU,LAD,Yoshinobu Yamamoto,808967,0.34782608695652173,0.043478260869565216,0.2708333333333333
2026-05-12,823951,25,8,0,49,13,93,LAD,LAD,SF,Yoshinobu Yamamoto,808967,0.32,0.0,0.2653061224489796
2026-05-18,823301,26,8,2,49,12,107,LAD,SD,LAD,Yoshinobu Yamamoto,808967,0.3076923076923077,0.07692307692307693,0.24489795918367346
2026-05-24,823786,27,3,1,40,7,92,LAD,MIL,LAD,Yoshinobu Yamamoto,808967,0.1111111111111111,0.037037037037037035,0.175
2026-05-31,823944,22,10,2,56,17,104,LAD,LAD,PHI,Yoshinobu Yamamoto,808967,0.45454545454545453,0.09090909090909091,0.30357142857142855
2026-06-06,823942,26,4,0,57,13,93,LAD,LAD,LAA,Yoshinobu Yamamoto,808967,0.15384615384615385,0.0,0.22807017543859648
2026-06-13,824587,27,7,0,56,12,109,LAD,CWS,LAD,Yoshinobu Yamamoto,808967,0.25925925925925924,0.0,0.21428571428571427
2026-06-20,823937,26,6,2,50,9,102,LAD,LAD,BAL,Yoshinobu Yamamoto,808967,0.23076923076923078,0.07692307692307693,0.18
2026-06-27,823283,24,4,2,43,7,89,LAD,SD,LAD,Yoshinobu Yamamoto,808967,0.16666666666666666,0.08333333333333333,0.16279069767441862
2026-04-28,822823,20,3,0,38,4,74,TOR,TOR,BOS,Trey Yesavage,702056,0.15,0.0,0.10526315789473684
2026-05-03,823711,20,6,3,40,15,82,TOR,MIN,TOR,Trey Yesavage,702056,0.3,0.15,0.375
2026-05-09,822820,17,6,2,47,15,87,TOR,TOR,LAA,Trey Yesavage,702056,0.35294117647058826,0.11764705882352941,0.3191489361702128
2026-05-15,824280,24,6,3,44,17,88,TOR,DET,TOR,Trey Yesavage,702056,0.25,0.125,0.38636363636363635
2026-05-20,823547,20,8,0,50,11,95,TOR,NYY,TOR,Trey Yesavage,702056,0.4,0.0,0.22
2026-05-25,822812,27,6,2,49,17,98,TOR,TOR,MIA,Trey Yesavage,702056,0.2222222222222222,0.07407407407407407,0.3469387755102041
2026-05-30,824833,21,4,7,39,6,92,TOR,BAL,TOR,Trey Yesavage,702056,0.19047619047619047,0.3333333333333333,0.15384615384615385
2026-06-05,822810,24,5,2,44,12,91,TOR,TOR,BAL,Trey Yesavage,702056,0.20833333333333334,0.08333333333333333,0.2727272727272727
2026-06-12,822803,25,3,6,31,8,81,TOR,TOR,NYY,Trey Yesavage,702056,0.12,0.24,0.25806451612903225
2026-06-18,824748,26,6,0,48,16,95,TOR,BOS,TOR,Trey Yesavage,702056,0.23076923076923078,0.0,0.3333333333333333
2026-06-24,822798,25,5,5,49,12,105,TOR,TOR,HOU,Trey Yesavage,702056,0.2,0.2,0.24489795918367346
2026-06-29,822792,25,3,0,46,13,94,TOR,TOR,NYM,Trey Yesavage,702056,0.12,0.0,0.2826086956521739
2026-04-06,824619,18,1,2,28,5,66,BAL,CWS,BAL,Brandon Young,687064,0.05555555555555555,0.1111111111111111,0.17857142857142858
2026-04-24,824854,25,5,1,50,10,93,BAL,BAL,BOS,Brandon Young,687064,0.2,0.04,0.2
2026-04-30,824850,25,2,2,43,5,82,BAL,BAL,HOU,Brandon Young,687064,0.08,0.08,0.11627906976744186
2026-05-06,823872,25,5,3,48,10,93,BAL,MIA,BAL,Brandon Young,687064,0.2,0.12,0.20833333333333334
2026-05-11,824844,22,5,3,46,11,97,BAL,BAL,NYY,Brandon Young,687064,0.22727272727272727,0.13636363636363635,0.2391304347826087
2026-05-17,822738,19,3,3,33,10,70,BAL,WSH,BAL,Brandon Young,687064,0.15789473684210525,0.15789473684210525,0.30303030303030304
2026-05-24,824839,28,4,2,52,8,105,BAL,BAL,DET,Brandon Young,687064,0.14285714285714285,0.07142857142857142,0.15384615384615385
2026-05-30,824833,27,7,1,45,10,86,BAL,BAL,TOR,Brandon Young,687064,0.25925925925925924,0.037037037037037035,0.2222222222222222
2026-06-05,822810,26,4,0,48,8,85,BAL,TOR,BAL,Brandon Young,687064,0.15384615384615385,0.0,0.16666666666666666
2026-06-10,824831,25,5,2,40,11,88,BAL,BAL,SEA,Brandon Young,687064,0.2,0.08,0.275
2026-06-16,823128,26,2,4,37,5,92,BAL,SEA,BAL,Brandon Young,687064,0.07692307692307693,0.15384615384615385,0.13513513513513514
2026-06-21,823934,22,5,2,44,7,95,BAL,LAD,BAL,Brandon Young,687064,0.22727272727272727,0.09090909090909091,0.1590909090909091
2026-06-27,824825,24,8,2,52,20,93,BAL,BAL,WSH,Brandon Young,687064,0.3333333333333333,0.08333333333333333,0.38461538461538464
