game_date,game_pk,bp_batters_faced,bp_strikeouts,bp_walks,bp_swings,bp_whiffs,bp_pitches,team,bp_K_pct,bp_BB_pct,bp_whiff_pct
2025-03-27,778552,26,6,2,47,10,99,AZ,0.23076923076923078,0.07692307692307693,0.2127659574468085
2025-03-28,778543,12,4,0,18,6,30,AZ,0.3333333333333333,0.0,0.3333333333333333
2025-03-29,778532,12,4,0,21,5,34,AZ,0.3333333333333333,0.0,0.23809523809523808
2025-03-30,778515,18,5,1,40,13,75,AZ,0.2777777777777778,0.05555555555555555,0.325
2025-04-01,778492,15,6,0,30,11,59,AZ,0.4,0.0,0.36666666666666664
2025-04-02,778484,10,3,0,22,7,36,AZ,0.3,0.0,0.3181818181818182
2025-04-03,778466,18,5,1,42,13,84,AZ,0.2777777777777778,0.05555555555555555,0.30952380952380953
2025-04-04,778457,11,2,0,25,7,48,AZ,0.18181818181818182,0.0,0.28
2025-04-05,778452,11,4,1,23,7,43,AZ,0.36363636363636365,0.09090909090909091,0.30434782608695654
2025-04-06,778429,12,4,1,26,7,48,AZ,0.3333333333333333,0.08333333333333333,0.2692307692307692
2025-04-07,778413,14,4,1,26,4,53,AZ,0.2857142857142857,0.07142857142857142,0.15384615384615385
2025-04-08,778396,10,2,0,14,3,34,AZ,0.2,0.0,0.21428571428571427
2025-04-09,778380,9,0,0,19,5,35,AZ,0.0,0.0,0.2631578947368421
2025-04-11,778364,14,1,1,25,4,52,AZ,0.07142857142857142,0.07142857142857142,0.16
2025-04-12,778350,11,3,0,16,3,36,AZ,0.2727272727272727,0.0,0.1875
2025-04-13,778332,12,6,1,25,7,59,AZ,0.5,0.08333333333333333,0.28
2025-04-15,778318,16,2,1,26,5,57,AZ,0.125,0.0625,0.19230769230769232
2025-04-16,778303,13,4,1,18,4,43,AZ,0.3076923076923077,0.07692307692307693,0.2222222222222222
2025-04-17,778291,18,7,4,44,15,85,AZ,0.3888888888888889,0.2222222222222222,0.3409090909090909
2025-04-18,778268,21,5,2,33,8,78,AZ,0.23809523809523808,0.09523809523809523,0.24242424242424243
2025-04-19,778257,8,3,1,25,5,43,AZ,0.375,0.125,0.2
2025-04-20,778236,18,5,1,45,8,91,AZ,0.2777777777777778,0.05555555555555555,0.17777777777777778
2025-04-22,778212,11,1,2,13,3,39,AZ,0.09090909090909091,0.18181818181818182,0.23076923076923078
2025-04-23,778199,21,5,2,37,9,81,AZ,0.23809523809523808,0.09523809523809523,0.24324324324324326
2025-04-24,778188,22,8,0,49,13,97,AZ,0.36363636363636365,0.0,0.2653061224489796
2025-04-25,778177,22,2,3,36,3,82,AZ,0.09090909090909091,0.13636363636363635,0.08333333333333333
2025-04-26,778162,21,1,5,32,8,71,AZ,0.047619047619047616,0.23809523809523808,0.25
2025-04-27,778147,14,3,3,25,6,57,AZ,0.21428571428571427,0.21428571428571427,0.24
2025-04-29,778130,13,3,2,33,6,68,AZ,0.23076923076923078,0.15384615384615385,0.18181818181818182
2025-04-30,778117,17,3,3,28,10,77,AZ,0.17647058823529413,0.17647058823529413,0.35714285714285715
2025-05-01,778103,13,5,1,21,5,55,AZ,0.38461538461538464,0.07692307692307693,0.23809523809523808
2025-05-02,778086,12,2,1,23,9,45,AZ,0.16666666666666666,0.08333333333333333,0.391304347826087
2025-05-03,778078,13,0,1,23,1,53,AZ,0.0,0.07692307692307693,0.043478260869565216
2025-05-04,778059,23,4,1,45,8,82,AZ,0.17391304347826086,0.043478260869565216,0.17777777777777778
2025-05-05,778039,19,2,1,38,8,87,AZ,0.10526315789473684,0.05263157894736842,0.21052631578947367
2025-05-06,778032,8,2,1,13,3,39,AZ,0.25,0.125,0.23076923076923078
2025-05-07,778014,13,2,3,24,5,61,AZ,0.15384615384615385,0.23076923076923078,0.20833333333333334
2025-05-08,777999,12,3,0,23,6,54,AZ,0.25,0.0,0.2608695652173913
2025-05-09,777988,27,8,1,51,10,107,AZ,0.2962962962962963,0.037037037037037035,0.19607843137254902
2025-05-10,777975,6,1,0,6,1,17,AZ,0.16666666666666666,0.0,0.16666666666666666
2025-05-11,777954,17,2,0,28,4,47,AZ,0.11764705882352941,0.0,0.14285714285714285
2025-05-12,777939,7,2,1,16,3,32,AZ,0.2857142857142857,0.14285714285714285,0.1875
2025-05-13,777930,23,3,2,35,8,83,AZ,0.13043478260869565,0.08695652173913043,0.22857142857142856
2025-05-14,777916,25,8,4,49,15,109,AZ,0.32,0.16,0.30612244897959184
2025-05-16,777897,10,4,1,20,8,41,AZ,0.4,0.1,0.4
2025-05-17,777887,24,2,3,38,10,76,AZ,0.08333333333333333,0.125,0.2631578947368421
2025-05-18,777870,9,3,0,16,9,32,AZ,0.3333333333333333,0.0,0.5625
2025-05-19,777854,14,2,1,25,5,56,AZ,0.14285714285714285,0.07142857142857142,0.2
2025-05-20,777838,23,5,2,48,13,96,AZ,0.21739130434782608,0.08695652173913043,0.2708333333333333
2025-05-21,777824,4,1,0,5,1,13,AZ,0.25,0.0,0.2
2025-05-23,777797,7,1,0,10,1,15,AZ,0.14285714285714285,0.0,0.1
2025-05-24,777786,10,2,1,12,3,33,AZ,0.2,0.1,0.25
2025-05-25,777766,10,2,0,20,4,44,AZ,0.2,0.0,0.2
2025-05-26,777761,11,1,2,17,5,50,AZ,0.09090909090909091,0.18181818181818182,0.29411764705882354
2025-05-27,777744,15,2,3,25,8,62,AZ,0.13333333333333333,0.2,0.32
2025-05-28,777729,17,6,0,30,9,62,AZ,0.35294117647058826,0.0,0.3
2025-05-30,777710,19,2,4,32,6,70,AZ,0.10526315789473684,0.21052631578947367,0.1875
2025-05-31,777696,39,5,3,70,11,141,AZ,0.1282051282051282,0.07692307692307693,0.15714285714285714
2025-06-01,777679,17,7,2,31,10,69,AZ,0.4117647058823529,0.11764705882352941,0.3225806451612903
2025-06-03,777672,8,1,0,17,2,28,AZ,0.125,0.0,0.11764705882352941
2025-06-04,777654,13,5,3,15,5,51,AZ,0.38461538461538464,0.23076923076923078,0.3333333333333333
2025-06-05,777640,24,7,2,51,10,101,AZ,0.2916666666666667,0.08333333333333333,0.19607843137254902
2025-06-06,777623,20,7,4,31,12,82,AZ,0.35,0.2,0.3870967741935484
2025-06-07,777612,26,3,3,40,6,96,AZ,0.11538461538461539,0.11538461538461539,0.15
2025-06-08,777602,4,1,0,8,0,17,AZ,0.25,0.0,0.0
2025-06-09,777577,23,5,1,51,16,94,AZ,0.21739130434782608,0.043478260869565216,0.3137254901960784
2025-06-10,777559,18,3,4,35,7,89,AZ,0.16666666666666666,0.2222222222222222,0.2
2025-06-11,777548,10,2,1,15,6,33,AZ,0.2,0.1,0.4
2025-06-13,777521,12,2,1,21,1,50,AZ,0.16666666666666666,0.08333333333333333,0.047619047619047616
2025-06-14,777515,16,2,1,31,8,52,AZ,0.125,0.0625,0.25806451612903225
2025-06-15,777491,18,2,0,31,1,69,AZ,0.1111111111111111,0.0,0.03225806451612903
2025-06-17,777479,15,5,0,29,7,56,AZ,0.3333333333333333,0.0,0.2413793103448276
2025-06-18,777462,20,1,3,25,5,64,AZ,0.05,0.15,0.2
2025-06-19,777448,15,3,0,33,9,63,AZ,0.2,0.0,0.2727272727272727
2025-06-20,777430,14,7,0,29,11,55,AZ,0.5,0.0,0.3793103448275862
2025-06-21,777410,9,4,0,21,9,35,AZ,0.4444444444444444,0.0,0.42857142857142855
2025-06-22,777399,10,3,1,22,5,43,AZ,0.3,0.1,0.22727272727272727
2025-06-23,777393,11,4,2,23,10,45,AZ,0.36363636363636365,0.18181818181818182,0.43478260869565216
2025-06-24,777383,15,1,2,25,4,53,AZ,0.06666666666666667,0.13333333333333333,0.16
2025-06-25,777370,11,0,0,22,4,41,AZ,0.0,0.0,0.18181818181818182
2025-06-27,777332,19,6,0,42,10,70,AZ,0.3157894736842105,0.0,0.23809523809523808
2025-06-28,777318,21,7,1,37,10,85,AZ,0.3333333333333333,0.047619047619047616,0.2702702702702703
2025-06-29,777303,19,4,6,24,3,78,AZ,0.21052631578947367,0.3157894736842105,0.125
2025-06-30,777291,9,3,0,11,3,28,AZ,0.3333333333333333,0.0,0.2727272727272727
2025-07-01,777278,7,2,0,13,2,25,AZ,0.2857142857142857,0.0,0.15384615384615385
2025-07-02,777270,18,2,2,30,4,80,AZ,0.1111111111111111,0.1111111111111111,0.13333333333333333
2025-07-03,777256,15,3,0,33,6,54,AZ,0.2,0.0,0.18181818181818182
2025-07-04,777248,17,3,0,30,5,64,AZ,0.17647058823529413,0.0,0.16666666666666666
2025-07-05,777234,7,2,0,10,1,24,AZ,0.2857142857142857,0.0,0.1
2025-07-06,777218,20,2,2,35,7,76,AZ,0.1,0.1,0.2
2025-07-07,777203,15,1,4,18,4,50,AZ,0.06666666666666667,0.26666666666666666,0.2222222222222222
2025-07-08,777185,4,1,1,6,1,16,AZ,0.25,0.25,0.16666666666666666
2025-07-09,777162,3,1,0,5,3,11,AZ,0.3333333333333333,0.0,0.6
2025-07-10,777158,19,3,3,26,6,64,AZ,0.15789473684210525,0.15789473684210525,0.23076923076923078
2025-07-11,777150,23,3,3,46,12,101,AZ,0.13043478260869565,0.13043478260869565,0.2608695652173913
2025-07-12,777131,16,3,0,29,7,54,AZ,0.1875,0.0,0.2413793103448276
2025-07-13,777115,16,3,2,34,6,67,AZ,0.1875,0.125,0.17647058823529413
2025-07-18,777100,12,0,1,18,3,41,AZ,0.0,0.08333333333333333,0.16666666666666666
2025-07-19,777081,12,3,0,19,2,44,AZ,0.25,0.0,0.10526315789473684
2025-07-20,777071,12,4,0,19,7,38,AZ,0.3333333333333333,0.0,0.3684210526315789
2025-07-21,777055,11,4,0,26,9,51,AZ,0.36363636363636365,0.0,0.34615384615384615
2025-07-22,777040,15,3,2,25,5,55,AZ,0.2,0.13333333333333333,0.2
2025-07-23,777032,18,2,1,39,11,70,AZ,0.1111111111111111,0.05555555555555555,0.28205128205128205
2025-07-25,777014,18,3,1,28,8,57,AZ,0.16666666666666666,0.05555555555555555,0.2857142857142857
2025-07-26,777002,5,1,1,11,4,25,AZ,0.2,0.2,0.36363636363636365
2025-07-27,776984,10,0,1,21,4,40,AZ,0.0,0.1,0.19047619047619047
2025-07-28,776973,7,4,0,13,4,27,AZ,0.5714285714285714,0.0,0.3076923076923077
2025-07-29,776953,19,1,0,28,2,61,AZ,0.05263157894736842,0.0,0.07142857142857142
2025-07-30,776940,14,2,1,20,3,38,AZ,0.14285714285714285,0.07142857142857142,0.15
2025-08-01,776914,25,3,2,39,3,82,AZ,0.12,0.08,0.07692307692307693
2025-08-02,776899,10,2,0,18,3,39,AZ,0.2,0.0,0.16666666666666666
2025-08-03,776881,14,3,1,27,8,52,AZ,0.21428571428571427,0.07142857142857142,0.2962962962962963
2025-08-04,776873,11,4,0,16,8,33,AZ,0.36363636363636365,0.0,0.5
2025-08-05,776852,31,2,7,46,3,118,AZ,0.06451612903225806,0.22580645161290322,0.06521739130434782
2025-08-06,776838,23,2,2,38,5,94,AZ,0.08695652173913043,0.08695652173913043,0.13157894736842105
2025-08-08,776825,11,2,1,18,7,37,AZ,0.18181818181818182,0.09090909090909091,0.3888888888888889
2025-08-09,776809,13,4,1,23,7,42,AZ,0.3076923076923077,0.07692307692307693,0.30434782608695654
2025-08-10,776794,17,3,1,40,11,76,AZ,0.17647058823529413,0.058823529411764705,0.275
2025-08-11,776785,17,2,0,34,7,63,AZ,0.11764705882352941,0.0,0.20588235294117646
2025-08-12,776764,21,3,2,34,6,95,AZ,0.14285714285714285,0.09523809523809523,0.17647058823529413
2025-08-13,776746,16,1,2,35,4,71,AZ,0.0625,0.125,0.11428571428571428
2025-08-14,776742,9,2,0,21,3,36,AZ,0.2222222222222222,0.0,0.14285714285714285
2025-08-15,776730,7,2,2,11,4,29,AZ,0.2857142857142857,0.2857142857142857,0.36363636363636365
2025-08-16,776715,11,2,2,28,7,49,AZ,0.18181818181818182,0.18181818181818182,0.25
2025-08-17,776701,17,2,0,31,6,63,AZ,0.11764705882352941,0.0,0.1935483870967742
2025-08-18,776682,9,1,0,19,5,35,AZ,0.1111111111111111,0.0,0.2631578947368421
2025-08-19,776672,13,1,2,20,5,50,AZ,0.07692307692307693,0.15384615384615385,0.25
2025-08-20,776658,10,5,1,22,9,48,AZ,0.5,0.1,0.4090909090909091
2025-08-22,776635,15,1,0,24,3,51,AZ,0.06666666666666667,0.0,0.125
2025-08-23,776622,33,5,3,53,12,126,AZ,0.15151515151515152,0.09090909090909091,0.22641509433962265
2025-08-24,776609,18,0,3,21,0,50,AZ,0.0,0.16666666666666666,0.0
2025-08-25,776593,22,6,1,34,6,88,AZ,0.2727272727272727,0.045454545454545456,0.17647058823529413
2025-08-26,776586,25,4,3,45,9,107,AZ,0.16,0.12,0.2
2025-08-27,776572,14,3,2,24,7,61,AZ,0.21428571428571427,0.14285714285714285,0.2916666666666667
2025-08-28,776553,14,3,2,23,6,66,AZ,0.21428571428571427,0.14285714285714285,0.2608695652173913
2025-08-29,776534,11,2,1,23,5,50,AZ,0.18181818181818182,0.09090909090909091,0.21739130434782608
2025-08-30,776523,12,3,1,20,5,48,AZ,0.25,0.08333333333333333,0.25
2025-08-31,776509,13,5,1,27,4,56,AZ,0.38461538461538464,0.07692307692307693,0.14814814814814814
2025-09-01,776495,18,3,2,39,8,84,AZ,0.16666666666666666,0.1111111111111111,0.20512820512820512
2025-09-02,776481,13,2,2,20,2,63,AZ,0.15384615384615385,0.15384615384615385,0.1
2025-09-03,776468,12,2,2,20,3,51,AZ,0.16666666666666666,0.16666666666666666,0.15
2025-09-05,776448,14,4,1,27,10,60,AZ,0.2857142857142857,0.07142857142857142,0.37037037037037035
2025-09-06,776424,10,2,0,15,2,30,AZ,0.2,0.0,0.13333333333333333
2025-09-07,776415,18,3,1,27,9,65,AZ,0.16666666666666666,0.05555555555555555,0.3333333333333333
2025-09-08,776399,20,3,1,39,6,71,AZ,0.15,0.05,0.15384615384615385
2025-09-09,776394,4,2,0,11,4,22,AZ,0.5,0.0,0.36363636363636365
2025-09-10,776374,12,0,1,25,6,52,AZ,0.0,0.08333333333333333,0.24
2025-09-12,776355,18,3,3,31,6,74,AZ,0.16666666666666666,0.16666666666666666,0.1935483870967742
2025-09-13,776337,19,5,1,42,11,81,AZ,0.2631578947368421,0.05263157894736842,0.2619047619047619
2025-09-14,776324,20,4,2,33,5,90,AZ,0.2,0.1,0.15151515151515152
2025-09-15,776309,10,4,1,17,8,43,AZ,0.4,0.1,0.47058823529411764
2025-09-16,776294,12,1,0,18,2,40,AZ,0.08333333333333333,0.0,0.1111111111111111
2025-09-17,776279,11,4,1,27,7,47,AZ,0.36363636363636365,0.09090909090909091,0.25925925925925924
2025-09-19,776255,24,7,2,39,10,104,AZ,0.2916666666666667,0.08333333333333333,0.2564102564102564
2025-09-20,776246,9,1,0,17,3,37,AZ,0.1111111111111111,0.0,0.17647058823529413
2025-09-21,776230,15,3,2,24,6,49,AZ,0.2,0.13333333333333333,0.25
2025-09-23,776213,10,2,0,16,3,35,AZ,0.2,0.0,0.1875
2025-09-24,776193,18,4,1,29,6,64,AZ,0.2222222222222222,0.05555555555555555,0.20689655172413793
2025-09-25,776185,40,9,4,74,13,159,AZ,0.225,0.1,0.17567567567567569
2025-09-26,776170,18,5,2,35,9,67,AZ,0.2777777777777778,0.1111111111111111,0.2571428571428571
2025-09-27,776152,8,1,1,17,3,40,AZ,0.125,0.125,0.17647058823529413
2025-09-28,776136,21,4,4,45,6,97,AZ,0.19047619047619047,0.19047619047619047,0.13333333333333333
2025-03-27,778545,14,2,0,26,5,59,ATL,0.14285714285714285,0.0,0.19230769230769232
2025-03-28,778542,10,2,0,12,3,26,ATL,0.2,0.0,0.25
2025-03-29,778520,10,3,0,12,2,34,ATL,0.3,0.0,0.16666666666666666
2025-03-30,778514,16,5,3,27,9,69,ATL,0.3125,0.1875,0.3333333333333333
2025-03-31,778500,19,4,2,35,8,81,ATL,0.21052631578947367,0.10526315789473684,0.22857142857142856
2025-04-01,778487,10,2,0,33,6,49,ATL,0.2,0.0,0.18181818181818182
2025-04-02,778472,20,5,2,42,10,75,ATL,0.25,0.1,0.23809523809523808
2025-04-04,778464,5,2,0,8,0,20,ATL,0.4,0.0,0.0
2025-04-05,778451,17,4,2,31,7,67,ATL,0.23529411764705882,0.11764705882352941,0.22580645161290322
2025-04-08,778406,16,4,3,28,9,68,ATL,0.25,0.1875,0.32142857142857145
2025-04-09,778393,21,8,1,43,14,94,ATL,0.38095238095238093,0.047619047619047616,0.32558139534883723
2025-04-10,778384,21,5,4,40,16,95,ATL,0.23809523809523808,0.19047619047619047,0.4
2025-04-11,778367,9,2,1,18,4,34,ATL,0.2222222222222222,0.1111111111111111,0.2222222222222222
2025-04-12,778353,20,2,3,45,12,94,ATL,0.1,0.15,0.26666666666666666
2025-04-13,778340,15,5,1,36,8,72,ATL,0.3333333333333333,0.06666666666666667,0.2222222222222222
2025-04-14,778322,7,2,0,17,3,26,ATL,0.2857142857142857,0.0,0.17647058823529413
2025-04-15,778311,11,2,1,30,3,60,ATL,0.18181818181818182,0.09090909090909091,0.1
2025-04-16,778297,12,2,3,24,6,59,ATL,0.16666666666666666,0.25,0.25
2025-04-18,778284,12,1,0,25,2,50,ATL,0.08333333333333333,0.0,0.08
2025-04-19,778267,16,5,1,39,12,78,ATL,0.3125,0.0625,0.3076923076923077
2025-04-20,778249,12,3,0,20,8,46,ATL,0.25,0.0,0.4
2025-04-21,778233,10,1,2,15,2,36,ATL,0.1,0.2,0.13333333333333333
2025-04-22,778229,32,7,3,66,16,139,ATL,0.21875,0.09375,0.24242424242424243
2025-04-23,778214,12,3,1,25,5,49,ATL,0.25,0.08333333333333333,0.2
2025-04-25,778177,17,4,3,28,3,71,ATL,0.23529411764705882,0.17647058823529413,0.10714285714285714
2025-04-26,778162,15,4,2,28,9,57,ATL,0.26666666666666666,0.13333333333333333,0.32142857142857145
2025-04-27,778147,10,1,1,21,4,49,ATL,0.1,0.1,0.19047619047619047
2025-04-28,778137,12,3,1,23,7,47,ATL,0.25,0.08333333333333333,0.30434782608695654
2025-04-29,778120,13,2,1,22,7,49,ATL,0.15384615384615385,0.07692307692307693,0.3181818181818182
2025-04-30,778102,3,2,0,8,5,14,ATL,0.6666666666666666,0.0,0.625
2025-05-02,778092,9,2,1,17,5,41,ATL,0.2222222222222222,0.1111111111111111,0.29411764705882354
2025-05-03,778076,23,8,3,38,8,97,ATL,0.34782608695652173,0.13043478260869565,0.21052631578947367
2025-05-04,778060,15,6,0,35,13,71,ATL,0.4,0.0,0.37142857142857144
2025-05-05,778049,4,1,1,8,2,19,ATL,0.25,0.25,0.25
2025-05-06,778034,13,7,1,24,9,56,ATL,0.5384615384615384,0.07692307692307693,0.375
2025-05-07,778023,12,4,1,21,5,53,ATL,0.3333333333333333,0.08333333333333333,0.23809523809523808
2025-05-08,778003,22,5,2,36,13,81,ATL,0.22727272727272727,0.09090909090909091,0.3611111111111111
2025-05-09,777998,6,4,0,13,6,27,ATL,0.6666666666666666,0.0,0.46153846153846156
2025-05-10,777985,23,3,3,29,5,80,ATL,0.13043478260869565,0.13043478260869565,0.1724137931034483
2025-05-11,777967,13,1,1,21,4,49,ATL,0.07692307692307693,0.07692307692307693,0.19047619047619047
2025-05-12,777959,13,4,1,22,9,53,ATL,0.3076923076923077,0.07692307692307693,0.4090909090909091
2025-05-13,777942,7,2,0,11,3,29,ATL,0.2857142857142857,0.0,0.2727272727272727
2025-05-14,777929,16,3,1,29,8,67,ATL,0.1875,0.0625,0.27586206896551724
2025-05-15,777909,12,0,1,18,3,38,ATL,0.0,0.08333333333333333,0.16666666666666666
2025-05-16,777908,9,2,1,17,5,38,ATL,0.2222222222222222,0.1111111111111111,0.29411764705882354
2025-05-17,777893,13,1,0,23,5,47,ATL,0.07692307692307693,0.0,0.21739130434782608
2025-05-18,777876,8,2,0,14,4,32,ATL,0.25,0.0,0.2857142857142857
2025-05-20,777841,16,1,3,23,4,51,ATL,0.0625,0.1875,0.17391304347826086
2025-05-22,777820,26,5,2,49,14,87,ATL,0.19230769230769232,0.07692307692307693,0.2857142857142857
2025-05-23,777813,8,2,1,14,4,36,ATL,0.25,0.125,0.2857142857142857
2025-05-24,777803,9,0,3,11,3,30,ATL,0.0,0.3333333333333333,0.2727272727272727
2025-05-25,777783,8,2,0,17,3,35,ATL,0.25,0.0,0.17647058823529413
2025-05-27,777748,16,4,3,26,10,64,ATL,0.25,0.1875,0.38461538461538464
2025-05-29,777723,15,4,1,36,12,65,ATL,0.26666666666666666,0.06666666666666667,0.3333333333333333
2025-05-29,777735,28,6,3,54,16,117,ATL,0.21428571428571427,0.10714285714285714,0.2962962962962963
2025-05-30,777719,16,5,1,33,14,70,ATL,0.3125,0.0625,0.42424242424242425
2025-05-31,777706,8,3,0,19,4,34,ATL,0.375,0.0,0.21052631578947367
2025-06-01,777692,12,8,0,23,9,49,ATL,0.6666666666666666,0.0,0.391304347826087
2025-06-03,777672,18,3,2,30,10,78,ATL,0.16666666666666666,0.1111111111111111,0.3333333333333333
2025-06-04,777654,14,2,3,18,5,56,ATL,0.14285714285714285,0.21428571428571427,0.2777777777777778
2025-06-05,777640,29,3,4,45,12,97,ATL,0.10344827586206896,0.13793103448275862,0.26666666666666666
2025-06-06,777619,12,3,1,21,4,47,ATL,0.25,0.08333333333333333,0.19047619047619047
2025-06-07,777598,4,1,0,7,1,15,ATL,0.25,0.0,0.14285714285714285
2025-06-08,777587,6,1,0,11,1,29,ATL,0.16666666666666666,0.0,0.09090909090909091
2025-06-09,777575,6,4,0,11,7,23,ATL,0.6666666666666666,0.0,0.6363636363636364
2025-06-10,777568,12,3,2,20,5,54,ATL,0.25,0.16666666666666666,0.25
2025-06-13,777535,22,6,1,42,12,79,ATL,0.2727272727272727,0.045454545454545456,0.2857142857142857
2025-06-14,777523,11,6,0,27,8,48,ATL,0.5454545454545454,0.0,0.2962962962962963
2025-06-15,777504,18,1,3,40,7,75,ATL,0.05555555555555555,0.16666666666666666,0.175
2025-06-17,777489,9,3,0,21,6,37,ATL,0.3333333333333333,0.0,0.2857142857142857
2025-06-18,777470,1,0,0,2,0,2,ATL,0.0,0.0,0.0
2025-06-19,777455,10,5,0,21,6,39,ATL,0.5,0.0,0.2857142857142857
2025-06-20,777439,14,3,3,26,7,61,ATL,0.21428571428571427,0.21428571428571427,0.2692307692307692
2025-06-21,777424,11,3,1,25,8,50,ATL,0.2727272727272727,0.09090909090909091,0.32
2025-06-22,777402,11,3,1,28,4,51,ATL,0.2727272727272727,0.09090909090909091,0.14285714285714285
2025-06-23,777389,8,2,0,21,5,38,ATL,0.25,0.0,0.23809523809523808
2025-06-24,777387,16,6,1,26,9,65,ATL,0.375,0.0625,0.34615384615384615
2025-06-25,777369,19,5,0,39,8,73,ATL,0.2631578947368421,0.0,0.20512820512820512
2025-06-26,777352,12,2,0,26,5,46,ATL,0.16666666666666666,0.0,0.19230769230769232
2025-06-27,777342,32,7,3,59,12,121,ATL,0.21875,0.09375,0.2033898305084746
2025-06-28,777333,8,2,0,18,4,32,ATL,0.25,0.0,0.2222222222222222
2025-06-29,777316,8,2,0,15,4,24,ATL,0.25,0.0,0.26666666666666666
2025-07-01,777298,18,0,4,37,2,88,ATL,0.0,0.2222222222222222,0.05405405405405406
2025-07-02,777279,18,6,0,28,6,69,ATL,0.3333333333333333,0.0,0.21428571428571427
2025-07-03,777261,16,7,1,30,13,66,ATL,0.4375,0.0625,0.43333333333333335
2025-07-04,777252,9,2,0,23,7,41,ATL,0.2222222222222222,0.0,0.30434782608695654
2025-07-05,777237,33,10,3,58,25,140,ATL,0.30303030303030304,0.09090909090909091,0.43103448275862066
2025-07-06,777222,12,4,0,19,4,42,ATL,0.3333333333333333,0.0,0.21052631578947367
2025-07-08,777189,27,7,1,62,13,124,ATL,0.25925925925925924,0.037037037037037035,0.20967741935483872
2025-07-09,777176,8,3,0,22,7,37,ATL,0.375,0.0,0.3181818181818182
2025-07-10,777156,14,5,0,25,14,52,ATL,0.35714285714285715,0.0,0.56
2025-07-11,777147,21,2,2,34,4,77,ATL,0.09523809523809523,0.09523809523809523,0.11764705882352941
2025-07-12,777133,28,11,4,56,17,134,ATL,0.39285714285714285,0.14285714285714285,0.30357142857142855
2025-07-13,777118,19,4,1,30,6,66,ATL,0.21052631578947367,0.05263157894736842,0.2
2025-07-18,777114,15,5,1,29,9,62,ATL,0.3333333333333333,0.06666666666666667,0.3103448275862069
2025-07-19,777097,29,3,3,56,13,124,ATL,0.10344827586206896,0.10344827586206896,0.23214285714285715
2025-07-20,777083,12,2,1,18,6,43,ATL,0.16666666666666666,0.08333333333333333,0.3333333333333333
2025-07-21,777069,17,2,0,31,3,58,ATL,0.11764705882352941,0.0,0.0967741935483871
2025-07-22,777058,16,3,2,38,9,64,ATL,0.1875,0.125,0.23684210526315788
2025-07-23,777041,19,5,1,36,11,76,ATL,0.2631578947368421,0.05263157894736842,0.3055555555555556
2025-07-25,777009,21,2,5,27,4,67,ATL,0.09523809523809523,0.23809523809523808,0.14814814814814814
2025-07-26,776993,18,7,1,33,15,73,ATL,0.3888888888888889,0.05555555555555555,0.45454545454545453
2025-07-27,776981,20,6,1,50,11,98,ATL,0.3,0.05,0.22
2025-07-28,776971,19,2,2,31,7,69,ATL,0.10526315789473684,0.10526315789473684,0.22580645161290322
2025-07-29,776955,19,1,3,36,5,77,ATL,0.05263157894736842,0.15789473684210525,0.1388888888888889
2025-07-30,776936,9,2,0,14,3,34,ATL,0.2222222222222222,0.0,0.21428571428571427
2025-07-31,776928,24,3,2,40,10,79,ATL,0.125,0.08333333333333333,0.25
2025-08-01,776921,5,3,0,17,6,28,ATL,0.6,0.0,0.35294117647058826
2025-08-02,776907,37,6,4,53,12,134,ATL,0.16216216216216217,0.10810810810810811,0.22641509433962265
2025-08-04,776882,13,2,2,17,5,52,ATL,0.15384615384615385,0.15384615384615385,0.29411764705882354
2025-08-05,776869,15,4,3,36,9,77,ATL,0.26666666666666666,0.2,0.25
2025-08-06,776853,18,2,1,33,7,76,ATL,0.1111111111111111,0.05555555555555555,0.21212121212121213
2025-08-07,776842,11,5,0,25,13,44,ATL,0.45454545454545453,0.0,0.52
2025-08-08,776834,12,4,0,21,9,38,ATL,0.3333333333333333,0.0,0.42857142857142855
2025-08-09,776819,16,5,1,38,8,75,ATL,0.3125,0.0625,0.21052631578947367
2025-08-09,778431,10,1,0,17,3,37,ATL,0.1,0.0,0.17647058823529413
2025-08-10,776803,13,2,0,28,8,59,ATL,0.15384615384615385,0.0,0.2857142857142857
2025-08-12,776772,21,2,1,28,4,64,ATL,0.09523809523809523,0.047619047619047616,0.14285714285714285
2025-08-13,776756,28,7,3,47,15,128,ATL,0.25,0.10714285714285714,0.3191489361702128
2025-08-14,776748,7,2,0,13,5,19,ATL,0.2857142857142857,0.0,0.38461538461538464
2025-08-15,776738,9,2,0,20,5,39,ATL,0.2222222222222222,0.0,0.25
2025-08-16,776720,12,3,0,24,3,43,ATL,0.25,0.0,0.125
2025-08-17,776706,23,5,2,37,11,85,ATL,0.21739130434782608,0.08695652173913043,0.2972972972972973
2025-08-18,776696,32,6,4,66,14,127,ATL,0.1875,0.125,0.21212121212121213
2025-08-19,776687,16,3,1,33,12,65,ATL,0.1875,0.0625,0.36363636363636365
2025-08-20,776669,6,2,0,18,4,24,ATL,0.3333333333333333,0.0,0.2222222222222222
2025-08-22,776645,30,2,2,68,15,114,ATL,0.06666666666666667,0.06666666666666667,0.22058823529411764
2025-08-23,776626,21,2,1,37,6,80,ATL,0.09523809523809523,0.047619047619047616,0.16216216216216217
2025-08-24,776624,16,1,3,26,6,59,ATL,0.0625,0.1875,0.23076923076923078
2025-08-25,776600,4,2,0,11,3,23,ATL,0.5,0.0,0.2727272727272727
2025-08-26,776581,16,3,1,23,5,52,ATL,0.1875,0.0625,0.21739130434782608
2025-08-27,776565,8,1,0,10,0,17,ATL,0.125,0.0,0.0
2025-08-28,776560,29,3,4,54,7,116,ATL,0.10344827586206896,0.13793103448275862,0.12962962962962962
2025-08-29,776552,7,0,1,18,6,33,ATL,0.0,0.14285714285714285,0.3333333333333333
2025-08-30,776532,16,6,1,37,8,62,ATL,0.375,0.0625,0.21621621621621623
2025-08-31,776522,11,4,0,24,3,42,ATL,0.36363636363636365,0.0,0.125
2025-09-01,776506,20,5,0,41,7,83,ATL,0.25,0.0,0.17073170731707318
2025-09-02,776487,13,1,2,22,4,50,ATL,0.07692307692307693,0.15384615384615385,0.18181818181818182
2025-09-03,776473,8,3,2,17,2,37,ATL,0.375,0.25,0.11764705882352941
2025-09-05,776460,9,2,0,22,8,38,ATL,0.2222222222222222,0.0,0.36363636363636365
2025-09-06,776447,26,5,4,45,8,101,ATL,0.19230769230769232,0.15384615384615385,0.17777777777777778
2025-09-07,776428,35,5,2,65,15,120,ATL,0.14285714285714285,0.05714285714285714,0.23076923076923078
2025-09-08,776412,8,2,0,14,3,28,ATL,0.25,0.0,0.21428571428571427
2025-09-09,776402,14,4,3,23,6,58,ATL,0.2857142857142857,0.21428571428571427,0.2608695652173913
2025-09-10,776381,17,4,2,25,9,66,ATL,0.23529411764705882,0.11764705882352941,0.36
2025-09-12,776360,19,5,1,37,10,75,ATL,0.2631578947368421,0.05263157894736842,0.2702702702702703
2025-09-13,776346,16,4,2,30,8,65,ATL,0.25,0.125,0.26666666666666666
2025-09-14,776329,19,6,1,41,11,81,ATL,0.3157894736842105,0.05263157894736842,0.2682926829268293
2025-09-15,776315,10,3,3,27,5,53,ATL,0.3,0.3,0.18518518518518517
2025-09-16,776307,8,1,0,10,2,18,ATL,0.125,0.0,0.2
2025-09-16,777825,9,3,1,14,2,38,ATL,0.3333333333333333,0.1111111111111111,0.14285714285714285
2025-09-17,776286,18,4,0,37,10,68,ATL,0.2222222222222222,0.0,0.2702702702702703
2025-09-19,776268,6,2,0,14,4,22,ATL,0.3333333333333333,0.0,0.2857142857142857
2025-09-20,776258,15,4,0,32,9,58,ATL,0.26666666666666666,0.0,0.28125
2025-09-21,776238,19,4,2,39,8,74,ATL,0.21052631578947367,0.10526315789473684,0.20512820512820512
2025-09-22,776221,17,3,1,30,5,59,ATL,0.17647058823529413,0.058823529411764705,0.16666666666666666
2025-09-23,776219,11,5,1,20,4,41,ATL,0.45454545454545453,0.09090909090909091,0.2
2025-09-24,776200,8,2,0,14,5,26,ATL,0.25,0.0,0.35714285714285715
2025-09-26,776180,21,4,1,44,8,92,ATL,0.19047619047619047,0.047619047619047616,0.18181818181818182
2025-09-27,776156,13,2,2,24,5,55,ATL,0.15384615384615385,0.15384615384615385,0.20833333333333334
2025-09-28,776149,28,10,2,58,13,120,ATL,0.35714285714285715,0.07142857142857142,0.22413793103448276
2025-03-27,778556,12,1,4,16,2,51,BAL,0.08333333333333333,0.3333333333333333,0.125
2025-03-28,778549,22,4,2,36,8,87,BAL,0.18181818181818182,0.09090909090909091,0.2222222222222222
2025-03-29,778536,17,8,3,32,12,77,BAL,0.47058823529411764,0.17647058823529413,0.375
2025-03-30,778525,16,5,0,29,5,55,BAL,0.3125,0.0,0.1724137931034483
2025-03-31,778512,19,5,2,38,13,73,BAL,0.2631578947368421,0.10526315789473684,0.34210526315789475
2025-04-02,778483,13,4,3,33,10,67,BAL,0.3076923076923077,0.23076923076923078,0.30303030303030304
2025-04-03,778470,17,1,0,40,5,63,BAL,0.058823529411764705,0.0,0.125
2025-04-04,778455,18,4,1,39,6,80,BAL,0.2222222222222222,0.05555555555555555,0.15384615384615385
2025-04-05,778441,12,2,2,19,1,49,BAL,0.16666666666666666,0.16666666666666666,0.05263157894736842
2025-04-06,778422,7,3,1,9,4,29,BAL,0.42857142857142855,0.14285714285714285,0.4444444444444444
2025-04-07,778413,10,2,0,22,7,38,BAL,0.2,0.0,0.3181818181818182
2025-04-08,778396,9,1,2,12,1,35,BAL,0.1111111111111111,0.2222222222222222,0.08333333333333333
2025-04-09,778380,17,4,2,37,9,71,BAL,0.23529411764705882,0.11764705882352941,0.24324324324324326
2025-04-12,778362,16,3,3,28,5,55,BAL,0.1875,0.1875,0.17857142857142858
2025-04-13,778344,25,3,1,52,7,95,BAL,0.12,0.04,0.1346153846153846
2025-04-15,778317,16,2,0,32,6,61,BAL,0.125,0.0,0.1875
2025-04-16,778301,15,5,1,31,11,61,BAL,0.3333333333333333,0.06666666666666667,0.3548387096774194
2025-04-17,778292,9,4,1,19,8,41,BAL,0.4444444444444444,0.1111111111111111,0.42105263157894735
2025-04-18,778276,24,7,2,44,14,93,BAL,0.2916666666666667,0.08333333333333333,0.3181818181818182
2025-04-19,778262,26,4,6,46,9,102,BAL,0.15384615384615385,0.23076923076923078,0.1956521739130435
2025-04-20,778250,46,4,7,69,12,166,BAL,0.08695652173913043,0.15217391304347827,0.17391304347826086
2025-04-22,778222,11,3,0,23,1,40,BAL,0.2727272727272727,0.0,0.043478260869565216
2025-04-23,778204,5,0,1,11,3,22,BAL,0.0,0.2,0.2727272727272727
2025-04-24,778193,8,1,0,15,4,33,BAL,0.125,0.0,0.26666666666666666
2025-04-26,778168,15,5,1,33,7,56,BAL,0.3333333333333333,0.06666666666666667,0.21212121212121213
2025-04-26,778180,31,6,7,57,10,133,BAL,0.1935483870967742,0.22580645161290322,0.17543859649122806
2025-04-27,778155,12,2,1,20,3,41,BAL,0.16666666666666666,0.08333333333333333,0.15
2025-04-28,778140,17,7,0,32,11,67,BAL,0.4117647058823529,0.0,0.34375
2025-04-29,778133,30,7,2,56,16,122,BAL,0.23333333333333334,0.06666666666666667,0.2857142857142857
2025-04-30,778115,18,6,2,33,7,76,BAL,0.3333333333333333,0.1111111111111111,0.21212121212121213
2025-05-02,778093,7,2,0,17,4,33,BAL,0.2857142857142857,0.0,0.23529411764705882
2025-05-03,778072,14,2,1,19,3,47,BAL,0.14285714285714285,0.07142857142857142,0.15789473684210525
2025-05-04,778062,26,3,0,49,9,100,BAL,0.11538461538461539,0.0,0.1836734693877551
2025-05-06,778028,12,3,1,21,4,48,BAL,0.25,0.08333333333333333,0.19047619047619047
2025-05-07,778011,17,4,1,29,9,57,BAL,0.23529411764705882,0.058823529411764705,0.3103448275862069
2025-05-08,778007,8,3,3,16,5,41,BAL,0.375,0.375,0.3125
2025-05-09,777986,7,3,1,22,7,45,BAL,0.42857142857142855,0.14285714285714285,0.3181818181818182
2025-05-10,777973,15,4,3,24,5,69,BAL,0.26666666666666666,0.2,0.20833333333333334
2025-05-11,777961,13,5,0,21,8,46,BAL,0.38461538461538464,0.0,0.38095238095238093
2025-05-14,777924,14,4,2,27,8,57,BAL,0.2857142857142857,0.14285714285714285,0.2962962962962963
2025-05-14,777938,25,6,3,38,7,87,BAL,0.24,0.12,0.18421052631578946
2025-05-15,777911,11,4,2,24,10,53,BAL,0.36363636363636365,0.18181818181818182,0.4166666666666667
2025-05-16,777907,16,4,3,22,5,58,BAL,0.25,0.1875,0.22727272727272727
2025-05-17,777890,32,10,1,59,16,114,BAL,0.3125,0.03125,0.2711864406779661
2025-05-18,777873,14,6,0,30,9,59,BAL,0.42857142857142855,0.0,0.3
2025-05-19,777860,13,1,3,20,3,52,BAL,0.07692307692307693,0.23076923076923078,0.15
2025-05-20,777844,34,4,6,42,7,122,BAL,0.11764705882352941,0.17647058823529413,0.16666666666666666
2025-05-21,777826,18,5,2,40,12,75,BAL,0.2777777777777778,0.1111111111111111,0.3
2025-05-23,777815,30,1,5,48,6,119,BAL,0.03333333333333333,0.16666666666666666,0.125
2025-05-24,777790,12,2,1,23,7,46,BAL,0.16666666666666666,0.08333333333333333,0.30434782608695654
2025-05-24,777809,16,4,1,32,7,67,BAL,0.25,0.0625,0.21875
2025-05-25,777785,14,4,0,32,7,52,BAL,0.2857142857142857,0.0,0.21875
2025-05-26,777771,9,5,0,19,7,38,BAL,0.5555555555555556,0.0,0.3684210526315789
2025-05-27,777754,18,6,2,38,11,77,BAL,0.3333333333333333,0.1111111111111111,0.2894736842105263
2025-05-28,777740,19,7,2,27,8,72,BAL,0.3684210526315789,0.10526315789473684,0.2962962962962963
2025-05-30,777720,9,3,1,18,6,43,BAL,0.3333333333333333,0.1111111111111111,0.3333333333333333
2025-05-31,777699,15,4,4,21,6,59,BAL,0.26666666666666666,0.26666666666666666,0.2857142857142857
2025-06-01,777684,8,2,0,13,4,25,BAL,0.25,0.0,0.3076923076923077
2025-06-03,777655,8,3,0,16,2,31,BAL,0.375,0.0,0.125
2025-06-04,777645,14,6,2,24,12,59,BAL,0.42857142857142855,0.14285714285714285,0.5
2025-06-05,777628,10,5,0,19,8,33,BAL,0.5,0.0,0.42105263157894735
2025-06-06,777613,12,6,0,36,9,62,BAL,0.5,0.0,0.25
2025-06-07,777599,25,9,4,46,14,109,BAL,0.36,0.16,0.30434782608695654
2025-06-08,777588,13,3,0,19,1,44,BAL,0.23076923076923078,0.0,0.05263157894736842
2025-06-10,777573,15,3,0,31,7,57,BAL,0.2,0.0,0.22580645161290322
2025-06-11,777562,7,3,0,11,4,21,BAL,0.42857142857142855,0.0,0.36363636363636365
2025-06-12,777540,31,8,2,64,18,115,BAL,0.25806451612903225,0.06451612903225806,0.28125
2025-06-13,777539,13,5,0,29,7,53,BAL,0.38461538461538464,0.0,0.2413793103448276
2025-06-14,777519,18,6,3,37,12,76,BAL,0.3333333333333333,0.16666666666666666,0.32432432432432434
2025-06-15,777501,23,7,2,37,6,87,BAL,0.30434782608695654,0.08695652173913043,0.16216216216216217
2025-06-16,777484,12,8,0,21,12,42,BAL,0.6666666666666666,0.0,0.5714285714285714
2025-06-17,777477,16,3,1,33,8,55,BAL,0.1875,0.0625,0.24242424242424243
2025-06-18,777463,31,3,2,48,9,108,BAL,0.0967741935483871,0.06451612903225806,0.1875
2025-06-19,777446,14,6,3,28,7,70,BAL,0.42857142857142855,0.21428571428571427,0.25
2025-06-20,777438,19,5,2,43,11,90,BAL,0.2631578947368421,0.10526315789473684,0.2558139534883721
2025-06-21,777422,21,5,2,43,8,85,BAL,0.23809523809523808,0.09523809523809523,0.18604651162790697
2025-06-22,777406,14,2,2,26,3,57,BAL,0.14285714285714285,0.14285714285714285,0.11538461538461539
2025-06-23,777394,3,0,0,4,0,5,BAL,0.0,0.0,0.0
2025-06-24,777380,25,7,3,45,14,104,BAL,0.28,0.12,0.3111111111111111
2025-06-25,777365,20,3,1,37,7,74,BAL,0.15,0.05,0.1891891891891892
2025-06-27,777343,16,2,0,39,10,61,BAL,0.125,0.0,0.2564102564102564
2025-06-28,777330,36,5,6,64,16,135,BAL,0.1388888888888889,0.16666666666666666,0.25
2025-06-29,777317,9,4,1,17,7,40,BAL,0.4444444444444444,0.1111111111111111,0.4117647058823529
2025-06-30,777292,23,9,2,47,16,101,BAL,0.391304347826087,0.08695652173913043,0.3404255319148936
2025-07-01,777282,25,3,3,39,4,94,BAL,0.12,0.12,0.10256410256410256
2025-07-02,777268,12,3,1,23,6,48,BAL,0.25,0.08333333333333333,0.2608695652173913
2025-07-04,777252,10,1,0,16,2,31,BAL,0.1,0.0,0.125
2025-07-05,777237,23,8,3,43,16,92,BAL,0.34782608695652173,0.13043478260869565,0.37209302325581395
2025-07-06,777222,10,4,0,24,9,43,BAL,0.4,0.0,0.375
2025-07-08,777198,24,7,2,40,11,96,BAL,0.2916666666666667,0.08333333333333333,0.275
2025-07-10,777165,10,4,0,26,9,47,BAL,0.4,0.0,0.34615384615384615
2025-07-10,777181,11,4,1,19,8,43,BAL,0.36363636363636365,0.09090909090909091,0.42105263157894735
2025-07-11,777157,8,2,0,22,6,31,BAL,0.25,0.0,0.2727272727272727
2025-07-12,777141,14,0,0,16,1,38,BAL,0.0,0.0,0.0625
2025-07-13,777129,24,2,2,46,9,91,BAL,0.08333333333333333,0.08333333333333333,0.1956521739130435
2025-07-18,777110,15,3,2,24,4,57,BAL,0.2,0.13333333333333333,0.16666666666666666
2025-07-19,777095,8,0,2,18,2,35,BAL,0.0,0.25,0.1111111111111111
2025-07-20,777076,14,4,3,25,5,60,BAL,0.2857142857142857,0.21428571428571427,0.2
2025-07-21,777068,26,3,3,35,9,87,BAL,0.11538461538461539,0.11538461538461539,0.2571428571428571
2025-07-22,777056,19,3,4,26,6,75,BAL,0.15789473684210525,0.21052631578947367,0.23076923076923078
2025-07-23,777036,12,1,1,23,4,46,BAL,0.08333333333333333,0.08333333333333333,0.17391304347826086
2025-07-24,777019,9,4,0,18,8,39,BAL,0.4444444444444444,0.0,0.4444444444444444
2025-07-25,777020,11,5,1,20,10,40,BAL,0.45454545454545453,0.09090909090909091,0.5
2025-07-26,776999,8,2,1,14,6,28,BAL,0.25,0.125,0.42857142857142855
2025-07-27,776986,13,4,2,22,7,49,BAL,0.3076923076923077,0.15384615384615385,0.3181818181818182
2025-07-28,776966,18,4,1,27,4,59,BAL,0.2222222222222222,0.05555555555555555,0.14814814814814814
2025-07-29,776962,13,3,3,24,7,56,BAL,0.23076923076923078,0.23076923076923078,0.2916666666666667
2025-07-29,778372,11,1,0,23,1,35,BAL,0.09090909090909091,0.0,0.043478260869565216
2025-07-30,776948,21,2,2,38,6,74,BAL,0.09523809523809523,0.09523809523809523,0.15789473684210525
2025-08-02,776902,18,6,3,36,7,71,BAL,0.3333333333333333,0.16666666666666666,0.19444444444444445
2025-08-03,776888,16,4,0,40,5,67,BAL,0.25,0.0,0.125
2025-08-04,776877,17,2,1,32,10,62,BAL,0.11764705882352941,0.058823529411764705,0.3125
2025-08-05,776868,8,3,0,17,7,35,BAL,0.375,0.0,0.4117647058823529
2025-08-06,776851,10,5,1,24,6,44,BAL,0.5,0.1,0.25
2025-08-08,776831,8,1,0,13,3,26,BAL,0.125,0.0,0.23076923076923078
2025-08-09,776811,28,7,3,58,19,118,BAL,0.25,0.10714285714285714,0.3275862068965517
2025-08-10,776804,13,6,2,26,7,60,BAL,0.46153846153846156,0.15384615384615385,0.2692307692307692
2025-08-12,776776,4,0,0,14,2,23,BAL,0.0,0.0,0.14285714285714285
2025-08-13,776761,9,2,1,14,3,28,BAL,0.2222222222222222,0.1111111111111111,0.21428571428571427
2025-08-14,776750,18,2,2,31,8,69,BAL,0.1111111111111111,0.1111111111111111,0.25806451612903225
2025-08-15,776733,3,1,0,6,3,10,BAL,0.3333333333333333,0.0,0.5
2025-08-16,776722,46,15,5,82,30,178,BAL,0.32608695652173914,0.10869565217391304,0.36585365853658536
2025-08-17,776705,9,5,0,19,8,30,BAL,0.5555555555555556,0.0,0.42105263157894735
2025-08-18,776695,9,1,1,17,2,41,BAL,0.1111111111111111,0.1111111111111111,0.11764705882352941
2025-08-19,776684,27,5,6,34,13,96,BAL,0.18518518518518517,0.2222222222222222,0.38235294117647056
2025-08-21,776655,15,1,1,29,6,53,BAL,0.06666666666666667,0.06666666666666667,0.20689655172413793
2025-08-22,776643,21,4,2,31,8,60,BAL,0.19047619047619047,0.09523809523809523,0.25806451612903225
2025-08-23,776629,17,1,1,25,6,44,BAL,0.058823529411764705,0.058823529411764705,0.24
2025-08-24,776612,9,3,0,14,5,31,BAL,0.3333333333333333,0.0,0.35714285714285715
2025-08-25,776604,10,5,0,16,4,43,BAL,0.5,0.0,0.25
2025-08-26,776591,15,1,1,29,7,57,BAL,0.06666666666666667,0.06666666666666667,0.2413793103448276
2025-08-27,776579,25,4,1,50,12,97,BAL,0.16,0.04,0.24
2025-08-28,776564,14,3,1,24,7,51,BAL,0.21428571428571427,0.07142857142857142,0.2916666666666667
2025-08-29,776533,28,7,2,43,8,102,BAL,0.25,0.07142857142857142,0.18604651162790697
2025-08-30,776516,8,2,1,10,2,26,BAL,0.25,0.125,0.2
2025-08-31,776507,26,2,6,49,7,98,BAL,0.07692307692307693,0.23076923076923078,0.14285714285714285
2025-09-01,776494,20,4,1,40,10,73,BAL,0.2,0.05,0.25
2025-09-02,776480,16,2,3,26,5,69,BAL,0.125,0.1875,0.19230769230769232
2025-09-03,776465,14,7,0,28,11,54,BAL,0.5,0.0,0.39285714285714285
2025-09-05,776454,25,4,3,44,10,96,BAL,0.16,0.12,0.22727272727272727
2025-09-06,776443,14,1,0,25,3,52,BAL,0.07142857142857142,0.0,0.12
2025-09-07,776427,24,5,4,51,13,103,BAL,0.20833333333333334,0.16666666666666666,0.2549019607843137
2025-09-09,776401,15,4,3,32,9,70,BAL,0.26666666666666666,0.2,0.28125
2025-09-10,776387,13,4,2,35,11,73,BAL,0.3076923076923077,0.15384615384615385,0.3142857142857143
2025-09-11,776372,15,5,1,25,7,57,BAL,0.3333333333333333,0.06666666666666667,0.28
2025-09-12,776353,17,1,1,39,3,68,BAL,0.058823529411764705,0.058823529411764705,0.07692307692307693
2025-09-13,776343,18,1,2,30,3,61,BAL,0.05555555555555555,0.1111111111111111,0.1
2025-09-14,776322,28,3,1,52,7,103,BAL,0.10714285714285714,0.03571428571428571,0.1346153846153846
2025-09-15,776314,12,6,0,28,10,48,BAL,0.5,0.0,0.35714285714285715
2025-09-16,776306,16,6,2,36,14,76,BAL,0.375,0.125,0.3888888888888889
2025-09-17,776285,10,2,0,24,5,38,BAL,0.2,0.0,0.20833333333333334
2025-09-18,776278,19,6,4,31,11,79,BAL,0.3157894736842105,0.21052631578947367,0.3548387096774194
2025-09-19,776273,13,4,1,20,6,42,BAL,0.3076923076923077,0.07692307692307693,0.3
2025-09-20,776257,21,7,2,37,12,83,BAL,0.3333333333333333,0.09523809523809523,0.32432432432432434
2025-09-21,776240,24,8,2,38,13,90,BAL,0.3333333333333333,0.08333333333333333,0.34210526315789475
2025-09-23,776223,10,2,1,19,5,38,BAL,0.2,0.1,0.2631578947368421
2025-09-24,776203,19,4,0,33,10,60,BAL,0.21052631578947367,0.0,0.30303030303030304
2025-09-25,776191,15,5,0,38,12,55,BAL,0.3333333333333333,0.0,0.3157894736842105
2025-09-26,776174,22,4,2,38,7,87,BAL,0.18181818181818182,0.09090909090909091,0.18421052631578946
2025-09-27,776162,16,4,3,24,4,58,BAL,0.25,0.1875,0.16666666666666666
2025-09-28,776140,15,4,3,25,5,66,BAL,0.26666666666666666,0.2,0.2
2025-03-27,778553,14,3,0,23,7,47,BOS,0.21428571428571427,0.0,0.30434782608695654
2025-03-28,778550,8,1,0,12,0,25,BOS,0.125,0.0,0.0
2025-03-29,778531,13,2,1,25,4,48,BOS,0.15384615384615385,0.07692307692307693,0.16
2025-03-30,778516,6,1,0,12,3,16,BOS,0.16666666666666666,0.0,0.25
2025-03-31,778512,20,3,1,22,3,57,BOS,0.15,0.05,0.13636363636363635
2025-04-02,778483,4,1,1,7,3,18,BOS,0.25,0.25,0.42857142857142855
2025-04-03,778470,18,5,1,42,13,86,BOS,0.2777777777777778,0.05555555555555555,0.30952380952380953
2025-04-04,778463,20,5,1,37,10,83,BOS,0.25,0.05,0.2702702702702703
2025-04-06,778432,19,1,1,31,3,75,BOS,0.05263157894736842,0.05263157894736842,0.0967741935483871
2025-04-06,778443,24,7,3,51,17,101,BOS,0.2916666666666667,0.125,0.3333333333333333
2025-04-07,778426,16,1,1,27,3,60,BOS,0.0625,0.0625,0.1111111111111111
2025-04-08,778404,16,3,1,28,4,57,BOS,0.1875,0.0625,0.14285714285714285
2025-04-09,778386,14,2,0,26,5,43,BOS,0.14285714285714285,0.0,0.19230769230769232
2025-04-10,778377,17,4,1,36,11,71,BOS,0.23529411764705882,0.058823529411764705,0.3055555555555556
2025-04-11,778366,21,3,2,35,9,68,BOS,0.14285714285714285,0.09523809523809523,0.2571428571428571
2025-04-12,778349,14,4,2,27,6,56,BOS,0.2857142857142857,0.14285714285714285,0.2222222222222222
2025-04-13,778338,8,3,0,25,8,40,BOS,0.375,0.0,0.32
2025-04-14,778328,24,8,2,51,11,111,BOS,0.3333333333333333,0.08333333333333333,0.21568627450980393
2025-04-15,778319,17,7,1,31,17,68,BOS,0.4117647058823529,0.058823529411764705,0.5483870967741935
2025-04-16,778298,14,9,0,30,11,55,BOS,0.6428571428571429,0.0,0.36666666666666664
2025-04-18,778275,13,0,1,19,3,41,BOS,0.0,0.07692307692307693,0.15789473684210525
2025-04-19,778264,17,5,2,30,6,64,BOS,0.29411764705882354,0.11764705882352941,0.2
2025-04-20,778245,19,1,0,28,7,62,BOS,0.05263157894736842,0.0,0.25
2025-04-21,778238,8,2,0,18,9,28,BOS,0.25,0.0,0.5
2025-04-22,778224,17,2,3,28,9,71,BOS,0.11764705882352941,0.17647058823529413,0.32142857142857145
2025-04-23,778207,21,4,3,51,9,108,BOS,0.19047619047619047,0.14285714285714285,0.17647058823529413
2025-04-24,778196,18,4,3,36,11,71,BOS,0.2222222222222222,0.16666666666666666,0.3055555555555556
2025-04-26,778169,10,4,1,25,7,46,BOS,0.4,0.1,0.28
2025-04-26,778179,12,5,0,23,10,36,BOS,0.4166666666666667,0.0,0.43478260869565216
2025-04-27,778157,12,5,1,21,7,45,BOS,0.4166666666666667,0.08333333333333333,0.3333333333333333
2025-04-29,778127,6,2,0,13,5,23,BOS,0.3333333333333333,0.0,0.38461538461538464
2025-04-30,778114,17,1,0,35,7,64,BOS,0.058823529411764705,0.0,0.2
2025-05-01,778095,7,0,1,15,4,29,BOS,0.0,0.14285714285714285,0.26666666666666666
2025-05-02,778089,8,4,0,9,3,26,BOS,0.5,0.0,0.3333333333333333
2025-05-03,778073,13,2,0,31,7,55,BOS,0.15384615384615385,0.0,0.22580645161290322
2025-05-04,778063,18,4,1,34,9,59,BOS,0.2222222222222222,0.05555555555555555,0.2647058823529412
2025-05-06,778037,23,7,1,47,12,106,BOS,0.30434782608695654,0.043478260869565216,0.2553191489361702
2025-05-07,778018,16,3,1,31,9,55,BOS,0.1875,0.0625,0.2903225806451613
2025-05-08,778006,16,2,1,28,7,55,BOS,0.125,0.0625,0.25
2025-05-09,777990,22,6,3,41,9,96,BOS,0.2727272727272727,0.13636363636363635,0.21951219512195122
2025-05-10,777977,8,2,0,13,3,26,BOS,0.25,0.0,0.23076923076923078
2025-05-11,777965,10,2,0,22,9,33,BOS,0.2,0.0,0.4090909090909091
2025-05-12,777951,27,4,0,54,10,98,BOS,0.14814814814814814,0.0,0.18518518518518517
2025-05-13,777940,24,9,1,53,17,111,BOS,0.375,0.041666666666666664,0.32075471698113206
2025-05-14,777927,13,3,1,18,4,40,BOS,0.23076923076923078,0.07692307692307693,0.2222222222222222
2025-05-16,777908,11,1,5,17,4,53,BOS,0.09090909090909091,0.45454545454545453,0.23529411764705882
2025-05-17,777893,21,5,3,39,8,94,BOS,0.23809523809523808,0.14285714285714285,0.20512820512820512
2025-05-18,777876,20,4,2,34,5,79,BOS,0.2,0.1,0.14705882352941177
2025-05-19,777856,16,5,2,23,5,60,BOS,0.3125,0.125,0.21739130434782608
2025-05-20,777851,24,3,2,37,6,80,BOS,0.125,0.08333333333333333,0.16216216216216217
2025-05-21,777831,19,2,3,31,9,79,BOS,0.10526315789473684,0.15789473684210525,0.2903225806451613
2025-05-23,777815,25,4,2,43,7,77,BOS,0.16,0.08,0.16279069767441862
2025-05-24,777790,11,1,4,20,5,59,BOS,0.09090909090909091,0.36363636363636365,0.25
2025-05-24,777809,24,5,3,39,8,104,BOS,0.20833333333333334,0.125,0.20512820512820512
2025-05-25,777785,17,2,1,31,7,58,BOS,0.11764705882352941,0.058823529411764705,0.22580645161290322
2025-05-26,777764,8,1,2,10,1,28,BOS,0.125,0.25,0.1
2025-05-27,777747,28,6,3,52,13,111,BOS,0.21428571428571427,0.10714285714285714,0.25
2025-05-28,777736,23,3,2,42,6,96,BOS,0.13043478260869565,0.08695652173913043,0.14285714285714285
2025-05-30,777719,16,5,1,29,12,69,BOS,0.3125,0.0625,0.41379310344827586
2025-05-31,777706,8,3,0,13,2,27,BOS,0.375,0.0,0.15384615384615385
2025-06-01,777692,7,2,1,15,4,28,BOS,0.2857142857142857,0.14285714285714285,0.26666666666666666
2025-06-02,777670,29,5,2,51,10,100,BOS,0.1724137931034483,0.06896551724137931,0.19607843137254902
2025-06-03,777667,14,2,1,18,4,47,BOS,0.14285714285714285,0.07142857142857142,0.2222222222222222
2025-06-04,777649,28,7,3,55,14,113,BOS,0.25,0.10714285714285714,0.2545454545454545
2025-06-06,777627,26,8,2,52,12,97,BOS,0.3076923076923077,0.07692307692307693,0.23076923076923078
2025-06-07,777605,12,6,2,21,10,47,BOS,0.5,0.16666666666666666,0.47619047619047616
2025-06-08,777593,24,6,6,35,10,101,BOS,0.25,0.25,0.2857142857142857
2025-06-09,777584,25,4,4,40,11,102,BOS,0.16,0.16,0.275
2025-06-10,777565,9,3,0,14,2,29,BOS,0.3333333333333333,0.0,0.14285714285714285
2025-06-11,777561,9,3,1,20,6,39,BOS,0.3333333333333333,0.1111111111111111,0.3
2025-06-13,777537,4,1,0,18,1,31,BOS,0.25,0.0,0.05555555555555555
2025-06-14,777516,15,3,2,20,6,49,BOS,0.2,0.13333333333333333,0.3
2025-06-15,777500,7,3,0,12,4,24,BOS,0.42857142857142855,0.0,0.3333333333333333
2025-06-16,777486,13,5,3,20,11,48,BOS,0.38461538461538464,0.23076923076923078,0.55
2025-06-17,777473,17,4,2,24,6,63,BOS,0.23529411764705882,0.11764705882352941,0.25
2025-06-18,777453,9,2,1,18,5,35,BOS,0.2222222222222222,0.1111111111111111,0.2777777777777778
2025-06-20,777425,20,7,3,44,16,94,BOS,0.35,0.15,0.36363636363636365
2025-06-21,777417,6,1,0,12,2,20,BOS,0.16666666666666666,0.0,0.16666666666666666
2025-06-22,777395,14,0,0,27,3,47,BOS,0.0,0.0,0.1111111111111111
2025-06-23,777381,18,5,3,37,11,81,BOS,0.2777777777777778,0.16666666666666666,0.2972972972972973
2025-06-24,777376,12,5,1,26,10,44,BOS,0.4166666666666667,0.08333333333333333,0.38461538461538464
2025-06-25,777362,20,6,3,35,7,86,BOS,0.3,0.15,0.2
2025-06-27,777345,21,1,4,33,4,88,BOS,0.047619047619047616,0.19047619047619047,0.12121212121212122
2025-06-28,777323,8,2,2,14,5,31,BOS,0.25,0.25,0.35714285714285715
2025-06-29,777310,19,4,1,38,6,68,BOS,0.21052631578947367,0.05263157894736842,0.15789473684210525
2025-06-30,777300,13,2,1,25,4,54,BOS,0.15384615384615385,0.07692307692307693,0.16
2025-07-01,777294,20,4,1,33,8,74,BOS,0.2,0.05,0.24242424242424243
2025-07-02,777277,37,4,2,68,14,120,BOS,0.10810810810810811,0.05405405405405406,0.20588235294117646
2025-07-04,777245,6,1,0,13,4,21,BOS,0.16666666666666666,0.0,0.3076923076923077
2025-07-05,777228,13,2,0,21,3,38,BOS,0.15384615384615385,0.0,0.14285714285714285
2025-07-06,777213,20,4,4,43,7,93,BOS,0.2,0.2,0.16279069767441862
2025-07-07,777209,15,5,2,29,7,63,BOS,0.3333333333333333,0.13333333333333333,0.2413793103448276
2025-07-09,777179,12,1,0,17,2,31,BOS,0.08333333333333333,0.0,0.11764705882352941
2025-07-10,777170,11,4,0,23,6,46,BOS,0.36363636363636365,0.0,0.2608695652173913
2025-07-11,777155,32,6,3,57,14,110,BOS,0.1875,0.09375,0.24561403508771928
2025-07-13,777130,10,5,0,31,6,50,BOS,0.5,0.0,0.1935483870967742
2025-07-18,777101,11,1,2,18,2,42,BOS,0.09090909090909091,0.18181818181818182,0.1111111111111111
2025-07-19,777096,12,1,0,17,4,36,BOS,0.08333333333333333,0.0,0.23529411764705882
2025-07-20,777075,9,3,0,19,7,37,BOS,0.3333333333333333,0.0,0.3684210526315789
2025-07-21,777063,10,4,1,24,8,49,BOS,0.4,0.1,0.3333333333333333
2025-07-22,777045,17,4,2,39,8,78,BOS,0.23529411764705882,0.11764705882352941,0.20512820512820512
2025-07-23,777038,25,5,0,54,12,94,BOS,0.2,0.0,0.2222222222222222
2025-07-25,777012,15,4,1,29,11,66,BOS,0.26666666666666666,0.06666666666666667,0.3793103448275862
2025-07-26,776998,10,5,1,19,11,40,BOS,0.5,0.1,0.5789473684210527
2025-07-27,776983,20,2,4,32,6,77,BOS,0.1,0.2,0.1875
2025-07-28,776961,23,4,3,42,10,94,BOS,0.17391304347826086,0.13043478260869565,0.23809523809523808
2025-07-29,776954,15,5,0,27,11,52,BOS,0.3333333333333333,0.0,0.4074074074074074
2025-07-30,776935,6,0,0,11,1,24,BOS,0.0,0.0,0.09090909090909091
2025-08-01,776922,10,2,0,19,3,33,BOS,0.2,0.0,0.15789473684210525
2025-08-02,776909,21,6,3,42,13,83,BOS,0.2857142857142857,0.14285714285714285,0.30952380952380953
2025-08-03,776895,3,1,0,5,2,10,BOS,0.3333333333333333,0.0,0.4
2025-08-04,776880,16,4,2,34,6,73,BOS,0.25,0.125,0.17647058823529413
2025-08-05,776864,8,0,0,17,2,34,BOS,0.0,0.0,0.11764705882352941
2025-08-06,776856,25,6,0,32,9,84,BOS,0.24,0.0,0.28125
2025-08-08,776820,16,2,5,28,8,72,BOS,0.125,0.3125,0.2857142857142857
2025-08-09,776807,18,3,1,35,10,68,BOS,0.16666666666666666,0.05555555555555555,0.2857142857142857
2025-08-10,776789,12,3,2,31,3,62,BOS,0.25,0.16666666666666666,0.0967741935483871
2025-08-11,776782,15,2,1,27,10,44,BOS,0.13333333333333333,0.06666666666666667,0.37037037037037035
2025-08-12,776769,13,2,1,22,5,42,BOS,0.15384615384615385,0.07692307692307693,0.22727272727272727
2025-08-13,776753,6,0,0,10,2,23,BOS,0.0,0.0,0.2
2025-08-15,776741,9,1,0,13,1,23,BOS,0.1111111111111111,0.0,0.07692307692307693
2025-08-16,776724,12,1,0,22,4,35,BOS,0.08333333333333333,0.0,0.18181818181818182
2025-08-17,776714,12,1,0,18,1,40,BOS,0.08333333333333333,0.0,0.05555555555555555
2025-08-18,776695,16,5,2,33,8,73,BOS,0.3125,0.125,0.24242424242424243
2025-08-19,776684,27,8,3,48,19,101,BOS,0.2962962962962963,0.1111111111111111,0.3958333333333333
2025-08-21,776654,18,2,2,30,8,78,BOS,0.1111111111111111,0.1111111111111111,0.26666666666666666
2025-08-22,776647,6,4,0,13,6,24,BOS,0.6666666666666666,0.0,0.46153846153846156
2025-08-23,776627,9,2,1,15,5,29,BOS,0.2222222222222222,0.1111111111111111,0.3333333333333333
2025-08-24,776616,14,4,1,21,4,53,BOS,0.2857142857142857,0.07142857142857142,0.19047619047619047
2025-08-25,776604,32,11,3,56,19,114,BOS,0.34375,0.09375,0.3392857142857143
2025-08-26,776591,5,2,0,8,3,17,BOS,0.4,0.0,0.375
2025-08-27,776579,7,4,0,18,6,33,BOS,0.5714285714285714,0.0,0.3333333333333333
2025-08-28,776564,13,1,2,22,3,47,BOS,0.07692307692307693,0.15384615384615385,0.13636363636363635
2025-08-29,776549,20,3,1,28,6,63,BOS,0.15,0.05,0.21428571428571427
2025-08-30,776539,17,4,3,19,3,58,BOS,0.23529411764705882,0.17647058823529413,0.15789473684210525
2025-08-31,776517,13,6,1,33,10,62,BOS,0.46153846153846156,0.07692307692307693,0.30303030303030304
2025-09-01,776505,13,2,0,22,4,36,BOS,0.15384615384615385,0.0,0.18181818181818182
2025-09-02,776493,11,2,0,26,4,39,BOS,0.18181818181818182,0.0,0.15384615384615385
2025-09-03,776474,37,6,2,81,9,146,BOS,0.16216216216216217,0.05405405405405406,0.1111111111111111
2025-09-05,776448,23,3,3,42,9,83,BOS,0.13043478260869565,0.13043478260869565,0.21428571428571427
2025-09-06,776424,11,5,1,22,4,48,BOS,0.45454545454545453,0.09090909090909091,0.18181818181818182
2025-09-07,776415,13,6,1,26,10,57,BOS,0.46153846153846156,0.07692307692307693,0.38461538461538464
2025-09-08,776410,6,0,0,10,2,17,BOS,0.0,0.0,0.2
2025-09-09,776396,17,2,1,34,6,59,BOS,0.11764705882352941,0.058823529411764705,0.17647058823529413
2025-09-10,776379,31,7,2,51,11,111,BOS,0.22580645161290322,0.06451612903225806,0.21568627450980393
2025-09-12,776363,16,2,2,25,5,57,BOS,0.125,0.125,0.2
2025-09-13,776344,17,3,1,34,3,66,BOS,0.17647058823529413,0.058823529411764705,0.08823529411764706
2025-09-14,776330,11,4,0,24,8,45,BOS,0.36363636363636365,0.0,0.3333333333333333
2025-09-16,776310,16,4,1,31,7,65,BOS,0.25,0.0625,0.22580645161290322
2025-09-17,776299,23,7,1,53,17,88,BOS,0.30434782608695654,0.043478260869565216,0.32075471698113206
2025-09-18,776281,19,7,0,41,15,71,BOS,0.3684210526315789,0.0,0.36585365853658536
2025-09-19,776261,15,4,2,27,8,59,BOS,0.26666666666666666,0.13333333333333333,0.2962962962962963
2025-09-20,776247,13,2,2,38,7,68,BOS,0.15384615384615385,0.15384615384615385,0.18421052631578946
2025-09-21,776236,19,5,1,35,8,70,BOS,0.2631578947368421,0.05263157894736842,0.22857142857142856
2025-09-23,776217,14,3,1,33,11,62,BOS,0.21428571428571427,0.07142857142857142,0.3333333333333333
2025-09-24,776206,5,1,1,14,3,26,BOS,0.2,0.2,0.21428571428571427
2025-09-25,776186,14,2,1,26,4,51,BOS,0.14285714285714285,0.07142857142857142,0.15384615384615385
2025-09-26,776181,21,6,1,56,16,96,BOS,0.2857142857142857,0.047619047619047616,0.2857142857142857
2025-09-27,776157,15,3,2,30,10,61,BOS,0.2,0.13333333333333333,0.3333333333333333
2025-09-28,776151,9,2,1,15,2,33,BOS,0.2222222222222222,0.1111111111111111,0.13333333333333333
2025-09-30,813074,7,2,0,16,2,24,BOS,0.2857142857142857,0.0,0.125
2025-10-01,813070,26,5,3,58,19,125,BOS,0.19230769230769232,0.11538461538461539,0.3275862068965517
2025-03-27,778552,18,2,2,34,6,79,CHC,0.1111111111111111,0.1111111111111111,0.17647058823529413
2025-03-28,778543,17,6,0,35,10,69,CHC,0.35294117647058826,0.0,0.2857142857142857
2025-03-29,778532,12,3,1,21,7,47,CHC,0.25,0.08333333333333333,0.3333333333333333
2025-03-30,778515,24,1,5,27,7,80,CHC,0.041666666666666664,0.20833333333333334,0.25925925925925924
2025-03-31,778501,15,1,0,23,5,47,CHC,0.06666666666666667,0.0,0.21739130434782608
2025-04-01,778494,7,0,1,12,1,29,CHC,0.0,0.14285714285714285,0.08333333333333333
2025-04-02,778471,11,1,2,17,4,42,CHC,0.09090909090909091,0.18181818181818182,0.23529411764705882
2025-04-04,778460,8,2,1,21,2,48,CHC,0.25,0.125,0.09523809523809523
2025-04-05,778450,12,2,0,23,3,41,CHC,0.16666666666666666,0.0,0.13043478260869565
2025-04-06,778430,25,5,4,39,8,96,CHC,0.2,0.16,0.20512820512820512
2025-04-07,778411,6,1,0,9,2,23,CHC,0.16666666666666666,0.0,0.2222222222222222
2025-04-08,778401,15,4,0,34,9,52,CHC,0.26666666666666666,0.0,0.2647058823529412
2025-04-09,778385,15,3,0,25,5,47,CHC,0.2,0.0,0.2
2025-04-11,778356,8,2,0,21,3,41,CHC,0.25,0.0,0.14285714285714285
2025-04-12,778345,10,2,0,21,5,41,CHC,0.2,0.0,0.23809523809523808
2025-04-13,778331,21,5,2,36,7,84,CHC,0.23809523809523808,0.09523809523809523,0.19444444444444445
2025-04-14,778315,22,2,5,35,6,90,CHC,0.09090909090909091,0.22727272727272727,0.17142857142857143
2025-04-15,778305,16,4,0,32,4,66,CHC,0.25,0.0,0.125
2025-04-16,778288,14,1,5,24,2,63,CHC,0.07142857142857142,0.35714285714285715,0.08333333333333333
2025-04-18,778268,26,4,3,38,5,89,CHC,0.15384615384615385,0.11538461538461539,0.13157894736842105
2025-04-19,778257,17,4,1,24,4,57,CHC,0.23529411764705882,0.058823529411764705,0.16666666666666666
2025-04-20,778236,23,5,0,41,7,80,CHC,0.21739130434782608,0.0,0.17073170731707318
2025-04-22,778220,19,4,2,35,9,67,CHC,0.21052631578947367,0.10526315789473684,0.2571428571428571
2025-04-23,778205,10,4,0,22,8,41,CHC,0.4,0.0,0.36363636363636365
2025-04-25,778182,17,5,2,38,9,71,CHC,0.29411764705882354,0.11764705882352941,0.23684210526315788
2025-04-26,778174,22,4,2,35,13,75,CHC,0.18181818181818182,0.09090909090909091,0.37142857142857144
2025-04-27,778158,14,1,5,20,6,59,CHC,0.07142857142857142,0.35714285714285715,0.3
2025-04-29,778135,15,3,2,26,5,59,CHC,0.2,0.13333333333333333,0.19230769230769232
2025-04-30,778112,13,4,1,22,4,56,CHC,0.3076923076923077,0.07692307692307693,0.18181818181818182
2025-05-01,778100,12,0,1,21,1,50,CHC,0.0,0.08333333333333333,0.047619047619047616
2025-05-02,778080,12,4,2,27,5,54,CHC,0.3333333333333333,0.16666666666666666,0.18518518518518517
2025-05-03,778071,9,2,0,22,1,44,CHC,0.2222222222222222,0.0,0.045454545454545456
2025-05-04,778054,10,3,1,14,2,42,CHC,0.3,0.1,0.14285714285714285
2025-05-05,778044,11,3,0,22,3,41,CHC,0.2727272727272727,0.0,0.13636363636363635
2025-05-06,778027,30,3,2,55,8,112,CHC,0.1,0.06666666666666667,0.14545454545454545
2025-05-07,778020,17,2,3,34,4,76,CHC,0.11764705882352941,0.17647058823529413,0.11764705882352941
2025-05-09,778001,17,4,1,34,9,69,CHC,0.23529411764705882,0.058823529411764705,0.2647058823529412
2025-05-10,777982,35,10,2,74,15,150,CHC,0.2857142857142857,0.05714285714285714,0.20270270270270271
2025-05-11,777968,11,1,0,18,4,36,CHC,0.09090909090909091,0.0,0.2222222222222222
2025-05-12,777952,9,4,1,14,2,37,CHC,0.4444444444444444,0.1111111111111111,0.14285714285714285
2025-05-13,777936,18,3,3,36,8,74,CHC,0.16666666666666666,0.16666666666666666,0.2222222222222222
2025-05-14,777921,12,4,1,22,6,52,CHC,0.3333333333333333,0.08333333333333333,0.2727272727272727
2025-05-16,777900,15,2,0,30,5,55,CHC,0.13333333333333333,0.0,0.16666666666666666
2025-05-17,777881,12,4,1,26,7,55,CHC,0.3333333333333333,0.08333333333333333,0.2692307692307692
2025-05-18,777872,15,3,0,23,6,41,CHC,0.2,0.0,0.2608695652173913
2025-05-19,777863,16,4,1,34,4,70,CHC,0.25,0.0625,0.11764705882352941
2025-05-20,777850,7,0,0,12,1,22,CHC,0.0,0.0,0.08333333333333333
2025-05-21,777833,11,0,1,20,2,48,CHC,0.0,0.09090909090909091,0.1
2025-05-23,777811,23,3,3,43,6,94,CHC,0.13043478260869565,0.13043478260869565,0.13953488372093023
2025-05-24,777791,12,2,2,17,2,44,CHC,0.16666666666666666,0.16666666666666666,0.11764705882352941
2025-05-25,777779,20,7,1,45,14,89,CHC,0.35,0.05,0.3111111111111111
2025-05-26,777757,10,2,2,24,4,47,CHC,0.2,0.2,0.16666666666666666
2025-05-27,777751,19,2,2,41,7,82,CHC,0.10526315789473684,0.10526315789473684,0.17073170731707318
2025-05-28,777731,10,3,0,21,7,32,CHC,0.3,0.0,0.3333333333333333
2025-05-30,777712,11,4,2,18,5,41,CHC,0.36363636363636365,0.18181818181818182,0.2777777777777778
2025-05-31,777704,26,10,1,52,14,99,CHC,0.38461538461538464,0.038461538461538464,0.2692307692307692
2025-06-01,777687,10,4,1,17,4,45,CHC,0.4,0.1,0.23529411764705882
2025-06-03,777659,12,1,0,17,1,39,CHC,0.08333333333333333,0.0,0.058823529411764705
2025-06-04,777650,2,0,0,2,0,6,CHC,0.0,0.0,0.0
2025-06-05,777632,33,1,1,64,7,127,CHC,0.030303030303030304,0.030303030303030304,0.109375
2025-06-06,777626,4,0,0,6,1,10,CHC,0.0,0.0,0.16666666666666666
2025-06-07,777609,10,2,1,17,4,37,CHC,0.2,0.1,0.23529411764705882
2025-06-08,777594,12,2,0,18,2,31,CHC,0.16666666666666666,0.0,0.1111111111111111
2025-06-09,777578,19,2,0,28,3,52,CHC,0.10526315789473684,0.0,0.10714285714285714
2025-06-10,777571,18,5,1,37,8,72,CHC,0.2777777777777778,0.05555555555555555,0.21621621621621623
2025-06-11,777553,8,4,0,18,6,35,CHC,0.5,0.0,0.3333333333333333
2025-06-12,777541,10,3,1,18,4,37,CHC,0.3,0.1,0.2222222222222222
2025-06-13,777526,16,2,2,26,6,64,CHC,0.125,0.125,0.23076923076923078
2025-06-14,777513,13,3,1,25,2,47,CHC,0.23076923076923078,0.07692307692307693,0.08
2025-06-15,777497,13,2,2,28,1,55,CHC,0.15384615384615385,0.15384615384615385,0.03571428571428571
2025-06-17,777482,15,4,1,26,6,57,CHC,0.26666666666666666,0.06666666666666667,0.23076923076923078
2025-06-19,777450,21,4,2,31,5,89,CHC,0.19047619047619047,0.09523809523809523,0.16129032258064516
2025-06-20,777436,24,5,1,46,15,96,CHC,0.20833333333333334,0.041666666666666664,0.32608695652173914
2025-06-21,777419,20,6,0,38,7,72,CHC,0.3,0.0,0.18421052631578946
2025-06-22,777403,20,1,3,34,5,75,CHC,0.05,0.15,0.14705882352941177
2025-06-23,777392,10,1,0,18,2,33,CHC,0.1,0.0,0.1111111111111111
2025-06-24,777373,13,2,0,22,4,44,CHC,0.15384615384615385,0.0,0.18181818181818182
2025-06-25,777357,10,1,0,16,2,27,CHC,0.1,0.0,0.125
2025-06-26,777348,17,4,2,35,6,74,CHC,0.23529411764705882,0.11764705882352941,0.17142857142857143
2025-06-27,777336,15,1,1,25,3,50,CHC,0.06666666666666667,0.06666666666666667,0.12
2025-06-28,777320,13,3,0,32,6,56,CHC,0.23076923076923078,0.0,0.1875
2025-06-29,777308,12,2,0,24,7,43,CHC,0.16666666666666666,0.0,0.2916666666666667
2025-07-01,777287,7,3,1,12,6,24,CHC,0.42857142857142855,0.14285714285714285,0.5
2025-07-02,777266,17,0,2,34,6,69,CHC,0.0,0.11764705882352941,0.17647058823529413
2025-07-03,777259,12,4,1,24,6,55,CHC,0.3333333333333333,0.08333333333333333,0.25
2025-07-04,777246,12,3,3,12,4,44,CHC,0.25,0.25,0.3333333333333333
2025-07-05,777229,36,7,0,75,17,143,CHC,0.19444444444444445,0.0,0.22666666666666666
2025-07-06,777219,14,2,0,26,4,46,CHC,0.14285714285714285,0.0,0.15384615384615385
2025-07-08,777190,14,2,1,21,2,47,CHC,0.14285714285714285,0.07142857142857142,0.09523809523809523
2025-07-09,777173,13,3,0,26,6,49,CHC,0.23076923076923078,0.0,0.23076923076923078
2025-07-10,777166,8,4,1,18,12,32,CHC,0.5,0.125,0.6666666666666666
2025-07-11,777153,25,5,1,54,10,88,CHC,0.2,0.04,0.18518518518518517
2025-07-12,777142,6,1,0,12,4,23,CHC,0.16666666666666666,0.0,0.3333333333333333
2025-07-13,777122,6,2,0,15,3,27,CHC,0.3333333333333333,0.0,0.2
2025-07-18,777101,14,3,0,22,6,47,CHC,0.21428571428571427,0.0,0.2727272727272727
2025-07-19,777096,7,5,0,21,6,35,CHC,0.7142857142857143,0.0,0.2857142857142857
2025-07-20,777075,17,5,2,24,6,62,CHC,0.29411764705882354,0.11764705882352941,0.25
2025-07-21,777065,39,4,1,65,8,127,CHC,0.10256410256410256,0.02564102564102564,0.12307692307692308
2025-07-22,777047,7,2,0,10,3,19,CHC,0.2857142857142857,0.0,0.3
2025-07-23,777031,18,3,2,24,6,73,CHC,0.16666666666666666,0.1111111111111111,0.25
2025-07-25,777017,23,6,1,56,8,100,CHC,0.2608695652173913,0.043478260869565216,0.14285714285714285
2025-07-26,776994,9,0,0,18,3,30,CHC,0.0,0.0,0.16666666666666666
2025-07-27,776989,18,4,0,32,7,69,CHC,0.2222222222222222,0.0,0.21875
2025-07-28,776965,13,1,0,16,0,36,CHC,0.07692307692307693,0.0,0.0
2025-07-29,776956,21,6,5,37,11,92,CHC,0.2857142857142857,0.23809523809523808,0.2972972972972973
2025-07-30,776929,14,2,0,22,2,51,CHC,0.14285714285714285,0.0,0.09090909090909091
2025-08-01,776915,14,5,1,19,6,46,CHC,0.35714285714285715,0.07142857142857142,0.3157894736842105
2025-08-02,776902,11,1,2,15,0,32,CHC,0.09090909090909091,0.18181818181818182,0.0
2025-08-03,776888,17,6,2,31,5,73,CHC,0.35294117647058826,0.11764705882352941,0.16129032258064516
2025-08-04,776878,27,8,0,50,16,110,CHC,0.2962962962962963,0.0,0.32
2025-08-05,776860,15,1,1,32,6,56,CHC,0.06666666666666667,0.06666666666666667,0.1875
2025-08-06,776847,12,6,0,22,9,46,CHC,0.5,0.0,0.4090909090909091
2025-08-08,776826,15,2,1,30,7,62,CHC,0.13333333333333333,0.06666666666666667,0.23333333333333334
2025-08-09,776818,14,4,2,29,7,62,CHC,0.2857142857142857,0.14285714285714285,0.2413793103448276
2025-08-10,776795,4,2,0,9,3,15,CHC,0.5,0.0,0.3333333333333333
2025-08-12,776768,16,0,1,30,4,55,CHC,0.0,0.0625,0.13333333333333333
2025-08-13,776757,11,2,0,21,3,38,CHC,0.18181818181818182,0.0,0.14285714285714285
2025-08-14,776747,4,1,0,6,1,16,CHC,0.25,0.0,0.16666666666666666
2025-08-15,776737,15,3,0,27,3,55,CHC,0.2,0.0,0.1111111111111111
2025-08-16,776719,8,5,0,15,6,35,CHC,0.625,0.0,0.4
2025-08-17,776704,22,6,2,42,14,84,CHC,0.2727272727272727,0.09090909090909091,0.3333333333333333
2025-08-18,777459,30,8,6,39,9,120,CHC,0.26666666666666666,0.2,0.23076923076923078
2025-08-19,776676,10,1,0,19,3,39,CHC,0.1,0.0,0.15789473684210525
2025-08-19,776691,14,6,3,25,10,68,CHC,0.42857142857142855,0.21428571428571427,0.4
2025-08-20,776663,15,5,2,25,10,55,CHC,0.3333333333333333,0.13333333333333333,0.4
2025-08-21,776651,10,2,1,22,2,40,CHC,0.2,0.1,0.09090909090909091
2025-08-22,776640,10,5,0,18,7,41,CHC,0.5,0.0,0.3888888888888889
2025-08-23,776618,11,3,0,22,5,44,CHC,0.2727272727272727,0.0,0.22727272727272727
2025-08-24,776605,18,6,1,41,11,85,CHC,0.3333333333333333,0.05555555555555555,0.2682926829268293
2025-08-26,776576,9,2,0,14,2,30,CHC,0.2222222222222222,0.0,0.14285714285714285
2025-08-27,776557,17,2,1,21,6,49,CHC,0.11764705882352941,0.058823529411764705,0.2857142857142857
2025-08-28,776550,8,1,0,16,4,31,CHC,0.125,0.0,0.25
2025-08-29,776542,21,6,1,49,17,88,CHC,0.2857142857142857,0.047619047619047616,0.3469387755102041
2025-08-30,776526,9,3,0,18,7,32,CHC,0.3333333333333333,0.0,0.3888888888888889
2025-08-31,776511,12,2,2,25,6,50,CHC,0.16666666666666666,0.16666666666666666,0.24
2025-09-01,776506,26,10,2,47,11,101,CHC,0.38461538461538464,0.07692307692307693,0.23404255319148937
2025-09-02,776487,12,3,0,27,5,50,CHC,0.25,0.0,0.18518518518518517
2025-09-03,776473,20,6,2,34,11,81,CHC,0.3,0.1,0.3235294117647059
2025-09-05,776455,13,5,0,28,8,48,CHC,0.38461538461538464,0.0,0.2857142857142857
2025-09-06,776440,6,4,0,16,6,24,CHC,0.6666666666666666,0.0,0.375
2025-09-07,776420,32,10,1,52,13,110,CHC,0.3125,0.03125,0.25
2025-09-08,776412,9,1,0,22,1,45,CHC,0.1111111111111111,0.0,0.045454545454545456
2025-09-09,776402,8,4,0,17,3,37,CHC,0.5,0.0,0.17647058823529413
2025-09-10,776381,15,5,0,39,12,64,CHC,0.3333333333333333,0.0,0.3076923076923077
2025-09-12,776352,12,5,0,18,4,48,CHC,0.4166666666666667,0.0,0.2222222222222222
2025-09-13,776338,18,3,1,36,8,58,CHC,0.16666666666666666,0.05555555555555555,0.2222222222222222
2025-09-14,776321,16,4,3,31,6,69,CHC,0.25,0.1875,0.1935483870967742
2025-09-15,776318,15,3,4,25,5,64,CHC,0.2,0.26666666666666666,0.2
2025-09-16,776308,13,6,0,26,7,50,CHC,0.46153846153846156,0.0,0.2692307692307692
2025-09-17,776287,23,6,1,56,16,113,CHC,0.2608695652173913,0.043478260869565216,0.2857142857142857
2025-09-18,776282,4,1,1,10,1,19,CHC,0.25,0.25,0.1
2025-09-19,776267,14,2,3,27,4,67,CHC,0.14285714285714285,0.21428571428571427,0.14814814814814814
2025-09-20,776254,18,7,0,28,13,61,CHC,0.3888888888888889,0.0,0.4642857142857143
2025-09-21,776239,3,1,0,3,1,11,CHC,0.3333333333333333,0.0,0.3333333333333333
2025-09-23,776209,30,5,2,45,12,102,CHC,0.16666666666666666,0.06666666666666667,0.26666666666666666
2025-09-24,776205,13,4,0,26,7,50,CHC,0.3076923076923077,0.0,0.2692307692307692
2025-09-25,776187,12,4,1,22,4,46,CHC,0.3333333333333333,0.08333333333333333,0.18181818181818182
2025-09-26,776167,14,7,1,25,9,52,CHC,0.5,0.07142857142857142,0.36
2025-09-27,776164,14,5,1,24,8,52,CHC,0.35714285714285715,0.07142857142857142,0.3333333333333333
2025-09-28,776142,14,4,0,28,9,48,CHC,0.2857142857142857,0.0,0.32142857142857145
2025-09-30,813066,14,4,0,30,5,55,CHC,0.2857142857142857,0.0,0.16666666666666666
2025-10-01,813064,32,5,3,59,9,115,CHC,0.15625,0.09375,0.15254237288135594
2025-03-27,778554,13,7,2,26,11,68,CWS,0.5384615384615384,0.15384615384615385,0.4230769230769231
2025-03-29,778534,16,2,1,23,3,54,CWS,0.125,0.0625,0.13043478260869565
2025-03-30,778527,11,4,0,20,5,47,CWS,0.36363636363636365,0.0,0.25
2025-03-31,778506,13,4,1,25,6,53,CWS,0.3076923076923077,0.07692307692307693,0.24
2025-04-01,778490,20,4,2,36,11,79,CWS,0.2,0.1,0.3055555555555556
2025-04-02,778474,15,3,0,26,6,50,CWS,0.2,0.0,0.23076923076923078
2025-04-04,778458,22,6,2,42,7,89,CWS,0.2727272727272727,0.09090909090909091,0.16666666666666666
2025-04-05,778445,12,6,2,24,8,53,CWS,0.5,0.16666666666666666,0.3333333333333333
2025-04-06,778433,15,1,6,24,4,66,CWS,0.06666666666666667,0.4,0.16666666666666666
2025-04-08,778402,11,3,4,30,6,59,CWS,0.2727272727272727,0.36363636363636365,0.2
2025-04-09,778391,18,4,3,32,8,70,CWS,0.2222222222222222,0.16666666666666666,0.25
2025-04-10,778378,11,0,0,14,2,25,CWS,0.0,0.0,0.14285714285714285
2025-04-11,778366,12,5,1,27,9,61,CWS,0.4166666666666667,0.08333333333333333,0.3333333333333333
2025-04-12,778349,17,6,1,31,11,70,CWS,0.35294117647058826,0.058823529411764705,0.3548387096774194
2025-04-13,778338,13,4,0,24,9,46,CWS,0.3076923076923077,0.0,0.375
2025-04-15,778309,25,2,1,38,6,79,CWS,0.08,0.04,0.15789473684210525
2025-04-16,778294,19,0,1,29,4,66,CWS,0.0,0.05263157894736842,0.13793103448275862
2025-04-17,778283,16,4,0,40,12,63,CWS,0.25,0.0,0.3
2025-04-18,778275,23,6,2,43,10,90,CWS,0.2608695652173913,0.08695652173913043,0.23255813953488372
2025-04-19,778264,22,4,4,46,16,99,CWS,0.18181818181818182,0.18181818181818182,0.34782608695652173
2025-04-20,778245,14,2,1,28,6,58,CWS,0.14285714285714285,0.07142857142857142,0.21428571428571427
2025-04-21,778238,9,4,1,16,4,40,CWS,0.4444444444444444,0.1111111111111111,0.25
2025-04-22,778216,14,4,2,19,3,53,CWS,0.2857142857142857,0.14285714285714285,0.15789473684210525
2025-04-23,778201,27,5,3,45,11,111,CWS,0.18518518518518517,0.1111111111111111,0.24444444444444444
2025-04-24,778189,9,3,1,13,1,36,CWS,0.3333333333333333,0.1111111111111111,0.07692307692307693
2025-04-25,778178,33,7,2,54,17,120,CWS,0.21212121212121213,0.06060606060606061,0.3148148148148148
2025-04-26,778165,32,5,2,49,12,96,CWS,0.15625,0.0625,0.24489795918367346
2025-04-27,778149,29,7,3,44,10,101,CWS,0.2413793103448276,0.10344827586206896,0.22727272727272727
2025-04-29,778125,38,6,7,54,14,161,CWS,0.15789473684210525,0.18421052631578946,0.25925925925925924
2025-04-30,778111,16,5,2,28,7,60,CWS,0.3125,0.125,0.25
2025-05-01,778094,10,4,1,14,5,29,CWS,0.4,0.1,0.35714285714285715
2025-05-02,778079,11,1,1,22,6,50,CWS,0.09090909090909091,0.09090909090909091,0.2727272727272727
2025-05-03,778066,19,4,2,35,7,67,CWS,0.21052631578947367,0.10526315789473684,0.2
2025-05-04,778055,8,0,1,11,0,31,CWS,0.0,0.125,0.0
2025-05-05,778043,12,2,2,25,4,57,CWS,0.16666666666666666,0.16666666666666666,0.16
2025-05-06,778033,13,1,2,22,2,49,CWS,0.07692307692307693,0.15384615384615385,0.09090909090909091
2025-05-07,778012,7,2,0,15,3,25,CWS,0.2857142857142857,0.0,0.2
2025-05-08,778008,21,2,0,43,6,88,CWS,0.09523809523809523,0.0,0.13953488372093023
2025-05-09,777991,20,4,3,29,8,70,CWS,0.2,0.15,0.27586206896551724
2025-05-10,777978,15,3,3,34,6,70,CWS,0.2,0.2,0.17647058823529413
2025-05-11,777966,18,1,1,34,8,65,CWS,0.05555555555555555,0.05555555555555555,0.23529411764705882
2025-05-13,777945,33,11,1,63,13,149,CWS,0.3333333333333333,0.030303030303030304,0.20634920634920634
2025-05-14,777928,10,1,1,15,3,31,CWS,0.1,0.1,0.2
2025-05-15,777912,10,2,2,12,3,31,CWS,0.2,0.2,0.25
2025-05-16,777900,20,3,1,33,7,71,CWS,0.15,0.05,0.21212121212121213
2025-05-17,777881,18,3,4,27,6,70,CWS,0.16666666666666666,0.2222222222222222,0.2222222222222222
2025-05-18,777872,16,3,1,28,4,57,CWS,0.1875,0.0625,0.14285714285714285
2025-05-19,777857,11,2,2,15,3,42,CWS,0.18181818181818182,0.18181818181818182,0.2
2025-05-20,777846,13,4,1,27,6,69,CWS,0.3076923076923077,0.07692307692307693,0.2222222222222222
2025-05-21,777830,21,2,3,34,5,80,CWS,0.09523809523809523,0.14285714285714285,0.14705882352941177
2025-05-23,777805,10,1,1,23,2,43,CWS,0.1,0.1,0.08695652173913043
2025-05-24,777792,18,4,1,30,7,67,CWS,0.2222222222222222,0.05555555555555555,0.23333333333333334
2025-05-25,777777,13,5,1,29,12,52,CWS,0.38461538461538464,0.07692307692307693,0.41379310344827586
2025-05-26,777758,15,2,1,22,3,56,CWS,0.13333333333333333,0.06666666666666667,0.13636363636363635
2025-05-27,777749,10,2,0,22,4,32,CWS,0.2,0.0,0.18181818181818182
2025-05-28,777737,23,9,3,42,13,90,CWS,0.391304347826087,0.13043478260869565,0.30952380952380953
2025-05-30,777720,27,8,1,56,13,105,CWS,0.2962962962962963,0.037037037037037035,0.23214285714285715
2025-05-31,777699,8,1,2,14,3,35,CWS,0.125,0.25,0.21428571428571427
2025-06-01,777684,5,2,0,11,6,23,CWS,0.4,0.0,0.5454545454545454
2025-06-02,777674,30,2,1,48,4,89,CWS,0.06666666666666667,0.03333333333333333,0.08333333333333333
2025-06-03,777661,17,4,2,29,5,62,CWS,0.23529411764705882,0.11764705882352941,0.1724137931034483
2025-06-04,777639,32,6,2,70,10,140,CWS,0.1875,0.0625,0.14285714285714285
2025-06-05,777634,13,4,2,29,8,57,CWS,0.3076923076923077,0.15384615384615385,0.27586206896551724
2025-06-06,777618,12,1,1,23,5,51,CWS,0.08333333333333333,0.08333333333333333,0.21739130434782608
2025-06-07,777606,13,3,2,21,5,51,CWS,0.23076923076923078,0.15384615384615385,0.23809523809523808
2025-06-08,777590,27,4,2,54,14,103,CWS,0.14814814814814814,0.07407407407407407,0.25925925925925924
2025-06-10,777567,12,2,1,24,5,43,CWS,0.16666666666666666,0.08333333333333333,0.20833333333333334
2025-06-11,777550,20,5,2,35,7,71,CWS,0.25,0.1,0.2
2025-06-12,777546,8,1,0,11,1,25,CWS,0.125,0.0,0.09090909090909091
2025-06-13,777524,10,1,0,28,5,49,CWS,0.1,0.0,0.17857142857142858
2025-06-14,777508,34,9,2,83,23,156,CWS,0.2647058823529412,0.058823529411764705,0.27710843373493976
2025-06-15,777493,13,0,1,28,5,58,CWS,0.0,0.07692307692307693,0.17857142857142858
2025-06-17,777467,23,3,2,34,8,76,CWS,0.13043478260869565,0.08695652173913043,0.23529411764705882
2025-06-19,777447,20,4,3,33,9,75,CWS,0.2,0.15,0.2727272727272727
2025-06-19,777458,22,5,1,37,9,72,CWS,0.22727272727272727,0.045454545454545456,0.24324324324324326
2025-06-20,777435,31,5,2,50,12,112,CWS,0.16129032258064516,0.06451612903225806,0.24
2025-06-21,777418,6,0,0,14,2,24,CWS,0.0,0.0,0.14285714285714285
2025-06-22,777408,9,2,1,23,7,43,CWS,0.2222222222222222,0.1111111111111111,0.30434782608695654
2025-06-23,777393,34,6,3,60,16,111,CWS,0.17647058823529413,0.08823529411764706,0.26666666666666666
2025-06-24,777383,32,4,0,47,12,105,CWS,0.125,0.0,0.2553191489361702
2025-06-25,777370,16,2,1,30,4,57,CWS,0.125,0.0625,0.13333333333333333
2025-06-27,777338,19,4,3,40,9,84,CWS,0.21052631578947367,0.15789473684210525,0.225
2025-06-28,777327,6,2,0,16,4,31,CWS,0.3333333333333333,0.0,0.25
2025-06-29,777311,26,7,5,36,10,100,CWS,0.2692307692307692,0.19230769230769232,0.2777777777777778
2025-07-01,777280,11,4,0,18,6,47,CWS,0.36363636363636365,0.0,0.3333333333333333
2025-07-02,777267,36,7,4,54,13,125,CWS,0.19444444444444445,0.1111111111111111,0.24074074074074073
2025-07-03,777253,11,2,0,23,4,41,CWS,0.18181818181818182,0.0,0.17391304347826086
2025-07-04,777243,4,2,0,11,3,17,CWS,0.5,0.0,0.2727272727272727
2025-07-05,777232,14,2,1,29,9,56,CWS,0.14285714285714285,0.07142857142857142,0.3103448275862069
2025-07-06,777215,16,2,2,25,7,57,CWS,0.125,0.125,0.28
2025-07-07,777212,16,2,2,23,3,55,CWS,0.125,0.125,0.13043478260869565
2025-07-08,777188,15,2,1,29,7,56,CWS,0.13333333333333333,0.06666666666666667,0.2413793103448276
2025-07-09,777172,8,3,0,18,4,30,CWS,0.375,0.0,0.2222222222222222
2025-07-11,777146,27,5,4,59,9,117,CWS,0.18518518518518517,0.14814814814814814,0.15254237288135594
2025-07-11,777164,22,4,1,40,9,81,CWS,0.18181818181818182,0.045454545454545456,0.225
2025-07-12,777138,20,4,3,37,7,86,CWS,0.2,0.15,0.1891891891891892
2025-07-13,777120,16,6,1,33,10,74,CWS,0.375,0.0625,0.30303030303030304
2025-07-18,777107,8,2,2,11,4,28,CWS,0.25,0.25,0.36363636363636365
2025-07-19,777090,19,4,1,31,9,64,CWS,0.21052631578947367,0.05263157894736842,0.2903225806451613
2025-07-20,777074,11,5,1,22,8,49,CWS,0.45454545454545453,0.09090909090909091,0.36363636363636365
2025-07-21,777059,18,4,3,31,9,73,CWS,0.2222222222222222,0.16666666666666666,0.2903225806451613
2025-07-22,777048,12,6,0,24,9,47,CWS,0.5,0.0,0.375
2025-07-23,777030,24,4,4,41,10,87,CWS,0.16666666666666666,0.16666666666666666,0.24390243902439024
2025-07-25,777017,12,1,1,22,3,43,CWS,0.08333333333333333,0.08333333333333333,0.13636363636363635
2025-07-26,776994,23,5,3,40,9,92,CWS,0.21739130434782608,0.13043478260869565,0.225
2025-07-27,776989,33,11,5,74,18,156,CWS,0.3333333333333333,0.15151515151515152,0.24324324324324326
2025-07-28,776972,11,4,1,23,10,53,CWS,0.36363636363636365,0.09090909090909091,0.43478260869565216
2025-07-29,776952,12,2,1,17,4,41,CWS,0.16666666666666666,0.08333333333333333,0.23529411764705882
2025-07-30,776939,22,5,0,43,12,80,CWS,0.22727272727272727,0.0,0.27906976744186046
2025-08-01,776916,17,7,1,39,14,73,CWS,0.4117647058823529,0.058823529411764705,0.358974358974359
2025-08-02,776898,8,1,0,11,3,27,CWS,0.125,0.0,0.2727272727272727
2025-08-03,776885,18,2,0,28,7,65,CWS,0.1111111111111111,0.0,0.25
2025-08-05,776857,15,3,2,29,6,64,CWS,0.2,0.13333333333333333,0.20689655172413793
2025-08-06,776841,25,8,3,44,16,104,CWS,0.32,0.12,0.36363636363636365
2025-08-07,776830,24,8,2,34,13,90,CWS,0.3333333333333333,0.08333333333333333,0.38235294117647056
2025-08-08,776833,22,3,3,32,8,82,CWS,0.13636363636363635,0.13636363636363635,0.25
2025-08-09,776814,19,4,2,41,11,84,CWS,0.21052631578947367,0.10526315789473684,0.2682926829268293
2025-08-10,776798,15,4,1,26,4,53,CWS,0.26666666666666666,0.06666666666666667,0.15384615384615385
2025-08-11,776781,28,10,1,53,11,120,CWS,0.35714285714285715,0.03571428571428571,0.20754716981132076
2025-08-12,776773,21,4,1,48,16,91,CWS,0.19047619047619047,0.047619047619047616,0.3333333333333333
2025-08-13,776754,17,4,2,33,5,72,CWS,0.23529411764705882,0.11764705882352941,0.15151515151515152
2025-08-15,776728,6,3,0,12,3,28,CWS,0.5,0.0,0.25
2025-08-16,776712,18,7,2,32,9,78,CWS,0.3888888888888889,0.1111111111111111,0.28125
2025-08-17,776702,13,2,0,23,3,52,CWS,0.15384615384615385,0.0,0.13043478260869565
2025-08-18,776696,21,6,2,35,6,86,CWS,0.2857142857142857,0.09523809523809523,0.17142857142857143
2025-08-19,776687,17,0,3,19,2,53,CWS,0.0,0.17647058823529413,0.10526315789473684
2025-08-20,776669,9,2,0,14,2,32,CWS,0.2222222222222222,0.0,0.14285714285714285
2025-08-22,776639,23,5,2,37,10,97,CWS,0.21739130434782608,0.08695652173913043,0.2702702702702703
2025-08-23,776619,15,2,1,20,3,50,CWS,0.13333333333333333,0.06666666666666667,0.15
2025-08-24,776607,17,4,1,32,5,72,CWS,0.23529411764705882,0.058823529411764705,0.15625
2025-08-25,776599,7,1,0,11,0,22,CWS,0.14285714285714285,0.0,0.0
2025-08-26,776583,16,3,1,35,6,65,CWS,0.1875,0.0625,0.17142857142857143
2025-08-27,776569,26,1,3,35,4,85,CWS,0.038461538461538464,0.11538461538461539,0.11428571428571428
2025-08-28,776556,26,5,1,47,7,94,CWS,0.19230769230769232,0.038461538461538464,0.14893617021276595
2025-08-29,776544,23,8,3,40,7,103,CWS,0.34782608695652173,0.13043478260869565,0.175
2025-08-30,776529,19,4,2,29,6,61,CWS,0.21052631578947367,0.10526315789473684,0.20689655172413793
2025-08-31,776514,14,3,4,19,6,61,CWS,0.21428571428571427,0.2857142857142857,0.3157894736842105
2025-09-01,776502,31,7,2,52,13,114,CWS,0.22580645161290322,0.06451612903225806,0.25
2025-09-02,776484,10,3,0,16,2,38,CWS,0.3,0.0,0.125
2025-09-03,776469,19,4,3,31,11,72,CWS,0.21052631578947367,0.15789473684210525,0.3548387096774194
2025-09-04,776462,38,6,3,70,9,164,CWS,0.15789473684210525,0.07894736842105263,0.12857142857142856
2025-09-05,776452,18,5,2,35,7,85,CWS,0.2777777777777778,0.1111111111111111,0.2
2025-09-06,776435,13,9,0,26,7,60,CWS,0.6923076923076923,0.0,0.2692307692307692
2025-09-07,776425,14,6,1,28,7,63,CWS,0.42857142857142855,0.07142857142857142,0.25
2025-09-09,776388,14,6,0,26,9,58,CWS,0.42857142857142855,0.0,0.34615384615384615
2025-09-10,776378,19,7,3,42,11,78,CWS,0.3684210526315789,0.15789473684210525,0.2619047619047619
2025-09-11,776364,14,2,1,33,7,65,CWS,0.14285714285714285,0.07142857142857142,0.21212121212121213
2025-09-12,776361,6,0,0,10,1,23,CWS,0.0,0.0,0.1
2025-09-13,776348,10,3,0,18,5,35,CWS,0.3,0.0,0.2777777777777778
2025-09-14,776331,15,2,3,18,4,55,CWS,0.13333333333333333,0.2,0.2222222222222222
2025-09-15,776314,36,7,6,80,15,177,CWS,0.19444444444444445,0.16666666666666666,0.1875
2025-09-16,776306,20,4,3,35,5,88,CWS,0.2,0.15,0.14285714285714285
2025-09-17,776285,21,10,3,42,18,89,CWS,0.47619047619047616,0.14285714285714285,0.42857142857142855
2025-09-19,776264,9,3,0,20,5,35,CWS,0.3333333333333333,0.0,0.25
2025-09-20,776250,19,5,3,38,10,83,CWS,0.2631578947368421,0.15789473684210525,0.2631578947368421
2025-09-21,776235,20,7,1,33,15,70,CWS,0.35,0.05,0.45454545454545453
2025-09-23,776216,17,4,2,34,11,70,CWS,0.23529411764705882,0.11764705882352941,0.3235294117647059
2025-09-24,776199,34,8,2,63,17,126,CWS,0.23529411764705882,0.058823529411764705,0.2698412698412698
2025-09-25,776184,19,3,4,25,7,79,CWS,0.15789473684210525,0.21052631578947367,0.28
2025-09-26,776165,14,6,1,31,8,57,CWS,0.42857142857142855,0.07142857142857142,0.25806451612903225
2025-09-27,776160,32,11,4,63,19,138,CWS,0.34375,0.125,0.30158730158730157
2025-09-28,776143,9,5,0,20,7,41,CWS,0.5555555555555556,0.0,0.35
2025-03-27,778561,16,9,1,36,10,74,CIN,0.5625,0.0625,0.2777777777777778
2025-03-29,778540,10,0,0,22,4,36,CIN,0.0,0.0,0.18181818181818182
2025-03-30,778522,14,2,1,26,4,57,CIN,0.14285714285714285,0.07142857142857142,0.15384615384615385
2025-03-31,778511,12,1,2,17,3,42,CIN,0.08333333333333333,0.16666666666666666,0.17647058823529413
2025-04-01,778498,13,1,2,21,5,49,CIN,0.07692307692307693,0.15384615384615385,0.23809523809523808
2025-04-02,778480,7,1,1,17,4,31,CIN,0.14285714285714285,0.14285714285714285,0.23529411764705882
2025-04-03,778468,5,0,1,8,1,16,CIN,0.0,0.2,0.125
2025-04-04,778453,11,3,2,11,3,41,CIN,0.2727272727272727,0.18181818181818182,0.2727272727272727
2025-04-05,778439,18,5,3,33,12,75,CIN,0.2777777777777778,0.16666666666666666,0.36363636363636365
2025-04-06,778421,19,2,2,37,8,85,CIN,0.10526315789473684,0.10526315789473684,0.21621621621621623
2025-04-07,778410,1,0,0,1,0,5,CIN,0.0,0.0,0.0
2025-04-08,778397,9,2,0,21,2,27,CIN,0.2222222222222222,0.0,0.09523809523809523
2025-04-09,778376,17,0,0,28,5,43,CIN,0.0,0.0,0.17857142857142858
2025-04-11,778374,14,5,1,21,7,54,CIN,0.35714285714285715,0.07142857142857142,0.3333333333333333
2025-04-12,778357,15,4,1,33,8,62,CIN,0.26666666666666666,0.06666666666666667,0.24242424242424243
2025-04-13,778343,6,1,0,10,0,17,CIN,0.16666666666666666,0.0,0.0
2025-04-15,778316,18,6,4,32,11,77,CIN,0.3333333333333333,0.2222222222222222,0.34375
2025-04-16,778304,17,4,1,30,7,59,CIN,0.23529411764705882,0.058823529411764705,0.23333333333333334
2025-04-17,778285,29,3,4,58,7,108,CIN,0.10344827586206896,0.13793103448275862,0.1206896551724138
2025-04-18,778276,11,4,0,21,10,42,CIN,0.36363636363636365,0.0,0.47619047619047616
2025-04-19,778262,24,3,5,37,9,105,CIN,0.125,0.20833333333333334,0.24324324324324326
2025-04-20,778250,24,7,2,50,11,93,CIN,0.2916666666666667,0.08333333333333333,0.22
2025-04-21,778230,12,0,1,18,0,40,CIN,0.0,0.08333333333333333,0.0
2025-04-22,778219,14,2,2,19,3,43,CIN,0.14285714285714285,0.14285714285714285,0.15789473684210525
2025-04-23,778208,11,1,0,26,5,40,CIN,0.09090909090909091,0.0,0.19230769230769232
2025-04-25,778181,22,3,2,42,10,90,CIN,0.13636363636363635,0.09090909090909091,0.23809523809523808
2025-04-26,778161,12,5,1,21,7,43,CIN,0.4166666666666667,0.08333333333333333,0.3333333333333333
2025-04-27,778148,8,0,1,17,0,38,CIN,0.0,0.125,0.0
2025-04-28,778141,9,4,0,19,7,35,CIN,0.4444444444444444,0.0,0.3684210526315789
2025-04-30,778119,22,4,0,35,6,66,CIN,0.18181818181818182,0.0,0.17142857142857143
2025-04-30,778134,17,1,4,26,3,67,CIN,0.058823529411764705,0.23529411764705882,0.11538461538461539
2025-05-01,778107,15,6,0,28,8,58,CIN,0.4,0.0,0.2857142857142857
2025-05-02,778087,12,5,2,21,8,51,CIN,0.4166666666666667,0.16666666666666666,0.38095238095238093
2025-05-03,778077,20,4,3,34,9,87,CIN,0.2,0.15,0.2647058823529412
2025-05-04,778058,16,2,1,28,4,59,CIN,0.125,0.0625,0.14285714285714285
2025-05-05,778049,7,2,1,15,4,33,CIN,0.2857142857142857,0.14285714285714285,0.26666666666666666
2025-05-06,778034,20,4,3,36,10,80,CIN,0.2,0.15,0.2777777777777778
2025-05-07,778023,23,7,1,55,15,100,CIN,0.30434782608695654,0.043478260869565216,0.2727272727272727
2025-05-08,778003,22,5,2,41,11,95,CIN,0.22727272727272727,0.09090909090909091,0.2682926829268293
2025-05-09,777989,10,2,1,19,4,33,CIN,0.2,0.1,0.21052631578947367
2025-05-10,777979,31,9,6,61,18,137,CIN,0.2903225806451613,0.1935483870967742,0.29508196721311475
2025-05-11,777963,22,6,1,36,7,87,CIN,0.2727272727272727,0.045454545454545456,0.19444444444444445
2025-05-13,777945,18,3,2,39,8,74,CIN,0.16666666666666666,0.1111111111111111,0.20512820512820512
2025-05-14,777928,15,3,1,27,3,65,CIN,0.2,0.06666666666666667,0.1111111111111111
2025-05-15,777912,9,3,1,12,5,29,CIN,0.3333333333333333,0.1111111111111111,0.4166666666666667
2025-05-16,777902,14,1,0,25,3,44,CIN,0.07142857142857142,0.0,0.12
2025-05-17,777892,21,5,0,45,13,88,CIN,0.23809523809523808,0.0,0.28888888888888886
2025-05-18,777874,18,3,1,39,6,83,CIN,0.16666666666666666,0.05555555555555555,0.15384615384615385
2025-05-19,777859,9,1,0,17,3,35,CIN,0.1111111111111111,0.0,0.17647058823529413
2025-05-20,777847,12,1,1,16,4,50,CIN,0.08333333333333333,0.08333333333333333,0.25
2025-05-21,777834,12,4,0,19,4,48,CIN,0.3333333333333333,0.0,0.21052631578947367
2025-05-23,777811,28,5,2,47,8,115,CIN,0.17857142857142858,0.07142857142857142,0.1702127659574468
2025-05-24,777791,15,3,0,34,7,71,CIN,0.2,0.0,0.20588235294117646
2025-05-25,777779,22,5,3,35,5,91,CIN,0.22727272727272727,0.13636363636363635,0.14285714285714285
2025-05-26,777760,9,2,1,12,4,31,CIN,0.2222222222222222,0.1111111111111111,0.3333333333333333
2025-05-27,777750,7,2,0,11,2,23,CIN,0.2857142857142857,0.0,0.18181818181818182
2025-05-28,777733,13,2,3,19,4,49,CIN,0.15384615384615385,0.23076923076923078,0.21052631578947367
2025-05-30,777712,11,1,1,18,3,38,CIN,0.09090909090909091,0.09090909090909091,0.16666666666666666
2025-05-31,777704,12,3,3,19,4,56,CIN,0.25,0.25,0.21052631578947367
2025-06-01,777687,15,4,0,28,3,67,CIN,0.26666666666666666,0.0,0.10714285714285714
2025-06-02,777671,13,3,0,26,4,58,CIN,0.23076923076923078,0.0,0.15384615384615385
2025-06-03,777668,13,2,0,24,6,49,CIN,0.15384615384615385,0.0,0.25
2025-06-04,777647,17,1,1,24,0,52,CIN,0.058823529411764705,0.058823529411764705,0.0
2025-06-06,777623,14,8,1,33,12,67,CIN,0.5714285714285714,0.07142857142857142,0.36363636363636365
2025-06-07,777612,12,2,2,18,3,47,CIN,0.16666666666666666,0.16666666666666666,0.16666666666666666
2025-06-08,777602,12,5,0,31,7,53,CIN,0.4166666666666667,0.0,0.22580645161290322
2025-06-09,777580,17,5,3,26,9,61,CIN,0.29411764705882354,0.17647058823529413,0.34615384615384615
2025-06-11,777549,22,6,0,40,9,86,CIN,0.2727272727272727,0.0,0.225
2025-06-13,777538,20,0,2,33,6,75,CIN,0.0,0.1,0.18181818181818182
2025-06-14,777517,10,0,0,20,1,40,CIN,0.0,0.0,0.05
2025-06-15,777505,18,4,1,29,5,61,CIN,0.2222222222222222,0.05555555555555555,0.1724137931034483
2025-06-17,777478,12,5,2,26,10,54,CIN,0.4166666666666667,0.16666666666666666,0.38461538461538464
2025-06-19,777452,36,6,7,57,16,150,CIN,0.16666666666666666,0.19444444444444445,0.2807017543859649
2025-06-20,777433,15,4,4,27,10,67,CIN,0.26666666666666666,0.26666666666666666,0.37037037037037035
2025-06-21,777415,36,7,3,57,11,127,CIN,0.19444444444444445,0.08333333333333333,0.19298245614035087
2025-06-22,777407,7,0,1,12,0,30,CIN,0.0,0.14285714285714285,0.0
2025-06-23,777390,17,7,1,32,14,70,CIN,0.4117647058823529,0.058823529411764705,0.4375
2025-06-24,777385,21,5,2,35,8,82,CIN,0.23809523809523808,0.09523809523809523,0.22857142857142856
2025-06-25,777367,20,3,2,35,8,75,CIN,0.15,0.1,0.22857142857142856
2025-06-27,777346,5,2,2,12,4,25,CIN,0.4,0.4,0.3333333333333333
2025-06-28,777328,18,1,1,29,0,68,CIN,0.05555555555555555,0.05555555555555555,0.0
2025-06-29,777312,16,0,3,34,4,76,CIN,0.0,0.1875,0.11764705882352941
2025-06-30,777300,34,5,4,55,12,124,CIN,0.14705882352941177,0.11764705882352941,0.21818181818181817
2025-07-01,777294,19,6,0,35,10,79,CIN,0.3157894736842105,0.0,0.2857142857142857
2025-07-02,777277,9,4,0,20,4,36,CIN,0.4444444444444444,0.0,0.2
2025-07-04,777255,25,4,2,47,9,97,CIN,0.16,0.08,0.19148936170212766
2025-07-05,777233,8,3,0,19,9,30,CIN,0.375,0.0,0.47368421052631576
2025-07-06,777217,18,7,2,44,16,79,CIN,0.3888888888888889,0.1111111111111111,0.36363636363636365
2025-07-07,777208,17,4,0,34,8,61,CIN,0.23529411764705882,0.0,0.23529411764705882
2025-07-08,777197,20,0,4,25,3,67,CIN,0.0,0.2,0.12
2025-07-09,777183,5,2,0,13,4,23,CIN,0.4,0.0,0.3076923076923077
2025-07-10,777168,12,2,4,17,6,50,CIN,0.16666666666666666,0.3333333333333333,0.35294117647058826
2025-07-11,777160,12,6,1,24,12,43,CIN,0.5,0.08333333333333333,0.5
2025-07-12,777140,10,2,1,19,7,38,CIN,0.2,0.1,0.3684210526315789
2025-07-13,777128,15,4,2,25,6,61,CIN,0.26666666666666666,0.13333333333333333,0.24
2025-07-18,777111,11,2,1,17,1,44,CIN,0.18181818181818182,0.09090909090909091,0.058823529411764705
2025-07-19,777092,17,6,4,39,10,82,CIN,0.35294117647058826,0.23529411764705882,0.2564102564102564
2025-07-20,777087,10,2,2,19,2,42,CIN,0.2,0.2,0.10526315789473684
2025-07-21,777064,33,7,6,51,14,132,CIN,0.21212121212121213,0.18181818181818182,0.27450980392156865
2025-07-22,777042,8,1,0,17,1,29,CIN,0.125,0.0,0.058823529411764705
2025-07-25,777013,15,5,2,30,13,62,CIN,0.3333333333333333,0.13333333333333333,0.43333333333333335
2025-07-26,777000,13,3,1,32,8,57,CIN,0.23076923076923078,0.07692307692307693,0.25
2025-07-27,776982,5,2,0,13,4,23,CIN,0.4,0.0,0.3076923076923077
2025-07-28,776967,16,3,3,33,6,70,CIN,0.1875,0.1875,0.18181818181818182
2025-07-29,776963,18,3,2,40,12,69,CIN,0.16666666666666666,0.1111111111111111,0.3
2025-07-30,776941,15,1,2,22,5,54,CIN,0.06666666666666667,0.13333333333333333,0.22727272727272727
2025-07-31,776928,25,4,1,44,9,80,CIN,0.16,0.04,0.20454545454545456
2025-08-01,776921,14,4,2,26,6,55,CIN,0.2857142857142857,0.14285714285714285,0.23076923076923078
2025-08-02,776907,34,9,1,59,12,129,CIN,0.2647058823529412,0.029411764705882353,0.2033898305084746
2025-08-04,776878,27,7,2,53,19,109,CIN,0.25925925925925924,0.07407407407407407,0.3584905660377358
2025-08-05,776860,7,2,0,8,2,26,CIN,0.2857142857142857,0.0,0.25
2025-08-06,776847,9,1,1,21,2,42,CIN,0.1111111111111111,0.1111111111111111,0.09523809523809523
2025-08-07,776840,21,3,3,44,13,98,CIN,0.14285714285714285,0.14285714285714285,0.29545454545454547
2025-08-08,776829,9,2,1,11,1,31,CIN,0.2222222222222222,0.1111111111111111,0.09090909090909091
2025-08-09,776812,7,0,2,16,3,37,CIN,0.0,0.2857142857142857,0.1875
2025-08-10,776801,23,5,5,37,13,86,CIN,0.21739130434782608,0.21739130434782608,0.35135135135135137
2025-08-11,776792,6,0,0,12,1,22,CIN,0.0,0.0,0.08333333333333333
2025-08-12,776777,11,4,0,22,8,45,CIN,0.36363636363636365,0.0,0.36363636363636365
2025-08-13,776765,11,4,1,21,7,49,CIN,0.36363636363636365,0.09090909090909091,0.3333333333333333
2025-08-15,776740,29,6,2,42,8,110,CIN,0.20689655172413793,0.06896551724137931,0.19047619047619047
2025-08-16,776721,24,4,5,39,11,86,CIN,0.16666666666666666,0.20833333333333334,0.28205128205128205
2025-08-17,776709,11,1,2,16,2,43,CIN,0.09090909090909091,0.18181818181818182,0.125
2025-08-18,776681,14,6,3,25,10,68,CIN,0.42857142857142855,0.21428571428571427,0.4
2025-08-19,776668,11,3,1,20,5,48,CIN,0.2727272727272727,0.09090909090909091,0.25
2025-08-20,776652,10,3,1,17,6,39,CIN,0.3,0.1,0.35294117647058826
2025-08-22,776635,24,7,1,46,14,90,CIN,0.2916666666666667,0.041666666666666664,0.30434782608695654
2025-08-23,776622,18,8,0,37,11,80,CIN,0.4444444444444444,0.0,0.2972972972972973
2025-08-24,776609,10,3,1,18,5,42,CIN,0.3,0.1,0.2777777777777778
2025-08-25,776594,14,5,1,29,9,62,CIN,0.35714285714285715,0.07142857142857142,0.3103448275862069
2025-08-26,776574,13,3,2,20,7,44,CIN,0.23076923076923078,0.15384615384615385,0.35
2025-08-27,776562,16,3,4,26,6,67,CIN,0.1875,0.25,0.23076923076923078
2025-08-29,776551,14,2,2,26,5,53,CIN,0.14285714285714285,0.14285714285714285,0.19230769230769232
2025-08-30,776536,18,5,2,33,11,80,CIN,0.2777777777777778,0.1111111111111111,0.3333333333333333
2025-08-31,776518,11,7,0,27,11,53,CIN,0.6363636363636364,0.0,0.4074074074074074
2025-09-01,776503,11,0,1,20,5,44,CIN,0.0,0.09090909090909091,0.25
2025-09-02,776491,36,9,1,56,13,123,CIN,0.25,0.027777777777777776,0.23214285714285715
2025-09-03,776475,30,5,3,50,16,100,CIN,0.16666666666666666,0.1,0.32
2025-09-05,776450,16,3,3,25,10,70,CIN,0.1875,0.1875,0.4
2025-09-06,776439,15,6,1,27,8,52,CIN,0.4,0.06666666666666667,0.2962962962962963
2025-09-07,776429,8,0,0,14,2,29,CIN,0.0,0.0,0.14285714285714285
2025-09-08,776407,19,5,1,36,13,69,CIN,0.2631578947368421,0.05263157894736842,0.3611111111111111
2025-09-09,776392,11,4,1,24,9,44,CIN,0.36363636363636365,0.09090909090909091,0.375
2025-09-10,776377,4,1,0,6,2,13,CIN,0.25,0.0,0.3333333333333333
2025-09-12,776358,9,1,0,21,5,36,CIN,0.1111111111111111,0.0,0.23809523809523808
2025-09-13,776340,28,5,3,46,10,112,CIN,0.17857142857142858,0.10714285714285714,0.21739130434782608
2025-09-14,776327,11,2,1,13,4,39,CIN,0.18181818181818182,0.09090909090909091,0.3076923076923077
2025-09-15,776312,16,5,0,34,11,61,CIN,0.3125,0.0,0.3235294117647059
2025-09-16,776300,11,2,1,17,5,36,CIN,0.18181818181818182,0.09090909090909091,0.29411764705882354
2025-09-17,776283,13,5,2,24,8,53,CIN,0.38461538461538464,0.15384615384615385,0.3333333333333333
2025-09-19,776267,15,3,1,27,4,60,CIN,0.2,0.06666666666666667,0.14814814814814814
2025-09-20,776254,16,3,0,36,12,63,CIN,0.1875,0.0,0.3333333333333333
2025-09-21,776239,16,4,2,37,9,74,CIN,0.25,0.125,0.24324324324324326
2025-09-23,776224,12,4,0,26,8,47,CIN,0.3333333333333333,0.0,0.3076923076923077
2025-09-24,776202,20,5,2,41,9,85,CIN,0.25,0.1,0.21951219512195122
2025-09-25,776190,9,2,0,18,3,31,CIN,0.2222222222222222,0.0,0.16666666666666666
2025-09-26,776171,13,6,1,18,7,47,CIN,0.46153846153846156,0.07692307692307693,0.3888888888888889
2025-09-27,776153,17,3,3,33,6,69,CIN,0.17647058823529413,0.17647058823529413,0.18181818181818182
2025-09-28,776144,22,7,5,34,12,90,CIN,0.3181818181818182,0.22727272727272727,0.35294117647058826
2025-09-30,813069,26,8,1,58,14,112,CIN,0.3076923076923077,0.038461538461538464,0.2413793103448276
2025-10-01,813068,26,1,0,41,5,82,CIN,0.038461538461538464,0.0,0.12195121951219512
2025-03-27,778558,19,7,1,41,14,75,CLE,0.3684210526315789,0.05263157894736842,0.34146341463414637
2025-03-29,778529,16,2,0,28,6,55,CLE,0.125,0.0,0.21428571428571427
2025-03-30,778510,18,4,2,30,10,76,CLE,0.2222222222222222,0.1111111111111111,0.3333333333333333
2025-03-31,778499,13,2,1,28,5,44,CLE,0.15384615384615385,0.07692307692307693,0.17857142857142858
2025-04-01,778485,14,2,2,22,4,56,CLE,0.14285714285714285,0.14285714285714285,0.18181818181818182
2025-04-02,778476,15,1,0,21,4,57,CLE,0.06666666666666667,0.0,0.19047619047619047
2025-04-04,778447,27,9,1,59,16,119,CLE,0.3333333333333333,0.037037037037037035,0.2711864406779661
2025-04-05,778437,18,5,4,27,7,71,CLE,0.2777777777777778,0.2222222222222222,0.25925925925925924
2025-04-06,778425,11,2,0,22,4,48,CLE,0.18181818181818182,0.0,0.18181818181818182
2025-04-08,778402,15,5,2,29,10,53,CLE,0.3333333333333333,0.13333333333333333,0.3448275862068966
2025-04-09,778391,19,7,4,39,12,85,CLE,0.3684210526315789,0.21052631578947367,0.3076923076923077
2025-04-10,778378,15,5,1,23,9,53,CLE,0.3333333333333333,0.06666666666666667,0.391304347826087
2025-04-11,778375,14,3,1,25,4,54,CLE,0.21428571428571427,0.07142857142857142,0.16
2025-04-12,778359,15,5,0,33,8,56,CLE,0.3333333333333333,0.0,0.24242424242424243
2025-04-13,778342,11,4,0,21,6,46,CLE,0.36363636363636365,0.0,0.2857142857142857
2025-04-15,778317,16,6,0,33,10,57,CLE,0.375,0.0,0.30303030303030304
2025-04-16,778301,8,1,1,11,3,32,CLE,0.125,0.125,0.2727272727272727
2025-04-17,778292,8,2,0,12,1,32,CLE,0.25,0.0,0.08333333333333333
2025-04-18,778271,20,5,2,27,8,74,CLE,0.25,0.1,0.2962962962962963
2025-04-19,778254,12,4,1,22,9,44,CLE,0.3333333333333333,0.08333333333333333,0.4090909090909091
2025-04-20,778242,19,4,2,38,10,81,CLE,0.21052631578947367,0.10526315789473684,0.2631578947368421
2025-04-21,778227,12,4,1,19,6,39,CLE,0.3333333333333333,0.08333333333333333,0.3157894736842105
2025-04-22,778218,12,4,1,18,5,41,CLE,0.3333333333333333,0.08333333333333333,0.2777777777777778
2025-04-23,778206,21,6,3,36,8,90,CLE,0.2857142857142857,0.14285714285714285,0.2222222222222222
2025-04-26,778169,23,0,0,40,7,64,CLE,0.0,0.0,0.175
2025-04-26,778179,16,6,2,33,14,64,CLE,0.375,0.125,0.42424242424242425
2025-04-27,778157,23,5,2,35,6,98,CLE,0.21739130434782608,0.08695652173913043,0.17142857142857143
2025-04-28,778139,32,3,1,54,5,130,CLE,0.09375,0.03125,0.09259259259259259
2025-04-29,778129,8,2,1,14,5,35,CLE,0.25,0.125,0.35714285714285715
2025-04-30,778116,11,8,0,30,14,49,CLE,0.7272727272727273,0.0,0.4666666666666667
2025-05-01,778108,23,2,3,45,10,101,CLE,0.08695652173913043,0.13043478260869565,0.2222222222222222
2025-05-02,778081,11,1,1,21,3,42,CLE,0.09090909090909091,0.09090909090909091,0.14285714285714285
2025-05-03,778064,16,3,0,36,4,65,CLE,0.1875,0.0,0.1111111111111111
2025-05-04,778056,17,2,1,34,8,68,CLE,0.11764705882352941,0.058823529411764705,0.23529411764705882
2025-05-06,778026,15,4,2,23,6,62,CLE,0.26666666666666666,0.13333333333333333,0.2608695652173913
2025-05-06,778046,13,4,1,22,8,59,CLE,0.3076923076923077,0.07692307692307693,0.36363636363636365
2025-05-07,778022,25,3,3,42,8,87,CLE,0.12,0.12,0.19047619047619047
2025-05-09,777997,15,2,2,29,5,55,CLE,0.13333333333333333,0.13333333333333333,0.1724137931034483
2025-05-10,777983,15,4,1,28,7,50,CLE,0.26666666666666666,0.06666666666666667,0.25
2025-05-11,777971,13,4,2,26,8,54,CLE,0.3076923076923077,0.15384615384615385,0.3076923076923077
2025-05-12,777960,26,7,3,50,9,107,CLE,0.2692307692307692,0.11538461538461539,0.18
2025-05-13,777944,9,4,0,17,6,34,CLE,0.4444444444444444,0.0,0.35294117647058826
2025-05-14,777925,23,3,3,36,9,93,CLE,0.13043478260869565,0.13043478260869565,0.25
2025-05-16,777902,8,3,1,12,6,28,CLE,0.375,0.125,0.5
2025-05-17,777892,13,7,1,24,9,54,CLE,0.5384615384615384,0.07692307692307693,0.375
2025-05-18,777874,11,2,0,20,7,42,CLE,0.18181818181818182,0.0,0.35
2025-05-19,777861,30,5,4,49,5,125,CLE,0.16666666666666666,0.13333333333333333,0.10204081632653061
2025-05-21,777829,11,1,1,27,5,47,CLE,0.09090909090909091,0.09090909090909091,0.18518518518518517
2025-05-22,777821,9,4,1,20,8,35,CLE,0.4444444444444444,0.1111111111111111,0.4
2025-05-23,777807,10,3,0,22,8,36,CLE,0.3,0.0,0.36363636363636365
2025-05-24,777796,18,7,1,25,12,65,CLE,0.3888888888888889,0.05555555555555555,0.48
2025-05-25,777780,16,5,0,30,6,64,CLE,0.3125,0.0,0.2
2025-05-26,777769,18,5,2,27,8,68,CLE,0.2777777777777778,0.1111111111111111,0.2962962962962963
2025-05-27,777753,19,5,2,45,11,82,CLE,0.2631578947368421,0.10526315789473684,0.24444444444444444
2025-05-28,777739,19,4,2,37,11,67,CLE,0.21052631578947367,0.10526315789473684,0.2972972972972973
2025-05-30,777721,17,5,2,25,9,68,CLE,0.29411764705882354,0.11764705882352941,0.36
2025-05-31,777703,16,6,1,29,9,70,CLE,0.375,0.0625,0.3103448275862069
2025-06-01,777683,10,5,1,22,8,40,CLE,0.5,0.1,0.36363636363636365
2025-06-03,777664,6,0,1,5,0,19,CLE,0.0,0.16666666666666666,0.0
2025-06-04,777653,12,3,0,23,8,46,CLE,0.25,0.0,0.34782608695652173
2025-06-05,777644,15,2,0,19,4,47,CLE,0.13333333333333333,0.0,0.21052631578947367
2025-06-06,777622,14,2,4,24,7,55,CLE,0.14285714285714285,0.2857142857142857,0.2916666666666667
2025-06-07,777608,14,2,1,29,5,60,CLE,0.14285714285714285,0.07142857142857142,0.1724137931034483
2025-06-08,777591,10,3,0,17,4,30,CLE,0.3,0.0,0.23529411764705882
2025-06-09,777580,23,2,2,42,2,87,CLE,0.08695652173913043,0.08695652173913043,0.047619047619047616
2025-06-10,777569,14,4,1,27,5,52,CLE,0.2857142857142857,0.07142857142857142,0.18518518518518517
2025-06-11,777549,12,1,1,24,6,54,CLE,0.08333333333333333,0.08333333333333333,0.25
2025-06-13,777520,23,2,1,43,9,86,CLE,0.08695652173913043,0.043478260869565216,0.20930232558139536
2025-06-14,777507,17,5,1,31,9,65,CLE,0.29411764705882354,0.058823529411764705,0.2903225806451613
2025-06-15,777495,7,1,0,9,3,25,CLE,0.14285714285714285,0.0,0.3333333333333333
2025-06-17,777472,19,4,2,38,12,76,CLE,0.21052631578947367,0.10526315789473684,0.3157894736842105
2025-06-18,777454,15,3,1,24,6,47,CLE,0.2,0.06666666666666667,0.25
2025-06-19,777440,9,1,1,20,4,33,CLE,0.1111111111111111,0.1111111111111111,0.2
2025-06-21,777411,13,3,1,19,6,44,CLE,0.23076923076923078,0.07692307692307693,0.3157894736842105
2025-06-22,777400,11,3,2,26,7,55,CLE,0.2727272727272727,0.18181818181818182,0.2692307692307692
2025-06-24,777384,19,3,3,45,5,83,CLE,0.15789473684210525,0.15789473684210525,0.1111111111111111
2025-06-25,777368,19,5,1,34,8,72,CLE,0.2631578947368421,0.05263157894736842,0.23529411764705882
2025-06-26,777354,13,2,3,20,3,49,CLE,0.15384615384615385,0.23076923076923078,0.15
2025-06-27,777349,9,3,2,15,3,37,CLE,0.3333333333333333,0.2222222222222222,0.2
2025-06-28,777329,22,3,1,32,7,66,CLE,0.13636363636363635,0.045454545454545456,0.21875
2025-06-29,777309,15,4,1,20,6,53,CLE,0.26666666666666666,0.06666666666666667,0.3
2025-07-01,777287,10,1,1,19,0,35,CLE,0.1,0.1,0.0
2025-07-02,777266,19,2,3,29,2,70,CLE,0.10526315789473684,0.15789473684210525,0.06896551724137931
2025-07-03,777259,20,6,0,34,10,72,CLE,0.3,0.0,0.29411764705882354
2025-07-04,777249,10,3,1,20,5,45,CLE,0.3,0.1,0.25
2025-07-05,777240,11,4,2,18,6,45,CLE,0.36363636363636365,0.18181818181818182,0.3333333333333333
2025-07-06,777226,21,3,2,31,4,75,CLE,0.14285714285714285,0.09523809523809523,0.12903225806451613
2025-07-07,777202,15,1,1,25,4,48,CLE,0.06666666666666667,0.06666666666666667,0.16
2025-07-08,777192,27,8,3,58,16,121,CLE,0.2962962962962963,0.1111111111111111,0.27586206896551724
2025-07-09,777174,7,2,0,11,4,19,CLE,0.2857142857142857,0.0,0.36363636363636365
2025-07-11,777146,22,4,4,38,6,92,CLE,0.18181818181818182,0.18181818181818182,0.15789473684210525
2025-07-11,777164,11,1,1,17,6,35,CLE,0.09090909090909091,0.09090909090909091,0.35294117647058826
2025-07-12,777138,10,6,0,26,11,44,CLE,0.6,0.0,0.4230769230769231
2025-07-13,777120,17,4,0,34,12,70,CLE,0.23529411764705882,0.0,0.35294117647058826
2025-07-18,777105,3,2,0,10,4,16,CLE,0.6666666666666666,0.0,0.4
2025-07-19,777104,16,3,0,36,7,66,CLE,0.1875,0.0,0.19444444444444445
2025-07-20,777084,9,3,0,19,6,31,CLE,0.3333333333333333,0.0,0.3157894736842105
2025-07-21,777068,6,3,0,15,5,26,CLE,0.5,0.0,0.3333333333333333
2025-07-22,777056,18,4,2,37,10,75,CLE,0.2222222222222222,0.1111111111111111,0.2702702702702703
2025-07-23,777036,10,4,1,18,3,39,CLE,0.4,0.1,0.16666666666666666
2025-07-24,777019,13,1,2,21,4,54,CLE,0.07692307692307693,0.15384615384615385,0.19047619047619047
2025-07-26,776990,13,2,0,24,4,39,CLE,0.15384615384615385,0.0,0.16666666666666666
2025-07-26,777010,13,2,3,18,7,43,CLE,0.15384615384615385,0.23076923076923078,0.3888888888888889
2025-07-27,776975,15,4,3,23,4,61,CLE,0.26666666666666666,0.2,0.17391304347826086
2025-07-28,776968,14,1,2,24,2,55,CLE,0.07142857142857142,0.14285714285714285,0.08333333333333333
2025-07-29,776951,9,4,0,21,5,29,CLE,0.4444444444444444,0.0,0.23809523809523808
2025-07-30,776942,19,5,1,41,11,73,CLE,0.2631578947368421,0.05263157894736842,0.2682926829268293
2025-08-01,776924,15,6,0,26,13,50,CLE,0.4,0.0,0.5
2025-08-02,776905,14,10,0,31,13,59,CLE,0.7142857142857143,0.0,0.41935483870967744
2025-08-03,776892,13,3,1,28,6,51,CLE,0.23076923076923078,0.07692307692307693,0.21428571428571427
2025-08-04,776876,20,4,0,35,8,68,CLE,0.2,0.0,0.22857142857142856
2025-08-05,776863,12,3,0,29,6,51,CLE,0.25,0.0,0.20689655172413793
2025-08-06,776846,1,0,0,2,1,3,CLE,0.0,0.0,0.5
2025-08-08,776833,17,4,1,35,11,74,CLE,0.23529411764705882,0.058823529411764705,0.3142857142857143
2025-08-09,776814,13,3,3,29,9,53,CLE,0.23076923076923078,0.23076923076923078,0.3103448275862069
2025-08-10,776798,19,1,1,28,4,60,CLE,0.05263157894736842,0.05263157894736842,0.14285714285714285
2025-08-12,776778,15,2,3,20,2,52,CLE,0.13333333333333333,0.2,0.1
2025-08-13,776766,33,5,2,54,9,113,CLE,0.15151515151515152,0.06060606060606061,0.16666666666666666
2025-08-14,776745,14,1,2,23,3,53,CLE,0.07142857142857142,0.14285714285714285,0.13043478260869565
2025-08-15,776738,14,2,0,21,1,48,CLE,0.14285714285714285,0.0,0.047619047619047616
2025-08-16,776720,17,3,0,35,12,75,CLE,0.17647058823529413,0.0,0.34285714285714286
2025-08-17,776706,19,6,1,33,9,81,CLE,0.3157894736842105,0.05263157894736842,0.2727272727272727
2025-08-18,776682,16,4,3,32,12,58,CLE,0.25,0.1875,0.375
2025-08-19,776672,10,1,0,16,4,34,CLE,0.1,0.0,0.25
2025-08-20,776658,10,1,0,14,2,33,CLE,0.1,0.0,0.14285714285714285
2025-08-22,776641,9,2,0,17,6,35,CLE,0.2222222222222222,0.0,0.35294117647058826
2025-08-23,776623,12,1,1,27,2,56,CLE,0.08333333333333333,0.08333333333333333,0.07407407407407407
2025-08-24,776611,23,8,3,48,14,99,CLE,0.34782608695652173,0.13043478260869565,0.2916666666666667
2025-08-25,776601,15,2,0,24,3,44,CLE,0.13333333333333333,0.0,0.125
2025-08-26,776584,7,2,0,16,4,23,CLE,0.2857142857142857,0.0,0.25
2025-08-27,776580,14,6,2,36,15,62,CLE,0.42857142857142855,0.14285714285714285,0.4166666666666667
2025-08-29,776547,12,1,1,16,3,39,CLE,0.08333333333333333,0.08333333333333333,0.1875
2025-08-30,776537,8,4,1,12,4,30,CLE,0.5,0.125,0.3333333333333333
2025-08-31,776521,10,1,0,21,4,48,CLE,0.1,0.0,0.19047619047619047
2025-09-01,776505,21,4,3,40,9,84,CLE,0.19047619047619047,0.14285714285714285,0.225
2025-09-02,776493,15,3,0,26,7,50,CLE,0.2,0.0,0.2692307692307692
2025-09-03,776474,11,3,0,24,6,48,CLE,0.2727272727272727,0.0,0.25
2025-09-04,776458,11,3,0,27,5,45,CLE,0.2727272727272727,0.0,0.18518518518518517
2025-09-05,776451,7,2,1,22,7,40,CLE,0.2857142857142857,0.14285714285714285,0.3181818181818182
2025-09-06,776438,10,3,2,19,8,46,CLE,0.3,0.2,0.42105263157894735
2025-09-07,776421,10,6,0,29,12,50,CLE,0.6,0.0,0.41379310344827586
2025-09-08,776413,7,2,1,15,1,39,CLE,0.2857142857142857,0.14285714285714285,0.06666666666666667
2025-09-09,776403,4,2,0,11,4,17,CLE,0.5,0.0,0.36363636363636365
2025-09-10,776382,15,4,1,28,6,65,CLE,0.26666666666666666,0.06666666666666667,0.21428571428571427
2025-09-11,776370,12,5,1,19,4,43,CLE,0.4166666666666667,0.08333333333333333,0.21052631578947367
2025-09-13,776348,10,5,0,19,6,34,CLE,0.5,0.0,0.3157894736842105
2025-09-14,776331,12,7,0,26,16,47,CLE,0.5833333333333334,0.0,0.6153846153846154
2025-09-16,776303,21,6,1,50,13,95,CLE,0.2857142857142857,0.047619047619047616,0.26
2025-09-17,776296,15,4,2,33,11,63,CLE,0.26666666666666666,0.13333333333333333,0.3333333333333333
2025-09-18,776275,10,2,2,29,5,55,CLE,0.2,0.2,0.1724137931034483
2025-09-19,776263,13,7,0,21,8,55,CLE,0.5384615384615384,0.0,0.38095238095238093
2025-09-20,776243,3,2,0,5,2,12,CLE,0.6666666666666666,0.0,0.4
2025-09-20,777839,7,2,1,11,2,28,CLE,0.2857142857142857,0.14285714285714285,0.18181818181818182
2025-09-21,776225,17,5,0,34,11,63,CLE,0.29411764705882354,0.0,0.3235294117647059
2025-09-23,776218,10,7,0,20,15,38,CLE,0.7,0.0,0.75
2025-09-24,776204,11,4,0,22,3,50,CLE,0.36363636363636365,0.0,0.13636363636363635
2025-09-25,776189,17,3,4,27,5,70,CLE,0.17647058823529413,0.23529411764705882,0.18518518518518517
2025-09-26,776175,22,6,0,36,10,76,CLE,0.2727272727272727,0.0,0.2777777777777778
2025-09-27,776158,14,5,0,26,12,46,CLE,0.35714285714285715,0.0,0.46153846153846156
2025-09-28,776147,22,4,0,37,7,69,CLE,0.18181818181818182,0.0,0.1891891891891892
2025-09-30,813072,11,5,1,23,7,43,CLE,0.45454545454545453,0.09090909090909091,0.30434782608695654
2025-10-01,813071,21,5,3,41,11,94,CLE,0.23809523809523808,0.14285714285714285,0.2682926829268293
2025-03-28,778560,12,2,1,19,4,40,COL,0.16666666666666666,0.08333333333333333,0.21052631578947367
2025-03-29,778537,19,3,3,31,7,76,COL,0.15789473684210525,0.15789473684210525,0.22580645161290322
2025-03-30,778524,18,2,2,31,6,68,COL,0.1111111111111111,0.1111111111111111,0.1935483870967742
2025-03-31,778502,12,1,1,27,3,59,COL,0.08333333333333333,0.08333333333333333,0.1111111111111111
2025-04-02,778482,9,1,1,10,2,29,COL,0.1111111111111111,0.1111111111111111,0.2
2025-04-03,778467,13,4,4,23,5,63,COL,0.3076923076923077,0.3076923076923077,0.21739130434782608
2025-04-04,778456,21,3,2,35,10,77,COL,0.14285714285714285,0.09523809523809523,0.2857142857142857
2025-04-05,778442,18,3,1,27,4,62,COL,0.16666666666666666,0.05555555555555555,0.14814814814814814
2025-04-06,778423,16,7,2,25,10,65,COL,0.4375,0.125,0.4
2025-04-08,778394,10,2,0,22,5,41,COL,0.2,0.0,0.22727272727272727
2025-04-09,778379,24,3,4,43,7,106,COL,0.125,0.16666666666666666,0.16279069767441862
2025-04-10,778371,13,3,4,18,5,51,COL,0.23076923076923078,0.3076923076923077,0.2777777777777778
2025-04-11,778361,14,3,1,23,9,48,COL,0.21428571428571427,0.07142857142857142,0.391304347826087
2025-04-12,778352,8,1,1,16,4,32,COL,0.125,0.125,0.25
2025-04-13,778330,14,1,4,21,1,60,COL,0.07142857142857142,0.2857142857142857,0.047619047619047616
2025-04-14,778326,17,2,4,32,5,85,COL,0.11764705882352941,0.23529411764705882,0.15625
2025-04-15,778302,25,4,2,40,11,89,COL,0.16,0.08,0.275
2025-04-16,778287,28,9,3,64,22,126,COL,0.32142857142857145,0.10714285714285714,0.34375
2025-04-19,778247,21,5,3,31,9,77,COL,0.23809523809523808,0.14285714285714285,0.2903225806451613
2025-04-20,778235,27,3,3,40,11,104,COL,0.1111111111111111,0.1111111111111111,0.275
2025-04-20,778266,12,6,1,26,9,55,COL,0.5,0.08333333333333333,0.34615384615384615
2025-04-22,778215,16,1,0,23,3,53,COL,0.0625,0.0,0.13043478260869565
2025-04-24,778190,19,3,1,32,6,61,COL,0.15789473684210525,0.05263157894736842,0.1875
2025-04-24,778195,14,5,2,25,6,63,COL,0.35714285714285715,0.14285714285714285,0.24
2025-04-25,778181,20,4,3,32,7,75,COL,0.2,0.15,0.21875
2025-04-26,778161,20,5,2,40,12,89,COL,0.25,0.1,0.3
2025-04-27,778148,23,5,2,39,11,69,COL,0.21739130434782608,0.08695652173913043,0.28205128205128205
2025-04-28,778137,17,3,1,28,5,72,COL,0.17647058823529413,0.058823529411764705,0.17857142857142858
2025-04-29,778120,16,1,1,27,3,57,COL,0.0625,0.0625,0.1111111111111111
2025-04-30,778102,11,4,0,26,9,44,COL,0.36363636363636365,0.0,0.34615384615384615
2025-05-01,778098,10,0,0,17,1,30,COL,0.0,0.0,0.058823529411764705
2025-05-02,778082,9,1,0,12,3,26,COL,0.1111111111111111,0.0,0.25
2025-05-03,778069,14,3,4,16,3,52,COL,0.21428571428571427,0.2857142857142857,0.1875
2025-05-04,778048,19,4,1,36,9,74,COL,0.21052631578947367,0.05263157894736842,0.25
2025-05-07,778013,28,9,2,49,16,104,COL,0.32142857142857145,0.07142857142857142,0.32653061224489793
2025-05-08,778004,22,8,1,40,12,78,COL,0.36363636363636365,0.045454545454545456,0.3
2025-05-08,778029,13,1,1,26,2,57,COL,0.07692307692307693,0.07692307692307693,0.07692307692307693
2025-05-09,777993,22,5,2,42,12,89,COL,0.22727272727272727,0.09090909090909091,0.2857142857142857
2025-05-10,777976,30,3,3,54,7,109,COL,0.1,0.1,0.12962962962962962
2025-05-11,777955,9,2,0,15,3,27,COL,0.2222222222222222,0.0,0.2
2025-05-12,777949,7,1,0,9,2,18,COL,0.14285714285714285,0.0,0.2222222222222222
2025-05-13,777934,11,1,2,21,6,44,COL,0.09090909090909091,0.18181818181818182,0.2857142857142857
2025-05-14,777918,16,2,3,29,12,61,COL,0.125,0.1875,0.41379310344827586
2025-05-16,777897,20,2,2,33,4,82,COL,0.1,0.1,0.12121212121212122
2025-05-17,777887,27,6,1,63,14,128,COL,0.2222222222222222,0.037037037037037035,0.2222222222222222
2025-05-18,777870,12,1,2,16,2,38,COL,0.08333333333333333,0.16666666666666666,0.125
2025-05-19,777852,21,1,0,37,6,68,COL,0.047619047619047616,0.0,0.16216216216216217
2025-05-20,777842,17,2,1,28,7,50,COL,0.11764705882352941,0.058823529411764705,0.25
2025-05-21,777823,18,1,1,37,10,60,COL,0.05555555555555555,0.05555555555555555,0.2702702702702703
2025-05-22,777817,7,3,1,18,7,36,COL,0.42857142857142855,0.14285714285714285,0.3888888888888889
2025-05-23,777802,10,2,2,22,6,44,COL,0.2,0.2,0.2727272727272727
2025-05-24,777782,25,5,2,30,6,80,COL,0.2,0.08,0.2
2025-05-25,777768,20,5,1,41,12,91,COL,0.25,0.05,0.2926829268292683
2025-05-26,777757,12,4,1,25,5,43,COL,0.3333333333333333,0.08333333333333333,0.2
2025-05-27,777751,18,3,2,24,7,58,COL,0.16666666666666666,0.1111111111111111,0.2916666666666667
2025-05-28,777731,11,2,3,18,8,44,COL,0.18181818181818182,0.2727272727272727,0.4444444444444444
2025-05-30,777718,7,1,0,12,4,24,COL,0.14285714285714285,0.0,0.3333333333333333
2025-05-31,777700,16,5,2,34,10,66,COL,0.3125,0.125,0.29411764705882354
2025-06-01,777686,11,3,0,17,5,39,COL,0.2727272727272727,0.0,0.29411764705882354
2025-06-02,777673,14,2,0,31,6,55,COL,0.14285714285714285,0.0,0.1935483870967742
2025-06-03,777666,22,2,1,41,9,88,COL,0.09090909090909091,0.045454545454545456,0.21951219512195122
2025-06-04,777652,8,2,0,20,3,42,COL,0.25,0.0,0.15
2025-06-06,777616,39,9,5,72,23,170,COL,0.23076923076923078,0.1282051282051282,0.3194444444444444
2025-06-07,777604,17,2,2,30,6,67,COL,0.11764705882352941,0.11764705882352941,0.2
2025-06-08,777583,31,7,5,62,18,128,COL,0.22580645161290322,0.16129032258064516,0.2903225806451613
2025-06-10,777563,21,8,3,42,11,92,COL,0.38095238095238093,0.14285714285714285,0.2619047619047619
2025-06-11,777547,19,1,4,33,3,70,COL,0.05263157894736842,0.21052631578947367,0.09090909090909091
2025-06-12,777534,19,7,4,38,13,82,COL,0.3684210526315789,0.21052631578947367,0.34210526315789475
2025-06-13,777535,21,3,2,35,6,67,COL,0.14285714285714285,0.09523809523809523,0.17142857142857143
2025-06-14,777523,7,2,0,15,3,29,COL,0.2857142857142857,0.0,0.2
2025-06-15,777504,15,4,1,27,9,59,COL,0.26666666666666666,0.06666666666666667,0.3333333333333333
2025-06-16,777488,13,2,2,21,5,54,COL,0.15384615384615385,0.15384615384615385,0.23809523809523808
2025-06-17,777480,22,4,1,37,7,83,COL,0.18181818181818182,0.045454545454545456,0.1891891891891892
2025-06-18,777461,12,2,1,23,4,50,COL,0.16666666666666666,0.08333333333333333,0.17391304347826086
2025-06-19,777445,16,3,0,25,7,48,COL,0.1875,0.0,0.28
2025-06-20,777430,23,1,1,43,9,71,COL,0.043478260869565216,0.043478260869565216,0.20930232558139536
2025-06-21,777410,21,5,2,38,7,85,COL,0.23809523809523808,0.09523809523809523,0.18421052631578946
2025-06-22,777399,13,3,1,29,11,50,COL,0.23076923076923078,0.07692307692307693,0.3793103448275862
2025-06-24,777379,23,5,0,36,10,69,COL,0.21739130434782608,0.0,0.2777777777777778
2025-06-25,777358,17,1,1,35,13,73,COL,0.058823529411764705,0.058823529411764705,0.37142857142857144
2025-06-26,777344,17,6,1,45,15,74,COL,0.35294117647058826,0.058823529411764705,0.3333333333333333
2025-06-27,777339,19,2,2,26,6,61,COL,0.10526315789473684,0.10526315789473684,0.23076923076923078
2025-06-28,777321,12,1,0,24,4,53,COL,0.08333333333333333,0.0,0.16666666666666666
2025-06-29,777301,22,5,2,48,11,90,COL,0.22727272727272727,0.09090909090909091,0.22916666666666666
2025-07-01,777285,24,8,2,42,10,102,COL,0.3333333333333333,0.08333333333333333,0.23809523809523808
2025-07-02,777269,19,2,1,26,7,56,COL,0.10526315789473684,0.05263157894736842,0.2692307692307692
2025-07-03,777264,17,2,1,33,8,69,COL,0.11764705882352941,0.058823529411764705,0.24242424242424243
2025-07-04,777243,14,4,3,22,8,60,COL,0.2857142857142857,0.21428571428571427,0.36363636363636365
2025-07-05,777232,17,3,4,26,6,67,COL,0.17647058823529413,0.23529411764705882,0.23076923076923078
2025-07-06,777215,20,4,3,32,8,73,COL,0.2,0.15,0.25
2025-07-07,777209,17,5,0,38,11,69,COL,0.29411764705882354,0.0,0.2894736842105263
2025-07-08,777196,15,2,1,32,10,54,COL,0.13333333333333333,0.06666666666666667,0.3125
2025-07-09,777179,17,2,2,30,8,67,COL,0.11764705882352941,0.11764705882352941,0.26666666666666666
2025-07-11,777160,15,5,0,28,11,69,COL,0.3333333333333333,0.0,0.39285714285714285
2025-07-12,777140,14,1,2,23,5,49,COL,0.07142857142857142,0.14285714285714285,0.21739130434782608
2025-07-13,777128,17,3,0,32,6,58,COL,0.17647058823529413,0.0,0.1875
2025-07-18,777102,13,4,0,26,9,54,COL,0.3076923076923077,0.0,0.34615384615384615
2025-07-19,777080,12,4,3,23,10,56,COL,0.3333333333333333,0.25,0.43478260869565216
2025-07-20,777072,25,4,1,35,7,77,COL,0.16,0.04,0.2
2025-07-21,777053,15,5,1,24,5,57,COL,0.3333333333333333,0.06666666666666667,0.20833333333333334
2025-07-22,777049,17,1,3,24,7,59,COL,0.058823529411764705,0.17647058823529413,0.2916666666666667
2025-07-23,777028,10,2,0,17,3,40,COL,0.2,0.0,0.17647058823529413
2025-07-25,777020,12,3,0,23,6,45,COL,0.25,0.0,0.2608695652173913
2025-07-26,776999,28,1,4,47,4,96,COL,0.03571428571428571,0.14285714285714285,0.0851063829787234
2025-07-27,776986,12,3,1,24,7,47,COL,0.25,0.08333333333333333,0.2916666666666667
2025-07-28,776968,20,4,6,37,6,95,COL,0.2,0.3,0.16216216216216217
2025-07-29,776951,23,3,2,47,8,98,COL,0.13043478260869565,0.08695652173913043,0.1702127659574468
2025-07-30,776942,22,6,2,38,11,74,COL,0.2727272727272727,0.09090909090909091,0.2894736842105263
2025-08-01,776919,43,9,7,67,24,164,COL,0.20930232558139536,0.16279069767441862,0.3582089552238806
2025-08-02,776904,16,3,3,30,8,74,COL,0.1875,0.1875,0.26666666666666666
2025-08-03,776886,15,3,0,26,9,62,COL,0.2,0.0,0.34615384615384615
2025-08-04,776872,35,4,3,63,9,122,COL,0.11428571428571428,0.08571428571428572,0.14285714285714285
2025-08-05,776854,19,2,1,37,7,66,COL,0.10526315789473684,0.05263157894736842,0.1891891891891892
2025-08-06,776836,32,2,2,58,5,111,COL,0.0625,0.0625,0.08620689655172414
2025-08-08,776825,8,3,0,21,7,34,COL,0.375,0.0,0.3333333333333333
2025-08-09,776809,17,2,1,27,8,66,COL,0.11764705882352941,0.058823529411764705,0.2962962962962963
2025-08-10,776794,16,4,2,35,7,66,COL,0.25,0.125,0.2
2025-08-11,776783,13,2,1,22,3,49,COL,0.15384615384615385,0.07692307692307693,0.13636363636363635
2025-08-12,776775,6,3,0,15,3,27,COL,0.5,0.0,0.2
2025-08-13,776758,12,4,0,21,5,45,COL,0.3333333333333333,0.0,0.23809523809523808
2025-08-14,776742,21,5,1,38,13,83,COL,0.23809523809523808,0.047619047619047616,0.34210526315789475
2025-08-15,776730,13,8,1,27,9,60,COL,0.6153846153846154,0.07692307692307693,0.3333333333333333
2025-08-16,776715,16,6,0,33,5,66,COL,0.375,0.0,0.15151515151515152
2025-08-17,776701,25,4,3,37,6,102,COL,0.16,0.12,0.16216216216216217
2025-08-18,776693,18,7,1,32,12,79,COL,0.3888888888888889,0.05555555555555555,0.375
2025-08-19,776671,29,1,3,44,3,105,COL,0.034482758620689655,0.10344827586206896,0.06818181818181818
2025-08-20,776660,12,4,0,17,5,36,COL,0.3333333333333333,0.0,0.29411764705882354
2025-08-21,776644,22,4,4,35,9,98,COL,0.18181818181818182,0.18181818181818182,0.2571428571428571
2025-08-22,776637,18,2,0,35,8,71,COL,0.1111111111111111,0.0,0.22857142857142856
2025-08-23,776632,13,4,1,18,4,54,COL,0.3076923076923077,0.07692307692307693,0.2222222222222222
2025-08-24,776610,15,2,1,25,5,52,COL,0.13333333333333333,0.06666666666666667,0.2
2025-08-26,776587,13,2,3,21,1,57,COL,0.15384615384615385,0.23076923076923078,0.047619047619047616
2025-08-27,776571,10,3,0,22,8,38,COL,0.3,0.0,0.36363636363636365
2025-08-28,776555,8,1,2,13,4,29,COL,0.125,0.25,0.3076923076923077
2025-08-29,776542,21,2,1,44,6,82,COL,0.09523809523809523,0.047619047619047616,0.13636363636363635
2025-08-30,776526,20,2,2,44,7,81,COL,0.1,0.1,0.1590909090909091
2025-08-31,776511,12,3,1,22,4,45,COL,0.25,0.08333333333333333,0.18181818181818182
2025-09-01,776492,19,4,1,43,7,81,COL,0.21052631578947367,0.05263157894736842,0.16279069767441862
2025-09-02,776486,40,8,1,79,17,143,COL,0.2,0.025,0.21518987341772153
2025-09-03,776467,18,4,2,40,12,81,COL,0.2222222222222222,0.1111111111111111,0.3
2025-09-05,776442,4,0,1,4,1,16,COL,0.0,0.25,0.25
2025-09-06,776431,34,8,3,72,21,145,COL,0.23529411764705882,0.08823529411764706,0.2916666666666667
2025-09-07,776417,29,4,4,49,11,121,COL,0.13793103448275862,0.13793103448275862,0.22448979591836735
2025-09-08,776408,15,2,1,29,7,63,COL,0.13333333333333333,0.06666666666666667,0.2413793103448276
2025-09-09,776389,12,2,0,17,2,44,COL,0.16666666666666666,0.0,0.11764705882352941
2025-09-10,776380,13,0,0,23,4,51,COL,0.0,0.0,0.17391304347826086
2025-09-11,776365,12,5,0,32,13,58,COL,0.4166666666666667,0.0,0.40625
2025-09-12,776357,13,3,2,25,8,50,COL,0.23076923076923078,0.15384615384615385,0.32
2025-09-13,776341,23,5,1,44,9,96,COL,0.21739130434782608,0.043478260869565216,0.20454545454545456
2025-09-14,776323,22,2,1,41,7,73,COL,0.09090909090909091,0.045454545454545456,0.17073170731707318
2025-09-16,776293,13,2,0,21,5,43,COL,0.15384615384615385,0.0,0.23809523809523808
2025-09-17,776277,26,2,4,37,2,95,COL,0.07692307692307693,0.15384615384615385,0.05405405405405406
2025-09-18,776270,15,1,0,23,3,45,COL,0.06666666666666667,0.0,0.13043478260869565
2025-09-19,776253,14,6,0,29,9,56,COL,0.42857142857142855,0.0,0.3103448275862069
2025-09-20,776241,11,4,1,24,7,49,COL,0.36363636363636365,0.09090909090909091,0.2916666666666667
2025-09-21,776232,10,4,1,15,6,41,COL,0.4,0.1,0.4
2025-09-23,776212,14,6,2,24,11,57,COL,0.42857142857142855,0.14285714285714285,0.4583333333333333
2025-09-24,776194,20,5,1,44,13,81,COL,0.25,0.05,0.29545454545454547
2025-09-25,776179,21,5,4,35,10,78,COL,0.23809523809523808,0.19047619047619047,0.2857142857142857
2025-09-26,776166,18,3,5,33,6,77,COL,0.16666666666666666,0.2777777777777778,0.18181818181818182
2025-09-27,776146,8,3,1,17,4,39,COL,0.375,0.125,0.23529411764705882
2025-09-28,776137,20,4,1,40,10,74,COL,0.2,0.05,0.25
2025-03-27,778546,10,4,0,17,7,42,DET,0.4,0.0,0.4117647058823529
2025-03-28,778544,16,5,0,38,10,64,DET,0.3125,0.0,0.2631578947368421
2025-03-29,778533,14,4,1,24,5,46,DET,0.2857142857142857,0.07142857142857142,0.20833333333333334
2025-03-31,778496,22,6,2,39,14,85,DET,0.2727272727272727,0.09090909090909091,0.358974358974359
2025-04-01,778486,12,1,1,22,6,47,DET,0.08333333333333333,0.08333333333333333,0.2727272727272727
2025-04-02,778469,7,1,0,13,5,26,DET,0.14285714285714285,0.0,0.38461538461538464
2025-04-04,778458,16,4,2,28,9,68,DET,0.25,0.125,0.32142857142857145
2025-04-05,778445,10,2,0,20,5,34,DET,0.2,0.0,0.25
2025-04-06,778433,13,0,0,19,0,41,DET,0.0,0.0,0.0
2025-04-07,778424,12,2,0,21,5,46,DET,0.16666666666666666,0.0,0.23809523809523808
2025-04-08,778403,11,3,1,18,9,40,DET,0.2727272727272727,0.09090909090909091,0.5
2025-04-09,778387,19,4,2,35,6,79,DET,0.21052631578947367,0.10526315789473684,0.17142857142857143
2025-04-11,778363,22,4,2,41,10,89,DET,0.18181818181818182,0.09090909090909091,0.24390243902439024
2025-04-12,778348,12,3,0,29,3,52,DET,0.25,0.0,0.10344827586206896
2025-04-13,778335,10,0,1,12,1,29,DET,0.0,0.1,0.08333333333333333
2025-04-14,778323,9,2,1,18,5,40,DET,0.2222222222222222,0.1111111111111111,0.2777777777777778
2025-04-15,778310,18,1,3,29,3,77,DET,0.05555555555555555,0.16666666666666666,0.10344827586206896
2025-04-16,778295,11,3,0,19,4,41,DET,0.2727272727272727,0.0,0.21052631578947367
2025-04-17,778286,16,2,2,20,3,59,DET,0.125,0.125,0.15
2025-04-18,778277,22,4,4,38,7,89,DET,0.18181818181818182,0.18181818181818182,0.18421052631578946
2025-04-19,778265,9,0,1,19,4,34,DET,0.0,0.1111111111111111,0.21052631578947367
2025-04-20,778246,17,7,0,34,7,78,DET,0.4117647058823529,0.0,0.20588235294117646
2025-04-21,778228,15,4,0,26,4,52,DET,0.26666666666666666,0.0,0.15384615384615385
2025-04-22,778221,12,3,2,20,7,42,DET,0.25,0.16666666666666666,0.35
2025-04-23,778209,5,2,0,10,3,22,DET,0.4,0.0,0.3
2025-04-26,778168,16,5,2,34,9,84,DET,0.3125,0.125,0.2647058823529412
2025-04-26,778180,19,3,3,27,3,79,DET,0.15789473684210525,0.15789473684210525,0.1111111111111111
2025-04-27,778155,11,4,1,13,5,41,DET,0.36363636363636365,0.09090909090909091,0.38461538461538464
2025-04-28,778142,14,1,0,18,2,41,DET,0.07142857142857142,0.0,0.1111111111111111
2025-04-29,778124,15,1,2,28,3,70,DET,0.06666666666666667,0.13333333333333333,0.10714285714285714
2025-04-30,778110,23,6,3,31,6,87,DET,0.2608695652173913,0.13043478260869565,0.1935483870967742
2025-05-01,778101,7,2,0,16,3,34,DET,0.2857142857142857,0.0,0.1875
2025-05-02,778085,9,4,0,18,4,44,DET,0.4444444444444444,0.0,0.2222222222222222
2025-05-03,778067,8,2,0,16,5,27,DET,0.25,0.0,0.3125
2025-05-04,778050,13,4,1,23,7,54,DET,0.3076923076923077,0.07692307692307693,0.30434782608695654
2025-05-07,778013,25,6,3,37,5,97,DET,0.24,0.12,0.13513513513513514
2025-05-08,778004,11,3,1,20,5,48,DET,0.2727272727272727,0.09090909090909091,0.25
2025-05-08,778029,4,2,1,6,2,17,DET,0.5,0.25,0.3333333333333333
2025-05-09,777996,7,1,0,15,2,21,DET,0.14285714285714285,0.0,0.13333333333333333
2025-05-10,777987,28,5,4,45,7,107,DET,0.17857142857142858,0.14285714285714285,0.15555555555555556
2025-05-11,777969,21,3,1,41,5,91,DET,0.14285714285714285,0.047619047619047616,0.12195121951219512
2025-05-12,777951,12,2,0,18,4,40,DET,0.16666666666666666,0.0,0.2222222222222222
2025-05-13,777940,44,13,2,80,18,173,DET,0.29545454545454547,0.045454545454545456,0.225
2025-05-14,777927,12,3,1,25,6,48,DET,0.25,0.08333333333333333,0.24
2025-05-16,777906,15,3,0,30,5,64,DET,0.2,0.0,0.16666666666666666
2025-05-17,777886,14,1,3,24,1,63,DET,0.07142857142857142,0.21428571428571427,0.041666666666666664
2025-05-18,777871,13,5,2,27,5,67,DET,0.38461538461538464,0.15384615384615385,0.18518518518518517
2025-05-19,777862,39,3,2,68,7,134,DET,0.07692307692307693,0.05128205128205128,0.10294117647058823
2025-05-20,777840,15,2,2,18,2,50,DET,0.13333333333333333,0.13333333333333333,0.1111111111111111
2025-05-21,777827,22,7,0,41,10,83,DET,0.3181818181818182,0.0,0.24390243902439024
2025-05-22,777821,13,2,2,18,4,42,DET,0.15384615384615385,0.15384615384615385,0.2222222222222222
2025-05-23,777807,17,4,1,27,6,63,DET,0.23529411764705882,0.058823529411764705,0.2222222222222222
2025-05-24,777796,24,3,1,37,8,81,DET,0.125,0.041666666666666664,0.21621621621621623
2025-05-26,777770,16,1,1,22,4,53,DET,0.0625,0.0625,0.18181818181818182
2025-05-27,777755,12,2,0,24,4,50,DET,0.16666666666666666,0.0,0.16666666666666666
2025-05-28,777738,17,4,1,30,8,64,DET,0.23529411764705882,0.058823529411764705,0.26666666666666666
2025-05-30,777711,23,6,2,52,10,98,DET,0.2608695652173913,0.08695652173913043,0.19230769230769232
2025-05-31,777694,5,0,0,6,0,11,DET,0.0,0.0,0.0
2025-06-01,777677,15,2,0,29,7,50,DET,0.13333333333333333,0.0,0.2413793103448276
2025-06-02,777674,10,1,1,17,3,34,DET,0.1,0.1,0.17647058823529413
2025-06-03,777661,34,7,5,51,13,129,DET,0.20588235294117646,0.14705882352941177,0.2549019607843137
2025-06-04,777639,19,4,1,28,9,62,DET,0.21052631578947367,0.05263157894736842,0.32142857142857145
2025-06-05,777634,18,2,1,27,3,67,DET,0.1111111111111111,0.05555555555555555,0.1111111111111111
2025-06-06,777626,5,0,0,10,1,21,DET,0.0,0.0,0.1
2025-06-07,777609,30,6,1,52,13,100,DET,0.2,0.03333333333333333,0.25
2025-06-08,777594,11,3,0,21,4,43,DET,0.2727272727272727,0.0,0.19047619047619047
2025-06-10,777573,24,8,1,49,14,91,DET,0.3333333333333333,0.041666666666666664,0.2857142857142857
2025-06-11,777562,17,3,2,23,5,65,DET,0.17647058823529413,0.11764705882352941,0.21739130434782608
2025-06-12,777540,8,2,1,17,4,36,DET,0.25,0.125,0.23529411764705882
2025-06-13,777538,39,9,2,81,11,154,DET,0.23076923076923078,0.05128205128205128,0.13580246913580246
2025-06-14,777517,20,2,1,29,2,65,DET,0.1,0.05,0.06896551724137931
2025-06-15,777505,37,3,2,72,8,156,DET,0.08108108108108109,0.05405405405405406,0.1111111111111111
2025-06-17,777475,9,2,0,18,3,37,DET,0.2222222222222222,0.0,0.16666666666666666
2025-06-19,777451,11,3,1,24,7,36,DET,0.2727272727272727,0.09090909090909091,0.2916666666666667
2025-06-19,777464,39,13,4,77,17,157,DET,0.3333333333333333,0.10256410256410256,0.22077922077922077
2025-06-20,777431,29,4,3,47,10,108,DET,0.13793103448275862,0.10344827586206896,0.2127659574468085
2025-06-21,777420,28,3,0,42,4,78,DET,0.10714285714285714,0.0,0.09523809523809523
2025-06-22,777409,16,2,3,34,5,76,DET,0.125,0.1875,0.14705882352941177
2025-06-24,777386,10,0,0,17,3,25,DET,0.0,0.0,0.17647058823529413
2025-06-25,777371,12,2,1,14,3,42,DET,0.16666666666666666,0.08333333333333333,0.21428571428571427
2025-06-26,777351,13,1,0,17,2,37,DET,0.07692307692307693,0.0,0.11764705882352941
2025-06-27,777334,16,4,2,27,9,52,DET,0.25,0.125,0.3333333333333333
2025-06-28,777324,10,3,0,18,4,37,DET,0.3,0.0,0.2222222222222222
2025-06-29,777314,6,1,0,12,2,21,DET,0.16666666666666666,0.0,0.16666666666666666
2025-07-02,777265,16,3,1,27,4,56,DET,0.1875,0.0625,0.14814814814814814
2025-07-02,777284,35,5,6,51,11,126,DET,0.14285714285714285,0.17142857142857143,0.21568627450980393
2025-07-03,777258,21,3,1,49,11,98,DET,0.14285714285714285,0.047619047619047616,0.22448979591836735
2025-07-04,777249,19,5,2,34,4,84,DET,0.2631578947368421,0.10526315789473684,0.11764705882352941
2025-07-05,777240,7,2,1,13,2,27,DET,0.2857142857142857,0.14285714285714285,0.15384615384615385
2025-07-06,777226,14,2,1,24,5,54,DET,0.14285714285714285,0.07142857142857142,0.20833333333333334
2025-07-07,777211,11,2,1,26,6,44,DET,0.18181818181818182,0.09090909090909091,0.23076923076923078
2025-07-08,777195,9,3,0,15,2,36,DET,0.3333333333333333,0.0,0.13333333333333333
2025-07-09,777182,21,3,0,43,8,79,DET,0.14285714285714285,0.0,0.18604651162790697
2025-07-11,777161,24,2,3,39,10,95,DET,0.08333333333333333,0.125,0.2564102564102564
2025-07-12,777145,34,6,3,66,10,141,DET,0.17647058823529413,0.08823529411764706,0.15151515151515152
2025-07-13,777121,22,3,4,36,8,86,DET,0.13636363636363635,0.18181818181818182,0.2222222222222222
2025-07-18,777098,12,3,1,23,5,45,DET,0.25,0.08333333333333333,0.21739130434782608
2025-07-19,777088,12,4,1,23,8,53,DET,0.3333333333333333,0.08333333333333333,0.34782608695652173
2025-07-20,777073,7,4,0,14,6,25,DET,0.5714285714285714,0.0,0.42857142857142855
2025-07-21,777060,18,6,0,33,11,63,DET,0.3333333333333333,0.0,0.3333333333333333
2025-07-22,777044,21,5,3,34,11,79,DET,0.23809523809523808,0.14285714285714285,0.3235294117647059
2025-07-23,777029,10,4,0,18,6,44,DET,0.4,0.0,0.3333333333333333
2025-07-24,777021,19,1,0,34,5,71,DET,0.05263157894736842,0.0,0.14705882352941177
2025-07-25,777016,22,5,2,32,9,78,DET,0.22727272727272727,0.09090909090909091,0.28125
2025-07-26,777003,16,2,0,21,1,47,DET,0.125,0.0,0.047619047619047616
2025-07-27,776987,18,2,4,33,5,67,DET,0.1111111111111111,0.2222222222222222,0.15151515151515152
2025-07-28,776973,9,1,1,15,4,35,DET,0.1111111111111111,0.1111111111111111,0.26666666666666666
2025-07-29,776953,24,8,1,46,13,97,DET,0.3333333333333333,0.041666666666666664,0.2826086956521739
2025-07-30,776940,12,1,1,18,3,47,DET,0.08333333333333333,0.08333333333333333,0.16666666666666666
2025-08-01,776913,14,4,1,24,8,53,DET,0.2857142857142857,0.07142857142857142,0.3333333333333333
2025-08-02,776912,9,3,0,21,5,37,DET,0.3333333333333333,0.0,0.23809523809523808
2025-08-03,776890,7,1,0,13,2,21,DET,0.14285714285714285,0.0,0.15384615384615385
2025-08-04,776874,13,4,1,17,7,40,DET,0.3076923076923077,0.07692307692307693,0.4117647058823529
2025-08-05,776861,23,2,5,36,7,93,DET,0.08695652173913043,0.21739130434782608,0.19444444444444445
2025-08-06,776859,19,1,3,27,4,72,DET,0.05263157894736842,0.15789473684210525,0.14814814814814814
2025-08-08,776832,15,4,0,30,7,56,DET,0.26666666666666666,0.0,0.23333333333333334
2025-08-09,776813,17,3,1,30,11,67,DET,0.17647058823529413,0.058823529411764705,0.36666666666666664
2025-08-10,776806,17,2,3,23,5,54,DET,0.11764705882352941,0.17647058823529413,0.21739130434782608
2025-08-11,776781,11,3,0,26,5,44,DET,0.2727272727272727,0.0,0.19230769230769232
2025-08-12,776773,23,4,6,40,11,101,DET,0.17391304347826086,0.2608695652173913,0.275
2025-08-13,776754,13,3,1,21,8,42,DET,0.23076923076923078,0.07692307692307693,0.38095238095238093
2025-08-14,776744,13,5,0,28,8,52,DET,0.38461538461538464,0.0,0.2857142857142857
2025-08-15,776732,12,2,4,23,9,68,DET,0.16666666666666666,0.3333333333333333,0.391304347826087
2025-08-16,776716,15,4,2,27,5,65,DET,0.26666666666666666,0.13333333333333333,0.18518518518518517
2025-08-17,776700,9,3,2,12,3,38,DET,0.3333333333333333,0.2222222222222222,0.25
2025-08-18,776692,9,2,1,18,6,29,DET,0.2222222222222222,0.1111111111111111,0.3333333333333333
2025-08-19,776685,9,2,0,22,3,42,DET,0.2222222222222222,0.0,0.13636363636363635
2025-08-20,776673,11,2,0,21,4,42,DET,0.18181818181818182,0.0,0.19047619047619047
2025-08-22,776649,15,2,3,25,6,59,DET,0.13333333333333333,0.2,0.24
2025-08-23,776625,15,4,1,25,5,55,DET,0.26666666666666666,0.06666666666666667,0.2
2025-08-24,776615,19,2,3,30,7,72,DET,0.10526315789473684,0.15789473684210525,0.23333333333333334
2025-08-25,776590,7,1,0,8,2,19,DET,0.14285714285714285,0.0,0.25
2025-08-26,776573,20,4,3,27,10,68,DET,0.2,0.15,0.37037037037037035
2025-08-27,776559,18,5,2,34,10,70,DET,0.2777777777777778,0.1111111111111111,0.29411764705882354
2025-08-29,776540,22,5,3,33,10,76,DET,0.22727272727272727,0.13636363636363635,0.30303030303030304
2025-08-30,776528,10,4,1,22,6,43,DET,0.4,0.1,0.2727272727272727
2025-08-31,776512,6,2,0,8,1,18,DET,0.3333333333333333,0.0,0.125
2025-09-01,776501,23,6,3,41,11,101,DET,0.2608695652173913,0.13043478260869565,0.2682926829268293
2025-09-02,776490,27,1,0,42,6,82,DET,0.037037037037037035,0.0,0.14285714285714285
2025-09-03,776478,19,1,5,25,3,78,DET,0.05263157894736842,0.2631578947368421,0.12
2025-09-05,776452,20,3,1,37,9,78,DET,0.15,0.05,0.24324324324324326
2025-09-06,776435,6,1,0,14,6,23,DET,0.16666666666666666,0.0,0.42857142857142855
2025-09-07,776425,31,5,6,46,12,121,DET,0.16129032258064516,0.1935483870967742,0.2608695652173913
2025-09-09,776398,9,4,0,15,5,35,DET,0.4444444444444444,0.0,0.3333333333333333
2025-09-10,776383,17,6,1,28,10,63,DET,0.35294117647058826,0.058823529411764705,0.35714285714285715
2025-09-11,776368,38,8,5,63,14,158,DET,0.21052631578947367,0.13157894736842105,0.2222222222222222
2025-09-12,776366,19,3,1,26,4,46,DET,0.15789473684210525,0.05263157894736842,0.15384615384615385
2025-09-13,776347,23,2,1,31,4,72,DET,0.08695652173913043,0.043478260869565216,0.12903225806451613
2025-09-14,776332,18,3,2,23,6,63,DET,0.16666666666666666,0.1111111111111111,0.2608695652173913
2025-09-16,776303,20,7,0,44,14,82,DET,0.35,0.0,0.3181818181818182
2025-09-17,776296,20,5,4,43,14,90,DET,0.25,0.2,0.32558139534883723
2025-09-18,776275,13,2,1,21,2,51,DET,0.15384615384615385,0.07692307692307693,0.09523809523809523
2025-09-19,776268,30,4,2,59,11,119,DET,0.13333333333333333,0.06666666666666667,0.1864406779661017
2025-09-20,776258,25,4,2,48,9,104,DET,0.16,0.08,0.1875
2025-09-21,776238,20,2,4,29,6,82,DET,0.1,0.2,0.20689655172413793
2025-09-23,776218,10,2,1,21,5,42,DET,0.2,0.1,0.23809523809523808
2025-09-24,776204,16,3,2,36,7,62,DET,0.1875,0.125,0.19444444444444445
2025-09-25,776189,19,7,0,34,8,63,DET,0.3684210526315789,0.0,0.23529411764705882
2025-09-26,776181,9,1,0,13,3,27,DET,0.1111111111111111,0.0,0.23076923076923078
2025-09-27,776157,16,6,0,29,8,56,DET,0.375,0.0,0.27586206896551724
2025-09-28,776151,13,3,2,27,8,51,DET,0.23076923076923078,0.15384615384615385,0.2962962962962963
2025-09-30,813072,5,1,0,10,3,15,DET,0.2,0.0,0.3
2025-10-01,813071,21,2,1,40,5,78,DET,0.09523809523809523,0.047619047619047616,0.125
2025-03-27,778559,12,3,4,30,6,61,HOU,0.25,0.3333333333333333,0.2
2025-03-28,778518,11,4,0,20,5,45,HOU,0.36363636363636365,0.0,0.25
2025-03-29,778530,11,4,2,17,2,46,HOU,0.36363636363636365,0.18181818181818182,0.11764705882352941
2025-03-31,778505,20,4,2,33,8,74,HOU,0.2,0.1,0.24242424242424243
2025-04-01,778489,16,7,1,29,6,58,HOU,0.4375,0.0625,0.20689655172413793
2025-04-02,778475,15,7,1,29,10,59,HOU,0.4666666666666667,0.06666666666666667,0.3448275862068966
2025-04-03,778462,10,3,0,17,6,36,HOU,0.3,0.0,0.35294117647058826
2025-04-05,778440,17,7,1,39,13,71,HOU,0.4117647058823529,0.058823529411764705,0.3333333333333333
2025-04-06,778419,33,9,2,73,21,135,HOU,0.2727272727272727,0.06060606060606061,0.2876712328767123
2025-04-07,778405,6,1,2,11,3,31,HOU,0.16666666666666666,0.3333333333333333,0.2727272727272727
2025-04-08,778398,22,11,2,47,20,98,HOU,0.5,0.09090909090909091,0.425531914893617
2025-04-09,778383,20,3,6,32,12,83,HOU,0.15,0.3,0.375
2025-04-11,778368,17,3,1,32,4,65,HOU,0.17647058823529413,0.058823529411764705,0.125
2025-04-12,778351,20,4,1,36,10,72,HOU,0.2,0.05,0.2777777777777778
2025-04-13,778329,14,6,0,22,3,47,HOU,0.42857142857142855,0.0,0.13636363636363635
2025-04-14,778325,16,5,1,33,12,62,HOU,0.3125,0.0625,0.36363636363636365
2025-04-15,778308,11,1,0,22,7,44,HOU,0.09090909090909091,0.0,0.3181818181818182
2025-04-16,778290,14,1,1,24,3,50,HOU,0.07142857142857142,0.07142857142857142,0.125
2025-04-18,778269,16,5,1,28,12,55,HOU,0.3125,0.0625,0.42857142857142855
2025-04-19,778259,14,2,1,25,7,51,HOU,0.14285714285714285,0.07142857142857142,0.28
2025-04-20,778237,13,2,1,20,2,43,HOU,0.15384615384615385,0.07692307692307693,0.1
2025-04-21,778231,7,2,0,17,4,32,HOU,0.2857142857142857,0.0,0.23529411764705882
2025-04-22,778217,7,4,0,17,6,28,HOU,0.5714285714285714,0.0,0.35294117647058826
2025-04-23,778200,13,3,1,25,8,46,HOU,0.23076923076923078,0.07692307692307693,0.32
2025-04-25,778187,9,2,0,15,6,33,HOU,0.2222222222222222,0.0,0.4
2025-04-27,778152,13,1,0,22,3,49,HOU,0.07692307692307693,0.0,0.13636363636363635
2025-04-28,778142,16,6,2,31,13,61,HOU,0.375,0.125,0.41935483870967744
2025-04-29,778124,19,7,1,38,15,72,HOU,0.3684210526315789,0.05263157894736842,0.39473684210526316
2025-04-30,778110,20,1,0,37,6,74,HOU,0.05,0.0,0.16216216216216217
2025-05-02,778079,14,4,3,19,6,55,HOU,0.2857142857142857,0.21428571428571427,0.3157894736842105
2025-05-03,778066,12,4,1,22,10,47,HOU,0.3333333333333333,0.08333333333333333,0.45454545454545453
2025-05-04,778055,15,1,3,21,5,63,HOU,0.06666666666666667,0.2,0.23809523809523808
2025-05-05,778042,10,2,1,17,4,39,HOU,0.2,0.1,0.23529411764705882
2025-05-06,778031,15,7,2,28,8,70,HOU,0.4666666666666667,0.13333333333333333,0.2857142857142857
2025-05-07,778015,9,2,1,12,4,25,HOU,0.2222222222222222,0.1111111111111111,0.3333333333333333
2025-05-09,777989,13,6,1,24,11,47,HOU,0.46153846153846156,0.07692307692307693,0.4583333333333333
2025-05-10,777979,39,11,6,60,19,164,HOU,0.28205128205128205,0.15384615384615385,0.31666666666666665
2025-05-11,777963,4,1,1,7,0,21,HOU,0.25,0.25,0.0
2025-05-12,777948,24,2,0,48,9,84,HOU,0.08333333333333333,0.0,0.1875
2025-05-13,777931,3,1,0,5,2,11,HOU,0.3333333333333333,0.0,0.4
2025-05-14,777920,17,7,2,42,15,79,HOU,0.4117647058823529,0.11764705882352941,0.35714285714285715
2025-05-16,777895,16,5,0,37,10,59,HOU,0.3125,0.0,0.2702702702702703
2025-05-17,777882,11,2,3,19,6,51,HOU,0.18181818181818182,0.2727272727272727,0.3157894736842105
2025-05-18,777869,8,2,1,16,4,34,HOU,0.25,0.125,0.25
2025-05-19,777858,15,2,1,30,8,58,HOU,0.13333333333333333,0.06666666666666667,0.26666666666666666
2025-05-20,777848,17,0,3,32,5,64,HOU,0.0,0.17647058823529413,0.15625
2025-05-21,777832,16,4,4,27,10,64,HOU,0.25,0.25,0.37037037037037035
2025-05-22,777822,19,7,1,36,12,77,HOU,0.3684210526315789,0.05263157894736842,0.3333333333333333
2025-05-23,777800,20,4,2,29,12,66,HOU,0.2,0.1,0.41379310344827586
2025-05-24,777787,11,6,1,18,8,49,HOU,0.5454545454545454,0.09090909090909091,0.4444444444444444
2025-05-25,777774,17,6,1,28,12,62,HOU,0.35294117647058826,0.058823529411764705,0.42857142857142855
2025-05-27,777752,10,2,0,16,5,25,HOU,0.2,0.0,0.3125
2025-05-28,777734,12,6,2,25,15,60,HOU,0.5,0.16666666666666666,0.6
2025-05-29,777725,32,7,3,58,17,120,HOU,0.21875,0.09375,0.29310344827586204
2025-05-31,777693,27,6,3,45,8,96,HOU,0.2222222222222222,0.1111111111111111,0.17777777777777778
2025-06-01,777690,11,4,1,28,11,48,HOU,0.36363636363636365,0.09090909090909091,0.39285714285714285
2025-06-03,777663,9,2,0,20,8,36,HOU,0.2222222222222222,0.0,0.4
2025-06-04,777648,10,4,0,22,2,33,HOU,0.4,0.0,0.09090909090909091
2025-06-05,777630,8,5,1,14,6,33,HOU,0.625,0.125,0.42857142857142855
2025-06-06,777622,14,4,1,33,11,60,HOU,0.2857142857142857,0.07142857142857142,0.3333333333333333
2025-06-07,777608,19,6,3,42,18,77,HOU,0.3157894736842105,0.15789473684210525,0.42857142857142855
2025-06-08,777591,11,2,0,20,3,42,HOU,0.18181818181818182,0.0,0.15
2025-06-10,777567,15,6,4,29,8,61,HOU,0.4,0.26666666666666666,0.27586206896551724
2025-06-11,777550,10,5,0,26,11,41,HOU,0.5,0.0,0.4230769230769231
2025-06-12,777546,15,4,0,30,6,63,HOU,0.26666666666666666,0.0,0.2
2025-06-13,777527,10,3,0,19,5,36,HOU,0.3,0.0,0.2631578947368421
2025-06-14,777510,7,5,1,14,6,38,HOU,0.7142857142857143,0.14285714285714285,0.42857142857142855
2025-06-15,777494,11,3,0,24,11,37,HOU,0.2727272727272727,0.0,0.4583333333333333
2025-06-16,777485,12,2,1,26,7,43,HOU,0.16666666666666666,0.08333333333333333,0.2692307692307692
2025-06-17,777469,9,1,0,17,7,30,HOU,0.1111111111111111,0.0,0.4117647058823529
2025-06-18,777456,13,4,1,23,3,51,HOU,0.3076923076923077,0.07692307692307693,0.13043478260869565
2025-06-19,777441,18,7,2,35,8,71,HOU,0.3888888888888889,0.1111111111111111,0.22857142857142856
2025-06-20,777428,22,8,1,44,16,93,HOU,0.36363636363636365,0.045454545454545456,0.36363636363636365
2025-06-21,777414,10,3,2,20,6,49,HOU,0.3,0.2,0.3
2025-06-22,777397,15,6,1,30,14,55,HOU,0.4,0.06666666666666667,0.4666666666666667
2025-06-24,777377,7,3,0,15,7,26,HOU,0.42857142857142855,0.0,0.4666666666666667
2025-06-25,777366,15,6,0,36,3,62,HOU,0.4,0.0,0.08333333333333333
2025-06-26,777350,8,5,1,24,10,44,HOU,0.625,0.125,0.4166666666666667
2025-06-27,777336,14,4,2,29,6,57,HOU,0.2857142857142857,0.14285714285714285,0.20689655172413793
2025-06-28,777320,25,4,0,36,4,81,HOU,0.16,0.0,0.1111111111111111
2025-06-29,777308,9,5,0,19,12,34,HOU,0.5555555555555556,0.0,0.631578947368421
2025-07-01,777285,16,7,0,35,11,59,HOU,0.4375,0.0,0.3142857142857143
2025-07-02,777269,12,3,0,30,12,42,HOU,0.25,0.0,0.4
2025-07-03,777264,12,0,1,22,4,45,HOU,0.0,0.08333333333333333,0.18181818181818182
2025-07-04,777235,14,2,2,28,6,57,HOU,0.14285714285714285,0.14285714285714285,0.21428571428571427
2025-07-05,777221,12,4,1,21,7,46,HOU,0.3333333333333333,0.08333333333333333,0.3333333333333333
2025-07-06,777206,12,6,0,20,7,48,HOU,0.5,0.0,0.35
2025-07-07,777202,14,3,1,24,8,56,HOU,0.21428571428571427,0.07142857142857142,0.3333333333333333
2025-07-08,777192,17,3,2,26,9,63,HOU,0.17647058823529413,0.11764705882352941,0.34615384615384615
2025-07-09,777174,13,0,1,19,3,40,HOU,0.0,0.07692307692307693,0.15789473684210525
2025-07-11,777154,26,7,2,52,9,100,HOU,0.2692307692307692,0.07692307692307693,0.17307692307692307
2025-07-12,777137,19,9,0,48,16,84,HOU,0.47368421052631576,0.0,0.3333333333333333
2025-07-13,777125,15,2,1,23,3,40,HOU,0.13333333333333333,0.06666666666666667,0.13043478260869565
2025-07-18,777099,12,2,2,23,9,51,HOU,0.16666666666666666,0.16666666666666666,0.391304347826087
2025-07-19,777086,29,8,3,64,26,127,HOU,0.27586206896551724,0.10344827586206896,0.40625
2025-07-20,777067,19,6,0,34,10,74,HOU,0.3157894736842105,0.0,0.29411764705882354
2025-07-21,777055,15,1,5,20,1,55,HOU,0.06666666666666667,0.3333333333333333,0.05
2025-07-22,777040,8,2,0,14,4,24,HOU,0.25,0.0,0.2857142857142857
2025-07-23,777032,11,2,1,19,5,39,HOU,0.18181818181818182,0.09090909090909091,0.2631578947368421
2025-07-24,777025,10,1,1,16,3,41,HOU,0.1,0.1,0.1875
2025-07-25,777007,30,7,5,56,17,114,HOU,0.23333333333333334,0.16666666666666666,0.30357142857142855
2025-07-26,776991,18,5,2,31,10,69,HOU,0.2777777777777778,0.1111111111111111,0.3225806451612903
2025-07-27,776976,17,3,0,38,9,62,HOU,0.17647058823529413,0.0,0.23684210526315788
2025-07-28,776969,12,7,2,21,12,50,HOU,0.5833333333333334,0.16666666666666666,0.5714285714285714
2025-07-29,776950,19,8,1,43,18,80,HOU,0.42105263157894735,0.05263157894736842,0.4186046511627907
2025-07-30,776937,13,4,3,25,11,62,HOU,0.3076923076923077,0.23076923076923078,0.44
2025-08-01,776922,10,1,1,22,6,42,HOU,0.1,0.1,0.2727272727272727
2025-08-02,776909,16,6,1,26,6,61,HOU,0.375,0.0625,0.23076923076923078
2025-08-03,776895,8,2,1,22,6,41,HOU,0.25,0.125,0.2727272727272727
2025-08-04,776875,13,4,1,27,6,59,HOU,0.3076923076923077,0.07692307692307693,0.2222222222222222
2025-08-05,776862,30,7,4,52,12,114,HOU,0.23333333333333334,0.13333333333333333,0.23076923076923078
2025-08-06,776849,19,2,4,27,6,75,HOU,0.10526315789473684,0.21052631578947367,0.2222222222222222
2025-08-08,776835,16,4,1,37,12,62,HOU,0.25,0.0625,0.32432432432432434
2025-08-09,776815,8,1,0,13,4,25,HOU,0.125,0.0,0.3076923076923077
2025-08-10,776797,13,4,2,14,4,42,HOU,0.3076923076923077,0.15384615384615385,0.2857142857142857
2025-08-11,776782,19,3,0,33,8,63,HOU,0.15789473684210525,0.0,0.24242424242424243
2025-08-12,776769,29,2,3,44,4,106,HOU,0.06896551724137931,0.10344827586206896,0.09090909090909091
2025-08-13,776753,9,5,0,24,14,40,HOU,0.5555555555555556,0.0,0.5833333333333334
2025-08-15,776733,11,1,0,18,4,42,HOU,0.09090909090909091,0.0,0.2222222222222222
2025-08-16,776722,23,8,2,39,17,86,HOU,0.34782608695652173,0.08695652173913043,0.4358974358974359
2025-08-17,776705,33,2,5,59,9,139,HOU,0.06060606060606061,0.15151515151515152,0.15254237288135594
2025-08-18,776692,18,3,3,24,6,69,HOU,0.16666666666666666,0.16666666666666666,0.25
2025-08-19,776685,15,3,2,27,7,68,HOU,0.2,0.13333333333333333,0.25925925925925924
2025-08-20,776673,9,3,0,20,4,36,HOU,0.3333333333333333,0.0,0.2
2025-08-21,776655,14,4,2,23,3,50,HOU,0.2857142857142857,0.14285714285714285,0.13043478260869565
2025-08-22,776643,24,7,1,46,19,87,HOU,0.2916666666666667,0.041666666666666664,0.41304347826086957
2025-08-23,776629,28,8,1,58,17,116,HOU,0.2857142857142857,0.03571428571428571,0.29310344827586204
2025-08-24,776612,9,3,1,13,6,39,HOU,0.3333333333333333,0.1111111111111111,0.46153846153846156
2025-08-26,776587,7,4,1,13,8,29,HOU,0.5714285714285714,0.14285714285714285,0.6153846153846154
2025-08-27,776571,7,4,0,13,6,24,HOU,0.5714285714285714,0.0,0.46153846153846156
2025-08-28,776555,15,5,3,23,8,58,HOU,0.3333333333333333,0.2,0.34782608695652173
2025-08-29,776543,14,5,3,18,7,57,HOU,0.35714285714285715,0.21428571428571427,0.3888888888888889
2025-08-30,776531,15,6,2,27,9,60,HOU,0.4,0.13333333333333333,0.3333333333333333
2025-08-31,776510,15,4,2,28,9,65,HOU,0.26666666666666666,0.13333333333333333,0.32142857142857145
2025-09-01,776499,13,4,0,31,7,55,HOU,0.3076923076923077,0.0,0.22580645161290322
2025-09-02,776489,16,5,1,33,11,74,HOU,0.3125,0.0625,0.3333333333333333
2025-09-03,776472,17,4,0,33,11,63,HOU,0.23529411764705882,0.0,0.3333333333333333
2025-09-04,776464,20,4,4,36,8,81,HOU,0.2,0.2,0.2222222222222222
2025-09-05,776449,29,10,4,51,16,115,HOU,0.3448275862068966,0.13793103448275862,0.3137254901960784
2025-09-06,776432,10,3,1,19,7,40,HOU,0.3,0.1,0.3684210526315789
2025-09-07,776418,4,0,1,5,1,20,HOU,0.0,0.25,0.2
2025-09-09,776393,35,9,4,62,22,127,HOU,0.2571428571428571,0.11428571428571428,0.3548387096774194
2025-09-10,776385,10,3,0,21,9,37,HOU,0.3,0.0,0.42857142857142855
2025-09-11,776369,10,0,1,12,1,30,HOU,0.0,0.1,0.08333333333333333
2025-09-12,776360,24,4,2,47,7,100,HOU,0.16666666666666666,0.08333333333333333,0.14893617021276595
2025-09-13,776346,9,3,0,26,7,45,HOU,0.3333333333333333,0.0,0.2692307692307692
2025-09-14,776329,19,5,2,42,9,85,HOU,0.2631578947368421,0.10526315789473684,0.21428571428571427
2025-09-15,776319,17,3,1,32,6,55,HOU,0.17647058823529413,0.058823529411764705,0.1875
2025-09-16,776301,29,4,4,62,13,128,HOU,0.13793103448275862,0.13793103448275862,0.20967741935483872
2025-09-17,776292,11,1,2,19,3,42,HOU,0.09090909090909091,0.18181818181818182,0.15789473684210525
2025-09-19,776262,12,1,0,28,6,53,HOU,0.08333333333333333,0.0,0.21428571428571427
2025-09-20,776248,17,5,1,35,9,64,HOU,0.29411764705882354,0.058823529411764705,0.2571428571428571
2025-09-21,776228,24,6,1,51,14,98,HOU,0.25,0.041666666666666664,0.27450980392156865
2025-09-23,776208,15,3,2,28,6,56,HOU,0.2,0.13333333333333333,0.21428571428571427
2025-09-24,776195,12,2,1,18,5,41,HOU,0.16666666666666666,0.08333333333333333,0.2777777777777778
2025-09-25,776182,12,2,1,15,4,40,HOU,0.16666666666666666,0.08333333333333333,0.26666666666666666
2025-09-26,776169,15,0,2,22,1,57,HOU,0.0,0.13333333333333333,0.045454545454545456
2025-09-27,776155,18,9,1,37,14,88,HOU,0.5,0.05555555555555555,0.3783783783783784
2025-09-28,776135,23,5,1,48,11,92,HOU,0.21739130434782608,0.043478260869565216,0.22916666666666666
2025-03-27,778558,20,2,0,34,3,73,KC,0.1,0.0,0.08823529411764706
2025-03-29,778529,13,1,1,22,1,51,KC,0.07692307692307693,0.07692307692307693,0.045454545454545456
2025-03-30,778510,24,4,2,42,10,108,KC,0.16666666666666666,0.08333333333333333,0.23809523809523808
2025-03-31,778504,12,3,1,24,5,49,KC,0.25,0.08333333333333333,0.20833333333333334
2025-04-01,778488,9,1,0,18,2,33,KC,0.1111111111111111,0.0,0.1111111111111111
2025-04-02,778477,24,7,3,49,10,116,KC,0.2916666666666667,0.125,0.20408163265306123
2025-04-04,778455,10,3,1,25,8,47,KC,0.3,0.1,0.32
2025-04-05,778441,19,2,4,29,2,80,KC,0.10526315789473684,0.21052631578947367,0.06896551724137931
2025-04-06,778422,7,4,0,14,4,32,KC,0.5714285714285714,0.0,0.2857142857142857
2025-04-07,778412,13,2,2,30,5,61,KC,0.15384615384615385,0.15384615384615385,0.16666666666666666
2025-04-08,778400,11,1,0,20,3,46,KC,0.09090909090909091,0.0,0.15
2025-04-09,778388,12,4,0,27,6,53,KC,0.3333333333333333,0.0,0.2222222222222222
2025-04-10,778373,16,4,2,22,4,59,KC,0.25,0.125,0.18181818181818182
2025-04-11,778375,13,1,2,20,3,45,KC,0.07692307692307693,0.15384615384615385,0.15
2025-04-12,778359,12,3,3,21,9,55,KC,0.25,0.25,0.42857142857142855
2025-04-13,778342,5,4,0,12,5,26,KC,0.8,0.0,0.4166666666666667
2025-04-14,778327,6,2,0,16,4,27,KC,0.3333333333333333,0.0,0.25
2025-04-15,778312,13,5,4,20,7,59,KC,0.38461538461538464,0.3076923076923077,0.35
2025-04-16,778300,9,3,0,11,2,32,KC,0.3333333333333333,0.0,0.18181818181818182
2025-04-17,778286,17,3,2,30,10,66,KC,0.17647058823529413,0.11764705882352941,0.3333333333333333
2025-04-18,778277,17,3,0,31,4,66,KC,0.17647058823529413,0.0,0.12903225806451613
2025-04-19,778265,5,0,1,6,1,12,KC,0.0,0.2,0.16666666666666666
2025-04-20,778246,18,3,1,27,4,73,KC,0.16666666666666666,0.05555555555555555,0.14814814814814814
2025-04-22,778215,18,1,6,32,4,74,KC,0.05555555555555555,0.3333333333333333,0.125
2025-04-24,778190,19,3,1,39,3,76,KC,0.15789473684210525,0.05263157894736842,0.07692307692307693
2025-04-24,778195,13,2,0,19,6,34,KC,0.15384615384615385,0.0,0.3157894736842105
2025-04-25,778187,3,1,0,5,1,13,KC,0.3333333333333333,0.0,0.2
2025-04-26,778167,11,2,0,21,4,32,KC,0.18181818181818182,0.0,0.19047619047619047
2025-04-27,778152,16,3,0,27,6,57,KC,0.1875,0.0,0.2222222222222222
2025-04-29,778128,13,4,0,22,6,51,KC,0.3076923076923077,0.0,0.2727272727272727
2025-04-30,778113,12,1,0,27,1,51,KC,0.08333333333333333,0.0,0.037037037037037035
2025-05-01,778097,12,2,0,19,6,37,KC,0.16666666666666666,0.0,0.3157894736842105
2025-05-02,778093,6,1,0,9,2,21,KC,0.16666666666666666,0.0,0.2222222222222222
2025-05-03,778072,15,4,1,27,7,56,KC,0.26666666666666666,0.06666666666666667,0.25925925925925924
2025-05-04,778062,18,1,1,24,4,52,KC,0.05555555555555555,0.05555555555555555,0.16666666666666666
2025-05-05,778043,14,3,0,24,4,46,KC,0.21428571428571427,0.0,0.16666666666666666
2025-05-06,778033,10,2,0,20,2,36,KC,0.2,0.0,0.1
2025-05-07,778012,9,5,0,26,9,38,KC,0.5555555555555556,0.0,0.34615384615384615
2025-05-08,778008,6,3,0,11,4,27,KC,0.5,0.0,0.36363636363636365
2025-05-09,777990,18,3,0,39,9,66,KC,0.16666666666666666,0.0,0.23076923076923078
2025-05-10,777977,22,4,2,47,9,90,KC,0.18181818181818182,0.09090909090909091,0.19148936170212766
2025-05-11,777965,12,3,0,20,6,42,KC,0.25,0.0,0.3
2025-05-12,777948,13,4,1,22,5,48,KC,0.3076923076923077,0.07692307692307693,0.22727272727272727
2025-05-13,777931,5,1,0,9,3,14,KC,0.2,0.0,0.3333333333333333
2025-05-14,777920,4,1,1,7,1,13,KC,0.25,0.25,0.14285714285714285
2025-05-16,777901,21,1,1,45,5,83,KC,0.047619047619047616,0.047619047619047616,0.1111111111111111
2025-05-17,777885,8,1,0,11,1,20,KC,0.125,0.0,0.09090909090909091
2025-05-18,777864,18,1,1,25,2,63,KC,0.05555555555555555,0.05555555555555555,0.08
2025-05-19,777855,10,2,0,18,3,32,KC,0.2,0.0,0.16666666666666666
2025-05-20,777836,12,3,2,15,5,44,KC,0.25,0.16666666666666666,0.3333333333333333
2025-05-21,777819,32,5,3,67,14,136,KC,0.15625,0.09375,0.208955223880597
2025-05-23,777799,7,3,0,15,4,26,KC,0.42857142857142855,0.0,0.26666666666666666
2025-05-24,777788,16,2,2,29,4,63,KC,0.125,0.125,0.13793103448275862
2025-05-25,777772,11,3,1,23,4,44,KC,0.2727272727272727,0.09090909090909091,0.17391304347826086
2025-05-26,777760,16,6,0,28,4,63,KC,0.375,0.0,0.14285714285714285
2025-05-27,777750,30,7,4,55,11,128,KC,0.23333333333333334,0.13333333333333333,0.2
2025-05-28,777733,10,3,0,18,3,40,KC,0.3,0.0,0.16666666666666666
2025-05-30,777711,24,9,1,53,18,108,KC,0.375,0.041666666666666664,0.33962264150943394
2025-05-31,777694,8,2,1,19,2,35,KC,0.25,0.125,0.10526315789473684
2025-06-01,777677,8,1,1,13,4,35,KC,0.125,0.125,0.3076923076923077
2025-06-03,777660,28,6,4,46,10,110,KC,0.21428571428571427,0.14285714285714285,0.21739130434782608
2025-06-05,777635,21,9,1,38,12,76,KC,0.42857142857142855,0.047619047619047616,0.3157894736842105
2025-06-05,777642,19,0,0,32,3,70,KC,0.0,0.0,0.09375
2025-06-06,777618,17,1,5,27,5,63,KC,0.058823529411764705,0.29411764705882354,0.18518518518518517
2025-06-07,777606,9,4,0,18,6,33,KC,0.4444444444444444,0.0,0.3333333333333333
2025-06-08,777590,15,4,3,28,4,69,KC,0.26666666666666666,0.2,0.14285714285714285
2025-06-10,777572,21,3,2,43,5,94,KC,0.14285714285714285,0.09523809523809523,0.11627906976744186
2025-06-11,777551,16,4,1,31,10,60,KC,0.25,0.0625,0.3225806451612903
2025-06-12,777536,14,5,1,34,11,64,KC,0.35714285714285715,0.07142857142857142,0.3235294117647059
2025-06-13,777529,14,3,1,22,4,50,KC,0.21428571428571427,0.07142857142857142,0.18181818181818182
2025-06-14,777511,11,0,0,17,1,36,KC,0.0,0.0,0.058823529411764705
2025-06-15,777496,18,3,2,40,7,88,KC,0.16666666666666666,0.1111111111111111,0.175
2025-06-17,777468,11,5,0,27,9,53,KC,0.45454545454545453,0.0,0.3333333333333333
2025-06-18,777460,13,3,0,23,6,45,KC,0.23076923076923078,0.0,0.2608695652173913
2025-06-19,777443,10,2,0,17,4,33,KC,0.2,0.0,0.23529411764705882
2025-06-20,777426,19,0,2,37,4,79,KC,0.0,0.10526315789473684,0.10810810810810811
2025-06-21,777413,11,3,1,17,5,35,KC,0.2727272727272727,0.09090909090909091,0.29411764705882354
2025-06-22,777396,13,2,3,22,5,50,KC,0.15384615384615385,0.23076923076923078,0.22727272727272727
2025-06-24,777378,13,1,1,18,2,50,KC,0.07692307692307693,0.07692307692307693,0.1111111111111111
2025-06-25,777359,9,2,0,11,1,23,KC,0.2222222222222222,0.0,0.09090909090909091
2025-06-26,777353,12,3,1,23,3,53,KC,0.25,0.08333333333333333,0.13043478260869565
2025-06-27,777335,17,5,1,26,5,60,KC,0.29411764705882354,0.058823529411764705,0.19230769230769232
2025-06-28,777319,17,4,1,27,9,56,KC,0.23529411764705882,0.058823529411764705,0.3333333333333333
2025-06-29,777304,16,2,1,29,7,58,KC,0.125,0.0625,0.2413793103448276
2025-06-30,777297,14,2,1,22,7,54,KC,0.14285714285714285,0.07142857142857142,0.3181818181818182
2025-07-01,777281,15,2,3,27,4,62,KC,0.13333333333333333,0.2,0.14814814814814814
2025-07-02,777262,15,2,0,23,5,47,KC,0.13333333333333333,0.0,0.21739130434782608
2025-07-03,777251,12,4,0,25,6,55,KC,0.3333333333333333,0.0,0.24
2025-07-04,777248,9,2,1,19,6,39,KC,0.2222222222222222,0.1111111111111111,0.3157894736842105
2025-07-05,777234,19,3,2,35,7,70,KC,0.15789473684210525,0.10526315789473684,0.2
2025-07-06,777218,8,2,0,15,5,28,KC,0.25,0.0,0.3333333333333333
2025-07-07,777204,9,1,2,16,3,31,KC,0.1111111111111111,0.2222222222222222,0.1875
2025-07-08,777194,13,2,2,17,2,46,KC,0.15384615384615385,0.15384615384615385,0.11764705882352941
2025-07-09,777177,12,3,0,25,8,48,KC,0.25,0.0,0.32
2025-07-11,777151,22,7,4,35,11,91,KC,0.3181818181818182,0.18181818181818182,0.3142857142857143
2025-07-12,777136,31,10,1,48,13,117,KC,0.3225806451612903,0.03225806451612903,0.2708333333333333
2025-07-13,777124,10,1,1,17,3,34,KC,0.1,0.1,0.17647058823529413
2025-07-18,777109,15,4,1,29,7,57,KC,0.26666666666666666,0.06666666666666667,0.2413793103448276
2025-07-19,777093,14,2,2,18,5,49,KC,0.14285714285714285,0.14285714285714285,0.2777777777777778
2025-07-20,777082,21,4,3,32,7,74,KC,0.19047619047619047,0.14285714285714285,0.21875
2025-07-21,777065,12,1,2,18,6,47,KC,0.08333333333333333,0.16666666666666666,0.3333333333333333
2025-07-22,777047,14,5,1,23,3,58,KC,0.35714285714285715,0.07142857142857142,0.13043478260869565
2025-07-23,777031,12,1,1,19,2,38,KC,0.08333333333333333,0.08333333333333333,0.10526315789473684
2025-07-26,776990,24,5,0,55,6,107,KC,0.20833333333333334,0.0,0.10909090909090909
2025-07-26,777010,22,6,3,36,11,80,KC,0.2727272727272727,0.13636363636363635,0.3055555555555556
2025-07-27,776975,16,3,0,22,3,56,KC,0.1875,0.0,0.13636363636363635
2025-07-28,776971,29,1,7,39,6,103,KC,0.034482758620689655,0.2413793103448276,0.15384615384615385
2025-07-29,776955,18,2,1,36,4,74,KC,0.1111111111111111,0.05555555555555555,0.1111111111111111
2025-07-30,776936,32,10,1,72,27,141,KC,0.3125,0.03125,0.375
2025-08-01,776920,5,1,0,9,2,19,KC,0.2,0.0,0.2222222222222222
2025-08-02,776900,7,1,1,12,1,31,KC,0.14285714285714285,0.14285714285714285,0.08333333333333333
2025-08-03,776893,22,5,2,39,11,88,KC,0.22727272727272727,0.09090909090909091,0.28205128205128205
2025-08-04,776880,15,3,1,37,7,69,KC,0.2,0.06666666666666667,0.1891891891891892
2025-08-05,776864,16,0,2,20,1,52,KC,0.0,0.125,0.05
2025-08-06,776856,12,4,1,30,8,53,KC,0.3333333333333333,0.08333333333333333,0.26666666666666666
2025-08-08,776827,17,2,1,40,6,78,KC,0.11764705882352941,0.058823529411764705,0.15
2025-08-09,776816,12,5,0,26,5,56,KC,0.4166666666666667,0.0,0.19230769230769232
2025-08-10,776796,18,4,0,19,1,61,KC,0.2222222222222222,0.0,0.05263157894736842
2025-08-11,776784,22,4,1,37,8,73,KC,0.18181818181818182,0.045454545454545456,0.21621621621621623
2025-08-12,776770,15,1,0,31,5,54,KC,0.06666666666666667,0.0,0.16129032258064516
2025-08-13,776759,21,4,2,28,7,71,KC,0.19047619047619047,0.09523809523809523,0.25
2025-08-15,776728,10,5,0,26,7,42,KC,0.5,0.0,0.2692307692307692
2025-08-16,776712,20,4,1,41,11,82,KC,0.2,0.05,0.2682926829268293
2025-08-17,776702,16,3,2,26,2,56,KC,0.1875,0.125,0.07692307692307693
2025-08-18,776690,12,2,0,29,5,49,KC,0.16666666666666666,0.0,0.1724137931034483
2025-08-19,776675,10,0,2,17,3,40,KC,0.0,0.2,0.17647058823529413
2025-08-20,776666,23,1,2,29,2,80,KC,0.043478260869565216,0.08695652173913043,0.06896551724137931
2025-08-21,776657,15,6,0,26,9,61,KC,0.4,0.0,0.34615384615384615
2025-08-22,776649,17,2,1,44,8,74,KC,0.11764705882352941,0.058823529411764705,0.18181818181818182
2025-08-23,776625,8,2,1,16,1,36,KC,0.25,0.125,0.0625
2025-08-24,776615,18,5,0,35,10,68,KC,0.2777777777777778,0.0,0.2857142857142857
2025-08-25,776599,13,1,1,27,3,50,KC,0.07692307692307693,0.07692307692307693,0.1111111111111111
2025-08-26,776583,14,5,0,33,8,64,KC,0.35714285714285715,0.0,0.24242424242424243
2025-08-27,776569,11,2,1,15,2,42,KC,0.18181818181818182,0.09090909090909091,0.13333333333333333
2025-08-29,776540,18,6,0,45,13,82,KC,0.3333333333333333,0.0,0.28888888888888886
2025-08-30,776528,12,1,0,34,5,59,KC,0.08333333333333333,0.0,0.14705882352941177
2025-08-31,776512,20,5,2,42,9,96,KC,0.25,0.1,0.21428571428571427
2025-09-02,776488,14,3,0,28,6,49,KC,0.21428571428571427,0.0,0.21428571428571427
2025-09-03,776466,17,3,1,31,6,66,KC,0.17647058823529413,0.058823529411764705,0.1935483870967742
2025-09-04,776463,13,6,1,27,13,58,KC,0.46153846153846156,0.07692307692307693,0.48148148148148145
2025-09-05,776446,13,1,2,18,1,47,KC,0.07692307692307693,0.15384615384615385,0.05555555555555555
2025-09-06,776434,8,3,1,12,2,31,KC,0.375,0.125,0.16666666666666666
2025-09-07,776422,15,7,2,22,10,69,KC,0.4666666666666667,0.13333333333333333,0.45454545454545453
2025-09-08,776413,22,7,3,43,13,104,KC,0.3181818181818182,0.13636363636363635,0.3023255813953488
2025-09-09,776403,4,1,1,7,1,25,KC,0.25,0.25,0.14285714285714285
2025-09-10,776382,28,3,4,43,7,108,KC,0.10714285714285714,0.14285714285714285,0.16279069767441862
2025-09-11,776370,6,1,0,10,1,18,KC,0.16666666666666666,0.0,0.1
2025-09-12,776354,19,4,2,39,8,85,KC,0.21052631578947367,0.10526315789473684,0.20512820512820512
2025-09-13,776342,20,3,1,35,9,68,KC,0.15,0.05,0.2571428571428571
2025-09-14,776334,8,0,1,12,1,26,KC,0.0,0.125,0.08333333333333333
2025-09-16,776302,28,5,4,56,10,127,KC,0.17857142857142858,0.14285714285714285,0.17857142857142858
2025-09-17,776289,23,3,0,44,10,91,KC,0.13043478260869565,0.0,0.22727272727272727
2025-09-18,776272,7,0,0,10,2,23,KC,0.0,0.0,0.2
2025-09-19,776260,4,1,0,8,1,14,KC,0.25,0.0,0.125
2025-09-20,776245,10,0,2,21,4,44,KC,0.0,0.2,0.19047619047619047
2025-09-21,776229,17,1,1,30,8,58,KC,0.058823529411764705,0.058823529411764705,0.26666666666666666
2025-09-23,776207,15,3,2,27,9,61,KC,0.2,0.13333333333333333,0.3333333333333333
2025-09-24,776197,8,4,1,18,7,35,KC,0.5,0.125,0.3888888888888889
2025-09-25,776178,12,4,0,23,5,53,KC,0.3333333333333333,0.0,0.21739130434782608
2025-09-26,776172,15,3,0,25,6,54,KC,0.2,0.0,0.24
2025-09-27,776154,13,2,0,25,3,53,KC,0.15384615384615385,0.0,0.12
2025-09-28,776138,21,6,2,37,9,80,KC,0.2857142857142857,0.09523809523809523,0.24324324324324326
2025-03-27,778554,12,1,2,15,4,44,LAA,0.08333333333333333,0.16666666666666666,0.26666666666666666
2025-03-29,778534,8,2,2,20,4,38,LAA,0.25,0.25,0.2
2025-03-30,778527,13,2,2,25,8,48,LAA,0.15384615384615385,0.15384615384615385,0.32
2025-03-31,778503,23,5,2,42,6,103,LAA,0.21739130434782608,0.08695652173913043,0.14285714285714285
2025-04-01,778495,23,5,2,33,11,85,LAA,0.21739130434782608,0.08695652173913043,0.3333333333333333
2025-04-02,778473,17,3,2,34,7,71,LAA,0.17647058823529413,0.11764705882352941,0.20588235294117646
2025-04-04,778447,19,2,3,35,9,82,LAA,0.10526315789473684,0.15789473684210525,0.2571428571428571
2025-04-05,778437,15,3,1,27,8,56,LAA,0.2,0.06666666666666667,0.2962962962962963
2025-04-06,778425,14,5,0,26,12,43,LAA,0.35714285714285715,0.0,0.46153846153846156
2025-04-08,778417,22,7,2,43,16,92,LAA,0.3181818181818182,0.09090909090909091,0.37209302325581395
2025-04-09,778399,7,2,0,9,1,22,LAA,0.2857142857142857,0.0,0.1111111111111111
2025-04-10,778382,4,1,0,8,4,12,LAA,0.25,0.0,0.5
2025-04-11,778368,25,2,5,35,8,86,LAA,0.08,0.2,0.22857142857142856
2025-04-12,778351,12,4,0,24,8,42,LAA,0.3333333333333333,0.0,0.3333333333333333
2025-04-13,778329,16,2,2,35,8,72,LAA,0.125,0.125,0.22857142857142856
2025-04-15,778306,11,2,0,24,5,47,LAA,0.18181818181818182,0.0,0.20833333333333334
2025-04-16,778289,8,3,0,17,5,26,LAA,0.375,0.0,0.29411764705882354
2025-04-17,778281,12,4,0,29,6,49,LAA,0.3333333333333333,0.0,0.20689655172413793
2025-04-18,778260,11,2,1,27,5,51,LAA,0.18181818181818182,0.09090909090909091,0.18518518518518517
2025-04-19,778243,14,2,1,20,4,49,LAA,0.14285714285714285,0.07142857142857142,0.2
2025-04-20,778232,17,3,4,35,9,79,LAA,0.17647058823529413,0.23529411764705882,0.2571428571428571
2025-04-22,778211,28,4,3,50,11,113,LAA,0.14285714285714285,0.10714285714285714,0.22
2025-04-23,778202,13,5,1,23,9,55,LAA,0.38461538461538464,0.07692307692307693,0.391304347826087
2025-04-24,778191,13,4,1,28,8,60,LAA,0.3076923076923077,0.07692307692307693,0.2857142857142857
2025-04-25,778186,21,3,3,33,5,78,LAA,0.14285714285714285,0.14285714285714285,0.15151515151515152
2025-04-26,778166,23,8,1,43,15,92,LAA,0.34782608695652173,0.043478260869565216,0.3488372093023256
2025-04-27,778144,13,3,0,22,5,57,LAA,0.23076923076923078,0.0,0.22727272727272727
2025-04-29,778121,9,0,2,14,2,39,LAA,0.0,0.2222222222222222,0.14285714285714285
2025-04-30,778104,14,1,1,24,2,51,LAA,0.07142857142857142,0.07142857142857142,0.08333333333333333
2025-05-01,778101,22,5,2,39,13,91,LAA,0.22727272727272727,0.09090909090909091,0.3333333333333333
2025-05-02,778085,18,3,1,36,7,64,LAA,0.16666666666666666,0.05555555555555555,0.19444444444444445
2025-05-03,778067,6,0,0,14,1,23,LAA,0.0,0.0,0.07142857142857142
2025-05-04,778050,25,7,2,34,9,86,LAA,0.28,0.08,0.2647058823529412
2025-05-06,778025,10,4,0,18,3,43,LAA,0.4,0.0,0.16666666666666666
2025-05-07,778009,16,2,1,23,4,49,LAA,0.125,0.0625,0.17391304347826086
2025-05-08,778000,20,5,2,41,8,87,LAA,0.25,0.1,0.1951219512195122
2025-05-09,777986,16,5,1,38,9,74,LAA,0.3125,0.0625,0.23684210526315788
2025-05-10,777973,12,3,0,29,7,52,LAA,0.25,0.0,0.2413793103448276
2025-05-11,777961,19,4,3,36,12,76,LAA,0.21052631578947367,0.15789473684210525,0.3333333333333333
2025-05-12,777947,11,2,0,23,0,46,LAA,0.18181818181818182,0.0,0.0
2025-05-13,777932,10,2,5,17,7,47,LAA,0.2,0.5,0.4117647058823529
2025-05-14,777914,13,4,3,21,10,51,LAA,0.3076923076923077,0.23076923076923078,0.47619047619047616
2025-05-16,777899,9,2,1,12,1,30,LAA,0.2222222222222222,0.1111111111111111,0.08333333333333333
2025-05-17,777884,24,3,5,48,8,102,LAA,0.125,0.20833333333333334,0.16666666666666666
2025-05-18,777866,13,4,0,27,7,54,LAA,0.3076923076923077,0.0,0.25925925925925924
2025-05-19,777853,11,2,1,14,2,42,LAA,0.18181818181818182,0.09090909090909091,0.14285714285714285
2025-05-20,777843,13,3,0,28,9,55,LAA,0.23076923076923078,0.0,0.32142857142857145
2025-05-21,777828,20,2,1,35,7,76,LAA,0.1,0.05,0.2
2025-05-22,777812,17,4,4,30,9,67,LAA,0.23529411764705882,0.23529411764705882,0.3
2025-05-23,777798,19,4,2,32,10,68,LAA,0.21052631578947367,0.10526315789473684,0.3125
2025-05-24,777781,21,5,4,30,8,78,LAA,0.23809523809523808,0.19047619047619047,0.26666666666666666
2025-05-25,777767,10,3,1,24,7,44,LAA,0.3,0.1,0.2916666666666667
2025-05-26,777763,10,2,1,20,8,41,LAA,0.2,0.1,0.4
2025-05-27,777745,14,4,3,29,7,69,LAA,0.2857142857142857,0.21428571428571427,0.2413793103448276
2025-05-28,777728,15,9,0,32,13,68,LAA,0.6,0.0,0.40625
2025-05-30,777721,14,3,3,26,6,56,LAA,0.21428571428571427,0.21428571428571427,0.23076923076923078
2025-05-31,777703,12,0,1,31,6,59,LAA,0.0,0.08333333333333333,0.1935483870967742
2025-06-01,777683,17,3,2,38,9,67,LAA,0.17647058823529413,0.11764705882352941,0.23684210526315788
2025-06-02,777670,19,5,1,44,7,83,LAA,0.2631578947368421,0.05263157894736842,0.1590909090909091
2025-06-03,777667,17,5,1,35,11,70,LAA,0.29411764705882354,0.058823529411764705,0.3142857142857143
2025-06-04,777649,21,3,2,43,7,95,LAA,0.14285714285714285,0.09523809523809523,0.16279069767441862
2025-06-06,777614,10,3,1,15,6,36,LAA,0.3,0.1,0.4
2025-06-07,777603,24,4,2,46,9,92,LAA,0.16666666666666666,0.08333333333333333,0.1956521739130435
2025-06-08,777589,16,5,0,33,13,60,LAA,0.3125,0.0,0.3939393939393939
2025-06-09,777576,10,0,1,17,3,33,LAA,0.0,0.1,0.17647058823529413
2025-06-10,777564,11,2,0,24,7,40,LAA,0.18181818181818182,0.0,0.2916666666666667
2025-06-11,777542,14,4,2,25,6,55,LAA,0.2857142857142857,0.14285714285714285,0.24
2025-06-13,777539,16,4,2,33,7,68,LAA,0.25,0.125,0.21212121212121213
2025-06-14,777519,12,2,0,24,0,45,LAA,0.16666666666666666,0.0,0.0
2025-06-15,777501,13,4,0,24,10,44,LAA,0.3076923076923077,0.0,0.4166666666666667
2025-06-16,777487,16,4,0,32,6,61,LAA,0.25,0.0,0.1875
2025-06-17,777476,10,3,1,16,4,41,LAA,0.3,0.1,0.25
2025-06-18,777466,14,2,1,27,6,50,LAA,0.14285714285714285,0.07142857142857142,0.2222222222222222
2025-06-19,777449,10,2,1,19,4,42,LAA,0.2,0.1,0.21052631578947367
2025-06-20,777428,14,2,2,28,6,62,LAA,0.14285714285714285,0.14285714285714285,0.21428571428571427
2025-06-21,777414,8,3,1,13,5,26,LAA,0.375,0.125,0.38461538461538464
2025-06-22,777397,19,5,3,38,8,78,LAA,0.2631578947368421,0.15789473684210525,0.21052631578947367
2025-06-23,777381,16,9,0,30,14,60,LAA,0.5625,0.0,0.4666666666666667
2025-06-24,777376,20,4,1,31,5,78,LAA,0.2,0.05,0.16129032258064516
2025-06-25,777362,7,2,1,17,5,31,LAA,0.2857142857142857,0.14285714285714285,0.29411764705882354
2025-06-27,777331,29,4,3,45,10,100,LAA,0.13793103448275862,0.10344827586206896,0.2222222222222222
2025-06-28,777315,17,2,2,23,6,54,LAA,0.11764705882352941,0.11764705882352941,0.2608695652173913
2025-06-29,777305,31,5,1,47,9,105,LAA,0.16129032258064516,0.03225806451612903,0.19148936170212766
2025-07-01,777298,12,4,0,24,5,46,LAA,0.3333333333333333,0.0,0.20833333333333334
2025-07-02,777279,15,3,2,29,8,49,LAA,0.2,0.13333333333333333,0.27586206896551724
2025-07-03,777261,8,4,0,17,8,35,LAA,0.5,0.0,0.47058823529411764
2025-07-04,777242,14,5,1,32,7,62,LAA,0.35714285714285715,0.07142857142857142,0.21875
2025-07-05,777231,26,7,0,51,10,104,LAA,0.2692307692307692,0.0,0.19607843137254902
2025-07-06,777214,8,3,0,19,4,40,LAA,0.375,0.0,0.21052631578947367
2025-07-07,777200,16,4,1,30,6,56,LAA,0.25,0.0625,0.2
2025-07-08,777180,28,2,4,41,4,95,LAA,0.07142857142857142,0.14285714285714285,0.0975609756097561
2025-07-09,777171,21,2,1,54,9,92,LAA,0.09523809523809523,0.047619047619047616,0.16666666666666666
2025-07-10,777159,27,5,3,36,7,92,LAA,0.18518518518518517,0.1111111111111111,0.19444444444444445
2025-07-11,777150,14,3,0,26,7,54,LAA,0.21428571428571427,0.0,0.2692307692307692
2025-07-12,777131,15,3,3,34,8,69,LAA,0.2,0.2,0.23529411764705882
2025-07-13,777115,15,4,1,31,9,56,LAA,0.26666666666666666,0.06666666666666667,0.2903225806451613
2025-07-18,777106,32,5,3,57,9,119,LAA,0.15625,0.09375,0.15789473684210525
2025-07-19,777089,18,3,4,30,8,72,LAA,0.16666666666666666,0.2222222222222222,0.26666666666666666
2025-07-20,777078,6,1,0,10,1,22,LAA,0.16666666666666666,0.0,0.1
2025-07-21,777061,11,1,1,21,3,44,LAA,0.09090909090909091,0.09090909090909091,0.14285714285714285
2025-07-22,777054,16,5,3,27,10,65,LAA,0.3125,0.1875,0.37037037037037035
2025-07-23,777034,31,7,1,58,11,112,LAA,0.22580645161290322,0.03225806451612903,0.1896551724137931
2025-07-24,777018,16,7,1,30,14,57,LAA,0.4375,0.0625,0.4666666666666667
2025-07-25,777006,15,4,1,25,6,56,LAA,0.26666666666666666,0.06666666666666667,0.24
2025-07-26,776995,21,5,3,33,10,79,LAA,0.23809523809523808,0.14285714285714285,0.30303030303030304
2025-07-27,776977,10,4,1,28,9,47,LAA,0.4,0.1,0.32142857142857145
2025-07-28,776958,18,5,1,38,11,68,LAA,0.2777777777777778,0.05555555555555555,0.2894736842105263
2025-07-29,776945,14,3,0,29,8,51,LAA,0.21428571428571427,0.0,0.27586206896551724
2025-07-30,776932,14,3,1,26,4,57,LAA,0.21428571428571427,0.07142857142857142,0.15384615384615385
2025-08-01,776916,14,2,0,27,6,59,LAA,0.14285714285714285,0.0,0.2222222222222222
2025-08-02,776898,14,5,1,27,10,50,LAA,0.35714285714285715,0.07142857142857142,0.37037037037037035
2025-08-03,776885,11,2,2,19,7,41,LAA,0.18181818181818182,0.18181818181818182,0.3684210526315789
2025-08-04,776867,12,5,2,31,12,60,LAA,0.4166666666666667,0.16666666666666666,0.3870967741935484
2025-08-05,776848,17,7,1,41,14,70,LAA,0.4117647058823529,0.058823529411764705,0.34146341463414637
2025-08-06,776843,19,6,1,46,15,85,LAA,0.3157894736842105,0.05263157894736842,0.32608695652173914
2025-08-08,776832,13,3,3,30,5,63,LAA,0.23076923076923078,0.23076923076923078,0.16666666666666666
2025-08-09,776813,15,7,2,27,10,62,LAA,0.4666666666666667,0.13333333333333333,0.37037037037037035
2025-08-10,776806,19,3,4,37,6,85,LAA,0.15789473684210525,0.21052631578947367,0.16216216216216217
2025-08-11,776779,15,4,2,25,4,63,LAA,0.26666666666666666,0.13333333333333333,0.16
2025-08-12,776763,26,6,2,52,17,90,LAA,0.23076923076923078,0.07692307692307693,0.3269230769230769
2025-08-13,776752,21,7,3,47,11,102,LAA,0.3333333333333333,0.14285714285714285,0.23404255319148937
2025-08-15,776734,22,3,1,42,7,90,LAA,0.13636363636363635,0.045454545454545456,0.16666666666666666
2025-08-16,776718,20,5,3,30,6,81,LAA,0.25,0.15,0.2
2025-08-17,776699,19,4,3,35,10,72,LAA,0.21052631578947367,0.15789473684210525,0.2857142857142857
2025-08-18,776681,14,5,0,28,8,59,LAA,0.35714285714285715,0.0,0.2857142857142857
2025-08-19,776668,12,3,1,14,3,42,LAA,0.25,0.08333333333333333,0.21428571428571427
2025-08-20,776652,7,3,1,15,11,27,LAA,0.42857142857142855,0.14285714285714285,0.7333333333333333
2025-08-22,776640,16,5,2,33,10,68,LAA,0.3125,0.125,0.30303030303030304
2025-08-23,776618,25,2,1,36,7,72,LAA,0.08,0.04,0.19444444444444445
2025-08-24,776605,19,3,2,35,9,76,LAA,0.15789473684210525,0.10526315789473684,0.2571428571428571
2025-08-25,776592,12,4,0,29,12,58,LAA,0.3333333333333333,0.0,0.41379310344827586
2025-08-26,776575,15,4,1,29,7,65,LAA,0.26666666666666666,0.06666666666666667,0.2413793103448276
2025-08-27,776563,29,5,1,54,4,97,LAA,0.1724137931034483,0.034482758620689655,0.07407407407407407
2025-08-29,776543,17,2,3,28,6,59,LAA,0.11764705882352941,0.17647058823529413,0.21428571428571427
2025-08-30,776531,10,3,2,18,7,37,LAA,0.3,0.2,0.3888888888888889
2025-08-31,776510,7,2,0,11,2,25,LAA,0.2857142857142857,0.0,0.18181818181818182
2025-09-01,776499,14,3,2,29,6,62,LAA,0.21428571428571427,0.14285714285714285,0.20689655172413793
2025-09-02,776488,14,2,2,32,6,66,LAA,0.14285714285714285,0.14285714285714285,0.1875
2025-09-03,776466,15,4,1,33,8,63,LAA,0.26666666666666666,0.06666666666666667,0.24242424242424243
2025-09-04,776463,8,3,0,14,5,33,LAA,0.375,0.0,0.35714285714285715
2025-09-05,776444,29,9,3,48,17,102,LAA,0.3103448275862069,0.10344827586206896,0.3541666666666667
2025-09-06,776430,40,7,3,59,19,120,LAA,0.175,0.075,0.3220338983050847
2025-09-07,776414,12,0,1,27,5,44,LAA,0.0,0.08333333333333333,0.18518518518518517
2025-09-08,776411,25,4,1,44,8,80,LAA,0.16,0.04,0.18181818181818182
2025-09-09,776390,9,3,0,20,4,44,LAA,0.3333333333333333,0.0,0.2
2025-09-10,776376,21,8,2,37,15,83,LAA,0.38095238095238093,0.09523809523809523,0.40540540540540543
2025-09-11,776362,31,6,1,59,14,115,LAA,0.1935483870967742,0.03225806451612903,0.23728813559322035
2025-09-12,776345,9,4,0,26,9,45,LAA,0.4444444444444444,0.0,0.34615384615384615
2025-09-13,776333,12,3,0,32,7,51,LAA,0.25,0.0,0.21875
2025-09-14,776317,21,3,2,40,5,87,LAA,0.14285714285714285,0.09523809523809523,0.125
2025-09-16,776295,21,3,3,32,5,74,LAA,0.14285714285714285,0.14285714285714285,0.15625
2025-09-17,776291,29,8,4,55,19,126,LAA,0.27586206896551724,0.13793103448275862,0.34545454545454546
2025-09-18,776274,13,0,2,20,3,46,LAA,0.0,0.15384615384615385,0.15
2025-09-19,776253,13,3,1,28,13,52,LAA,0.23076923076923078,0.07692307692307693,0.4642857142857143
2025-09-20,776241,8,1,1,13,5,29,LAA,0.125,0.125,0.38461538461538464
2025-09-21,776232,9,4,2,12,6,38,LAA,0.4444444444444444,0.2222222222222222,0.5
2025-09-23,776207,22,4,2,38,5,76,LAA,0.18181818181818182,0.09090909090909091,0.13157894736842105
2025-09-24,776197,14,3,1,32,8,56,LAA,0.21428571428571427,0.07142857142857142,0.25
2025-09-25,776178,21,4,2,32,8,83,LAA,0.19047619047619047,0.09523809523809523,0.25
2025-09-26,776169,14,5,1,42,14,69,LAA,0.35714285714285715,0.07142857142857142,0.3333333333333333
2025-09-27,776155,8,1,0,14,4,31,LAA,0.125,0.0,0.2857142857142857
2025-09-28,776135,19,4,1,29,8,73,LAA,0.21052631578947367,0.05263157894736842,0.27586206896551724
2025-03-27,778546,18,7,2,44,7,81,LAD,0.3888888888888889,0.1111111111111111,0.1590909090909091
2025-03-28,778544,22,6,2,36,9,75,LAD,0.2727272727272727,0.09090909090909091,0.25
2025-03-29,778533,24,11,0,49,16,96,LAD,0.4583333333333333,0.0,0.32653061224489793
2025-03-31,778500,15,6,1,28,8,61,LAD,0.4,0.06666666666666667,0.2857142857142857
2025-04-01,778487,15,4,1,40,10,71,LAD,0.26666666666666666,0.06666666666666667,0.25
2025-04-02,778472,19,6,1,30,11,64,LAD,0.3157894736842105,0.05263157894736842,0.36666666666666664
2025-04-04,778459,10,2,1,9,1,32,LAD,0.2,0.1,0.1111111111111111
2025-04-05,778448,15,4,0,30,9,56,LAD,0.26666666666666666,0.0,0.3
2025-04-06,778434,27,5,6,44,14,103,LAD,0.18518518518518517,0.2222222222222222,0.3181818181818182
2025-04-07,778418,10,0,0,19,0,40,LAD,0.0,0.0,0.0
2025-04-08,778409,12,2,0,25,4,49,LAD,0.16666666666666666,0.0,0.16
2025-04-09,778392,23,7,3,51,22,94,LAD,0.30434782608695654,0.13043478260869565,0.43137254901960786
2025-04-11,778356,9,2,0,24,3,43,LAD,0.2222222222222222,0.0,0.125
2025-04-12,778345,32,1,2,61,7,101,LAD,0.03125,0.0625,0.11475409836065574
2025-04-13,778331,14,6,1,24,5,50,LAD,0.42857142857142855,0.07142857142857142,0.20833333333333334
2025-04-14,778326,15,2,2,35,12,65,LAD,0.13333333333333333,0.13333333333333333,0.34285714285714286
2025-04-15,778302,17,8,3,47,17,86,LAD,0.47058823529411764,0.17647058823529413,0.3617021276595745
2025-04-16,778287,21,9,0,54,22,89,LAD,0.42857142857142855,0.0,0.4074074074074074
2025-04-18,778263,7,2,0,17,2,28,LAD,0.2857142857142857,0.0,0.11764705882352941
2025-04-19,778251,9,3,0,21,4,37,LAD,0.3333333333333333,0.0,0.19047619047619047
2025-04-20,778234,19,5,2,34,10,71,LAD,0.2631578947368421,0.10526315789473684,0.29411764705882354
2025-04-22,778220,19,7,1,40,9,85,LAD,0.3684210526315789,0.05263157894736842,0.225
2025-04-23,778205,28,4,7,33,7,96,LAD,0.14285714285714285,0.25,0.21212121212121213
2025-04-25,778176,13,2,1,27,5,68,LAD,0.15384615384615385,0.07692307692307693,0.18518518518518517
2025-04-26,778163,15,5,2,37,10,78,LAD,0.3333333333333333,0.13333333333333333,0.2702702702702703
2025-04-27,778145,30,12,0,54,15,129,LAD,0.4,0.0,0.2777777777777778
2025-04-28,778132,17,1,1,27,3,50,LAD,0.058823529411764705,0.058823529411764705,0.1111111111111111
2025-04-29,778123,28,4,1,51,4,112,LAD,0.14285714285714285,0.03571428571428571,0.0784313725490196
2025-04-30,778109,14,3,2,24,5,59,LAD,0.21428571428571427,0.14285714285714285,0.20833333333333334
2025-05-02,778092,11,4,1,29,7,53,LAD,0.36363636363636365,0.09090909090909091,0.2413793103448276
2025-05-03,778076,17,5,1,37,9,72,LAD,0.29411764705882354,0.058823529411764705,0.24324324324324326
2025-05-04,778060,9,1,0,19,3,37,LAD,0.1111111111111111,0.0,0.15789473684210525
2025-05-05,778047,37,10,3,66,22,131,LAD,0.2702702702702703,0.08108108108108109,0.3333333333333333
2025-05-06,778035,21,6,2,39,12,78,LAD,0.2857142857142857,0.09523809523809523,0.3076923076923077
2025-05-07,778017,14,4,1,24,7,42,LAD,0.2857142857142857,0.07142857142857142,0.2916666666666667
2025-05-08,777999,12,1,0,17,2,39,LAD,0.08333333333333333,0.0,0.11764705882352941
2025-05-09,777988,25,6,3,48,10,101,LAD,0.24,0.12,0.20833333333333334
2025-05-10,777975,6,3,0,15,3,30,LAD,0.5,0.0,0.2
2025-05-11,777954,15,3,0,29,6,55,LAD,0.2,0.0,0.20689655172413793
2025-05-13,777937,24,3,0,40,10,66,LAD,0.125,0.0,0.25
2025-05-14,777917,10,2,0,20,5,38,LAD,0.2,0.0,0.25
2025-05-15,777946,15,5,1,29,6,60,LAD,0.3333333333333333,0.06666666666666667,0.20689655172413793
2025-05-16,777899,17,7,1,29,9,71,LAD,0.4117647058823529,0.058823529411764705,0.3103448275862069
2025-05-17,777884,25,3,2,49,13,100,LAD,0.12,0.08,0.2653061224489796
2025-05-18,777866,19,5,1,38,11,91,LAD,0.2631578947368421,0.05263157894736842,0.2894736842105263
2025-05-19,777854,31,4,2,68,9,133,LAD,0.12903225806451613,0.06451612903225806,0.1323529411764706
2025-05-20,777838,16,4,0,29,8,55,LAD,0.25,0.0,0.27586206896551724
2025-05-21,777824,11,3,0,26,6,46,LAD,0.2727272727272727,0.0,0.23076923076923078
2025-05-23,777808,46,11,3,87,29,192,LAD,0.2391304347826087,0.06521739130434782,0.3333333333333333
2025-05-24,777789,15,0,1,26,5,56,LAD,0.0,0.06666666666666667,0.19230769230769232
2025-05-25,777773,7,3,0,16,2,31,LAD,0.42857142857142855,0.0,0.125
2025-05-26,777769,13,1,1,33,4,57,LAD,0.07692307692307693,0.07692307692307693,0.12121212121212122
2025-05-27,777753,15,4,0,31,8,49,LAD,0.26666666666666666,0.0,0.25806451612903225
2025-05-28,777739,19,6,1,41,14,79,LAD,0.3157894736842105,0.05263157894736842,0.34146341463414637
2025-05-30,777708,13,2,1,20,6,45,LAD,0.15384615384615385,0.07692307692307693,0.3
2025-05-31,777698,12,3,1,22,5,44,LAD,0.25,0.08333333333333333,0.22727272727272727
2025-06-01,777682,25,9,4,42,14,110,LAD,0.36,0.16,0.3333333333333333
2025-06-02,777675,15,3,1,21,2,44,LAD,0.2,0.06666666666666667,0.09523809523809523
2025-06-03,777657,18,4,0,41,13,61,LAD,0.2222222222222222,0.0,0.3170731707317073
2025-06-04,777638,15,1,1,33,6,60,LAD,0.06666666666666667,0.06666666666666667,0.18181818181818182
2025-06-05,777631,25,5,1,53,10,95,LAD,0.2,0.04,0.18867924528301888
2025-06-06,777620,7,1,0,17,2,35,LAD,0.14285714285714285,0.0,0.11764705882352941
2025-06-07,777601,12,2,0,19,4,34,LAD,0.16666666666666666,0.0,0.21052631578947367
2025-06-08,777582,18,1,1,50,9,83,LAD,0.05555555555555555,0.05555555555555555,0.18
2025-06-09,777579,17,5,1,39,9,76,LAD,0.29411764705882354,0.058823529411764705,0.23076923076923078
2025-06-10,777560,43,6,5,71,13,147,LAD,0.13953488372093023,0.11627906976744186,0.18309859154929578
2025-06-11,777543,20,5,4,32,12,83,LAD,0.25,0.2,0.375
2025-06-13,777522,17,5,0,36,9,66,LAD,0.29411764705882354,0.0,0.25
2025-06-14,777506,13,3,3,20,5,60,LAD,0.23076923076923078,0.23076923076923078,0.25
2025-06-15,777498,10,5,0,24,9,42,LAD,0.5,0.0,0.375
2025-06-16,777490,30,7,2,58,11,119,LAD,0.23333333333333334,0.06666666666666667,0.1896551724137931
2025-06-17,777471,33,7,5,60,14,141,LAD,0.21212121212121213,0.15151515151515152,0.23333333333333334
2025-06-18,777457,20,3,0,43,6,74,LAD,0.15,0.0,0.13953488372093023
2025-06-19,777442,14,1,1,27,5,50,LAD,0.07142857142857142,0.07142857142857142,0.18518518518518517
2025-06-20,777427,18,4,1,30,5,74,LAD,0.2222222222222222,0.05555555555555555,0.16666666666666666
2025-06-21,777416,15,4,1,27,8,56,LAD,0.26666666666666666,0.06666666666666667,0.2962962962962963
2025-06-22,777398,40,2,6,64,9,147,LAD,0.05,0.15,0.140625
2025-06-24,777379,38,11,3,78,20,151,LAD,0.2894736842105263,0.07894736842105263,0.2564102564102564
2025-06-25,777358,18,5,1,40,12,80,LAD,0.2777777777777778,0.05555555555555555,0.3
2025-06-26,777344,10,3,2,26,7,53,LAD,0.3,0.2,0.2692307692307692
2025-06-27,777335,22,4,2,33,6,79,LAD,0.18181818181818182,0.09090909090909091,0.18181818181818182
2025-06-28,777319,32,5,1,60,15,123,LAD,0.15625,0.03125,0.25
2025-06-29,777304,27,9,1,54,9,114,LAD,0.3333333333333333,0.037037037037037035,0.16666666666666666
2025-07-01,777280,7,4,1,17,4,37,LAD,0.5714285714285714,0.14285714285714285,0.23529411764705882
2025-07-02,777267,11,4,1,30,11,55,LAD,0.36363636363636365,0.09090909090909091,0.36666666666666664
2025-07-03,777253,8,4,1,13,8,28,LAD,0.5,0.125,0.6153846153846154
2025-07-04,777235,36,5,7,51,11,121,LAD,0.1388888888888889,0.19444444444444445,0.21568627450980393
2025-07-05,777221,30,7,1,69,23,120,LAD,0.23333333333333334,0.03333333333333333,0.3333333333333333
2025-07-06,777206,20,5,1,37,11,76,LAD,0.25,0.05,0.2972972972972973
2025-07-07,777201,29,5,3,55,11,120,LAD,0.1724137931034483,0.10344827586206896,0.2
2025-07-08,777193,8,2,1,18,7,34,LAD,0.25,0.125,0.3888888888888889
2025-07-09,777175,19,5,0,38,8,69,LAD,0.2631578947368421,0.0,0.21052631578947367
2025-07-11,777143,16,3,2,34,9,69,LAD,0.1875,0.125,0.2647058823529412
2025-07-12,777127,23,5,3,32,8,74,LAD,0.21739130434782608,0.13043478260869565,0.25
2025-07-13,777119,16,4,1,32,10,65,LAD,0.25,0.0625,0.3125
2025-07-18,777103,15,2,1,30,4,61,LAD,0.13333333333333333,0.06666666666666667,0.13333333333333333
2025-07-19,777085,27,5,3,53,10,107,LAD,0.18518518518518517,0.1111111111111111,0.18867924528301888
2025-07-20,777070,21,4,2,41,14,97,LAD,0.19047619047619047,0.09523809523809523,0.34146341463414637
2025-07-21,777051,28,4,5,66,17,131,LAD,0.14285714285714285,0.17857142857142858,0.25757575757575757
2025-07-22,777039,23,5,6,40,12,92,LAD,0.21739130434782608,0.2608695652173913,0.3
2025-07-23,777022,10,3,3,19,6,45,LAD,0.3,0.3,0.3157894736842105
2025-07-25,777012,15,3,0,27,5,60,LAD,0.2,0.0,0.18518518518518517
2025-07-26,776998,14,3,1,29,2,56,LAD,0.21428571428571427,0.07142857142857142,0.06896551724137931
2025-07-27,776983,11,2,1,23,4,47,LAD,0.18181818181818182,0.09090909090909091,0.17391304347826086
2025-07-28,776967,11,3,3,19,5,44,LAD,0.2727272727272727,0.2727272727272727,0.2631578947368421
2025-07-29,776963,17,3,0,23,4,50,LAD,0.17647058823529413,0.0,0.17391304347826086
2025-07-30,776941,22,8,4,43,15,92,LAD,0.36363636363636365,0.18181818181818182,0.3488372093023256
2025-08-01,776918,10,5,0,17,5,40,LAD,0.5,0.0,0.29411764705882354
2025-08-02,776901,12,5,0,20,6,43,LAD,0.4166666666666667,0.0,0.3
2025-08-03,776889,14,3,2,31,4,64,LAD,0.21428571428571427,0.14285714285714285,0.12903225806451613
2025-08-04,776870,10,2,0,21,7,42,LAD,0.2,0.0,0.3333333333333333
2025-08-05,776858,20,1,2,34,5,69,LAD,0.05,0.1,0.14705882352941177
2025-08-06,776839,29,6,2,55,8,111,LAD,0.20689655172413793,0.06896551724137931,0.14545454545454545
2025-08-08,776823,12,3,0,23,6,50,LAD,0.25,0.0,0.2608695652173913
2025-08-09,776808,16,4,2,36,10,73,LAD,0.25,0.125,0.2777777777777778
2025-08-10,776788,15,6,0,29,7,51,LAD,0.4,0.0,0.2413793103448276
2025-08-11,776779,13,2,0,24,7,52,LAD,0.15384615384615385,0.0,0.2916666666666667
2025-08-12,776763,20,3,3,41,10,89,LAD,0.15,0.15,0.24390243902439024
2025-08-13,776752,17,3,4,32,10,69,LAD,0.17647058823529413,0.23529411764705882,0.3125
2025-08-15,776727,14,2,1,33,4,61,LAD,0.14285714285714285,0.07142857142857142,0.12121212121212122
2025-08-16,776717,11,3,1,25,6,46,LAD,0.2727272727272727,0.09090909090909091,0.24
2025-08-17,776697,18,5,0,35,5,81,LAD,0.2777777777777778,0.0,0.14285714285714285
2025-08-18,776693,6,0,0,15,1,19,LAD,0.0,0.0,0.06666666666666667
2025-08-19,776671,11,1,0,18,3,29,LAD,0.09090909090909091,0.0,0.16666666666666666
2025-08-20,776660,20,3,1,34,12,58,LAD,0.15,0.05,0.35294117647058826
2025-08-21,776644,15,4,1,42,8,75,LAD,0.26666666666666666,0.06666666666666667,0.19047619047619047
2025-08-22,776636,4,0,0,6,2,14,LAD,0.0,0.0,0.3333333333333333
2025-08-23,776617,15,2,1,28,3,58,LAD,0.13333333333333333,0.06666666666666667,0.10714285714285714
2025-08-24,776603,10,2,0,17,4,34,LAD,0.2,0.0,0.23529411764705882
2025-08-25,776594,9,2,2,17,4,36,LAD,0.2222222222222222,0.2222222222222222,0.23529411764705882
2025-08-26,776574,16,5,1,31,6,55,LAD,0.3125,0.0625,0.1935483870967742
2025-08-27,776562,20,10,4,33,13,83,LAD,0.5,0.2,0.3939393939393939
2025-08-29,776534,13,6,2,34,9,70,LAD,0.46153846153846156,0.15384615384615385,0.2647058823529412
2025-08-30,776523,11,1,1,17,4,40,LAD,0.09090909090909091,0.09090909090909091,0.23529411764705882
2025-08-31,776509,10,1,1,14,1,30,LAD,0.1,0.1,0.07142857142857142
2025-09-02,776496,17,4,4,35,10,71,LAD,0.23529411764705882,0.23529411764705882,0.2857142857142857
2025-09-03,776479,13,2,0,22,5,46,LAD,0.15384615384615385,0.0,0.22727272727272727
2025-09-04,776461,9,5,0,22,9,39,LAD,0.5555555555555556,0.0,0.4090909090909091
2025-09-05,776454,20,5,4,47,11,96,LAD,0.25,0.2,0.23404255319148937
2025-09-06,776443,5,0,2,7,2,25,LAD,0.0,0.4,0.2857142857142857
2025-09-07,776427,14,7,0,33,9,65,LAD,0.5,0.0,0.2727272727272727
2025-09-08,776408,7,1,0,10,4,20,LAD,0.14285714285714285,0.0,0.4
2025-09-09,776389,8,3,0,20,7,34,LAD,0.375,0.0,0.35
2025-09-10,776380,13,6,4,27,13,64,LAD,0.46153846153846156,0.3076923076923077,0.48148148148148145
2025-09-12,776350,12,3,1,17,5,43,LAD,0.25,0.08333333333333333,0.29411764705882354
2025-09-13,776328,24,10,3,50,18,107,LAD,0.4166666666666667,0.125,0.36
2025-09-14,776325,10,0,1,16,3,35,LAD,0.0,0.1,0.1875
2025-09-15,776311,38,10,4,69,19,154,LAD,0.2631578947368421,0.10526315789473684,0.2753623188405797
2025-09-16,776297,22,1,2,30,4,76,LAD,0.045454545454545456,0.09090909090909091,0.13333333333333333
2025-09-17,776280,8,1,1,15,4,36,LAD,0.125,0.125,0.26666666666666666
2025-09-18,776271,15,7,4,29,11,76,LAD,0.4666666666666667,0.26666666666666666,0.3793103448275862
2025-09-19,776256,19,8,1,40,13,80,LAD,0.42105263157894735,0.05263157894736842,0.325
2025-09-20,776233,16,5,2,24,7,64,LAD,0.3125,0.125,0.2916666666666667
2025-09-21,776227,12,0,1,25,4,42,LAD,0.0,0.08333333333333333,0.16
2025-09-23,776213,15,2,3,18,5,59,LAD,0.13333333333333333,0.2,0.2777777777777778
2025-09-24,776193,22,4,1,42,8,94,LAD,0.18181818181818182,0.045454545454545456,0.19047619047619047
2025-09-25,776185,10,5,0,28,9,46,LAD,0.5,0.0,0.32142857142857145
2025-09-26,776168,36,9,2,69,24,144,LAD,0.25,0.05555555555555555,0.34782608695652173
2025-09-27,776150,24,12,1,57,21,111,LAD,0.5,0.041666666666666664,0.3684210526315789
2025-09-28,776139,13,7,1,28,8,55,LAD,0.5384615384615384,0.07692307692307693,0.2857142857142857
2025-09-30,813069,13,3,4,32,8,76,LAD,0.23076923076923078,0.3076923076923077,0.25
2025-10-01,813068,12,4,3,25,6,54,LAD,0.3333333333333333,0.25,0.24
2025-03-27,778562,20,4,3,22,6,85,MIA,0.2,0.15,0.2727272727272727
2025-03-28,778548,15,2,1,18,3,41,MIA,0.13333333333333333,0.06666666666666667,0.16666666666666666
2025-03-29,778539,32,6,4,47,11,119,MIA,0.1875,0.125,0.23404255319148937
2025-03-30,778519,14,2,4,15,5,53,MIA,0.14285714285714285,0.2857142857142857,0.3333333333333333
2025-03-31,778509,20,2,2,35,8,80,MIA,0.1,0.1,0.22857142857142856
2025-04-01,778497,15,2,1,20,3,55,MIA,0.13333333333333333,0.06666666666666667,0.15
2025-04-02,778481,25,3,3,52,10,102,MIA,0.12,0.12,0.19230769230769232
2025-04-04,778464,15,1,1,28,2,52,MIA,0.06666666666666667,0.06666666666666667,0.07142857142857142
2025-04-05,778451,17,7,2,28,12,60,MIA,0.4117647058823529,0.11764705882352941,0.42857142857142855
2025-04-07,778416,19,3,3,28,6,70,MIA,0.15789473684210525,0.15789473684210525,0.21428571428571427
2025-04-08,778407,27,2,2,39,4,90,MIA,0.07407407407407407,0.07407407407407407,0.10256410256410256
2025-04-09,778390,8,1,0,14,4,30,MIA,0.125,0.0,0.2857142857142857
2025-04-11,778369,19,2,4,33,2,79,MIA,0.10526315789473684,0.21052631578947367,0.06060606060606061
2025-04-12,778354,13,3,1,24,4,53,MIA,0.23076923076923078,0.07692307692307693,0.16666666666666666
2025-04-13,778337,18,3,3,25,5,65,MIA,0.16666666666666666,0.16666666666666666,0.2
2025-04-15,778318,16,4,0,32,7,61,MIA,0.25,0.0,0.21875
2025-04-16,778303,15,1,2,33,5,67,MIA,0.06666666666666667,0.13333333333333333,0.15151515151515152
2025-04-17,778291,22,10,6,39,11,113,MIA,0.45454545454545453,0.2727272727272727,0.28205128205128205
2025-04-18,778274,25,5,2,45,9,105,MIA,0.2,0.08,0.2
2025-04-19,778252,25,7,1,53,8,104,MIA,0.28,0.04,0.1509433962264151
2025-04-20,778248,21,3,2,31,5,88,MIA,0.14285714285714285,0.09523809523809523,0.16129032258064516
2025-04-21,778230,13,0,1,21,2,55,MIA,0.0,0.07692307692307693,0.09523809523809523
2025-04-22,778219,15,4,1,23,8,58,MIA,0.26666666666666666,0.06666666666666667,0.34782608695652173
2025-04-23,778208,15,5,2,32,9,77,MIA,0.3333333333333333,0.13333333333333333,0.28125
2025-04-25,778175,14,1,2,17,3,48,MIA,0.07142857142857142,0.14285714285714285,0.17647058823529413
2025-04-26,778154,31,4,4,67,13,129,MIA,0.12903225806451613,0.12903225806451613,0.19402985074626866
2025-04-27,778136,19,5,1,44,11,82,MIA,0.2631578947368421,0.05263157894736842,0.25
2025-04-28,778132,22,6,4,39,8,87,MIA,0.2727272727272727,0.18181818181818182,0.20512820512820512
2025-04-29,778123,30,3,3,48,7,100,MIA,0.1,0.1,0.14583333333333334
2025-04-30,778109,27,4,4,48,13,104,MIA,0.14814814814814814,0.14814814814814814,0.2708333333333333
2025-05-02,778091,19,4,0,45,12,76,MIA,0.21052631578947367,0.0,0.26666666666666666
2025-05-03,778075,15,7,2,29,11,60,MIA,0.4666666666666667,0.13333333333333333,0.3793103448275862
2025-05-04,778061,13,4,1,17,5,46,MIA,0.3076923076923077,0.07692307692307693,0.29411764705882354
2025-05-05,778047,18,4,0,30,11,69,MIA,0.2222222222222222,0.0,0.36666666666666664
2025-05-06,778035,22,5,3,43,12,100,MIA,0.22727272727272727,0.13636363636363635,0.27906976744186046
2025-05-07,778017,25,4,3,44,14,94,MIA,0.16,0.12,0.3181818181818182
2025-05-09,777991,8,3,1,13,5,37,MIA,0.375,0.125,0.38461538461538464
2025-05-10,777978,14,4,1,24,4,53,MIA,0.2857142857142857,0.07142857142857142,0.16666666666666666
2025-05-11,777966,7,4,0,12,6,25,MIA,0.5714285714285714,0.0,0.5
2025-05-12,777952,16,3,1,34,3,72,MIA,0.1875,0.0625,0.08823529411764706
2025-05-13,777936,18,3,2,34,9,67,MIA,0.16666666666666666,0.1111111111111111,0.2647058823529412
2025-05-14,777921,15,4,1,25,4,48,MIA,0.26666666666666666,0.06666666666666667,0.16
2025-05-16,777903,14,2,0,33,8,55,MIA,0.14285714285714285,0.0,0.24242424242424243
2025-05-17,777889,16,3,0,29,5,56,MIA,0.1875,0.0,0.1724137931034483
2025-05-18,777877,13,4,0,25,7,49,MIA,0.3076923076923077,0.0,0.28
2025-05-19,777863,21,2,2,37,7,76,MIA,0.09523809523809523,0.09523809523809523,0.1891891891891892
2025-05-20,777850,30,3,2,49,8,98,MIA,0.1,0.06666666666666667,0.16326530612244897
2025-05-21,777833,12,4,1,22,8,49,MIA,0.3333333333333333,0.08333333333333333,0.36363636363636365
2025-05-23,777798,10,4,1,14,4,34,MIA,0.4,0.1,0.2857142857142857
2025-05-24,777781,23,5,1,39,10,77,MIA,0.21739130434782608,0.043478260869565216,0.2564102564102564
2025-05-25,777767,11,5,1,21,9,41,MIA,0.45454545454545453,0.09090909090909091,0.42857142857142855
2025-05-26,777756,18,1,1,22,3,66,MIA,0.05555555555555555,0.05555555555555555,0.13636363636363635
2025-05-27,777742,22,5,2,43,8,85,MIA,0.22727272727272727,0.09090909090909091,0.18604651162790697
2025-05-28,777726,18,3,1,24,5,63,MIA,0.16666666666666666,0.05555555555555555,0.20833333333333334
2025-05-30,777717,15,5,0,30,9,55,MIA,0.3333333333333333,0.0,0.3
2025-05-31,777705,14,3,1,21,8,55,MIA,0.21428571428571427,0.07142857142857142,0.38095238095238093
2025-06-01,777689,11,1,1,19,2,38,MIA,0.09090909090909091,0.09090909090909091,0.10526315789473684
2025-06-02,777673,14,4,0,31,10,55,MIA,0.2857142857142857,0.0,0.3225806451612903
2025-06-03,777666,13,1,0,19,1,37,MIA,0.07692307692307693,0.0,0.05263157894736842
2025-06-04,777652,13,6,0,29,9,50,MIA,0.46153846153846156,0.0,0.3103448275862069
2025-06-06,777625,17,5,1,26,8,62,MIA,0.29411764705882354,0.058823529411764705,0.3076923076923077
2025-06-07,777611,28,7,1,45,10,101,MIA,0.25,0.03571428571428571,0.2222222222222222
2025-06-08,777592,22,5,1,54,8,102,MIA,0.22727272727272727,0.045454545454545456,0.14814814814814814
2025-06-09,777574,27,1,1,46,9,79,MIA,0.037037037037037035,0.037037037037037035,0.1956521739130435
2025-06-10,777566,13,2,0,21,5,43,MIA,0.15384615384615385,0.0,0.23809523809523808
2025-06-11,777552,12,2,2,16,5,34,MIA,0.16666666666666666,0.16666666666666666,0.3125
2025-06-13,777530,32,6,0,66,13,128,MIA,0.1875,0.0,0.19696969696969696
2025-06-14,777514,35,6,4,69,12,145,MIA,0.17142857142857143,0.11428571428571428,0.17391304347826086
2025-06-15,777503,18,3,1,30,6,68,MIA,0.16666666666666666,0.05555555555555555,0.2
2025-06-16,777483,19,1,1,32,5,69,MIA,0.05263157894736842,0.05263157894736842,0.15625
2025-06-17,777481,18,4,0,26,5,67,MIA,0.2222222222222222,0.0,0.19230769230769232
2025-06-18,777465,15,4,2,30,9,62,MIA,0.26666666666666666,0.13333333333333333,0.3
2025-06-19,777444,12,1,0,17,2,39,MIA,0.08333333333333333,0.0,0.11764705882352941
2025-06-20,777439,15,1,0,25,4,46,MIA,0.06666666666666667,0.0,0.16
2025-06-21,777424,22,2,2,36,6,83,MIA,0.09090909090909091,0.09090909090909091,0.16666666666666666
2025-06-22,777402,10,3,1,16,6,37,MIA,0.3,0.1,0.375
2025-06-24,777364,14,7,2,30,8,73,MIA,0.5,0.14285714285714285,0.26666666666666666
2025-06-25,777355,18,1,1,23,2,50,MIA,0.05555555555555555,0.05555555555555555,0.08695652173913043
2025-06-26,777347,21,6,1,39,8,81,MIA,0.2857142857142857,0.047619047619047616,0.20512820512820512
2025-06-27,777332,22,5,2,41,9,87,MIA,0.22727272727272727,0.09090909090909091,0.21951219512195122
2025-06-28,777318,13,2,0,20,5,44,MIA,0.15384615384615385,0.0,0.25
2025-06-29,777303,16,6,1,30,11,60,MIA,0.375,0.0625,0.36666666666666664
2025-07-01,777293,6,3,0,12,3,24,MIA,0.5,0.0,0.25
2025-07-02,777275,10,1,1,25,3,41,MIA,0.1,0.1,0.12
2025-07-03,777263,12,3,0,21,7,36,MIA,0.25,0.0,0.3333333333333333
2025-07-04,777254,14,6,2,24,7,54,MIA,0.42857142857142855,0.14285714285714285,0.2916666666666667
2025-07-05,777238,19,6,0,30,7,66,MIA,0.3157894736842105,0.0,0.23333333333333334
2025-07-06,777224,9,0,0,16,1,27,MIA,0.0,0.0,0.0625
2025-07-07,777208,11,4,0,20,6,42,MIA,0.36363636363636365,0.0,0.3
2025-07-08,777197,20,5,3,33,5,85,MIA,0.25,0.15,0.15151515151515152
2025-07-09,777183,12,1,1,19,3,39,MIA,0.08333333333333333,0.08333333333333333,0.15789473684210525
2025-07-10,777168,13,5,2,20,6,59,MIA,0.38461538461538464,0.15384615384615385,0.3
2025-07-11,777157,17,2,2,24,3,62,MIA,0.11764705882352941,0.11764705882352941,0.125
2025-07-12,777141,8,1,1,9,2,24,MIA,0.125,0.125,0.2222222222222222
2025-07-13,777129,8,6,0,17,8,34,MIA,0.75,0.0,0.47058823529411764
2025-07-18,777109,16,5,1,27,8,63,MIA,0.3125,0.0625,0.2962962962962963
2025-07-19,777093,12,2,3,12,1,39,MIA,0.16666666666666666,0.25,0.08333333333333333
2025-07-20,777082,17,3,2,35,7,71,MIA,0.17647058823529413,0.11764705882352941,0.2
2025-07-21,777062,13,4,1,24,8,45,MIA,0.3076923076923077,0.07692307692307693,0.3333333333333333
2025-07-22,777052,13,3,1,23,6,52,MIA,0.23076923076923078,0.07692307692307693,0.2608695652173913
2025-07-23,777037,9,0,0,18,2,33,MIA,0.0,0.0,0.1111111111111111
2025-07-25,777008,16,4,3,31,9,72,MIA,0.25,0.1875,0.2903225806451613
2025-07-26,776996,15,4,0,18,2,45,MIA,0.26666666666666666,0.0,0.1111111111111111
2025-07-27,776978,18,3,1,27,8,66,MIA,0.16666666666666666,0.05555555555555555,0.2962962962962963
2025-07-28,776960,13,3,2,23,4,53,MIA,0.23076923076923078,0.15384615384615385,0.17391304347826086
2025-07-29,776946,13,6,2,26,8,59,MIA,0.46153846153846156,0.15384615384615385,0.3076923076923077
2025-07-30,776934,15,6,2,28,7,64,MIA,0.4,0.13333333333333333,0.25
2025-08-01,776925,23,5,1,37,8,98,MIA,0.21739130434782608,0.043478260869565216,0.21621621621621623
2025-08-02,776910,9,2,0,13,3,30,MIA,0.2222222222222222,0.0,0.23076923076923078
2025-08-03,776891,14,7,1,26,10,59,MIA,0.5,0.07142857142857142,0.38461538461538464
2025-08-04,776875,9,2,0,15,3,32,MIA,0.2222222222222222,0.0,0.2
2025-08-05,776862,16,1,0,31,4,57,MIA,0.0625,0.0,0.12903225806451613
2025-08-06,776849,20,7,1,42,12,88,MIA,0.35,0.05,0.2857142857142857
2025-08-07,776842,16,3,1,28,3,63,MIA,0.1875,0.0625,0.10714285714285714
2025-08-08,776834,4,0,1,6,1,17,MIA,0.0,0.25,0.16666666666666666
2025-08-09,776819,15,2,2,31,7,55,MIA,0.13333333333333333,0.13333333333333333,0.22580645161290322
2025-08-09,778431,10,3,1,23,5,46,MIA,0.3,0.1,0.21739130434782608
2025-08-10,776803,22,6,3,48,17,99,MIA,0.2727272727272727,0.13636363636363635,0.3541666666666667
2025-08-12,776778,11,3,1,19,4,51,MIA,0.2727272727272727,0.09090909090909091,0.21052631578947367
2025-08-13,776766,13,3,0,22,5,48,MIA,0.23076923076923078,0.0,0.22727272727272727
2025-08-14,776745,13,2,0,27,4,52,MIA,0.15384615384615385,0.0,0.14814814814814814
2025-08-15,776741,10,2,2,16,5,39,MIA,0.2,0.2,0.3125
2025-08-16,776724,16,3,2,37,4,79,MIA,0.1875,0.125,0.10810810810810811
2025-08-17,776714,8,1,1,11,3,26,MIA,0.125,0.125,0.2727272727272727
2025-08-18,776688,24,3,1,41,10,78,MIA,0.125,0.041666666666666664,0.24390243902439024
2025-08-19,776686,17,3,0,27,5,63,MIA,0.17647058823529413,0.0,0.18518518518518517
2025-08-20,776670,6,4,0,16,5,29,MIA,0.6666666666666666,0.0,0.3125
2025-08-22,776646,12,2,3,24,2,47,MIA,0.16666666666666666,0.25,0.08333333333333333
2025-08-23,776630,27,1,2,54,3,116,MIA,0.037037037037037035,0.07407407407407407,0.05555555555555555
2025-08-24,776614,12,2,2,22,6,44,MIA,0.16666666666666666,0.16666666666666666,0.2727272727272727
2025-08-25,776600,9,2,0,10,2,34,MIA,0.2222222222222222,0.0,0.2
2025-08-26,776581,17,1,3,33,7,73,MIA,0.058823529411764705,0.17647058823529413,0.21212121212121213
2025-08-27,776565,25,6,5,48,9,113,MIA,0.24,0.2,0.1875
2025-08-28,776558,20,8,2,43,17,87,MIA,0.4,0.1,0.3953488372093023
2025-08-29,776548,41,5,5,61,11,145,MIA,0.12195121951219512,0.12195121951219512,0.18032786885245902
2025-08-30,776535,23,4,4,41,14,88,MIA,0.17391304347826086,0.17391304347826086,0.34146341463414637
2025-08-31,776519,8,3,1,13,4,42,MIA,0.375,0.125,0.3076923076923077
2025-09-01,776498,20,5,1,35,7,65,MIA,0.25,0.05,0.2
2025-09-02,776482,8,4,1,16,5,35,MIA,0.5,0.125,0.3125
2025-09-03,776477,18,6,2,36,11,80,MIA,0.3333333333333333,0.1111111111111111,0.3055555555555556
2025-09-05,776456,34,6,4,68,11,138,MIA,0.17647058823529413,0.11764705882352941,0.16176470588235295
2025-09-06,776433,12,3,1,17,1,44,MIA,0.25,0.08333333333333333,0.058823529411764705
2025-09-07,776426,29,4,4,60,13,119,MIA,0.13793103448275862,0.13793103448275862,0.21666666666666667
2025-09-08,776409,27,3,2,43,9,90,MIA,0.1111111111111111,0.07407407407407407,0.20930232558139536
2025-09-09,776397,17,3,1,40,8,74,MIA,0.17647058823529413,0.058823529411764705,0.2
2025-09-10,776386,13,6,0,25,8,46,MIA,0.46153846153846156,0.0,0.32
2025-09-11,776367,14,5,0,29,9,63,MIA,0.35714285714285715,0.0,0.3103448275862069
2025-09-12,776366,9,2,2,13,3,35,MIA,0.2222222222222222,0.2222222222222222,0.23076923076923078
2025-09-13,776347,20,6,1,39,11,82,MIA,0.3,0.05,0.28205128205128205
2025-09-14,776332,13,3,2,19,6,51,MIA,0.23076923076923078,0.15384615384615385,0.3157894736842105
2025-09-16,776293,22,3,2,28,7,66,MIA,0.13636363636363635,0.09090909090909091,0.25
2025-09-17,776277,19,3,1,33,8,65,MIA,0.15789473684210525,0.05263157894736842,0.24242424242424243
2025-09-18,776270,13,1,0,24,8,40,MIA,0.07692307692307693,0.0,0.3333333333333333
2025-09-19,776251,17,2,1,36,6,75,MIA,0.11764705882352941,0.058823529411764705,0.16666666666666666
2025-09-20,776242,19,4,2,35,12,80,MIA,0.21052631578947367,0.10526315789473684,0.34285714285714286
2025-09-21,776226,20,4,2,36,8,74,MIA,0.2,0.1,0.2222222222222222
2025-09-23,776215,27,5,1,52,14,112,MIA,0.18518518518518517,0.037037037037037035,0.2692307692307692
2025-09-24,776201,17,3,1,31,5,55,MIA,0.17647058823529413,0.058823529411764705,0.16129032258064516
2025-09-25,776188,14,6,2,30,11,66,MIA,0.42857142857142855,0.14285714285714285,0.36666666666666664
2025-09-26,776173,8,1,1,19,9,35,MIA,0.125,0.125,0.47368421052631576
2025-09-27,776161,19,4,3,36,9,74,MIA,0.21052631578947367,0.15789473684210525,0.25
2025-09-28,776148,16,4,2,24,7,66,MIA,0.25,0.125,0.2916666666666667
2025-03-27,778557,15,2,3,26,4,63,MIL,0.13333333333333333,0.2,0.15384615384615385
2025-03-29,778538,34,3,3,51,6,123,MIL,0.08823529411764706,0.08823529411764706,0.11764705882352941
2025-03-30,778523,25,4,3,41,8,103,MIL,0.16,0.12,0.1951219512195122
2025-03-31,778504,29,4,4,48,8,119,MIL,0.13793103448275862,0.13793103448275862,0.16666666666666666
2025-04-01,778488,16,4,1,24,4,61,MIL,0.25,0.0625,0.16666666666666666
2025-04-02,778477,11,6,1,19,6,44,MIL,0.5454545454545454,0.09090909090909091,0.3157894736842105
2025-04-03,778468,12,3,1,23,4,56,MIL,0.25,0.08333333333333333,0.17391304347826086
2025-04-04,778453,16,1,0,27,6,54,MIL,0.0625,0.0,0.2222222222222222
2025-04-05,778439,19,4,1,30,7,67,MIL,0.21052631578947367,0.05263157894736842,0.23333333333333334
2025-04-06,778421,14,7,0,27,8,60,MIL,0.5,0.0,0.2962962962962963
2025-04-08,778394,15,8,1,27,11,55,MIL,0.5333333333333333,0.06666666666666667,0.4074074074074074
2025-04-09,778379,21,6,3,41,15,83,MIL,0.2857142857142857,0.14285714285714285,0.36585365853658536
2025-04-10,778371,18,3,2,30,7,84,MIL,0.16666666666666666,0.1111111111111111,0.23333333333333334
2025-04-11,778364,8,3,1,18,5,35,MIL,0.375,0.125,0.2777777777777778
2025-04-12,778350,23,4,5,29,6,88,MIL,0.17391304347826086,0.21739130434782608,0.20689655172413793
2025-04-13,778332,15,1,1,27,6,56,MIL,0.06666666666666667,0.06666666666666667,0.2222222222222222
2025-04-14,778323,18,7,0,26,8,68,MIL,0.3888888888888889,0.0,0.3076923076923077
2025-04-15,778310,12,6,0,18,7,51,MIL,0.5,0.0,0.3888888888888889
2025-04-16,778295,13,5,1,17,3,40,MIL,0.38461538461538464,0.07692307692307693,0.17647058823529413
2025-04-18,778261,18,1,3,31,2,74,MIL,0.05555555555555555,0.16666666666666666,0.06451612903225806
2025-04-19,778253,11,2,1,17,5,38,MIL,0.18181818181818182,0.09090909090909091,0.29411764705882354
2025-04-20,778239,10,5,0,22,7,42,MIL,0.5,0.0,0.3181818181818182
2025-04-21,778226,16,3,1,29,4,57,MIL,0.1875,0.0625,0.13793103448275862
2025-04-22,778210,15,1,2,21,5,52,MIL,0.06666666666666667,0.13333333333333333,0.23809523809523808
2025-04-23,778198,13,4,1,30,10,63,MIL,0.3076923076923077,0.07692307692307693,0.3333333333333333
2025-04-24,778194,20,2,3,39,4,85,MIL,0.1,0.15,0.10256410256410256
2025-04-25,778184,14,2,0,28,4,59,MIL,0.14285714285714285,0.0,0.14285714285714285
2025-04-26,778164,14,4,1,24,6,61,MIL,0.2857142857142857,0.07142857142857142,0.25
2025-04-27,778150,16,3,3,25,4,58,MIL,0.1875,0.1875,0.16
2025-04-29,778125,11,4,0,28,8,43,MIL,0.36363636363636365,0.0,0.2857142857142857
2025-04-30,778111,30,5,2,49,11,91,MIL,0.16666666666666666,0.06666666666666667,0.22448979591836735
2025-05-01,778094,14,0,4,19,1,49,MIL,0.0,0.2857142857142857,0.05263157894736842
2025-05-02,778080,38,7,4,67,14,145,MIL,0.18421052631578946,0.10526315789473684,0.208955223880597
2025-05-03,778071,14,5,2,26,8,61,MIL,0.35714285714285715,0.14285714285714285,0.3076923076923077
2025-05-04,778054,11,4,1,19,5,50,MIL,0.36363636363636365,0.09090909090909091,0.2631578947368421
2025-05-05,778042,13,4,0,29,7,62,MIL,0.3076923076923077,0.0,0.2413793103448276
2025-05-06,778031,9,2,2,17,5,36,MIL,0.2222222222222222,0.2222222222222222,0.29411764705882354
2025-05-07,778015,20,2,4,29,3,77,MIL,0.1,0.2,0.10344827586206896
2025-05-09,778002,14,4,3,26,7,61,MIL,0.2857142857142857,0.21428571428571427,0.2692307692307692
2025-05-10,777981,17,5,2,30,4,71,MIL,0.29411764705882354,0.11764705882352941,0.13333333333333333
2025-05-11,777964,14,1,0,22,1,41,MIL,0.07142857142857142,0.0,0.045454545454545456
2025-05-12,777960,13,6,2,33,13,72,MIL,0.46153846153846156,0.15384615384615385,0.3939393939393939
2025-05-13,777944,17,4,2,32,9,62,MIL,0.23529411764705882,0.11764705882352941,0.28125
2025-05-14,777925,17,2,2,29,5,61,MIL,0.11764705882352941,0.11764705882352941,0.1724137931034483
2025-05-16,777898,10,3,0,19,5,40,MIL,0.3,0.0,0.2631578947368421
2025-05-17,777883,24,6,1,42,9,93,MIL,0.25,0.041666666666666664,0.21428571428571427
2025-05-18,777865,15,4,0,32,11,58,MIL,0.26666666666666666,0.0,0.34375
2025-05-19,777860,34,7,4,62,13,118,MIL,0.20588235294117646,0.11764705882352941,0.20967741935483872
2025-05-20,777844,17,6,0,40,10,71,MIL,0.35294117647058826,0.0,0.25
2025-05-21,777826,30,3,1,56,7,103,MIL,0.1,0.03333333333333333,0.125
2025-05-22,777814,24,3,5,46,9,104,MIL,0.125,0.20833333333333334,0.1956521739130435
2025-05-23,777806,25,5,1,55,10,100,MIL,0.2,0.04,0.18181818181818182
2025-05-24,777794,9,3,0,17,3,34,MIL,0.3333333333333333,0.0,0.17647058823529413
2025-05-25,777776,20,5,1,36,10,80,MIL,0.25,0.05,0.2777777777777778
2025-05-26,777764,20,1,4,41,8,83,MIL,0.05,0.2,0.1951219512195122
2025-05-27,777747,20,6,1,39,12,80,MIL,0.3,0.05,0.3076923076923077
2025-05-28,777736,21,7,1,35,3,92,MIL,0.3333333333333333,0.047619047619047616,0.08571428571428572
2025-05-30,777715,22,0,0,37,6,71,MIL,0.0,0.0,0.16216216216216217
2025-05-31,777702,14,2,0,21,3,40,MIL,0.14285714285714285,0.0,0.14285714285714285
2025-06-01,777688,14,2,0,26,7,47,MIL,0.14285714285714285,0.0,0.2692307692307692
2025-06-02,777671,13,6,1,19,6,54,MIL,0.46153846153846156,0.07692307692307693,0.3157894736842105
2025-06-03,777668,9,1,1,16,4,37,MIL,0.1111111111111111,0.1111111111111111,0.25
2025-06-04,777647,23,3,3,42,11,93,MIL,0.13043478260869565,0.13043478260869565,0.2619047619047619
2025-06-06,777617,13,6,0,20,8,43,MIL,0.46153846153846156,0.0,0.4
2025-06-07,777597,16,6,1,25,9,65,MIL,0.375,0.0625,0.36
2025-06-08,777586,11,3,0,22,7,41,MIL,0.2727272727272727,0.0,0.3181818181818182
2025-06-09,777575,23,2,4,42,13,82,MIL,0.08695652173913043,0.17391304347826086,0.30952380952380953
2025-06-10,777568,10,3,0,16,5,36,MIL,0.3,0.0,0.3125
2025-06-11,777554,15,4,1,30,9,57,MIL,0.26666666666666666,0.06666666666666667,0.3
2025-06-12,777532,15,2,1,19,3,48,MIL,0.13333333333333333,0.06666666666666667,0.15789473684210525
2025-06-13,777525,13,5,1,27,8,62,MIL,0.38461538461538464,0.07692307692307693,0.2962962962962963
2025-06-14,777512,18,4,2,38,12,80,MIL,0.2222222222222222,0.1111111111111111,0.3157894736842105
2025-06-15,777492,14,5,0,31,7,55,MIL,0.35714285714285715,0.0,0.22580645161290322
2025-06-17,777482,11,3,0,23,7,41,MIL,0.2727272727272727,0.0,0.30434782608695654
2025-06-19,777450,19,3,3,32,8,74,MIL,0.15789473684210525,0.15789473684210525,0.25
2025-06-20,777434,17,2,3,23,2,60,MIL,0.11764705882352941,0.17647058823529413,0.08695652173913043
2025-06-21,777412,9,4,0,16,7,36,MIL,0.4444444444444444,0.0,0.4375
2025-06-22,777401,29,4,2,54,13,120,MIL,0.13793103448275862,0.06896551724137931,0.24074074074074073
2025-06-23,777391,17,7,1,31,11,70,MIL,0.4117647058823529,0.058823529411764705,0.3548387096774194
2025-06-24,777374,12,3,0,26,4,57,MIL,0.25,0.0,0.15384615384615385
2025-06-25,777361,16,5,1,29,11,61,MIL,0.3125,0.0625,0.3793103448275862
2025-06-27,777339,15,6,0,33,11,57,MIL,0.4,0.0,0.3333333333333333
2025-06-28,777321,7,0,2,8,1,29,MIL,0.0,0.2857142857142857,0.125
2025-06-29,777301,24,6,0,50,13,91,MIL,0.25,0.0,0.26
2025-07-02,777276,21,3,2,35,6,80,MIL,0.14285714285714285,0.09523809523809523,0.17142857142857143
2025-07-02,777289,9,1,0,10,1,26,MIL,0.1111111111111111,0.0,0.1
2025-07-03,777257,11,5,1,24,6,48,MIL,0.45454545454545453,0.09090909090909091,0.25
2025-07-04,777254,15,5,1,36,6,76,MIL,0.3333333333333333,0.06666666666666667,0.16666666666666666
2025-07-05,777238,13,3,0,23,5,48,MIL,0.23076923076923078,0.0,0.21739130434782608
2025-07-06,777224,9,4,0,20,10,41,MIL,0.4444444444444444,0.0,0.5
2025-07-07,777201,13,4,1,22,5,49,MIL,0.3076923076923077,0.07692307692307693,0.22727272727272727
2025-07-08,777193,9,3,0,18,6,33,MIL,0.3333333333333333,0.0,0.3333333333333333
2025-07-09,777175,18,7,3,37,9,75,MIL,0.3888888888888889,0.16666666666666666,0.24324324324324326
2025-07-11,777149,24,5,2,33,5,86,MIL,0.20833333333333334,0.08333333333333333,0.15151515151515152
2025-07-12,777135,22,4,3,40,11,84,MIL,0.18181818181818182,0.13636363636363635,0.275
2025-07-13,777123,8,2,0,13,1,28,MIL,0.25,0.0,0.07692307692307693
2025-07-18,777103,9,0,1,13,3,30,MIL,0.0,0.1111111111111111,0.23076923076923078
2025-07-19,777085,17,5,0,27,9,46,MIL,0.29411764705882354,0.0,0.3333333333333333
2025-07-20,777070,14,0,2,26,6,53,MIL,0.0,0.14285714285714285,0.23076923076923078
2025-07-21,777050,13,3,1,20,4,54,MIL,0.23076923076923078,0.07692307692307693,0.2
2025-07-22,777035,14,3,1,26,8,61,MIL,0.21428571428571427,0.07142857142857142,0.3076923076923077
2025-07-23,777024,7,3,0,14,3,34,MIL,0.42857142857142855,0.0,0.21428571428571427
2025-07-25,777008,20,4,4,27,4,72,MIL,0.2,0.2,0.14814814814814814
2025-07-26,776996,16,4,1,32,5,67,MIL,0.25,0.0625,0.15625
2025-07-27,776978,11,2,2,18,3,38,MIL,0.18181818181818182,0.18181818181818182,0.16666666666666666
2025-07-28,776965,22,7,3,34,11,77,MIL,0.3181818181818182,0.13636363636363635,0.3235294117647059
2025-07-29,776956,12,2,1,18,3,42,MIL,0.16666666666666666,0.08333333333333333,0.16666666666666666
2025-07-30,776929,23,6,1,43,12,81,MIL,0.2608695652173913,0.043478260869565216,0.27906976744186046
2025-08-01,776917,23,2,2,38,7,82,MIL,0.08695652173913043,0.08695652173913043,0.18421052631578946
2025-08-02,776903,10,0,1,17,3,34,MIL,0.0,0.1,0.17647058823529413
2025-08-03,776894,19,5,2,33,7,77,MIL,0.2631578947368421,0.10526315789473684,0.21212121212121213
2025-08-04,776882,8,2,1,10,3,24,MIL,0.25,0.125,0.3
2025-08-05,776869,21,4,5,30,10,78,MIL,0.19047619047619047,0.23809523809523808,0.3333333333333333
2025-08-06,776853,10,4,0,20,6,41,MIL,0.4,0.0,0.3
2025-08-08,776828,8,2,1,13,5,28,MIL,0.25,0.125,0.38461538461538464
2025-08-09,776817,21,8,1,45,12,80,MIL,0.38095238095238093,0.047619047619047616,0.26666666666666666
2025-08-10,776799,17,4,3,34,6,74,MIL,0.23529411764705882,0.17647058823529413,0.17647058823529413
2025-08-11,776786,9,2,1,11,4,25,MIL,0.2222222222222222,0.1111111111111111,0.36363636363636365
2025-08-12,776771,10,1,0,14,1,37,MIL,0.1,0.0,0.07142857142857142
2025-08-13,776755,24,3,2,46,8,101,MIL,0.125,0.08333333333333333,0.17391304347826086
2025-08-15,776740,28,10,0,54,13,120,MIL,0.35714285714285715,0.0,0.24074074074074073
2025-08-16,776721,21,8,2,41,11,84,MIL,0.38095238095238093,0.09523809523809523,0.2682926829268293
2025-08-17,776709,16,3,1,21,7,55,MIL,0.1875,0.0625,0.3333333333333333
2025-08-18,777459,10,2,0,19,7,33,MIL,0.2,0.0,0.3684210526315789
2025-08-19,776676,16,3,0,27,7,50,MIL,0.1875,0.0,0.25925925925925924
2025-08-19,776691,11,5,0,19,9,35,MIL,0.45454545454545453,0.0,0.47368421052631576
2025-08-20,776663,14,4,0,26,4,51,MIL,0.2857142857142857,0.0,0.15384615384615385
2025-08-21,776651,18,4,3,38,7,77,MIL,0.2222222222222222,0.16666666666666666,0.18421052631578946
2025-08-22,776634,16,5,2,24,6,58,MIL,0.3125,0.125,0.25
2025-08-23,776621,24,4,2,46,12,90,MIL,0.16666666666666666,0.08333333333333333,0.2608695652173913
2025-08-24,776608,17,7,1,43,15,78,MIL,0.4117647058823529,0.058823529411764705,0.3488372093023256
2025-08-25,776593,12,6,1,24,9,52,MIL,0.5,0.08333333333333333,0.375
2025-08-26,776586,23,5,0,43,11,89,MIL,0.21739130434782608,0.0,0.2558139534883721
2025-08-27,776572,29,3,1,53,7,104,MIL,0.10344827586206896,0.034482758620689655,0.1320754716981132
2025-08-28,776553,20,3,0,47,6,80,MIL,0.15,0.0,0.1276595744680851
2025-08-29,776546,13,1,2,15,4,48,MIL,0.07692307692307693,0.15384615384615385,0.26666666666666666
2025-08-30,776527,10,5,0,18,7,41,MIL,0.5,0.0,0.3888888888888889
2025-08-31,776515,14,1,1,31,8,51,MIL,0.07142857142857142,0.07142857142857142,0.25806451612903225
2025-09-01,776500,24,4,3,37,10,89,MIL,0.16666666666666666,0.125,0.2702702702702703
2025-09-03,776471,11,3,1,20,6,48,MIL,0.2727272727272727,0.09090909090909091,0.3
2025-09-04,776459,17,5,1,33,10,70,MIL,0.29411764705882354,0.058823529411764705,0.30303030303030304
2025-09-05,776453,6,2,0,10,3,25,MIL,0.3333333333333333,0.0,0.3
2025-09-06,776441,14,2,3,25,2,52,MIL,0.14285714285714285,0.21428571428571427,0.08
2025-09-07,776419,9,4,1,18,9,34,MIL,0.4444444444444444,0.1111111111111111,0.5
2025-09-08,776406,7,1,1,10,3,19,MIL,0.14285714285714285,0.14285714285714285,0.3
2025-09-09,776395,16,5,1,31,5,65,MIL,0.3125,0.0625,0.16129032258064516
2025-09-10,776375,13,1,3,18,2,50,MIL,0.07692307692307693,0.23076923076923078,0.1111111111111111
2025-09-12,776356,17,4,2,24,8,67,MIL,0.23529411764705882,0.11764705882352941,0.3333333333333333
2025-09-13,776339,25,2,4,40,8,101,MIL,0.08,0.16,0.2
2025-09-14,776326,21,10,3,40,10,92,MIL,0.47619047619047616,0.14285714285714285,0.25
2025-09-16,776295,10,4,0,26,5,50,MIL,0.4,0.0,0.19230769230769232
2025-09-17,776291,14,5,0,26,9,52,MIL,0.35714285714285715,0.0,0.34615384615384615
2025-09-18,776274,15,6,0,29,10,52,MIL,0.4,0.0,0.3448275862068966
2025-09-19,776265,23,3,1,40,9,93,MIL,0.13043478260869565,0.043478260869565216,0.225
2025-09-20,776244,20,4,0,34,9,72,MIL,0.2,0.0,0.2647058823529412
2025-09-21,776231,22,2,4,40,11,79,MIL,0.09090909090909091,0.18181818181818182,0.275
2025-09-22,776222,25,4,3,34,6,90,MIL,0.16,0.12,0.17647058823529413
2025-09-23,776214,7,0,0,14,3,27,MIL,0.0,0.0,0.21428571428571427
2025-09-24,776198,23,7,0,43,10,93,MIL,0.30434782608695654,0.0,0.23255813953488372
2025-09-26,776171,13,3,1,22,7,45,MIL,0.23076923076923078,0.07692307692307693,0.3181818181818182
2025-09-27,776153,30,10,5,60,17,138,MIL,0.3333333333333333,0.16666666666666666,0.2833333333333333
2025-09-28,776144,24,7,2,34,9,88,MIL,0.2916666666666667,0.08333333333333333,0.2647058823529412
2025-03-27,778551,13,2,2,35,5,64,MIN,0.15384615384615385,0.15384615384615385,0.14285714285714285
2025-03-29,778528,19,5,5,40,13,83,MIN,0.2631578947368421,0.2631578947368421,0.325
2025-03-30,778517,19,1,2,31,5,79,MIN,0.05263157894736842,0.10526315789473684,0.16129032258064516
2025-03-31,778506,18,3,1,28,7,63,MIN,0.16666666666666666,0.05555555555555555,0.25
2025-04-01,778490,19,8,0,38,12,83,MIN,0.42105263157894735,0.0,0.3157894736842105
2025-04-02,778474,9,2,0,15,2,23,MIN,0.2222222222222222,0.0,0.13333333333333333
2025-04-03,778462,16,6,0,32,8,63,MIN,0.375,0.0,0.25
2025-04-05,778440,22,8,0,42,12,75,MIN,0.36363636363636365,0.0,0.2857142857142857
2025-04-06,778419,26,7,2,51,11,93,MIN,0.2692307692307692,0.07692307692307693,0.21568627450980393
2025-04-07,778412,8,2,0,11,2,31,MIN,0.25,0.0,0.18181818181818182
2025-04-08,778400,12,2,2,27,7,56,MIN,0.16666666666666666,0.16666666666666666,0.25925925925925924
2025-04-09,778388,8,0,1,12,3,25,MIN,0.0,0.125,0.25
2025-04-10,778373,10,2,1,23,4,46,MIN,0.2,0.1,0.17391304347826086
2025-04-11,778363,24,4,2,57,15,102,MIN,0.16666666666666666,0.08333333333333333,0.2631578947368421
2025-04-12,778348,17,4,1,30,4,65,MIN,0.23529411764705882,0.058823529411764705,0.13333333333333333
2025-04-13,778335,13,7,1,29,14,56,MIN,0.5384615384615384,0.07692307692307693,0.4827586206896552
2025-04-14,778324,17,3,1,37,7,76,MIN,0.17647058823529413,0.058823529411764705,0.1891891891891892
2025-04-15,778307,12,2,1,23,5,43,MIN,0.16666666666666666,0.08333333333333333,0.21739130434782608
2025-04-16,778299,22,5,2,34,10,76,MIN,0.22727272727272727,0.09090909090909091,0.29411764705882354
2025-04-18,778284,17,3,3,30,4,74,MIN,0.17647058823529413,0.17647058823529413,0.13333333333333333
2025-04-19,778267,32,5,2,65,16,136,MIN,0.15625,0.0625,0.24615384615384617
2025-04-20,778249,9,1,0,13,3,25,MIN,0.1111111111111111,0.0,0.23076923076923078
2025-04-22,778216,13,3,2,30,11,52,MIN,0.23076923076923078,0.15384615384615385,0.36666666666666664
2025-04-23,778201,19,6,2,30,8,69,MIN,0.3157894736842105,0.10526315789473684,0.26666666666666666
2025-04-24,778189,10,3,1,20,5,41,MIN,0.3,0.1,0.25
2025-04-25,778186,17,4,0,31,6,60,MIN,0.23529411764705882,0.0,0.1935483870967742
2025-04-26,778166,12,6,0,30,11,51,MIN,0.5,0.0,0.36666666666666664
2025-04-27,778144,7,2,1,10,2,27,MIN,0.2857142857142857,0.14285714285714285,0.2
2025-04-28,778139,5,1,1,12,3,20,MIN,0.2,0.2,0.25
2025-04-29,778129,12,5,1,25,12,46,MIN,0.4166666666666667,0.08333333333333333,0.48
2025-04-30,778116,7,4,1,17,4,37,MIN,0.5714285714285714,0.14285714285714285,0.23529411764705882
2025-05-01,778108,21,7,1,37,10,83,MIN,0.3333333333333333,0.047619047619047616,0.2702702702702703
2025-05-02,778089,14,2,0,28,7,46,MIN,0.14285714285714285,0.0,0.25
2025-05-03,778073,15,3,0,32,8,52,MIN,0.2,0.0,0.25
2025-05-04,778063,15,4,0,30,10,46,MIN,0.26666666666666666,0.0,0.3333333333333333
2025-05-06,778028,15,6,2,26,5,53,MIN,0.4,0.13333333333333333,0.19230769230769232
2025-05-07,778011,17,6,0,39,9,75,MIN,0.35294117647058826,0.0,0.23076923076923078
2025-05-08,778007,13,5,0,23,9,42,MIN,0.38461538461538464,0.0,0.391304347826087
2025-05-09,777992,5,2,0,10,3,16,MIN,0.4,0.0,0.3
2025-05-10,777974,9,2,0,17,3,39,MIN,0.2222222222222222,0.0,0.17647058823529413
2025-05-11,777956,18,4,2,34,7,71,MIN,0.2222222222222222,0.1111111111111111,0.20588235294117646
2025-05-14,777924,20,7,3,44,12,95,MIN,0.35,0.15,0.2727272727272727
2025-05-14,777938,18,3,0,28,3,58,MIN,0.16666666666666666,0.0,0.10714285714285714
2025-05-15,777911,10,3,0,23,8,44,MIN,0.3,0.0,0.34782608695652173
2025-05-16,777898,12,7,0,14,8,41,MIN,0.5833333333333334,0.0,0.5714285714285714
2025-05-17,777883,12,4,1,16,3,48,MIN,0.3333333333333333,0.08333333333333333,0.1875
2025-05-18,777865,16,2,1,23,4,53,MIN,0.125,0.0625,0.17391304347826086
2025-05-19,777861,24,5,2,51,8,112,MIN,0.20833333333333334,0.08333333333333333,0.1568627450980392
2025-05-21,777829,16,4,1,37,7,65,MIN,0.25,0.0625,0.1891891891891892
2025-05-23,777799,10,1,1,16,6,37,MIN,0.1,0.1,0.375
2025-05-24,777788,25,9,3,40,13,102,MIN,0.36,0.12,0.325
2025-05-25,777772,11,3,0,24,8,42,MIN,0.2727272727272727,0.0,0.3333333333333333
2025-05-26,777762,16,1,1,30,6,59,MIN,0.0625,0.0625,0.2
2025-05-27,777746,11,4,1,21,7,46,MIN,0.36363636363636365,0.09090909090909091,0.3333333333333333
2025-05-28,777732,11,4,1,26,7,45,MIN,0.36363636363636365,0.09090909090909091,0.2692307692307692
2025-05-30,777713,12,1,0,24,6,51,MIN,0.08333333333333333,0.0,0.25
2025-05-31,777695,26,5,1,45,12,109,MIN,0.19230769230769232,0.038461538461538464,0.26666666666666666
2025-06-01,777680,3,1,0,7,3,15,MIN,0.3333333333333333,0.0,0.42857142857142855
2025-06-02,777669,14,5,3,18,5,55,MIN,0.35714285714285715,0.21428571428571427,0.2777777777777778
2025-06-03,777658,16,6,1,28,7,63,MIN,0.375,0.0625,0.25
2025-06-04,777643,14,10,1,26,13,62,MIN,0.7142857142857143,0.07142857142857142,0.5
2025-06-05,777636,28,3,4,50,6,104,MIN,0.10714285714285714,0.14285714285714285,0.12
2025-06-06,777615,8,0,0,12,2,24,MIN,0.0,0.0,0.16666666666666666
2025-06-07,777600,15,4,0,29,10,55,MIN,0.26666666666666666,0.0,0.3448275862068966
2025-06-08,777585,13,2,0,30,6,56,MIN,0.15384615384615385,0.0,0.2
2025-06-10,777557,25,0,1,43,3,80,MIN,0.0,0.04,0.06976744186046512
2025-06-11,777556,13,3,0,25,6,42,MIN,0.23076923076923078,0.0,0.24
2025-06-12,777533,27,2,3,47,5,97,MIN,0.07407407407407407,0.1111111111111111,0.10638297872340426
2025-06-13,777527,16,8,2,27,11,52,MIN,0.5,0.125,0.4074074074074074
2025-06-14,777510,9,3,2,14,5,33,MIN,0.3333333333333333,0.2222222222222222,0.35714285714285715
2025-06-15,777494,18,4,1,32,9,65,MIN,0.2222222222222222,0.05555555555555555,0.28125
2025-06-17,777478,21,4,5,34,7,82,MIN,0.19047619047619047,0.23809523809523808,0.20588235294117646
2025-06-19,777452,17,7,1,35,9,73,MIN,0.4117647058823529,0.058823529411764705,0.2571428571428571
2025-06-20,777434,29,3,3,45,5,101,MIN,0.10344827586206896,0.10344827586206896,0.1111111111111111
2025-06-21,777412,18,0,1,21,3,47,MIN,0.0,0.05555555555555555,0.14285714285714285
2025-06-22,777401,40,5,3,77,18,138,MIN,0.125,0.075,0.23376623376623376
2025-06-23,777388,11,3,0,20,4,36,MIN,0.2727272727272727,0.0,0.2
2025-06-24,777375,17,4,0,28,9,56,MIN,0.23529411764705882,0.0,0.32142857142857145
2025-06-25,777363,10,3,1,15,5,35,MIN,0.3,0.1,0.3333333333333333
2025-06-26,777356,17,3,1,29,6,68,MIN,0.17647058823529413,0.058823529411764705,0.20689655172413793
2025-06-27,777334,15,5,1,30,14,53,MIN,0.3333333333333333,0.06666666666666667,0.4666666666666667
2025-06-28,777324,15,2,4,30,8,60,MIN,0.13333333333333333,0.26666666666666666,0.26666666666666666
2025-06-29,777314,15,5,1,25,11,45,MIN,0.3333333333333333,0.06666666666666667,0.44
2025-07-01,777293,6,0,0,10,1,23,MIN,0.0,0.0,0.1
2025-07-02,777275,17,2,1,29,7,59,MIN,0.11764705882352941,0.058823529411764705,0.2413793103448276
2025-07-03,777263,8,1,0,17,3,29,MIN,0.125,0.0,0.17647058823529413
2025-07-04,777247,16,3,2,26,8,58,MIN,0.1875,0.125,0.3076923076923077
2025-07-05,777230,36,5,2,64,15,132,MIN,0.1388888888888889,0.05555555555555555,0.234375
2025-07-06,777220,19,1,0,29,5,49,MIN,0.05263157894736842,0.0,0.1724137931034483
2025-07-08,777190,17,5,2,37,16,77,MIN,0.29411764705882354,0.11764705882352941,0.43243243243243246
2025-07-09,777173,12,3,0,23,6,39,MIN,0.25,0.0,0.2608695652173913
2025-07-10,777166,15,4,0,31,7,46,MIN,0.26666666666666666,0.0,0.22580645161290322
2025-07-11,777148,14,4,0,31,9,48,MIN,0.2857142857142857,0.0,0.2903225806451613
2025-07-12,777134,31,7,3,59,11,137,MIN,0.22580645161290322,0.0967741935483871,0.1864406779661017
2025-07-13,777113,17,5,1,25,6,53,MIN,0.29411764705882354,0.058823529411764705,0.24
2025-07-18,777102,15,4,1,27,5,57,MIN,0.26666666666666666,0.06666666666666667,0.18518518518518517
2025-07-19,777080,19,3,0,35,9,58,MIN,0.15789473684210525,0.0,0.2571428571428571
2025-07-20,777072,7,2,0,15,4,24,MIN,0.2857142857142857,0.0,0.26666666666666666
2025-07-21,777051,10,3,0,18,7,35,MIN,0.3,0.0,0.3888888888888889
2025-07-22,777039,25,6,1,45,13,93,MIN,0.24,0.04,0.28888888888888886
2025-07-23,777022,19,0,3,33,6,76,MIN,0.0,0.15789473684210525,0.18181818181818182
2025-07-25,777011,11,3,1,24,7,42,MIN,0.2727272727272727,0.09090909090909091,0.2916666666666667
2025-07-26,776997,18,4,1,33,8,66,MIN,0.2222222222222222,0.05555555555555555,0.24242424242424243
2025-07-27,776979,34,5,4,68,14,140,MIN,0.14705882352941177,0.11764705882352941,0.20588235294117646
2025-07-28,776961,17,5,2,34,13,72,MIN,0.29411764705882354,0.11764705882352941,0.38235294117647056
2025-07-29,776954,27,2,2,45,4,104,MIN,0.07407407407407407,0.07407407407407407,0.08888888888888889
2025-07-30,776935,26,7,3,45,11,108,MIN,0.2692307692307692,0.11538461538461539,0.24444444444444444
2025-08-01,776924,16,2,0,23,2,59,MIN,0.125,0.0,0.08695652173913043
2025-08-02,776905,14,2,1,26,7,52,MIN,0.14285714285714285,0.07142857142857142,0.2692307692307692
2025-08-03,776892,22,6,2,35,9,94,MIN,0.2727272727272727,0.09090909090909091,0.2571428571428571
2025-08-04,776874,15,2,1,24,6,47,MIN,0.13333333333333333,0.06666666666666667,0.25
2025-08-05,776861,16,4,0,40,9,68,MIN,0.25,0.0,0.225
2025-08-06,776859,22,4,1,42,9,87,MIN,0.18181818181818182,0.045454545454545456,0.21428571428571427
2025-08-08,776827,19,3,2,34,7,69,MIN,0.15789473684210525,0.10526315789473684,0.20588235294117646
2025-08-09,776816,14,0,2,21,1,55,MIN,0.0,0.14285714285714285,0.047619047619047616
2025-08-10,776796,34,7,3,60,12,133,MIN,0.20588235294117646,0.08823529411764706,0.2
2025-08-11,776790,12,3,1,17,3,42,MIN,0.25,0.08333333333333333,0.17647058823529413
2025-08-12,776774,30,3,6,56,9,129,MIN,0.1,0.2,0.16071428571428573
2025-08-13,776760,7,2,0,13,1,32,MIN,0.2857142857142857,0.0,0.07692307692307693
2025-08-14,776744,20,2,2,33,9,69,MIN,0.1,0.1,0.2727272727272727
2025-08-15,776732,22,4,1,36,5,84,MIN,0.18181818181818182,0.045454545454545456,0.1388888888888889
2025-08-16,776716,28,4,5,49,8,128,MIN,0.14285714285714285,0.17857142857142858,0.16326530612244897
2025-08-17,776700,12,8,0,28,7,55,MIN,0.6666666666666666,0.0,0.25
2025-08-19,776674,18,3,0,39,7,83,MIN,0.16666666666666666,0.0,0.1794871794871795
2025-08-20,776665,20,6,3,32,11,84,MIN,0.3,0.15,0.34375
2025-08-21,776653,18,3,1,33,3,67,MIN,0.16666666666666666,0.05555555555555555,0.09090909090909091
2025-08-22,776639,20,2,5,34,3,84,MIN,0.1,0.25,0.08823529411764706
2025-08-23,776619,17,5,0,31,4,54,MIN,0.29411764705882354,0.0,0.12903225806451613
2025-08-24,776607,13,3,0,20,6,46,MIN,0.23076923076923078,0.0,0.3
2025-08-25,776596,15,0,4,16,1,59,MIN,0.0,0.26666666666666666,0.0625
2025-08-26,776582,17,4,1,36,7,73,MIN,0.23529411764705882,0.058823529411764705,0.19444444444444445
2025-08-27,776567,22,7,2,36,10,87,MIN,0.3181818181818182,0.09090909090909091,0.2777777777777778
2025-08-29,776541,13,3,3,22,4,64,MIN,0.23076923076923078,0.23076923076923078,0.18181818181818182
2025-08-30,776530,30,3,4,66,14,143,MIN,0.1,0.13333333333333333,0.21212121212121213
2025-08-31,776513,10,1,1,15,2,37,MIN,0.1,0.1,0.13333333333333333
2025-09-01,776502,19,2,1,38,5,74,MIN,0.10526315789473684,0.05263157894736842,0.13157894736842105
2025-09-02,776484,28,8,3,55,17,124,MIN,0.2857142857142857,0.10714285714285714,0.3090909090909091
2025-09-03,776469,13,5,1,24,8,53,MIN,0.38461538461538464,0.07692307692307693,0.3333333333333333
2025-09-04,776462,22,3,0,40,8,87,MIN,0.13636363636363635,0.0,0.2
2025-09-05,776446,7,2,0,12,2,28,MIN,0.2857142857142857,0.0,0.16666666666666666
2025-09-06,776434,29,4,2,56,9,115,MIN,0.13793103448275862,0.06896551724137931,0.16071428571428573
2025-09-07,776422,16,1,4,33,3,72,MIN,0.0625,0.25,0.09090909090909091
2025-09-08,776411,17,7,4,40,19,81,MIN,0.4117647058823529,0.23529411764705882,0.475
2025-09-09,776390,21,2,1,45,9,82,MIN,0.09523809523809523,0.047619047619047616,0.2
2025-09-10,776376,6,0,0,12,2,18,MIN,0.0,0.0,0.16666666666666666
2025-09-12,776355,20,0,1,33,4,65,MIN,0.0,0.05,0.12121212121212122
2025-09-13,776337,25,8,2,43,11,100,MIN,0.32,0.08,0.2558139534883721
2025-09-14,776324,17,4,1,27,7,62,MIN,0.23529411764705882,0.058823529411764705,0.25925925925925924
2025-09-15,776313,11,3,2,20,3,59,MIN,0.2727272727272727,0.18181818181818182,0.15
2025-09-16,776298,22,2,1,47,7,96,MIN,0.09090909090909091,0.045454545454545456,0.14893617021276595
2025-09-17,776284,20,4,0,32,11,77,MIN,0.2,0.0,0.34375
2025-09-19,776263,23,8,0,38,12,86,MIN,0.34782608695652173,0.0,0.3157894736842105
2025-09-20,776243,16,6,3,30,8,71,MIN,0.375,0.1875,0.26666666666666666
2025-09-20,777839,15,2,1,23,3,52,MIN,0.13333333333333333,0.06666666666666667,0.13043478260869565
2025-09-21,776225,13,3,0,29,5,57,MIN,0.23076923076923078,0.0,0.1724137931034483
2025-09-23,776210,6,2,0,10,3,20,MIN,0.3333333333333333,0.0,0.3
2025-09-24,776192,11,2,1,20,5,43,MIN,0.18181818181818182,0.09090909090909091,0.25
2025-09-25,776183,10,4,0,23,7,47,MIN,0.4,0.0,0.30434782608695654
2025-09-26,776176,13,3,1,24,10,53,MIN,0.23076923076923078,0.07692307692307693,0.4166666666666667
2025-09-27,776163,13,4,0,27,9,53,MIN,0.3076923076923077,0.0,0.3333333333333333
2025-09-28,776141,14,2,1,26,4,58,MIN,0.14285714285714285,0.07142857142857142,0.15384615384615385
2025-03-27,778559,13,3,1,27,8,48,NYM,0.23076923076923078,0.07692307692307693,0.2962962962962963
2025-03-28,778518,15,4,3,31,6,69,NYM,0.26666666666666666,0.2,0.1935483870967742
2025-03-29,778530,10,2,2,14,5,33,NYM,0.2,0.2,0.35714285714285715
2025-03-31,778509,15,3,1,22,6,54,NYM,0.2,0.06666666666666667,0.2727272727272727
2025-04-01,778497,9,1,0,12,1,22,NYM,0.1111111111111111,0.0,0.08333333333333333
2025-04-02,778481,28,5,2,41,6,90,NYM,0.17857142857142858,0.07142857142857142,0.14634146341463414
2025-04-04,778465,13,6,0,29,11,57,NYM,0.46153846153846156,0.0,0.3793103448275862
2025-04-05,778446,21,5,1,43,11,81,NYM,0.23809523809523808,0.047619047619047616,0.2558139534883721
2025-04-06,778435,16,5,0,26,6,56,NYM,0.3125,0.0,0.23076923076923078
2025-04-07,778416,14,4,1,18,6,49,NYM,0.2857142857142857,0.07142857142857142,0.3333333333333333
2025-04-08,778407,13,4,0,23,6,57,NYM,0.3076923076923077,0.0,0.2608695652173913
2025-04-09,778390,21,5,2,34,13,80,NYM,0.23809523809523808,0.09523809523809523,0.38235294117647056
2025-04-11,778358,17,4,4,29,12,68,NYM,0.23529411764705882,0.23529411764705882,0.41379310344827586
2025-04-12,778346,8,2,0,15,5,29,NYM,0.25,0.0,0.3333333333333333
2025-04-13,778333,7,2,0,15,4,29,NYM,0.2857142857142857,0.0,0.26666666666666666
2025-04-14,778324,13,5,1,21,4,58,NYM,0.38461538461538464,0.07692307692307693,0.19047619047619047
2025-04-15,778307,13,2,0,24,4,56,NYM,0.15384615384615385,0.0,0.16666666666666666
2025-04-16,778299,35,11,3,72,23,148,NYM,0.3142857142857143,0.08571428571428572,0.3194444444444444
2025-04-17,778278,11,3,2,28,5,56,NYM,0.2727272727272727,0.18181818181818182,0.17857142857142858
2025-04-18,778270,12,6,0,24,6,57,NYM,0.5,0.0,0.25
2025-04-19,778256,13,2,3,18,4,51,NYM,0.15384615384615385,0.23076923076923078,0.2222222222222222
2025-04-20,778244,14,5,1,25,8,57,NYM,0.35714285714285715,0.07142857142857142,0.32
2025-04-21,778225,17,3,0,34,9,59,NYM,0.17647058823529413,0.0,0.2647058823529412
2025-04-22,778223,14,3,3,31,3,66,NYM,0.21428571428571427,0.21428571428571427,0.0967741935483871
2025-04-23,778203,19,5,3,35,10,80,NYM,0.2631578947368421,0.15789473684210525,0.2857142857142857
2025-04-25,778183,14,2,0,27,8,51,NYM,0.14285714285714285,0.0,0.2962962962962963
2025-04-26,778173,17,8,2,31,8,81,NYM,0.47058823529411764,0.11764705882352941,0.25806451612903225
2025-04-27,778153,16,2,2,31,8,62,NYM,0.125,0.125,0.25806451612903225
2025-04-28,778138,21,4,1,43,6,80,NYM,0.19047619047619047,0.047619047619047616,0.13953488372093023
2025-04-29,778130,17,5,1,31,8,71,NYM,0.29411764705882354,0.058823529411764705,0.25806451612903225
2025-04-30,778117,30,6,1,57,11,112,NYM,0.2,0.03333333333333333,0.19298245614035087
2025-05-01,778103,22,5,2,35,8,87,NYM,0.22727272727272727,0.09090909090909091,0.22857142857142856
2025-05-02,778084,10,2,1,16,5,32,NYM,0.2,0.1,0.3125
2025-05-04,778053,18,3,2,32,4,71,NYM,0.16666666666666666,0.1111111111111111,0.125
2025-05-04,778068,15,3,0,31,4,51,NYM,0.2,0.0,0.12903225806451613
2025-05-05,778039,16,4,3,26,6,66,NYM,0.25,0.1875,0.23076923076923078
2025-05-06,778032,9,0,1,19,1,39,NYM,0.0,0.1111111111111111,0.05263157894736842
2025-05-07,778014,13,2,0,30,5,45,NYM,0.15384615384615385,0.0,0.16666666666666666
2025-05-09,778001,13,6,2,31,11,60,NYM,0.46153846153846156,0.15384615384615385,0.3548387096774194
2025-05-10,777982,17,3,2,32,8,60,NYM,0.17647058823529413,0.11764705882352941,0.25
2025-05-11,777968,11,2,1,24,5,42,NYM,0.18181818181818182,0.09090909090909091,0.20833333333333334
2025-05-12,777950,12,1,1,30,5,50,NYM,0.08333333333333333,0.08333333333333333,0.16666666666666666
2025-05-13,777943,15,4,3,23,6,61,NYM,0.26666666666666666,0.2,0.2608695652173913
2025-05-14,777919,12,5,1,20,7,48,NYM,0.4166666666666667,0.08333333333333333,0.35
2025-05-16,777904,22,2,2,37,9,70,NYM,0.09090909090909091,0.09090909090909091,0.24324324324324326
2025-05-17,777888,14,3,3,28,4,60,NYM,0.21428571428571427,0.21428571428571427,0.14285714285714285
2025-05-18,777878,15,3,4,37,10,78,NYM,0.2,0.26666666666666666,0.2702702702702703
2025-05-19,777856,9,0,1,17,2,36,NYM,0.0,0.1111111111111111,0.11764705882352941
2025-05-20,777851,7,2,0,14,0,30,NYM,0.2857142857142857,0.0,0.0
2025-05-21,777831,15,6,1,34,11,62,NYM,0.4,0.06666666666666667,0.3235294117647059
2025-05-23,777808,43,10,3,64,17,145,NYM,0.23255813953488372,0.06976744186046512,0.265625
2025-05-24,777789,4,3,0,7,4,16,NYM,0.75,0.0,0.5714285714285714
2025-05-25,777773,11,2,0,25,6,41,NYM,0.18181818181818182,0.0,0.24
2025-05-26,777758,14,3,4,27,6,60,NYM,0.21428571428571427,0.2857142857142857,0.2222222222222222
2025-05-27,777749,16,4,1,30,10,62,NYM,0.25,0.0625,0.3333333333333333
2025-05-28,777737,28,3,2,58,7,112,NYM,0.10714285714285714,0.07142857142857142,0.1206896551724138
2025-05-30,777718,11,6,0,28,10,49,NYM,0.5454545454545454,0.0,0.35714285714285715
2025-05-31,777700,10,2,2,18,6,38,NYM,0.2,0.2,0.3333333333333333
2025-06-01,777686,8,5,0,16,7,34,NYM,0.625,0.0,0.4375
2025-06-02,777675,24,7,3,52,15,113,NYM,0.2916666666666667,0.125,0.28846153846153844
2025-06-03,777657,16,5,2,29,11,63,NYM,0.3125,0.125,0.3793103448275862
2025-06-04,777638,13,3,0,26,7,48,NYM,0.23076923076923078,0.0,0.2692307692307692
2025-06-05,777631,8,1,1,12,2,29,NYM,0.125,0.125,0.16666666666666666
2025-06-06,777616,12,2,1,30,10,49,NYM,0.16666666666666666,0.08333333333333333,0.3333333333333333
2025-06-07,777604,9,3,0,17,5,39,NYM,0.3333333333333333,0.0,0.29411764705882354
2025-06-08,777583,19,3,1,36,10,71,NYM,0.15789473684210525,0.05263157894736842,0.2777777777777778
2025-06-10,777570,17,7,2,32,13,64,NYM,0.4117647058823529,0.11764705882352941,0.40625
2025-06-12,777544,16,1,1,28,4,58,NYM,0.0625,0.0625,0.14285714285714285
2025-06-13,777528,22,1,1,35,6,68,NYM,0.045454545454545456,0.045454545454545456,0.17142857142857143
2025-06-14,777518,21,6,1,40,9,79,NYM,0.2857142857142857,0.047619047619047616,0.225
2025-06-15,777502,23,6,4,51,13,96,NYM,0.2608695652173913,0.17391304347826086,0.2549019607843137
2025-06-17,777489,12,2,1,21,4,50,NYM,0.16666666666666666,0.08333333333333333,0.19047619047619047
2025-06-18,777470,18,3,2,35,5,72,NYM,0.16666666666666666,0.1111111111111111,0.14285714285714285
2025-06-19,777455,17,1,3,27,4,67,NYM,0.058823529411764705,0.17647058823529413,0.14814814814814814
2025-06-20,777437,24,4,2,40,10,89,NYM,0.16666666666666666,0.08333333333333333,0.25
2025-06-21,777423,14,3,0,26,7,52,NYM,0.21428571428571427,0.0,0.2692307692307692
2025-06-22,777405,16,4,0,34,6,65,NYM,0.25,0.0,0.17647058823529413
2025-06-23,777389,17,8,1,45,18,84,NYM,0.47058823529411764,0.058823529411764705,0.4
2025-06-24,777387,24,4,6,46,13,109,NYM,0.16666666666666666,0.25,0.2826086956521739
2025-06-25,777369,17,5,3,32,6,73,NYM,0.29411764705882354,0.17647058823529413,0.1875
2025-06-26,777352,21,8,0,46,14,83,NYM,0.38095238095238093,0.0,0.30434782608695654
2025-06-27,777341,18,1,2,34,6,73,NYM,0.05555555555555555,0.1111111111111111,0.17647058823529413
2025-06-28,777325,32,6,5,54,18,127,NYM,0.1875,0.15625,0.3333333333333333
2025-06-29,777313,21,4,1,37,7,66,NYM,0.19047619047619047,0.047619047619047616,0.1891891891891892
2025-07-02,777276,34,10,3,66,12,144,NYM,0.29411764705882354,0.08823529411764706,0.18181818181818182
2025-07-02,777289,21,2,3,27,3,72,NYM,0.09523809523809523,0.14285714285714285,0.1111111111111111
2025-07-03,777257,7,5,0,16,8,31,NYM,0.7142857142857143,0.0,0.5
2025-07-04,777250,19,5,3,25,5,82,NYM,0.2631578947368421,0.15789473684210525,0.2
2025-07-05,777241,16,5,2,42,10,85,NYM,0.3125,0.125,0.23809523809523808
2025-07-06,777216,33,6,1,63,11,136,NYM,0.18181818181818182,0.030303030303030304,0.1746031746031746
2025-07-08,777198,18,3,1,32,11,67,NYM,0.16666666666666666,0.05555555555555555,0.34375
2025-07-10,777165,8,0,4,10,2,34,NYM,0.0,0.5,0.2
2025-07-10,777181,24,4,2,47,11,91,NYM,0.16666666666666666,0.08333333333333333,0.23404255319148937
2025-07-11,777151,20,2,0,36,6,75,NYM,0.1,0.0,0.16666666666666666
2025-07-12,777136,14,1,2,26,5,60,NYM,0.07142857142857142,0.14285714285714285,0.19230769230769232
2025-07-13,777124,15,7,0,31,11,65,NYM,0.4666666666666667,0.0,0.3548387096774194
2025-07-18,777111,29,4,5,40,7,112,NYM,0.13793103448275862,0.1724137931034483,0.175
2025-07-19,777092,13,4,0,24,6,48,NYM,0.3076923076923077,0.0,0.25
2025-07-20,777087,15,3,2,25,6,63,NYM,0.2,0.13333333333333333,0.24
2025-07-21,777061,24,5,1,44,10,83,NYM,0.20833333333333334,0.041666666666666664,0.22727272727272727
2025-07-22,777054,13,5,0,28,8,58,NYM,0.38461538461538464,0.0,0.2857142857142857
2025-07-23,777034,20,4,3,38,9,92,NYM,0.2,0.15,0.23684210526315788
2025-07-25,777004,15,7,0,30,10,56,NYM,0.4666666666666667,0.0,0.3333333333333333
2025-07-26,776985,10,3,0,19,7,36,NYM,0.3,0.0,0.3684210526315789
2025-07-27,776974,17,6,2,43,10,85,NYM,0.35294117647058826,0.11764705882352941,0.23255813953488372
2025-07-28,776959,22,6,2,46,14,89,NYM,0.2727272727272727,0.09090909090909091,0.30434782608695654
2025-07-29,776947,17,1,3,24,5,61,NYM,0.058823529411764705,0.17647058823529413,0.20833333333333334
2025-07-30,776931,17,5,3,28,6,65,NYM,0.29411764705882354,0.17647058823529413,0.21428571428571427
2025-08-01,776926,20,7,2,43,17,76,NYM,0.35,0.1,0.3953488372093023
2025-08-02,776911,20,4,0,47,5,96,NYM,0.2,0.0,0.10638297872340426
2025-08-03,776887,22,6,3,47,8,92,NYM,0.2727272727272727,0.13636363636363635,0.1702127659574468
2025-08-04,776876,17,6,0,36,11,66,NYM,0.35294117647058826,0.0,0.3055555555555556
2025-08-05,776863,17,3,0,27,5,58,NYM,0.17647058823529413,0.0,0.18518518518518517
2025-08-06,776846,11,2,0,20,3,41,NYM,0.18181818181818182,0.0,0.15
2025-08-08,776828,16,5,2,29,7,70,NYM,0.3125,0.125,0.2413793103448276
2025-08-09,776817,31,4,2,68,14,132,NYM,0.12903225806451613,0.06451612903225806,0.20588235294117646
2025-08-10,776799,18,2,1,37,7,81,NYM,0.1111111111111111,0.05555555555555555,0.1891891891891892
2025-08-12,776772,20,5,1,33,9,74,NYM,0.25,0.05,0.2727272727272727
2025-08-13,776756,22,5,2,33,7,85,NYM,0.22727272727272727,0.09090909090909091,0.21212121212121213
2025-08-14,776748,15,1,1,24,3,47,NYM,0.06666666666666667,0.06666666666666667,0.125
2025-08-15,776736,25,2,3,38,7,90,NYM,0.08,0.12,0.18421052631578946
2025-08-16,776726,13,4,0,28,10,53,NYM,0.3076923076923077,0.0,0.35714285714285715
2025-08-17,776707,19,4,2,42,8,81,NYM,0.21052631578947367,0.10526315789473684,0.19047619047619047
2025-08-19,776678,4,0,0,8,1,12,NYM,0.0,0.0,0.125
2025-08-20,776659,10,1,1,20,2,32,NYM,0.1,0.1,0.1
2025-08-21,776650,17,6,2,34,13,70,NYM,0.35294117647058826,0.11764705882352941,0.38235294117647056
2025-08-22,776645,13,1,1,27,7,52,NYM,0.07692307692307693,0.07692307692307693,0.25925925925925924
2025-08-23,776626,11,4,1,32,9,54,NYM,0.36363636363636365,0.09090909090909091,0.28125
2025-08-24,776624,12,1,1,16,1,41,NYM,0.08333333333333333,0.08333333333333333,0.0625
2025-08-25,776598,15,2,1,29,2,62,NYM,0.13333333333333333,0.06666666666666667,0.06896551724137931
2025-08-26,776585,21,7,3,46,14,92,NYM,0.3333333333333333,0.14285714285714285,0.30434782608695654
2025-08-27,776566,4,1,0,8,1,14,NYM,0.25,0.0,0.125
2025-08-28,776558,18,3,2,31,4,72,NYM,0.16666666666666666,0.1111111111111111,0.12903225806451613
2025-08-29,776548,22,4,1,38,9,86,NYM,0.18181818181818182,0.045454545454545456,0.23684210526315788
2025-08-30,776535,28,9,2,54,19,117,NYM,0.32142857142857145,0.07142857142857142,0.35185185185185186
2025-08-31,776519,17,4,2,29,5,58,NYM,0.23529411764705882,0.11764705882352941,0.1724137931034483
2025-09-01,776501,23,4,1,43,9,71,NYM,0.17391304347826086,0.043478260869565216,0.20930232558139536
2025-09-02,776490,15,1,2,23,3,49,NYM,0.06666666666666667,0.13333333333333333,0.13043478260869565
2025-09-03,776478,16,3,1,31,8,59,NYM,0.1875,0.0625,0.25806451612903225
2025-09-05,776450,16,7,3,28,9,67,NYM,0.4375,0.1875,0.32142857142857145
2025-09-06,776439,11,1,2,19,2,38,NYM,0.09090909090909091,0.18181818181818182,0.10526315789473684
2025-09-07,776429,7,2,0,14,4,28,NYM,0.2857142857142857,0.0,0.2857142857142857
2025-09-08,776405,8,3,0,17,10,29,NYM,0.375,0.0,0.5882352941176471
2025-09-09,776404,17,3,0,45,8,75,NYM,0.17647058823529413,0.0,0.17777777777777778
2025-09-10,776384,23,7,1,35,9,82,NYM,0.30434782608695654,0.043478260869565216,0.2571428571428571
2025-09-11,776371,15,2,2,26,7,52,NYM,0.13333333333333333,0.13333333333333333,0.2692307692307692
2025-09-12,776359,34,2,2,61,8,119,NYM,0.058823529411764705,0.058823529411764705,0.13114754098360656
2025-09-13,776349,16,3,1,24,6,49,NYM,0.1875,0.0625,0.25
2025-09-14,776335,17,1,2,27,7,53,NYM,0.058823529411764705,0.11764705882352941,0.25925925925925924
2025-09-16,776304,19,4,0,39,8,71,NYM,0.21052631578947367,0.0,0.20512820512820512
2025-09-17,776288,19,3,2,36,9,67,NYM,0.15789473684210525,0.10526315789473684,0.25
2025-09-18,776276,14,2,0,25,5,49,NYM,0.14285714285714285,0.0,0.2
2025-09-19,776259,19,5,0,35,7,72,NYM,0.2631578947368421,0.0,0.2
2025-09-20,776252,21,6,1,43,13,71,NYM,0.2857142857142857,0.047619047619047616,0.3023255813953488
2025-09-21,776237,23,9,0,53,24,94,NYM,0.391304347826087,0.0,0.4528301886792453
2025-09-23,776209,31,10,3,64,16,132,NYM,0.3225806451612903,0.0967741935483871,0.25
2025-09-24,776205,24,5,1,42,10,85,NYM,0.20833333333333334,0.041666666666666664,0.23809523809523808
2025-09-25,776187,12,3,0,27,1,49,NYM,0.25,0.0,0.037037037037037035
2025-09-26,776173,15,4,0,30,6,61,NYM,0.26666666666666666,0.0,0.2
2025-09-27,776161,10,3,0,18,4,37,NYM,0.3,0.0,0.2222222222222222
2025-09-28,776148,30,3,1,58,12,104,NYM,0.1,0.03333333333333333,0.20689655172413793
2025-03-27,778557,16,6,2,39,10,86,NYY,0.375,0.125,0.2564102564102564
2025-03-29,778538,19,5,0,35,6,71,NYY,0.2631578947368421,0.0,0.17142857142857143
2025-03-30,778523,15,7,1,25,8,57,NYY,0.4666666666666667,0.06666666666666667,0.32
2025-04-01,778492,19,7,3,26,11,63,NYY,0.3684210526315789,0.15789473684210525,0.4230769230769231
2025-04-02,778484,12,1,3,18,4,44,NYY,0.08333333333333333,0.25,0.2222222222222222
2025-04-03,778466,17,4,3,27,8,69,NYY,0.23529411764705882,0.17647058823529413,0.2962962962962963
2025-04-04,778461,15,5,2,31,10,60,NYY,0.3333333333333333,0.13333333333333333,0.3225806451612903
2025-04-05,778449,16,7,2,23,4,71,NYY,0.4375,0.125,0.17391304347826086
2025-04-06,778428,24,7,3,53,12,105,NYY,0.2916666666666667,0.125,0.22641509433962265
2025-04-07,778424,9,2,2,10,2,30,NYY,0.2222222222222222,0.2222222222222222,0.2
2025-04-08,778403,14,6,0,27,12,49,NYY,0.42857142857142855,0.0,0.4444444444444444
2025-04-09,778387,11,3,2,19,5,47,NYY,0.2727272727272727,0.18181818181818182,0.2631578947368421
2025-04-11,778370,24,6,8,46,9,117,NYY,0.25,0.3333333333333333,0.1956521739130435
2025-04-12,778355,22,6,4,38,11,98,NYY,0.2727272727272727,0.18181818181818182,0.2894736842105263
2025-04-13,778339,14,6,2,34,10,64,NYY,0.42857142857142855,0.14285714285714285,0.29411764705882354
2025-04-14,778327,15,4,2,31,9,62,NYY,0.26666666666666666,0.13333333333333333,0.2903225806451613
2025-04-15,778312,7,2,0,17,5,27,NYY,0.2857142857142857,0.0,0.29411764705882354
2025-04-16,778300,11,4,1,15,6,42,NYY,0.36363636363636365,0.09090909090909091,0.4
2025-04-17,778282,30,6,1,57,12,105,NYY,0.2,0.03333333333333333,0.21052631578947367
2025-04-18,778272,9,6,0,28,13,46,NYY,0.6666666666666666,0.0,0.4642857142857143
2025-04-19,778255,21,3,2,32,8,67,NYY,0.14285714285714285,0.09523809523809523,0.25
2025-04-20,778240,6,1,3,7,2,26,NYY,0.16666666666666666,0.5,0.2857142857142857
2025-04-21,778227,17,0,1,25,4,61,NYY,0.0,0.058823529411764705,0.16
2025-04-22,778218,13,1,1,23,4,41,NYY,0.07692307692307693,0.07692307692307693,0.17391304347826086
2025-04-23,778206,7,2,0,11,5,22,NYY,0.2857142857142857,0.0,0.45454545454545453
2025-04-25,778185,18,0,0,24,1,54,NYY,0.0,0.0,0.041666666666666664
2025-04-27,778156,15,2,1,17,2,43,NYY,0.13333333333333333,0.06666666666666667,0.11764705882352941
2025-04-27,778170,13,6,0,27,7,54,NYY,0.46153846153846156,0.0,0.25925925925925924
2025-04-28,778140,16,4,1,36,9,67,NYY,0.25,0.0625,0.25
2025-04-29,778133,12,4,2,17,6,36,NYY,0.3333333333333333,0.16666666666666666,0.35294117647058826
2025-04-30,778115,19,6,3,28,13,69,NYY,0.3157894736842105,0.15789473684210525,0.4642857142857143
2025-05-02,778088,6,3,0,11,3,19,NYY,0.5,0.0,0.2727272727272727
2025-05-03,778074,23,6,3,46,9,99,NYY,0.2608695652173913,0.13043478260869565,0.1956521739130435
2025-05-04,778057,24,4,2,36,5,78,NYY,0.16666666666666666,0.08333333333333333,0.1388888888888889
2025-05-05,778045,13,2,3,18,4,49,NYY,0.15384615384615385,0.23076923076923078,0.2222222222222222
2025-05-06,778041,14,2,1,26,6,47,NYY,0.14285714285714285,0.07142857142857142,0.23076923076923078
2025-05-07,778019,14,3,3,23,9,56,NYY,0.21428571428571427,0.21428571428571427,0.391304347826087
2025-05-09,777994,8,1,0,13,4,26,NYY,0.125,0.0,0.3076923076923077
2025-05-10,777972,14,4,2,25,11,52,NYY,0.2857142857142857,0.14285714285714285,0.44
2025-05-11,777957,14,2,2,29,4,55,NYY,0.14285714285714285,0.14285714285714285,0.13793103448275862
2025-05-12,777941,13,4,1,25,8,50,NYY,0.3076923076923077,0.07692307692307693,0.32
2025-05-13,777926,17,8,0,36,11,68,NYY,0.47058823529411764,0.0,0.3055555555555556
2025-05-14,777915,15,6,1,35,12,64,NYY,0.4,0.06666666666666667,0.34285714285714286
2025-05-16,777904,17,6,2,37,8,73,NYY,0.35294117647058826,0.11764705882352941,0.21621621621621623
2025-05-17,777888,13,1,1,22,5,45,NYY,0.07692307692307693,0.07692307692307693,0.22727272727272727
2025-05-18,777878,11,3,1,30,5,49,NYY,0.2727272727272727,0.09090909090909091,0.16666666666666666
2025-05-20,777849,14,4,1,27,8,56,NYY,0.2857142857142857,0.07142857142857142,0.2962962962962963
2025-05-21,777835,21,3,2,41,7,85,NYY,0.14285714285714285,0.09523809523809523,0.17073170731707318
2025-05-22,777818,11,4,0,21,9,39,NYY,0.36363636363636365,0.0,0.42857142857142855
2025-05-23,777802,12,2,0,17,2,36,NYY,0.16666666666666666,0.0,0.11764705882352941
2025-05-24,777782,7,3,0,13,6,23,NYY,0.42857142857142855,0.0,0.46153846153846156
2025-05-25,777768,23,6,2,50,19,94,NYY,0.2608695652173913,0.08695652173913043,0.38
2025-05-26,777763,13,4,1,26,8,52,NYY,0.3076923076923077,0.07692307692307693,0.3076923076923077
2025-05-27,777745,9,1,0,13,1,31,NYY,0.1111111111111111,0.0,0.07692307692307693
2025-05-28,777728,11,4,1,17,4,47,NYY,0.36363636363636365,0.09090909090909091,0.23529411764705882
2025-05-30,777708,15,1,1,29,4,60,NYY,0.06666666666666667,0.06666666666666667,0.13793103448275862
2025-05-31,777698,37,3,3,72,11,130,NYY,0.08108108108108109,0.08108108108108109,0.1527777777777778
2025-06-01,777682,11,5,0,22,6,46,NYY,0.45454545454545453,0.0,0.2727272727272727
2025-06-03,777664,9,1,1,28,7,46,NYY,0.1111111111111111,0.1111111111111111,0.25
2025-06-04,777653,14,4,0,26,8,43,NYY,0.2857142857142857,0.0,0.3076923076923077
2025-06-05,777644,12,3,0,24,4,40,NYY,0.25,0.0,0.16666666666666666
2025-06-06,777627,16,6,0,25,11,56,NYY,0.375,0.0,0.44
2025-06-07,777605,21,5,3,41,9,78,NYY,0.23809523809523808,0.14285714285714285,0.21951219512195122
2025-06-08,777593,22,4,2,48,10,89,NYY,0.18181818181818182,0.09090909090909091,0.20833333333333334
2025-06-10,777572,11,1,2,19,2,46,NYY,0.09090909090909091,0.18181818181818182,0.10526315789473684
2025-06-11,777551,15,2,0,28,6,52,NYY,0.13333333333333333,0.0,0.21428571428571427
2025-06-12,777536,12,1,1,25,7,48,NYY,0.08333333333333333,0.08333333333333333,0.28
2025-06-13,777537,20,6,2,39,15,73,NYY,0.3,0.1,0.38461538461538464
2025-06-14,777516,9,1,1,14,2,32,NYY,0.1111111111111111,0.1111111111111111,0.14285714285714285
2025-06-15,777500,4,2,1,9,4,20,NYY,0.5,0.25,0.4444444444444444
2025-06-16,777487,15,4,1,28,10,53,NYY,0.26666666666666666,0.06666666666666667,0.35714285714285715
2025-06-17,777476,14,2,0,23,7,38,NYY,0.14285714285714285,0.0,0.30434782608695654
2025-06-18,777466,19,4,4,27,6,73,NYY,0.21052631578947367,0.21052631578947367,0.2222222222222222
2025-06-19,777449,11,3,0,16,5,40,NYY,0.2727272727272727,0.0,0.3125
2025-06-20,777438,13,4,1,30,7,55,NYY,0.3076923076923077,0.07692307692307693,0.23333333333333334
2025-06-21,777422,8,1,1,17,2,36,NYY,0.125,0.125,0.11764705882352941
2025-06-22,777406,11,4,2,19,7,44,NYY,0.36363636363636365,0.18181818181818182,0.3684210526315789
2025-06-23,777390,16,4,1,30,8,74,NYY,0.25,0.0625,0.26666666666666666
2025-06-24,777385,21,2,2,34,7,86,NYY,0.09523809523809523,0.09523809523809523,0.20588235294117646
2025-06-25,777367,6,3,0,10,6,22,NYY,0.5,0.0,0.6
2025-06-27,777337,13,4,0,26,7,53,NYY,0.3076923076923077,0.0,0.2692307692307692
2025-06-28,777326,16,2,3,35,6,69,NYY,0.125,0.1875,0.17142857142857143
2025-06-29,777307,19,4,4,36,8,86,NYY,0.21052631578947367,0.21052631578947367,0.2222222222222222
2025-06-30,777295,13,2,0,23,4,41,NYY,0.15384615384615385,0.0,0.17391304347826086
2025-07-01,777283,16,4,4,29,8,77,NYY,0.25,0.25,0.27586206896551724
2025-07-02,777274,17,4,2,28,4,60,NYY,0.23529411764705882,0.11764705882352941,0.14285714285714285
2025-07-03,777260,24,5,2,56,11,110,NYY,0.20833333333333334,0.08333333333333333,0.19642857142857142
2025-07-04,777250,13,2,1,24,4,52,NYY,0.15384615384615385,0.07692307692307693,0.16666666666666666
2025-07-05,777241,16,4,2,28,7,61,NYY,0.25,0.125,0.25
2025-07-06,777216,15,2,1,24,5,53,NYY,0.13333333333333333,0.06666666666666667,0.20833333333333334
2025-07-08,777187,14,2,2,31,4,66,NYY,0.14285714285714285,0.14285714285714285,0.12903225806451613
2025-07-09,777184,15,7,0,30,15,53,NYY,0.4666666666666667,0.0,0.5
2025-07-10,777169,19,5,2,36,11,70,NYY,0.2631578947368421,0.10526315789473684,0.3055555555555556
2025-07-11,777153,4,1,0,5,1,11,NYY,0.25,0.0,0.2
2025-07-12,777142,20,3,1,32,4,62,NYY,0.15,0.05,0.125
2025-07-13,777122,16,7,0,34,6,62,NYY,0.4375,0.0,0.17647058823529413
2025-07-18,777114,30,6,3,53,9,110,NYY,0.2,0.1,0.16981132075471697
2025-07-19,777097,27,5,5,48,10,109,NYY,0.18518518518518517,0.18518518518518517,0.20833333333333334
2025-07-20,777083,11,3,0,22,4,37,NYY,0.2727272727272727,0.0,0.18181818181818182
2025-07-21,777066,10,0,1,23,2,47,NYY,0.0,0.1,0.08695652173913043
2025-07-22,777046,18,3,1,46,6,72,NYY,0.16666666666666666,0.05555555555555555,0.13043478260869565
2025-07-23,777027,13,1,1,17,2,28,NYY,0.07692307692307693,0.07692307692307693,0.11764705882352941
2025-07-25,777015,21,2,1,38,7,78,NYY,0.09523809523809523,0.047619047619047616,0.18421052631578946
2025-07-26,777001,28,4,2,46,9,104,NYY,0.14285714285714285,0.07142857142857142,0.1956521739130435
2025-07-27,776988,12,4,0,30,11,50,NYY,0.3333333333333333,0.0,0.36666666666666664
2025-07-28,776970,19,4,1,46,12,70,NYY,0.21052631578947367,0.05263157894736842,0.2608695652173913
2025-07-29,776949,11,1,1,19,6,36,NYY,0.09090909090909091,0.09090909090909091,0.3157894736842105
2025-07-30,776938,20,5,2,44,14,76,NYY,0.25,0.1,0.3181818181818182
2025-07-31,776927,13,6,0,20,9,46,NYY,0.46153846153846156,0.0,0.45
2025-08-01,776925,26,3,3,40,5,100,NYY,0.11538461538461539,0.11538461538461539,0.125
2025-08-02,776910,9,3,1,14,5,36,NYY,0.3333333333333333,0.1111111111111111,0.35714285714285715
2025-08-03,776891,19,5,2,37,12,73,NYY,0.2631578947368421,0.10526315789473684,0.32432432432432434
2025-08-04,776871,17,5,0,35,9,74,NYY,0.29411764705882354,0.0,0.2571428571428571
2025-08-05,776855,15,2,2,36,7,66,NYY,0.13333333333333333,0.13333333333333333,0.19444444444444445
2025-08-06,776845,17,6,3,28,9,74,NYY,0.35294117647058826,0.17647058823529413,0.32142857142857145
2025-08-08,776835,21,4,3,39,14,76,NYY,0.19047619047619047,0.14285714285714285,0.358974358974359
2025-08-09,776815,15,4,3,27,11,61,NYY,0.26666666666666666,0.2,0.4074074074074074
2025-08-10,776797,19,7,3,42,17,80,NYY,0.3684210526315789,0.15789473684210525,0.40476190476190477
2025-08-11,776790,7,4,0,17,8,33,NYY,0.5714285714285714,0.0,0.47058823529411764
2025-08-12,776774,6,3,0,7,3,20,NYY,0.5,0.0,0.42857142857142855
2025-08-13,776760,20,4,1,42,14,81,NYY,0.2,0.05,0.3333333333333333
2025-08-15,776731,15,6,2,25,12,54,NYY,0.4,0.13333333333333333,0.48
2025-08-16,776713,15,6,0,34,7,66,NYY,0.4,0.0,0.20588235294117646
2025-08-17,776698,16,3,2,34,10,56,NYY,0.1875,0.125,0.29411764705882354
2025-08-19,776677,16,1,1,23,2,53,NYY,0.0625,0.0625,0.08695652173913043
2025-08-20,776664,16,8,1,41,13,71,NYY,0.5,0.0625,0.3170731707317073
2025-08-21,776654,23,2,3,37,4,89,NYY,0.08695652173913043,0.13043478260869565,0.10810810810810811
2025-08-22,776647,13,2,1,25,8,51,NYY,0.15384615384615385,0.07692307692307693,0.32
2025-08-23,776627,25,4,2,38,7,94,NYY,0.16,0.08,0.18421052631578946
2025-08-24,776616,14,7,0,30,15,55,NYY,0.5,0.0,0.5
2025-08-25,776597,15,4,2,25,10,54,NYY,0.26666666666666666,0.13333333333333333,0.4
2025-08-26,776588,15,7,0,31,13,58,NYY,0.4666666666666667,0.0,0.41935483870967744
2025-08-27,776570,8,0,0,14,1,27,NYY,0.0,0.0,0.07142857142857142
2025-08-28,776556,12,7,0,24,10,46,NYY,0.5833333333333334,0.0,0.4166666666666667
2025-08-29,776544,15,2,1,29,3,56,NYY,0.13333333333333333,0.06666666666666667,0.10344827586206896
2025-08-30,776529,19,5,0,41,8,70,NYY,0.2631578947368421,0.0,0.1951219512195122
2025-08-31,776514,8,2,0,13,3,25,NYY,0.25,0.0,0.23076923076923078
2025-09-02,776489,6,4,0,13,5,30,NYY,0.6666666666666666,0.0,0.38461538461538464
2025-09-03,776472,19,4,4,39,12,81,NYY,0.21052631578947367,0.21052631578947367,0.3076923076923077
2025-09-04,776464,17,7,1,33,16,69,NYY,0.4117647058823529,0.058823529411764705,0.48484848484848486
2025-09-05,776457,29,5,2,54,10,107,NYY,0.1724137931034483,0.06896551724137931,0.18518518518518517
2025-09-06,776436,12,4,1,24,7,54,NYY,0.3333333333333333,0.08333333333333333,0.2916666666666667
2025-09-07,776423,8,1,1,16,4,34,NYY,0.125,0.125,0.25
2025-09-09,776398,24,3,5,38,8,96,NYY,0.125,0.20833333333333334,0.21052631578947367
2025-09-10,776383,20,2,0,37,3,73,NYY,0.1,0.0,0.08108108108108109
2025-09-11,776368,14,2,2,20,4,49,NYY,0.14285714285714285,0.14285714285714285,0.2
2025-09-12,776363,12,6,1,23,7,53,NYY,0.5,0.08333333333333333,0.30434782608695654
2025-09-13,776344,12,4,0,24,7,50,NYY,0.3333333333333333,0.0,0.2916666666666667
2025-09-14,776330,10,3,0,24,4,43,NYY,0.3,0.0,0.16666666666666666
2025-09-15,776313,11,1,2,20,2,47,NYY,0.09090909090909091,0.18181818181818182,0.1
2025-09-16,776298,19,4,0,31,8,59,NYY,0.21052631578947367,0.0,0.25806451612903225
2025-09-17,776284,15,6,0,28,12,54,NYY,0.4,0.0,0.42857142857142855
2025-09-18,776278,7,2,1,12,3,26,NYY,0.2857142857142857,0.14285714285714285,0.25
2025-09-19,776273,12,2,1,16,4,35,NYY,0.16666666666666666,0.08333333333333333,0.25
2025-09-20,776257,6,3,0,9,4,21,NYY,0.5,0.0,0.4444444444444444
2025-09-21,776240,20,7,5,34,15,84,NYY,0.35,0.25,0.4411764705882353
2025-09-23,776216,12,2,0,26,9,45,NYY,0.16666666666666666,0.0,0.34615384615384615
2025-09-24,776199,7,1,0,15,4,24,NYY,0.14285714285714285,0.0,0.26666666666666666
2025-09-25,776184,11,3,1,29,8,49,NYY,0.2727272727272727,0.09090909090909091,0.27586206896551724
2025-09-26,776174,19,6,5,29,14,82,NYY,0.3157894736842105,0.2631578947368421,0.4827586206896552
2025-09-27,776162,7,3,0,11,3,26,NYY,0.42857142857142855,0.0,0.2727272727272727
2025-09-28,776140,16,4,2,31,11,70,NYY,0.25,0.125,0.3548387096774194
2025-09-30,813074,15,2,3,30,7,59,NYY,0.13333333333333333,0.2,0.23333333333333334
2025-10-01,813070,10,3,0,21,5,49,NYY,0.3,0.0,0.23809523809523808
2025-03-27,778547,10,1,3,26,9,51,ATH,0.1,0.3,0.34615384615384615
2025-03-28,778541,13,4,2,25,8,56,ATH,0.3076923076923077,0.15384615384615385,0.32
2025-03-29,778521,16,8,2,33,13,79,ATH,0.5,0.125,0.3939393939393939
2025-03-30,778513,4,2,0,8,5,16,ATH,0.5,0.0,0.625
2025-03-31,778501,36,5,6,62,11,161,ATH,0.1388888888888889,0.16666666666666666,0.1774193548387097
2025-04-01,778494,12,2,0,19,3,52,ATH,0.16666666666666666,0.0,0.15789473684210525
2025-04-02,778471,28,6,3,51,11,113,ATH,0.21428571428571427,0.10714285714285714,0.21568627450980393
2025-04-04,778456,25,9,2,41,18,96,ATH,0.36,0.08,0.43902439024390244
2025-04-05,778442,12,3,1,22,10,46,ATH,0.25,0.08333333333333333,0.45454545454545453
2025-04-06,778423,24,8,1,36,11,79,ATH,0.3333333333333333,0.041666666666666664,0.3055555555555556
2025-04-07,778414,7,2,1,10,4,26,ATH,0.2857142857142857,0.14285714285714285,0.4
2025-04-08,778395,13,5,0,24,7,56,ATH,0.38461538461538464,0.0,0.2916666666666667
2025-04-09,778381,16,4,2,32,9,65,ATH,0.25,0.125,0.28125
2025-04-11,778358,23,5,4,48,14,109,ATH,0.21739130434782608,0.17391304347826086,0.2916666666666667
2025-04-12,778346,13,4,1,27,6,56,ATH,0.3076923076923077,0.07692307692307693,0.2222222222222222
2025-04-13,778333,22,1,3,29,3,80,ATH,0.045454545454545456,0.13636363636363635,0.10344827586206896
2025-04-15,778309,16,4,1,28,8,53,ATH,0.25,0.0625,0.2857142857142857
2025-04-16,778294,15,5,3,34,13,72,ATH,0.3333333333333333,0.2,0.38235294117647056
2025-04-17,778283,12,4,1,18,5,43,ATH,0.3333333333333333,0.08333333333333333,0.2777777777777778
2025-04-18,778261,16,1,1,26,2,56,ATH,0.0625,0.0625,0.07692307692307693
2025-04-19,778253,3,2,0,10,3,17,ATH,0.6666666666666666,0.0,0.3
2025-04-20,778239,31,0,3,54,7,117,ATH,0.0,0.0967741935483871,0.12962962962962962
2025-04-22,778213,16,5,3,23,6,62,ATH,0.3125,0.1875,0.2608695652173913
2025-04-23,778197,14,6,0,29,11,50,ATH,0.42857142857142855,0.0,0.3793103448275862
2025-04-24,778192,18,4,1,31,7,76,ATH,0.2222222222222222,0.05555555555555555,0.22580645161290322
2025-04-25,778178,13,3,1,27,9,54,ATH,0.23076923076923078,0.07692307692307693,0.3333333333333333
2025-04-26,778165,16,4,3,33,10,74,ATH,0.25,0.1875,0.30303030303030304
2025-04-27,778149,18,4,2,30,8,60,ATH,0.2222222222222222,0.1111111111111111,0.26666666666666666
2025-04-28,778143,13,1,2,26,8,50,ATH,0.07692307692307693,0.15384615384615385,0.3076923076923077
2025-04-29,778122,31,4,5,43,6,107,ATH,0.12903225806451613,0.16129032258064516,0.13953488372093023
2025-04-30,778106,15,5,2,37,9,66,ATH,0.3333333333333333,0.13333333333333333,0.24324324324324326
2025-05-01,778096,11,3,1,16,4,42,ATH,0.2727272727272727,0.09090909090909091,0.25
2025-05-02,778091,11,3,1,19,7,40,ATH,0.2727272727272727,0.09090909090909091,0.3684210526315789
2025-05-03,778075,18,5,4,31,8,78,ATH,0.2777777777777778,0.2222222222222222,0.25806451612903225
2025-05-04,778061,9,2,0,19,2,35,ATH,0.2222222222222222,0.0,0.10526315789473684
2025-05-05,778038,20,4,3,38,11,84,ATH,0.2,0.15,0.2894736842105263
2025-05-06,778024,21,7,2,30,8,70,ATH,0.3333333333333333,0.09523809523809523,0.26666666666666666
2025-05-07,778010,19,4,2,34,9,75,ATH,0.21052631578947367,0.10526315789473684,0.2647058823529412
2025-05-09,777994,23,4,3,32,6,79,ATH,0.17391304347826086,0.13043478260869565,0.1875
2025-05-10,777972,21,5,3,37,10,91,ATH,0.23809523809523808,0.14285714285714285,0.2702702702702703
2025-05-11,777957,26,8,3,42,14,96,ATH,0.3076923076923077,0.11538461538461539,0.3333333333333333
2025-05-13,777937,8,1,0,16,3,36,ATH,0.125,0.0,0.1875
2025-05-14,777917,17,2,2,26,5,68,ATH,0.11764705882352941,0.11764705882352941,0.19230769230769232
2025-05-15,777946,38,4,6,63,11,143,ATH,0.10526315789473684,0.15789473684210525,0.1746031746031746
2025-05-16,777891,21,6,2,34,11,87,ATH,0.2857142857142857,0.09523809523809523,0.3235294117647059
2025-05-17,777879,15,4,3,26,7,65,ATH,0.26666666666666666,0.2,0.2692307692307692
2025-05-18,777867,8,0,2,17,1,35,ATH,0.0,0.25,0.058823529411764705
2025-05-19,777853,17,6,0,34,12,75,ATH,0.35294117647058826,0.0,0.35294117647058826
2025-05-20,777843,20,4,0,36,10,79,ATH,0.2,0.0,0.2777777777777778
2025-05-21,777828,19,4,3,35,10,83,ATH,0.21052631578947367,0.15789473684210525,0.2857142857142857
2025-05-22,777812,20,5,4,33,10,91,ATH,0.25,0.2,0.30303030303030304
2025-05-23,777804,12,2,0,31,7,55,ATH,0.16666666666666666,0.0,0.22580645161290322
2025-05-24,777784,25,6,4,40,14,92,ATH,0.24,0.16,0.35
2025-05-25,777765,15,4,0,28,11,51,ATH,0.26666666666666666,0.0,0.39285714285714285
2025-05-27,777752,18,6,1,43,14,82,ATH,0.3333333333333333,0.05555555555555555,0.32558139534883723
2025-05-28,777734,12,1,2,17,3,40,ATH,0.08333333333333333,0.16666666666666666,0.17647058823529413
2025-05-29,777727,35,3,4,46,4,105,ATH,0.08571428571428572,0.11428571428571428,0.08695652173913043
2025-05-30,777716,31,2,4,50,8,120,ATH,0.06451612903225806,0.12903225806451613,0.16
2025-05-31,777701,6,1,0,12,2,23,ATH,0.16666666666666666,0.0,0.16666666666666666
2025-06-01,777685,17,3,1,25,5,59,ATH,0.17647058823529413,0.058823529411764705,0.2
2025-06-02,777669,19,4,4,38,7,84,ATH,0.21052631578947367,0.21052631578947367,0.18421052631578946
2025-06-03,777658,40,14,4,72,21,170,ATH,0.35,0.1,0.2916666666666667
2025-06-04,777643,35,8,4,61,15,139,ATH,0.22857142857142856,0.11428571428571428,0.2459016393442623
2025-06-05,777636,17,3,4,29,4,73,ATH,0.17647058823529413,0.23529411764705882,0.13793103448275862
2025-06-06,777613,19,6,3,43,16,87,ATH,0.3157894736842105,0.15789473684210525,0.37209302325581395
2025-06-07,777599,14,3,0,25,6,62,ATH,0.21428571428571427,0.0,0.24
2025-06-08,777588,19,4,0,33,6,63,ATH,0.21052631578947367,0.0,0.18181818181818182
2025-06-09,777576,32,9,1,61,24,115,ATH,0.28125,0.03125,0.39344262295081966
2025-06-10,777564,20,2,2,35,4,78,ATH,0.1,0.1,0.11428571428571428
2025-06-11,777542,15,3,2,29,12,63,ATH,0.2,0.13333333333333333,0.41379310344827586
2025-06-13,777529,7,1,2,12,1,30,ATH,0.14285714285714285,0.2857142857142857,0.08333333333333333
2025-06-14,777511,10,3,0,18,4,35,ATH,0.3,0.0,0.2222222222222222
2025-06-15,777496,11,5,0,24,5,48,ATH,0.45454545454545453,0.0,0.20833333333333334
2025-06-16,777485,12,7,0,18,10,47,ATH,0.5833333333333334,0.0,0.5555555555555556
2025-06-17,777469,32,4,4,50,8,124,ATH,0.125,0.125,0.16
2025-06-18,777456,23,3,2,41,8,77,ATH,0.13043478260869565,0.08695652173913043,0.1951219512195122
2025-06-19,777441,16,1,2,26,3,56,ATH,0.0625,0.125,0.11538461538461539
2025-06-20,777429,7,2,1,13,4,35,ATH,0.2857142857142857,0.14285714285714285,0.3076923076923077
2025-06-21,777411,18,7,1,34,7,81,ATH,0.3888888888888889,0.05555555555555555,0.20588235294117646
2025-06-22,777400,13,4,0,24,11,44,ATH,0.3076923076923077,0.0,0.4583333333333333
2025-06-24,777386,16,2,2,32,4,78,ATH,0.125,0.125,0.125
2025-06-25,777371,7,3,0,13,5,30,ATH,0.42857142857142855,0.0,0.38461538461538464
2025-06-26,777351,15,2,0,28,4,69,ATH,0.13333333333333333,0.0,0.14285714285714285
2025-06-27,777337,11,2,0,18,1,44,ATH,0.18181818181818182,0.0,0.05555555555555555
2025-06-28,777326,12,3,2,22,5,48,ATH,0.25,0.16666666666666666,0.22727272727272727
2025-06-29,777307,22,6,5,46,11,95,ATH,0.2727272727272727,0.22727272727272727,0.2391304347826087
2025-06-30,777296,18,6,0,23,7,61,ATH,0.3333333333333333,0.0,0.30434782608695654
2025-07-01,777286,20,4,0,28,10,76,ATH,0.2,0.0,0.35714285714285715
2025-07-02,777271,12,2,0,23,5,41,ATH,0.16666666666666666,0.0,0.21739130434782608
2025-07-04,777244,13,5,0,31,11,54,ATH,0.38461538461538464,0.0,0.3548387096774194
2025-07-05,777227,21,4,1,37,9,80,ATH,0.19047619047619047,0.047619047619047616,0.24324324324324326
2025-07-06,777210,22,5,2,43,12,100,ATH,0.22727272727272727,0.09090909090909091,0.27906976744186046
2025-07-08,777189,10,2,0,19,5,32,ATH,0.2,0.0,0.2631578947368421
2025-07-09,777176,13,1,3,28,1,63,ATH,0.07692307692307693,0.23076923076923078,0.03571428571428571
2025-07-10,777156,20,6,1,49,14,94,ATH,0.3,0.05,0.2857142857142857
2025-07-11,777152,21,3,2,34,6,72,ATH,0.14285714285714285,0.09523809523809523,0.17647058823529413
2025-07-12,777132,17,8,3,36,11,81,ATH,0.47058823529411764,0.17647058823529413,0.3055555555555556
2025-07-13,777116,7,4,0,21,9,42,ATH,0.5714285714285714,0.0,0.42857142857142855
2025-07-18,777105,17,7,2,35,10,74,ATH,0.4117647058823529,0.11764705882352941,0.2857142857142857
2025-07-19,777104,13,4,2,23,8,51,ATH,0.3076923076923077,0.15384615384615385,0.34782608695652173
2025-07-20,777084,17,1,1,33,8,59,ATH,0.058823529411764705,0.058823529411764705,0.24242424242424243
2025-07-21,777057,12,3,0,28,7,45,ATH,0.25,0.0,0.25
2025-07-22,777043,14,1,0,22,3,46,ATH,0.07142857142857142,0.0,0.13636363636363635
2025-07-23,777033,11,4,2,26,12,54,ATH,0.36363636363636365,0.18181818181818182,0.46153846153846156
2025-07-24,777025,9,1,1,17,7,36,ATH,0.1111111111111111,0.1111111111111111,0.4117647058823529
2025-07-25,777007,12,3,1,27,7,54,ATH,0.25,0.08333333333333333,0.25925925925925924
2025-07-26,776991,15,5,1,33,11,58,ATH,0.3333333333333333,0.06666666666666667,0.3333333333333333
2025-07-27,776976,15,1,1,31,10,54,ATH,0.06666666666666667,0.06666666666666667,0.3225806451612903
2025-07-28,776957,15,4,0,26,10,61,ATH,0.26666666666666666,0.0,0.38461538461538464
2025-07-29,776944,15,5,2,30,8,62,ATH,0.3333333333333333,0.13333333333333333,0.26666666666666666
2025-07-30,776930,12,0,1,22,2,43,ATH,0.0,0.08333333333333333,0.09090909090909091
2025-08-01,776914,16,1,2,26,3,62,ATH,0.0625,0.125,0.11538461538461539
2025-08-02,776899,20,5,3,36,12,90,ATH,0.25,0.15,0.3333333333333333
2025-08-03,776881,24,4,1,43,10,99,ATH,0.16666666666666666,0.041666666666666664,0.23255813953488372
2025-08-05,776865,18,3,3,34,8,70,ATH,0.16666666666666666,0.16666666666666666,0.23529411764705882
2025-08-06,776850,9,3,0,17,5,35,ATH,0.3333333333333333,0.0,0.29411764705882354
2025-08-07,776837,4,2,0,7,2,11,ATH,0.5,0.0,0.2857142857142857
2025-08-08,776831,9,1,1,17,7,31,ATH,0.1111111111111111,0.1111111111111111,0.4117647058823529
2025-08-09,776811,11,3,0,26,4,48,ATH,0.2727272727272727,0.0,0.15384615384615385
2025-08-10,776804,26,8,2,57,16,100,ATH,0.3076923076923077,0.07692307692307693,0.2807017543859649
2025-08-11,776787,27,5,2,45,9,98,ATH,0.18518518518518517,0.07407407407407407,0.2
2025-08-12,776762,8,2,2,21,4,42,ATH,0.25,0.25,0.19047619047619047
2025-08-13,776751,28,8,1,46,12,102,ATH,0.2857142857142857,0.03571428571428571,0.2608695652173913
2025-08-15,776734,13,6,1,25,7,61,ATH,0.46153846153846156,0.07692307692307693,0.28
2025-08-16,776718,18,6,3,38,9,78,ATH,0.3333333333333333,0.16666666666666666,0.23684210526315788
2025-08-17,776699,23,7,4,47,14,109,ATH,0.30434782608695654,0.17391304347826086,0.2978723404255319
2025-08-19,776674,11,2,0,21,7,42,ATH,0.18181818181818182,0.0,0.3333333333333333
2025-08-20,776665,22,1,3,45,8,99,ATH,0.045454545454545456,0.13636363636363635,0.17777777777777778
2025-08-21,776653,14,6,0,39,10,59,ATH,0.42857142857142855,0.0,0.2564102564102564
2025-08-22,776638,8,2,0,22,5,41,ATH,0.25,0.0,0.22727272727272727
2025-08-23,776620,17,4,2,30,8,63,ATH,0.23529411764705882,0.11764705882352941,0.26666666666666666
2025-08-24,776602,22,3,0,45,13,69,ATH,0.13636363636363635,0.0,0.28888888888888886
2025-08-25,776590,16,3,3,25,6,60,ATH,0.1875,0.1875,0.24
2025-08-26,776573,30,8,3,61,18,122,ATH,0.26666666666666666,0.1,0.29508196721311475
2025-08-27,776559,6,3,1,13,4,28,ATH,0.5,0.16666666666666666,0.3076923076923077
2025-08-29,776538,13,3,1,36,5,64,ATH,0.23076923076923078,0.07692307692307693,0.1388888888888889
2025-08-30,776524,24,2,0,48,6,92,ATH,0.08333333333333333,0.0,0.125
2025-08-31,776508,19,4,5,37,15,85,ATH,0.21052631578947367,0.2631578947368421,0.40540540540540543
2025-09-01,776497,14,4,0,29,10,55,ATH,0.2857142857142857,0.0,0.3448275862068966
2025-09-02,776483,12,1,1,17,2,38,ATH,0.08333333333333333,0.08333333333333333,0.11764705882352941
2025-09-03,776470,10,1,1,18,4,46,ATH,0.1,0.1,0.2222222222222222
2025-09-05,776444,13,8,0,31,13,61,ATH,0.6153846153846154,0.0,0.41935483870967744
2025-09-06,776430,22,4,3,33,6,78,ATH,0.18181818181818182,0.13636363636363635,0.18181818181818182
2025-09-07,776414,15,1,2,21,3,60,ATH,0.06666666666666667,0.13333333333333333,0.14285714285714285
2025-09-08,776410,17,6,0,36,15,69,ATH,0.35294117647058826,0.0,0.4166666666666667
2025-09-09,776396,17,4,3,27,8,70,ATH,0.23529411764705882,0.17647058823529413,0.2962962962962963
2025-09-10,776379,19,3,1,36,10,72,ATH,0.15789473684210525,0.05263157894736842,0.2777777777777778
2025-09-12,776358,18,8,1,36,9,77,ATH,0.4444444444444444,0.05555555555555555,0.25
2025-09-13,776340,15,1,2,17,2,49,ATH,0.06666666666666667,0.13333333333333333,0.11764705882352941
2025-09-14,776327,15,1,1,31,5,64,ATH,0.06666666666666667,0.06666666666666667,0.16129032258064516
2025-09-16,776310,18,1,2,31,3,62,ATH,0.05555555555555555,0.1111111111111111,0.0967741935483871
2025-09-17,776299,27,6,1,51,7,99,ATH,0.2222222222222222,0.037037037037037035,0.13725490196078433
2025-09-18,776281,10,4,0,16,5,38,ATH,0.4,0.0,0.3125
2025-09-19,776266,17,5,3,36,13,72,ATH,0.29411764705882354,0.17647058823529413,0.3611111111111111
2025-09-20,776249,6,2,0,13,6,18,ATH,0.3333333333333333,0.0,0.46153846153846156
2025-09-21,776234,20,7,2,37,12,87,ATH,0.35,0.1,0.32432432432432434
2025-09-23,776208,13,3,1,30,8,50,ATH,0.23076923076923078,0.07692307692307693,0.26666666666666666
2025-09-24,776195,10,4,0,25,7,51,ATH,0.4,0.0,0.28
2025-09-25,776182,26,6,4,56,8,110,ATH,0.23076923076923078,0.15384615384615385,0.14285714285714285
2025-09-26,776172,11,4,0,23,6,47,ATH,0.36363636363636365,0.0,0.2608695652173913
2025-09-27,776154,18,2,3,31,7,75,ATH,0.1111111111111111,0.16666666666666666,0.22580645161290322
2025-09-28,776138,38,8,2,65,20,134,ATH,0.21052631578947367,0.05263157894736842,0.3076923076923077
2025-03-27,778555,17,5,1,34,10,74,PHI,0.29411764705882354,0.058823529411764705,0.29411764705882354
2025-03-29,778535,21,4,2,42,7,81,PHI,0.19047619047619047,0.09523809523809523,0.16666666666666666
2025-03-30,778526,10,3,0,22,4,37,PHI,0.3,0.0,0.18181818181818182
2025-03-31,778502,15,6,2,28,7,61,PHI,0.4,0.13333333333333333,0.25
2025-04-02,778482,9,4,2,18,4,43,PHI,0.4444444444444444,0.2222222222222222,0.2222222222222222
2025-04-03,778467,15,6,1,31,8,65,PHI,0.4,0.06666666666666667,0.25806451612903225
2025-04-04,778459,10,2,2,13,4,41,PHI,0.2,0.2,0.3076923076923077
2025-04-05,778448,10,1,1,14,3,35,PHI,0.1,0.1,0.21428571428571427
2025-04-06,778434,14,1,1,26,4,55,PHI,0.07142857142857142,0.07142857142857142,0.15384615384615385
2025-04-08,778406,14,1,3,20,3,54,PHI,0.07142857142857142,0.21428571428571427,0.15
2025-04-09,778393,20,2,2,34,7,71,PHI,0.1,0.1,0.20588235294117646
2025-04-10,778384,16,4,1,38,6,68,PHI,0.25,0.0625,0.15789473684210525
2025-04-11,778365,13,3,0,17,3,37,PHI,0.23076923076923078,0.0,0.17647058823529413
2025-04-12,778347,8,2,0,14,3,24,PHI,0.25,0.0,0.21428571428571427
2025-04-13,778336,10,3,0,20,4,34,PHI,0.3,0.0,0.2
2025-04-14,778320,19,6,1,46,15,80,PHI,0.3157894736842105,0.05263157894736842,0.32608695652173914
2025-04-15,778313,14,4,0,35,9,58,PHI,0.2857142857142857,0.0,0.2571428571428571
2025-04-16,778296,20,2,5,35,8,76,PHI,0.1,0.25,0.22857142857142856
2025-04-17,778279,8,2,0,13,3,27,PHI,0.25,0.0,0.23076923076923078
2025-04-18,778274,8,3,2,11,5,30,PHI,0.375,0.25,0.45454545454545453
2025-04-19,778252,29,0,0,53,4,99,PHI,0.0,0.0,0.07547169811320754
2025-04-20,778248,15,2,1,27,4,48,PHI,0.13333333333333333,0.06666666666666667,0.14814814814814814
2025-04-21,778225,6,3,0,12,3,25,PHI,0.5,0.0,0.25
2025-04-22,778223,28,5,3,52,13,109,PHI,0.17857142857142858,0.10714285714285714,0.25
2025-04-23,778203,17,5,0,30,7,57,PHI,0.29411764705882354,0.0,0.23333333333333334
2025-04-25,778182,23,6,2,44,7,93,PHI,0.2608695652173913,0.08695652173913043,0.1590909090909091
2025-04-26,778174,16,3,2,36,8,76,PHI,0.1875,0.125,0.2222222222222222
2025-04-27,778158,9,2,0,17,2,33,PHI,0.2222222222222222,0.0,0.11764705882352941
2025-04-29,778131,15,6,0,34,10,59,PHI,0.4,0.0,0.29411764705882354
2025-04-30,778118,12,6,0,27,7,48,PHI,0.5,0.0,0.25925925925925924
2025-05-01,778099,14,2,1,22,3,45,PHI,0.14285714285714285,0.07142857142857142,0.13636363636363635
2025-05-02,778086,11,2,0,13,2,33,PHI,0.18181818181818182,0.0,0.15384615384615385
2025-05-03,778078,12,5,0,30,7,50,PHI,0.4166666666666667,0.0,0.23333333333333334
2025-05-04,778059,28,3,4,41,5,103,PHI,0.10714285714285714,0.14285714285714285,0.12195121951219512
2025-05-06,778040,10,3,2,20,5,50,PHI,0.3,0.2,0.25
2025-05-07,778021,10,7,0,23,4,45,PHI,0.7,0.0,0.17391304347826086
2025-05-08,778005,21,6,0,39,8,78,PHI,0.2857142857142857,0.0,0.20512820512820512
2025-05-09,777997,12,3,0,27,6,49,PHI,0.25,0.0,0.2222222222222222
2025-05-10,777983,9,1,2,18,4,41,PHI,0.1111111111111111,0.2222222222222222,0.2222222222222222
2025-05-11,777971,6,3,0,8,3,27,PHI,0.5,0.0,0.375
2025-05-12,777953,10,2,0,16,3,38,PHI,0.2,0.0,0.1875
2025-05-14,777922,8,4,1,16,9,36,PHI,0.5,0.125,0.5625
2025-05-14,777933,25,4,2,63,9,110,PHI,0.16,0.08,0.14285714285714285
2025-05-16,777905,10,2,4,15,4,43,PHI,0.2,0.4,0.26666666666666666
2025-05-17,777894,11,5,1,25,11,43,PHI,0.45454545454545453,0.09090909090909091,0.44
2025-05-18,777880,10,5,1,17,8,41,PHI,0.5,0.1,0.47058823529411764
2025-05-19,777852,10,2,0,27,5,41,PHI,0.2,0.0,0.18518518518518517
2025-05-20,777842,14,1,0,27,4,59,PHI,0.07142857142857142,0.0,0.14814814814814814
2025-05-21,777823,17,5,1,30,10,54,PHI,0.29411764705882354,0.058823529411764705,0.3333333333333333
2025-05-22,777817,8,2,0,20,5,26,PHI,0.25,0.0,0.25
2025-05-23,777804,12,5,1,21,8,51,PHI,0.4166666666666667,0.08333333333333333,0.38095238095238093
2025-05-24,777784,30,5,3,53,12,125,PHI,0.16666666666666666,0.1,0.22641509433962265
2025-05-25,777765,6,1,1,11,3,21,PHI,0.16666666666666666,0.16666666666666666,0.2727272727272727
2025-05-27,777748,11,3,1,22,3,40,PHI,0.2727272727272727,0.09090909090909091,0.13636363636363635
2025-05-29,777723,19,1,4,35,3,80,PHI,0.05263157894736842,0.21052631578947367,0.08571428571428572
2025-05-29,777735,18,3,3,32,7,68,PHI,0.16666666666666666,0.16666666666666666,0.21875
2025-05-30,777715,23,7,3,41,10,99,PHI,0.30434782608695654,0.13043478260869565,0.24390243902439024
2025-05-31,777702,28,3,0,51,9,102,PHI,0.10714285714285714,0.0,0.17647058823529413
2025-06-01,777688,13,3,2,21,3,50,PHI,0.23076923076923078,0.15384615384615385,0.14285714285714285
2025-06-03,777665,11,3,2,15,3,41,PHI,0.2727272727272727,0.18181818181818182,0.2
2025-06-04,777651,12,2,0,34,7,56,PHI,0.16666666666666666,0.0,0.20588235294117646
2025-06-05,777637,21,2,0,34,5,75,PHI,0.09523809523809523,0.0,0.14705882352941177
2025-06-06,777621,29,5,3,62,14,120,PHI,0.1724137931034483,0.10344827586206896,0.22580645161290322
2025-06-07,777607,5,0,2,11,1,27,PHI,0.0,0.4,0.09090909090909091
2025-06-08,777595,6,3,1,8,4,23,PHI,0.5,0.16666666666666666,0.5
2025-06-09,777578,19,2,2,40,8,78,PHI,0.10526315789473684,0.10526315789473684,0.2
2025-06-10,777571,24,4,2,42,8,91,PHI,0.16666666666666666,0.08333333333333333,0.19047619047619047
2025-06-11,777553,13,1,1,25,4,51,PHI,0.07692307692307693,0.07692307692307693,0.16
2025-06-13,777531,9,1,2,14,2,29,PHI,0.1111111111111111,0.2222222222222222,0.14285714285714285
2025-06-14,777509,6,2,0,7,1,19,PHI,0.3333333333333333,0.0,0.14285714285714285
2025-06-15,777499,14,1,2,27,3,47,PHI,0.07142857142857142,0.14285714285714285,0.1111111111111111
2025-06-16,777483,15,4,0,24,6,53,PHI,0.26666666666666666,0.0,0.25
2025-06-17,777481,17,3,1,38,6,70,PHI,0.17647058823529413,0.058823529411764705,0.15789473684210525
2025-06-18,777465,10,4,1,17,4,39,PHI,0.4,0.1,0.23529411764705882
2025-06-19,777444,5,0,0,6,1,13,PHI,0.0,0.0,0.16666666666666666
2025-06-20,777437,15,2,0,27,5,57,PHI,0.13333333333333333,0.0,0.18518518518518517
2025-06-21,777423,30,5,3,60,15,121,PHI,0.16666666666666666,0.1,0.25
2025-06-22,777405,8,2,0,17,6,28,PHI,0.25,0.0,0.35294117647058826
2025-06-24,777377,2,1,0,2,0,5,PHI,0.5,0.0,0.0
2025-06-25,777366,8,2,1,11,3,25,PHI,0.25,0.125,0.2727272727272727
2025-06-26,777350,9,0,0,15,2,26,PHI,0.0,0.0,0.13333333333333333
2025-06-27,777342,30,5,3,58,10,114,PHI,0.16666666666666666,0.1,0.1724137931034483
2025-06-28,777333,15,3,1,32,12,60,PHI,0.2,0.06666666666666667,0.375
2025-06-29,777316,9,3,1,12,6,34,PHI,0.3333333333333333,0.1111111111111111,0.5
2025-06-30,777306,4,0,0,4,0,9,PHI,0.0,0.0,0.0
2025-07-02,777273,29,4,4,51,5,118,PHI,0.13793103448275862,0.13793103448275862,0.09803921568627451
2025-07-02,777290,9,4,2,16,5,37,PHI,0.4444444444444444,0.2222222222222222,0.3125
2025-07-04,777255,26,8,2,59,20,108,PHI,0.3076923076923077,0.07692307692307693,0.3389830508474576
2025-07-05,777233,15,1,0,31,5,61,PHI,0.06666666666666667,0.0,0.16129032258064516
2025-07-07,777199,7,1,0,10,2,31,PHI,0.14285714285714285,0.0,0.2
2025-07-08,777186,21,5,1,32,7,70,PHI,0.23809523809523808,0.047619047619047616,0.21875
2025-07-09,777163,8,1,1,14,2,32,PHI,0.125,0.125,0.14285714285714285
2025-07-11,777139,5,0,0,10,1,18,PHI,0.0,0.0,0.1
2025-07-12,777126,8,4,0,16,6,29,PHI,0.5,0.0,0.375
2025-07-13,777117,9,0,2,9,0,31,PHI,0.0,0.2222222222222222,0.0
2025-07-18,777106,18,5,2,36,8,78,PHI,0.2777777777777778,0.1111111111111111,0.2222222222222222
2025-07-19,777089,18,8,0,38,10,75,PHI,0.4444444444444444,0.0,0.2631578947368421
2025-07-20,777078,22,2,2,40,4,82,PHI,0.09090909090909091,0.09090909090909091,0.1
2025-07-21,777063,15,6,2,23,9,58,PHI,0.4,0.13333333333333333,0.391304347826087
2025-07-23,777038,25,9,1,57,11,106,PHI,0.36,0.04,0.19298245614035087
2025-07-25,777015,14,4,0,26,6,53,PHI,0.2857142857142857,0.0,0.23076923076923078
2025-07-26,777001,16,4,4,24,8,64,PHI,0.25,0.25,0.3333333333333333
2025-07-27,776988,9,1,1,13,3,35,PHI,0.1111111111111111,0.1111111111111111,0.23076923076923078
2025-07-28,776972,8,1,1,16,5,28,PHI,0.125,0.125,0.3125
2025-07-29,776952,9,1,0,22,5,30,PHI,0.1111111111111111,0.0,0.22727272727272727
2025-07-30,776939,18,2,0,34,4,72,PHI,0.1111111111111111,0.0,0.11764705882352941
2025-08-01,776913,7,0,0,8,1,16,PHI,0.0,0.0,0.125
2025-08-02,776912,13,2,2,29,4,62,PHI,0.15384615384615385,0.15384615384615385,0.13793103448275862
2025-08-03,776890,3,1,0,8,3,12,PHI,0.3333333333333333,0.0,0.375
2025-08-04,776877,10,6,1,17,7,47,PHI,0.6,0.1,0.4117647058823529
2025-08-05,776868,10,6,0,21,9,39,PHI,0.6,0.0,0.42857142857142855
2025-08-06,776851,8,1,0,13,2,20,PHI,0.125,0.0,0.15384615384615385
2025-08-08,776821,12,4,1,20,6,49,PHI,0.3333333333333333,0.08333333333333333,0.3
2025-08-09,776810,11,2,0,24,4,45,PHI,0.18181818181818182,0.0,0.16666666666666666
2025-08-10,776800,16,3,0,27,6,44,PHI,0.1875,0.0,0.2222222222222222
2025-08-11,776792,11,3,1,15,2,37,PHI,0.2727272727272727,0.09090909090909091,0.13333333333333333
2025-08-12,776777,8,1,0,10,1,30,PHI,0.125,0.0,0.1
2025-08-13,776765,10,4,1,27,7,45,PHI,0.4,0.1,0.25925925925925924
2025-08-14,776743,8,3,0,13,4,33,PHI,0.375,0.0,0.3076923076923077
2025-08-15,776739,15,2,1,28,5,56,PHI,0.13333333333333333,0.06666666666666667,0.17857142857142858
2025-08-16,776725,4,1,0,7,1,15,PHI,0.25,0.0,0.14285714285714285
2025-08-17,776708,27,5,1,54,9,107,PHI,0.18518518518518517,0.037037037037037035,0.16666666666666666
2025-08-18,776689,13,4,1,22,6,49,PHI,0.3076923076923077,0.07692307692307693,0.2727272727272727
2025-08-19,776680,11,3,2,15,5,41,PHI,0.2727272727272727,0.18181818181818182,0.3333333333333333
2025-08-20,776662,12,5,1,20,9,46,PHI,0.4166666666666667,0.08333333333333333,0.45
2025-08-22,776648,18,4,1,39,8,65,PHI,0.2222222222222222,0.05555555555555555,0.20512820512820512
2025-08-23,776628,14,6,0,23,9,43,PHI,0.42857142857142855,0.0,0.391304347826087
2025-08-24,776613,9,1,2,17,4,38,PHI,0.1111111111111111,0.2222222222222222,0.23529411764705882
2025-08-25,776598,19,4,3,30,6,76,PHI,0.21052631578947367,0.15789473684210525,0.2
2025-08-26,776585,21,5,1,43,10,90,PHI,0.23809523809523808,0.047619047619047616,0.23255813953488372
2025-08-27,776566,12,4,1,21,4,47,PHI,0.3333333333333333,0.08333333333333333,0.19047619047619047
2025-08-28,776560,11,2,0,26,4,45,PHI,0.18181818181818182,0.0,0.15384615384615385
2025-08-29,776552,15,4,1,27,7,53,PHI,0.26666666666666666,0.06666666666666667,0.25925925925925924
2025-08-30,776532,11,2,0,21,2,41,PHI,0.18181818181818182,0.0,0.09523809523809523
2025-08-31,776522,14,3,2,18,5,53,PHI,0.21428571428571427,0.14285714285714285,0.2777777777777778
2025-09-01,776500,24,5,5,43,10,109,PHI,0.20833333333333334,0.20833333333333334,0.23255813953488372
2025-09-03,776471,9,2,2,19,5,46,PHI,0.2222222222222222,0.2222222222222222,0.2631578947368421
2025-09-04,776459,10,3,0,21,4,48,PHI,0.3,0.0,0.19047619047619047
2025-09-05,776456,8,1,0,12,1,27,PHI,0.125,0.0,0.08333333333333333
2025-09-06,776433,9,3,0,20,3,39,PHI,0.3333333333333333,0.0,0.15
2025-09-07,776426,11,3,2,18,4,54,PHI,0.2727272727272727,0.18181818181818182,0.2222222222222222
2025-09-08,776405,12,4,1,24,8,44,PHI,0.3333333333333333,0.08333333333333333,0.3333333333333333
2025-09-09,776404,16,2,0,30,7,62,PHI,0.125,0.0,0.23333333333333334
2025-09-10,776384,16,3,2,29,9,60,PHI,0.1875,0.125,0.3103448275862069
2025-09-11,776371,3,3,0,7,4,11,PHI,1.0,0.0,0.5714285714285714
2025-09-12,776354,14,3,1,36,5,63,PHI,0.21428571428571427,0.07142857142857142,0.1388888888888889
2025-09-13,776342,16,3,1,36,9,64,PHI,0.1875,0.0625,0.25
2025-09-14,776334,18,2,3,30,6,72,PHI,0.1111111111111111,0.16666666666666666,0.2
2025-09-15,776311,17,6,2,30,7,72,PHI,0.35294117647058826,0.11764705882352941,0.23333333333333334
2025-09-16,776297,10,0,1,16,2,36,PHI,0.0,0.1,0.125
2025-09-17,776280,5,1,1,9,0,29,PHI,0.2,0.2,0.0
2025-09-19,776255,19,3,2,33,2,72,PHI,0.15789473684210525,0.10526315789473684,0.06060606060606061
2025-09-20,776246,15,3,1,30,6,57,PHI,0.2,0.06666666666666667,0.2
2025-09-21,776230,20,3,0,44,4,86,PHI,0.15,0.0,0.09090909090909091
2025-09-23,776215,20,5,1,42,11,79,PHI,0.25,0.05,0.2619047619047619
2025-09-24,776201,7,0,0,15,2,24,PHI,0.0,0.0,0.13333333333333333
2025-09-25,776188,16,4,2,26,7,57,PHI,0.25,0.125,0.2692307692307692
2025-09-26,776176,5,2,0,12,5,23,PHI,0.4,0.0,0.4166666666666667
2025-09-27,776163,17,7,2,33,13,75,PHI,0.4117647058823529,0.11764705882352941,0.3939393939393939
2025-09-28,776141,20,8,4,32,12,85,PHI,0.4,0.2,0.375
2025-03-27,778562,18,4,4,39,14,91,PIT,0.2222222222222222,0.2222222222222222,0.358974358974359
2025-03-28,778548,12,3,2,18,7,42,PIT,0.25,0.16666666666666666,0.3888888888888889
2025-03-29,778539,25,5,1,52,10,101,PIT,0.2,0.04,0.19230769230769232
2025-03-30,778519,14,3,1,21,9,50,PIT,0.21428571428571427,0.07142857142857142,0.42857142857142855
2025-03-31,778508,19,6,3,34,13,75,PIT,0.3157894736842105,0.15789473684210525,0.38235294117647056
2025-04-01,778493,16,2,2,33,7,75,PIT,0.125,0.125,0.21212121212121213
2025-04-02,778479,9,2,2,25,6,47,PIT,0.2222222222222222,0.2222222222222222,0.24
2025-04-04,778461,22,6,2,44,12,97,PIT,0.2727272727272727,0.09090909090909091,0.2727272727272727
2025-04-05,778449,23,2,1,40,9,70,PIT,0.08695652173913043,0.043478260869565216,0.225
2025-04-06,778428,18,3,1,38,11,82,PIT,0.16666666666666666,0.05555555555555555,0.2894736842105263
2025-04-07,778415,16,5,1,28,8,60,PIT,0.3125,0.0625,0.2857142857142857
2025-04-08,778408,11,3,1,23,8,51,PIT,0.2727272727272727,0.09090909090909091,0.34782608695652173
2025-04-09,778389,20,4,0,30,6,72,PIT,0.2,0.0,0.2
2025-04-11,778374,11,3,1,17,5,43,PIT,0.2727272727272727,0.09090909090909091,0.29411764705882354
2025-04-12,778357,10,1,1,17,0,38,PIT,0.1,0.1,0.0
2025-04-13,778343,13,3,1,23,4,52,PIT,0.23076923076923078,0.07692307692307693,0.17391304347826086
2025-04-14,778321,12,1,0,24,4,49,PIT,0.08333333333333333,0.0,0.16666666666666666
2025-04-15,778314,13,1,1,24,7,53,PIT,0.07692307692307693,0.07692307692307693,0.2916666666666667
2025-04-16,778293,8,1,1,8,0,26,PIT,0.125,0.125,0.0
2025-04-17,778280,5,1,0,9,3,17,PIT,0.2,0.0,0.3333333333333333
2025-04-18,778271,23,6,2,49,14,108,PIT,0.2608695652173913,0.08695652173913043,0.2857142857142857
2025-04-19,778254,11,4,2,20,7,50,PIT,0.36363636363636365,0.18181818181818182,0.35
2025-04-20,778242,19,3,0,33,9,59,PIT,0.15789473684210525,0.0,0.2727272727272727
2025-04-22,778211,17,7,2,29,14,71,PIT,0.4117647058823529,0.11764705882352941,0.4827586206896552
2025-04-23,778202,10,3,0,18,6,45,PIT,0.3,0.0,0.3333333333333333
2025-04-24,778191,10,3,0,30,11,54,PIT,0.3,0.0,0.36666666666666664
2025-04-25,778176,10,2,1,14,5,35,PIT,0.2,0.1,0.35714285714285715
2025-04-26,778163,15,0,4,29,8,72,PIT,0.0,0.26666666666666666,0.27586206896551724
2025-04-27,778145,19,1,3,32,6,71,PIT,0.05263157894736842,0.15789473684210525,0.1875
2025-04-29,778135,21,0,2,39,5,79,PIT,0.0,0.09523809523809523,0.1282051282051282
2025-04-30,778112,18,4,0,30,5,62,PIT,0.2222222222222222,0.0,0.16666666666666666
2025-05-01,778100,18,0,0,38,6,64,PIT,0.0,0.0,0.15789473684210525
2025-05-02,778090,21,5,2,37,10,85,PIT,0.23809523809523808,0.09523809523809523,0.2702702702702703
2025-05-03,778065,7,3,0,15,6,28,PIT,0.42857142857142855,0.0,0.4
2025-05-04,778051,17,4,1,25,6,56,PIT,0.23529411764705882,0.058823529411764705,0.24
2025-05-05,778036,19,3,3,33,7,71,PIT,0.15789473684210525,0.15789473684210525,0.21212121212121213
2025-05-06,778030,7,2,0,13,4,29,PIT,0.2857142857142857,0.0,0.3076923076923077
2025-05-07,778016,9,3,0,14,4,30,PIT,0.3333333333333333,0.0,0.2857142857142857
2025-05-09,777998,15,5,1,25,6,62,PIT,0.3333333333333333,0.06666666666666667,0.24
2025-05-10,777985,20,4,1,35,8,80,PIT,0.2,0.05,0.22857142857142856
2025-05-11,777967,14,3,1,28,7,48,PIT,0.21428571428571427,0.07142857142857142,0.25
2025-05-12,777950,14,2,1,22,5,49,PIT,0.14285714285714285,0.07142857142857142,0.22727272727272727
2025-05-13,777943,4,0,1,6,0,16,PIT,0.0,0.25,0.0
2025-05-14,777919,18,3,0,37,5,69,PIT,0.16666666666666666,0.0,0.13513513513513514
2025-05-16,777905,19,2,5,37,7,78,PIT,0.10526315789473684,0.2631578947368421,0.1891891891891892
2025-05-17,777894,20,5,3,43,8,87,PIT,0.25,0.15,0.18604651162790697
2025-05-19,777859,17,5,2,31,7,65,PIT,0.29411764705882354,0.11764705882352941,0.22580645161290322
2025-05-20,777847,6,0,0,11,1,26,PIT,0.0,0.0,0.09090909090909091
2025-05-21,777834,14,4,1,25,8,56,PIT,0.2857142857142857,0.07142857142857142,0.32
2025-05-22,777814,18,2,0,22,2,56,PIT,0.1111111111111111,0.0,0.09090909090909091
2025-05-23,777806,22,8,4,49,19,105,PIT,0.36363636363636365,0.18181818181818182,0.3877551020408163
2025-05-24,777794,14,2,0,22,3,49,PIT,0.14285714285714285,0.0,0.13636363636363635
2025-05-25,777776,15,1,2,30,6,70,PIT,0.06666666666666667,0.13333333333333333,0.2
2025-05-26,777761,12,1,1,27,5,50,PIT,0.08333333333333333,0.08333333333333333,0.18518518518518517
2025-05-27,777744,20,8,0,33,9,72,PIT,0.4,0.0,0.2727272727272727
2025-05-28,777729,10,4,1,16,5,43,PIT,0.4,0.1,0.3125
2025-05-30,777707,6,2,0,9,2,17,PIT,0.3333333333333333,0.0,0.2222222222222222
2025-05-31,777691,10,3,2,21,3,55,PIT,0.3,0.2,0.14285714285714285
2025-06-01,777681,14,3,4,21,2,62,PIT,0.21428571428571427,0.2857142857142857,0.09523809523809523
2025-06-03,777663,6,0,0,10,0,16,PIT,0.0,0.0,0.0
2025-06-04,777648,14,6,1,33,11,66,PIT,0.42857142857142855,0.07142857142857142,0.3333333333333333
2025-06-05,777630,11,2,1,20,7,39,PIT,0.18181818181818182,0.09090909090909091,0.35
2025-06-06,777621,19,8,1,47,13,85,PIT,0.42105263157894735,0.05263157894736842,0.2765957446808511
2025-06-07,777607,9,3,0,15,4,30,PIT,0.3333333333333333,0.0,0.26666666666666666
2025-06-08,777595,6,0,1,8,0,19,PIT,0.0,0.16666666666666666,0.0
2025-06-09,777574,19,3,1,35,9,70,PIT,0.15789473684210525,0.05263157894736842,0.2571428571428571
2025-06-10,777566,9,3,0,16,4,29,PIT,0.3333333333333333,0.0,0.25
2025-06-11,777552,15,5,2,25,9,56,PIT,0.3333333333333333,0.13333333333333333,0.36
2025-06-12,777541,7,2,1,13,2,27,PIT,0.2857142857142857,0.14285714285714285,0.15384615384615385
2025-06-13,777526,19,2,1,34,5,65,PIT,0.10526315789473684,0.05263157894736842,0.14705882352941177
2025-06-14,777513,9,2,0,17,4,30,PIT,0.2222222222222222,0.0,0.23529411764705882
2025-06-15,777497,14,1,0,26,5,47,PIT,0.07142857142857142,0.0,0.19230769230769232
2025-06-17,777475,15,3,2,21,2,56,PIT,0.2,0.13333333333333333,0.09523809523809523
2025-06-19,777451,17,2,0,32,7,65,PIT,0.11764705882352941,0.0,0.21875
2025-06-19,777464,15,3,1,35,6,66,PIT,0.2,0.06666666666666667,0.17142857142857143
2025-06-20,777432,22,3,4,36,8,76,PIT,0.13636363636363635,0.18181818181818182,0.2222222222222222
2025-06-21,777421,12,3,2,20,6,47,PIT,0.25,0.16666666666666666,0.3
2025-06-22,777404,11,5,0,17,7,34,PIT,0.45454545454545453,0.0,0.4117647058823529
2025-06-23,777391,27,5,2,58,10,113,PIT,0.18518518518518517,0.07407407407407407,0.1724137931034483
2025-06-24,777374,17,2,1,41,10,79,PIT,0.11764705882352941,0.058823529411764705,0.24390243902439024
2025-06-25,777361,15,1,1,27,1,57,PIT,0.06666666666666667,0.06666666666666667,0.037037037037037035
2025-06-27,777341,14,4,1,25,3,54,PIT,0.2857142857142857,0.07142857142857142,0.12
2025-06-28,777325,29,8,2,62,13,123,PIT,0.27586206896551724,0.06896551724137931,0.20967741935483872
2025-06-29,777313,17,3,0,35,6,73,PIT,0.17647058823529413,0.0,0.17142857142857143
2025-06-30,777299,8,1,0,12,2,27,PIT,0.125,0.0,0.16666666666666666
2025-07-01,777288,17,3,3,30,2,71,PIT,0.17647058823529413,0.17647058823529413,0.06666666666666667
2025-07-02,777272,9,1,2,16,3,35,PIT,0.1111111111111111,0.2222222222222222,0.1875
2025-07-04,777236,11,2,0,14,3,30,PIT,0.18181818181818182,0.0,0.21428571428571427
2025-07-05,777225,13,3,1,32,6,61,PIT,0.23076923076923078,0.07692307692307693,0.1875
2025-07-06,777205,11,3,0,24,8,48,PIT,0.2727272727272727,0.0,0.3333333333333333
2025-07-07,777204,20,3,0,32,10,73,PIT,0.15,0.0,0.3125
2025-07-08,777194,8,1,0,20,3,28,PIT,0.125,0.0,0.15
2025-07-09,777177,16,4,1,31,7,62,PIT,0.25,0.0625,0.22580645161290322
2025-07-11,777148,10,4,0,21,9,37,PIT,0.4,0.0,0.42857142857142855
2025-07-12,777134,31,5,2,53,8,111,PIT,0.16129032258064516,0.06451612903225806,0.1509433962264151
2025-07-13,777113,12,3,0,23,6,44,PIT,0.25,0.0,0.2608695652173913
2025-07-18,777107,25,4,6,50,12,103,PIT,0.16,0.24,0.24
2025-07-19,777090,25,3,2,35,4,78,PIT,0.12,0.08,0.11428571428571428
2025-07-20,777074,17,7,0,35,12,63,PIT,0.4117647058823529,0.0,0.34285714285714286
2025-07-21,777060,12,5,1,26,10,43,PIT,0.4166666666666667,0.08333333333333333,0.38461538461538464
2025-07-22,777044,14,6,1,34,11,69,PIT,0.42857142857142855,0.07142857142857142,0.3235294117647059
2025-07-23,777029,7,3,0,18,6,34,PIT,0.42857142857142855,0.0,0.3333333333333333
2025-07-25,777014,20,5,3,38,11,77,PIT,0.25,0.15,0.2894736842105263
2025-07-26,777002,15,5,1,26,9,57,PIT,0.3333333333333333,0.06666666666666667,0.34615384615384615
2025-07-27,776984,11,4,0,22,6,48,PIT,0.36363636363636365,0.0,0.2727272727272727
2025-07-28,776964,30,5,2,56,7,113,PIT,0.16666666666666666,0.06666666666666667,0.125
2025-07-29,776943,12,3,0,28,7,50,PIT,0.25,0.0,0.25
2025-07-30,776933,15,3,0,23,2,45,PIT,0.2,0.0,0.08695652173913043
2025-08-01,776919,34,6,4,79,15,145,PIT,0.17647058823529413,0.11764705882352941,0.189873417721519
2025-08-02,776904,16,2,0,33,4,59,PIT,0.125,0.0,0.12121212121212122
2025-08-03,776886,18,5,2,31,5,73,PIT,0.2777777777777778,0.1111111111111111,0.16129032258064516
2025-08-04,776879,31,8,2,57,18,107,PIT,0.25806451612903225,0.06451612903225806,0.3157894736842105
2025-08-05,776866,21,5,1,34,10,67,PIT,0.23809523809523808,0.047619047619047616,0.29411764705882354
2025-08-06,776844,20,3,2,39,7,72,PIT,0.15,0.1,0.1794871794871795
2025-08-07,776840,11,3,0,21,5,41,PIT,0.2727272727272727,0.0,0.23809523809523808
2025-08-08,776829,12,6,0,22,10,44,PIT,0.5,0.0,0.45454545454545453
2025-08-09,776812,22,6,1,40,7,87,PIT,0.2727272727272727,0.045454545454545456,0.175
2025-08-10,776801,28,4,5,54,10,124,PIT,0.14285714285714285,0.17857142857142858,0.18518518518518517
2025-08-11,776786,13,6,0,26,7,52,PIT,0.46153846153846156,0.0,0.2692307692307692
2025-08-12,776771,26,4,3,43,3,94,PIT,0.15384615384615385,0.11538461538461539,0.06976744186046512
2025-08-13,776755,22,5,5,54,12,106,PIT,0.22727272727272727,0.22727272727272727,0.2222222222222222
2025-08-15,776737,17,2,2,29,6,66,PIT,0.11764705882352941,0.11764705882352941,0.20689655172413793
2025-08-16,776719,15,2,0,21,4,45,PIT,0.13333333333333333,0.0,0.19047619047619047
2025-08-17,776704,22,2,4,48,10,101,PIT,0.09090909090909091,0.18181818181818182,0.20833333333333334
2025-08-18,776694,10,3,0,21,6,34,PIT,0.3,0.0,0.2857142857142857
2025-08-19,776679,21,5,1,41,11,87,PIT,0.23809523809523808,0.047619047619047616,0.2682926829268293
2025-08-20,776661,13,2,0,20,4,42,PIT,0.15384615384615385,0.0,0.2
2025-08-22,776637,14,3,0,23,6,40,PIT,0.21428571428571427,0.0,0.2608695652173913
2025-08-23,776632,20,8,0,47,15,93,PIT,0.4,0.0,0.3191489361702128
2025-08-24,776610,8,2,1,11,4,27,PIT,0.25,0.125,0.36363636363636365
2025-08-25,776589,23,6,0,47,9,91,PIT,0.2608695652173913,0.0,0.19148936170212766
2025-08-26,776578,10,4,1,22,5,44,PIT,0.4,0.1,0.22727272727272727
2025-08-27,776568,22,5,2,36,12,74,PIT,0.22727272727272727,0.09090909090909091,0.3333333333333333
2025-08-28,776554,12,2,1,19,5,44,PIT,0.16666666666666666,0.08333333333333333,0.2631578947368421
2025-08-29,776549,11,3,1,18,5,34,PIT,0.2727272727272727,0.09090909090909091,0.2777777777777778
2025-08-30,776539,18,2,0,29,2,65,PIT,0.1111111111111111,0.0,0.06896551724137931
2025-08-31,776517,14,1,2,22,5,53,PIT,0.07142857142857142,0.14285714285714285,0.22727272727272727
2025-09-02,776496,32,5,1,49,9,115,PIT,0.15625,0.03125,0.1836734693877551
2025-09-03,776479,22,5,2,45,14,87,PIT,0.22727272727272727,0.09090909090909091,0.3111111111111111
2025-09-04,776461,15,4,0,29,7,59,PIT,0.26666666666666666,0.0,0.2413793103448276
2025-09-05,776453,24,4,2,40,8,91,PIT,0.16666666666666666,0.08333333333333333,0.2
2025-09-06,776441,12,4,1,23,5,51,PIT,0.3333333333333333,0.08333333333333333,0.21739130434782608
2025-09-07,776419,26,6,4,49,11,118,PIT,0.23076923076923078,0.15384615384615385,0.22448979591836735
2025-09-09,776401,27,6,3,48,12,109,PIT,0.2222222222222222,0.1111111111111111,0.25
2025-09-10,776387,19,4,3,35,7,77,PIT,0.21052631578947367,0.15789473684210525,0.2
2025-09-11,776372,11,3,1,13,5,46,PIT,0.2727272727272727,0.09090909090909091,0.38461538461538464
2025-09-12,776351,14,3,2,25,5,49,PIT,0.21428571428571427,0.14285714285714285,0.2
2025-09-13,776336,11,3,1,19,6,42,PIT,0.2727272727272727,0.09090909090909091,0.3157894736842105
2025-09-14,776320,15,4,2,26,5,53,PIT,0.26666666666666666,0.13333333333333333,0.19230769230769232
2025-09-15,776318,20,2,1,43,7,90,PIT,0.1,0.05,0.16279069767441862
2025-09-16,776308,25,7,1,40,12,97,PIT,0.28,0.04,0.3
2025-09-17,776287,21,3,4,35,7,82,PIT,0.14285714285714285,0.19047619047619047,0.2
2025-09-19,776266,13,3,1,23,6,48,PIT,0.23076923076923078,0.07692307692307693,0.2608695652173913
2025-09-20,776249,12,7,0,23,12,43,PIT,0.5833333333333334,0.0,0.5217391304347826
2025-09-21,776234,18,6,0,41,13,76,PIT,0.3333333333333333,0.0,0.3170731707317073
2025-09-23,776224,15,3,1,29,8,61,PIT,0.2,0.06666666666666667,0.27586206896551724
2025-09-24,776202,25,7,3,59,16,116,PIT,0.28,0.12,0.2711864406779661
2025-09-25,776190,12,3,0,24,7,50,PIT,0.25,0.0,0.2916666666666667
2025-09-26,776180,20,3,0,48,11,80,PIT,0.15,0.0,0.22916666666666666
2025-09-27,776156,11,6,0,23,6,50,PIT,0.5454545454545454,0.0,0.2608695652173913
2025-09-28,776149,13,4,1,24,6,55,PIT,0.3076923076923077,0.07692307692307693,0.25
2025-03-27,778545,25,7,2,62,13,119,SD,0.28,0.08,0.20967741935483872
2025-03-28,778542,17,6,2,33,10,72,SD,0.35294117647058826,0.11764705882352941,0.30303030303030304
2025-03-29,778520,11,2,1,17,2,42,SD,0.18181818181818182,0.09090909090909091,0.11764705882352941
2025-03-30,778514,6,4,1,9,6,25,SD,0.6666666666666666,0.16666666666666666,0.6666666666666666
2025-03-31,778499,16,4,0,33,12,63,SD,0.25,0.0,0.36363636363636365
2025-04-01,778485,15,5,2,27,13,63,SD,0.3333333333333333,0.13333333333333333,0.48148148148148145
2025-04-02,778476,11,2,0,20,5,34,SD,0.18181818181818182,0.0,0.25
2025-04-04,778460,15,3,2,31,10,58,SD,0.2,0.13333333333333333,0.3225806451612903
2025-04-05,778450,25,4,5,49,12,110,SD,0.16,0.2,0.24489795918367346
2025-04-06,778430,32,8,4,66,15,139,SD,0.25,0.125,0.22727272727272727
2025-04-07,778414,11,4,0,20,6,33,SD,0.36363636363636365,0.0,0.3
2025-04-08,778395,16,3,0,31,5,56,SD,0.1875,0.0,0.16129032258064516
2025-04-09,778381,14,3,2,23,6,47,SD,0.21428571428571427,0.14285714285714285,0.2608695652173913
2025-04-11,778361,6,5,0,16,8,30,SD,0.8333333333333334,0.0,0.5
2025-04-12,778352,12,5,1,22,8,42,SD,0.4166666666666667,0.08333333333333333,0.36363636363636365
2025-04-14,778315,16,3,2,27,5,64,SD,0.1875,0.125,0.18518518518518517
2025-04-15,778305,21,6,1,45,12,73,SD,0.2857142857142857,0.047619047619047616,0.26666666666666666
2025-04-16,778288,11,3,0,20,5,33,SD,0.2727272727272727,0.0,0.25
2025-04-18,778269,11,2,1,20,4,40,SD,0.18181818181818182,0.09090909090909091,0.2
2025-04-19,778259,11,0,1,22,5,42,SD,0.0,0.09090909090909091,0.22727272727272727
2025-04-20,778237,14,5,0,31,6,57,SD,0.35714285714285715,0.0,0.1935483870967742
2025-04-21,778228,26,4,3,40,8,90,SD,0.15384615384615385,0.11538461538461539,0.2
2025-04-22,778221,7,1,0,17,3,25,SD,0.14285714285714285,0.0,0.17647058823529413
2025-04-23,778209,17,4,0,32,8,71,SD,0.23529411764705882,0.0,0.25
2025-04-25,778172,14,8,0,30,12,56,SD,0.5714285714285714,0.0,0.4
2025-04-26,778160,20,4,2,38,8,81,SD,0.2,0.1,0.21052631578947367
2025-04-27,778146,17,4,0,32,7,65,SD,0.23529411764705882,0.0,0.21875
2025-04-29,778126,13,5,0,23,6,52,SD,0.38461538461538464,0.0,0.2608695652173913
2025-04-30,778105,14,6,2,32,9,59,SD,0.42857142857142855,0.14285714285714285,0.28125
2025-05-02,778090,23,5,2,36,9,84,SD,0.21739130434782608,0.08695652173913043,0.25
2025-05-03,778065,12,0,3,14,4,40,SD,0.0,0.25,0.2857142857142857
2025-05-04,778051,15,7,0,32,11,59,SD,0.4666666666666667,0.0,0.34375
2025-05-05,778045,13,4,0,31,5,59,SD,0.3076923076923077,0.0,0.16129032258064516
2025-05-06,778041,16,0,1,22,2,50,SD,0.0,0.0625,0.09090909090909091
2025-05-07,778019,12,1,1,19,2,39,SD,0.08333333333333333,0.08333333333333333,0.10526315789473684
2025-05-09,777993,19,1,1,38,7,68,SD,0.05263157894736842,0.05263157894736842,0.18421052631578946
2025-05-11,777955,18,4,1,25,6,52,SD,0.2222222222222222,0.05555555555555555,0.24
2025-05-12,777947,19,8,5,40,16,87,SD,0.42105263157894735,0.2631578947368421,0.4
2025-05-13,777932,9,1,0,14,4,24,SD,0.1111111111111111,0.0,0.2857142857142857
2025-05-14,777914,9,2,1,13,2,35,SD,0.2222222222222222,0.1111111111111111,0.15384615384615385
2025-05-16,777896,15,5,2,26,6,62,SD,0.3333333333333333,0.13333333333333333,0.23076923076923078
2025-05-17,777875,15,4,2,34,11,62,SD,0.26666666666666666,0.13333333333333333,0.3235294117647059
2025-05-18,777868,17,4,4,29,6,68,SD,0.23529411764705882,0.23529411764705882,0.20689655172413793
2025-05-20,777845,4,1,1,6,2,18,SD,0.25,0.25,0.3333333333333333
2025-05-21,777837,27,3,3,45,7,90,SD,0.1111111111111111,0.1111111111111111,0.15555555555555556
2025-05-22,777816,22,1,3,40,9,93,SD,0.045454545454545456,0.13636363636363635,0.225
2025-05-23,777813,10,3,0,24,6,40,SD,0.3,0.0,0.25
2025-05-24,777803,27,8,3,42,14,102,SD,0.2962962962962963,0.1111111111111111,0.3333333333333333
2025-05-25,777783,13,3,1,27,7,53,SD,0.23076923076923078,0.07692307692307693,0.25925925925925924
2025-05-26,777756,16,4,1,34,10,65,SD,0.25,0.0625,0.29411764705882354
2025-05-27,777742,15,3,1,30,11,51,SD,0.2,0.06666666666666667,0.36666666666666664
2025-05-28,777726,21,4,1,36,11,61,SD,0.19047619047619047,0.047619047619047616,0.3055555555555556
2025-05-30,777707,12,6,2,20,4,51,SD,0.5,0.16666666666666666,0.2
2025-05-31,777691,19,4,1,35,7,80,SD,0.21052631578947367,0.05263157894736842,0.2
2025-06-01,777681,19,7,1,43,9,93,SD,0.3684210526315789,0.05263157894736842,0.20930232558139536
2025-06-02,777676,19,7,3,40,12,81,SD,0.3684210526315789,0.15789473684210525,0.3
2025-06-03,777656,17,2,1,21,2,56,SD,0.11764705882352941,0.058823529411764705,0.09523809523809523
2025-06-04,777641,9,1,1,17,3,36,SD,0.1111111111111111,0.1111111111111111,0.17647058823529413
2025-06-05,777633,11,4,1,29,4,49,SD,0.36363636363636365,0.09090909090909091,0.13793103448275862
2025-06-06,777617,17,6,2,34,9,66,SD,0.35294117647058826,0.11764705882352941,0.2647058823529412
2025-06-07,777597,13,0,1,21,2,41,SD,0.0,0.07692307692307693,0.09523809523809523
2025-06-08,777586,17,5,2,29,10,61,SD,0.29411764705882354,0.11764705882352941,0.3448275862068966
2025-06-09,777579,24,5,0,52,19,96,SD,0.20833333333333334,0.0,0.36538461538461536
2025-06-10,777560,10,1,2,14,1,32,SD,0.1,0.2,0.07142857142857142
2025-06-11,777543,23,4,2,39,12,86,SD,0.17391304347826086,0.08695652173913043,0.3076923076923077
2025-06-13,777521,12,4,1,29,7,57,SD,0.3333333333333333,0.08333333333333333,0.2413793103448276
2025-06-14,777515,20,4,3,39,10,73,SD,0.2,0.15,0.2564102564102564
2025-06-15,777491,7,5,0,18,7,32,SD,0.7142857142857143,0.0,0.3888888888888889
2025-06-16,777490,13,3,1,26,7,49,SD,0.23076923076923078,0.07692307692307693,0.2692307692307692
2025-06-17,777471,18,3,1,42,6,75,SD,0.16666666666666666,0.05555555555555555,0.14285714285714285
2025-06-18,777457,10,3,3,23,4,48,SD,0.3,0.3,0.17391304347826086
2025-06-19,777442,21,4,4,35,8,91,SD,0.19047619047619047,0.19047619047619047,0.22857142857142856
2025-06-20,777426,19,4,1,39,12,77,SD,0.21052631578947367,0.05263157894736842,0.3076923076923077
2025-06-21,777413,8,2,0,14,2,28,SD,0.25,0.0,0.14285714285714285
2025-06-22,777396,7,1,1,12,2,23,SD,0.14285714285714285,0.14285714285714285,0.16666666666666666
2025-06-23,777382,25,9,1,48,20,96,SD,0.36,0.04,0.4166666666666667
2025-06-24,777372,20,5,0,34,12,69,SD,0.25,0.0,0.35294117647058826
2025-06-25,777360,6,2,0,11,1,21,SD,0.3333333333333333,0.0,0.09090909090909091
2025-06-27,777346,16,6,0,45,14,71,SD,0.375,0.0,0.3111111111111111
2025-06-28,777328,17,4,2,31,8,63,SD,0.23529411764705882,0.11764705882352941,0.25806451612903225
2025-06-29,777312,15,3,1,34,13,55,SD,0.2,0.06666666666666667,0.38235294117647056
2025-06-30,777306,10,2,0,16,4,37,SD,0.2,0.0,0.25
2025-07-02,777273,15,3,1,30,4,52,SD,0.2,0.06666666666666667,0.13333333333333333
2025-07-02,777290,12,2,3,19,4,51,SD,0.16666666666666666,0.25,0.21052631578947367
2025-07-04,777239,16,4,2,26,5,63,SD,0.25,0.125,0.19230769230769232
2025-07-05,777223,14,2,2,27,8,61,SD,0.14285714285714285,0.14285714285714285,0.2962962962962963
2025-07-06,777207,25,8,0,54,21,96,SD,0.32,0.0,0.3888888888888889
2025-07-07,777203,25,4,3,43,5,90,SD,0.16,0.12,0.11627906976744186
2025-07-08,777185,14,5,2,31,11,68,SD,0.35714285714285715,0.14285714285714285,0.3548387096774194
2025-07-09,777162,15,4,2,27,2,61,SD,0.26666666666666666,0.13333333333333333,0.07407407407407407
2025-07-10,777158,19,4,1,34,8,76,SD,0.21052631578947367,0.05263157894736842,0.23529411764705882
2025-07-11,777139,17,4,2,35,7,76,SD,0.23529411764705882,0.11764705882352941,0.2
2025-07-12,777126,17,1,1,32,5,57,SD,0.058823529411764705,0.058823529411764705,0.15625
2025-07-13,777117,10,3,0,22,6,49,SD,0.3,0.0,0.2727272727272727
2025-07-18,777112,15,3,1,23,6,53,SD,0.2,0.06666666666666667,0.2608695652173913
2025-07-19,777091,11,2,2,23,3,45,SD,0.18181818181818182,0.18181818181818182,0.13043478260869565
2025-07-20,777077,14,1,1,30,5,55,SD,0.07142857142857142,0.07142857142857142,0.16666666666666666
2025-07-21,777062,15,4,0,26,8,47,SD,0.26666666666666666,0.0,0.3076923076923077
2025-07-22,777052,11,3,1,17,3,45,SD,0.2727272727272727,0.09090909090909091,0.17647058823529413
2025-07-23,777037,10,2,0,12,2,28,SD,0.2,0.0,0.16666666666666666
2025-07-24,777023,19,3,3,31,7,78,SD,0.15789473684210525,0.15789473684210525,0.22580645161290322
2025-07-25,777005,6,0,0,10,0,15,SD,0.0,0.0,0.0
2025-07-26,776992,16,3,1,34,10,64,SD,0.1875,0.0625,0.29411764705882354
2025-07-27,776980,12,3,1,25,6,49,SD,0.25,0.08333333333333333,0.24
2025-07-28,776959,14,6,0,23,6,52,SD,0.42857142857142855,0.0,0.2608695652173913
2025-07-29,776947,17,4,0,45,15,67,SD,0.23529411764705882,0.0,0.3333333333333333
2025-07-30,776931,7,3,0,14,3,31,SD,0.42857142857142855,0.0,0.21428571428571427
2025-08-01,776906,7,1,0,16,2,21,SD,0.14285714285714285,0.0,0.125
2025-08-02,776896,21,7,2,32,10,64,SD,0.3333333333333333,0.09523809523809523,0.3125
2025-08-03,776884,19,7,2,41,14,83,SD,0.3684210526315789,0.10526315789473684,0.34146341463414637
2025-08-04,776873,10,0,0,12,1,29,SD,0.0,0.0,0.08333333333333333
2025-08-05,776852,27,6,2,55,15,106,SD,0.2222222222222222,0.07407407407407407,0.2727272727272727
2025-08-06,776838,14,7,1,25,9,51,SD,0.5,0.07142857142857142,0.36
2025-08-08,776820,19,1,5,28,4,71,SD,0.05263157894736842,0.2631578947368421,0.14285714285714285
2025-08-09,776807,33,14,1,61,28,130,SD,0.42424242424242425,0.030303030303030304,0.45901639344262296
2025-08-10,776789,13,6,1,28,9,54,SD,0.46153846153846156,0.07692307692307693,0.32142857142857145
2025-08-11,776780,10,4,0,32,8,54,SD,0.4,0.0,0.25
2025-08-12,776767,18,5,1,32,7,65,SD,0.2777777777777778,0.05555555555555555,0.21875
2025-08-13,776749,8,2,0,9,1,18,SD,0.25,0.0,0.1111111111111111
2025-08-15,776727,27,9,4,45,16,119,SD,0.3333333333333333,0.14814814814814814,0.35555555555555557
2025-08-16,776717,16,2,0,29,4,59,SD,0.125,0.0,0.13793103448275862
2025-08-17,776697,15,6,0,25,5,55,SD,0.4,0.0,0.2
2025-08-18,776683,13,5,2,24,7,55,SD,0.38461538461538464,0.15384615384615385,0.2916666666666667
2025-08-19,776667,10,2,0,19,4,38,SD,0.2,0.0,0.21052631578947367
2025-08-20,776656,11,4,2,21,6,46,SD,0.36363636363636365,0.18181818181818182,0.2857142857142857
2025-08-21,776642,14,4,2,29,11,56,SD,0.2857142857142857,0.14285714285714285,0.3793103448275862
2025-08-22,776636,12,3,2,24,4,54,SD,0.25,0.16666666666666666,0.16666666666666666
2025-08-23,776617,10,4,0,22,7,42,SD,0.4,0.0,0.3181818181818182
2025-08-24,776603,17,2,1,30,8,71,SD,0.11764705882352941,0.058823529411764705,0.26666666666666666
2025-08-25,776595,21,5,2,35,11,74,SD,0.23809523809523808,0.09523809523809523,0.3142857142857143
2025-08-26,776577,19,6,1,48,12,89,SD,0.3157894736842105,0.05263157894736842,0.25
2025-08-27,776561,18,2,2,28,6,63,SD,0.1111111111111111,0.1111111111111111,0.21428571428571427
2025-08-29,776541,27,2,5,45,4,115,SD,0.07407407407407407,0.18518518518518517,0.08888888888888889
2025-08-30,776530,13,1,0,27,8,53,SD,0.07692307692307693,0.0,0.2962962962962963
2025-08-31,776513,31,8,4,51,13,123,SD,0.25806451612903225,0.12903225806451613,0.2549019607843137
2025-09-01,776494,21,6,0,44,10,81,SD,0.2857142857142857,0.0,0.22727272727272727
2025-09-02,776480,23,5,2,40,10,77,SD,0.21739130434782608,0.08695652173913043,0.25
2025-09-03,776465,26,10,5,46,19,118,SD,0.38461538461538464,0.19230769230769232,0.41304347826086957
2025-09-05,776442,10,4,2,13,5,40,SD,0.4,0.2,0.38461538461538464
2025-09-06,776431,16,4,2,37,16,69,SD,0.25,0.125,0.43243243243243246
2025-09-07,776417,14,4,2,24,8,59,SD,0.2857142857142857,0.14285714285714285,0.3333333333333333
2025-09-08,776407,14,6,0,25,9,53,SD,0.42857142857142855,0.0,0.36
2025-09-09,776392,15,7,1,28,10,68,SD,0.4666666666666667,0.06666666666666667,0.35714285714285715
2025-09-10,776377,13,2,3,17,3,51,SD,0.15384615384615385,0.23076923076923078,0.17647058823529413
2025-09-11,776365,9,5,0,20,8,36,SD,0.5555555555555556,0.0,0.4
2025-09-12,776357,18,3,0,35,13,49,SD,0.16666666666666666,0.0,0.37142857142857144
2025-09-13,776341,13,4,0,22,5,47,SD,0.3076923076923077,0.0,0.22727272727272727
2025-09-14,776323,18,8,1,39,13,77,SD,0.4444444444444444,0.05555555555555555,0.3333333333333333
2025-09-16,776304,18,9,2,44,12,100,SD,0.5,0.1111111111111111,0.2727272727272727
2025-09-17,776288,17,4,2,38,8,76,SD,0.23529411764705882,0.11764705882352941,0.21052631578947367
2025-09-18,776276,23,6,3,56,15,105,SD,0.2608695652173913,0.13043478260869565,0.26785714285714285
2025-09-19,776264,6,1,0,10,2,22,SD,0.16666666666666666,0.0,0.2
2025-09-20,776250,16,4,2,35,9,60,SD,0.25,0.125,0.2571428571428571
2025-09-21,776235,17,7,5,26,11,72,SD,0.4117647058823529,0.29411764705882354,0.4230769230769231
2025-09-22,776222,22,6,2,35,9,86,SD,0.2727272727272727,0.09090909090909091,0.2571428571428571
2025-09-23,776214,9,2,0,16,4,33,SD,0.2222222222222222,0.0,0.25
2025-09-24,776198,15,1,1,28,5,63,SD,0.06666666666666667,0.06666666666666667,0.17857142857142858
2025-09-26,776170,20,7,6,33,11,101,SD,0.35,0.3,0.3333333333333333
2025-09-27,776152,23,9,2,38,12,90,SD,0.391304347826087,0.08695652173913043,0.3157894736842105
2025-09-28,776136,15,6,1,28,7,61,SD,0.4,0.06666666666666667,0.25
2025-09-30,813066,12,4,0,19,7,42,SD,0.3333333333333333,0.0,0.3684210526315789
2025-10-01,813064,17,6,0,34,10,78,SD,0.35294117647058826,0.0,0.29411764705882354
2025-03-27,778561,16,3,1,28,7,57,SF,0.1875,0.0625,0.25
2025-03-29,778540,11,4,0,30,7,52,SF,0.36363636363636365,0.0,0.23333333333333334
2025-03-30,778522,12,1,1,20,6,45,SF,0.08333333333333333,0.08333333333333333,0.3
2025-03-31,778505,13,4,1,23,7,53,SF,0.3076923076923077,0.07692307692307693,0.30434782608695654
2025-04-01,778489,8,1,0,14,4,30,SF,0.125,0.0,0.2857142857142857
2025-04-02,778475,19,6,1,29,11,57,SF,0.3157894736842105,0.05263157894736842,0.3793103448275862
2025-04-04,778444,42,6,4,71,15,151,SF,0.14285714285714285,0.09523809523809523,0.2112676056338028
2025-04-05,778436,12,3,1,22,5,44,SF,0.25,0.08333333333333333,0.22727272727272727
2025-04-06,778427,17,1,1,29,5,64,SF,0.058823529411764705,0.058823529411764705,0.1724137931034483
2025-04-07,778410,11,3,2,14,3,43,SF,0.2727272727272727,0.18181818181818182,0.21428571428571427
2025-04-08,778397,11,2,1,19,4,39,SF,0.18181818181818182,0.09090909090909091,0.21052631578947367
2025-04-09,778376,15,7,1,22,6,56,SF,0.4666666666666667,0.06666666666666667,0.2727272727272727
2025-04-11,778370,4,2,1,12,2,28,SF,0.5,0.25,0.16666666666666666
2025-04-12,778355,16,5,1,28,10,64,SF,0.3125,0.0625,0.35714285714285715
2025-04-13,778339,14,4,0,25,5,52,SF,0.2857142857142857,0.0,0.2
2025-04-14,778320,15,5,1,29,7,66,SF,0.3333333333333333,0.06666666666666667,0.2413793103448276
2025-04-15,778313,10,1,1,20,3,44,SF,0.1,0.1,0.15
2025-04-16,778296,18,5,1,26,6,68,SF,0.2777777777777778,0.05555555555555555,0.23076923076923078
2025-04-17,778279,5,2,2,12,3,25,SF,0.4,0.4,0.25
2025-04-18,778260,6,0,0,10,3,23,SF,0.0,0.0,0.3
2025-04-19,778243,7,1,0,14,3,31,SF,0.14285714285714285,0.0,0.21428571428571427
2025-04-20,778232,13,3,2,18,3,52,SF,0.23076923076923078,0.15384615384615385,0.16666666666666666
2025-04-21,778226,14,5,2,26,8,56,SF,0.35714285714285715,0.14285714285714285,0.3076923076923077
2025-04-22,778210,19,1,1,32,3,61,SF,0.05263157894736842,0.05263157894736842,0.09375
2025-04-23,778198,12,2,0,25,5,44,SF,0.16666666666666666,0.0,0.2
2025-04-24,778194,21,5,3,30,11,73,SF,0.23809523809523808,0.14285714285714285,0.36666666666666664
2025-04-25,778171,10,4,0,14,4,38,SF,0.4,0.0,0.2857142857142857
2025-04-26,778159,9,2,0,15,5,27,SF,0.2222222222222222,0.0,0.3333333333333333
2025-04-27,778151,15,7,0,37,13,60,SF,0.4666666666666667,0.0,0.35135135135135137
2025-04-29,778126,13,2,0,28,7,59,SF,0.15384615384615385,0.0,0.25
2025-04-30,778105,14,2,1,20,3,51,SF,0.14285714285714285,0.07142857142857142,0.15
2025-05-01,778098,12,2,1,21,4,41,SF,0.16666666666666666,0.08333333333333333,0.19047619047619047
2025-05-02,778082,6,1,0,11,1,26,SF,0.16666666666666666,0.0,0.09090909090909091
2025-05-03,778069,15,2,1,27,3,57,SF,0.13333333333333333,0.06666666666666667,0.1111111111111111
2025-05-04,778048,10,2,0,21,2,40,SF,0.2,0.0,0.09523809523809523
2025-05-05,778044,17,1,3,24,3,58,SF,0.058823529411764705,0.17647058823529413,0.125
2025-05-06,778027,25,9,4,45,18,92,SF,0.36,0.16,0.4
2025-05-07,778020,10,2,1,15,5,38,SF,0.2,0.1,0.3333333333333333
2025-05-09,777992,9,3,2,19,6,42,SF,0.3333333333333333,0.2222222222222222,0.3157894736842105
2025-05-10,777974,3,3,0,9,4,12,SF,1.0,0.0,0.4444444444444444
2025-05-11,777956,23,7,1,41,11,90,SF,0.30434782608695654,0.043478260869565216,0.2682926829268293
2025-05-12,777939,8,3,0,12,4,24,SF,0.375,0.0,0.3333333333333333
2025-05-13,777930,14,0,1,25,4,47,SF,0.0,0.07142857142857142,0.16
2025-05-14,777916,32,5,5,50,14,131,SF,0.15625,0.15625,0.28
2025-05-16,777891,3,3,0,5,4,12,SF,1.0,0.0,0.8
2025-05-17,777879,13,3,1,16,3,34,SF,0.23076923076923078,0.07692307692307693,0.1875
2025-05-18,777867,16,4,0,29,10,53,SF,0.25,0.0,0.3448275862068966
2025-05-19,777855,10,0,1,17,1,36,SF,0.0,0.1,0.058823529411764705
2025-05-20,777836,14,6,1,28,10,59,SF,0.42857142857142855,0.07142857142857142,0.35714285714285715
2025-05-21,777819,21,0,0,34,6,56,SF,0.0,0.0,0.17647058823529413
2025-05-23,777801,8,1,1,18,5,35,SF,0.125,0.125,0.2777777777777778
2025-05-24,777793,15,4,0,25,7,51,SF,0.26666666666666666,0.0,0.28
2025-05-25,777778,11,3,0,20,3,37,SF,0.2727272727272727,0.0,0.15
2025-05-26,777770,14,2,1,20,4,48,SF,0.14285714285714285,0.07142857142857142,0.2
2025-05-27,777755,6,3,0,9,4,23,SF,0.5,0.0,0.4444444444444444
2025-05-28,777738,15,9,0,25,9,52,SF,0.6,0.0,0.36
2025-05-30,777717,19,6,4,33,7,83,SF,0.3157894736842105,0.21052631578947367,0.21212121212121213
2025-05-31,777705,3,0,0,3,0,5,SF,0.0,0.0,0.0
2025-06-01,777689,19,4,5,31,7,78,SF,0.21052631578947367,0.2631578947368421,0.22580645161290322
2025-06-02,777676,6,2,0,13,1,21,SF,0.3333333333333333,0.0,0.07692307692307693
2025-06-03,777656,21,3,4,34,12,82,SF,0.14285714285714285,0.19047619047619047,0.35294117647058826
2025-06-04,777641,18,3,1,30,6,61,SF,0.16666666666666666,0.05555555555555555,0.2
2025-06-05,777633,9,3,0,19,3,37,SF,0.3333333333333333,0.0,0.15789473684210525
2025-06-06,777619,24,5,1,44,9,94,SF,0.20833333333333334,0.041666666666666664,0.20454545454545456
2025-06-07,777598,12,0,1,18,3,48,SF,0.0,0.08333333333333333,0.16666666666666666
2025-06-08,777587,11,6,0,22,6,51,SF,0.5454545454545454,0.0,0.2727272727272727
2025-06-10,777563,19,4,5,40,11,83,SF,0.21052631578947367,0.2631578947368421,0.275
2025-06-11,777547,21,1,1,35,4,80,SF,0.047619047619047616,0.047619047619047616,0.11428571428571428
2025-06-12,777534,17,2,4,35,12,79,SF,0.11764705882352941,0.23529411764705882,0.34285714285714286
2025-06-13,777522,7,1,1,9,1,23,SF,0.14285714285714285,0.14285714285714285,0.1111111111111111
2025-06-14,777506,31,1,5,49,10,117,SF,0.03225806451612903,0.16129032258064516,0.20408163265306123
2025-06-15,777498,17,4,0,26,7,50,SF,0.23529411764705882,0.0,0.2692307692307692
2025-06-17,777472,9,1,0,19,4,29,SF,0.1111111111111111,0.0,0.21052631578947367
2025-06-18,777454,14,4,2,26,6,61,SF,0.2857142857142857,0.14285714285714285,0.23076923076923078
2025-06-19,777440,6,3,0,13,4,23,SF,0.5,0.0,0.3076923076923077
2025-06-20,777425,18,6,0,29,7,71,SF,0.3333333333333333,0.0,0.2413793103448276
2025-06-21,777417,12,1,0,22,4,39,SF,0.08333333333333333,0.0,0.18181818181818182
2025-06-22,777395,16,4,2,32,6,73,SF,0.25,0.125,0.1875
2025-06-24,777364,18,2,0,28,2,69,SF,0.1111111111111111,0.0,0.07142857142857142
2025-06-25,777355,21,4,3,36,6,76,SF,0.19047619047619047,0.14285714285714285,0.16666666666666666
2025-06-26,777347,24,7,2,33,7,82,SF,0.2916666666666667,0.08333333333333333,0.21212121212121213
2025-06-27,777338,12,2,1,25,3,51,SF,0.16666666666666666,0.08333333333333333,0.12
2025-06-28,777327,8,2,0,16,4,30,SF,0.25,0.0,0.25
2025-06-29,777311,13,0,1,20,1,38,SF,0.0,0.07692307692307693,0.05
2025-06-30,777291,6,1,0,14,2,22,SF,0.16666666666666666,0.0,0.14285714285714285
2025-07-01,777278,18,5,1,37,9,74,SF,0.2777777777777778,0.05555555555555555,0.24324324324324326
2025-07-02,777270,24,9,1,43,10,83,SF,0.375,0.041666666666666664,0.23255813953488372
2025-07-04,777244,22,7,0,50,7,89,SF,0.3181818181818182,0.0,0.14
2025-07-05,777227,7,2,0,19,7,29,SF,0.2857142857142857,0.0,0.3684210526315789
2025-07-06,777210,16,2,2,21,4,45,SF,0.125,0.125,0.19047619047619047
2025-07-07,777199,14,2,1,33,4,66,SF,0.14285714285714285,0.07142857142857142,0.12121212121212122
2025-07-08,777186,16,1,1,33,4,53,SF,0.0625,0.0625,0.12121212121212122
2025-07-09,777163,23,2,3,40,7,90,SF,0.08695652173913043,0.13043478260869565,0.175
2025-07-11,777143,16,0,1,28,2,55,SF,0.0,0.0625,0.07142857142857142
2025-07-12,777127,10,2,0,19,5,38,SF,0.2,0.0,0.2631578947368421
2025-07-13,777119,20,6,1,44,12,80,SF,0.3,0.05,0.2727272727272727
2025-07-18,777108,17,2,1,32,6,58,SF,0.11764705882352941,0.058823529411764705,0.1875
2025-07-19,777094,9,2,0,16,3,27,SF,0.2222222222222222,0.0,0.1875
2025-07-20,777079,15,4,0,33,8,55,SF,0.26666666666666666,0.0,0.24242424242424243
2025-07-21,777069,34,12,5,81,23,164,SF,0.35294117647058826,0.14705882352941177,0.2839506172839506
2025-07-22,777058,17,8,1,34,11,74,SF,0.47058823529411764,0.058823529411764705,0.3235294117647059
2025-07-23,777041,18,4,0,34,7,61,SF,0.2222222222222222,0.0,0.20588235294117646
2025-07-25,777004,19,6,1,33,9,81,SF,0.3157894736842105,0.05263157894736842,0.2727272727272727
2025-07-26,776985,14,5,2,17,4,53,SF,0.35714285714285715,0.14285714285714285,0.23529411764705882
2025-07-27,776974,37,7,2,66,11,134,SF,0.1891891891891892,0.05405405405405406,0.16666666666666666
2025-07-28,776964,17,5,2,29,9,64,SF,0.29411764705882354,0.11764705882352941,0.3103448275862069
2025-07-29,776943,18,4,0,25,6,53,SF,0.2222222222222222,0.0,0.24
2025-07-30,776933,18,3,3,32,6,72,SF,0.16666666666666666,0.16666666666666666,0.1875
2025-08-01,776926,15,1,3,15,3,44,SF,0.06666666666666667,0.2,0.2
2025-08-02,776911,25,2,2,47,9,102,SF,0.08,0.08,0.19148936170212766
2025-08-03,776887,16,4,1,30,6,63,SF,0.25,0.0625,0.2
2025-08-04,776879,17,4,2,39,6,84,SF,0.23529411764705882,0.11764705882352941,0.15384615384615385
2025-08-05,776866,9,3,1,17,4,36,SF,0.3333333333333333,0.1111111111111111,0.23529411764705882
2025-08-06,776844,11,3,0,29,6,55,SF,0.2727272727272727,0.0,0.20689655172413793
2025-08-08,776822,28,6,2,55,12,108,SF,0.21428571428571427,0.07142857142857142,0.21818181818181817
2025-08-09,776802,20,2,0,30,5,69,SF,0.1,0.0,0.16666666666666666
2025-08-10,776793,19,2,0,28,1,58,SF,0.10526315789473684,0.0,0.03571428571428571
2025-08-11,776780,10,2,0,17,6,40,SF,0.2,0.0,0.35294117647058826
2025-08-12,776767,14,0,3,23,4,60,SF,0.0,0.21428571428571427,0.17391304347826086
2025-08-13,776749,34,4,3,70,8,131,SF,0.11764705882352941,0.08823529411764706,0.11428571428571428
2025-08-15,776729,26,5,1,43,10,93,SF,0.19230769230769232,0.038461538461538464,0.23255813953488372
2025-08-16,776711,12,1,2,13,1,40,SF,0.08333333333333333,0.16666666666666666,0.07692307692307693
2025-08-17,776703,9,2,1,20,6,34,SF,0.2222222222222222,0.1111111111111111,0.3
2025-08-18,776683,9,1,0,17,2,40,SF,0.1111111111111111,0.0,0.11764705882352941
2025-08-19,776667,21,3,2,40,9,83,SF,0.14285714285714285,0.09523809523809523,0.225
2025-08-20,776656,23,6,1,45,9,86,SF,0.2608695652173913,0.043478260869565216,0.2
2025-08-21,776642,17,3,1,32,4,59,SF,0.17647058823529413,0.058823529411764705,0.125
2025-08-22,776634,21,7,2,35,6,85,SF,0.3333333333333333,0.09523809523809523,0.17142857142857143
2025-08-23,776621,11,2,0,18,4,43,SF,0.18181818181818182,0.0,0.2222222222222222
2025-08-24,776608,15,3,0,25,6,56,SF,0.2,0.0,0.24
2025-08-26,776576,10,5,0,21,8,44,SF,0.5,0.0,0.38095238095238093
2025-08-27,776557,13,5,1,26,8,56,SF,0.38461538461538464,0.07692307692307693,0.3076923076923077
2025-08-28,776550,7,2,1,10,2,23,SF,0.2857142857142857,0.14285714285714285,0.2
2025-08-29,776533,18,4,0,32,7,64,SF,0.2222222222222222,0.0,0.21875
2025-08-30,776516,28,8,2,55,17,112,SF,0.2857142857142857,0.07142857142857142,0.3090909090909091
2025-08-31,776507,19,0,2,40,1,74,SF,0.0,0.10526315789473684,0.025
2025-09-01,776492,13,2,0,29,8,53,SF,0.15384615384615385,0.0,0.27586206896551724
2025-09-02,776486,15,3,1,28,7,52,SF,0.2,0.06666666666666667,0.25
2025-09-03,776467,18,3,1,34,9,62,SF,0.16666666666666666,0.05555555555555555,0.2647058823529412
2025-09-05,776445,16,5,0,30,10,57,SF,0.3125,0.0,0.3333333333333333
2025-09-06,776437,12,1,1,14,2,37,SF,0.08333333333333333,0.08333333333333333,0.14285714285714285
2025-09-07,776416,17,5,1,32,8,64,SF,0.29411764705882354,0.058823529411764705,0.25
2025-09-08,776399,12,3,0,20,3,34,SF,0.25,0.0,0.15
2025-09-09,776394,18,2,1,34,5,66,SF,0.1111111111111111,0.05555555555555555,0.14705882352941177
2025-09-10,776374,31,8,4,59,12,132,SF,0.25806451612903225,0.12903225806451613,0.2033898305084746
2025-09-12,776350,10,1,0,16,2,38,SF,0.1,0.0,0.125
2025-09-13,776328,27,2,3,47,7,96,SF,0.07407407407407407,0.1111111111111111,0.14893617021276595
2025-09-14,776325,29,4,2,51,8,109,SF,0.13793103448275862,0.06896551724137931,0.1568627450980392
2025-09-15,776309,22,1,3,33,4,88,SF,0.045454545454545456,0.13636363636363635,0.12121212121212122
2025-09-16,776294,29,2,4,38,7,94,SF,0.06896551724137931,0.13793103448275862,0.18421052631578946
2025-09-17,776279,16,2,1,30,5,58,SF,0.125,0.0625,0.16666666666666666
2025-09-18,776271,4,0,0,7,0,13,SF,0.0,0.0,0.0
2025-09-19,776256,12,1,0,18,3,38,SF,0.08333333333333333,0.0,0.16666666666666666
2025-09-20,776233,26,4,2,40,10,98,SF,0.15384615384615385,0.07692307692307693,0.25
2025-09-21,776227,9,3,0,19,5,38,SF,0.3333333333333333,0.0,0.2631578947368421
2025-09-22,776220,18,6,1,23,8,57,SF,0.3333333333333333,0.05555555555555555,0.34782608695652173
2025-09-23,776211,17,3,1,36,6,76,SF,0.17647058823529413,0.058823529411764705,0.16666666666666666
2025-09-24,776196,19,6,2,33,5,79,SF,0.3157894736842105,0.10526315789473684,0.15151515151515152
2025-09-26,776166,7,3,0,13,5,28,SF,0.42857142857142855,0.0,0.38461538461538464
2025-09-27,776146,13,1,2,20,3,46,SF,0.07692307692307693,0.15384615384615385,0.15
2025-09-28,776137,13,5,2,19,5,53,SF,0.38461538461538464,0.15384615384615385,0.2631578947368421
2025-03-27,778547,7,2,1,10,4,23,SEA,0.2857142857142857,0.14285714285714285,0.4
2025-03-28,778541,23,1,3,34,5,78,SEA,0.043478260869565216,0.13043478260869565,0.14705882352941177
2025-03-29,778521,14,3,0,28,3,56,SEA,0.21428571428571427,0.0,0.10714285714285714
2025-03-30,778513,11,3,1,21,8,40,SEA,0.2727272727272727,0.09090909090909091,0.38095238095238093
2025-03-31,778496,37,5,3,68,10,143,SEA,0.13513513513513514,0.08108108108108109,0.14705882352941177
2025-04-01,778486,15,3,0,30,6,61,SEA,0.2,0.0,0.2
2025-04-02,778469,9,3,2,18,10,37,SEA,0.3333333333333333,0.2222222222222222,0.5555555555555556
2025-04-04,778444,38,10,2,76,20,175,SEA,0.2631578947368421,0.05263157894736842,0.2631578947368421
2025-04-05,778436,11,1,1,16,4,36,SEA,0.09090909090909091,0.09090909090909091,0.25
2025-04-06,778427,12,3,2,20,5,48,SEA,0.25,0.16666666666666666,0.25
2025-04-07,778405,14,3,1,20,5,55,SEA,0.21428571428571427,0.07142857142857142,0.25
2025-04-08,778398,26,6,0,40,11,96,SEA,0.23076923076923078,0.0,0.275
2025-04-09,778383,22,2,2,40,7,81,SEA,0.09090909090909091,0.09090909090909091,0.175
2025-04-11,778360,17,3,0,23,4,57,SEA,0.17647058823529413,0.0,0.17391304347826086
2025-04-12,778341,8,0,0,16,2,35,SEA,0.0,0.0,0.125
2025-04-13,778334,13,4,0,26,7,50,SEA,0.3076923076923077,0.0,0.2692307692307692
2025-04-15,778316,16,3,3,32,7,73,SEA,0.1875,0.1875,0.21875
2025-04-16,778304,17,3,0,35,8,67,SEA,0.17647058823529413,0.0,0.22857142857142856
2025-04-17,778285,26,3,6,34,6,102,SEA,0.11538461538461539,0.23076923076923078,0.17647058823529413
2025-04-18,778273,3,0,0,3,0,8,SEA,0.0,0.0,0.0
2025-04-19,778258,28,3,1,45,6,96,SEA,0.10714285714285714,0.03571428571428571,0.13333333333333333
2025-04-20,778241,15,2,2,24,4,44,SEA,0.13333333333333333,0.13333333333333333,0.16666666666666666
2025-04-22,778224,19,5,3,33,12,82,SEA,0.2631578947368421,0.15789473684210525,0.36363636363636365
2025-04-23,778207,12,4,1,20,7,48,SEA,0.3333333333333333,0.08333333333333333,0.35
2025-04-24,778196,11,4,1,22,9,47,SEA,0.36363636363636365,0.09090909090909091,0.4090909090909091
2025-04-25,778175,28,5,0,41,6,96,SEA,0.17857142857142858,0.0,0.14634146341463414
2025-04-26,778154,12,2,0,31,8,43,SEA,0.16666666666666666,0.0,0.25806451612903225
2025-04-27,778136,19,4,0,33,5,61,SEA,0.21052631578947367,0.0,0.15151515151515152
2025-04-29,778121,16,5,0,27,6,57,SEA,0.3125,0.0,0.2222222222222222
2025-04-30,778104,11,0,1,18,3,40,SEA,0.0,0.09090909090909091,0.16666666666666666
2025-05-02,778083,10,2,0,18,2,41,SEA,0.2,0.0,0.1111111111111111
2025-05-03,778070,11,2,2,21,4,44,SEA,0.18181818181818182,0.18181818181818182,0.19047619047619047
2025-05-04,778052,13,2,2,22,6,45,SEA,0.15384615384615385,0.15384615384615385,0.2727272727272727
2025-05-05,778038,32,4,3,58,8,129,SEA,0.125,0.09375,0.13793103448275862
2025-05-06,778024,18,5,2,31,9,65,SEA,0.2777777777777778,0.1111111111111111,0.2903225806451613
2025-05-07,778010,10,3,0,17,8,35,SEA,0.3,0.0,0.47058823529411764
2025-05-09,777984,16,5,1,26,10,57,SEA,0.3125,0.0625,0.38461538461538464
2025-05-10,777970,20,7,3,31,7,78,SEA,0.35,0.15,0.22580645161290322
2025-05-11,777958,19,1,1,29,2,60,SEA,0.05263157894736842,0.05263157894736842,0.06896551724137931
2025-05-12,777941,21,4,2,41,6,83,SEA,0.19047619047619047,0.09523809523809523,0.14634146341463414
2025-05-13,777926,20,7,2,39,16,91,SEA,0.35,0.1,0.41025641025641024
2025-05-14,777915,12,6,0,21,6,45,SEA,0.5,0.0,0.2857142857142857
2025-05-16,777896,11,6,0,26,10,46,SEA,0.5454545454545454,0.0,0.38461538461538464
2025-05-17,777875,15,5,0,31,8,61,SEA,0.3333333333333333,0.0,0.25806451612903225
2025-05-18,777868,9,0,2,16,1,37,SEA,0.0,0.2222222222222222,0.0625
2025-05-19,777857,10,3,2,17,6,43,SEA,0.3,0.2,0.35294117647058826
2025-05-20,777846,26,7,0,48,10,94,SEA,0.2692307692307692,0.0,0.20833333333333334
2025-05-21,777830,13,3,1,21,5,51,SEA,0.23076923076923078,0.07692307692307693,0.23809523809523808
2025-05-22,777822,22,2,1,37,5,82,SEA,0.09090909090909091,0.045454545454545456,0.13513513513513514
2025-05-23,777800,12,0,1,21,3,37,SEA,0.0,0.08333333333333333,0.14285714285714285
2025-05-24,777787,7,0,0,18,2,22,SEA,0.0,0.0,0.1111111111111111
2025-05-25,777774,13,2,2,21,7,54,SEA,0.15384615384615385,0.15384615384615385,0.3333333333333333
2025-05-27,777743,3,1,0,5,1,10,SEA,0.3333333333333333,0.0,0.2
2025-05-28,777730,20,2,2,35,2,66,SEA,0.1,0.1,0.05714285714285714
2025-05-29,777722,25,4,0,46,9,76,SEA,0.16,0.0,0.1956521739130435
2025-05-30,777713,21,4,3,35,5,78,SEA,0.19047619047619047,0.14285714285714285,0.14285714285714285
2025-05-31,777695,29,9,2,59,16,126,SEA,0.3103448275862069,0.06896551724137931,0.2711864406779661
2025-06-01,777680,13,4,1,22,6,61,SEA,0.3076923076923077,0.07692307692307693,0.2727272727272727
2025-06-03,777655,16,1,1,29,2,62,SEA,0.0625,0.0625,0.06896551724137931
2025-06-04,777645,14,3,3,22,6,59,SEA,0.21428571428571427,0.21428571428571427,0.2727272727272727
2025-06-05,777628,11,4,0,26,7,50,SEA,0.36363636363636365,0.0,0.2692307692307692
2025-06-06,777614,10,5,0,17,5,46,SEA,0.5,0.0,0.29411764705882354
2025-06-07,777603,18,1,4,31,5,68,SEA,0.05555555555555555,0.2222222222222222,0.16129032258064516
2025-06-08,777589,7,4,1,14,9,32,SEA,0.5714285714285714,0.14285714285714285,0.6428571428571429
2025-06-09,777577,26,7,5,43,11,106,SEA,0.2692307692307692,0.19230769230769232,0.2558139534883721
2025-06-10,777559,16,4,2,32,5,68,SEA,0.25,0.125,0.15625
2025-06-11,777548,9,2,0,21,1,37,SEA,0.2222222222222222,0.0,0.047619047619047616
2025-06-13,777520,10,1,0,16,2,37,SEA,0.1,0.0,0.125
2025-06-14,777507,15,4,0,34,5,61,SEA,0.26666666666666666,0.0,0.14705882352941177
2025-06-15,777495,8,2,0,14,4,28,SEA,0.25,0.0,0.2857142857142857
2025-06-16,777486,14,2,2,34,4,62,SEA,0.14285714285714285,0.14285714285714285,0.11764705882352941
2025-06-17,777473,7,4,0,17,7,30,SEA,0.5714285714285714,0.0,0.4117647058823529
2025-06-18,777453,9,2,0,16,3,40,SEA,0.2222222222222222,0.0,0.1875
2025-06-20,777436,14,1,2,19,1,49,SEA,0.07142857142857142,0.14285714285714285,0.05263157894736842
2025-06-21,777419,18,5,2,38,9,81,SEA,0.2777777777777778,0.1111111111111111,0.23684210526315788
2025-06-22,777403,16,3,1,25,5,65,SEA,0.1875,0.0625,0.2
2025-06-23,777388,10,2,0,18,1,37,SEA,0.2,0.0,0.05555555555555555
2025-06-24,777375,14,3,1,29,6,56,SEA,0.21428571428571427,0.07142857142857142,0.20689655172413793
2025-06-25,777363,7,3,0,15,4,28,SEA,0.42857142857142855,0.0,0.26666666666666666
2025-06-26,777356,22,1,4,29,4,73,SEA,0.045454545454545456,0.18181818181818182,0.13793103448275862
2025-06-27,777340,29,7,3,50,9,105,SEA,0.2413793103448276,0.10344827586206896,0.18
2025-06-28,777322,15,3,3,26,8,67,SEA,0.2,0.2,0.3076923076923077
2025-06-29,777302,22,5,0,46,6,95,SEA,0.22727272727272727,0.0,0.13043478260869565
2025-06-30,777297,12,4,1,21,4,48,SEA,0.3333333333333333,0.08333333333333333,0.19047619047619047
2025-07-01,777281,13,2,1,22,3,43,SEA,0.15384615384615385,0.07692307692307693,0.13636363636363635
2025-07-02,777262,17,7,1,33,13,71,SEA,0.4117647058823529,0.058823529411764705,0.3939393939393939
2025-07-03,777251,16,2,4,23,2,60,SEA,0.125,0.25,0.08695652173913043
2025-07-04,777236,12,4,1,16,5,44,SEA,0.3333333333333333,0.08333333333333333,0.3125
2025-07-05,777225,7,3,1,12,6,27,SEA,0.42857142857142855,0.14285714285714285,0.5
2025-07-06,777205,9,4,0,22,7,41,SEA,0.4444444444444444,0.0,0.3181818181818182
2025-07-08,777187,14,4,0,26,2,43,SEA,0.2857142857142857,0.0,0.07692307692307693
2025-07-09,777184,15,1,1,28,3,54,SEA,0.06666666666666667,0.06666666666666667,0.10714285714285714
2025-07-10,777169,14,1,2,22,2,58,SEA,0.07142857142857142,0.14285714285714285,0.09090909090909091
2025-07-11,777161,15,4,2,25,5,53,SEA,0.26666666666666666,0.13333333333333333,0.2
2025-07-12,777145,19,4,2,30,7,66,SEA,0.21052631578947367,0.10526315789473684,0.23333333333333334
2025-07-13,777121,13,4,0,28,10,56,SEA,0.3076923076923077,0.0,0.35714285714285715
2025-07-18,777099,9,1,1,14,1,36,SEA,0.1111111111111111,0.1111111111111111,0.07142857142857142
2025-07-19,777086,31,9,2,57,14,117,SEA,0.2903225806451613,0.06451612903225806,0.24561403508771928
2025-07-20,777067,18,2,1,33,3,62,SEA,0.1111111111111111,0.05555555555555555,0.09090909090909091
2025-07-21,777050,12,3,1,16,1,48,SEA,0.25,0.08333333333333333,0.0625
2025-07-22,777035,12,3,3,20,4,55,SEA,0.25,0.25,0.2
2025-07-23,777024,21,5,2,36,13,78,SEA,0.23809523809523808,0.09523809523809523,0.3611111111111111
2025-07-24,777018,18,4,1,37,10,68,SEA,0.2222222222222222,0.05555555555555555,0.2702702702702703
2025-07-25,777006,13,5,1,31,8,61,SEA,0.38461538461538464,0.07692307692307693,0.25806451612903225
2025-07-26,776995,10,1,0,15,2,26,SEA,0.1,0.0,0.13333333333333333
2025-07-27,776977,10,2,1,22,4,47,SEA,0.2,0.1,0.18181818181818182
2025-07-28,776957,9,1,2,16,2,36,SEA,0.1111111111111111,0.2222222222222222,0.125
2025-07-29,776944,12,1,1,15,1,37,SEA,0.08333333333333333,0.08333333333333333,0.06666666666666667
2025-07-30,776930,6,3,0,13,2,25,SEA,0.5,0.0,0.15384615384615385
2025-07-31,776923,10,3,0,17,4,36,SEA,0.3,0.0,0.23529411764705882
2025-08-01,776908,10,3,0,18,5,31,SEA,0.3,0.0,0.2777777777777778
2025-08-02,776897,27,4,1,47,11,102,SEA,0.14814814814814814,0.037037037037037035,0.23404255319148937
2025-08-03,776883,13,4,1,26,3,54,SEA,0.3076923076923077,0.07692307692307693,0.11538461538461539
2025-08-05,776857,11,1,2,35,7,58,SEA,0.09090909090909091,0.18181818181818182,0.2
2025-08-06,776841,15,5,2,31,7,60,SEA,0.3333333333333333,0.13333333333333333,0.22580645161290322
2025-08-07,776830,26,6,0,46,14,97,SEA,0.23076923076923078,0.0,0.30434782608695654
2025-08-08,776824,6,3,0,10,2,28,SEA,0.5,0.0,0.2
2025-08-09,776805,14,5,1,20,11,49,SEA,0.35714285714285715,0.07142857142857142,0.55
2025-08-10,776791,11,3,1,29,7,54,SEA,0.2727272727272727,0.09090909090909091,0.2413793103448276
2025-08-12,776776,9,2,1,16,5,30,SEA,0.2222222222222222,0.1111111111111111,0.3125
2025-08-13,776761,12,3,0,22,8,38,SEA,0.25,0.0,0.36363636363636365
2025-08-14,776750,17,3,3,23,3,59,SEA,0.17647058823529413,0.17647058823529413,0.13043478260869565
2025-08-15,776736,18,7,0,32,9,57,SEA,0.3888888888888889,0.0,0.28125
2025-08-16,776726,9,2,0,18,4,38,SEA,0.2222222222222222,0.0,0.2222222222222222
2025-08-17,776707,13,5,1,24,9,47,SEA,0.38461538461538464,0.07692307692307693,0.375
2025-08-18,776689,33,3,2,53,8,98,SEA,0.09090909090909091,0.06060606060606061,0.1509433962264151
2025-08-19,776680,13,2,1,22,3,45,SEA,0.15384615384615385,0.07692307692307693,0.13636363636363635
2025-08-20,776662,26,3,3,41,6,106,SEA,0.11538461538461539,0.11538461538461539,0.14634146341463414
2025-08-22,776638,11,4,1,17,7,34,SEA,0.36363636363636365,0.09090909090909091,0.4117647058823529
2025-08-23,776620,15,4,1,27,4,59,SEA,0.26666666666666666,0.06666666666666667,0.14814814814814814
2025-08-24,776602,16,2,3,25,6,52,SEA,0.125,0.1875,0.24
2025-08-25,776595,18,8,1,30,11,69,SEA,0.4444444444444444,0.05555555555555555,0.36666666666666664
2025-08-26,776577,17,0,0,32,3,65,SEA,0.0,0.0,0.09375
2025-08-27,776561,13,3,0,23,7,49,SEA,0.23076923076923078,0.0,0.30434782608695654
2025-08-29,776547,9,2,2,14,4,37,SEA,0.2222222222222222,0.2222222222222222,0.2857142857142857
2025-08-30,776537,9,2,1,16,4,40,SEA,0.2222222222222222,0.1111111111111111,0.25
2025-08-31,776521,9,5,0,21,6,40,SEA,0.5555555555555556,0.0,0.2857142857142857
2025-09-01,776504,19,3,0,37,5,69,SEA,0.15789473684210525,0.0,0.13513513513513514
2025-09-02,776485,14,5,2,33,13,59,SEA,0.35714285714285715,0.14285714285714285,0.3939393939393939
2025-09-03,776476,26,6,1,47,6,94,SEA,0.23076923076923078,0.038461538461538464,0.1276595744680851
2025-09-05,776460,11,3,0,16,4,32,SEA,0.2727272727272727,0.0,0.25
2025-09-06,776447,12,3,0,24,6,38,SEA,0.25,0.0,0.25
2025-09-07,776428,14,1,2,25,5,49,SEA,0.07142857142857142,0.14285714285714285,0.2
2025-09-08,776400,10,5,1,18,8,42,SEA,0.5,0.1,0.4444444444444444
2025-09-09,776391,17,7,0,27,6,61,SEA,0.4117647058823529,0.0,0.2222222222222222
2025-09-10,776373,28,6,0,55,10,113,SEA,0.21428571428571427,0.0,0.18181818181818182
2025-09-11,776362,25,6,0,44,11,95,SEA,0.24,0.0,0.25
2025-09-12,776345,11,6,0,24,10,46,SEA,0.5454545454545454,0.0,0.4166666666666667
2025-09-13,776333,11,3,0,19,6,42,SEA,0.2727272727272727,0.0,0.3157894736842105
2025-09-14,776317,10,4,1,21,7,46,SEA,0.4,0.1,0.3333333333333333
2025-09-16,776302,17,1,2,25,3,60,SEA,0.058823529411764705,0.11764705882352941,0.12
2025-09-17,776289,15,1,2,23,5,52,SEA,0.06666666666666667,0.13333333333333333,0.21739130434782608
2025-09-18,776272,12,5,0,17,3,36,SEA,0.4166666666666667,0.0,0.17647058823529413
2025-09-19,776262,15,4,0,27,6,59,SEA,0.26666666666666666,0.0,0.2222222222222222
2025-09-20,776248,16,4,1,23,7,48,SEA,0.25,0.0625,0.30434782608695654
2025-09-21,776228,13,2,0,20,2,45,SEA,0.15384615384615385,0.0,0.1
2025-09-23,776212,12,6,0,25,9,53,SEA,0.5,0.0,0.36
2025-09-24,776194,7,1,1,13,1,33,SEA,0.14285714285714285,0.14285714285714285,0.07692307692307693
2025-09-25,776179,25,6,3,41,15,84,SEA,0.24,0.12,0.36585365853658536
2025-09-26,776168,15,4,1,28,5,66,SEA,0.26666666666666666,0.06666666666666667,0.17857142857142858
2025-09-27,776150,18,1,3,30,2,71,SEA,0.05555555555555555,0.16666666666666666,0.06666666666666667
2025-09-28,776139,18,8,0,47,15,86,SEA,0.4444444444444444,0.0,0.3191489361702128
2025-03-27,778551,17,5,1,32,7,70,STL,0.29411764705882354,0.058823529411764705,0.21875
2025-03-29,778528,10,1,0,17,4,32,STL,0.1,0.0,0.23529411764705882
2025-03-30,778517,13,2,0,30,7,51,STL,0.15384615384615385,0.0,0.23333333333333334
2025-03-31,778503,19,7,2,34,11,70,STL,0.3684210526315789,0.10526315789473684,0.3235294117647059
2025-04-01,778495,20,2,1,51,8,90,STL,0.1,0.05,0.1568627450980392
2025-04-02,778473,11,2,1,14,3,37,STL,0.18181818181818182,0.09090909090909091,0.21428571428571427
2025-04-04,778463,29,2,4,54,6,107,STL,0.06896551724137931,0.13793103448275862,0.1111111111111111
2025-04-06,778432,30,4,3,58,9,112,STL,0.13333333333333333,0.1,0.15517241379310345
2025-04-06,778443,23,7,4,39,12,99,STL,0.30434782608695654,0.17391304347826086,0.3076923076923077
2025-04-07,778415,9,0,2,13,2,40,STL,0.0,0.2222222222222222,0.15384615384615385
2025-04-08,778408,16,5,0,24,5,61,STL,0.3125,0.0,0.20833333333333334
2025-04-09,778389,29,8,3,49,16,114,STL,0.27586206896551724,0.10344827586206896,0.32653061224489793
2025-04-11,778365,7,0,0,10,0,23,STL,0.0,0.0,0.0
2025-04-12,778347,18,4,1,34,8,76,STL,0.2222222222222222,0.05555555555555555,0.23529411764705882
2025-04-13,778336,9,2,0,13,3,26,STL,0.2222222222222222,0.0,0.23076923076923078
2025-04-14,778325,11,1,1,21,4,39,STL,0.09090909090909091,0.09090909090909091,0.19047619047619047
2025-04-15,778308,11,3,0,19,2,40,STL,0.2727272727272727,0.0,0.10526315789473684
2025-04-16,778290,15,3,1,36,12,57,STL,0.2,0.06666666666666667,0.3333333333333333
2025-04-17,778278,8,0,1,13,3,33,STL,0.0,0.125,0.23076923076923078
2025-04-18,778270,16,1,2,27,1,64,STL,0.0625,0.125,0.037037037037037035
2025-04-19,778256,6,1,0,10,1,16,STL,0.16666666666666666,0.0,0.1
2025-04-20,778244,13,4,2,16,4,49,STL,0.3076923076923077,0.15384615384615385,0.25
2025-04-21,778233,11,3,2,16,8,39,STL,0.2727272727272727,0.18181818181818182,0.5
2025-04-22,778229,18,4,3,30,7,68,STL,0.2222222222222222,0.16666666666666666,0.23333333333333334
2025-04-23,778214,11,4,0,22,8,38,STL,0.36363636363636365,0.0,0.36363636363636365
2025-04-25,778184,13,1,1,26,5,53,STL,0.07692307692307693,0.07692307692307693,0.19230769230769232
2025-04-26,778164,13,2,0,19,3,49,STL,0.15384615384615385,0.0,0.15789473684210525
2025-04-27,778150,12,3,1,18,6,44,STL,0.25,0.08333333333333333,0.3333333333333333
2025-04-28,778141,9,0,2,13,2,31,STL,0.0,0.2222222222222222,0.15384615384615385
2025-04-30,778119,17,5,0,37,8,70,STL,0.29411764705882354,0.0,0.21621621621621623
2025-04-30,778134,12,2,2,16,3,42,STL,0.16666666666666666,0.16666666666666666,0.1875
2025-05-01,778107,27,5,3,40,8,102,STL,0.18518518518518517,0.1111111111111111,0.2
2025-05-02,778084,23,2,1,39,8,77,STL,0.08695652173913043,0.043478260869565216,0.20512820512820512
2025-05-04,778053,18,3,3,35,5,78,STL,0.16666666666666666,0.16666666666666666,0.14285714285714285
2025-05-04,778068,20,5,1,35,8,80,STL,0.25,0.05,0.22857142857142856
2025-05-05,778036,17,4,1,25,7,64,STL,0.23529411764705882,0.058823529411764705,0.28
2025-05-06,778030,7,1,0,13,5,24,STL,0.14285714285714285,0.0,0.38461538461538464
2025-05-07,778016,8,2,0,11,2,22,STL,0.25,0.0,0.18181818181818182
2025-05-10,777980,10,1,3,14,3,39,STL,0.1,0.3,0.21428571428571427
2025-05-11,777962,12,3,1,20,2,47,STL,0.25,0.08333333333333333,0.1
2025-05-12,777953,13,4,0,26,10,50,STL,0.3076923076923077,0.0,0.38461538461538464
2025-05-14,777922,10,2,0,25,1,50,STL,0.2,0.0,0.04
2025-05-14,777933,20,7,2,41,14,90,STL,0.35,0.1,0.34146341463414637
2025-05-16,777901,8,2,0,19,4,36,STL,0.25,0.0,0.21052631578947367
2025-05-17,777885,10,0,0,17,2,34,STL,0.0,0.0,0.11764705882352941
2025-05-18,777864,10,1,0,9,1,22,STL,0.1,0.0,0.1111111111111111
2025-05-19,777862,15,2,1,32,5,66,STL,0.13333333333333333,0.06666666666666667,0.15625
2025-05-20,777840,14,3,0,29,6,53,STL,0.21428571428571427,0.0,0.20689655172413793
2025-05-21,777827,16,4,2,23,6,65,STL,0.25,0.125,0.2608695652173913
2025-05-23,777797,14,1,1,23,4,54,STL,0.07142857142857142,0.07142857142857142,0.17391304347826086
2025-05-24,777786,13,3,1,33,4,61,STL,0.23076923076923078,0.07692307692307693,0.12121212121212122
2025-05-25,777766,12,2,1,20,4,43,STL,0.16666666666666666,0.08333333333333333,0.2
2025-05-26,777771,12,3,0,23,5,46,STL,0.25,0.0,0.21739130434782608
2025-05-27,777754,12,4,0,24,5,44,STL,0.3333333333333333,0.0,0.20833333333333334
2025-05-28,777740,20,6,2,47,13,83,STL,0.3,0.1,0.2765957446808511
2025-05-30,777709,19,2,2,33,6,72,STL,0.10526315789473684,0.10526315789473684,0.18181818181818182
2025-05-31,777697,6,2,1,19,9,33,STL,0.3333333333333333,0.16666666666666666,0.47368421052631576
2025-06-01,777678,14,1,2,28,4,54,STL,0.07142857142857142,0.14285714285714285,0.14285714285714285
2025-06-03,777660,22,3,2,37,7,71,STL,0.13636363636363635,0.09090909090909091,0.1891891891891892
2025-06-05,777635,20,4,2,42,10,94,STL,0.2,0.1,0.23809523809523808
2025-06-05,777642,17,2,0,33,8,64,STL,0.11764705882352941,0.0,0.24242424242424243
2025-06-06,777620,9,4,0,20,10,32,STL,0.4444444444444444,0.0,0.5
2025-06-07,777601,16,4,1,31,6,52,STL,0.25,0.0625,0.1935483870967742
2025-06-08,777582,16,3,3,23,5,61,STL,0.1875,0.1875,0.21739130434782608
2025-06-09,777581,17,2,1,28,4,62,STL,0.11764705882352941,0.058823529411764705,0.14285714285714285
2025-06-10,777558,18,3,0,33,4,58,STL,0.16666666666666666,0.0,0.12121212121212122
2025-06-11,777545,15,2,2,26,4,52,STL,0.13333333333333333,0.13333333333333333,0.15384615384615385
2025-06-12,777532,14,0,0,30,3,59,STL,0.0,0.0,0.1
2025-06-13,777525,9,3,0,17,5,45,STL,0.3333333333333333,0.0,0.29411764705882354
2025-06-14,777512,23,7,3,41,13,93,STL,0.30434782608695654,0.13043478260869565,0.3170731707317073
2025-06-15,777492,9,3,0,16,5,37,STL,0.3333333333333333,0.0,0.3125
2025-06-17,777467,9,1,0,16,2,36,STL,0.1111111111111111,0.0,0.125
2025-06-19,777447,16,6,1,33,9,60,STL,0.375,0.0625,0.2727272727272727
2025-06-19,777458,24,4,3,42,10,99,STL,0.16666666666666666,0.125,0.23809523809523808
2025-06-20,777433,12,4,2,19,5,51,STL,0.3333333333333333,0.16666666666666666,0.2631578947368421
2025-06-21,777415,24,6,3,45,11,104,STL,0.25,0.125,0.24444444444444444
2025-06-22,777407,13,4,0,20,4,47,STL,0.3076923076923077,0.0,0.2
2025-06-23,777392,8,0,1,17,2,36,STL,0.0,0.125,0.11764705882352941
2025-06-24,777373,20,4,1,31,10,68,STL,0.2,0.05,0.3225806451612903
2025-06-25,777357,23,6,2,43,8,75,STL,0.2608695652173913,0.08695652173913043,0.18604651162790697
2025-06-26,777348,14,3,1,30,5,62,STL,0.21428571428571427,0.07142857142857142,0.16666666666666666
2025-06-28,777329,19,4,2,35,11,74,STL,0.21052631578947367,0.10526315789473684,0.3142857142857143
2025-06-29,777309,12,6,3,23,9,60,STL,0.5,0.25,0.391304347826087
2025-06-30,777299,10,4,0,21,4,47,STL,0.4,0.0,0.19047619047619047
2025-07-01,777288,6,1,0,11,3,22,STL,0.16666666666666666,0.0,0.2727272727272727
2025-07-02,777272,9,3,1,17,5,36,STL,0.3333333333333333,0.1111111111111111,0.29411764705882354
2025-07-04,777246,9,1,0,14,1,31,STL,0.1111111111111111,0.0,0.07142857142857142
2025-07-05,777229,20,5,2,38,12,77,STL,0.25,0.1,0.3157894736842105
2025-07-06,777219,34,6,1,71,16,135,STL,0.17647058823529413,0.029411764705882353,0.22535211267605634
2025-07-08,777191,16,2,2,40,8,77,STL,0.125,0.125,0.2
2025-07-09,777178,10,1,1,19,4,41,STL,0.1,0.1,0.21052631578947367
2025-07-10,777167,13,1,2,24,4,54,STL,0.07692307692307693,0.15384615384615385,0.16666666666666666
2025-07-11,777147,22,9,1,44,12,86,STL,0.4090909090909091,0.045454545454545456,0.2727272727272727
2025-07-12,777133,18,5,1,35,9,63,STL,0.2777777777777778,0.05555555555555555,0.2571428571428571
2025-07-13,777118,28,8,2,71,13,132,STL,0.2857142857142857,0.07142857142857142,0.18309859154929578
2025-07-18,777100,12,4,1,20,6,42,STL,0.3333333333333333,0.08333333333333333,0.3
2025-07-19,777081,18,2,1,24,3,47,STL,0.1111111111111111,0.05555555555555555,0.125
2025-07-20,777071,14,6,0,24,11,59,STL,0.42857142857142855,0.0,0.4583333333333333
2025-07-21,777053,8,4,1,12,7,23,STL,0.5,0.125,0.5833333333333334
2025-07-22,777049,23,8,3,43,13,84,STL,0.34782608695652173,0.13043478260869565,0.3023255813953488
2025-07-23,777028,13,3,1,28,7,56,STL,0.23076923076923078,0.07692307692307693,0.25
2025-07-24,777023,15,7,1,25,7,59,STL,0.4666666666666667,0.06666666666666667,0.28
2025-07-25,777005,15,3,0,25,8,42,STL,0.2,0.0,0.32
2025-07-26,776992,18,3,0,29,5,59,STL,0.16666666666666666,0.0,0.1724137931034483
2025-07-27,776980,19,4,1,33,7,72,STL,0.21052631578947367,0.05263157894736842,0.21212121212121213
2025-07-28,776960,10,2,1,12,1,39,STL,0.2,0.1,0.08333333333333333
2025-07-29,776946,16,0,0,26,2,53,STL,0.0,0.0,0.07692307692307693
2025-07-30,776934,10,2,0,16,5,31,STL,0.2,0.0,0.3125
2025-08-01,776906,15,3,0,23,5,46,STL,0.2,0.0,0.21739130434782608
2025-08-02,776896,12,1,1,21,7,43,STL,0.08333333333333333,0.08333333333333333,0.3333333333333333
2025-08-03,776884,16,3,2,29,9,58,STL,0.1875,0.125,0.3103448275862069
2025-08-04,776870,9,1,1,13,2,25,STL,0.1111111111111111,0.1111111111111111,0.15384615384615385
2025-08-05,776858,27,7,2,47,17,102,STL,0.25925925925925924,0.07407407407407407,0.3617021276595745
2025-08-06,776839,17,5,1,29,8,66,STL,0.29411764705882354,0.058823529411764705,0.27586206896551724
2025-08-08,776826,11,3,0,18,5,43,STL,0.2727272727272727,0.0,0.2777777777777778
2025-08-09,776818,30,6,2,63,16,122,STL,0.2,0.06666666666666667,0.25396825396825395
2025-08-10,776795,10,1,2,18,4,39,STL,0.1,0.2,0.2222222222222222
2025-08-11,776783,8,2,0,19,5,29,STL,0.25,0.0,0.2631578947368421
2025-08-12,776775,15,7,0,38,12,67,STL,0.4666666666666667,0.0,0.3157894736842105
2025-08-13,776758,15,4,1,28,7,58,STL,0.26666666666666666,0.06666666666666667,0.25
2025-08-15,776731,17,4,4,29,7,79,STL,0.23529411764705882,0.23529411764705882,0.2413793103448276
2025-08-16,776713,22,6,4,39,10,94,STL,0.2727272727272727,0.18181818181818182,0.2564102564102564
2025-08-17,776698,20,4,2,35,12,77,STL,0.2,0.1,0.34285714285714286
2025-08-18,776688,13,3,1,25,3,48,STL,0.23076923076923078,0.07692307692307693,0.12
2025-08-19,776686,11,5,2,18,4,43,STL,0.45454545454545453,0.18181818181818182,0.2222222222222222
2025-08-20,776670,13,3,4,27,7,67,STL,0.23076923076923078,0.3076923076923077,0.25925925925925924
2025-08-21,776631,19,4,4,28,10,66,STL,0.21052631578947367,0.21052631578947367,0.35714285714285715
2025-08-22,776633,24,5,2,52,14,91,STL,0.20833333333333334,0.08333333333333333,0.2692307692307692
2025-08-24,776606,17,4,2,27,9,60,STL,0.23529411764705882,0.11764705882352941,0.3333333333333333
2025-08-25,776589,15,3,2,25,5,58,STL,0.2,0.13333333333333333,0.2
2025-08-26,776578,16,8,1,31,12,77,STL,0.5,0.0625,0.3870967741935484
2025-08-27,776568,7,2,2,12,1,29,STL,0.2857142857142857,0.2857142857142857,0.08333333333333333
2025-08-28,776554,15,4,2,23,5,63,STL,0.26666666666666666,0.13333333333333333,0.21739130434782608
2025-08-29,776551,23,8,4,50,16,95,STL,0.34782608695652173,0.17391304347826086,0.32
2025-08-30,776536,12,0,1,21,4,41,STL,0.0,0.08333333333333333,0.19047619047619047
2025-08-31,776518,14,5,1,30,8,57,STL,0.35714285714285715,0.07142857142857142,0.26666666666666666
2025-09-01,776497,14,1,0,24,4,40,STL,0.07142857142857142,0.0,0.16666666666666666
2025-09-02,776483,10,3,1,17,3,45,STL,0.3,0.1,0.17647058823529413
2025-09-03,776470,16,3,1,24,7,54,STL,0.1875,0.0625,0.2916666666666667
2025-09-05,776445,25,6,2,38,12,89,STL,0.24,0.08,0.3157894736842105
2025-09-06,776437,11,2,0,21,6,30,STL,0.18181818181818182,0.0,0.2857142857142857
2025-09-07,776416,14,5,0,25,6,63,STL,0.35714285714285715,0.0,0.24
2025-09-08,776400,11,2,1,15,3,36,STL,0.18181818181818182,0.09090909090909091,0.2
2025-09-09,776391,18,4,2,27,5,66,STL,0.2222222222222222,0.1111111111111111,0.18518518518518517
2025-09-10,776373,27,7,3,52,19,110,STL,0.25925925925925924,0.1111111111111111,0.36538461538461536
2025-09-12,776356,17,2,1,34,8,76,STL,0.11764705882352941,0.058823529411764705,0.23529411764705882
2025-09-13,776339,26,4,4,45,4,115,STL,0.15384615384615385,0.15384615384615385,0.08888888888888889
2025-09-14,776326,17,4,2,28,7,74,STL,0.23529411764705882,0.11764705882352941,0.25
2025-09-15,776312,22,2,4,41,9,85,STL,0.09090909090909091,0.18181818181818182,0.21951219512195122
2025-09-16,776300,6,3,0,8,3,20,STL,0.5,0.0,0.375
2025-09-17,776283,17,6,0,35,7,68,STL,0.35294117647058826,0.0,0.2
2025-09-19,776265,13,4,1,21,6,51,STL,0.3076923076923077,0.07692307692307693,0.2857142857142857
2025-09-20,776244,18,2,1,28,3,60,STL,0.1111111111111111,0.05555555555555555,0.10714285714285714
2025-09-21,776231,18,4,1,32,5,66,STL,0.2222222222222222,0.05555555555555555,0.15625
2025-09-22,776220,13,3,1,25,7,57,STL,0.23076923076923078,0.07692307692307693,0.28
2025-09-23,776211,27,6,0,55,14,105,STL,0.2222222222222222,0.0,0.2545454545454545
2025-09-24,776196,11,2,0,16,2,33,STL,0.18181818181818182,0.0,0.125
2025-09-26,776167,20,3,2,40,10,92,STL,0.15,0.1,0.25
2025-09-27,776164,17,5,2,35,8,71,STL,0.29411764705882354,0.11764705882352941,0.22857142857142856
2025-09-28,776142,20,8,0,36,11,66,STL,0.4,0.0,0.3055555555555556
2025-03-28,778560,11,4,2,26,9,48,TB,0.36363636363636365,0.18181818181818182,0.34615384615384615
2025-03-29,778537,11,2,0,26,6,42,TB,0.18181818181818182,0.0,0.23076923076923078
2025-03-30,778524,13,3,0,29,9,49,TB,0.23076923076923078,0.0,0.3103448275862069
2025-03-31,778508,14,6,0,29,10,56,TB,0.42857142857142855,0.0,0.3448275862068966
2025-04-01,778493,11,5,0,27,8,44,TB,0.45454545454545453,0.0,0.2962962962962963
2025-04-02,778479,17,2,0,24,2,59,TB,0.11764705882352941,0.0,0.08333333333333333
2025-04-04,778454,4,1,0,8,3,13,TB,0.25,0.0,0.375
2025-04-05,778438,14,5,1,25,10,50,TB,0.35714285714285715,0.07142857142857142,0.4
2025-04-06,778420,17,6,1,38,11,73,TB,0.35294117647058826,0.058823529411764705,0.2894736842105263
2025-04-08,778417,11,1,1,24,6,40,TB,0.09090909090909091,0.09090909090909091,0.25
2025-04-09,778399,15,3,2,22,7,54,TB,0.2,0.13333333333333333,0.3181818181818182
2025-04-10,778382,21,1,0,33,3,66,TB,0.047619047619047616,0.0,0.09090909090909091
2025-04-11,778367,13,2,0,24,7,39,TB,0.15384615384615385,0.0,0.2916666666666667
2025-04-12,778353,23,4,3,35,12,85,TB,0.17391304347826086,0.13043478260869565,0.34285714285714286
2025-04-13,778340,16,6,0,30,10,54,TB,0.375,0.0,0.3333333333333333
2025-04-14,778328,12,3,0,25,5,43,TB,0.25,0.0,0.2
2025-04-15,778319,13,3,1,33,12,56,TB,0.23076923076923078,0.07692307692307693,0.36363636363636365
2025-04-16,778298,9,2,0,24,6,41,TB,0.2222222222222222,0.0,0.25
2025-04-17,778282,13,2,0,22,8,46,TB,0.15384615384615385,0.0,0.36363636363636365
2025-04-18,778272,13,3,1,22,5,53,TB,0.23076923076923078,0.07692307692307693,0.22727272727272727
2025-04-19,778255,28,8,3,55,18,119,TB,0.2857142857142857,0.10714285714285714,0.32727272727272727
2025-04-20,778240,11,3,0,28,7,47,TB,0.2727272727272727,0.0,0.25
2025-04-22,778212,9,1,2,14,2,30,TB,0.1111111111111111,0.2222222222222222,0.14285714285714285
2025-04-23,778199,22,2,5,38,10,91,TB,0.09090909090909091,0.22727272727272727,0.2631578947368421
2025-04-24,778188,17,2,2,30,5,61,TB,0.11764705882352941,0.11764705882352941,0.16666666666666666
2025-04-25,778172,7,3,0,15,6,31,TB,0.42857142857142855,0.0,0.4
2025-04-26,778160,12,3,1,20,6,45,TB,0.25,0.08333333333333333,0.3
2025-04-27,778146,13,3,2,24,7,52,TB,0.23076923076923078,0.15384615384615385,0.2916666666666667
2025-04-29,778128,9,2,0,21,4,36,TB,0.2222222222222222,0.0,0.19047619047619047
2025-04-30,778113,16,4,0,30,8,62,TB,0.25,0.0,0.26666666666666666
2025-05-01,778097,20,4,2,36,9,66,TB,0.2,0.1,0.25
2025-05-02,778088,14,3,2,23,5,54,TB,0.21428571428571427,0.14285714285714285,0.21739130434782608
2025-05-03,778074,8,1,0,16,3,32,TB,0.125,0.0,0.1875
2025-05-04,778057,17,3,4,26,6,68,TB,0.17647058823529413,0.23529411764705882,0.23076923076923078
2025-05-06,778040,22,3,2,49,6,95,TB,0.13636363636363635,0.09090909090909091,0.12244897959183673
2025-05-07,778021,21,6,0,48,13,87,TB,0.2857142857142857,0.0,0.2708333333333333
2025-05-08,778005,20,2,1,42,10,70,TB,0.1,0.05,0.23809523809523808
2025-05-09,778002,13,4,2,22,6,50,TB,0.3076923076923077,0.15384615384615385,0.2727272727272727
2025-05-10,777981,12,2,1,16,2,42,TB,0.16666666666666666,0.08333333333333333,0.125
2025-05-11,777964,17,4,2,30,9,72,TB,0.23529411764705882,0.11764705882352941,0.3
2025-05-13,777935,22,5,3,37,8,77,TB,0.22727272727272727,0.13636363636363635,0.21621621621621623
2025-05-14,777923,8,0,0,13,2,20,TB,0.0,0.0,0.15384615384615385
2025-05-15,777913,6,1,1,13,1,27,TB,0.16666666666666666,0.16666666666666666,0.07692307692307693
2025-05-16,777903,22,3,4,37,5,82,TB,0.13636363636363635,0.18181818181818182,0.13513513513513514
2025-05-17,777889,11,1,0,24,4,41,TB,0.09090909090909091,0.0,0.16666666666666666
2025-05-18,777877,7,2,0,17,7,30,TB,0.2857142857142857,0.0,0.4117647058823529
2025-05-19,777858,12,1,0,19,3,36,TB,0.08333333333333333,0.0,0.15789473684210525
2025-05-20,777848,15,7,1,25,6,59,TB,0.4666666666666667,0.06666666666666667,0.24
2025-05-21,777832,12,5,0,19,6,45,TB,0.4166666666666667,0.0,0.3157894736842105
2025-05-23,777810,14,2,6,24,6,64,TB,0.14285714285714285,0.42857142857142855,0.25
2025-05-24,777795,13,0,2,20,3,45,TB,0.0,0.15384615384615385,0.15
2025-05-25,777775,6,2,0,22,4,32,TB,0.3333333333333333,0.0,0.18181818181818182
2025-05-26,777762,10,2,0,20,3,31,TB,0.2,0.0,0.15
2025-05-27,777746,8,4,0,16,5,35,TB,0.5,0.0,0.3125
2025-05-28,777732,14,2,0,28,7,50,TB,0.14285714285714285,0.0,0.25
2025-05-29,777725,11,4,0,23,11,44,TB,0.36363636363636365,0.0,0.4782608695652174
2025-05-30,777714,10,4,0,14,5,30,TB,0.4,0.0,0.35714285714285715
2025-06-01,777690,5,1,1,6,2,15,TB,0.2,0.2,0.3333333333333333
2025-06-03,777662,16,4,1,31,7,54,TB,0.25,0.0625,0.22580645161290322
2025-06-04,777646,17,6,1,34,17,63,TB,0.35294117647058826,0.058823529411764705,0.5
2025-06-05,777629,14,5,0,32,11,61,TB,0.35714285714285715,0.0,0.34375
2025-06-06,777625,14,2,0,25,5,47,TB,0.14285714285714285,0.0,0.2
2025-06-07,777611,23,7,1,45,10,86,TB,0.30434782608695654,0.043478260869565216,0.2222222222222222
2025-06-08,777592,10,4,0,23,7,43,TB,0.4,0.0,0.30434782608695654
2025-06-09,777584,31,7,4,45,14,113,TB,0.22580645161290322,0.12903225806451613,0.3111111111111111
2025-06-10,777565,9,4,0,18,8,39,TB,0.4444444444444444,0.0,0.4444444444444444
2025-06-11,777561,7,2,0,16,6,27,TB,0.2857142857142857,0.0,0.375
2025-06-13,777528,23,8,3,53,15,103,TB,0.34782608695652173,0.13043478260869565,0.2830188679245283
2025-06-14,777518,16,2,0,29,4,61,TB,0.125,0.0,0.13793103448275862
2025-06-15,777502,12,2,3,27,7,53,TB,0.16666666666666666,0.25,0.25925925925925924
2025-06-16,777484,3,0,0,7,1,12,TB,0.0,0.0,0.14285714285714285
2025-06-17,777477,15,6,0,32,11,63,TB,0.4,0.0,0.34375
2025-06-18,777463,25,5,0,50,15,98,TB,0.2,0.0,0.3
2025-06-19,777446,16,4,3,28,4,67,TB,0.25,0.1875,0.14285714285714285
2025-06-20,777431,15,3,0,27,4,56,TB,0.2,0.0,0.14814814814814814
2025-06-21,777420,17,3,2,29,4,67,TB,0.17647058823529413,0.11764705882352941,0.13793103448275862
2025-06-22,777409,22,5,3,37,9,76,TB,0.22727272727272727,0.13636363636363635,0.24324324324324326
2025-06-24,777378,9,2,0,14,2,30,TB,0.2222222222222222,0.0,0.14285714285714285
2025-06-25,777359,15,5,1,31,12,58,TB,0.3333333333333333,0.06666666666666667,0.3870967741935484
2025-06-26,777353,4,0,0,6,1,12,TB,0.0,0.0,0.16666666666666666
2025-06-27,777343,43,8,6,78,17,161,TB,0.18604651162790697,0.13953488372093023,0.21794871794871795
2025-06-28,777330,12,4,0,17,3,45,TB,0.3333333333333333,0.0,0.17647058823529413
2025-06-29,777317,10,2,0,19,4,33,TB,0.2,0.0,0.21052631578947367
2025-06-30,777296,24,8,2,39,14,81,TB,0.3333333333333333,0.08333333333333333,0.358974358974359
2025-07-01,777286,9,4,1,17,8,42,TB,0.4444444444444444,0.1111111111111111,0.47058823529411764
2025-07-02,777271,15,8,0,30,13,56,TB,0.5333333333333333,0.0,0.43333333333333335
2025-07-04,777247,13,5,1,21,6,41,TB,0.38461538461538464,0.07692307692307693,0.2857142857142857
2025-07-05,777230,15,2,3,22,4,45,TB,0.13333333333333333,0.2,0.18181818181818182
2025-07-06,777220,33,9,4,72,18,149,TB,0.2727272727272727,0.12121212121212122,0.25
2025-07-07,777211,9,3,1,16,4,36,TB,0.3333333333333333,0.1111111111111111,0.25
2025-07-08,777195,11,4,3,22,8,48,TB,0.36363636363636365,0.2727272727272727,0.36363636363636365
2025-07-09,777182,14,3,2,21,5,49,TB,0.21428571428571427,0.14285714285714285,0.23809523809523808
2025-07-10,777170,10,1,2,13,4,35,TB,0.1,0.2,0.3076923076923077
2025-07-11,777155,26,3,3,41,9,102,TB,0.11538461538461539,0.11538461538461539,0.21951219512195122
2025-07-12,777144,6,4,1,15,5,24,TB,0.6666666666666666,0.16666666666666666,0.3333333333333333
2025-07-13,777130,6,1,0,9,1,22,TB,0.16666666666666666,0.0,0.1111111111111111
2025-07-18,777110,12,2,1,16,5,41,TB,0.16666666666666666,0.08333333333333333,0.3125
2025-07-19,777095,13,4,0,34,9,59,TB,0.3076923076923077,0.0,0.2647058823529412
2025-07-20,777076,12,4,0,34,11,59,TB,0.3333333333333333,0.0,0.3235294117647059
2025-07-21,777059,18,8,1,36,9,76,TB,0.4444444444444444,0.05555555555555555,0.25
2025-07-22,777048,17,5,0,29,8,60,TB,0.29411764705882354,0.0,0.27586206896551724
2025-07-23,777030,32,6,2,57,12,111,TB,0.1875,0.0625,0.21052631578947367
2025-07-25,777013,14,5,2,29,11,63,TB,0.35714285714285715,0.14285714285714285,0.3793103448275862
2025-07-26,777000,15,3,4,18,6,62,TB,0.2,0.26666666666666666,0.3333333333333333
2025-07-27,776982,9,3,0,16,6,37,TB,0.3333333333333333,0.0,0.375
2025-07-28,776970,14,5,0,32,12,54,TB,0.35714285714285715,0.0,0.375
2025-07-29,776949,18,5,2,28,9,65,TB,0.2777777777777778,0.1111111111111111,0.32142857142857145
2025-07-30,776938,22,5,0,36,8,70,TB,0.22727272727272727,0.0,0.2222222222222222
2025-07-31,776927,15,5,1,35,6,68,TB,0.3333333333333333,0.06666666666666667,0.17142857142857143
2025-08-01,776918,13,7,0,26,15,57,TB,0.5384615384615384,0.0,0.5769230769230769
2025-08-02,776901,12,5,0,25,10,44,TB,0.4166666666666667,0.0,0.4
2025-08-03,776889,19,1,3,32,7,84,TB,0.05263157894736842,0.15789473684210525,0.21875
2025-08-04,776867,7,3,0,13,5,28,TB,0.42857142857142855,0.0,0.38461538461538464
2025-08-05,776848,11,6,0,25,8,42,TB,0.5454545454545454,0.0,0.32
2025-08-06,776843,19,7,2,37,9,80,TB,0.3684210526315789,0.10526315789473684,0.24324324324324326
2025-08-08,776824,9,1,0,18,4,33,TB,0.1111111111111111,0.0,0.2222222222222222
2025-08-09,776805,20,5,3,55,8,98,TB,0.25,0.15,0.14545454545454545
2025-08-10,776791,13,5,2,26,7,55,TB,0.38461538461538464,0.15384615384615385,0.2692307692307692
2025-08-11,776787,10,1,0,20,4,36,TB,0.1,0.0,0.2
2025-08-12,776762,5,0,1,8,1,18,TB,0.0,0.2,0.125
2025-08-13,776751,10,8,0,26,12,43,TB,0.8,0.0,0.46153846153846156
2025-08-15,776729,29,7,1,57,18,111,TB,0.2413793103448276,0.034482758620689655,0.3157894736842105
2025-08-16,776711,16,8,1,39,14,66,TB,0.5,0.0625,0.358974358974359
2025-08-17,776703,12,3,0,22,6,42,TB,0.25,0.0,0.2727272727272727
2025-08-19,776677,29,7,3,45,11,113,TB,0.2413793103448276,0.10344827586206896,0.24444444444444444
2025-08-20,776664,16,7,0,36,10,67,TB,0.4375,0.0,0.2777777777777778
2025-08-21,776631,15,3,1,29,8,53,TB,0.2,0.06666666666666667,0.27586206896551724
2025-08-22,776633,11,4,0,25,7,51,TB,0.36363636363636365,0.0,0.28
2025-08-24,776606,19,5,2,40,16,77,TB,0.2631578947368421,0.10526315789473684,0.4
2025-08-25,776601,14,5,1,27,9,58,TB,0.35714285714285715,0.07142857142857142,0.3333333333333333
2025-08-26,776584,6,2,1,12,3,26,TB,0.3333333333333333,0.16666666666666666,0.25
2025-08-27,776580,17,6,1,31,13,60,TB,0.35294117647058826,0.058823529411764705,0.41935483870967744
2025-08-29,776545,21,5,1,37,7,90,TB,0.23809523809523808,0.047619047619047616,0.1891891891891892
2025-08-30,776525,17,6,2,31,9,66,TB,0.35294117647058826,0.11764705882352941,0.2903225806451613
2025-08-31,776520,14,8,1,32,11,60,TB,0.5714285714285714,0.07142857142857142,0.34375
2025-09-01,776504,13,4,0,17,5,47,TB,0.3076923076923077,0.0,0.29411764705882354
2025-09-02,776485,19,3,5,35,14,72,TB,0.15789473684210525,0.2631578947368421,0.4
2025-09-03,776476,6,1,1,16,1,31,TB,0.16666666666666666,0.16666666666666666,0.0625
2025-09-04,776458,16,7,0,33,12,57,TB,0.4375,0.0,0.36363636363636365
2025-09-05,776451,38,9,2,79,24,152,TB,0.23684210526315788,0.05263157894736842,0.3037974683544304
2025-09-06,776438,16,6,3,32,10,65,TB,0.375,0.1875,0.3125
2025-09-07,776421,19,5,2,40,11,80,TB,0.2631578947368421,0.10526315789473684,0.275
2025-09-09,776388,15,4,0,31,10,52,TB,0.26666666666666666,0.0,0.3225806451612903
2025-09-10,776378,32,10,3,60,17,133,TB,0.3125,0.09375,0.2833333333333333
2025-09-11,776364,13,3,2,21,4,61,TB,0.23076923076923078,0.15384615384615385,0.19047619047619047
2025-09-12,776352,23,7,2,53,18,109,TB,0.30434782608695654,0.08695652173913043,0.33962264150943394
2025-09-13,776338,16,4,2,31,13,56,TB,0.25,0.125,0.41935483870967744
2025-09-14,776321,11,2,2,17,7,41,TB,0.18181818181818182,0.18181818181818182,0.4117647058823529
2025-09-15,776316,17,5,0,33,9,62,TB,0.29411764705882354,0.0,0.2727272727272727
2025-09-16,776305,27,6,0,52,10,80,TB,0.2222222222222222,0.0,0.19230769230769232
2025-09-17,776290,6,3,0,11,5,23,TB,0.5,0.0,0.45454545454545453
2025-09-18,776269,14,2,1,33,6,56,TB,0.14285714285714285,0.07142857142857142,0.18181818181818182
2025-09-19,776261,33,6,4,53,11,112,TB,0.18181818181818182,0.12121212121212122,0.20754716981132076
2025-09-20,776247,16,3,1,30,8,62,TB,0.1875,0.0625,0.26666666666666666
2025-09-21,776236,20,5,1,50,15,80,TB,0.25,0.05,0.3
2025-09-23,776223,22,4,2,45,9,104,TB,0.18181818181818182,0.09090909090909091,0.2
2025-09-24,776203,19,4,2,35,7,68,TB,0.21052631578947367,0.10526315789473684,0.2
2025-09-25,776191,26,10,2,51,16,100,TB,0.38461538461538464,0.07692307692307693,0.3137254901960784
2025-09-26,776177,7,2,1,17,3,32,TB,0.2857142857142857,0.14285714285714285,0.17647058823529413
2025-09-27,776159,11,3,0,25,5,38,TB,0.2727272727272727,0.0,0.2
2025-09-28,776145,24,5,2,48,7,98,TB,0.20833333333333334,0.08333333333333333,0.14583333333333334
2025-03-27,778553,15,4,3,36,13,66,TEX,0.26666666666666666,0.2,0.3611111111111111
2025-03-28,778550,16,3,1,33,6,62,TEX,0.1875,0.0625,0.18181818181818182
2025-03-29,778531,29,8,2,57,15,106,TEX,0.27586206896551724,0.06896551724137931,0.2631578947368421
2025-03-30,778516,19,5,2,39,8,75,TEX,0.2631578947368421,0.10526315789473684,0.20512820512820512
2025-03-31,778511,26,5,2,35,11,81,TEX,0.19230769230769232,0.07692307692307693,0.3142857142857143
2025-04-02,778480,14,4,0,24,6,50,TEX,0.2857142857142857,0.0,0.25
2025-04-04,778454,16,6,0,31,7,61,TEX,0.375,0.0,0.22580645161290322
2025-04-05,778438,12,2,0,25,3,44,TEX,0.16666666666666666,0.0,0.12
2025-04-06,778420,15,5,2,33,9,73,TEX,0.3333333333333333,0.13333333333333333,0.2727272727272727
2025-04-07,778411,16,3,1,22,6,51,TEX,0.1875,0.0625,0.2727272727272727
2025-04-08,778401,24,5,3,34,9,86,TEX,0.20833333333333334,0.125,0.2647058823529412
2025-04-09,778385,8,1,0,14,2,27,TEX,0.125,0.0,0.14285714285714285
2025-04-11,778360,14,4,0,16,4,43,TEX,0.2857142857142857,0.0,0.25
2025-04-12,778341,20,5,2,29,6,71,TEX,0.25,0.1,0.20689655172413793
2025-04-13,778334,10,4,0,30,12,46,TEX,0.4,0.0,0.4
2025-04-15,778306,11,1,0,26,4,43,TEX,0.09090909090909091,0.0,0.15384615384615385
2025-04-16,778289,13,3,0,21,3,47,TEX,0.23076923076923078,0.0,0.14285714285714285
2025-04-17,778281,6,3,0,11,3,21,TEX,0.5,0.0,0.2727272727272727
2025-04-18,778263,10,1,1,18,2,43,TEX,0.1,0.1,0.1111111111111111
2025-04-19,778251,10,3,1,13,3,38,TEX,0.3,0.1,0.23076923076923078
2025-04-20,778234,8,1,1,11,1,27,TEX,0.125,0.125,0.09090909090909091
2025-04-22,778213,18,2,2,24,4,61,TEX,0.1111111111111111,0.1111111111111111,0.16666666666666666
2025-04-23,778197,24,5,3,38,11,96,TEX,0.20833333333333334,0.125,0.2894736842105263
2025-04-24,778192,16,4,2,24,4,65,TEX,0.25,0.125,0.16666666666666666
2025-04-25,778171,10,6,0,15,1,44,TEX,0.6,0.0,0.06666666666666667
2025-04-26,778159,15,3,2,17,5,56,TEX,0.2,0.13333333333333333,0.29411764705882354
2025-04-27,778151,17,1,0,29,6,62,TEX,0.058823529411764705,0.0,0.20689655172413793
2025-04-28,778143,16,3,3,33,6,71,TEX,0.1875,0.1875,0.18181818181818182
2025-04-29,778122,14,3,2,25,5,52,TEX,0.21428571428571427,0.14285714285714285,0.2
2025-04-30,778106,15,2,2,21,3,54,TEX,0.13333333333333333,0.13333333333333333,0.14285714285714285
2025-05-01,778096,16,3,4,27,6,61,TEX,0.1875,0.25,0.2222222222222222
2025-05-02,778083,25,1,1,39,7,79,TEX,0.04,0.04,0.1794871794871795
2025-05-03,778070,14,1,0,28,1,53,TEX,0.07142857142857142,0.0,0.03571428571428571
2025-05-04,778052,13,2,1,20,4,51,TEX,0.15384615384615385,0.07692307692307693,0.2
2025-05-06,778037,10,5,0,17,6,34,TEX,0.5,0.0,0.35294117647058826
2025-05-07,778018,15,1,0,31,3,50,TEX,0.06666666666666667,0.0,0.0967741935483871
2025-05-08,778006,11,4,0,27,10,49,TEX,0.36363636363636365,0.0,0.37037037037037035
2025-05-09,777996,4,2,1,9,1,20,TEX,0.5,0.25,0.1111111111111111
2025-05-10,777987,14,3,2,26,3,59,TEX,0.21428571428571427,0.14285714285714285,0.11538461538461539
2025-05-11,777969,9,3,1,16,6,38,TEX,0.3333333333333333,0.1111111111111111,0.375
2025-05-12,777949,11,2,2,11,2,33,TEX,0.18181818181818182,0.18181818181818182,0.18181818181818182
2025-05-13,777934,12,3,0,19,1,46,TEX,0.25,0.0,0.05263157894736842
2025-05-14,777918,13,5,1,24,11,55,TEX,0.38461538461538464,0.07692307692307693,0.4583333333333333
2025-05-15,777910,4,0,1,7,2,13,TEX,0.0,0.25,0.2857142857142857
2025-05-16,777895,19,1,2,32,4,75,TEX,0.05263157894736842,0.10526315789473684,0.125
2025-05-17,777882,11,2,2,16,4,43,TEX,0.18181818181818182,0.18181818181818182,0.25
2025-05-18,777869,9,1,2,13,3,30,TEX,0.1111111111111111,0.2222222222222222,0.23076923076923078
2025-05-20,777849,14,3,1,23,3,52,TEX,0.21428571428571427,0.07142857142857142,0.13043478260869565
2025-05-21,777835,7,1,2,7,1,26,TEX,0.14285714285714285,0.2857142857142857,0.14285714285714285
2025-05-22,777818,6,1,0,12,2,27,TEX,0.16666666666666666,0.0,0.16666666666666666
2025-05-23,777805,12,5,0,21,3,46,TEX,0.4166666666666667,0.0,0.14285714285714285
2025-05-24,777792,22,3,3,37,6,86,TEX,0.13636363636363635,0.13636363636363635,0.16216216216216217
2025-05-25,777777,14,5,0,26,8,45,TEX,0.35714285714285715,0.0,0.3076923076923077
2025-05-26,777759,16,1,2,18,0,43,TEX,0.0625,0.125,0.0
2025-05-27,777741,29,6,4,49,12,110,TEX,0.20689655172413793,0.13793103448275862,0.24489795918367346
2025-05-28,777724,13,4,0,27,8,50,TEX,0.3076923076923077,0.0,0.2962962962962963
2025-05-30,777709,12,4,0,22,6,40,TEX,0.3333333333333333,0.0,0.2727272727272727
2025-05-31,777697,15,2,2,25,6,60,TEX,0.13333333333333333,0.13333333333333333,0.24
2025-06-01,777678,11,2,0,18,2,38,TEX,0.18181818181818182,0.0,0.1111111111111111
2025-06-03,777662,11,4,0,25,8,42,TEX,0.36363636363636365,0.0,0.32
2025-06-04,777646,16,7,1,45,12,81,TEX,0.4375,0.0625,0.26666666666666666
2025-06-05,777629,16,5,1,32,5,60,TEX,0.3125,0.0625,0.15625
2025-06-07,777610,7,1,1,8,1,25,TEX,0.14285714285714285,0.14285714285714285,0.125
2025-06-08,777596,21,4,0,46,11,81,TEX,0.19047619047619047,0.0,0.2391304347826087
2025-06-10,777557,12,1,1,18,2,38,TEX,0.08333333333333333,0.08333333333333333,0.1111111111111111
2025-06-11,777556,17,2,0,35,7,65,TEX,0.11764705882352941,0.0,0.2
2025-06-12,777533,14,3,0,19,4,44,TEX,0.21428571428571427,0.0,0.21052631578947367
2025-06-13,777524,26,4,2,44,11,94,TEX,0.15384615384615385,0.07692307692307693,0.25
2025-06-14,777508,21,9,1,37,15,84,TEX,0.42857142857142855,0.047619047619047616,0.40540540540540543
2025-06-15,777493,16,6,1,35,12,70,TEX,0.375,0.0625,0.34285714285714286
2025-06-17,777468,10,3,0,15,4,36,TEX,0.3,0.0,0.26666666666666666
2025-06-18,777460,16,2,1,25,5,65,TEX,0.125,0.0625,0.2
2025-06-19,777443,31,1,2,61,12,116,TEX,0.03225806451612903,0.06451612903225806,0.19672131147540983
2025-06-20,777432,13,2,0,20,3,37,TEX,0.15384615384615385,0.0,0.15
2025-06-21,777421,12,4,0,25,10,46,TEX,0.3333333333333333,0.0,0.4
2025-06-22,777404,22,1,1,37,4,72,TEX,0.045454545454545456,0.045454545454545456,0.10810810810810811
2025-06-23,777394,14,3,1,21,5,50,TEX,0.21428571428571427,0.07142857142857142,0.23809523809523808
2025-06-24,777380,16,4,1,31,5,63,TEX,0.25,0.0625,0.16129032258064516
2025-06-25,777365,6,2,0,8,4,16,TEX,0.3333333333333333,0.0,0.5
2025-06-27,777340,39,4,2,59,11,125,TEX,0.10256410256410256,0.05128205128205128,0.1864406779661017
2025-06-28,777322,13,3,0,21,5,36,TEX,0.23076923076923078,0.0,0.23809523809523808
2025-06-29,777302,28,5,1,42,10,93,TEX,0.17857142857142858,0.03571428571428571,0.23809523809523808
2025-06-30,777292,24,6,2,38,8,89,TEX,0.25,0.08333333333333333,0.21052631578947367
2025-07-01,777282,11,3,0,24,10,43,TEX,0.2727272727272727,0.0,0.4166666666666667
2025-07-02,777268,16,2,1,31,5,61,TEX,0.125,0.0625,0.16129032258064516
2025-07-04,777239,22,6,1,32,10,73,TEX,0.2727272727272727,0.045454545454545456,0.3125
2025-07-05,777223,16,4,3,31,7,71,TEX,0.25,0.1875,0.22580645161290322
2025-07-06,777207,20,2,2,37,5,80,TEX,0.1,0.1,0.13513513513513514
2025-07-07,777200,16,3,1,28,4,61,TEX,0.1875,0.0625,0.14285714285714285
2025-07-08,777180,10,3,0,25,4,46,TEX,0.3,0.0,0.16
2025-07-09,777171,18,0,0,30,3,51,TEX,0.0,0.0,0.1
2025-07-10,777159,16,7,1,36,15,68,TEX,0.4375,0.0625,0.4166666666666667
2025-07-11,777154,13,4,0,30,11,55,TEX,0.3076923076923077,0.0,0.36666666666666664
2025-07-12,777137,18,3,3,31,9,66,TEX,0.16666666666666666,0.16666666666666666,0.2903225806451613
2025-07-13,777125,5,1,0,11,2,21,TEX,0.2,0.0,0.18181818181818182
2025-07-18,777098,11,3,2,21,6,41,TEX,0.2727272727272727,0.18181818181818182,0.2857142857142857
2025-07-19,777088,11,1,1,16,1,47,TEX,0.09090909090909091,0.09090909090909091,0.0625
2025-07-20,777073,17,5,2,26,4,77,TEX,0.29411764705882354,0.11764705882352941,0.15384615384615385
2025-07-21,777057,11,2,1,14,3,30,TEX,0.18181818181818182,0.09090909090909091,0.21428571428571427
2025-07-22,777043,15,4,1,29,7,58,TEX,0.26666666666666666,0.06666666666666667,0.2413793103448276
2025-07-23,777033,12,3,0,19,7,31,TEX,0.25,0.0,0.3684210526315789
2025-07-25,777009,18,4,3,38,8,77,TEX,0.2222222222222222,0.16666666666666666,0.21052631578947367
2025-07-26,776993,22,5,2,50,6,84,TEX,0.22727272727272727,0.09090909090909091,0.12
2025-07-27,776981,11,4,1,18,6,41,TEX,0.36363636363636365,0.09090909090909091,0.3333333333333333
2025-07-28,776958,10,5,0,27,9,51,TEX,0.5,0.0,0.3333333333333333
2025-07-29,776945,19,3,4,29,7,74,TEX,0.15789473684210525,0.21052631578947367,0.2413793103448276
2025-07-30,776932,9,4,0,23,5,43,TEX,0.4444444444444444,0.0,0.21739130434782608
2025-07-31,776923,14,4,1,26,10,55,TEX,0.2857142857142857,0.07142857142857142,0.38461538461538464
2025-08-01,776908,16,3,2,34,9,68,TEX,0.1875,0.125,0.2647058823529412
2025-08-02,776897,22,7,3,41,13,95,TEX,0.3181818181818182,0.13636363636363635,0.3170731707317073
2025-08-03,776883,10,4,0,19,6,36,TEX,0.4,0.0,0.3157894736842105
2025-08-04,776871,26,5,2,44,11,92,TEX,0.19230769230769232,0.07692307692307693,0.25
2025-08-05,776855,3,1,0,4,0,9,TEX,0.3333333333333333,0.0,0.0
2025-08-06,776845,21,2,4,37,4,82,TEX,0.09523809523809523,0.19047619047619047,0.10810810810810811
2025-08-08,776821,24,5,4,42,7,92,TEX,0.20833333333333334,0.16666666666666666,0.16666666666666666
2025-08-09,776810,9,3,1,19,4,44,TEX,0.3333333333333333,0.1111111111111111,0.21052631578947367
2025-08-10,776800,18,3,0,28,4,54,TEX,0.16666666666666666,0.0,0.14285714285714285
2025-08-11,776785,18,5,0,32,4,65,TEX,0.2777777777777778,0.0,0.125
2025-08-12,776764,17,8,0,33,10,67,TEX,0.47058823529411764,0.0,0.30303030303030304
2025-08-13,776746,14,4,2,19,7,48,TEX,0.2857142857142857,0.14285714285714285,0.3684210526315789
2025-08-15,776735,17,2,2,30,4,67,TEX,0.11764705882352941,0.11764705882352941,0.13333333333333333
2025-08-16,776723,30,3,3,46,7,92,TEX,0.1,0.1,0.15217391304347827
2025-08-17,776710,10,3,2,21,5,49,TEX,0.3,0.2,0.23809523809523808
2025-08-18,776690,16,5,2,25,6,66,TEX,0.3125,0.125,0.24
2025-08-19,776675,12,3,1,20,3,47,TEX,0.25,0.08333333333333333,0.15
2025-08-20,776666,23,8,2,45,8,93,TEX,0.34782608695652173,0.08695652173913043,0.17777777777777778
2025-08-21,776657,21,4,6,33,7,86,TEX,0.19047619047619047,0.2857142857142857,0.21212121212121213
2025-08-22,776641,10,4,0,21,7,37,TEX,0.4,0.0,0.3333333333333333
2025-08-23,776623,8,1,0,13,4,23,TEX,0.125,0.0,0.3076923076923077
2025-08-24,776611,6,1,0,10,3,19,TEX,0.16666666666666666,0.0,0.3
2025-08-25,776592,17,5,2,25,6,59,TEX,0.29411764705882354,0.11764705882352941,0.24
2025-08-26,776575,6,1,0,16,2,27,TEX,0.16666666666666666,0.0,0.125
2025-08-27,776563,18,5,2,37,11,73,TEX,0.2777777777777778,0.1111111111111111,0.2972972972972973
2025-08-29,776538,10,1,1,16,3,32,TEX,0.1,0.1,0.1875
2025-08-30,776524,11,4,1,28,8,48,TEX,0.36363636363636365,0.09090909090909091,0.2857142857142857
2025-08-31,776508,20,5,1,43,10,83,TEX,0.25,0.05,0.23255813953488372
2025-09-01,776495,14,5,0,30,9,53,TEX,0.35714285714285715,0.0,0.3
2025-09-02,776481,12,3,0,15,1,47,TEX,0.25,0.0,0.06666666666666667
2025-09-03,776468,6,2,0,15,1,30,TEX,0.3333333333333333,0.0,0.06666666666666667
2025-09-05,776449,19,4,0,36,10,66,TEX,0.21052631578947367,0.0,0.2777777777777778
2025-09-06,776432,25,4,2,52,10,104,TEX,0.16,0.08,0.19230769230769232
2025-09-07,776418,12,3,0,25,7,42,TEX,0.25,0.0,0.28
2025-09-08,776406,13,1,1,30,5,60,TEX,0.07692307692307693,0.07692307692307693,0.16666666666666666
2025-09-09,776395,17,1,0,30,3,65,TEX,0.058823529411764705,0.0,0.1
2025-09-10,776375,11,4,1,24,7,45,TEX,0.36363636363636365,0.09090909090909091,0.2916666666666667
2025-09-12,776359,7,3,0,15,5,29,TEX,0.42857142857142855,0.0,0.3333333333333333
2025-09-13,776349,20,8,1,48,9,93,TEX,0.4,0.05,0.1875
2025-09-14,776335,19,5,0,30,4,72,TEX,0.2631578947368421,0.0,0.13333333333333333
2025-09-15,776319,5,1,0,8,2,13,TEX,0.2,0.0,0.25
2025-09-16,776301,19,5,4,33,10,79,TEX,0.2631578947368421,0.21052631578947367,0.30303030303030304
2025-09-17,776292,10,3,0,19,8,36,TEX,0.3,0.0,0.42105263157894735
2025-09-19,776251,33,4,1,59,8,122,TEX,0.12121212121212122,0.030303030303030304,0.13559322033898305
2025-09-20,776242,13,3,2,21,8,51,TEX,0.23076923076923078,0.15384615384615385,0.38095238095238093
2025-09-21,776226,17,5,0,31,9,58,TEX,0.29411764705882354,0.0,0.2903225806451613
2025-09-23,776210,25,5,5,56,13,119,TEX,0.2,0.2,0.23214285714285715
2025-09-24,776192,14,3,0,19,5,43,TEX,0.21428571428571427,0.0,0.2631578947368421
2025-09-25,776183,17,5,0,39,12,63,TEX,0.29411764705882354,0.0,0.3076923076923077
2025-09-26,776175,8,1,1,18,3,40,TEX,0.125,0.125,0.16666666666666666
2025-09-27,776158,15,2,2,30,4,71,TEX,0.13333333333333333,0.13333333333333333,0.13333333333333333
2025-09-28,776147,24,4,2,58,15,113,TEX,0.16666666666666666,0.08333333333333333,0.25862068965517243
2025-03-27,778556,21,3,3,51,13,103,TOR,0.14285714285714285,0.14285714285714285,0.2549019607843137
2025-03-28,778549,12,5,3,16,7,48,TOR,0.4166666666666667,0.25,0.4375
2025-03-29,778536,30,8,1,56,14,114,TOR,0.26666666666666666,0.03333333333333333,0.25
2025-03-30,778525,10,4,0,22,7,43,TOR,0.4,0.0,0.3181818181818182
2025-03-31,778507,12,5,0,28,12,57,TOR,0.4166666666666667,0.0,0.42857142857142855
2025-04-01,778491,13,4,1,20,6,42,TOR,0.3076923076923077,0.07692307692307693,0.3
2025-04-02,778478,16,4,0,23,6,41,TOR,0.25,0.0,0.2608695652173913
2025-04-04,778465,12,1,1,20,9,49,TOR,0.08333333333333333,0.08333333333333333,0.45
2025-04-05,778446,13,2,3,20,7,53,TOR,0.15384615384615385,0.23076923076923078,0.35
2025-04-06,778435,10,3,1,18,7,32,TOR,0.3,0.1,0.3888888888888889
2025-04-07,778426,9,2,1,14,1,33,TOR,0.2222222222222222,0.1111111111111111,0.07142857142857142
2025-04-08,778404,15,4,0,27,6,57,TOR,0.26666666666666666,0.0,0.2222222222222222
2025-04-09,778386,10,4,0,20,8,33,TOR,0.4,0.0,0.4
2025-04-10,778377,19,5,2,40,14,84,TOR,0.2631578947368421,0.10526315789473684,0.35
2025-04-12,778362,8,1,0,11,4,29,TOR,0.125,0.0,0.36363636363636365
2025-04-13,778344,20,7,1,34,10,72,TOR,0.35,0.05,0.29411764705882354
2025-04-14,778322,13,1,0,20,4,41,TOR,0.07692307692307693,0.0,0.2
2025-04-15,778311,13,3,2,28,8,61,TOR,0.23076923076923078,0.15384615384615385,0.2857142857142857
2025-04-16,778297,15,9,1,31,14,70,TOR,0.6,0.06666666666666667,0.45161290322580644
2025-04-18,778273,10,2,1,19,3,48,TOR,0.2,0.1,0.15789473684210525
2025-04-19,778258,27,8,3,55,18,122,TOR,0.2962962962962963,0.1111111111111111,0.32727272727272727
2025-04-20,778241,28,12,0,61,23,118,TOR,0.42857142857142855,0.0,0.3770491803278688
2025-04-21,778231,12,3,1,17,5,38,TOR,0.25,0.08333333333333333,0.29411764705882354
2025-04-22,778217,11,5,1,16,8,44,TOR,0.45454545454545453,0.09090909090909091,0.5
2025-04-23,778200,15,4,0,29,6,58,TOR,0.26666666666666666,0.0,0.20689655172413793
2025-04-25,778185,18,2,2,23,4,65,TOR,0.1111111111111111,0.1111111111111111,0.17391304347826086
2025-04-27,778156,28,8,3,40,9,108,TOR,0.2857142857142857,0.10714285714285714,0.225
2025-04-27,778170,11,2,1,22,4,43,TOR,0.18181818181818182,0.09090909090909091,0.18181818181818182
2025-04-29,778127,27,4,3,45,5,102,TOR,0.14814814814814814,0.1111111111111111,0.1111111111111111
2025-04-30,778114,35,10,3,72,27,140,TOR,0.2857142857142857,0.08571428571428572,0.375
2025-05-01,778095,7,2,0,11,3,18,TOR,0.2857142857142857,0.0,0.2727272727272727
2025-05-02,778081,15,2,1,32,9,60,TOR,0.13333333333333333,0.06666666666666667,0.28125
2025-05-03,778064,14,7,2,33,11,69,TOR,0.5,0.14285714285714285,0.3333333333333333
2025-05-04,778056,23,4,7,39,8,99,TOR,0.17391304347826086,0.30434782608695654,0.20512820512820512
2025-05-06,778025,18,4,2,33,7,74,TOR,0.2222222222222222,0.1111111111111111,0.21212121212121213
2025-05-07,778009,13,5,1,20,11,46,TOR,0.38461538461538464,0.07692307692307693,0.55
2025-05-08,778000,10,7,0,21,8,38,TOR,0.7,0.0,0.38095238095238093
2025-05-09,777984,16,8,2,29,14,69,TOR,0.5,0.125,0.4827586206896552
2025-05-10,777970,7,5,0,16,8,31,TOR,0.7142857142857143,0.0,0.5
2025-05-11,777958,22,7,1,35,11,88,TOR,0.3181818181818182,0.045454545454545456,0.3142857142857143
2025-05-13,777935,17,4,1,28,8,59,TOR,0.23529411764705882,0.058823529411764705,0.2857142857142857
2025-05-14,777923,11,3,0,27,9,51,TOR,0.2727272727272727,0.0,0.3333333333333333
2025-05-15,777913,14,4,1,27,6,53,TOR,0.2857142857142857,0.07142857142857142,0.2222222222222222
2025-05-16,777906,16,4,2,33,6,72,TOR,0.25,0.125,0.18181818181818182
2025-05-17,777886,19,2,2,29,9,60,TOR,0.10526315789473684,0.10526315789473684,0.3103448275862069
2025-05-18,777871,13,2,2,23,6,52,TOR,0.15384615384615385,0.15384615384615385,0.2608695652173913
2025-05-20,777845,9,2,0,17,5,36,TOR,0.2222222222222222,0.0,0.29411764705882354
2025-05-21,777837,9,1,0,19,5,35,TOR,0.1111111111111111,0.0,0.2631578947368421
2025-05-22,777816,27,7,1,58,13,117,TOR,0.25925925925925924,0.037037037037037035,0.22413793103448276
2025-05-23,777810,13,5,0,29,10,49,TOR,0.38461538461538464,0.0,0.3448275862068966
2025-05-24,777795,7,1,1,10,2,24,TOR,0.14285714285714285,0.14285714285714285,0.2
2025-05-25,777775,22,2,2,33,7,73,TOR,0.09090909090909091,0.09090909090909091,0.21212121212121213
2025-05-26,777759,3,0,0,8,3,13,TOR,0.0,0.0,0.375
2025-05-27,777741,12,2,0,24,3,46,TOR,0.16666666666666666,0.0,0.125
2025-05-28,777724,22,9,3,34,15,84,TOR,0.4090909090909091,0.13636363636363635,0.4411764705882353
2025-05-29,777727,11,4,0,26,7,48,TOR,0.36363636363636365,0.0,0.2692307692307692
2025-05-30,777716,15,2,2,21,6,54,TOR,0.13333333333333333,0.13333333333333333,0.2857142857142857
2025-05-31,777701,32,6,4,57,11,130,TOR,0.1875,0.125,0.19298245614035087
2025-06-01,777685,18,7,1,26,7,62,TOR,0.3888888888888889,0.05555555555555555,0.2692307692307692
2025-06-03,777665,28,8,2,57,13,108,TOR,0.2857142857142857,0.07142857142857142,0.22807017543859648
2025-06-04,777651,10,3,0,20,8,39,TOR,0.3,0.0,0.4
2025-06-05,777637,6,2,0,12,5,25,TOR,0.3333333333333333,0.0,0.4166666666666667
2025-06-06,777615,28,10,4,57,15,141,TOR,0.35714285714285715,0.14285714285714285,0.2631578947368421
2025-06-07,777600,13,2,1,25,7,45,TOR,0.15384615384615385,0.07692307692307693,0.28
2025-06-08,777585,24,5,3,42,12,96,TOR,0.20833333333333334,0.125,0.2857142857142857
2025-06-09,777581,14,6,1,23,9,47,TOR,0.42857142857142855,0.07142857142857142,0.391304347826087
2025-06-10,777558,12,1,0,23,2,36,TOR,0.08333333333333333,0.0,0.08695652173913043
2025-06-11,777545,18,7,1,35,10,79,TOR,0.3888888888888889,0.05555555555555555,0.2857142857142857
2025-06-13,777531,16,3,1,26,5,57,TOR,0.1875,0.0625,0.19230769230769232
2025-06-14,777509,18,2,2,41,7,81,TOR,0.1111111111111111,0.1111111111111111,0.17073170731707318
2025-06-15,777499,22,1,4,44,5,93,TOR,0.045454545454545456,0.18181818181818182,0.11363636363636363
2025-06-17,777479,14,2,4,26,6,63,TOR,0.14285714285714285,0.2857142857142857,0.23076923076923078
2025-06-18,777462,15,4,0,19,7,52,TOR,0.26666666666666666,0.0,0.3684210526315789
2025-06-19,777448,17,4,2,25,10,64,TOR,0.23529411764705882,0.11764705882352941,0.4
2025-06-20,777435,29,11,3,54,19,123,TOR,0.3793103448275862,0.10344827586206896,0.35185185185185186
2025-06-21,777418,4,1,0,9,3,17,TOR,0.25,0.0,0.3333333333333333
2025-06-22,777408,17,5,4,36,12,74,TOR,0.29411764705882354,0.23529411764705882,0.3333333333333333
2025-06-24,777384,18,5,4,30,5,74,TOR,0.2777777777777778,0.2222222222222222,0.16666666666666666
2025-06-25,777368,17,2,1,35,8,70,TOR,0.11764705882352941,0.058823529411764705,0.22857142857142856
2025-06-26,777354,4,1,1,7,1,21,TOR,0.25,0.25,0.14285714285714285
2025-06-27,777345,6,0,1,12,2,29,TOR,0.0,0.16666666666666666,0.16666666666666666
2025-06-28,777323,31,4,2,44,6,111,TOR,0.12903225806451613,0.06451612903225806,0.13636363636363635
2025-06-29,777310,17,5,1,25,9,62,TOR,0.29411764705882354,0.058823529411764705,0.36
2025-06-30,777295,20,5,2,37,14,82,TOR,0.25,0.1,0.3783783783783784
2025-07-01,777283,18,2,2,28,3,62,TOR,0.1111111111111111,0.1111111111111111,0.10714285714285714
2025-07-02,777274,24,4,4,39,11,104,TOR,0.16666666666666666,0.16666666666666666,0.28205128205128205
2025-07-03,777260,16,3,1,30,7,70,TOR,0.1875,0.0625,0.23333333333333334
2025-07-04,777242,18,5,2,26,7,69,TOR,0.2777777777777778,0.1111111111111111,0.2692307692307692
2025-07-05,777231,25,5,1,42,7,89,TOR,0.2,0.04,0.16666666666666666
2025-07-06,777214,14,5,2,22,13,47,TOR,0.35714285714285715,0.14285714285714285,0.5909090909090909
2025-07-07,777212,17,2,1,28,5,62,TOR,0.11764705882352941,0.058823529411764705,0.17857142857142858
2025-07-09,777172,16,5,0,34,13,68,TOR,0.3125,0.0,0.38235294117647056
2025-07-11,777152,15,7,1,35,15,75,TOR,0.4666666666666667,0.06666666666666667,0.42857142857142855
2025-07-12,777132,13,4,0,21,4,47,TOR,0.3076923076923077,0.0,0.19047619047619047
2025-07-13,777116,22,6,2,40,10,89,TOR,0.2727272727272727,0.09090909090909091,0.25
2025-07-18,777108,9,7,0,23,9,41,TOR,0.7777777777777778,0.0,0.391304347826087
2025-07-19,777094,10,2,0,18,2,37,TOR,0.2,0.0,0.1111111111111111
2025-07-20,777079,14,4,1,33,5,70,TOR,0.2857142857142857,0.07142857142857142,0.15151515151515152
2025-07-21,777066,8,4,1,19,5,34,TOR,0.5,0.125,0.2631578947368421
2025-07-22,777046,14,2,0,20,3,46,TOR,0.14285714285714285,0.0,0.15
2025-07-23,777027,6,0,0,8,1,19,TOR,0.0,0.0,0.125
2025-07-24,777021,7,1,0,10,1,20,TOR,0.14285714285714285,0.0,0.1
2025-07-25,777016,9,3,0,20,8,40,TOR,0.3333333333333333,0.0,0.4
2025-07-26,777003,10,3,0,19,3,43,TOR,0.3,0.0,0.15789473684210525
2025-07-27,776987,11,2,1,22,4,51,TOR,0.18181818181818182,0.09090909090909091,0.18181818181818182
2025-07-28,776966,26,3,2,39,7,89,TOR,0.11538461538461539,0.07692307692307693,0.1794871794871795
2025-07-29,776962,13,3,1,22,10,47,TOR,0.23076923076923078,0.07692307692307693,0.45454545454545453
2025-07-29,778372,34,8,1,61,15,113,TOR,0.23529411764705882,0.029411764705882353,0.2459016393442623
2025-07-30,776948,21,9,2,41,14,95,TOR,0.42857142857142855,0.09523809523809523,0.34146341463414637
2025-08-01,776920,17,2,3,37,5,83,TOR,0.11764705882352941,0.17647058823529413,0.13513513513513514
2025-08-02,776900,10,2,0,20,5,41,TOR,0.2,0.0,0.25
2025-08-03,776893,19,1,1,21,4,47,TOR,0.05263157894736842,0.05263157894736842,0.19047619047619047
2025-08-04,776872,10,3,1,16,6,33,TOR,0.3,0.1,0.375
2025-08-05,776854,13,2,2,22,5,53,TOR,0.15384615384615385,0.15384615384615385,0.22727272727272727
2025-08-06,776836,7,3,0,17,3,30,TOR,0.42857142857142855,0.0,0.17647058823529413
2025-08-08,776823,11,2,3,16,5,39,TOR,0.18181818181818182,0.2727272727272727,0.3125
2025-08-09,776808,19,6,2,27,13,82,TOR,0.3157894736842105,0.10526315789473684,0.48148148148148145
2025-08-10,776788,30,6,8,52,15,133,TOR,0.2,0.26666666666666666,0.28846153846153844
2025-08-12,776768,16,6,3,27,9,63,TOR,0.375,0.1875,0.3333333333333333
2025-08-13,776757,10,3,1,14,4,35,TOR,0.3,0.1,0.2857142857142857
2025-08-14,776747,8,6,1,18,9,34,TOR,0.75,0.125,0.5
2025-08-15,776735,15,7,2,25,14,53,TOR,0.4666666666666667,0.13333333333333333,0.56
2025-08-16,776723,18,4,1,28,6,51,TOR,0.2222222222222222,0.05555555555555555,0.21428571428571427
2025-08-17,776710,23,1,4,37,4,90,TOR,0.043478260869565216,0.17391304347826086,0.10810810810810811
2025-08-18,776694,15,4,4,27,7,62,TOR,0.26666666666666666,0.26666666666666666,0.25925925925925924
2025-08-19,776679,13,4,0,23,7,46,TOR,0.3076923076923077,0.0,0.30434782608695654
2025-08-20,776661,10,2,2,18,5,47,TOR,0.2,0.2,0.2777777777777778
2025-08-22,776646,13,2,2,25,6,54,TOR,0.15384615384615385,0.15384615384615385,0.24
2025-08-23,776630,24,5,2,36,7,84,TOR,0.20833333333333334,0.08333333333333333,0.19444444444444445
2025-08-24,776614,9,1,1,15,4,38,TOR,0.1111111111111111,0.1111111111111111,0.26666666666666666
2025-08-25,776596,12,1,2,20,4,45,TOR,0.08333333333333333,0.16666666666666666,0.2
2025-08-26,776582,18,3,3,30,12,71,TOR,0.16666666666666666,0.16666666666666666,0.4
2025-08-27,776567,17,6,2,29,8,66,TOR,0.35294117647058826,0.11764705882352941,0.27586206896551724
2025-08-29,776546,21,6,4,33,6,93,TOR,0.2857142857142857,0.19047619047619047,0.18181818181818182
2025-08-30,776527,11,1,1,20,4,38,TOR,0.09090909090909091,0.09090909090909091,0.2
2025-08-31,776515,21,6,0,43,14,83,TOR,0.2857142857142857,0.0,0.32558139534883723
2025-09-01,776503,13,2,0,29,8,54,TOR,0.15384615384615385,0.0,0.27586206896551724
2025-09-02,776491,30,7,0,61,13,125,TOR,0.23333333333333334,0.0,0.21311475409836064
2025-09-03,776475,16,5,1,33,14,67,TOR,0.3125,0.0625,0.42424242424242425
2025-09-05,776457,3,0,1,4,1,11,TOR,0.0,0.3333333333333333,0.25
2025-09-06,776436,12,5,2,17,8,51,TOR,0.4166666666666667,0.16666666666666666,0.47058823529411764
2025-09-07,776423,12,5,1,20,10,49,TOR,0.4166666666666667,0.08333333333333333,0.5
2025-09-09,776393,17,1,2,27,7,60,TOR,0.058823529411764705,0.11764705882352941,0.25925925925925924
2025-09-10,776385,16,4,3,27,6,70,TOR,0.25,0.1875,0.2222222222222222
2025-09-12,776353,15,4,3,22,7,61,TOR,0.26666666666666666,0.2,0.3181818181818182
2025-09-13,776343,17,3,2,18,3,58,TOR,0.17647058823529413,0.11764705882352941,0.16666666666666666
2025-09-14,776322,12,3,1,20,7,41,TOR,0.25,0.08333333333333333,0.35
2025-09-15,776316,21,9,2,40,17,87,TOR,0.42857142857142855,0.09523809523809523,0.425
2025-09-16,776305,24,8,4,54,15,106,TOR,0.3333333333333333,0.16666666666666666,0.2777777777777778
2025-09-17,776290,9,0,0,12,0,26,TOR,0.0,0.0,0.0
2025-09-18,776269,14,3,0,28,7,55,TOR,0.21428571428571427,0.0,0.25
2025-09-19,776260,46,4,4,74,9,143,TOR,0.08695652173913043,0.08695652173913043,0.12162162162162163
2025-09-20,776245,8,1,1,18,5,38,TOR,0.125,0.125,0.2777777777777778
2025-09-21,776229,19,2,0,30,9,55,TOR,0.10526315789473684,0.0,0.3
2025-09-23,776217,11,2,2,21,7,44,TOR,0.18181818181818182,0.18181818181818182,0.3333333333333333
2025-09-24,776206,16,3,3,24,8,59,TOR,0.1875,0.1875,0.3333333333333333
2025-09-25,776186,26,5,2,41,8,104,TOR,0.19230769230769232,0.07692307692307693,0.1951219512195122
2025-09-26,776177,16,5,3,35,14,79,TOR,0.3125,0.1875,0.4
2025-09-27,776159,15,7,2,27,9,66,TOR,0.4666666666666667,0.13333333333333333,0.3333333333333333
2025-09-28,776145,19,9,2,36,16,84,TOR,0.47368421052631576,0.10526315789473684,0.4444444444444444
2025-03-27,778555,25,6,6,39,9,101,WSH,0.24,0.24,0.23076923076923078
2025-03-29,778535,25,3,6,47,10,108,WSH,0.12,0.24,0.2127659574468085
2025-03-30,778526,11,1,2,15,0,32,WSH,0.09090909090909091,0.18181818181818182,0.0
2025-03-31,778507,15,0,2,22,1,54,WSH,0.0,0.13333333333333333,0.045454545454545456
2025-04-01,778491,15,4,2,24,7,56,WSH,0.26666666666666666,0.13333333333333333,0.2916666666666667
2025-04-02,778478,11,1,0,23,5,48,WSH,0.09090909090909091,0.0,0.21739130434782608
2025-04-04,778457,17,3,1,29,8,63,WSH,0.17647058823529413,0.058823529411764705,0.27586206896551724
2025-04-05,778452,14,0,2,20,2,45,WSH,0.0,0.14285714285714285,0.1
2025-04-06,778429,17,5,1,42,8,78,WSH,0.29411764705882354,0.058823529411764705,0.19047619047619047
2025-04-07,778418,15,4,2,20,7,60,WSH,0.26666666666666666,0.13333333333333333,0.35
2025-04-08,778409,28,11,3,59,18,123,WSH,0.39285714285714285,0.10714285714285714,0.3050847457627119
2025-04-09,778392,15,3,1,27,11,53,WSH,0.2,0.06666666666666667,0.4074074074074074
2025-04-11,778369,14,2,2,21,6,44,WSH,0.14285714285714285,0.14285714285714285,0.2857142857142857
2025-04-12,778354,14,2,2,24,6,65,WSH,0.14285714285714285,0.14285714285714285,0.25
2025-04-13,778337,16,2,4,27,5,68,WSH,0.125,0.25,0.18518518518518517
2025-04-14,778321,20,5,2,33,9,71,WSH,0.25,0.1,0.2727272727272727
2025-04-15,778314,7,4,0,18,4,34,WSH,0.5714285714285714,0.0,0.2222222222222222
2025-04-16,778293,12,0,1,17,2,34,WSH,0.0,0.08333333333333333,0.11764705882352941
2025-04-17,778280,11,4,1,17,5,34,WSH,0.36363636363636365,0.09090909090909091,0.29411764705882354
2025-04-19,778247,20,4,4,31,5,79,WSH,0.2,0.2,0.16129032258064516
2025-04-20,778235,9,3,1,13,3,31,WSH,0.3333333333333333,0.1111111111111111,0.23076923076923078
2025-04-20,778266,17,5,2,37,12,67,WSH,0.29411764705882354,0.11764705882352941,0.32432432432432434
2025-04-22,778222,5,2,2,12,4,29,WSH,0.4,0.4,0.3333333333333333
2025-04-23,778204,20,3,2,32,7,69,WSH,0.15,0.1,0.21875
2025-04-24,778193,11,5,0,14,4,39,WSH,0.45454545454545453,0.0,0.2857142857142857
2025-04-25,778183,9,0,1,16,2,34,WSH,0.0,0.1111111111111111,0.125
2025-04-26,778173,18,6,1,31,10,73,WSH,0.3333333333333333,0.05555555555555555,0.3225806451612903
2025-04-27,778153,16,4,0,28,7,71,WSH,0.25,0.0,0.25
2025-04-28,778138,33,4,4,40,4,97,WSH,0.12121212121212122,0.12121212121212122,0.1
2025-04-29,778131,14,3,1,28,6,58,WSH,0.21428571428571427,0.07142857142857142,0.21428571428571427
2025-04-30,778118,8,0,0,13,2,28,WSH,0.0,0.0,0.15384615384615385
2025-05-01,778099,15,3,1,24,4,49,WSH,0.2,0.06666666666666667,0.16666666666666666
2025-05-02,778087,17,4,2,38,7,73,WSH,0.23529411764705882,0.11764705882352941,0.18421052631578946
2025-05-03,778077,15,5,2,24,8,58,WSH,0.3333333333333333,0.13333333333333333,0.3333333333333333
2025-05-04,778058,13,4,0,21,7,45,WSH,0.3076923076923077,0.0,0.3333333333333333
2025-05-06,778026,21,1,1,35,6,80,WSH,0.047619047619047616,0.047619047619047616,0.17142857142857143
2025-05-06,778046,17,1,3,32,8,74,WSH,0.058823529411764705,0.17647058823529413,0.25
2025-05-07,778022,20,2,3,34,7,69,WSH,0.1,0.15,0.20588235294117646
2025-05-09,777995,26,4,6,42,8,110,WSH,0.15384615384615385,0.23076923076923078,0.19047619047619047
2025-05-10,777980,12,1,2,18,3,44,WSH,0.08333333333333333,0.16666666666666666,0.16666666666666666
2025-05-11,777962,13,3,2,25,8,48,WSH,0.23076923076923078,0.15384615384615385,0.32
2025-05-12,777959,10,3,0,20,8,43,WSH,0.3,0.0,0.4
2025-05-13,777942,20,7,1,46,10,88,WSH,0.35,0.05,0.21739130434782608
2025-05-14,777929,19,3,1,45,10,88,WSH,0.15789473684210525,0.05263157894736842,0.2222222222222222
2025-05-15,777909,16,3,1,29,5,66,WSH,0.1875,0.0625,0.1724137931034483
2025-05-16,777907,22,5,2,43,11,106,WSH,0.22727272727272727,0.09090909090909091,0.2558139534883721
2025-05-17,777890,13,1,0,26,3,40,WSH,0.07692307692307693,0.0,0.11538461538461539
2025-05-18,777873,13,2,1,27,8,55,WSH,0.15384615384615385,0.07692307692307693,0.2962962962962963
2025-05-20,777841,11,0,0,23,5,36,WSH,0.0,0.0,0.21739130434782608
2025-05-22,777820,25,5,1,48,11,92,WSH,0.2,0.04,0.22916666666666666
2025-05-23,777801,17,4,4,22,3,71,WSH,0.23529411764705882,0.23529411764705882,0.13636363636363635
2025-05-24,777793,3,1,0,5,1,9,WSH,0.3333333333333333,0.0,0.2
2025-05-25,777778,11,2,1,18,3,37,WSH,0.18181818181818182,0.09090909090909091,0.16666666666666666
2025-05-27,777743,20,4,3,38,9,79,WSH,0.2,0.15,0.23684210526315788
2025-05-28,777730,11,2,0,27,5,49,WSH,0.18181818181818182,0.0,0.18518518518518517
2025-05-29,777722,18,3,3,30,4,79,WSH,0.16666666666666666,0.16666666666666666,0.13333333333333333
2025-05-30,777710,16,5,2,34,9,74,WSH,0.3125,0.125,0.2647058823529412
2025-05-31,777696,16,3,2,28,7,66,WSH,0.1875,0.125,0.25
2025-06-01,777679,12,3,2,19,9,41,WSH,0.25,0.16666666666666666,0.47368421052631576
2025-06-03,777659,22,5,4,35,6,100,WSH,0.22727272727272727,0.18181818181818182,0.17142857142857143
2025-06-04,777650,9,1,1,16,5,36,WSH,0.1111111111111111,0.1111111111111111,0.3125
2025-06-05,777632,21,4,2,39,12,74,WSH,0.19047619047619047,0.09523809523809523,0.3076923076923077
2025-06-06,777624,10,1,0,18,1,32,WSH,0.1,0.0,0.05555555555555555
2025-06-07,777610,17,3,4,30,6,65,WSH,0.17647058823529413,0.23529411764705882,0.2
2025-06-08,777596,20,5,2,42,9,73,WSH,0.25,0.1,0.21428571428571427
2025-06-10,777570,12,3,1,21,3,45,WSH,0.25,0.08333333333333333,0.14285714285714285
2025-06-11,777555,12,1,1,28,7,48,WSH,0.08333333333333333,0.08333333333333333,0.25
2025-06-12,777544,14,1,2,20,3,57,WSH,0.07142857142857142,0.14285714285714285,0.15
2025-06-13,777530,26,3,2,50,9,123,WSH,0.11538461538461539,0.07692307692307693,0.18
2025-06-14,777514,17,4,0,24,5,43,WSH,0.23529411764705882,0.0,0.20833333333333334
2025-06-15,777503,14,2,2,16,1,46,WSH,0.14285714285714285,0.14285714285714285,0.0625
2025-06-16,777488,12,2,0,23,5,44,WSH,0.16666666666666666,0.0,0.21739130434782608
2025-06-17,777480,16,3,2,35,8,72,WSH,0.1875,0.125,0.22857142857142856
2025-06-18,777461,11,1,0,21,3,38,WSH,0.09090909090909091,0.0,0.14285714285714285
2025-06-19,777445,20,7,1,45,14,83,WSH,0.35,0.05,0.3111111111111111
2025-06-20,777427,11,1,2,23,4,48,WSH,0.09090909090909091,0.18181818181818182,0.17391304347826086
2025-06-21,777416,13,4,1,31,7,52,WSH,0.3076923076923077,0.07692307692307693,0.22580645161290322
2025-06-22,777398,18,1,1,27,3,51,WSH,0.05555555555555555,0.05555555555555555,0.1111111111111111
2025-06-23,777382,13,2,1,31,4,59,WSH,0.15384615384615385,0.07692307692307693,0.12903225806451613
2025-06-24,777372,10,2,1,20,3,42,WSH,0.2,0.1,0.15
2025-06-25,777360,8,2,1,15,5,34,WSH,0.25,0.125,0.3333333333333333
2025-06-27,777331,18,2,2,40,6,72,WSH,0.1111111111111111,0.1111111111111111,0.15
2025-06-28,777315,16,1,3,24,4,70,WSH,0.0625,0.1875,0.16666666666666666
2025-06-29,777305,21,4,1,28,6,69,WSH,0.19047619047619047,0.047619047619047616,0.21428571428571427
2025-07-02,777265,15,4,0,42,8,79,WSH,0.26666666666666666,0.0,0.19047619047619047
2025-07-02,777284,26,7,2,54,15,113,WSH,0.2692307692307692,0.07692307692307693,0.2777777777777778
2025-07-03,777258,16,3,1,31,7,54,WSH,0.1875,0.0625,0.22580645161290322
2025-07-04,777245,25,3,3,39,6,87,WSH,0.12,0.12,0.15384615384615385
2025-07-05,777228,10,2,0,20,7,30,WSH,0.2,0.0,0.35
2025-07-06,777213,24,5,0,39,12,84,WSH,0.20833333333333334,0.0,0.3076923076923077
2025-07-08,777191,7,1,0,15,3,24,WSH,0.14285714285714285,0.0,0.2
2025-07-09,777178,12,4,1,19,5,49,WSH,0.3333333333333333,0.08333333333333333,0.2631578947368421
2025-07-10,777167,19,4,1,33,8,70,WSH,0.21052631578947367,0.05263157894736842,0.24242424242424243
2025-07-11,777149,12,3,0,20,4,41,WSH,0.25,0.0,0.2
2025-07-12,777135,19,0,1,26,2,60,WSH,0.0,0.05263157894736842,0.07692307692307693
2025-07-13,777123,18,5,3,38,7,81,WSH,0.2777777777777778,0.16666666666666666,0.18421052631578946
2025-07-18,777112,23,3,2,45,9,90,WSH,0.13043478260869565,0.08695652173913043,0.2
2025-07-19,777091,11,3,1,19,6,41,WSH,0.2727272727272727,0.09090909090909091,0.3157894736842105
2025-07-20,777077,27,4,2,47,9,110,WSH,0.14814814814814814,0.07407407407407407,0.19148936170212766
2025-07-21,777064,24,2,5,32,5,89,WSH,0.08333333333333333,0.20833333333333334,0.15625
2025-07-22,777042,18,4,0,37,7,64,WSH,0.2222222222222222,0.0,0.1891891891891892
2025-07-23,777026,16,1,1,25,3,54,WSH,0.0625,0.0625,0.12
2025-07-25,777011,12,3,0,27,6,45,WSH,0.25,0.0,0.2222222222222222
2025-07-26,776997,13,3,1,27,9,57,WSH,0.23076923076923078,0.07692307692307693,0.3333333333333333
2025-07-27,776979,8,1,0,14,1,24,WSH,0.125,0.0,0.07142857142857142
2025-07-28,776969,14,5,1,24,7,48,WSH,0.35714285714285715,0.07142857142857142,0.2916666666666667
2025-07-29,776950,26,3,3,43,5,87,WSH,0.11538461538461539,0.11538461538461539,0.11627906976744186
2025-07-30,776937,11,3,1,19,4,46,WSH,0.2727272727272727,0.09090909090909091,0.21052631578947367
2025-08-01,776917,32,4,2,56,9,117,WSH,0.125,0.0625,0.16071428571428573
2025-08-02,776903,22,3,1,39,6,82,WSH,0.13636363636363635,0.045454545454545456,0.15384615384615385
2025-08-03,776894,30,4,6,48,8,111,WSH,0.13333333333333333,0.2,0.16666666666666666
2025-08-05,776865,33,9,4,61,11,132,WSH,0.2727272727272727,0.12121212121212122,0.18032786885245902
2025-08-06,776850,17,6,3,31,12,69,WSH,0.35294117647058826,0.17647058823529413,0.3870967741935484
2025-08-07,776837,17,5,0,34,9,66,WSH,0.29411764705882354,0.0,0.2647058823529412
2025-08-08,776822,12,1,2,24,5,52,WSH,0.08333333333333333,0.16666666666666666,0.20833333333333334
2025-08-09,776802,13,3,1,17,6,43,WSH,0.23076923076923078,0.07692307692307693,0.35294117647058826
2025-08-10,776793,9,5,0,14,5,35,WSH,0.5555555555555556,0.0,0.35714285714285715
2025-08-11,776784,14,3,3,25,6,64,WSH,0.21428571428571427,0.21428571428571427,0.24
2025-08-12,776770,15,3,3,30,5,62,WSH,0.2,0.2,0.16666666666666666
2025-08-13,776759,23,3,2,40,4,92,WSH,0.13043478260869565,0.08695652173913043,0.1
2025-08-14,776743,12,4,0,26,12,46,WSH,0.3333333333333333,0.0,0.46153846153846156
2025-08-15,776739,15,2,3,17,4,48,WSH,0.13333333333333333,0.2,0.23529411764705882
2025-08-16,776725,7,2,0,12,4,24,WSH,0.2857142857142857,0.0,0.3333333333333333
2025-08-17,776708,33,7,2,57,12,118,WSH,0.21212121212121213,0.06060606060606061,0.21052631578947367
2025-08-19,776678,14,3,2,23,5,57,WSH,0.21428571428571427,0.14285714285714285,0.21739130434782608
2025-08-20,776659,13,1,1,24,7,46,WSH,0.07692307692307693,0.07692307692307693,0.2916666666666667
2025-08-21,776650,16,6,1,41,11,78,WSH,0.375,0.0625,0.2682926829268293
2025-08-22,776648,10,6,0,24,11,43,WSH,0.6,0.0,0.4583333333333333
2025-08-23,776628,12,2,2,18,4,43,WSH,0.16666666666666666,0.16666666666666666,0.2222222222222222
2025-08-24,776613,21,7,3,46,11,95,WSH,0.3333333333333333,0.14285714285714285,0.2391304347826087
2025-08-25,776597,17,3,2,23,5,63,WSH,0.17647058823529413,0.11764705882352941,0.21739130434782608
2025-08-26,776588,17,3,5,32,8,78,WSH,0.17647058823529413,0.29411764705882354,0.25
2025-08-27,776570,25,8,3,63,17,133,WSH,0.32,0.12,0.2698412698412698
2025-08-29,776545,13,5,3,27,11,57,WSH,0.38461538461538464,0.23076923076923078,0.4074074074074074
2025-08-30,776525,9,2,0,16,4,28,WSH,0.2222222222222222,0.0,0.25
2025-08-31,776520,19,8,0,36,12,68,WSH,0.42105263157894735,0.0,0.3333333333333333
2025-09-01,776498,14,6,1,32,10,70,WSH,0.42857142857142855,0.07142857142857142,0.3125
2025-09-02,776482,16,5,3,30,8,74,WSH,0.3125,0.1875,0.26666666666666666
2025-09-03,776477,16,3,1,21,5,61,WSH,0.1875,0.0625,0.23809523809523808
2025-09-05,776455,23,3,4,39,4,87,WSH,0.13043478260869565,0.17391304347826086,0.10256410256410256
2025-09-06,776440,13,3,3,25,8,64,WSH,0.23076923076923078,0.23076923076923078,0.32
2025-09-07,776420,19,6,1,33,9,66,WSH,0.3157894736842105,0.05263157894736842,0.2727272727272727
2025-09-08,776409,21,3,5,39,6,86,WSH,0.14285714285714285,0.23809523809523808,0.15384615384615385
2025-09-09,776397,10,2,0,23,3,42,WSH,0.2,0.0,0.13043478260869565
2025-09-10,776386,18,3,2,36,6,74,WSH,0.16666666666666666,0.1111111111111111,0.16666666666666666
2025-09-11,776367,14,2,3,31,5,68,WSH,0.14285714285714285,0.21428571428571427,0.16129032258064516
2025-09-12,776351,12,5,1,25,8,46,WSH,0.4166666666666667,0.08333333333333333,0.32
2025-09-13,776336,18,2,5,30,5,75,WSH,0.1111111111111111,0.2777777777777778,0.16666666666666666
2025-09-14,776320,18,7,3,28,8,70,WSH,0.3888888888888889,0.16666666666666666,0.2857142857142857
2025-09-15,776315,19,5,1,37,8,70,WSH,0.2631578947368421,0.05263157894736842,0.21621621621621623
2025-09-16,776307,20,3,3,35,6,86,WSH,0.15,0.15,0.17142857142857143
2025-09-16,777825,14,0,1,24,5,52,WSH,0.0,0.07142857142857142,0.20833333333333334
2025-09-17,776286,22,4,2,40,10,75,WSH,0.18181818181818182,0.09090909090909091,0.25
2025-09-19,776259,24,5,3,38,9,90,WSH,0.20833333333333334,0.125,0.23684210526315788
2025-09-20,776252,26,7,0,49,12,97,WSH,0.2692307692307692,0.0,0.24489795918367346
2025-09-21,776237,13,2,0,31,4,53,WSH,0.15384615384615385,0.0,0.12903225806451613
2025-09-22,776221,35,5,5,56,12,141,WSH,0.14285714285714285,0.14285714285714285,0.21428571428571427
2025-09-23,776219,9,3,1,20,6,41,WSH,0.3333333333333333,0.1111111111111111,0.3
2025-09-24,776200,22,6,4,39,11,89,WSH,0.2727272727272727,0.18181818181818182,0.28205128205128205
2025-09-26,776165,21,4,1,35,11,79,WSH,0.19047619047619047,0.047619047619047616,0.3142857142857143
2025-09-27,776160,13,6,0,30,10,46,WSH,0.46153846153846156,0.0,0.3333333333333333
2025-09-28,776143,21,4,1,37,6,69,WSH,0.19047619047619047,0.047619047619047616,0.16216216216216217
