Date,home_team,away_team,total_runs,home_runs,away_runs,home_off_roll5,home_def_roll5,home_off_roll10,home_def_roll10,home_off_roll20,home_def_roll20,away_off_roll5,away_def_roll5,away_off_roll10,away_def_roll10,away_off_roll20,away_def_roll20,game_date,home_SP_name,home_SP_K_pct_roll5,home_SP_BB_pct_roll5,home_SP_whiff_pct_roll5,away_SP_name,away_SP_K_pct_roll5,away_SP_BB_pct_roll5,away_SP_whiff_pct_roll5
2025-04-22,ARI,TBR,6.0,5.0,1.0,7.0,5.8,5.8,4.5,5.55,4.55,1.4,3.8,4.2,4.2,4.05,3.8,2025-04-22,Brandon Pfaadt,0.18127587991718422,0.05464285714285713,0.2124176548089591,Zack Littell,0.20494227994227993,0.0504232804232804,0.1812109697183928
2025-04-25,ARI,ATL,10.0,2.0,8.0,6.0,5.2,5.9,4.3,5.4,4.55,5.0,4.4,4.6,4.7,4.05,4.5,2025-04-25,Zac Gallen,0.23859381359381357,0.10932030932030927,0.2696874071874072,Chris Sale,0.29109730848861276,0.0636363636363636,0.26639895608581543
2025-04-27,ARI,ATL,10.0,6.0,4.0,5.2,6.4,5.2,5.1,5.35,4.75,5.8,4.2,5.1,4.1,4.45,4.35,2025-04-27,Brandon Pfaadt,0.1904752493882928,0.043714285714285706,0.209064558629776,Spencer Schwellenbach,0.20634336677814935,0.03539130434782608,0.23725965148800549
2025-05-05,ARI,NYM,9.0,4.0,5.0,3.0,4.6,4.1,5.5,4.55,4.55,4.6,4.4,6.3,4.3,5.45,3.35,2025-05-05,Ryne Nelson,0.2784770784770785,0.05576923076923076,0.1920174825174825,Griffin Canning,0.2478204206167592,0.1102373324615887,0.2633049932523617
2025-05-06,ARI,NYM,6.0,5.0,1.0,3.2,4.0,3.4,4.7,4.55,4.55,5.0,4.4,6.4,4.2,5.65,3.4,2025-05-06,Zac Gallen,0.21887331669940363,0.11635964679442934,0.19605460723881774,David Peterson,0.18153359683794465,0.05345454545454544,0.16074211502782929
2025-05-07,ARI,NYM,8.0,1.0,7.0,3.4,3.6,3.7,4.2,4.75,4.35,4.8,4.6,6.3,4.7,5.3,3.65,2025-05-07,Merrill Kelly,0.22215634606938953,0.04445322793148878,0.1866912366912367,Kodai Senga,0.21239602502760394,0.10219801251380196,0.24453517347134368
2025-05-08,ARI,LAD,8.0,5.0,3.0,2.8,4.6,3.3,4.8,4.6,4.55,6.4,2.6,7.6,3.1,5.65,3.7,2025-05-08,Brandon Pfaadt,0.20458152958152956,0.0431216931216931,0.21103425559947295,Jack Dreyer,0.21500000000000002,0.11499999999999999,0.3057142857142857
2025-05-09,ARI,LAD,25.0,11.0,14.0,3.4,4.6,3.6,4.3,4.4,4.7,6.6,3.4,7.9,3.3,5.65,3.95,2025-05-09,Eduardo Rodr\xc3\xadguez,0.2126358826358826,0.06331313131313128,0.20071379221697355,Roki Sasaki,0.17866055513114332,0.10318309141838551,0.20308420624210094
2025-05-10,ARI,LAD,3.0,3.0,0.0,5.2,6.0,4.1,5.3,4.95,5.05,7.4,5.0,8.5,4.0,6.35,3.7,2025-05-10,Ryne Nelson,0.2550852656115814,0.09787449392712548,0.18905451955451952,Dustin May,0.1839461279461279,0.08949494949494947,0.17440680435871792
2025-05-17,ARI,COL,26.0,12.0,14.0,5.0,5.2,5.0,5.1,4.2,4.9,2.8,5.0,2.9,8.9,2.85,7.25,2025-05-17,Zac Gallen,0.24878214860823555,0.09876420519898776,0.19279771398192447,Germ\xc3\xa1n M\xc3\xa1rquez,0.10107331129756755,0.06149436392914652,0.14133790111714456
2025-05-18,ARI,COL,1.0,1.0,0.0,7.2,6.4,5.7,6.4,4.7,5.3,3.8,6.8,4.0,9.2,3.45,7.55,2025-05-18,Merrill Kelly,0.21241793633097977,0.01869565217391304,0.18341359541359542,Chase Dollander,0.16893939393939392,0.12272727272727268,0.18999654869220084
2025-05-26,ARI,PIT,5.0,5.0,0.0,4.2,4.4,5.6,5.3,4.6,5.1,3.2,3.2,2.7,3.7,2.35,3.8,2025-05-26,Ryne Nelson,0.19419060471692046,0.11255703360966514,0.19350649350649346,Andrew Heaney,0.10026877470355729,0.13462676453980799,0.13016979519080357
2025-05-27,ARI,PIT,15.0,6.0,9.0,3.4,3.4,5.5,4.3,4.75,4.95,3.0,4.2,2.3,4.2,2.15,3.6,2025-05-27,Corbin Burnes,0.28133621611882476,0.10692093735571992,0.298003848003848,Joey Wentz,0.13968253968253969,0.073015873015873,0.1397243107769423
2025-05-28,ARI,PIT,11.0,1.0,10.0,4.4,4.6,5.3,4.5,4.95,5.05,4.2,5.2,2.8,4.0,2.55,3.8,2025-05-28,Zac Gallen,0.22793558776167472,0.10590177133655392,0.2074110399324597,Paul Skenes,0.244343685300207,0.11459213250517597,0.26776897898849117
2025-05-30,ARI,WSN,16.0,7.0,9.0,4.0,5.8,4.6,5.5,4.8,5.3,3.0,3.2,4.6,3.7,4.0,4.85,2025-05-30,Merrill Kelly,0.26730199430199425,0.033,0.24214438502673796,Jake Irvin,0.11563021907849491,0.08307683764955123,0.10423393641312803
2025-05-31,ARI,WSN,18.0,7.0,11.0,4.4,6.4,4.1,5.0,4.9,5.7,4.8,3.8,5.3,3.9,4.25,5.15,2025-05-31,Ryne Nelson,0.18137009189640765,0.08178780284043438,0.19350649350649346,Michael Soroka,0.2258621361588113,0.04701315308732186,0.19863570138002085
2025-06-01,ARI,WSN,4.0,3.0,1.0,5.2,7.8,4.7,6.1,5.2,5.9,6.4,5.2,6.0,4.3,4.3,5.05,2025-06-01,Corbin Burnes,0.24860894339155207,0.09298154341632599,0.2735594035594035,Mitchell Parker,0.19160173160173155,0.09575757575757574,0.17989898989898986
2025-06-10,ARI,SEA,13.0,10.0,3.0,4.8,6.2,4.8,7.1,5.15,5.7,3.6,4.4,3.3,4.3,3.45,3.5,2025-06-10,Brandon Pfaadt,0.09557910120569965,0.06988740160095655,0.16537611037611036,Logan Evans,0.17769722869722868,0.05730717430717428,0.1646423562412342
2025-06-11,ARI,SEA,7.0,5.0,2.0,5.2,6.2,5.2,6.5,5.25,5.5,3.8,5.8,3.3,4.8,3.5,3.85,2025-06-11,Eduardo Rodr\xc3\xadguez,0.18623376623376622,0.09966233766233765,0.19262260687123,Bryan Woo,0.20143317230273752,0.02407407407407406,0.17093037214885953
2025-06-13,ARI,SDP,6.0,5.0,1.0,5.8,6.4,5.6,5.7,5.1,5.6,3.8,2.0,3.5,3.0,3.1,4.45,2025-06-13,Ryne Nelson,0.1756115779645191,0.08674136321195142,0.18063612313612312,Stephen Kolek,0.1456164644950252,0.09993076189178136,0.16054846054846053
2025-06-14,ARI,SDP,15.0,8.0,7.0,4.6,4.6,5.4,4.9,4.75,4.95,3.6,3.0,3.3,3.3,3.1,4.45,2025-06-14,Zac Gallen,0.16399999999999998,0.09462962962962962,0.20062209788035976,Ryan Bergert,0.12571428571428572,0.059047619047619036,0.08329448329448327
2025-06-15,ARI,SDP,10.0,2.0,8.0,6.0,3.4,5.5,4.5,5.1,5.3,4.4,3.8,4.0,3.6,3.4,4.65,2025-06-15,Merrill Kelly,0.32286824769433464,0.07654413702239789,0.2848262032085561,Nick Pivetta,0.2583188405797101,0.0589151138716356,0.2003880266075388
2025-06-27,ARI,MIA,17.0,8.0,9.0,4.8,3.0,5.4,4.9,5.45,4.7,5.4,3.8,4.3,3.4,3.95,4.1,2025-06-27,Merrill Kelly,0.30007114624505926,0.07623978919631093,0.277183378636867,Eury P\xc3\xa9rez,0.2111111111111111,0.13040935672514617,0.160427807486631
2025-06-29,ARI,MIA,10.0,4.0,6.0,5.4,4.2,6.0,5.0,5.7,5.1,6.0,5.0,4.9,4.1,4.2,4.2,2025-06-29,Eduardo Rodr\xc3\xadguez,0.21645325688803946,0.07175027870680042,0.23676523297491037,Cal Quantrill,0.18640819964349373,0.0565151515151515,0.16051777364437206
2025-06-30,ARI,SFG,6.0,4.0,2.0,5.8,4.6,6.0,5.1,5.5,5.25,2.4,4.6,3.3,4.2,4.15,4.5,2025-06-30,Ryne Nelson,0.19088309007813647,0.10816158042164233,0.14957568772786162,Logan Webb,0.26761904761904753,0.048,0.21917927483144872
2025-07-01,ARI,SFG,10.0,8.0,2.0,4.6,5.0,6.3,4.5,5.6,5.3,2.4,4.6,3.3,4.2,4.1,4.6,2025-07-01,Anthony DeSclafani,0.21818181818181817,0.0606060606060606,0.23471081796563012,Hayden Birdsong,0.18727938727938723,0.11018981018981014,0.22067642881159774
2025-07-03,ARI,SFG,9.0,2.0,7.0,5.4,5.2,6.2,4.2,5.45,4.9,1.8,3.8,3.3,4.9,4.05,4.9,2025-07-03,Brandon Pfaadt,0.2102224288925056,0.058740215453770395,0.21384055533881313,Robbie Ray,0.2685878324573977,0.0681568721133938,0.2813108533102275
2025-07-04,ARI,KCR,12.0,3.0,9.0,5.2,5.2,5.0,4.1,5.5,4.6,2.8,3.8,2.8,4.1,2.95,3.65,2025-07-04,Eduardo Rodr\xc3\xadguez,0.22645325688803947,0.06675027870680042,0.24805555555555553,Kris Bubic,0.2539322106827827,0.0786272630666223,0.25400278001972915
2025-07-05,ARI,KCR,8.0,7.0,1.0,4.2,5.2,4.8,4.7,5.55,4.85,4.4,3.4,3.6,3.9,3.4,3.75,2025-07-05,Ryne Nelson,0.23588309007813651,0.10816158042164233,0.17572953388170776,Michael Wacha,0.19419254658385088,0.06375109270761442,0.2545586574252342
2025-07-06,ARI,KCR,4.0,0.0,4.0,4.8,4.2,5.3,4.4,5.4,4.75,4.2,3.6,3.7,4.3,3.25,3.8,2025-07-06,Anthony DeSclafani,0.23506493506493503,0.04545454545454545,0.21449465193576106,Michael Lorenzen,0.21796491228070175,0.06804761904761905,0.18430029981362933
2025-07-18,ARI,STL,10.0,7.0,3.0,5.2,4.6,4.2,4.1,4.6,4.1,5.2,5.2,4.1,6.1,3.95,4.95,2025-07-18,Brandon Pfaadt,0.24593111236589493,0.042877470355731195,0.20368499161182085,Andre Pallante,0.15898090637221068,0.0717138256268691,0.22187925487477558
2025-07-19,ARI,STL,11.0,10.0,1.0,5.0,4.8,4.6,3.5,4.7,4.1,5.4,5.0,4.4,6.3,4.05,5.1,2025-07-19,Ryne Nelson,0.22277511961722488,0.08794258373205739,0.15970805536022922,Sonny Gray,0.3175238095238095,0.03704761904761904,0.2755601420069186
2025-07-20,ARI,STL,8.0,5.0,3.0,6.4,4.2,4.9,3.5,5.1,3.95,4.0,6.8,4.2,6.2,3.7,5.5,2025-07-20,Merrill Kelly,0.23788699172680863,0.09787783840873081,0.23593797616966,Miles Mikolas,0.25690476190476186,0.038333333333333316,0.22834385691528544
2025-07-21,ARI,HOU,9.0,3.0,6.0,6.4,3.6,5.4,3.4,4.85,4.1,3.6,5.0,5.8,4.5,4.75,4.3,2025-07-21,Zac Gallen,0.23412820512820515,0.04035897435897432,0.2266077014241029,Colton Gordon,0.15543859649122804,0.07233333333333332,0.14572586328400278
2025-07-22,ARI,HOU,4.0,1.0,3.0,6.0,2.8,5.1,3.7,4.8,4.35,4.4,4.8,5.8,4.1,5.0,4.0,2025-07-22,Eduardo Rodr\xc3\xadguez,0.24053917097395355,0.06814888010540184,0.22972302854378324,Framber Valdez,0.22509991158267023,0.09633345964380445,0.17601540616246497
2025-07-23,ARI,HOU,7.0,3.0,4.0,5.2,3.2,5.2,3.9,4.7,4.15,4.4,3.6,4.3,4.1,4.75,3.7,2025-07-23,Brandon Pfaadt,0.265998001998002,0.03418181818181816,0.21384372177055103,Brandon Walter,0.24623188405797097,0.01619047619047618,0.2296575255072395
2025-08-04,ARI,SDP,8.0,6.0,2.0,3.6,6.0,2.3,5.0,3.7,4.35,5.6,2.6,5.4,3.4,4.6,3.0,2025-08-04,Brandon Pfaadt,0.20439194139194133,0.03266666666666666,0.18496779388083734,JP Sears,0.3007286331771457,0.06643892339544513,0.21247676658006648
2025-08-08,ARI,COL,7.0,6.0,1.0,4.4,3.2,2.7,4.8,3.7,4.45,3.8,11.8,4.9,10.1,4.65,7.95,2025-08-08,Zac Gallen,0.20737606837606837,0.040025641025641004,0.21568342439950805,Austin Gomber,0.18138528138528132,0.06580086580086575,0.17838031477566357
2025-08-09,ARI,COL,11.0,6.0,5.0,5.4,2.4,3.3,4.7,3.85,4.3,2.4,12.0,4.9,10.2,4.55,8.05,2025-08-09,Eduardo Rodr\xc3\xadguez,0.18385640124770555,0.07221490264968522,0.1780671731554421,Bradley Blalock,0.0899313649313649,0.05370989718815804,0.1370625065768704
2025-08-10,ARI,COL,19.0,13.0,6.0,5.2,3.0,3.9,4.6,3.9,4.25,2.4,11.4,4.6,10.2,4.7,8.15,2025-08-10,Brandon Pfaadt,0.1711611721611721,0.03974358974358972,0.17499628390932737,Tanner Gordon,0.10935672514619879,0.06271929824561402,0.12566475566475563
2025-08-18,ARI,CLE,4.0,1.0,3.0,5.8,5.2,5.9,4.3,4.35,4.6,3.6,6.8,4.2,5.0,4.4,4.35,2025-08-18,Zac Gallen,0.16707172054998143,0.05808361204013376,0.17134456917246169,Gavin Williams,0.26789027942604376,0.08005673031970365,0.23688833476699842
2025-08-19,ARI,CLE,11.0,6.0,5.0,4.8,5.0,5.8,4.3,4.25,4.55,3.4,4.4,4.1,5.0,4.4,4.3,2025-08-19,Eduardo Rodr\xc3\xadguez,0.16199677938808368,0.10756843800322055,0.16544970776715362,Tanner Bibee,0.24081844081844084,0.08076923076923073,0.21079734219269097
2025-08-24,ARI,CIN,7.0,1.0,6.0,5.8,5.0,6.2,4.3,5.05,4.45,4.0,5.4,5.1,4.1,3.9,3.9,2025-08-24,Zac Gallen,0.14700483091787442,0.050391304347826085,0.15104315073274538,Brady Singer,0.26232521102086315,0.06317885013537183,0.23411125575933936
2025-09-02,ARI,TEX,8.0,5.0,3.0,4.4,2.4,5.2,4.0,5.5,4.15,10.0,3.4,7.3,3.0,5.55,4.1,2025-09-02,Nabil Crismatt,0.18258609486679656,0.08252111760883686,0.26319444444444445,Jacob Latz,0.15406162464985992,0.20366946778711484,0.20001368363437325
2025-09-03,ARI,TEX,2.0,2.0,0.0,4.8,2.6,5.1,3.8,5.45,4.25,9.2,3.8,7.2,2.9,5.6,4.2,2025-09-03,Zac Gallen,0.21837944664031622,0.07835968379446638,0.16017802207258564,Jack Leiter,0.25785669999224986,0.1119073083778966,0.24244356527326333
2025-09-06,ARI,BOS,6.0,5.0,1.0,5.4,2.8,5.2,3.6,5.1,3.95,5.6,6.2,4.4,4.9,4.25,4.2,2025-09-06,Brandon Pfaadt,0.17452395099453916,0.035670429788076816,0.16933621574784175,Lucas Giolito,0.18457308719377682,0.12957668640427258,0.22095544261569788
2025-09-07,ARI,BOS,11.0,4.0,7.0,5.2,2.8,5.2,3.0,5.2,3.9,4.8,6.8,4.0,5.4,4.25,4.25,2025-09-07,Ryne Nelson,0.21876006441223833,0.0253623188405797,0.21848804569999297,Brayan Bello,0.19392270531400962,0.06510305958132043,0.19889455782312923
2025-09-15,ARI,SFG,9.0,8.0,1.0,5.4,6.4,5.3,4.8,5.25,4.4,5.6,7.2,5.8,5.7,6.55,4.85,2025-09-15,Zac Gallen,0.22357268335529207,0.06652393500219585,0.1668584455058619,Kai-Wei Teng,0.24238046095631233,0.14217406260749912,0.2664416865896977
2025-09-19,ARI,PHI,10.0,2.0,8.0,6.6,4.4,6.0,5.1,5.15,4.4,5.6,5.8,5.9,4.4,5.7,4.15,2025-09-19,Ryne Nelson,0.20031055900621114,0.08002070393374738,0.1979592990842898,Taijuan Walker,0.13283298826777087,0.083695652173913,0.14110254625372204
2025-09-20,ARI,PHI,7.0,4.0,3.0,6.0,5.4,5.2,5.4,5.2,4.5,5.6,5.8,6.3,4.1,5.85,3.95,2025-09-20,Zac Gallen,0.2546285839764101,0.07604774452600536,0.2028649921507064,Aaron Nola,0.23343123543123542,0.07554079254079252,0.2328095238095238
2025-09-21,ARI,PHI,11.0,9.0,2.0,5.2,4.2,5.1,5.6,5.15,4.3,4.6,5.4,6.5,4.5,6.0,3.85,2025-09-21,Eduardo Rodr\xc3\xadguez,0.1519668737060041,0.0910973084886128,0.17757417379368595,Ranger Suarez,0.2938052237617455,0.06865169612995699,0.24199109326044307
2025-09-23,ARI,LAD,9.0,5.0,4.0,5.8,3.8,5.6,5.1,5.2,3.95,4.2,2.4,6.6,3.2,4.7,3.55,2025-09-23,Brandon Pfaadt,0.21902852049910876,0.03708938120702824,0.19442259704540318,Shohei Ohtani,0.3275877192982456,0.04688596491228068,0.2607735441164683
2025-09-25,ARI,LAD,8.0,0.0,8.0,5.2,4.4,5.6,4.4,5.3,4.05,4.0,3.4,6.3,3.5,4.9,3.65,2025-09-25,Nabil Crismatt,0.1912433862433862,0.02685185185185182,0.22420383963862225,Yoshinobu Yamamoto,0.35419536984754374,0.09491812535290794,0.3353706044551848
2025-04-25,ATH,CHW,11.0,6.0,5.0,3.6,5.6,4.4,4.5,4.45,5.75,3.6,5.6,2.6,5.6,3.1,4.95,2025-04-25,Luis Severino,0.16895420543696402,0.07128571428571429,0.1412363878357667,Tyler Gilbert,0.22142857142857142,0.07142857142857142,0.13439685314685312
2025-04-26,ATH,CHW,13.0,3.0,10.0,4.2,6.4,5.0,4.2,4.6,5.1,4.0,4.8,2.8,6.0,2.9,5.25,2025-04-26,Jeffrey Springs,0.2239598997493734,0.1478195488721804,0.25416819868647106,Tyler Gilbert,0.3464285714285714,0.07142857142857142,0.23439685314685313
2025-05-06,ATH,SEA,8.0,3.0,5.0,5.0,2.6,4.2,4.7,4.25,4.5,6.0,3.2,6.7,3.8,5.8,3.9,2025-05-06,Jeffrey Springs,0.1447619047619047,0.11999999999999995,0.19045160038948855,Emerson Hancock,0.15711433756805804,0.0650191570881226,0.16435536980749743
2025-05-09,ATH,NYY,12.0,2.0,10.0,4.6,4.6,4.0,5.0,4.5,4.6,5.0,3.4,6.3,3.2,4.95,2.75,2025-05-09,Osvaldo Bido,0.1051771336553945,0.06870443566095738,0.17617153532047145,Will Warren,0.25025191183085915,0.11635177687809264,0.21391234779212676
2025-05-10,ATH,NYY,18.0,11.0,7.0,3.8,6.4,3.9,5.0,4.0,4.95,6.4,3.8,6.2,3.2,5.25,2.8,2025-05-10,JP Sears,0.21198004893657063,0.0357142857142857,0.14711613197818593,Carlos Rod\xc3\xb3n,0.3154186795491143,0.09354152288934892,0.2717269819014005
2025-05-11,ATH,NYY,14.0,2.0,12.0,4.8,6.0,4.8,5.6,4.4,5.25,7.4,5.4,6.4,4.2,5.4,3.25,2025-05-11,Luis Severino,0.18520227920227916,0.08010256410256408,0.14212707670554964,Ryan Yarbrough,0.1454395604395604,0.08717032967032966,0.22468159859464204
2025-05-19,ATH,LAA,7.0,3.0,4.0,3.8,8.2,4.2,8.1,4.2,6.4,5.6,5.2,5.1,5.2,4.1,5.85,2025-05-19,J.T. Ginn,0.23695652173913043,0.09565217391304348,0.20306580404499616,Jos\xc3\xa9 Soriano,0.18208039947170376,0.1088732523515132,0.2581723860843259
2025-05-20,ATH,LAA,12.0,5.0,7.0,2.2,8.8,4.2,8.0,4.15,6.45,5.6,4.6,5.0,4.7,4.25,5.75,2025-05-20,Gunnar Hoglund,0.21818181818181817,0.05515151515151514,0.2704565030146426,Kyle Hendricks,0.13965587044534408,0.10596491228070173,0.12593122879650392
2025-05-21,ATH,LAA,15.0,5.0,10.0,2.6,8.4,4.2,8.1,4.1,6.55,6.8,4.6,5.6,4.8,4.6,5.75,2025-05-21,JP Sears,0.18769433465085636,0.04809523809523808,0.17319315875920588,Jack Kochanowicz,0.15363210702341135,0.12294314381270902,0.1884968453827875
2025-05-22,ATH,LAA,15.0,5.0,10.0,3.2,6.6,4.5,8.1,4.2,6.55,7.6,5.2,6.1,5.1,4.95,5.75,2025-05-22,Luis Severino,0.18793979933110364,0.08046488294314377,0.15834688346883463,Tyler Anderson,0.1804223393353828,0.02509090909090908,0.2456117593879225
2025-05-23,ATH,PHI,7.0,3.0,4.0,4.0,6.8,3.9,8.4,4.35,7.0,5.6,2.4,5.2,3.6,5.15,3.15,2025-05-23,Jacob Lopez,0.19791666666666666,0.1388888888888889,0.17788461538461536,Zack Wheeler,0.31999470899470894,0.048931216931216916,0.2599081870510442
2025-05-25,ATH,PHI,9.0,5.0,4.0,4.2,7.0,4.0,7.6,4.4,6.45,6.2,3.0,5.4,3.6,5.0,3.0,2025-05-25,Gunnar Hoglund,0.22045454545454543,0.06409090909090907,0.26344843786704253,Jes\xc3\xbas Luzardo,0.25418357487922705,0.09029307568438,0.2681371819669692
2025-06-02,ATH,MIN,14.0,4.0,10.0,4.2,8.8,4.0,8.3,4.1,8.2,2.4,4.0,3.1,3.6,4.05,2.8,2025-06-02,Luis Severino,0.17060646599777032,0.07213154960981047,0.16775413711583922,Joe Ryan,0.3022567783094099,0.04681020733652308,0.23437297996121523
2025-06-03,ATH,MIN,13.0,3.0,10.0,4.4,9.8,3.9,8.3,4.2,8.2,3.4,4.0,3.4,4.0,4.3,2.8,2025-06-03,Osvaldo Bido,0.14299764647590732,0.108331475287997,0.17565871480765097,Pablo L\xc3\xb3pez,0.28931617175095437,0.06268423364075536,0.2739743155395329
2025-06-04,ATH,MIN,7.0,1.0,6.0,5.0,9.4,3.7,8.3,3.8,8.35,5.0,3.2,4.2,3.8,4.35,2.9,2025-06-04,Jeffrey Springs,0.18061183261183258,0.11513419913419913,0.23679806559849165,Zebby Matthews,0.3511256354393609,0.08968772694262887,0.25555555555555554
2025-06-05,ATH,MIN,17.0,14.0,3.0,3.8,8.4,3.5,8.5,3.75,8.05,5.4,3.0,4.2,3.4,4.4,2.85,2025-06-05,Sean Newcomb,0.10190476190476187,0.14539682539682536,0.16315521423880552,David Festa,0.2680311890838206,0.09064327485380114,0.2286324786324786
2025-06-06,ATH,BAL,9.0,5.0,4.0,5.2,7.4,4.4,8.4,3.9,8.15,3.8,2.0,3.9,2.7,3.7,4.95,2025-06-06,JP Sears,0.13062676453980798,0.04809523809523808,0.14043270216154,Dean Kremer,0.22955183946488286,0.07084949832775918,0.22738959931798802
2025-06-07,ATH,BAL,11.0,4.0,7.0,5.4,6.6,4.8,7.7,4.0,7.9,3.8,2.6,3.8,3.1,3.75,4.9,2025-06-07,Luis Severino,0.139287784679089,0.04850517598343684,0.1707171000788022,Charlie Morton,0.3,0.052976190476190455,0.24412655971479497
2025-06-08,ATH,BAL,6.0,5.0,1.0,5.4,6.0,4.9,7.9,4.1,7.3,4.6,3.0,4.0,3.3,3.8,4.7,2025-06-08,Sean Newcomb,0.0841269841269841,0.16984126984126982,0.1670767828662565,Tomoyuki Sugano,0.154,0.02433333333333332,0.14033584207922076
2025-06-16,ATH,HOU,4.0,3.0,1.0,4.4,3.8,5.1,4.0,4.4,6.15,5.8,2.8,4.6,2.5,4.5,3.5,2025-06-16,J.T. Ginn,0.27493961352657004,0.07173913043478261,0.22637342710782118,Ryan Gusto,0.223022629036359,0.15697025171624712,0.21842607313195547
2025-06-17,ATH,HOU,16.0,3.0,13.0,4.2,2.6,5.3,3.5,4.4,6.0,5.6,2.6,4.4,2.8,4.1,3.55,2025-06-17,Sean Newcomb,0.1341269841269841,0.12539682539682534,0.1637434495329232,Jason Alexander,0.3055555555555555,0.08055555555555555,0.3384615384615384
2025-06-18,ATH,HOU,15.0,4.0,11.0,3.8,4.0,4.2,4.5,4.3,6.45,6.2,2.8,5.7,2.8,4.6,3.45,2025-06-18,Luis Severino,0.1215238095238095,0.06504761904761902,0.14255502409881426,Framber Valdez,0.3377832512315271,0.0758013136288998,0.2835795148247978
2025-06-20,ATH,CLE,6.0,5.0,1.0,3.4,5.4,4.1,5.2,4.45,6.45,2.2,3.2,3.2,3.5,3.3,3.85,2025-06-20,Jeffrey Springs,0.20540740740740734,0.09748148148148147,0.26197891963109354,Tanner Bibee,0.24711036789297655,0.06686287625418058,0.24797342192691024
2025-06-21,ATH,CLE,6.0,2.0,4.0,3.6,5.6,4.2,4.6,4.55,6.25,1.8,3.4,2.9,3.8,3.25,3.75,2025-06-21,Sean Newcomb,0.16388888888888886,0.11111111111111108,0.13476190476190472,Luis Ortiz,0.21190041342964877,0.1332043848205767,0.24880382775119614
2025-06-22,ATH,CLE,3.0,0.0,3.0,3.4,6.0,3.9,4.9,4.65,5.85,2.6,2.6,2.9,3.3,3.2,3.4,2025-06-22,JP Sears,0.15406926406926408,0.06837548416495783,0.1586446886446886,Slade Cecconi,0.2347193675889328,0.08845059288537546,0.2787508626639061
2025-07-04,ATH,SFG,13.0,11.0,2.0,4.6,5.0,3.2,5.1,3.7,4.85,2.6,4.0,3.5,4.4,4.2,4.85,2025-07-04,JP Sears,0.19884622623753057,0.10481440756040294,0.21869505494505495,Justin Verlander,0.17227846227846222,0.09140674140674138,0.19557455540355675
2025-07-05,ATH,SFG,9.0,2.0,7.0,6.8,4.8,4.1,4.9,4.0,4.9,3.0,6.0,3.4,5.3,4.0,5.15,2025-07-05,Luis Severino,0.12632034632034628,0.08551082251082245,0.11061200630628946,Logan Webb,0.2776190476190476,0.05514285714285714,0.21708587708587707
2025-07-06,ATH,SFG,8.0,2.0,6.0,5.8,6.2,4.3,5.3,3.9,4.9,4.0,5.4,3.2,5.0,3.85,4.9,2025-07-06,Sean Newcomb,0.21017316017316015,0.0,0.14107142857142854,Hayden Birdsong,0.20281823439718175,0.15229507334770487,0.21761259902436372
2025-07-08,ATH,ATL,11.0,10.0,1.0,5.2,5.0,4.1,4.8,3.75,4.9,2.4,3.4,2.2,4.4,3.65,3.85,2025-07-08,Jeffrey Springs,0.19442224442224437,0.054012654012653996,0.24305477525050317,Didier Fuentes,0.1731078904991948,0.07004830917874394,0.20278976229728618
2025-07-09,ATH,ATL,11.0,2.0,9.0,6.0,4.4,4.8,4.9,3.95,4.75,2.6,4.6,2.0,4.7,3.1,4.15,2025-07-09,Mitch Spence,0.1783371472158657,0.04430641821946167,0.1984979170333861,Bryce Elder,0.19565580618212192,0.1003063213589529,0.17984879258026135
2025-07-11,ATH,TOR,13.0,6.0,7.0,5.4,5.0,5.0,5.0,3.85,5.2,6.2,4.4,6.3,4.9,5.65,4.75,2025-07-11,Luis Severino,0.10878787878787877,0.07512121212121207,0.0995868612385912,Max Scherzer,0.21803561935140878,0.07356459330143537,0.19220908089753586
2025-07-12,ATH,TOR,7.0,4.0,3.0,4.4,6.0,5.6,5.4,4.0,5.45,5.4,3.8,6.1,5.5,5.9,4.9,2025-07-12,Sean Newcomb,0.3738095238095238,0.05,0.2774603174603174,Kevin Gausman,0.23049350649350644,0.12272871572871571,0.27515873015873016
2025-07-13,ATH,TOR,9.0,6.0,3.0,4.8,5.2,5.3,5.7,4.05,5.55,4.4,3.6,6.3,4.4,5.85,4.55,2025-07-13,Jeffrey Springs,0.14442224442224436,0.06234598734598731,0.19562620382193174,Chris Bassitt,0.2090921748816485,0.08998886104149258,0.19804621848739493
2025-07-29,ATH,SEA,7.0,6.0,1.0,6.6,2.0,4.8,3.5,5.1,4.35,3.4,3.8,3.5,4.1,4.35,4.05,2025-07-29,Luis Severino,0.2087878787878788,0.08212121212121211,0.1433939633081412,Logan Evans,0.16242236024844714,0.09156314699792956,0.20052337209898657
2025-07-30,ATH,SEA,9.0,5.0,4.0,6.8,1.8,4.6,3.4,5.15,4.1,3.2,3.0,2.8,4.3,4.25,4.05,2025-07-30,Jeffrey Springs,0.18005834744965174,0.044696969696969666,0.193575662040415,Bryan Woo,0.28071906354515047,0.07441694537346709,0.2683352641599322
2025-08-01,ATH,ARI,6.0,5.0,1.0,4.8,2.0,4.9,3.0,4.85,4.2,1.0,6.4,2.7,4.9,3.65,4.2,2025-08-01,Sean Newcomb,0.35,0.03333333333333332,0.18144796380090494,Anthony DeSclafani,0.2651669898728722,0.0287179487179487,0.26130529314739837
2025-08-02,ATH,ARI,9.0,2.0,7.0,4.8,2.0,5.2,2.4,5.0,3.9,1.2,7.0,1.8,5.3,3.35,4.4,2025-08-02,J.T. Ginn,0.27658376711008287,0.025910931174089057,0.27957297957297955,Zac Gallen,0.2651538461538462,0.040025641025641004,0.2348863229502327
2025-08-03,ATH,ARI,10.0,4.0,6.0,3.8,3.2,5.2,2.5,5.0,3.95,2.6,6.2,2.0,5.2,3.7,4.3,2025-08-03,Sean Newcomb,0.3333333333333333,0.08333333333333333,0.18615384615384611,Eduardo Rodr\xc3\xadguez,0.19037814037814033,0.0711279461279461,0.2036769292530031
2025-08-11,ATH,TBR,11.0,4.0,7.0,4.6,2.0,5.5,3.5,5.05,3.45,4.2,4.6,3.0,4.3,3.35,4.85,2025-08-11,Jeffrey Springs,0.2463262900333838,0.01861471861471861,0.2290551348475654,Ryan Pepiot,0.22826915113871635,0.09529606625258795,0.18542196860084598
2025-08-12,ATH,TBR,6.0,6.0,0.0,5.2,3.0,5.4,3.8,5.15,3.4,4.2,4.8,3.3,4.0,3.5,4.9,2025-08-12,Jacob Lopez,0.26388881294144445,0.10747322852586005,0.22582662317936358,Shane Baz,0.26455502392344493,0.08941626794258371,0.21376622148362817
2025-08-13,ATH,TBR,10.0,2.0,8.0,5.2,3.0,5.5,3.7,5.35,3.05,3.2,5.2,3.3,4.1,3.35,4.95,2025-08-13,Sean Newcomb,0.39999999999999997,0.1,0.181025641025641,Drew Rasmussen,0.23137218045112778,0.051547619047619044,0.21140512522091467
2025-08-15,ATH,LAA,13.0,10.0,3.0,5.2,4.0,5.5,3.8,5.35,3.15,6.0,5.6,5.0,4.7,4.4,4.8,2025-08-15,Jack Perkins,0.18524064171122995,0.10074866310160427,0.2909919028340081,Yusei Kikuchi,0.26263808655113,0.07799736495388666,0.2198096160858647
2025-08-16,ATH,LAA,9.0,7.0,2.0,5.0,4.0,6.1,3.5,5.8,3.2,5.6,6.4,5.3,5.6,4.3,4.95,2025-08-16,Sean Newcomb,0.2899999999999999,0.1,0.16820512820512817,Tyler Anderson,0.15817303943619732,0.0795327635327635,0.2196043036561075
2025-08-25,ATH,DET,11.0,8.0,3.0,5.4,4.4,5.2,4.2,5.5,3.8,7.2,3.8,5.9,4.1,5.2,4.45,2025-08-25,Sean Newcomb,0.23166666666666663,0.0,0.19913419913419908,Tarik Skubal,0.29456376956376956,0.07413419913419912,0.30044062270879746
2025-08-27,ATH,DET,7.0,7.0,0.0,5.6,4.6,5.7,4.3,5.6,3.9,5.8,5.4,5.6,4.0,5.15,4.6,2025-08-27,Luis Morales,0.21144688644688642,0.14774114774114772,0.19349154135338342,Casey Mize,0.20600414078674945,0.08574327122153208,0.1990420396793331
2025-08-29,ATH,TEX,7.0,2.0,5.0,5.8,4.0,6.0,3.6,5.7,3.7,8.4,2.0,6.1,3.1,4.65,4.15,2025-08-29,Jeffrey Springs,0.2099820062977958,0.06371184371184369,0.27914463828006336,Jack Leiter,0.27320757718523225,0.126819589079651,0.2725456060895899
2025-08-30,ATH,TEX,12.0,3.0,9.0,4.6,4.4,5.6,4.1,5.55,3.9,7.4,2.4,6.3,2.9,4.8,4.25,2025-08-30,Sean Newcomb,0.24166666666666664,0.05,0.2158008658008658,Merrill Kelly,0.22086652477956825,0.06686287625418058,0.21740362811791378
2025-08-31,ATH,TEX,15.0,6.0,9.0,4.8,5.6,5.7,4.2,5.6,4.0,8.2,3.0,7.0,2.7,5.15,4.25,2025-08-31,J.T. Ginn,0.2660587238848108,0.10661773009599093,0.30899753351366255,Jacob deGrom,0.29693602693602694,0.063013468013468,0.25319998489682644
2025-09-08,ATH,BOS,7.0,0.0,7.0,6.4,3.8,6.1,4.5,5.9,4.4,5.0,6.8,4.4,5.6,4.5,4.4,2025-09-08,Luis Morales,0.2947227265488135,0.120666348144609,0.2476035235674158,Garrett Crochet,0.2797891737891738,0.02509971509971508,0.2155744958844689
2025-09-10,ATH,BOS,9.0,5.0,4.0,6.0,5.0,5.2,5.3,5.4,4.7,5.2,3.8,5.2,5.0,4.65,3.9,2025-09-10,Sean Newcomb,0.16857142857142854,0.09000000000000001,0.18047619047619043,Kyle Harrison,0.26584419274956356,0.061076604554865396,0.30235616513812
2025-09-12,ATH,CIN,3.0,3.0,0.0,5.0,5.0,5.4,4.8,5.55,4.5,3.8,2.6,5.1,5.0,4.45,4.8,2025-09-12,Sean Newcomb,0.11857142857142855,0.09000000000000001,0.13871794871794868,Brady Singer,0.2737826086956522,0.06569565217391304,0.2536970900930729
2025-09-13,ATH,CIN,16.0,11.0,5.0,2.2,4.2,5.1,3.9,5.2,4.35,3.0,2.2,4.9,4.9,4.05,4.95,2025-09-13,Luis Severino,0.27484848484848484,0.055772727272727265,0.20774654533198517,Nick Martinez,0.045,0.025,0.3261904761904762
2025-09-14,ATH,CIN,11.0,7.0,4.0,3.8,4.4,5.1,4.1,5.4,4.5,2.8,3.8,4.7,5.6,3.9,5.0,2025-09-14,Sean Newcomb,0.26857142857142857,0.04000000000000001,0.17760683760683757,Nick Lodolo,0.2726984126984127,0.02020202020202018,0.26881509342915366
2025-09-23,ATH,HOU,6.0,5.0,1.0,2.2,4.0,3.7,3.9,4.55,4.55,3.6,4.8,4.4,4.6,4.2,4.2,2025-09-23,Jeffrey Springs,0.1917831634422023,0.07733652312599679,0.23101914598482098,Cristian Javier,0.21969696969696964,0.12965367965367958,0.2083305583305583
2025-09-24,ATH,HOU,6.0,6.0,0.0,2.8,4.0,4.2,3.4,4.7,4.35,2.6,4.8,4.5,4.5,4.15,4.45,2025-09-24,Luis Severino,0.19602766798418972,0.06331554677206849,0.16668587434973986,Hunter Brown,0.24228874024526198,0.07308026755852842,0.25217681507955064
2025-09-25,ATH,HOU,16.0,5.0,11.0,3.0,3.4,4.3,3.0,4.85,3.9,1.6,5.6,3.4,4.8,4.1,4.55,2025-09-25,J.T. Ginn,0.26056521739130434,0.07302898550724637,0.31522905665762807,Framber Valdez,0.19585284280936455,0.10014158305462648,0.2164781881744946
2025-09-26,ATH,KCR,7.0,4.0,3.0,3.2,5.0,4.5,4.1,4.8,4.0,5.2,4.0,6.8,4.3,5.1,4.4,2025-09-26,Mason Barnett,0.1757723112128146,0.1063215102974828,0.21164264910900377,Noah Cameron,0.20699300699300696,0.07045454545454542,0.2528921568627451
2025-09-27,ATH,KCR,6.0,2.0,4.0,4.0,5.2,3.8,3.9,4.45,4.0,5.4,4.6,6.1,4.4,5.05,4.45,2025-09-27,Luis Morales,0.19479465462074158,0.06840127987954074,0.22553152274082505,Michael Wacha,0.15014492753623185,0.04405797101449273,0.13921059951589393
2025-04-23,ATL,STL,5.0,4.0,1.0,5.4,5.0,4.7,5.0,3.85,4.5,4.8,5.2,4.4,3.6,5.15,4.65,2025-04-23,Bryce Elder,0.15177224736048264,0.08088235294117646,0.19146108763799918,Miles Mikolas,0.1369047619047619,0.08630952380952381,0.1420133907221425
2025-05-02,ATL,LAD,3.0,1.0,2.0,5.4,3.0,5.2,3.7,4.55,4.25,8.8,3.6,6.5,3.6,5.15,4.45,2025-05-02,Grant Holmes,0.21268556005398107,0.15536437246963558,0.19102382056598838,Yoshinobu Yamamoto,0.340030303030303,0.08878787878787876,0.2868511794348437
2025-05-03,ATL,LAD,13.0,3.0,10.0,4.0,3.0,4.9,3.6,4.6,4.15,9.2,3.2,5.9,3.0,5.1,4.45,2025-05-03,Spencer Schwellenbach,0.22249721293199548,0.03308361204013376,0.2546509558358315,Roki Sasaki,0.17866055513114332,0.15318309141838551,0.22476841676841675
2025-05-04,ATL,LAD,7.0,4.0,3.0,3.8,3.8,4.6,4.4,4.4,4.4,9.6,3.0,6.6,3.3,5.25,4.2,2025-05-04,Bryce Elder,0.1390633484162896,0.08852941176470588,0.16953130723745413,Dustin May,0.20261279461279455,0.1068282828282828,0.2155873122516486
2025-05-05,ATL,CIN,4.0,4.0,0.0,3.4,3.8,4.3,4.1,4.45,4.35,4.6,5.2,4.8,4.5,5.8,4.1,2025-05-05,AJ Smith-Shawver,0.25569358178053825,0.1040372670807453,0.30152086475615886,Brady Singer,0.24963428333680046,0.0929386311628874,0.23227735331963495
2025-05-07,ATL,CIN,7.0,3.0,4.0,2.6,3.4,4.3,3.1,4.5,4.05,4.4,4.2,4.0,4.2,5.55,4.2,2025-05-07,Grant Holmes,0.2593674822507774,0.13065041365956692,0.21969017082702305,Hunter Greene,0.32702412923805113,0.05401939599732466,0.2803472876564813
2025-05-12,ATL,WSN,7.0,4.0,3.0,3.2,2.8,3.5,3.3,4.1,3.8,2.0,7.4,4.0,6.1,3.95,5.75,2025-05-12,Grant Holmes,0.2396878483835005,0.09724080267558526,0.23060616513172166,Jake Irvin,0.16968360264312288,0.062184019101560295,0.1967852248080582
2025-05-14,ATL,WSN,9.0,4.0,5.0,3.4,3.2,3.0,3.3,4.35,3.6,1.6,5.8,4.0,6.2,3.8,6.05,2025-05-14,Bryce Elder,0.20287012987012987,0.08404761904761904,0.17756346627314368,Mitchell Parker,0.13677248677248674,0.1187525437525437,0.1904621242436368
2025-05-15,ATL,WSN,7.0,5.0,2.0,3.6,3.4,3.3,3.6,4.25,3.65,2.6,4.6,3.4,6.0,3.85,6.1,2025-05-15,AJ Smith-Shawver,0.26050724637681155,0.0998964803312629,0.23182275241098765,Trevor Williams,0.19809031548161976,0.07813056508708678,0.1966896439855082
2025-05-23,ATL,SDP,3.0,1.0,2.0,5.6,4.0,4.6,3.7,4.4,3.55,0.6,6.4,4.3,5.5,4.65,4.95,2025-05-23,Chris Sale,0.3085899285899286,0.06266696266696263,0.3158967541077137,Nick Pivetta,0.28739393939393937,0.08916017316017313,0.24015220979277457
2025-05-25,ATL,SDP,8.0,3.0,5.0,5.4,3.8,4.9,3.3,4.2,3.3,0.8,6.2,2.2,5.4,4.65,4.95,2025-05-25,Spencer Schwellenbach,0.18007379094335613,0.05656509352161522,0.2438395638070788,Dylan Cease,0.2905072463768116,0.10111594202898547,0.3539357225324568
2025-05-30,ATL,BOS,6.0,1.0,5.0,4.6,3.2,4.7,3.6,4.2,3.6,4.8,4.0,4.2,4.1,4.35,4.15,2025-05-30,Grant Holmes,0.23636258793680076,0.07244839118902083,0.2657936609348569,Lucas Giolito,0.19195245334375763,0.06778589526415613,0.1619556498867158
2025-05-31,ATL,BOS,5.0,5.0,0.0,3.4,4.0,4.4,3.9,4.1,3.35,5.6,3.2,4.5,3.8,4.3,4.15,2025-05-31,Spencer Schwellenbach,0.21249137336093854,0.04887278582930754,0.23991249508337614,Walker Buehler,0.22923809523809524,0.0987936507936508,0.18687594818531914
2025-06-01,ATL,BOS,4.0,1.0,3.0,3.8,3.0,4.3,3.2,4.15,3.2,1.8,3.2,3.8,3.7,4.15,4.2,2025-06-01,Bryce Elder,0.20644155844155843,0.06857142857142856,0.18358312229279972,Garrett Crochet,0.30518444518444515,0.049187109187109154,0.26866131021153755
2025-06-03,ATL,ARI,11.0,3.0,8.0,4.0,3.2,3.4,3.1,4.0,3.35,4.8,8.0,4.1,5.7,5.1,5.8,2025-06-03,Spencer Strider,0.23111946532999159,0.10008354218880533,0.2744107744107744,Zac Gallen,0.18237037037037035,0.1038148148148148,0.20893150776871705
2025-06-04,ATL,ARI,3.0,1.0,2.0,3.8,3.8,3.4,3.4,4.0,3.55,5.2,6.8,4.8,5.7,4.95,5.25,2025-06-04,Chris Sale,0.30504680504680504,0.07717745217745214,0.2907158225609084,Merrill Kelly,0.29507977207977204,0.04966666666666666,0.2679019607843137
2025-06-05,ATL,ARI,21.0,10.0,11.0,2.2,3.6,3.4,3.4,3.95,3.5,5.4,5.0,4.7,5.4,4.9,5.3,2025-06-05,Grant Holmes,0.2331017183715834,0.06339042017452809,0.24770642604089935,Brandon Pfaadt,0.11820353559483991,0.06943491291317375,0.16304195804195803
2025-06-13,ATL,COL,16.0,12.0,4.0,3.8,2.8,3.9,3.8,4.15,3.85,5.2,8.8,4.3,6.1,3.3,5.8,2025-06-13,Bryce Elder,0.2793304473304473,0.05257142857142856,0.21320217712193856,Germ\xc3\xa1n M\xc3\xa1rquez,0.16386013986013984,0.0657342657342657,0.2356346086346086
2025-06-14,ATL,COL,5.0,4.0,1.0,5.8,3.0,4.6,4.2,4.45,3.7,5.8,9.6,4.4,6.8,3.3,6.05,2025-06-14,Spencer Strider,0.2150353155616313,0.10223194349510138,0.2846930846930847,Chase Dollander,0.17125541125541122,0.1345743145743145,0.1963304563304563
2025-06-18,ATL,NYM,5.0,5.0,0.0,4.8,4.2,4.7,4.2,4.05,3.8,3.6,5.4,5.4,4.2,4.8,3.45,2025-06-18,Chris Sale,0.3327635327635327,0.09366096866096862,0.260454952995691,Paul Blackburn,0.1052631578947368,0.0350877192982456,0.15565565565565567
2025-06-19,ATL,NYM,8.0,7.0,1.0,5.6,3.4,5.1,4.0,4.25,3.7,2.6,6.4,4.8,4.6,4.8,3.6,2025-06-19,Spencer Strider,0.2855980861244019,0.10179904306220093,0.3256021756021756,Clay Holmes,0.1660233918128655,0.07005263157894737,0.23685051316630262
2025-06-27,ATL,PHI,13.0,0.0,13.0,3.2,4.4,3.8,3.9,4.35,3.95,2.4,3.4,3.6,3.2,3.85,3.4,2025-06-27,Bryce Elder,0.19813756613756608,0.06950264550264548,0.18008528090512102,Taijuan Walker,0.2066666666666667,0.0,0.29047619047619044
2025-06-28,ATL,PHI,7.0,6.0,1.0,2.6,6.0,3.7,4.2,4.2,4.2,4.2,1.2,4.4,3.0,4.45,3.3,2025-06-28,Spencer Schwellenbach,0.27289927396379005,0.03819943019943018,0.24622853968229969,Jes\xc3\xbas Luzardo,0.23562801932367144,0.08997584541062797,0.2514531828991759
2025-06-29,ATL,PHI,3.0,1.0,2.0,3.2,5.8,3.8,4.3,4.45,4.15,3.0,2.2,4.2,2.8,4.45,3.15,2025-06-29,Spencer Strider,0.33740259740259737,0.09770129870129865,0.35097283668712237,Ranger Suarez,0.214005698005698,0.04558404558404554,0.19251323118672467
2025-07-01,ATL,LAA,4.0,0.0,4.0,2.0,5.4,3.2,4.4,4.0,3.7,7.6,6.4,5.9,5.3,5.5,5.2,2025-07-01,Grant Holmes,0.34659420289855075,0.13442028985507243,0.343988081349052,Tyler Anderson,0.213010101010101,0.0804040404040404,0.2562925170068027
2025-07-03,ATL,LAA,6.0,1.0,5.0,3.0,4.6,3.1,4.5,4.15,3.7,5.8,5.4,6.0,5.0,5.4,5.1,2025-07-03,Bryce Elder,0.19061876914508488,0.10208409913673067,0.1683343995890223,Jos\xc3\xa9 Soriano,0.281003885003885,0.0919388759388759,0.3210297793993446
2025-07-04,ATL,BAL,5.0,2.0,3.0,3.2,3.0,2.9,4.5,3.85,3.9,6.4,7.2,4.5,5.9,4.8,4.85,2025-07-04,Spencer Strider,0.3296103896103896,0.1009480519480519,0.3317809174952032,Charlie Morton,0.2917027417027417,0.07929292929292928,0.2621995779181058
2025-07-06,ATL,BAL,3.0,1.0,2.0,2.4,3.4,2.8,4.6,3.9,3.85,2.6,6.0,4.3,5.8,4.8,4.7,2025-07-06,Grant Holmes,0.3732608695652174,0.13175362318840578,0.3828769702379409,Trevor Rogers,0.21734006734006728,0.08409090909090908,0.25046398948837967
2025-07-19,ATL,NYY,21.0,9.0,12.0,6.6,4.2,4.6,4.4,3.8,4.3,5.2,4.4,5.8,5.5,5.6,5.2,2025-07-19,Joey Wentz,0.2612121212121212,0.10666666666666666,0.26853155616313507,Will Warren,0.1862270531400966,0.12730135725787897,0.16856164610142574
2025-07-20,ATL,NYY,6.0,2.0,4.0,6.6,6.2,4.7,5.3,3.9,4.9,5.8,5.0,6.5,5.6,5.75,5.65,2025-07-20,Grant Holmes,0.2147826086956522,0.1350869565217391,0.3048549922159628,Marcus Stroman,0.1269514365624205,0.14713958810068645,0.16446544791278028
2025-07-21,ATL,SFG,14.0,9.0,5.0,5.8,6.0,4.8,5.2,3.85,4.85,3.6,5.4,3.8,4.8,3.6,5.05,2025-07-21,Bryce Elder,0.15504277936219857,0.10720287308309082,0.2214352384793757,Hayden Birdsong,0.20974464132358867,0.1501305711832027,0.25074250312200974
2025-07-23,ATL,SFG,12.0,3.0,9.0,5.4,6.6,5.4,6.1,3.8,5.25,4.6,5.4,3.9,5.3,3.75,5.05,2025-07-23,Spencer Strider,0.29771709771709765,0.11671106671106665,0.3306283372779536,Justin Verlander,0.1822515262515262,0.05824175824175822,0.21091503267973852
2025-08-04,ATL,MIL,4.0,1.0,3.0,4.6,5.8,4.0,6.4,4.35,5.85,10.0,5.4,7.6,4.7,6.6,3.55,2025-08-04,Erick Fedde,0.1025,0.1378846153846154,0.18856130969134063,Quinn Priester,0.2425213675213675,0.06353276353276349,0.22801815143920406
2025-08-05,ATL,MIL,9.0,2.0,7.0,4.6,4.8,3.9,6.3,4.35,5.75,8.8,5.0,6.9,4.6,6.3,3.55,2025-08-05,Joey Wentz,0.3288744588744589,0.05838383838383835,0.27122636135794026,Freddy Peralta,0.2620417843026538,0.09905966497270843,0.25883045525902665
2025-08-06,ATL,MIL,9.0,4.0,5.0,3.0,4.8,3.2,6.5,4.35,5.95,9.6,3.4,7.5,4.3,6.5,3.6,2025-08-06,Spencer Strider,0.27528852628852624,0.09818725718725715,0.2831725630779934,Jose Quintana,0.1568322981366459,0.06739130434782606,0.13498434458186775
2025-08-07,ATL,MIA,14.0,8.0,6.0,2.6,4.0,3.6,6.1,4.5,6.1,4.0,4.4,4.3,4.4,4.45,3.5,2025-08-07,Carlos Carrasco,0.16364522417153995,0.06920077972709548,0.24727838610191544,Eury P\xc3\xa9rez,0.29433409727527365,0.06580086580086578,0.26886967398102074
2025-08-08,ATL,MIA,6.0,1.0,5.0,3.8,4.6,4.1,5.8,4.85,5.9,4.8,6.0,4.7,4.9,4.65,3.65,2025-08-08,Bryce Elder,0.1648918464744236,0.10322403710425485,0.2453369543891845,Edward Cabrera,0.24787761674718195,0.033523809523809525,0.29273712737127366
2025-08-09,ATL,MIA,8.0,7.0,1.0,3.2,5.2,3.9,5.5,4.45,6.05,4.4,5.6,5.1,4.3,4.6,3.7,2025-08-09,Erick Fedde,0.1025,0.14154761904761906,0.1870575502928444,Sandy Alcantara,0.15128975746086543,0.06579227224388512,0.16875588516407658
2025-08-10,ATL,MIA,8.0,7.0,1.0,5.6,4.6,4.3,4.7,4.55,5.85,4.8,5.6,5.1,5.8,4.25,4.35,2025-08-10,Joey Wentz,0.30387445887445885,0.06671717171717166,0.2793071694387483,Cal Quantrill,0.16747793726741092,0.05309090909090908,0.20132075995077567
2025-08-18,ATL,CHW,22.0,9.0,13.0,6.4,2.8,6.0,4.0,5.05,4.9,2.8,4.4,3.3,4.8,4.15,4.7,2025-08-18,Spencer Strider,0.22124242424242418,0.09445454545454544,0.2144966425552876,Yoendrys G\xc3\xb3mez,0.20523809523809522,0.10523809523809521,0.284247757073844
2025-08-19,ATL,CHW,21.0,11.0,10.0,6.0,4.2,6.8,4.8,5.35,5.15,3.6,5.0,4.0,4.9,4.2,4.9,2025-08-19,Bryce Elder,0.14795501574448938,0.10430469335732488,0.187032173456898,Tyler Alexander,0.23869047619047618,0.05678571428571426,0.22747217661010763
2025-08-20,ATL,CHW,1.0,1.0,0.0,7.4,5.6,7.2,5.7,5.85,5.25,5.6,7.0,4.5,5.1,4.65,5.15,2025-08-20,Hurston Waldrep,0.25757575757575757,0.07575757575757573,0.2617767537122376,Mart\xc3\xadn P\xc3\xa9rez,0.21610389610389608,0.13370129870129865,0.2069437229437229
2025-08-23,ATL,NYM,11.0,2.0,9.0,6.6,7.8,6.5,6.2,5.45,5.05,6.8,5.0,6.8,5.7,5.3,5.9,2025-08-23,Cal Quantrill,0.12282539682539681,0.053523809523809515,0.1740715077605321,Clay Holmes,0.18530075187969924,0.09624060150375939,0.19300728423666952
2025-08-24,ATL,NYM,7.0,4.0,3.0,6.0,8.8,6.2,5.8,5.45,5.35,7.2,4.8,6.4,5.4,5.45,5.65,2025-08-24,Bryce Elder,0.1649550157444894,0.09697136002399155,0.20250836393308852,David Peterson,0.24417663817663815,0.11315099715099712,0.2514085397806328
2025-09-05,ATL,SEA,5.0,4.0,1.0,3.2,5.4,4.6,4.4,5.55,5.3,3.6,6.2,5.2,5.6,4.5,5.75,2025-09-05,Chris Sale,0.35453551078551077,0.08635785510785507,0.24353688141923432,Logan Gilbert,0.29168906455862975,0.07248221343873515,0.2787628999667303
2025-09-06,ATL,SEA,12.0,2.0,10.0,3.2,1.8,4.8,3.6,5.5,4.7,3.2,6.2,4.2,5.6,4.5,5.95,2025-09-06,Hurston Waldrep,0.25105138339920946,0.06830171277997363,0.24004506150286198,Bryce Miller,0.14147423895707645,0.05645140519282395,0.20359482416448355
2025-09-07,ATL,SEA,20.0,2.0,18.0,3.4,3.4,4.6,4.3,5.05,4.9,4.4,6.2,4.3,5.2,4.85,5.85,2025-09-07,Joey Wentz,0.21141727837380006,0.08931639375117632,0.175250886933974,Emerson Hancock,0.1290497608338687,0.09757026248780368,0.14503208375548798
2025-09-08,ATL,CHC,5.0,4.0,1.0,3.2,6.8,4.7,5.9,4.95,5.65,4.0,4.2,4.6,5.3,4.3,4.3,2025-09-08,Bryce Elder,0.19337606837606836,0.0635327635327635,0.19386935148421253,Aaron Civale,0.23839393939393938,0.07133333333333333,0.20455632363810267
2025-09-09,ATL,CHC,7.0,1.0,6.0,3.4,6.2,4.0,5.8,5.05,5.7,3.4,4.4,4.4,4.5,4.15,4.35,2025-09-09,Spencer Strider,0.12032535885167461,0.07998086124401912,0.21783286480960898,Ben Brown,0.2883116883116883,0.0982142857142857,0.32160173160173156
2025-09-10,ATL,CHC,5.0,2.0,3.0,2.6,7.2,2.9,6.3,4.6,5.95,4.4,3.6,4.7,4.2,4.45,4.05,2025-09-10,Chris Sale,0.35986884411884407,0.061357855107855075,0.29047455079592815,Jameson Taillon,0.152034632034632,0.046038961038961025,0.14845478367299994
2025-09-12,ATL,HOU,14.0,3.0,11.0,2.2,7.6,2.7,4.7,4.45,5.9,4.0,4.0,3.8,4.4,3.95,4.5,2025-09-12,Hurston Waldrep,0.24196047430830037,0.10466534914360999,0.24004506150286198,Colton Gordon,0.1936263736263736,0.059194139194139184,0.16848366013071894
2025-09-13,ATL,HOU,8.0,2.0,6.0,2.4,7.8,2.9,5.6,4.15,5.8,5.4,3.0,4.8,4.3,4.5,4.15,2025-09-13,Bryce Elder,0.19522222222222224,0.05614814814814813,0.20644863266814487,Hunter Brown,0.23747020933977456,0.09730917874396135,0.22167280667833683
2025-09-14,ATL,HOU,11.0,8.0,3.0,2.4,5.4,2.8,6.1,3.7,5.6,4.4,3.4,5.4,4.2,4.7,3.9,2025-09-14,Joey Wentz,0.21902597402597399,0.07572943722943722,0.19971722519341575,Framber Valdez,0.20112820512820515,0.07069230769230767,0.27132589302219945
2025-09-22,ATL,WSN,16.0,11.0,5.0,7.4,3.0,6.3,4.1,4.6,5.2,3.8,8.0,3.3,6.6,4.5,5.55,2025-09-22,Chris Sale,0.3463918219461698,0.02446946169772256,0.29372232263193526,MacKenzie Gore,0.21950216450216448,0.12064935064935063,0.2552440511629158
2025-09-23,ATL,WSN,5.0,3.0,2.0,8.4,3.4,7.2,4.3,4.95,4.5,4.2,8.0,3.5,6.9,4.7,5.9,2025-09-23,Hurston Waldrep,0.23078787878787876,0.09445454545454543,0.2275562116738587,Brad Lord,0.2160085638998682,0.08957745153397326,0.17460466362905383
2025-09-24,ATL,WSN,7.0,3.0,4.0,7.2,3.0,7.2,3.4,5.05,4.5,4.0,7.4,3.7,6.7,4.6,5.7,2025-09-24,Bryce Elder,0.22206837606837607,0.04589173789173786,0.23700686106346486,Andrew Alvarez,0.18753496058988045,0.08857424357996437,0.19838709677419353
2025-09-26,ATL,PIT,12.0,3.0,9.0,5.8,3.6,7.3,3.2,5.05,4.65,4.2,1.6,3.4,2.9,3.75,3.75,2025-09-26,Joey Wentz,0.2614251207729469,0.06700241545893718,0.23394096185455018,Mitch Keller,0.2552305665349144,0.03778656126482211,0.19172619047619047
2025-09-27,ATL,PIT,4.0,1.0,3.0,5.2,4.4,6.8,3.8,5.05,4.9,5.4,1.4,3.8,3.1,3.7,3.75,2025-09-27,Spencer Strider,0.19480328367284888,0.10843660687138942,0.2648276787811671,Bubba Chandler,0.245500515995872,0.04491228070175436,0.2536017278264473
2025-04-28,BAL,NYY,7.0,4.0,3.0,2.0,4.4,3.0,6.8,3.5,5.7,5.0,2.2,4.4,2.3,4.9,3.2,2025-04-28,Tomoyuki Sugano,0.07758602749907094,0.049965493443754304,0.14713440264828107,Ryan Yarbrough,0.3028571428571428,0.06285714285714283,0.27290552584670225
2025-04-29,BAL,NYY,18.0,3.0,15.0,2.2,4.2,2.8,6.9,3.5,5.45,5.2,2.4,4.3,2.4,4.6,3.05,2025-04-29,Charlie Morton,0.19117874396135265,0.18239130434782608,0.2091546960664607,Carlos Rod\xc3\xb3n,0.31275201288244764,0.1330177133655394,0.2494337251895391
2025-04-30,BAL,NYY,9.0,5.0,4.0,2.4,7.0,2.8,7.6,3.55,5.8,7.2,2.8,5.2,2.4,4.9,3.0,2025-04-30,Cade Povich,0.2076190476190476,0.08752380952380952,0.17590956558061815,Carlos Carrasco,0.1525305688463583,0.09198298777246144,0.1824995733060249
2025-05-02,BAL,KCR,3.0,3.0,0.0,2.8,7.0,2.4,7.5,3.4,5.95,3.8,2.0,3.8,2.6,2.85,3.3,2025-05-02,Dean Kremer,0.1172410922410922,0.05119047619047616,0.11364143103273534,Michael Wacha,0.2048418972332015,0.06930171277997361,0.22145902547065335
2025-05-03,BAL,KCR,4.0,0.0,4.0,3.0,5.8,2.5,5.1,3.5,5.75,3.4,2.6,3.5,2.2,2.75,3.4,2025-05-03,Tomoyuki Sugano,0.13920218911523255,0.036834180312441164,0.18630490956072346,Kris Bubic,0.23026409017713365,0.07112399355877615,0.2749712379199264
2025-05-04,BAL,KCR,17.0,6.0,11.0,3.0,5.2,2.5,4.8,3.25,5.9,3.6,1.2,3.8,1.9,2.95,3.2,2025-05-04,Charlie Morton,0.13755555555555551,0.18166666666666664,0.19665469606646072,Michael Lorenzen,0.1702664437012263,0.08043589743589742,0.1934951774983588
2025-05-14,BAL,MIN,9.0,3.0,6.0,3.4,3.8,3.2,4.7,3.0,6.15,4.8,1.4,3.7,2.6,4.7,2.8,2025-05-14,Charlie Morton,0.15686274509803919,0.08398692810457516,0.19599789915966384,Bailey Ober,0.1969032258064516,0.024,0.25433986928104574
2025-05-15,BAL,MIN,4.0,0.0,4.0,4.4,4.6,3.3,5.7,2.9,5.4,4.8,2.6,4.8,2.9,4.9,2.8,2025-05-15,Tomoyuki Sugano,0.17920218911523259,0.026482213438735157,0.2063366555924695,Chris Paddack,0.1889011164274322,0.07204146730462517,0.16494477841167737
2025-05-16,BAL,WSN,7.0,3.0,4.0,3.6,5.2,3.3,5.7,2.9,5.25,2.6,4.8,3.2,6.4,3.9,6.25,2025-05-16,Cade Povich,0.15238095238095237,0.08752380952380952,0.20257623224728488,MacKenzie Gore,0.3637424974381496,0.08394817742643827,0.35616147142617727
2025-05-17,BAL,WSN,16.0,6.0,10.0,3.8,5.0,3.0,5.0,2.9,5.25,3.2,4.2,2.6,5.8,3.85,6.2,2025-05-17,Charlie Morton,0.19019607843137254,0.04509803921568626,0.19291666666666668,Jake Irvin,0.12909101005053028,0.0689988339163751,0.15063137865421203
2025-05-18,BAL,WSN,14.0,4.0,10.0,3.6,6.4,3.5,5.1,3.1,5.7,4.6,4.6,3.5,5.5,4.35,6.4,2025-05-18,Zach Eflin,0.14628623188405793,0.0357142857142857,0.1877028651572831,Michael Soroka,0.24199244915357443,0.06446636625664758,0.21409719631333854
2025-05-26,BAL,STL,7.0,5.0,2.0,3.6,6.2,3.7,6.7,3.35,5.8,3.8,4.2,5.6,3.7,5.2,2.85,2025-05-26,Charlie Morton,0.2318627450980392,0.040931372549019594,0.20174019607843136,Erick Fedde,0.15605529741332802,0.08703725060546648,0.13305860805860803
2025-05-27,BAL,STL,11.0,4.0,7.0,3.8,5.6,3.6,6.1,3.45,5.9,3.4,4.2,4.4,3.5,5.0,2.85,2025-05-27,Tomoyuki Sugano,0.19650988142292486,0.04281554677206849,0.19035682476850213,Andre Pallante,0.1469470899470899,0.08742857142857141,0.1668098610715792
2025-05-28,BAL,STL,10.0,4.0,6.0,4.2,6.0,4.0,6.4,3.65,6.05,4.6,4.0,4.1,3.6,5.1,2.85,2025-05-28,Cade Povich,0.2273254281949934,0.0722687747035573,0.2406903437455427,Miles Mikolas,0.16876529267833612,0.06544889892715977,0.1394145289694825
2025-05-30,BAL,CHW,3.0,2.0,1.0,4.0,3.4,4.1,6.6,3.55,5.8,5.6,4.4,4.1,4.0,3.35,4.6,2025-05-30,Zach Eflin,0.136701905180166,0.03722943722943722,0.16944800641154076,Sean Burke,0.16325808812765336,0.16439672083150342,0.18490009990009987
2025-05-31,BAL,CHW,6.0,4.0,2.0,4.0,3.4,3.7,5.7,3.6,5.4,3.8,3.8,4.0,3.6,3.25,4.5,2025-05-31,Dean Kremer,0.19170568561872908,0.0634648829431438,0.22196324272884077,Davis Martin,0.1335192585192585,0.041931216931216916,0.1861265156032598
2025-06-10,BAL,DET,8.0,3.0,5.0,3.8,3.8,3.7,3.1,3.85,4.75,2.8,3.8,3.9,2.9,3.45,3.05,2025-06-10,Cade Povich,0.29232542819499335,0.0792687747035573,0.23790229253643885,Brant Hurter,0.2506493506493507,0.07175324675324675,0.2597392803275156
2025-06-11,BAL,DET,11.0,10.0,1.0,3.8,4.4,3.6,3.0,3.85,4.8,3.6,2.8,4.0,2.9,3.65,3.1,2025-06-11,Zach Eflin,0.19018574018574014,0.04556277056277054,0.18612044817927167,Casey Mize,0.2269047619047619,0.07714285714285712,0.21711211845103465
2025-06-12,BAL,DET,5.0,1.0,4.0,5.0,4.0,4.4,3.0,4.05,4.35,2.8,4.0,3.4,3.4,3.55,3.5,2025-06-12,Dean Kremer,0.18221850613154955,0.0631828316610925,0.18106606990622334,Tarik Skubal,0.34571754526777015,0.01610305958132044,0.2837091903975443
2025-06-13,BAL,LAA,2.0,2.0,0.0,4.4,3.8,4.1,3.2,3.9,4.05,5.6,4.4,5.5,5.1,4.9,4.55,2025-06-13,Charlie Morton,0.28888888888888886,0.0974206349206349,0.25841227400050926,Jack Kochanowicz,0.21026399331662488,0.1289757727652464,0.21840313549832024
2025-06-14,BAL,LAA,11.0,6.0,5.0,3.4,3.0,4.0,3.0,3.8,3.8,4.6,4.0,5.1,5.2,4.7,4.5,2025-06-14,Tomoyuki Sugano,0.1321818181818182,0.0334242424242424,0.11411361985699853,Tyler Anderson,0.15223715415019762,0.08033566433566432,0.21843759242827568
2025-06-15,BAL,LAA,13.0,11.0,2.0,4.4,3.0,4.1,3.4,4.0,3.8,4.0,4.0,5.1,5.1,4.6,4.55,2025-06-15,Cade Povich,0.30899209486166007,0.08760210803689063,0.23703272731904756,Yusei Kikuchi,0.20401337792642135,0.13698439241917498,0.1980615770458451
2025-06-27,BAL,TBR,30.0,22.0,8.0,2.6,4.6,4.2,4.6,4.15,4.0,4.6,2.6,5.8,3.9,5.35,3.4,2025-06-27,Tomoyuki Sugano,0.1546103896103896,0.05280519480519478,0.13137805754696813,Ryan Pepiot,0.3231481481481481,0.07780182780182776,0.2780780010263293
2025-06-28,BAL,TBR,14.0,3.0,11.0,6.0,5.6,5.3,5.2,5.1,4.3,4.6,6.4,5.9,6.0,5.5,4.45,2025-06-28,Zach Eflin,0.19521774521774518,0.04988807488807485,0.2048631382377512,Zack Littell,0.18829106451989744,0.0054054054054054005,0.21097135439274045
2025-06-29,BAL,TBR,6.0,5.0,1.0,6.6,6.0,5.5,5.6,5.05,4.7,6.2,5.2,6.9,5.8,5.8,4.4,2025-06-29,Dean Kremer,0.2327469081473658,0.0682810472856239,0.19994274479301696,Taj Bradley,0.21086169530105453,0.09932500332957994,0.17330190612830493
2025-07-10,BAL,NYM,4.0,3.0,1.0,2.4,4.0,4.5,5.0,4.4,4.7,6.4,4.4,4.2,5.9,3.7,6.1,2025-07-10,Charlie Morton,0.2977027417027417,0.08015007215007214,0.26394782966635755,David Peterson,0.17037634408602148,0.09785714285714284,0.1972537194048952
2025-07-11,BAL,MIA,7.0,5.0,2.0,3.0,2.6,4.7,5.0,4.75,4.7,4.0,3.8,3.6,3.0,4.45,3.5,2025-07-11,Dean Kremer,0.23950681490727255,0.06198734099191759,0.23702257672579008,Edward Cabrera,0.2564893238806282,0.09026444569922826,0.28351535499160657
2025-07-12,BAL,MIA,6.0,0.0,6.0,4.0,1.8,5.2,4.5,4.7,4.55,4.2,4.2,3.6,3.5,4.15,3.6,2025-07-12,Trevor Rogers,0.22387205387205383,0.08393939393939392,0.25491664613615833,Janson Junk,0.19584032545130942,0.02,0.12945897511611942
2025-07-13,BAL,MIA,12.0,1.0,11.0,3.4,2.6,3.0,4.3,4.15,4.75,4.4,4.0,4.1,3.3,4.35,3.4,2025-07-13,Brandon Young,0.20808034579201626,0.10722095092804469,0.21700288062357026,Eury P\xc3\xa9rez,0.2541176470588235,0.09443609022556389,0.257324087062763
2025-07-25,BAL,COL,11.0,5.0,6.0,3.8,5.0,2.9,5.9,3.8,5.45,5.4,4.6,4.3,4.7,4.0,5.75,2025-07-25,Dean Kremer,0.24029613864396468,0.05719681767507849,0.22105417817573897,Kyle Freeland,0.14968307055263574,0.10042427138079309,0.16187645687645685
2025-07-26,BAL,COL,18.0,18.0,0.0,3.8,5.6,2.9,6.3,4.05,5.4,4.6,4.4,4.7,4.2,4.0,5.5,2025-07-26,Trevor Rogers,0.21482776482776478,0.07599067599067597,0.22656279103087612,Antonio Senzatela,0.14355215798694054,0.057604077082337925,0.19621626180836702
2025-07-27,BAL,COL,6.0,5.0,1.0,6.4,3.6,4.7,5.7,3.85,5.0,4.4,6.6,4.4,5.8,4.0,6.15,2025-07-27,Tomoyuki Sugano,0.14487784679089025,0.0858302277432712,0.17325811367561988,Austin Gomber,0.13574276600592383,0.046998177261335115,0.14714343795739143
2025-07-28,BAL,TOR,15.0,11.0,4.0,6.8,2.6,5.1,4.7,3.95,4.5,7.0,4.2,6.1,3.6,6.1,4.15,2025-07-28,Zach Eflin,0.1469271469271469,0.05266585266585262,0.18966603500621468,Chris Bassitt,0.23677248677248675,0.030952380952380943,0.25124832541712333
2025-07-29,BAL,TOR,20.0,16.0,4.0,8.6,2.8,6.1,4.0,4.25,4.65,6.2,5.6,6.1,4.7,6.05,4.5,2025-07-29,Charlie Morton,0.18652873052873048,0.09236008436008433,0.20771942855516662,Eric Lauer,0.2882777060667527,0.02085561497326202,0.1722238779457624
2025-07-30,BAL,TOR,17.0,8.0,9.0,10.6,2.2,7.2,3.9,5.1,4.15,4.0,8.2,5.3,5.7,5.2,4.75,2025-07-30,Dean Kremer,0.21788811188811189,0.06388578088578083,0.20763828550288038,Jos\xc3\xa9 Berr\xc3\xados,0.16622200263504605,0.06739130434782606,0.15649916637972178
2025-08-08,BAL,ATH,5.0,3.0,2.0,3.0,5.4,5.3,4.7,5.2,4.7,5.8,4.4,5.3,3.2,5.25,3.7,2025-08-08,Tomoyuki Sugano,0.19710671936758892,0.08526482213438732,0.17676601995781516,J.T. Ginn,0.2639963545226703,0.05598086124401912,0.28694625146238045
2025-08-09,BAL,ATH,14.0,3.0,11.0,2.8,5.2,4.5,4.5,5.3,4.25,5.8,3.6,4.8,3.4,5.05,3.7,2025-08-09,Brandon Young,0.21245887445887446,0.06504761904761903,0.1970714498376677,Jack Perkins,0.20645276292335116,0.11387997623291742,0.2671823790244843
2025-08-10,BAL,ATH,5.0,2.0,3.0,2.8,6.4,3.2,5.2,5.3,4.6,7.2,3.0,5.8,3.4,5.3,3.45,2025-08-10,Cade Povich,0.291969696969697,0.06575757575757572,0.2019165149804536,Sean Newcomb,0.39999999999999997,0.05,0.18102564102564098
2025-08-12,BAL,SEA,1.0,0.0,1.0,2.6,4.4,3.1,5.3,5.15,4.6,6.4,3.6,5.2,3.6,4.35,3.85,2025-08-12,Dean Kremer,0.2322237762237762,0.0723356643356643,0.22021778271056847,George Kirby,0.26821212121212124,0.08973737373737371,0.27773286155742066
2025-08-13,BAL,SEA,7.0,4.0,3.0,2.6,3.6,2.3,4.5,4.9,4.15,5.0,3.0,5.2,3.0,4.0,3.65,2025-08-13,Trevor Rogers,0.23678543678543673,0.05595700595700592,0.20412949581456202,Logan Gilbert,0.3522077922077922,0.07393939393939393,0.28017847400826124
2025-08-14,BAL,SEA,8.0,5.0,3.0,2.4,4.0,2.7,4.7,4.95,4.0,4.0,2.6,5.1,2.9,3.85,3.8,2025-08-14,Tomoyuki Sugano,0.18567814793901746,0.09155053642010161,0.14852468491288576,Logan Evans,0.20088744588744584,0.10108225108225102,0.19725279826357722
2025-08-21,BAL,HOU,9.0,2.0,7.0,6.8,1.8,4.7,2.7,5.0,3.7,1.2,7.4,2.9,6.9,3.5,6.05,2025-08-21,Brandon Young,0.18762464985994395,0.0885770308123249,0.20991871570818937,Jason Alexander,0.21529079616036134,0.07060041407867493,0.21985751056800623
2025-08-24,BAL,HOU,5.0,3.0,2.0,7.0,5.8,5.3,3.9,4.25,4.55,5.6,6.8,4.0,7.4,4.55,5.55,2025-08-24,Trevor Rogers,0.25104184704184707,0.03190572390572388,0.22362399903770144,Spencer Arrighetti,0.1917033690946734,0.13853115000941085,0.27075976627210024
2025-08-25,BAL,BOS,7.0,3.0,4.0,5.2,6.2,5.4,3.8,4.25,4.55,4.8,3.4,5.1,3.3,6.0,3.6,2025-08-25,Tomoyuki Sugano,0.1848955392433653,0.05076792772444945,0.16174634018710674,Richard Fitts,0.2084670231729055,0.07216280451574567,0.20941281292391167
2025-08-28,BAL,BOS,5.0,2.0,3.0,3.2,4.6,5.0,4.3,3.9,4.5,5.2,2.6,4.6,3.2,5.2,3.4,2025-08-28,Cade Povich,0.28883116883116877,0.0937445887445887,0.26344285536624795,Jordan Hicks,0.2138095238095238,0.16857142857142854,0.22109890109890107
2025-09-05,BAL,LAD,3.0,2.0,1.0,6.0,4.8,4.5,5.4,4.95,4.6,3.2,5.4,4.2,3.6,4.45,3.8,2025-09-05,Dean Kremer,0.19424054841674976,0.05318133218590879,0.26278267278474204,Shohei Ohtani,0.3660401002506265,0.03438596491228067,0.3195489339263409
2025-09-06,BAL,LAD,7.0,4.0,3.0,4.2,4.8,4.4,5.1,5.05,4.6,3.2,4.6,3.5,3.6,4.25,3.6,2025-09-06,Trevor Rogers,0.2511916971916972,0.04424338624338622,0.2263789894670151,Yoshinobu Yamamoto,0.27679227053140093,0.07220611916264089,0.263237503697131
2025-09-07,BAL,LAD,7.0,2.0,5.0,4.6,2.8,4.8,4.9,5.05,4.6,2.8,4.6,3.1,4.0,4.25,3.7,2025-09-07,Tomoyuki Sugano,0.1647252747252747,0.04967032967032966,0.1967911763033714,Clayton Kershaw,0.18873052778423616,0.06375494071146244,0.19702979533200243
2025-09-11,BAL,PIT,5.0,3.0,2.0,4.2,3.2,4.8,5.1,4.9,4.7,2.6,4.4,3.9,4.3,4.3,3.45,2025-09-11,Cade Povich,0.24448051948051938,0.09632034632034629,0.2558635327281018,Johan Oviedo,0.29780075187969923,0.15659774436090224,0.3292124542124542
2025-09-18,BAL,NYY,7.0,0.0,7.0,4.2,5.0,3.3,4.2,3.9,4.8,5.8,6.0,4.9,6.0,5.65,4.65,2025-09-18,Cade Povich,0.26569264069264065,0.08950216450216447,0.2598635327281018,Max Fried,0.21492673992673988,0.08434065934065933,0.2495713941366115
2025-09-19,BAL,NYY,6.0,4.0,2.0,3.4,5.4,3.1,4.8,3.75,4.95,6.2,5.4,5.2,5.7,5.75,4.6,2025-09-19,Trevor Rogers,0.26329270729270726,0.0741255411255411,0.2562402301559247,Will Warren,0.15619588268329682,0.05996974040452298,0.192643925130458
2025-09-20,BAL,NYY,7.0,1.0,6.0,3.8,3.6,3.1,4.7,3.95,4.8,5.8,5.0,5.2,4.9,5.3,4.7,2025-09-20,Tomoyuki Sugano,0.16865384615384613,0.025384615384615384,0.19738927738927736,Carlos Rod\xc3\xb3n,0.16535968379446636,0.09415019762845847,0.20667190751205133
2025-09-23,BAL,TBR,6.0,6.0,0.0,3.2,4.6,3.0,4.8,3.9,4.95,4.6,4.2,4.1,4.6,4.55,4.25,2025-09-23,Dean Kremer,0.21115213924138407,0.08235039178975102,0.2538807385562686,Ryan Pepiot,0.2852941176470588,0.13398692810457513,0.2972460592351735
2025-09-24,BAL,TBR,8.0,2.0,6.0,2.8,3.2,3.3,4.6,4.1,4.8,4.2,5.2,4.0,4.7,4.2,4.35,2025-09-24,Tyler Wells,0.22106782106782105,0.015151515151515133,0.19522591645353793,Shane Baz,0.29165310392931876,0.09093234131597301,0.23879765859832305
2025-09-25,BAL,TBR,11.0,6.0,5.0,2.6,4.2,3.4,4.6,3.8,4.35,4.6,5.6,4.2,4.3,4.0,4.35,2025-09-25,Cade Povich,0.22240259740259732,0.09080086580086577,0.21614260249554368,Drew Rasmussen,0.15770473614867203,0.07178975105748558,0.16288610038610038
2025-04-24,BOS,SEA,7.0,3.0,4.0,6.2,4.8,4.5,4.8,5.05,5.3,5.0,4.4,5.3,4.2,4.0,4.15,2025-04-24,Garrett Crochet,0.28439153439153436,0.08108465608465605,0.2594474153297682,Bryan Woo,0.21499597423510464,0.05808172302737515,0.18819039451114922
2025-05-04,BOS,MIN,9.0,4.0,5.0,6.8,2.8,6.1,3.7,4.75,4.55,3.8,3.2,5.0,2.6,4.15,3.25,2025-05-04,Garrett Crochet,0.30348148148148146,0.11685185185185183,0.24833143047428757,Chris Paddack,0.1943984962406015,0.0939598997493734,0.16822004782825112
2025-05-07,BOS,TEX,10.0,6.0,4.0,3.2,4.0,5.3,3.7,4.9,4.25,3.2,4.0,3.7,3.7,3.4,3.1,2025-05-07,Tanner Houck,0.18553623188405793,0.06239130434782607,0.21487239561542965,Tyler Mahle,0.20501165501165497,0.06701631701631697,0.2071752176285016
2025-05-08,BOS,TEX,5.0,5.0,0.0,4.0,4.0,5.6,3.7,5.1,4.3,4.0,4.6,3.9,4.0,3.4,3.4,2025-05-08,Brayan Bello,0.16142697881828313,0.09527313266443697,0.21862745098039213,Jacob Latz,0.12352941176470589,0.10529411764705883,0.22380952380952382
2025-05-16,BOS,ATL,6.0,2.0,4.0,5.0,4.4,4.5,4.2,5.25,4.2,4.2,3.2,3.7,3.6,4.3,3.6,2025-05-16,Garrett Crochet,0.2893232323232323,0.10373737373737373,0.27990393518238554,Chris Sale,0.3197787397787398,0.07455507455507451,0.30583505500946967
2025-05-17,BOS,ATL,13.0,7.0,6.0,4.4,5.2,4.1,4.5,5.15,4.0,4.4,2.8,3.8,2.8,4.2,3.6,2025-05-17,Lucas Giolito,0.19754313319530706,0.05703243616287094,0.16318849449204403,Grant Holmes,0.24370122630992191,0.09055183946488292,0.2473305589961452
2025-05-18,BOS,ATL,14.0,4.0,10.0,3.8,6.2,4.5,4.7,5.3,4.2,4.8,3.6,4.0,3.2,4.15,3.65,2025-05-18,Sean Newcomb,0.2815904139433551,0.0284313725490196,0.2651507321274763,Spencer Schwellenbach,0.19197855284811802,0.049422236378758075,0.241061786029301
2025-05-19,BOS,NYM,4.0,3.0,1.0,4.0,8.0,4.5,5.2,5.1,4.55,1.8,4.2,3.8,3.5,5.05,4.1,2025-05-19,Hunter Dobbins,0.1979834577660664,0.03148148148148146,0.24700570977166722,Kodai Senga,0.23188516746411483,0.12721531100478467,0.2531406766355809
2025-05-20,BOS,NYM,2.0,2.0,0.0,4.2,5.4,4.7,4.7,5.0,4.2,1.6,4.6,3.2,3.7,4.75,3.85,2025-05-20,Walker Buehler,0.21393506493506492,0.07621789321789317,0.16823189050851226,Clay Holmes,0.1717004830917874,0.05075362318840578,0.1781372572751883
2025-05-21,BOS,NYM,6.0,1.0,5.0,3.6,4.2,4.3,4.3,4.95,4.0,1.6,4.2,2.5,3.7,3.8,3.7,2025-05-21,Sean Newcomb,0.25492374727668843,0.03176470588235294,0.2620043572984749,Tylor Megill,0.332039060683562,0.1481515926528714,0.28542945128779396
2025-05-23,BOS,BAL,24.0,19.0,5.0,3.4,4.4,3.9,4.8,4.8,4.0,3.8,6.8,3.7,6.0,3.35,5.85,2025-05-23,Brayan Bello,0.1406105006105006,0.13478062678062672,0.16999661246612466,Cade Povich,0.21515151515151515,0.09618181818181817,0.22382623224728487
2025-05-24,BOS,BAL,3.0,1.0,2.0,5.8,4.2,4.8,5.2,5.4,4.1,4.2,9.8,4.0,7.4,3.4,6.65,2025-05-24,Lucas Giolito,0.1822482589873894,0.06550159984942593,0.15989137086903302,Zach Eflin,0.14665861513687597,0.02857142857142856,0.17873372069725504
2025-05-25,BOS,BAL,6.0,1.0,5.0,5.2,2.6,4.6,5.3,4.8,4.05,3.4,8.0,3.5,7.2,3.35,5.95,2025-05-25,Walker Buehler,0.25757142857142856,0.0871269841269841,0.1808634694558807,Dean Kremer,0.1819230769230769,0.08810256410256408,0.1915284601201451
2025-06-02,BOS,LAA,13.0,6.0,7.0,2.2,3.0,3.7,2.8,4.1,4.0,2.6,3.2,3.3,3.9,4.7,4.5,2025-06-02,Richard Fitts,0.18849206349206346,0.0704365079365079,0.2174354733316997,Tyler Anderson,0.15608900600204945,0.06324475524475522,0.19387755102040816
2025-06-04,BOS,LAA,20.0,11.0,9.0,3.2,3.4,4.0,3.4,4.35,4.05,3.6,3.8,3.0,4.0,4.9,4.45,2025-06-04,Lucas Giolito,0.1645238819151862,0.07083351431177516,0.15552707845814434,Jos\xc3\xa9 Soriano,0.136864046609174,0.14144722510539598,0.22328451233017313
2025-06-10,BOS,TBR,4.0,3.0,1.0,8.8,7.8,5.5,5.4,5.05,5.35,4.2,2.6,5.6,2.2,5.15,2.25,2025-06-10,Lucas Giolito,0.15976197715328144,0.07559541907367992,0.14623915276154992,Ryan Pepiot,0.2166969696969697,0.05247186147186145,0.20875886524822693
2025-06-11,BOS,TBR,7.0,4.0,3.0,8.2,6.6,5.7,5.0,5.1,4.7,3.4,3.0,5.2,2.5,5.0,2.4,2025-06-11,Walker Buehler,0.2003865546218487,0.08581512605042016,0.19462370854366182,Zack Littell,0.1717699065525152,0.01254826254826254,0.16610924967001722
2025-06-14,BOS,NYY,7.0,4.0,3.0,6.8,5.4,5.9,5.0,5.05,4.55,6.2,5.2,5.4,4.1,4.75,4.05,2025-06-14,Hunter Dobbins,0.15543859649122801,0.059415204678362546,0.16657043598220062,Carlos Rod\xc3\xb3n,0.30426240426240425,0.09124209124209119,0.31775316984041524
2025-06-15,BOS,NYY,2.0,2.0,0.0,6.4,4.2,5.8,5.2,5.15,4.5,5.4,4.0,5.0,4.2,4.7,4.1,2025-06-15,Brayan Bello,0.17925925925925926,0.09037037037037031,0.14404528478057885,Max Fried,0.250313728139815,0.045083612040133766,0.2513635384223619
2025-06-27,BOS,TOR,9.0,0.0,9.0,4.2,6.2,3.2,4.3,4.55,4.65,5.2,3.6,5.0,4.6,5.05,4.65,2025-06-27,Brayan Bello,0.19079772079772078,0.0736324786324786,0.15220246635239457,Jos\xc3\xa9 Berr\xc3\xados,0.21638509316770177,0.07386749482401654,0.21300921771759515
2025-06-28,BOS,TOR,16.0,15.0,1.0,2.8,7.0,2.8,4.9,4.3,5.05,6.8,2.2,5.7,4.3,5.1,4.45,2025-06-28,Lucas Giolito,0.21635610766045543,0.08633540372670803,0.21073464846931675,Chris Bassitt,0.21942441477673852,0.062401339013033144,0.2028506829088224
2025-06-29,BOS,TOR,8.0,3.0,5.0,5.4,6.6,4.1,5.0,5.05,4.85,5.6,5.0,5.4,4.7,5.0,4.8,2025-06-29,Walker Buehler,0.16043417366946777,0.14138655462184874,0.18227269370484211,Eric Lauer,0.24079719924113513,0.0842201099180504,0.19288785288785285
2025-07-01,BOS,CIN,8.0,5.0,3.0,6.6,5.2,5.5,5.3,5.4,5.0,4.4,5.8,4.4,5.4,5.0,4.95,2025-07-01,Brayan Bello,0.1776942725218587,0.07432213380489236,0.15910783719638433,Brady Singer,0.22623076923076918,0.11255311355311351,0.2538442565186751
2025-07-02,BOS,CIN,12.0,4.0,8.0,7.2,4.8,5.7,5.5,5.1,4.7,4.8,5.4,4.1,5.4,4.95,5.1,2025-07-02,Jordan Hicks,0.18333333333333335,0.19,0.17857142857142855,Nick Martinez,0.19816993464052285,0.042579520697167736,0.17414634146341462
2025-07-07,BOS,COL,12.0,9.0,3.0,7.2,4.0,6.9,4.6,5.15,4.35,4.2,5.6,3.4,6.0,4.5,5.9,2025-07-07,Richard Fitts,0.1722222222222222,0.07777777777777775,0.22224025974025974,Austin Gomber,0.0791301169590643,0.047078834907782224,0.13446071117961914
2025-07-08,BOS,COL,12.0,10.0,2.0,8.0,4.0,7.6,4.4,5.4,4.35,4.2,6.4,3.6,6.1,4.45,5.75,2025-07-08,Brayan Bello,0.1833587605392879,0.07127202487243049,0.16386974195828907,Kyle Freeland,0.14254817646121992,0.05995604395604394,0.14817765567765565
2025-07-09,BOS,COL,12.0,10.0,2.0,9.2,2.8,8.6,3.7,5.7,4.3,3.2,7.2,3.7,6.8,4.5,6.05,2025-07-09,Lucas Giolito,0.25625758549296773,0.08058827728992642,0.2402301638471851,Antonio Senzatela,0.11105494505494502,0.09478754578754575,0.15236664295874816
2025-07-10,BOS,TBR,7.0,4.0,3.0,9.0,2.8,8.1,3.8,6.1,4.4,3.6,4.4,4.8,6.3,5.3,5.1,2025-07-10,Walker Buehler,0.14301787076386616,0.1351503759398496,0.1762102071370364,Taj Bradley,0.1740683229813664,0.08012422360248443,0.1690645010213346
2025-07-11,BOS,TBR,9.0,5.0,4.0,7.8,2.8,8.2,3.6,6.2,4.55,3.6,4.4,4.3,4.5,5.1,5.25,2025-07-11,Jordan Hicks,0.22333333333333333,0.21857142857142856,0.22857142857142856,Drew Rasmussen,0.20522898154477098,0.07213488266119841,0.19297456962575618
2025-07-12,BOS,TBR,1.0,1.0,0.0,7.6,2.8,7.4,3.4,6.45,4.35,3.4,4.2,3.6,4.7,5.25,5.25,2025-07-12,Garrett Crochet,0.31641025641025633,0.053743589743589726,0.24376138079012066,Shane Baz,0.2915343915343915,0.09232804232804229,0.3087373737373737
2025-07-13,BOS,TBR,5.0,4.0,1.0,6.0,2.2,7.0,3.1,6.35,4.3,3.2,3.4,3.5,4.3,4.65,4.9,2025-07-13,Brayan Bello,0.21433519151571886,0.06992522352562916,0.1939454995340467,Ryan Pepiot,0.28378451178451175,0.11532996632996628,0.2622349504598745
2025-07-25,BOS,LAD,7.0,2.0,5.0,2.4,3.2,4.2,2.7,5.9,3.55,5.6,5.8,3.9,5.2,4.0,5.15,2025-07-25,Brayan Bello,0.1732582684387958,0.04651496711537278,0.1956295878035008,Emmet Sheehan,0.23928571428571427,0.07023809523809521,0.25851449275362315
2025-07-26,BOS,LAD,6.0,4.0,2.0,2.0,4.0,3.4,3.0,6.0,3.35,5.2,4.6,4.3,4.5,4.1,5.2,2025-07-26,Garrett Crochet,0.3001139601139601,0.061891737891737866,0.24724670888778197,Clayton Kershaw,0.15436507936507934,0.05431216931216928,0.23566756228652902
2025-07-27,BOS,LAD,7.0,4.0,3.0,2.6,3.6,2.8,3.0,5.45,3.4,4.6,4.2,4.4,4.6,3.95,5.2,2025-07-27,Walker Buehler,0.12073948248547788,0.12160458839406207,0.14463862707340963,Dustin May,0.21368964368964366,0.11062737262737261,0.18153291185141968
2025-08-02,BOS,HOU,10.0,7.0,3.0,6.6,3.2,4.3,3.6,5.65,3.0,3.8,3.8,3.7,4.6,4.75,4.55,2025-08-02,Walker Buehler,0.13052209118113006,0.10674951593029391,0.16600614844093103,Colton Gordon,0.1679120879120879,0.07938461538461539,0.1650392156862745
2025-08-03,BOS,HOU,7.0,6.0,1.0,7.2,3.4,4.9,3.5,5.45,3.05,4.2,4.2,3.4,5.0,4.6,4.55,2025-08-03,Lucas Giolito,0.2149328892523085,0.0632672530131695,0.2579200181120666,Framber Valdez,0.31425258799171846,0.0548198757763975,0.2741503267973856
2025-08-04,BOS,KCR,13.0,8.0,5.0,7.6,3.0,5.5,3.0,5.25,2.95,6.2,4.8,6.2,4.8,5.05,4.15,2025-08-04,Brayan Bello,0.20130569430569425,0.059298701298701274,0.220551948051948,Bailey Falter,0.16341520467836254,0.07226399331662485,0.13842197562377606
2025-08-05,BOS,KCR,8.0,6.0,2.0,8.4,3.0,5.7,3.4,5.35,3.0,6.4,6.2,6.0,5.2,4.85,4.4,2025-08-05,Jordan Hicks,0.10666666666666666,0.13999999999999999,0.06000000000000001,Ryan Bergert,0.2735672514619883,0.12760233918128652,0.2040883997252346
2025-08-06,BOS,KCR,10.0,3.0,7.0,8.0,2.4,6.2,3.2,5.2,2.95,5.4,5.4,5.0,5.4,4.9,4.35,2025-08-06,Jordan Hicks,0.10666666666666666,0.07333333333333332,0.085,Michael Wacha,0.18380952380952378,0.08809523809523809,0.22782307123770534
2025-08-15,BOS,MIA,3.0,2.0,1.0,6.6,4.0,6.3,3.8,5.3,3.7,5.4,6.4,4.8,5.9,4.7,4.85,2025-08-15,Lucas Giolito,0.14608559861191436,0.09772045498361286,0.21313372238237466,Sandy Alcantara,0.15385386002496798,0.08374099019260306,0.17213299585826045
2025-08-16,BOS,MIA,12.0,7.0,5.0,5.0,3.8,5.8,3.6,5.35,3.55,4.4,5.2,4.6,5.4,4.5,4.9,2025-08-16,Brayan Bello,0.19823809523809524,0.08523809523809521,0.21814285714285706,Cal Quantrill,0.13535672514619881,0.044,0.17218323081324652
2025-08-17,BOS,MIA,8.0,3.0,5.0,6.0,3.6,5.9,4.0,5.7,3.5,5.2,5.2,4.5,5.7,4.4,5.05,2025-08-17,Garrett Crochet,0.28264957264957263,0.04732193732193728,0.28653479055210995,Janson Junk,0.1295614530397139,0.03778656126482212,0.1591052049491947
2025-08-18,BOS,BAL,9.0,3.0,6.0,5.4,3.2,5.4,4.0,5.55,3.7,5.6,1.4,4.1,2.9,5.6,3.55,2025-08-18,Jordan Hicks,0.19714285714285712,0.10190476190476187,0.2357142857142857,Trevor Rogers,0.21811877011877007,0.03929033929033926,0.19675244663423413
2025-08-29,BOS,PIT,6.0,2.0,4.0,3.4,2.8,4.2,2.9,5.05,3.45,4.2,3.0,4.5,2.6,3.85,4.3,2025-08-29,Jordan Hicks,0.15666666666666668,0.19,0.13538461538461538,Paul Skenes,0.3043939393939394,0.04651515151515151,0.24162309739949492
2025-08-30,BOS,PIT,13.0,3.0,10.0,3.4,2.2,4.1,2.8,4.75,3.4,4.2,3.4,4.4,2.6,3.7,4.4,2025-08-30,Jordan Hicks,0.1166666666666667,0.15,0.055384615384615386,Johan Oviedo,0.3344298245614035,0.16337719298245615,0.36535409035409033
2025-08-31,BOS,PIT,7.0,5.0,2.0,3.2,3.6,4.1,3.2,4.6,3.8,5.0,2.6,5.1,2.2,4.05,4.45,2025-08-31,Lucas Giolito,0.16514451576520536,0.09671954354712972,0.18602784279121343,Mitch Keller,0.22507905138339926,0.0909683794466403,0.23198621553884707
2025-09-02,BOS,CLE,18.0,11.0,7.0,3.8,4.4,4.5,3.5,4.5,3.65,3.6,3.4,2.6,5.1,3.35,5.05,2025-09-02,Garrett Crochet,0.31055840455840455,0.032792022792022764,0.25440428311851143,Slade Cecconi,0.1767220026350461,0.0339259259259259,0.15593485879200158
2025-09-03,BOS,CLE,9.0,1.0,8.0,5.4,5.4,4.4,4.1,4.95,3.7,4.4,5.6,2.8,5.6,3.25,5.35,2025-09-03,Jordan Hicks,0.05000000000000001,0.19,0.040000000000000015,Joey Cantillo,0.23719138755980856,0.15324082934609246,0.32091699909757365
2025-09-12,BOS,NYY,5.0,1.0,4.0,5.0,2.8,5.3,4.5,4.7,3.85,3.8,6.0,4.4,5.3,5.7,4.55,2025-09-12,Lucas Giolito,0.19323975386044348,0.10657668640427258,0.21555003721029245,Luis Gil,0.17768115942028984,0.15717391304347822,0.18479437229437226
2025-09-13,BOS,NYY,8.0,3.0,5.0,5.0,2.6,4.9,4.7,4.45,3.9,4.0,6.0,4.6,5.1,5.25,4.45,2025-09-13,Brayan Bello,0.1553140096618357,0.04979871175523347,0.18561936402467963,Max Fried,0.21877289377289372,0.07728937728937726,0.24341754798276538
2025-09-14,BOS,NYY,10.0,6.0,4.0,4.2,2.8,4.6,4.8,4.55,4.15,4.2,6.0,4.4,5.3,5.35,4.3,2025-09-14,Garrett Crochet,0.3131225071225071,0.015099715099715083,0.23932217677500695,Paul Blackburn,0.2496800825593395,0.05281733746130031,0.20009843467228863
2025-09-18,BOS,ATH,8.0,3.0,5.0,3.0,4.0,4.1,3.9,4.2,4.05,5.6,2.8,5.8,3.9,5.15,4.45,2025-09-18,Brayan Bello,0.1719806763285024,0.07479871175523348,0.1972860306913463,J.T. Ginn,0.2810197628458498,0.08287747035573123,0.3162218862218862
2025-09-26,BOS,DET,7.0,4.0,3.0,4.2,3.6,4.5,4.1,4.7,4.4,2.8,4.8,2.0,4.9,4.25,4.9,2025-09-26,Kyle Harrison,0.2112212666560492,0.07774327122153206,0.23038646816842304,Casey Mize,0.2530781499202551,0.05338596491228068,0.2661853213024106
2025-09-27,BOS,DET,3.0,1.0,2.0,3.8,3.6,4.6,3.9,4.6,4.35,2.4,4.4,2.1,4.5,4.15,5.1,2025-09-27,Connelly Early,0.3641456582633053,0.05508870214752567,0.3416106584190805,Tyler Holton,0.17000000000000007,0.05,0.18484848484848487
2025-04-19,CHC,ARI,8.0,6.0,2.0,7.8,5.4,6.5,5.0,6.7,4.7,7.6,5.0,5.7,4.4,5.75,4.75,2025-04-19,Ben Brown,0.21766578831796216,0.08454106280193234,0.22870561390347585,Zac Gallen,0.2519459706959707,0.11813186813186807,0.30065092565092566
2025-04-23,CHC,LAD,13.0,7.0,6.0,5.8,5.8,6.4,4.4,6.85,4.5,4.2,2.6,3.7,4.1,4.1,4.05,2025-04-23,Matthew Boyd,0.2097237002128306,0.09463996148778753,0.2097426113308132,Jack Dreyer,0.36666666666666664,0.1333333333333333,0.2783333333333333
2025-05-05,CHC,SFG,11.0,9.0,2.0,5.4,2.6,5.7,3.1,6.1,4.05,5.0,3.0,4.1,3.3,4.45,3.85,2025-05-05,Matthew Boyd,0.20544129783260212,0.08285482633308716,0.21578983600776597,Landen Roupp,0.21650349650349648,0.08996503496503494,0.2656931440652371
2025-05-07,CHC,SFG,4.0,1.0,3.0,6.6,2.2,6.0,3.1,6.2,3.75,4.8,3.8,3.7,3.7,4.05,4.1,2025-05-07,Drew Pomeranz,0.21333333333333332,0.10666666666666666,0.20555555555555555,Robbie Ray,0.3096325574586444,0.13926950666081095,0.2848047159873592
2025-05-12,CHC,MIA,7.0,5.0,2.0,4.0,4.6,4.7,3.6,5.8,4.05,2.4,5.6,3.3,7.0,3.85,6.8,2025-05-12,Drew Pomeranz,0.3833333333333333,0.06666666666666667,0.3138888888888889,Cal Quantrill,0.1628458498023715,0.09427191166321595,0.20592610558654698
2025-05-13,CHC,MIA,9.0,5.0,4.0,3.2,4.6,4.9,3.4,5.25,4.15,2.0,5.2,3.3,6.0,3.85,6.75,2025-05-13,Ben Brown,0.2701298701298701,0.06580086580086578,0.26657517983099377,Valente Bellozo,0.19305910770105142,0.1284455811310031,0.19696969696969693
2025-05-17,CHC,CHW,10.0,7.0,3.0,5.2,3.6,4.4,3.9,5.7,3.85,2.6,5.4,2.3,4.8,3.45,4.75,2025-05-17,Matthew Boyd,0.23565311500094105,0.05108225108225106,0.2165272154745838,Sean Burke,0.16493280632411064,0.14266403162055333,0.22701631223869384
2025-05-18,CHC,CHW,8.0,6.0,2.0,6.2,3.0,5.1,3.8,5.4,3.45,3.0,6.2,2.6,5.2,3.5,4.9,2025-05-18,Drew Pomeranz,0.41666666666666663,0.0,0.3329365079365079,Jonathan Cannon,0.16116249342055788,0.04253285543608122,0.17431754617109307
2025-05-30,CHC,CIN,8.0,2.0,6.0,6.6,4.4,6.9,3.7,5.65,3.8,6.0,4.8,4.7,4.3,4.15,4.1,2025-05-30,Colin Rea,0.1767246376811594,0.09405797101449273,0.17956817769170244,Andrew Abbott,0.24402607308785793,0.08910847606499778,0.1958864664747017
2025-05-31,CHC,CIN,2.0,2.0,0.0,4.4,4.4,6.4,4.0,5.75,3.9,6.0,4.4,5.0,4.4,4.4,4.0,2025-05-31,Drew Pomeranz,0.26666666666666666,0.05,0.14666666666666667,Nick Lodolo,0.23051659654043943,0.055294530154277655,0.2063429951690821
2025-06-01,CHC,CIN,10.0,7.0,3.0,4.0,3.2,6.0,3.8,5.4,3.8,4.4,2.6,4.3,4.5,4.4,3.9,2025-06-01,Jameson Taillon,0.22113892548675151,0.04040404040404038,0.17050092764378477,Nick Martinez,0.16175129218607476,0.01818181818181818,0.1860290116387677
2025-06-12,CHC,PIT,5.0,3.0,2.0,3.4,3.8,4.1,2.8,5.25,3.4,4.2,2.0,3.5,3.1,3.85,3.1,2025-06-12,Jameson Taillon,0.1967120480163958,0.03891787439613526,0.20636808868660142,Andrew Heaney,0.14907359307359302,0.07127272727272727,0.17735972256648944
2025-06-14,CHC,PIT,3.0,2.0,1.0,3.8,3.6,4.2,3.0,5.1,3.4,4.2,2.4,3.3,2.8,3.9,3.25,2025-06-14,Drew Pomeranz,0.13333333333333333,0.05,0.1816666666666667,Braxton Ashcraft,0.23571428571428568,0.14999999999999997,0.15370370370370368
2025-06-17,CHC,MIL,8.0,5.0,3.0,3.0,3.6,3.7,2.8,4.85,3.05,3.8,3.6,2.8,3.2,4.4,3.2,2025-06-17,Ben Brown,0.28826839826839823,0.05675324675324674,0.31012523251806934,Chad Patrick,0.2968702693187819,0.07912955465587043,0.23768349658423485
2025-06-19,CHC,MIL,15.0,7.0,8.0,4.0,3.4,3.4,2.8,4.4,3.15,4.0,3.4,3.1,3.5,4.15,3.2,2025-06-19,Drew Pomeranz,0.06666666666666667,0.1,0.11499999999999999,Freddy Peralta,0.22523809523809524,0.10412698412698411,0.2448518872431915
2025-06-20,CHC,SEA,13.0,4.0,9.0,3.8,4.2,4.1,3.4,4.65,3.5,3.8,1.6,4.0,3.5,3.5,3.65,2025-06-20,Matthew Boyd,0.18119599698547062,0.05240044166359954,0.15922442580141052,George Kirby,0.2701685042646141,0.06388599958394006,0.2033956045569631
2025-06-21,CHC,SEA,17.0,10.0,7.0,4.2,4.6,3.8,4.2,4.2,3.65,4.8,1.8,4.3,3.1,3.7,3.7,2025-06-21,Drew Pomeranz,0.14666666666666667,0.1,0.11857142857142855,Emerson Hancock,0.18598442747184163,0.08675681298106924,0.15749524227785094
2025-06-22,CHC,SEA,20.0,6.0,14.0,5.6,5.6,4.7,4.6,4.5,3.7,5.0,3.8,4.7,3.9,4.0,4.1,2025-06-22,Colin Rea,0.17100483091787438,0.056601376079636924,0.17694045085349427,Logan Gilbert,0.38728070175438595,0.056766917293233056,0.35811610597416216
2025-07-01,CHC,CLE,7.0,5.0,2.0,5.4,2.4,5.6,5.8,4.85,4.6,2.4,7.4,2.5,4.8,2.7,4.35,2025-07-01,Matthew Boyd,0.1681634155318365,0.05527125506072872,0.16727171184869657,Gavin Williams,0.15966873706004137,0.11232505175983434,0.19665347187860793
2025-07-02,CHC,CLE,9.0,5.0,4.0,4.8,2.8,5.7,5.1,4.75,4.65,1.6,6.4,2.3,5.1,2.8,4.4,2025-07-02,Shota Imanaga,0.21186554621848738,0.07365215176979881,0.1931194295900178,Tanner Bibee,0.2377169931517757,0.0414715719063545,0.23791836734693877
2025-07-04,CHC,STL,14.0,11.0,3.0,5.2,3.6,5.2,4.8,4.95,4.7,3.2,3.8,3.7,3.9,4.2,4.1,2025-07-04,Colin Rea,0.11959742351046695,0.025193968672229516,0.14841520798042535,Miles Mikolas,0.20038461538461538,0.036025641025641,0.18831900081900083
2025-07-05,CHC,STL,14.0,6.0,8.0,6.6,2.8,5.7,3.7,5.2,4.8,2.0,4.8,3.2,4.8,3.9,4.15,2025-07-05,Drew Pomeranz,0.25666666666666665,0.05,0.15079365079365076,Matthew Liberatore,0.16286726478030822,0.06493121693121692,0.16863777956460882
2025-07-06,CHC,STL,11.0,11.0,0.0,5.4,3.8,6.1,3.7,5.5,5.0,2.2,6.0,3.2,4.7,4.2,4.2,2025-07-06,Matthew Boyd,0.16047110783952884,0.05527125506072872,0.1535552367529111,Erick Fedde,0.11666666666666661,0.09395604395604393,0.12916311758417015
2025-07-18,CHC,BOS,5.0,4.0,1.0,3.8,3.8,5.3,4.2,5.5,4.65,4.8,2.0,7.0,2.4,6.2,4.1,2025-07-18,Drew Pomeranz,0.32333333333333336,0.15,0.21301587301587302,Lucas Giolito,0.2786178339401727,0.0545013207681873,0.2515776815776815
2025-07-19,CHC,BOS,6.0,6.0,0.0,4.2,3.2,5.2,3.9,5.2,4.35,3.0,2.4,6.0,2.6,6.15,4.15,2025-07-19,Shota Imanaga,0.17299409882530084,0.029946524064171098,0.19405071119356831,Brayan Bello,0.1912582684387958,0.046848300448706096,0.17727883286738
2025-07-20,CHC,BOS,7.0,1.0,6.0,3.8,3.0,4.7,3.6,5.2,3.65,2.2,3.0,5.0,2.9,5.9,4.0,2025-07-20,Drew Pomeranz,0.25666666666666665,0.15,0.24634920634920637,Jordan Hicks,0.22333333333333333,0.21857142857142856,0.24
2025-07-21,CHC,KCR,16.0,4.0,12.0,4.0,2.0,4.2,3.4,5.15,3.55,3.0,4.0,3.7,3.6,3.65,3.75,2025-07-21,Ben Brown,0.2413809523809524,0.07123809523809521,0.22492357266793356,Noah Cameron,0.22817791954634056,0.08478539783802938,0.22391513221717313
2025-07-23,CHC,KCR,12.0,4.0,8.0,4.2,3.8,4.0,3.8,4.9,3.75,4.6,3.8,4.4,3.9,4.25,3.9,2025-07-23,Drew Pomeranz,0.15666666666666668,0.15,0.17968253968253967,Seth Lugo,0.2639730639730639,0.06236726236726233,0.22756438349709004
2025-08-01,CHC,BAL,1.0,1.0,0.0,5.6,5.0,4.8,6.3,4.75,4.95,8.6,4.0,7.5,3.8,5.35,4.5,2025-08-01,Cade Horton,0.1659507159507159,0.10456210456210453,0.2650642512012316,Trevor Rogers,0.2306526806526806,0.08508158508158505,0.24598976517483137
2025-08-02,CHC,BAL,7.0,3.0,4.0,4.6,4.8,4.8,5.7,4.5,4.55,7.6,4.0,7.2,3.3,5.25,4.5,2025-08-02,Matthew Boyd,0.24164282501124604,0.06621862348178136,0.22680904920107575,Tomoyuki Sugano,0.1676521739130435,0.08417391304347825,0.19841236142122978
2025-08-03,CHC,BAL,8.0,5.0,3.0,4.2,4.8,4.7,4.9,4.1,4.75,6.2,3.8,7.4,3.3,5.3,4.6,2025-08-03,Drew Pomeranz,0.3133333333333333,0.1,0.23174603174603173,Brandon Young,0.2164688995215311,0.06705263157894735,0.20549250246924666
2025-08-04,CHC,CIN,5.0,2.0,3.0,4.4,3.8,4.6,5.2,4.3,4.5,3.2,3.6,3.7,2.9,4.25,3.5,2025-08-04,Drew Pomeranz,0.3933333333333333,0.09,0.2603174603174603,Nick Martinez,0.19523960097873136,0.08692113683418028,0.14150742767231456
2025-08-05,CHC,CIN,6.0,1.0,5.0,4.2,2.6,4.4,4.7,4.3,4.45,3.4,3.0,3.9,2.5,4.3,3.0,2025-08-05,Shota Imanaga,0.19932576280402364,0.016498316498316477,0.20356043956043957,Zack Littell,0.15188834154351394,0.0714285714285714,0.1680313676586968
2025-08-06,CHC,CIN,7.0,6.0,1.0,2.4,3.0,4.0,4.0,3.95,4.65,3.6,2.2,3.9,2.6,4.2,2.95,2025-08-06,Drew Pomeranz,0.31333333333333335,0.09,0.22142857142857136,Andrew Abbott,0.16325553012967195,0.08742028985507244,0.21205263157894735
2025-08-15,CHC,PIT,5.0,2.0,3.0,3.4,2.4,3.1,2.9,3.9,3.9,3.0,9.8,3.3,6.7,4.85,5.45,2025-08-15,Colin Rea,0.18085827216261996,0.07280255975908148,0.153999044433827,Braxton Ashcraft,0.22854922854922854,0.041904761904761875,0.20547785547785544
2025-08-16,CHC,PIT,4.0,3.0,1.0,2.0,2.8,2.8,2.9,3.7,4.05,3.4,9.8,3.1,6.5,4.85,5.55,2025-08-16,Shota Imanaga,0.27775132275132275,0.0074074074074074,0.21170858770858772,Mike Burrows,0.2598268398268398,0.07718614718614716,0.2487994155663328
2025-08-18,CHC,MIL,7.0,0.0,7.0,2.8,2.0,3.2,2.5,3.6,3.25,10.0,4.0,7.5,3.3,7.55,4.0,2025-08-18,Drew Pomeranz,0.37,0.08,0.3869047619047618,Freddy Peralta,0.2724449463579898,0.11872764916243173,0.3082524003973071
2025-08-19,CHC,MIL,10.0,6.0,4.0,2.0,3.2,2.6,3.1,3.3,3.55,10.0,2.8,7.9,3.2,7.4,3.9,2025-08-19,Drew Pomeranz,0.29000000000000004,0.04,0.3783333333333333,Brandon Woodruff,0.2840634920634921,0.07222222222222222,0.242087958964531
2025-08-20,CHC,MIL,7.0,4.0,3.0,3.4,3.2,2.7,3.0,3.35,3.2,6.8,4.6,7.2,3.6,7.4,3.8,2025-08-20,Colin Rea,0.1854037267080745,0.056438923395445116,0.16027082143731133,Jacob Misiorowski,0.362298853387829,0.13263518013820877,0.2658320429909079
2025-08-21,CHC,MIL,5.0,1.0,4.0,3.6,3.6,2.9,3.0,3.4,2.9,5.0,4.4,7.2,3.8,7.4,3.9,2025-08-21,Drew Pomeranz,0.42333333333333334,0.04,0.44833333333333336,Quinn Priester,0.16192696192696188,0.06376586376586371,0.21328282828282824
2025-09-02,CHC,ATL,7.0,4.0,3.0,5.2,6.4,4.8,4.7,3.85,3.85,6.2,5.0,4.6,5.1,5.9,5.4,2025-09-02,Drew Pomeranz,0.18333333333333335,0.0,0.1804040404040404,Joey Wentz,0.1564172783738001,0.08764972708450966,0.17386199804508512
2025-09-03,CHC,ATL,6.0,1.0,5.0,5.4,4.6,5.1,4.6,4.0,3.75,4.6,5.4,4.8,5.5,5.65,5.3,2025-09-03,Drew Pomeranz,0.23333333333333334,0.0,0.19676767676767676,Bryce Elder,0.1655982905982906,0.0783475783475783,0.17642749101909622
2025-09-05,CHC,WSN,16.0,11.0,5.0,5.0,4.8,4.9,4.9,3.85,3.95,4.4,3.6,3.3,5.1,4.05,5.1,2025-09-05,Javier Assad,0.12134740259740255,0.057990620490620454,0.13358031326781325,Jake Irvin,0.12378825522303778,0.09148785996612081,0.17367761415275446
2025-09-06,CHC,WSN,3.0,1.0,2.0,5.0,4.4,4.8,5.3,4.35,4.1,5.2,5.0,3.6,5.9,3.9,5.3,2025-09-06,Drew Pomeranz,0.13999999999999999,0.0,0.13676767676767676,Brad Lord,0.18323913043478254,0.08517391304347824,0.16348005123190695
2025-09-12,CHC,TBR,10.0,6.0,4.0,2.8,3.0,3.9,3.7,4.3,3.95,2.8,4.0,4.4,4.0,4.65,4.2,2025-09-12,Drew Pomeranz,0.35666666666666663,0.0,0.3785858585858586,Shane Baz,0.2657707509881423,0.07942907334211678,0.25731617711684157
2025-09-13,CHC,TBR,9.0,4.0,5.0,3.8,3.4,4.1,3.8,4.4,4.1,3.2,4.6,3.8,4.4,4.8,4.15,2025-09-13,Drew Pomeranz,0.42333333333333334,0.0,0.40636363636363637,Drew Rasmussen,0.1832119825254836,0.057665903890160165,0.1851876876876877
2025-09-14,CHC,TBR,7.0,4.0,3.0,4.0,3.2,4.0,3.7,4.4,4.2,4.0,5.0,3.7,4.3,4.9,3.7,2025-09-14,Javier Assad,0.1351731601731601,0.0654401154401154,0.14134700923494026,Adrian Houser,0.26469635627530363,0.05197802197802195,0.18937700242048067
2025-09-23,CHC,NYM,16.0,7.0,9.0,3.0,3.8,3.7,3.2,3.8,3.45,6.4,4.0,4.7,5.7,5.45,5.75,2025-09-23,Drew Pomeranz,0.31999999999999995,0.04,0.3488095238095238,David Peterson,0.18769710681475385,0.10848759084053197,0.21837037037037033
2025-09-24,CHC,NYM,13.0,10.0,3.0,2.8,4.8,3.8,3.7,3.95,3.75,6.6,4.8,5.3,5.5,4.95,5.65,2025-09-24,Matthew Boyd,0.19189897821476767,0.0731002506265664,0.23168643383374765,Clay Holmes,0.18395445134575567,0.07632505175983433,0.22781453840277366
2025-09-25,CHC,NYM,13.0,5.0,8.0,4.8,5.2,4.4,3.5,4.2,3.6,6.4,5.4,5.3,5.4,4.7,5.6,2025-09-25,Drew Pomeranz,0.31999999999999995,0.10666666666666666,0.2988095238095238,Nolan McLean,0.26262626262626265,0.0871212121212121,0.25752635039476146
2025-09-26,CHC,STL,13.0,12.0,1.0,5.0,5.4,4.5,4.0,4.25,3.85,6.0,3.8,4.6,4.6,3.9,4.5,2025-09-26,Colin Rea,0.24485805422647525,0.0482456140350877,0.2486959597042117,Miles Mikolas,0.14367167919799498,0.036716791979949856,0.12070225943686952
2025-09-27,CHC,STL,10.0,7.0,3.0,6.8,4.4,5.3,4.1,4.8,3.65,4.8,6.0,4.5,5.0,3.75,5.0,2025-09-27,Drew Pomeranz,0.41999999999999993,0.10666666666666666,0.29325396825396827,Michael McGreevy,0.12672200263504607,0.07409090909090907,0.1734018759018759
2025-04-29,CHW,MIL,9.0,2.0,7.0,4.4,4.6,3.7,6.0,3.25,5.0,4.2,4.0,5.4,3.5,5.6,3.35,2025-04-29,Tyler Gilbert,0.3438095238095238,0.12380952380952381,0.24466033966033965,Freddy Peralta,0.23940859140859141,0.08784415584415581,0.3082647259026269
2025-04-30,CHW,MIL,10.0,4.0,6.0,4.4,5.2,3.6,5.5,3.3,5.05,5.2,3.6,5.6,3.4,5.55,3.35,2025-04-30,Shane Smith,0.20777511961722483,0.08173843700159486,0.25623645035409737,Tyler Alexander,0.14897025171624712,0.09713958810068649,0.12244588744588743
2025-05-01,CHW,MIL,8.0,8.0,0.0,4.8,5.6,3.9,5.8,3.3,5.0,5.4,3.2,6.1,3.5,5.5,3.5,2025-05-01,Sean Burke,0.16522429261559696,0.1136135265700483,0.2609346177495388,Chad Patrick,0.18471359558316078,0.093015873015873,0.1801713962325167
2025-05-02,CHW,HOU,10.0,7.0,3.0,5.8,4.4,4.7,5.0,3.6,4.65,5.0,4.2,4.2,2.8,4.4,3.35,2025-05-02,Jonathan Cannon,0.18235553040306857,0.11855624724894669,0.17777499693289164,Framber Valdez,0.2275578574349189,0.09036227340875014,0.20431968325483923
2025-05-03,CHW,HOU,11.0,3.0,8.0,6.2,3.8,5.1,4.3,3.8,4.6,5.6,5.2,4.3,3.2,4.4,3.5,2025-05-03,Davis Martin,0.15465734265734263,0.07865734265734263,0.17768237777717047,Hunter Brown,0.29235177865612644,0.03521080368906454,0.25990305257994517
2025-05-09,CHW,MIA,8.0,6.0,2.0,1.4,5.4,3.8,4.6,3.3,5.3,3.4,6.4,4.0,8.4,4.6,7.25,2025-05-09,Bryse Wilson,0.07261904761904761,0.0970238095238095,0.11914202818458133,Max Meyer,0.28191229060794276,0.08894372294372291,0.27079479000531625
2025-05-10,CHW,MIA,4.0,1.0,3.0,2.0,4.2,3.4,4.5,3.55,5.25,3.6,6.4,3.4,8.6,4.35,7.25,2025-05-10,Tyler Gilbert,0.41166666666666674,0.09166666666666666,0.3092207792207792,Edward Cabrera,0.21461980048936566,0.1065358554488989,0.2136441683619103
2025-05-11,CHW,MIA,6.0,4.0,2.0,2.2,4.2,3.3,4.1,3.45,4.8,2.4,5.4,3.7,7.3,3.95,7.1,2025-05-11,Tyler Gilbert,0.29166666666666663,0.19166666666666665,0.3061904761904762,Sandy Alcantara,0.11303030303030301,0.1404242424242424,0.19667805523032822
2025-05-21,CHW,SEA,11.0,5.0,6.0,2.0,6.2,2.6,4.7,3.2,4.65,4.0,1.0,3.4,4.0,5.0,3.9,2025-05-21,Shane Smith,0.257162471395881,0.06961327231121281,0.26888655718442955,Logan Evans,0.14966783216783214,0.08945804195804195,0.12624807987711212
2025-05-23,CHW,TEX,5.0,4.0,1.0,2.4,4.8,2.5,5.1,2.95,4.8,2.6,3.0,3.1,2.6,3.4,3.15,2025-05-23,Sean Burke,0.15456243595374025,0.15570106865759034,0.19372362931186457,Tyler Mahle,0.12756916996047427,0.052786561264822104,0.16610020003637022
2025-05-24,CHW,TEX,15.0,10.0,5.0,2.6,3.6,2.8,4.9,3.05,4.5,1.8,3.6,3.0,2.9,3.45,3.2,2025-05-24,Bryse Wilson,0.10484126984126982,0.1244312169312169,0.1582791150878861,Jack Leiter,0.1573458498023715,0.14399736495388665,0.18581561370703775
2025-05-25,CHW,TEX,9.0,4.0,5.0,4.2,3.4,3.4,5.2,3.35,4.45,2.2,4.8,3.1,3.8,3.65,3.05,2025-05-25,Davis Martin,0.16518592518592518,0.03693121693121692,0.1798765156032598,Patrick Corbin,0.19406487232574185,0.08428801472279732,0.21140810512964464
2025-06-02,CHW,DET,14.0,1.0,13.0,3.6,3.8,4.2,3.8,3.4,4.25,3.0,2.0,2.9,2.2,3.65,3.45,2025-06-02,Bryse Wilson,0.16858585858585856,0.1289225589225589,0.28354607035484136,Jack Flaherty,0.30974358974358973,0.07648351648351645,0.2631087882307394
2025-06-03,CHW,DET,9.0,8.0,1.0,3.0,5.2,3.8,4.5,3.15,4.8,5.0,2.0,3.7,2.2,4.2,3.45,2025-06-03,Shane Smith,0.2599193636264574,0.10576615451672658,0.27491729380340135,Tyler Holton,0.23333333333333334,0.05,0.3293939393939394
2025-06-06,CHW,KCR,9.0,7.0,2.0,3.4,5.2,3.6,4.5,3.5,4.85,4.6,4.0,3.7,4.4,3.35,3.9,2025-06-06,Davis Martin,0.11415166958645215,0.05062686910512996,0.19433907598973318,Seth Lugo,0.20417583840284248,0.051626474344527065,0.16391675956893348
2025-06-07,CHW,KCR,5.0,4.0,1.0,4.4,4.8,3.9,4.2,3.65,4.85,4.0,4.0,3.8,4.8,3.4,4.1,2025-06-07,Adrian Houser,0.19672919672919673,0.07511624178290839,0.1983405483405483,Michael Wacha,0.17447204968944097,0.03967701863354036,0.1522441809398331
2025-06-08,CHW,KCR,12.0,5.0,7.0,4.8,4.4,4.2,4.1,3.8,4.55,4.0,4.8,3.5,4.7,3.1,4.05,2025-06-08,Tyler Alexander,0.15714285714285714,0.0,0.09454545454545454,Michael Lorenzen,0.16790099394747068,0.049292714753734215,0.19696412079390796
2025-06-17,CHW,STL,14.0,2.0,12.0,2.2,4.2,3.9,3.7,3.85,4.1,2.8,4.4,3.8,4.7,3.9,5.0,2025-06-17,Tyler Alexander,0.1736263736263736,0.02967032967032966,0.14479472140762462,Matthew Liberatore,0.16261704800835233,0.033911769390030246,0.17601858304297327
2025-06-19,CHW,STL,9.0,4.0,5.0,1.8,6.2,3.3,4.8,3.75,4.65,4.8,3.8,4.5,4.2,4.3,4.95,2025-06-19,Tyler Gilbert,0.17857142857142855,0.1,0.2825396825396825,Erick Fedde,0.16428571428571428,0.07485714285714284,0.14267288819920396
2025-06-25,CHW,ARI,10.0,7.0,3.0,2.6,4.8,2.4,5.0,3.15,4.9,7.0,3.2,5.9,4.9,5.65,4.9,2025-06-25,Tyler Alexander,0.10219780219780214,0.02967032967032966,0.1847947214076246,Zac Gallen,0.17357264957264956,0.09095156695156693,0.22849993200054394
2025-06-27,CHW,SFG,4.0,1.0,3.0,2.6,5.2,2.8,4.9,3.4,4.85,4.8,6.0,3.9,5.4,4.4,4.55,2025-06-27,Tyler Alexander,0.10219780219780214,0.06967032967032967,0.18883512544802866,Landen Roupp,0.18520289855072464,0.13933970377448637,0.20852132310608634
2025-06-28,CHW,SFG,1.0,1.0,0.0,2.6,4.4,2.8,4.9,3.35,4.85,4.4,4.8,3.7,4.4,4.55,4.55,2025-06-28,Adrian Houser,0.1954166855965956,0.07921695717797662,0.1839393939393939,Robbie Ray,0.28841391941391936,0.07476556776556774,0.31214418664356086
2025-06-29,CHW,SFG,7.0,5.0,2.0,2.0,4.0,2.8,4.7,3.35,4.2,3.8,4.6,3.3,4.0,4.35,4.5,2025-06-29,Tyler Gilbert,0.2102380952380952,0.025,0.20444444444444443,Justin Verlander,0.17777296777296772,0.09506974506974504,0.21481143934632305
2025-07-07,CHW,TOR,12.0,4.0,8.0,4.6,4.4,3.8,3.6,3.1,4.3,7.8,5.0,7.0,4.9,5.45,4.95,2025-07-07,Tyler Alexander,0.14505494505494504,0.07076923076923076,0.19928515928515927,Jos\xc3\xa9 Berr\xc3\xados,0.18113194052324483,0.04576190476190474,0.18999043417555583
2025-07-09,CHW,TOR,3.0,2.0,1.0,4.6,5.0,3.5,4.1,3.15,4.5,8.4,5.0,6.8,4.7,5.6,5.05,2025-07-09,Adrian Houser,0.1698060969515242,0.08451174412793601,0.198030303030303,Eric Lauer,0.26012897857291445,0.055704181402121876,0.1843851386708529
2025-07-11,CHW,CLE,6.0,2.0,4.0,4.6,4.0,3.6,3.9,3.2,4.4,3.2,3.0,2.4,4.7,2.55,4.35,2025-07-11,Tyler Alexander,0.18949938949938944,0.07076923076923076,0.22428515928515927,Gavin Williams,0.1583960097873141,0.13893111236589495,0.22430014943428445
2025-07-12,CHW,CLE,8.0,2.0,6.0,4.4,4.4,3.7,4.3,3.25,4.5,3.2,2.4,2.8,4.3,2.65,4.1,2025-07-12,Tyler Gilbert,0.21047619047619048,0.05333333333333332,0.13329670329670326,Tanner Bibee,0.21859663982089605,0.07297690867484916,0.23920041862899005
2025-07-25,CHW,CHC,17.0,12.0,5.0,7.8,4.4,5.9,4.2,4.85,3.9,4.2,5.2,4.2,4.2,4.95,4.15,2025-07-25,Adrian Houser,0.1618046780805401,0.0669582830962141,0.17257400257400252,Drew Pomeranz,0.18666666666666668,0.05,0.22857142857142856
2025-07-26,CHW,CHC,7.0,1.0,6.0,8.2,4.6,6.7,3.9,5.1,4.0,4.0,7.6,3.9,5.3,5.0,4.4,2025-07-26,Tyler Alexander,0.33015873015873015,0.049999999999999996,0.34753302253302254,Cade Horton,0.15606929302581474,0.11286249981902152,0.2754551467974711
2025-07-27,CHW,CHC,9.0,4.0,5.0,7.0,5.4,6.6,4.4,5.1,4.15,5.0,6.6,4.5,4.3,4.7,4.3,2025-07-27,Tyler Alexander,0.2944444444444444,0.049999999999999996,0.2899572649572649,Drew Pomeranz,0.27999999999999997,0.05,0.22698412698412693
2025-07-28,CHW,PHI,8.0,6.0,2.0,6.2,5.8,6.8,4.5,5.25,4.4,6.0,4.4,5.2,4.3,4.9,3.45,2025-07-28,Davis Martin,0.16232689210950074,0.08851046698872785,0.206577512427896,Cristopher S\xc3\xa1nchez,0.30425843529847973,0.026896551724137917,0.2993822238996084
2025-07-29,CHW,PHI,9.0,3.0,6.0,6.8,5.4,7.2,4.1,5.3,4.4,6.0,4.0,5.2,4.5,4.9,3.7,2025-07-29,Tyler Gilbert,0.19999999999999998,0.13333333333333333,0.21190476190476187,Jes\xc3\xbas Luzardo,0.2998089591567853,0.13805665349143606,0.31090851791119406
2025-07-30,CHW,PHI,12.0,9.0,3.0,5.2,4.8,6.5,4.6,5.4,4.4,6.4,4.4,5.4,4.3,5.0,3.85,2025-07-30,Tyler Alexander,0.3,0.1,0.26495726495726496,Taijuan Walker,0.15053140096618356,0.10333333333333332,0.11852461264225966
2025-08-08,CHW,CLE,14.0,5.0,9.0,4.2,5.4,4.4,4.9,5.55,4.4,4.2,2.4,4.7,3.6,5.25,3.65,2025-08-08,Aaron Civale,0.22262375305853563,0.06327875023527196,0.1598210825832309,Tanner Bibee,0.22105706184653545,0.045374800637958526,0.2630073790943356
2025-08-09,CHW,CLE,4.0,1.0,3.0,4.0,6.6,4.8,5.2,5.7,4.8,5.0,3.4,5.3,3.7,5.35,3.65,2025-08-09,Tyler Gilbert,0.09,0.09,0.24357142857142855,Joey Cantillo,0.2889107551487414,0.13021052631578947,0.33562441899898604
2025-08-10,CHW,CLE,10.0,6.0,4.0,4.0,7.2,4.5,5.0,5.65,4.75,4.6,2.8,5.0,3.4,5.3,3.6,2025-08-10,Davis Martin,0.22390660225442832,0.09481481481481481,0.2566391837199096,Slade Cecconi,0.16639826839826838,0.05528234728234725,0.19602986560477847
2025-08-11,CHW,DET,3.0,1.0,2.0,4.2,6.4,4.5,5.2,5.85,4.65,5.2,6.4,5.0,4.9,4.6,4.85,2025-08-11,Tyler Alexander,0.2095238095238095,0.0776190476190476,0.16543513957307057,Tyler Holton,0.16190476190476194,0.05,0.22243589743589745
2025-08-12,CHW,DET,15.0,9.0,6.0,3.8,5.2,4.3,4.8,5.4,4.7,5.0,5.4,4.5,4.8,4.6,4.85,2025-08-12,Tyler Gilbert,0.09,0.15666666666666665,0.2331818181818182,Jack Flaherty,0.2808695652173913,0.09608695652173908,0.24838434470013415
2025-08-13,CHW,DET,1.0,0.0,1.0,4.4,4.8,4.3,5.1,5.35,4.8,5.4,5.4,4.7,5.2,4.9,5.15,2025-08-13,Mart\xc3\xadn P\xc3\xa9rez,0.20346320346320343,0.13379329004329,0.217012987012987,Troy Melton,0.18749999999999997,0.08333333333333333,0.23507683215130024
2025-08-22,CHW,MIN,16.0,7.0,9.0,5.4,6.6,4.4,4.9,4.45,4.95,3.8,6.0,3.5,5.2,3.9,5.75,2025-08-22,Aaron Civale,0.28053679653679653,0.0557056277056277,0.21304050782561168,Zebby Matthews,0.2973809523809524,0.05595238095238092,0.2667760239531592
2025-08-23,CHW,MIN,10.0,7.0,3.0,6.4,7.2,4.5,5.4,4.5,5.3,5.6,6.0,3.5,5.5,4.2,5.65,2025-08-23,Tyler Alexander,0.19583333333333333,0.0758333333333333,0.19298941798941796,Mick Abel,0.14438596491228067,0.12333333333333334,0.2142133144360736
2025-08-24,CHW,MIN,8.0,8.0,0.0,7.4,6.6,5.1,5.5,4.7,5.15,5.2,5.8,3.8,6.0,4.25,5.65,2025-08-24,Yoendrys G\xc3\xb3mez,0.1892380952380952,0.11323809523809522,0.24403036576949616,Taj Bradley,0.15635704874835307,0.10184453227931485,0.184828796983622
2025-08-25,CHW,KCR,7.0,7.0,0.0,6.4,4.8,5.0,4.9,4.65,5.0,5.2,5.8,5.0,3.9,5.15,4.45,2025-08-25,Tyler Gilbert,0.13333333333333333,0.06666666666666665,0.18151515151515152,Noah Cameron,0.16679871175523348,0.08079871175523348,0.2313256047797771
2025-08-26,CHW,KCR,9.0,4.0,5.0,5.8,2.6,5.7,4.8,4.7,4.85,4.6,6.0,4.7,4.5,4.7,4.65,2025-08-26,Mart\xc3\xadn P\xc3\xa9rez,0.18428571428571422,0.1064285714285714,0.16989303169948328,Michael Lorenzen,0.2275923632610939,0.0398627450980392,0.24004142373929938
2025-08-27,CHW,KCR,13.0,1.0,12.0,6.6,3.4,6.0,5.0,4.85,5.1,4.4,6.0,4.6,4.7,4.85,4.65,2025-08-27,Aaron Civale,0.26506060606060605,0.0795151515151515,0.23260572521691603,Ryan Bergert,0.24078491683754838,0.09738664843928,0.23317421800393934
2025-08-28,CHW,NYY,14.0,4.0,10.0,5.4,4.0,5.9,5.6,4.65,5.3,6.8,4.4,7.0,4.4,5.1,3.9,2025-08-28,Tyler Alexander,0.12916666666666665,0.06249999999999998,0.09537037037037036,Will Warren,0.18684829663090527,0.07208262751741007,0.16612279226240537
2025-08-29,CHW,NYY,12.0,2.0,10.0,4.8,5.4,6.1,6.0,4.7,5.4,8.6,2.8,6.8,4.0,5.6,4.0,2025-08-29,Yoendrys G\xc3\xb3mez,0.1857293233082707,0.0781503759398496,0.22387532700980622,Carlos Rod\xc3\xb3n,0.21907396950875208,0.1598562017692452,0.2472357723577235
2025-08-31,CHW,NYY,5.0,3.0,2.0,3.6,7.4,5.0,6.1,4.5,5.5,9.2,2.8,7.0,3.8,5.95,3.75,2025-08-31,Mart\xc3\xadn P\xc3\xa9rez,0.19640692640692636,0.08976190476190474,0.19907963457029665,Luis Gil,0.20369357187434986,0.15764544761112262,0.21480884706691156
2025-09-09,CHW,TBR,9.0,4.0,5.0,5.6,5.2,5.5,5.6,5.7,5.6,3.4,3.6,4.8,3.1,4.95,3.9,2025-09-09,Tyler Alexander,0.0831168831168831,0.0,0.03398692810457516,Adrian Houser,0.21098207056101792,0.07597802197802195,0.22097120531903142
2025-09-11,CHW,TBR,6.0,5.0,1.0,4.6,5.0,5.9,4.6,5.45,5.35,2.8,4.4,5.0,3.9,4.7,4.0,2025-09-11,Tyler Alexander,0.1631168831168831,0.0,0.10065359477124183,Ian Seymour,0.32507002801120444,0.07962184873949578,0.27093023255813947
2025-09-15,CHW,BAL,5.0,1.0,4.0,2.8,3.2,4.2,4.4,4.65,4.7,2.4,5.8,3.5,4.3,4.05,5.4,2025-09-15,Tyler Alexander,0.16008658008658008,0.03333333333333332,0.10065359477124183,Kyle Bradish,0.3112356053532524,0.06390704429920113,0.28385308385308383
2025-09-16,CHW,BAL,15.0,7.0,8.0,1.8,3.0,3.2,4.0,4.3,4.9,2.8,5.0,3.5,4.1,3.9,4.95,2025-09-16,Tyler Alexander,0.16008658008658008,0.03333333333333332,0.13142282554047258,Dean Kremer,0.22081397499017635,0.0636708426754193,0.24755820954466395
2025-09-19,CHW,SDP,7.0,4.0,3.0,2.4,4.2,3.3,4.0,4.15,5.2,6.2,5.4,4.6,3.8,4.7,4.65,2025-09-19,Davis Martin,0.20216894216894216,0.10320679320679316,0.2014492753623188,Dylan Cease,0.2914141414141414,0.09873737373737372,0.3270911962463902
2025-09-20,CHW,SDP,10.0,3.0,7.0,3.0,4.2,3.1,3.9,4.3,4.75,4.6,5.6,4.1,4.1,4.5,4.55,2025-09-20,Yoendrys G\xc3\xb3mez,0.2606759322548796,0.12130477709425076,0.24325125398996805,Yu Darvish,0.25330654000730723,0.040812324929971985,0.1880409126671912
2025-09-21,CHW,SDP,5.0,2.0,3.0,3.2,5.0,3.0,4.1,4.25,4.6,4.2,5.0,4.6,4.0,4.7,4.5,2025-09-21,Sean Burke,0.26881352221909494,0.14538512055539915,0.2557572138423202,Kyle Hart,0.48,0.040000000000000015,0.21406593406593405
2025-04-28,CIN,STL,4.0,3.0,1.0,6.0,3.6,7.3,4.3,5.65,3.55,4.2,4.4,3.6,4.8,4.15,5.0,2025-04-28,Nick Martinez,0.19464182194616972,0.07813457556935817,0.2186870743341926,Andre Pallante,0.1466583850931677,0.09113457556935815,0.2400438176138064
2025-04-30,CIN,STL,6.0,0.0,6.0,6.0,3.0,7.3,3.9,5.8,3.55,2.4,4.2,3.6,4.7,3.75,4.5,2025-04-30,Brady Singer,0.28151834130781495,0.08351834130781496,0.25364363238940235,Miles Mikolas,0.12552380952380954,0.08504761904761904,0.12982692879393018
2025-05-01,CIN,STL,10.0,9.0,1.0,3.6,4.2,6.1,4.2,5.2,3.8,4.6,3.2,4.7,4.0,3.95,3.25,2025-05-01,Andrew Abbott,0.32581453634085206,0.13032581453634082,0.2553729547990667,Matthew Liberatore,0.22922705314009661,0.016498316498316477,0.22647906919440958
2025-05-02,CIN,WSN,7.0,6.0,1.0,4.2,3.6,4.6,4.1,5.55,3.45,5.0,8.4,4.2,5.3,4.1,5.4,2025-05-02,Hunter Greene,0.281933220147142,0.04383757781550648,0.29379837461300307,Mitchell Parker,0.11924315619967792,0.11120711012015354,0.19978391356542613
2025-05-03,CIN,WSN,17.0,6.0,11.0,3.8,3.6,4.9,3.6,5.75,3.5,3.6,8.2,3.6,5.9,3.8,5.5,2025-05-03,Nick Lodolo,0.21799904443382703,0.041604077082337945,0.20105630803305216,Trevor Williams,0.20848861283643885,0.08193111236589494,0.17953934171325475
2025-05-04,CIN,WSN,5.0,1.0,4.0,4.4,5.6,5.2,4.3,6.0,4.05,4.8,5.6,4.3,6.2,4.05,5.45,2025-05-04,Nick Martinez,0.1784362883493318,0.08762074157726331,0.2159451388503216,MacKenzie Gore,0.34094202898550724,0.05548654244306417,0.3372773793277995
2025-05-14,CIN,CHW,6.0,2.0,4.0,3.4,5.0,4.0,5.1,5.25,4.65,2.4,3.8,3.3,3.7,3.6,4.75,2025-05-14,Nick Lodolo,0.24658810474238244,0.0458116507148765,0.21033391729043896,Davis Martin,0.15577489177489173,0.06479653679653678,0.16386819959494378
2025-05-15,CIN,CHW,8.0,7.0,1.0,3.8,5.0,4.1,4.6,5.1,4.4,3.0,3.8,2.9,3.9,3.8,4.45,2025-05-15,Nick Martinez,0.18839566230870575,0.060573122529644266,0.24057099608487453,Bryse Wilson,0.0826190476190476,0.1170238095238095,0.12572097555300238
2025-05-16,CIN,CLE,9.0,5.0,4.0,4.4,4.6,3.9,4.6,4.25,4.35,2.6,3.8,5.0,4.0,4.0,4.65,2025-05-16,Brady Singer,0.18937015078319422,0.08067449860928118,0.17053900047321097,Tanner Bibee,0.17249721293199552,0.0757246376811594,0.13187681970884654
2025-05-18,CIN,CLE,4.0,3.0,1.0,3.6,3.2,3.6,3.9,4.4,4.1,3.4,3.6,4.1,3.5,4.05,4.75,2025-05-18,Andrew Abbott,0.3240373661426293,0.10158730158730156,0.24553146518713231,Luis Ortiz,0.293133069828722,0.12772200263504607,0.2967941973537382
2025-05-23,CIN,CHC,19.0,6.0,13.0,3.0,1.4,4.2,3.1,3.6,3.7,7.2,3.0,6.2,3.3,5.8,3.15,2025-05-23,Hunter Greene,0.39095374800637955,0.047567783094098856,0.31093939291963923,Drew Pomeranz,0.3333333333333333,0.0,0.1107142857142857
2025-05-24,CIN,CHC,10.0,6.0,4.0,3.4,3.8,3.5,3.5,3.75,4.3,8.4,3.6,7.3,3.3,6.0,3.45,2025-05-24,Andrew Abbott,0.2647300068352699,0.1193362193362193,0.21655011655011652,Colin Rea,0.1827246376811594,0.09005797101449274,0.16572202384554863
2025-05-25,CIN,CHC,19.0,8.0,11.0,4.0,4.4,4.1,3.3,4.05,4.2,8.0,4.4,7.2,3.7,6.05,3.55,2025-05-25,Nick Lodolo,0.2503426834969612,0.04590322580645158,0.2213429951690821,Drew Pomeranz,0.3333333333333333,0.05,0.0857142857142857
2025-06-02,CIN,MIL,5.0,2.0,3.0,3.6,3.2,4.6,5.1,4.35,4.1,7.4,3.6,6.1,3.3,4.2,3.8,2025-06-02,Brady Singer,0.11409142650896771,0.09899397523460489,0.12536075036075034,Aaron Civale,0.1772486772486772,0.05555555555555553,0.16717308587227284
2025-06-03,CIN,MIL,6.0,4.0,2.0,2.6,3.4,4.7,5.1,4.45,4.1,6.8,3.0,5.9,3.3,4.15,3.75,2025-06-03,Hunter Greene,0.33428265851795264,0.051235039470333574,0.26458614512034445,Freddy Peralta,0.2234989648033126,0.10657349896480328,0.2405585062056245
2025-06-04,CIN,MIL,10.0,1.0,9.0,3.0,3.2,4.5,4.0,4.0,3.75,6.6,3.4,5.6,3.3,4.2,3.5,2025-06-04,Andrew Abbott,0.2802579571458289,0.05335968379446639,0.21361696292860244,Quinn Priester,0.1387620265497503,0.06747351114358784,0.18194070353324293
2025-06-07,CIN,ARI,14.0,13.0,1.0,2.0,4.6,4.0,4.5,4.05,3.9,6.2,5.2,5.3,5.8,5.4,5.4,2025-06-07,Nick Martinez,0.12459714198844629,0.035573122529644265,0.145767145844987,Ryne Nelson,0.17365079365079358,0.03968253968253966,0.17646945646945644
2025-06-08,CIN,ARI,6.0,4.0,2.0,4.6,4.4,4.5,3.5,4.6,3.75,5.0,5.6,5.1,6.7,5.35,6.0,2025-06-08,Brady Singer,0.137371849789391,0.11275058899121863,0.17126984126984127,Zac Gallen,0.16399999999999998,0.0872222222222222,0.22600221483942412
2025-06-17,CIN,MIN,11.0,6.0,5.0,5.4,5.4,5.6,4.5,5.15,4.8,3.6,9.4,4.1,7.6,4.15,5.7,2025-06-17,Andrew Abbott,0.210822977863651,0.06750360438999986,0.2309926747743604,Joey Wentz,0.13015873015873014,0.1257936507936508,0.1563492063492063
2025-06-19,CIN,MIN,17.0,5.0,12.0,6.4,6.4,5.8,4.8,5.15,4.4,3.8,7.4,4.0,8.1,4.1,5.75,2025-06-19,Nick Martinez,0.15004864700516873,0.05990645586297758,0.1377922751871895,Chris Paddack,0.15825123152709356,0.04856321839080456,0.19158548545276233
2025-06-25,CIN,NYY,8.0,1.0,7.0,4.4,5.0,4.9,5.2,4.55,4.35,4.8,3.2,3.0,2.9,4.25,4.4,2025-06-25,Brady Singer,0.17768965517241375,0.09637274220032836,0.2266220342964529,Max Fried,0.24542087542087537,0.0348148148148148,0.25199015270443836
2025-06-27,CIN,SDP,9.0,8.0,1.0,3.4,5.4,4.9,5.9,4.5,4.55,3.8,3.2,4.1,4.3,4.15,3.85,2025-06-27,Nick Martinez,0.2037254901960784,0.03609803921568626,0.14214634146341462,Dylan Cease,0.29290671835799265,0.09988284645556007,0.35621037965865543
2025-06-28,CIN,SDP,10.0,4.0,6.0,4.0,3.2,5.5,4.9,4.6,4.5,3.0,4.6,3.9,4.5,3.95,3.95,2025-06-28,Andrew Abbott,0.2104386665228179,0.02283957276944652,0.2183682813715143,Randy V\xc3\xa1squez,0.13206349206349205,0.0987301587301587,0.18292318096829369
2025-06-29,CIN,SDP,5.0,3.0,2.0,4.6,3.2,5.4,4.4,4.8,4.7,3.6,5.0,3.9,4.1,4.15,4.0,2025-06-29,Nick Lodolo,0.2357066462948815,0.05837789661319072,0.22452092452852326,Stephen Kolek,0.16112121212121208,0.0892121212121212,0.18650641979895347
2025-07-07,CIN,MIA,6.0,1.0,5.0,4.4,4.6,4.4,5.2,4.65,5.2,3.0,2.8,4.8,3.3,4.5,3.6,2025-07-07,Brady Singer,0.24527838827838827,0.11255311355311348,0.2148442565186751,Janson Junk,0.17493123454221854,0.00909090909090908,0.14575778666111092
2025-07-08,CIN,MIA,14.0,2.0,12.0,4.0,4.6,4.4,5.0,4.65,5.45,3.8,2.6,4.9,3.2,4.2,3.2,2025-07-08,Nick Martinez,0.17245564892623713,0.026579520697167743,0.17404255319148937,Eury P\xc3\xa9rez,0.22666666666666666,0.12110275689223053,0.23207301102259087
2025-07-09,CIN,MIA,9.0,7.0,2.0,2.8,6.2,3.8,6.1,4.65,5.5,5.4,2.8,4.9,2.9,4.6,3.15,2025-07-09,Andrew Abbott,0.14910556788994814,0.023118279569892458,0.18483203678103838,Sandy Alcantara,0.19160039960039957,0.04199933399933398,0.1404148524431543
2025-07-10,CIN,MIA,6.0,6.0,0.0,2.4,5.4,4.1,5.7,4.75,5.05,4.8,3.0,4.2,2.8,4.55,3.45,2025-07-10,Nick Lodolo,0.25728506787330313,0.07224736048265458,0.2730123751628311,Cal Quantrill,0.22474153297682706,0.059292929292929286,0.15943267516796925
2025-07-11,CIN,COL,5.0,2.0,3.0,3.4,4.4,4.4,5.5,4.5,5.0,3.2,8.6,3.3,6.8,4.1,6.5,2025-07-11,Chase Burns,0.2436507936507936,0.14074074074074075,0.1880166700826672,Germ\xc3\xa1n M\xc3\xa1rquez,0.19972383937901175,0.06035975518734136,0.1577438544860676
2025-07-12,CIN,COL,7.0,4.0,3.0,3.6,4.4,4.0,4.5,4.2,4.95,3.2,7.0,3.6,6.5,3.95,6.4,2025-07-12,Brady Singer,0.2427939162286988,0.09267733715559798,0.1916764078189115,Bradley Blalock,0.1247975708502024,0.05643724696356274,0.15645074224021588
2025-07-13,CIN,COL,6.0,4.0,2.0,4.2,4.0,4.1,4.3,4.1,4.85,2.6,7.0,3.4,6.3,3.6,6.3,2025-07-13,Nick Martinez,0.14139682539682535,0.0388148148148148,0.14225876940770554,Austin Gomber,0.10875863902179687,0.046753977017134865,0.15408019685067204
2025-07-25,CIN,TBR,9.0,7.0,2.0,4.2,4.2,4.5,3.3,4.3,4.5,4.6,6.0,4.2,4.5,4.5,5.4,2025-07-25,Nick Martinez,0.1454811468724512,0.06529702825354997,0.1594340388348184,Zack Littell,0.1926315789473684,0.04933333333333332,0.22007815128442781
2025-07-26,CIN,TBR,8.0,6.0,2.0,4.6,4.2,4.6,3.5,4.5,4.5,4.2,6.8,4.1,4.8,4.2,4.65,2025-07-26,Andrew Abbott,0.15171929824561398,0.03799999999999998,0.2031321770334928,Ryan Pepiot,0.22666666666666666,0.09833333333333331,0.22973937294768562
2025-07-27,CIN,TBR,3.0,2.0,1.0,5.4,4.0,5.0,3.4,4.5,3.95,4.0,7.0,3.9,4.9,3.75,4.8,2025-07-27,Brady Singer,0.23779391622869878,0.09501067048893133,0.17527623204218948,Shane Baz,0.25745358345358343,0.06354689754689752,0.24225623582766437
2025-07-28,CIN,LAD,7.0,2.0,5.0,4.2,2.2,4.8,3.2,4.45,3.75,4.2,4.6,4.0,4.2,3.85,4.95,2025-07-28,Chase Burns,0.3031135531135531,0.12382905982905983,0.23984557517212995,Jack Dreyer,0.22523809523809524,0.02857142857142856,0.18725490196078431
2025-07-29,CIN,LAD,9.0,4.0,5.0,4.4,2.0,4.6,3.5,4.15,3.8,3.8,3.0,4.3,4.3,3.85,5.0,2025-07-29,Nick Lodolo,0.2504029304029304,0.03974358974358972,0.2686465037764841,Tyler Glasnow,0.27317391304347827,0.09919565217391305,0.29000085626577027
2025-07-30,CIN,LAD,7.0,5.0,2.0,4.2,3.0,4.2,3.6,3.9,3.75,4.0,3.2,4.8,4.5,3.8,5.15,2025-07-30,Nick Martinez,0.14865575004705434,0.0695298324863542,0.14221664753047059,Shohei Ohtani,0.3441558441558441,0.06103896103896102,0.27067115251897855
2025-08-01,CIN,ATL,5.0,3.0,2.0,3.8,3.0,4.2,3.6,4.1,3.6,4.6,8.2,5.0,7.4,4.45,5.95,2025-08-01,Brady Singer,0.2301016085363911,0.07962605510431595,0.16611523430976316,Bryce Elder,0.14594447805337096,0.13732930026214957,0.22931864775302885
2025-08-11,CIN,PHI,5.0,1.0,4.0,3.8,5.0,3.7,3.6,3.95,3.6,4.4,2.0,5.0,3.3,5.2,3.8,2025-08-11,Andrew Abbott,0.16289255372313838,0.10121339330334829,0.21792307692307694,Taijuan Walker,0.14245059288537548,0.03666666666666666,0.1274639086403792
2025-08-12,CIN,PHI,7.0,6.0,1.0,3.8,4.6,3.3,3.8,3.75,3.7,4.2,2.2,5.1,2.5,5.3,3.8,2025-08-12,Brady Singer,0.2528759356585443,0.08914986462812546,0.2298386385650823,Ranger Suarez,0.18945054945054943,0.05989010989010986,0.16989652014283627
2025-08-13,CIN,PHI,8.0,8.0,0.0,5.0,3.4,3.6,3.7,3.95,3.6,4.2,2.4,4.7,2.7,5.1,3.8,2025-08-13,Hunter Greene,0.3311522237353439,0.0773219959920727,0.2388285693627687,Cristopher S\xc3\xa1nchez,0.2406667970516691,0.04173171655930274,0.29750836120401336
2025-08-15,CIN,MIL,18.0,8.0,10.0,6.2,2.8,4.2,3.3,3.95,3.1,9.4,3.2,7.9,2.8,7.05,3.65,2025-08-15,Nick Martinez,0.18273610447523486,0.06921484312788659,0.17845535120560393,Aaron Ashby,0.24,0.06,0.1612121212121212
2025-08-30,CIN,STL,6.0,2.0,4.0,2.2,5.8,3.8,4.6,3.7,4.15,3.4,4.8,4.7,5.1,4.2,5.0,2025-08-30,Andrew Abbott,0.18702298850574708,0.053793103448275856,0.20593523497778815,Michael McGreevy,0.17172463768115942,0.032666666666666656,0.15606413170672653
2025-08-31,CIN,STL,11.0,7.0,4.0,2.4,4.6,3.2,5.0,3.7,4.15,3.8,3.8,4.3,5.0,4.15,4.95,2025-08-31,Nick Martinez,0.12913879598662206,0.08074693422519508,0.19276450212697202,Andre Pallante,0.15765993265993267,0.09821289821289818,0.1695539715088587
2025-09-01,CIN,TOR,9.0,5.0,4.0,2.6,5.2,3.1,4.4,3.9,4.25,5.0,6.0,5.1,4.6,4.6,4.6,2025-09-01,Hunter Greene,0.26985657820440423,0.053792584227366824,0.2592631565760958,Chris Bassitt,0.22802371541501976,0.12163241106719365,0.22443356643356643
2025-09-05,CIN,NYM,9.0,4.0,5.0,6.4,7.4,4.3,6.6,4.75,5.0,6.6,7.0,8.1,5.9,7.1,5.3,2025-09-05,Nick Martinez,0.1058695652173913,0.0653623188405797,0.2962926608275446,David Peterson,0.25337724149488855,0.139470755823697,0.27000113237322537
2025-09-18,CIN,CHC,1.0,1.0,0.0,5.2,5.8,4.1,4.0,4.35,5.05,4.8,2.6,4.3,3.0,4.4,4.1,2025-09-18,Hunter Greene,0.31017748917748916,0.1003246753246753,0.3216369594727321,Colin Rea,0.18185805422647525,0.08991228070175436,0.20895402422034076
2025-09-19,CIN,CHC,11.0,7.0,4.0,4.4,3.6,3.6,3.7,4.1,5.0,4.0,1.8,4.0,2.5,4.3,3.9,2025-09-19,Nick Martinez,0.09954545454545453,0.043181818181818175,0.2738095238095238,Shota Imanaga,0.21324414715719064,0.03278321678321676,0.2469880747183355
2025-09-20,CIN,CHC,9.0,6.0,3.0,5.0,3.0,4.0,3.9,4.45,4.85,4.0,2.6,4.3,2.8,4.35,3.65,2025-09-20,Zack Littell,0.187501909854851,0.0543850267379679,0.20069653081173816,Drew Pomeranz,0.3733333333333333,0.04,0.3838095238095238
2025-09-21,CIN,CHC,1.0,1.0,0.0,4.0,2.4,4.2,4.0,4.6,4.7,3.8,3.8,4.0,3.3,4.35,3.75,2025-09-21,Nick Martinez,0.07954545454545454,0.043181818181818175,0.23095238095238094,Jameson Taillon,0.15308726361357933,0.05709159261790838,0.12149760149760143
2025-09-23,CIN,PIT,6.0,2.0,4.0,4.2,1.8,4.1,3.9,4.6,4.45,4.2,3.2,3.6,3.4,3.75,3.85,2025-09-23,Brady Singer,0.26990909090909093,0.08427272727272725,0.27202762562514887,Johan Oviedo,0.22464285714285714,0.12007142857142857,0.2522932330827068
2025-09-25,CIN,PIT,3.0,2.0,1.0,3.4,2.2,4.3,4.0,4.6,4.45,4.8,2.8,3.8,3.3,3.9,3.75,2025-09-25,Nick Lodolo,0.22023464458247063,0.02850241545893718,0.2957366620566047,Carmen Mlodzinski,0.2993256743256743,0.08214285714285714,0.30989553924336527
2025-04-22,CLE,NYY,5.0,3.0,2.0,4.4,5.2,4.9,3.7,4.0,4.3,3.8,2.4,4.3,2.7,5.85,3.9,2025-04-22,Tanner Bibee,0.15568064182194613,0.12515527950310557,0.23463753199065315,Will Warren,0.22236842105263155,0.1421052631578947,0.25121150779045515
2025-04-23,CLE,NYY,6.0,1.0,5.0,4.8,3.8,4.6,3.8,4.0,4.2,3.4,2.4,4.1,2.7,5.75,3.95,2025-04-23,Joey Cantillo,0.4833333333333333,0.16666666666666666,0.48766233766233763,Carlos Rod\xc3\xb3n,0.317129117259552,0.13638471673254277,0.26553732879314274
2025-04-26,CLE,BOS,9.0,5.0,4.0,4.6,3.6,4.0,4.3,3.75,4.35,4.8,5.0,4.6,4.9,5.05,5.3,2025-04-26,Ben Lively,0.18697110423116609,0.08053221288515404,0.15368089764641485,Walker Buehler,0.21720779220779218,0.06821789321789318,0.17231114458776636
2025-04-27,CLE,BOS,16.0,3.0,13.0,3.6,4.4,4.0,4.7,4.05,4.2,5.4,4.6,5.3,4.0,5.25,5.15,2025-04-27,Logan Allen,0.1805653585544889,0.10948969508752115,0.12793174962292608,Sean Newcomb,0.25124008968402556,0.10421029517139353,0.16639071819504855
2025-04-28,CLE,MIN,12.0,1.0,11.0,3.0,6.2,3.7,5.7,4.1,4.6,6.2,2.0,4.7,3.4,4.05,3.1,2025-04-28,Gavin Williams,0.24146048882890989,0.10992652571599937,0.2797060815631701,Bailey Ober,0.21173581011351908,0.07144169246646023,0.22898205659075224
2025-04-29,CLE,MIN,3.0,2.0,1.0,2.6,8.0,3.7,5.9,3.75,4.85,7.6,1.8,5.7,3.0,4.3,3.1,2025-04-29,Tanner Bibee,0.16621118012422356,0.12512422360248446,0.19971002559252252,Chris Paddack,0.1933458646616541,0.12343358395989971,0.19156499556344272
2025-04-30,CLE,MIN,6.0,4.0,2.0,2.8,7.2,3.7,5.4,3.65,4.4,6.6,1.6,5.2,2.9,4.25,2.95,2025-04-30,Luis Ortiz,0.27877855477855473,0.11970862470862467,0.26436789232958857,Pablo L\xc3\xb3pez,0.22929701877070297,0.04550055207949942,0.23213580005645668
2025-05-09,CLE,PHI,6.0,6.0,0.0,7.2,4.8,4.9,5.6,4.45,5.15,5.4,2.4,5.2,3.3,4.9,4.45,2025-05-09,Gavin Williams,0.2629889476571398,0.13811656603418612,0.29229189392014954,Aaron Nola,0.281195254021341,0.09431836279662362,0.2622047597452903
2025-05-11,CLE,PHI,3.0,0.0,3.0,6.6,4.8,5.2,3.9,4.45,4.9,5.8,2.6,5.8,3.1,5.05,4.65,2025-05-11,Luis Ortiz,0.3148722002635046,0.13033069828722,0.28627929220468673,Zack Wheeler,0.32285185185185183,0.0314074074074074,0.2849848843966491
2025-05-12,CLE,MIL,5.0,5.0,0.0,4.8,3.4,5.0,4.1,4.35,4.75,2.8,4.2,2.5,4.6,4.3,4.05,2025-05-12,Ben Lively,0.15333219412166774,0.07224310776942354,0.1285303776683087,Freddy Peralta,0.22906060606060602,0.09379653679653678,0.2573981189518052
2025-05-13,CLE,MIL,2.0,2.0,0.0,4.0,3.2,5.1,3.9,4.1,4.4,2.0,4.6,2.5,4.3,3.6,4.25,2025-05-13,Logan Allen,0.17211067193675886,0.10166007905138338,0.17993190893378624,Tyler Alexander,0.11000000000000001,0.05,0.04
2025-05-26,CLE,LAD,9.0,2.0,7.0,4.0,2.6,3.3,3.4,4.2,3.65,3.0,4.8,5.5,5.7,6.2,4.85,2025-05-26,Gavin Williams,0.27934876717485413,0.13832674571805,0.2833559194428759,Yoshinobu Yamamoto,0.26017316017316017,0.09480519480519477,0.2565593692465379
2025-05-27,CLE,LAD,14.0,5.0,9.0,3.4,2.8,3.3,4.1,4.15,3.75,3.6,4.0,6.1,4.8,5.95,4.6,2025-05-27,Tanner Bibee,0.18173530817009073,0.03253416149068322,0.19341415141019294,Dustin May,0.2456430976430976,0.07568013468013464,0.20290561558198733
2025-05-30,CLE,LAA,5.0,1.0,4.0,3.4,5.2,3.6,4.0,4.25,4.05,1.0,3.6,4.3,4.0,4.7,4.6,2025-05-30,Luis Ortiz,0.24188142292490117,0.12162845849802369,0.28164207006011827,Jos\xc3\xa9 Soriano,0.1629510031309131,0.11536026858365686,0.2516178456635064
2025-05-31,CLE,LAA,12.0,7.0,5.0,3.0,5.8,3.6,4.0,3.85,3.75,1.4,2.6,4.3,3.8,4.65,4.25,2025-05-31,Logan Allen,0.17617756156886588,0.11004074186682877,0.19770050125313282,Kyle Hendricks,0.1611538461538461,0.03333333333333331,0.14761831723528024
2025-06-01,CLE,LAA,6.0,4.0,2.0,4.4,5.8,4.2,4.2,3.75,3.95,2.4,3.4,4.1,4.0,4.85,4.4,2025-06-01,Gavin Williams,0.27577733860342557,0.15975531714662145,0.30492454689385634,Jack Kochanowicz,0.1671925465838509,0.13845962732919254,0.1914968453827875
2025-06-06,CLE,HOU,6.0,2.0,4.0,3.4,2.8,3.2,4.3,3.5,3.6,3.0,4.2,4.1,4.2,3.8,3.8,2025-06-06,Logan Allen,0.2775108949021992,0.09404074186682879,0.25960526315789473,Colton Gordon,0.23233107472237902,0.01136363636363635,0.1822131903781006
2025-06-10,CLE,CIN,1.0,0.0,1.0,2.8,3.4,3.5,3.5,3.4,3.8,5.8,3.6,4.2,3.5,4.55,3.8,2025-06-10,Slade Cecconi,0.22818181818181815,0.06545454545454543,0.2623885172798216,Andrew Abbott,0.24220127698388563,0.06105199148677406,0.22168746385624621
2025-06-11,CLE,CIN,13.0,11.0,2.0,2.0,3.6,2.8,3.2,3.2,3.6,5.2,3.2,4.1,3.2,4.4,3.75,2025-06-11,Logan Allen,0.2662387531952749,0.07407294798599143,0.2456346749226006,Nick Lodolo,0.22739036325992842,0.06057312252964424,0.2070702175112113
2025-06-24,CLE,TOR,16.0,6.0,10.0,2.6,2.2,3.2,3.2,3.0,3.2,4.6,4.4,3.9,5.0,5.2,5.05,2025-06-24,Logan Allen,0.2581801451366668,0.07773595164899508,0.2499786871270247,Eric Lauer,0.2639856050382366,0.0914664867296446,0.22431642431642426
2025-06-26,CLE,TOR,6.0,0.0,6.0,3.0,3.8,2.7,4.0,3.25,3.5,5.0,5.4,4.4,5.4,5.15,5.0,2025-06-26,Tanner Bibee,0.24025322503583366,0.05886287625418059,0.23591836734693877,Kevin Gausman,0.23834900731452455,0.10303030303030303,0.2463640661938534
2025-06-27,CLE,STL,5.0,0.0,5.0,2.8,4.6,2.5,3.9,2.9,3.55,3.4,4.8,5.0,3.9,4.3,4.8,2025-06-27,Luis Ortiz,0.2715842078960519,0.10514114371385734,0.24329004329004328,Sonny Gray,0.24169312169312165,0.03704761904761904,0.23598268398268396
2025-06-28,CLE,STL,15.0,6.0,9.0,2.6,4.6,2.2,4.0,2.7,3.7,4.2,4.0,4.7,3.4,4.5,4.4,2025-06-28,Slade Cecconi,0.20979629066585584,0.08014290057768314,0.23439188830493177,Miles Mikolas,0.17895604395604395,0.026025641025641,0.16157481477248917
2025-06-29,CLE,STL,7.0,0.0,7.0,3.0,6.0,2.8,4.3,2.9,4.0,4.4,4.8,5.4,3.7,4.6,4.2,2025-06-29,Logan Allen,0.27041847041847034,0.057768157768157725,0.25406959621793374,Matthew Liberatore,0.16634552564987343,0.03362686910512996,0.17126442121564073
2025-07-04,CLE,DET,3.0,1.0,2.0,2.4,6.2,2.6,5.4,2.9,4.45,7.0,5.4,6.4,4.1,5.85,5.3,2025-07-04,Slade Cecconi,0.23014261101217617,0.07191779235257492,0.2273870573870574,Tyler Holton,0.11428571428571428,0.0,0.13000000000000003
2025-07-05,CLE,DET,1.0,0.0,1.0,2.6,5.6,2.6,5.1,2.75,4.45,5.4,4.6,5.7,3.9,5.7,5.2,2025-07-05,Logan Allen,0.18708513708513705,0.07443482443482438,0.17906959621793378,Casey Mize,0.20186319477623824,0.057025641025641005,0.1620228522633703
2025-07-18,CLE,ATH,14.0,8.0,6.0,4.2,2.4,3.4,4.0,2.8,4.0,5.6,4.6,5.4,4.8,4.2,5.05,2025-07-18,Slade Cecconi,0.22799808886765405,0.08302631346109603,0.2056884511152804,J.T. Ginn,0.23278943278943273,0.04395604395604394,0.19243697478991595
2025-07-19,CLE,ATH,10.0,2.0,8.0,5.8,3.4,3.6,3.7,3.2,4.0,4.8,6.0,5.4,5.2,4.3,4.9,2025-07-19,Logan Allen,0.21534391534391534,0.08957671957671953,0.16649625680464908,Luis Severino,0.16878787878787876,0.07845454545454542,0.1297183071435457
2025-07-20,CLE,ATH,10.0,8.0,2.0,4.8,4.0,3.8,3.8,3.15,4.3,6.0,4.6,5.7,4.8,4.45,4.95,2025-07-20,Gavin Williams,0.19053886693017125,0.15202635046113305,0.2354112605453956,Jeffrey Springs,0.1712338386251429,0.06234598734598731,0.17777236478400388
2025-07-21,CLE,BAL,15.0,10.0,5.0,5.6,4.0,4.4,3.5,3.35,4.3,2.0,7.0,3.0,4.4,3.75,5.15,2025-07-21,Tanner Bibee,0.2379642287537024,0.06507177033492821,0.261560667076195,Tomoyuki Sugano,0.1434285714285714,0.0677142857142857,0.19577912207898124
2025-07-22,CLE,BAL,9.0,6.0,3.0,6.8,4.6,5.0,3.5,3.8,4.45,3.0,7.8,3.2,5.2,3.75,5.5,2025-07-22,Joey Cantillo,0.3282345191040843,0.07000000000000002,0.3418438697892854,Brandon Young,0.21286503478723157,0.07564200355962367,0.23137920197663578
2025-07-23,CLE,BAL,5.0,3.0,2.0,6.8,4.8,5.5,3.6,4.05,4.35,3.4,6.8,3.3,5.7,3.9,5.35,2025-07-23,Slade Cecconi,0.1879453879453879,0.0569393569393569,0.1421963876232169,Zach Eflin,0.14521774521774516,0.04155474155474152,0.19421888053466996
2025-07-24,CLE,BAL,7.0,3.0,4.0,5.8,4.0,5.8,3.7,4.0,4.35,3.6,5.2,3.2,5.9,3.9,5.3,2025-07-24,Logan Allen,0.21058201058201056,0.07052910052910051,0.16329259547741798,Charlie Morton,0.2073079513079513,0.06378865578865578,0.22491995510189766
2025-07-28,CLE,COL,14.0,6.0,8.0,3.8,3.4,5.3,4.0,4.05,4.15,4.2,6.4,4.2,5.9,3.8,6.1,2025-07-28,Slade Cecconi,0.183050283050283,0.0674288674288674,0.1555797522260937,Bradley Blalock,0.06888847994111148,0.06513289913747577,0.12774401804785557
2025-07-29,CLE,COL,14.0,10.0,4.0,3.8,4.4,5.3,4.6,4.35,4.3,4.2,6.8,4.8,6.1,4.05,6.15,2025-07-29,Logan Allen,0.21058201058201056,0.055714285714285695,0.1709363802640599,Tanner Gordon,0.1322055137844611,0.06101190476190475,0.14524853801169588
2025-08-02,CLE,MIN,9.0,5.0,4.0,5.6,4.0,5.8,3.6,4.8,3.7,3.2,8.2,3.9,5.8,4.35,5.0,2025-08-02,Tanner Bibee,0.22484494063441424,0.06507177033492821,0.2541184902054467,Bailey Ober,0.1714440093750438,0.0601932550208412,0.20727270632931005
2025-08-12,CLE,MIA,7.0,4.0,3.0,4.6,3.0,5.3,3.6,5.3,3.8,3.8,6.2,3.9,5.3,4.1,4.35,2025-08-12,Logan Allen,0.18656544743501263,0.06192546583850931,0.18774368799230962,Janson Junk,0.12589844937671021,0.03778656126482212,0.14348958933357908
2025-08-13,CLE,MIA,17.0,4.0,13.0,4.8,3.2,5.1,3.1,5.2,3.85,3.2,5.4,4.0,5.7,4.2,4.45,2025-08-13,Gavin Williams,0.25955694609271046,0.10922339698637029,0.24015630862320755,Eury P\xc3\xa9rez,0.2089121023903632,0.08319217014869187,0.24799616292032872
2025-08-14,CLE,MIA,13.0,9.0,4.0,4.8,5.6,4.5,4.0,5.0,4.2,4.8,6.0,4.6,5.8,4.65,4.5,2025-08-14,Tanner Bibee,0.24781144781144776,0.06818181818181816,0.25823695571926103,Edward Cabrera,0.2923220611916264,0.040931216931216916,0.327022841656988
2025-08-16,CLE,ATL,11.0,1.0,10.0,4.2,5.6,4.4,4.2,4.95,4.0,5.8,4.6,5.7,4.6,4.45,5.55,2025-08-16,Slade Cecconi,0.14417604617604615,0.05157864357864356,0.17570466235274596,Joey Wentz,0.20126576322228495,0.07280412823891078,0.19785353535353528
2025-08-17,CLE,ATL,9.0,4.0,5.0,3.6,6.4,4.1,4.7,4.5,4.25,6.4,4.6,6.3,4.2,4.95,5.15,2025-08-17,Logan Allen,0.1782321141016793,0.07525879917184261,0.1882908836147446,Erick Fedde,0.1358333333333333,0.09488095238095237,0.20743057755252875
2025-08-25,CLE,TBR,9.0,0.0,9.0,2.2,5.2,2.9,6.0,4.0,4.55,5.0,7.0,4.9,5.4,3.95,4.85,2025-08-25,Tanner Bibee,0.2511888111888112,0.08876923076923074,0.18405315614617934,Ian Seymour,0.35158730158730156,0.08373015873015872,0.33247863247863246
2025-08-29,CLE,SEA,9.0,5.0,4.0,1.2,5.6,1.9,5.2,3.4,4.8,6.6,4.4,5.0,6.1,5.25,5.05,2025-08-29,Logan Allen,0.18282767956680998,0.1244226787705048,0.1883759698343081,George Kirby,0.2399864483342744,0.0796103896103896,0.24912657878465216
2025-08-30,CLE,SEA,7.0,4.0,3.0,1.6,5.6,2.4,5.4,3.4,4.8,6.8,5.0,5.3,6.3,5.2,5.1,2025-08-30,Gavin Williams,0.23902355791226343,0.11184748858105013,0.19566035951148344,Logan Gilbert,0.29784848484848486,0.05509090909090908,0.2646156131450249
2025-08-31,CLE,SEA,6.0,2.0,4.0,2.4,4.2,2.7,4.7,3.4,4.7,5.2,5.0,5.3,6.0,4.95,5.15,2025-08-31,Tanner Bibee,0.19915119363395223,0.10945888594164452,0.1834929320565435,Bryce Miller,0.1369028103856479,0.06292759566901443,0.2103255933952528
2025-09-08,CLE,KCR,12.0,10.0,2.0,4.4,1.8,4.4,3.7,3.15,4.45,4.2,3.0,4.0,3.2,4.3,3.95,2025-09-08,Slade Cecconi,0.19026046417350764,0.025925925925925897,0.1650958565244279,Ryan Bergert,0.2649144714934188,0.08224494803442169,0.2442330119895626
2025-09-09,CLE,KCR,2.0,2.0,0.0,4.8,2.0,4.9,3.5,3.65,4.45,4.0,4.2,3.0,4.1,4.1,4.35,2025-09-09,Joey Cantillo,0.24055980861244017,0.12713556618819774,0.29680352392026865,Noah Cameron,0.14484584980237153,0.10884584980237151,0.2221099185052673
2025-09-11,CLE,KCR,5.0,3.0,2.0,4.0,1.8,4.8,3.2,3.65,3.9,3.6,4.4,2.8,4.0,3.85,4.35,2025-09-11,Gavin Williams,0.2129767798124796,0.09703169548504229,0.20389001774114165,Stephen Kolek,0.12789543789543786,0.03983516483516482,0.14659716060337175
2025-09-12,CLE,CHW,4.0,4.0,0.0,4.0,1.8,4.7,2.8,3.65,3.95,4.2,4.2,6.1,4.5,5.2,4.85,2025-09-12,Tanner Bibee,0.15378082326358186,0.08260703408979267,0.18064560675003957,Mart\xc3\xadn P\xc3\xa9rez,0.2047878787878788,0.07123809523809523,0.1564712510838644
2025-09-13,CLE,CHW,4.0,3.0,1.0,4.4,1.6,4.4,1.7,3.6,3.65,4.2,3.8,5.5,4.4,5.2,5.0,2025-09-13,Parker Messick,0.18400183150183147,0.0334249084249084,0.19945652173913042,Tyler Gilbert,0.5035714285714286,0.04999999999999999,0.2647222222222222
2025-09-14,CLE,CHW,5.0,3.0,2.0,3.0,1.4,3.9,1.7,3.6,3.5,3.2,3.6,4.4,4.4,4.9,4.7,2025-09-14,Slade Cecconi,0.16803824195128542,0.03703703703703702,0.14842918985776124,Yoendrys G\xc3\xb3mez,0.24023148781043516,0.11819366598313963,0.2447005293522869
2025-09-23,CLE,DET,7.0,5.0,2.0,5.0,1.8,4.2,1.4,4.5,2.3,1.8,5.8,3.9,4.9,4.2,4.95,2025-09-23,Gavin Williams,0.25552223435793414,0.11944078639413322,0.22805137201807318,Tarik Skubal,0.2619907628603281,0.03889508237334322,0.26396591008007125
2025-09-24,CLE,DET,6.0,5.0,1.0,5.4,2.0,4.4,1.4,4.55,2.1,2.2,6.0,2.9,5.2,4.3,4.85,2025-09-24,Tanner Bibee,0.20865261813537672,0.06050446998722856,0.22616861879235833,Jack Flaherty,0.19985943468296408,0.07713267125031828,0.17074738443159493
2025-09-25,CLE,DET,6.0,2.0,4.0,5.2,1.8,4.5,1.5,4.45,1.6,2.2,6.4,1.9,5.6,4.1,4.95,2025-09-25,Parker Messick,0.2161991341991342,0.03647186147186145,0.24773059206830692,Tyler Holton,0.16000000000000006,0.05,0.20151515151515156
2025-09-26,CLE,TEX,10.0,3.0,7.0,4.4,2.6,4.4,1.8,4.15,1.75,2.0,3.6,3.1,4.0,3.85,3.9,2025-09-26,Slade Cecconi,0.2262037479428783,0.04044168391994478,0.22478689332347862,Jack Leiter,0.22360284642893333,0.07577060620538878,0.17592737094837932
2025-09-27,CLE,TEX,5.0,3.0,2.0,3.4,4.0,4.4,2.3,4.2,1.9,2.8,3.4,3.0,4.0,3.95,3.95,2025-09-27,Joey Cantillo,0.21969459001037944,0.09246388699020278,0.22403937447930405,Jacob Latz,0.0911961722488038,0.11870813397129183,0.12389798024472945
2025-04-26,COL,CIN,10.0,4.0,6.0,3.6,5.0,4.1,6.2,3.5,6.2,8.6,4.2,7.1,4.2,4.95,3.4,2025-04-26,Antonio Senzatela,0.077030303030303,0.04556277056277052,0.15682884748102138,Hunter Greene,0.30214374646293146,0.05436389360498015,0.2922479870161038
2025-04-28,COL,ATL,9.0,3.0,6.0,3.6,7.0,4.3,6.5,3.65,6.35,5.4,5.0,4.7,4.3,4.6,4.35,2025-04-28,Ryan Feltner,0.18611111111111106,0.10999999999999996,0.2513243003029148,Bryce Elder,0.13382918552036197,0.09066176470588234,0.17137359350627715
2025-04-29,COL,ATL,10.0,2.0,8.0,3.4,6.8,4.4,6.5,3.75,6.5,5.2,4.4,5.0,4.0,4.85,4.35,2025-04-29,Germ\xc3\xa1n M\xc3\xa1rquez,0.13462450592885372,0.10695652173913042,0.19371952112189797,AJ Smith-Shawver,0.261559696342305,0.12284334023464454,0.32795374560080437
2025-04-30,COL,ATL,3.0,2.0,1.0,3.4,7.2,3.9,6.5,3.65,6.55,6.0,2.8,5.7,3.9,5.0,4.15,2025-04-30,Chase Dollander,0.2339015151515151,0.07765151515151512,0.19422977384933904,Chris Sale,0.26382458121588553,0.0727272727272727,0.25684456026084557
2025-05-08,COL,DET,12.0,2.0,10.0,2.4,4.6,2.9,5.9,3.15,5.75,8.2,3.0,6.7,3.4,5.3,3.05,2025-05-08,Kyle Freeland,0.16416524216524214,0.06005128205128204,0.18435262136358982,Casey Mize,0.16746031746031745,0.04669312169312168,0.2244294763348936
2025-05-09,COL,SDP,22.0,9.0,13.0,1.8,8.0,2.1,6.6,3.3,6.4,4.4,4.0,3.7,3.6,3.7,3.25,2025-05-09,Antonio Senzatela,0.12259552042160733,0.04390645586297756,0.15784992784992782,Randy V\xc3\xa1squez,0.07371184371184367,0.1475091575091575,0.15867408585055642
2025-05-11,COL,SDP,12.0,9.0,3.0,3.0,12.8,2.6,8.6,3.5,7.55,9.0,4.8,7.0,4.0,5.0,3.7,2025-05-11,Germ\xc3\xa1n M\xc3\xa1rquez,0.11116026781930669,0.062190016103059555,0.17243798383013048,Nick Pivetta,0.3098181818181818,0.07854545454545452,0.2584619582783597
2025-05-19,COL,PHI,12.0,3.0,9.0,3.6,6.6,3.8,8.3,3.1,7.2,4.6,4.2,4.2,3.1,4.55,3.45,2025-05-19,Kyle Freeland,0.1695091575091575,0.060908424908424894,0.19803161074590406,Cristopher S\xc3\xa1nchez,0.2812448421144073,0.11994310037788294,0.2922745712589555
2025-05-20,COL,PHI,11.0,4.0,7.0,4.0,7.6,4.0,8.1,3.05,7.35,6.0,4.6,4.4,3.4,4.8,3.35,2025-05-20,Antonio Senzatela,0.12623188405797098,0.0737246376811594,0.14098124098124093,Jes\xc3\xbas Luzardo,0.21550291520906212,0.06420611916264088,0.2889705153003025
2025-05-22,COL,PHI,2.0,0.0,2.0,5.2,7.6,4.0,6.3,3.3,7.45,6.2,2.8,5.3,3.6,5.55,3.35,2025-05-22,Germ\xc3\xa1n M\xc3\xa1rquez,0.09016422038847664,0.06876709120187377,0.12486428464352808,Ranger Suarez,0.24087301587301582,0.059126984126984104,0.19997486173956758
2025-05-24,COL,NYY,14.0,1.0,13.0,3.0,5.8,3.3,6.2,3.25,7.2,4.0,2.0,5.4,2.4,5.9,3.3,2025-05-24,Kyle Freeland,0.1795091575091575,0.057575091575091566,0.1925660237013696,Max Fried,0.25282447665056357,0.07005797101449275,0.20120514941616063
2025-05-25,COL,NYY,9.0,4.0,5.0,2.6,6.6,3.3,7.1,3.1,7.7,5.0,1.8,5.5,2.3,6.4,3.15,2025-05-25,Antonio Senzatela,0.1302548725637181,0.072287856071964,0.15240981240981238,Will Warren,0.332921024225372,0.07092601440427523,0.24326094391244873
2025-06-06,COL,NYM,6.0,2.0,4.0,3.4,4.2,2.6,4.8,2.95,5.5,5.6,2.8,4.8,3.1,3.65,3.15,2025-06-06,Antonio Senzatela,0.11887147335423195,0.0830783699059561,0.13283321015028327,Kodai Senga,0.23193690528473132,0.13440140535792705,0.23398492104365504
2025-06-07,COL,NYM,9.0,1.0,8.0,3.4,3.4,2.7,3.9,3.0,5.5,5.6,2.8,4.7,3.1,3.55,3.15,2025-06-07,Germ\xc3\xa1n M\xc3\xa1rquez,0.15586013986013983,0.07373426573426571,0.2334201564201564,Clay Holmes,0.1654782608695652,0.08308695652173911,0.21167568799147746
2025-06-10,COL,SFG,11.0,5.0,6.0,2.8,5.8,2.8,5.2,3.15,5.75,4.0,2.8,2.7,2.5,3.55,3.0,2025-06-10,Carson Palmquist,0.16208791208791204,0.11114324272219005,0.13557692307692307,Kyle Harrison,0.20870133560670645,0.04202898550724636,0.2796455424274973
2025-06-11,COL,SFG,17.0,7.0,10.0,3.2,6.6,3.2,5.6,2.7,5.45,4.4,3.4,3.2,2.7,3.35,2.95,2025-06-11,Kyle Freeland,0.18211594202898546,0.04066666666666666,0.20146367367044818,Robbie Ray,0.32879853479853477,0.0611208791208791,0.297218376861234
2025-06-12,COL,SFG,15.0,8.0,7.0,4.0,8.2,3.7,6.2,3.05,5.9,5.2,3.8,4.1,3.1,3.5,2.9,2025-06-12,Antonio Senzatela,0.12392410493317932,0.10918363306385082,0.13310058982942766,Hayden Birdsong,0.22431704260651625,0.0926190476190476,0.2675873006264944
2025-06-21,COL,ARI,8.0,3.0,5.0,7.4,5.2,6.2,6.5,4.5,5.85,6.0,6.8,6.0,5.1,5.55,5.9,2025-06-21,Carson Palmquist,0.1677655677655677,0.1355311355311355,0.17012820512820512,Merrill Kelly,0.29207114624505925,0.06023978919631092,0.26696906035141327
2025-06-22,COL,ARI,6.0,4.0,2.0,6.0,6.0,6.0,6.4,4.6,6.0,6.6,5.8,6.3,5.0,5.55,6.05,2025-06-22,Antonio Senzatela,0.0959011164274322,0.12385850991114147,0.12543381591265373,Brandon Pfaadt,0.12642796248934351,0.049254049445865276,0.19595124952267806
2025-06-24,COL,LAD,16.0,7.0,9.0,5.6,5.6,5.7,5.6,4.7,5.9,5.8,5.4,6.1,5.1,5.55,4.95,2025-06-24,Germ\xc3\xa1n M\xc3\xa1rquez,0.1996410256410256,0.049267399267399245,0.2036839122936684,Jack Dreyer,0.15666666666666668,0.1,0.20829131652661062
2025-06-25,COL,LAD,9.0,1.0,8.0,5.0,6.2,5.6,5.8,4.95,5.95,6.8,6.2,6.8,5.2,5.6,5.05,2025-06-25,Chase Dollander,0.15577958273610443,0.09704517704517698,0.22342768342768338,Yoshinobu Yamamoto,0.22825051759834367,0.10429606625258796,0.1997349896480331
2025-07-01,COL,HOU,11.0,5.0,6.0,3.0,7.0,4.3,6.3,4.6,6.6,3.2,3.4,5.0,4.0,4.7,3.4,2025-07-01,Chase Dollander,0.10487049182701351,0.09522699522699518,0.18620546120546116,Colton Gordon,0.22687969924812026,0.016666666666666642,0.1979777252691069
2025-07-02,COL,HOU,8.0,3.0,5.0,2.6,6.4,3.8,6.3,4.75,6.7,4.0,4.4,4.3,4.2,5.0,3.5,2025-07-02,Austin Gomber,0.09161793372319688,0.0488828909881541,0.1560251342860038,Hunter Brown,0.3274183787227265,0.10424908424908423,0.2928711868601719
2025-07-03,COL,HOU,13.0,7.0,6.0,3.0,5.8,3.8,6.7,4.85,6.55,4.6,4.8,3.7,4.1,4.85,3.55,2025-07-03,Kyle Freeland,0.15116356107660453,0.06057142857142857,0.1510846324218417,Brandon Walter,0.2473671497584541,0.01777777777777776,0.21411995260231514
2025-07-04,COL,CHW,5.0,2.0,3.0,4.2,6.4,3.7,5.9,4.95,6.2,2.6,3.8,2.6,4.1,2.8,4.7,2025-07-04,Antonio Senzatela,0.10133834586466162,0.12920050125313282,0.15354311354698347,Adrian Houser,0.17287123105114108,0.07812604808706754,0.188030303030303
2025-07-05,COL,CHW,13.0,3.0,10.0,3.4,5.0,3.6,5.7,4.8,6.05,3.0,4.2,2.5,4.1,2.7,4.45,2025-07-05,Germ\xc3\xa1n M\xc3\xa1rquez,0.2099307359307359,0.053463203463203435,0.15721531325985194,Jonathan Cannon,0.23275974025974025,0.08749999999999998,0.1959033607556217
2025-07-06,COL,CHW,10.0,6.0,4.0,4.0,6.0,3.5,6.5,4.6,6.05,4.0,4.4,3.5,3.4,3.0,4.5,2025-07-06,Chase Dollander,0.10308477754129923,0.07736985236985235,0.16777794277794275,Shane Smith,0.192943143812709,0.11852285395763654,0.20416835528537652
2025-07-18,COL,MIN,10.0,6.0,4.0,2.4,6.0,3.3,6.2,3.55,6.45,4.0,3.4,4.1,3.1,3.85,4.15,2025-07-18,Kyle Freeland,0.16138875617136483,0.07734734830387002,0.13503663003663,Chris Paddack,0.15674028065332407,0.01610305958132044,0.1438932538089503
2025-07-19,COL,MIN,16.0,10.0,6.0,3.2,4.8,3.2,6.0,3.45,5.95,4.0,4.2,4.3,3.6,4.05,4.0,2025-07-19,Antonio Senzatela,0.12047523491001748,0.07848319796145879,0.15118421052631575,Zebby Matthews,0.3109632741985683,0.10298008092125735,0.23896396396396394
2025-07-20,COL,MIN,8.0,1.0,7.0,4.8,4.0,4.0,6.3,3.8,6.0,5.0,4.6,4.8,4.2,3.95,4.05,2025-07-20,Germ\xc3\xa1n M\xc3\xa1rquez,0.1970571727123451,0.06683594566353183,0.1619480586902718,Joe Ryan,0.28518293300902,0.05544889892715978,0.24076557676557675
2025-07-21,COL,STL,8.0,2.0,6.0,4.4,5.0,3.8,6.0,3.65,6.25,3.6,6.6,3.7,6.1,3.45,5.4,2025-07-21,Austin Gomber,0.09288562314878099,0.0546904849536428,0.1236256513961266,Michael McGreevy,0.1882711586658955,0.037562656641604,0.19239024981809355
2025-07-22,COL,STL,12.0,8.0,4.0,4.2,5.4,3.4,6.2,3.4,6.1,3.6,5.6,4.3,5.2,3.75,5.1,2025-07-22,Bradley Blalock,0.09388847994111148,0.05643724696356274,0.13498383705238046,Erick Fedde,0.062380952380952356,0.1410989010989011,0.13770050383053475
2025-07-23,COL,STL,6.0,6.0,0.0,5.4,5.4,3.9,5.7,3.75,5.9,3.4,6.4,4.3,5.8,3.95,5.35,2025-07-23,Tanner Gordon,0.13460735171261481,0.039682539682539666,0.141812865497076,Andre Pallante,0.11298090637221067,0.06771382562686909,0.213307826303347
2025-08-01,COL,PIT,33.0,17.0,16.0,2.6,8.8,3.6,6.6,3.8,6.45,4.6,1.4,4.1,3.9,3.1,3.95,2025-08-01,Antonio Senzatela,0.12751205773631397,0.06913289913747575,0.17633322087269454,Andrew Heaney,0.14030587201942696,0.058246919321088095,0.1386457439536946
2025-08-02,COL,PIT,13.0,8.0,5.0,6.0,8.4,5.2,7.5,4.5,6.75,6.6,4.6,5.6,4.6,3.65,4.8,2025-08-02,Austin Gomber,0.1442640692640692,0.06504329004328999,0.13455602536997885,Braxton Ashcraft,0.18936507936507935,0.17857142857142855,0.30894105894105894
2025-08-03,COL,PIT,14.0,5.0,9.0,7.4,8.4,5.8,7.4,4.6,6.8,7.2,6.2,5.7,4.4,3.9,4.9,2025-08-03,Bradley Blalock,0.11722181327444484,0.04513289913747578,0.13364145394529148,Mitch Keller,0.19705294705294701,0.0807692307692307,0.17765390652384982
2025-08-04,COL,TOR,16.0,1.0,15.0,6.8,9.0,5.5,7.9,4.7,6.8,4.4,7.6,5.3,6.6,5.05,5.15,2025-08-04,Tanner Gordon,0.12681704260651624,0.06986215538847115,0.1283200425305688,Eric Lauer,0.2863729441619908,0.03037942449707154,0.19546712118900567
2025-08-06,COL,TOR,21.0,1.0,20.0,7.0,11.0,4.8,9.9,4.75,7.05,8.2,4.8,6.1,6.5,5.9,5.0,2025-08-06,Kyle Freeland,0.12263545150501672,0.06385284280936451,0.1600333876649666,Kevin Gausman,0.2802219921785139,0.05654474350126524,0.2753028366981855
2025-08-14,COL,ARI,10.0,2.0,8.0,4.4,5.4,3.4,8.7,4.6,8.05,6.8,3.6,5.6,3.4,4.15,4.15,2025-08-14,Bradley Blalock,0.11702166593470938,0.06441223832528178,0.14817361768798157,Eduardo Rodr\xc3\xadguez,0.14482506221636648,0.10925193968672224,0.16974308880472067
2025-08-15,COL,ARI,7.0,4.0,3.0,3.8,5.8,3.1,8.6,4.3,8.25,7.2,3.8,6.3,3.1,4.05,4.2,2025-08-15,Tanner Gordon,0.1121345029239766,0.04605263157894736,0.14321794715411734,Brandon Pfaadt,0.1592564102564102,0.03974358974358972,0.16303976217019692
2025-08-16,COL,ARI,17.0,10.0,7.0,3.4,3.8,3.4,7.4,4.2,8.4,6.6,3.6,5.9,3.3,3.95,4.25,2025-08-16,Chase Dollander,0.10351310588724774,0.11137403786145202,0.17253132892667772,Ryne Nelson,0.2595520421607378,0.04354413702239788,0.19910370846903352
2025-08-18,COL,LAD,7.0,4.0,3.0,5.6,5.6,4.5,5.6,4.7,7.85,4.6,3.8,5.6,3.7,4.4,3.25,2025-08-18,Kyle Freeland,0.10189173789173786,0.061891737891737866,0.1795633021948811,Yoshinobu Yamamoto,0.29341400628357145,0.07929033929033927,0.2607539315448658
2025-08-19,COL,LAD,15.0,4.0,11.0,5.2,5.2,4.8,5.3,4.85,7.75,4.4,3.2,4.7,3.5,4.3,3.35,2025-08-19,Austin Gomber,0.14643623043623039,0.06873926073926069,0.14265816055289737,Jack Dreyer,0.05714285714285714,0.0,0.14487179487179486
2025-08-20,COL,LAD,11.0,8.0,3.0,5.6,5.8,4.7,5.8,4.65,8.0,5.6,2.8,5.5,3.4,4.75,3.35,2025-08-20,Tanner Gordon,0.12065580618212193,0.05557644110275688,0.14260819105655637,Shohei Ohtani,0.3568876737297789,0.04580086580086577,0.33547305626825075
2025-08-21,COL,LAD,14.0,5.0,9.0,6.4,5.8,4.9,4.8,4.85,7.65,5.6,4.0,5.3,4.1,4.75,3.55,2025-08-21,Chase Dollander,0.13829571458289988,0.1287653422092781,0.18860275749810634,Clayton Kershaw,0.12787784679089026,0.047267080745341604,0.18170693106176974
2025-08-29,COL,CHC,18.0,7.0,11.0,2.0,3.6,3.1,5.3,3.8,5.45,4.8,5.0,4.2,3.9,3.4,3.5,2025-08-29,Germ\xc3\xa1n M\xc3\xa1rquez,0.2053905060456785,0.10016927899686519,0.19043586356832054,Drew Pomeranz,0.23333333333333334,0.0,0.1915151515151515
2025-08-31,COL,CHC,11.0,6.0,5.0,3.8,4.8,3.3,5.4,4.0,5.6,4.6,6.2,4.7,4.4,3.7,3.7,2025-08-31,Tanner Gordon,0.13806471306471305,0.0409340659340659,0.1393758678242331,Matthew Boyd,0.22938302277432707,0.05769565217391304,0.21674019589409582
2025-09-01,COL,SFG,10.0,2.0,8.0,3.8,5.6,3.1,5.6,4.0,5.2,9.0,5.4,6.9,4.6,4.6,5.0,2025-09-01,Chase Dollander,0.2210526315789473,0.13775743707093815,0.24490906380441263,Kai-Wei Teng,0.1699346405228758,0.15359477124183002,0.18429324298889513
2025-09-02,COL,SFG,11.0,4.0,7.0,4.2,6.4,2.8,5.5,4.0,5.45,8.2,5.2,7.3,4.0,5.0,4.7,2025-09-02,Kyle Freeland,0.1985242165242165,0.058592592592592564,0.18629796790511072,Logan Webb,0.23976190476190476,0.02314285714285714,0.20079813942187266
2025-09-03,COL,SFG,18.0,8.0,10.0,4.4,7.0,3.2,5.3,4.05,5.8,8.8,5.4,7.6,3.9,5.3,4.7,2025-09-03,Germ\xc3\xa1n M\xc3\xa1rquez,0.1482476489028213,0.1251692789968652,0.15313427626673323,Robbie Ray,0.1876083916083916,0.09374764366068711,0.21148029119727232
2025-09-05,COL,SDP,3.0,3.0,0.0,4.6,6.8,3.9,5.8,4.15,6.05,4.8,5.4,4.6,6.1,4.7,4.4,2025-09-05,Kyle Freeland,0.1665242165242165,0.04259259259259256,0.16963130123844403,Nick Pivetta,0.26442267877050485,0.08335435578913836,0.2072052802102454
2025-09-07,COL,SDP,9.0,1.0,8.0,5.0,7.0,4.4,6.3,4.4,6.0,4.0,5.6,4.8,5.5,4.55,4.75,2025-09-07,Antonio Senzatela,0.09462887989203776,0.07205128205128204,0.1629246713292904,Dylan Cease,0.2761031366294524,0.15174375332270068,0.31934061349580745
2025-09-16,COL,MIA,11.0,5.0,6.0,2.6,6.6,2.8,6.1,3.35,5.95,5.2,2.8,4.8,5.6,4.6,6.1,2025-09-16,Kyle Freeland,0.20879120879120877,0.0238095238095238,0.20090461322586117,Eury P\xc3\xa9rez,0.17723320158102765,0.11623376623376622,0.22392376289561108
2025-09-17,COL,MIA,12.0,4.0,8.0,3.6,6.0,3.0,6.7,3.6,6.05,5.4,2.4,4.9,5.1,4.65,6.2,2025-09-17,McCade Brown,0.13109945609945609,0.11998834498834496,0.1520939445387662,Ryan Weathers,0.20139001349527658,0.06141025641025637,0.2680989663968387
2025-09-18,COL,MIA,16.0,7.0,9.0,4.4,7.2,2.6,6.5,3.5,6.4,5.4,2.6,5.4,4.6,4.95,6.35,2025-09-18,Tanner Gordon,0.27973137973137974,0.06037851037851032,0.16014053579270965,Sandy Alcantara,0.25512879457707044,0.03738088220846838,0.2297474094070532
2025-09-19,COL,LAA,13.0,7.0,6.0,5.0,8.6,3.2,6.6,3.85,6.65,2.2,7.8,3.5,6.1,3.4,6.35,2025-09-19,Bradley Blalock,0.1079307568438003,0.12071658615136875,0.16010378510378506,Mitch Farris,0.21929824561403508,0.11084529505582134,0.2254429237293374
2025-09-20,COL,LAA,3.0,0.0,3.0,5.8,7.6,3.8,6.9,4.05,6.75,2.8,8.2,3.7,6.5,3.55,5.7,2025-09-20,Germ\xc3\xa1n M\xc3\xa1rquez,0.05984848484848484,0.13014354066985642,0.12623842823842824,Kyle Hendricks,0.13759307359307357,0.08202597402597397,0.15571119097574238
2025-09-21,COL,LAA,4.0,3.0,1.0,4.6,6.4,3.6,6.5,3.7,6.35,3.0,6.0,3.7,5.3,3.7,5.6,2025-09-21,Kyle Freeland,0.16619861619861614,0.01455026455026454,0.2129499322479244,Caden Dana,0.2394444444444444,0.14896825396825392,0.24690864690864686
2025-04-22,DET,SDP,2.0,0.0,2.0,4.6,2.8,4.4,3.1,4.7,3.15,3.4,3.8,4.5,2.4,4.45,2.95,2025-04-22,Jack Flaherty,0.2862554112554112,0.10335497835497832,0.26881459948320413,Nick Pivetta,0.2684324447482342,0.06083732057416265,0.24887440976493722
2025-04-23,DET,SDP,6.0,6.0,0.0,4.4,2.2,3.7,2.7,4.55,2.9,3.0,3.4,4.5,2.3,4.5,2.95,2025-04-23,Reese Olson,0.20148601398601396,0.09816433566433562,0.24057002346476028,Kyle Hart,0.1252631578947368,0.1381578947368421,0.14285714285714285
2025-04-26,DET,BAL,7.0,4.0,3.0,4.4,2.0,3.9,2.7,4.4,2.6,3.2,8.2,4.2,6.2,3.7,5.4,2025-04-26,Casey Mize,0.19652777777777777,0.07800925925925925,0.23773496644652528,Charlie Morton,0.19117874396135265,0.13794685990338162,0.20041065791065785
2025-04-27,DET,BAL,7.0,7.0,0.0,4.4,2.2,3.9,2.6,4.6,2.65,2.0,4.4,3.9,6.2,3.5,5.5,2025-04-27,Tarik Skubal,0.2435098814229249,0.04178656126482212,0.2828278333589851,Dean Kremer,0.14441500528457046,0.035248447204968926,0.14745785615350832
2025-05-09,DET,TEX,3.0,2.0,1.0,9.0,2.0,7.8,3.2,5.85,2.9,3.8,3.0,3.7,4.2,3.25,3.6,2025-05-09,Tarik Skubal,0.33317071334462633,0.00869565217391304,0.30325672275469767,Patrick Corbin,0.15834368530020698,0.07463441211724961,0.19968554223061113
2025-05-10,DET,TEX,13.0,3.0,10.0,7.6,2.0,7.3,3.3,5.95,2.7,3.8,3.0,3.7,4.2,3.05,3.55,2025-05-10,Jack Flaherty,0.29454711954711954,0.07306027306027302,0.2787373737373737,Jacob deGrom,0.2549840510366826,0.07043859649122805,0.2814768997143538
2025-05-11,DET,TEX,7.0,1.0,6.0,7.8,3.0,7.1,3.5,6.05,2.95,4.2,3.4,3.2,4.3,3.55,3.55,2025-05-11,Brant Hurter,0.3304761904761905,0.04,0.17420357420357419,Nathan Eovaldi,0.2822134387351778,0.017786561264822122,0.2609905949030293
2025-05-12,DET,BOS,16.0,14.0,2.0,5.4,4.0,6.8,3.5,5.8,3.2,5.0,2.4,5.0,2.8,5.45,3.35,2025-05-12,Jackson Jobe,0.16354978354978353,0.10675324675324675,0.18069717801425114,Tanner Houck,0.18553623188405793,0.06239130434782606,0.22739711545722266
2025-05-14,DET,BOS,11.0,6.0,5.0,6.2,4.0,7.5,3.3,6.15,3.15,5.2,4.0,4.2,4.0,5.5,4.05,2025-05-14,Tyler Holton,0.19555555555555557,0.02222222222222222,0.20031746031746028,Hunter Dobbins,0.20400106133801782,0.039351851851851825,0.2662039457252223
2025-05-22,DET,CLE,7.0,0.0,7.0,3.6,4.0,4.7,4.7,6.0,4.0,3.2,3.8,2.9,3.8,4.05,4.05,2025-05-22,Jack Flaherty,0.2851098901098901,0.06293040293040289,0.2785921937141449,Tanner Bibee,0.1594019748367574,0.04953416149068322,0.1402978723404255
2025-05-25,DET,CLE,5.0,5.0,0.0,3.0,5.2,4.4,4.1,5.6,3.8,4.2,2.2,3.8,2.9,4.4,3.5,2025-05-25,Tarik Skubal,0.4228893489763054,0.01610305958132044,0.3533414442057457,Logan Allen,0.1747862572210398,0.09925813317117663,0.20674305444462218
2025-05-26,DET,SFG,4.0,3.0,1.0,3.2,3.0,3.5,3.9,5.5,3.6,2.8,3.0,4.4,3.5,3.85,3.35,2025-05-26,Tyler Holton,0.13333333333333336,0.13333333333333333,0.19272727272727272,Jordan Hicks,0.13205128205128203,0.07443223443223443,0.21631131131131132
2025-05-27,DET,SFG,4.0,3.0,1.0,2.8,2.4,3.2,3.5,5.15,3.45,2.4,3.2,3.5,3.2,3.75,3.25,2025-05-27,Jack Flaherty,0.27164835164835166,0.08600732600732597,0.2504103755323267,Logan Webb,0.22966873706004134,0.04335978835978832,0.22571655328798185
2025-05-28,DET,SFG,7.0,4.0,3.0,2.4,2.4,3.0,3.2,4.85,3.45,1.8,2.2,2.9,2.7,3.65,3.2,2025-05-28,Tyler Holton,0.13333333333333336,0.06666666666666667,0.22272727272727272,Landen Roupp,0.14820779220779218,0.059272727272727255,0.15082903336773304
2025-06-06,DET,CHC,4.0,3.0,1.0,4.0,2.8,4.2,2.4,4.3,3.25,4.8,1.8,4.6,3.1,5.95,3.2,2025-06-06,Tarik Skubal,0.4043382349229425,0.01610305958132044,0.3435109172923317,Ben Brown,0.3389177489177489,0.046363636363636364,0.2738161447804102
2025-06-07,DET,CHC,7.0,1.0,6.0,4.6,2.8,4.0,2.5,3.75,3.2,4.6,2.4,4.3,2.8,5.75,3.25,2025-06-07,Tyler Holton,0.14000000000000004,0.05,0.22666666666666666,Jameson Taillon,0.19307568438003214,0.04000878348704434,0.17317569968025895
2025-06-08,DET,CHC,4.0,4.0,0.0,4.6,4.0,3.8,3.0,3.5,3.25,4.4,2.0,3.8,2.1,5.8,3.1,2025-06-08,Jack Flaherty,0.2829877369007804,0.0774868609651218,0.22933101045296164,Cade Horton,0.17786404416839197,0.04239130434782608,0.2069251458300964
2025-06-13,DET,CIN,16.0,11.0,5.0,3.0,4.0,3.8,3.4,3.55,3.0,5.4,3.6,3.7,4.1,4.35,4.25,2025-06-13,Tyler Holton,0.20333333333333337,0.0,0.24272727272727268,Nick Martinez,0.13613560352690784,0.043906455862977575,0.12031260039044156
2025-06-14,DET,CIN,12.0,1.0,11.0,5.0,3.8,4.8,3.9,3.85,3.05,3.8,5.6,4.2,5.0,4.25,4.75,2025-06-14,Jack Flaherty,0.31147258538562883,0.0780929215711824,0.22218815331010452,Brady Singer,0.15344327836081956,0.1288220175626472,0.19666666666666666
2025-06-17,DET,PIT,10.0,7.0,3.0,4.2,7.0,3.9,4.9,3.85,3.6,4.0,2.6,3.4,2.7,3.8,3.3,2025-06-17,Casey Mize,0.25433333333333336,0.07885714285714285,0.21368936174428166,Bailey Falter,0.10116161616161612,0.0663131313131313,0.09924524640496314
2025-06-19,DET,PIT,11.0,9.0,2.0,5.4,5.6,4.1,4.8,4.15,3.6,2.6,3.4,3.4,3.4,3.7,3.25,2025-06-19,Tyler Holton,0.22000000000000003,0.0,0.22272727272727272,Andrew Heaney,0.1945281385281385,0.044,0.18827571687118808
2025-06-24,DET,ATH,15.0,11.0,4.0,7.2,6.0,5.7,6.5,4.85,4.7,2.8,6.4,3.5,4.5,4.3,5.45,2025-06-24,Tyler Holton,0.12857142857142856,0.0,0.15,Luis Severino,0.1215238095238095,0.07304761904761901,0.11411057965436981
2025-06-25,DET,ATH,3.0,0.0,3.0,8.0,6.2,6.7,5.9,5.05,4.65,3.0,6.0,3.4,5.0,4.15,5.6,2025-06-25,Jack Flaherty,0.2697520510180356,0.1224529732841753,0.21177777777777776,Jacob Lopez,0.29048309178743964,0.07980676328502415,0.2939812085681264
2025-06-26,DET,ATH,8.0,8.0,0.0,6.2,6.4,6.3,6.1,5.05,4.75,2.8,3.8,3.1,4.6,4.1,5.2,2025-06-26,Tyler Holton,0.09523809523809526,0.0,0.11666666666666667,Jeffrey Springs,0.2035612535612535,0.08917378917378915,0.2631848565513162
2025-06-27,DET,MIN,5.0,1.0,4.0,6.2,3.6,6.0,5.6,5.4,4.75,5.4,5.4,5.2,6.7,5.05,7.15,2025-06-27,Brant Hurter,0.15,0.2333333333333333,0.14705882352941174,David Festa,0.2209501025290499,0.1273296878560036,0.2748651869682702
2025-06-28,DET,MIN,15.0,10.0,5.0,5.8,2.8,6.0,4.9,4.8,4.9,4.6,3.8,5.4,6.5,4.75,7.05,2025-06-28,Casey Mize,0.20340165631469978,0.06933333333333333,0.1775240177645358,Bailey Ober,0.17906651391224887,0.06382301908617696,0.21790035361463927
2025-06-29,DET,MIN,3.0,3.0,0.0,6.0,3.2,6.6,4.6,5.25,4.75,5.2,3.6,5.4,6.9,4.7,7.5,2025-06-29,Tarik Skubal,0.26316952013503736,0.04707692307692306,0.24502039260529823,Chris Paddack,0.15731955450846002,0.04059220389805094,0.17658548545276231
2025-07-07,DET,TBR,6.0,5.0,1.0,5.0,4.6,4.7,3.5,5.7,4.7,3.8,5.2,5.0,5.2,6.0,4.95,2025-07-07,Tyler Holton,0.1746031746031746,0.0,0.14333333333333337,Shane Baz,0.2851370851370851,0.10478595478595473,0.3226262626262626
2025-07-08,DET,TBR,6.0,4.0,2.0,3.8,4.4,5.2,3.3,5.75,4.7,3.8,5.2,4.6,5.6,5.7,4.95,2025-07-08,Jack Flaherty,0.29833940569234685,0.15405036140330253,0.269674999803649,Ryan Pepiot,0.3087845117845117,0.10699663299663295,0.2598033395176252
2025-07-09,DET,TBR,10.0,3.0,7.0,3.8,3.0,4.8,3.5,5.4,4.55,3.4,4.8,4.5,6.0,5.4,4.95,2025-07-09,Brant Hurter,0.19358974358974357,0.2653846153846154,0.3195652173913043,Zack Littell,0.2027426900584795,0.03266666666666666,0.21672764373111936
2025-07-12,DET,SEA,22.0,7.0,15.0,3.2,4.4,4.3,4.5,5.45,4.55,4.6,4.4,4.3,3.5,5.0,3.95,2025-07-12,Casey Mize,0.20649282440586786,0.03109971509971508,0.17573713797765603,George Kirby,0.22261904761904755,0.045454545454545414,0.20657781743404263
2025-07-13,DET,SEA,12.0,4.0,8.0,4.4,7.4,4.7,6.0,5.45,5.15,7.4,5.8,5.2,4.0,5.75,4.2,2025-07-13,Jack Flaherty,0.2780596854126266,0.13446994182288297,0.27375663245671017,Logan Gilbert,0.3323448443242493,0.06588863463005337,0.3007898754991778
2025-07-24,DET,TOR,15.0,4.0,11.0,1.8,4.4,2.6,6.6,3.7,5.05,6.0,3.8,4.8,3.7,5.8,4.2,2025-07-24,Reese Olson,0.2185463659147869,0.06073517126148702,0.25030568846358314,Eric Lauer,0.2903766565914903,0.04694257149500114,0.16967068645640074
2025-07-25,DET,TOR,8.0,2.0,6.0,2.4,5.8,2.7,7.0,3.85,5.4,7.0,4.0,5.8,3.9,6.05,4.4,2025-07-25,Tyler Holton,0.30333333333333334,0.0,0.3538888888888889,Jos\xc3\xa9 Berr\xc3\xados,0.18288866930171271,0.05905797101449271,0.17382372778323057
2025-07-26,DET,TOR,7.0,1.0,6.0,2.4,6.8,2.6,6.4,3.45,5.45,6.6,3.2,5.7,3.5,5.9,4.5,2025-07-26,Tarik Skubal,0.39966252587991713,0.03574327122153208,0.329322946236758,Kevin Gausman,0.21017437313089485,0.08616379112031285,0.25667035806570687
2025-07-27,DET,TOR,14.0,10.0,4.0,2.6,7.4,2.0,5.5,3.35,5.75,7.0,3.2,6.0,3.2,6.15,3.8,2025-07-27,Jack Flaherty,0.3377655677655677,0.1108424908424908,0.30289614791201513,Max Scherzer,0.26100858206121363,0.07670881749829114,0.21802165068294097
2025-07-29,DET,ARI,14.0,12.0,2.0,4.4,5.6,3.1,5.0,3.35,5.45,1.0,4.0,3.5,3.4,3.7,4.05,2025-07-29,Casey Mize,0.20918847657978085,0.03629536727362812,0.17189134954352345,Brandon Pfaadt,0.24402830502830503,0.041757575757575736,0.19496779388083735
2025-07-30,DET,ARI,9.0,7.0,2.0,6.0,3.8,4.2,4.8,3.6,5.0,1.2,5.8,3.2,4.5,3.7,4.3,2025-07-30,Chris Paddack,0.21124338624338618,0.02407407407407406,0.20134939415982744,Ryne Nelson,0.1802371541501976,0.06324110671936758,0.15178155178155178
2025-08-05,DET,MIN,9.0,3.0,6.0,4.8,3.4,5.4,3.6,4.05,5.3,3.6,7.2,3.2,6.0,4.05,5.3,2025-08-05,Chris Paddack,0.23267195767195764,0.02407407407407406,0.19150090931134262,Michael King,0.041666666666666664,0.08333333333333333,0.08888888888888886
2025-08-08,DET,LAA,11.0,6.0,5.0,4.0,5.0,5.8,3.9,3.9,4.7,4.0,3.8,4.4,4.1,4.4,4.7,2025-08-08,Tarik Skubal,0.3578754578754578,0.044047619047619044,0.29953864493339744,Kyle Hendricks,0.12225563909774433,0.051629072681704226,0.16377719112453315
2025-08-09,DET,LAA,11.0,4.0,7.0,3.8,5.0,5.4,4.0,4.0,4.55,5.0,4.8,4.5,4.6,4.15,4.75,2025-08-09,Charlie Morton,0.16922301974775733,0.08686792135067994,0.1993163014180241,Yusei Kikuchi,0.2459714198844633,0.06966403162055332,0.19274578629863068
2025-08-10,DET,LAA,14.0,9.0,5.0,4.6,6.0,5.3,4.6,4.2,4.8,4.8,4.6,4.6,4.6,4.45,4.7,2025-08-10,Casey Mize,0.19453646192776622,0.07860305958132044,0.20745074106364428,Jack Kochanowicz,0.10480684033315606,0.1222310827573985,0.1790380241993145
2025-08-18,DET,HOU,10.0,10.0,0.0,4.6,4.4,4.8,4.9,5.15,4.25,2.4,8.0,4.2,5.7,3.7,5.6,2025-08-18,Jack Flaherty,0.26541501976284587,0.08517786561264816,0.28099304035230804,Spencer Arrighetti,0.1896292113683417,0.13316393751176356,0.26969970784012526
2025-08-20,DET,HOU,9.0,7.0,2.0,5.4,2.6,5.4,4.0,5.6,3.95,1.0,8.8,3.4,6.5,3.5,5.95,2025-08-20,Charlie Morton,0.24321151112755307,0.08443894935649053,0.26465548270457384,Framber Valdez,0.20340358514271556,0.06852276547928718,0.26094426058711767
2025-08-22,DET,KCR,12.0,7.0,5.0,6.6,3.0,5.5,3.7,5.45,3.85,4.8,3.4,5.5,3.7,5.3,4.35,2025-08-22,Casey Mize,0.24948240165631458,0.08643892339544512,0.2244078933378697,Bailey Falter,0.1935739348370927,0.11670843776106929,0.1798573975044563
2025-08-23,DET,KCR,6.0,4.0,2.0,6.6,4.0,5.8,3.5,5.55,4.05,4.6,4.4,5.3,4.0,5.35,4.65,2025-08-23,Tyler Holton,0.08000000000000004,0.05,0.19833333333333333,Michael Wacha,0.1651609260304912,0.027391304347826086,0.15219673678784146
2025-08-24,DET,KCR,18.0,8.0,10.0,5.8,3.4,5.3,3.2,5.15,4.05,4.2,4.6,4.7,3.9,5.1,4.35,2025-08-24,Jack Flaherty,0.2707483530961792,0.05984453227931484,0.2839170169604952,Seth Lugo,0.1247906602254428,0.13847020933977452,0.15001908198313843
2025-09-01,DET,NYM,18.0,8.0,10.0,2.8,4.2,5.0,4.0,4.9,4.45,7.6,6.4,8.1,5.3,7.15,5.5,2025-09-01,Charlie Morton,0.30643305969392926,0.07492145535623791,0.3337438486554825,Sean Manaea,0.29088428733737653,0.037786561264822126,0.24356478960877342
2025-09-02,DET,NYM,17.0,5.0,12.0,3.8,4.6,4.8,5.0,5.1,4.5,8.4,8.0,7.9,5.4,7.35,5.55,2025-09-02,Chris Paddack,0.07811252268602539,0.04121597096188746,0.10276574212893552,Nolan McLean,0.281058201058201,0.06349206349206347,0.25615901455767076
2025-09-03,DET,NYM,8.0,6.0,2.0,4.8,5.6,4.6,6.0,5.05,4.85,10.0,7.6,8.2,5.7,7.3,5.55,2025-09-03,Casey Mize,0.21477607061131082,0.056795902800479435,0.20950715595840289,Clay Holmes,0.19125313283208017,0.09505012531328319,0.18761736015109326
2025-09-05,DET,CHW,12.0,5.0,7.0,5.0,5.4,4.5,5.7,5.15,4.6,7.2,4.2,5.4,5.8,5.2,5.35,2025-09-05,Jack Flaherty,0.21364069264069263,0.04447186147186144,0.21625948930296754,Tyler Gilbert,0.11190476190476188,0.024999999999999988,0.13555555555555554
2025-09-06,DET,CHW,6.0,6.0,0.0,5.8,6.2,4.6,6.2,4.95,4.7,8.0,4.8,5.4,6.3,5.55,5.55,2025-09-06,Tarik Skubal,0.27579087579087574,0.0645188145188145,0.2922775745711194,Mart\xc3\xadn P\xc3\xa9rez,0.2047878787878788,0.06766666666666667,0.17441064502325834
2025-09-07,DET,CHW,10.0,4.0,6.0,6.0,6.2,4.4,5.2,5.15,4.65,6.8,5.0,5.0,6.4,5.5,5.7,2025-09-07,Charlie Morton,0.284259146650451,0.11492145535623792,0.32588670579833967,Davis Martin,0.20108669108669108,0.11998168498168493,0.19777777777777775
2025-09-17,DET,CLE,4.0,0.0,4.0,6.0,4.0,5.6,4.7,5.2,4.85,3.2,1.8,4.0,1.5,3.75,3.1,2025-09-17,Jack Flaherty,0.23549579831932768,0.05785994397759102,0.17893451893451892,Gavin Williams,0.2109767798124796,0.1085316954850423,0.2137773769401404
2025-09-18,DET,CLE,4.0,1.0,3.0,3.6,4.4,5.1,3.9,4.85,4.95,3.4,1.0,3.7,1.4,3.95,2.85,2025-09-18,Tyler Holton,0.2666666666666667,0.0,0.3883333333333333,Tanner Bibee,0.18198595146871005,0.051837803320561905,0.2119244327458467
2025-09-19,DET,ATL,11.0,1.0,10.0,1.6,4.8,4.6,4.0,4.55,4.85,7.2,3.8,4.8,5.8,4.7,5.05,2025-09-19,Charlie Morton,0.21864372469635626,0.16184885290148446,0.2769846769033361,Bryce Elder,0.22406837606837607,0.06255840455840452,0.24584257206208426
2025-09-20,DET,ATL,11.0,5.0,6.0,1.2,5.0,4.2,4.3,4.4,5.25,8.8,2.8,5.6,4.1,5.15,5.0,2025-09-20,Tyler Holton,0.30666666666666675,0.0,0.3065151515151515,Joey Wentz,0.22912698412698412,0.06865873015873013,0.20739530104910492
2025-09-21,DET,ATL,8.0,2.0,6.0,1.8,4.6,4.1,4.9,4.25,5.05,8.4,3.2,5.8,4.5,4.9,5.15,2025-09-21,Casey Mize,0.21307814992025514,0.03738596491228068,0.21740483349753256,Spencer Strider,0.16368200220831797,0.092875966139124,0.2663780663780663
2025-04-23,HOU,TOR,4.0,3.0,1.0,4.6,2.0,3.7,2.9,3.75,3.55,2.0,4.4,3.6,4.1,3.55,4.1,2025-04-23,Ryan Gusto,0.26070681236921645,0.09661319073083778,0.2568263305322128,Bowden Francis,0.21986166007905134,0.08745059288537545,0.1911939944579829
2025-04-28,HOU,DET,13.0,8.0,5.0,3.0,1.8,3.4,2.2,3.95,3.25,4.6,1.4,4.6,2.1,4.6,2.45,2025-04-28,Ronel Blanco,0.21067656599693213,0.12800521370315415,0.2888917284266121,Jack Flaherty,0.30400432900432894,0.08268398268398267,0.28323349776838147
2025-04-29,HOU,DET,10.0,6.0,4.0,3.6,2.6,4.1,2.3,4.2,3.2,5.6,2.6,5.0,2.4,4.5,2.75,2025-04-29,Ryan Gusto,0.2178496695120736,0.1061370002546473,0.24515966386554622,Reese Olson,0.215034965034965,0.08622377622377618,0.27538284804010094
2025-05-09,HOU,CIN,3.0,3.0,0.0,4.8,4.0,4.9,4.1,4.05,3.3,3.4,4.6,3.8,4.1,5.55,4.35,2025-05-09,Hunter Brown,0.29462450592885375,0.06021080368906454,0.2525645512879555,Nick Martinez,0.2139341238471673,0.06857312252964426,0.23859471149989425
2025-05-12,HOU,KCR,12.0,5.0,7.0,6.0,3.6,5.2,4.4,4.65,3.35,3.6,3.4,4.4,2.8,3.75,2.9,2025-05-12,Ryan Gusto,0.20512239678480088,0.0984313725490196,0.22649732620320856,Michael Wacha,0.18899999999999997,0.04933333333333332,0.20189308878499732
2025-05-13,HOU,KCR,3.0,2.0,1.0,6.4,4.2,5.1,4.7,4.6,3.5,4.2,3.8,4.3,3.1,4.05,2.85,2025-05-13,Framber Valdez,0.18474362818590706,0.07988005997001497,0.2186453645677561,Kris Bubic,0.21680600050851764,0.06683549453343503,0.25519241192411923
2025-05-23,HOU,SEA,8.0,3.0,5.0,4.6,3.8,3.6,3.2,4.35,3.95,3.8,3.4,3.6,4.2,4.5,4.2,2025-05-23,Ryan Gusto,0.17269841269841268,0.18666666666666665,0.22465909090909092,Emerson Hancock,0.1673764906868355,0.08712836078353318,0.21161431948665985
2025-05-24,HOU,SEA,3.0,2.0,1.0,4.4,4.2,3.7,3.6,4.3,3.85,3.6,3.8,4.0,3.6,4.4,4.05,2025-05-24,Framber Valdez,0.2480753908759906,0.061223816663096994,0.2759799600112516,Bryan Woo,0.286183574879227,0.01610305958132044,0.23489134784348523
2025-05-27,HOU,ATH,12.0,11.0,1.0,4.6,3.8,4.0,3.6,4.1,3.55,4.6,7.0,3.4,7.9,4.3,6.6,2025-05-27,Hunter Brown,0.3282608695652174,0.08478260869565214,0.23344478216818643,JP Sears,0.1748578957274609,0.038571428571428555,0.15203931260535977
2025-05-29,HOU,TBR,16.0,3.0,13.0,5.2,2.6,4.9,3.2,4.7,3.3,6.0,1.4,4.8,2.3,4.45,3.55,2025-05-29,Ryan Gusto,0.17871345029239766,0.2087218045112782,0.19907085561497323,Shane Baz,0.14794050343249424,0.10904435000544836,0.17526190476190473
2025-05-30,HOU,TBR,3.0,2.0,1.0,5.2,4.2,4.8,4.2,4.4,3.9,8.0,1.8,6.0,2.1,4.9,3.3,2025-05-30,Framber Valdez,0.25359263225530093,0.07943071321482115,0.2624395873404441,Ryan Pepiot,0.15366666666666667,0.06433333333333333,0.1369363568495707
2025-05-31,HOU,TBR,19.0,3.0,16.0,5.2,4.2,4.6,4.0,4.35,3.95,5.6,2.2,5.8,1.9,4.95,3.05,2025-05-31,Colton Gordon,0.21453667105841015,0.015151515151515133,0.14992766469018068,Zack Littell,0.1695548654244306,0.015142857142857142,0.15986239950525663
2025-06-01,HOU,TBR,1.0,1.0,0.0,4.8,6.8,4.7,5.3,4.05,4.1,7.4,2.4,7.1,2.0,5.55,3.05,2025-06-01,Hunter Brown,0.32945134575569357,0.07644927536231882,0.23476190476190473,Taj Bradley,0.21281761716544317,0.08817052512704682,0.23010648833110542
2025-06-11,HOU,CHW,12.0,10.0,2.0,3.2,3.0,2.8,4.5,3.85,3.85,4.8,3.4,3.8,4.0,3.95,4.0,2025-06-11,Ryan Gusto,0.1892448512585812,0.18230358504958044,0.21217607313195547,Sean Burke,0.19101449275362317,0.12922705314009658,0.1993170456378003
2025-06-12,HOU,CHW,7.0,4.0,3.0,5.2,2.8,3.5,3.4,4.15,3.8,4.4,4.4,3.9,4.8,3.95,4.2,2025-06-12,Framber Valdez,0.28605911330049266,0.07436453201970442,0.2845448504983389,Davis Martin,0.15597361575622443,0.041103059581320434,0.21342998508064231
2025-06-13,HOU,MIN,13.0,10.0,3.0,4.4,3.0,3.7,3.6,4.15,3.8,4.6,8.4,5.6,7.0,4.35,5.3,2025-06-13,Colton Gordon,0.23849643872527163,0.00909090909090908,0.18465944119136937,Chris Paddack,0.17600485471549937,0.04892553723138428,0.18125939849624056
2025-06-14,HOU,MIN,5.0,3.0,2.0,5.6,3.2,4.4,2.3,4.55,3.8,4.4,9.4,4.9,7.6,4.15,5.8,2025-06-14,Hunter Brown,0.293040293040293,0.0932234432234432,0.24220779220779218,Joe Ryan,0.2509047969574285,0.08882652435284008,0.19484989648033121
2025-06-24,HOU,PHI,1.0,1.0,0.0,6.8,5.2,6.3,4.0,4.7,4.2,5.4,3.4,5.7,3.3,4.65,4.4,2025-06-24,Framber Valdez,0.303717317165593,0.10711999494758113,0.2555795148247978,Ranger Suarez,0.2236923076923077,0.0538461538461538,0.20004869217963245
2025-06-25,HOU,PHI,2.0,2.0,0.0,6.8,4.6,6.2,3.6,4.5,4.05,4.6,3.2,4.9,3.4,4.3,3.6,2025-06-25,Colton Gordon,0.21955704478587768,0.016666666666666642,0.19061841790979953,Zack Wheeler,0.3328782232260493,0.08660041407867493,0.2743578603181066
2025-06-26,HOU,PHI,3.0,2.0,1.0,4.6,4.0,5.4,3.4,4.45,3.4,4.2,3.4,4.6,3.4,4.2,3.45,2025-06-26,Hunter Brown,0.3253479853479853,0.10424908424908423,0.276959456314295,Cristopher S\xc3\xa1nchez,0.2006634106634106,0.06105494505494504,0.26929161430903586
2025-06-27,HOU,CHC,11.0,7.0,4.0,2.8,3.4,5.2,3.2,4.45,3.4,5.2,6.0,5.4,5.8,4.8,4.4,2025-06-27,Brandon Walter,0.2548611111111111,0.0222222222222222,0.22320549630844952,Cade Horton,0.18374741200828154,0.060973084886128334,0.24887553601179907
2025-06-28,HOU,CHC,15.0,3.0,12.0,4.0,2.4,4.9,3.3,4.65,2.8,4.8,4.6,5.6,6.4,4.65,4.6,2025-06-28,Ryan Gusto,0.26486473429951685,0.06872463768115941,0.22404536432669425,Drew Pomeranz,0.17,0.05,0.07936507936507933
2025-06-29,HOU,CHC,2.0,2.0,0.0,3.0,3.4,4.9,4.3,4.75,3.4,6.8,3.6,6.3,6.4,4.85,4.6,2025-06-29,Framber Valdez,0.2844069723380068,0.10270620184413284,0.2384366576819407,Jameson Taillon,0.16066403162055337,0.060877470355731225,0.2029799533738253
2025-07-07,HOU,CLE,12.0,5.0,7.0,8.0,3.2,6.0,3.8,5.7,3.6,1.4,4.0,2.2,5.0,2.55,4.15,2025-07-07,Colton Gordon,0.1937368421052631,0.03266666666666664,0.16883043844740148,Tanner Bibee,0.23701769245247503,0.06245059288537548,0.23791836734693877
2025-07-09,HOU,CLE,6.0,2.0,4.0,8.0,4.0,6.3,4.4,5.75,3.8,2.8,3.6,2.6,5.5,2.9,4.35,2025-07-09,Brandon Walter,0.21789855072463765,0.006666666666666659,0.2208546464798662,Slade Cecconi,0.2413314222009874,0.07821149864628121,0.21488705738705738
2025-07-11,HOU,TEX,10.0,3.0,7.0,7.2,3.4,5.8,4.4,5.35,3.85,7.6,5.2,6.8,3.8,5.4,3.85,2025-07-11,Ryan Gusto,0.24552950558213715,0.027090909090909082,0.21810797897754414,Jack Leiter,0.18113660218923375,0.1001949317738791,0.22958274181372063
2025-07-13,HOU,TEX,6.0,1.0,5.0,4.2,4.6,5.8,3.9,5.35,4.1,8.8,5.0,7.5,3.5,5.65,3.7,2025-07-13,Colton Gordon,0.1571052631578947,0.04066666666666664,0.1349415495585126,Nathan Eovaldi,0.23010855356635407,0.05532026143790849,0.2582318295739348
2025-07-24,HOU,ATH,7.0,2.0,5.0,5.0,3.2,4.1,4.0,4.9,3.85,3.0,5.0,3.9,5.5,4.35,5.2,2025-07-24,Jason Alexander,0.20501587301587296,0.11701587301587299,0.23908091908091902,Luis Severino,0.15878787878787876,0.09045454545454543,0.13810855104598474
2025-07-25,HOU,ATH,18.0,3.0,15.0,5.2,3.0,3.8,4.4,4.9,4.1,2.4,5.0,4.2,4.8,4.6,4.9,2025-07-25,Ryan Gusto,0.15996810207336515,0.030143540669856438,0.2064102564102564,Jeffrey Springs,0.16317523056653488,0.05465367965367962,0.15519312032026092
2025-07-26,HOU,ATH,6.0,1.0,5.0,3.6,5.4,3.6,5.2,4.95,4.8,5.0,4.0,5.1,4.4,5.35,4.9,2025-07-26,Hunter Brown,0.30473173203607984,0.0606140526140526,0.2963619469960933,Sean Newcomb,0.45,0.05,0.3010084033613445
2025-07-27,HOU,ATH,8.0,1.0,7.0,2.6,5.8,3.5,5.3,4.65,4.85,5.6,2.8,5.2,4.2,5.25,4.95,2025-07-27,Colton Gordon,0.15287449392712546,0.07938461538461537,0.15849376114081992,J.T. Ginn,0.3293976199239356,0.025910931174089057,0.29218559218559215
2025-07-28,HOU,WSN,3.0,1.0,2.0,2.2,7.0,3.3,5.3,4.55,4.6,4.4,2.4,4.0,4.5,4.4,5.55,2025-07-28,Framber Valdez,0.2305944170771757,0.06501477832512313,0.19351540616246496,Brad Lord,0.20700280112044817,0.03333333333333332,0.20061972510248371
2025-07-29,HOU,WSN,11.0,7.0,4.0,1.6,6.8,3.3,5.0,4.5,4.7,3.6,2.4,4.1,3.8,4.05,5.4,2025-07-29,Jason Alexander,0.22501587301587297,0.11034920634920634,0.2861397426103308,Michael Soroka,0.22444444444444445,0.09388888888888888,0.22400601762303887
2025-07-30,HOU,WSN,10.0,9.0,1.0,2.6,6.6,3.9,4.8,4.55,4.65,4.4,2.8,4.3,3.8,3.7,5.4,2025-07-30,Ryan Gusto,0.16786283891547046,0.04014354066985644,0.2531007751937985,MacKenzie Gore,0.18404209799861973,0.15759213250517595,0.2346911387672257
2025-08-12,HOU,BOS,15.0,1.0,14.0,5.8,4.2,5.7,4.1,4.5,4.55,5.4,4.8,6.9,3.9,4.8,3.5,2025-08-12,Colton Gordon,0.20105494505494503,0.0729084249084249,0.16615032679738562,Dustin May,0.22914418914418913,0.0826273726273726,0.19501045296167246
2025-08-13,HOU,BOS,5.0,4.0,1.0,4.6,6.4,5.1,5.1,4.5,4.95,7.0,4.6,7.5,3.5,5.45,3.55,2025-08-13,Hunter Brown,0.27907647907647903,0.07320827320827318,0.23403263403263397,Walker Buehler,0.11355183946488293,0.11725752508361201,0.1677043332970106
2025-08-15,HOU,BAL,7.0,0.0,7.0,4.6,5.4,4.6,5.1,4.15,4.85,2.8,4.2,2.8,4.7,5.1,4.0,2025-08-15,Framber Valdez,0.24673691847604892,0.06185609881262053,0.2532061653490225,Brandon Young,0.17598828622358031,0.0885770308123249,0.20247685524307313
2025-08-26,HOU,COL,7.0,1.0,6.0,6.0,5.4,3.5,7.1,4.6,5.6,2.8,6.0,4.2,5.9,3.65,7.25,2025-08-26,Hunter Brown,0.22148608235564754,0.0842880147227973,0.1865551229436318,Tanner Gordon,0.12065580618212195,0.0389097744360902,0.129274857723223
2025-08-27,HOU,COL,4.0,4.0,0.0,5.8,5.2,3.5,6.3,4.3,5.7,2.4,5.6,4.4,5.7,3.9,6.55,2025-08-27,Framber Valdez,0.190832156571287,0.09337990833643003,0.27749831464117175,Chase Dollander,0.172683066361556,0.127974828375286,0.2136027574981063
2025-08-28,HOU,COL,7.0,4.0,3.0,5.2,4.8,3.5,6.2,4.05,5.65,1.4,4.6,3.4,5.4,3.7,6.25,2025-08-28,Jason Alexander,0.21929079616036135,0.06526708074534159,0.1991144765122787,Kyle Freeland,0.15237037037037035,0.058592592592592564,0.15636599511599508
2025-08-29,HOU,LAA,2.0,2.0,0.0,4.0,4.0,3.9,5.8,4.1,5.45,2.8,8.6,2.5,6.4,3.9,6.0,2025-08-29,Cristian Javier,0.2104299209562367,0.13032581453634082,0.20885780885780883,Tyler Anderson,0.16506972559604138,0.09912730544309489,0.21571764233560495
2025-08-30,HOU,LAA,5.0,1.0,4.0,2.6,2.4,4.1,4.6,4.15,5.15,2.6,6.6,2.3,5.9,3.5,5.85,2025-08-30,Spencer Arrighetti,0.16226613965744396,0.1194835309617918,0.20868216927585492,Kyle Hendricks,0.16528243686138416,0.10427993059572001,0.19450068947635152
2025-08-31,HOU,LAA,3.0,0.0,3.0,2.4,2.6,4.2,4.0,3.8,5.25,2.8,6.0,2.6,5.6,3.45,5.85,2025-08-31,Hunter Brown,0.2238670347365999,0.06524039567517827,0.19873461012311897,Jos\xc3\xa9 Soriano,0.24555148555148554,0.061078551078551035,0.23234496124031007
2025-09-02,HOU,NYY,8.0,1.0,7.0,3.0,2.6,4.1,3.7,3.65,5.1,7.6,2.4,5.9,3.8,6.05,3.8,2025-09-02,Framber Valdez,0.12648433048433047,0.09198860398860395,0.23462249764770773,Max Fried,0.2335641025641025,0.08041025641025638,0.26317458123084714
2025-09-03,HOU,NYY,15.0,8.0,7.0,2.4,3.4,3.2,3.7,3.5,5.2,8.0,2.4,6.3,3.3,6.25,3.75,2025-09-03,Jason Alexander,0.22329079616036135,0.0532670807453416,0.22405537485743238,Will Warren,0.18684829663090527,0.08041596085074341,0.19653945892907204
2025-09-04,HOU,NYY,12.0,4.0,8.0,3.6,4.8,3.1,3.6,3.55,5.5,7.2,3.6,7.0,4.0,6.35,3.95,2025-09-04,Cristian Javier,0.22925101214574894,0.13345864661654133,0.21914335664335663,Carlos Rod\xc3\xb3n,0.17335968379446637,0.1282371541501976,0.22723577235772355
2025-09-15,HOU,TEX,9.0,6.0,3.0,4.6,4.2,4.9,4.7,4.5,4.2,5.4,2.4,4.3,3.8,5.65,3.25,2025-09-15,Jason Alexander,0.21211067193675887,0.04208695652173912,0.21991894913082688,Jack Leiter,0.3012187088274044,0.09093544137022394,0.221955698741413
2025-09-16,HOU,TEX,11.0,6.0,5.0,5.2,4.4,5.4,4.3,4.3,4.0,5.0,3.6,3.7,3.8,5.5,3.4,2025-09-16,Colton Gordon,0.20035714285714284,0.056309523809523795,0.15090421455938693,Merrill Kelly,0.20383475783475782,0.022792022792022783,0.18280310705842615
2025-09-17,HOU,TEX,7.0,5.0,2.0,6.4,4.2,5.2,4.1,4.15,3.85,5.0,4.0,3.9,3.9,5.55,3.4,2025-09-17,Cristian Javier,0.2171328671328671,0.12132034632034627,0.2083305583305583,Jacob deGrom,0.27488888888888885,0.04777777777777775,0.2615770476675583
2025-09-19,HOU,SEA,4.0,0.0,4.0,5.2,4.0,5.3,3.5,4.3,3.8,7.0,3.4,7.4,2.7,5.8,4.15,2025-09-19,Hunter Brown,0.225231884057971,0.08378260869565216,0.21126556685933232,Bryan Woo,0.3375021645021644,0.061030303030303004,0.2577278438326549
2025-09-20,HOU,SEA,10.0,4.0,6.0,4.0,4.4,4.2,3.9,4.25,3.7,6.8,2.8,6.8,2.5,5.55,3.85,2025-09-20,Framber Valdez,0.17851950947603124,0.09880824972129316,0.23719890889521533,George Kirby,0.22589457601222307,0.044,0.23641304347826084
2025-09-21,HOU,SEA,10.0,3.0,7.0,4.2,4.0,4.4,4.1,4.25,4.0,5.8,3.2,5.6,2.7,5.55,3.7,2025-09-21,Jason Alexander,0.20756521739130435,0.05208695652173913,0.23660415491503156,Logan Gilbert,0.34141633728590254,0.05190645586297756,0.32374545877907634
2025-04-24,KCR,COL,11.0,7.0,4.0,2.0,4.8,2.1,4.5,2.85,3.9,5.0,6.0,3.5,5.3,3.25,5.65,2025-04-24,Michael Lorenzen,0.17677536231884056,0.07250000000000001,0.2051323486927632,Germ\xc3\xa1n M\xc3\xa1rquez,0.13567193675889325,0.10108695652173913,0.20267571719184618
2025-04-25,KCR,HOU,2.0,2.0,0.0,3.6,4.4,3.1,4.2,3.2,3.75,4.0,1.4,3.9,2.6,3.85,3.45,2025-04-25,Seth Lugo,0.17153731936340627,0.08246021289499546,0.16795361761725966,Hayden Wesneski,0.2776621023903632,0.04707792207792205,0.24981156861056075
2025-04-26,KCR,HOU,2.0,2.0,0.0,3.8,3.2,3.0,3.6,2.75,3.7,3.4,1.4,3.2,2.5,3.75,3.5,2025-04-26,Michael Wacha,0.17706411945542375,0.0970794905577514,0.21890088593576965,Framber Valdez,0.22270472844385886,0.09138398477528908,0.20887454867926988
2025-04-27,KCR,HOU,10.0,3.0,7.0,3.6,1.8,2.8,3.4,2.85,3.45,3.0,1.2,2.9,1.9,3.65,3.25,2025-04-27,Kris Bubic,0.26214814814814813,0.061703703703703684,0.2928790393383661,Hunter Brown,0.27822134387351777,0.05296442687747034,0.2600020134903856
2025-05-05,KCR,CHW,3.0,3.0,0.0,5.2,2.2,4.2,2.1,3.35,3.4,4.8,4.8,4.6,4.7,3.95,4.95,2025-05-05,Cole Ragans,0.3968176750785446,0.07532467532467531,0.34621668918014425,Shane Smith,0.21383572567783093,0.0703748006379585,0.23074625427566603
2025-05-06,KCR,CHW,7.0,4.0,3.0,5.2,2.2,3.9,1.9,3.5,3.05,4.4,4.0,4.4,4.6,3.85,4.95,2025-05-06,Seth Lugo,0.2205198987807683,0.053899240855762566,0.20220767877349477,Sean Burke,0.20115502854633288,0.14088625384277556,0.24560360729657713
2025-05-07,KCR,CHW,3.0,2.0,1.0,4.4,2.4,4.1,2.2,3.55,2.9,4.2,3.6,4.5,4.6,3.95,4.85,2025-05-07,Michael Wacha,0.18536363636363634,0.06860606060606059,0.23131674904788913,Tyler Gilbert,0.41880952380952385,0.1488095238095238,0.26966033966033964
2025-05-08,KCR,CHW,10.0,10.0,0.0,4.8,2.0,4.1,2.3,3.45,2.85,2.8,4.0,4.3,4.2,3.45,4.9,2025-05-08,Kris Bubic,0.19784303754555466,0.07365030934824982,0.24024901569770413,Davis Martin,0.1847272727272727,0.06327272727272726,0.16734646046450896
2025-05-10,KCR,BOS,11.0,1.0,10.0,6.0,2.0,4.8,1.6,3.9,2.65,3.8,3.8,5.7,3.2,5.2,4.25,2025-05-10,Cole Ragans,0.41590858416945375,0.07714285714285711,0.34071668918014425,Garrett Crochet,0.320989898989899,0.10540404040404039,0.2605536526965098
2025-05-16,KCR,STL,13.0,3.0,10.0,2.6,4.8,4.3,3.4,4.05,2.65,5.6,2.8,5.6,2.2,4.65,3.35,2025-05-16,Cole Ragans,0.38982162764771455,0.0945341614906832,0.31869287965633475,Andre Pallante,0.1194626178974005,0.0801821946169772,0.1812089540421007
2025-05-18,KCR,STL,3.0,2.0,1.0,2.8,4.4,3.2,3.9,3.55,2.9,5.8,2.8,5.6,1.8,5.0,3.2,2025-05-18,Michael Wacha,0.17709523809523806,0.04695238095238093,0.1804645173564259,Matthew Liberatore,0.20515297906602253,0.054629629629629604,0.21175127283617848
2025-05-26,KCR,CIN,11.0,4.0,7.0,3.6,3.2,2.7,3.4,3.5,3.25,4.2,6.4,4.7,4.0,4.4,4.3,2025-05-26,Michael Lorenzen,0.2078957692870736,0.04186063533889618,0.23282519926368211,Nick Martinez,0.17363940407418665,0.03636363636363636,0.1987748810329455
2025-05-28,KCR,CIN,5.0,3.0,2.0,3.8,5.2,2.9,4.2,3.6,3.8,6.8,6.8,4.9,4.1,4.35,4.5,2025-05-28,Noah Cameron,0.19428571428571426,0.08,0.2310139042697182,Hunter Greene,0.3478164931044188,0.06276386152547142,0.28268627349004916
2025-05-30,KCR,DET,12.0,5.0,7.0,2.8,4.8,2.9,3.4,3.2,3.6,3.2,1.6,3.3,3.3,4.95,3.35,2025-05-30,Seth Lugo,0.2059187577928207,0.04291187739463598,0.18483179224867202,Casey Mize,0.2257936507936508,0.0312169312169312,0.25407805106914116
2025-05-31,KCR,DET,1.0,1.0,0.0,3.6,5.6,3.4,4.0,3.3,3.95,4.4,2.0,3.7,3.6,4.65,3.55,2025-05-31,Michael Wacha,0.14629813664596272,0.03898136645962732,0.15854129845646284,Tarik Skubal,0.4168923474770551,0.01610305958132044,0.34659481751908905
2025-06-01,KCR,DET,1.0,0.0,1.0,3.0,4.6,3.3,3.9,3.15,3.8,3.4,2.2,3.3,2.6,4.15,3.5,2025-06-01,Kris Bubic,0.2718097165991903,0.06688529014844803,0.29422261975750347,Tyler Holton,0.18333333333333335,0.05,0.2627272727272727
2025-06-10,KCR,NYY,12.0,2.0,10.0,5.4,5.6,3.8,4.5,3.4,4.2,5.4,6.2,4.5,6.2,4.65,4.15,2025-06-10,Noah Cameron,0.1599576719576719,0.08186243386243383,0.23967786127840846,Max Fried,0.2706840985101854,0.06508361204013377,0.25311179017061364
2025-06-11,KCR,NYY,9.0,3.0,6.0,3.8,6.2,3.8,4.8,3.35,4.5,7.4,5.8,5.4,6.4,5.05,4.1,2025-06-11,Kris Bubic,0.3094615384615384,0.07174358974358971,0.3294078049426887,Clarke Schmidt,0.2687280255975908,0.0935298324863542,0.26506823168056165
2025-06-12,KCR,NYY,1.0,0.0,1.0,3.0,6.4,3.8,5.2,3.35,4.3,7.8,6.4,5.5,5.9,4.95,4.15,2025-06-12,Seth Lugo,0.1903711245981287,0.06240088511893784,0.14801932367149756,Will Warren,0.3322204968944099,0.1351449275362319,0.2836853199113801
2025-06-13,KCR,ATH,10.0,4.0,6.0,2.6,5.2,3.3,4.6,3.35,4.3,4.6,5.0,4.9,6.2,4.5,7.2,2025-06-13,Michael Wacha,0.174472049689441,0.03967701863354036,0.1745050505050505,Luis Severino,0.158335403726708,0.06040993788819874,0.17345941686367214
2025-06-14,KCR,ATH,4.0,0.0,4.0,3.2,5.6,3.6,5.2,3.45,4.55,4.8,5.0,5.1,5.8,4.55,7.05,2025-06-14,Michael Lorenzen,0.17856766061413737,0.06834033380135326,0.1714085652383524,Jacob Lopez,0.25153846153846154,0.101025641025641,0.24479244697510955
2025-06-15,KCR,ATH,5.0,2.0,3.0,1.8,5.4,3.6,5.5,3.3,4.7,4.8,3.6,5.1,4.8,4.5,6.55,2025-06-15,Noah Cameron,0.18395767195767193,0.049862433862433844,0.2599000835006307,Jeffrey Springs,0.23419528619528615,0.09748148148148147,0.26495374800637955
2025-06-24,KCR,TBR,6.0,1.0,5.0,3.8,3.4,3.1,3.2,3.45,4.2,7.6,6.4,7.0,4.7,5.6,3.65,2025-06-24,Kris Bubic,0.2547621701969528,0.0982412981543416,0.28008620563803854,Taj Bradley,0.21893622946254515,0.09777220829852404,0.19403361344537812
2025-06-25,KCR,TBR,3.0,0.0,3.0,2.8,3.8,3.2,3.6,3.25,4.1,6.2,5.0,6.8,4.3,5.8,3.6,2025-06-25,Michael Wacha,0.1800621118012422,0.05706832298136644,0.20586559472273755,Drew Rasmussen,0.249025974025974,0.0551298701298701,0.20002583514778632
2025-06-26,KCR,TBR,4.0,0.0,4.0,2.0,4.2,2.8,3.3,3.2,4.25,6.6,4.2,6.3,3.9,5.15,3.45,2025-06-26,Michael Lorenzen,0.17079310344827586,0.10123727422003281,0.15845689543363956,Shane Baz,0.21035353535353535,0.09932659932659929,0.25310426923699236
2025-06-27,KCR,LAD,9.0,4.0,5.0,0.8,4.0,2.8,3.3,3.2,4.4,7.2,4.6,6.3,4.5,5.1,4.7,2025-06-27,Noah Cameron,0.17956806156806154,0.0791351611351611,0.24406310023134004,Dustin May,0.19646153846153847,0.08769230769230768,0.14738077238077235
2025-06-29,KCR,LAD,6.0,1.0,5.0,2.8,4.4,3.3,3.9,3.0,4.3,6.0,4.4,5.9,4.9,5.25,4.8,2025-06-29,Kris Bubic,0.2763006317354143,0.07424129815434159,0.2778123038292529,Jack Dreyer,0.15666666666666668,0.05,0.2133333333333333
2025-07-07,KCR,PIT,12.0,9.0,3.0,3.8,3.0,4.1,3.9,3.45,3.6,1.2,1.6,4.5,1.6,3.9,3.2,2025-07-07,Noah Cameron,0.23091866028708133,0.08737799043062199,0.2245351636648639,Andrew Heaney,0.2195558065123282,0.06245059288537545,0.19327662612741645
2025-07-08,KCR,PIT,7.0,4.0,3.0,5.2,3.0,4.6,3.7,3.8,3.6,1.6,3.4,4.6,2.1,3.8,3.55,2025-07-08,Seth Lugo,0.2741045991045991,0.09018111518111514,0.24295285467503488,Mitch Keller,0.1886743691091517,0.051806888763410476,0.1852804455115379
2025-07-09,KCR,PIT,7.0,4.0,3.0,5.4,3.2,4.1,3.5,3.7,3.7,1.2,4.2,4.0,2.4,3.85,3.6,2025-07-09,Kris Bubic,0.22470144145201357,0.08324264768200693,0.2592216352385844,Bailey Falter,0.13336796536796536,0.07909090909090907,0.17693882345045134
2025-07-11,KCR,NYM,11.0,3.0,8.0,4.4,3.2,4.4,3.3,3.6,3.7,5.2,5.4,4.1,6.0,3.7,5.75,2025-07-11,Michael Wacha,0.19228778467908897,0.0938463308028525,0.2787404756070524,Kodai Senga,0.24437876091194166,0.10086448004068138,0.27735884804850325
2025-07-13,KCR,NYM,5.0,3.0,2.0,4.2,4.0,4.0,3.5,3.3,3.95,3.8,4.0,4.9,4.3,4.2,5.35,2025-07-13,Noah Cameron,0.23891866028708134,0.08737799043062197,0.23515585332003633,Clay Holmes,0.13530095000346712,0.15247555648013314,0.17928109428109426
2025-07-26,KCR,CLE,10.0,4.0,6.0,5.6,4.2,4.3,4.0,4.45,3.85,6.0,3.2,5.4,3.6,4.0,4.55,2025-07-26,Michael Wacha,0.17309523809523808,0.10216931216931213,0.2786619826714166,Gavin Williams,0.23167599067599065,0.13363170163170163,0.266153770315261
2025-07-27,KCR,CLE,5.0,4.0,1.0,6.2,4.8,4.3,4.3,4.2,3.9,5.6,3.6,5.6,3.8,4.0,4.25,2025-07-27,Noah Cameron,0.2659961013645224,0.05751267056530211,0.24688163939420665,Joey Cantillo,0.31419943138478607,0.11210526315789474,0.3285105364559521
2025-07-29,KCR,ATL,15.0,9.0,6.0,4.6,5.4,4.7,4.3,4.6,3.9,3.4,8.2,4.8,7.0,4.2,5.6,2025-07-29,Seth Lugo,0.2473063973063973,0.079033929033929,0.2158797550228983,Erick Fedde,0.09154761904761903,0.13693223443223443,0.16141845254848347
2025-08-12,KCR,WSN,13.0,8.0,5.0,4.4,4.4,5.4,5.3,4.85,4.7,3.2,4.0,3.9,7.5,3.95,6.0,2025-08-12,Michael Wacha,0.17298701298701297,0.05,0.18317066482059305,Mitchell Parker,0.12411594202898549,0.07442028985507244,0.14485088333340151
2025-08-13,KCR,WSN,15.0,7.0,8.0,5.6,4.2,5.5,4.8,5.1,4.55,4.2,4.4,3.5,6.7,4.15,6.0,2025-08-13,Seth Lugo,0.15419422767248853,0.10368760064412237,0.1829084907390427,Jake Irvin,0.10705378831694619,0.0601503759398496,0.17494397759103636
2025-08-15,KCR,CHW,4.0,3.0,1.0,5.6,5.2,5.3,5.0,5.4,4.8,3.4,3.2,3.7,4.9,5.0,4.75,2025-08-15,Noah Cameron,0.21466666666666664,0.040814814814814804,0.24708890001728875,Aaron Civale,0.28262375305853565,0.06509693205345378,0.18808507110546907
2025-08-16,KCR,CHW,8.0,6.0,2.0,5.4,3.6,4.7,4.8,5.4,4.75,3.4,3.2,3.7,5.2,4.65,4.75,2025-08-16,Michael Lorenzen,0.2096315789473684,0.057333333333333326,0.20985585536918486,Tyler Alexander,0.22202380952380948,0.0901190476190476,0.16913884327677428
2025-08-17,KCR,CHW,8.0,6.0,2.0,6.2,4.0,5.1,4.6,5.65,4.7,2.6,3.6,3.4,5.0,4.6,4.85,2025-08-17,Ryan Bergert,0.25296119085592766,0.1255821371610845,0.22113431432316882,Davis Martin,0.17970370370370367,0.11981481481481479,0.21977049685122277
2025-08-18,KCR,TEX,7.0,4.0,3.0,6.0,3.6,5.2,4.0,5.6,4.6,4.6,6.6,3.2,5.2,3.9,4.55,2025-08-18,Michael Wacha,0.14907396950875207,0.03739130434782608,0.17474575639568463,Jack Leiter,0.248972472515345,0.15253617523101973,0.2805352466879262
2025-08-19,KCR,TEX,7.0,5.0,2.0,5.2,3.2,5.4,3.7,5.2,4.55,4.8,6.8,3.3,5.6,3.75,4.65,2025-08-19,Seth Lugo,0.13312399355877613,0.13847020933977455,0.16636713735558403,Merrill Kelly,0.1932169521299956,0.09221900161030591,0.20986394557823126
2025-08-20,KCR,TEX,9.0,3.0,6.0,4.8,2.0,5.2,3.6,5.45,4.35,4.4,6.6,3.3,5.8,3.75,4.85,2025-08-20,Noah Cameron,0.17279871175523348,0.05079871175523348,0.23935943141825491,Jacob Latz,0.14945054945054942,0.20967032967032964,0.21900523315577983
2025-08-21,KCR,TEX,10.0,6.0,4.0,4.8,3.0,5.1,3.3,5.2,4.45,4.6,6.0,3.8,5.2,3.65,4.85,2025-08-21,Michael Lorenzen,0.2129256965944272,0.0568627450980392,0.22644571712033695,Patrick Corbin,0.18870813397129185,0.10774056353003718,0.24856873419057438
2025-08-29,KCR,DET,8.0,3.0,5.0,5.8,4.8,5.2,4.6,5.2,4.3,4.4,6.4,5.5,4.7,4.8,4.7,2025-08-29,Seth Lugo,0.13537267080745338,0.12788819875776397,0.1531769767199805,Tyler Holton,0.13000000000000006,0.05,0.195
2025-08-30,KCR,DET,4.0,3.0,1.0,6.0,5.0,5.1,4.8,5.25,4.25,4.0,6.0,5.3,5.0,5.05,4.75,2025-08-30,Stephen Kolek,0.17205128205128203,0.052692307692307684,0.16738633282111542,Jack Flaherty,0.23641501976284585,0.051511198945981516,0.2513244243679026
2025-08-31,KCR,DET,5.0,0.0,5.0,4.6,3.6,4.9,4.7,5.05,4.15,3.4,6.2,4.6,4.8,4.8,4.75,2025-08-31,Michael Wacha,0.1484942593638245,0.0257246376811594,0.14420503984959548,Tarik Skubal,0.3219447219447219,0.04913419913419912,0.317251414822253
2025-09-04,KCR,LAA,7.0,4.0,3.0,2.0,4.0,3.9,4.4,4.6,4.2,3.8,2.6,3.2,4.6,3.25,5.35,2025-09-04,Noah Cameron,0.10679871175523348,0.07079871175523347,0.19132560477977714,Kyle Hendricks,0.16022980528243683,0.08322729901677264,0.18193384455656542
2025-09-05,KCR,MIN,3.0,2.0,1.0,2.2,3.6,4.1,4.3,4.4,4.1,5.2,7.0,5.5,7.5,4.55,6.85,2025-09-05,Michael Wacha,0.15277997364953882,0.035724637681159396,0.1421411577857134,Pablo L\xc3\xb3pez,0.2051891876239702,0.08014455110107281,0.25006127206127204
2025-09-06,KCR,MIN,13.0,11.0,2.0,2.0,3.6,3.3,3.6,4.15,3.75,4.0,7.0,5.2,6.7,4.55,6.5,2025-09-06,Stephen Kolek,0.1493240093240093,0.04269230769230768,0.15240563784042044,Michael King,0.1811111111111111,0.09222222222222223,0.20095238095238094
2025-09-07,KCR,MIN,6.0,1.0,5.0,4.2,3.0,4.4,3.1,4.55,3.8,3.4,8.0,4.7,7.3,4.45,7.0,2025-09-07,Michael Lorenzen,0.2422485689928145,0.05808220679576176,0.2381429218541437,Bailey Ober,0.1963899868247694,0.036796536796536786,0.2018163766905185
2025-09-16,KCR,SEA,17.0,5.0,12.0,4.8,5.0,4.0,4.5,4.05,4.4,5.4,2.2,6.5,3.4,5.65,4.4,2025-09-16,Michael Wacha,0.16898550724637676,0.05311594202898549,0.17361174602100754,Logan Gilbert,0.3147496706192358,0.043906455862977554,0.29915917036300066
2025-09-17,KCR,SEA,12.0,7.0,5.0,5.0,6.8,4.3,5.6,3.8,4.6,7.0,2.8,7.2,3.3,6.15,4.1,2025-09-17,Michael Lorenzen,0.22407566346696778,0.04621946169772256,0.23500849355842507,Bryce Miller,0.22368247694334648,0.053896103896103886,0.2361025641025641
2025-09-19,KCR,TOR,21.0,20.0,1.0,5.6,6.0,3.8,5.6,3.9,4.4,4.6,3.4,4.1,2.8,5.6,4.3,2025-09-19,Michael Lorenzen,0.24274233013363444,0.03821946169772256,0.22885464740457895,Max Scherzer,0.2144306418219461,0.09274327122153209,0.20129088884440213
2025-09-20,KCR,TOR,3.0,2.0,1.0,8.4,4.6,5.6,4.7,4.3,4.4,3.8,6.6,4.1,4.5,5.15,5.1,2025-09-20,Noah Cameron,0.2153263403263403,0.08378787878787876,0.2523449612403101,Shane Bieber,0.2719380619380619,0.03344988344988342,0.3037502671041282
2025-09-21,KCR,TOR,13.0,5.0,8.0,6.8,4.2,5.8,4.6,4.25,4.2,1.8,6.6,3.9,4.3,4.95,4.85,2025-09-21,Michael Wacha,0.14289855072463764,0.035724637681159396,0.13875460316386473,Eric Lauer,0.25714285714285706,0.03333333333333332,0.2507287449392712
2025-04-23,LAA,PIT,3.0,0.0,3.0,3.0,4.2,2.6,5.0,3.85,4.75,4.6,3.4,3.8,3.7,3.6,4.55,2025-04-23,Jack Kochanowicz,0.11481272350837565,0.05533596837944662,0.13959738349982248,Andrew Heaney,0.2185242696112261,0.0613555325511847,0.19294019933554812
2025-04-24,LAA,PIT,7.0,4.0,3.0,2.4,3.8,2.3,3.9,3.8,4.5,4.0,3.2,3.8,3.2,3.55,4.3,2025-04-24,Tyler Anderson,0.23837756446452096,0.12563523433088647,0.239834570191713,Carmen Mlodzinski,0.17081339712918658,0.09785258601048072,0.18368055555555557
2025-05-01,LAA,DET,14.0,4.0,10.0,2.2,7.0,2.5,5.7,3.0,5.0,5.8,4.0,4.8,3.0,4.55,3.0,2025-05-01,Yusei Kikuchi,0.1796083916083916,0.15474861980125137,0.17747452230053334,Casey Mize,0.19888888888888887,0.0624074074074074,0.24473342770267478
2025-05-02,LAA,DET,10.0,1.0,9.0,2.2,6.8,2.7,6.4,3.0,5.35,6.6,4.4,5.5,3.3,4.8,3.2,2025-05-02,Jos\xc3\xa9 Soriano,0.17652926783361564,0.10898738942217198,0.23613128481463702,Tyler Holton,0.1793650793650794,0.05079365079365078,0.28857142857142853
2025-05-03,LAA,DET,7.0,5.0,2.0,2.2,7.6,2.3,6.9,2.85,5.55,7.0,4.6,5.8,3.0,5.1,3.05,2025-05-03,Kyle Hendricks,0.12131750945992428,0.12949432404540762,0.14055164497560807,Jack Flaherty,0.2966450216450216,0.08354978354978353,0.27212238665727034
2025-05-04,LAA,DET,14.0,1.0,13.0,3.2,7.0,2.5,6.2,2.55,5.6,6.4,4.0,6.0,3.3,4.85,3.0,2025-05-04,Jack Kochanowicz,0.12390878686530857,0.08303800547278806,0.16052406064601182,Reese Olson,0.2259045302523563,0.1023107327455153,0.3243572070144599
2025-05-07,LAA,TOR,9.0,5.0,4.0,3.8,7.4,3.0,7.2,2.65,5.65,3.8,4.6,2.9,5.4,3.25,4.75,2025-05-07,Yusei Kikuchi,0.17890909090909088,0.12537799043062198,0.16912357092632618,Jos\xc3\xa9 Berr\xc3\xados,0.1846773194599281,0.08734051777530034,0.15532653356182768
2025-05-08,LAA,TOR,13.0,5.0,8.0,4.0,6.2,3.1,6.5,2.75,5.5,3.8,5.2,3.2,5.6,3.15,4.9,2025-05-08,Jos\xc3\xa9 Soriano,0.14174665913796342,0.0915960850743459,0.20946461814797032,Chris Bassitt,0.24331407722712067,0.04478321678321676,0.22197793538219068
2025-05-09,LAA,BAL,5.0,1.0,4.0,4.8,6.0,3.5,6.8,3.0,5.7,2.2,6.8,2.6,6.3,3.25,6.25,2025-05-09,Kyle Hendricks,0.11106109920351401,0.12949432404540762,0.13895100471950564,Tomoyuki Sugano,0.13920218911523258,0.0455298324863542,0.1734477667035806
2025-05-10,LAA,BAL,7.0,5.0,2.0,4.0,6.4,3.6,6.7,3.0,5.75,3.0,6.2,3.0,5.7,3.0,6.25,2025-05-10,Jack Kochanowicz,0.09624080267558527,0.08224749163879597,0.17304878048780484,Charlie Morton,0.11241830065359475,0.1284313725490196,0.21927832244008716
2025-05-11,LAA,BAL,10.0,3.0,7.0,4.8,4.2,3.8,6.4,3.1,5.6,2.2,5.0,2.8,5.9,2.8,6.4,2025-05-11,Tyler Anderson,0.20690455277411796,0.06975494071146245,0.26009913536598167,Zach Eflin,0.11568322981366456,0.01587301587301587,0.18360382020971078
2025-05-23,LAA,MIA,11.0,7.0,4.0,7.4,4.4,6.8,4.9,5.3,5.55,3.0,5.6,3.5,4.7,3.6,6.0,2025-05-23,Yusei Kikuchi,0.1867310226005878,0.09991412096675249,0.20090141530673092,Sandy Alcantara,0.175989054423837,0.11555913651565822,0.23759760676455324
2025-05-24,LAA,MIA,8.0,2.0,6.0,7.6,4.4,6.6,4.8,5.45,5.25,3.8,6.2,3.7,5.0,3.5,6.0,2025-05-24,Jos\xc3\xa9 Soriano,0.19061898732063642,0.09836422115282681,0.26025571941765924,Cal Quantrill,0.21913875598086122,0.06432748538011693,0.2076926186433826
2025-05-25,LAA,MIA,3.0,0.0,3.0,7.2,5.0,6.4,4.8,5.5,5.1,4.0,6.4,4.1,4.7,3.7,5.35,2025-05-25,Kyle Hendricks,0.15273279352226715,0.08596491228070173,0.1245358799592946,Edward Cabrera,0.20469916556873075,0.07359934751239097,0.20288663663663664
2025-05-26,LAA,NYY,6.0,1.0,5.0,5.8,4.6,6.3,4.6,5.25,5.15,5.0,2.2,4.9,2.2,5.9,3.2,2025-05-26,Jack Kochanowicz,0.17763210702341134,0.154943143812709,0.1884968453827875,Ryan Yarbrough,0.17909035409035406,0.06240842490842491,0.2616264784274529
2025-05-27,LAA,NYY,5.0,2.0,3.0,4.0,4.6,5.8,4.9,5.25,4.75,5.2,1.8,5.1,2.1,5.95,3.0,2025-05-27,Tyler Anderson,0.17208900600204946,0.07124475524475522,0.20265523764879206,Carlos Rod\xc3\xb3n,0.30275372775372766,0.0741341991341991,0.31583347065074635
2025-05-28,LAA,NYY,1.0,0.0,1.0,2.4,4.2,4.9,4.3,4.95,4.75,5.6,2.2,4.8,2.1,5.95,3.1,2025-05-28,Yusei Kikuchi,0.21750025336981857,0.08857808857808855,0.19773474864006424,Clarke Schmidt,0.26314699792960655,0.12513457556935817,0.2818494657448146
2025-06-06,LAA,SEA,9.0,5.0,4.0,5.4,5.8,3.2,4.7,4.9,4.75,1.6,4.4,2.8,4.2,3.25,4.05,2025-06-06,Kyle Hendricks,0.18093406593406586,0.03333333333333331,0.14254897242418507,Bryce Miller,0.14983524027459952,0.11130892448512583,0.19830767626199414
2025-06-08,LAA,SEA,5.0,2.0,3.0,6.2,6.2,4.3,4.8,5.3,4.7,3.2,5.0,3.1,4.3,3.55,3.95,2025-06-08,Tyler Anderson,0.14969169960474304,0.0814265734265734,0.19923469387755102,George Kirby,0.17162471395881,0.061022120518687994,0.19081166272655634
2025-06-09,LAA,ATH,11.0,7.0,4.0,6.2,6.0,4.4,4.6,5.1,4.75,5.8,4.2,5.4,6.8,4.3,6.9,2025-06-09,Yusei Kikuchi,0.19311594202898547,0.14403567447045704,0.21190711526113123,Jeffrey Springs,0.19610004810004805,0.11176719576719576,0.2400175777936136
2025-06-11,LAA,ATH,11.0,6.0,5.0,6.2,5.6,4.9,4.7,4.9,4.5,6.4,4.4,5.1,6.4,4.4,7.1,2025-06-11,Kyle Hendricks,0.154082214082214,0.01574074074074071,0.13410741398262666,Osvaldo Bido,0.1615161649944258,0.15277591973244145,0.17018759018759017
2025-06-21,LAA,HOU,10.0,9.0,1.0,3.4,5.2,4.0,4.6,3.75,4.55,7.6,3.0,6.0,3.0,5.05,3.6,2025-06-21,Jos\xc3\xa9 Soriano,0.19380412823891083,0.11154969989752594,0.2363436322131974,Brandon Walter,0.27314814814814814,0.0185185185185185,0.2221356302980585
2025-06-22,LAA,HOU,15.0,7.0,8.0,4.2,4.2,4.1,4.1,4.2,4.45,5.8,4.2,5.7,3.7,4.85,3.9,2025-06-22,Kyle Hendricks,0.19993282723717504,0.02410305958132043,0.18830133679488054,Ryan Gusto,0.2696892957030257,0.10030358504958044,0.21059998617543368
2025-06-23,LAA,BOS,14.0,9.0,5.0,5.2,3.6,4.6,4.6,4.5,4.6,3.4,5.2,3.2,3.3,4.35,4.35,2025-06-23,Jack Kochanowicz,0.22345446950710102,0.08554720133667497,0.20732534037797193,Walker Buehler,0.16543417366946778,0.10305322128851539,0.18846406331084586
2025-06-25,LAA,BOS,7.0,5.0,2.0,6.2,4.6,4.8,4.7,4.85,4.7,4.4,5.4,3.4,4.1,4.55,4.55,2025-06-25,Yusei Kikuchi,0.2561415830546265,0.0888818283166109,0.25557582206009016,Richard Fitts,0.15079365079365076,0.07857142857142854,0.19617060088758198
2025-06-27,LAA,WSN,24.0,9.0,15.0,6.6,4.6,4.7,4.4,5.1,4.75,5.4,5.4,4.4,5.5,3.45,5.15,2025-06-27,Jos\xc3\xa9 Soriano,0.2620315529880747,0.10853966645270989,0.2869388703084355,Jake Irvin,0.16075808249721288,0.05741360089186174,0.16822770794134365
2025-06-28,LAA,WSN,10.0,8.0,2.0,7.8,6.2,5.6,5.7,5.35,5.45,7.0,6.6,5.8,6.1,4.05,5.2,2025-06-28,Kyle Hendricks,0.17593282723717502,0.03210305958132043,0.15705950672952101,Michael Soroka,0.2970826275174101,0.07892172239998323,0.2243931534262011
2025-07-07,LAA,TEX,11.0,6.0,5.0,4.4,2.8,6.1,4.5,5.05,4.55,6.2,2.0,4.4,3.2,4.8,3.15,2025-07-07,Yusei Kikuchi,0.33353846153846145,0.04869230769230766,0.28449870514243425,Jacob deGrom,0.29295125164690383,0.03369565217391302,0.25337781793582836
2025-07-08,LAA,TEX,14.0,1.0,13.0,4.0,3.4,5.8,4.9,4.95,4.5,5.8,3.2,4.8,3.4,5.05,3.35,2025-07-08,Jos\xc3\xa9 Soriano,0.30757731157731155,0.08005076405076403,0.32102977939934463,Nathan Eovaldi,0.22338918597742125,0.08259298871063574,0.26466683600894125
2025-07-09,LAA,TEX,19.0,11.0,8.0,3.4,6.0,5.2,5.4,4.9,5.0,6.4,3.0,5.5,3.3,5.45,3.4,2025-07-09,Kyle Hendricks,0.18826086956521743,0.02469565217391303,0.15343345848977885,Kumar Rocker,0.23550942573825867,0.08452054048163885,0.2362755855328751
2025-07-10,LAA,TEX,15.0,4.0,11.0,5.0,6.0,5.4,5.7,5.1,5.2,6.8,5.2,6.0,4.2,5.65,3.85,2025-07-10,Jack Kochanowicz,0.13966735019366594,0.08447254499886075,0.18622381780276515,Patrick Corbin,0.20480808080808077,0.05858922558922558,0.238494983277592
2025-07-11,LAA,ARI,11.0,6.0,5.0,4.8,8.0,5.3,6.6,5.0,5.5,3.4,2.8,4.1,3.5,5.05,4.3,2025-07-11,Tyler Anderson,0.19455555555555554,0.0792222222222222,0.24466095750938952,Anthony DeSclafani,0.2586401833460657,0.03636363636363636,0.22344757340046068
2025-07-12,LAA,ARI,15.0,10.0,5.0,5.6,8.4,5.0,5.6,5.3,5.65,4.4,3.2,4.2,3.9,5.25,4.2,2025-07-12,Yusei Kikuchi,0.326654403567447,0.057750278706800426,0.3018867924528302,Zac Gallen,0.2545726495726496,0.053988603988603945,0.23713401721357658
2025-07-13,LAA,ARI,6.0,1.0,5.0,6.4,8.4,5.2,5.9,5.55,5.6,4.2,4.6,3.9,4.7,5.05,4.45,2025-07-13,Jos\xc3\xa9 Soriano,0.2536825747352063,0.11668234299813243,0.307553076890384,Merrill Kelly,0.2355986622073578,0.06446822742474914,0.2562387280493592
2025-07-24,LAA,SEA,6.0,2.0,4.0,4.6,5.4,5.0,5.8,5.2,5.75,2.4,5.6,5.6,6.1,4.25,4.55,2025-07-24,Yusei Kikuchi,0.2998175737306172,0.077356339312861,0.2697265505783026,Logan Evans,0.1634805613066482,0.0703991258339084,0.18355282511441434
2025-07-26,LAA,SEA,9.0,2.0,7.0,4.0,4.4,4.8,5.1,5.05,5.85,2.0,5.8,5.7,5.3,4.15,4.4,2025-07-26,Tyler Anderson,0.18418518518518517,0.10025925925925923,0.2396779643121106,George Kirby,0.22489177489177486,0.04242424242424239,0.2554443110874169
2025-07-27,LAA,SEA,5.0,4.0,1.0,2.8,5.4,4.4,5.3,4.7,5.45,2.8,4.0,5.8,4.6,4.5,4.4,2025-07-27,Kyle Hendricks,0.13863157894736838,0.029052631578947347,0.14860691248676225,Logan Gilbert,0.34277432712215317,0.07202898550724636,0.28787616391525345
2025-07-28,LAA,TEX,10.0,6.0,4.0,2.6,4.2,3.8,4.9,4.5,5.4,6.2,1.8,5.0,1.6,5.9,2.7,2025-07-28,Jack Kochanowicz,0.14800068352699927,0.11780587833219407,0.217111848690796,Jacob deGrom,0.3073451910408432,0.06133069828722,0.3030902283393978
2025-07-29,LAA,TEX,13.0,8.0,5.0,3.4,4.4,4.3,4.8,4.6,5.6,5.6,2.6,4.7,1.9,6.1,2.7,2025-07-29,Yusei Kikuchi,0.24229249011857706,0.0870553359683794,0.2293561802079322,Patrick Corbin,0.24376911976911977,0.05263684463684463,0.2516806864632951
2025-07-30,LAA,TEX,9.0,3.0,6.0,4.4,4.2,4.5,4.8,4.85,5.45,5.4,3.8,4.7,2.6,6.0,3.1,2025-07-30,Jos\xc3\xa9 Soriano,0.19733236938500093,0.11463524195103139,0.24318761706024503,Nathan Eovaldi,0.2635900350478355,0.07060068471833174,0.24814459140391562
2025-08-01,LAA,CHW,9.0,3.0,6.0,4.6,4.6,4.3,4.5,4.75,5.7,4.6,4.4,6.4,4.5,5.65,4.3,2025-08-01,Tyler Anderson,0.13915594541910328,0.078037037037037,0.20862206369099262,Shane Smith,0.2105189013884666,0.10185618729096987,0.17253663003662995
2025-08-02,LAA,CHW,1.0,0.0,1.0,4.8,4.4,3.8,4.9,4.8,5.85,5.6,3.8,6.3,4.6,5.85,4.15,2025-08-02,Kyle Hendricks,0.15120300751879698,0.03057644110275687,0.15201248524218022,Aaron Civale,0.18467908902691507,0.06248823640127987,0.15188457464672298
2025-08-03,LAA,CHW,13.0,8.0,5.0,4.0,4.4,3.3,4.3,4.5,5.65,5.0,2.8,5.6,4.3,5.75,4.05,2025-08-03,Jack Kochanowicz,0.09908293460925034,0.12559808612440188,0.21362449036472803,Tyler Alexander,0.2928571428571428,0.11428571428571428,0.24559386973180075
2025-08-04,LAA,TBR,6.0,5.0,1.0,4.4,4.6,3.9,4.5,4.85,5.25,2.6,4.4,3.1,5.0,3.55,4.35,2025-08-04,Yusei Kikuchi,0.22242069524678215,0.07038866930171275,0.21426184058529074,Adrian Houser,0.15644069340621064,0.06849085014602255,0.15308341564155514
2025-08-05,LAA,TBR,10.0,3.0,7.0,3.8,3.8,4.1,4.0,4.55,4.9,1.8,4.0,2.3,4.4,3.25,4.45,2025-08-05,Jos\xc3\xa9 Soriano,0.1953380673906989,0.11406544138123083,0.23684703735010007,Ryan Pepiot,0.22609523809523807,0.10290476190476187,0.220506640767585
2025-08-06,LAA,TBR,9.0,4.0,5.0,3.8,4.0,4.2,4.3,4.5,4.7,2.4,3.2,2.8,4.0,3.45,4.4,2025-08-06,Tyler Anderson,0.11928415054730841,0.08508831908831907,0.19564852970033356,Shane Baz,0.22167003367003363,0.08317845117845116,0.21946797586959307
2025-08-11,LAA,LAD,11.0,7.0,4.0,4.8,6.2,4.3,5.0,4.4,4.9,6.6,3.6,4.5,3.0,4.65,3.75,2025-08-11,Jos\xc3\xa9 Soriano,0.1913280423280423,0.07095767195767191,0.2158792954146162,Jack Dreyer,0.09047619047619046,0.0,0.11153846153846154
2025-08-13,LAA,LAD,11.0,6.0,5.0,5.6,5.6,4.7,4.8,4.5,4.65,5.0,3.8,4.7,3.2,4.5,3.7,2025-08-13,Kyle Hendricks,0.16225563909774432,0.051629072681704226,0.19392916680842376,Shohei Ohtani,0.38320346320346316,0.04580086580086577,0.33757831942614547
2025-08-19,LAA,CIN,10.0,4.0,6.0,3.8,6.0,4.3,6.1,4.2,5.05,5.4,3.2,4.6,4.1,4.25,3.35,2025-08-19,Kyle Hendricks,0.17278195488721798,0.0726817042606516,0.18648499807393243,Hunter Greene,0.27920417178729195,0.059140177810254525,0.2548364745011086
2025-08-20,LAA,CIN,3.0,2.0,1.0,3.2,6.4,4.4,6.0,4.3,5.15,6.4,3.2,5.1,3.9,4.2,3.45,2025-08-20,Yusei Kikuchi,0.2199108138238573,0.08072463768115941,0.16485874684928117,Nick Martinez,0.15175784360566968,0.051823538780060505,0.15744492618555583
2025-08-24,LAA,CHC,7.0,3.0,4.0,2.0,5.2,3.3,6.1,3.95,5.35,4.8,2.2,3.9,2.9,3.5,2.9,2025-08-24,Kyle Hendricks,0.1748062463851937,0.08523231154810096,0.1812676067695846,Jameson Taillon,0.17470129870129866,0.06203896103896102,0.16274049795871423
2025-09-06,LAA,ATH,21.0,4.0,17.0,3.8,5.2,3.2,5.6,3.0,5.4,5.8,4.6,5.3,5.1,5.6,4.25,2025-09-06,Yusei Kikuchi,0.19569575648523013,0.09363022941970309,0.19424695098893102,J.T. Ginn,0.30387690570299264,0.0771631846414455,0.30357231357231357
2025-09-08,LAA,MIN,15.0,3.0,12.0,3.8,7.4,3.4,4.9,2.95,5.65,3.8,5.8,4.4,6.5,4.7,6.7,2025-09-08,Caden Dana,0.21058201058201054,0.13121693121693115,0.23426573426573424,Michael King,0.18666666666666668,0.06999999999999999,0.24380952380952384
2025-09-09,LAA,MIN,14.0,12.0,2.0,3.6,9.2,3.7,5.9,3.0,5.9,5.6,5.6,4.9,6.4,5.05,6.45,2025-09-09,Kyle Hendricks,0.10022980528243682,0.11050002628949991,0.1540346848926999,Zebby Matthews,0.23395445134575565,0.08881987577639747,0.26745245888862906
2025-09-10,LAA,MIN,7.0,4.0,3.0,5.4,8.8,4.5,6.0,3.55,5.8,4.4,5.8,4.8,6.4,4.75,7.0,2025-09-10,Jos\xc3\xa9 Ure\xc3\xb1a,0.1573305813553491,0.09043916981997475,0.1768270944741533,Taj Bradley,0.1869062478330213,0.10769884196657649,0.21412684007238741
2025-09-23,LAA,KCR,12.0,4.0,8.0,2.8,4.8,2.6,5.4,3.55,5.7,6.8,3.4,5.9,5.1,4.35,4.55,2025-09-23,Jos\xc3\xa9 Ure\xc3\xb1a,0.17305555555555557,0.12148148148148145,0.20190934555640436,Cole Ragans,0.35554812337421027,0.10149386845039014,0.27481572481572475
2025-09-24,LAA,KCR,5.0,3.0,2.0,3.2,4.6,2.6,5.9,3.6,6.1,7.0,3.2,6.5,5.2,4.75,4.5,2025-09-24,Yusei Kikuchi,0.1341721874616611,0.11855447184394549,0.2064384818254787,Stephen Kolek,0.1698441558441558,0.048476190476190464,0.13236639137260248
2025-09-25,LAA,KCR,13.0,4.0,9.0,3.4,4.0,2.8,5.9,3.6,5.8,7.4,3.4,6.5,4.7,4.8,4.4,2025-09-25,Mitch Farris,0.2188215102974828,0.1048731017266486,0.24408219279700305,Michael Lorenzen,0.213185679887329,0.04938530734632682,0.22689386309085346
2025-09-26,LAA,HOU,7.0,4.0,3.0,3.0,4.4,2.9,6.3,3.55,6.2,3.8,5.8,3.9,5.1,4.65,4.65,2025-09-26,Kyle Hendricks,0.1602121212121212,0.05345454545454542,0.15826758195318597,Jason Alexander,0.20023188405797102,0.060753623188405784,0.2629199443887158
2025-04-25,LAD,PIT,3.0,0.0,3.0,4.2,3.6,3.7,4.3,4.15,4.2,4.4,4.0,3.9,3.1,3.5,4.35,2025-04-25,Yoshinobu Yamamoto,0.3729545454545454,0.06931818181818179,0.3036859255130667,Paul Skenes,0.2580200668896321,0.035692307692307676,0.24206110987894663
2025-04-26,LAD,PIT,12.0,8.0,4.0,2.6,2.8,3.4,4.6,3.8,4.2,3.6,2.0,4.2,2.7,3.55,4.2,2025-04-26,Jack Dreyer,0.29999999999999993,0.175,0.25833333333333336,Mitch Keller,0.16072200263504607,0.08109969257795342,0.17135564378899598
2025-04-27,LAD,PIT,11.0,9.0,2.0,3.6,3.6,4.2,3.4,3.9,4.35,4.4,3.0,3.6,3.2,3.7,4.3,2025-04-27,Tyler Glasnow,0.30829849498327755,0.16014841137123745,0.2282106283013799,Bailey Falter,0.19796638655462181,0.06714285714285712,0.21570069131044742
2025-04-29,LAD,MIA,17.0,15.0,2.0,4.8,3.2,4.9,3.2,4.2,4.4,4.0,6.6,4.4,6.6,4.4,5.85,2025-04-29,Jack Dreyer,0.23999999999999994,0.215,0.24333333333333335,Sandy Alcantara,0.1711111111111111,0.12133333333333332,0.20771060913624123
2025-05-13,LAD,ATH,12.0,1.0,11.0,7.0,4.2,6.9,4.0,6.4,3.55,4.6,8.0,4.8,5.3,4.1,5.85,2025-05-13,Landon Knack,0.16286549707602335,0.14064327485380113,0.1739110562639974,Jeffrey Springs,0.1525541125541125,0.12389610389610388,0.1943341290106931
2025-05-16,LAD,LAA,8.0,2.0,6.0,7.4,4.0,7.4,4.5,7.0,3.9,4.4,5.0,4.2,5.7,3.35,5.95,2025-05-16,Dustin May,0.2129831649831649,0.07290235690235689,0.19948420373952286,Jack Kochanowicz,0.12232775919732437,0.090943143812709,0.17946726572528882
2025-05-18,LAD,LAA,10.0,4.0,6.0,8.0,6.6,7.5,5.4,7.35,4.55,6.2,5.4,5.0,5.2,4.0,6.2,2025-05-18,Tony Gonsolin,0.325,0.06666666666666667,0.3464590964590964,Yusei Kikuchi,0.17639768926725446,0.09858078763341918,0.19217255551404136
2025-05-19,LAD,ARI,14.0,5.0,9.0,8.6,5.6,6.9,5.9,7.25,4.5,7.0,6.2,5.7,5.7,4.5,5.25,2025-05-19,Jack Dreyer,0.3833333333333333,0.0,0.2699579831932773,Brandon Pfaadt,0.20906870906870903,0.059055759055759015,0.20806982872200258
2025-05-21,LAD,ARI,4.0,3.0,1.0,7.8,6.8,7.1,6.3,7.5,4.8,7.6,5.2,6.1,5.9,4.85,5.1,2025-05-21,Dustin May,0.21601346801346794,0.08956902356902355,0.1903803630567348,Corbin Burnes,0.24588471110210236,0.09922862966341224,0.26323438466295607
2025-05-30,LAD,NYY,13.0,8.0,5.0,4.6,4.4,4.6,5.5,6.0,5.0,5.4,1.6,4.7,1.8,5.9,2.95,2025-05-30,Tony Gonsolin,0.25690476190476186,0.11261904761904759,0.2830216567058672,Max Fried,0.2826706304967174,0.06175027870680042,0.2174527316211897
2025-05-31,LAD,NYY,20.0,18.0,2.0,5.8,4.4,5.2,5.4,6.25,5.05,3.8,3.0,4.4,2.4,5.9,3.0,2025-05-31,Landon Knack,0.21499673095782929,0.05796774545058296,0.19049452841693135,Will Warren,0.36486546866981645,0.07370379218205302,0.28443741450068394
2025-06-01,LAD,NYY,10.0,3.0,7.0,9.2,4.2,6.1,4.5,6.8,4.95,3.2,5.8,4.1,4.0,5.85,3.7,2025-06-01,Yoshinobu Yamamoto,0.2793760587238848,0.07886316581968753,0.25265693022214764,Ryan Yarbrough,0.24575702075702072,0.07193223443223443,0.2564982732992478
2025-06-04,LAD,NYM,7.0,1.0,6.0,8.4,5.2,6.0,4.6,6.45,5.25,5.4,4.0,4.2,2.7,3.7,3.2,2025-06-04,Tony Gonsolin,0.21153439153439152,0.13484126984126982,0.2336482231219073,Griffin Canning,0.18634085213032575,0.11948621553884708,0.20007915456191316
2025-06-05,LAD,NYM,11.0,6.0,5.0,6.8,5.4,5.6,4.3,6.35,5.3,5.4,3.4,4.8,2.6,3.65,3.15,2025-06-05,Jos\xc3\xa9 Ure\xc3\xb1a,0.07936507936507936,0.04,0.17905548184185954,David Peterson,0.2191391941391941,0.09734432234432229,0.2575724417426545
2025-06-13,LAD,SFG,8.0,2.0,6.0,2.8,4.6,5.0,4.8,4.8,5.15,6.0,5.0,4.5,3.5,3.4,3.25,2025-06-13,Yoshinobu Yamamoto,0.27991718426501033,0.09596273291925463,0.2315445134575569,Logan Webb,0.2704013377926421,0.021025641025641,0.24584245292319823
2025-06-14,LAD,SFG,16.0,11.0,5.0,3.2,4.8,4.4,4.9,4.8,5.15,6.6,5.0,4.9,3.7,3.55,3.25,2025-06-14,Clayton Kershaw,0.16596273291925462,0.10846790890269147,0.19334971334971335,Landen Roupp,0.18033333333333332,0.0837142857142857,0.19156036868383158
2025-06-17,LAD,SDP,14.0,8.0,6.0,5.8,4.0,4.4,4.6,5.0,4.45,4.2,5.2,4.0,3.4,3.9,4.6,2025-06-17,Jack Dreyer,0.13999999999999999,0.12,0.1723389355742297,Randy V\xc3\xa1squez,0.1732163742690058,0.09277777777777774,0.16531530847320317
2025-06-19,LAD,SDP,8.0,3.0,5.0,6.8,4.2,5.0,4.5,5.35,4.6,5.4,5.6,4.5,4.3,4.25,4.45,2025-06-19,Yoshinobu Yamamoto,0.2632505175983436,0.1209627329192546,0.21383022774327118,Ryan Bergert,0.20571428571428568,0.07904761904761905,0.12980611120146002
2025-06-20,LAD,WSN,11.0,6.0,5.0,5.2,4.2,5.2,4.8,5.45,4.7,3.0,5.2,2.9,5.5,3.5,4.95,2025-06-20,Clayton Kershaw,0.18762939958592129,0.08680124223602478,0.18545497650760806,MacKenzie Gore,0.2972088780784433,0.03538461538461536,0.2479261727428216
2025-06-21,LAD,WSN,10.0,3.0,7.0,5.4,4.4,5.1,5.0,5.4,4.85,3.4,5.6,3.4,5.6,3.65,5.1,2025-06-21,Dustin May,0.22312820512820516,0.088025641025641,0.16550043050043048,Jake Irvin,0.1481643793487871,0.07120670434013761,0.157004249902921
2025-07-01,LAD,CHW,7.0,6.0,1.0,5.2,3.2,6.0,4.7,5.5,4.6,3.0,2.4,3.1,3.7,3.2,4.25,2025-07-01,Jack Dreyer,0.29,0.0,0.2733333333333333,Tyler Alexander,0.10219780219780214,0.08505494505494504,0.1599889716018748
2025-07-02,LAD,CHW,9.0,5.0,4.0,4.8,3.2,6.3,4.3,5.75,4.55,3.0,2.8,2.8,3.8,3.05,4.3,2025-07-02,Clayton Kershaw,0.21381987577639747,0.06346790890269148,0.2192281925388886,Sean Burke,0.24739276826233345,0.062466695944956796,0.21025506812634545
2025-07-03,LAD,CHW,8.0,6.0,2.0,5.2,3.8,6.2,4.2,5.65,4.6,2.4,3.2,2.5,4.2,2.9,4.45,2025-07-03,Dustin May,0.13646153846153847,0.09769230769230768,0.13354929384341147,Aaron Civale,0.17943913078629242,0.10963348061598592,0.21168703693926752
2025-07-04,LAD,HOU,19.0,1.0,18.0,5.4,3.4,6.5,3.7,5.9,4.15,4.4,5.4,4.2,3.9,4.95,3.8,2025-07-04,Jack Dreyer,0.29,0.05,0.27015873015873015,Jason Alexander,0.2764444444444444,0.08844444444444444,0.3162237762237762
2025-07-05,LAD,HOU,10.0,4.0,6.0,4.6,5.2,5.3,4.8,5.7,4.95,7.4,3.2,5.2,3.3,5.75,3.65,2025-07-05,Shohei Ohtani,0.21428571428571427,0.047619047619047596,0.22242572242572237,Framber Valdez,0.2703380068207654,0.11180965011999491,0.23462713387241685
2025-07-18,LAD,MIL,2.0,0.0,2.0,2.4,5.2,3.4,5.7,4.7,5.2,6.8,2.2,5.0,3.1,6.6,3.5,2025-07-18,Tyler Glasnow,0.21663879598662206,0.16811872909698994,0.22691607602093536,Quinn Priester,0.23237799043062196,0.04933333333333332,0.2110845295055821
2025-07-19,LAD,MIL,15.0,7.0,8.0,2.2,4.6,2.8,5.8,4.55,5.05,5.4,2.0,4.9,2.4,6.3,3.15,2025-07-19,Jack Dreyer,0.20714285714285713,0.075,0.19223856209150325,Freddy Peralta,0.30177075098814227,0.04539130434782608,0.23581416974274116
2025-07-20,LAD,MIL,11.0,5.0,6.0,3.4,4.4,3.0,6.2,4.6,5.2,6.4,3.2,5.5,2.8,5.85,3.2,2025-07-20,Clayton Kershaw,0.17698412698412697,0.053121693121693084,0.21716676483836314,Jose Quintana,0.14203296703296697,0.10705128205128203,0.15150936610688928
2025-07-21,LAD,MIN,7.0,5.0,2.0,4.2,5.0,2.9,6.6,4.7,5.15,6.0,4.6,5.1,4.0,4.2,3.55,2025-07-21,Shohei Ohtani,0.3012987012987013,0.046753246753246734,0.25595543345543337,David Festa,0.21531400966183573,0.08250517598343682,0.2506046639955978
2025-07-22,LAD,MIN,17.0,7.0,10.0,3.8,3.8,3.3,5.0,4.3,4.9,4.0,4.8,4.7,4.0,4.05,3.5,2025-07-22,Jack Dreyer,0.1857142857142857,0.05357142857142856,0.1744607843137255,Simeon Woods Richardson,0.19199922884133405,0.09634342265921207,0.17673953403790116
2025-07-23,LAD,MIN,7.0,4.0,3.0,4.8,5.6,3.6,5.4,4.2,5.05,5.8,5.8,4.9,4.6,4.45,3.85,2025-07-23,Tyler Glasnow,0.23804347826086958,0.09989130434782609,0.2498982921632062,Chris Paddack,0.16983551874856218,0.0327697262479871,0.16801606082649412
2025-08-04,LAD,STL,5.0,2.0,3.0,3.0,2.6,3.4,2.8,3.5,4.1,2.4,4.6,3.4,4.3,3.75,4.95,2025-08-04,Tyler Glasnow,0.22817391304347825,0.13669565217391305,0.2790034138105273,Sonny Gray,0.2696560846560846,0.01833333333333332,0.2614032911058816
2025-08-05,LAD,STL,18.0,12.0,6.0,2.4,2.4,3.2,2.8,3.55,4.0,3.0,4.0,2.8,3.8,3.5,5.0,2025-08-05,Jack Dreyer,0.09999999999999998,0.0,0.09,Miles Mikolas,0.1731524463332243,0.03105263157894736,0.16295096543543744
2025-08-06,LAD,STL,8.0,3.0,5.0,4.4,2.6,3.9,3.2,4.1,3.85,4.2,6.0,3.1,5.0,3.55,5.3,2025-08-06,Shohei Ohtani,0.2974891774891774,0.07437229437229434,0.2989539808018068,Matthew Liberatore,0.11205533596837942,0.12407553798858144,0.15025045130308284
2025-08-08,LAD,TOR,6.0,5.0,1.0,4.0,3.6,4.0,3.3,4.2,3.95,10.4,3.4,7.5,6.5,6.75,4.85,2025-08-08,Clayton Kershaw,0.1103174603174603,0.04431216931216929,0.21229838665928885,Max Scherzer,0.2802005012531328,0.049436090225563875,0.24775835866261392
2025-08-09,LAD,TOR,10.0,9.0,1.0,5.0,3.0,4.2,3.0,4.1,3.6,10.0,2.6,7.2,6.0,6.65,4.8,2025-08-09,Blake Snell,0.1914141414141414,0.11616161616161613,0.26382808937528496,Chris Bassitt,0.25977455716586145,0.03942028985507244,0.28147528799702715
2025-08-10,LAD,TOR,9.0,4.0,5.0,6.2,3.2,4.6,2.9,4.45,3.6,9.4,4.0,6.9,5.8,6.5,5.25,2025-08-10,Tyler Glasnow,0.2820200668896321,0.11208026755852843,0.2636187984259119,Eric Lauer,0.26516082294986953,0.029621848739495783,0.19223582867199887
2025-08-15,LAD,SDP,5.0,3.0,2.0,5.4,4.0,4.7,3.8,4.5,3.7,5.6,3.0,4.9,3.5,4.7,3.25,2025-08-15,Clayton Kershaw,0.12287784679089024,0.04560041407867492,0.19393103972051334,Randy V\xc3\xa1squez,0.0710532212885154,0.07486245024325518,0.10141038898929859
2025-08-16,LAD,SDP,6.0,6.0,0.0,5.0,4.2,5.0,3.6,4.4,3.7,5.6,1.6,4.7,3.7,4.7,3.35,2025-08-16,Blake Snell,0.26260822510822507,0.1228354978354978,0.28715678131717803,Dylan Cease,0.37685146661119195,0.0887132191480017,0.33447650540673796
2025-08-17,LAD,SDP,9.0,5.0,4.0,4.4,4.0,5.3,3.6,4.35,3.2,4.4,2.4,4.2,3.5,4.55,3.45,2025-08-17,Tyler Glasnow,0.30158528428093645,0.11686287625418057,0.2914407380125574,Yu Darvish,0.21791501976284583,0.05500000000000001,0.21300486410780523
2025-08-25,LAD,CIN,7.0,7.0,0.0,4.4,4.4,5.0,3.6,4.85,3.7,3.6,3.6,5.5,4.1,4.1,3.7,2025-08-25,Jack Dreyer,0.09999999999999998,0.0,0.24722222222222218,Hunter Greene,0.26611326269638286,0.059140177810254525,0.21532376263670186
2025-08-26,LAD,CIN,9.0,6.0,3.0,5.2,2.8,5.4,3.4,5.2,3.5,2.8,4.8,4.1,4.0,3.9,3.8,2025-08-26,Clayton Kershaw,0.13491718426501031,0.04643892339544512,0.15187010122493988,Nick Martinez,0.16500836120401335,0.0414715719063545,0.14993504476263092
2025-08-27,LAD,CIN,6.0,5.0,1.0,4.6,2.4,5.4,3.7,5.35,3.65,2.2,5.2,4.3,4.2,3.8,4.0,2025-08-27,Shohei Ohtani,0.3141604010025062,0.0276190476190476,0.3119974465121532,Nick Lodolo,0.28527472527472525,0.01678321678321676,0.24360515390320142
2025-08-29,LAD,ARI,3.0,0.0,3.0,5.4,2.2,5.4,3.4,5.5,3.55,4.6,5.6,5.2,5.3,5.55,4.3,2025-08-29,Blake Snell,0.25654390697868956,0.0971411840977058,0.28496352029183764,Zac Gallen,0.1678743961352657,0.05108695652173911,0.15930845685519437
2025-08-30,LAD,ARI,7.0,1.0,6.0,5.2,1.8,5.1,3.3,4.9,3.4,5.0,4.4,4.8,4.3,5.4,4.1,2025-08-30,Tyler Glasnow,0.26293518076126765,0.15413547804852148,0.26313200865630526,Eduardo Rodr\xc3\xadguez,0.1455946629859673,0.10624568668046926,0.1601585977556082
2025-08-31,LAD,ARI,9.0,5.0,4.0,3.8,2.6,4.1,3.5,4.8,3.45,5.2,3.2,4.9,3.8,5.4,4.05,2025-08-31,Yoshinobu Yamamoto,0.2634589371980677,0.08702093397745568,0.262237503697131,Brandon Pfaadt,0.1598386363092245,0.0496564437740908,0.1575522550277108
2025-09-08,LAD,COL,4.0,3.0,1.0,2.4,3.2,3.0,3.9,4.2,3.8,4.8,7.0,4.5,6.7,3.95,6.05,2025-09-08,Tyler Glasnow,0.27908902691511384,0.10413547804852148,0.2684671659750467,Chase Dollander,0.21818181818181817,0.12292490118577071,0.23603865493400375
2025-09-09,LAD,COL,9.0,7.0,2.0,3.0,2.8,2.8,3.9,4.1,3.65,4.2,6.2,4.3,6.6,3.7,5.95,2025-09-09,Emmet Sheehan,0.29768831168831167,0.07122943722943723,0.31801043434782034,Germ\xc3\xa1n M\xc3\xa1rquez,0.1194597701149425,0.12289655172413791,0.15268834538601977
2025-09-10,LAD,COL,9.0,9.0,0.0,3.8,2.2,3.5,3.8,4.3,3.55,3.0,5.6,3.8,6.2,3.6,6.15,2025-09-10,Blake Snell,0.2740811523420218,0.10224911964042394,0.3390240711669283,Kyle Freeland,0.22863247863247863,0.027777777777777755,0.1949453109002798
2025-09-16,LAD,PHI,15.0,6.0,9.0,8.4,2.4,5.4,2.8,4.75,3.15,7.2,5.0,6.3,3.8,5.55,4.35,2025-09-16,Shohei Ohtani,0.37937343358395986,0.03438596491228067,0.3008757152531222,Cristopher S\xc3\xa1nchez,0.2716394716394716,0.053535353535353505,0.28888293948263966
2025-09-17,LAD,PHI,5.0,5.0,0.0,9.0,4.0,6.0,3.4,5.0,3.5,6.8,5.6,6.3,4.1,5.85,4.55,2025-09-17,Blake Snell,0.27884305710392665,0.09185950925081357,0.3564843886272457,Jes\xc3\xbas Luzardo,0.3557413600891861,0.06803631151457237,0.29227225349176567
2025-09-18,LAD,SFG,3.0,2.0,1.0,8.6,3.6,6.2,2.9,5.2,3.25,3.6,8.4,4.7,5.9,6.3,5.25,2025-09-18,Jack Dreyer,0.35666666666666663,0.05,0.2800976800976801,Logan Webb,0.2429370629370629,0.06774825174825175,0.23239635213353074
2025-09-19,LAD,SFG,9.0,6.0,3.0,7.2,3.8,6.3,2.8,4.9,3.2,3.2,7.8,4.0,5.9,6.15,5.2,2025-09-19,Clayton Kershaw,0.21889741403807897,0.09859464207290292,0.26497654392391234,Robbie Ray,0.21626794258373203,0.12856251300187221,0.2366919360832404
2025-09-20,LAD,SFG,12.0,7.0,5.0,5.8,3.0,6.6,2.7,4.85,3.35,2.4,6.4,4.1,6.2,6.05,5.4,2025-09-20,Tyler Glasnow,0.2809594592203287,0.10098918794570966,0.23916413886080212,Kai-Wei Teng,0.2604360165118679,0.14356295149638804,0.26519391475369053
2025-04-23,MIA,CIN,7.0,2.0,5.0,5.2,6.0,5.4,6.3,4.35,5.35,8.6,4.8,6.8,3.8,5.15,3.4,2025-04-23,Sandy Alcantara,0.17388888888888887,0.13166666666666665,0.1861088496555957,Brady Singer,0.2609888357256778,0.1043979266347687,0.25295197638418887
2025-05-03,MIA,ATH,15.0,9.0,6.0,3.2,10.8,4.6,8.0,4.5,6.9,4.0,3.6,4.3,4.6,4.15,4.4,2025-05-03,Max Meyer,0.3370847044010462,0.08673682639199878,0.3068850155692261,Osvaldo Bido,0.11063167910993994,0.06688625384277555,0.17630703667548503
2025-05-04,MIA,ATH,5.0,2.0,3.0,5.0,9.2,4.5,7.5,4.95,7.1,4.8,5.2,4.4,4.7,4.4,4.75,2025-05-04,Edward Cabrera,0.2247964897421419,0.12230025409373232,0.23233298823016565,JP Sears,0.20997335997335992,0.051098901098901084,0.17971686457891856
2025-05-05,MIA,LAD,11.0,4.0,7.0,4.2,8.4,4.1,7.5,4.8,6.75,8.4,3.4,6.6,3.3,5.2,4.1,2025-05-05,Sandy Alcantara,0.1211111111111111,0.13133333333333333,0.1862331809556667,Yoendrys G\xc3\xb3mez,0.15833333333333333,0.1987179487179487,0.16726475279106856
2025-05-16,MIA,TBR,13.0,9.0,4.0,2.8,3.2,3.2,4.8,3.9,6.4,5.0,4.2,4.3,4.6,2.8,3.8,2025-05-16,Max Meyer,0.2812629399585921,0.09219047619047616,0.2884263689526847,Taj Bradley,0.11558249158249154,0.10421548821548818,0.16342196394774755
2025-05-17,MIA,TBR,4.0,0.0,4.0,4.0,3.8,3.2,4.6,3.85,6.05,5.2,5.6,4.4,5.3,3.0,4.2,2025-05-17,Sandy Alcantara,0.16656876456876454,0.13150116550116547,0.21695244547423065,Drew Rasmussen,0.1885281385281385,0.07588744588744586,0.18851661190706473
2025-05-18,MIA,TBR,6.0,5.0,1.0,3.6,3.8,3.0,4.7,3.55,6.1,5.6,4.8,4.1,4.8,3.2,4.0,2025-05-18,Cal Quantrill,0.1559808612440191,0.07184628237259812,0.1957878567386207,Shane Baz,0.18020551378446112,0.11397326649958225,0.17116434378629494
2025-05-19,MIA,CHC,15.0,8.0,7.0,4.2,3.0,3.1,4.1,3.6,6.0,6.4,3.0,4.8,3.8,5.4,3.45,2025-05-19,Edward Cabrera,0.19517535604492126,0.09264696656001001,0.17045420420420418,Drew Pomeranz,0.4833333333333333,0.0,0.31071428571428567
2025-05-30,MIA,SFG,2.0,0.0,2.0,5.8,5.0,4.4,5.3,3.8,4.95,1.6,3.0,2.3,3.0,3.6,3.4,2025-05-30,Cal Quantrill,0.2070175438596491,0.06432748538011693,0.18864499959576356,Kyle Harrison,0.32705882352941174,0.04444444444444444,0.32172932330827064
2025-05-31,MIA,SFG,1.0,1.0,0.0,5.0,4.0,4.4,5.1,3.7,4.9,2.0,2.4,2.2,2.8,3.4,3.25,2025-05-31,Edward Cabrera,0.23197189284145803,0.07359934751239097,0.2239093639093639,Robbie Ray,0.29494346233476665,0.06317885013537183,0.24030202355783747
2025-06-01,MIA,SFG,6.0,2.0,4.0,4.0,3.6,4.0,5.0,3.55,4.55,1.4,2.2,2.1,2.6,2.95,3.15,2025-06-01,Ryan Weathers,0.24610136452241713,0.06018518518518517,0.23547008547008544,Jordan Hicks,0.13205128205128205,0.055384615384615386,0.1854232804232804
2025-06-02,MIA,COL,10.0,4.0,6.0,3.8,4.4,3.4,4.7,3.6,4.25,1.8,4.4,2.2,5.3,2.85,6.4,2025-06-02,Max Meyer,0.13716356107660452,0.06517184265010349,0.18662761215392792,Germ\xc3\xa1n M\xc3\xa1rquez,0.1412852410747147,0.058349650349650325,0.19783192112603873
2025-06-03,MIA,COL,5.0,2.0,3.0,3.4,4.0,3.7,3.9,3.7,4.25,2.8,4.6,2.3,4.8,3.15,5.55,2025-06-03,Sandy Alcantara,0.171989054423837,0.1036543746108963,0.16606278593967155,Chase Dollander,0.18727272727272726,0.12606060606060604,0.21119312988878206
2025-06-04,MIA,COL,5.0,2.0,3.0,1.8,3.0,3.8,4.0,3.65,4.35,3.2,4.6,2.6,4.8,2.85,5.5,2025-06-04,Cal Quantrill,0.2320175438596491,0.061549707602339146,0.18696197014274812,Kyle Freeland,0.16638095238095235,0.05019047619047619,0.22224289444966897
2025-06-16,MIA,PHI,7.0,2.0,5.0,4.6,4.0,3.5,4.3,3.6,4.1,6.6,3.2,4.1,3.6,4.0,4.4,2025-06-16,Sandy Alcantara,0.16196574440052697,0.08891078486730655,0.15939655172413789,Taijuan Walker,0.2166666666666667,0.09,0.26128958760537707
2025-06-17,MIA,PHI,11.0,8.0,3.0,4.4,4.6,3.5,4.5,3.65,4.25,6.8,2.0,4.5,3.6,4.15,4.5,2025-06-17,Cal Quantrill,0.22937001594896328,0.057567783094098865,0.20820048309178735,Jes\xc3\xbas Luzardo,0.29543400342839327,0.08084774816892626,0.224861485474693
2025-06-19,MIA,PHI,3.0,1.0,2.0,3.8,3.2,4.0,4.5,3.65,4.15,5.2,3.6,4.7,3.2,4.1,4.6,2025-06-19,Edward Cabrera,0.31829004329004323,0.10032467532467529,0.3086019473116247,Cristopher S\xc3\xa1nchez,0.2242658951354603,0.08714190157668415,0.2743936551253624
2025-06-22,MIA,ATL,8.0,5.0,3.0,3.4,3.6,3.9,4.1,3.05,3.9,4.4,3.4,5.2,2.9,4.55,3.65,2025-06-22,Sandy Alcantara,0.18349783549783547,0.08104329004329,0.16555039787798403,Bryce Elder,0.2412352092352092,0.06209523809523808,0.21295403816412217
2025-07-01,MIA,MIN,2.0,2.0,0.0,7.2,4.4,5.3,4.0,4.4,4.25,4.2,3.0,4.2,6.7,4.55,6.95,2025-07-01,Edward Cabrera,0.2587380011293054,0.12597873141351396,0.27393234948413214,Joe Ryan,0.2807086247086247,0.09492107892107889,0.22649999999999998
2025-07-02,MIA,MIN,3.0,1.0,2.0,6.6,3.8,4.7,3.7,4.4,4.1,3.8,3.4,3.6,5.2,4.35,6.75,2025-07-02,Janson Junk,0.2063693616325195,0.00909090909090908,0.16952887983792678,Simeon Woods Richardson,0.2056668821374703,0.08807728219492919,0.20042989834838093
2025-07-03,MIA,MIN,5.0,4.0,1.0,6.0,3.8,4.6,3.5,4.3,4.0,2.2,3.4,3.8,4.4,4.25,6.55,2025-07-03,Eury P\xc3\xa9rez,0.19999999999999998,0.13947368421052628,0.17134126377823855,David Festa,0.22539454697349431,0.09399635452267027,0.27570001105890823
2025-07-04,MIA,MIL,11.0,5.0,6.0,4.4,3.0,4.9,3.4,4.4,3.9,5.4,3.6,6.2,3.6,5.7,4.0,2025-07-04,Sandy Alcantara,0.1929337329337329,0.0423326673326673,0.1604148524431543,Aaron Ashby,0.29166666666666663,0.11666666666666665,0.2857142857142857
2025-07-05,MIA,MIL,6.0,4.0,2.0,3.6,2.6,4.8,3.8,4.5,3.7,4.6,3.4,5.9,4.1,5.95,3.9,2025-07-05,Cal Quantrill,0.17807486631016042,0.05818181818181818,0.16832156405685814,Chad Patrick,0.3100167224080267,0.09380156075808246,0.26377724441711314
2025-07-19,MIA,KCR,4.0,3.0,1.0,4.2,3.8,4.8,3.3,4.85,3.35,3.0,3.8,4.1,3.4,3.4,3.8,2025-07-19,Cal Quantrill,0.215650623885918,0.05020202020202018,0.17000959824489234,Michael Wacha,0.2065734989648033,0.10956061651713822,0.2776415745081513
2025-07-20,MIA,KCR,11.0,4.0,7.0,4.4,2.6,4.6,2.8,4.7,3.3,2.4,3.8,3.9,3.5,3.35,3.8,2025-07-20,Janson Junk,0.16678049639148035,0.02,0.13293119733834163,Kris Bubic,0.2486144849302744,0.06512670565302142,0.25391860493555407
2025-07-21,MIA,SDP,3.0,1.0,2.0,5.2,2.8,4.6,3.3,4.9,3.3,4.6,2.6,3.7,3.2,3.3,3.55,2025-07-21,Eury P\xc3\xa9rez,0.3041176470588235,0.06285714285714285,0.30435966018529265,Randy V\xc3\xa1squez,0.07789648033126292,0.08424844720496891,0.12063887942853646
2025-07-22,MIA,SDP,7.0,4.0,3.0,5.0,2.2,4.6,3.2,4.7,3.25,4.0,2.0,3.6,2.7,3.2,3.45,2025-07-22,Edward Cabrera,0.24506075245205677,0.0616930171277997,0.2886435601198117,Stephen Kolek,0.18105128205128204,0.05235897435897434,0.18648909478162842
2025-07-23,MIA,SDP,5.0,3.0,2.0,4.6,2.8,4.5,3.4,4.7,3.3,4.4,2.4,3.8,3.1,3.3,3.65,2025-07-23,Sandy Alcantara,0.13558974358974357,0.05415384615384614,0.12086357039187226,Kyle Hart,0.16762679425837318,0.010526315789473691,0.1800079365079365
2025-08-01,MIA,NYY,25.0,13.0,12.0,3.4,2.8,3.4,2.9,4.0,2.85,4.8,5.0,4.3,5.5,5.4,5.55,2025-08-01,Janson Junk,0.16040437823046516,0.028695652173913046,0.15906450152220195,Carlos Rod\xc3\xb3n,0.22765918627987586,0.10345739828498446,0.2515913406920153
2025-08-02,MIA,NYY,2.0,2.0,0.0,4.6,4.4,4.3,3.4,4.45,3.35,6.4,5.8,5.1,6.6,5.75,5.9,2025-08-02,Eury P\xc3\xa9rez,0.3133817163228928,0.04675324675324674,0.30233121244255917,Cam Schlittler,0.22524154589371978,0.131383712905452,0.2057402604515066
2025-08-04,MIA,HOU,10.0,2.0,8.0,5.8,3.0,4.7,3.2,4.6,3.3,4.2,4.0,3.2,5.5,3.75,4.8,2025-08-04,Sandy Alcantara,0.1510316929447364,0.06734065934065932,0.1647936210131332,Jason Alexander,0.15168253968253967,0.13034920634920633,0.20502863149921965
2025-08-18,MIA,STL,11.0,3.0,8.0,5.6,5.0,4.4,5.2,4.55,5.05,4.0,6.6,3.7,4.9,3.4,4.95,2025-08-18,Valente Bellozo,0.1515151515151515,0.06666666666666664,0.16576470588235295,Matthew Liberatore,0.08529904306220094,0.07231924508240295,0.09437229437229434
2025-08-19,MIA,STL,11.0,4.0,7.0,3.6,5.8,4.2,5.9,4.65,5.1,5.6,6.6,4.0,4.9,3.75,4.95,2025-08-19,Edward Cabrera,0.27676650563607086,0.06315343915343914,0.3384049554781262,Michael McGreevy,0.09646822742474914,0.03138461538461538,0.15172702964464974
2025-08-20,MIA,STL,8.0,6.0,2.0,3.6,5.4,4.5,5.9,4.6,5.45,6.0,6.2,4.2,5.3,4.0,4.7,2025-08-20,Sandy Alcantara,0.20513591130701925,0.0778801843317972,0.1819156045539126,Andre Pallante,0.17947957839262182,0.09301966149792233,0.2375158175158175
2025-08-24,MIA,TOR,8.0,5.0,3.0,4.0,5.0,4.6,5.1,4.25,5.2,3.8,4.4,4.7,3.5,5.85,4.05,2025-08-24,Eury P\xc3\xa9rez,0.2576680832516073,0.10501035196687367,0.27124388789505066,Kevin Gausman,0.2582592592592592,0.05138624338624337,0.22994622398877715
2025-08-25,MIA,ATL,3.0,2.0,1.0,4.0,5.0,4.8,5.0,4.4,5.35,5.0,6.8,5.5,5.5,5.45,5.4,2025-08-25,Edward Cabrera,0.2707464387464387,0.07084574684574682,0.3278045802436046,Spencer Strider,0.16956778309409887,0.07770813397129187,0.21159809183064993
2025-08-26,MIA,ATL,13.0,2.0,11.0,3.8,3.6,3.7,4.7,4.15,5.25,3.0,5.2,5.2,5.4,5.45,5.35,2025-08-26,Sandy Alcantara,0.23242226812860847,0.08477673605593512,0.1943746209473552,Hurston Waldrep,0.26926877470355726,0.06768774703557309,0.261549956588526
2025-08-27,MIA,ATL,13.0,1.0,12.0,3.4,4.4,3.5,4.9,4.15,5.4,5.0,5.6,6.1,5.6,5.9,5.1,2025-08-27,Ryan Gusto,0.156993006993007,0.04280885780885778,0.18099549702383025,Joey Wentz,0.18005364201016372,0.09892245435723691,0.1824860290528371
2025-09-05,MIA,PHI,12.0,3.0,9.0,4.6,5.2,4.4,7.3,4.6,6.15,3.6,3.6,4.8,4.9,5.3,4.75,2025-09-05,Valente Bellozo,0.21166552745500108,0.11152882205513784,0.16203571428571428,Cristopher S\xc3\xa1nchez,0.2742108262108262,0.05272934472934469,0.25432860492830506
2025-09-06,MIA,PHI,6.0,2.0,4.0,3.0,5.4,4.5,8.1,4.1,6.4,5.0,4.0,5.4,5.0,5.75,4.5,2025-09-06,Sandy Alcantara,0.26035956380783964,0.07254571737330354,0.21447362186726684,Jes\xc3\xbas Luzardo,0.3061076604554865,0.07060041407867493,0.27934490306441523
2025-09-08,MIA,WSN,22.0,7.0,15.0,3.4,6.4,4.9,6.6,4.2,6.25,5.6,4.4,3.8,4.8,4.05,5.1,2025-09-08,Janson Junk,0.14435535479013736,0.04492941840767926,0.15751349466183223,Cade Cavalli,0.19647741147741143,0.06039682539682537,0.22460819673619112
2025-09-09,MIA,WSN,12.0,5.0,7.0,4.4,8.4,4.9,7.7,4.3,6.65,7.6,5.4,5.1,4.4,4.7,5.45,2025-09-09,Valente Bellozo,0.24499886078833438,0.0781954887218045,0.17341502463054187,Mitchell Parker,0.14662676453980797,0.09251183599009682,0.22164767848060657
2025-09-10,MIA,WSN,11.0,8.0,3.0,4.4,7.8,4.5,6.5,4.3,6.85,7.0,5.4,5.7,4.5,4.6,5.15,2025-09-10,Eury P\xc3\xa9rez,0.20057416267942582,0.11623376623376622,0.24525709622894443,Jake Irvin,0.11978825522303779,0.1314878599661208,0.17784428081942116
2025-09-11,MIA,WSN,5.0,5.0,0.0,5.4,6.6,4.2,6.0,4.55,6.6,6.6,4.8,5.9,4.9,4.7,5.15,2025-09-11,Ryan Weathers,0.21484030589293743,0.07252136752136748,0.24782869612656847,MacKenzie Gore,0.22469696969696967,0.09164502164502164,0.24977151980803147
2025-09-12,MIA,DET,10.0,8.0,2.0,6.0,5.8,4.2,5.9,4.6,6.25,7.2,3.6,6.5,4.9,5.55,4.85,2025-09-12,Sandy Alcantara,0.2577954612437371,0.0469046917322779,0.21169982942346008,Chris Paddack,0.14238602695952968,0.03121597096188746,0.19535632183908044
2025-09-14,MIA,DET,2.0,0.0,2.0,6.6,5.4,5.0,5.9,4.7,6.25,6.4,5.2,6.2,5.7,5.6,4.85,2025-09-14,Adam Mazur,0.12717752234993612,0.0809259259259259,0.1949461701416565,Keider Montero,0.2163203463203463,0.0852380952380952,0.20845117845117844
2025-09-26,MIA,NYM,8.0,6.0,2.0,3.6,4.8,4.5,3.7,4.35,4.85,6.8,6.2,5.7,5.3,5.05,5.6,2025-09-26,Sandy Alcantara,0.25231908831908834,0.04529914529914526,0.2122090279342455,Brandon Sproat,0.23873969877806192,0.09477124183006534,0.15059523809523806
2025-09-27,MIA,NYM,5.0,0.0,5.0,3.0,3.8,4.6,3.9,4.4,4.9,4.8,6.2,5.6,5.1,4.65,5.5,2025-09-27,Eury P\xc3\xa9rez,0.26395780051150897,0.07964285714285714,0.24124913733609382,Clay Holmes,0.167287784679089,0.06799171842650101,0.23067168125991655
2025-04-20,MIL,ATH,15.0,14.0,1.0,3.4,3.2,4.9,3.5,4.75,4.9,5.8,2.0,4.9,3.2,4.4,4.8,2025-04-20,Tyler Alexander,0.2005575533035487,0.12015546111655948,0.16559056956115778,Jeffrey Springs,0.22994987468671674,0.11810776942355886,0.26001794066578116
2025-05-02,MIL,CHC,10.0,0.0,10.0,5.0,4.2,4.7,4.2,4.65,3.8,5.6,3.4,6.0,5.0,6.3,3.95,2025-05-02,Tyler Alexander,0.13739130434782607,0.07608695652173912,0.12744588744588742,Ben Brown,0.23536137775268204,0.09834368530020701,0.26749363861235576
2025-05-03,MIL,CHC,8.0,2.0,6.0,4.0,5.0,4.5,4.7,4.55,3.95,6.8,3.4,6.6,4.0,6.3,3.85,2025-05-03,Jose Quintana,0.1608613306982872,0.08469202898550722,0.14323308270676688,Jameson Taillon,0.22009523809523807,0.06185714285714285,0.2468376068376068
2025-05-04,MIL,CHC,4.0,4.0,0.0,3.0,6.0,3.6,5.0,4.3,4.25,7.2,1.8,7.0,3.8,6.45,3.9,2025-05-04,Freddy Peralta,0.21953679653679653,0.11284415584415582,0.2838303367623554,Drew Pomeranz,0.24444444444444446,0.06666666666666667,0.3055555555555555
2025-05-05,MIL,HOU,6.0,5.0,1.0,2.4,5.6,3.8,4.6,4.3,4.0,5.8,5.2,4.4,3.5,4.5,3.3,2025-05-05,Tobias Myers,0.23535353535353534,0.15757575757575756,0.125,Ronel Blanco,0.21353370885407497,0.1194337851317256,0.32003619371741887
2025-05-06,MIL,HOU,7.0,4.0,3.0,2.2,5.0,3.8,4.1,4.45,3.8,4.4,5.2,4.0,3.9,3.85,3.4,2025-05-06,Chad Patrick,0.16949620427881293,0.073015873015873,0.1893358167176919,Hayden Wesneski,0.2308253340862036,0.03766233766233764,0.2261650443621328
2025-05-07,MIL,HOU,10.0,1.0,9.0,3.0,4.0,4.0,4.1,4.6,3.5,3.8,5.2,4.0,4.2,3.95,3.4,2025-05-07,Tyler Alexander,0.16,0.05,0.10363636363636361,Framber Valdez,0.20147090091317973,0.07297096906092407,0.2056485869093243
2025-05-16,MIL,MIN,3.0,0.0,3.0,3.0,3.4,3.2,3.4,3.4,4.2,4.6,2.2,5.1,2.3,4.95,2.6,2025-05-16,Tyler Alexander,0.15666666666666668,0.05,0.04,Joe Ryan,0.3446666666666667,0.04433333333333332,0.29270631329454855
2025-05-17,MIL,MIN,7.0,0.0,7.0,2.6,3.4,2.8,3.7,3.3,4.15,4.6,2.0,5.0,2.0,5.0,2.3,2025-05-17,Tyler Alexander,0.1833333333333333,0.05,0.10153846153846154,Pablo L\xc3\xb3pez,0.3400994845479971,0.055819245082402956,0.27900830996887616
2025-05-19,MIL,BAL,9.0,5.0,4.0,2.8,3.8,2.4,4.2,3.2,4.15,3.8,7.2,3.7,5.6,3.15,6.0,2025-05-19,Quinn Priester,0.13260092982801283,0.14958116321691492,0.2242246443122538,Dean Kremer,0.16653846153846152,0.0727179487179487,0.182451537043222
2025-05-26,MIL,BOS,5.0,3.0,2.0,5.0,3.6,3.9,3.7,3.2,4.0,4.8,3.4,4.5,4.4,4.35,4.2,2025-05-26,Chad Patrick,0.20384650775955118,0.04414733414733412,0.16456985914642774,Garrett Crochet,0.2681474081474081,0.05659451659451657,0.23231908101216553
2025-06-07,MIL,SDP,7.0,4.0,3.0,3.8,2.2,5.2,2.9,4.4,3.3,3.0,3.6,4.0,4.6,3.2,5.1,2025-06-07,Jose Quintana,0.1827075098814229,0.10441370223978916,0.17898647252380417,Stephen Kolek,0.171184646313207,0.07606712552814501,0.15675317590211205
2025-06-08,MIL,SDP,1.0,0.0,1.0,3.6,2.4,5.5,3.0,4.4,3.35,3.6,3.4,4.2,4.3,3.2,4.85,2025-06-08,Freddy Peralta,0.2234989648033126,0.11927191166321598,0.2679288103201146,Ryan Bergert,0.1357142857142857,0.019047619047619042,0.052991452991452984
2025-06-09,MIL,ATL,8.0,1.0,7.0,3.0,2.2,4.9,2.6,4.4,3.15,3.8,5.6,3.9,4.4,4.1,3.95,2025-06-09,Aaron Civale,0.1872843340234644,0.052536231884057955,0.20037981440420463,Chris Sale,0.3105413105413105,0.09366096866096862,0.2907158225609084
2025-06-10,MIL,ATL,5.0,4.0,1.0,2.8,2.8,4.7,3.1,4.45,3.4,4.6,4.2,4.2,4.0,4.25,3.75,2025-06-10,Quinn Priester,0.14425401739643223,0.07296550199026977,0.19277661684593647,Grant Holmes,0.24295679083535154,0.08136143466728171,0.24189247255252724
2025-06-11,MIL,ATL,8.0,2.0,6.0,1.8,2.8,4.5,3.0,4.2,3.2,4.6,4.6,3.4,4.1,4.05,3.85,2025-06-11,Chad Patrick,0.25014662259513515,0.06346003898635476,0.18376316115446545,Spencer Schwellenbach,0.24351851851851847,0.03677248677248674,0.22330407714759123
2025-06-12,MIL,STL,6.0,6.0,0.0,2.2,3.6,3.0,2.9,4.3,3.35,4.2,4.6,3.7,5.9,4.15,4.95,2025-06-12,Aaron Ashby,0.4732142857142857,0.03125,0.33150183150183143,Sonny Gray,0.27978835978835975,0.027523809523809516,0.2738181818181818
2025-06-13,MIL,STL,5.0,3.0,2.0,2.6,3.0,3.1,2.7,4.6,3.0,3.2,5.8,3.6,5.4,4.1,5.15,2025-06-13,Freddy Peralta,0.21871635610766044,0.11318495514147686,0.2584050007963051,Erick Fedde,0.1427536231884058,0.10011594202898548,0.1501320956584114
2025-06-14,MIL,STL,13.0,5.0,8.0,3.2,3.2,3.1,2.7,4.5,3.0,3.2,6.2,3.6,5.7,3.65,5.1,2025-06-14,Jose Quintana,0.19249011857707507,0.11383399209486163,0.1723198058571375,Andre Pallante,0.14764550264550264,0.06296296296296294,0.18901821544477965
2025-06-15,MIL,STL,5.0,3.0,2.0,4.0,3.4,3.4,3.1,4.5,3.2,4.2,5.8,4.3,5.4,3.85,5.1,2025-06-15,Quinn Priester,0.16729323308270674,0.04943609022556388,0.2120073860767057,Miles Mikolas,0.13176895568199912,0.0345697780480389,0.12397710246889448
2025-06-23,MIL,PIT,9.0,4.0,5.0,9.2,5.2,6.5,4.4,5.5,3.7,3.4,5.6,3.7,4.1,3.6,3.4,2025-06-23,Aaron Ashby,0.3384199134199134,0.0,0.29948717948717946,Braxton Ashcraft,0.18874458874458871,0.15151515151515152,0.22380952380952382
2025-06-24,MIL,PIT,12.0,9.0,3.0,9.4,5.2,6.7,4.3,4.85,3.6,3.8,5.0,3.2,4.2,3.35,3.55,2025-06-24,Freddy Peralta,0.25666666666666665,0.09555555555555555,0.23380605880605873,Andrew Heaney,0.17191944287596456,0.05008695652173911,0.18827571687118808
2025-06-27,MIL,COL,16.0,10.0,6.0,7.0,3.6,7.1,4.6,5.1,3.65,3.2,5.4,5.3,5.3,4.6,6.05,2025-06-27,Jose Quintana,0.12980895915678517,0.13738471673254277,0.16417748917748914,Kyle Freeland,0.18211594202898548,0.048666666666666664,0.19544360678081601
2025-06-28,MIL,COL,5.0,5.0,0.0,7.2,4.8,7.6,4.4,5.5,3.75,3.8,6.4,4.9,6.2,4.75,6.45,2025-06-28,Aaron Ashby,0.23841991341991342,0.01666666666666666,0.25186813186813184,Antonio Senzatela,0.10352016404647979,0.12338231943495097,0.13339273760713383
2025-07-07,MIL,LAD,10.0,9.0,1.0,3.2,4.0,5.1,3.3,5.9,3.8,3.4,7.0,4.1,5.1,5.3,4.95,2025-07-07,Freddy Peralta,0.26490118577075095,0.05702898550724637,0.22231338481338475,Jack Dreyer,0.2733333333333333,0.075,0.25265873015873014
2025-07-08,MIL,LAD,4.0,3.0,1.0,4.4,2.8,5.1,3.1,6.05,3.85,2.6,8.0,3.9,5.9,5.1,5.2,2025-07-08,Jacob Misiorowski,0.2859563123495012,0.1238691090471276,0.2463980524642289,Clayton Kershaw,0.21865079365079362,0.04478835978835976,0.25045268233480694
2025-07-11,MIL,WSN,11.0,8.0,3.0,4.6,2.4,5.0,3.0,6.05,3.8,3.6,6.0,4.4,7.1,5.1,6.6,2025-07-11,Quinn Priester,0.24904465709728862,0.03266666666666666,0.23078149920255178,Mitchell Parker,0.15772236178968294,0.07649461338100885,0.21695216428849412
2025-07-13,MIL,WSN,9.0,8.0,1.0,5.8,2.2,4.9,3.2,6.35,3.7,3.8,5.6,4.8,6.6,5.0,6.5,2025-07-13,Freddy Peralta,0.29577075098814226,0.045724637681159405,0.22561008811008806,Jake Irvin,0.2007580824972129,0.0964648829431438,0.1638730345252084
2025-07-25,MIL,MIA,6.0,1.0,5.0,6.0,3.0,5.7,2.5,5.4,2.8,3.0,3.0,3.6,3.4,4.25,3.15,2025-07-25,Freddy Peralta,0.2765533596837944,0.051478260869565196,0.2533817373103087,Cal Quantrill,0.22370015948963315,0.05020202020202018,0.19014645063980923
2025-07-26,MIL,MIA,11.0,4.0,7.0,4.6,2.6,5.5,2.9,5.25,2.95,3.4,3.0,3.9,2.8,4.05,2.8,2025-07-26,Jose Quintana,0.15217789456919886,0.08205128205128202,0.1484381130356362,Janson Junk,0.1254761485653934,0.028695652173913046,0.12114741355455785
2025-07-27,MIL,MIA,5.0,3.0,2.0,4.2,3.0,5.1,3.3,4.95,3.0,4.0,2.4,4.6,2.6,4.1,2.8,2025-07-27,Brandon Woodruff,0.3978835978835979,0.0,0.2779331779331779,Valente Bellozo,0.07857142857142854,0.03333333333333332,0.16788847117794484
2025-07-28,MIL,CHC,12.0,8.0,4.0,3.6,3.4,4.8,3.0,4.85,3.1,5.2,5.0,4.5,4.5,4.95,4.4,2025-07-28,Jacob Misiorowski,0.3742893465547928,0.08678253605027057,0.2699464835183919,Matthew Boyd,0.25291555228397333,0.02621862348178136,0.21728523967726626
2025-07-29,MIL,CHC,12.0,9.0,3.0,5.2,4.0,4.8,3.3,4.9,3.2,4.8,6.6,4.5,5.2,4.9,4.7,2025-07-29,Aaron Ashby,0.22460317460317455,0.2841269841269841,0.20754689754689754,Drew Pomeranz,0.2633333333333333,0.05,0.23174603174603167
2025-07-30,MIL,CHC,13.0,3.0,10.0,5.0,4.2,5.5,3.6,5.2,3.0,4.6,6.8,4.4,6.0,4.8,4.95,2025-07-30,Freddy Peralta,0.2856442687747035,0.06966007905138338,0.2617150706436421,Shota Imanaga,0.15742100089926173,0.01649831649831648,0.20219989534275246
2025-08-08,MIL,NYM,5.0,3.0,2.0,7.4,2.4,7.6,4.0,6.35,3.65,3.8,6.0,4.1,4.9,4.1,4.4,2025-08-08,Brandon Woodruff,0.3667301587301587,0.033999999999999996,0.24967307202601313,Kodai Senga,0.22457602339181287,0.14191520467836255,0.2581117216117216
2025-08-09,MIL,NYM,11.0,7.0,4.0,6.4,2.4,7.6,4.0,6.2,3.5,4.2,5.6,3.5,5.1,4.05,4.2,2025-08-09,Tobias Myers,0.2245341614906832,0.03333333333333332,0.1452565522332964,Frankie Montas,0.1703269270774991,0.050957737914259636,0.19965451215451213
2025-08-10,MIL,NYM,13.0,7.0,6.0,5.0,2.6,7.5,4.0,6.15,3.65,2.6,5.8,3.7,5.7,3.85,4.4,2025-08-10,Quinn Priester,0.2399572649572649,0.062250712250712215,0.22228715728715728,Sean Manaea,0.28848627980206926,0.04605263157894736,0.22346774193548385
2025-08-11,MIL,PIT,8.0,7.0,1.0,5.8,3.6,7.3,4.3,6.4,3.95,4.2,4.4,5.7,6.4,4.9,5.15,2025-08-11,Jose Quintana,0.18426086956521734,0.06739130434782606,0.15900395242500504,Andrew Heaney,0.07536231884057967,0.04850241545893718,0.12785617890881043
2025-08-12,MIL,PIT,14.0,14.0,0.0,5.8,3.4,7.7,3.4,6.35,3.65,4.0,5.0,4.2,5.4,4.9,5.0,2025-08-12,Freddy Peralta,0.26480858272162616,0.11763674007152262,0.28326484439929817,Paul Skenes,0.329828722002635,0.035573122529644265,0.29667455387952285
2025-08-13,MIL,PIT,17.0,12.0,5.0,7.6,2.6,7.5,2.5,6.75,3.4,2.6,7.8,3.7,6.0,4.7,5.2,2025-08-13,Brandon Woodruff,0.3507301587301587,0.05,0.24953212769902233,Mitch Keller,0.16995504495504493,0.10002497502497495,0.19864597001591333
2025-08-22,MIL,SFG,9.0,5.0,4.0,3.8,3.0,6.9,3.5,7.2,3.75,3.4,5.0,2.7,5.4,3.7,4.95,2025-08-22,Jose Quintana,0.1667220026350461,0.05114888010540182,0.1457430780601512,Carson Whisenhunt,0.19227994227994225,0.11204906204906202,0.2889309764309764
2025-08-23,MIL,SFG,8.0,1.0,7.0,3.4,3.8,6.7,3.3,7.0,3.8,2.8,5.8,3.0,5.5,3.65,4.9,2025-08-23,Freddy Peralta,0.2922077922077922,0.11991341991341986,0.307141289286196,Logan Webb,0.28247252747252743,0.04743589743589742,0.23113134252507073
2025-08-24,MIL,SFG,7.0,3.0,4.0,2.8,4.0,6.1,3.9,6.9,3.65,3.4,5.4,3.6,5.1,3.95,4.8,2025-08-24,Chad Patrick,0.2548418972332016,0.07390645586297759,0.2009565283222572,Robbie Ray,0.21230769230769225,0.06338461538461536,0.24343102020682483
2025-08-25,MIL,ARI,12.0,7.0,5.0,3.2,4.0,5.0,4.3,6.25,3.4,4.6,4.2,5.0,4.3,5.05,4.5,2025-08-25,Brandon Woodruff,0.29358730158730156,0.1007936507936508,0.2288964696028289,Eduardo Rodr\xc3\xadguez,0.16834598573729004,0.10677478720956976,0.17661249846482802
2025-08-26,MIL,ARI,17.0,9.0,8.0,4.0,4.2,4.5,4.3,6.2,3.55,4.6,4.4,5.2,4.8,5.2,4.25,2025-08-26,Tobias Myers,0.23991596638655457,0.02352941176470588,0.24033724895793857,Brandon Pfaadt,0.13677981277981272,0.03789173789173785,0.16529419051158178
2025-08-27,MIL,ARI,5.0,2.0,3.0,5.0,5.6,4.4,4.3,5.95,3.8,6.0,5.6,5.4,5.3,5.5,4.35,2025-08-27,Erick Fedde,0.11895238095238092,0.11695238095238092,0.18411407923603043,Ryne Nelson,0.2680354267310789,0.03333333333333332,0.244587175161408
2025-09-01,MIL,PHI,18.0,8.0,10.0,4.2,4.0,4.6,4.8,5.75,4.15,5.4,4.0,5.4,4.6,5.0,4.5,2025-09-01,Aaron Ashby,0.30476190476190473,0.09047619047619045,0.23976190476190476,Taijuan Walker,0.15514141414141416,0.06448148148148145,0.17210270844115472
2025-09-03,MIL,PHI,9.0,6.0,3.0,5.4,5.4,4.9,5.4,5.8,4.35,6.4,4.4,5.3,5.2,5.3,4.8,2025-09-03,Jose Quintana,0.15345454545454545,0.07345454545454544,0.16672209903917215,Aaron Nola,0.19481159420289848,0.07205797101449271,0.2064708624708625
2025-09-04,MIL,PHI,2.0,0.0,2.0,5.8,4.8,5.4,5.0,5.75,4.45,7.0,4.4,5.2,5.3,5.25,5.05,2025-09-04,Freddy Peralta,0.31800865800865796,0.11316017316017313,0.3059649559670055,Ranger Suarez,0.2319151138716356,0.02298136645962732,0.198714758630725
2025-09-12,MIL,STL,10.0,8.0,2.0,4.2,3.8,4.4,4.4,4.5,4.25,2.8,4.4,3.2,4.4,3.95,4.75,2025-09-12,Aaron Ashby,0.31111111111111117,0.1333333333333333,0.24960317460317455,Andre Pallante,0.19329629629629627,0.09555555555555555,0.16408943604432322
2025-09-14,MIL,STL,5.0,2.0,3.0,5.0,4.0,4.8,3.8,4.7,4.3,2.8,4.4,3.0,5.0,3.65,5.0,2025-09-14,Jose Quintana,0.14539549339549337,0.10197047397047396,0.1679361179361179,Miles Mikolas,0.08847844248301909,0.0746394972939595,0.12423436041083095
2025-09-16,MIL,LAA,11.0,9.0,2.0,3.4,4.2,4.2,3.1,4.55,4.25,4.4,4.6,4.0,6.9,3.6,5.75,2025-09-16,Freddy Peralta,0.3489968003011481,0.12418784114436285,0.25115864319799547,Caden Dana,0.25168650793650793,0.1504960317460317,0.2729215229215229
2025-09-17,MIL,LAA,11.0,9.0,2.0,5.2,3.6,4.5,3.0,4.95,4.0,2.4,6.0,3.9,7.4,3.55,6.0,2025-09-17,Brandon Woodruff,0.2704761904761905,0.07394179894179889,0.20927232517349195,Jos\xc3\xa9 Ure\xc3\xb1a,0.1671345029239766,0.08200779727095514,0.17506951871657753
2025-09-18,MIL,LAA,7.0,5.0,2.0,6.2,3.0,5.4,3.0,5.25,3.9,2.0,7.2,3.7,7.3,3.45,6.45,2025-09-18,Aaron Ashby,0.2611111111111111,0.14166666666666664,0.16453823953823954,Yusei Kikuchi,0.14713515042462405,0.0935544718439455,0.22135076252723307
2025-09-26,MIL,CIN,4.0,1.0,3.0,2.0,4.4,4.1,3.7,4.3,3.8,3.6,2.4,4.0,3.0,4.35,4.3,2025-09-26,Tobias Myers,0.18055555555555552,0.08888888888888888,0.15219780219780216,Zack Littell,0.19431305536568688,0.029617224880382757,0.20373258394266794
2025-09-27,MIL,CIN,11.0,4.0,7.0,1.2,4.6,3.9,3.4,4.15,3.9,2.8,1.8,3.9,2.4,4.25,4.15,2025-09-27,Jacob Misiorowski,0.2644172836182528,0.08051608561044553,0.2527053580525064,Nick Martinez,0.0831168831168831,0.06818181818181818,0.13095238095238093
2025-04-22,MIN,CHW,6.0,4.0,2.0,3.2,4.8,3.3,3.9,3.2,4.15,2.8,5.8,3.3,5.3,2.95,4.65,2025-04-22,Bailey Ober,0.20466976264189882,0.0793021155830753,0.22372757073844027,Davis Martin,0.13096989966555184,0.06096989966555183,0.15240984159083243
2025-04-25,MIN,LAA,15.0,11.0,4.0,3.8,4.2,3.7,4.1,3.5,3.9,2.8,4.4,2.3,4.1,3.95,4.65,2025-04-25,Pablo L\xc3\xb3pez,0.21482026745184638,0.0303643724696356,0.23199502023031435,Kyle Hendricks,0.11217320261437905,0.096078431372549,0.14343149170338107
2025-04-26,MIN,LAA,6.0,5.0,1.0,5.2,3.8,4.2,3.8,3.95,3.65,3.2,6.0,2.4,4.5,4.0,5.1,2025-04-26,Simeon Woods Richardson,0.20763305322128844,0.06232492997198877,0.1940736164006158,Yusei Kikuchi,0.2230866524779568,0.11264335664335663,0.1999861502075101
2025-04-27,MIN,LAA,5.0,5.0,0.0,5.6,3.2,4.7,3.5,4.2,3.25,2.4,6.2,2.5,4.6,3.8,4.75,2025-04-27,Joe Ryan,0.25160173160173155,0.028000000000000004,0.21278860028860028,Jos\xc3\xa9 Soriano,0.18364389233954448,0.11728778467908899,0.23118004700518466
2025-05-06,MIN,BAL,10.0,9.0,1.0,2.6,3.8,5.1,2.8,4.2,3.45,3.4,6.8,2.8,5.5,3.4,6.25,2025-05-06,Pablo L\xc3\xb3pez,0.2356115280600406,0.036400441663599535,0.23015308448960975,Cade Povich,0.1476190476190476,0.08752380952380953,0.19590956558061817
2025-05-07,MIN,BAL,7.0,5.0,2.0,4.2,3.6,5.4,2.6,4.55,3.35,3.0,5.6,2.7,6.3,3.45,6.25,2025-05-07,Simeon Woods Richardson,0.219047619047619,0.08809523809523807,0.2118600933387141,Charlie Morton,0.10555555555555551,0.14166666666666666,0.18588546529723
2025-05-08,MIN,BAL,7.0,5.0,2.0,4.8,3.2,4.8,2.4,4.5,3.1,2.4,5.8,2.6,6.4,3.3,6.3,2025-05-08,Bailey Ober,0.18223655913978493,0.02433333333333332,0.24333986928104573,Dean Kremer,0.12415018315018311,0.05919047619047616,0.1198092773421388
2025-05-09,MIN,SFG,4.0,3.0,1.0,5.6,2.4,4.8,2.5,4.75,3.0,4.8,3.2,4.0,3.6,4.0,3.85,2025-05-09,Chris Paddack,0.1935326953748006,0.09309409888357253,0.17252560338380665,Jordan Hicks,0.1956979202706339,0.09579770554283293,0.21573258306026064
2025-05-10,MIN,SFG,3.0,2.0,1.0,5.4,2.0,4.6,2.6,4.65,3.0,4.2,3.8,3.8,3.7,3.5,3.8,2025-05-10,Joe Ryan,0.31103030303030305,0.04433333333333332,0.27138278388278386,Logan Webb,0.2833160800552105,0.07817460317460315,0.26595760623089815
2025-05-19,MIN,CLE,11.0,6.0,5.0,4.8,2.2,4.5,2.0,4.95,2.3,2.6,4.2,3.3,3.7,3.85,4.7,2025-05-19,Bailey Ober,0.1869032258064516,0.054000000000000006,0.262593837535014,Logan Allen,0.17211067193675886,0.09256916996047429,0.19963779128672746
2025-05-21,MIN,CLE,6.0,1.0,5.0,4.4,2.0,4.6,2.3,4.7,2.35,3.2,5.4,3.0,3.7,3.95,4.65,2025-05-21,Chris Paddack,0.15498807294917133,0.07073711947853822,0.17744477841167736,Gavin Williams,0.2863417741678611,0.1355295429208472,0.2863339758692082
2025-06-06,MIN,TOR,10.0,4.0,6.0,6.0,4.8,4.4,4.3,4.3,3.45,6.0,4.2,5.7,3.1,4.5,3.4,2025-06-06,Bailey Ober,0.19232748538011696,0.05593372319688108,0.245578231292517,Eric Lauer,0.2664835164835165,0.08109890109890106,0.23214981899192422
2025-06-07,MIN,TOR,9.0,4.0,5.0,6.6,5.6,4.5,4.8,4.35,3.7,5.6,3.6,6.1,3.4,4.65,3.55,2025-06-07,Chris Paddack,0.2073381880488327,0.03225887056471762,0.19810921534605744,Kevin Gausman,0.24695344635374616,0.01666666666666666,0.26370860400897944
2025-06-08,MIN,TOR,9.0,6.0,3.0,5.4,5.8,4.4,4.9,4.45,3.9,5.0,3.6,6.6,3.6,4.75,3.35,2025-06-08,Joe Ryan,0.26635934241197395,0.06155379708011281,0.20584733893557422,Bowden Francis,0.22192042196995754,0.09589450751060655,0.24357456140350875
2025-06-10,MIN,TEX,20.0,4.0,16.0,4.6,5.8,4.8,4.5,4.45,3.9,3.2,2.6,3.6,2.4,3.15,2.95,2025-06-10,Simeon Woods Richardson,0.17719298245614032,0.08909774436090223,0.22294021645119316,Tyler Mahle,0.17180500658761524,0.09502635046113303,0.21346315140302186
2025-06-11,MIN,TEX,8.0,6.0,2.0,4.2,8.8,4.8,5.9,4.25,4.4,5.6,2.4,5.2,2.6,3.7,3.1,2025-06-11,David Festa,0.2799707602339181,0.09429824561403505,0.2548076923076923,Jacob Latz,0.3948717948717949,0.06410256410256407,0.3116341829085457
2025-06-12,MIN,TEX,19.0,3.0,16.0,4.8,6.4,5.4,5.6,4.35,4.5,5.4,2.8,4.3,3.1,3.65,3.2,2025-06-12,Bailey Ober,0.1728989139515455,0.05507658033973821,0.23188592360020926,Patrick Corbin,0.2037422847018049,0.0558817993600602,0.267046917046917
2025-06-21,MIN,MIL,9.0,0.0,9.0,5.6,8.2,5.1,8.3,4.8,6.55,7.2,5.6,5.2,4.4,5.05,3.5,2025-06-21,Simeon Woods Richardson,0.15644960818335427,0.1144155637963687,0.20705097533066524,Jose Quintana,0.17364953886693013,0.11274703557312252,0.17638679150307052
2025-06-22,MIN,MIL,17.0,8.0,9.0,5.0,8.0,4.7,8.7,4.55,6.8,8.0,4.0,6.0,3.7,5.35,3.4,2025-06-22,David Festa,0.2626794258373205,0.11642743221690585,0.26441525953721073,Quinn Priester,0.175518341307815,0.03991228070175436,0.21756294163226125
2025-06-23,MIN,SEA,13.0,2.0,11.0,6.2,9.2,4.9,9.3,4.85,6.9,7.8,4.6,5.8,3.5,4.55,4.15,2025-06-23,Bailey Ober,0.15301287406550557,0.07123042649358435,0.2255367172510029,Bryan Woo,0.1823361823361823,0.0484330484330484,0.19395680760342413
2025-06-25,MIN,SEA,2.0,2.0,0.0,4.2,10.4,4.6,9.2,5.0,7.4,9.4,5.4,6.6,3.5,4.95,4.0,2025-06-25,Joe Ryan,0.24964801864801864,0.1032544122544122,0.21602380952380948,George Kirby,0.2553359683794466,0.06245059288537545,0.18022775585719947
2025-06-26,MIN,SEA,11.0,10.0,1.0,3.4,7.0,4.5,7.6,5.05,7.3,7.6,5.0,6.2,3.4,4.85,4.05,2025-06-26,Simeon Woods Richardson,0.14952653126027732,0.08749248687329177,0.17395404861671726,Emerson Hancock,0.21217490366231778,0.1153282415524978,0.1911677677172589
2025-07-04,MIN,TBR,7.0,4.0,3.0,1.6,4.0,3.1,3.9,4.0,6.6,6.0,8.2,5.3,5.4,5.8,4.8,2025-07-04,Chris Paddack,0.11692546583850927,0.033695652173913015,0.162111801242236,Zack Littell,0.19585863208746504,0.016,0.23000949701297263
2025-07-08,MIN,CHC,9.0,8.0,1.0,2.6,3.0,3.4,3.0,4.0,6.1,7.6,3.4,6.5,2.9,5.65,4.8,2025-07-08,Joey Wentz,0.0912121212121212,0.21166666666666667,0.21134920634920631,Shota Imanaga,0.18632442067736182,0.04637942449707154,0.19367965367965365
2025-07-09,MIN,CHC,6.0,4.0,2.0,4.2,2.8,4.0,3.1,4.25,5.35,6.8,4.6,5.8,3.7,5.6,4.85,2025-07-09,David Festa,0.22310621745404352,0.08163937511763596,0.2699029096096329,Drew Pomeranz,0.26666666666666666,0.15,0.16857142857142854
2025-07-10,MIN,CHC,9.0,1.0,8.0,4.6,3.0,3.4,3.2,4.3,4.95,6.2,4.6,5.7,4.1,5.55,4.95,2025-07-10,Chris Paddack,0.15025879917184262,0.01702898550724636,0.17285141623717012,Colin Rea,0.15293075684380028,0.0327697262479871,0.15209486166007902
2025-07-11,MIN,PIT,3.0,2.0,1.0,4.6,3.8,3.1,3.9,4.25,5.2,1.8,3.8,3.4,2.6,3.95,3.7,2025-07-11,Joe Ryan,0.2957283875544745,0.0532670807453416,0.25510165197121715,Carmen Mlodzinski,0.19076923076923075,0.07929292929292928,0.1963429163429163
2025-07-13,MIN,PIT,3.0,1.0,2.0,5.4,3.2,4.0,3.1,4.1,4.9,2.8,6.2,2.0,3.9,3.95,3.6,2025-07-13,Simeon Woods Richardson,0.2104866237993172,0.09858431901775548,0.18671752376644116,Mitch Keller,0.19636667680145942,0.05949919645571815,0.15562358276643987
2025-07-25,MIN,WSN,1.0,1.0,0.0,5.6,5.4,4.8,4.8,4.1,4.0,4.2,4.8,3.3,6.1,4.55,6.65,2025-07-25,Zebby Matthews,0.30591347650171175,0.0919078742608154,0.2711711711711712,MacKenzie Gore,0.17557648953301128,0.13007890499194844,0.24204249011857706
2025-07-26,MIN,WSN,12.0,3.0,9.0,4.6,3.4,4.8,4.0,3.95,3.95,3.4,4.6,3.2,5.4,3.8,6.25,2025-07-26,Joe Ryan,0.30651626634235324,0.02687747035573122,0.25747986247986243,Mitchell Parker,0.09291904916028335,0.08025651814291361,0.15744182405014578
2025-07-28,MIN,BOS,9.0,5.0,4.0,3.8,5.4,3.9,5.1,3.95,4.1,3.4,3.0,2.8,3.0,5.5,3.3,2025-07-28,Simeon Woods Richardson,0.19749373433583955,0.14469507101086043,0.19662257497357366,Jordan Hicks,0.17333333333333334,0.10666666666666666,0.19428571428571426
2025-07-30,MIN,BOS,14.0,1.0,13.0,3.2,5.6,4.4,5.5,4.35,4.55,4.4,4.0,3.4,3.6,5.2,3.35,2025-07-30,Zebby Matthews,0.3170899470899471,0.05661375661375658,0.2799431009957326,Brayan Bello,0.2080283833813245,0.042491978609625655,0.21102813852813845
2025-08-08,MIN,KCR,13.0,9.0,4.0,5.4,4.4,4.3,6.3,4.55,5.15,5.0,4.8,5.7,5.1,5.05,4.5,2025-08-08,Joe Ryan,0.27983135704874834,0.043906455862977575,0.24855366757213398,Seth Lugo,0.19095312095312092,0.09538720538720537,0.19904884161623565
2025-08-09,MIN,KCR,2.0,0.0,2.0,6.4,4.2,4.9,5.8,4.9,5.3,4.0,6.0,5.3,5.6,4.8,4.8,2025-08-09,Michael King,0.07291666666666666,0.0625,0.14999999999999997,Noah Cameron,0.23866666666666667,0.032814814814814804,0.259555743518615
2025-08-15,MIN,DET,7.0,0.0,7.0,3.2,4.4,4.3,4.4,4.1,5.1,4.4,4.4,4.1,4.7,4.7,4.75,2025-08-15,Jos\xc3\xa9 Ure\xc3\xb1a,0.11400560224089633,0.06509803921568627,0.12433155080213902,Charlie Morton,0.2293628798876175,0.08057421505697364,0.25176074586246855
2025-08-16,MIN,DET,13.0,5.0,8.0,1.4,5.0,3.9,4.6,3.75,5.4,5.0,3.0,4.8,4.5,5.0,4.45,2025-08-16,Michael King,0.08333333333333333,0.15,0.22901960784313724,Casey Mize,0.21252587991718422,0.09024327122153208,0.21359708252705892
2025-08-17,MIN,DET,9.0,8.0,1.0,2.4,6.2,3.9,5.0,3.9,5.55,4.8,3.0,5.0,4.7,5.2,4.15,2025-08-17,Michael King,0.14999999999999997,0.1,0.22235294117647056,Chris Paddack,0.20785714285714282,0.02666666666666666,0.16909575074048755
2025-08-19,MIN,ATH,9.0,3.0,6.0,3.6,5.2,4.4,4.5,3.8,5.25,5.8,4.0,5.2,3.0,5.9,3.2,2025-08-19,Joe Ryan,0.2712893269964208,0.03241360089186174,0.21479516503314366,Jacob Lopez,0.29126976532239685,0.08842560947824102,0.24084493819767858
2025-08-21,MIN,ATH,11.0,3.0,8.0,4.0,4.6,4.1,4.8,3.8,5.35,6.2,3.2,5.7,3.1,5.45,3.2,2025-08-21,Michael King,0.31666666666666665,0.1,0.2056862745098039,Osvaldo Bido,0.461344537815126,0.01428571428571428,0.24444444444444446
2025-08-29,MIN,SDP,11.0,7.0,4.0,4.4,7.8,5.0,6.9,4.45,5.75,4.6,5.6,4.9,3.9,4.4,3.8,2025-08-29,Zebby Matthews,0.2607142857142857,0.08095238095238091,0.26722395228462614,Nestor Cortes,0.21290169869117231,0.08820105820105818,0.22417424869037772
2025-08-30,MIN,SDP,15.0,3.0,12.0,5.2,7.2,5.2,6.5,4.55,5.75,4.4,6.8,5.0,4.2,4.5,3.85,2025-08-30,Taj Bradley,0.1480237154150197,0.10184453227931482,0.19981587708698118,Nick Pivetta,0.25273436708219316,0.07383054626532884,0.2080133610183262
2025-08-31,MIN,SDP,9.0,7.0,2.0,5.8,8.0,4.7,7.6,4.55,6.05,6.4,5.8,5.7,4.4,4.95,3.9,2025-08-31,Michael King,0.36111111111111105,0.07222222222222222,0.17761904761904762,Kyle Hart,0.15952153110047845,0.0505263157894737,0.18072222222222223
2025-09-01,MIN,CHW,11.0,5.0,6.0,6.4,6.4,5.1,7.2,4.6,6.0,2.8,7.8,4.3,5.2,4.4,5.15,2025-09-01,Bailey Ober,0.2054808959156785,0.027705627705627678,0.20874646787592885,Tyler Alexander,0.03636363636363636,0.03333333333333331,0.0
2025-09-02,MIN,CHW,15.0,3.0,12.0,6.0,6.6,5.3,7.0,4.4,6.1,3.2,7.8,4.9,5.6,4.65,5.25,2025-09-02,Simeon Woods Richardson,0.16494860339253928,0.15214485489085028,0.19332354841873314,Davis Martin,0.2103174603174603,0.11290476190476188,0.21160756501182032
2025-09-03,MIN,CHW,7.0,3.0,4.0,5.0,7.2,4.7,7.5,4.1,6.5,5.4,6.0,5.4,5.0,4.95,5.2,2025-09-03,Zebby Matthews,0.24761904761904763,0.08095238095238091,0.26396813833113786,Yoendrys G\xc3\xb3mez,0.2457293233082707,0.1381503759398496,0.24824507490896588
2025-09-04,MIN,CHW,19.0,8.0,11.0,4.2,7.2,4.7,7.2,4.25,6.6,5.4,4.6,5.1,5.0,5.1,5.25,2025-09-04,Michael King,0.3144444444444444,0.09222222222222223,0.17095238095238094,Tyler Alexander,0.06493506493506492,0.0,0.02222222222222222
2025-09-12,MIN,ARI,17.0,9.0,8.0,4.8,6.2,4.4,6.6,4.75,6.9,4.4,5.4,4.9,4.1,4.85,4.2,2025-09-12,Michael King,0.23666666666666666,0.06999999999999999,0.28825396825396826,Brandon Pfaadt,0.21619061766120584,0.035670429788076816,0.1972018283960631
2025-09-14,MIN,ARI,10.0,4.0,6.0,6.2,5.6,4.8,6.8,5.05,6.9,5.0,7.0,5.1,4.9,5.0,4.35,2025-09-14,Michael King,0.18666666666666668,0.06000000000000001,0.20825396825396822,Anthony DeSclafani,0.16076923076923078,0.07749999999999999,0.23229270729270723
2025-09-15,MIN,NYY,7.0,7.0,0.0,6.0,6.6,4.9,6.2,4.8,6.85,4.6,4.8,4.1,5.1,5.55,4.55,2025-09-15,Simeon Woods Richardson,0.21808143547273975,0.1491373360938578,0.21590624287992705,Carlos Rod\xc3\xb3n,0.17927272727272725,0.10145454545454542,0.21918891431477242
2025-09-16,MIN,NYY,19.0,9.0,10.0,5.0,6.0,5.3,5.8,5.0,6.5,4.4,4.0,3.3,5.4,5.5,4.3,2025-09-16,Michael King,0.19523809523809524,0.04,0.18158730158730158,Ryan Yarbrough,0.14515037593984959,0.08523809523809522,0.18668629249274407
2025-09-17,MIN,NYY,15.0,5.0,10.0,6.4,5.6,5.4,5.7,5.45,6.6,4.6,5.2,4.2,5.6,5.65,4.65,2025-09-17,Taj Bradley,0.17402745995423338,0.11527459954233406,0.2323086582542056,Luis Gil,0.17246376811594197,0.1619565217391304,0.19469828951536267
2025-09-19,MIN,CLE,8.0,2.0,6.0,6.8,6.8,5.8,6.5,5.5,6.6,3.4,0.8,3.7,1.3,4.1,2.45,2025-09-19,Michael King,0.32857142857142857,0.04,0.1349206349206349,Parker Messick,0.1805347985347985,0.035073260073260046,0.2040096618357488
2025-09-20,MIN,CLE,6.0,0.0,6.0,5.4,6.4,5.8,6.0,5.25,6.65,3.8,1.2,4.1,1.4,4.25,2.55,2025-09-20,Bailey Ober,0.25543007716920757,0.03722943722943722,0.21900636714196028,Logan Allen,0.16160614747571267,0.09083054626532885,0.17423206079886883
2025-09-21,MIN,CLE,8.0,6.0,2.0,3.2,8.0,4.1,7.0,4.5,6.7,5.4,0.6,4.3,1.2,4.5,2.2,2025-09-21,Simeon Woods Richardson,0.2895100069013112,0.10498149193801362,0.24880097972203236,Joey Cantillo,0.19206301106301102,0.08807792207792207,0.22698055094989228
2025-04-22,NYM,PHI,6.0,5.0,1.0,4.8,2.6,4.8,2.9,4.3,2.65,6.4,6.4,4.6,5.6,4.65,4.6,2025-04-22,Griffin Canning,0.23161817587446876,0.1150223384548327,0.25523843026891807,Cristopher S\xc3\xa1nchez,0.3055344655344655,0.06088661338661337,0.3120158304325654
2025-04-29,NYM,ARI,11.0,8.0,3.0,7.4,3.8,6.1,3.2,5.1,3.05,5.2,6.4,5.8,4.8,5.15,4.65,2025-04-29,David Peterson,0.23353359683794467,0.07745454545454544,0.17051655111805486,Eduardo Rodr\xc3\xadguez,0.2911640211640211,0.060793650793650754,0.21585585378558075
2025-05-01,NYM,ARI,6.0,2.0,4.0,7.8,4.0,6.3,3.4,5.4,3.25,4.0,4.8,5.5,5.3,4.95,4.8,2025-05-01,Kodai Senga,0.225428606481238,0.08014287466919043,0.25479158372775396,Zac Gallen,0.2576414326414326,0.09027269027269022,0.25344809094809095
2025-05-09,NYM,CHC,9.0,7.0,2.0,4.4,4.2,6.3,4.0,5.4,3.65,5.2,2.2,5.4,2.8,5.9,3.9,2025-05-09,Clay Holmes,0.2544830917874396,0.06275362318840579,0.22313355227148332,Jameson Taillon,0.20954978354978354,0.04694805194805192,0.18969474969474964
2025-05-10,NYM,CHC,11.0,5.0,6.0,4.8,3.4,5.1,3.7,5.6,3.45,3.6,3.6,5.2,3.5,5.5,3.95,2025-05-10,Tylor Megill,0.3099802371541502,0.09841897233201577,0.2397426209715853,Drew Pomeranz,0.3333333333333333,0.06666666666666667,0.3388888888888889
2025-05-11,NYM,CHC,8.0,6.0,2.0,5.0,3.6,4.8,4.0,5.65,3.7,3.6,4.2,5.4,3.0,5.7,3.9,2025-05-11,Griffin Canning,0.2418053830227743,0.0881821946169772,0.24279217273954118,Matthew Boyd,0.22283260218042825,0.07415917415917413,0.23349534639620315
2025-05-12,NYM,PIT,7.0,4.0,3.0,5.2,3.2,5.1,3.8,5.7,3.6,2.2,3.6,2.3,4.4,2.75,4.5,2025-05-12,David Peterson,0.19711801242236024,0.03657142857142856,0.19559925788497215,Paul Skenes,0.22456521739130436,0.07478260869565216,0.25037992831541217
2025-05-13,NYM,PIT,3.0,2.0,1.0,5.8,2.8,5.3,3.7,5.75,3.75,2.2,3.2,2.2,4.5,2.85,4.7,2025-05-13,Kodai Senga,0.20665439823334558,0.12659992638940004,0.2489591366049842,Mitch Keller,0.16864879564879562,0.07240688940688936,0.154909905324239
2025-05-14,NYM,PIT,4.0,0.0,4.0,4.8,2.8,4.6,3.5,5.5,3.6,2.2,3.2,2.0,3.9,2.55,4.3,2025-05-14,Clay Holmes,0.2197004830917874,0.06275362318840579,0.19415457329250435,Bailey Falter,0.17253518007993707,0.06176359872012044,0.1233106447343543
2025-05-24,NYM,LAD,7.0,5.0,2.0,2.2,3.2,2.5,3.2,3.65,3.6,4.6,6.6,6.0,5.3,7.25,4.65,2025-05-24,David Peterson,0.16347252747252744,0.08272527472527468,0.23015892314372555,Tony Gonsolin,0.2794642857142857,0.1095238095238095,0.2945665445665445
2025-05-25,NYM,LAD,4.0,3.0,1.0,2.6,3.2,2.4,3.2,3.75,3.5,4.6,6.4,6.2,5.5,6.9,4.8,2025-05-25,Kodai Senga,0.23255856813751546,0.13125571504518868,0.26475415181288586,Jack Dreyer,0.30333333333333334,0.02,0.2715452847805789
2025-05-27,NYM,CHW,10.0,6.0,4.0,3.0,1.4,2.3,3.0,3.45,3.25,4.8,3.8,3.4,5.0,2.85,4.65,2025-05-27,Tylor Megill,0.3411299697744711,0.12178795628923504,0.2895961179544606,Jonathan Cannon,0.16153286379092827,0.012903225806451599,0.18204430988889822
2025-05-28,NYM,CHW,13.0,4.0,9.0,4.2,1.8,2.9,3.0,3.5,3.15,4.6,3.8,3.5,4.3,2.9,4.55,2025-05-28,Griffin Canning,0.20238095238095233,0.10595238095238094,0.22938949938949937,Bryse Wilson,0.11620490620490617,0.10511303511303507,0.16081879762756862
2025-05-30,NYM,COL,6.0,4.0,2.0,4.0,3.4,3.1,3.3,3.5,3.35,2.0,5.0,2.2,5.3,3.1,7.25,2025-05-30,David Peterson,0.19747252747252744,0.08901098901098896,0.2621317122593718,Kyle Freeland,0.1715091575091575,0.06557509157509156,0.19598320452718831
2025-05-31,NYM,COL,10.0,8.0,2.0,3.8,3.4,3.2,3.3,3.45,3.25,1.8,5.4,2.4,5.6,3.1,6.95,2025-05-31,Kodai Senga,0.23422523480418214,0.14858904837852202,0.24827063532936938,Antonio Senzatela,0.13547226386806593,0.082287856071964,0.15473797205504516
2025-06-01,NYM,COL,8.0,5.0,3.0,4.8,3.6,3.8,2.7,3.8,3.1,2.0,4.4,2.3,5.5,3.15,6.8,2025-06-01,Clay Holmes,0.1644782608695652,0.08308695652173911,0.18310425942004888,Carson Palmquist,0.08913308913308911,0.11644495855022167,0.12094017094017094
2025-06-11,NYM,WSN,5.0,5.0,0.0,7.2,3.0,6.3,3.5,4.3,3.25,1.4,3.2,4.0,4.1,4.1,4.1,2025-06-11,David Peterson,0.2191391941391941,0.08305860805860801,0.2633502195204322,Jake Irvin,0.12491403870714213,0.060018174673347045,0.10925527901565221
2025-06-12,NYM,WSN,7.0,4.0,3.0,7.0,2.8,6.2,3.1,4.55,3.05,1.0,4.2,3.1,4.6,3.85,4.15,2025-06-12,Kodai Senga,0.2477471819645732,0.1063381642512077,0.2676890367277485,Michael Soroka,0.21744881035418118,0.03788460048050838,0.17061770006948587
2025-06-13,NYM,TBR,12.0,5.0,7.0,6.8,2.2,6.2,2.5,4.65,2.9,3.0,3.0,4.2,2.6,5.1,2.35,2025-06-13,Clay Holmes,0.16644444444444445,0.05700000000000001,0.22997090628669575,Taj Bradley,0.25339886827301006,0.08767433515717264,0.2373677541970225
2025-06-14,NYM,TBR,12.0,4.0,8.0,7.0,3.2,6.3,3.0,4.75,3.15,3.6,3.4,4.8,2.9,5.3,2.4,2025-06-14,Tylor Megill,0.2950496008680152,0.13812524219173833,0.3282104145333182,Drew Rasmussen,0.2477272727272727,0.0365151515151515,0.17880538846056088
2025-06-15,NYM,TBR,9.0,0.0,9.0,6.2,4.6,5.9,3.6,4.85,3.15,4.4,3.6,4.0,3.0,5.55,2.5,2025-06-15,Griffin Canning,0.17999791970043683,0.12692080992996319,0.1860391992453621,Shane Baz,0.16497741389045734,0.08387916431394689,0.22863673676945986
2025-06-23,NYM,ATL,5.0,2.0,3.0,3.0,6.6,3.3,6.0,4.8,4.75,4.8,2.4,4.8,3.3,4.5,3.65,2025-06-23,Paul Blackburn,0.10835913312693495,0.05572755417956655,0.1461535064476241,Spencer Schwellenbach,0.31947070253521864,0.030199430199430177,0.28312861836050585
2025-06-26,NYM,ATL,4.0,4.0,0.0,5.0,4.8,3.2,6.3,4.75,4.65,4.6,3.6,4.2,3.6,4.4,3.9,2025-06-26,Griffin Canning,0.1823788720813892,0.13287319088234414,0.20288901609517893,Grant Holmes,0.3715942028985507,0.11775362318840576,0.3175601188597084
2025-07-02,NYM,MIL,9.0,2.0,7.0,3.0,6.6,3.5,6.4,3.95,5.55,6.4,3.2,7.8,4.2,5.3,3.7,2025-07-02,Clay Holmes,0.16087187666135033,0.10741626794258372,0.2091528891528891,Freddy Peralta,0.2793939393939394,0.07055555555555555,0.2373774873774873
2025-07-03,NYM,MIL,5.0,3.0,2.0,2.6,8.0,3.1,6.0,3.8,5.9,5.8,3.4,7.7,3.9,5.6,3.9,2025-07-03,David Peterson,0.18466205837173577,0.0907142857142857,0.22949958228905593,Jose Quintana,0.14099777034559638,0.13458751393534,0.15892496392496386
2025-07-19,NYM,CIN,7.0,2.0,5.0,4.0,4.4,4.6,4.4,3.85,5.2,4.8,2.4,3.6,3.9,4.4,4.25,2025-07-19,Clay Holmes,0.12477463421399344,0.14194924069065945,0.16937118437118434,Nick Martinez,0.16866955266955264,0.04790572390572388,0.17152706209063237
2025-07-20,NYM,CIN,5.0,3.0,2.0,3.8,4.0,4.5,4.7,3.9,5.1,4.6,2.8,4.0,3.6,4.45,4.3,2025-07-20,David Peterson,0.18166666666666664,0.09785714285714284,0.1825870527382285,Andrew Abbott,0.15018083670715243,0.02999999999999998,0.18921913355523193
2025-07-21,NYM,LAA,12.0,7.0,5.0,2.8,3.8,4.2,4.4,3.95,5.05,6.0,5.2,5.8,6.8,5.95,5.65,2025-07-21,Kodai Senga,0.2517861683193491,0.10086448004068138,0.2831921813818365,Tyler Anderson,0.18655555555555553,0.07922222222222221,0.23717796431211058
2025-07-22,NYM,LAA,5.0,3.0,2.0,3.6,4.6,3.7,4.3,4.1,4.95,5.0,5.6,5.7,7.0,5.75,5.95,2025-07-22,Frankie Montas,0.21351674641148324,0.05,0.23799533799533795,Kyle Hendricks,0.19583981693363844,0.027221967963386707,0.159587304643625
2025-08-05,NYM,CLE,5.0,2.0,3.0,4.6,7.4,4.7,4.7,4.2,4.5,6.0,4.2,4.9,3.8,4.95,3.65,2025-08-05,Clay Holmes,0.12488285932221857,0.06207911082052957,0.1947753061453769,Logan Allen,0.18201058201058196,0.046190476190476185,0.17007431129854267
2025-08-06,NYM,CLE,5.0,1.0,4.0,3.8,6.6,4.6,4.8,4.1,4.35,5.4,3.0,4.6,3.7,5.05,3.65,2025-08-06,David Peterson,0.1774566013696448,0.06986781334607418,0.19169353105523315,Gavin Williams,0.29357454140062833,0.11068967264619434,0.268417178188425
2025-08-12,NYM,ATL,18.0,13.0,5.0,3.0,4.8,3.8,6.1,4.0,4.7,6.2,3.8,4.4,3.9,4.7,5.65,2025-08-12,Clay Holmes,0.15325814536340848,0.06390977443609022,0.20494771993848032,Spencer Strider,0.2771346801346801,0.0984949494949495,0.2642914441968745
2025-08-13,NYM,ATL,17.0,6.0,11.0,5.2,5.2,4.5,5.9,4.55,4.8,5.6,5.2,4.7,4.9,4.6,6.15,2025-08-13,Paul Blackburn,0.14121947024423803,0.05905572755417956,0.1790849673202614,Carlos Carrasco,0.1679309384572542,0.06348649401280976,0.2693563081798375
2025-08-14,NYM,ATL,7.0,3.0,4.0,6.2,6.6,5.0,6.3,4.65,4.95,7.6,5.4,5.4,5.3,4.7,5.85,2025-08-14,Kodai Senga,0.19194444444444445,0.16138888888888886,0.20275457875457872,Bryce Elder,0.15007703165960878,0.09581662969684743,0.23108658328577034
2025-08-17,NYM,SEA,10.0,7.0,3.0,6.8,6.4,4.9,5.6,4.8,5.15,3.8,4.2,5.1,3.9,4.4,3.8,2025-08-17,Clay Holmes,0.17220551378446114,0.10338345864661654,0.21403862902938942,George Kirby,0.2790816864295125,0.06473737373737372,0.27056755671769717
2025-08-25,NYM,PHI,16.0,13.0,3.0,6.2,5.4,6.1,4.7,5.55,5.5,6.0,3.4,6.1,4.0,5.15,3.4,2025-08-25,Kodai Senga,0.17920289855072463,0.12702898550724634,0.18407372769074898,Cristopher S\xc3\xa1nchez,0.2601363311018483,0.044546531374117536,0.2674470457079153
2025-08-26,NYM,PHI,11.0,6.0,5.0,8.0,5.0,7.1,4.6,6.2,5.4,5.4,5.2,6.2,5.0,5.2,4.05,2025-08-26,Sean Manaea,0.25111820546603153,0.037786561264822126,0.19548786653185032,Jes\xc3\xbas Luzardo,0.2892578436056697,0.041025641025641005,0.28095538512287643
2025-08-30,NYM,MIA,19.0,8.0,11.0,9.6,4.8,7.9,5.1,7.0,5.2,4.2,9.4,4.1,7.2,4.25,6.2,2025-08-30,David Peterson,0.2749458689458689,0.12084330484330481,0.2774085397806328,Edward Cabrera,0.3187464387464387,0.06284574684574681,0.3308963676832181
2025-08-31,NYM,MIA,6.0,1.0,5.0,8.6,6.4,8.3,5.7,7.3,5.6,6.0,10.8,4.9,7.2,4.55,6.55,2025-08-31,Kodai Senga,0.19056653491436099,0.11263504611330695,0.18984295845997973,Sandy Alcantara,0.2481731838795242,0.07158992286912194,0.2063306228603155
2025-09-16,NYM,SDP,11.0,8.0,3.0,3.0,7.4,2.7,5.7,5.45,5.7,5.0,3.0,5.0,3.8,4.8,4.65,2025-09-16,Clay Holmes,0.1887163561076604,0.08918219461697718,0.1898698743711531,Kyle Hart,0.32857142857142857,0.02857142857142857,0.11714285714285715
2025-09-17,NYM,SDP,11.0,4.0,7.0,4.0,6.2,3.3,5.4,5.7,5.65,5.4,4.2,4.8,3.9,4.7,5.0,2025-09-17,David Peterson,0.2534378475554946,0.09089499824793937,0.2752179155900086,Nick Pivetta,0.3013457556935818,0.07535435578913836,0.2063196177783035
2025-09-18,NYM,SDP,7.0,6.0,1.0,4.2,5.4,3.2,5.7,5.25,5.85,6.4,5.0,5.5,4.0,4.95,4.8,2025-09-18,Jonah Tong,0.2073268921095008,0.16666666666666663,0.18182219865676916,Kyle Hart,0.4666666666666666,0.0,0.13714285714285715
2025-09-21,NYM,WSN,5.0,2.0,3.0,6.4,4.0,4.5,5.5,5.55,5.95,4.0,8.2,3.7,6.9,4.4,5.65,2025-09-21,Clay Holmes,0.17728778467908896,0.09299171842650099,0.19318250377073903,Jake Irvin,0.14621923165401424,0.08851046698872785,0.20377514191307294
2025-04-25,NYY,TOR,6.0,2.0,4.0,3.2,2.0,3.8,2.4,5.0,3.55,1.6,4.8,3.1,4.2,3.5,3.65,2025-04-25,Carlos Carrasco,0.1678415736310473,0.0709303561935141,0.17064772145417306,Jos\xc3\xa9 Berr\xc3\xados,0.20502939089895605,0.10648119995946077,0.19498029443510073
2025-04-27,NYY,TOR,13.0,11.0,2.0,3.4,2.8,3.6,2.3,4.5,3.6,1.8,5.0,2.9,4.3,3.3,3.65,2025-04-27,Max Fried,0.23104217122208123,0.0521183852518185,0.19316222784307885,Kevin Gausman,0.21061162348118864,0.046143540669856445,0.21855242318656948
2025-05-02,NYY,TBR,3.0,3.0,0.0,7.6,3.0,5.5,2.9,4.6,3.05,2.2,3.4,1.6,3.3,3.3,3.8,2025-05-02,Max Fried,0.22745596432552947,0.054325281803542645,0.18530625402965822,Ryan Pepiot,0.20892603698150922,0.09288005997001499,0.24645457938850993
2025-05-03,NYY,TBR,5.0,2.0,3.0,6.0,2.6,5.4,2.9,4.65,2.75,1.4,3.8,1.3,3.0,3.15,3.75,2025-05-03,Ryan Yarbrough,0.20615384615384613,0.04967032967032966,0.2840166369578134,Zack Littell,0.12698412698412698,0.05867195767195764,0.1442885036658707
2025-05-04,NYY,TBR,12.0,5.0,7.0,5.4,3.0,5.2,2.6,4.75,2.65,1.2,3.8,1.6,3.1,3.15,3.65,2025-05-04,Carlos Carrasco,0.1626315789473684,0.07380116959064327,0.2298525144824955,Taj Bradley,0.186037037037037,0.12261375661375658,0.19526115189158666
2025-05-05,NYY,SDP,7.0,3.0,4.0,5.8,3.6,5.5,3.0,4.8,2.85,5.4,2.4,3.2,2.7,3.85,2.55,2025-05-05,Carlos Rod\xc3\xb3n,0.33775201288244766,0.10920818955601559,0.25777349352930745,Nick Pivetta,0.3064688995215311,0.07376076555023921,0.25417624399264543
2025-05-06,NYY,SDP,15.0,12.0,3.0,3.4,3.8,5.3,3.3,4.55,2.85,4.8,2.2,3.4,3.0,3.95,2.65,2025-05-06,Clarke Schmidt,0.23504611330698286,0.1411067193675889,0.2992784992784993,Ryan Bergert,0.19444444444444442,0.0,0.037037037037037035
2025-05-16,NYY,NYM,8.0,6.0,2.0,8.6,4.4,6.8,3.9,6.15,3.4,3.4,3.2,4.1,3.3,5.25,3.6,2025-05-16,Carlos Rod\xc3\xb3n,0.31992753623188397,0.0674545663676098,0.28967569985011843,Tylor Megill,0.30998023715415013,0.0893280632411067,0.2338376145531001
2025-05-17,NYY,NYM,5.0,2.0,3.0,7.8,4.4,7.1,4.1,6.25,3.5,2.8,3.2,3.9,3.4,5.1,3.85,2025-05-17,Clarke Schmidt,0.22798418972332013,0.11075098814229248,0.2639165653119141,Griffin Canning,0.26542443064182186,0.07370600414078672,0.2655699505173189
2025-05-18,NYY,NYM,10.0,8.0,2.0,6.8,2.8,7.1,4.1,6.15,3.35,2.2,3.2,3.7,3.2,5.05,3.7,2025-05-18,Max Fried,0.19807407407407407,0.06748148148148145,0.17475542058845936,David Peterson,0.21096416626851408,0.05964835164835162,0.2364116369952236
2025-05-20,NYY,TEX,7.0,5.0,2.0,6.0,2.8,7.4,3.6,6.45,3.3,4.0,2.8,4.3,2.2,4.0,3.2,2025-05-20,Will Warren,0.3046601546601546,0.07223036223036221,0.23584815321477431,Patrick Corbin,0.19882677708764662,0.08190706234184493,0.20585254957408905
2025-05-21,NYY,TEX,7.0,4.0,3.0,4.8,2.2,7.6,3.4,6.45,3.35,2.8,3.2,4.4,2.5,4.05,3.35,2025-05-21,Ryan Yarbrough,0.10448717948717948,0.07669413919413917,0.21370981176078624,Jacob deGrom,0.3012121212121212,0.03666666666666666,0.3070173188396786
2025-05-22,NYY,TEX,1.0,1.0,0.0,5.0,2.4,6.8,3.4,6.55,3.3,3.2,4.0,3.7,2.6,3.45,3.45,2025-05-22,Carlos Rod\xc3\xb3n,0.28928571428571426,0.07076719576719573,0.30469401486843345,Nathan Eovaldi,0.29785902503293804,0.053392621870882694,0.2689285280901319
2025-06-03,NYY,CLE,5.0,3.0,2.0,3.6,6.2,4.4,4.0,5.6,3.7,4.8,4.8,4.1,3.8,3.55,3.75,2025-06-03,Carlos Rod\xc3\xb3n,0.31301013801013794,0.06461038961038959,0.334506689323965,Tanner Bibee,0.20260487338748204,0.049925465838509306,0.20511627906976743
2025-06-04,NYY,CLE,4.0,0.0,4.0,3.6,6.2,4.6,4.2,5.25,3.7,4.2,3.6,3.8,4.0,3.35,3.9,2025-06-04,Clarke Schmidt,0.23951063429324293,0.09422548466026724,0.25090606951839944,Luis Ortiz,0.23840316205533596,0.1202371541501976,0.28352677072530674
2025-06-05,NYY,CLE,4.0,4.0,0.0,3.4,7.0,4.4,4.3,4.9,3.35,3.6,2.8,3.5,4.0,3.5,3.55,2025-06-05,Max Fried,0.25994335776944466,0.045083612040133766,0.21665538942849866,Slade Cecconi,0.2587878787878788,0.0721212121212121,0.2942958008175399
2025-06-06,NYY,BOS,15.0,9.0,6.0,3.2,5.4,3.5,4.2,4.5,3.25,5.0,4.6,4.9,4.3,4.6,4.3,2025-06-06,Will Warren,0.3318984357027835,0.10776972624798711,0.3083822896083498,Walker Buehler,0.24352380952380953,0.0845079365079365,0.20087370854366182
2025-06-07,NYY,BOS,17.0,7.0,10.0,4.6,3.0,3.9,4.4,4.4,3.3,5.2,6.2,5.4,4.7,4.65,4.75,2025-06-07,Ryan Yarbrough,0.24722222222222218,0.05654761904761905,0.28647243350596613,Garrett Crochet,0.3363532763532763,0.04529100529100526,0.26772941056996047
2025-06-08,NYY,BOS,18.0,7.0,11.0,4.6,4.4,4.1,5.3,4.6,3.7,7.2,6.6,4.5,4.9,4.65,5.05,2025-06-08,Carlos Rod\xc3\xb3n,0.33288193288193285,0.06396936396936394,0.32651882279211464,Hunter Dobbins,0.19022120518688018,0.059415204678362546,0.17394632250702333
2025-06-17,NYY,LAA,4.0,0.0,4.0,4.0,2.2,4.7,4.2,4.65,4.2,4.0,5.6,5.1,5.8,4.2,4.85,2025-06-17,Will Warren,0.2846014492753623,0.13514492753623186,0.26076865324471343,Kyle Hendricks,0.14474888074888068,0.015407407407407389,0.15592559580080848
2025-06-18,NYY,LAA,5.0,2.0,3.0,2.0,2.6,4.7,4.2,4.55,4.25,3.4,4.8,4.8,5.2,3.9,4.6,2025-06-18,Ryan Yarbrough,0.25817460317460317,0.05619047619047618,0.3110598800424381,Jack Kochanowicz,0.19526399331662486,0.09697577276524641,0.2086766917293233
2025-06-19,NYY,LAA,10.0,7.0,3.0,1.2,2.6,4.5,4.5,4.0,4.35,2.8,4.2,4.2,4.3,3.7,4.5,2025-06-19,Carlos Rod\xc3\xb3n,0.2899766899766899,0.06981351981351977,0.29938582290163973,Tyler Anderson,0.14945454545454545,0.09633566433566432,0.2225192250813369
2025-06-20,NYY,BAL,8.0,3.0,5.0,2.4,3.2,4.3,4.2,4.1,4.3,5.8,4.6,5.1,3.8,4.4,3.45,2025-06-20,Max Fried,0.24741517741517738,0.042507122507122484,0.26571928071928064,Tomoyuki Sugano,0.1415151515151515,0.042090909090909054,0.13137805754696813
2025-06-21,NYY,BAL,9.0,9.0,0.0,2.4,3.4,3.9,3.7,4.0,4.5,4.6,4.8,5.3,3.6,4.45,3.3,2025-06-21,Clarke Schmidt,0.2624126984126984,0.06341125541125539,0.25181571308532574,Zach Eflin,0.16621341621341618,0.04902227402227398,0.17723155929038276
2025-06-22,NYY,BAL,6.0,4.0,2.0,4.2,3.0,4.1,2.6,4.3,4.4,4.4,5.2,4.3,4.4,4.35,3.7,2025-06-22,Will Warren,0.2980072463768116,0.1264492753623188,0.27047542776443023,Dean Kremer,0.20665995162562661,0.0682810472856239,0.1994850788891268
2025-06-27,NYY,ATH,3.0,3.0,0.0,4.8,2.8,3.6,3.0,4.5,3.55,1.8,5.2,2.7,5.4,3.9,5.1,2025-06-27,Will Warren,0.254951690821256,0.11626409017713361,0.2184630438635015,Sean Newcomb,0.18055555555555552,0.07777777777777777,0.13297619047619044
2025-06-28,NYY,ATH,7.0,0.0,7.0,4.8,1.8,3.6,2.6,4.3,3.4,1.4,5.0,2.4,5.5,3.75,4.75,2025-06-28,Clarke Schmidt,0.22788888888888886,0.061030303030303004,0.21331571308532576,JP Sears,0.18802371541501972,0.07624297898897439,0.2035164835164835
2025-06-29,NYY,ATH,17.0,12.0,5.0,3.0,3.2,3.6,3.1,4.15,3.65,2.8,4.4,2.8,5.4,4.05,4.45,2025-06-29,Marcus Stroman,0.14259259259259258,0.18333333333333326,0.2080610021786492,Luis Severino,0.10619047619047614,0.06538095238095235,0.11585139203348008
2025-07-08,NYY,SEA,13.0,10.0,3.0,6.2,8.2,5.5,7.0,4.55,5.0,2.6,1.0,2.9,3.0,4.8,3.1,2025-07-08,Will Warren,0.2728730158730158,0.0944338624338624,0.21788710907704037,Logan Gilbert,0.35734484432424934,0.04922196796338672,0.3248664828863187
2025-07-12,NYY,CHC,7.0,2.0,5.0,8.4,5.0,7.0,6.7,5.9,4.95,4.4,4.8,4.9,4.3,5.6,5.35,2025-07-12,Max Fried,0.23538808373590978,0.04890177133655392,0.23633219954648524,Matthew Boyd,0.255207949944792,0.0497975708502024,0.19252164502164498
2025-07-13,NYY,CHC,5.0,1.0,4.0,7.6,3.6,6.8,6.7,5.9,5.05,3.2,5.2,5.4,4.3,5.5,5.05,2025-07-13,Will Warren,0.2695603864734299,0.10230135725787896,0.2061753973653287,Drew Pomeranz,0.30666666666666664,0.15,0.21301587301587302
2025-07-25,NYY,PHI,17.0,5.0,12.0,5.2,5.4,5.2,4.9,5.7,6.1,4.4,4.2,4.5,3.7,4.45,3.2,2025-07-25,Will Warren,0.1973381642512077,0.1458198757763975,0.18756749405464215,Taijuan Walker,0.17444444444444446,0.10333333333333332,0.1595502536679007
2025-07-26,NYY,PHI,13.0,4.0,9.0,3.8,6.0,4.8,5.5,5.95,6.35,6.4,5.0,5.6,3.9,5.0,3.35,2025-07-26,Marcus Stroman,0.12998173959272355,0.11380625476735315,0.1625046635990548,Ranger Suarez,0.23441928441928442,0.09288674288674284,0.20540925544936064
2025-07-27,NYY,PHI,7.0,4.0,3.0,3.8,7.4,4.1,6.4,5.55,6.55,7.2,4.6,6.2,3.9,4.8,3.55,2025-07-27,Carlos Rod\xc3\xb3n,0.19908775770844728,0.10345739828498446,0.2413285121563457,Zack Wheeler,0.34520146520146516,0.03269230769230768,0.2975304189873248
2025-07-29,NYY,TBR,12.0,7.0,5.0,3.8,7.2,4.4,6.2,5.4,6.05,3.6,5.6,4.3,4.8,3.75,4.45,2025-07-29,Max Fried,0.16216871051653653,0.0904972129319955,0.21368510688278128,Joe Boyle,0.2411048454469507,0.08631996658312446,0.28650291737248257
2025-07-31,NYY,TBR,11.0,7.0,4.0,4.4,6.6,4.8,6.0,5.3,5.75,2.8,4.8,3.7,5.4,3.7,4.55,2025-07-31,Marcus Stroman,0.1477595173705013,0.08713958810068648,0.16544584006964308,Ryan Pepiot,0.26,0.09833333333333331,0.23440137760969032
2025-08-10,NYY,HOU,8.0,1.0,7.0,2.2,3.4,4.3,4.6,4.2,5.5,4.8,4.4,4.5,4.3,4.0,4.8,2025-08-10,Max Fried,0.2114440728353771,0.10392072339898421,0.2479846237909938,Jason Alexander,0.19274534161490683,0.09460041407867492,0.22303988853486695
2025-08-11,NYY,MIN,8.0,6.0,2.0,2.4,4.4,4.0,5.0,4.15,5.6,5.4,3.8,4.7,5.3,4.3,5.2,2025-08-11,Will Warren,0.19035409035409032,0.11831501831501826,0.20135879498329867,Zebby Matthews,0.2604761904761904,0.0476190476190476,0.2368574515345868
2025-08-13,NYY,MIN,5.0,1.0,4.0,4.8,3.2,4.6,4.4,4.7,5.2,4.2,5.0,4.0,5.6,4.2,5.55,2025-08-13,Cam Schlittler,0.21837474120082812,0.10657349896480328,0.19895255591723462,Joe Ryan,0.26289771860481237,0.03521080368906454,0.21360861262707903
2025-08-21,NYY,BOS,9.0,3.0,6.0,7.6,4.4,6.2,3.8,5.3,4.95,3.2,4.2,5.1,4.4,5.65,3.8,2025-08-21,Luis Gil,0.22535885167464112,0.13532695374800632,0.22237260946938364,Lucas Giolito,0.13312263564895138,0.0884611957243536,0.20951737018111677
2025-08-22,NYY,BOS,1.0,0.0,1.0,8.0,4.8,6.2,4.2,5.2,4.65,4.2,4.0,5.4,4.0,5.85,3.7,2025-08-22,Max Fried,0.2188205128205128,0.07791737891737885,0.24551284720157018,Brayan Bello,0.18290476190476188,0.07723809523809522,0.2038571428571428
2025-08-23,NYY,BOS,13.0,1.0,12.0,7.2,4.4,5.7,3.9,5.0,4.25,4.0,3.8,4.5,3.8,5.7,3.6,2025-08-23,Paul Blackburn,0.1449346405228758,0.06029411764705882,0.14752941176470585,Jordan Hicks,0.2471428571428571,0.11857142857142855,0.24609890109890106
2025-08-24,NYY,BOS,9.0,7.0,2.0,5.0,5.2,5.7,4.4,4.85,4.7,5.0,3.0,5.5,3.3,6.1,3.5,2025-08-24,Carlos Rod\xc3\xb3n,0.267991718426501,0.12392546583850927,0.2969757250763997,Walker Buehler,0.1298595317725752,0.15633444816053507,0.17656743484728074
2025-08-25,NYY,WSN,15.0,10.0,5.0,4.8,4.8,5.8,4.4,5.1,4.6,5.0,4.0,4.2,4.7,4.15,5.65,2025-08-25,Cam Schlittler,0.2594311866623079,0.10096981584395767,0.23787249058185012,Brad Lord,0.1816259489302967,0.0729413388543823,0.19697465120253724
2025-08-26,NYY,WSN,6.0,5.0,1.0,4.2,5.2,5.9,4.8,5.25,4.6,5.0,5.2,4.4,5.5,4.25,5.45,2025-08-26,Luis Gil,0.20026913875598085,0.15357854864433806,0.19708248740506804,MacKenzie Gore,0.21869696969696967,0.07964502164502163,0.23629634250306694
2025-08-27,NYY,WSN,13.0,11.0,2.0,4.6,4.2,6.3,4.5,5.15,4.45,3.4,5.6,4.3,5.4,3.95,4.9,2025-08-27,Max Fried,0.25407692307692303,0.0798404558404558,0.2961700767263427,Cade Cavalli,0.1939885772122614,0.06226503759398495,0.24198944070206524
2025-09-05,NYY,TOR,8.0,1.0,7.0,6.8,3.6,7.7,3.2,6.7,3.8,7.6,6.2,6.7,6.2,5.7,4.85,2025-09-05,Ryan Yarbrough,0.19928571428571426,0.06619047619047617,0.25561633165534137,Kevin Gausman,0.24186731786731785,0.04955474155474153,0.21695133536632497
2025-09-06,NYY,TOR,4.0,3.0,1.0,5.0,4.6,7.1,3.7,6.45,4.05,8.8,5.6,7.1,5.8,5.8,4.85,2025-09-06,Luis Gil,0.23298418972332016,0.132931488801054,0.22838411588411586,Chris Bassitt,0.23254545454545456,0.11154545454545454,0.2289654686398872
2025-09-07,NYY,TOR,7.0,4.0,3.0,5.2,4.2,6.4,3.3,6.15,4.05,7.4,5.4,6.2,5.7,5.8,4.8,2025-09-07,Max Fried,0.21327838827838824,0.07783882783882781,0.2608195087670791,Max Scherzer,0.1474953548866592,0.0641799826582435,0.18230503978779838
2025-09-09,NYY,DET,14.0,2.0,12.0,4.6,4.6,6.3,3.5,6.3,4.0,5.2,5.4,4.5,5.0,5.05,4.5,2025-09-09,Paul Blackburn,0.23412452700378394,0.0328173374613003,0.1808001890582535,Casey Mize,0.2082597798844938,0.056795902800479435,0.19032668516502882
2025-09-10,NYY,DET,12.0,1.0,11.0,3.6,5.4,5.4,4.5,6.2,4.45,6.6,3.4,5.7,4.5,5.6,4.6,2025-09-10,Carlos Rod\xc3\xb3n,0.17127272727272727,0.10945454545454543,0.22396091855655395,Jack Flaherty,0.20768831168831164,0.05518614718614716,0.22370537674885496
2025-09-11,NYY,DET,12.0,9.0,3.0,2.2,6.8,4.5,5.2,5.65,4.6,7.6,3.2,6.3,4.3,5.8,4.65,2025-09-11,Ryan Yarbrough,0.16419799498746862,0.056666666666666664,0.22110489714390685,Tyler Holton,0.14666666666666672,0.11666666666666665,0.3194444444444444
2025-09-23,NYY,CHW,5.0,3.0,2.0,7.0,3.8,5.7,3.9,5.1,4.55,3.4,4.8,2.6,3.9,4.25,4.25,2025-09-23,Luis Gil,0.16413043478260864,0.1369565217391304,0.20156697638404947,Tyler Gilbert,0.7333333333333333,0.0,0.45999999999999996
2025-09-24,NYY,CHW,9.0,8.0,1.0,5.6,2.4,5.1,3.8,4.75,4.55,2.4,3.8,2.3,4.1,4.2,4.3,2025-09-24,Max Fried,0.2605934065934065,0.06734065934065933,0.2912139062139062,Tyler Alexander,0.18151515151515152,0.03333333333333332,0.13420060331825034
2025-09-25,NYY,CHW,8.0,5.0,3.0,5.2,1.6,5.5,3.8,5.05,4.45,2.4,4.8,2.4,4.5,3.95,4.45,2025-09-25,Carlos Rod\xc3\xb3n,0.19962541806020068,0.056387959866220715,0.26127508211522593,Tyler Gilbert,0.6666666666666666,0.0,0.48
2025-09-26,NYY,BAL,12.0,8.0,4.0,4.8,2.2,5.5,3.8,4.95,4.55,3.8,3.8,3.6,4.6,3.55,4.55,2025-09-26,Will Warren,0.16489153485720984,0.05127408823060995,0.21911177228796036,Trevor Rogers,0.2739593739593739,0.08517316017316015,0.27347669739239194
2025-09-27,NYY,BAL,7.0,6.0,1.0,6.0,2.2,5.9,3.6,5.0,4.35,3.8,5.0,3.8,4.3,3.65,4.3,2025-09-27,Paul Blackburn,0.3504761904761905,0.04857142857142856,0.23034830666409611,Tomoyuki Sugano,0.17394796380090496,0.03714932126696832,0.19636363636363635
2025-04-29,PHI,WSN,13.0,7.0,6.0,5.2,5.6,5.3,5.9,4.3,4.65,3.8,6.8,4.6,5.3,4.45,5.2,2025-04-29,Zack Wheeler,0.33118518518518514,0.04622222222222222,0.3220554490521194,MacKenzie Gore,0.32722965440356744,0.07087115782767954,0.291575251668225
2025-04-30,PHI,WSN,9.0,7.0,2.0,4.4,4.8,5.6,5.5,4.4,4.9,4.8,7.8,4.0,4.9,4.45,5.35,2025-04-30,Cristopher S\xc3\xa1nchez,0.2807912087912087,0.08507292707292706,0.3056126643460524,Jake Irvin,0.23916322646757432,0.048498316498316485,0.21700985802915537
2025-05-01,PHI,WSN,6.0,2.0,4.0,5.0,4.2,5.7,5.3,4.6,4.95,4.2,8.4,3.9,5.4,4.15,5.6,2025-05-01,Taijuan Walker,0.18877005347593578,0.10427807486631013,0.19069920122551698,Brad Lord,0.13653846153846155,0.08410256410256409,0.20390814402442303
2025-05-02,PHI,ARI,5.0,3.0,2.0,5.2,4.0,5.5,4.6,4.55,5.05,3.8,5.0,4.9,5.1,4.8,4.45,2025-05-02,Jes\xc3\xbas Luzardo,0.2434800781427468,0.06754413702239788,0.28377529902837695,Merrill Kelly,0.21732542819499337,0.07054018445322789,0.19275184275184273
2025-05-03,PHI,ARI,9.0,7.0,2.0,5.8,3.6,5.2,4.4,4.65,5.0,3.8,4.0,4.5,5.2,4.6,4.4,2025-05-03,Aaron Nola,0.22763003663003661,0.09362271062271058,0.25194053210301387,Brandon Pfaadt,0.19491969383273727,0.0431216931216931,0.22270092226613963
2025-05-12,PHI,STL,5.0,2.0,3.0,5.0,2.2,5.1,2.7,5.2,4.3,5.4,0.8,4.8,3.4,4.75,3.7,2025-05-12,Cristopher S\xc3\xa1nchez,0.24278330365286882,0.11225079268557525,0.2628509109960637,Matthew Liberatore,0.23545600936905284,0.05538720538720536,0.23730682839173403
2025-05-14,PHI,STL,3.0,2.0,1.0,3.8,2.0,4.6,2.4,5.1,3.95,5.6,1.0,5.0,2.7,4.7,3.45,2025-05-14,Taijuan Walker,0.27204278074866306,0.09191443850267378,0.1630308974702567,Sonny Gray,0.22529072216028734,0.07233481976960235,0.19775531410469815
2025-05-17,PHI,PIT,7.0,5.0,2.0,4.4,4.4,5.1,3.5,5.15,3.95,3.2,3.4,2.3,3.6,2.5,4.4,2025-05-17,Zack Wheeler,0.36285185185185187,0.0394074074074074,0.2854383991358781,Joey Wentz,0.09523809523809522,0.11746031746031745,0.12287449392712546
2025-05-29,PHI,ATL,9.0,5.0,4.0,4.2,2.6,5.1,2.6,4.85,2.95,2.8,3.0,4.3,3.5,3.65,3.4,2025-05-29,Zack Wheeler,0.311994708994709,0.04893121693121692,0.23380429094714805,Chris Sale,0.31838013838013834,0.05217745217745214,0.3396047114497973
2025-05-30,PHI,MIL,8.0,2.0,6.0,3.6,4.2,4.6,3.3,4.75,3.4,4.6,3.2,4.2,3.7,3.35,3.6,2025-05-30,Taijuan Walker,0.24902155644866641,0.07920643039824624,0.1325640670034262,Quinn Priester,0.17354463524540248,0.10225611983923999,0.20482742003698076
2025-05-31,PHI,MIL,24.0,7.0,17.0,3.2,4.8,4.7,3.9,4.45,3.5,4.8,3.2,3.9,3.4,3.55,3.4,2025-05-31,Jes\xc3\xbas Luzardo,0.2786997039114851,0.0727446885876058,0.27082223276522754,Tyler Alexander,0.19047619047619047,0.0,0.09454545454545454
2025-06-01,PHI,MIL,7.0,2.0,5.0,3.8,7.2,4.5,5.3,4.45,4.35,6.6,3.6,5.6,3.8,4.2,3.75,2025-06-01,Ranger Suarez,0.24744158140709863,0.0792427687255273,0.1991515837104072,Jose Quintana,0.1899538866930171,0.09463109354413698,0.17673083342605983
2025-06-10,PHI,CHC,12.0,4.0,8.0,1.6,4.0,3.0,6.0,3.9,4.3,2.8,2.2,3.5,2.4,5.75,3.15,2025-06-10,Taijuan Walker,0.1726293995859213,0.12167701863354037,0.1767145135566188,Colin Rea,0.1482222222222222,0.08390572390572389,0.16247252747252744
2025-06-11,PHI,CHC,9.0,7.0,2.0,2.2,5.2,3.1,5.9,3.85,4.6,4.4,2.6,4.1,2.7,5.5,3.2,2025-06-11,Jes\xc3\xbas Luzardo,0.25292192613370734,0.09566256298374105,0.2254567235699311,Drew Pomeranz,0.16666666666666666,0.0,0.2783333333333333
2025-06-13,PHI,TOR,8.0,8.0,0.0,3.4,3.8,3.6,5.5,4.15,4.7,5.8,5.0,5.9,4.6,5.25,3.75,2025-06-13,Taijuan Walker,0.18405797101449275,0.1073913043478261,0.22519936204146726,Kevin Gausman,0.2625331564986737,0.041666666666666664,0.2484929177344696
2025-06-14,PHI,TOR,5.0,3.0,2.0,4.2,2.8,3.7,3.8,4.1,4.55,4.6,5.8,5.1,4.7,5.1,4.15,2025-06-14,Cristopher S\xc3\xa1nchez,0.24556219143175664,0.08714190157668415,0.28019075657463777,Bowden Francis,0.20488338493292052,0.13848710010319915,0.2606578947368421
2025-06-15,PHI,TOR,15.0,11.0,4.0,4.6,2.8,3.8,3.5,3.9,4.45,4.0,5.6,4.5,4.6,4.5,4.3,2025-06-15,Zack Wheeler,0.29601242236024844,0.08355279503105588,0.23989885427855348,Jos\xc3\xa9 Berr\xc3\xados,0.19409490348620778,0.0689372398937616,0.21855676238654959
2025-06-21,PHI,NYM,15.0,4.0,11.0,4.8,3.0,5.7,3.1,4.35,4.55,1.4,7.8,4.2,5.5,4.45,4.3,2025-06-21,Taijuan Walker,0.15666666666666668,0.08,0.24199134199134198,Griffin Canning,0.16571220541472254,0.16620652421567747,0.16479377799994085
2025-06-22,PHI,NYM,8.0,7.0,1.0,4.6,4.8,5.7,3.4,4.4,4.65,2.8,7.0,4.5,5.8,4.85,4.45,2025-06-22,Jes\xc3\xbas Luzardo,0.24181081502259621,0.08809412498052047,0.24244278628770113,David Peterson,0.19466205837173575,0.058333333333333307,0.23145660249915564
2025-07-02,PHI,SDP,10.0,4.0,6.0,4.2,1.8,4.2,2.6,4.5,2.85,2.0,3.8,3.3,4.1,4.0,4.15,2025-07-02,Taijuan Walker,0.18888888888888888,0.04444444444444444,0.2510822510822511,Nick Pivetta,0.25661490683229815,0.052772256728778444,0.23267798302793002
2025-07-04,PHI,CIN,15.0,6.0,9.0,3.2,2.8,3.7,2.0,4.7,2.7,4.8,6.0,4.4,4.6,5.3,4.85,2025-07-04,Jes\xc3\xbas Luzardo,0.2617149758454106,0.08997584541062799,0.2928673243133173,Andrew Abbott,0.17420678246484692,0.03081058726220014,0.21275899703882567
2025-07-05,PHI,CIN,6.0,5.0,1.0,4.2,3.4,3.6,2.8,4.65,3.05,5.8,6.0,5.2,4.6,5.1,5.1,2025-07-05,Ranger Suarez,0.25954415954415955,0.05327635327635322,0.2251219268388986,Nick Lodolo,0.22871363930187455,0.05558069381598792,0.23627768128528004
2025-07-19,PHI,LAA,14.0,9.0,5.0,5.2,3.2,4.4,3.4,4.05,2.7,5.4,6.2,5.2,6.1,5.6,5.55,2025-07-19,Taijuan Walker,0.13444444444444445,0.09333333333333332,0.14778554778554776,Yusei Kikuchi,0.2963210702341137,0.05008361204013374,0.2592201257861635
2025-07-20,PHI,LAA,10.0,2.0,8.0,4.4,4.2,4.7,3.0,4.15,2.9,5.6,5.8,5.2,6.9,5.7,5.9,2025-07-20,Ranger Suarez,0.26518851518851516,0.07750212750212745,0.2472697205656397,Jos\xc3\xa9 Soriano,0.23323813029076185,0.13327493559072506,0.2929781781049589
2025-07-22,PHI,BOS,5.0,4.0,1.0,4.4,5.0,4.4,3.7,4.25,3.25,2.4,2.4,5.0,2.6,5.95,3.6,2025-07-22,Cristopher S\xc3\xa1nchez,0.25541050903119866,0.026896551724137917,0.2692801830832819,Richard Fitts,0.1712121212121212,0.07575757575757572,0.22584231805929916
2025-08-01,PHI,DET,9.0,5.0,4.0,4.6,5.2,5.5,5.1,4.95,4.0,7.0,3.0,4.7,4.9,3.85,5.05,2025-08-01,Ranger Suarez,0.2441058941058941,0.08576423576423572,0.2266858511940415,Jack Flaherty,0.34225274725274724,0.08840659340659338,0.27843447693871626
2025-08-02,PHI,DET,12.0,5.0,7.0,3.8,5.2,5.5,4.9,4.95,4.15,7.6,2.8,5.1,5.1,4.0,5.3,2025-08-02,Zack Wheeler,0.34007326007326005,0.02307692307692306,0.3282729287571903,Tarik Skubal,0.39399585921325053,0.052743271221532086,0.3341392727673702
2025-08-03,PHI,DET,2.0,2.0,0.0,4.2,5.8,5.1,5.1,4.9,4.05,7.0,3.0,5.3,4.8,4.1,5.5,2025-08-03,Cristopher S\xc3\xa1nchez,0.24830605434609881,0.03403940886699506,0.283471030560108,Charlie Morton,0.17304910670427906,0.09486792135067994,0.21112948823121092
2025-08-04,PHI,BAL,16.0,13.0,3.0,4.2,4.6,5.1,4.3,4.75,4.0,3.6,4.0,7.3,3.5,5.1,4.7,2025-08-04,Jes\xc3\xbas Luzardo,0.2697086247086247,0.11966200466200463,0.2642934308705751,Cade Povich,0.28050724637681157,0.08275362318840576,0.22903272731904756
2025-08-05,PHI,BAL,5.0,5.0,0.0,5.6,4.6,6.0,4.5,5.25,4.1,3.6,6.2,7.1,4.2,5.0,5.25,2025-08-05,Taijuan Walker,0.12830917874396133,0.05888888888888888,0.09713423831070887,Dean Kremer,0.21334265734265728,0.0737342657342657,0.2112330567447104
2025-08-06,PHI,BAL,6.0,1.0,5.0,6.0,2.8,5.3,4.0,5.45,3.95,2.0,5.4,5.3,4.7,5.0,5.2,2025-08-06,Ranger Suarez,0.22256743256743255,0.07807192807192805,0.21083219265745612,Trevor Rogers,0.24234099234099232,0.057808857808857785,0.22904532073038694
2025-08-18,PHI,SEA,19.0,12.0,7.0,3.8,4.8,4.0,3.6,4.25,3.85,4.2,5.6,4.6,4.3,4.45,3.65,2025-08-18,Ranger Suarez,0.17516483516483514,0.05274725274725271,0.15030468340814235,Logan Gilbert,0.3252077922077922,0.07327272727272725,0.29397602397602396
2025-08-19,PHI,SEA,10.0,6.0,4.0,6.2,4.6,4.3,4.2,4.7,4.0,5.0,7.2,4.5,4.9,4.6,4.15,2025-08-19,Cristopher S\xc3\xa1nchez,0.2486667970516691,0.02973171655930274,0.2685340022296544,Bryce Miller,0.13244393592677345,0.08522196796338673,0.18632559339525284
2025-08-22,PHI,WSN,9.0,4.0,5.0,8.0,4.8,5.3,4.4,5.15,3.85,5.2,5.2,4.8,5.6,4.2,6.65,2025-08-22,Taijuan Walker,0.1006728151075977,0.0228148148148148,0.13706853110409875,Cade Cavalli,0.2110323886639676,0.05921052631578946,0.25462537671839997
2025-08-23,PHI,WSN,10.0,6.0,4.0,8.8,5.4,5.3,4.8,5.2,3.65,5.8,6.0,4.9,5.3,4.4,6.4,2025-08-23,Aaron Nola,0.23304347826086952,0.05608695652173908,0.21748498676464778,Mitchell Parker,0.11935403726708071,0.11681223124701383,0.16018714983245871
2025-08-24,PHI,WSN,5.0,3.0,2.0,7.8,4.4,5.8,4.6,5.25,3.65,4.8,5.0,4.8,5.1,4.15,5.9,2025-08-24,Ranger Suarez,0.2243956043956044,0.021978021978021962,0.19544210412695842,Jake Irvin,0.10713353313353309,0.07683982683982682,0.15368428766855574
2025-08-28,PHI,ATL,23.0,19.0,4.0,3.4,6.2,6.1,5.8,4.55,4.5,6.0,3.4,6.3,5.6,6.3,4.9,2025-08-28,Aaron Nola,0.23104347826086952,0.055753623188405765,0.2306375291375291,Cal Quantrill,0.10338095238095238,0.09519047619047619,0.1746667458557702
2025-08-29,PHI,ATL,3.0,2.0,1.0,6.0,6.2,6.9,5.3,5.45,4.45,6.4,5.4,6.2,7.1,6.1,5.55,2025-08-29,Ranger Suarez,0.2545238095238095,0.01428571428571428,0.1936454138196298,Bryce Elder,0.18337606837606835,0.0715327635327635,0.19353275417699095
2025-08-31,PHI,ATL,4.0,1.0,3.0,5.8,6.0,5.9,4.7,5.1,4.45,5.8,5.2,5.4,6.0,6.1,5.4,2025-08-31,Jes\xc3\xbas Luzardo,0.30610766045548654,0.061904761904761886,0.30295849877103426,Hurston Waldrep,0.2154150197628458,0.0624835309617918,0.22638282241367796
2025-09-08,PHI,NYM,1.0,1.0,0.0,4.4,3.2,5.4,3.8,5.75,4.6,4.8,4.8,6.6,6.4,6.85,5.15,2025-09-08,Aaron Nola,0.20133333333333328,0.07133333333333329,0.22295437895437895,Nolan McLean,0.29033910533910534,0.08170995670995668,0.25094279033001776
2025-09-09,PHI,NYM,12.0,9.0,3.0,4.0,2.0,5.5,3.2,5.8,4.5,2.4,4.0,6.2,5.8,6.5,5.05,2025-09-09,Ranger Suarez,0.24248654244306417,0.03898136645962732,0.2098258697418361,Sean Manaea,0.3278073642604535,0.04778656126482213,0.2630467715907554
2025-09-10,PHI,NYM,14.0,11.0,3.0,5.4,2.6,4.5,3.1,5.7,4.2,2.6,4.6,4.6,5.8,6.25,5.45,2025-09-10,Cristopher S\xc3\xa1nchez,0.26509401709401703,0.052444444444444425,0.2854641360638362,Clay Holmes,0.1852380952380952,0.11309523809523807,0.19126847576975448
2025-09-11,PHI,NYM,10.0,6.0,4.0,5.8,2.6,5.4,3.3,5.65,4.0,2.2,6.0,4.1,5.8,6.2,5.75,2025-09-11,Jes\xc3\xbas Luzardo,0.34264612199394806,0.09303631151457237,0.3008833646028768,David Peterson,0.23071057482822183,0.1318040891570303,0.24424355661564962
2025-09-12,PHI,KCR,10.0,8.0,2.0,6.2,3.0,5.9,3.4,5.65,4.0,1.8,4.6,3.0,3.8,3.8,4.2,2025-09-12,Walker Buehler,0.13507692307692304,0.13285618729096987,0.18926584754569345,Michael Lorenzen,0.2293697811140266,0.04974887346242844,0.23401593772715962
2025-09-13,PHI,KCR,14.0,8.0,6.0,7.0,2.4,5.7,2.8,5.5,4.0,2.0,5.2,3.1,4.1,3.6,4.4,2025-09-13,Taijuan Walker,0.12896825396825395,0.08981481481481476,0.13053743568861145,Ryan Bergert,0.2182741552878852,0.09054534329133868,0.2252271640363462
2025-09-14,PHI,KCR,13.0,3.0,10.0,8.4,3.6,6.2,2.8,5.7,4.05,2.8,4.8,3.4,4.5,3.65,4.45,2025-09-14,Aaron Nola,0.2483030303030303,0.08118181818181816,0.24022710622710625,Noah Cameron,0.17438431134083304,0.09284584980237151,0.22595607235142118
2025-09-24,PHI,MIA,12.0,11.0,1.0,4.4,5.2,5.8,5.1,5.15,4.1,6.2,4.2,5.7,3.5,5.3,5.6,2025-09-24,Jes\xc3\xbas Luzardo,0.28431278866061466,0.0751791686574295,0.27168401819764804,Ryan Weathers,0.17746656851920006,0.07959207459207455,0.27254341084128314
2025-09-25,PHI,MIA,1.0,1.0,0.0,4.8,4.2,5.8,4.9,5.6,4.1,5.2,5.4,5.3,3.9,4.9,5.2,2025-09-25,Taijuan Walker,0.09949965493443752,0.061473429951690785,0.15933616448734028,Janson Junk,0.16746695333651848,0.04092212135690394,0.16777583723994233
2025-09-26,PHI,MIN,4.0,3.0,1.0,5.0,3.2,5.3,4.5,5.6,3.95,3.2,3.0,3.9,4.7,4.4,5.45,2025-09-26,Aaron Nola,0.21876456876456873,0.08420745920745917,0.22595238095238096,Michael King,0.3071428571428571,0.04,0.10277777777777777
2025-09-27,PHI,MIN,5.0,0.0,5.0,4.0,3.0,4.8,4.4,5.25,3.6,3.4,2.0,3.3,5.0,4.3,5.4,2025-09-27,Ranger Suarez,0.2211861761426978,0.07817550565376649,0.1988474618241287,Mick Abel,0.17852941176470588,0.1610294117647059,0.23811161686255095
2025-04-29,PIT,CHC,9.0,0.0,9.0,3.0,4.2,3.8,3.8,3.8,4.4,6.8,5.8,6.0,4.8,6.85,4.45,2025-04-29,Andrew Heaney,0.2648194156889809,0.04908442604094776,0.23896754408382312,Shota Imanaga,0.20795743387047733,0.06735299483125569,0.2332002376708259
2025-05-01,PIT,CHC,11.0,3.0,8.0,2.6,5.8,3.5,4.9,3.6,4.45,5.4,4.0,5.6,4.9,6.25,4.0,2025-05-01,Joey Wentz,0.09714285714285714,0.11666666666666665,0.16666666666666669,Colin Rea,0.23249999999999998,0.0325,0.23293906810035842
2025-05-02,PIT,SDP,13.0,4.0,9.0,2.6,7.4,3.1,4.7,3.55,4.35,3.0,3.2,2.6,3.3,3.95,3.35,2025-05-02,Mitch Keller,0.17393939393939392,0.08040404040404038,0.16448202959830865,Dylan Cease,0.2478353096179183,0.07829380764163368,0.28083029511317636
2025-05-03,PIT,SDP,3.0,1.0,2.0,2.6,7.6,3.5,5.3,3.35,4.6,4.8,3.8,3.3,3.4,4.0,3.2,2025-05-03,Bailey Falter,0.18335769090244788,0.0845341614906832,0.19236735797711407,Randy V\xc3\xa1squez,0.06968253968253965,0.15666666666666662,0.13367408585055643
2025-05-09,PIT,ATL,5.0,3.0,2.0,1.0,3.8,1.8,5.7,2.7,4.45,3.0,3.8,4.2,3.4,4.4,4.05,2025-05-09,Bailey Falter,0.18335769090244788,0.09120082815734987,0.1445986590456244,Bryce Elder,0.1609120879120879,0.08404761904761904,0.15996512258784346
2025-05-11,PIT,ATL,7.0,4.0,3.0,1.4,3.8,1.9,5.0,2.85,4.4,3.2,4.0,3.6,3.5,4.35,3.8,2025-05-11,Joey Wentz,0.06666666666666667,0.15555555555555553,0.13954116059379212,Chris Sale,0.32415584415584414,0.08701298701298697,0.28090751877758563
2025-05-19,PIT,CIN,8.0,1.0,7.0,2.2,3.2,2.2,3.2,2.3,4.5,4.2,2.2,3.8,3.6,4.3,4.05,2025-05-19,Mitch Keller,0.20568583268583263,0.06499948199948195,0.1794316444546738,Nick Lodolo,0.22277858093285857,0.05295450785773363,0.21147677443329616
2025-05-20,PIT,CIN,1.0,1.0,0.0,2.2,4.2,2.2,3.7,2.2,4.85,5.2,1.6,4.5,3.3,4.25,3.75,2025-05-20,Bailey Falter,0.18878167867937684,0.11106331860807561,0.13138465650895478,Nick Martinez,0.18114928549711154,0.035573122529644265,0.21537719763526214
2025-05-21,PIT,CIN,4.0,3.0,1.0,1.6,4.2,2.3,3.2,2.05,4.45,3.8,1.6,4.1,3.1,3.95,3.6,2025-05-21,Andrew Heaney,0.15026877470355732,0.11462676453980798,0.17728517980618821,Brady Singer,0.1748246962377397,0.08340177133655392,0.1631705794205794
2025-05-24,PIT,MIL,3.0,2.0,1.0,2.0,3.4,2.4,3.6,2.35,4.0,4.6,4.0,3.6,3.7,3.15,4.25,2025-05-24,Mitch Keller,0.22007977207977208,0.0551509971509971,0.18143164445467377,Tyler Alexander,0.22380952380952376,0.0,0.1960839160839161
2025-05-25,PIT,MIL,11.0,5.0,6.0,2.4,3.4,2.3,3.3,2.25,3.9,4.8,3.0,3.3,3.7,2.9,4.15,2025-05-25,Bailey Falter,0.16329148260094548,0.11106331860807561,0.1354872206115189,Logan Henderson,0.38847117794486213,0.06850459482038426,0.23711361737677525
2025-06-05,PIT,HOU,10.0,2.0,8.0,2.8,2.4,4.0,3.1,3.2,3.35,1.8,4.0,3.5,4.1,3.6,3.85,2025-06-05,Mitch Keller,0.2057754242536851,0.056208968165489856,0.16615946982079702,Framber Valdez,0.26348768472906403,0.06893596059113298,0.26243958734044415
2025-06-07,PIT,PHI,3.0,2.0,1.0,2.8,4.2,4.0,3.6,3.35,3.65,3.2,4.8,3.5,6.0,4.55,5.0,2025-06-07,Andrew Heaney,0.11745454545454544,0.09527272727272726,0.15869943548514975,Taijuan Walker,0.3126293995859213,0.04167701863354036,0.19331530407045278
2025-06-08,PIT,PHI,3.0,2.0,1.0,2.4,3.2,4.2,3.2,3.25,3.7,3.0,4.2,3.4,6.2,4.25,4.4,2025-06-08,Braxton Ashcraft,0.3928571428571428,0.027777777777777766,0.1450617283950617,Cristopher S\xc3\xa1nchez,0.2428149386845039,0.09593311036789294,0.25498991090867584
2025-06-09,PIT,MIA,13.0,10.0,3.0,2.8,2.8,3.5,2.7,3.15,3.35,2.6,3.8,3.2,4.1,3.6,4.15,2025-06-09,Mike Burrows,0.1850877192982456,0.06842105263157894,0.2372485267222109,Janson Junk,0.3284493284493284,0.01587301587301587,0.28452935694315
2025-06-10,PIT,MIA,5.0,2.0,3.0,4.2,3.4,3.5,2.9,3.55,3.25,2.4,4.6,2.9,4.3,3.6,4.6,2025-06-10,Mitch Keller,0.19533586381412466,0.04027490223142394,0.16636189897059458,Sandy Alcantara,0.16895875139353397,0.10289679885332055,0.16925427530137366
2025-06-11,PIT,MIA,7.0,5.0,2.0,4.2,2.4,3.5,2.9,3.65,3.35,2.6,4.4,2.2,3.7,3.3,4.5,2025-06-11,Bailey Falter,0.10918300653594767,0.11604575163398692,0.10460923107929262,Cal Quantrill,0.18535087719298243,0.060438596491228035,0.19093857832988265
2025-06-20,PIT,TEX,8.0,2.0,6.0,2.6,4.6,3.4,3.5,3.7,3.65,2.0,3.6,5.3,3.3,4.15,2.85,2025-06-20,Braxton Ashcraft,0.2857142857142857,0.13333333333333333,0.16666666666666666,Jacob deGrom,0.23089328063241102,0.051478260869565196,0.23828519595109982
2025-06-21,PIT,TEX,5.0,2.0,3.0,2.0,5.4,3.1,3.7,3.55,3.65,2.6,3.8,5.4,3.5,4.4,2.85,2025-06-21,Mitch Keller,0.15126612517916863,0.0419254658385093,0.17539838312947553,Kumar Rocker,0.2261894807405643,0.06996665872826861,0.24804144646249907
2025-06-22,PIT,TEX,11.0,8.0,3.0,2.0,5.4,3.1,3.9,3.65,3.55,2.8,4.0,5.3,3.5,4.45,2.95,2025-06-22,Bailey Falter,0.10782828282828279,0.0763131313131313,0.1109002580599748,Jack Leiter,0.1914625335677967,0.12408975040553985,0.170822874941868
2025-06-27,PIT,NYM,10.0,9.0,1.0,4.0,4.6,3.0,5.0,3.25,4.05,3.6,4.0,3.2,5.5,4.55,4.55,2025-06-27,Mitch Keller,0.14672067063371408,0.06010728402032748,0.17691353464462706,David Peterson,0.18466205837173574,0.07404761904761901,0.23621850726106045
2025-06-28,PIT,NYM,11.0,9.0,2.0,5.4,4.2,3.7,4.8,3.5,3.8,3.6,4.4,3.3,5.5,4.35,4.85,2025-06-28,Bailey Falter,0.10749494949494949,0.0913131313131313,0.13835346282458058,Paul Blackburn,0.12835397316821462,0.06958204334365323,0.18358947182476593
2025-06-30,PIT,STL,7.0,7.0,0.0,7.0,3.4,5.4,4.2,4.4,3.8,4.2,3.4,4.9,3.5,4.7,3.85,2025-06-30,Andrew Heaney,0.18319217014869182,0.05335968379446639,0.1857116143070855,Erick Fedde,0.15666666666666662,0.10257142857142856,0.12958986011617585
2025-07-01,PIT,STL,1.0,1.0,0.0,7.8,1.6,5.9,3.3,4.65,3.4,4.2,3.2,4.4,3.8,4.45,4.2,2025-07-01,Paul Skenes,0.27136452241715403,0.09646003898635477,0.3048274044795784,Andre Pallante,0.1677087646652864,0.054322521279043,0.2413588822079388
2025-07-02,PIT,STL,5.0,5.0,0.0,7.6,0.8,5.8,2.7,4.45,3.2,4.2,2.8,3.8,3.8,4.35,4.2,2025-07-02,Mitch Keller,0.1743886548234374,0.051806888763410476,0.19203258226367467,Sonny Gray,0.28322751322751316,0.03704761904761904,0.27234632034632034
2025-07-18,PIT,CHW,11.0,1.0,10.0,2.6,4.6,2.1,4.0,3.95,3.35,2.8,5.0,3.4,4.7,3.25,4.2,2025-07-18,Bailey Falter,0.13466666666666666,0.08904761904761904,0.18900231551394336,Tyler Alexander,0.2109279609279609,0.07076923076923076,0.2381313131313131
2025-07-19,PIT,CHW,14.0,4.0,10.0,2.2,5.8,1.7,5.0,3.9,3.7,4.0,4.0,4.3,4.2,3.55,4.0,2025-07-19,Carmen Mlodzinski,0.23743589743589744,0.06262626262626261,0.282057202057202,Adrian Houser,0.13301679929266133,0.09120070733863835,0.17952380952380947
2025-07-20,PIT,CHW,9.0,2.0,7.0,2.4,7.0,2.1,5.4,3.7,4.05,5.2,3.2,4.9,4.1,3.7,4.15,2025-07-20,Andrew Heaney,0.13182980702162284,0.09421529876772841,0.13308809984341896,Aaron Civale,0.1158780541817376,0.10152130293859085,0.14318810274692625
2025-07-21,PIT,DET,3.0,3.0,0.0,2.6,8.0,2.3,6.0,3.55,4.2,2.8,6.0,3.0,5.2,4.35,4.55,2025-07-21,Braxton Ashcraft,0.16713286713286712,0.1,0.21247143660936763,Jack Flaherty,0.3063930187459599,0.11280327515621631,0.2780423467424245
2025-07-22,PIT,DET,13.0,8.0,5.0,2.4,5.6,2.6,5.9,3.55,3.75,1.4,3.6,2.9,5.5,3.8,4.5,2025-07-22,Mitch Keller,0.19755244755244752,0.04210789210789208,0.1421447028423772,Casey Mize,0.20049282440586785,0.027599715099715084,0.17444454103288515
2025-07-26,PIT,ARI,2.0,2.0,0.0,4.6,4.6,3.4,5.2,3.7,3.8,4.4,3.4,4.7,4.1,4.45,3.9,2025-07-26,Andrew Heaney,0.1231341548477098,0.08551964659381536,0.12987381412913324,Merrill Kelly,0.22355365839347527,0.10721117174206414,0.2041550304332259
2025-07-27,PIT,ARI,6.0,6.0,0.0,4.2,2.6,3.3,4.8,3.35,3.7,2.4,3.6,4.4,3.9,4.25,3.7,2025-07-27,Carmen Mlodzinski,0.28315018315018314,0.013333333333333319,0.27173390216868476,Zac Gallen,0.2418205128205128,0.04035897435897432,0.22592940685045945
2025-08-05,PIT,SFG,9.0,1.0,8.0,7.6,7.0,6.6,4.6,4.6,5.25,5.6,6.0,5.1,4.8,4.35,5.15,2025-08-05,Braxton Ashcraft,0.1657287157287157,0.17857142857142855,0.2816683316683316,Logan Webb,0.2224643172919034,0.07695149677908295,0.2257557657209225
2025-08-06,PIT,SFG,6.0,2.0,4.0,7.2,8.4,5.9,4.9,4.5,5.2,6.2,5.0,5.0,4.9,4.45,5.1,2025-08-06,Andrew Heaney,0.08778061949417444,0.06026712134129013,0.12937133042396196,Robbie Ray,0.19126715313671833,0.11953815749467919,0.2250246531361082
2025-08-07,PIT,CIN,7.0,7.0,0.0,4.4,5.8,5.5,5.2,4.45,5.2,2.8,3.0,3.3,3.0,3.95,3.25,2025-08-07,Paul Skenes,0.36316205533596835,0.035573122529644265,0.3489822461872151,Brady Singer,0.2599152731326644,0.05975027870680042,0.22611523430976316
2025-08-08,PIT,CIN,5.0,3.0,2.0,4.8,4.2,6.0,5.2,4.65,5.0,2.2,4.0,2.7,3.5,3.85,3.45,2025-08-08,Mitch Keller,0.18341658341658337,0.08271728271728265,0.19924120811115142,Chase Burns,0.4371794871794871,0.08707692307692307,0.33009037995092133
2025-08-09,PIT,CIN,3.0,1.0,2.0,3.6,3.6,5.7,5.4,4.75,5.0,2.2,3.8,2.7,3.7,3.75,3.45,2025-08-09,Carmen Mlodzinski,0.3146031746031746,0.02222222222222222,0.2232492997198879,Nick Martinez,0.17923960097873137,0.06292113683418028,0.17529121145609836
2025-08-10,PIT,CIN,22.0,8.0,14.0,2.8,3.2,5.2,5.1,4.6,4.5,2.0,3.6,2.7,3.3,3.65,3.4,2025-08-10,Mike Burrows,0.21521145521145515,0.11333999333999331,0.20422798699490424,Zack Littell,0.1717601364153088,0.07014652014652012,0.19682342502218275
2025-08-18,PIT,TOR,7.0,5.0,2.0,2.4,7.0,3.2,6.0,4.35,5.6,5.4,4.4,5.9,4.2,6.0,5.35,2025-08-18,Paul Skenes,0.30982872200263506,0.05557312252964427,0.2765890837940527,Kevin Gausman,0.2794232804232804,0.03974603174603173,0.23815997955532836
2025-08-19,PIT,TOR,10.0,3.0,7.0,3.4,4.6,3.0,6.2,4.5,5.7,5.6,4.6,4.1,4.6,5.8,5.55,2025-08-19,Mitch Keller,0.18813686313686312,0.11820679320679314,0.21749541922031965,Max Scherzer,0.2321123321123321,0.04000814000813998,0.21025835866261394
2025-08-22,PIT,COL,9.0,9.0,0.0,2.8,3.4,3.1,6.6,4.15,5.85,5.4,6.2,5.2,5.4,5.1,7.85,2025-08-22,Braxton Ashcraft,0.2158508158508158,0.013333333333333319,0.19922785547785543,Antonio Senzatela,0.10074282696708321,0.07744059144516809,0.1735042735042735
2025-08-23,PIT,COL,6.0,5.0,1.0,4.4,2.8,3.2,5.2,4.45,5.8,4.2,7.0,4.9,6.3,4.25,7.5,2025-08-23,Carmen Mlodzinski,0.2617460317460317,0.06222222222222222,0.20894660894660885,Kyle Freeland,0.13437037037037033,0.049925925925925894,0.17444966583124474
2025-09-02,PIT,LAD,16.0,9.0,7.0,3.8,3.0,5.1,2.6,4.1,4.6,3.4,3.4,4.3,3.1,4.8,3.6,2025-09-02,Carmen Mlodzinski,0.33725274725274723,0.08615384615384614,0.30386724386724384,Clayton Kershaw,0.1864578005115089,0.027391304347826086,0.1819870602892674
2025-09-03,PIT,LAD,3.0,3.0,0.0,5.2,4.2,5.1,3.3,4.15,4.25,3.6,4.6,4.1,3.5,4.7,4.0,2025-09-03,Braxton Ashcraft,0.27988400488400483,0.035357142857142844,0.24882460019655142,Emmet Sheehan,0.3072121212121212,0.0921818181818182,0.3029344465058751
2025-09-04,PIT,LAD,8.0,5.0,3.0,5.6,3.4,4.9,3.2,4.25,3.9,2.6,5.0,4.0,3.6,4.5,3.9,2025-09-04,Paul Skenes,0.2796666666666666,0.03633333333333333,0.2357535321821036,Blake Snell,0.30792730618817565,0.08686450425580856,0.34348539057841376
2025-09-05,PIT,MIL,7.0,2.0,5.0,5.8,3.6,5.0,3.5,4.5,3.35,4.4,4.8,5.1,4.8,5.05,4.55,2025-09-05,Carmen Mlodzinski,0.31225274725274726,0.11115384615384613,0.2872005772005772,Quinn Priester,0.15977355977355973,0.08118548118548115,0.21074314574314573
2025-09-06,PIT,MIL,5.0,1.0,4.0,4.2,4.0,4.6,3.3,4.35,3.0,4.6,5.0,4.9,4.5,4.7,4.4,2025-09-06,Mitch Keller,0.2523517786561265,0.0909683794466403,0.22067669172932325,Brandon Woodruff,0.25447619047619047,0.0899417989417989,0.24420552655894467
2025-09-07,PIT,MIL,12.0,2.0,10.0,4.0,3.8,3.9,3.4,4.25,3.1,4.6,3.6,4.4,3.8,4.4,4.05,2025-09-07,Bubba Chandler,0.1936507936507936,0.0222222222222222,0.23842850654444855,Jacob Misiorowski,0.3415036588798198,0.1361011820996341,0.23532119247393846
2025-09-15,PIT,CHC,4.0,0.0,4.0,3.4,4.8,3.7,4.3,4.4,3.45,4.6,3.0,4.0,3.7,4.55,4.15,2025-09-15,Braxton Ashcraft,0.27753968253968253,0.10392857142857141,0.22391617528812646,Jameson Taillon,0.15308726361357933,0.05709159261790838,0.13886454827631292
2025-09-16,PIT,CHC,5.0,1.0,4.0,3.0,3.6,2.8,4.0,3.95,3.65,4.2,2.8,4.3,3.2,4.6,4.05,2025-09-16,Carmen Mlodzinski,0.2543956043956044,0.15329670329670328,0.2866161616161616,Drew Pomeranz,0.37333333333333335,0.0,0.42000000000000004
2025-09-17,PIT,CHC,12.0,4.0,8.0,2.8,3.8,2.6,4.4,3.75,3.8,4.4,2.6,3.6,2.8,4.2,4.05,2025-09-17,Johan Oviedo,0.2628007518796992,0.10559774436090223,0.28928571428571426,Drew Pomeranz,0.4666666666666666,0.0,0.41714285714285715
2025-09-19,PIT,ATH,7.0,3.0,4.0,2.6,4.2,2.5,4.9,3.75,4.2,5.6,2.6,5.3,3.8,5.3,4.45,2025-09-19,Mitch Keller,0.2552305665349144,0.05778656126482211,0.20505952380952377,Luis Severino,0.2255731225296443,0.07316403162055334,0.19871781756180734
2025-09-20,PIT,ATH,2.0,2.0,0.0,2.2,4.8,2.6,4.8,3.6,4.05,5.8,3.2,4.0,3.7,5.3,4.05,2025-09-20,Braxton Ashcraft,0.2752005012531328,0.12498120300751876,0.22865102377297494,Luis Morales,0.22279465462074155,0.05240127987954074,0.2357587954680978
2025-09-21,PIT,ATH,11.0,11.0,0.0,2.0,4.0,2.7,4.4,3.3,3.9,3.6,2.6,3.7,3.5,4.9,4.0,2025-09-21,Carmen Mlodzinski,0.26978021978021977,0.10714285714285714,0.2704545454545454,Osvaldo Bido,0.24415584415584415,0.14857142857142858,0.25198968148151446
2025-04-26,SDP,TBR,5.0,1.0,4.0,1.8,3.0,3.5,3.0,3.9,3.2,1.0,3.2,3.7,3.3,3.8,3.75,2025-04-26,Dylan Cease,0.26934560710075584,0.06456383052492888,0.25017058937041414,Ryan Pepiot,0.2404644985199708,0.08057236766232266,0.2696554386795948
2025-04-27,SDP,TBR,6.0,2.0,4.0,1.4,3.4,3.0,3.4,3.6,3.4,1.2,2.2,3.7,2.9,3.7,3.75,2025-04-27,Randy V\xc3\xa1squez,0.08624568668046924,0.17240165631469975,0.14183347863993023,Zack Littell,0.1806204906204906,0.048671957671957644,0.17762183699920403
2025-04-29,SDP,SFG,11.0,7.0,4.0,1.0,3.0,2.2,3.4,3.45,3.5,3.2,2.6,3.1,3.5,3.9,3.75,2025-04-29,Nick Pivetta,0.26274595579858734,0.06466985645933013,0.25148048019290214,Logan Webb,0.32596618357487916,0.05555555555555554,0.25795760623089814
2025-05-13,SDP,LAA,10.0,6.0,4.0,9.0,7.8,6.9,5.0,4.7,4.3,4.6,5.2,4.3,5.7,3.5,6.05,2025-05-13,Dylan Cease,0.2630527009222662,0.09387351778656122,0.31293982425518035,Jos\xc3\xa9 Soriano,0.15932907672038102,0.10093674441500525,0.2318536112686708
2025-05-14,SDP,LAA,6.0,5.0,1.0,9.6,6.2,7.0,5.1,4.8,4.2,4.4,4.8,4.6,5.4,3.45,6.15,2025-05-14,Randy V\xc3\xa1squez,0.10260073260073255,0.12217582417582415,0.1596740858505564,Kyle Hendricks,0.11743364822312186,0.13096491228070173,0.12065263642113735
2025-05-17,SDP,SEA,5.0,1.0,4.0,4.0,5.6,6.5,5.2,4.85,4.25,3.2,6.0,3.3,5.3,5.4,4.65,2025-05-17,Nick Pivetta,0.2752727272727272,0.0887272727272727,0.2476394474558489,Emerson Hancock,0.18091032527330161,0.07760455125972367,0.20494765281999322
2025-05-27,SDP,MIA,14.0,8.0,6.0,1.6,5.6,2.2,4.8,4.55,4.9,3.0,5.0,4.0,4.2,3.5,4.75,2025-05-27,Stephen Kolek,0.19988989880059968,0.07735663418290853,0.15694574338191358,Max Meyer,0.19430641821946165,0.08421946169772254,0.21693064245695823
2025-05-28,SDP,MIA,18.0,8.0,10.0,3.2,6.2,2.4,5.0,4.7,5.05,4.0,3.8,4.3,4.9,3.75,4.85,2025-05-28,Kyle Hart,0.16336842105263155,0.12105263157894737,0.15178571428571427,Sandy Alcantara,0.191989054423837,0.11555913651565822,0.21210741068612188
2025-05-30,SDP,PIT,5.0,3.0,2.0,4.8,5.4,2.7,5.9,4.65,5.35,5.2,3.8,3.6,3.6,3.05,3.65,2025-05-30,Nick Pivetta,0.2953939393939394,0.09716017316017314,0.21958943923000404,Mitch Keller,0.2220797720797721,0.0471509971509971,0.18597709900012832
2025-05-31,SDP,PIT,5.0,0.0,5.0,5.0,5.6,2.9,5.6,4.7,5.4,5.2,4.2,3.8,3.8,3.0,3.5,2025-05-31,Dylan Cease,0.31833333333333336,0.0763333333333333,0.3468105369807497,Bailey Falter,0.15423351158645274,0.11867201426024954,0.1285766515058278
2025-06-01,SDP,PIT,10.0,6.0,4.0,4.8,5.2,2.8,5.7,4.5,5.65,5.2,3.0,4.2,3.1,3.2,3.4,2025-06-01,Randy V\xc3\xa1squez,0.1819937804377163,0.06349052396878482,0.16706701157920667,Andrew Heaney,0.1162687747035573,0.13005533596837943,0.16000662502763344
2025-06-11,SDP,LAD,7.0,2.0,5.0,3.8,1.6,4.1,3.5,3.25,4.25,3.0,5.2,4.9,5.3,5.5,5.15,2025-06-11,Randy V\xc3\xa1squez,0.17225019069412656,0.09036231884057969,0.16338976290195797,Jack Dreyer,0.13999999999999999,0.06999999999999999,0.1723389355742297
2025-06-20,SDP,KCR,11.0,5.0,6.0,5.0,4.6,4.7,4.2,4.45,4.25,3.6,2.4,3.4,4.0,3.45,4.35,2025-06-20,Nick Pivetta,0.26665217391304347,0.05772463768115941,0.20918972332015812,Michael Lorenzen,0.18093803098450773,0.08493292639394587,0.1727072665370537
2025-06-21,SDP,KCR,6.0,5.0,1.0,4.4,5.4,5.1,4.8,4.45,4.4,4.8,2.6,3.3,4.0,3.55,4.25,2025-06-21,Dylan Cease,0.34327708872836304,0.08766062423333784,0.37073715882226516,Noah Cameron,0.22538624338624338,0.05986243386243384,0.27760043193268646
2025-06-22,SDP,KCR,5.0,3.0,2.0,4.8,4.4,4.5,4.8,4.3,4.15,4.6,3.0,3.2,3.5,3.5,4.15,2025-06-22,Randy V\xc3\xa1squez,0.15111111111111108,0.09277777777777774,0.19572466519834936,Seth Lugo,0.22025082760376877,0.07861599185128594,0.1681601439496176
2025-06-23,SDP,WSN,16.0,6.0,10.0,4.2,3.2,4.6,4.5,4.05,3.75,5.2,7.0,4.6,6.3,3.85,5.45,2025-06-23,Stephen Kolek,0.13512121212121211,0.09521212121212119,0.18200191529444892,Mitchell Parker,0.20385093167701857,0.058095238095238075,0.21909188786036077
2025-06-24,SDP,WSN,7.0,4.0,3.0,4.8,4.4,5.1,5.0,4.2,4.15,6.0,6.2,5.3,6.5,3.9,5.4,2025-06-24,Ryan Bergert,0.17238095238095238,0.09015873015873015,0.14001632141167022,Trevor Williams,0.15713958810068646,0.02702898550724636,0.14993387025080554
2025-06-25,SDP,WSN,1.0,1.0,0.0,4.6,4.4,4.8,4.5,4.4,4.05,6.4,6.4,4.7,5.8,3.5,5.25,2025-06-25,Nick Pivetta,0.23922360248447205,0.052772256728778444,0.21639593174587873,MacKenzie Gore,0.24683850770807295,0.04501424501424499,0.24346105646375188
2025-07-05,SDP,TEX,11.0,4.0,7.0,3.0,4.0,3.0,4.3,3.75,4.55,5.2,3.2,4.0,3.6,4.75,3.2,2025-07-05,Stephen Kolek,0.18384848484848484,0.08103030303030302,0.19932693261946627,Patrick Corbin,0.19460118425635667,0.05058922558922559,0.25050326485109087
2025-07-06,SDP,TEX,5.0,4.0,1.0,2.6,4.6,3.1,4.8,3.85,4.65,6.0,2.4,4.6,3.4,4.9,3.15,2025-07-06,Kyle Hart,0.13126315789473683,0.1105263157894737,0.12400793650793651,Jacob Latz,0.2565295815295815,0.08579365079365078,0.29356231487810436
2025-07-08,SDP,ARI,1.0,1.0,0.0,3.6,4.6,2.8,4.2,3.8,4.35,3.6,4.8,4.5,5.0,5.2,4.95,2025-07-08,Nick Pivetta,0.26878881987577635,0.044772256728778444,0.2279721006749888,Merrill Kelly,0.2644524171480693,0.08265004560656733,0.2803296371402684
2025-07-09,SDP,ARI,10.0,2.0,8.0,2.6,3.8,2.8,4.2,3.45,4.25,3.2,3.6,4.2,4.4,4.8,4.65,2025-07-09,Dylan Cease,0.28826092936437764,0.09470498084291187,0.33389334744392507,Brandon Pfaadt,0.2506930171277997,0.05121080368906452,0.21133805283631063
2025-07-10,SDP,ARI,7.0,4.0,3.0,2.8,4.4,2.9,4.2,3.4,4.35,4.2,2.2,4.2,3.7,5.1,4.35,2025-07-10,Randy V\xc3\xa1squez,0.11281711525189783,0.06678812974465145,0.12981181175936352,Eduardo Rodr\xc3\xadguez,0.25172798216276476,0.06675027870680042,0.2457914046121593
2025-07-11,SDP,PHI,6.0,4.0,2.0,2.8,3.6,2.7,4.1,3.3,4.1,5.0,1.8,4.6,2.6,4.4,2.7,2025-07-11,Ryan Bergert,0.2168253968253968,0.12349206349206346,0.16942808611755256,Ranger Suarez,0.2756280756280756,0.06376586376586373,0.24282527612119523
2025-07-13,SDP,PHI,3.0,1.0,2.0,3.2,3.4,3.4,4.0,3.35,4.05,4.6,3.2,4.6,3.4,4.4,3.0,2025-07-13,Nick Pivetta,0.3063382269904009,0.04556277056277054,0.22142664612953428,Cristopher S\xc3\xa1nchez,0.2524475460682357,0.00689655172413792,0.2326135164166152
2025-07-28,SDP,NYM,13.0,7.0,6.0,4.2,3.6,4.3,3.0,3.6,3.4,4.8,2.0,4.2,3.3,4.55,3.8,2025-07-28,Dylan Cease,0.31052279528252064,0.07916387959866218,0.31778939882193313,Frankie Montas,0.21696724328303274,0.05538461538461538,0.24753912753912752
2025-07-29,SDP,NYM,8.0,7.0,1.0,5.2,4.2,4.3,3.4,3.9,3.45,5.4,3.0,4.6,3.7,4.75,3.8,2025-07-29,Ryan Bergert,0.2714619883040935,0.12549707602339177,0.19655359219042706,Sean Manaea,0.3682748538011696,0.07675438596491226,0.282168458781362
2025-07-30,SDP,NYM,5.0,5.0,0.0,5.2,2.6,4.8,3.1,4.05,3.15,4.4,3.8,4.3,3.6,4.45,4.0,2025-07-30,Yu Darvish,0.14217171717171717,0.11325757575757572,0.21633826917863916,Clay Holmes,0.10897376841312764,0.08177608051749927,0.19017213154220228
2025-08-01,SDP,STL,5.0,4.0,1.0,6.2,2.0,4.5,3.0,4.1,3.1,2.0,4.0,3.2,4.3,3.45,5.2,2025-08-01,Nick Pivetta,0.2512933121628773,0.057472157472157434,0.23097423795672914,Matthew Liberatore,0.13909237300541644,0.11148294539598884,0.19438517836463917
2025-08-02,SDP,STL,13.0,5.0,8.0,6.4,2.0,4.7,3.0,4.15,2.85,2.0,4.2,2.7,4.5,3.5,4.85,2025-08-02,Randy V\xc3\xa1squez,0.06714017781025453,0.09225375459108126,0.09050129808020765,Michael McGreevy,0.12369385000963946,0.03543474069789858,0.17440344773702704
2025-08-03,SDP,STL,10.0,7.0,3.0,5.6,3.2,4.9,3.4,4.35,3.25,3.2,3.4,3.1,4.2,3.7,5.0,2025-08-03,Dylan Cease,0.3055227952825207,0.0824972129319955,0.2875616555507116,Andre Pallante,0.13394363929146533,0.06616103059581319,0.2273676553631761
2025-08-08,SDP,BOS,12.0,2.0,10.0,4.2,4.0,5.2,3.0,4.45,3.15,6.0,3.6,6.3,3.4,4.85,3.2,2025-08-08,Nick Pivetta,0.24457394457394455,0.057472157472157434,0.23204375667330662,Walker Buehler,0.098943143812709,0.101257525083612,0.15595830155097884
2025-08-10,SDP,BOS,8.0,6.0,2.0,3.8,5.8,5.1,3.9,4.3,3.45,6.6,3.4,6.9,3.4,4.85,3.2,2025-08-10,Dylan Cease,0.3747535645132899,0.0936083240431066,0.31652778745802,Brayan Bello,0.18069963369963365,0.061238095238095216,0.20564285714285707
2025-08-18,SDP,SFG,7.0,3.0,4.0,4.4,3.2,3.9,3.7,4.65,3.55,3.2,5.2,2.8,4.4,3.9,4.65,2025-08-18,Nestor Cortes,0.2097689075630252,0.14674369747899157,0.21533685848201972,Robbie Ray,0.1934265734265734,0.10114685314685312,0.23196485479329101
2025-08-19,SDP,SFG,6.0,5.0,1.0,4.0,3.8,4.0,3.5,4.45,3.3,3.8,4.8,2.8,4.5,3.65,4.65,2025-08-19,Nick Pivetta,0.18475524475524469,0.055552447552447516,0.20218768793001987,Kai-Wei Teng,0.14814814814814814,0.18518518518518512,0.18858146684233637
2025-08-20,SDP,SFG,9.0,8.0,1.0,2.8,3.8,4.2,3.4,4.7,3.2,3.8,3.6,2.4,5.0,3.65,4.5,2025-08-20,JP Sears,0.27932395090289824,0.05673992673992671,0.19803391626921038,Landen Roupp,0.2537835497835498,0.08947186147186144,0.24248757351404598
2025-08-21,SDP,SFG,12.0,8.0,4.0,4.0,3.4,4.8,2.5,4.95,3.2,2.8,3.8,2.3,5.4,3.65,4.8,2025-08-21,Dylan Cease,0.3031672560848762,0.1518711138848438,0.2725163725163725,Justin Verlander,0.24502830502830503,0.07440226440226436,0.22242358395846767
2025-08-22,SDP,LAD,3.0,2.0,1.0,5.6,3.0,5.0,2.7,4.9,3.3,6.2,5.0,5.3,4.5,4.95,3.7,2025-08-22,Yu Darvish,0.2667385491746105,0.06852941176470587,0.22161318548513664,Blake Snell,0.23617353660831916,0.11565970261622431,0.28805875838707573
2025-08-23,SDP,LAD,6.0,5.0,1.0,5.2,2.2,4.8,2.7,4.65,3.05,5.4,4.6,5.0,4.2,4.75,3.6,2025-08-23,Nestor Cortes,0.20485216308745718,0.1470245876128229,0.22226948678561578,Tyler Glasnow,0.32560184742793435,0.11769103360407707,0.30579867532297195
2025-08-24,SDP,LAD,10.0,2.0,8.0,5.6,1.6,4.8,2.7,4.55,3.05,5.0,4.8,4.7,4.0,4.7,3.6,2025-08-24,Nick Pivetta,0.22263403263403259,0.06312820512820509,0.19602109796223338,Jack Dreyer,0.03333333333333332,0.0,0.20555555555555555
2025-09-03,SDP,BAL,12.0,5.0,7.0,4.6,5.4,4.6,5.5,4.7,4.1,6.2,6.8,4.1,5.1,4.7,4.5,2025-09-03,Kyle Hart,0.1816017316017316,0.06857142857142857,0.14100000000000001,Cade Povich,0.28311688311688304,0.08041125541125538,0.2667369730133068
2025-09-10,SDP,CIN,3.0,1.0,2.0,5.0,4.6,4.8,5.0,4.85,4.45,5.2,5.0,5.0,5.4,4.65,4.8,2025-09-10,Nick Pivetta,0.27980729415512023,0.07566204809683068,0.20968803883093506,Andrew Abbott,0.2619696969696969,0.04436363636363636,0.2329731970157502
2025-09-11,SDP,COL,2.0,2.0,0.0,4.2,3.6,4.5,4.5,4.75,4.35,2.4,7.4,3.5,6.7,3.4,6.05,2025-09-11,Randy V\xc3\xa1squez,0.134672268907563,0.03657673595754089,0.15761170528817586,McCade Brown,0.1081326081326081,0.1266511266511266,0.13261648745519708
2025-09-12,SDP,COL,6.0,2.0,4.0,4.6,3.0,3.5,4.2,4.6,4.3,0.8,5.8,2.9,6.4,3.0,6.0,2025-09-12,JP Sears,0.2094677246595405,0.05815266574857366,0.17982013858174847,Tanner Gordon,0.21306471306471303,0.06037851037851032,0.13907623424060322
2025-09-13,SDP,COL,14.0,11.0,3.0,3.0,2.2,3.5,3.9,4.3,4.45,1.4,4.6,3.1,5.8,2.95,5.65,2025-09-13,Kyle Hart,0.22857142857142856,0.06857142857142857,0.085,Antonio Senzatela,0.12992299753909659,0.05558069381598792,0.17248349485870218
2025-09-14,SDP,COL,15.0,9.0,6.0,3.6,2.6,4.3,3.8,4.45,4.4,1.8,6.2,3.0,6.2,3.1,5.75,2025-09-14,Yu Darvish,0.2621300694190719,0.06434173669467787,0.19291896144767898,Germ\xc3\xa1n M\xc3\xa1rquez,0.12384848484848485,0.12509090909090909,0.16276586476586472
2025-09-23,SDP,MIL,7.0,7.0,0.0,4.2,3.8,4.8,4.0,4.65,4.25,5.0,3.6,4.2,3.9,4.7,3.8,2025-09-23,Randy V\xc3\xa1squez,0.24296103896103896,0.030952380952380943,0.19293643184855025,Tobias Myers,0.23055555555555554,0.08888888888888888,0.12934065934065933
2025-09-24,SDP,MIL,4.0,1.0,3.0,4.2,3.0,5.3,4.0,4.4,4.1,3.2,4.6,4.2,4.1,4.5,3.85,2025-09-24,Kyle Hart,0.39666666666666667,0.14,0.3740659340659341,Erick Fedde,0.07916666666666666,0.17083333333333334,0.14594485973796317
2025-09-26,SDP,ARI,11.0,7.0,4.0,4.2,2.4,5.2,3.9,4.35,3.9,4.0,5.0,5.3,4.7,5.0,4.25,2025-09-26,Yu Darvish,0.245411803165202,0.03081232492997198,0.189261488081315,Zac Gallen,0.258044733044733,0.08163780663780659,0.22008721437292866
2025-04-25,SEA,MIA,12.0,4.0,8.0,4.8,4.4,5.0,3.9,4.0,4.2,4.8,5.8,5.2,6.1,4.2,5.4,2025-04-25,Logan Gilbert,0.380154189822382,0.055764411027568905,0.35977964372968996,Cal Quantrill,0.10110420979986195,0.1019668737060041,0.16732275881330383
2025-04-29,SEA,LAA,8.0,5.0,3.0,7.4,4.4,5.8,4.7,5.05,4.3,1.8,5.4,2.4,4.8,3.5,4.6,2025-04-29,Bryce Miller,0.2403381642512077,0.12867149758454105,0.2154768754084817,Jack Kochanowicz,0.11585017880670052,0.0522687747035573,0.161677906799858
2025-04-30,SEA,LAA,12.0,9.0,3.0,6.8,4.0,5.9,4.2,5.0,4.0,2.4,5.8,2.4,4.8,3.15,4.65,2025-04-30,Emerson Hancock,0.16350877192982452,0.0637037037037037,0.17658730158730154,Tyler Anderson,0.19903538490495007,0.10050818746470917,0.24786765615337042
2025-05-12,SEA,NYY,16.0,5.0,11.0,3.6,5.8,4.8,4.5,5.3,4.6,8.8,4.4,7.3,4.0,5.8,3.2,2025-05-12,Emerson Hancock,0.1438732882362646,0.07019714385231626,0.17037318473488683,Clarke Schmidt,0.21976284584980232,0.11669960474308298,0.2717561717561717
2025-05-27,SEA,WSN,10.0,9.0,1.0,3.4,4.8,3.7,2.9,3.9,4.1,4.0,2.8,4.3,3.7,4.1,5.0,2025-05-27,Logan Evans,0.17806759906759906,0.07989976689976688,0.16290322580645158,Mitchell Parker,0.15350649350649348,0.12469530469530465,0.17255205112347966
2025-06-04,SEA,BAL,5.0,2.0,3.0,3.0,4.2,2.9,4.1,3.45,4.25,3.6,2.4,3.9,4.2,3.8,5.1,2025-06-04,Emerson Hancock,0.1473241183767499,0.08891420470367836,0.18548429095145097,Cade Povich,0.2623254281949934,0.0892687747035573,0.25790229253643887
2025-06-05,SEA,BAL,7.0,3.0,4.0,2.8,3.8,3.1,4.3,3.25,4.15,3.4,1.6,3.7,2.5,3.85,4.95,2025-06-05,Bryan Woo,0.19587761674718193,0.0148148148148148,0.160734293717487,Zach Eflin,0.14503523851349934,0.04556277056277054,0.15214195355561577
2025-06-14,SEA,CLE,7.0,4.0,3.0,4.2,5.4,3.3,4.5,3.5,4.1,4.2,3.8,3.3,3.2,3.75,3.7,2025-06-14,George Kirby,0.28089244851258577,0.045766590389015996,0.20832613834926508,Tanner Bibee,0.249594839942666,0.0479187768752986,0.24511627906976746
2025-06-15,SEA,CLE,6.0,6.0,0.0,3.8,4.4,3.5,4.7,3.4,4.2,4.0,4.2,3.2,3.4,3.65,3.6,2025-06-15,Emerson Hancock,0.1781922196796338,0.08718971341396968,0.15836480749524226,Luis Ortiz,0.23828722002635044,0.11611293054771314,0.24957752214191187
2025-06-16,SEA,BOS,2.0,0.0,2.0,4.4,4.0,4.0,4.2,3.45,4.15,4.8,2.8,6.0,4.7,4.9,4.2,2025-06-16,Logan Gilbert,0.3772556390977443,0.055764411027568905,0.36228277264082887,Lucas Giolito,0.1510663249793684,0.092986723421506,0.15969783658144107
2025-06-17,SEA,BOS,8.0,8.0,0.0,3.8,2.4,3.8,4.1,3.45,4.2,3.0,1.4,5.9,4.6,4.8,3.7,2025-06-17,Bryan Woo,0.17233618233618228,0.03176638176638174,0.1616929929866683,Walker Buehler,0.22638655462184873,0.08495798319327731,0.19480552672548
2025-06-30,SEA,KCR,8.0,6.0,2.0,6.4,5.0,5.7,4.4,4.85,4.3,2.8,4.4,2.8,4.1,2.95,4.2,2025-06-30,George Kirby,0.2478260869565217,0.05415019762845845,0.1734579299384374,Michael Wacha,0.2380331262939958,0.05578007821486079,0.24978593015250694
2025-07-01,SEA,KCR,9.0,3.0,6.0,4.8,4.2,6.3,4.4,5.05,4.25,3.2,5.0,2.6,4.6,3.0,4.3,2025-07-01,Emerson Hancock,0.18746094485224915,0.10983625070581589,0.18439528094477212,Michael Lorenzen,0.1903333333333333,0.08054761904761905,0.15661407700545532
2025-07-02,SEA,KCR,5.0,3.0,2.0,3.2,5.0,5.8,5.0,5.05,4.35,4.4,4.8,2.6,4.4,2.95,4.2,2025-07-02,Logan Gilbert,0.36234484432424935,0.03588863463005338,0.3350063430261788,Noah Cameron,0.20685850991114146,0.09589929368876735,0.24218222248839333
2025-07-03,SEA,KCR,5.0,2.0,3.0,2.6,4.4,6.0,4.9,5.0,4.2,4.0,4.4,2.7,4.2,2.95,3.85,2025-07-03,Logan Evans,0.1827139511052554,0.05931386327038498,0.17360594167540783,Seth Lugo,0.26770729270729265,0.09354811854811852,0.21188902488780084
2025-07-04,SEA,PIT,6.0,6.0,0.0,3.0,4.6,5.3,4.8,4.8,3.95,6.8,0.6,6.1,2.4,4.6,3.15,2025-07-04,Bryan Woo,0.2673076923076923,0.06538461538461535,0.28897417625301164,Bailey Falter,0.1174949494949495,0.10131313131313131,0.149782034253152
2025-07-06,SEA,PIT,1.0,1.0,0.0,3.0,2.2,3.9,3.2,4.85,3.35,2.6,1.4,4.8,2.4,4.0,3.3,2025-07-06,George Kirby,0.26935817805383017,0.04545454545454542,0.19460078708129452,Carmen Mlodzinski,0.15576923076923074,0.07929292929292928,0.16347578347578345
2025-07-20,SEA,HOU,14.0,3.0,11.0,9.4,4.8,6.0,3.7,6.0,4.3,2.4,5.8,5.2,4.5,4.75,4.35,2025-07-20,Bryan Woo,0.3037959866220736,0.07441694537346709,0.2951467505458866,Hunter Brown,0.27806506536941317,0.061566433566433564,0.2611713311603162
2025-07-22,SEA,MIL,1.0,1.0,0.0,6.4,5.8,5.5,5.1,5.35,4.45,6.0,2.6,5.9,2.4,5.55,3.05,2025-07-22,Logan Gilbert,0.3020816864295125,0.07202898550724636,0.268431719470809,Jacob Misiorowski,0.3331128759665575,0.10779093941161513,0.2612693853676095
2025-07-31,SEA,TEX,6.0,6.0,0.0,3.2,3.6,2.6,4.7,4.3,4.2,6.2,4.2,5.1,2.9,5.8,3.15,2025-07-31,George Kirby,0.2642857142857143,0.05555555555555554,0.29609611211657644,Jacob Latz,0.13337912087912085,0.20609890109890108,0.16622745537800204
2025-08-01,SEA,TEX,7.0,4.0,3.0,3.0,3.2,2.9,3.6,4.5,4.05,4.6,4.8,4.7,3.4,5.5,3.45,2025-08-01,Logan Gilbert,0.3455411255411255,0.09060606060606058,0.29026819049332653,Jack Leiter,0.27212312647095255,0.11127214170692427,0.24469454585000988
2025-08-03,SEA,TEX,9.0,5.0,4.0,3.6,3.0,3.3,3.3,4.4,4.2,3.6,5.4,4.9,3.6,5.3,3.45,2025-08-03,Logan Evans,0.17727743271221527,0.09083850931677014,0.18504349593799585,Jacob deGrom,0.31567852437417654,0.05299736495388666,0.31396493283112353
2025-08-05,SEA,CHW,11.0,8.0,3.0,4.0,3.6,3.7,3.7,4.6,4.4,4.8,4.0,5.8,4.7,5.5,4.3,2025-08-05,Bryan Woo,0.25016350798959486,0.06515768611420783,0.23404721178677343,Tyler Gilbert,0.17333333333333334,0.17333333333333334,0.2869047619047619
2025-08-06,SEA,CHW,14.0,8.0,6.0,5.4,3.0,4.3,3.0,4.95,4.55,4.8,4.4,5.0,4.6,5.45,4.4,2025-08-06,George Kirby,0.27121212121212124,0.07373737373737371,0.281506446463081,Tyler Alexander,0.24285714285714283,0.06428571428571428,0.17892720306513407
2025-08-09,SEA,TBR,11.0,7.0,4.0,5.6,3.6,4.3,3.4,5.05,4.0,3.0,3.6,3.2,3.9,3.6,4.45,2025-08-09,Logan Evans,0.18119047619047615,0.0821428571428571,0.18504349593799585,Joe Boyle,0.1763095238095238,0.09690476190476187,0.2586281974220263
2025-08-10,SEA,TBR,9.0,6.0,3.0,6.2,3.8,4.9,3.4,4.8,4.05,3.8,4.4,3.2,4.4,3.75,4.6,2025-08-10,Bryan Woo,0.25885916016350796,0.047766381766381746,0.23157924785701547,Adrian Houser,0.14586926483478205,0.06763370728887969,0.13608341564155516
2025-08-22,SEA,ATH,5.0,3.0,2.0,3.4,7.8,4.1,6.0,4.5,4.7,6.6,3.8,5.9,3.4,5.6,3.3,2025-08-22,Bryan Woo,0.3034745447788926,0.04715099715099713,0.2192375247305179,Luis Morales,0.18192918192918192,0.19698819698819695,0.19548872180451124
2025-08-24,SEA,ATH,15.0,11.0,4.0,3.8,7.6,3.8,5.9,4.5,4.75,6.6,2.8,5.9,3.4,5.35,3.4,2025-08-24,Logan Gilbert,0.24330303030303027,0.07327272727272725,0.24119824619824617,Jacob Lopez,0.30339097744360893,0.06948621553884708,0.25445212690114455
2025-08-25,SEA,SDP,15.0,9.0,6.0,5.4,7.0,4.8,6.3,5.0,4.65,5.0,3.0,3.9,3.4,4.4,3.45,2025-08-25,Bryce Miller,0.1088075722904098,0.0534037861452049,0.18499226006191952,JP Sears,0.23355736051388223,0.06543557891383976,0.18908654784815776
2025-08-27,SEA,SDP,7.0,4.0,3.0,6.2,6.0,5.7,6.7,5.25,5.05,4.4,5.0,5.0,4.0,4.6,3.75,2025-08-27,Bryan Woo,0.3118078781122259,0.047150997150997125,0.22895075322265485,Yu Darvish,0.2867385491746105,0.05852941176470587,0.22456249424089708
2025-09-08,SEA,STL,6.0,4.0,2.0,7.6,4.6,5.5,4.7,5.6,5.7,3.2,3.0,3.2,3.8,4.3,5.3,2025-09-08,Bryan Woo,0.26437529137529137,0.07501631701631699,0.20332216384577548,Miles Mikolas,0.0905027339809948,0.0718054891967935,0.1399206349206349
2025-09-09,SEA,STL,8.0,5.0,3.0,7.4,3.8,5.5,4.6,5.25,5.35,3.2,3.6,3.3,4.0,4.0,4.9,2025-09-09,George Kirby,0.16806284252831563,0.045428571428571415,0.23967428967428966,Matthew Liberatore,0.23641729323308266,0.07912656641604007,0.18361012461653997
2025-09-14,SEA,LAA,13.0,11.0,2.0,6.8,2.2,5.6,4.2,5.3,4.6,4.6,4.8,4.2,6.1,3.55,5.8,2025-09-14,George Kirby,0.12719327731092434,0.06542857142857142,0.20352564102564102,Kyle Hendricks,0.1061245421245421,0.08692107892107885,0.17113896096171713
2025-09-23,SEA,COL,7.0,4.0,3.0,4.8,2.8,5.9,2.8,5.7,3.7,4.2,5.4,3.9,5.7,3.7,6.2,2025-09-23,Bryce Miller,0.22065217391304345,0.05238095238095236,0.2152136752136752,McCade Brown,0.11487956487956485,0.13599067599067596,0.17167515563101296
2025-09-25,SEA,COL,8.0,6.0,2.0,6.0,2.4,6.5,2.9,6.0,3.5,3.0,4.6,4.0,6.6,3.55,6.2,2025-09-25,Emerson Hancock,0.06666666666666667,0.02222222222222222,0.12380952380952377,Bradley Blalock,0.08596105987410332,0.12980749524227783,0.1692063492063492
2025-09-26,SEA,LAD,5.0,2.0,3.0,6.4,2.8,6.6,2.8,6.1,3.5,5.2,3.2,6.2,3.5,5.25,3.35,2025-09-26,George Kirby,0.26553093964858665,0.019999999999999997,0.22771739130434782,Emmet Sheehan,0.3621428571428571,0.06395238095238091,0.37724969453392443
2025-09-27,SEA,LAD,8.0,3.0,5.0,5.6,2.6,5.7,2.9,6.1,3.15,4.6,3.0,5.2,3.0,5.15,3.25,2025-09-27,Logan Gilbert,0.25656785243741764,0.051148880105401806,0.2854709489751548,Andrew Heaney,0.07479365079365073,0.0771111111111111,0.15848901098901097
2025-04-23,SFG,MIL,6.0,4.0,2.0,3.0,4.4,4.9,4.6,4.3,3.7,6.6,3.0,5.0,3.5,5.4,3.55,2025-04-23,Logan Webb,0.3269762845849802,0.06060606060606057,0.25628536542822256,Freddy Peralta,0.2921358641358641,0.07966233766233763,0.34480957640096577
2025-04-24,SFG,MIL,11.0,6.0,5.0,3.8,4.4,4.8,4.4,4.4,3.65,6.0,3.2,4.8,3.4,5.45,3.2,2025-04-24,Landen Roupp,0.3115384615384615,0.0908653846153846,0.3481878586529749,Tyler Alexander,0.25055755330354873,0.12015546111655948,0.20700471097529918
2025-04-25,SFG,TEX,2.0,0.0,2.0,4.4,5.0,4.4,4.5,4.4,3.75,3.4,3.6,3.0,2.8,3.2,3.5,2025-04-25,Justin Verlander,0.20549450549450543,0.10199800199800194,0.25922304228175286,Nathan Eovaldi,0.2635535479013739,0.01818181818181818,0.26912352044411847
2025-04-26,SFG,TEX,5.0,3.0,2.0,3.6,4.4,4.0,4.1,4.05,3.75,3.0,3.0,3.1,2.5,3.25,3.5,2025-04-26,Robbie Ray,0.24037329819938513,0.16686209925340356,0.24208794343582532,Tyler Mahle,0.25602175602175603,0.1445415695415695,0.2634189738722578
2025-05-01,SFG,COL,7.0,3.0,4.0,2.6,3.6,3.5,4.3,3.8,4.1,2.4,5.8,3.0,5.4,3.15,6.35,2025-05-01,Justin Verlander,0.2035182209095252,0.10160274508100589,0.2534814154874945,Kyle Freeland,0.14639335887611746,0.04466666666666666,0.19490718308094226
2025-05-02,SFG,COL,4.0,4.0,0.0,3.2,4.0,3.4,4.2,3.95,4.2,2.4,5.2,3.2,5.4,3.3,6.15,2025-05-02,Robbie Ray,0.2596325574586444,0.16426950666081094,0.279786356134238,Antonio Senzatela,0.11181291172595516,0.02651515151515148,0.16364702929920322
2025-05-03,SFG,COL,9.0,6.0,3.0,3.4,3.6,3.3,4.0,4.15,4.15,2.2,4.4,2.9,5.7,3.2,5.5,2025-05-03,Jordan Hicks,0.16903125360396723,0.0847500864952139,0.19951636684404442,Bradley Blalock,0.125,0.03333333333333333,0.15256410256410255
2025-05-04,SFG,COL,12.0,9.0,3.0,4.0,3.8,3.6,3.2,4.25,3.9,2.2,4.4,2.8,5.6,3.0,5.7,2025-05-04,Logan Webb,0.3237922705314009,0.06388888888888886,0.2544020506753426,Germ\xc3\xa1n M\xc3\xa1rquez,0.10566827697262475,0.11436392914653781,0.17545865155668058
2025-05-12,SFG,ARI,3.0,1.0,2.0,3.2,3.6,3.6,3.7,3.35,3.6,4.2,6.4,3.8,5.0,4.65,5.15,2025-05-12,Justin Verlander,0.16628745167875597,0.07700201248027332,0.21303443004050907,Merrill Kelly,0.23497685888990233,0.027786561264822117,0.1948730548730549
2025-05-13,SFG,ARI,16.0,10.0,6.0,1.6,3.4,3.3,3.2,3.4,3.6,4.4,5.2,3.6,4.9,4.25,5.0,2025-05-13,Robbie Ray,0.27533304055043184,0.11221636656419261,0.2766414506812368,Brandon Pfaadt,0.2221639471639471,0.04715099715099712,0.2064888010540184
2025-05-14,SFG,ARI,15.0,7.0,8.0,3.2,2.8,4.0,3.3,3.75,3.8,4.6,6.6,4.0,5.6,4.25,5.4,2025-05-14,Jordan Hicks,0.21961096374889477,0.06971074902109382,0.2318436941713718,Eduardo Rodr\xc3\xadguez,0.21898508898508892,0.07706974506974504,0.20898868702763274
2025-05-16,SFG,ATH,10.0,9.0,1.0,4.0,4.2,4.4,3.7,3.9,3.95,5.8,9.6,4.8,8.0,4.55,6.3,2025-05-16,Logan Webb,0.30831608005521044,0.052248677248677225,0.25857665384994577,JP Sears,0.18531338226990396,0.036190476190476176,0.14339464338274777
2025-05-18,SFG,ATH,5.0,3.0,2.0,5.6,3.8,4.9,3.8,4.1,3.9,3.8,10.0,4.3,8.0,4.35,6.35,2025-05-18,Justin Verlander,0.19563218102348529,0.061332496810757656,0.21399187684901966,Jeffrey Springs,0.14303030303030298,0.10961038961038957,0.19994341334338173
2025-05-19,SFG,KCR,4.0,1.0,3.0,6.0,3.8,4.6,3.7,4.1,3.45,1.8,3.6,3.0,3.7,3.55,2.95,2025-05-19,Robbie Ray,0.27005353744484173,0.09016667712319881,0.29936872340850945,Kris Bubic,0.24159232529484242,0.05230558000352048,0.2763931623931624
2025-05-20,SFG,KCR,5.0,3.0,2.0,6.0,4.0,3.8,3.7,3.95,3.5,2.2,3.4,3.1,3.7,3.6,3.0,2025-05-20,Kyle Harrison,0.3333333333333333,0.07407407407407407,0.28621553884711776,Michael Lorenzen,0.21826366226366223,0.0639342139342139,0.24455327399123789
2025-06-04,SFG,SDP,11.0,6.0,5.0,2.0,2.0,2.2,2.6,3.05,2.8,5.0,5.4,3.3,5.5,4.6,5.7,2025-06-04,Kyle Harrison,0.24928104575163398,0.07777777777777777,0.3101503759398496,Nick Pivetta,0.28314097496706186,0.08806926406926405,0.21774733396684615
2025-06-05,SFG,SDP,5.0,3.0,2.0,3.0,2.4,2.4,2.3,3.2,3.0,4.4,5.4,3.8,5.8,4.7,5.4,2025-06-05,Robbie Ray,0.30027679566809995,0.07051218346870518,0.2692748917748918,Dylan Cease,0.33954545454545454,0.05209090909090906,0.3569692671394799
2025-06-07,SFG,ATL,5.0,3.0,2.0,3.0,2.0,2.3,2.5,3.3,2.95,4.0,4.8,3.7,4.4,4.3,3.85,2025-06-07,Logan Webb,0.2537346711259754,0.0284330484330484,0.24195356403430934,Bryce Elder,0.22244155844155844,0.06857142857142856,0.1966550177176363
2025-06-08,SFG,ATL,7.0,4.0,3.0,3.2,2.4,2.6,2.4,3.4,2.95,3.4,5.4,3.6,4.2,4.2,3.85,2025-06-08,Landen Roupp,0.19290476190476186,0.0677142857142857,0.21489370201716493,Spencer Strider,0.21879414445203915,0.09778992936887673,0.28535353535353536
2025-06-17,SFG,CLE,5.0,2.0,3.0,6.4,6.6,5.4,5.0,3.8,3.8,3.2,4.0,3.0,3.7,3.4,3.85,2025-06-17,Robbie Ray,0.31213186813186805,0.058739926739926715,0.2786577708006279,Slade Cecconi,0.2625454545454545,0.06236363636363634,0.2727679566810001
2025-06-18,SFG,CLE,6.0,2.0,4.0,4.8,5.8,5.0,4.8,3.7,3.55,3.8,4.2,2.9,3.9,3.2,3.95,2025-06-18,Justin Verlander,0.15108672647803076,0.09315067862893947,0.205012285012285,Logan Allen,0.2662387531952749,0.07407294798599143,0.25730134158926726
2025-06-19,SFG,CLE,3.0,2.0,1.0,3.8,5.0,4.9,5.0,3.6,3.75,2.4,4.2,3.3,3.7,3.25,4.0,2025-06-19,Logan Webb,0.27573467112597544,0.03169230769230768,0.27033224884156554,Gavin Williams,0.17906926406926404,0.1294199134199134,0.23383783111553286
2025-06-20,SFG,BOS,12.0,5.0,7.0,3.0,4.8,4.8,4.9,3.7,3.65,2.2,2.4,4.5,3.9,4.7,4.1,2025-06-20,Hayden Birdsong,0.23297088876036237,0.08300366300366298,0.24003174507093877,Hunter Dobbins,0.1808354218880534,0.057827903091060964,0.18418805359981824
2025-06-21,SFG,BOS,5.0,3.0,2.0,3.0,4.0,4.9,5.3,3.8,3.9,2.8,2.8,4.6,3.5,5.0,4.1,2025-06-21,Landen Roupp,0.14033333333333334,0.12925274725274724,0.16900397770638798,Brayan Bello,0.21857549857549857,0.07641025641025637,0.17182306255835664
2025-06-22,SFG,BOS,14.0,9.0,5.0,2.8,3.4,4.6,5.0,3.9,3.85,2.8,3.4,3.8,3.1,4.15,4.0,2025-06-22,Robbie Ray,0.29674725274725267,0.06643223443223442,0.29355973158494164,Lucas Giolito,0.21903169294473637,0.08432871476349733,0.20588831277191727
2025-06-24,SFG,MIA,6.0,2.0,4.0,4.2,3.8,4.5,4.8,4.3,3.95,2.8,3.6,4.2,3.9,3.3,3.95,2025-06-24,Justin Verlander,0.1621539201539201,0.09354593554593552,0.21981143934632302,Cal Quantrill,0.18974153297682708,0.0365151515151515,0.1703216952129995
2025-06-26,SFG,MIA,17.0,5.0,12.0,4.2,3.8,4.0,4.4,4.25,3.95,3.2,3.2,3.5,3.2,3.45,4.05,2025-06-26,Hayden Birdsong,0.23775557775557768,0.09209457209457206,0.23355401227741654,Janson Junk,0.2625097125097125,0.00909090909090908,0.2109242286751361
2025-07-07,SFG,PHI,4.0,3.0,1.0,4.8,5.0,3.6,4.8,3.8,4.6,4.6,3.6,4.4,2.7,4.5,3.05,2025-07-07,Landen Roupp,0.14763879598662205,0.15901003344481604,0.17438186813186812,Cristopher S\xc3\xa1nchez,0.26156084656084655,0.01428571428571428,0.26170442550752426
2025-07-08,SFG,PHI,7.0,4.0,3.0,5.0,3.6,3.4,3.7,3.65,4.55,4.0,3.0,4.4,2.8,4.0,3.0,2025-07-08,Robbie Ray,0.24174912277997826,0.06660848501661962,0.2543877763871506,Taijuan Walker,0.16111111111111112,0.06666666666666667,0.20932400932400927
2025-07-09,SFG,PHI,13.0,0.0,13.0,4.4,3.8,3.5,3.9,3.6,4.15,3.6,3.6,3.4,3.2,3.9,3.1,2025-07-09,Justin Verlander,0.19079698079698076,0.09511044511044509,0.21939808481532147,Jes\xc3\xbas Luzardo,0.2928260869565217,0.10775362318840576,0.328581610027603
2025-07-11,SFG,LAD,15.0,8.0,7.0,4.0,4.2,3.5,5.1,3.4,4.55,1.6,8.2,3.5,5.8,4.85,5.2,2025-07-11,Logan Webb,0.2371428571428571,0.07657142857142855,0.22125821268678408,Dustin May,0.16723076923076924,0.09769230769230769,0.15960250892101677
2025-07-12,SFG,LAD,3.0,1.0,2.0,4.2,5.2,4.1,5.3,3.7,4.75,2.8,6.2,3.7,5.7,4.8,5.3,2025-07-12,Landen Roupp,0.16021022455805062,0.16205765249243506,0.17234934780666486,Shohei Ohtani,0.2857142857142857,0.0357142857142857,0.24181929181929177
2025-07-25,SFG,NYM,9.0,1.0,8.0,6.4,5.2,4.5,5.5,3.95,4.6,4.2,3.4,4.1,3.9,4.0,5.05,2025-07-25,Logan Webb,0.19775369458128073,0.0678013136288998,0.1880836095121809,Clay Holmes,0.1081079675473268,0.10861590735732611,0.1995441122185308
2025-07-26,SFG,NYM,3.0,1.0,2.0,6.0,5.6,4.2,6.0,3.85,4.95,5.4,2.6,4.6,3.3,4.35,4.65,2025-07-26,Robbie Ray,0.2184485103489311,0.11168876705342341,0.20914230019493174,David Peterson,0.19502070393374737,0.08512422360248446,0.20819311334428908
2025-07-29,SFG,PIT,4.0,1.0,3.0,3.8,4.8,4.2,5.1,4.1,5.1,5.6,2.2,4.0,3.9,3.0,3.9,2025-07-29,Justin Verlander,0.16320390720390718,0.0963369963369963,0.19794205970676554,Bailey Falter,0.17288888888888887,0.05015873015873014,0.16699340419520461
2025-08-10,SFG,WSN,8.0,0.0,8.0,4.6,2.4,5.0,4.2,4.65,4.55,2.6,6.0,3.2,8.4,3.65,6.1,2025-08-10,Justin Verlander,0.1882077922077922,0.0889321789321789,0.21801241342965003,MacKenzie Gore,0.14265079365079364,0.11633333333333332,0.20690845257021726
2025-08-11,SFG,SDP,5.0,1.0,4.0,3.8,3.0,4.7,4.5,4.25,4.6,4.0,4.6,4.8,3.9,4.55,3.45,2025-08-11,Logan Webb,0.2596071744347606,0.05552292535051152,0.21115607969266503,Yu Darvish,0.18155138339920945,0.08227272727272725,0.19717153077447191
2025-08-12,SFG,SDP,6.0,1.0,5.0,2.4,3.6,4.3,4.3,4.25,4.7,3.4,4.2,4.5,3.4,4.4,3.4,2025-08-12,Robbie Ray,0.21360048647005167,0.11053815749467918,0.23704421987265606,Nestor Cortes,0.18445378151260503,0.1797852474323062,0.23583376002730838
2025-08-15,SFG,TBR,13.0,6.0,7.0,1.0,6.4,3.8,4.4,4.2,5.0,4.4,5.0,3.7,4.3,3.6,4.65,2025-08-15,Landen Roupp,0.21788611388611384,0.0915231435231435,0.2117183427448152,Joe Boyle,0.21644110275689227,0.12453634085213028,0.25773633566059934
2025-08-16,SFG,TBR,3.0,1.0,2.0,1.8,7.0,3.2,4.7,4.2,4.95,5.0,4.8,4.4,4.6,3.75,4.8,2025-08-16,Justin Verlander,0.17836163836163835,0.09662448662448658,0.19111045264533635,Adrian Houser,0.13648995448995443,0.07784060384060383,0.13941674897488848
2025-08-17,SFG,TBR,8.0,7.0,1.0,2.0,5.8,2.9,4.4,4.0,4.6,4.8,3.8,4.5,4.2,3.4,4.3,2025-08-17,Logan Webb,0.23103574586333203,0.054332449160035344,0.18156424295797116,Ryan Pepiot,0.23905175983436852,0.10468737060041404,0.19852979101099397
2025-08-26,SFG,CHC,7.0,5.0,2.0,4.0,5.0,3.9,4.3,3.85,4.35,4.8,2.6,4.1,2.9,3.45,2.9,2025-08-26,Justin Verlander,0.2545521145521145,0.03630702630702628,0.23139655693144062,Drew Pomeranz,0.2733333333333333,0.04,0.2665151515151515
2025-08-27,SFG,CHC,15.0,12.0,3.0,4.8,3.8,3.8,3.8,3.5,4.25,4.4,3.0,4.0,3.3,3.45,3.0,2025-08-27,Carson Whisenhunt,0.15891583906289786,0.11344856124267887,0.24646013708513706,Colin Rea,0.18431677018633538,0.09810559006211178,0.17201606544061984
2025-08-28,SFG,CHC,7.0,4.0,3.0,6.4,2.8,4.9,3.9,3.9,4.15,4.8,4.6,3.9,4.2,3.55,3.35,2025-08-28,Logan Webb,0.2763772893772894,0.0539120879120879,0.21744713199875493,Shota Imanaga,0.3078205128205128,0.03138461538461538,0.2232456492314935
2025-08-29,SFG,BAL,23.0,15.0,8.0,6.4,2.4,4.6,4.1,3.7,4.25,2.0,3.4,4.5,4.6,3.85,4.4,2025-08-29,Robbie Ray,0.1883076923076923,0.07416722408026752,0.22414997445519086,Dean Kremer,0.22916877808182154,0.05031051878877961,0.2862869462890155
2025-08-31,SFG,BAL,15.0,13.0,2.0,7.4,5.4,5.7,5.2,4.05,5.1,4.6,5.4,4.6,5.9,4.65,4.3,2025-08-31,Justin Verlander,0.22795278795278792,0.042030932030932,0.20536481089969455,Tomoyuki Sugano,0.17017982017982014,0.04876123876123874,0.1486851156973108
2025-09-08,SFG,ARI,16.0,11.0,5.0,6.0,4.2,7.1,4.7,6.0,4.3,5.2,3.2,4.8,2.8,5.1,4.05,2025-09-08,Logan Webb,0.2233982683982684,0.04132467532467532,0.2248366009603342,Anthony DeSclafani,0.19666666666666668,0.07749999999999999,0.26052237236447756
2025-09-09,SFG,ARI,8.0,5.0,3.0,6.8,4.4,7.8,4.9,6.2,4.5,5.2,4.8,5.0,3.7,4.95,4.5,2025-09-09,Robbie Ray,0.1963356643356643,0.08683855275159617,0.23042368742368743,Zac Gallen,0.21004611330698286,0.0616930171277997,0.14369961675697104
2025-09-13,SFG,LAD,20.0,7.0,13.0,4.8,4.0,7.0,3.8,6.35,4.5,5.4,1.8,4.3,3.2,4.2,3.35,2025-09-13,Logan Webb,0.2558158508158508,0.04956643356643356,0.24442843769502803,Clayton Kershaw,0.2266751918158567,0.06415019762845849,0.2398869381891453
2025-09-14,SFG,LAD,12.0,2.0,10.0,5.8,6.0,6.4,4.9,6.65,4.75,7.4,2.4,5.1,3.5,4.7,3.3,2025-09-14,Robbie Ray,0.21696724328303268,0.09989118433054353,0.2389813133726177,Tyler Glasnow,0.32089504698200344,0.10614216701173221,0.2823013937627629
2025-09-22,SFG,STL,11.0,5.0,6.0,3.4,4.4,3.5,6.1,5.65,5.5,4.6,3.8,3.7,4.1,3.4,4.2,2025-09-22,Justin Verlander,0.23407778938813414,0.08786810635086494,0.20932871265849987,Michael McGreevy,0.16838866930171276,0.06575757575757574,0.1724494949494949
2025-09-23,SFG,STL,17.0,8.0,9.0,3.4,4.4,3.5,6.4,5.15,5.4,4.6,2.6,3.9,4.3,3.55,4.05,2025-09-23,Logan Webb,0.24939860139860132,0.05944055944055941,0.2340805626598465,Andre Pallante,0.122,0.10969696969696967,0.14006753732589597
2025-09-27,SFG,COL,7.0,4.0,3.0,5.2,4.4,4.1,5.1,4.95,5.4,2.6,5.2,3.6,5.8,3.2,5.95,2025-09-27,Justin Verlander,0.22204075235109716,0.0897199582027168,0.22146084479063202,Kyle Freeland,0.1809143352621613,0.023245916724177577,0.19440512301988536
2025-04-25,STL,MIL,5.0,3.0,2.0,4.2,5.0,3.8,4.0,4.95,4.7,6.8,3.8,5.1,3.5,5.45,3.5,2025-04-25,Matthew Liberatore,0.24305555555555555,0.0206228956228956,0.22952740792158344,Tyler Alexander,0.20611310885910425,0.12571101667211504,0.16950471097529918
2025-04-26,STL,MIL,11.0,6.0,5.0,4.8,4.8,3.3,3.9,4.85,4.75,4.4,4.2,5.2,2.9,5.5,3.65,2025-04-26,Sonny Gray,0.25854600301659125,0.036025641025641,0.2696253043957411,Quinn Priester,0.16875522138680024,0.15455304928989133,0.23087601157776594
2025-04-27,STL,MIL,8.0,1.0,7.0,5.2,4.4,3.9,4.2,4.7,4.9,5.0,4.4,5.2,3.5,5.6,3.85,2025-04-27,Erick Fedde,0.10522624434389141,0.13513574660633482,0.17071428571428568,Jose Quintana,0.12752525252525249,0.06944444444444443,0.1295739348370927
2025-05-02,STL,NYM,12.0,3.0,9.0,3.6,4.0,4.4,4.2,3.75,3.55,7.8,4.8,6.2,3.8,5.4,3.45,2025-05-02,Sonny Gray,0.22817563264622082,0.03824786324786322,0.23278319913258322,Clay Holmes,0.28265700483091794,0.08014492753623186,0.23408593322386428
2025-05-04,STL,NYM,11.0,6.0,5.0,4.0,4.4,4.1,4.4,3.8,4.0,8.2,3.8,6.4,3.7,5.35,3.35,2025-05-04,Erick Fedde,0.11281245124044312,0.14892885005461068,0.16499999999999998,Tylor Megill,0.29590156220591,0.10090344438170522,0.22184788412948003
2025-05-05,STL,PIT,9.0,6.0,3.0,4.8,5.6,4.1,4.5,3.95,4.25,2.4,5.2,2.4,5.6,3.1,4.4,2025-05-05,Miles Mikolas,0.13361904761904758,0.06504761904761905,0.12947605160094772,Joey Wentz,0.04,0.13333333333333333,0.1474358974358974
2025-05-06,STL,PIT,3.0,2.0,1.0,4.2,6.0,4.4,4.6,3.85,4.25,2.2,5.8,2.4,5.8,3.15,4.45,2025-05-06,Matthew Liberatore,0.2261967501097936,0.03316498316498314,0.2184662486815891,Paul Skenes,0.2304113712374582,0.050474916387959846,0.25752278545826934
2025-05-07,STL,PIT,5.0,5.0,0.0,4.4,4.4,4.0,4.2,3.95,4.2,1.8,4.6,2.2,6.0,3.2,4.35,2025-05-07,Sonny Gray,0.2083495456896991,0.06433481976960234,0.19389431024369433,Mitch Keller,0.16693939393939392,0.0567373737373737,0.1528046421663443
2025-05-19,STL,DET,15.0,11.0,4.0,5.4,2.8,5.5,1.9,4.75,3.05,5.8,3.0,5.6,3.5,6.15,3.45,2025-05-19,Sonny Gray,0.23195738882695402,0.07400148643626901,0.22098763733702137,Keider Montero,0.167454719609892,0.10010884709160568,0.20790607832713093
2025-05-20,STL,DET,9.0,4.0,5.0,7.4,3.2,6.1,2.3,5.25,2.9,3.8,4.8,5.0,4.4,6.15,3.85,2025-05-20,Erick Fedde,0.16105529741332802,0.11203725060546647,0.13305860805860803,Tyler Holton,0.17333333333333334,0.13333333333333333,0.1488888888888889
2025-05-21,STL,DET,6.0,1.0,5.0,5.4,2.8,5.5,2.8,5.4,3.0,3.6,4.6,4.4,4.7,6.1,3.95,2025-05-21,Andre Pallante,0.13064274212100296,0.0801821946169772,0.17165619676897867,Tyler Holton,0.10666666666666669,0.13333333333333333,0.10888888888888888
2025-05-23,STL,ARI,7.0,4.0,3.0,3.6,3.2,5.2,3.1,5.15,3.25,6.2,4.4,5.1,4.8,4.6,5.05,2025-05-23,Miles Mikolas,0.14998268398268397,0.07275324675324674,0.13848788804284157,Zac Gallen,0.2517451115711985,0.09994939038417297,0.19153802405944384
2025-05-24,STL,ARI,11.0,6.0,5.0,4.2,3.8,5.0,3.3,4.9,3.35,5.2,5.2,5.1,5.2,4.6,4.85,2025-05-24,Matthew Liberatore,0.19917007308311652,0.054914529914529886,0.204563492063492,Merrill Kelly,0.2540846029976464,0.033695652173913036,0.22057575757575756
2025-05-25,STL,ARI,7.0,4.0,3.0,5.2,4.4,5.3,3.6,5.15,3.15,3.8,3.6,5.5,5.0,4.65,5.0,2025-05-25,Sonny Gray,0.2715178283873936,0.07583298826777086,0.20198054513843983,Brandon Pfaadt,0.16361416361416356,0.0681466681466681,0.16893939393939392
2025-06-03,STL,KCR,17.0,7.0,10.0,3.4,5.4,3.4,4.8,4.45,3.8,2.2,3.4,3.0,3.9,3.05,3.8,2025-06-03,Andre Pallante,0.16679894179894175,0.09365079365079362,0.17658429716180474,Michael Lorenzen,0.18835553940201613,0.0458836238446433,0.23726964370812653
2025-06-05,STL,KCR,12.0,5.0,7.0,3.4,6.6,4.0,5.3,4.6,4.2,3.8,3.4,3.8,4.3,3.05,4.15,2025-06-05,Miles Mikolas,0.1592414831545266,0.06544889892715977,0.13635455344928665,Cole Ragans,0.3828985507246377,0.0945341614906832,0.2703935599284436
2025-06-07,STL,LAD,3.0,2.0,1.0,4.0,5.0,4.0,5.2,4.65,4.4,5.6,5.0,5.7,4.7,5.95,5.1,2025-06-07,Erick Fedde,0.17769985974754557,0.06678260869565217,0.1624127974127974,Yoshinobu Yamamoto,0.24128082062864667,0.08838697534349704,0.2135264954395389
2025-06-10,STL,TOR,19.0,9.0,10.0,4.4,5.0,3.9,5.2,4.15,4.35,5.0,3.2,6.7,4.2,4.7,3.4,2025-06-10,Miles Mikolas,0.16510228901533247,0.0445697780480389,0.14260455344928666,Chris Bassitt,0.21338678712591755,0.07455448898927158,0.18880116959064325
2025-06-11,STL,TOR,7.0,2.0,5.0,4.8,5.0,4.1,5.8,4.1,4.7,6.6,4.8,6.5,5.1,5.1,3.8,2025-06-11,Matthew Liberatore,0.16395038134168566,0.03424510272336356,0.1884630274874177,Eric Lauer,0.24426129426129423,0.08998778998778996,0.21851345535556055
2025-06-20,STL,CIN,7.0,6.0,1.0,5.8,3.4,4.5,4.6,4.25,4.9,7.0,6.6,6.2,5.1,5.1,4.8,2025-06-20,Andre Pallante,0.18907407407407406,0.08296296296296295,0.23309984809784084,Brady Singer,0.14544327836081955,0.12282201756264718,0.21248062015503874
2025-06-22,STL,CIN,5.0,1.0,4.0,6.6,3.0,4.9,4.6,4.35,4.8,6.2,5.6,5.0,5.6,4.75,4.55,2025-06-22,Miles Mikolas,0.1537386526516961,0.02472129319955404,0.13547442867210308,Andrew Abbott,0.203829970870644,0.0402308771172726,0.1982561018843348
2025-06-23,STL,CHC,10.0,8.0,2.0,5.2,2.8,4.7,4.3,4.3,4.75,6.4,8.2,4.7,5.9,4.25,4.0,2025-06-23,Matthew Liberatore,0.158938118242466,0.026219461697722556,0.15570112272551292,Ben Brown,0.2537445887445887,0.07341991341991341,0.2725487331300645
2025-06-24,STL,CHC,15.0,8.0,7.0,6.4,2.6,4.6,3.5,4.35,4.65,5.8,9.2,4.9,6.3,4.2,4.35,2025-06-24,Michael McGreevy,0.23515519568151144,0.03421052631578947,0.20275689223057636,Drew Pomeranz,0.18666666666666668,0.1,0.1007936507936508
2025-06-25,STL,CHC,8.0,0.0,8.0,5.6,3.6,5.2,3.7,4.45,4.8,5.8,9.2,4.8,6.7,4.45,4.7,2025-06-25,Erick Fedde,0.17761904761904757,0.09152380952380951,0.16895493948125523,Matthew Boyd,0.21708116444958545,0.05527125506072872,0.1857698803468651
2025-06-26,STL,CHC,3.0,0.0,3.0,4.6,4.4,5.2,3.9,4.4,4.65,6.6,7.4,5.4,6.0,4.75,4.4,2025-06-26,Andre Pallante,0.20216931216931214,0.059153439153439145,0.24350173935079594,Drew Pomeranz,0.12000000000000002,0.1,0.05079365079365078
2025-07-08,STL,WSN,6.0,4.0,2.0,2.2,6.8,3.2,5.0,4.2,4.45,5.8,7.6,5.1,7.1,5.2,6.8,2025-07-08,Sonny Gray,0.25122751322751313,0.037047619047619045,0.25177489177489176,Jake Irvin,0.21101449275362313,0.09069565217391304,0.17621069686287077
2025-07-09,STL,WSN,10.0,2.0,8.0,3.0,7.0,3.6,4.9,4.3,4.4,4.4,7.6,5.0,7.1,4.85,6.45,2025-07-09,Andre Pallante,0.17379572118702552,0.0717138256268691,0.2576881669582761,MacKenzie Gore,0.18565638548247243,0.09610454601758947,0.23547245301282568
2025-07-10,STL,WSN,9.0,8.0,1.0,3.4,7.6,3.3,5.7,4.0,4.55,3.8,6.6,5.8,7.2,5.1,6.35,2025-07-10,Miles Mikolas,0.21357142857142858,0.02833333333333332,0.1834720620434906,Michael Soroka,0.3073593073593074,0.08780182780182777,0.25699034595620446
2025-07-11,STL,ATL,11.0,5.0,6.0,4.4,5.6,3.2,5.2,4.3,4.45,2.8,4.4,2.9,4.5,3.35,4.2,2025-07-11,Matthew Liberatore,0.17860225442834135,0.09019001610305957,0.19169542367488449,Grant Holmes,0.3297826086956522,0.13175362318840578,0.3590674464284171
2025-07-12,STL,ATL,13.0,6.0,7.0,3.8,5.6,3.0,5.8,3.95,4.65,3.8,4.4,3.5,3.7,3.6,3.95,2025-07-12,Erick Fedde,0.09999999999999995,0.14062271062271062,0.1316398977699287,Joey Wentz,0.1412121212121212,0.13666666666666666,0.20326839826839826
2025-07-24,STL,SDP,16.0,9.0,7.0,2.8,6.2,4.1,5.6,3.7,5.65,3.4,2.6,3.8,2.6,3.35,3.4,2025-07-24,Sonny Gray,0.3175238095238095,0.018,0.29131771776449433,Yu Darvish,0.13956228956228955,0.11767676767676764,0.2503557874762808
2025-07-25,STL,SDP,3.0,3.0,0.0,4.4,5.6,4.2,6.2,3.7,5.7,4.4,3.6,4.1,3.2,3.4,3.65,2025-07-25,Miles Mikolas,0.2301503759398496,0.05105263157894736,0.21600619457762313,Nick Pivetta,0.30748060313277703,0.04208754208754206,0.2397030977494187
2025-07-26,STL,SDP,4.0,1.0,3.0,4.4,4.6,4.0,5.6,3.5,5.7,2.8,4.0,3.7,3.3,3.3,3.65,2025-07-26,Matthew Liberatore,0.14660225442834135,0.09330112721417066,0.17787724185670267,Randy V\xc3\xa1squez,0.05789648033126291,0.0947747629944426,0.08565435930469745
2025-07-27,STL,SDP,11.0,2.0,9.0,3.4,4.8,3.5,5.2,3.55,5.5,3.0,4.0,3.5,3.0,3.45,3.5,2025-07-27,Michael McGreevy,0.15830923462502408,0.0300501253132832,0.17663947258174756,Stephen Kolek,0.1793846153846154,0.035692307692307676,0.17385751583426
2025-07-28,STL,MIA,8.0,7.0,1.0,3.0,5.0,3.2,5.7,3.65,5.9,4.2,2.6,4.6,2.4,4.1,2.95,2025-07-28,Andre Pallante,0.11655233494363926,0.07485668276972622,0.2310856040811248,Edward Cabrera,0.2537564046259698,0.03560606060606058,0.2832520325203252
2025-07-29,STL,MIA,5.0,0.0,5.0,4.4,4.0,3.6,5.1,4.0,5.7,3.6,3.4,4.1,3.1,4.1,3.2,2025-07-29,Sonny Gray,0.27598941798941795,0.018,0.27097139741817394,Sandy Alcantara,0.13960312151616497,0.038769230769230764,0.14086357039187228
2025-07-30,STL,MIA,2.0,0.0,2.0,2.6,3.6,3.5,4.6,3.85,5.4,4.0,3.0,3.5,3.0,4.15,3.15,2025-07-30,Miles Mikolas,0.17967418546365913,0.04105263157894736,0.1781683567397853,Cal Quantrill,0.2381446039340776,0.03020202020202018,0.20411703887510338
2025-08-08,STL,CHC,5.0,5.0,0.0,5.0,5.8,3.5,5.0,3.5,5.1,3.4,3.2,4.0,4.0,4.25,4.15,2025-08-08,Michael McGreevy,0.11723231154810101,0.04343474069789858,0.1817294550630344,Matthew Boyd,0.2698479532163743,0.05852631578947369,0.2609153293943125
2025-08-09,STL,CHC,10.0,1.0,9.0,4.4,4.8,3.8,4.1,3.5,4.9,2.8,3.4,3.5,4.1,4.0,4.3,2025-08-09,Andre Pallante,0.14422031913336258,0.07604245352071436,0.24766840724287534,Drew Pomeranz,0.38,0.09,0.3785714285714285
2025-08-10,STL,CHC,5.0,3.0,2.0,4.0,5.2,3.2,4.9,3.4,5.0,3.6,3.0,4.0,3.4,4.25,4.3,2025-08-10,Sonny Gray,0.27922130204738893,0.01702898550724636,0.259889413898144,Shota Imanaga,0.25729677729677725,0.016498316498316477,0.21497389383103666
2025-08-11,STL,COL,5.0,3.0,2.0,4.0,5.2,3.5,4.6,3.5,4.6,3.4,11.0,4.8,10.5,4.7,8.6,2025-08-11,Miles Mikolas,0.15708101776179575,0.04355263157894736,0.1545403284533719,Chase Dollander,0.09080407578691327,0.10836400441663596,0.18316255816255814
2025-08-12,STL,COL,3.0,0.0,3.0,3.4,3.2,3.8,4.6,3.5,4.45,3.0,9.6,5.0,10.3,4.3,8.45,2025-08-12,Matthew Liberatore,0.0825816517578531,0.0946018537780551,0.11742993848257002,Kyle Freeland,0.1392508361204013,0.06446822742474914,0.18503338766496658
2025-08-13,STL,COL,11.0,5.0,6.0,2.4,3.2,3.7,4.5,3.2,4.5,3.4,5.6,3.6,8.7,4.4,8.1,2025-08-13,Michael McGreevy,0.08860073260073258,0.040908424908424904,0.1554136655893502,Austin Gomber,0.15900765900765895,0.07978687978687973,0.14186868686868684
2025-08-16,STL,NYY,20.0,8.0,12.0,2.8,3.4,3.4,4.3,3.4,4.3,4.2,3.4,3.2,3.4,4.15,5.0,2025-08-16,Sonny Gray,0.24973412256020944,0.02472129319955404,0.223657529840173,Max Fried,0.19104273504273497,0.10291737891737884,0.25399769568641867
2025-08-17,STL,NYY,12.0,4.0,8.0,3.8,5.4,3.9,5.3,3.35,4.55,6.4,3.6,4.4,4.0,4.7,5.2,2025-08-17,Miles Mikolas,0.12015794083871882,0.04124493927125504,0.12633520024824368,Will Warren,0.2428903222381483,0.09331501831501826,0.24476964769647697
2025-08-25,STL,PIT,13.0,7.0,6.0,4.8,6.2,5.2,6.4,4.45,5.45,4.6,1.8,4.0,3.2,3.85,4.6,2025-08-25,Michael McGreevy,0.12877591973244146,0.03138461538461538,0.1662090592429584,Andrew Heaney,0.09066666666666663,0.0771111111111111,0.1630942741469057
2025-08-26,STL,PIT,11.0,3.0,8.0,4.8,6.6,5.4,6.4,4.4,5.5,5.2,1.8,4.1,2.7,3.7,4.7,2025-08-26,Andre Pallante,0.1674425413555848,0.0985752170534779,0.1963462268725426,Mitch Keller,0.18967532467532466,0.1251298701298701,0.21409405867610198
2025-08-27,STL,PIT,3.0,1.0,2.0,5.0,7.0,5.4,6.8,4.4,5.55,6.4,2.2,4.6,2.8,3.85,4.65,2025-08-27,Sonny Gray,0.2676234924495794,0.049812202290463126,0.23001512573265268,Carmen Mlodzinski,0.3157142857142857,0.04,0.2594227994227994
2025-08-28,STL,PIT,5.0,4.0,1.0,3.8,6.6,4.7,5.8,4.3,5.55,5.0,2.4,4.7,2.6,3.9,4.3,2025-08-28,Miles Mikolas,0.0988619472315124,0.07478167967298398,0.1401361440491875,Braxton Ashcraft,0.2686285936285936,0.02583333333333332,0.23219488844488842
2025-09-01,STL,ATH,14.0,3.0,11.0,3.2,4.0,4.0,5.3,4.1,5.3,5.2,5.2,5.3,4.8,5.7,4.15,2025-09-01,Sonny Gray,0.2759568257829127,0.06290744038570122,0.25156929476271506,Luis Morales,0.22515750915750915,0.13419291819291818,0.20607528436475803
2025-09-02,STL,ATH,3.0,2.0,1.0,3.2,4.6,4.1,5.8,4.2,5.4,5.8,5.2,5.7,4.9,5.45,3.95,2025-09-02,Miles Mikolas,0.1030027339809948,0.08430548919679351,0.147020202020202,Luis Severino,0.2578787878787879,0.07084848484848486,0.17491939793007635
2025-09-03,STL,ATH,6.0,5.0,1.0,3.4,4.4,3.6,5.5,4.15,5.35,4.6,5.6,5.2,4.8,5.45,3.95,2025-09-03,Matthew Liberatore,0.1802769423558897,0.08012907268170424,0.15194345794987332,Jeffrey Springs,0.18498200629779576,0.07085470085470083,0.24868979319107193
2025-09-06,STL,SFG,5.0,3.0,2.0,3.2,5.6,3.5,4.7,4.35,5.55,9.2,3.6,8.3,4.5,6.1,4.4,2025-09-06,Andre Pallante,0.16929629629629628,0.10294017094017091,0.14241111436600154,Justin Verlander,0.2788618788618788,0.06839456839456837,0.21670202020202015
2025-09-07,STL,SFG,7.0,4.0,3.0,3.0,4.6,3.1,4.3,4.25,5.35,7.0,3.8,8.0,4.6,5.9,4.2,2025-09-07,Sonny Gray,0.23864967290773742,0.07356662692146561,0.23693514842125163,Kai-Wei Teng,0.20261437908496732,0.12287581699346402,0.219775019923031
2025-09-15,STL,CIN,17.0,6.0,11.0,2.8,4.4,2.9,4.5,3.45,4.9,3.0,4.8,4.6,5.9,3.9,5.3,2025-09-15,Matthew Liberatore,0.20891729323308267,0.09662656641604009,0.18956250556892093,Zack Littell,0.18522918258212376,0.06271836007130123,0.18211348783845127
2025-09-16,STL,CIN,3.0,3.0,0.0,3.2,6.0,3.2,4.5,3.65,5.15,4.4,5.6,4.8,5.3,4.15,5.4,2025-09-16,Michael McGreevy,0.16038866930171275,0.041757575757575736,0.1707699083861874,Andrew Abbott,0.25911255411255407,0.05769696969696968,0.22388228792484108
2025-09-17,STL,CIN,8.0,2.0,6.0,3.4,5.2,3.3,4.4,3.45,4.95,4.0,6.0,3.9,4.3,4.1,5.45,2025-09-17,Andre Pallante,0.12662962962962962,0.1069191919191919,0.11431165826654546,Brady Singer,0.2501462450592885,0.07478656126482211,0.24951355433058975
2025-09-19,STL,MIL,8.0,7.0,1.0,3.2,5.4,3.0,4.9,3.25,4.75,6.6,2.2,5.4,3.0,5.15,3.75,2025-09-19,Sonny Gray,0.26503318413335386,0.09676427138226797,0.29820659971305596,Tobias Myers,0.22833333333333333,0.06666666666666667,0.15076923076923077
2025-09-21,STL,MIL,6.0,5.0,1.0,4.2,4.0,3.5,4.2,3.5,4.45,5.2,3.2,5.1,3.6,4.75,3.7,2025-09-21,Matthew Liberatore,0.21347215865751332,0.09579840906614359,0.19511806112447652,Erick Fedde,0.08666666666666664,0.13333333333333336,0.11388521388521385
2025-04-29,TBR,KCR,4.0,1.0,3.0,2.0,2.4,3.3,2.8,3.55,3.85,4.0,2.6,3.0,3.7,2.6,3.7,2025-04-29,Taj Bradley,0.2320917874396135,0.10039153439153436,0.23107510537995873,Michael Lorenzen,0.1952664437012263,0.08876923076923075,0.22264246432006418
2025-05-01,TBR,KCR,10.0,2.0,8.0,2.0,1.8,1.4,2.6,3.4,3.7,2.6,1.6,3.1,3.0,2.65,3.3,2025-05-01,Shane Baz,0.32114699792960655,0.081015873015873,0.24086696297004623,Seth Lugo,0.19443294225902918,0.06259489302967561,0.17260105351469557
2025-05-06,TBR,PHI,12.0,4.0,8.0,2.4,4.2,2.3,3.2,3.25,3.7,5.2,3.2,5.2,4.4,4.6,4.75,2025-05-06,Drew Rasmussen,0.2566567934988987,0.06752487278803063,0.19937193082400112,Zack Wheeler,0.2997037037037037,0.05362962962962962,0.2683631413598117
2025-05-07,TBR,PHI,7.0,0.0,7.0,3.2,5.2,2.6,3.5,3.4,3.55,5.4,2.8,4.9,3.8,4.75,4.6,2025-05-07,Shane Baz,0.24133333333333332,0.10244444444444442,0.20558557768866095,Taijuan Walker,0.17749732620320852,0.11918716577540105,0.1590175195438353
2025-05-09,TBR,MIL,7.0,4.0,3.0,2.8,5.0,2.5,4.2,3.1,3.75,3.2,3.8,3.6,4.4,4.4,3.95,2025-05-09,Zack Littell,0.12976190476190474,0.04385714285714284,0.1538844632618303,Jose Quintana,0.180862977602108,0.07644927536231881,0.15179576849099488
2025-05-10,TBR,MIL,5.0,3.0,2.0,3.6,5.0,2.5,4.4,3.1,3.65,3.4,3.4,3.2,4.7,4.3,4.1,2025-05-10,Taj Bradley,0.12846127946127944,0.11179124579124577,0.15327397240440715,Tyler Alexander,0.06000000000000001,0.05,0.04
2025-05-11,TBR,MIL,6.0,2.0,4.0,3.6,5.0,2.4,4.4,2.85,3.6,3.0,4.0,2.7,4.8,4.15,4.1,2025-05-11,Drew Rasmussen,0.23221234905445431,0.07641376167691954,0.1932552878652529,Tyler Alexander,0.11000000000000001,0.05,0.04
2025-05-21,TBR,HOU,12.0,8.0,4.0,3.0,4.0,4.0,4.1,3.25,4.25,3.4,3.4,3.4,2.9,4.4,3.9,2025-05-21,Taj Bradley,0.14790572390572385,0.10185858585858583,0.17413246235707944,Hunter Brown,0.37318840579710144,0.07681159420289853,0.2715400202634245
2025-05-23,TBR,TOR,4.0,3.0,1.0,3.8,3.0,4.5,4.3,3.45,4.35,5.0,1.8,5.5,3.3,4.75,4.2,2025-05-23,Drew Rasmussen,0.1703463203463203,0.0486147186147186,0.15409800725590195,Jos\xc3\xa9 Ure\xc3\xb1a,0.07973856209150326,0.08509803921568626,0.1528154736434582
2025-05-24,TBR,TOR,4.0,3.0,1.0,3.6,3.2,4.6,4.0,3.55,4.25,4.4,1.4,5.0,3.3,4.75,4.1,2025-05-24,Shane Baz,0.16115789473684208,0.09095739348370924,0.17345005807200925,Jos\xc3\xa9 Berr\xc3\xados,0.2199572118702553,0.08477754773406944,0.2355747444045316
2025-05-25,TBR,TOR,13.0,13.0,0.0,4.0,2.4,3.8,3.2,3.7,4.15,4.2,1.8,4.2,3.5,4.7,3.75,2025-05-25,Ryan Pepiot,0.142,0.076,0.14925438596491222,Chris Bassitt,0.21633583208395799,0.03959220389805096,0.1897222222222222
2025-05-26,TBR,MIN,9.0,7.0,2.0,6.0,1.6,5.0,2.9,4.25,3.75,3.4,4.0,4.5,2.9,4.1,2.75,2025-05-26,Zack Littell,0.14145962732919254,0.025142857142857144,0.14652906617192332,Chris Paddack,0.1299880729491713,0.05407045281187156,0.1570366151463712
2025-05-27,TBR,MIN,6.0,2.0,4.0,6.8,1.6,4.9,2.8,4.6,3.7,3.4,4.4,4.1,3.3,4.15,3.0,2025-05-27,Taj Bradley,0.18477528912311517,0.10324989020641191,0.2001064883311054,Joe Ryan,0.34859011164274323,0.04647687400318976,0.2808015513897867
2025-05-28,TBR,MIN,5.0,5.0,0.0,5.6,1.6,4.7,2.3,4.55,3.8,3.0,3.8,3.7,2.9,4.25,2.9,2025-05-28,Drew Rasmussen,0.14999999999999997,0.05727272727272725,0.14516383797690507,Pablo L\xc3\xb3pez,0.3154031282726935,0.04529292929292929,0.27041875998397735
2025-06-03,TBR,TEX,6.0,5.0,1.0,7.0,1.8,6.3,1.7,5.4,3.0,4.2,1.2,3.3,2.7,3.5,2.65,2025-06-03,Drew Rasmussen,0.1727272727272727,0.05818181818181818,0.15439460720767434,Tyler Mahle,0.12832674571805006,0.08763504611330697,0.17924092918079962
2025-06-04,TBR,TEX,9.0,5.0,4.0,7.0,2.0,6.5,1.7,5.55,2.85,4.0,2.2,3.4,3.1,3.25,2.85,2025-06-04,Shane Baz,0.1657976462896371,0.08761577857687694,0.16197869674185458,Kumar Rocker,0.1568912351265292,0.06113624937154348,0.21547452547452547
2025-06-05,TBR,TEX,7.0,4.0,3.0,5.4,2.2,6.7,2.0,5.25,2.6,4.8,2.8,3.7,3.2,3.35,3.05,2025-06-05,Ryan Pepiot,0.18003030303030304,0.053424242424242395,0.16273422918999622,Jacob Latz,0.4115384615384615,0.08076923076923075,0.3678985507246376
2025-06-06,TBR,MIA,7.0,4.0,3.0,6.0,2.4,5.8,2.3,5.4,2.6,2.2,3.2,3.6,3.6,3.65,4.3,2025-06-06,Zack Littell,0.17698729785686304,0.02054826254826254,0.15789496395573152,Edward Cabrera,0.2562472551602986,0.07251239099065185,0.26390936390936387
2025-06-08,TBR,MIA,5.0,3.0,2.0,3.6,2.4,5.5,2.4,5.2,2.6,2.6,4.0,3.3,3.8,3.7,4.25,2025-06-08,Drew Rasmussen,0.2527272727272727,0.038181818181818185,0.17672746638263875,Valente Bellozo,0.2509324009324009,0.06538461538461536,0.27963015479144504
2025-06-16,TBR,BAL,8.0,7.0,1.0,5.6,3.2,4.9,2.9,5.6,2.3,6.0,2.4,4.9,3.4,4.3,2.95,2025-06-16,Ryan Pepiot,0.23569696969696965,0.0611385281385281,0.2242350557244174,Zach Eflin,0.181028231028231,0.03420745920745918,0.17723155929038276
2025-06-17,TBR,BAL,6.0,1.0,5.0,6.8,2.8,5.1,2.9,5.8,2.3,4.2,3.6,4.6,3.8,4.25,3.25,2025-06-17,Zack Littell,0.20192863671124534,0.0054054054054054005,0.18813305919382675,Dean Kremer,0.21070853462157807,0.06261303109129192,0.19262793603198397
2025-06-19,TBR,BAL,5.0,1.0,4.0,7.4,3.6,5.5,3.5,5.65,2.9,6.2,5.4,4.8,4.2,4.4,3.75,2025-06-19,Drew Rasmussen,0.2308441558441558,0.046038961038961025,0.16991649957167193,Charlie Morton,0.31746031746031744,0.09027777777777776,0.2934877676125882
2025-06-20,TBR,DET,22.0,14.0,8.0,6.0,3.6,5.2,3.6,5.35,3.0,6.4,5.8,4.7,4.9,4.35,3.7,2025-06-20,Shane Baz,0.1951361440491875,0.0920802225150051,0.2351821913149144,Jack Flaherty,0.2959963949094383,0.11023577871403953,0.22399999999999998
2025-06-21,TBR,DET,11.0,8.0,3.0,7.0,5.2,6.3,4.2,5.95,3.2,5.8,7.6,5.4,5.7,4.6,4.35,2025-06-21,Ryan Pepiot,0.3011784511784511,0.0679533429533429,0.2669561441597915,Brant Hurter,0.15,0.05,0.1278280542986425
2025-06-22,TBR,DET,12.0,3.0,9.0,7.2,5.6,7.0,4.2,6.1,3.35,6.2,7.0,5.3,6.5,4.6,4.7,2025-06-22,Zack Littell,0.1737547236677671,0.0054054054054054005,0.17781345965589837,Casey Mize,0.2129254658385093,0.07885714285714285,0.19102516192929553
2025-06-30,TBR,ATH,10.0,4.0,6.0,5.4,6.0,5.8,5.5,5.65,4.5,3.0,4.6,3.0,5.3,3.6,4.9,2025-06-30,Drew Rasmussen,0.2516575529733424,0.06618250170881747,0.194508593768476,Sean Newcomb,0.19469696969696967,0.03333333333333332,0.11075396825396824
2025-07-02,TBR,ATH,11.0,6.0,5.0,5.6,7.2,6.1,5.7,5.65,4.65,3.6,5.4,3.2,4.6,3.65,4.9,2025-07-02,Ryan Pepiot,0.30345117845117847,0.10204425204425198,0.27614376504954014,Mitch Spence,0.17516254404126252,0.05541752933057277,0.23849791703338613
2025-07-18,TBR,BAL,12.0,11.0,1.0,3.0,3.4,3.2,4.1,4.65,4.9,3.2,4.6,2.8,4.3,4.15,4.95,2025-07-18,Joe Boyle,0.2732699805068226,0.09624756335282651,0.2806794654620741,Charlie Morton,0.2729164169164169,0.051090243090243084,0.2530906868092147
2025-07-19,TBR,BAL,7.0,4.0,3.0,3.8,3.0,3.7,3.7,4.5,4.55,2.8,6.6,2.4,5.3,3.95,5.45,2025-07-19,Zack Littell,0.19163157894736838,0.04933333333333332,0.20567691909343822,Dean Kremer,0.2362475556480133,0.0551725261771028,0.22240188707061764
2025-07-20,TBR,BAL,8.0,3.0,5.0,4.0,2.8,3.8,3.6,4.3,4.55,2.0,6.8,2.5,4.7,3.7,5.05,2025-07-20,Ryan Pepiot,0.2263030303030303,0.1085151515151515,0.216103009311322,Trevor Rogers,0.24508417508417507,0.10060606060606059,0.26589225589225585
2025-07-21,TBR,CHW,11.0,3.0,8.0,3.8,2.8,3.6,3.5,4.3,4.35,6.2,3.4,5.4,3.7,4.0,3.9,2025-07-21,Shane Baz,0.27108994708994705,0.07869841269841266,0.28684498041640893,Tyler Gilbert,0.1688095238095238,0.045,0.12230769230769227
2025-07-22,TBR,CHW,7.0,4.0,3.0,4.4,4.2,3.8,3.8,4.2,4.7,7.4,3.2,5.9,3.8,4.2,3.95,2025-07-22,Drew Rasmussen,0.19665755297334242,0.08261107313738889,0.20353012518131175,Tyler Alexander,0.2609279609279609,0.08076923076923075,0.31590909090909086
2025-07-23,TBR,CHW,20.0,9.0,11.0,5.0,4.0,4.0,3.7,4.25,4.85,7.6,2.8,5.2,3.9,4.35,3.65,2025-07-23,Joe Boyle,0.2763810568086884,0.10789995822890558,0.3105095990965556,Tyler Gilbert,0.24500000000000002,0.11166666666666666,0.20948717948717946
2025-08-01,TBR,LAD,5.0,0.0,5.0,3.2,4.8,3.7,5.8,3.75,4.7,3.4,3.8,4.3,4.2,3.65,5.2,2025-08-01,Shane Baz,0.23624146224146222,0.0743213083213083,0.2424239507123604,Clayton Kershaw,0.1353174603174603,0.05431216931216929,0.21344534006430677
2025-08-03,TBR,LAD,3.0,0.0,3.0,3.4,4.2,3.5,5.0,3.65,4.4,3.4,3.0,3.8,3.8,3.55,4.4,2025-08-03,Joe Boyle,0.22999373433583958,0.09743107769423556,0.30032780216510935,Yoshinobu Yamamoto,0.2572400932400932,0.09173478373478369,0.26226359338061467
2025-08-19,TBR,NYY,16.0,3.0,13.0,3.6,4.4,3.9,4.6,3.35,4.3,6.8,4.0,4.9,3.7,4.85,5.2,2025-08-19,Shane Baz,0.2872216905901116,0.08674960127591703,0.23296501211099022,Carlos Rod\xc3\xb3n,0.2576213480561306,0.1449625028755463,0.26864239174306637
2025-08-21,TBR,STL,11.0,4.0,7.0,4.2,5.8,3.7,5.5,3.4,4.65,5.8,6.6,4.3,5.0,3.75,4.95,2025-08-21,Joe Boyle,0.2092982456140351,0.12929824561403505,0.2110696689939326,Sonny Gray,0.25011507494116186,0.040721293199554046,0.23239607811360505
2025-08-22,TBR,STL,16.0,10.0,6.0,3.4,6.8,3.9,5.9,3.55,4.9,5.6,5.0,4.7,5.2,4.1,4.9,2025-08-22,Adrian Houser,0.18426323384218118,0.062455988455988445,0.17020825476639428,Miles Mikolas,0.09727464564421082,0.06367056856187288,0.11776377167681513
2025-08-24,TBR,STL,9.0,7.0,2.0,4.0,6.8,4.5,5.8,3.85,5.1,6.0,5.4,5.0,6.0,4.4,5.3,2025-08-24,Ryan Pepiot,0.24171842650103517,0.11335403726708068,0.22305410390739988,Matthew Liberatore,0.13291809068124855,0.07073194349510138,0.11507936507936505
2025-09-01,TBR,SEA,12.0,10.0,2.0,4.8,1.8,4.9,4.4,4.7,4.3,4.2,4.2,5.0,5.0,4.75,4.95,2025-09-01,Shane Baz,0.2996064073226544,0.08999949148232898,0.25792201377958224,Emerson Hancock,0.13435749657638707,0.11052590587822966,0.17396049833607646
2025-09-02,TBR,SEA,11.0,6.0,5.0,5.0,2.2,5.8,3.9,4.85,4.25,3.4,4.8,4.8,5.4,4.7,5.35,2025-09-02,Drew Rasmussen,0.2423598521996691,0.026086956521739126,0.23093965975544925,Bryan Woo,0.31536343366778147,0.04774358974358973,0.2180156099345704
2025-09-03,TBR,SEA,13.0,9.0,4.0,6.2,2.6,6.1,3.1,4.9,4.3,3.6,5.4,5.1,4.9,4.6,5.45,2025-09-03,Adrian Houser,0.1708721804511278,0.07542857142857141,0.18810164010164007,George Kirby,0.2282981366459627,0.06142857142857141,0.2500516481648557
2025-09-04,TBR,CLE,6.0,4.0,2.0,7.2,3.2,6.6,2.8,5.25,4.35,5.0,5.0,3.3,5.3,3.5,5.35,2025-09-04,Ryan Pepiot,0.25558397271952255,0.09654731457800508,0.24563748543814984,Logan Allen,0.20306577480490523,0.14227982162764766,0.22423803879982535
2025-09-05,TBR,CLE,8.0,1.0,7.0,7.2,3.4,6.0,2.4,5.25,4.1,4.6,5.2,3.5,4.7,3.4,5.25,2025-09-05,Ian Seymour,0.32189542483660133,0.10501867413632118,0.24664082687338498,Gavin Williams,0.23099680205942064,0.10214849192553174,0.20627097012209408
2025-09-06,TBR,CLE,5.0,2.0,3.0,6.0,4.0,5.4,2.9,5.15,4.15,5.6,4.6,4.2,4.3,3.55,5.15,2025-09-06,Shane Baz,0.2877803203661327,0.09139079583015505,0.23087798862234948,Tanner Bibee,0.18711415659691522,0.10760703408979266,0.17715723465701633
2025-09-07,TBR,CLE,3.0,1.0,2.0,4.4,4.2,4.7,3.2,4.9,4.1,5.4,3.8,4.5,3.6,3.5,4.6,2025-09-07,Drew Rasmussen,0.20025458904177434,0.026086956521739126,0.19992970242970243,Parker Messick,0.192002442002442,0.04456654456654454,0.20344202898550723
2025-09-16,TBR,TOR,11.0,5.0,6.0,3.6,5.0,3.1,4.3,4.85,3.55,6.0,2.0,6.6,3.6,5.7,4.2,2025-09-16,Ryan Pepiot,0.27007672634271096,0.10137823245240121,0.2764668384559527,Jos\xc3\xa9 Berr\xc3\xados,0.17965367965367957,0.07445887445887443,0.1864745011086474
2025-09-17,TBR,TOR,3.0,2.0,1.0,3.6,5.0,3.2,4.7,4.6,3.55,6.8,2.4,6.0,3.2,5.95,4.35,2025-09-17,Ian Seymour,0.3133817163228927,0.08351795263559968,0.2516709732988803,Kevin Gausman,0.2530908172287482,0.040303145130731306,0.22433378520160496
2025-09-18,TBR,TOR,4.0,4.0,0.0,3.8,4.2,3.3,4.1,4.35,3.5,5.8,2.8,4.8,2.5,5.75,4.35,2025-09-18,Shane Baz,0.27792761373324026,0.1013898576558423,0.24546432526498968,Chris Bassitt,0.2719393939393939,0.09538383838383836,0.27487944713451085
2025-09-19,TBR,BOS,18.0,7.0,11.0,3.8,3.0,3.5,3.8,4.1,3.5,2.8,4.0,3.9,3.4,4.15,4.15,2025-09-19,Drew Rasmussen,0.1832119825254836,0.07584772207197835,0.19788610038610038,Garrett Crochet,0.3515840455840456,0.015740740740740722,0.2584674759203061
2025-09-20,TBR,BOS,9.0,3.0,6.0,4.2,4.4,4.1,4.7,4.45,3.9,4.8,4.6,4.9,3.6,4.45,4.5,2025-09-20,Adrian Houser,0.2182051282051282,0.06031135531135527,0.14923899206970437,Kyle Harrison,0.21661342351879434,0.061076604554865396,0.23871980150175637
2025-04-19,TEX,LAD,7.0,4.0,3.0,2.6,2.0,3.0,4.3,3.15,3.85,4.8,3.2,3.9,5.1,4.4,4.05,2025-04-19,Nathan Eovaldi,0.2533549783549783,0.022727272727272724,0.27092821007895757,Jack Dreyer,0.42222222222222217,0.11111111111111108,0.3327777777777778
2025-04-20,TEX,LAD,1.0,0.0,1.0,3.2,2.0,3.4,3.9,3.25,3.75,5.0,3.2,3.8,4.9,4.35,4.2,2025-04-20,Tyler Mahle,0.2815656565656566,0.15183080808080804,0.29081217887878386,Tyler Glasnow,0.2860646599777034,0.1926978818283166,0.21732431599604274
2025-04-28,TEX,ATH,3.0,1.0,2.0,2.2,3.0,2.8,3.0,3.15,3.7,4.6,5.6,4.1,4.9,4.55,5.25,2025-04-28,Patrick Corbin,0.15555555555555553,0.07953216374269002,0.20431860431860427,JP Sears,0.2023369963369963,0.051098901098901084,0.19625433227917694
2025-04-29,TEX,ATH,17.0,15.0,2.0,2.0,2.4,2.4,2.9,2.9,3.6,4.0,4.2,4.0,4.9,4.55,4.8,2025-04-29,Jacob deGrom,0.23998405103668258,0.07043859649122804,0.2758468876115935,Jacob Lopez,0.1898148148148148,0.1111111111111111,0.19444444444444442
2025-04-30,TEX,ATH,8.0,1.0,7.0,4.4,2.0,3.9,2.8,3.45,3.55,3.4,6.8,3.4,6.4,4.3,5.35,2025-04-30,Nathan Eovaldi,0.2414756258234519,0.02727272727272726,0.25052595946850864,Luis Severino,0.17695420543696402,0.055285714285714285,0.13968428140561148
2025-05-01,TEX,ATH,3.0,0.0,3.0,4.2,3.4,3.6,3.2,3.5,3.55,4.0,6.4,3.8,6.0,4.4,4.8,2025-05-01,Tyler Mahle,0.21056721056721056,0.08090520590520586,0.21633272678601076,Jeffrey Springs,0.16681704260651625,0.15258145363408518,0.21888002881791696
2025-05-02,TEX,SEA,14.0,1.0,13.0,3.8,3.4,3.6,3.4,3.2,3.2,7.8,4.0,6.3,4.2,5.4,3.95,2025-05-02,Jacob Latz,0.15441176470588236,0.10661764705882353,0.19642857142857142,Bryan Woo,0.241561996779388,0.05516103059581316,0.22011753300022371
2025-05-12,TEX,COL,3.0,2.0,1.0,4.2,3.4,3.7,3.7,3.65,3.45,4.2,11.6,3.3,8.1,3.6,7.3,2025-05-12,Tyler Mahle,0.17167832167832167,0.06868298368298363,0.19091044221479,Chase Dollander,0.1689393939393939,0.1136363636363636,0.19977775847341062
2025-05-13,TEX,COL,5.0,4.0,1.0,3.8,2.4,3.9,3.5,3.75,3.45,4.0,10.0,3.2,8.2,3.1,6.8,2025-05-13,Jack Leiter,0.1948913043478261,0.1107246376811594,0.2102744881659122,Kyle Freeland,0.14617582417582414,0.06957509157509156,0.1675968281372084
2025-05-14,TEX,COL,11.0,8.0,3.0,4.6,1.6,4.2,2.3,3.55,3.25,4.0,8.6,2.9,8.3,3.05,6.85,2025-05-14,Patrick Corbin,0.18056590752242924,0.08321141016793189,0.1849001686217081,Antonio Senzatela,0.11132279314888008,0.05081554677206849,0.16320346320346318
2025-05-15,TEX,HOU,1.0,1.0,0.0,6.0,1.8,4.9,2.4,3.85,3.15,5.2,4.8,5.0,3.7,4.65,3.45,2025-05-15,Jacob deGrom,0.31287878787878787,0.038333333333333316,0.29957213780959185,Hunter Brown,0.34288537549407117,0.0949934123847167,0.270024868748273
2025-05-17,TEX,HOU,6.0,5.0,1.0,3.6,2.2,3.9,2.8,3.8,3.25,3.4,3.0,4.7,3.3,4.35,3.6,2025-05-17,Tyler Mahle,0.13333840072970504,0.05919681767507849,0.1552027641389343,Ronel Blanco,0.21363867211693294,0.08554564598042856,0.3024261308243371
2025-05-18,TEX,HOU,7.0,3.0,4.0,4.2,2.2,4.0,2.3,3.95,3.15,2.6,2.6,4.5,3.4,4.25,3.8,2025-05-18,Jack Leiter,0.2003458498023715,0.12799736495388664,0.20551258340400747,Framber Valdez,0.20693253373313344,0.07808095952023986,0.26202251320274095
2025-05-26,TEX,TOR,3.0,1.0,2.0,2.8,4.6,2.8,3.9,3.85,3.15,3.8,3.8,3.3,3.7,4.5,4.3,2025-05-26,Jacob deGrom,0.31866666666666665,0.04466666666666666,0.3086367520380592,Kevin Gausman,0.26224080267558525,0.0725,0.25182729643581564
2025-05-27,TEX,TOR,2.0,2.0,0.0,2.4,4.2,2.8,4.1,3.5,3.2,3.6,4.0,3.2,3.7,4.35,4.2,2025-05-27,Nathan Eovaldi,0.2822226613965744,0.05230171277997362,0.26252608906574165,Bowden Francis,0.16491319802774906,0.0692278408439399,0.21973286875725898
2025-05-28,TEX,TOR,2.0,0.0,2.0,2.8,4.0,2.7,3.5,3.3,3.15,0.8,4.4,2.9,3.1,4.2,4.05,2025-05-28,Tyler Mahle,0.1366600790513834,0.07096837944664028,0.17089395700404023,Eric Lauer,0.2161064425770308,0.05591036414565824,0.17773826458036984
2025-05-30,TEX,STL,12.0,11.0,1.0,2.6,3.6,2.2,3.6,3.1,2.95,5.0,4.2,4.6,4.0,5.1,2.9,2025-05-30,Jack Leiter,0.14292277287929459,0.13245890341542513,0.19889320742979275,Matthew Liberatore,0.194017094017094,0.054914529914529886,0.19980158730158726
2025-05-31,TEX,STL,2.0,0.0,2.0,3.8,1.8,3.0,3.3,3.65,2.75,4.0,5.4,4.6,4.9,5.05,3.4,2025-05-31,Patrick Corbin,0.2009912792521488,0.08385511428989686,0.22721838180948653,Sonny Gray,0.278925235794801,0.05361076604554864,0.212028392028392
2025-06-01,TEX,STL,9.0,8.0,1.0,2.8,1.4,2.8,3.0,3.6,2.75,3.6,4.8,3.7,4.5,4.9,3.4,2025-06-01,Jacob deGrom,0.24866666666666665,0.062057971014492744,0.25161920817841,Erick Fedde,0.16846909051677633,0.08124414715719062,0.16670940170940168
2025-06-15,TEX,CHW,3.0,2.0,1.0,8.2,3.2,5.4,3.2,4.35,2.95,3.0,5.2,3.9,4.8,4.05,4.3,2025-06-15,Kumar Rocker,0.1761894807405643,0.05996665872826862,0.2311993411993412,Aaron Civale,0.1974465148378191,0.061076604554865396,0.19901352894271854
2025-06-17,TEX,KCR,7.0,1.0,6.0,7.8,3.0,5.5,2.8,4.45,2.95,1.8,4.0,2.8,5.1,3.3,4.7,2025-06-17,Jack Leiter,0.19383290393816704,0.12527493559072506,0.18316053727953036,Seth Lugo,0.16594048277618254,0.0909723136903664,0.1404678362573099
2025-06-18,TEX,KCR,9.0,3.0,6.0,4.8,3.4,5.2,2.9,4.45,3.05,2.4,3.0,2.7,4.7,3.2,4.55,2025-06-18,Patrick Corbin,0.1754814151365875,0.07218614718614716,0.2503802503802503,Kris Bubic,0.2795484949832776,0.09852619843924187,0.3070744716093553
2025-06-19,TEX,KCR,5.0,1.0,4.0,5.0,3.4,5.2,3.1,4.35,2.85,3.6,3.4,3.1,4.3,3.45,4.55,2025-06-19,Jacob Latz,0.3416666666666667,0.05833333333333331,0.31254515599343186,Michael Wacha,0.18875776397515526,0.03967701863354036,0.1968860028860029
2025-07-01,TEX,BAL,12.0,10.0,2.0,3.8,3.6,2.9,3.6,4.4,3.4,7.2,5.4,5.5,5.6,5.1,4.5,2025-07-01,Jacob deGrom,0.27555994729907773,0.0510869565217391,0.24545827048139718,Brandon Young,0.17662513772353586,0.1436138655818289,0.2139237199582027
2025-07-02,TEX,BAL,6.0,6.0,0.0,4.6,3.6,3.6,3.7,4.5,3.45,6.4,7.4,4.9,5.4,4.85,4.8,2025-07-02,Nathan Eovaldi,0.22289898989898987,0.07916161616161613,0.26440105527804425,Tomoyuki Sugano,0.14561038961038958,0.060805194805194786,0.15622207342898742
2025-07-18,TEX,DET,2.0,2.0,0.0,8.8,4.0,7.3,3.6,5.1,3.6,4.2,8.8,4.0,6.6,5.2,5.45,2025-07-18,Patrick Corbin,0.20935353535353532,0.05177104377104376,0.26028985507246377,Tyler Holton,0.17888888888888893,0.0,0.14222222222222222
2025-07-19,TEX,DET,5.0,4.0,1.0,6.6,3.8,6.5,3.4,5.05,3.55,3.4,8.8,3.6,5.9,4.8,4.85,2025-07-19,Kumar Rocker,0.2019254658385093,0.07299171842650101,0.21306413879201655,Keider Montero,0.18432712215320907,0.06024844720496893,0.13696172661689898
2025-07-20,TEX,DET,3.0,1.0,2.0,5.8,1.8,6.3,3.5,5.15,3.55,3.0,8.2,3.0,5.2,4.7,4.65,2025-07-20,Jacob Latz,0.2863372738372738,0.09117826617826615,0.29594575519257915,Tyler Holton,0.17,0.0,0.21222222222222226
2025-07-21,TEX,ATH,9.0,7.0,2.0,3.8,1.4,5.7,3.3,5.15,3.35,5.2,4.8,4.8,5.4,4.45,5.15,2025-07-21,Jack Leiter,0.21008397061028639,0.09142300194931771,0.23349637204314036,Sean Newcomb,0.6499999999999999,0.05,0.39428571428571424
2025-07-22,TEX,ATH,8.0,6.0,2.0,3.8,1.2,6.3,3.1,5.35,3.15,4.8,5.6,4.8,5.4,4.55,5.35,2025-07-22,Jacob deGrom,0.28386034255599474,0.06057312252964424,0.2456434198287595,Sean Newcomb,0.65,0.05,0.4010084033613445
2025-07-23,TEX,ATH,3.0,2.0,1.0,4.0,1.4,6.4,2.7,5.6,3.05,4.0,6.2,4.8,5.4,4.45,5.1,2025-07-23,Patrick Corbin,0.2301327561327561,0.05263684463684463,0.26473429951690824,JP Sears,0.24452435436417122,0.08240165631469976,0.22165663083346013
2025-07-25,TEX,ATL,11.0,8.0,3.0,4.0,1.6,5.3,2.7,5.4,3.0,4.6,7.8,5.6,6.0,3.8,5.35,2025-07-25,Nathan Eovaldi,0.24136781282561331,0.05472766884531588,0.2660148484418593,Joey Wentz,0.26978354978354974,0.08666666666666667,0.28281727044884936
2025-07-27,TEX,ATL,9.0,8.0,1.0,4.8,2.0,5.3,1.9,5.65,3.05,3.4,7.0,5.0,6.6,3.95,5.55,2025-07-27,Jack Leiter,0.2323061928325086,0.10623781676413253,0.24595058449735285,Bryce Elder,0.1439951603145795,0.10263144451166226,0.2008308428749801
2025-08-05,TEX,NYY,2.0,2.0,0.0,3.6,5.2,4.6,3.9,5.45,3.5,5.8,6.2,4.8,6.7,5.3,5.55,2025-08-05,Nathan Eovaldi,0.26655299801079846,0.07208216619981322,0.24797067836043735,Will Warren,0.1775176514306949,0.10713489409141579,0.16932188001955445
2025-08-06,TEX,NYY,5.0,2.0,3.0,3.0,3.6,4.2,3.7,5.3,3.2,4.4,5.6,4.4,6.1,4.8,5.5,2025-08-06,Jack Leiter,0.29196118315111447,0.14285108907534533,0.27063794207642494,Carlos Rod\xc3\xb3n,0.2800401386608282,0.12607644590403205,0.28375350285417744
2025-08-08,TEX,PHI,10.0,1.0,9.0,2.2,3.6,4.2,3.9,4.75,3.3,5.2,3.0,4.5,4.1,5.35,4.0,2025-08-08,Merrill Kelly,0.2163748468668377,0.08284600389863543,0.21231829573934835,Cristopher S\xc3\xa1nchez,0.24968536469092642,0.04093596059113298,0.31401185770750983
2025-08-09,TEX,PHI,5.0,2.0,3.0,2.4,4.2,3.5,4.5,4.4,3.2,6.0,1.8,5.1,3.8,5.15,4.05,2025-08-09,Jacob deGrom,0.3089591567852437,0.07157444005270089,0.30110001447387463,Jes\xc3\xbas Luzardo,0.2772448565926827,0.07966200466200461,0.2554894441596117
2025-08-10,TEX,PHI,6.0,2.0,4.0,2.2,4.0,2.9,4.7,3.95,3.15,6.2,2.2,5.2,3.4,5.2,3.95,2025-08-10,Patrick Corbin,0.2632034632034632,0.08672438672438669,0.26697859306554955,Zack Wheeler,0.34483516483516474,0.02307692307692306,0.3180328157628399
2025-08-12,TEX,ARI,5.0,2.0,3.0,1.8,3.8,2.7,4.5,3.7,3.2,6.6,3.4,5.1,4.7,4.3,4.05,2025-08-12,Jack Leiter,0.27169974524261775,0.16768769038253487,0.27600334448160535,Anthony DeSclafani,0.18743589743589742,0.0662179487179487,0.2595699914120967
2025-08-13,TEX,ARI,10.0,4.0,6.0,1.8,4.4,2.4,4.0,3.55,3.3,6.0,3.4,5.2,3.7,4.2,4.1,2025-08-13,Merrill Kelly,0.2163748468668377,0.12632426476820063,0.2058897243107769,Zac Gallen,0.18237606837606837,0.056692307692307674,0.18644754400083696
2025-08-22,TEX,CLE,7.0,4.0,3.0,5.0,4.4,4.0,5.5,3.45,5.1,2.6,4.8,3.7,5.1,4.5,4.4,2025-08-22,Nathan Eovaldi,0.21545014245014243,0.0612433862433862,0.2172991276888867,Slade Cecconi,0.15427705627705626,0.06639345839345837,0.18590874398539903
2025-08-23,TEX,CLE,10.0,10.0,0.0,3.8,4.2,4.2,5.4,3.45,4.95,3.2,5.2,3.7,5.4,4.35,4.4,2025-08-23,Jack Leiter,0.2471206206634932,0.1529065456013901,0.2881582543109338,Logan Allen,0.19707269381182424,0.10134575569358173,0.19584237102893226
2025-08-24,TEX,CLE,5.0,5.0,0.0,5.2,3.4,5.0,5.1,3.7,4.55,3.0,5.2,3.3,5.8,4.3,4.7,2025-08-24,Merrill Kelly,0.18155028546332894,0.05888566827697259,0.2051020408163265,Gavin Williams,0.22872944026520461,0.08145533171830505,0.1941199230544873
2025-08-25,TEX,LAA,4.0,0.0,4.0,5.8,2.4,5.1,4.5,3.65,4.4,2.4,5.2,3.1,5.6,3.7,5.3,2025-08-25,Jacob deGrom,0.3087542087542087,0.052104377104377056,0.2966782457663917,Jos\xc3\xa9 Soriano,0.22721815221815217,0.059411884411884365,0.24815891472868215
2025-08-26,TEX,LAA,10.0,7.0,3.0,4.6,2.6,4.6,4.3,3.65,4.3,2.4,4.0,2.8,5.2,3.75,5.0,2025-08-26,Patrick Corbin,0.14612440191387557,0.12879319510898454,0.2412603562939612,Yusei Kikuchi,0.21475783475783478,0.06333333333333332,0.16643769421770221
2025-08-27,TEX,LAA,23.0,20.0,3.0,5.2,2.0,5.1,3.2,3.85,4.25,2.6,5.2,2.5,5.4,3.75,5.05,2025-08-27,Jacob Latz,0.12380952380952377,0.21095238095238092,0.18386566008517224,Jack Kochanowicz,0.09327801827801822,0.12022607022607017,0.1773153713138709
2025-09-06,TEX,HOU,11.0,0.0,11.0,5.2,3.6,6.8,2.8,5.5,4.1,4.2,5.6,3.3,4.1,3.4,5.6,2025-09-06,Jacob deGrom,0.2969360269360269,0.06579124579124576,0.24439246386763297,Hunter Brown,0.22108925695882214,0.08283298826777086,0.19492508631359518
2025-09-07,TEX,HOU,6.0,4.0,2.0,4.2,5.4,5.8,3.9,5.4,4.5,6.4,5.0,4.3,3.5,3.9,4.9,2025-09-07,Patrick Corbin,0.16098313416391213,0.0954013051953555,0.2361487850954335,Framber Valdez,0.1700740740740741,0.0926296296296296,0.25835292004922644
2025-09-08,TEX,MIL,5.0,5.0,0.0,3.2,5.2,5.7,4.1,5.4,4.3,5.0,2.0,5.2,3.7,4.55,4.15,2025-09-08,Jacob Latz,0.163152533740769,0.15518461930226635,0.22942544834025558,Jose Quintana,0.14189898989898989,0.09567676767676767,0.17505543237250548
2025-09-09,TEX,MIL,9.0,5.0,4.0,2.4,4.0,6.2,3.7,5.4,4.0,3.8,2.4,4.8,3.6,4.35,4.1,2025-09-09,Jack Leiter,0.29212779973649533,0.09093544137022395,0.24443631889645173,Tobias Myers,0.10888888888888888,0.06666666666666667,0.15277310924369747
2025-09-10,TEX,MIL,9.0,6.0,3.0,2.8,3.8,6.0,3.8,5.55,3.5,4.6,3.0,4.5,3.9,4.5,4.15,2025-09-10,Merrill Kelly,0.19939031339031338,0.030792022792022783,0.18806387803348285,Erick Fedde,0.10895238095238091,0.0779047619047619,0.16937791449986567
2025-09-20,TEX,MIA,7.0,3.0,4.0,4.2,4.4,4.1,4.2,5.45,3.5,6.2,4.0,6.1,4.9,5.3,6.15,2025-09-20,Jack Leiter,0.279790137398833,0.06807829851308109,0.19330705009276436,Adam Mazur,0.13810565424358526,0.0829225589225589,0.2071197268109996
2025-09-21,TEX,MIA,6.0,2.0,4.0,3.2,4.6,4.4,3.5,5.1,3.7,5.4,4.2,6.0,4.8,5.45,5.7,2025-09-21,Merrill Kelly,0.18436107362423151,0.03331833858149646,0.19294135590635245,Eury P\xc3\xa9rez,0.1878214368751453,0.07623376623376621,0.23568086883876357
2025-09-23,TEX,MIN,5.0,1.0,4.0,3.0,5.0,4.2,3.7,4.95,3.9,2.6,6.4,4.5,6.0,4.65,6.2,2025-09-23,Patrick Corbin,0.19797561536691966,0.044674488152749006,0.2404355400696864,Zebby Matthews,0.16347167325428189,0.07796442687747034,0.22394604863221884
2025-09-24,TEX,MIN,6.0,4.0,2.0,2.6,4.6,3.8,4.1,5.0,3.9,2.4,4.6,4.6,5.7,4.5,6.15,2025-09-24,Jacob deGrom,0.2738787878787879,0.05686868686868683,0.25851582317776234,Taj Bradley,0.21039109631786976,0.09254732681506132,0.24812684007238742
2025-09-25,TEX,MIN,4.0,0.0,4.0,2.4,3.8,3.7,3.9,4.85,3.85,2.4,4.2,3.9,5.3,4.35,6.05,2025-09-25,Tyler Mahle,0.1895615635318152,0.0878826551023347,0.22630211677640527,Bailey Ober,0.19676341050254093,0.043705627705627706,0.1904484475202109
2025-04-29,TOR,BOS,12.0,2.0,10.0,1.8,5.2,2.4,4.6,3.05,3.95,6.4,4.6,5.9,3.9,5.75,5.3,2025-04-29,Bowden Francis,0.19407114624505922,0.07905138339920945,0.1815266241378149,Garrett Crochet,0.31829629629629624,0.10203703703703701,0.26649869738105025
2025-05-01,TOR,BOS,6.0,4.0,2.0,2.0,6.2,2.0,5.3,2.9,4.35,7.4,3.4,6.8,4.1,5.85,5.2,2025-05-01,Jos\xc3\xa9 Berr\xc3\xados,0.1981453329279416,0.1072058376406202,0.1534418328966392,Tanner Houck,0.20069412662090008,0.08344393592677342,0.2308291231340233
2025-05-02,TOR,CLE,8.0,5.0,3.0,2.6,6.0,2.1,5.4,2.85,4.3,2.6,6.8,3.1,4.9,3.75,4.2,2025-05-02,Chris Bassitt,0.28353146853146854,0.04478321678321676,0.22848956328916747,Logan Allen,0.16045228684359114,0.11159175607001692,0.13638795288983022
2025-05-03,TOR,CLE,8.0,3.0,5.0,2.8,6.2,2.3,5.6,2.9,4.35,2.6,6.4,3.1,5.4,3.85,4.45,2025-05-03,Kevin Gausman,0.19924798711755232,0.09955263157894736,0.21732089609297348,Gavin Williams,0.24897928582139112,0.12797163849795423,0.2797060815631701
2025-05-04,TOR,CLE,9.0,4.0,5.0,3.0,5.0,2.3,5.3,3.05,4.35,3.0,4.4,3.0,5.3,3.95,4.5,2025-05-04,Bowden Francis,0.17105324343176004,0.052964426877470314,0.19616077047927832,Tanner Bibee,0.19621118012422353,0.10512422360248445,0.18800789793294803
2025-05-13,TOR,TBR,20.0,9.0,11.0,6.6,3.4,5.2,4.0,3.6,4.65,2.6,4.8,2.5,4.5,2.15,3.75,2025-05-13,Jos\xc3\xa9 Berr\xc3\xados,0.233578418361027,0.09283502326980583,0.22889796213325625,Shane Baz,0.22704761904761903,0.0929206349206349,0.19919668879977206
2025-05-14,TOR,TBR,4.0,3.0,1.0,7.6,4.6,5.7,4.9,3.9,5.15,4.0,5.0,3.6,5.1,2.5,3.85,2025-05-14,Chris Bassitt,0.23923884211740282,0.0425888594164456,0.20398148148148146,Ryan Pepiot,0.18117241379310342,0.08179310344827587,0.1916340052258305
2025-05-15,TOR,TBR,11.0,3.0,8.0,6.6,3.8,5.5,4.7,3.9,5.15,4.2,4.2,3.5,4.6,2.55,3.95,2025-05-15,Jos\xc3\xa9 Ure\xc3\xb1a,0.09586056644880174,0.07516339869281043,0.1299361207897793,Zack Littell,0.13166666666666665,0.04233333333333332,0.16211617057890346
2025-05-16,TOR,DET,9.0,4.0,5.0,6.0,4.8,5.5,5.0,3.9,5.15,5.2,4.8,7.1,3.4,6.3,3.35,2025-05-16,Bowden Francis,0.13349073813470094,0.03611554137869924,0.16771606203456985,Jack Flaherty,0.266062271062271,0.07245421245421242,0.28802308802308796
2025-05-17,TOR,DET,3.0,2.0,1.0,5.6,5.2,5.5,5.0,4.1,5.05,5.8,5.4,6.7,3.7,6.25,3.35,2025-05-17,Eric Lauer,0.1895424836601307,0.061437908496731995,0.17342342342342343,Tyler Holton,0.19555555555555557,0.08888888888888888,0.19174603174603172
2025-05-18,TOR,DET,5.0,2.0,3.0,4.2,5.2,5.4,4.3,4.15,4.85,5.4,3.8,6.6,3.4,6.3,3.35,2025-05-18,Jos\xc3\xa9 Berr\xc3\xados,0.21340450531754876,0.1081393710958928,0.21229564553093958,Brant Hurter,0.34285714285714286,0.07333333333333332,0.21351981351981347
2025-05-20,TOR,SDP,3.0,3.0,0.0,2.8,3.6,5.2,4.1,4.2,4.85,2.8,4.0,5.9,5.9,4.65,4.45,2025-05-20,Chris Bassitt,0.1872388421174028,0.038588859416445596,0.17564814814814814,Dylan Cease,0.29505270092226615,0.10187351778656122,0.3561096355759351
2025-05-21,TOR,SDP,14.0,14.0,0.0,2.8,3.4,4.7,3.6,4.15,4.75,1.6,3.8,5.6,5.0,4.65,4.3,2025-05-21,Jos\xc3\xa9 Ure\xc3\xb1a,0.0718954248366013,0.10637254901960783,0.12522986837011224,Randy V\xc3\xa1squez,0.1294123268036311,0.11420480968307056,0.15703730272596841
2025-05-29,TOR,ATH,12.0,12.0,0.0,1.0,3.8,2.7,2.6,4.1,3.8,3.4,6.8,3.3,6.7,4.05,7.35,2025-05-29,Jos\xc3\xa9 Ure\xc3\xb1a,0.04444444444444444,0.07333333333333332,0.1813869022148868,Sean Newcomb,0.06962962962962962,0.09777777777777777,0.2209942562883739
2025-05-30,TOR,ATH,18.0,11.0,7.0,3.2,3.2,3.7,2.5,4.55,3.4,2.4,7.2,3.2,7.0,3.75,7.5,2025-05-30,Chris Bassitt,0.1945176502657762,0.04977402207986914,0.19907894736842102,Jeffrey Springs,0.16791341991341988,0.057991341991341996,0.22494621374663976
2025-05-31,TOR,ATH,15.0,8.0,7.0,5.4,2.0,4.6,2.9,4.9,3.5,3.2,8.6,3.7,7.8,3.95,7.95,2025-05-31,Easton Lucas,0.26356107660455486,0.11947032436162867,0.2510239675962672,Gunnar Hoglund,0.1954112554112554,0.07984415584415581,0.2289405684754522
2025-06-01,TOR,ATH,12.0,8.0,4.0,6.6,3.2,5.1,3.6,4.9,3.6,3.6,9.4,4.1,8.2,4.15,8.1,2025-06-01,Kevin Gausman,0.27862011302041284,0.01,0.27290009337068155,JP Sears,0.12074534161490683,0.04809523809523808,0.13567079739963522
2025-06-03,TOR,PHI,11.0,3.0,8.0,8.2,3.6,4.5,4.0,5.0,3.65,3.8,8.2,4.0,5.4,4.55,4.3,2025-06-03,Eric Lauer,0.23571428571428568,0.06571428571428568,0.19511278195488718,Cristopher S\xc3\xa1nchez,0.2575002533698186,0.09243660687138944,0.24488433021485986
2025-06-05,TOR,PHI,10.0,9.0,1.0,6.4,5.4,4.8,4.3,4.5,3.9,4.0,6.6,3.8,5.4,4.5,4.5,2025-06-05,Chris Bassitt,0.2119089546136023,0.06716532642769522,0.1901900584795321,Taijuan Walker,0.26196273291925465,0.06567701863354036,0.15442641518156391
2025-06-17,TOR,ARI,9.0,5.0,4.0,4.2,6.6,4.6,4.9,4.65,4.7,6.0,4.2,5.4,5.2,4.75,5.45,2025-06-17,Chris Bassitt,0.1860764422983313,0.07234759243754743,0.16573915408676726,Brandon Pfaadt,0.10034100596760438,0.04964930636286132,0.16166553523696378
2025-06-18,TOR,ARI,9.0,8.0,1.0,3.2,5.6,4.9,5.2,4.85,4.75,4.8,4.6,5.0,5.4,4.9,5.55,2025-06-18,Eric Lauer,0.20303322408585558,0.10051410577726365,0.19921520974152548,Eduardo Rodr\xc3\xadguez,0.2156043956043956,0.09826373626373623,0.23817816242678552
2025-06-21,TOR,CHW,8.0,7.0,1.0,4.6,6.4,4.3,6.0,5.45,4.8,3.0,4.6,3.3,4.7,3.6,4.45,2025-06-21,Jos\xc3\xa9 Berr\xc3\xados,0.20794353472614335,0.061529832486354206,0.21522651261781692,Aaron Civale,0.20220841959972388,0.09440993788819872,0.21306897704071984
2025-06-22,TOR,CHW,6.0,2.0,4.0,5.2,4.4,4.7,5.5,5.7,4.85,3.0,5.4,3.0,5.3,3.6,4.7,2025-06-22,Chris Bassitt,0.17093956629189008,0.0710593476710418,0.1715724874201006,Adrian Houser,0.18687809774766295,0.0870987305769914,0.1839393939393939
2025-07-01,TOR,NYY,17.0,12.0,5.0,5.2,4.4,5.1,4.9,4.95,5.05,5.2,3.6,5.0,3.4,4.75,3.95,2025-07-01,Kevin Gausman,0.23982683982683978,0.11017316017316017,0.2352529550827423,Max Fried,0.27414814814814814,0.0428148148148148,0.27710920032348596
2025-07-02,TOR,NYY,20.0,11.0,9.0,6.4,5.4,5.8,4.5,5.25,5.1,4.8,5.8,4.8,4.3,4.55,4.25,2025-07-02,Jos\xc3\xa9 Berr\xc3\xados,0.19733747412008273,0.06315320910973082,0.21076562797400547,Will Warren,0.29304692891649414,0.09721647112951456,0.21661119201164963
2025-07-03,TOR,NYY,13.0,8.0,5.0,6.8,7.2,6.8,4.7,5.55,5.35,6.0,8.0,5.4,4.9,4.65,4.3,2025-07-03,Chris Bassitt,0.19882944910168132,0.08711529782310176,0.20115133650359365,Clarke Schmidt,0.24985858585858586,0.06860606060606059,0.221401966454598
2025-07-06,TOR,LAA,5.0,3.0,2.0,8.2,5.2,6.9,5.1,5.8,5.3,5.8,5.2,6.2,4.9,5.2,4.6,2025-07-06,Kevin Gausman,0.20549350649350645,0.1255064935064935,0.2384444444444444,Tyler Anderson,0.2258888888888889,0.07055555555555555,0.26208519993363194
2025-07-18,TOR,SFG,4.0,4.0,0.0,4.4,4.4,6.1,4.7,5.75,4.65,3.2,5.2,4.0,5.1,3.65,4.65,2025-07-18,Chris Bassitt,0.23872180451127817,0.08258145363408517,0.2522128851540616,Justin Verlander,0.23679698079698075,0.04511044511044508,0.2343000455996352
2025-07-19,TOR,SFG,9.0,6.0,3.0,3.6,3.6,6.0,4.3,5.55,4.6,2.6,5.8,3.8,4.7,3.55,4.8,2025-07-19,Eric Lauer,0.3003766565914903,0.056942571495001135,0.1885518053375196,Logan Webb,0.2551428571428571,0.060904761904761885,0.21411535554392694
2025-07-20,TOR,SFG,14.0,8.0,6.0,4.6,3.8,5.4,4.1,5.6,4.3,2.4,6.4,3.4,5.1,3.45,4.75,2025-07-20,Jos\xc3\xa9 Berr\xc3\xados,0.17693628834933178,0.07215320910973082,0.17013223140880734,Robbie Ray,0.24950911640953716,0.07456755493221127,0.22235618597320722
2025-07-21,TOR,NYY,5.0,4.0,1.0,4.8,3.8,5.1,3.8,5.95,4.25,4.4,5.4,6.4,5.2,5.75,5.65,2025-07-21,Kevin Gausman,0.18424844720496888,0.10375638371290545,0.26349206349206344,Carlos Rod\xc3\xb3n,0.227791461412151,0.07475369458128076,0.299661845489679
2025-07-23,TOR,NYY,12.0,8.0,4.0,5.2,3.0,4.8,3.7,5.9,4.3,5.0,5.2,5.8,4.4,5.65,5.7,2025-07-23,Chris Bassitt,0.2090921748816485,0.07305764411027565,0.25022530751431005,Max Fried,0.19094363929146532,0.06742028985507244,0.23124561945990516
2025-08-01,TOR,KCR,12.0,3.0,9.0,4.6,9.6,5.8,6.4,5.25,4.9,6.4,5.4,5.5,4.6,4.75,4.05,2025-08-01,Kevin Gausman,0.26255532551184724,0.08854474350126523,0.28530283669818546,Michael Wacha,0.15642857142857142,0.10476190476190475,0.2362321621467963
2025-08-02,TOR,KCR,6.0,4.0,2.0,4.4,9.4,5.7,6.8,5.25,5.25,6.6,5.2,6.1,4.7,5.1,4.05,2025-08-02,Max Scherzer,0.3163116123642439,0.049436090225563875,0.25482441088995655,Noah Cameron,0.2838908382066277,0.03593372319688108,0.2673988807735169
2025-08-13,TOR,CHC,5.0,1.0,4.0,6.4,4.0,7.3,4.4,6.3,5.05,3.6,3.0,3.0,3.0,3.9,4.65,2025-08-13,Kevin Gausman,0.2728145847711064,0.04913733609385781,0.26458855098389983,Cade Horton,0.20240145819093183,0.08742310321257687,0.26082955394327856
2025-08-14,TOR,CHC,3.0,2.0,1.0,2.6,4.6,6.5,4.0,6.15,5.2,3.2,3.0,3.3,3.1,4.05,4.4,2025-08-14,Max Scherzer,0.2765567765567765,0.0409340659340659,0.24359169199594727,Drew Pomeranz,0.37,0.13,0.42023809523809524
2025-08-15,TOR,TEX,11.0,6.0,5.0,2.8,3.8,6.4,3.2,6.05,5.0,2.2,5.0,2.2,4.3,3.65,3.6,2025-08-15,Chris Bassitt,0.211289708681013,0.05760210803689062,0.20814195466369373,Jacob deGrom,0.3227638705899575,0.060800029278290105,0.3102836879432624
2025-08-16,TOR,TEX,16.0,14.0,2.0,3.8,3.0,6.6,3.5,5.95,5.05,3.0,4.4,2.7,4.3,3.7,3.85,2025-08-16,Eric Lauer,0.22725232621784341,0.05119047619047616,0.1823220355685506,Patrick Corbin,0.21918432444748234,0.10012151591098957,0.2463465119683522
2025-08-17,TOR,TEX,14.0,4.0,10.0,5.6,2.6,6.5,3.6,6.1,4.95,3.0,6.6,2.6,5.3,3.75,4.45,2025-08-17,Jos\xc3\xa9 Berr\xc3\xados,0.19060606060606053,0.06969696969696966,0.16650637531880624,Nathan Eovaldi,0.22855555555555554,0.0686507936507936,0.2172991276888867
2025-08-25,TOR,MIN,14.0,10.0,4.0,3.6,3.4,4.5,3.9,5.9,4.15,3.6,7.2,3.6,6.2,4.0,5.85,2025-08-25,Max Scherzer,0.2273504273504273,0.055484330484330456,0.21154040994466522,Joe Ryan,0.24328932699642078,0.04241360089186174,0.2062547923623362
2025-08-26,TOR,MIN,12.0,5.0,7.0,5.2,3.2,5.4,3.9,5.95,3.95,3.8,8.0,3.9,6.3,3.95,5.95,2025-08-26,Chris Bassitt,0.23135704874835308,0.10996574440052698,0.21483760683760683,Michael King,0.36111111111111105,0.07222222222222222,0.21997198879551821
2025-08-27,TOR,MIN,17.0,9.0,8.0,4.8,4.0,5.7,4.5,6.05,3.85,4.6,7.4,4.2,6.7,4.25,5.55,2025-08-27,Eric Lauer,0.19203493491349558,0.07727743271221528,0.19417974307843203,Michael King,0.31111111111111106,0.02222222222222222,0.13761904761904759
2025-08-30,TOR,MIL,5.0,1.0,4.0,5.8,6.2,4.8,5.3,5.65,4.45,5.8,4.8,4.5,4.4,5.85,4.0,2025-08-30,Kevin Gausman,0.21686731786731786,0.04955474155474153,0.20034756178141927,Aaron Ashby,0.34226190476190477,0.09047619047619045,0.29161375661375655
2025-08-31,TOR,MIL,12.0,8.0,4.0,5.4,6.0,4.5,4.7,5.2,4.45,5.2,4.0,4.6,4.1,5.9,3.95,2025-08-31,Max Scherzer,0.17916202155332586,0.0641799826582435,0.19971062271062265,Brandon Woodruff,0.31225396825396823,0.08512698412698409,0.26960235195577004
2025-09-10,TOR,HOU,5.0,2.0,3.0,7.2,5.2,6.0,5.4,5.85,4.95,5.2,5.2,4.1,3.9,3.8,5.05,2025-09-10,Jos\xc3\xa9 Berr\xc3\xados,0.18322510822510815,0.07326839826839823,0.17785617005529586,Jason Alexander,0.22329079616036135,0.06196273291925464,0.22264330810518587
2025-09-11,TOR,HOU,6.0,6.0,0.0,5.2,4.0,5.3,4.9,5.65,4.85,5.6,4.2,4.0,3.8,3.95,4.8,2025-09-11,Kevin Gausman,0.21709081722874823,0.041636478464064645,0.21139577981076937,Cristian Javier,0.21976444608023554,0.13403964456596032,0.20388611388611383
2025-09-12,TOR,BAL,7.0,6.0,1.0,3.8,2.2,5.7,4.2,5.25,4.75,3.6,3.2,4.9,5.0,4.7,4.8,2025-09-12,Chris Bassitt,0.2416363636363636,0.12063636363636361,0.253911705199027,Trevor Rogers,0.25674725274725274,0.03776190476190474,0.2500826931707188
2025-09-13,TOR,BAL,9.0,5.0,4.0,3.6,2.2,6.2,3.9,5.35,4.3,2.4,3.4,4.2,4.1,4.15,5.1,2025-09-13,Max Scherzer,0.18903381642512077,0.08110305958132044,0.192721706454465,Tomoyuki Sugano,0.14865384615384614,0.03538461538461538,0.18573426573426569
2025-09-23,TOR,BOS,5.0,1.0,4.0,2.2,6.6,4.5,4.5,4.9,4.7,4.8,4.8,4.4,4.2,4.6,4.8,2025-09-23,Kevin Gausman,0.2649955791335102,0.03792219274977893,0.24675019857546515,Lucas Giolito,0.21549125437281358,0.12407046476761616,0.23340381745697356
2025-09-24,TOR,BOS,8.0,1.0,7.0,2.2,7.0,4.0,4.9,4.85,4.55,5.4,4.6,4.2,4.3,4.7,4.65,2025-09-24,Max Scherzer,0.2210973084886128,0.08774327122153207,0.2133421708956842,Garrett Crochet,0.34210256410256407,0.03233333333333332,0.290427429713144
2025-09-25,TOR,BOS,7.0,6.0,1.0,2.4,7.6,3.5,5.5,4.85,4.7,6.2,3.8,4.5,3.9,4.9,4.2,2025-09-25,Eric Lauer,0.22380952380952376,0.03333333333333332,0.2956410256410256,Brayan Bello,0.1618357487922705,0.08832528180354265,0.20127463467995027
2025-09-26,TOR,TBR,6.0,4.0,2.0,3.4,3.8,3.6,5.2,4.75,4.55,4.2,4.6,4.2,4.5,3.95,4.4,2025-09-26,Shane Bieber,0.21955710955710953,0.04178321678321674,0.2572462020634778,Adrian Houser,0.21930402930402929,0.06910256410256406,0.14875590028226474
2025-04-22,WSN,BAL,7.0,7.0,0.0,3.4,4.6,4.0,5.5,4.2,4.75,5.8,8.0,4.5,6.4,4.6,5.55,2025-04-22,Mitchell Parker,0.15831320450885666,0.09093196457326885,0.1997959183673469,Dean Kremer,0.14205721814417463,0.044060559006211156,0.15066847403803924
2025-04-23,WSN,BAL,7.0,4.0,3.0,4.6,3.4,4.0,5.1,4.3,4.7,4.0,9.2,4.0,7.0,4.0,5.8,2025-04-23,Trevor Williams,0.18205345379258417,0.06931112365894973,0.21624327816188282,Tomoyuki Sugano,0.08736714975845408,0.06245686680469288,0.16010847950082752
2025-04-24,WSN,BAL,3.0,1.0,2.0,5.4,3.8,3.8,4.7,4.4,4.6,3.4,9.6,4.0,7.0,4.05,5.6,2025-04-24,MacKenzie Gore,0.4021088814567076,0.062175505653766505,0.330538214631188,Cade Povich,0.2095238095238095,0.0994047619047619,0.17383432539682536
2025-04-25,WSN,NYM,9.0,5.0,4.0,3.2,2.0,3.5,3.8,4.3,4.45,5.0,2.6,4.6,2.4,4.4,2.65,2025-04-25,Jake Irvin,0.22771541501976283,0.059272727272727255,0.21114441812116228,Kodai Senga,0.2317857581015475,0.08017859333648805,0.2530132891835019
2025-04-26,WSN,NYM,2.0,0.0,2.0,3.6,2.4,3.7,3.2,4.45,4.45,4.8,2.8,4.9,2.6,4.55,2.8,2025-04-26,Brad Lord,0.11153846153846154,0.08410256410256409,0.16669884169884167,Clay Holmes,0.2952173913043478,0.11492753623188404,0.23203560703560702
2025-04-27,WSN,NYM,15.0,8.0,7.0,3.4,2.2,3.4,3.4,4.25,4.25,4.6,2.8,4.3,2.6,4.15,2.6,2025-04-27,Mitchell Parker,0.15628019323671494,0.08756038647342988,0.19513085234093636,Tylor Megill,0.2807985873775347,0.10273410799726586,0.2406928689319116
2025-05-06,WSN,CLE,19.0,10.0,9.0,4.4,4.4,4.6,6.1,4.05,4.95,3.8,3.0,3.2,5.5,3.9,4.65,2025-05-06,Jake Irvin,0.2256836026431229,0.060097062579821184,0.20884196239671066,Ben Lively,0.16881207028265846,0.086484593837535,0.1354269293924466
2025-05-09,WSN,STL,10.0,0.0,10.0,6.4,6.6,5.0,7.4,4.55,5.45,4.8,2.6,4.4,3.5,4.0,4.15,2025-05-09,Mitchell Parker,0.11137566137566138,0.11451973951973946,0.20220815598966854,Erick Fedde,0.13181697612732096,0.14033156498673738,0.16408424908424907
2025-05-10,WSN,STL,6.0,2.0,4.0,4.2,7.4,4.5,6.5,4.55,5.9,5.6,1.6,5.3,3.2,4.45,3.95,2025-05-10,Trevor Williams,0.1847123890602151,0.07913390956869214,0.18056498273889576,Andre Pallante,0.09961076604554865,0.0961821946169772,0.17714196839616766
2025-05-11,WSN,STL,7.0,1.0,6.0,3.8,8.0,4.1,6.2,4.05,5.55,5.4,1.2,5.1,3.4,4.45,3.8,2025-05-11,MacKenzie Gore,0.36189064558629774,0.08315452663278747,0.35490558445600456,Miles Mikolas,0.13314285714285715,0.08361904761904759,0.15096995403997213
2025-05-23,WSN,SFG,4.0,0.0,4.0,6.2,4.2,4.4,4.4,4.45,5.45,4.0,3.2,4.0,3.7,4.0,3.65,2025-05-23,MacKenzie Gore,0.33367003367003367,0.0846728151075977,0.31415416002704133,Landen Roupp,0.15220779220779218,0.07327272727272727,0.16049289891395152
2025-05-24,WSN,SFG,3.0,3.0,0.0,5.8,4.0,4.2,4.4,4.15,5.3,3.0,3.0,4.3,3.4,4.05,3.55,2025-05-24,Jake Irvin,0.09698398663915901,0.07669114160868278,0.11462483200936753,Kyle Harrison,0.35,0.05555555555555555,0.33966165413533833
2025-05-25,WSN,SFG,5.0,2.0,3.0,5.6,3.4,4.4,3.8,4.2,4.95,2.4,3.2,4.2,3.5,3.9,3.6,2025-05-25,Michael Soroka,0.2614943368651808,0.04834977469248568,0.21170926087136754,Robbie Ray,0.28753605492735923,0.07058625754277922,0.2857101868231436
2025-06-03,WSN,CHC,11.0,3.0,8.0,6.2,5.2,5.1,4.0,4.3,4.75,3.2,2.2,6.0,3.3,5.7,3.8,2025-06-03,Trevor Williams,0.15487179487179484,0.05641025641025639,0.18999909091051576,Cade Horton,0.18972135955831607,0.0421195652173913,0.2342661883851815
2025-06-04,WSN,CHC,2.0,2.0,0.0,6.6,5.0,4.4,4.4,4.15,4.75,4.2,2.6,5.4,3.5,6.0,3.6,2025-06-04,MacKenzie Gore,0.3646581759625238,0.09597716293368466,0.3148067290649924,Matthew Boyd,0.3037267080745341,0.01818181818181818,0.20586324786324783
2025-06-05,WSN,CHC,8.0,1.0,7.0,5.2,5.0,4.1,4.1,4.25,4.25,3.8,2.8,5.2,3.6,5.7,3.45,2025-06-05,Jake Irvin,0.10183711563021906,0.07072051581047077,0.09379718088278204,Drew Pomeranz,0.26666666666666666,0.05,0.21333333333333332
2025-06-06,WSN,TEX,2.0,2.0,0.0,3.6,5.0,4.2,4.4,4.2,4.4,3.2,3.4,3.5,2.6,3.3,3.2,2025-06-06,Michael Soroka,0.22337766410912185,0.046184995737425384,0.1838553396229149,Patrick Corbin,0.21217140347575128,0.08551142898968983,0.24659873777520835
2025-06-07,WSN,TEX,5.0,0.0,5.0,1.8,3.6,4.1,4.4,4.25,4.1,3.2,3.4,3.0,2.4,2.9,3.15,2025-06-07,Mitchell Parker,0.20207792207792202,0.07766233766233764,0.15816440264716125,Jacob deGrom,0.2534492753623188,0.06814492753623186,0.24835082351467652
2025-06-08,WSN,TEX,6.0,2.0,4.0,1.6,4.0,3.9,4.6,4.1,4.15,2.6,3.2,3.4,2.2,3.1,3.15,2025-06-08,Trevor Williams,0.1641025641025641,0.051025641025641,0.1805523972532958,Jacob Latz,0.4282051282051282,0.030769230769230754,0.28289855072463765
2025-06-13,WSN,MIA,20.0,9.0,11.0,1.4,3.6,2.5,4.3,3.9,4.1,2.6,4.8,2.4,4.0,3.4,4.55,2025-06-13,Mitchell Parker,0.20207792207792202,0.058614718614718606,0.1719512507197236,Edward Cabrera,0.269083694083694,0.08286435786435783,0.27484126355094096
2025-06-14,WSN,MIA,7.0,3.0,4.0,2.8,5.8,2.3,4.7,4.15,4.5,4.2,5.8,3.4,4.9,3.7,4.95,2025-06-14,Trevor Williams,0.15438596491228068,0.04333333333333332,0.15990577218239393,Janson Junk,0.25770063270063265,0.02326839826839825,0.26602859665473094
2025-06-16,WSN,COL,10.0,4.0,6.0,3.2,5.4,2.3,4.3,3.35,4.35,6.0,6.8,4.6,6.7,3.6,5.75,2025-06-16,Jake Irvin,0.15083996463306804,0.07020335985853224,0.145036164796538,Carson Palmquist,0.1487179487179487,0.1174860227491806,0.15346153846153845
2025-06-17,WSN,COL,16.0,6.0,10.0,4.0,5.6,2.5,4.9,3.3,4.5,5.8,5.6,4.9,6.9,3.75,5.85,2025-06-17,Michael Soroka,0.21584453227931485,0.053392621870882694,0.18294263004147462,Antonio Senzatela,0.11659077159984599,0.10218363306385081,0.1477552444840823
2025-06-18,WSN,COL,4.0,1.0,3.0,4.6,6.8,3.0,5.2,3.6,4.8,6.2,5.4,5.7,7.1,4.2,5.5,2025-06-18,Mitchell Parker,0.17064935064935058,0.06718614718614715,0.1868696656381385,Germ\xc3\xa1n M\xc3\xa1rquez,0.22143589743589737,0.04798534798534796,0.25845743145743144
2025-07-02,WSN,DET,13.0,2.0,11.0,6.0,5.6,5.6,6.3,4.05,5.6,4.4,2.4,6.2,4.3,5.15,4.55,2025-07-02,Trevor Williams,0.1621395881006865,0.043695652173913024,0.14715609247302777,Jack Flaherty,0.2474077286737133,0.14369839452959654,0.23835585086747874
2025-07-04,WSN,BOS,13.0,2.0,11.0,7.8,7.8,6.6,6.6,5.0,6.1,8.0,4.6,5.4,5.8,5.0,4.65,2025-07-04,Michael Soroka,0.320995670995671,0.08022607022607017,0.24903961807266578,Lucas Giolito,0.22226743770971655,0.07418433640322693,0.2112541289887973
2025-07-05,WSN,BOS,13.0,3.0,10.0,5.2,8.2,6.1,7.4,5.0,6.45,7.2,4.8,6.3,5.7,5.05,4.4,2025-07-05,Mitchell Parker,0.17953495779582732,0.07004300047778306,0.21695216428849412,Walker Buehler,0.14915597818074597,0.15867978770455549,0.18884909602592528
2025-07-06,WSN,BOS,10.0,4.0,6.0,5.4,8.6,5.7,7.1,5.15,6.7,8.6,4.4,6.8,5.1,5.0,4.2,2025-07-06,Brad Lord,0.22380952380952376,0.09047619047619045,0.20818181818181816,Jordan Hicks,0.18333333333333335,0.17857142857142855,0.21857142857142856
2025-07-18,WSN,SDP,9.0,2.0,7.0,3.6,6.4,4.0,7.0,5.0,6.75,3.2,3.8,2.9,3.8,3.15,3.85,2025-07-18,Michael Soroka,0.3063492063492063,0.08275132275132271,0.25381574278160124,Dylan Cease,0.2739373219373219,0.08329914529914528,0.2954318089823866
2025-07-20,WSN,SDP,9.0,1.0,8.0,3.0,6.2,3.3,6.1,4.7,6.75,3.8,2.8,3.3,3.2,3.2,4.0,2025-07-20,MacKenzie Gore,0.19181580577232749,0.10443787935092279,0.23910881664918932,Nick Pivetta,0.2905974862496602,0.052044252044252025,0.2348250489689309
2025-07-21,WSN,CIN,18.0,10.0,8.0,2.6,6.2,3.1,5.9,4.4,6.5,4.6,2.8,4.1,3.6,4.25,4.4,2025-07-21,Jake Irvin,0.19537505972288577,0.09729304029304028,0.15553970119187505,Brady Singer,0.2827939162286988,0.07667733715559798,0.20394756071351816
2025-07-22,WSN,CIN,7.0,6.0,1.0,3.6,6.6,3.7,6.1,4.4,6.6,5.4,4.2,4.8,4.1,4.6,4.55,2025-07-22,Brad Lord,0.2952380952380952,0.03333333333333332,0.21326340326340323,Chase Burns,0.28273809523809523,0.13555555555555554,0.2225342416924352
2025-07-23,WSN,CIN,5.0,0.0,5.0,4.6,5.2,4.1,5.8,4.55,6.45,4.8,5.0,4.7,3.5,4.25,4.8,2025-07-23,Michael Soroka,0.26968253968253963,0.08793650793650792,0.22203279704516712,Nick Lodolo,0.25706959706959703,0.03974358974358972,0.25414650377648407
2025-08-01,WSN,MIL,25.0,9.0,16.0,4.6,4.4,4.0,4.5,3.65,5.3,5.4,5.2,5.0,3.9,5.25,3.35,2025-08-01,Mitchell Parker,0.11722674146797567,0.07287190275829825,0.169273729394903,Jose Quintana,0.1605112279025322,0.06538461538461536,0.1388227284202516
2025-08-02,WSN,MIL,10.0,2.0,8.0,4.6,7.0,4.8,5.3,3.95,5.6,7.8,5.6,6.0,4.3,5.75,3.55,2025-08-02,Jake Irvin,0.12041642567958352,0.09687198766146132,0.1499439775910364,Brandon Woodruff,0.3584126984126984,0.03,0.25256753050870695
2025-08-03,WSN,MIL,17.0,3.0,14.0,3.6,8.2,4.0,5.3,3.85,5.7,8.8,5.6,6.2,4.5,6.05,3.45,2025-08-03,Brad Lord,0.19589169000933704,0.0111111111111111,0.18889558717144922,Aaron Ashby,0.15079365079365076,0.2007936507936508,0.13088023088023087
2025-08-05,WSN,ATH,23.0,7.0,16.0,3.8,10.8,3.7,6.6,3.9,6.2,4.4,3.8,5.5,2.9,4.7,4.2,2025-08-05,MacKenzie Gore,0.16004209799861974,0.14159213250517597,0.19845925470925468,Luis Severino,0.23606060606060603,0.07303030303030303,0.17552545853613694
2025-08-07,WSN,ATH,6.0,0.0,6.0,4.6,11.0,4.6,7.7,3.9,6.55,5.6,4.6,5.2,3.3,5.15,3.85,2025-08-07,Mitchell Parker,0.11513978494623653,0.05478494623655912,0.15897961174784422,Jacob Lopez,0.2718888129414444,0.11747322852586006,0.24188371506161155
2025-08-14,WSN,PHI,5.0,3.0,2.0,5.8,4.8,4.1,6.6,4.05,5.95,2.4,3.8,4.2,2.8,4.65,3.95,2025-08-14,Brad Lord,0.13460804611699748,0.04755003450655622,0.17514378341964548,Jes\xc3\xbas Luzardo,0.2439115232593493,0.07966200466200461,0.2548114780579168
2025-08-15,WSN,PHI,8.0,2.0,6.0,5.6,4.8,4.1,5.4,3.9,6.0,2.2,4.0,4.2,3.1,4.65,3.7,2025-08-15,MacKenzie Gore,0.1752265512265512,0.11709090909090906,0.2374966878643349,Zack Wheeler,0.32578754578754576,0.05164835164835162,0.33176361973754637
2025-08-17,WSN,PHI,20.0,9.0,11.0,4.0,4.6,3.6,4.3,4.1,6.0,1.8,4.2,3.0,3.2,4.15,3.6,2025-08-17,Mitchell Parker,0.15268737060041404,0.078991718426501,0.16200717005490564,Aaron Nola,0.2258639910813823,0.05813823857302114,0.2071170937880591
2025-08-19,WSN,NYM,9.0,1.0,8.0,4.8,5.2,4.5,4.8,4.1,6.4,5.6,6.0,5.4,5.6,5.0,5.2,2025-08-19,Jake Irvin,0.09623127749443536,0.08699020277967644,0.16577731092436973,David Peterson,0.20488517279821625,0.11443924191750277,0.23294483294483292
2025-08-20,WSN,NYM,9.0,5.0,4.0,3.4,5.4,4.6,5.1,3.8,6.7,6.0,4.0,6.1,5.3,5.1,5.1,2025-08-20,Brad Lord,0.1586080461169975,0.055550034506556226,0.18584612455676922,Kodai Senga,0.2083695652173913,0.1478623188405797,0.19807372769074896
2025-08-21,WSN,NYM,12.0,9.0,3.0,3.8,5.8,4.7,5.3,3.95,6.85,6.2,4.2,6.3,5.5,4.9,5.3,2025-08-21,MacKenzie Gore,0.21133766233766232,0.10042424242424242,0.24592060090781315,Sean Manaea,0.23102251168612722,0.0497482837528604,0.18467391304347824
2025-08-29,WSN,TBR,5.0,1.0,4.0,2.8,7.0,4.3,6.5,3.95,5.4,6.0,3.6,5.1,4.7,4.2,4.4,2025-08-29,Mitchell Parker,0.11462676453980798,0.1179031403379229,0.17337529260317863,Adrian Houser,0.15309440267335,0.06765079365079364,0.17080885536699486
2025-08-30,WSN,TBR,5.0,1.0,4.0,2.2,6.6,3.5,5.8,4.0,5.3,6.0,2.4,4.7,4.6,4.2,4.45,2025-08-30,Jake Irvin,0.11674891774891771,0.10183982683982681,0.15679449726963757,Ryan Pepiot,0.227012544148094,0.09178540981610031,0.2177427485960446
2025-08-31,WSN,TBR,11.0,4.0,7.0,2.0,6.8,3.5,5.4,4.05,5.25,4.8,1.4,4.4,4.1,4.4,4.35,2025-08-31,Brad Lord,0.2028819875776397,0.0792215320910973,0.18284513059698634,Ian Seymour,0.3314192343604108,0.09549486461251167,0.24914529914529915
2025-09-03,WSN,MIA,15.0,10.0,5.0,2.6,3.4,2.7,5.2,3.8,5.25,5.4,7.0,4.4,6.6,4.5,5.85,2025-09-03,Mitchell Parker,0.146626764539808,0.1099031403379229,0.20143651709297455,Eury P\xc3\xa9rez,0.18926981485333885,0.1236250705815923,0.24459264440170192
2025-09-12,WSN,PIT,11.0,6.0,5.0,6.2,5.6,5.5,4.7,4.45,5.2,2.4,5.0,4.0,4.2,4.25,3.4,2025-09-12,Brad Lord,0.206427536231884,0.10587784679089025,0.19644708419893994,Mitch Keller,0.2606851119894598,0.06596837944664029,0.2159147869674185
2025-09-14,WSN,PIT,7.0,4.0,3.0,3.4,5.6,5.5,5.5,4.1,5.35,3.0,4.8,3.6,4.4,4.35,3.3,2025-09-14,Cade Cavalli,0.18100122100122099,0.0449206349206349,0.2067703588983533,Mike Burrows,0.25636363636363635,0.06484848484848482,0.2501930829027603
2025-09-15,WSN,ATL,14.0,3.0,11.0,2.8,5.2,4.9,5.3,4.1,5.2,3.2,5.8,3.3,6.0,4.05,5.75,2025-09-15,Mitchell Parker,0.13234105025409368,0.07822612170438255,0.20917366600659407,Spencer Strider,0.13386382039013617,0.09505778432094217,0.23671398369072785
2025-09-16,WSN,ATL,9.0,3.0,6.0,2.8,5.8,4.7,5.3,4.15,5.6,5.2,5.2,3.9,6.2,4.25,5.3,2025-09-16,Jake Irvin,0.1306107660455486,0.09512422360248446,0.19568211865725899,Chris Sale,0.3612066367609845,0.03928427651253737,0.2946634991025235
2025-09-17,WSN,ATL,13.0,4.0,9.0,3.4,6.0,4.8,5.8,4.05,5.4,6.0,5.2,4.1,6.4,4.45,5.0,2025-09-17,Brad Lord,0.21442753623188401,0.09787784679089025,0.18499427401866422,Hurston Waldrep,0.2116574440052701,0.10315019762845848,0.23108147606868834
2025-09-26,WSN,CHW,19.0,9.0,10.0,4.0,6.2,3.5,6.5,4.7,5.85,2.2,5.2,2.6,4.7,3.5,4.55,2025-09-26,Cade Cavalli,0.16158730158730156,0.07825396825396821,0.2398030267109214,Yoendrys G\xc3\xb3mez,0.23561327561327555,0.08972582972582971,0.21137377242445474
2025-09-27,WSN,CHW,11.0,6.0,5.0,4.6,5.8,4.3,7.0,4.9,6.25,3.6,5.6,3.4,5.3,3.8,4.85,2025-09-27,Jake Irvin,0.16667377710855966,0.08169228517054603,0.19786381186381186,Tyler Gilbert,0.5066666666666666,0.039999999999999994,0.45272727272727276
