Date,home_team,away_team,total_runs,home_runs,away_runs,home_off_roll5,home_def_roll5,home_off_roll10,home_def_roll10,home_off_roll20,home_def_roll20,away_off_roll5,away_def_roll5,away_off_roll10,away_def_roll10,away_off_roll20,away_def_roll20,game_date,home_SP_name,home_SP_K_pct_talent,home_SP_BB_pct_talent,home_SP_whiff_pct_talent,away_SP_name,away_SP_K_pct_talent,away_SP_BB_pct_talent,away_SP_whiff_pct_talent,home_bp_K_pct_roll10,home_bp_BB_pct_roll10,home_bp_whiff_pct_roll10,home_bp_K_pct_talent,home_bp_BB_pct_talent,home_bp_whiff_pct_talent,away_bp_K_pct_roll10,away_bp_BB_pct_roll10,away_bp_whiff_pct_roll10,away_bp_K_pct_talent,away_bp_BB_pct_talent,away_bp_whiff_pct_talent
2026-04-22,ARI,CHW,18.0,11.0,7.0,5.0,5.8,5.1,5.0,4.35,4.95,6.6,4.8,4.6,4.1,4.0,4.65,2026-04-22,Eduardo Rodr\xc3\xadguez,0.1513461538461538,0.0946153846153846,0.1584383255435886,Anthony Kay,0.1398809523809523,0.1126253132832079,0.1777504720054405,0.28729138508550267,0.07159090909090907,0.25878613532788103,0.2448212521812777,0.061876961280888335,0.25073834071648315,0.16211441062689178,0.1611961303186466,0.1881678089352508,0.18834771120564375,0.13854784021657918,0.19639386552380686
2026-04-23,ARI,CHW,5.0,1.0,4.0,6.4,6.6,5.5,5.6,4.8,4.9,7.4,5.4,5.1,5.2,4.3,4.9,2026-04-23,Michael Soroka,0.3033216783216783,0.0658216783216782,0.222667804904647,Davis Martin,0.2071587832457397,0.0663819875776397,0.1903268624522979,0.25951360730772494,0.08270202020202018,0.24482509636684205,0.24387962593298373,0.06392838419048096,0.24773138604377254,0.18029622880870994,0.14149916062167694,0.2070357334635527,0.18807564748116615,0.13845683172270656,0.19607242301377403
2026-04-25,ARI,SDP,10.0,4.0,6.0,5.4,6.8,5.1,5.6,4.65,4.85,4.0,3.6,4.3,3.7,4.7,3.8,2026-04-25,Zac Gallen,0.1257603296779497,0.0649261493655086,0.1621395881006865,Germ\xc3\xa1n M\xc3\xa1rquez,0.1865079365079364,0.0757936507936507,0.2025641025641025,0.21161444764385937,0.08018101179865884,0.22630657784832353,0.2435362056015467,0.06607713117580288,0.24819250097239198,0.27245438030284574,0.07723658303901268,0.34285035366931915,0.26584214532270795,0.07680667085117211,0.31405086836876905
2026-05-05,ARI,PIT,9.0,9.0,0.0,3.2,6.2,4.6,6.8,4.85,5.9,7.2,4.6,5.2,4.9,5.2,4.35,2026-05-05,Eduardo Rodr\xc3\xadguez,0.1576607209215904,0.1128957636566331,0.1419566028224771,Bubba Chandler,0.2105304433679719,0.158488282630159,0.222378203078097,0.20929059502588912,0.10367668279432982,0.2292911903280796,0.2340543863766145,0.07454354355768879,0.2442392042351487,0.25679140754010815,0.06071215770085499,0.20980927578263855,0.27434831639055873,0.0890865982936483,0.2314941079009406
2026-05-06,ARI,PIT,1.0,0.0,1.0,3.8,5.8,4.4,6.1,4.95,5.85,6.4,5.4,5.1,5.2,5.1,4.4,2026-05-06,Michael Soroka,0.2635420135420135,0.0673298923298923,0.1971017029066564,Paul Skenes,0.2777095489052011,0.0655969634230503,0.2240166975881261,0.22040170613700022,0.09256557168321872,0.23810071413760342,0.23697435540475328,0.07235108639422735,0.24489883548313454,0.22821997896867957,0.05168960130987753,0.19552356149692426,0.2667275298241543,0.08807395886736274,0.22665101760210493
2026-05-07,ARI,PIT,6.0,2.0,4.0,3.6,3.4,4.3,5.8,4.7,5.7,5.6,3.4,4.6,5.2,5.05,4.4,2026-05-07,Zac Gallen,0.1530941130352702,0.0667839842406694,0.173637120752191,Mitch Keller,0.1824651538937252,0.0741639313067884,0.2108640939910289,0.20798340548340546,0.08080086580086578,0.21884145487834417,0.2333782627106492,0.07028391249724943,0.23980648780266403,0.22544220119090178,0.07113404575432199,0.22989856149692428,0.2662754344235015,0.09245033835743403,0.2340388279371832
2026-05-09,ARI,NYM,3.0,2.0,1.0,3.0,3.0,4.1,5.6,4.65,5.7,5.0,3.4,4.0,4.2,3.4,4.6,2026-05-09,Merrill Kelly,0.1414102564102564,0.1417628205128204,0.2918427488700492,Clay Holmes,0.18667943512664,0.0833268410908162,0.2036368611442126,0.22356032856032854,0.07651515151515151,0.22956654456654452,0.23510833582816087,0.0691874847946954,0.24058848869297972,0.33855263510435923,0.07251554001554002,0.30465601886643723,0.25951537070489844,0.0751280749663964,0.24972707866769023
2026-05-10,ARI,NYM,6.0,5.0,1.0,3.4,2.8,3.1,5.0,4.55,5.6,4.4,3.2,4.0,4.1,3.45,4.65,2026-05-10,Eduardo Rodr\xc3\xadguez,0.1735992992514731,0.1132513139034877,0.1611907659451019,Huascar Brazob\xc3\xa1n,0.2089285714285714,0.0714285714285714,0.2961294934640522,0.25189366189366186,0.0715151515151515,0.25748321123321116,0.23769320418356019,0.06736676151062447,0.24248089688526972,0.3085526351043592,0.08251554001554001,0.27559618980660816,0.25798933555861897,0.07832991919802726,0.24726859341585594
2026-05-18,ARI,SFG,14.0,12.0,2.0,5.6,4.8,3.8,3.1,4.1,4.6,4.0,3.8,4.4,4.4,3.55,4.55,2026-05-18,Zac Gallen,0.1574329873872207,0.0691388660496211,0.1891900443987846,Robbie Ray,0.2395747569660612,0.0993262775871471,0.2487023704638502,0.19093406593406592,0.07416666666666667,0.21591080685147618,0.22651065325232433,0.07276371827432719,0.23831064715775765,0.18517384576208104,0.11118871324753674,0.19444642757986083,0.21456306822829763,0.10445726647239262,0.23405138023847877
2026-05-19,ARI,SFG,8.0,5.0,3.0,7.2,3.8,5.0,3.2,4.65,4.5,4.4,5.4,4.5,5.1,3.65,5.0,2026-05-19,Ryne Nelson,0.2147242726762177,0.0735500917423114,0.1985585209614192,Landen Roupp,0.2947331492983667,0.1083316719065511,0.2506137488556187,0.19648962148962149,0.07416666666666667,0.22663544453263565,0.22518078688375415,0.07114674675711992,0.2368795892982133,0.18998153806977336,0.08811179017061369,0.20099404662747986,0.21269717097354143,0.10228107342088444,0.23351558759462157
2026-05-20,ARI,SFG,9.0,6.0,3.0,7.2,3.2,5.3,3.1,4.7,4.35,4.6,5.4,4.3,5.4,3.6,4.8,2026-05-20,Merrill Kelly,0.1488640749931072,0.1073290598290598,0.2599513600385257,Tyler Mahle,0.233034231090497,0.1003171825806096,0.1968861323356779,0.2093467643467643,0.07845238095238094,0.23219100008819119,0.22960232257261665,0.07270566841146824,0.23897640982071588,0.19544372294372292,0.11080086580086576,0.2089400736139866,0.2112718642772884,0.10602460836564774,0.23318652058958494
2026-05-22,ARI,COL,5.0,2.0,3.0,6.6,3.0,5.4,3.3,4.4,3.55,3.6,6.2,3.6,5.6,4.1,6.15,2026-05-22,Michael Soroka,0.2561436094769427,0.0670564415008859,0.2120729698964273,Tomoyuki Sugano,0.1286219684770409,0.0730834919240716,0.1627286595442761,0.18293650793650792,0.09845238095238094,0.19786407701126812,0.22628555913209095,0.07384293222765707,0.23318572607818608,0.18949609092815195,0.10538227750003586,0.23379001399344554,0.22096044121493083,0.07952764308330863,0.25232076237585965
2026-05-23,ARI,COL,9.0,5.0,4.0,5.4,2.4,5.5,3.6,4.2,3.6,3.0,5.0,3.8,5.5,3.6,6.15,2026-05-23,Zac Gallen,0.1634288190832812,0.0665728055316155,0.1907838604717267,Michael Lorenzen,0.1423411897720197,0.0655756189353026,0.1980961855329405,0.1954365079365079,0.07761904761904762,0.1776886384147769,0.2242185069049054,0.07488695401892938,0.23111211834941536,0.17616275759481864,0.09204894416670253,0.22765974579421183,0.21671120196079754,0.07799826533170655,0.24960519215922988
2026-05-24,ARI,COL,10.0,9.0,1.0,4.0,2.8,5.6,3.3,4.4,3.15,2.4,4.8,3.2,5.6,3.6,6.1,2026-05-24,Ryne Nelson,0.2029292647634346,0.072646695471306,0.1889067504979303,Jose Quintana,0.1171782181078519,0.1076940457203615,0.2056282026602132,0.18035714285714283,0.08476190476190475,0.17436383023063368,0.22116270819537875,0.0748177863671222,0.23170726728677488,0.17884132902339006,0.10633465845241681,0.2162725822331352,0.21666543804239974,0.07922201773784684,0.24848955061804046
2026-06-01,ARI,LAD,5.0,4.0,1.0,5.2,3.0,4.6,2.9,4.8,3.05,7.0,2.8,6.1,2.6,5.65,2.9,2026-06-01,Eduardo Rodr\xc3\xadguez,0.1828875986098987,0.0919272779581334,0.161551899751213,Emmet Sheehan,0.2747894577242403,0.065264916243177,0.2964784735320598,0.21862324079429346,0.053585164835164824,0.1798262503917045,0.22540244291725087,0.06983004202244189,0.22616100623982413,0.28921620046620045,0.04714646464646463,0.2863061476439085,0.26018711508649583,0.07265365963731392,0.257981443398579
2026-06-02,ARI,LAD,11.0,5.0,6.0,4.2,3.0,4.5,2.7,4.9,2.9,4.2,2.4,5.8,3.0,5.6,2.75,2026-06-02,Michael Soroka,0.2298738766722956,0.0548643612279975,0.1935358931187218,Eric Lauer,0.155821322926586,0.0963390410758831,0.1452200174505503,0.22084546301651561,0.04358516483516483,0.19290317346862756,0.22534761152595725,0.06862607578067564,0.22624045838688286,0.2727326839826839,0.04714646464646463,0.2783574296951906,0.25823161554934,0.07144276531002536,0.2581261971197138
2026-06-03,ARI,LAD,7.0,0.0,7.0,4.0,3.8,4.4,3.0,5.05,3.15,4.6,3.2,6.3,3.0,5.75,2.55,2026-06-03,Zac Gallen,0.1649605238392423,0.0663900363557113,0.1900870288620051,Shohei Ohtani,0.2851875855308349,0.0811356588435154,0.2990707102034646,0.23501212968318227,0.03775183150183149,0.2161089150954218,0.22604793449444388,0.0685928654567094,0.2285692025436537,0.285232683982684,0.058888888888888866,0.27100448851872,0.25604749070426885,0.07368687298253859,0.25678758058062495
2026-06-04,ARI,LAD,5.0,3.0,2.0,2.6,4.2,4.2,3.6,4.8,3.45,5.2,2.8,5.9,2.7,6.0,2.25,2026-06-04,Ryne Nelson,0.1875889034318944,0.0686034290217873,0.1799228342633479,Justin Wrobleski,0.1574716711887538,0.0588654504536857,0.1693888190484905,0.24960840297510778,0.04365245261984391,0.20946640301812716,0.22590365732533357,0.06962356407590915,0.22800045657533358,0.26875541125541125,0.05547979797979796,0.2501900088807109,0.25631651944657535,0.07396465069103138,0.2554921452202164
2026-06-05,ARI,WSN,15.0,1.0,14.0,2.6,4.2,4.3,3.5,4.9,3.55,4.0,4.8,4.5,4.0,4.85,4.4,2026-06-05,Merrill Kelly,0.1416612035250027,0.0883301677746121,0.227780749588269,Foster Griffin,0.2297835920118528,0.0757192217337144,0.2099436728198417,0.24484649821320298,0.04365245261984391,0.2511330696847938,0.22688415943007048,0.0684821941730254,0.23109334526535544,0.1796108801371959,0.1253496579812369,0.18253422329901164,0.18949276792814082,0.0957388514890539,0.20929031584786623
2026-06-06,ARI,WSN,7.0,1.0,6.0,2.6,6.0,3.9,4.5,4.75,3.9,5.0,4.2,5.7,4.0,5.45,4.2,2026-06-06,Eduardo Rodr\xc3\xadguez,0.1780636320590738,0.0877388936838445,0.1580098763592468,Zack Littell,0.1295726951524052,0.0728983080794674,0.1309951229594086,0.24167189503859982,0.05846726743465872,0.24859338714511128,0.22501685219911954,0.06976712891455965,0.22874852172420915,0.18294421347052922,0.11201632464790356,0.16811114637593474,0.18913611009593032,0.09424293193453742,0.20797327966274332
2026-06-07,ARI,WSN,6.0,5.0,1.0,2.0,7.0,3.1,5.0,4.55,3.9,5.4,4.0,5.3,3.9,5.25,4.05,2026-06-07,Michael Soroka,0.2307177202829376,0.0536256644589977,0.1921137843784362,Cade Cavalli,0.248607652667729,0.0926446244860566,0.2386583929460169,0.23397958734629212,0.08154419051158181,0.2700933871451113,0.2251081597954705,0.07354371905388898,0.2310699737603328,0.16535162087793662,0.11294225057382949,0.1565726848374732,0.18750837506881343,0.09407509195605737,0.2053654067211863
2026-06-15,ARI,LAA,7.0,4.0,3.0,2.2,3.4,2.7,5.0,3.45,4.3,7.6,3.4,6.1,4.8,6.05,4.9,2026-06-15,Ryne Nelson,0.1755257533911742,0.0675441979027907,0.1735840210837208,Walbert Ure\xc3\xb1a,0.2222897980907134,0.1390189499457233,0.2560598081420882,0.25614181570063926,0.09104973185855539,0.29192284573221666,0.23022339423609153,0.07268444518771576,0.2371322264548883,0.28544783790356354,0.09033353023327263,0.28911710734986595,0.234692694134462,0.10989724478136884,0.26370886451390213
2026-06-16,ARI,LAA,7.0,0.0,7.0,3.0,2.4,2.8,5.1,3.55,4.3,5.6,3.2,5.6,4.3,5.9,4.4,2026-06-16,Merrill Kelly,0.1344026447813263,0.0910843665191491,0.2119342496631292,Reid Detmers,0.2925988791516741,0.0749317372298738,0.2530816246725895,0.2561418157006392,0.09104973185855539,0.28871771752708847,0.2310049560878971,0.07166072060760709,0.23920945403461363,0.2700632225189482,0.11033353023327264,0.2743022925350511,0.23147772572166117,0.11113152909943227,0.26009641431508157
2026-06-17,ARI,LAA,9.0,8.0,1.0,3.0,3.4,2.7,4.4,3.3,4.45,5.0,3.0,6.1,3.5,5.8,4.1,2026-06-17,Eduardo Rodr\xc3\xadguez,0.1811973989077775,0.1018714326813905,0.1621554165389105,Sam Aldegheri,0.1835497835497835,0.0939754689754689,0.247946216609811,0.28788784744667095,0.07623491704374057,0.32530757927824056,0.23374893487239057,0.07066543282139032,0.24215950194004682,0.27422988918561486,0.11172241912216152,0.2750715233042819,0.23341721591461168,0.11131894086835886,0.26073960206342245
2026-06-19,ARI,MIN,14.0,9.0,5.0,3.6,3.2,3.4,3.9,3.25,4.45,7.2,4.0,6.0,5.9,5.35,6.1,2026-06-19,Michael Soroka,0.2359806928751027,0.051459360745075,0.1903148546951945,Connor Prielipp,0.2412711798254939,0.0905158905845404,0.2000643978484535,0.29814425770308123,0.045465686274509795,0.3163790078496691,0.2351131047143213,0.06969741319370004,0.24275614281366656,0.2944444444444444,0.10976190476190473,0.25076934841133625,0.21128970256646926,0.10737650364820911,0.20449571376641354
2026-06-20,ARI,MIN,24.0,8.0,16.0,5.2,3.8,3.8,4.3,3.4,4.6,7.0,4.0,6.0,6.2,5.5,6.25,2026-06-20,Zac Gallen,0.1529940600970349,0.0663427983153383,0.1922379574652555,Taj Bradley,0.2654217189650788,0.0996032988903658,0.2406301634567736,0.29576330532212886,0.05975140056022408,0.3060153714860328,0.23386640252706214,0.07068605818915198,0.24298916791077915,0.2927128427128427,0.10932900432900428,0.2598861575281453,0.2132942638963363,0.10715982716479965,0.20570361616812252
2026-06-29,ARI,SFG,9.0,5.0,4.0,3.4,4.4,4.6,5.1,3.65,4.75,3.4,3.0,3.4,3.3,4.8,3.95,2026-06-29,Eduardo Rodr\xc3\xadguez,0.1826217981183794,0.1035819480406612,0.1655607032595009,Tyler Mahle,0.2265586634017782,0.0965098167600186,0.1818950617716947,0.197989417989418,0.08018518518518516,0.2386738057146575,0.22938801817934515,0.07182637823160921,0.24173441703451157,0.2003861908700618,0.07943932411674345,0.23138457066088644,0.2102495294775905,0.09911972523454796,0.2249881244991211
2026-06-30,ARI,SFG,10.0,8.0,2.0,3.6,4.6,4.3,5.4,3.85,4.65,3.8,3.8,3.1,3.3,4.95,4.2,2026-06-30,Brandon Pfaadt,0.1889403331711023,0.0918967784352399,0.2035920495878486,Adrian Houser,0.1641013355376436,0.078667905307112,0.1824411592154562,0.18283790283790283,0.08927609427609426,0.23363178890793482,0.22881488762077687,0.07205629043254273,0.241656823065988,0.16490231990231988,0.09119047619047617,0.2141331086725823,0.20771640261641472,0.10050726727130899,0.22354565502195983
2026-07-01,ARI,SFG,10.0,4.0,6.0,3.4,4.2,4.2,5.1,4.0,4.7,3.0,3.6,3.0,3.7,4.45,4.15,2026-07-01,Zac Gallen,0.1395196457869764,0.065241299334717,0.181732453818824,Trevor McDonald,0.1958527583527583,0.0863256188256187,0.2084731488104606,0.17624449624449623,0.08268268768268766,0.21239369366983954,0.2270066517791376,0.07211422836695384,0.23934684954876254,0.14166999666999663,0.0957359307359307,0.19703851407798773,0.20578471384067815,0.09985187772587134,0.22152789786758
2026-04-29,ATH,KCR,7.0,5.0,2.0,4.4,2.6,4.6,4.7,4.15,4.2,6.0,4.8,4.7,5.5,3.9,4.6,2026-04-29,Luis Severino,0.2397681947681947,0.1614827764827764,0.2037880811253551,Michael Wacha,0.233076923076923,0.0812197802197802,0.228214274237604,0.23653189912942235,0.07352024291497973,0.2846366646787274,0.22355880984844365,0.09291009140320551,0.270286551395645,0.2196855318594449,0.1580248374813592,0.2090328493169562,0.2176876048469663,0.11999116130984018,0.20554762093631035
2026-04-30,ATH,KCR,9.0,6.0,3.0,4.4,2.6,4.5,4.4,3.85,4.1,6.4,4.4,4.8,5.8,3.9,4.6,2026-04-30,Jeffrey Springs,0.219246647072734,0.0779770471074818,0.2230340899986607,Noah Cameron,0.1965791454921889,0.0753350272915489,0.2193567382230172,0.21080090497737558,0.07995299145299142,0.28067325004458105,0.21981055322386592,0.0972204957638394,0.2737769996824568,0.2150701472440603,0.1457171451736669,0.19569951598362287,0.21555955648027256,0.11855555849694807,0.20536270023843334
2026-05-12,ATH,STL,10.0,4.0,6.0,5.2,2.8,5.1,4.9,4.8,4.65,3.6,2.8,4.4,3.1,4.85,3.9,2026-05-12,Jeffrey Springs,0.2174241157393331,0.0662952853306114,0.2262244311353592,Andre Pallante,0.1792675348575969,0.1012969087503248,0.2198176101984536,0.2415990267428886,0.10115864066311633,0.2504681822242798,0.22525767160362156,0.09820503198865863,0.2679497953179125,0.2412305178481649,0.06294907706672409,0.25930299585471994,0.2115155279876642,0.10502942349188475,0.22052404174582066
2026-05-13,ATH,STL,8.0,6.0,2.0,5.4,2.8,4.9,5.2,4.7,4.5,3.6,3.0,4.5,3.1,4.7,3.9,2026-05-13,J.T. Ginn,0.1928712010837614,0.0905081409912327,0.2409933991730303,Matthew Liberatore,0.1615792569368083,0.0885780533349182,0.1761782077571551,0.25772103110018707,0.0959298824931817,0.2628491346052321,0.2255024629705347,0.09724450753556366,0.2676862114599844,0.24218289880054583,0.07152050563815267,0.26942204347376764,0.2112346614513797,0.10571976275631034,0.22225922771949985
2026-05-14,ATH,STL,9.0,4.0,5.0,4.2,3.0,5.0,4.6,4.9,4.15,3.6,3.0,3.7,3.2,4.45,3.95,2026-05-14,Jack Perkins,0.2968122786304604,0.0588842975206611,0.2586676797730836,Michael McGreevy,0.1959309712027103,0.0596790890269151,0.1758814950637095,0.25642232980148577,0.08229351885681806,0.25839778884953857,0.225235397525658,0.09492916211805025,0.26648871367159965,0.23558949220713926,0.057234791352438384,0.24611377279707583,0.20803676658165818,0.10320262554782676,0.21822047417730625
2026-05-15,ATH,SFG,7.0,5.0,2.0,4.2,3.4,4.8,3.7,4.9,4.05,4.0,5.4,3.5,5.1,2.95,4.25,2026-05-15,Aaron Civale,0.1759222560852995,0.0662841687298208,0.1801664409558562,Tyler Mahle,0.2321635099768091,0.1078568304031858,0.1964968988776377,0.2544899626517273,0.06055438842203546,0.26564711134276353,0.22258134435322666,0.09272150718507233,0.2648132655500379,0.13142643375379945,0.1198843654214498,0.19554353308873101,0.20798024712265126,0.1070338982773285,0.23350509988677332
2026-05-17,ATH,SFG,11.0,1.0,10.0,4.6,4.2,4.9,3.5,4.8,4.15,3.2,4.0,3.9,5.3,3.2,4.5,2026-05-17,Jeffrey Springs,0.2154881028794072,0.0722624758494323,0.2247290451699647,Adrian Houser,0.1174329695010472,0.0754244003729129,0.1703397645964496,0.27482609710550887,0.05055438842203547,0.2875460457416979,0.22557399422137456,0.08990774085266388,0.26609092512828536,0.1618405124287477,0.13118871324753675,0.20158928472271795,0.21270574362456496,0.1067280766130968,0.23603386365981216
2026-05-27,ATH,SEA,10.0,1.0,9.0,2.2,4.8,3.6,5.0,4.2,4.35,4.2,3.2,4.0,3.8,4.25,3.5,2026-05-27,Jeffrey Springs,0.1990357205376968,0.0742753590283234,0.2187401919580871,Logan Gilbert,0.2537883595882347,0.0536564782019327,0.2600013098401609,0.22196777764569525,0.04637787650945544,0.28559792982799515,0.22379246723526894,0.08351161302711906,0.26768649868616284,0.231517094017094,0.09797008547008546,0.2474475302879005,0.24104448448946053,0.07391839686098058,0.24644272300027342
2026-05-29,ATH,NYY,10.0,2.0,8.0,1.8,5.2,3.2,5.7,3.9,4.75,6.0,1.6,4.6,2.8,4.55,3.25,2026-05-29,Luis Severino,0.2465204646034685,0.1235360598996962,0.199299443214943,Carlos Rod\xc3\xb3n,0.292250233426704,0.1858076563958916,0.2702020202020201,0.20292015859807616,0.055901686033264966,0.27004914934019025,0.22145511501713852,0.08372482179459134,0.26681060225772263,0.19974358974358974,0.07636752136752135,0.23799598878901723,0.22222456215501088,0.07181174157884034,0.2467818683248307
2026-05-30,ATH,NYY,10.0,6.0,4.0,2.2,6.4,3.0,5.9,3.95,4.7,7.2,1.2,5.1,2.4,4.35,3.3,2026-05-30,J.T. Ginn,0.2078402139996342,0.1097767101390289,0.238548079682803,Ryan Weathers,0.2852588220322773,0.0733586017338877,0.2479035019345861,0.21220587288379048,0.05161597174755067,0.26464264527514963,0.22005157979999573,0.08325014385438181,0.2641294605507395,0.1991941391941392,0.0791147741147741,0.23623835696663056,0.21957901845805577,0.07305815212758249,0.245503467888926
2026-05-31,ATH,NYY,21.0,8.0,13.0,2.4,6.8,3.5,5.3,4.1,4.6,7.6,2.4,4.8,2.4,4.2,3.4,2026-05-31,Jack Perkins,0.267252886002886,0.0654829545454545,0.263848015857981,Will Warren,0.2658901187042133,0.0661955678123888,0.2314061621760368,0.22269180638762678,0.0869100893946095,0.2739375170700214,0.22031899274468103,0.08798156547922754,0.26607455773405986,0.17586080586080582,0.0591147741147741,0.23068280141107503,0.21866673653061802,0.07179852881503795,0.2470177759138296
2026-06-09,ATH,MIL,12.0,7.0,5.0,3.2,5.2,3.4,6.4,3.65,5.75,7.2,4.2,6.4,3.3,5.3,3.2,2026-06-09,J.T. Ginn,0.2172644011153327,0.1064242549490996,0.2578532412318762,Robert Gasser,0.1928571428571428,0.1126984126984126,0.2111244436825832,0.2702630477478348,0.10172437940693517,0.27297786921332035,0.22896402774493793,0.0864939845041827,0.2677594125585838,0.27521613026254277,0.07120709382151028,0.24159000909000908,0.25290375660113207,0.09015109794956692,0.24956864470861112
2026-06-10,ATH,MIL,7.0,4.0,3.0,4.2,6.0,4.0,6.5,3.8,5.75,6.6,5.0,6.3,4.0,5.4,3.45,2026-06-10,Jack Perkins,0.255101980540577,0.0640550239234449,0.2600509915124239,Brandon Sproat,0.2262223186375999,0.127528662431156,0.2157529443606679,0.33597733346212044,0.09601009369264944,0.2960938112423058,0.23761608793062067,0.08518346958745267,0.2689725439888556,0.2613063558264525,0.06782363517489373,0.23028048528048525,0.2501118306754004,0.08986305908001316,0.24765220402078633
2026-06-14,ATH,COL,32.0,9.0,23.0,5.8,3.4,4.8,5.6,4.15,5.45,4.4,5.4,4.8,6.7,4.45,6.85,2026-06-14,Jeffrey Springs,0.1986005299048777,0.0711473404097627,0.1993903185532655,Tomoyuki Sugano,0.1363433667781493,0.0709733905386079,0.1615961865830266,0.3464866823922551,0.05366062214359426,0.27962865848725943,0.23752795247411884,0.08376816999440553,0.2681778440086638,0.20717313600378112,0.09410965378707312,0.22682819572569413,0.2065659163727533,0.08050414385785,0.2391516297894062
2026-06-15,ATH,PIT,13.0,11.0,2.0,6.6,8.0,4.9,6.6,4.55,6.5,4.6,6.0,3.9,5.8,5.35,5.6,2026-06-15,J.T. Ginn,0.2146848696124058,0.1064721617620167,0.2576564892020387,Carmen Mlodzinski,0.1900778421709906,0.0844566517671915,0.1886349948126063,0.3234708093763822,0.06278760627057837,0.2637368901945765,0.23492834680385363,0.08455560883575529,0.26590923195139715,0.20816236661888832,0.12615886287625416,0.21543286238801312,0.25024237276347794,0.1006403333574421,0.24342720257234454
2026-06-16,ATH,PIT,11.0,5.0,6.0,7.4,7.4,5.8,6.7,4.4,6.3,3.2,6.6,3.6,6.8,5.25,6.1,2026-06-16,Jack Perkins,0.2522018763015993,0.0685784437169478,0.2566336736022707,Mitch Keller,0.1724945758175571,0.0816692986102923,0.1841963829532636,0.33597080937638213,0.07112093960391172,0.25319557965326595,0.23514062360943314,0.08453839368783386,0.26433087873864725,0.20720998566650736,0.1309207676381589,0.2164328623880131,0.24942365793762467,0.09991401437472437,0.24365422719464122
2026-06-17,ATH,PIT,16.0,4.0,12.0,7.6,8.0,5.7,6.6,4.5,6.25,3.2,6.0,3.9,6.7,5.45,6.3,2026-06-17,Aaron Civale,0.1531303932489703,0.0651291396350684,0.1739914556350945,Braxton Ashcraft,0.2691615992108603,0.0557074024315403,0.2540015646190873,0.30263747604304875,0.06239078087375298,0.2314761226396913,0.23418959642967252,0.08413585426932998,0.26351909365812687,0.20185284280936452,0.12288505335244464,0.2164328623880131,0.2511206355330622,0.09940841958587675,0.24502143474886087
2026-06-18,ATH,LAA,5.0,5.0,0.0,7.2,9.6,6.0,7.3,4.7,6.75,4.4,4.0,5.1,3.9,5.6,4.4,2026-06-18,Gage Jump,0.2026785714285714,0.0631547619047619,0.2289624183006536,Ryan Johnson,0.1238095238095238,0.1453463203463203,0.2323338426279602,0.3052236829396005,0.059287332597890915,0.24648462604105187,0.23476045221783476,0.08392804143333066,0.2647608412335863,0.2584234375727116,0.1070449997673228,0.2665030802530802,0.23163831970241688,0.11050135499011408,0.25887923565207177
2026-06-20,ATH,LAA,7.0,0.0,7.0,6.8,8.6,6.3,6.0,4.7,6.65,2.8,5.0,5.1,4.3,5.5,4.6,2026-06-20,J.T. Ginn,0.2084786037231689,0.104625343959583,0.255875875293578,Walbert Ure\xc3\xb1a,0.2128828905452739,0.1334533896934882,0.2459782844388506,0.29240819777117416,0.06430995703228005,0.24778908399444596,0.23742325041510276,0.0835361141745957,0.26509670208336544,0.2135166776659517,0.11836784359016664,0.24546329046329043,0.23132815476721044,0.11269809271961133,0.2599746074806167
2026-06-21,ATH,LAA,16.0,7.0,9.0,5.0,5.4,5.8,6.7,4.6,6.55,3.6,3.4,5.6,3.4,5.35,4.3,2026-06-21,Jack Perkins,0.2532281461228829,0.069694976076555,0.2521353232554905,Reid Detmers,0.2814256205415625,0.0699362880812155,0.2421354422870095,0.22351930888228527,0.0698655125878356,0.24157790387022238,0.2357612485821555,0.08316794892960833,0.26536798607850914,0.22685001099928503,0.1250345102568333,0.250008745008745,0.23434531517617785,0.11296264708645391,0.2613036043544083
2026-06-29,ATH,LAD,13.0,4.0,9.0,4.4,4.0,3.9,5.1,4.8,5.85,7.2,3.6,5.2,4.3,5.6,4.7,2026-06-29,Gage Jump,0.2651190476190476,0.0713624338624338,0.2246477731553837,Eric Lauer,0.1501135504171941,0.0904071636865158,0.1458509263777717,0.2847435897435897,0.090534188034188,0.3007140140835385,0.2407825169799739,0.08472396271054239,0.2690925488058697,0.24004872034283795,0.10931540137422487,0.2786096826142198,0.25765332892313947,0.07835987077187502,0.2549123177729936
2026-06-30,ATH,LAD,12.0,3.0,9.0,5.0,5.4,3.9,4.8,4.95,6.05,6.6,3.8,5.6,4.3,5.6,4.8,2026-06-30,Jeffrey Springs,0.2081378780355762,0.0772660637174703,0.2170838770702695,Justin Wrobleski,0.1524457515293819,0.0539515122288231,0.1639853660996645,0.2685531135531135,0.09005799755799751,0.31184358218985075,0.24075052556467944,0.08484913095491801,0.2697650350742383,0.26184359213770975,0.10803335009217359,0.2850382540427912,0.25914700016657766,0.07924794469039595,0.25603099638742893
2026-04-24,ATL,PHI,8.0,5.0,3.0,6.4,5.0,6.0,4.4,6.3,3.55,2.0,5.2,3.2,6.7,3.2,5.55,2026-04-24,Grant Holmes,0.1947153981209708,0.1022375457359977,0.2944047619047619,Andrew Painter,0.2518796992481202,0.050125313283208,0.2126364489169366,0.29953947368421047,0.06721804511278193,0.29077390368629136,0.2655264645187841,0.05349059001119013,0.2654679924454539,0.21183344433344428,0.11610902985902985,0.17902941087872443,0.2495831335076557,0.08029471204927592,0.2286167349783166
2026-04-26,ATL,PHI,8.0,6.0,2.0,6.6,5.2,6.1,3.7,6.3,3.65,2.4,5.6,3.2,6.8,3.25,5.15,2026-04-26,Chris Sale,0.2504195270785659,0.0605191909539735,0.2393803989144441,Aaron Nola,0.2506561264822134,0.0886324110671936,0.238923211784547,0.2899698766146134,0.08383892423366106,0.27771049650523716,0.262700398371838,0.05688137204335787,0.2601614551699383,0.18322594072594073,0.09309315684315682,0.17287755285732004,0.23798983421624367,0.0761106240315165,0.22138341774024736
2026-04-28,ATL,DET,7.0,5.0,2.0,6.0,4.8,6.1,3.4,5.75,3.65,5.6,5.4,5.8,5.9,4.65,4.55,2026-04-28,Mart\xc3\xadn P\xc3\xa9rez,0.1713456718719876,0.0569635627530364,0.1659346567411083,Casey Mize,0.2743544137022398,0.0848774703557312,0.258460634547591,0.28599260388734066,0.07133892423366106,0.2662819250766657,0.2630461526599564,0.05491994542117312,0.26104258725767443,0.19605820105820101,0.09589947089947086,0.17795676775402214,0.2115333407499824,0.11813159423729136,0.21763956644500043
2026-04-29,ATL,DET,7.0,4.0,3.0,6.2,3.0,6.0,3.3,5.9,3.75,5.0,6.0,5.0,5.5,4.6,4.55,2026-04-29,Reynaldo L\xc3\xb3pez,0.1992640692640692,0.1303463203463203,0.1907601930182575,Tarik Skubal,0.2698627580149319,0.0422705314009661,0.271185190778214,0.29530632937753676,0.06888794384150419,0.25853781733255793,0.2601603005124677,0.05505006488752617,0.25840177374302464,0.20439153439153435,0.08339947089947086,0.18890914870640305,0.21281556272498298,0.11558276331827053,0.2207023745476274
2026-04-30,ATL,DET,7.0,2.0,5.0,5.4,2.4,5.5,3.6,6.05,3.8,4.6,6.0,4.9,5.8,4.6,4.4,2026-04-30,Bryce Elder,0.2152634000460087,0.0707911586534774,0.1966094257076849,Framber Valdez,0.1684307342665663,0.0990456145553596,0.1766974621778783,0.29985178392299133,0.06888794384150419,0.26240686495160553,0.26936334067188955,0.053274256342767265,0.2654272157574586,0.19867724867724862,0.12625661375661373,0.20224248203973644,0.21055883950343976,0.125679171874824,0.22326036246544587
2026-05-12,ATL,CHC,7.0,5.0,2.0,3.8,2.4,5.3,3.5,5.4,3.55,4.0,3.4,4.9,3.3,5.6,3.95,2026-05-12,Grant Holmes,0.1823477333517138,0.1054757979746922,0.2771584165581126,Colin Rea,0.2184480103230103,0.0709821428571428,0.2156392445813886,0.2479366685945633,0.08127000192789664,0.2311197075436256,0.26413732309205384,0.06010248697328662,0.2570595308272554,0.20626921453159844,0.12650184567754225,0.23304830407662153,0.21023061245120722,0.09790434070872217,0.22049628086467088
2026-05-13,ATL,CHC,5.0,4.0,1.0,4.2,2.4,5.6,3.2,5.5,3.6,3.4,3.6,4.3,3.5,5.15,4.1,2026-05-13,Mart\xc3\xadn P\xc3\xa9rez,0.1888709035325576,0.0743926499565597,0.1890822461042759,Shota Imanaga,0.2912880540512119,0.0682115910405383,0.2969174720628209,0.2466208791208791,0.06120421245421244,0.2357755779889697,0.2638007201612907,0.060159570616779796,0.25643357130206434,0.18918588119826507,0.1206685123442089,0.24106047446201712,0.2115743280277658,0.09716058656486369,0.22345655003948578
2026-05-14,ATL,CHC,2.0,0.0,2.0,4.8,2.0,5.2,2.7,5.5,3.55,2.0,3.8,3.9,3.5,4.6,4.1,2026-05-14,Chris Sale,0.2909819013938006,0.0630770195987587,0.2588840065500561,Ben Brown,0.2273833004602235,0.0748685075608152,0.2314015547047221,0.2742226890756302,0.06527661064425769,0.23637081608420782,0.26587375402894875,0.061496488947169324,0.25725294561286904,0.19251921453159843,0.1206685123442089,0.22328269668423933,0.21130515760851543,0.09490103804009942,0.22342784474140992
2026-05-16,ATL,BOS,5.0,2.0,3.0,4.6,1.8,4.3,2.8,5.05,3.45,1.6,2.0,3.4,3.1,3.55,3.45,2026-05-16,Mart\xc3\xadn P\xc3\xa9rez,0.2485953739243212,0.0650935687119897,0.2071136320079081,Payton Tolle,0.305,0.0713636363636363,0.2457863827349121,0.2549045072574484,0.0752008530685001,0.24332720178372352,0.2636531023347329,0.0618946247919416,0.25801754899625845,0.30785714285714283,0.088015873015873,0.25418861161051826,0.24204434110731093,0.08076983039613864,0.23529173488891358
2026-05-17,ATL,BOS,9.0,8.0,1.0,3.6,2.0,3.4,2.5,4.95,3.05,1.8,2.4,3.4,2.7,3.7,3.35,2026-05-17,Reynaldo L\xc3\xb3pez,0.1969456469456469,0.1216209716209715,0.1930333132420418,Brayan Bello,0.1613093800322061,0.0975412640901771,0.2395907879671501,0.29490450725744843,0.06186751973516678,0.27255797101449275,0.2724142667767314,0.06054908947037765,0.2654519501050354,0.2745238095238095,0.11023809523809522,0.2152997227216294,0.2366655779715929,0.08638235268363184,0.23006302966915995
2026-05-23,ATL,WSN,2.0,0.0,2.0,6.8,4.2,5.2,3.1,5.1,3.35,6.8,4.4,5.7,5.6,5.45,5.1,2026-05-23,Grant Holmes,0.1930242719097207,0.1128101522373968,0.2662695219783295,Jake Irvin,0.2424777523518942,0.0981848924022836,0.2226325102428043,0.26309602162543333,0.08632161955691366,0.2828149496680231,0.26366520121208736,0.06519073387449785,0.26150691329551795,0.2409865102804769,0.07931209569206998,0.2570577774074171,0.18990901752758169,0.09188559738457742,0.21411810026562603
2026-05-24,ATL,WSN,3.0,1.0,2.0,5.2,4.4,4.5,3.1,4.9,3.3,4.6,3.8,5.2,4.8,5.55,4.7,2026-05-24,Mart\xc3\xadn P\xc3\xa9rez,0.3090212266756889,0.0607705071435048,0.2562464611618821,Foster Griffin,0.2246580593319723,0.0767938020111932,0.2055909439691759,0.26626344243991296,0.07455691367456072,0.2852272303697775,0.26594728014422503,0.06396072002780921,0.26253111254813477,0.25226856156252814,0.06777363415360846,0.26261714597296276,0.19135727505850783,0.09015190686788728,0.2143386351967067
2026-06-02,ATL,TOR,7.0,4.0,3.0,5.4,4.2,5.3,3.5,4.75,3.35,4.0,4.4,4.2,3.9,4.2,3.55,2026-06-02,Bryce Elder,0.2124371225594051,0.0786709331999186,0.2036077431568727,Kevin Gausman,0.2435780097660341,0.0420752208071048,0.2280786231089485,0.26607142857142857,0.03229548229548228,0.25809350899352557,0.26301380930444396,0.06108756561349439,0.2568215763550365,0.2060565677013045,0.11226447529079105,0.2372228502698827,0.24202751953669882,0.08019331009820842,0.23017792797992076
2026-06-03,ATL,TOR,10.0,7.0,3.0,6.2,3.2,4.8,3.7,4.9,3.35,4.2,5.0,3.9,4.1,4.25,3.75,2026-06-03,Grant Holmes,0.2208962854389254,0.1048926826058826,0.2780847989083769,Patrick Corbin,0.1693384152079803,0.067707196185457,0.1733325651073931,0.2594047619047618,0.03229548229548228,0.21888298267773604,0.2641665883868848,0.06008613011163383,0.2551998248876114,0.18700894865368545,0.10115336417967993,0.24942523122226365,0.2404017756567061,0.07887866567036894,0.23152747014418434
2026-06-04,ATL,TOR,9.0,2.0,7.0,5.6,3.4,4.6,3.7,4.9,3.4,4.4,6.2,3.7,4.6,3.7,4.05,2026-06-04,Chris Sale,0.2988959282864005,0.0640560142536427,0.2781164244709541,Braydon Fisher,0.2491551459293395,0.0825652841781874,0.2750412669767508,0.2711263736263736,0.03522588522588521,0.21688298267773604,0.26486861611761736,0.060357693769882904,0.2543095051313596,0.14854741019214698,0.0864097744360902,0.21794374974078218,0.2365243276622431,0.07895051514880386,0.22868921345727097
2026-06-05,ATL,PIT,9.0,6.0,3.0,4.4,4.2,4.8,4.2,4.65,3.65,8.6,6.0,6.9,5.4,5.2,4.65,2026-06-05,Mart\xc3\xadn P\xc3\xa9rez,0.2734267798054983,0.0707178468620116,0.2368345275160774,Mitch Keller,0.17749367178715,0.0713919594897855,0.1924665185524446,0.2503118939883645,0.041108238167061675,0.20348585349113318,0.263465472817898,0.060333341954674685,0.2531588492057536,0.29284858072783765,0.09671492078612821,0.27730681988922357,0.25612424083780205,0.09499230750751253,0.24797507875124883
2026-06-06,ATL,PIT,9.0,6.0,3.0,4.6,4.4,5.3,4.3,4.7,3.7,7.2,5.4,7.0,5.9,5.2,4.9,2026-06-06,Spencer Strider,0.3108987747145642,0.1390977443609022,0.2937749607759235,Braxton Ashcraft,0.2822036839278218,0.0574162119277061,0.2663267412138509,0.24426793794440846,0.03451483157365509,0.21826846218678533,0.2617526709589645,0.060592556563555965,0.2546380247956093,0.2972441851234421,0.11100063507184248,0.28420337161336146,0.25881872814613993,0.09574019555985051,0.24948839918024332
2026-06-07,ATL,PIT,5.0,3.0,2.0,5.0,3.8,5.2,4.0,4.8,3.8,6.0,6.0,6.1,6.4,5.15,4.7,2026-06-07,Reynaldo L\xc3\xb3pez,0.2039888682745825,0.1019944341372912,0.2004108714379112,Mason Montgomery,0.3033333333333333,0.0996666666666666,0.2801469641469641,0.26877774186597714,0.04072398190045248,0.23951157784374838,0.2640605484193243,0.06147031813678633,0.2559738000238945,0.27724418512344207,0.11100063507184248,0.24396527637526616,0.25791382463619933,0.09580573101277588,0.24638271684853263
2026-06-16,ATL,SFG,9.0,2.0,7.0,2.6,4.0,3.8,3.9,4.55,3.7,4.2,5.6,5.8,5.2,5.95,6.15,2026-06-16,Reynaldo L\xc3\xb3pez,0.211823593073593,0.1246617965367965,0.2066095125081723,Robbie Ray,0.2120540827266881,0.1176822360379078,0.2252452577872238,0.2699804280686634,0.10084302951950008,0.2760608886396895,0.26498543904629024,0.06582653847893893,0.2581380028808618,0.23115207135485769,0.07235311317509459,0.18858334460718748,0.21161943761752502,0.10185311427868746,0.2240997291988759
2026-06-19,ATL,MIL,5.0,3.0,2.0,3.2,6.0,3.4,4.7,4.0,4.2,5.0,3.6,5.8,3.4,5.45,3.4,2026-06-19,Mart\xc3\xadn P\xc3\xa9rez,0.2665086684047128,0.0713295830245813,0.2438831829005482,Jacob Misiorowski,0.4013998085158933,0.069521728063707,0.3468938982678212,0.24073625176566354,0.08726836888601593,0.26991554462200507,0.2603518808929343,0.06402307167129677,0.25545428693400724,0.3027092352092352,0.08817460317460316,0.28099008860450503,0.2549943583272038,0.09156924366927204,0.25470001512398716
2026-06-20,ATL,MIL,7.0,4.0,3.0,2.8,5.0,3.5,4.2,4.15,4.2,3.8,2.4,5.3,3.6,5.5,3.3,2026-06-20,Chris Sale,0.2872885971441956,0.0625832056947268,0.2721882566036278,Kyle Harrison,0.2976797319878488,0.0705169499590013,0.2737505923837616,0.2386849697143815,0.09290939452704157,0.25179960259301953,0.2586354140340208,0.06495969682889187,0.2542544542276918,0.3027092352092352,0.07567460317460314,0.290880198494615,0.2566611033504371,0.09029744861830993,0.25650439525581215
2026-06-21,ATL,MIL,13.0,4.0,9.0,3.0,5.4,3.3,4.2,4.3,4.25,3.6,3.2,4.4,3.6,5.4,3.45,2026-06-21,Reynaldo L\xc3\xb3pez,0.2077667430608606,0.1173287496816908,0.2080306724058816,Robert Gasser,0.2217142857142857,0.1036190476190476,0.2212201207550044,0.22058542220306926,0.08114468864468863,0.22965326112960488,0.2582638649238236,0.06409356753783997,0.2524643948379892,0.2943759018759019,0.07567460317460314,0.29504686516128165,0.25656985535933524,0.08906049726737418,0.2552737414395225
2026-06-30,ATL,STL,8.0,3.0,5.0,1.4,3.0,2.5,4.3,3.15,4.1,2.0,4.6,3.7,6.1,4.75,4.9,2026-06-30,Mart\xc3\xadn P\xc3\xa9rez,0.2581950848541237,0.0774133851465087,0.2417801379791562,Matthew Liberatore,0.1994292240781084,0.0804739619013074,0.2007283043269234,0.21268009278303396,0.07668467480232186,0.23065783633928794,0.2562785509047685,0.06634793878082784,0.25345503339203457,0.1250409483696835,0.12047573571024332,0.17574142653398403,0.20626348985158502,0.09592077268508156,0.21484480295103797
2026-07-01,ATL,STL,6.0,5.0,1.0,2.0,3.8,2.6,4.1,3.1,4.2,2.4,4.4,4.1,5.8,4.7,4.8,2026-07-01,Reynaldo L\xc3\xb3pez,0.2046365914786967,0.1097630439735702,0.2050800753105257,Michael McGreevy,0.1636697270121183,0.0594765922483313,0.1657786103362472,0.2342487202340143,0.09001800813565519,0.23624225192370352,0.25720692177740184,0.06715499172724357,0.25313958392071756,0.12951463258020984,0.12494941992076965,0.1790109640140478,0.20556887886576297,0.09658841746674723,0.21446660200492376
2026-04-25,BAL,BOS,18.0,1.0,17.0,5.8,5.4,5.5,4.8,4.8,4.45,2.8,5.6,3.2,6.2,4.05,4.9,2026-04-25,Trevor Rogers,0.2038776167471819,0.0633252818035426,0.2469284319790834,Garrett Crochet,0.2460547504025764,0.0814814814814814,0.20753663003663,0.2823010786942675,0.07464830491146279,0.3319196911629844,0.27234001348998965,0.08598315024130693,0.30429894751957626,0.2367475107451887,0.06502506265664158,0.22266545679336375,0.23975981600808075,0.09061734474202833,0.23588334501429203
2026-04-26,BAL,BOS,8.0,3.0,5.0,5.6,8.0,5.0,6.3,4.6,4.9,4.6,4.6,4.3,5.0,4.7,4.65,2026-04-26,Kyle Bradish,0.2476142045936095,0.1188744808882108,0.2535429142148067,Connelly Early,0.2251280374850168,0.1236787621226979,0.206346726566864,0.24813441202760086,0.08214830491146279,0.31888205675438225,0.2668829759533234,0.0855763668990363,0.2990023317810973,0.20674751074518874,0.05835839598997492,0.21111754524545218,0.2370526623287691,0.08726114678861986,0.23388093156258424
2026-04-28,BAL,HOU,8.0,5.0,3.0,5.4,7.4,4.4,6.1,4.35,5.0,4.2,6.4,4.4,5.4,4.55,6.15,2026-04-28,Shane Baz,0.1838352911456359,0.0768700265251989,0.2098907441764584,Kai-Wei Teng,0.2436868686868686,0.0934343434343434,0.1800400357218539,0.2422520590864244,0.08803065785263926,0.3145169773893029,0.2636539621062509,0.08462090841734803,0.2982443119952645,0.1434807086207342,0.10388103541811981,0.17741987094789535,0.2225455263779228,0.12171783093803955,0.2327409843030118
2026-05-08,BAL,ATH,7.0,3.0,4.0,4.6,7.6,4.9,7.1,4.65,6.6,5.8,6.2,5.0,4.9,4.7,5.0,2026-05-08,Kyle Bradish,0.224486336614483,0.1325293911106267,0.2348261353060585,Jack Perkins,0.2849927849927849,0.0441919191919191,0.2632393334792715,0.17489538239538235,0.0896103896103896,0.23501739366870944,0.24029644112970655,0.08593392978393792,0.28160564927775,0.1782220426159045,0.11773403748851316,0.217230876052191,0.20933583545307866,0.09761440609670517,0.257337522059811
2026-05-09,BAL,ATH,8.0,2.0,6.0,4.6,6.2,4.7,7.2,4.65,6.6,5.4,4.0,5.1,4.8,4.85,4.75,2026-05-09,Shane Baz,0.1890032299391905,0.0828375647341164,0.2008304814292998,Aaron Civale,0.1637869262092864,0.057119795318553,0.1780299394896196,0.15739538239538237,0.0996103896103896,0.21464702329833907,0.23926319904945764,0.08629459825101643,0.2786584958774658,0.17479347118733304,0.11601975177422745,0.21331783257393014,0.21134579467047884,0.09880500443250616,0.2558286399003422
2026-05-10,BAL,ATH,3.0,2.0,1.0,4.8,5.0,3.9,7.5,4.65,6.7,5.2,4.2,5.5,4.9,5.05,4.8,2026-05-10,Chris Bassitt,0.1170006184291898,0.1116202844774273,0.192954845789317,Luis Severino,0.2354511460761461,0.141528749028749,0.202720868536324,0.1823953823953824,0.1046103896103896,0.22166456715798816,0.2395316190732212,0.08538723329474102,0.2776130861121081,0.18604347118733305,0.11226975177422745,0.21524090949700705,0.21393949224303066,0.09787410688295473,0.25617228424214805
2026-05-11,BAL,NYY,5.0,3.0,2.0,3.4,3.8,3.6,6.5,4.45,6.55,4.0,4.4,5.9,3.5,6.1,3.0,2026-05-11,Brandon Young,0.1338888888888889,0.0877777777777777,0.1757959579180509,Ryan Weathers,0.2861556989376538,0.0696809456207952,0.2668462726049643,0.18358585858585857,0.11234848484848484,0.23055345604687708,0.23978694543728898,0.0863533983363327,0.27858496980352787,0.27450504088274985,0.0791847265221878,0.24078907635506627,0.2296148641897339,0.0723307959781946,0.2515872040211406
2026-05-12,BAL,NYY,8.0,2.0,6.0,2.6,3.4,3.7,6.0,4.5,6.45,3.0,4.2,6.1,3.5,5.55,2.95,2026-05-12,Trevor Rogers,0.2002010442590152,0.0830740984726491,0.2502181377603473,Will Warren,0.3016784586728387,0.0645037542268831,0.2376194486018066,0.19435508935508933,0.09234848484848483,0.2535008244679297,0.24140373977669422,0.0842973650426105,0.28242818480820575,0.2697431361208451,0.0680736154110767,0.2360271715931615,0.23095056470222325,0.07060863416918996,0.2523997535852631
2026-05-13,BAL,NYY,7.0,7.0,0.0,2.4,3.8,3.5,5.7,4.4,6.35,4.0,3.4,6.0,3.5,5.5,3.05,2026-05-13,Kyle Bradish,0.2410684016805297,0.1204275029360841,0.2451070147342646,Max Fried,0.209908065108798,0.0817268040231558,0.226520132499401,0.1887995337995338,0.09234848484848483,0.26495915780126306,0.23966566830901914,0.08621293019665832,0.2836120254715808,0.26640980278751175,0.0480736154110767,0.24317002873601865,0.22945559032930332,0.06896657290944136,0.25040596086622596
2026-05-22,BAL,DET,11.0,7.0,4.0,4.0,8.2,3.6,5.3,3.75,6.4,2.0,4.2,2.6,5.2,3.35,4.6,2026-05-22,Chris Bassitt,0.1393096597444423,0.096477612564569,0.2061871022805799,Jack Flaherty,0.2292636234855914,0.1437463718584999,0.2241577562222723,0.18604395604395602,0.09725024975024973,0.27165844458399013,0.2288340864673682,0.08775983658584277,0.2764221578064845,0.2048727108555483,0.07900218238833796,0.18474721991845383,0.21938629893749464,0.10921303807924929,0.22094941233521131
2026-05-24,BAL,DET,8.0,5.0,3.0,4.8,6.4,4.1,5.6,3.85,6.05,2.2,5.2,2.7,5.5,3.15,4.8,2026-05-24,Trevor Rogers,0.1850533805968588,0.091526353075266,0.2340518954792293,Framber Valdez,0.184738282457173,0.0885069847693535,0.1838133106796536,0.19330202056008502,0.08475024975024974,0.2671851401106856,0.23067225428489607,0.08603905547631645,0.2763497090794411,0.19450907449191196,0.07609309147924706,0.1767684965141985,0.21778970927261276,0.10886103909520778,0.21997370759717738
2026-05-26,BAL,TBR,7.0,6.0,1.0,3.4,4.0,4.2,5.5,3.85,5.6,5.8,2.8,5.4,2.7,4.55,2.15,2026-05-26,Shane Baz,0.1956355942907666,0.0952590225866087,0.1820665813159428,Griffin Jax,0.2349877450980392,0.1321486928104575,0.3069611638361638,0.19326362758051557,0.07548108753991106,0.2330310784860358,0.22663444468690702,0.08633271988621144,0.26987494310661814,0.18105191105191104,0.09596070596070594,0.17537762452297648,0.2122572999523416,0.0771383589600164,0.22672718841153516
2026-05-28,BAL,TOR,3.0,1.0,2.0,6.0,2.8,5.0,5.5,4.5,4.6,3.6,3.2,3.8,3.1,3.65,3.3,2026-05-28,Chris Bassitt,0.1453786937699981,0.0868298513081121,0.1962826777668076,Patrick Corbin,0.1669897735115126,0.0699392126928358,0.174073220489696,0.18921600853289655,0.06714775420657772,0.19641661063681187,0.22466280635625216,0.08443988465218008,0.2678968607229402,0.23260480260480257,0.09753561253561249,0.2541478369125428,0.24721631389673157,0.07822918205115958,0.23082733524964313
2026-05-29,BAL,TOR,11.0,5.0,6.0,4.8,2.4,4.8,4.4,4.1,4.35,3.0,3.0,3.4,2.5,3.6,3.15,2026-05-29,Trevor Rogers,0.1756030049749856,0.0924678694002365,0.2191572404259816,Braydon Fisher,0.2548440065681445,0.0882594417077175,0.2710211244694003,0.1725493418662299,0.08381442087324438,0.1777802470004482,0.22448075210940063,0.08671788166329471,0.26670568772780096,0.2481603581603581,0.09198005698005694,0.2576772486772486,0.2475575481558532,0.07685674026078837,0.23204089077157924
2026-05-30,BAL,TOR,11.0,6.0,5.0,4.8,3.0,4.6,4.7,4.0,4.45,4.0,3.2,3.6,2.5,3.85,3.15,2026-05-30,Brandon Young,0.1519400232182186,0.1023997222493462,0.1998843890473241,Trey Yesavage,0.2791938997821351,0.0777868554829339,0.2921190843231316,0.1840878034046914,0.06458365164247515,0.1968877984878624,0.22326291420831018,0.08522274577254825,0.265855439738491,0.231333435083435,0.08909544159544155,0.2400649555330406,0.24436690077385576,0.07768679646318856,0.23170856433494527
2026-06-08,BAL,SEA,9.0,3.0,6.0,6.0,5.0,5.5,4.5,5.25,5.0,4.0,4.4,5.3,3.5,4.6,3.45,2026-06-08,Trey Gibson,0.1123015873015872,0.1206349206349206,0.1350877192982455,Emerson Hancock,0.2547085002462576,0.0552965799914693,0.2087485757543896,0.1942429792429792,0.049750249750249734,0.22177085296534443,0.2200537416421199,0.07918387936400882,0.26090807166875907,0.20307589469354173,0.09999211572740982,0.21106415136587545,0.2352031629823961,0.07792973822504662,0.24099986582575064
2026-06-10,BAL,SEA,9.0,7.0,2.0,6.4,4.6,5.7,4.9,5.25,4.65,3.6,4.4,5.3,3.0,4.4,3.5,2026-06-10,Brandon Young,0.1640761750703271,0.0837594547536067,0.1986755124689064,George Kirby,0.200392162201642,0.0574358302290489,0.2000549660131568,0.1963186813186813,0.03943278943278942,0.2357501976038756,0.21930052701865885,0.07848892866376019,0.2614281982481064,0.20494595445833835,0.10593485719646707,0.2078527136807536,0.232671007067985,0.07945639325427688,0.23993309842482488
2026-06-11,BAL,SEA,12.0,7.0,5.0,6.2,4.6,5.9,4.5,5.25,4.6,3.8,4.4,4.6,3.5,4.1,3.7,2026-06-11,Kyle Bradish,0.225673492538481,0.1208215540709819,0.2350507112982007,Bryan Woo,0.2465031160700633,0.0433668223138872,0.2112764234098372,0.20315628815628814,0.035159285159285146,0.23794799980167775,0.21934287042740616,0.07896171391662035,0.26074497384285433,0.20494595445833835,0.11010152386313374,0.21261461844265833,0.22924937461110287,0.08073889727504732,0.23850551084294722
2026-06-12,BAL,SDP,10.0,7.0,3.0,5.0,5.0,6.0,4.5,5.3,4.05,3.4,4.0,3.1,4.5,2.85,3.85,2026-06-12,Shane Baz,0.2009888166652092,0.087456950653237,0.1883845497302124,Griffin Canning,0.2365044103765907,0.1300027666569019,0.2354982112009655,0.2242089197352355,0.031331533963112904,0.24779955175849291,0.21921691964686427,0.07858556913134532,0.26068304930810293,0.2534734928813876,0.08790477066792854,0.2786082931996364,0.255169221005737,0.09004898592934485,0.2962434334675559
2026-06-13,BAL,SDP,12.0,3.0,9.0,5.6,4.4,5.8,4.3,5.6,4.0,4.0,4.4,3.0,4.3,2.95,4.2,2026-06-13,Trey Gibson,0.0842261904761904,0.1036340852130325,0.1454334365325077,Randy V\xc3\xa1squez,0.1828485616947155,0.065414240163404,0.2005722898054054,0.21706606259237837,0.03847439110597004,0.26126109022003136,0.221159538484836,0.07848476634679921,0.2624285751575013,0.27655041595831065,0.08790477066792854,0.2901525210856934,0.25707284105882006,0.08985595785572326,0.2976413880904754
2026-06-14,BAL,SDP,7.0,2.0,5.0,5.4,5.0,5.7,5.0,5.6,4.2,5.2,4.6,3.7,4.2,3.2,4.1,2026-06-14,Trevor Rogers,0.1638992234282089,0.0800832252825006,0.2035057400146356,Walker Buehler,0.1957953818365717,0.082239251976094,0.1838563314370561,0.19875104427736007,0.03939014202172096,0.24567969487119418,0.21874925388947783,0.07805607580891377,0.26017262272475816,0.2740294075549493,0.07235855218053358,0.2969707029038752,0.25505217754816367,0.08940621251595575,0.2969509331906135
2026-06-26,BAL,WSN,4.0,3.0,1.0,5.4,3.0,3.8,3.8,4.8,4.05,5.0,6.8,4.6,5.5,5.4,4.85,2026-06-26,Trevor Rogers,0.1710233509301832,0.0808063256044622,0.2101113340067139,Andrew Alvarez,0.2676248134581467,0.0886175552842219,0.2701135707671655,0.24436021832573557,0.10886586593483145,0.29807352157755046,0.22187254223536293,0.08181336728768422,0.2647946835604646,0.216556969346443,0.08800268152899729,0.1912518827547322,0.1872312350278598,0.09491079488062304,0.20320816446074993
2026-06-28,BAL,WSN,10.0,4.0,6.0,5.0,2.0,3.8,3.0,4.75,4.0,4.6,6.6,4.0,5.5,5.4,4.8,2026-06-28,Kyle Bradish,0.2437763793541825,0.1136437031588633,0.2459398838883094,Zack Littell,0.1350769994344793,0.0694215380771444,0.142026735676674,0.2891329455984628,0.07507798714695266,0.31390685491088377,0.22430090161936944,0.08040655551243632,0.2671210006185487,0.23627292590450483,0.09255573081888871,0.20150730833273842,0.1899539985173703,0.09614685683168907,0.2030576473756475
2026-06-29,BAL,CHW,10.0,2.0,8.0,5.2,2.8,4.0,3.1,4.9,3.9,7.2,2.6,5.2,4.4,5.2,4.65,2026-06-29,Shane Baz,0.1990176992547681,0.0833355581200408,0.1964868585111965,Sean Burke,0.2376648773931382,0.0838647413375674,0.2102567705910741,0.28161414860598166,0.06079227286123836,0.3032616936205612,0.22413884766842948,0.07946059603581943,0.26625544045946903,0.2766380695328064,0.09924687787845679,0.2816490773734187,0.23556939821552256,0.09921718676462223,0.23470906709851738
2026-06-30,BAL,CHW,12.0,3.0,9.0,3.2,4.2,4.1,3.6,4.6,4.2,7.6,2.0,5.8,3.4,5.3,4.3,2026-06-30,Trey Gibson,0.1772223807938093,0.1295380475831603,0.2130570727791901,Erick Fedde,0.155038216376174,0.0904263317092264,0.1693966874132441,0.26256652955836257,0.06079227286123836,0.28463424264016907,0.22319371156597265,0.07853663561679827,0.26486943328586376,0.28753550543024226,0.10373405736563628,0.2880216263930266,0.2377512930161388,0.09902581503653442,0.23690132733427824
2026-04-22,BOS,NYY,5.0,1.0,4.0,4.0,5.0,4.4,5.1,4.0,5.0,6.4,3.4,5.6,4.8,5.0,3.85,2026-04-22,Ranger Suarez,0.1719211344211343,0.0726204351204351,0.1581682206682206,Max Fried,0.179684965598009,0.0661906016688625,0.1852550960292211,0.20538315898441756,0.076101667211507,0.2123412848412848,0.23275397879421664,0.10036660502929083,0.23302443829076666,0.16067182817182815,0.07307831057831056,0.19355226835203948,0.22032057863764684,0.07396070966369794,0.25108817654516835
2026-05-02,BOS,HOU,9.0,3.0,6.0,2.8,3.0,3.7,3.8,4.3,4.25,5.0,5.4,4.8,5.7,4.3,6.05,2026-05-02,Connelly Early,0.2153844756819584,0.1100100795466927,0.2029633574103712,Kai-Wei Teng,0.2362001424501424,0.0856481481481481,0.1769414613164613,0.21264976638428648,0.02341791979949874,0.225392437020344,0.22397934925343274,0.07750347230214613,0.22880686825701269,0.14684825365552917,0.12274221650382637,0.21272582809347512,0.22065977268135606,0.12335986745084165,0.23449847223479942
2026-05-10,BOS,TBR,5.0,1.0,4.0,5.0,3.0,3.7,3.3,4.25,4.0,4.0,2.0,3.3,1.6,3.95,2.85,2026-05-10,Payton Tolle,0.34,0.0951515151515151,0.2623556998556998,Nick Martinez,0.1675255696684268,0.0603858046715189,0.1627306334623408,0.2592386268702058,0.07644882408040302,0.23433965347383637,0.23913183294646556,0.08001382574607094,0.23238316901769338,0.2130171299288946,0.0319079939668175,0.21115536180877723,0.2117687337553286,0.07160068576178896,0.24144631929233912
2026-05-12,BOS,PHI,3.0,1.0,2.0,4.2,3.0,3.3,3.7,3.85,3.95,6.2,3.8,4.8,3.2,3.6,4.45,2026-05-12,Brayan Bello,0.1545916724177593,0.1055233494363929,0.2388974084703938,Zack Wheeler,0.2692753623188406,0.0923188405797101,0.2669082125603864,0.24447672210830101,0.08930596693754586,0.22550632014050304,0.23482020378947058,0.08301348010241917,0.22957358979225106,0.2755718585652172,0.09976836888601591,0.23953882796056272,0.25738185928543594,0.07689440335880744,0.2271874463832756
2026-05-13,BOS,PHI,4.0,3.0,1.0,2.4,2.8,3.4,3.6,3.85,3.85,4.8,3.8,4.7,3.1,3.6,3.95,2026-05-13,Sonny Gray,0.1308441558441558,0.0612193362193362,0.1640072890072889,Andrew Painter,0.2033190118152524,0.0774185463659147,0.1892843200160273,0.26254689754689753,0.0907094757094757,0.2362807309149138,0.23478393865639408,0.08261477733569349,0.23029763051095858,0.29489958965765417,0.10228937728937726,0.24496739938913414,0.2614578014112929,0.07846494477543448,0.2268802622857146
2026-05-14,BOS,PHI,4.0,1.0,3.0,2.2,3.0,3.6,2.9,3.9,3.6,3.8,3.8,4.2,2.9,3.65,3.65,2026-05-14,Ranger Suarez,0.2093801040229611,0.0697456908171193,0.1934475726035827,Jes\xc3\xbas Luzardo,0.3010392878055921,0.0683417508417508,0.3210447606065348,0.27921356421356414,0.10737614237614235,0.23703830667248957,0.2371303528153688,0.08461601279595476,0.23076673454641194,0.30680435156241603,0.08086080586080584,0.24996739938913412,0.26312932540947986,0.07664017861786623,0.22858072130232587
2026-05-22,BOS,MIN,14.0,6.0,8.0,3.6,3.0,2.6,2.5,3.3,3.05,3.4,2.4,4.1,2.9,4.25,4.7,2026-05-22,Payton Tolle,0.2654285714285714,0.0642337662337662,0.2239018334606569,Connor Prielipp,0.2849589446762686,0.0863615560640732,0.2216237451918566,0.2823809523809524,0.10166666666666666,0.24827498862792977,0.24795818385146287,0.08443277287272313,0.23562639750957837,0.20887985990617564,0.10391828931302613,0.21268075948920911,0.19139426948724347,0.10448354114241519,0.19485434972382348
2026-05-23,BOS,MIN,6.0,2.0,4.0,4.2,4.2,3.0,3.3,3.35,3.3,4.8,3.2,4.4,3.1,4.6,4.65,2026-05-23,Brayan Bello,0.1476596198576874,0.099523858678448,0.2265750314810042,Taj Bradley,0.2695137427631213,0.0888745996153969,0.2405959345375803,0.2862406015037594,0.09219298245614033,0.26051741287035407,0.24510428333232834,0.0848493805731634,0.23576235440787166,0.2326893837156995,0.09598178137651821,0.2343402422478298,0.1942330507641653,0.10461609254178912,0.19716415928107114
2026-05-24,BOS,MIN,11.0,5.0,6.0,4.4,3.4,3.1,3.3,3.2,3.5,4.6,2.8,4.5,3.3,4.65,4.5,2026-05-24,Sonny Gray,0.1825081168831168,0.0573728354978354,0.190604150965993,Bailey Ober,0.1647285708578591,0.0748111898047959,0.1852506055562321,0.28643667993513194,0.0884674922600619,0.25959148694442813,0.24491192714242108,0.08376236849733436,0.23604152392928593,0.23124201529464683,0.10203441295546556,0.23964368675302392,0.19455252654897529,0.10669276358586136,0.19899079499409253
2026-05-26,BOS,ATL,13.0,6.0,7.0,4.8,4.4,3.5,3.7,3.45,3.65,5.4,2.4,4.1,3.1,4.85,3.15,2026-05-26,Ranger Suarez,0.2227230939950238,0.0770815133534431,0.2027114753883722,Spencer Strider,0.3234910192147034,0.1520989974937343,0.3077997967479675,0.28643667993513194,0.08430082559339523,0.2549996502097342,0.24661233879993863,0.08455539987238561,0.23542691063551238,0.26951019568666623,0.07975171886936591,0.2878359260219514,0.26499058448017854,0.0654217648950191,0.2613731289824286
2026-05-27,BOS,ATL,8.0,8.0,0.0,4.6,5.6,3.8,4.3,3.7,3.6,5.2,2.8,4.4,3.6,4.8,3.15,2026-05-27,Connelly Early,0.2207911619696516,0.0885559052778732,0.2013333881505326,Bryce Elder,0.2272041337011692,0.0812773816726385,0.2160569319287096,0.2931033466017986,0.08430082559339523,0.24470553256267538,0.24950644561503413,0.08296001496913306,0.23570187458578573,0.26117686235333293,0.08030727442492147,0.263239151828403,0.26320287688356925,0.0652423792706652,0.25896693132937565
2026-05-28,BOS,ATL,12.0,2.0,10.0,5.4,5.0,4.5,4.0,3.95,3.55,3.4,4.2,4.4,4.2,4.35,3.5,2026-05-28,Payton Tolle,0.2811904761904761,0.0668614718614718,0.2362302512881361,Chris Sale,0.2967855211150405,0.0584616156790069,0.2703725113624939,0.26988906088751285,0.09680082559339523,0.23746571355815052,0.24720077069623722,0.08373853321044541,0.23569432353136485,0.20451019568666623,0.08030727442492147,0.21787329816986648,0.26028853979636263,0.06407733678368904,0.25695576225946953
2026-06-02,BOS,BAL,6.0,2.0,4.0,6.2,3.8,5.4,4.7,4.0,3.85,6.4,4.0,5.4,3.7,4.45,4.55,2026-06-02,Connelly Early,0.2234465108815014,0.0902456281746899,0.200512870346638,Shane Baz,0.2060637064085339,0.0928687039188606,0.1844544678629783,0.2489420911905432,0.06043718922975887,0.27689762667427414,0.24723055035563987,0.08175134074243141,0.2416322369777945,0.16613908545597347,0.07996826702709052,0.19487100436580512,0.21838491963213572,0.08646124165938406,0.2628302988997046
2026-06-03,BOS,BAL,9.0,8.0,1.0,5.0,4.6,5.2,4.8,3.9,3.65,5.0,4.0,5.5,3.4,4.55,4.35,2026-06-03,Payton Tolle,0.2886394557823129,0.0709152752009894,0.2436453001355936,Chris Bassitt,0.139738206457574,0.0827241072497989,0.1935903131213402,0.2546563769048289,0.06758004637261601,0.27089762667427414,0.24909347080966052,0.08157637855067107,0.24160457194427257,0.17673816379698729,0.07996826702709052,0.19259827709307786,0.22183060010655037,0.08504384425513187,0.26261996613085703
2026-06-04,BOS,BAL,10.0,2.0,8.0,6.2,2.8,5.4,4.1,4.2,3.7,5.0,5.2,4.9,3.8,4.5,4.7,2026-06-04,Brayan Bello,0.1586912041259867,0.0852164904338817,0.2330927276205393,Trevor Rogers,0.170542704477487,0.0873877491268795,0.2142627929791281,0.2595146764999706,0.07243834596775771,0.2674885357651832,0.24750601552693538,0.08278087480559579,0.2410500513007569,0.18163326869209218,0.06563260269142619,0.19817967244191506,0.22197477156885165,0.08429251674233197,0.26251019173339757
2026-06-12,BOS,TEX,11.0,10.0,1.0,3.0,4.6,4.5,4.1,4.55,4.25,4.0,3.0,4.5,3.4,4.6,4.0,2026-06-12,Sonny Gray,0.1884880935120169,0.069392719631954,0.1932010852930294,Jack Leiter,0.2490550331555436,0.1019806099941639,0.2424528482341184,0.25754497953027367,0.09850786468433526,0.2681750208855472,0.24649982397873507,0.08550489509956123,0.2411693967800861,0.23601063539144032,0.0368630286122546,0.20484576023391812,0.2058958114005401,0.07743064912647166,0.20962520931068063
2026-06-13,BOS,TEX,9.0,6.0,3.0,4.0,4.2,4.6,4.1,4.9,4.25,3.6,4.6,3.9,3.8,4.15,4.5,2026-06-13,Ranger Suarez,0.2337089871629345,0.074477801681749,0.2204761372178524,Jacob deGrom,0.291634806417415,0.0516848047282829,0.3218569314418378,0.23421164619694027,0.09017453135100192,0.23444296346927923,0.24431325944173904,0.08422870263538867,0.23960513169924355,0.23049592950908737,0.031348322729901665,0.19479447818263604,0.2038176112353149,0.07721426290724742,0.2091884262697603
2026-06-14,BOS,TEX,10.0,4.0,6.0,5.0,3.6,4.3,4.0,4.85,4.35,4.2,4.6,3.6,4.1,4.05,4.6,2026-06-14,Connelly Early,0.2292039038562537,0.0930840934053396,0.2080547185580676,Nathan Eovaldi,0.2210620139501356,0.0600192412966174,0.2774589151265493,0.23237341090282265,0.09017453135100192,0.23419043821675395,0.24504567690669615,0.08299004524369179,0.24053785480705325,0.2093420833552412,0.039681656063234996,0.1796502474134053,0.20447735964623895,0.07730167819904865,0.20894727292744505
2026-06-16,BOS,TOR,7.0,1.0,6.0,5.6,4.2,4.5,4.2,4.85,4.5,3.8,5.0,4.3,5.3,4.0,4.95,2026-06-16,Payton Tolle,0.2577696377696378,0.0676715876715876,0.2289212929731304,Dylan Cease,0.3693692657174732,0.0968889731761584,0.3482148578986104,0.21430618401206636,0.08891402714932126,0.22534195336826915,0.2440518350418932,0.08263980588380879,0.23924767070137354,0.2519047619047619,0.07641666666666665,0.22816952352633643,0.23866049908481518,0.07859859174850702,0.22861703430019675
2026-06-17,BOS,TOR,3.0,0.0,3.0,5.2,4.6,3.8,4.7,4.6,4.4,4.4,4.8,4.2,5.2,4.25,4.8,2026-06-17,Jake Bennett,0.1231225296442687,0.0636363636363636,0.1797808412866737,Simeon Woods Richardson,0.1302812145119837,0.1095671209132747,0.1737714398867501,0.20480392156862742,0.08529411764705883,0.2232586200349358,0.24140571639003425,0.08313990949723336,0.2385084182627825,0.26182539682539685,0.08038492063492061,0.23589928615567296,0.23919635221759544,0.07904396872607693,0.2299042070517186
2026-06-18,BOS,TOR,7.0,3.0,4.0,4.2,3.8,3.6,4.2,4.5,4.35,4.2,3.4,4.2,3.9,4.3,4.4,2026-06-18,Sonny Gray,0.1981430712265952,0.0636099929959578,0.1952169368809291,Trey Yesavage,0.243774769166926,0.1248208666182522,0.2708169387379165,0.21252450980392154,0.06764705882352942,0.22072988440275187,0.24240704432820276,0.08196892485642726,0.23854885336252957,0.2604248366013072,0.08556699346405226,0.23312150837789525,0.23834870675837516,0.07996308838558146,0.2290496456951638
2026-06-25,BOS,NYY,9.0,6.0,3.0,3.8,3.4,3.3,3.8,3.8,3.9,2.8,4.8,5.0,3.9,5.05,4.15,2026-06-25,Connelly Early,0.2254952351939384,0.0911667081117881,0.210472819575722,Cam Schlittler,0.2982023223040673,0.0443922118125641,0.2437968991415559,0.19985877684407094,0.0430438842203548,0.21828705949358973,0.23925248459097498,0.07786874254839217,0.23768518874122457,0.23904223227752638,0.05840372046254396,0.24914851725975878,0.22788233226654497,0.07443255160335077,0.25345296734989536
2026-06-26,BOS,NYY,7.0,6.0,1.0,4.0,3.8,3.5,3.5,4.0,3.85,3.0,4.0,4.5,4.2,4.55,4.05,2026-06-26,Payton Tolle,0.2441491841491841,0.0712983985711258,0.2137914343793014,Will Warren,0.246220654950991,0.0769032047555401,0.2139943376068562,0.18935457516339868,0.05144724556489261,0.2192645766001391,0.2371281312598053,0.07869138052698395,0.23671816511893878,0.21840731164260574,0.0655465776054011,0.25350749161873315,0.22592666025607033,0.07439500185116601,0.2540348052580217
2026-06-27,BOS,NYY,5.0,4.0,1.0,5.0,3.4,4.0,3.0,3.9,3.85,3.0,4.4,3.4,4.6,4.4,3.9,2026-06-27,Jake Bennett,0.2095878035008469,0.0381818181818181,0.2351129261523882,Gerrit Cole,0.2120545517284647,0.0672838634795156,0.1614886384203713,0.1834722222222222,0.039682539682539666,0.2243241004096629,0.23416402961905775,0.07770773827039665,0.23673537853114252,0.21062953386482794,0.07665768871651221,0.25660346685093127,0.2258809264531833,0.07484828715067152,0.254529655156797
2026-06-29,BOS,WSN,9.0,6.0,3.0,5.4,3.0,4.4,2.8,4.0,3.5,5.0,7.2,4.0,5.5,5.0,4.95,2026-06-29,Ranger Suarez,0.2433681559139224,0.076181811930477,0.2217779571713292,Miles Mikolas,0.1307678656954151,0.0521046744489651,0.1280449963016708,0.18641025641025638,0.058485958485958466,0.22010243731776385,0.23533201138569737,0.07810552743495024,0.23505312924732774,0.24434310134310136,0.09536274836274834,0.20926592902239358,0.18928787304461692,0.09658434479053196,0.2036099103476987
2026-06-30,BOS,WSN,9.0,1.0,8.0,5.6,3.2,4.7,2.7,4.05,3.5,3.8,5.6,4.1,5.5,4.85,5.2,2026-06-30,Connelly Early,0.2348392829943172,0.088072955521468,0.2169941942781653,Cade Cavalli,0.2303122691523275,0.0869020390454872,0.2231387031589604,0.1894405594405594,0.05646575646575645,0.221573025553058,0.2368778469549825,0.07825978723584351,0.2352332120274804,0.26998412698412694,0.12484992784992784,0.2421147662316959,0.19096282025727643,0.09933724000614591,0.2056028183669115
2026-07-01,BOS,WSN,12.0,2.0,10.0,4.6,3.2,4.2,3.3,4.05,3.6,4.6,4.8,4.7,5.1,5.2,5.0,2026-07-01,Payton Tolle,0.2481089743589743,0.0723013098013097,0.2137059779682603,Andrew Alvarez,0.2646718559218559,0.094041514041514,0.269572801925743,0.1676456876456876,0.06800421800421799,0.212944183945493,0.23543149896009716,0.07870174947570983,0.23471245190455955,0.23398412698412696,0.11684992784992783,0.2415921181480722,0.1887678453117905,0.09819543264975343,0.20570262176827706
2026-04-21,CHC,PHI,11.0,7.0,4.0,8.4,2.6,7.1,3.8,5.6,3.9,1.2,6.4,3.4,6.1,3.3,5.4,2026-04-21,Shota Imanaga,0.3755980861244019,0.0604066985645932,0.3008154636061612,Jes\xc3\xbas Luzardo,0.3079461279461279,0.0533501683501683,0.3269105576645408,0.21056970537090675,0.07363576688376458,0.23694624094246813,0.2080266084375058,0.08339479586783609,0.2232360196285092,0.24474311917516783,0.09631217694858667,0.20583079502126794,0.26347256906861705,0.07643682843065101,0.23386264843477242
2026-05-01,CHC,ARI,11.0,6.0,5.0,4.8,6.8,5.3,4.7,6.2,4.7,5.0,8.2,5.2,7.5,4.85,5.35,2026-05-01,Colin Rea,0.2165417915417915,0.0738095238095238,0.1998646717875305,Zac Gallen,0.1548002747316248,0.0541051244712571,0.1827353710362863,0.19801775795583842,0.12143740031897925,0.21320053761914223,0.21150848274785525,0.08867933910587698,0.21644724111888033,0.2125273582626524,0.08371997283761987,0.23712145146479235,0.23745982501427593,0.06755345346901322,0.24382185481739377
2026-05-02,CHC,ARI,2.0,2.0,0.0,5.2,5.4,5.5,5.0,6.25,4.65,5.2,8.2,5.1,7.9,5.1,5.55,2026-05-02,Ben Brown,0.2358547008547008,0.0696367521367521,0.2274886877828054,Ryne Nelson,0.191094212804739,0.0958323839902787,0.2132333990735188,0.24176775795583844,0.10393740031897925,0.20633779252110301,0.21857071766198477,0.08981435975881832,0.21795532365744474,0.19509146082675494,0.09038663950428653,0.218788118131459,0.23410090592779392,0.06752484744313107,0.24079534337167138
2026-05-03,CHC,ARI,12.0,8.0,4.0,5.6,4.2,5.2,4.9,6.15,4.35,2.8,7.2,4.7,7.1,5.0,5.6,2026-05-03,Matthew Boyd,0.3391851956093442,0.0624331550802138,0.3000529941706412,Merrill Kelly,0.119102564102564,0.1473504273504273,0.2804280129861525,0.2402526064406869,0.09484649122807016,0.2309531771364876,0.2169978676318236,0.08709271249339959,0.22347182900115856,0.20690964264493675,0.10129573041337744,0.21938335622669713,0.23616025261755036,0.07166469596053322,0.24071096508178286
2026-05-07,CHC,CIN,11.0,8.0,3.0,5.2,3.4,5.1,5.1,6.05,4.55,3.6,7.2,4.8,6.9,4.85,5.3,2026-05-07,Shota Imanaga,0.2818802250381197,0.0626499815973499,0.2832118048064891,Rhett Lowder,0.1687058593580332,0.1057656835917705,0.1697684039046165,0.25281432748538013,0.09677631578947367,0.2622715545103983,0.21897723518988157,0.0888970565197177,0.2255018656967104,0.1986255645956148,0.15622250668986679,0.2311724109341921,0.22658678896383228,0.1461872999289649,0.2275120681370121
2026-05-18,CHC,MIL,12.0,3.0,9.0,3.6,4.4,3.8,3.9,4.55,4.4,3.4,2.4,4.2,2.7,4.65,2.85,2026-05-18,Shota Imanaga,0.2867004924899661,0.0606325253693674,0.2928155307225074,Shane Drohan,0.3269423558897242,0.069423558897243,0.2967216432027356,0.21381373872085946,0.10036747566159328,0.22952724986915526,0.21787861891987687,0.09133757123075506,0.22635833041425188,0.29973179555222895,0.08657034743722047,0.30584573513322166,0.25071039566399844,0.09210222927367616,0.2543978621787884
2026-05-19,CHC,MIL,7.0,2.0,5.0,3.8,5.2,3.6,4.4,4.35,4.75,5.0,2.4,4.8,2.4,5.0,2.75,2026-05-19,Ben Brown,0.2444749694749694,0.0742826617826617,0.2363014436543848,Chad Patrick,0.205608251397725,0.0864786967418546,0.2204736824931821,0.2138137387208594,0.0768380638968874,0.23352724986915524,0.21579046141786962,0.09066019535952609,0.2249758651972883,0.30992916397328163,0.08130718954248363,0.31298859227607884,0.2520834979825763,0.09005551306759446,0.2558874334954503
2026-05-20,CHC,MIL,5.0,0.0,5.0,4.0,5.4,3.0,4.6,4.15,4.8,4.6,2.6,4.7,2.4,5.05,2.6,2026-05-20,Edward Cabrera,0.2078690272257523,0.0888324627505913,0.2527787860273011,Kyle Harrison,0.3005910916998378,0.0835798135043491,0.2843266387301918,0.2146960916620359,0.06272041683806387,0.23284851683748103,0.21258705464223482,0.09001046748304116,0.2233857214897806,0.3156434496875673,0.08845004668534076,0.3081757580514799,0.2543673970947563,0.08965057955370265,0.2582298015419919
2026-05-22,CHC,HOU,6.0,2.0,4.0,3.6,6.4,2.3,5.0,3.95,4.45,2.0,4.0,1.8,4.6,3.0,4.8,2026-05-22,Jameson Taillon,0.1961825613999527,0.0782600813035595,0.2363980674945587,Spencer Arrighetti,0.2261934844543539,0.1386915231842767,0.2477807888329725,0.23617045063639486,0.047976827094474137,0.24963423112319533,0.21416864688272344,0.089876924800047,0.224418007059985,0.15539088104877577,0.08688596491228069,0.18595128250178192,0.21163963036662922,0.10779020274669662,0.22948250463792275
2026-05-23,CHC,HOU,3.0,0.0,3.0,2.0,6.2,2.5,4.8,4.05,4.35,2.0,4.2,2.2,4.3,3.05,4.65,2026-05-23,Colin Rea,0.1988060273060272,0.066547619047619,0.1906066337603489,Kai-Wei Teng,0.24406027999778,0.0922664141414141,0.2051728364228364,0.23830948806954994,0.06562388591800354,0.24768491338440385,0.21573627433715678,0.09157483976936558,0.22582738528030483,0.14698751970423796,0.09276831785345716,0.16423182548820725,0.20870085919442027,0.1068485359517941,0.22654866948956037
2026-05-24,CHC,HOU,13.0,5.0,8.0,1.4,5.2,2.5,4.8,3.7,4.05,2.6,2.6,2.4,4.0,3.05,4.15,2026-05-24,Shota Imanaga,0.2663637765743029,0.0670692728324306,0.2746450887613678,Peter Lambert,0.2353395061728395,0.1003086419753086,0.2469758273679841,0.22414282140288327,0.05895721925133688,0.22153548809704757,0.21399134598451916,0.08981378515841623,0.22308711505055537,0.17282085303757128,0.08026831785345716,0.17324650054061816,0.21042348449263878,0.1048325258394961,0.22646703840904453
2026-06-04,CHC,ATH,13.0,7.0,6.0,4.0,3.2,3.7,4.5,3.1,4.65,3.8,7.0,3.0,5.9,3.8,5.1,2026-06-04,Shota Imanaga,0.2484469598542824,0.0627193773046175,0.2648557557859883,J.T. Ginn,0.2046730180509444,0.1109477324360267,0.2432751504764335,0.20368933697881064,0.0711397812713602,0.228144109857611,0.2123297316287597,0.08680184904760074,0.22390275937427404,0.22340355833803568,0.10016275475707521,0.2581907890494277,0.2201712697084322,0.08818360926328478,0.26627128891086727
2026-06-05,CHC,SFG,21.0,3.0,18.0,4.0,4.0,4.4,4.8,3.45,4.8,7.4,7.8,5.5,7.1,5.25,6.3,2026-06-05,Edward Cabrera,0.1995821245031771,0.0924492164755322,0.2456827256063891,Robbie Ray,0.2211067473081202,0.1174546722029559,0.2278422806571985,0.21050751879699242,0.07871553884711777,0.23774006945357065,0.21292767239655716,0.0880695445653637,0.22539925237121916,0.140550997057862,0.12390559732664994,0.1705314062489022,0.2070647427764004,0.10809354121134208,0.22825050537866487
2026-06-15,CHC,COL,9.0,5.0,4.0,4.6,2.6,3.8,5.1,3.75,4.9,7.6,6.6,6.2,6.8,5.55,7.2,2026-06-15,Shota Imanaga,0.254151278872593,0.0642544537297724,0.2771407997922453,Michael Lorenzen,0.1653927541227312,0.0713521223246623,0.1979684926347566,0.21332802086351782,0.07784603496571038,0.23531296054066453,0.21246838291136502,0.08555798598067153,0.2254875095362727,0.19659621292685805,0.09410965378707312,0.23464457289691,0.20543305642313173,0.0793860307487132,0.23851825141867522
2026-06-16,CHC,COL,7.0,2.0,5.0,5.2,2.8,4.2,5.0,4.0,4.85,7.8,7.2,5.8,7.1,5.6,7.35,2026-06-16,Edward Cabrera,0.2102578310253748,0.0887834379720344,0.2446216445580308,Ryan Feltner,0.1962080039525691,0.0882630654369784,0.2100601257044561,0.2258280208635178,0.07992936829904372,0.226075423883773,0.21469484341942852,0.08695445192614179,0.2254918786058156,0.1959468622775074,0.12571138538880472,0.23990431315665023,0.20448689998396055,0.08327987092525635,0.23877338300393797
2026-06-19,CHC,TOR,18.0,16.0,2.0,4.4,4.2,4.4,5.3,4.4,5.05,3.4,3.0,4.0,3.8,4.1,4.5,2026-06-19,Ben Brown,0.2425672885199562,0.075254485300854,0.2370462664673152,Kevin Gausman,0.2515290744794939,0.0443268433123505,0.2445569038953561,0.22298319327731092,0.09898109243697477,0.22515373296208208,0.2139696475949104,0.08896899987477801,0.22684304920728118,0.22709150326797384,0.08223366013071895,0.23580407171619627,0.2351707240015968,0.0788969138737737,0.22963201405559194
2026-06-20,CHC,TOR,14.0,6.0,8.0,6.4,4.4,5.7,3.7,4.95,4.75,3.6,5.6,3.6,5.0,4.1,5.25,2026-06-20,Colin Rea,0.1771142185779866,0.0828429863212471,0.1910019295749946,Patrick Corbin,0.1592458266371309,0.0758654389089171,0.1738749081669897,0.22964985994397757,0.0923144257703081,0.24506715287550201,0.21510162591603002,0.08779835513958356,0.22887080357234826,0.19847308221534227,0.08815471276229787,0.21279672293157215,0.2324226327578085,0.08028261930064233,0.22812046253329016
2026-06-29,CHC,SDP,5.0,3.0,2.0,7.8,4.4,7.6,4.7,5.7,4.9,3.6,4.4,3.6,4.2,3.8,4.15,2026-06-29,Shota Imanaga,0.2434050962862461,0.0621885561044599,0.2722773745441978,Griffin Canning,0.2255530872636135,0.1393352699931647,0.2321036498014601,0.24209859095153208,0.10053161870808927,0.28641920323329617,0.21837749379920954,0.08991656163915766,0.23341845776915215,0.22710939280018225,0.06166666666666666,0.25076204188251583,0.248778551678642,0.08616880962306271,0.28909906948617536
2026-07-01,CHC,SDP,26.0,23.0,3.0,6.4,4.4,8.1,4.7,6.2,5.0,4.2,6.4,4.3,4.8,3.95,4.3,2026-07-01,Colin Rea,0.1757953564111862,0.0807693869074943,0.1865940970997427,Walker Buehler,0.2072980334565002,0.0791705827067668,0.1935257813699028,0.2379824293353705,0.10823363891010947,0.2496302714443644,0.21776218445316262,0.09017455092685402,0.2312846951853734,0.23361732930811874,0.06880952380952379,0.2607252802302228,0.24708805706195477,0.08729177447330724,0.2881809676675389
2026-04-24,CHW,WSN,9.0,5.0,4.0,7.6,4.6,5.5,5.1,4.15,4.5,5.2,5.6,4.9,6.6,5.35,6.05,2026-04-24,Erick Fedde,0.1781926406926406,0.0851731601731601,0.1918745668745668,Miles Mikolas,0.1463529411764705,0.1076302521008403,0.2004563822114948,0.21029622880870993,0.14149916062167694,0.21735319378101298,0.2005526215819195,0.1329185584537983,0.2034676213313183,0.17033104150751205,0.08261607673372376,0.25275769335208226,0.171968991423407,0.10352984083751439,0.22051791514782276
2026-04-27,CHW,LAA,15.0,8.0,7.0,6.8,5.0,6.0,5.3,3.95,4.5,3.0,6.0,4.0,4.5,4.6,4.75,2026-04-27,Anthony Kay,0.1209956709956709,0.1173729778992936,0.1866448220487968,Jack Kochanowicz,0.1560972039232908,0.1394964134094568,0.2198155806851459,0.21869214448723434,0.13840956905382448,0.2505881070159262,0.20144038182368357,0.13193486009132424,0.21129714867544955,0.22266125377890078,0.10791484115013524,0.28013753379526884,0.22185265426174186,0.11942346039931338,0.26936091309587806
2026-04-28,CHW,LAA,7.0,5.0,2.0,7.0,5.6,6.2,5.5,4.25,4.4,4.0,6.6,4.3,4.8,4.85,4.85,2026-04-28,Davis Martin,0.2240603599299251,0.0614389233954451,0.1972614899618383,Jos\xc3\xa9 Soriano,0.299866618888358,0.0849226256834952,0.2976751207729468,0.21248371876661348,0.126214447102605,0.25545132890042466,0.20076375423728693,0.12738538215714065,0.21061412153843845,0.23594796706561408,0.10022253345782754,0.27097086712860224,0.22657877790756262,0.11544267838600294,0.2670488826593488
2026-05-08,CHW,SEA,20.0,8.0,12.0,3.6,3.2,4.8,3.2,4.95,4.2,3.4,3.8,4.7,4.5,4.1,4.4,2026-05-08,Sean Burke,0.2060530773574251,0.0512761151891586,0.1682485143840399,Emerson Hancock,0.2802495368856924,0.0393495816836777,0.2224054738174339,0.29002894164658866,0.059292178409825445,0.2460676378389144,0.2274491920953791,0.11586750990960361,0.22099990652166843,0.2764405769668927,0.09284509350298821,0.257309868923646,0.25331727305411517,0.06929358771464034,0.24893555235924258
2026-05-10,CHW,SEA,3.0,2.0,1.0,5.0,5.0,5.3,4.0,5.65,4.65,4.6,4.4,4.6,4.8,4.4,4.55,2026-05-10,Davis Martin,0.2556475098400564,0.0493794507769662,0.2242676976250893,Logan Gilbert,0.2308860342555994,0.0526136363636363,0.2615878745311885,0.3002995044171514,0.07738741650506353,0.25803658784756345,0.22628574146289324,0.11456539096430035,0.22277372828436795,0.2878691483954641,0.0670556198187777,0.26575454679479443,0.25121925982249865,0.0684391257265751,0.24823311866072223
2026-05-13,CHW,KCR,11.0,6.0,5.0,4.8,5.4,4.8,3.7,5.5,4.3,4.4,4.8,4.5,3.9,4.75,5.05,2026-05-13,Noah Schultz,0.2174199134199134,0.1484790764790764,0.2500234732726243,Seth Lugo,0.221245692713084,0.0897019647019646,0.1723697431803348,0.25890756302521006,0.07470121381886086,0.2564807481203682,0.2245389340976882,0.11207400913638638,0.2257548863207739,0.23315991979035453,0.09827578218882563,0.25834091944941,0.21742188632488227,0.1112561407173817,0.21613389369001035
2026-05-14,CHW,KCR,8.0,6.0,2.0,5.6,4.8,4.6,4.0,5.65,4.15,4.4,4.4,4.3,3.9,4.55,4.85,2026-05-14,Anthony Kay,0.1465097402597402,0.1025788904078377,0.1833301232207653,Kris Bubic,0.2499011405261404,0.1240634365634365,0.2393699312842757,0.27247899159663863,0.07255835667600372,0.2516374432770634,0.22752610233345755,0.11059605653790097,0.22655260948597591,0.23673134836178308,0.1125614964745399,0.2618207729292634,0.21901008165951957,0.11199104774388778,0.2199668817658794
2026-05-15,CHW,CHC,15.0,5.0,10.0,5.2,2.8,4.8,4.2,5.8,4.0,1.0,3.6,3.5,3.0,4.5,4.0,2026-05-15,Bryan Hudson,0.2400793650793651,0.0726190476190476,0.2107782429211,Edward Cabrera,0.2206947608921293,0.0801996784891521,0.25083954891486,0.2574789915966386,0.055891690009337046,0.24538744327706338,0.22456037902337714,0.10802405522306607,0.22128394414909278,0.20409816190001945,0.10733517901087557,0.2086673120688547,0.2136798011556903,0.0927441962664608,0.22289539372455966
2026-05-16,CHW,CHC,11.0,8.0,3.0,5.0,4.6,5.0,4.8,5.6,4.4,3.0,3.4,4.3,3.5,4.75,4.2,2026-05-16,Davis Martin,0.2726046145883102,0.0540765846472367,0.2310703009957236,Jameson Taillon,0.2102887149082801,0.0828342581331711,0.2403796441131967,0.2484789915966386,0.06755835667600371,0.2525099503995705,0.22309309768193675,0.11011441760436003,0.22208226942775558,0.18743149523335279,0.09622406789976447,0.21712319442179587,0.212635064833712,0.0919177820284407,0.22121013660911193
2026-05-25,CHW,MIN,4.0,3.0,1.0,4.6,5.6,4.9,5.4,4.85,4.55,4.6,3.2,4.6,2.9,4.6,4.7,2026-05-25,Anthony Kay,0.1547498797498797,0.1031068833700412,0.1866640985766123,Simeon Woods Richardson,0.1087886557886557,0.1111872571872571,0.1732838242337275,0.24018849024961075,0.0896109069199052,0.2369452584452584,0.22996117693271778,0.10656045084213256,0.2285511958242995,0.23124201529464683,0.10411774628879891,0.22633199844133559,0.19561882411534112,0.10584290274767172,0.1965376753101402
2026-05-27,CHW,MIN,17.0,15.0,2.0,4.8,5.6,4.6,5.0,4.6,4.5,4.6,3.4,3.8,3.1,4.5,4.5,2026-05-27,Brandon Eisert,0.2178571428571428,0.1488095238095237,0.2715312465312465,Connor Prielipp,0.2450415448059814,0.0946952361140003,0.2200399896800825,0.27252182358294413,0.07627757358657186,0.2648911893259719,0.23224656544138256,0.10384833537884369,0.23000984718668452,0.22874201529464688,0.09439552406657667,0.22560077314489294,0.19531812692588404,0.1042376100533135,0.1965585558273706
2026-05-28,CHW,MIN,8.0,6.0,2.0,7.0,5.0,5.5,5.0,5.15,4.6,4.2,6.2,3.8,4.3,4.4,4.7,2026-05-28,Davis Martin,0.2754415512024207,0.0509535754100971,0.2546614356017737,Simeon Woods Richardson,0.1102624143533234,0.1124429610793247,0.1696519614246008,0.26732701838813894,0.06199185930085758,0.2613726708074534,0.22967679317715906,0.10196018382650107,0.22855512269238118,0.2340931858632087,0.10409452072209506,0.22965756827673872,0.19413842975648063,0.10550443611558527,0.19800043788442784
2026-05-30,CHW,DET,8.0,7.0,1.0,6.4,4.6,5.6,4.2,5.3,4.5,3.6,4.6,2.9,4.9,3.1,5.1,2026-05-30,Anthony Kay,0.1596211028029209,0.0975214091242799,0.1909712308143283,Framber Valdez,0.1886050501676779,0.0887253580547842,0.1898302824360487,0.2786662168241115,0.0567433443749233,0.2555948930296756,0.22991959820942495,0.10050916195911722,0.22934656088251207,0.2142023935853859,0.09442000951591742,0.22711206610587054,0.21769039495549303,0.10908807785278893,0.2212530293378643
2026-05-31,CHW,DET,3.0,2.0,1.0,7.2,2.8,5.5,4.0,5.35,4.55,3.2,5.0,2.9,5.2,2.8,5.4,2026-05-31,Bryan Hudson,0.2366071428571428,0.0616071428571428,0.2103667166167166,Keider Montero,0.1749031360796066,0.0694121564709799,0.150031909175689,0.2581533963112911,0.04841001104158997,0.22142822636300896,0.23391302688751178,0.09877624537361519,0.22884058569488253,0.23398261336560564,0.09442000951591742,0.23568349467729915,0.2212646497625428,0.10723912738070776,0.22234559300526127
2026-06-10,CHW,ATL,3.0,2.0,1.0,5.8,5.2,6.5,4.1,5.55,4.55,4.8,3.6,5.5,3.4,4.95,3.8,2026-06-10,Davis Martin,0.2551406866080779,0.0600370704175051,0.2566623074459225,Chris Sale,0.2912293135728786,0.0644651395026207,0.2775095002094856,0.24906321211468266,0.08438271287535991,0.22627880628059177,0.2326306814645425,0.09775207938198727,0.2289896941043467,0.2784205990088343,0.06750969618616676,0.25070084420069766,0.26230820795478155,0.06363325107086946,0.25485227697177165
2026-06-12,CHW,LAD,10.0,8.0,2.0,5.4,4.2,5.2,4.0,5.35,4.5,8.4,6.6,5.9,4.5,6.0,3.55,2026-06-12,Anthony Kay,0.1602055352055351,0.093340626235363,0.1823699048131698,Roki Sasaki,0.2423352887779764,0.0862586732547206,0.2690440539546848,0.23251309556456615,0.08764611613876316,0.22129796336871443,0.23030668736690868,0.09858930437398974,0.22814527767149748,0.2954975287870025,0.08561039837355625,0.24995935699708074,0.2653045663474389,0.07453144785995773,0.2568188221809706
2026-06-13,CHW,LAD,8.0,1.0,7.0,5.4,4.6,5.4,4.0,5.5,4.1,7.0,7.8,6.0,4.9,5.9,3.95,2026-06-13,Sean Burke,0.2307689412037237,0.0799280429715212,0.1987084741337912,Yoshinobu Yamamoto,0.2490259297867993,0.0507731834724588,0.2546028371779171,0.20302591607738663,0.08764611613876316,0.2103888724596235,0.2293708047095522,0.09713946166260753,0.22612709845440326,0.29885887332481753,0.10913981013826213,0.2386773057150295,0.26403550951726534,0.07682805742834489,0.2553477840619018
2026-06-14,CHW,LAD,10.0,6.0,4.0,4.4,4.4,4.8,4.6,5.15,4.3,7.4,5.4,6.1,4.5,6.2,3.75,2026-06-14,Erick Fedde,0.1432609875797694,0.0897897424213213,0.1573541083744858,Emmet Sheehan,0.2588733696523551,0.072905948721166,0.283771743816399,0.2084746340261046,0.08540252639517343,0.21423502630577734,0.22906591382004177,0.09875096704913978,0.2261943757343283,0.2863588733248176,0.0883064768049288,0.22103024689150005,0.26031669952406444,0.07574597211245271,0.25175133639905806
2026-06-27,CHW,KCR,3.0,2.0,1.0,6.8,3.0,5.3,4.9,5.35,4.45,4.0,9.2,6.0,7.7,5.45,6.35,2026-06-27,Davis Martin,0.2439220730959861,0.065886799191147,0.2530422642573916,Michael Wacha,0.1917131845402085,0.068847049880127,0.1916133404534075,0.24682854572328256,0.10148497311655202,0.27737579535414125,0.23235149031376778,0.0992869021480235,0.2328415465670489,0.14630766292530994,0.10064685314685314,0.17926084487849192,0.20574225766782375,0.10099573965092333,0.2264407002637868
2026-06-28,CHW,KCR,9.0,4.0,5.0,6.6,2.4,5.4,4.3,5.1,4.45,3.8,9.4,5.7,7.3,5.1,6.15,2026-06-28,Anthony Kay,0.1768390752765752,0.0868646917166653,0.202371444769544,Luinder Avila,0.2228580512481441,0.135781670456593,0.2450320385938459,0.2656856885804254,0.10377068740226632,0.2763460470703884,0.23477395868731912,0.09982480635430893,0.2338655950499768,0.1546409962586433,0.07564685314685313,0.17796214357979062,0.20527146741479774,0.09977892351055076,0.22699836981153965
2026-04-24,CIN,DET,17.0,9.0,8.0,5.2,3.6,4.9,3.7,3.75,4.1,5.2,5.6,5.2,4.2,4.5,3.85,2026-04-24,Andrew Abbott,0.1277777777777777,0.0972222222222222,0.1953824905044416,Framber Valdez,0.1640216430246415,0.0712356898473839,0.1587036212801206,0.22165661093292668,0.12909870100659573,0.17124499159625015,0.24318919172789136,0.14075783332594477,0.2318621155633483,0.1785851648351648,0.07886904761904759,0.17737804124426115,0.20256700053940854,0.12280815384912372,0.214530415890323
2026-04-25,CIN,DET,11.0,9.0,2.0,6.6,5.0,5.1,4.2,4.1,4.5,5.6,7.0,5.2,4.9,4.9,4.25,2026-04-25,Brady Singer,0.153563477916419,0.0587205387205387,0.1791777949453702,Jack Flaherty,0.2107076980990024,0.1878185582533408,0.2559988398698076,0.22320940596398256,0.12149000535442181,0.16200726549805894,0.23718024288216982,0.14203303371641846,0.22473325065348784,0.1785851648351648,0.08363095238095235,0.16690185076807065,0.2109375349109648,0.12002337213689868,0.21505045339703063
2026-04-26,CIN,DET,11.0,3.0,8.0,7.4,4.6,5.4,3.5,4.4,4.2,4.8,7.2,5.2,5.7,4.8,4.7,2026-04-26,Rhett Lowder,0.1571672240802675,0.0774425863991081,0.1890271168178144,Keider Montero,0.2115418894830659,0.0379742806213394,0.1614898989898989,0.20628632904090566,0.12687462073903719,0.16054527719396539,0.236942797989098,0.14247055668418643,0.226156385619538,0.2005224867724867,0.10214947089947087,0.17667962854584846,0.2139860621032981,0.12235057974576605,0.21879865148999383
2026-04-28,CIN,COL,9.0,7.0,2.0,6.8,6.0,5.5,4.2,4.4,4.2,5.2,3.4,4.3,4.6,4.45,4.45,2026-04-28,Chase Burns,0.2775086871768794,0.0980443257903211,0.3001163289861118,Kyle Freeland,0.192099567099567,0.0607864357864357,0.2512314535630056,0.21083178358636018,0.13596552982994628,0.16729815075718374,0.2365974383206562,0.14387582901040055,0.22793158859618012,0.22428076743866215,0.0735523236839026,0.2438732860954964,0.2292857243256678,0.07208870640461536,0.2439309638642601
2026-04-29,CIN,COL,15.0,2.0,13.0,5.8,5.2,5.4,4.1,4.5,4.15,4.0,4.2,4.4,4.6,4.35,4.75,2026-04-29,Brandon Williamson,0.1338415207980424,0.145713344626388,0.2156500833688782,Tomoyuki Sugano,0.1760649978041281,0.0570048309178743,0.1999121345250719,0.20265870666328328,0.13740783752225397,0.17717957368208495,0.23639646564646907,0.1415671134211825,0.22947626735932125,0.21796497796497794,0.06828916578916577,0.2491232860954964,0.2283095335148122,0.06968574952446152,0.24379993173545145
2026-04-30,CIN,COL,10.0,6.0,4.0,6.0,6.6,5.6,5.1,4.5,4.8,5.0,2.6,5.3,4.5,4.55,4.5,2026-04-30,Andrew Abbott,0.141569200779727,0.0985623781676413,0.1985330278013204,Michael Lorenzen,0.1201479679740548,0.0378413856674725,0.1960388128511926,0.210247992377569,0.13651498037939683,0.18334203866807935,0.2358082501249201,0.13893154297380975,0.22705581661727853,0.24171497796497796,0.061622499122499105,0.2674268575240678,0.2350576130788505,0.06743782212044663,0.25105638555043686
2026-05-09,CIN,HOU,4.0,3.0,1.0,2.8,8.2,3.3,7.7,4.35,5.6,4.6,4.8,4.8,5.1,4.6,5.35,2026-05-09,Chase Burns,0.2893377069578443,0.0814785477256872,0.3097951192362685,Spencer Arrighetti,0.2429939303852347,0.1410002477393781,0.251988823635165,0.1713476845808927,0.14761153871047775,0.19705080395385322,0.21971729101427,0.14311696605946334,0.2211620459733038,0.228278648318846,0.09247105502773131,0.2566828588951123,0.22401555764482617,0.1142186576277041,0.23887992650611445
2026-05-10,CIN,HOU,5.0,5.0,0.0,2.0,5.0,3.3,7.0,4.4,5.6,3.6,4.8,4.2,5.0,4.3,5.2,2026-05-10,Andrew Abbott,0.1520102339181286,0.1047551169590643,0.1858149755293529,Kai-Wei Teng,0.2514368567939996,0.0876984126984127,0.1943937015365586,0.18280601791422602,0.14136153871047774,0.19803119611071596,0.2225576920722466,0.13953904190797675,0.21979966149063784,0.22827864831884606,0.0829472455039218,0.2585876207998742,0.22555802584656268,0.1113631911870115,0.24124126167679494
2026-05-12,CIN,WSN,14.0,4.0,10.0,3.0,4.8,3.1,6.8,4.25,5.45,6.8,4.4,4.7,4.9,4.8,5.2,2026-05-12,Brady Singer,0.1481811210661829,0.0548582314371787,0.1961637645291373,Miles Mikolas,0.1435735017691287,0.0750814075630252,0.1708790310549238,0.20979014489835296,0.1342186815676206,0.2183743333656179,0.2306795911815956,0.13613565064192854,0.22448173574409433,0.16582709706818363,0.08058831830308907,0.1778680060623588,0.1745783292911505,0.09625533094184849,0.20443281116878534
2026-05-14,CIN,WSN,16.0,15.0,1.0,3.0,5.8,3.3,6.5,4.45,5.8,5.8,4.8,5.2,4.9,5.3,5.3,2026-05-14,Chase Burns,0.264040058805505,0.0875980770860633,0.2967117549727605,Foster Griffin,0.2167374292374292,0.0796879046879046,0.2013880306108205,0.22129888375385748,0.11230815173768463,0.23573552569464798,0.23088540879581343,0.13426018803108797,0.22787875875583197,0.19745713369822027,0.08621102892579968,0.1826035291958794,0.17719185959245656,0.09535615633632423,0.20311107455106578
2026-05-23,CIN,STL,9.0,1.0,8.0,4.8,5.4,5.8,4.5,4.55,6.1,2.2,4.2,2.9,3.6,4.0,3.7,2026-05-23,Chris Paddack,0.1718174146955779,0.0665566631791056,0.1935873955819242,Andre Pallante,0.1894009104154031,0.0946595004566018,0.2249194874413611,0.2674682644247862,0.11115398289311332,0.27296842680681854,0.2315398065427545,0.13386203010500405,0.23043341455387398,0.19954132494985904,0.0854311182901841,0.23216118613781528,0.20431816172572884,0.10090565329522695,0.22059673873219685
2026-05-29,CIN,ATL,11.0,3.0,8.0,5.2,4.0,4.8,4.9,4.5,5.55,3.6,4.0,5.2,4.1,4.3,3.3,2026-05-29,Chris Paddack,0.1758747389886618,0.0730503672703161,0.1942999071839327,Grant Holmes,0.2191763901732941,0.1106200461045661,0.2815030348967756,0.21751082251082252,0.10781818181818181,0.2286278219571892,0.22847971393693936,0.1305522587731442,0.2289263127093426,0.2028618440383146,0.08030727442492147,0.22144472674129498,0.2594814726821407,0.06295317298046643,0.25558059851055653
2026-05-30,CIN,ATL,7.0,2.0,5.0,4.0,4.8,4.4,5.1,4.6,5.5,5.2,4.2,5.2,4.3,4.5,3.2,2026-05-30,Brady Singer,0.1596560079640575,0.0544421407052985,0.2051526824256258,Mart\xc3\xadn P\xc3\xa9rez,0.2891928506969072,0.0635103783949217,0.2373859181294271,0.21751082251082252,0.08281818181818182,0.23107714628151355,0.22886400475949403,0.12822096843790948,0.22918197218316227,0.2221800258564964,0.0530345471521942,0.234475029771598,0.26147317142900034,0.061867773446320454,0.2574436289437601
2026-05-31,CIN,ATL,10.0,6.0,4.0,4.2,4.2,4.2,4.9,4.35,4.9,6.0,4.2,5.7,3.3,4.6,3.2,2026-05-31,Nick Lodolo,0.1905490342990343,0.0980790043290043,0.2392892665628783,Reynaldo L\xc3\xb3pez,0.187061087061087,0.1097342472342472,0.1765210166775631,0.22751082251082252,0.07406818181818181,0.2519104796148469,0.229234811693538,0.12706796899163036,0.23027819489339918,0.2276098901098901,0.041269841269841255,0.2372601756601922,0.260952765655106,0.060819167116721806,0.25764341098252297
2026-06-03,CIN,KCR,7.0,2.0,5.0,3.0,6.0,4.3,4.7,4.55,5.25,3.8,6.2,3.6,5.8,3.25,5.05,2026-06-03,Chase Burns,0.2936640600152145,0.0798772935760661,0.308041449503999,Stephen Kolek,0.161258234519104,0.0497826086956521,0.178438353636028,0.20648231541420398,0.10195166056853362,0.22392684366510926,0.22736355802132943,0.12854363518225898,0.22934898607241322,0.18606047547224014,0.08867612779377482,0.24382261159484392,0.2070546060219973,0.10518510816091803,0.2260886678855735
2026-06-12,CIN,ARI,7.0,2.0,5.0,3.4,6.4,3.2,6.3,4.0,5.6,2.4,5.4,2.5,5.7,3.55,4.3,2026-06-12,Nick Lodolo,0.1700211952798159,0.0950411752997959,0.2046828728652807,Eduardo Rodr\xc3\xadguez,0.1797510449776066,0.0840666710927796,0.1655791363631706,0.18473244209911321,0.08830131091818397,0.1922614117953101,0.2225926669779522,0.12128190062245925,0.2246040481623411,0.20593650169097738,0.08992654345275827,0.2609840013787382,0.2224970785551205,0.07282951984786225,0.2313584682008561
2026-06-13,CIN,ARI,3.0,2.0,1.0,3.2,5.4,3.1,6.0,3.75,5.55,3.2,4.6,2.6,5.8,3.55,4.25,2026-06-13,Rhett Lowder,0.1675404547143677,0.1511724547594112,0.1685179617350159,Michael Soroka,0.2307216826280371,0.0554177731100807,0.186951185580095,0.18119708856375968,0.08678615940303244,0.19585618303714014,0.2201362388687993,0.12194932365252112,0.22346367721185684,0.2045476128020885,0.10242654345275828,0.2671753709847419,0.22228878818421186,0.07359673279127603,0.23226029847480334
2026-06-14,CIN,ARI,8.0,3.0,5.0,2.6,4.4,3.1,5.6,3.65,5.25,2.4,4.8,2.2,5.4,3.3,4.2,2026-06-14,Chris Paddack,0.1640995339200162,0.0721651765269528,0.1846101236161223,Zac Gallen,0.1524936358182516,0.065367283909291,0.1902897976326344,0.18137252716025093,0.08818966817496227,0.2047398767834873,0.21887822574509688,0.12114812572518989,0.22372332406885645,0.2528809461354218,0.09575987678609162,0.2863672901766611,0.22993677676125227,0.07253011347546044,0.23694573698322
2026-06-15,CIN,NYM,12.0,12.0,0.0,2.6,4.4,2.8,5.7,3.65,5.0,4.6,4.4,4.4,3.6,3.75,3.65,2026-06-15,Chase Burns,0.299767025141079,0.0772038637951328,0.3087273803495376,David Peterson,0.1979574024645943,0.0845500685432035,0.1987211778698489,0.15718952062430322,0.0757713675213675,0.17759701964063015,0.21733869553603996,0.12100473980213164,0.22195584801072993,0.20912719633307866,0.0430252100840336,0.23765912914873547,0.24369430223761807,0.07369738814710562,0.24360779288749027
2026-06-16,CIN,NYM,8.0,5.0,3.0,4.6,3.2,3.8,4.8,4.05,4.75,4.2,5.0,3.7,4.7,3.65,4.2,2026-06-16,Brady Singer,0.1689078849140768,0.0706081735029103,0.202672074964583,Huascar Brazob\xc3\xa1n,0.2309523809523809,0.0917989417989418,0.2628828197945845,0.15571893238900908,0.08716842634489691,0.18626061411067624,0.21759158880520924,0.12178594893499307,0.22246442080112855,0.19698433919022149,0.04016806722689074,0.2289924624820688,0.24278981788114326,0.07366587680379265,0.24272435131960846
2026-06-17,CIN,NYM,10.0,1.0,9.0,4.8,2.8,4.1,4.6,4.1,4.85,3.8,5.2,3.5,5.2,3.75,4.35,2026-06-17,Chris Paddack,0.1504245727600149,0.0828180784830401,0.1796426133147788,Nolan McLean,0.2812204064604965,0.1000651883879324,0.2218889648043811,0.1719132643728148,0.07988097695218435,0.19367374152380365,0.2189554483174176,0.1222874598781474,0.2245333673376208,0.22880252100840331,0.046418067226890736,0.23276914556909672,0.24631324503345636,0.07351291958730234,0.24317829265722368
2026-06-23,CIN,MIL,2.0,0.0,2.0,4.0,4.0,4.3,3.6,3.65,4.9,5.0,3.8,4.8,3.3,5.55,3.65,2026-06-23,Nick Lodolo,0.1615543579983235,0.0860885737825392,0.1965927484983772,Brandon Sproat,0.2326803547505958,0.1222354521518752,0.2328002428253504,0.17358922037714605,0.10708352878631514,0.20058728496960515,0.2162285830038215,0.11943795622815481,0.22148498800744035,0.2961840936840937,0.06603174603174602,0.3175271023154318,0.25625479907655946,0.08668555067357753,0.25696885712673906
2026-06-24,CIN,MIL,11.0,5.0,6.0,3.0,3.8,3.9,3.3,3.55,4.8,3.6,3.0,4.7,2.9,5.55,3.6,2026-06-24,Rhett Lowder,0.1770785538572099,0.1418683720758819,0.1699056815257165,Shane Drohan,0.2904325580866838,0.0692090520418693,0.2676928629506028,0.2061289029168286,0.10470257640536276,0.22477029150555286,0.2183404265672646,0.11973820221057774,0.22363119186489483,0.31285076035076037,0.05769841269841267,0.3287113128417476,0.2572689903167802,0.0855449513226094,0.2585218984803346
2026-04-22,COL,SDP,11.0,8.0,3.0,3.4,5.8,3.4,5.7,4.15,4.9,2.4,2.4,4.4,2.8,4.3,3.15,2026-04-22,Tomoyuki Sugano,0.176602986385595,0.0603864734299516,0.2118466898954704,Walker Buehler,0.2484022556390977,0.0923872180451127,0.2746347576257716,0.2304252107541581,0.08787893028024604,0.23906896356812482,0.23735316885976723,0.06846577763916764,0.2425231946462023,0.29801942516136887,0.09114272520602441,0.36120579133510167,0.2786800256343234,0.08159515262651032,0.32146958455875696
2026-05-01,COL,ATL,14.0,6.0,8.0,5.0,3.2,4.8,4.5,4.5,4.75,4.4,3.0,5.4,4.0,6.05,3.75,2026-05-01,Jose Quintana,0.112704678362573,0.1431871345029239,0.20460678895214,Grant Holmes,0.1860723555769995,0.1030550976371409,0.2914365923674434,0.2380519743019743,0.06455290205290204,0.266257266880793,0.23251975497782876,0.06773423633302883,0.24978982087040677,0.310378099712465,0.07941425963097788,0.2608279175831845,0.2691694204864193,0.0598331200425821,0.2628891942124064
2026-05-03,COL,ATL,17.0,6.0,11.0,5.2,6.4,5.2,4.9,4.3,5.3,5.6,3.4,5.8,4.1,6.15,3.9,2026-05-03,Kyle Freeland,0.1940746753246753,0.0580898268398268,0.2259235901722542,Reynaldo L\xc3\xb3pez,0.2216089466089466,0.1086219336219336,0.1827763513247383,0.21000119625119623,0.08276202026202024,0.2844592596344162,0.22930847103371693,0.07267055488118311,0.2548573314074417,0.2828323121666775,0.06424942446614271,0.22905878887907125,0.26540229017123024,0.05857596818487365,0.2592886929216124
2026-05-04,COL,NYM,6.0,2.0,4.0,6.0,7.2,5.0,5.7,4.35,5.4,4.6,4.6,4.0,4.3,2.95,5.05,2026-05-04,Tomoyuki Sugano,0.1618723466549552,0.070231298492168,0.1897415935857081,Huascar Brazob\xc3\xa1n,0.2268707482993197,0.0578231292517006,0.304703548085901,0.19809643434643434,0.08276202026202024,0.2747011951182871,0.22547788886812772,0.07467588596621053,0.2540042647958005,0.34161773661773664,0.061093051093051076,0.32333065039432957,0.2556432265163092,0.07078336839678648,0.2528678310891795
2026-05-06,COL,NYM,15.0,5.0,10.0,3.8,7.6,4.4,5.1,4.35,5.25,3.8,5.0,4.1,4.3,3.1,4.8,2026-05-06,Michael Lorenzen,0.1323033850207762,0.0494155602851254,0.2046221965389111,Sean Manaea,0.250438420982428,0.1064116874820103,0.2315205627705627,0.22940274065274063,0.07195120945120943,0.27981952203078025,0.2354183178810501,0.07260155580048246,0.2554026970538882,0.35792714947887366,0.055687645687645684,0.3241588077442261,0.25917657275377426,0.06876098644259258,0.25268237338932303
2026-05-07,COL,NYM,8.0,6.0,2.0,4.0,8.4,4.5,5.8,4.3,5.4,5.4,3.2,4.1,4.0,3.6,4.85,2026-05-07,Jose Quintana,0.1162506992117975,0.1145497076023391,0.2115115181182337,Huascar Brazob\xc3\xa1n,0.2117460317460317,0.0539682539682539,0.3010566448801742,0.2238471850971851,0.07750676500676498,0.2841464451077033,0.23055716214252323,0.07214085309116011,0.25473692769484335,0.3430786646303888,0.05356643356643355,0.3185338077442261,0.26081560734899767,0.06811358530403572,0.25191341857295296
2026-05-16,COL,ARI,6.0,4.0,2.0,2.8,5.8,3.6,6.5,4.4,5.7,4.8,3.0,4.1,2.9,4.4,5.0,2026-05-16,Tomoyuki Sugano,0.1390178963548528,0.0708552920509442,0.1723554562730249,Eduardo Rodr\xc3\xadguez,0.1680284191031035,0.1111916738591002,0.1540627535352975,0.2135417216882734,0.06361844094602712,0.24602566426538774,0.22282540727260453,0.07221867596172533,0.25223124245570877,0.23260073260073258,0.06999999999999998,0.2513686823093516,0.23531274785164139,0.07126833977945389,0.24324851680263257
2026-05-17,COL,ARI,14.0,6.0,8.0,3.6,5.0,3.4,5.6,4.2,5.65,4.2,3.6,3.9,2.5,4.25,4.65,2026-05-17,Michael Lorenzen,0.1373445395184525,0.0605947192903714,0.1974512586316891,Michael Soroka,0.2481615606615606,0.0654384966884966,0.2060820911334807,0.17285544717846948,0.08126549976955652,0.23664351323563948,0.22181769381527172,0.07448502188071596,0.2513246136151384,0.22426739926739922,0.06166666666666667,0.24257747351814282,0.2317783428628435,0.07154892102489294,0.24385275523119387
2026-05-18,COL,TEX,13.0,7.0,6.0,4.6,6.0,3.8,6.0,4.1,5.55,4.4,3.0,3.4,3.2,3.15,3.4,2026-05-18,Jose Quintana,0.1110608206946879,0.1173646236804131,0.2132645297483182,MacKenzie Gore,0.2680550788607054,0.1125107979072173,0.2161880385054599,0.20259400926997273,0.08159229715517745,0.24591953133518696,0.22460755514836359,0.07415179863669571,0.25286088591619305,0.19677777777777777,0.11602380952380949,0.26409859895081567,0.2028094742561696,0.08973072436156294,0.2126663322666569
2026-05-20,COL,TEX,9.0,4.0,5.0,3.6,7.0,3.4,6.4,4.1,6.15,5.0,2.6,4.7,2.3,3.7,3.5,2026-05-20,Kyle Freeland,0.1940250225964511,0.0770253555967841,0.2058410893778692,Jack Leiter,0.261532979267533,0.1010709640953729,0.271485686853445,0.18621770264976367,0.08450315662091498,0.20631426817729226,0.22303074105072004,0.07694276554151948,0.24985295859988585,0.21159031198686368,0.10434482758620685,0.26708813742506465,0.20236400560387025,0.08963521183171948,0.21558021761857904
2026-05-29,COL,SFG,14.0,8.0,6.0,3.0,7.6,3.0,6.3,3.4,6.15,5.4,4.8,4.9,5.7,4.4,5.5,2026-05-29,Michael Lorenzen,0.1478405350687958,0.0635832062462496,0.1937409478496399,Logan Webb,0.2030001368363437,0.0708342631187458,0.1875830317959096,0.13771793247403,0.0985277425826206,0.1922630460373595,0.20936376169672608,0.07842828003071763,0.24222968593745034,0.2398964266727424,0.0930351446798815,0.23838665697546363,0.21756122274031095,0.10428291019645122,0.23645400532332134
2026-05-30,COL,SFG,11.0,8.0,3.0,3.8,7.8,3.1,6.3,3.55,5.95,4.6,5.8,4.5,6.4,4.45,5.4,2026-05-30,Ryan Feltner,0.2275691699604742,0.0930390865173473,0.2231188188505261,Adrian Houser,0.1297558994103616,0.0803395202983303,0.1617768621822101,0.13271793247403002,0.0837777425826206,0.1909297127040262,0.20920231752954116,0.07776572347846386,0.2418464154902529,0.222939904933612,0.0930351446798815,0.24038001245719118,0.21603268870291417,0.10245338545616262,0.23516166659263885
2026-06-07,COL,MIL,16.0,4.0,12.0,5.6,9.4,5.4,8.0,4.25,6.9,8.0,3.8,5.7,3.0,5.05,3.05,2026-06-07,Kyle Freeland,0.1864668664668664,0.0665800865800865,0.2073151522710092,Shane Drohan,0.3118847279741242,0.0711343309253525,0.2726277745946863,0.17715107473171984,0.07441335009076941,0.2137899101367772,0.20746997222051716,0.07824242436724184,0.24033960820208883,0.2588876278470838,0.08295830155097887,0.25539244228899394,0.24923398530869545,0.09265597207697232,0.25095991086245684
2026-06-09,COL,CHC,10.0,7.0,3.0,5.2,8.0,5.5,8.7,4.4,7.05,3.6,6.4,4.2,5.8,3.5,5.45,2026-06-09,Tomoyuki Sugano,0.1363416776460254,0.0693120821744009,0.1552212656236757,Colin Rea,0.1920351437241069,0.0770969368795455,0.19899157042203,0.1760147110953562,0.07820122887864821,0.20725581922768627,0.20622042718687297,0.07831955935157657,0.23807550945522524,0.2050628726989888,0.08023399014778324,0.2483550731111707,0.21289734803300764,0.0871141020137162,0.22641681125368865
2026-06-10,COL,CHC,5.0,3.0,2.0,4.8,7.0,5.6,7.5,4.55,7.1,3.0,7.6,4.4,6.3,3.6,5.6,2026-06-10,Michael Lorenzen,0.1508907328006706,0.0689299054982284,0.1942519563943821,Shota Imanaga,0.2453612962757479,0.0610999380247751,0.2706360822639892,0.1864313777620229,0.08236789554531489,0.205973767945635,0.20594101782587484,0.07901628234632917,0.2368183548938958,0.19696763460375075,0.07928160919540228,0.24613285088894843,0.2117098254255498,0.08780394128714332,0.2260225304887082
2026-06-11,COL,CHC,12.0,3.0,9.0,3.8,7.0,5.8,7.3,4.4,6.8,3.2,7.2,4.5,5.4,3.6,5.75,2026-06-11,Ryan Feltner,0.2028091473743647,0.0794435033565468,0.2078106505746779,Edward Cabrera,0.2087110222756155,0.0885901967959384,0.246657955679468,0.1914313777620229,0.09086789554531488,0.21300602601015112,0.20658894403431788,0.07969251348829491,0.23760518174317913,0.1954970463684566,0.08516396213657874,0.23946618422228177,0.21205665325233672,0.08737775875956422,0.22521967814958857
2026-06-19,COL,PIT,7.0,4.0,3.0,8.6,6.2,6.4,6.3,5.9,7.15,5.0,5.2,4.8,6.5,5.45,6.45,2026-06-19,Kyle Freeland,0.1753104919771586,0.0592712842712842,0.1994004137902124,Mason Montgomery,0.3005952380952381,0.1098214285714285,0.2683851862423291,0.17753288378288373,0.11936729936729933,0.21641516569209296,0.20347836042883272,0.08372574103391618,0.23714968253408936,0.22730738826390998,0.11288505335244463,0.24167095762610832,0.2538329664532274,0.09808297399139838,0.2457544822855427
2026-06-20,COL,PIT,3.0,2.0,1.0,8.4,5.4,6.4,5.4,5.95,7.05,5.0,5.6,4.9,6.6,5.4,6.15,2026-06-20,Tomoyuki Sugano,0.1320990603599298,0.0713983681374985,0.1662873680608624,Carmen Mlodzinski,0.1844373613809992,0.0823922877520746,0.1881480795987188,0.17614399489399485,0.12214507714507712,0.2406575899345172,0.20226300188517848,0.08408607485072138,0.23841525688671103,0.20764926860579033,0.10519274566013695,0.24634932019920774,0.25195504730398904,0.09679240854414314,0.24544484728470958
2026-06-21,COL,PIT,14.0,6.0,8.0,4.2,3.8,5.9,5.2,5.75,6.35,4.8,5.2,4.7,5.6,5.35,5.9,2026-06-21,Michael Lorenzen,0.1692602524446059,0.06973352377028,0.19630974755937,Jared Jones,0.2291666666666666,0.0751488095238095,0.2931589171204805,0.19906066156066154,0.11797841047841044,0.24927297454990183,0.20504746506415886,0.08407629898685919,0.23843583796610437,0.22495696091348263,0.09076966873706002,0.25113192889485997,0.2519296570792619,0.09715874090071272,0.24485465446283022
2026-06-22,COL,BOS,5.0,3.0,2.0,4.6,4.4,6.2,5.8,6.0,6.55,3.0,2.6,4.1,3.6,4.2,3.7,2026-06-22,Ryan Feltner,0.2082235397452788,0.0929488117893914,0.2150889060635354,Jake Bennett,0.1548418972332015,0.0477272727272727,0.2146228650075584,0.18031066156066153,0.10547841047841044,0.23915963540430457,0.2032199334607722,0.08299839771779689,0.23780447067409263,0.21831816059757236,0.0430438842203548,0.21025572663757247,0.24514004429207428,0.08098349225032786,0.2380409438292632
2026-06-24,COL,BOS,14.0,8.0,6.0,3.4,3.8,6.0,5.0,5.45,6.45,3.8,2.2,3.3,3.3,3.95,3.7,2026-06-24,Kyle Freeland,0.1854937085706316,0.0547119547119547,0.1980479344077485,Ranger Suarez,0.236942071812536,0.0789778672800084,0.2219049541121385,0.13943764568764566,0.11493006993006989,0.20858357684164136,0.19883387956869733,0.08389060949202369,0.2339930954663801,0.21593720821662,0.0430438842203548,0.23246105753855556,0.24062805798393133,0.07888002491915051,0.23867732986019316
2026-06-29,COL,MIA,17.0,7.0,10.0,4.6,4.2,4.6,4.3,5.2,5.7,4.0,1.8,4.7,2.4,4.55,2.85,2026-06-29,Sean Sullivan,0.126207729468599,0.0984299516908212,0.1376436781609195,Sandy Alcantara,0.170457964272006,0.0606834749339492,0.1940743036746013,0.17876044277360065,0.06365800865800864,0.19440064136641633,0.1997835094432356,0.08074615869988651,0.2321364687256147,0.33849358974358973,0.03101190476190475,0.23589188578657266,0.2719301845679729,0.0908634844411447,0.252805586468757
2026-07-01,COL,MIA,9.0,6.0,3.0,5.6,7.6,4.5,5.7,5.45,6.0,6.8,2.6,5.5,2.7,5.35,3.15,2026-07-01,Kyle Freeland,0.1820963747072121,0.0532670121340071,0.1990992217676814,Max Meyer,0.2633236087583913,0.0889608052267898,0.2676233802727188,0.14959072360388148,0.05642968142968141,0.16444387332825294,0.19613831836409742,0.08087021515060046,0.22981393321712285,0.3045924908424908,0.04351190476190475,0.22695164302280046,0.2702829585057401,0.09019610833664718,0.25157243914941746
2026-04-22,DET,MIL,7.0,5.0,2.0,6.0,6.4,5.0,3.7,4.55,4.35,4.8,2.6,3.6,3.9,5.2,3.85,2026-04-22,Casey Mize,0.270026350461133,0.074846837944664,0.2605757931844887,Chad Patrick,0.1091791979949874,0.0905388471177944,0.219610760971055,0.18263278388278384,0.06458333333333331,0.1791760708009114,0.21002298074308942,0.12014534127305865,0.22462538349804154,0.1816250396105205,0.08964091262639355,0.23119993533037012,0.2295223981834738,0.10277981808633417,0.250055183126289
2026-04-23,DET,MIL,9.0,5.0,4.0,5.0,5.0,5.3,3.9,4.5,4.0,4.8,3.4,3.6,4.1,4.6,4.0,2026-04-23,Tarik Skubal,0.2821686429512516,0.0507246376811594,0.2861365146481425,Brandon Sproat,0.2129901960784313,0.1600898692810457,0.1787489949075314,0.18025183150183147,0.06220238095238093,0.17618756505378497,0.20733634722765154,0.12105381333642201,0.2197782991926026,0.18901420217209688,0.08631578947368419,0.24188527062882254,0.2257543436040681,0.09986392537450596,0.24950009410311208
2026-05-01,DET,TEX,9.0,4.0,5.0,4.0,4.6,4.8,5.8,4.75,4.3,2.4,2.4,3.0,3.5,3.95,3.65,2026-05-01,Jack Flaherty,0.2232087960348829,0.1803249890206411,0.2402140869882805,MacKenzie Gore,0.3245429357513756,0.1150360381306672,0.2458362787310155,0.19867724867724862,0.11792328042328037,0.21699343989414252,0.21179137576895726,0.12175169775373576,0.22843625391617847,0.19305655129184537,0.05309523809523806,0.16635101703912886,0.20889495975134642,0.07858916497686094,0.21187269202850206
2026-05-02,DET,TEX,6.0,5.0,1.0,4.4,3.8,4.6,5.5,4.65,4.15,2.6,2.6,3.3,3.4,4.05,3.85,2026-05-02,Keider Montero,0.2146880570409982,0.0485612426788897,0.1730943582163094,Kumar Rocker,0.1933581780538301,0.0872215320910972,0.2231140102098695,0.2153439153439153,0.11435185185185179,0.2229801361247412,0.21547446539212017,0.11950525381026036,0.22702358506472403,0.19377083700613107,0.03666666666666664,0.1852657457212994,0.20705449225911685,0.07769575357133404,0.213245856449123
2026-05-05,DET,BOS,13.0,3.0,10.0,5.0,2.8,4.8,4.4,5.0,4.3,2.4,4.4,4.4,4.0,4.35,4.6,2026-05-05,Framber Valdez,0.1900834865141996,0.0848962410474511,0.1982529971376887,Brayan Bello,0.1336902844873859,0.1164439076757917,0.2503448488892184,0.2629337129337129,0.08923485173485171,0.26727594238120556,0.21933553176004864,0.11348223659515927,0.22918195102667926,0.18138148401306292,0.047639300270879203,0.22761744631057063,0.22584894038524528,0.07956642623949946,0.23428111736845436
2026-05-06,DET,BOS,4.0,0.0,4.0,4.6,4.4,4.3,4.5,4.75,4.7,4.4,4.4,5.2,3.9,4.5,4.7,2026-05-06,Jack Flaherty,0.2213970131426816,0.1771206672808503,0.2297073126566213,Sonny Gray,0.1370129870129869,0.0534632034632034,0.1682373182373182,0.2581718081718081,0.0892348517348517,0.2686612237664869,0.22370355471119277,0.11170215040661571,0.22953985079418096,0.19923862687020577,0.046448824080403,0.22335388041909776,0.2285039301364488,0.07834831122491019,0.23240293818229363
2026-05-17,DET,TOR,5.0,1.0,4.0,3.2,5.8,3.3,5.3,4.0,4.85,4.8,3.6,4.2,3.8,4.15,3.8,2026-05-17,Jack Flaherty,0.2362188409099164,0.1597181909538888,0.2234231479392769,Kevin Gausman,0.2413438184834065,0.0418840579710144,0.2374423828870249,0.22940801790801787,0.10563198327014114,0.20806126467142252,0.2215252026617811,0.11177565978537272,0.22459049747118867,0.1964794372294372,0.07779761904761903,0.18029365836767708,0.25253820885161754,0.07225848701472573,0.2287542958654555
2026-05-26,DET,LAA,16.0,6.0,10.0,3.0,4.0,2.7,5.3,3.25,4.65,4.8,4.8,3.1,6.2,2.9,5.55,2026-05-26,Keider Montero,0.1644222879516997,0.0728511140275845,0.1408623280246673,Jack Kochanowicz,0.1622919882050316,0.1118698998264215,0.2220515719410092,0.19780577778861524,0.10237996250296018,0.1918863416320436,0.21959318361375735,0.11164640557560507,0.2207428569728649,0.19580553175754412,0.11452970404208791,0.2472360675039246,0.22746719049185482,0.106456069558744,0.2638811563119192
2026-05-27,DET,LAA,4.0,4.0,0.0,3.6,5.2,3.1,5.3,3.3,5.05,6.4,5.8,3.9,6.5,3.3,5.6,2026-05-27,Casey Mize,0.2527115404618265,0.0644120553359683,0.261329041120231,Jos\xc3\xa9 Soriano,0.2752000997503246,0.0989013485265359,0.3008805290637589,0.20150948149231898,0.10052811065110831,0.1968558272466905,0.21964098431572945,0.11062657193887689,0.2211519549050536,0.20662804258005493,0.12448641399879787,0.24628368655154365,0.23025783031840985,0.10798370812087937,0.2658365638594947
2026-06-05,DET,SEA,10.0,7.0,3.0,5.4,4.0,4.5,4.3,3.6,4.9,5.4,2.6,4.9,3.2,4.3,3.3,2026-06-05,Framber Valdez,0.1852336416660504,0.0875044177230583,0.1917415886869454,Bryan Woo,0.2454401041376303,0.0469807241733778,0.2093792459280329,0.2503238727503433,0.06742709904474609,0.24165992248334328,0.22063066954139474,0.10395763075688857,0.22227587568309212,0.18100135975135972,0.06396270396270395,0.21521834104205703,0.23594986884460567,0.07387320753195115,0.24276143915147969
2026-06-06,DET,SEA,4.0,0.0,4.0,6.6,3.2,4.9,4.1,3.9,4.8,5.2,3.8,4.7,3.5,4.4,3.35,2026-06-06,Keider Montero,0.1771846691632787,0.0631019604281636,0.1515441598566869,Bryce Miller,0.2658961128310973,0.0278637770897832,0.2398567275747508,0.22522265817544454,0.05730564155486756,0.2295387103621312,0.22047278901402098,0.10315566119736481,0.22211720906493776,0.21225135975135972,0.05146270396270395,0.24214141796513394,0.23815701378358017,0.0727006169362059,0.2450130890794782
2026-06-09,DET,MIN,14.0,10.0,4.0,5.4,2.6,4.4,3.8,3.75,4.55,3.6,5.6,5.0,6.3,4.45,5.5,2026-06-09,Troy Melton,0.1148305717271234,0.0803478131064337,0.1511411165666484,Taj Bradley,0.2782534822434609,0.1024882787208203,0.2556093421123572,0.2417001263556991,0.0452485380116959,0.26354771937114013,0.22232918165390006,0.10082718023604118,0.22706567747711137,0.23056219923866977,0.11981128348775405,0.1982427007690165,0.2012611458938353,0.10683116395810198,0.19749414020448272
2026-06-11,DET,MIN,11.0,11.0,0.0,5.2,4.2,5.3,4.1,4.1,4.5,4.4,5.2,4.6,6.1,4.4,5.85,2026-06-11,Keider Montero,0.1662071588542176,0.0616313425136954,0.1442346288047999,Zebby Matthews,0.2186250914946566,0.0638114478114478,0.2082134020097965,0.24161041343703876,0.06432748538011694,0.257646602943708,0.2212080447321909,0.10250563778327834,0.22660502545637073,0.25349870717517775,0.10798588666235723,0.21863463994498472,0.20467876858696715,0.10824089162880206,0.1994771114180828
2026-06-19,DET,CHW,7.0,4.0,3.0,3.2,3.4,4.6,3.5,4.75,3.8,3.8,6.8,4.6,5.7,5.25,4.85,2026-06-19,Tarik Skubal,0.2626649256540561,0.0376552795031055,0.2675686243266616,Erick Fedde,0.1550060818735221,0.0888706948857324,0.1609954815858321,0.2203317116320212,0.06876418318523579,0.2656060028523256,0.22045372450293993,0.09850816416869873,0.22799407309026046,0.22610546398046397,0.11043635531135525,0.23719338712766286,0.23093153789091908,0.09838085033391772,0.22989854664129897
2026-06-22,DET,NYY,8.0,5.0,3.0,4.2,3.0,4.9,3.1,4.65,3.45,3.8,4.8,5.5,4.2,5.45,4.05,2026-06-22,Framber Valdez,0.1839503447484456,0.0892686490957355,0.1853498137292698,Gerrit Cole,0.212798795407491,0.0724073028420854,0.1414054137234932,0.22859871123029016,0.06449476838950521,0.23392595044858897,0.2243571763005781,0.09684982228981655,0.22876711561280214,0.25929639332116106,0.08444960440316475,0.2594342583504535,0.2273466483512905,0.0732377501652914,0.2519841529621517
2026-06-23,DET,NYY,7.0,3.0,4.0,3.4,3.0,4.4,3.0,4.7,3.6,2.4,4.8,5.0,4.3,5.25,4.3,2026-06-23,Casey Mize,0.2593120895123183,0.0634344061735366,0.2729925468254987,Carlos Rod\xc3\xb3n,0.2728164467367974,0.134324116998578,0.2435010754785473,0.2541047841047841,0.04870529470529469,0.24233174755003822,0.22542557542098493,0.09560815790148557,0.2286212718786358,0.2580143420391098,0.0915008864544468,0.2684125865238281,0.22639209647460043,0.07428461255075715,0.2532952831375859
2026-06-24,DET,NYY,6.0,2.0,4.0,3.6,3.0,4.3,2.8,4.8,3.45,3.0,4.4,4.9,3.8,5.05,4.35,2026-06-24,Tarik Skubal,0.2676679681027507,0.0377448638318203,0.2667276660681437,Ryan Weathers,0.2692459841826887,0.0693535983655021,0.2459024311845701,0.2791047841047841,0.057038628038628025,0.24533174755003823,0.2299560533692425,0.09545278037530643,0.23180328109536194,0.24182001005530415,0.08340372046254398,0.2660316341428757,0.22546202028705623,0.07431843901706893,0.2530393607041981
2026-06-25,DET,HOU,3.0,1.0,2.0,3.6,3.0,3.4,3.2,4.85,3.3,3.4,3.4,3.6,4.1,4.6,4.75,2026-06-25,Troy Melton,0.1558548647754044,0.0742956443855993,0.1925894318447509,Tatsuya Imai,0.2302853064809586,0.167212968191229,0.2838727176713446,0.2836502386502386,0.052493173493173485,0.2658259335965499,0.2316270572475815,0.09425962062061509,0.2343744900816699,0.32182400932400934,0.05118797868797868,0.342843518610782,0.23635792128259292,0.0955623032911345,0.2426054887682064
2026-06-26,DET,HOU,8.0,8.0,0.0,3.0,2.8,3.3,3.1,4.85,3.3,2.0,3.0,3.0,3.5,4.25,4.7,2026-06-26,Keider Montero,0.1705318646495116,0.0520828517887341,0.1445802496276908,Spencer Arrighetti,0.2278897168599685,0.1078733095590456,0.2381507045466115,0.2753169053169053,0.052493173493173485,0.2523338701044864,0.2297962705325908,0.09309592160060749,0.2332446462887745,0.320525308025308,0.05118797868797868,0.326539170784695,0.2367961062397577,0.09441095023943409,0.24073020000881992
2026-06-27,DET,HOU,14.0,6.0,8.0,3.8,2.6,4.0,2.8,4.75,2.85,1.8,3.0,3.0,3.9,4.25,5.0,2026-06-27,Framber Valdez,0.1932867815350011,0.0888976918605853,0.1897538224642137,Kai-Wei Teng,0.244375085827655,0.0977896697066657,0.229944362491012,0.2838883338883339,0.06277888777888777,0.26627115233445153,0.23047819754700172,0.09370276576227257,0.23388451994030512,0.29552530802530796,0.05535464535464535,0.30554966553731877,0.23546520021309392,0.09477510559372654,0.23950640041922394
2026-04-25,HOU,NYY,11.0,3.0,8.0,5.0,5.8,4.3,5.4,4.8,5.85,6.2,1.4,5.8,3.5,5.55,4.05,2026-04-25,Kai-Wei Teng,0.2680555555555555,0.1027777777777777,0.1980440392940393,Ryan Weathers,0.3149036927984296,0.0785057048214942,0.2587981962810964,0.20810192074194628,0.10047194450902888,0.19263213509883875,0.23532667647999117,0.11993149742727705,0.2337773535106423,0.15877927627927627,0.07252886002886001,0.20491297688666105,0.2086352371464898,0.06817403437283169,0.24939566614608197
2026-05-04,HOU,LAD,11.0,3.0,8.0,4.8,5.2,4.5,5.8,4.55,5.75,2.2,3.2,4.1,3.0,4.3,3.05,2026-05-04,Kai-Wei Teng,0.2488001314924391,0.0944444444444444,0.1853086016547555,Yoshinobu Yamamoto,0.2155483405483405,0.0601551226551226,0.2612591711931658,0.15791540045559818,0.11804797810465442,0.22973605098605096,0.2204659315099736,0.12243705366427687,0.23591337435048285,0.23800324675324674,0.07212662337662336,0.2537208741065249,0.2574872460549022,0.08188563583869536,0.2552432463599872
2026-05-05,HOU,LAD,3.0,2.0,1.0,4.8,5.8,4.3,5.8,4.4,5.7,3.6,3.4,4.6,3.3,4.6,2.95,2026-05-05,Peter Lambert,0.2638888888888889,0.111111111111111,0.2772486772486771,Shohei Ohtani,0.2872859025032938,0.0748243302591128,0.2854932420559485,0.16688975942995715,0.11997105502773134,0.22625779011648572,0.2214643849794259,0.1218850272448276,0.2358014488954976,0.2963365800865801,0.08045995670995668,0.27549865188430267,0.2667971342628574,0.08192699862425645,0.2605220107497018
2026-05-11,HOU,SEA,4.0,1.0,3.0,3.0,4.2,3.9,5.0,4.15,5.4,3.8,4.0,4.3,3.9,4.35,4.4,2026-05-11,Peter Lambert,0.2349537037037036,0.1203703703703703,0.2449735449735449,George Kirby,0.1925537106571589,0.0609303914476328,0.1866587321016563,0.23949146296415497,0.07928591827280053,0.2598502470625005,0.22535883751732522,0.1128887973404566,0.24009987589064005,0.27312555865187443,0.06705561981877768,0.2634016056183239,0.2470221116602695,0.06672814758341072,0.2464390554000865
2026-05-12,HOU,SEA,12.0,2.0,10.0,2.8,4.6,3.7,4.3,4.1,5.4,4.0,3.6,3.9,3.9,4.5,4.2,2026-05-12,Tatsuya Imai,0.21010101010101,0.3248196248196247,0.2673076923076923,Bryan Woo,0.2051784368388566,0.043256000621068,0.1993907352571406,0.2243654125439869,0.05575650650809464,0.24997629748266853,0.22339451145398753,0.11020096883235049,0.2413860132994063,0.2797922253185411,0.06705561981877768,0.2626663115006768,0.25075327966855565,0.066726648048856,0.24957468819520634
2026-05-15,HOU,TEX,2.0,2.0,0.0,1.4,5.8,3.0,5.3,3.9,5.5,4.4,2.0,3.6,4.1,3.25,3.95,2026-05-15,Spencer Arrighetti,0.2343951443081877,0.1368001981915025,0.2388003612337134,Jack Leiter,0.2664468238981968,0.0998159457184056,0.2840799342954915,0.21044197729552422,0.08120034618318368,0.23906172253035768,0.21823838612898483,0.11327334089070062,0.23661300727934392,0.15034920634920632,0.13546825396825396,0.16498095189199216,0.19370315850660005,0.09211503846430764,0.20153452599068722
2026-05-16,HOU,TEX,5.0,4.0,1.0,1.6,5.2,2.6,5.0,3.55,5.4,3.2,2.4,3.5,3.6,3.05,3.65,2026-05-16,Kai-Wei Teng,0.2391188441188441,0.0862962962962962,0.1916905316905316,Jacob deGrom,0.3184976577367881,0.0408977455716586,0.3155034400972374,0.20480095165449855,0.07094393592677342,0.23015903101897056,0.21784189947400692,0.11081087695829409,0.2345748363136439,0.17177777777777775,0.13546825396825396,0.19998095189199216,0.20066445035872277,0.0900215148628461,0.20642389282423218
2026-05-17,HOU,TEX,8.0,0.0,8.0,2.4,4.4,2.7,4.3,3.5,5.05,2.8,3.2,3.2,3.3,2.8,3.8,2026-05-17,Peter Lambert,0.2324074074074074,0.1037037037037036,0.2430376595082476,Nathan Eovaldi,0.234945215814781,0.0503428093645484,0.2816854449937818,0.19257872943227633,0.09094393592677344,0.21634324154528634,0.21533462501711315,0.11270851787407504,0.2322434568176089,0.18844444444444444,0.1410238095238095,0.21409859895081568,0.19990894405445483,0.09172474045848657,0.20628113965036038
2026-05-30,HOU,MIL,11.0,9.0,2.0,6.6,3.8,4.6,3.2,3.55,4.1,3.4,3.6,4.5,2.9,4.25,2.7,2026-05-30,Peter Lambert,0.2314814814814814,0.1097883597883597,0.2376675922894409,Brandon Sproat,0.2437235111435878,0.1443387427434742,0.2321178189470872,0.2006930977519213,0.07362807943690296,0.20680082066271321,0.2092910368446839,0.10565391753306029,0.22480021325112978,0.24024217106310924,0.10051012425154297,0.23629872345843306,0.24877183555272267,0.09365924686217,0.251046169823167
2026-05-31,HOU,MIL,2.0,0.0,2.0,6.8,3.2,5.2,2.8,3.9,3.6,3.2,3.2,4.3,3.3,4.25,3.0,2026-05-31,Tatsuya Imai,0.1918229918229917,0.2195526695526695,0.2621912444280865,Jacob Misiorowski,0.4061981540637667,0.0790778106390754,0.3598784030282132,0.21827551533433884,0.07362807943690296,0.20655572262349753,0.2134951605895802,0.1038930189075093,0.2259146541413887,0.2300448026420566,0.11103644004101668,0.2279653901250997,0.24807646246611817,0.09387022706276214,0.2508106983372047
2026-06-02,HOU,PIT,16.0,6.0,10.0,5.0,3.6,5.0,2.9,3.4,3.7,6.2,6.8,5.3,4.8,4.95,4.25,2026-06-02,Mike Burrows,0.2054915006173587,0.0785977972362411,0.2252567540470187,Bubba Chandler,0.2181320170710642,0.1520494665517548,0.2087740613446041,0.22383107088989443,0.07362807943690296,0.20387715119492614,0.21363822717372188,0.10218985466312389,0.22528490571284135,0.2828536083799241,0.10445247734721419,0.27874306746517696,0.2555480999385156,0.09430074641229994,0.24631133268881125
2026-06-03,HOU,PIT,20.0,11.0,9.0,4.8,3.6,5.5,3.5,3.65,4.05,7.4,6.0,6.1,4.8,5.25,4.45,2026-06-03,Spencer Arrighetti,0.2131233742103306,0.1311925554316858,0.2234157198298576,Mason Montgomery,0.3123188405797101,0.0887681159420289,0.2958119175510479,0.26005398110661265,0.08353520017993701,0.22776379087103948,0.216983620793161,0.10308832050472036,0.22674465680915376,0.29314772602698297,0.0970995361707436,0.2866474792298829,0.25714470775051684,0.09564779299956214,0.24790868789063403
2026-06-04,HOU,PIT,6.0,1.0,5.0,6.2,4.8,6.2,4.2,4.2,4.25,8.8,6.8,6.8,5.4,5.6,4.75,2026-06-04,Kai-Wei Teng,0.2504922546589213,0.1000521083854417,0.2160067370661685,Carmen Mlodzinski,0.1904128509079621,0.0837696258852905,0.1796771346319071,0.26082321187584345,0.10276596941070623,0.23691411766842513,0.2184234412201316,0.10450450100952945,0.22812530495815256,0.29592550380476074,0.11209953617074357,0.2808782484606521,0.2570294705287343,0.0965244414995692,0.24794241873110767
2026-06-05,HOU,ATH,6.0,5.0,1.0,5.4,5.6,6.0,4.7,4.2,4.35,4.8,6.6,3.3,5.9,3.8,5.35,2026-06-05,Peter Lambert,0.2195917508417508,0.1131102693602693,0.2262518261800901,Jack Perkins,0.2515321280027162,0.0616310160427807,0.2581314659055507,0.3008232118758435,0.0906826360773729,0.24398482473913216,0.22126057495106702,0.10391328484792221,0.22740175615909053,0.20733212976660714,0.09063894523326568,0.2526881435467822,0.21861108495911366,0.0867379763245424,0.2661563376051032
2026-06-17,HOU,DET,6.0,4.0,2.0,5.0,6.0,4.5,5.3,5.35,4.75,5.0,2.6,5.1,3.4,4.8,3.85,2026-06-17,Peter Lambert,0.2173400673400673,0.1071548821548821,0.2139316935022116,Casey Mize,0.27225152802956,0.0651916682351465,0.2793010280043079,0.22715385491701276,0.07431261720735402,0.2596735993067239,0.2263689318865728,0.09979313990999536,0.2329393118299871,0.2342414860681114,0.05974162679425835,0.263008600254923,0.22249516495601346,0.09790064391269265,0.2278557009669046
2026-06-29,HOU,MIN,9.0,4.0,5.0,3.0,4.0,3.5,3.6,4.35,4.8,3.0,5.6,6.1,5.2,5.35,5.6,2026-06-29,Peter Lambert,0.2202169643292831,0.1001653003464597,0.2110399440153757,Zebby Matthews,0.1963934294369076,0.0539618252118252,0.2030798566775596,0.2579978354978355,0.07766233766233765,0.25825430294783847,0.2340590327662778,0.09605940546363988,0.2389882722875281,0.19844155844155842,0.08284992784992781,0.20499104453051817,0.21048980091548547,0.1051397268108924,0.20540185291015312
2026-06-30,HOU,MIN,10.0,6.0,4.0,3.4,4.2,3.5,3.9,4.0,4.6,3.8,6.0,5.4,5.4,5.35,5.65,2026-06-30,Mike Burrows,0.1935613498978773,0.0795282017171319,0.2160132858065927,Joe Ryan,0.2959848963348761,0.0757293236718462,0.248453966428138,0.24656926406926405,0.0848051948051948,0.23525965054142137,0.23465277130591006,0.09577629242875402,0.23833114481086895,0.19455266955266953,0.10007215007215005,0.2034224170795378,0.20932063985896343,0.10651716793337862,0.20436944356795758
2026-07-01,HOU,MIN,11.0,3.0,8.0,4.0,4.8,3.7,4.1,4.25,4.55,4.0,4.8,4.9,5.7,5.45,5.8,2026-07-01,Tatsuya Imai,0.2526403219090966,0.156340793593758,0.2877103757486532,Taj Bradley,0.2606494403870189,0.1003969331123911,0.2363577947790683,0.27156926406926407,0.0848051948051948,0.24185635219059676,0.23766808072288834,0.09468792546933637,0.24032503070447583,0.18485569985569983,0.09098124098124095,0.19197460563172636,0.20998745412416928,0.10527859621322305,0.20410721959412295
2026-04-21,KCR,BAL,11.0,6.0,5.0,3.2,7.2,2.6,4.6,3.45,4.55,3.4,4.8,4.6,4.4,4.2,4.45,2026-04-21,Kris Bubic,0.2866612554112553,0.1143127705627705,0.2762774806892454,Shane Baz,0.1953113553113553,0.0788461538461538,0.2062409812409811,0.20768745640548708,0.12269497126914004,0.16980498388036208,0.21525174743094233,0.11463059064109879,0.2028216803949285,0.2926992915924804,0.05438315339631128,0.3147638361140924,0.28569276481882483,0.08567001700532458,0.3057639016068808
2026-04-22,KCR,BAL,14.0,6.0,8.0,4.2,7.8,3.2,4.9,3.55,4.75,3.8,5.2,4.6,4.7,4.4,4.55,2026-04-22,Michael Wacha,0.2413461538461538,0.0815247252747252,0.2436011761303383,Chris Bassitt,0.0765367965367965,0.1306926406926407,0.1856825144338399,0.21537976409779475,0.13807958665375542,0.1938049838803621,0.20948805282644792,0.11626457244130943,0.2043707770451398,0.29330535219854104,0.07256497157812945,0.3347907178345226,0.28515253598167684,0.08967619053919362,0.31212096126214967
2026-04-24,KCR,LAA,9.0,6.0,3.0,3.6,7.4,3.6,5.7,3.7,5.1,2.6,3.6,5.3,3.9,4.6,4.2,2026-04-24,Noah Cameron,0.1921525032938076,0.0673830698287219,0.2276842948717948,Yusei Kikuchi,0.2427677585572321,0.1001472211998527,0.2383045369683831,0.20204643076446144,0.14474625332042207,0.22283724194487822,0.20910853071339003,0.11428065621032371,0.2078088491891407,0.22550781462546166,0.07872171945701356,0.3203972178716424,0.2263643463590979,0.11289377013606772,0.2792623263441701
2026-04-25,KCR,LAA,13.0,12.0,1.0,4.4,7.2,4.0,6.0,3.35,4.8,3.0,4.0,4.6,3.4,4.65,4.15,2026-04-25,Cole Ragans,0.2613333333333333,0.1897142857142856,0.2142064230026464,Walbert Ure\xc3\xb1a,0.2247474747474747,0.1414141414141414,0.2488612836438923,0.19990739333130636,0.1602542747107964,0.2058002049078412,0.21155540540623166,0.12037475684559097,0.20750850883571217,0.24640728552493255,0.08189632263161672,0.32686780610693655,0.23120799490664456,0.11400352468129273,0.2800303883314231
2026-05-08,KCR,DET,7.0,4.0,3.0,4.2,3.4,5.1,3.8,4.35,4.75,3.8,4.2,4.1,4.0,4.65,4.85,2026-05-08,Kris Bubic,0.2558393986965415,0.1179772608344036,0.2491753918510189,Keider Montero,0.1917272270213446,0.0532882150529209,0.1645705017656236,0.20251053294531554,0.09755114450766622,0.2355513441598347,0.2128433123688205,0.11461197692268495,0.21358932759871965,0.25631995631995624,0.10404966654966652,0.26721677932204246,0.22512656058136604,0.1175345499573188,0.23154026407737507
2026-05-18,KCR,BOS,4.0,1.0,3.0,3.2,4.4,3.4,4.3,4.55,4.15,1.8,3.2,3.0,3.1,3.7,3.55,2026-05-18,Seth Lugo,0.2144406157449635,0.0886239686239686,0.1649134559263795,Sonny Gray,0.1550092764378478,0.0596165739022881,0.1727205334348191,0.2154542920847268,0.10715745607049951,0.24625037717142978,0.21237700480095864,0.11176418383593109,0.21990755270685963,0.2757142857142857,0.13166666666666665,0.23196638938829608,0.23876705091423941,0.08993925806007465,0.23230803627055502
2026-05-19,KCR,BOS,8.0,1.0,7.0,2.4,3.8,3.4,4.3,4.3,4.05,2.2,3.0,2.3,2.9,3.75,3.4,2026-05-19,Luinder Avila,0.2585578529657477,0.1165622389306599,0.279181488801054,Ranger Suarez,0.2308266386391386,0.0669798604173604,0.2030504098119187,0.21079590699155912,0.09690900886553057,0.25525938618043875,0.21241676958189104,0.11092385857744445,0.22227058980324446,0.28238095238095234,0.11166666666666665,0.238534533887475,0.24219753919265985,0.08802565682475391,0.23243116822427168
2026-05-20,KCR,BOS,7.0,3.0,4.0,1.6,4.0,3.0,4.2,4.05,4.0,3.0,3.0,2.6,3.0,3.95,2.95,2026-05-20,Michael Wacha,0.2133758619265865,0.0802347527226754,0.1904517202600028,Connelly Early,0.2247473816123701,0.0942802239712994,0.1959259868339251,0.2274625736582258,0.09357567553219724,0.26495883973235135,0.21284363822987964,0.10934037847042177,0.2214146159062897,0.319047619047619,0.10166666666666666,0.2571638775168187,0.24687397934836833,0.0861917889742382,0.23428528079102792
2026-05-22,KCR,SEA,2.0,0.0,2.0,1.8,3.6,2.9,4.3,3.9,4.05,3.8,4.4,4.1,3.2,4.35,4.0,2026-05-22,Noah Cameron,0.1927492445155488,0.0750936513164773,0.2144518574932818,Logan Gilbert,0.2505957669756296,0.0494983164983164,0.2647248450794962,0.20329590699155914,0.1002423421988639,0.2802366175101291,0.21125343213194875,0.10848690423434666,0.22254187914371942,0.2479660471107839,0.10213859240175027,0.2550084290622883,0.2472108987503724,0.07381023654707863,0.24815293013252687
2026-05-24,KCR,SEA,14.0,8.0,6.0,2.0,3.2,2.6,3.8,3.45,3.85,2.8,2.4,3.9,3.4,3.9,3.65,2026-05-24,Seth Lugo,0.2129965541704672,0.0877615717615717,0.1650887770004082,Bryan Woo,0.2380063858347216,0.0520290429210968,0.2102282681016136,0.18155677655677654,0.0919419469419469,0.2628041850776967,0.20711120797249877,0.1081422412279691,0.22111948935658768,0.22652665317139,0.11138101664417452,0.24033057062308688,0.24651688982407605,0.07577907360296023,0.24805818878790714
2026-05-25,KCR,NYY,7.0,3.0,4.0,3.4,3.8,2.9,3.8,3.7,3.85,2.0,2.4,3.1,3.5,4.6,3.5,2026-05-25,Michael Wacha,0.2240382757339278,0.0802112774504078,0.1997084350264554,Will Warren,0.2799791305746346,0.0603151245936277,0.2370467783936404,0.15738095238095234,0.08424963924963921,0.2406366973929676,0.20587555287412654,0.10606258274281585,0.2208459713251944,0.24241389426744114,0.08187154061295936,0.23245756694254585,0.23190055333649912,0.07140147247614287,0.2470194714466637
2026-05-26,KCR,NYY,16.0,1.0,15.0,3.8,3.2,2.7,3.6,3.5,3.75,1.8,2.2,2.9,3.6,4.45,3.55,2026-05-26,Luinder Avila,0.2631625359695534,0.1147219901605866,0.2693253445427358,Cam Schlittler,0.3052835196441334,0.0478990735512474,0.2713078238870649,0.1399206349206349,0.06996392496392494,0.23331069006696029,0.2040875445389753,0.10406140193634762,0.22248458144532862,0.23605937921727396,0.08856050382366171,0.22760462576607526,0.23045510149408535,0.07292822583484677,0.24571301064645312
2026-06-09,KCR,TEX,8.0,5.0,3.0,5.0,4.0,4.4,5.1,3.5,4.8,4.6,3.4,4.8,3.3,4.95,4.0,2026-06-09,Stephen Kolek,0.182000909718301,0.0533902691511386,0.1771539125828688,Nathan Eovaldi,0.232237471634386,0.0541512795206109,0.2899421935147546,0.2593709150326797,0.08037581699346402,0.2989466722361459,0.21084955085791204,0.10175206565281321,0.23248640568354934,0.24048671486751977,0.04790809465732064,0.20634967320261435,0.20681881334683724,0.07905170867195377,0.21169787978988705
2026-06-11,KCR,TEX,6.0,2.0,4.0,5.0,4.2,4.9,4.7,3.65,4.75,3.8,3.6,5.0,3.3,4.7,4.25,2026-06-11,Michael Wacha,0.2075288949870889,0.0762747279971359,0.1967513931498703,Kumar Rocker,0.1859050128615345,0.0968130842587364,0.2060244935488921,0.2745296451914099,0.09640756302521006,0.2869864833022727,0.21278818070674005,0.10309753822512915,0.23259225592177077,0.23301918239998734,0.034726276475502464,0.1982485380116959,0.2043764607096182,0.07743822483099994,0.2094371941925979
2026-06-12,KCR,HOU,18.0,8.0,10.0,3.8,3.8,5.0,4.2,3.65,4.95,4.0,4.6,5.1,4.7,4.6,4.3,2026-06-12,Luinder Avila,0.2360040214916375,0.1256073189509721,0.2370884165406757,Tatsuya Imai,0.2127078235773887,0.1911590673818934,0.2715075637558475,0.2995296451914099,0.08807422969187674,0.27207420260051834,0.21701188393164092,0.10158139795711255,0.2316227619621369,0.31438760070339017,0.09668384247331613,0.26650808991470354,0.2279083663201245,0.10286313655976742,0.23171371639471938
2026-06-13,KCR,HOU,15.0,7.0,8.0,4.8,4.8,5.2,4.5,4.0,5.3,5.8,5.2,5.6,5.4,5.1,4.3,2026-06-13,Noah Cameron,0.2298170194003526,0.0614754776892457,0.2174351383042179,Mike Burrows,0.1919839324750431,0.0878076035785945,0.2248368645824731,0.27011788048552754,0.08807422969187673,0.2515384883148041,0.2155718140025379,0.10181423362184322,0.23098330164384506,0.3064510927668822,0.10239812818760183,0.26074510290171654,0.22671046176430784,0.10221918896234614,0.23027929968310545
2026-06-14,KCR,HOU,4.0,4.0,0.0,5.6,6.0,5.6,4.7,4.3,5.35,6.4,6.4,5.5,5.9,5.35,4.35,2026-06-14,Stephen Kolek,0.1746343201312145,0.0519742679680567,0.1843137432528486,Spencer Arrighetti,0.213211249975552,0.1256018176247008,0.23098063787939,0.26511788048552754,0.07640756302521007,0.2572527740290898,0.21534935951678733,0.10107403028438831,0.230540683048933,0.27101249627565416,0.09327532117005798,0.240704617071757,0.2244876312768406,0.1017254039304617,0.22868354017895978
2026-06-18,KCR,STL,20.0,14.0,6.0,4.8,4.6,4.8,4.7,4.35,5.5,4.0,3.8,5.3,3.8,4.6,3.9,2026-06-18,Noah Cameron,0.2159849409849409,0.056746594790073,0.2153613730866773,Matthew Liberatore,0.2086883440013547,0.0864757366784172,0.2095409399347034,0.19359010270774973,0.09779645191409896,0.21796268891291773,0.21046561035371775,0.10169165026901597,0.23163842241297142,0.21573163678426838,0.07310584152689412,0.22897743385646613,0.21628074453978455,0.09259391007885674,0.2194603538346246
2026-06-19,KCR,STL,11.0,6.0,5.0,6.2,4.2,5.9,5.1,4.9,5.6,3.4,5.4,5.4,4.9,4.9,4.3,2026-06-19,Seth Lugo,0.2005364442320964,0.0767191010048152,0.1711758314698537,Michael McGreevy,0.1678529234740414,0.0616209049749422,0.1735351660730865,0.1964472455648926,0.11017740429505134,0.23421268891291774,0.20892924348550945,0.10287544413844497,0.2327165767807985,0.21488274034963334,0.07429429653538308,0.21798016609690327,0.21462093133157067,0.09220394089765399,0.21777841358327849
2026-06-21,KCR,STL,22.0,10.0,12.0,6.6,5.2,5.9,5.1,5.15,5.1,3.6,5.6,5.2,5.5,5.1,4.5,2026-06-21,Stephen Kolek,0.1720357993455819,0.0502851767797419,0.1887745253462425,Dustin May,0.2247215022092432,0.0630934604242874,0.2044737514255931,0.1684252675429146,0.11072685484450188,0.22116005733397034,0.2071923202412669,0.10253396562245327,0.23070714813894586,0.19464464511153812,0.09096096320204974,0.20605708917382634,0.2128224710850195,0.09322397823695554,0.21684994216432948
2026-06-30,KCR,TBR,14.0,4.0,10.0,2.4,9.2,5.6,7.5,5.2,6.1,6.6,1.8,5.1,3.2,4.2,3.5,2026-06-30,Noah Cameron,0.214347442680776,0.0590569253612731,0.2157570354711671,Griffin Jax,0.2426031707448819,0.107516339869281,0.3047644528187992,0.1580723688076629,0.08741155902920608,0.18746214357979063,0.2042283196934731,0.09999163940713383,0.22637934159949752,0.2579659490835961,0.016025641025641017,0.1785552152765267,0.2215572599904517,0.0733331767949611,0.21688132556967696
2026-07-01,KCR,TBR,4.0,0.0,4.0,2.6,10.2,4.6,7.9,5.25,6.5,7.6,2.0,5.6,3.4,4.65,3.5,2026-07-01,Seth Lugo,0.1832818887030843,0.0804897206255901,0.163194256576526,Shane McClanahan,0.2361149321157397,0.0920578072062793,0.2470210500858476,0.1568818926171867,0.10169727331492036,0.16732325469090173,0.20280602573629503,0.10273683580626561,0.22502324477022237,0.2618620529797,0.025116550116550108,0.18510283432414576,0.22107263708591185,0.07354751721098708,0.21655931172707346
2026-05-01,LAA,NYM,7.0,3.0,4.0,4.0,6.8,3.4,4.9,4.9,5.1,3.0,5.0,3.6,4.8,2.85,5.3,2026-05-01,Walbert Ure\xc3\xb1a,0.2042748917748917,0.1655844155844155,0.2245247506117071,Huascar Brazob\xc3\xa1n,0.2160714285714285,0.0674603174603174,0.2943763616557734,0.22060371572871573,0.09898478835978833,0.25524181409239627,0.22550354178833992,0.11519365682021108,0.26854082450628164,0.32939137874621743,0.10485235630396919,0.3282698979422728,0.24385132480889937,0.0751519822118601,0.24281083505360432
2026-05-03,LAA,NYM,6.0,1.0,5.0,3.2,7.0,2.9,5.3,4.75,5.2,3.6,5.0,3.8,4.7,2.8,5.35,2026-05-03,Jack Kochanowicz,0.1634143366027423,0.122913677841214,0.2180633715011874,Clay Holmes,0.1793311358528749,0.0779838787085163,0.1993249718813628,0.22736842161106866,0.08653380796763147,0.2484878602422537,0.2255027567465806,0.11014766316642705,0.2696654114281391,0.32606218106218104,0.08109305109305107,0.3083306503943296,0.24655497412118052,0.07292831895426485,0.2453789774858213
2026-05-04,LAA,CHW,6.0,0.0,6.0,2.8,6.8,2.9,5.4,4.7,5.1,5.6,3.0,6.2,4.0,4.75,4.05,2026-05-04,Jos\xc3\xa9 Soriano,0.2927428161900211,0.0906479648715673,0.3018534002229654,Davis Martin,0.2315887614800658,0.0576093592397939,0.2007482113318349,0.2309398501824972,0.0948671413009648,0.258053077633558,0.22620267798239257,0.10938153945691008,0.2733892568159066,0.28174908424908424,0.08464868464868464,0.2540782198494964,0.21562665829525973,0.12263090611270011,0.21313295149486883
2026-05-06,LAA,CHW,10.0,8.0,2.0,2.0,4.6,3.0,5.6,4.3,5.05,4.8,2.0,5.3,3.5,4.95,3.8,2026-05-06,Walbert Ure\xc3\xb1a,0.2055251765778081,0.1640464798359535,0.21390551477508,Grant Taylor,0.3575091575091574,0.0715506715506715,0.2579333978714783,0.22476003965486063,0.083721523633608,0.25633590591638633,0.2294653042980543,0.10581920007381036,0.2736264741651969,0.31326423576423573,0.07252747252747252,0.25479779656907314,0.23049925135293048,0.11581807799532788,0.21721815789330204
2026-05-16,LAA,LAD,17.0,2.0,15.0,2.4,4.2,2.5,4.8,2.7,5.1,4.0,3.4,4.0,3.6,4.3,3.45,2026-05-16,Jos\xc3\xa9 Soriano,0.2786633697803113,0.0888281439255951,0.2905823750285448,Justin Wrobleski,0.1177768578695845,0.066694233248855,0.1448997389513704,0.2680806512328251,0.0865885925668534,0.25895501582000435,0.2355088942602665,0.1043164401480086,0.2701816477057061,0.2328034188034188,0.06116239316239316,0.23824304506946548,0.259242975271871,0.07731264185495348,0.2555711294874271
2026-05-19,LAA,ATH,20.0,6.0,14.0,1.4,7.2,1.8,6.3,2.7,5.85,3.0,5.0,3.6,4.0,4.3,4.45,2026-05-19,Reid Detmers,0.2489927767705545,0.0832552632552632,0.2282124224578826,Jack Perkins,0.2720779220779221,0.0539772727272727,0.2563428090227626,0.23627206127206124,0.10101565101565099,0.24458549989769338,0.23354332768523914,0.10559008449467992,0.26640470515493847,0.26554038281979453,0.053411531279178324,0.27661921647340526,0.22175716826004035,0.09012713779064944,0.26401789865412856
2026-05-23,LAA,TEX,7.0,5.0,2.0,4.0,9.2,3.2,6.7,2.95,6.4,7.0,4.0,4.9,3.6,4.05,3.8,2026-05-23,Walbert Ure\xc3\xb1a,0.2038708732787679,0.1361343335027545,0.2394979001976284,Nathan Eovaldi,0.2376467761975008,0.0529796165544957,0.2897389140685467,0.17056043371832846,0.1091752545699914,0.19552285016570728,0.22414956358015392,0.1050829621284996,0.25706482504580963,0.22107749147404315,0.10202598700649672,0.2693939916664027,0.20350021461048468,0.08691936857584201,0.2153441056880294
2026-05-24,LAA,TEX,3.0,2.0,1.0,4.6,6.6,3.1,6.8,3.15,5.9,5.8,5.0,5.1,4.0,4.0,4.05,2026-05-24,Reid Detmers,0.2537231287231287,0.0823371443371443,0.2348029449179766,MacKenzie Gore,0.2662495709746349,0.1262597181164955,0.2279025679882473,0.1999721984242108,0.09786303737542125,0.215612135879993,0.22546971609861938,0.10532002055670771,0.25870039438456793,0.1970774914740432,0.11231170129221099,0.2423669646393757,0.1995100143240046,0.08801618767939694,0.21112167224316608
2026-06-01,LAA,COL,17.0,8.0,9.0,5.6,4.2,6.0,5.0,3.9,5.65,5.8,9.4,4.1,7.0,3.8,6.5,2026-06-01,Jos\xc3\xa9 Soriano,0.2661556469933531,0.1045484583715467,0.2988567970318499,Kyle Freeland,0.1913123913123912,0.07000962000962,0.2043454410576225,0.21689722042663218,0.15617036558213027,0.24527843564481494,0.22737016379824404,0.11313204080680074,0.2599192543138375,0.1444513819513819,0.079021645021645,0.19258316435393508,0.20871700218331837,0.07600686602918175,0.2404294912012769
2026-06-02,LAA,COL,10.0,2.0,8.0,7.2,5.2,6.2,4.5,4.3,6.0,6.4,8.0,4.9,7.6,4.25,6.6,2026-06-02,Grayson Rodriguez,0.2178780284043441,0.1252464494569757,0.1841832963784183,Tomoyuki Sugano,0.1289735297640435,0.067708042213971,0.1528033641514478,0.22317741366334715,0.15254717717633315,0.2583598309936522,0.2264938175634902,0.11341569231174983,0.2598519543003053,0.13254662004662,0.07187878787878785,0.18431248766220576,0.20646637217094546,0.07827373239404292,0.24117186488181805
2026-06-03,LAA,COL,15.0,11.0,4.0,6.2,6.6,5.5,4.7,4.35,5.7,7.8,7.6,5.4,7.6,4.6,6.55,2026-06-03,Walbert Ure\xc3\xb1a,0.2084144243755227,0.1334894066015347,0.2520634364371725,Michael Lorenzen,0.1450151947643586,0.0672391989281621,0.1921003974845482,0.23876182924776268,0.15449522912438513,0.27284962691201947,0.22650638062331663,0.11305268261170694,0.2596107608306822,0.1556235431235431,0.07187878787878785,0.18473983808955616,0.20685835376124037,0.0770112528393003,0.23914303827702446
2026-06-09,LAA,HOU,11.0,10.0,1.0,5.6,5.4,6.4,5.3,5.05,5.9,6.0,4.4,5.4,4.0,4.75,3.85,2026-06-09,Walbert Ure\xc3\xb1a,0.2159828100383539,0.1327176423650315,0.259451608882278,Kai-Wei Teng,0.2395967813015867,0.0993628669830042,0.2160796090283611,0.26109596885894215,0.12608531098012163,0.24717048884064002,0.2339865841853088,0.11185186124639411,0.2621404756921579,0.35203533308796464,0.08291457080930763,0.250884651633844,0.23172666755301305,0.10222964310930181,0.23130265937184605
2026-06-12,LAA,TBR,7.0,4.0,3.0,7.2,4.0,6.7,5.3,5.55,5.65,3.6,3.4,4.0,4.4,4.45,4.85,2026-06-12,Sam Aldegheri,0.1818181818181818,0.0817550505050505,0.2776747062461348,Shane McClanahan,0.2408746592967214,0.0858408471448584,0.2468148946676306,0.2901557979187713,0.09728189217670283,0.26898867065882187,0.2368662001026428,0.10957596188659524,0.263501357819658,0.23470686743596958,0.07500757575757575,0.22662317769214319,0.21399644017970262,0.08067162883169852,0.2237612811527548
2026-06-13,LAA,TBR,8.0,8.0,0.0,5.8,3.8,6.6,4.8,5.65,5.05,3.6,3.4,3.8,4.6,4.3,4.9,2026-06-13,Jos\xc3\xa9 Soriano,0.2505672741424508,0.1149039696094739,0.2977367615220651,Griffin Jax,0.2377802795759452,0.1201066391468868,0.3048557022932427,0.2964715873924555,0.09307136586091334,0.29792955735832927,0.23724179574027424,0.11026623010024539,0.26534929760590775,0.23372647527910678,0.0805631313131313,0.22476641376641374,0.21327932239920205,0.08029108226690848,0.22270196104204873
2026-06-14,LAA,TBR,11.0,3.0,8.0,7.4,3.6,6.0,4.5,6.0,4.55,3.4,4.2,2.9,4.4,3.5,5.0,2026-06-14,Grayson Rodriguez,0.207298245614035,0.111719298245614,0.1895437942521717,Ian Seymour,0.2604216770883437,0.0788680455347122,0.3007162687864442,0.29783028304462944,0.09252788760004378,0.29542508508641513,0.236541207067876,0.11047374798615743,0.26486225441102496,0.2502979038505354,0.08208694083694082,0.220036684036684,0.2143604412546511,0.08051417201274708,0.22310939445933156
2026-06-22,LAA,BAL,7.0,1.0,6.0,4.8,4.0,5.2,3.6,5.8,4.45,5.0,3.0,4.5,4.0,5.2,4.25,2026-06-22,Sam Aldegheri,0.1617300827827143,0.104628680286575,0.2213277295277837,Kyle Bradish,0.2400281379777946,0.1189977278138986,0.2426389064505603,0.21018334433261837,0.13336784359016662,0.2464793332440391,0.23348862342289292,0.11258759248198404,0.2613466711645163,0.20617639670271246,0.09768129531287424,0.26930807280332203,0.21767622818377405,0.08133128118196895,0.26182891042012874
2026-06-23,LAA,BAL,6.0,5.0,1.0,3.6,5.2,4.3,4.1,5.5,4.7,5.2,2.6,4.4,3.6,5.2,4.05,2026-06-23,Ryan Johnson,0.115047619047619,0.1242770562770562,0.2284202655917298,Shane Baz,0.1983966569828638,0.0861134842169324,0.1991284660720737,0.23386755485893418,0.11757836990595609,0.25854497030967616,0.23682001563010674,0.11118024757595923,0.2644987566938788,0.21012376512376513,0.0924181374181374,0.27700038049562975,0.21808027533147686,0.08031464016719433,0.2627227157065438
2026-06-26,LAA,ATH,12.0,3.0,9.0,4.4,3.8,4.4,3.9,5.5,4.35,3.6,5.4,5.2,7.0,5.0,6.3,2026-06-26,Walbert Ure\xc3\xb1a,0.2191055412206115,0.1239210047153819,0.2532531274758271,J.T. Ginn,0.2075273736399055,0.1052582422787026,0.2525890590998381,0.2714393939393939,0.11068181818181815,0.2731303848950908,0.239173998988722,0.10999292446435047,0.2648578304140471,0.2545092838196287,0.08824270557029174,0.27071778482260334,0.2373759639308255,0.08501649592757235,0.26651030106029794
2026-06-27,LAA,ATH,7.0,5.0,2.0,5.0,4.6,3.9,4.8,4.95,4.65,5.4,4.6,5.2,5.0,5.05,5.8,2026-06-27,Reid Detmers,0.2730957785169741,0.0748245293353988,0.243668643810738,Jack Perkins,0.2593102525433352,0.0709113150842474,0.2576727389400661,0.29921717171717177,0.09068181818181817,0.29063038489509074,0.23963910475726485,0.10866770850694867,0.2637752059512273,0.27566312997347475,0.10298629531388148,0.28658316943798795,0.2401434021728951,0.08681591240709899,0.26707807512128195
2026-06-28,LAA,ATH,5.0,4.0,1.0,4.6,5.0,4.1,4.2,5.1,4.5,4.4,3.8,4.3,5.3,5.05,6.0,2026-06-28,Sam Aldegheri,0.1590339485076326,0.0964844470483567,0.2190135117564153,Aaron Civale,0.1586317002704962,0.0628015796912117,0.1814393235993257,0.30017871017871023,0.09356643356643354,0.29211921864198903,0.24136501285081388,0.1092055471419392,0.264475270703728,0.27899646330680816,0.09743073975832592,0.28907185722079337,0.23965384848785978,0.08575718176798802,0.2666352843365008
2026-04-24,LAD,CHC,10.0,4.0,6.0,4.4,3.6,4.6,2.6,5.75,3.45,7.0,2.6,7.0,4.0,5.6,3.6,2026-04-24,Emmet Sheehan,0.2280693843193842,0.0942009379509379,0.2836500821506941,Jameson Taillon,0.2153205128205128,0.0879807692307692,0.2734831871345029,0.2705269584216953,0.054548872180451125,0.2578634924961761,0.2549813559333683,0.08251381538997636,0.2545313542958615,0.1893120521119747,0.09694769046742731,0.19861625937719246,0.21180673093302652,0.08952378400005939,0.2146813155067063
2026-04-25,LAD,CHC,16.0,12.0,4.0,4.0,3.0,4.6,3.2,5.9,3.55,5.8,2.6,7.6,4.2,5.75,3.5,2026-04-25,Roki Sasaki,0.2008124725516029,0.1399319279754062,0.2631164587046939,Colin Rea,0.2198501498501498,0.0485714285714285,0.2203254110230854,0.29052695842169524,0.06121553884711778,0.28286349249617615,0.2528666883974695,0.08190430966984906,0.25435707143832836,0.19417035170711638,0.08115821678321677,0.2070013525448943,0.20957747796814677,0.08608056153851865,0.2146661000751297
2026-04-26,LAD,CHC,6.0,6.0,0.0,4.0,3.2,5.6,3.5,5.85,3.45,5.8,4.6,7.3,4.8,5.6,4.0,2026-04-26,Justin Wrobleski,0.0990833574809233,0.0623249299719887,0.1257037297677691,Shota Imanaga,0.3081707765918292,0.0560176665439823,0.2692237994563575,0.23052695842169527,0.06788220551378443,0.23316652279920644,0.2583160703086743,0.08133995252158305,0.2561597837195126,0.1847953517071164,0.0863665501165501,0.20739551888308902,0.20644497878414134,0.08597881234573401,0.21188346243238157
2026-04-27,LAD,MIA,9.0,5.0,4.0,5.0,2.6,5.4,3.3,5.65,3.2,4.2,4.4,4.1,4.5,4.25,4.75,2026-04-27,Yoshinobu Yamamoto,0.2253246753246753,0.0388528138528138,0.2648623567831503,Tyler Phillips,0.2434027777777777,0.1636047979797979,0.3336309523809524,0.21642439431913116,0.0845488721804511,0.22240097255997196,0.2550428773214598,0.08438733516962174,0.2545300170077255,0.2400513212277918,0.11904262404262403,0.23169704463182722,0.2728473293015776,0.11465455493233269,0.2823367443365945
2026-04-28,LAD,MIA,3.0,1.0,2.0,6.0,2.8,5.2,3.6,5.5,3.1,4.4,4.4,4.0,4.4,4.35,4.6,2026-04-28,Shohei Ohtani,0.2757740447957839,0.0657526350461132,0.2983559142720633,Tyler Phillips,0.2719135802469135,0.1454264870931537,0.2965608465608466,0.22356725146198828,0.0845488721804511,0.2545748856034502,0.26348967465520257,0.08640353543470868,0.26374412436727923,0.24414339283904493,0.13643392839045013,0.24613502912795124,0.2708667569818008,0.1167709295232587,0.27889780745414133
2026-04-29,LAD,MIA,5.0,2.0,3.0,5.6,3.2,5.0,3.4,4.85,3.1,4.0,4.4,3.9,3.9,4.1,4.2,2026-04-29,Tyler Glasnow,0.3158405797101449,0.0583623188405796,0.2729163488431222,Sandy Alcantara,0.1591087675765095,0.0836324786324786,0.2416891176501564,0.23190058479532163,0.0845488721804511,0.2665953459615065,0.26581779661114024,0.08352341758688506,0.264756575123664,0.21232521102086316,0.11825211020863194,0.2187025966955188,0.26152652398242837,0.1127443457465946,0.2710047796108951
2026-05-08,LAD,ATL,4.0,3.0,1.0,5.4,2.2,4.3,2.7,4.95,3.1,5.6,3.4,5.3,3.5,5.7,3.6,2026-05-08,Emmet Sheehan,0.2820967612634279,0.0697450697450697,0.3128905724255715,Chris Sale,0.2955137074130208,0.0720880223985813,0.2550511095265948,0.2918921356421357,0.06712662337662337,0.26942042778282277,0.26739068256096116,0.07749851221213448,0.25974374157446134,0.3259733378077031,0.06572378344050168,0.29282533524925325,0.27935117190759196,0.0592083224110273,0.2687572130855475
2026-05-10,LAD,ATL,9.0,2.0,7.0,5.2,3.0,3.7,3.1,4.45,3.35,3.2,3.0,5.0,3.6,5.5,3.45,2026-05-10,Justin Wrobleski,0.1030926086909859,0.0729079780060172,0.1296557560493261,Bryce Elder,0.2343990550512289,0.0838207937392719,0.2090100995837939,0.2714476911976912,0.055285353535353535,0.24922091018742418,0.2655301917173791,0.07842451443487401,0.2600202232955215,0.28819640885430353,0.06698428764218235,0.2627387551626732,0.26716932759792666,0.058033620576190215,0.2594860190979368
2026-05-12,LAD,SFG,8.0,2.0,6.0,4.4,5.2,3.9,4.2,4.25,3.5,4.6,6.6,2.9,5.3,3.35,4.35,2026-05-12,Yoshinobu Yamamoto,0.234445161463795,0.0577727138286144,0.2626269086417611,Adrian Houser,0.1093643875043024,0.0675657743392297,0.1768168738245138,0.21787626262626264,0.0719520202020202,0.23074458685176583,0.25461001976368586,0.07866396901528666,0.25776402293681455,0.11491451430070354,0.11392512857986001,0.15556711517113664,0.2117950830698582,0.10491421624862916,0.23565342762400399
2026-05-13,LAD,SFG,4.0,4.0,0.0,2.4,6.0,3.9,4.1,3.75,3.65,4.8,5.0,3.5,4.8,3.5,4.05,2026-05-13,Shohei Ohtani,0.2906869700347961,0.0623536085492607,0.2948216041523148,Robbie Ray,0.2586520363694276,0.1008724970681492,0.2537485001051648,0.2222031857031857,0.06570202020202019,0.23817212308364985,0.2540423819304845,0.07679101737206555,0.2585712287399063,0.12681927620546546,0.1282108428655743,0.1734242580282795,0.21355506408520175,0.10581761926311757,0.23429433240846648
2026-05-14,LAD,SFG,7.0,5.0,2.0,2.6,5.8,4.1,3.8,3.9,3.5,4.6,4.8,3.3,4.9,3.35,4.25,2026-05-14,Emmet Sheehan,0.291797223940081,0.066924345495774,0.3007733728560037,Landen Roupp,0.2951164596273292,0.1114564642282033,0.2362087601454979,0.23470318570318568,0.053202020202020195,0.2548387897503165,0.2539483730483802,0.0750051797587617,0.25643391334285415,0.11912696851315774,0.11346725312198454,0.18235671990191785,0.208588667246011,0.10529472889265747,0.2322909327745056
2026-05-26,LAD,COL,21.0,15.0,6.0,5.2,2.4,6.2,2.0,5.2,2.95,2.4,4.6,3.3,5.4,3.45,5.95,2026-05-26,Eric Lauer,0.1525717155651366,0.1026996030285503,0.1492215762356427,Kyle Freeland,0.1924991674991674,0.0787608225108224,0.2100022575534617,0.29145930823562394,0.07057876334192123,0.27624308315797674,0.26359950228586276,0.07464834005640678,0.25979794639486103,0.16868941197492127,0.10917836646853862,0.2133769521261108,0.21298249903666214,0.07893861969023684,0.24516682603214549
2026-05-27,LAD,COL,5.0,4.0,1.0,7.4,3.6,7.1,2.6,5.55,3.1,3.4,7.2,3.5,6.7,3.45,6.15,2026-05-27,Shohei Ohtani,0.2827925554613197,0.0695384857641722,0.2904019173999503,Tomoyuki Sugano,0.1268708827404479,0.0694788464353681,0.1580837005665926,0.27351059028690605,0.06074970351286139,0.2676536426536426,0.26183708709278647,0.07430119852002766,0.25776795006310266,0.16467871678775547,0.09607676219046375,0.20794932054716347,0.2116143050603581,0.07834068979317091,0.24357902556728575
2026-05-29,LAD,PHI,6.0,4.0,2.0,8.0,2.8,6.0,2.5,5.7,3.05,2.8,1.2,3.0,2.4,3.7,2.4,2026-05-29,Justin Wrobleski,0.1314902626734945,0.0654060560596508,0.1503310110639793,Zack Wheeler,0.2602814201364926,0.0607625948930296,0.2230531037739275,0.2881259749022907,0.037672780435938316,0.2758787508787509,0.2625185676804153,0.0729743914035986,0.25803508082496285,0.27988011988011985,0.05359640359640357,0.2701782021767772,0.2706924993842565,0.07166148775313443,0.23835217072670983
2026-05-30,LAD,PHI,7.0,3.0,4.0,6.6,2.6,5.4,2.6,5.3,3.05,2.6,2.0,2.6,2.8,3.75,2.6,2026-05-30,Roki Sasaki,0.212854241839749,0.0909828228668808,0.2518381574478827,Jes\xc3\xbas Luzardo,0.2772380591155294,0.0691365566069123,0.3026696069358774,0.2702688320451478,0.037672780435938316,0.26019247636894693,0.2622989436860221,0.0716941389228337,0.25660412481461775,0.27988011988011985,0.05359640359640357,0.23171666371523872,0.26840972516055805,0.07038181832897131,0.23409588196373288
2026-05-31,LAD,PHI,10.0,9.0,1.0,6.2,3.2,5.7,2.9,5.3,3.2,3.2,2.0,2.5,2.7,3.5,2.7,2026-05-31,Yoshinobu Yamamoto,0.2379919549049984,0.0518369110760414,0.2523592442124981,Andrew Painter,0.1895123034859876,0.0716172248803827,0.1977506473878424,0.29693549871181446,0.04433944710260498,0.3053537666915276,0.26237424925465386,0.0716074583666929,0.259966345132052,0.27988011988011985,0.04590409590409589,0.24397720011370616,0.267749365609833,0.06914704958635778,0.23603854344168312
2026-06-05,LAD,LAA,1.0,1.0,0.0,5.0,2.6,5.6,2.9,5.9,2.4,7.4,5.8,6.1,4.9,4.6,5.85,2026-06-05,Roki Sasaki,0.2265688176557741,0.0868845405801927,0.2619484593501533,Reid Detmers,0.2834649261098536,0.0794838521650115,0.2579326226569654,0.2328579753579753,0.06317210567210566,0.2417484504391525,0.2571320081488886,0.07401160983757178,0.25576571867270936,0.22473467992649576,0.14273052324203217,0.2532894417268343,0.22535304369034578,0.11125819558612429,0.2578415130103245
2026-06-06,LAD,LAA,11.0,9.0,2.0,3.4,2.4,5.2,2.6,5.7,2.3,4.6,5.4,5.9,4.9,4.5,5.55,2026-06-06,Yoshinobu Yamamoto,0.2576786366904944,0.0553889274245005,0.2570148973360373,Jack Kochanowicz,0.157118323504193,0.1223915831886846,0.221920371253523,0.24649433899433895,0.06317210567210566,0.24841511710581915,0.2609268205215622,0.07285517843385972,0.25801937931844826,0.22473467992649576,0.1371749676864766,0.22944328788068047,0.22704023571601747,0.11125589739120222,0.2585002393695382
2026-06-07,LAD,LAA,18.0,5.0,13.0,5.0,2.0,4.6,2.2,5.85,2.4,4.6,6.2,5.1,5.2,4.5,5.85,2026-06-07,Emmet Sheehan,0.2622052921460036,0.0593317420392518,0.280348395851656,Jos\xc3\xa9 Soriano,0.2641436741477105,0.1180447308045047,0.3069643756562411,0.25482767232767234,0.05761655011655009,0.2536003022910044,0.2607587155904612,0.07173432953487727,0.2571267734827798,0.21244589344416087,0.12780476799369628,0.2129900859102371,0.22751753233775615,0.1110331019474666,0.25770633648268587
2026-06-15,LAD,TBR,7.0,4.0,3.0,5.8,6.0,5.8,5.1,5.85,3.9,4.4,4.6,3.7,3.9,3.7,5.1,2026-06-15,Eric Lauer,0.1547629005762976,0.0833683063348135,0.1450965493555484,Steven Matz,0.1615406869818634,0.1010231163172339,0.1771015389862138,0.2744707614367057,0.0792155677140197,0.22004985473463737,0.25883794194520454,0.07469394472200198,0.2505696048749971,0.2672676008202324,0.08723845598845596,0.22776395676395672,0.21566440981017537,0.08155830406425302,0.22464120817717562
2026-06-16,LAD,TBR,1.0,1.0,0.0,5.0,4.8,6.0,5.1,5.8,4.0,4.2,4.8,3.8,3.6,3.6,5.15,2026-06-16,Justin Wrobleski,0.1490835355144376,0.056991049981246,0.1646750529573373,Drew Rasmussen,0.2719695191663155,0.0483017465626161,0.2161178122178803,0.27097425794020225,0.07152326002171203,0.2138297590408574,0.25902820675043836,0.07367073999978278,0.25002106666834606,0.27875085440874914,0.09632936507936504,0.21506554406554407,0.21649140782346665,0.08169382271417822,0.22299584445158047
2026-06-17,LAD,TBR,9.0,5.0,4.0,3.6,3.6,6.0,5.1,5.6,3.85,2.8,4.0,3.2,3.7,3.4,5.1,2026-06-17,Shohei Ohtani,0.2794168019546956,0.0803335641321552,0.2876235103684913,Shane McClanahan,0.2479868649918454,0.082900708719796,0.2512405047768096,0.2543075912735355,0.08263437113282313,0.21132975904085743,0.26003233008263965,0.07417669096074667,0.2517099711728279,0.24958418774208244,0.08382936507936505,0.19697030597030596,0.2181605781878933,0.08052676810397566,0.22266733238798647
2026-06-19,LAD,BAL,11.0,6.0,5.0,4.2,2.8,5.6,5.3,5.1,3.75,2.2,4.6,3.9,4.5,5.05,4.3,2026-06-19,Roki Sasaki,0.2366334350030001,0.0899400157008852,0.2643542125790284,Trey Gibson,0.1310173160173159,0.1283618136249714,0.1756060084852654,0.24597425794020222,0.09930103779948979,0.21990118761228597,0.2587874545704267,0.0754098906368256,0.25216336203338063,0.20454469507101086,0.09200918964076857,0.27124961060444924,0.21801307761960553,0.08087142018989825,0.26226880047608675
2026-06-20,LAD,BAL,5.0,2.0,3.0,4.0,3.6,5.7,4.5,5.2,3.95,2.6,4.0,4.0,4.5,4.75,4.5,2026-06-20,Yoshinobu Yamamoto,0.2498131089769885,0.0468675539745773,0.2515015200323631,Trevor Rogers,0.164112103677321,0.0803332335941031,0.2090052984750482,0.2451645413410119,0.09646702970232379,0.20509417006842634,0.2594309394799251,0.07542980098269733,0.25023046461050374,0.20454469507101086,0.09200918964076857,0.25857018476712873,0.21878924255672466,0.08126414344861531,0.2619385836551396
2026-06-21,LAD,BAL,13.0,1.0,12.0,3.6,3.0,4.7,4.5,5.1,4.0,2.8,3.4,4.0,4.1,4.85,4.5,2026-06-21,Emmet Sheehan,0.2682640628292801,0.0709608024825415,0.2850200712151375,Brandon Young,0.1594189684141836,0.0897892042389649,0.1998377043050266,0.2368312080076786,0.09884798208327618,0.22384417006842633,0.2614729619109218,0.0766146953422294,0.2518508481869907,0.22070631123262702,0.10110009873167766,0.2803918166456866,0.2194807557640394,0.0813877966211855,0.26385943137600126
2026-05-02,MIA,PHI,4.0,4.0,0.0,3.4,4.0,4.0,3.9,4.15,4.2,4.2,3.6,3.1,4.4,3.35,5.4,2026-05-02,Max Meyer,0.2501725327812283,0.090407177363699,0.2728036430626624,Andrew Painter,0.2086466165413533,0.0543859649122806,0.1861091591335493,0.20965232834798048,0.11069577765229936,0.2294718274647496,0.25768740643647825,0.11606028564303457,0.2715106747228473,0.2235835243188184,0.059102368220015265,0.19343187565436776,0.25100724258430496,0.07101980961482735,0.22122803194089596
2026-05-03,MIA,PHI,9.0,2.0,7.0,3.6,2.8,3.9,3.6,4.0,4.0,3.6,3.4,3.0,4.5,3.05,5.4,2026-05-03,Tyler Phillips,0.2447222222222222,0.1308838383838383,0.278015873015873,Jes\xc3\xbas Luzardo,0.2841017664568389,0.0633445566778899,0.3193896471386794,0.22119078988644203,0.11069577765229936,0.19994801794094005,0.2652596749853383,0.11243340171668974,0.26719263280442496,0.23251209574738985,0.055530939648586686,0.1973792440754204,0.24989446899949921,0.07536120066546029,0.22209990976086882
2026-05-04,MIA,PHI,1.0,0.0,1.0,3.2,3.2,3.8,3.8,3.7,4.3,4.6,2.6,3.5,4.3,3.4,5.2,2026-05-04,Lake Bachar,0.3124899791566458,0.1227553310886644,0.3370439988861041,Aaron Nola,0.2488801054018445,0.0938603425559947,0.2467217241061701,0.20721563460693893,0.10355292050944223,0.201261338766456,0.2638091182993531,0.10902632893739611,0.26648686935654514,0.2143302775655717,0.05250063661828366,0.1786292440754204,0.24254463167598453,0.07314469476353498,0.21556755947378445
2026-05-05,MIA,BAL,16.0,7.0,9.0,2.8,3.2,3.4,3.8,3.7,4.25,3.0,10.0,4.4,8.1,4.75,6.4,2026-05-05,Sandy Alcantara,0.1575429648010293,0.0822669922669922,0.2314208609508079,Chris Bassitt,0.1126911976911976,0.1064141414141414,0.1963783545702951,0.1788502499915543,0.09730292050944224,0.19350271807680083,0.2605749134624943,0.10581967220394328,0.2637200141726305,0.1465575927340633,0.08768971224853576,0.2210673262824569,0.24180236984991516,0.08654644844074298,0.28175932380331886
2026-05-06,MIA,BAL,11.0,4.0,7.0,3.6,4.6,3.2,4.3,4.0,4.4,3.8,9.2,4.3,8.5,4.9,6.65,2026-05-06,Eury P\xc3\xa9rez,0.2431938431938431,0.1060331203188345,0.2602733222548337,Brandon Young,0.1118518518518518,0.077037037037037,0.1649501661129567,0.18996136110266543,0.10008069828722002,0.19155369258954447,0.2610664238715024,0.10597085617271951,0.263081708348979,0.17322425940072997,0.08935637891520243,0.23386925864960667,0.2448078595763064,0.08692015820627791,0.2847351450556958
2026-05-08,MIA,WSN,5.0,2.0,3.0,3.4,5.4,3.5,4.1,3.8,4.3,5.8,4.8,5.3,4.9,5.1,5.75,2026-05-08,Tyler Phillips,0.2434537684537684,0.1189853076216712,0.2818326118326118,Foster Griffin,0.2000808715094429,0.0857808857808857,0.1931207122324721,0.21579469443599875,0.08049736495388668,0.21267257370842557,0.2574276982568266,0.10542288196518512,0.26350859011276506,0.17945124174071542,0.055954887218045105,0.18619613136282226,0.17290705524151684,0.09408248046750917,0.20906930149152536
2026-05-09,MIA,WSN,15.0,8.0,7.0,3.4,4.6,3.3,3.9,3.65,4.15,6.2,4.4,5.2,4.6,4.85,5.55,2026-05-09,Lake Bachar,0.2955266955266955,0.1104797979797979,0.3233395989974937,Zack Littell,0.1136590117956577,0.0807357239034257,0.1197619167006921,0.22072223066788282,0.07643939393939392,0.23406792254563488,0.257670829004454,0.10615736752750482,0.2671004693203239,0.16278457507404873,0.0684548872180451,0.1720084883422273,0.17488379741481128,0.09487523737859868,0.20816785897836473
2026-05-10,MIA,WSN,7.0,5.0,2.0,5.0,5.8,3.9,4.5,3.9,4.2,7.0,5.6,5.9,4.6,4.95,5.15,2026-05-10,Sandy Alcantara,0.1628500942009006,0.0869836182336181,0.2279169821455162,PJ Poulin,0.1557644110275689,0.1486842105263158,0.1584325031693452,0.23500794495359711,0.07643939393939392,0.2563406498183622,0.2547268883340101,0.10343538374474828,0.26724474633075845,0.15673618797727454,0.06240650012127089,0.17224140759688567,0.17212460570524746,0.09411625966994017,0.20519580536104848
2026-05-18,MIA,ATL,12.0,12.0,0.0,3.0,6.0,3.8,5.2,3.5,4.75,3.8,1.8,3.8,2.1,4.95,2.8,2026-05-18,Lake Bachar,0.2884714491857348,0.0993223046794475,0.3231337271750805,JR Ritchie,0.1812037037037036,0.1626851851851851,0.1972084889767816,0.20445238095238097,0.10328571428571424,0.2241422466422466,0.24715975315274769,0.10580080671526795,0.254826294160087,0.24798143033437148,0.06186751973516678,0.24101035196687368,0.2715282021808271,0.05926081097100791,0.26284354995082493
2026-05-19,MIA,ATL,12.0,4.0,8.0,5.4,5.4,4.6,4.5,4.0,4.45,2.8,3.8,3.5,3.1,4.6,3.3,2026-05-19,Lake Bachar,0.2692400192400192,0.0927008177008177,0.3082581453634085,Mart\xc3\xadn P\xc3\xa9rez,0.2950477397845818,0.0578609499662131,0.2507676728959183,0.2117251082251082,0.10570995670995668,0.21805250305250304,0.24770374293092906,0.10548396169811525,0.25383708222760293,0.23282991518285634,0.08080691367456072,0.23742060837713005,0.269659243423272,0.06370802892426343,0.2622287537712939
2026-05-20,MIA,ATL,10.0,1.0,9.0,4.4,6.0,4.6,5.0,4.05,4.55,3.6,4.4,4.2,3.2,4.75,3.35,2026-05-20,Tyler Phillips,0.2250152625152625,0.1144119769119769,0.2816207998350855,Chris Sale,0.2942061345722673,0.0649573507544521,0.261865148679415,0.21409069962295768,0.10850565563468786,0.19728327228327225,0.2485916353833089,0.10664659421650129,0.25255521993760477,0.25047697400638574,0.09257161955691366,0.26155853941161283,0.26775743413372144,0.06480882545281988,0.26180325492585577
2026-05-21,MIA,ATL,12.0,3.0,9.0,4.4,6.0,4.5,5.6,3.9,4.75,5.4,4.2,5.0,3.0,4.9,3.3,2026-05-21,Sandy Alcantara,0.1627800753607205,0.0779202279202278,0.2134382368792037,Spencer Strider,0.3063213589529379,0.1750208855472013,0.3062330623306233,0.2185549853372434,0.11475565563468786,0.18786768786768784,0.24734486731426178,0.1057456433141237,0.2510453466444175,0.24333411686352863,0.10209542908072318,0.2448918727449462,0.26240228545104705,0.0668459822770968,0.25656718982733867
2026-05-22,MIA,NYM,3.0,2.0,1.0,4.6,6.4,4.0,5.8,3.95,5.15,4.0,5.2,4.3,4.5,4.2,4.25,2026-05-22,Eury P\xc3\xa9rez,0.2489748206704728,0.1244478219043436,0.2573154292739159,Sean Manaea,0.2610963683719102,0.1100144970268809,0.244152306027306,0.23855498533724337,0.11142232230135451,0.19227945257357018,0.25039796996797653,0.10496406378117457,0.25190679265270566,0.21581571581571576,0.08210466710466707,0.21947219523067646,0.24906149156553262,0.07818493706206135,0.24166190109417637
2026-05-23,MIA,NYM,5.0,4.0,1.0,4.4,5.4,3.7,5.7,3.9,5.1,3.8,4.6,4.2,4.1,4.1,4.15,2026-05-23,Max Meyer,0.2652550348202521,0.0843789865528995,0.2907255450688827,Freddy Peralta,0.2302202563941694,0.1065777024907459,0.2589360473413629,0.2685549853372434,0.09142232230135452,0.2218847157314649,0.25529212741958485,0.10486672919722995,0.2552233777296908,0.20807762057762055,0.07198561948561946,0.2168020832582389,0.24826290022764633,0.07746889254450458,0.2414833959655628
2026-05-24,MIA,NYM,4.0,4.0,0.0,2.8,5.6,4.1,5.5,3.85,4.85,2.8,4.8,4.2,4.3,4.1,4.2,2026-05-24,Tyler Phillips,0.2211253561253561,0.1123400673400673,0.2755444925444925,Huascar Brazob\xc3\xa1n,0.201360544217687,0.0829931972789115,0.2823805279687632,0.2727216520039101,0.08308898896802121,0.2205860144327636,0.25759420189228516,0.10285006132805245,0.25443611497115276,0.18307762057762056,0.05698561948561946,0.21877576746876523,0.24348861368480698,0.07597910614941795,0.23924333065853276
2026-06-05,MIA,TBR,6.0,0.0,6.0,4.0,4.6,3.8,3.6,3.75,4.65,3.8,8.2,3.4,6.7,4.75,4.7,2026-06-05,Tyler Phillips,0.2154187315952021,0.109277650454121,0.2770375280236872,Drew Rasmussen,0.2349860157640478,0.0532960035133948,0.2083412528231514,0.24068778443778438,0.08519952269952268,0.24564236207848156,0.2548673603673657,0.10000320025893476,0.25301776773039936,0.1507094479980467,0.100012987012987,0.18109022519980786,0.20593895924968994,0.0792132223132991,0.22433996316107818
2026-06-06,MIA,TBR,7.0,4.0,3.0,3.8,4.6,3.4,4.1,3.75,4.8,4.4,5.4,3.6,6.5,4.9,4.7,2026-06-06,Lake Bachar,0.2862876889192678,0.0838174982911825,0.3168705404197891,Shane McClanahan,0.2409541737782415,0.0863718332489364,0.2525062008814344,0.23634604774310652,0.08267851429616133,0.25829058342235506,0.2531561137508902,0.10028326150599182,0.2524522683116283,0.2132094479980467,0.092512987012987,0.21918546329504593,0.21292330992886177,0.0799763352747441,0.22695017012426658
2026-06-07,MIA,TBR,5.0,4.0,1.0,4.4,3.2,3.4,4.4,3.5,4.7,4.0,5.8,3.9,6.7,4.65,4.7,2026-06-07,Sandy Alcantara,0.1586167843736081,0.0624200264398775,0.1910245030003694,Steven Matz,0.1938488243782361,0.0878944062473474,0.1975218467834566,0.2317627144097732,0.093095180962828,0.2494783228859566,0.2533672161401992,0.10132050221162736,0.2519799238414814,0.24048217527077398,0.09554329004329003,0.24139235984677007,0.21688432869306823,0.08015556077694651,0.22913131487632776
2026-06-09,MIA,ARI,16.0,10.0,6.0,3.8,2.8,3.0,4.3,3.65,4.3,2.0,6.0,3.0,4.9,4.35,3.9,2026-06-09,Max Meyer,0.2681876336224161,0.0890949469210338,0.2793507153840521,Zac Gallen,0.1553481758516083,0.0674369566360412,0.1872992692454011,0.2523976350446938,0.093095180962828,0.2717005451081788,0.25606266556221813,0.0997617252545254,0.2532315147567406,0.2306462540129588,0.07154419051158181,0.2826474996992238,0.22419501146533294,0.07239459844367196,0.2331413236021458
2026-06-10,MIA,ARI,8.0,8.0,0.0,4.4,3.4,3.9,4.1,4.05,4.25,3.2,6.6,2.9,5.4,4.55,4.2,2026-06-10,Lake Bachar,0.2886399711399711,0.0796266233766233,0.3104020133987996,Ryne Nelson,0.1820347274282576,0.0692434019372711,0.1747908891023066,0.25596906361612237,0.11541660953425656,0.28175747110438376,0.25651193253421917,0.10257918829179449,0.25385100160980245,0.19968650169097737,0.07742654345275828,0.2665541336058577,0.22165083481835499,0.072185812766258,0.23165243610616873
2026-06-11,MIA,ARI,2.0,2.0,0.0,5.2,3.2,4.6,3.9,4.3,3.95,2.6,7.8,2.6,6.0,4.15,4.3,2026-06-11,Tyler Phillips,0.210395468728802,0.1101511143177809,0.2730844627413255,Merrill Kelly,0.1434950831725025,0.0914971509971509,0.2300026746294421,0.2614635691106279,0.12201001612766316,0.26897969332660593,0.2569477885518321,0.10318035179276984,0.25337893027565944,0.21218650169097736,0.08367654345275828,0.27034360729006823,0.2201864282301981,0.07203905802737531,0.23053489520822837
2026-06-19,MIA,SFG,7.0,4.0,3.0,4.0,4.8,5.2,3.4,4.3,3.9,4.2,3.8,6.8,5.1,5.95,5.9,2026-06-19,Lake Bachar,0.2848077043729217,0.0789023778154212,0.3048785623757677,Landen Roupp,0.2630290930601489,0.1050290467526492,0.2454819747524451,0.35697675887331054,0.07470380194518123,0.2830563026519631,0.2673685056987278,0.09772365082426977,0.25617943449154645,0.26574705343371074,0.056474976974377734,0.20658687489332647,0.21444886480968917,0.100408086778566,0.22483727405536275
2026-06-20,MIA,SFG,9.0,6.0,3.0,4.4,4.8,5.2,3.6,4.1,3.95,4.6,3.6,5.9,4.6,5.7,5.85,2026-06-20,Max Meyer,0.2648102348537131,0.0896918111410864,0.2776772070245658,Trevor McDonald,0.2229409479409479,0.0839486901986901,0.2428039116466041,0.328405330301882,0.07470380194518123,0.26540924382843367,0.2657083541941733,0.0964206688132795,0.2548552119662997,0.25643332794351464,0.058925957366534595,0.20978236361513097,0.21270065772333777,0.10018042339929623,0.22464646127848426
2026-06-22,MIA,TEX,7.0,3.0,4.0,5.2,3.8,4.2,3.4,4.4,3.65,4.0,7.0,3.7,6.2,4.25,4.75,2026-06-22,Tyler Phillips,0.2127686202686202,0.1118344155844155,0.2663678039068064,Kumar Rocker,0.1843471538813153,0.0972683579360597,0.2096656523336242,0.30251247315902485,0.04476332575470504,0.24024584513562317,0.2628652800592597,0.09559372503457961,0.2516733348029275,0.18730894105894103,0.04948343323343322,0.1713998305174776,0.20215989971602377,0.07380773241573152,0.20449727683219268
2026-06-24,MIA,TEX,6.0,4.0,2.0,4.2,3.0,4.1,3.9,4.75,3.25,4.8,5.6,3.8,6.4,4.15,4.9,2026-06-24,Eury P\xc3\xa9rez,0.2727567950031718,0.1037065182536196,0.2724270823924879,Jacob deGrom,0.2894651414071703,0.0497317690361168,0.316588361561947,0.24225606290261462,0.05142999242137171,0.22269028958006762,0.2616632379155978,0.09486139444298687,0.2504495372973682,0.20445637695637692,0.048666125541125524,0.1992027465556877,0.2038984676557025,0.07360057463305478,0.20792441617937138
2026-04-24,MIL,PIT,6.0,0.0,6.0,5.2,4.2,4.0,4.1,4.5,4.2,4.2,3.8,5.1,3.6,4.95,3.85,2026-04-24,Brandon Woodruff,0.2198790454396861,0.0278571428571428,0.2080099400871459,Mason Montgomery,0.4516666666666666,0.0958333333333333,0.3091666666666667,0.19873080136238028,0.07295546558704452,0.2410194697630217,0.22916842544107807,0.09890805668902976,0.2450566378011967,0.25365539782544333,0.06430378814657708,0.21139117308366032,0.28137107993073895,0.10043637453076563,0.24016804074826145
2026-04-26,MIL,PIT,5.0,5.0,0.0,4.2,5.0,3.7,4.0,4.05,4.15,4.4,3.6,5.5,3.6,4.9,3.3,2026-04-26,Kyle Harrison,0.228704113224237,0.0935850656051894,0.2491292255027813,Carmen Mlodzinski,0.245631469979296,0.0910973084886127,0.1857213001980901,0.23197014973330762,0.07444356082513977,0.2724155736591256,0.23001174494156196,0.09572788228784934,0.2479552114501889,0.2639261728021007,0.07858950243229137,0.19999108347792555,0.2813988541392792,0.10034526154377182,0.23557225995209394
2026-04-29,MIL,ARI,8.0,2.0,6.0,4.8,3.6,4.8,3.1,4.55,4.0,6.0,7.4,5.5,6.6,4.65,5.45,2026-04-29,Brandon Sproat,0.2084873949579831,0.1471195144724556,0.1975446504714797,Eduardo Rodr\xc3\xadguez,0.1544102564102563,0.1006923076923076,0.1509930846772951,0.23403364179679964,0.08587213225371118,0.25479488400395317,0.23654151826206263,0.0965432376346356,0.25073673575547095,0.20590016192957367,0.06553815465580169,0.21737191995055496,0.23262161214423815,0.06588519365186482,0.23712292747529065
2026-04-30,MIL,ARI,14.0,13.0,1.0,4.8,3.8,4.8,3.6,4.25,4.2,5.0,6.4,5.7,6.5,4.9,5.55,2026-04-30,Brandon Woodruff,0.2044746649231775,0.0413333333333333,0.2054323423136192,Michael Soroka,0.2972027972027972,0.0617482517482517,0.2188749846644583,0.23284316560632345,0.07539594177752071,0.24841589713716142,0.23659509480803417,0.09649823272441008,0.2505010703509509,0.21934554008083423,0.06553815465580169,0.23757394015257516,0.2393785023658654,0.06361329042249017,0.24427194530181318
2026-05-08,MIL,NYY,6.0,6.0,0.0,4.2,2.6,5.4,2.8,4.7,3.45,8.0,3.2,6.3,2.9,6.35,3.15,2026-05-08,Shane Drohan,0.197719298245614,0.0971929824561403,0.2663906926406926,Max Fried,0.2121081117089363,0.0775195776029733,0.2252298859039314,0.26391604010025055,0.0813001253132832,0.23132130868295614,0.23555616484237477,0.09255503407476899,0.23957281670098496,0.25151367767079835,0.08802459580323356,0.27643676838206865,0.22585552856247004,0.0735691577521869,0.25579167302756284
2026-05-22,MIL,LAD,6.0,5.0,1.0,5.0,2.2,4.6,2.4,5.3,2.3,6.8,1.6,5.4,2.5,4.6,3.05,2026-05-22,Shane Drohan,0.3251370614035087,0.0607456140350877,0.299810009230965,Justin Wrobleski,0.127093212174348,0.0631651464004404,0.146395114719704,0.30611964016375776,0.09559290382819792,0.3148096646853865,0.2560475233977047,0.09128921970504232,0.2604724943525104,0.2410892616155774,0.0756545209176788,0.2396542155038917,0.25533140186267117,0.0763020254427375,0.2540799506046184
2026-05-24,MIL,LAD,6.0,1.0,5.0,5.4,3.4,4.4,2.9,4.8,2.8,4.2,2.6,6.1,1.8,5.0,2.95,2026-05-24,Shane Drohan,0.3167884990253411,0.0817738791423001,0.2823708018560959,Yoshinobu Yamamoto,0.2520898264376525,0.0534813415248197,0.2609547157916645,0.24166514041514037,0.10851037851037848,0.277937451753391,0.24864910712785251,0.0964589951435597,0.2546551973564372,0.253429005205321,0.08057876334192123,0.24786213077702435,0.2539244248679531,0.07751943005857627,0.2565117868239674
2026-05-25,MIL,STL,6.0,5.0,1.0,3.8,3.8,4.4,3.1,4.75,2.75,2.8,3.6,3.5,3.6,4.3,3.6,2026-05-25,Jacob Misiorowski,0.3968179694701433,0.0828189250363163,0.3562829099977013,Matthew Liberatore,0.1892271736653887,0.087891428175181,0.2063102594803941,0.23464759655549122,0.10792558318874104,0.2534930073089465,0.24893928288003228,0.09663507839858322,0.2535620934093085,0.19873324414177823,0.08825940111846695,0.22334539666413109,0.2087834031553794,0.10229616243516457,0.2224722020223687
2026-05-26,MIL,STL,6.0,6.0,0.0,3.8,3.6,4.2,3.1,4.35,2.75,2.2,4.2,3.0,4.1,4.15,3.75,2026-05-26,Kyle Harrison,0.3203321781293244,0.0791240854338175,0.2913821329775618,Michael McGreevy,0.1736344090691916,0.0559372511546424,0.1710257088714804,0.23464759655549128,0.09125891652207438,0.2521858177664629,0.24732609432682906,0.09474027293978747,0.25294758613113033,0.20532665073518483,0.10254511540418121,0.23171860240575787,0.2075155904573364,0.10307618128943338,0.2208162680673931
2026-05-27,MIL,STL,3.0,2.0,1.0,4.0,3.6,4.5,2.9,4.35,2.7,2.2,5.0,2.8,4.3,3.6,3.7,2026-05-27,Shane Drohan,0.3305641945773524,0.0735964912280701,0.2781337216704863,Dustin May,0.1816945186773561,0.071880628143786,0.1774650660547873,0.23964759655549125,0.09292558318874106,0.23578905663285962,0.24737751558977464,0.09452090871658644,0.25010750097273815,0.21591488602930248,0.09744707618849494,0.22638526907242454,0.21114737176946213,0.10238920931541892,0.22193294225480076
2026-06-01,MIL,SFG,18.0,16.0,2.0,3.4,2.2,3.6,3.0,4.2,2.7,7.0,6.4,6.2,6.1,5.25,5.75,2026-06-01,Shane Drohan,0.3134999171482425,0.0669059011164274,0.2680003530337754,Landen Roupp,0.2755655938264634,0.0924228830750569,0.2476356552880942,0.24433051692777089,0.10389358289815953,0.2377555999153095,0.25257509706493747,0.09219397300806996,0.2545736941086557,0.22710657160027864,0.08648752563226245,0.22059975648128302,0.21395571297610028,0.10271323841083667,0.23105317074072018
2026-06-02,MIL,SFG,11.0,8.0,3.0,5.6,2.4,4.7,3.0,4.7,2.7,6.4,8.2,6.1,7.1,5.2,5.9,2026-06-02,Kyle Harrison,0.296994612490305,0.0712116768904358,0.2707545579776779,Trevor McDonald,0.2231990231990231,0.0484737484737484,0.2542046085634428,0.23731297306812177,0.10301638991570339,0.22563438779409734,0.25276076018198845,0.09334661798761444,0.2543605458334906,0.19788579237949944,0.09882518796992477,0.1947486926514958,0.21158026061697482,0.10457277967541796,0.23039377392341034
2026-06-04,MIL,SFG,21.0,9.0,12.0,5.6,3.0,4.5,3.3,4.6,2.75,5.6,7.6,5.1,6.7,4.65,6.05,2026-06-04,Coleman Crow,0.1320105820105819,0.0529100529100529,0.1603533357919322,Adrian Houser,0.1344888341747089,0.081300390353854,0.1581563492122088,0.2536057081108568,0.0719266463259598,0.23749162965133924,0.24948920898937865,0.09230096992023767,0.25174611808438674,0.1563287748356398,0.10946115288220548,0.18248792798803265,0.20846901282118108,0.10661117897281534,0.2298281783265676
2026-06-13,MIL,PHI,17.0,8.0,9.0,6.6,3.2,6.8,3.4,5.55,3.35,4.6,4.0,4.6,4.0,3.55,3.6,2026-06-13,Shane Drohan,0.3007141078735506,0.0688675875208382,0.2670410227027874,Aaron Nola,0.2356872977010276,0.0765116043376912,0.2390989017378768,0.22797302249311918,0.07615696850822708,0.2104424286003233,0.24884751000860136,0.0897641238414271,0.24788713872860538,0.26878654970760235,0.08783260233918126,0.23657114407420404,0.2666381988037454,0.07288340420849769,0.236322182601735
2026-06-14,MIL,PHI,4.0,4.0,0.0,6.8,4.8,7.4,4.3,5.5,3.65,4.6,4.6,5.2,4.6,3.8,3.55,2026-06-14,Kyle Harrison,0.3105816144154076,0.0763933624555848,0.2795176872036205,Cristopher S\xc3\xa1nchez,0.3038657081606589,0.0484555537511202,0.3060354151704165,0.23499056635276833,0.06870082815734987,0.22175555991345464,0.2501084924462839,0.08966814189354509,0.24949413002452997,0.25640559732664997,0.09068974519632414,0.23883358751311806,0.2648442704566932,0.07320738523791213,0.23545476819062713
2026-06-26,MIL,CHC,8.0,6.0,2.0,4.4,3.2,4.7,3.4,5.75,3.4,10.2,4.8,7.3,4.5,5.75,4.85,2026-06-26,Jacob Misiorowski,0.3940842657259448,0.067664723970571,0.3442804588961203,Colin Rea,0.175913000969494,0.0776652996761692,0.1885340059462544,0.2830888555888556,0.07793650793650793,0.3014890906195254,0.2543916564907737,0.08814455306795585,0.25624672230959433,0.22963678804855275,0.12096802054154994,0.26516372927074355,0.2164847891443462,0.08917032558635109,0.23135406365172417
2026-06-27,MIL,CHC,10.0,2.0,8.0,5.2,3.0,4.5,2.7,5.95,3.5,7.4,5.6,6.9,5.0,5.6,4.85,2026-06-27,Kyle Harrison,0.2981560244234993,0.0654800249619298,0.2746051419073704,David Peterson,0.1936454194642123,0.0898466945906877,0.1980530391831263,0.2558161283161283,0.101013431013431,0.2924311196050326,0.2511302249973023,0.08997307457694656,0.25402988398938586,0.24875443510737627,0.11876213818860877,0.2807608772208327,0.21689351122795175,0.08960727283529803,0.23222816413195074
2026-06-29,MIL,CIN,8.0,5.0,3.0,5.0,3.8,4.3,3.5,5.25,3.8,4.8,5.6,4.4,4.8,4.1,4.8,2026-06-29,Robert Gasser,0.2354865424430641,0.0935955831608005,0.2220859496857741,Nick Lodolo,0.188048318220732,0.0839305841029978,0.216415776443002,0.21502247752247752,0.10879120879120877,0.26014147870775717,0.24961387413427452,0.09189041437918956,0.25284966254672253,0.20586181362497147,0.13491683754841646,0.24188412037290016,0.21735866359882658,0.1238276278867168,0.22664931282972806
2026-06-30,MIL,CIN,9.0,7.0,2.0,4.2,3.6,4.6,3.7,5.1,3.8,5.4,6.2,4.2,5.0,4.15,4.8,2026-06-30,Brandon Sproat,0.2522560503988018,0.1140864220084168,0.2399752620979866,Rhett Lowder,0.180840526220961,0.1331324274893115,0.1749776439626761,0.2249125874125874,0.08498168498168497,0.2413502699165484,0.2512805594488561,0.09075596481895265,0.2530518984317108,0.20710020371785073,0.14141838553603256,0.2461467931839601,0.21615731896297963,0.12375316319920852,0.22520947601422356
2026-07-01,MIL,CIN,6.0,4.0,2.0,5.2,4.0,4.4,3.5,5.45,3.85,4.8,6.4,4.3,4.8,4.1,4.65,2026-07-01,Shane Drohan,0.287905523206266,0.0742584862892525,0.2579065034606346,Andrew Abbott,0.1783686171692632,0.1027349409587933,0.2104849877106918,0.21241258741258742,0.08498168498168497,0.22669825526453372,0.2512649428702115,0.08964918476018494,0.2528695001349245,0.22877852539617244,0.13092887504652206,0.24481345985062672,0.21724702120975736,0.12319566217211171,0.22395698225214947
2026-04-28,MIN,SEA,8.0,1.0,7.0,4.8,6.0,4.1,5.2,5.1,4.65,5.2,5.6,4.4,4.9,4.25,4.45,2026-04-28,Joe Ryan,0.2529439128123338,0.0605489101541732,0.2338556863584265,Logan Gilbert,0.2534036012296881,0.0498737373737373,0.2694815071268559,0.24108656823053107,0.08679705485433038,0.1983493951700473,0.21066639847466148,0.10363481029249148,0.19348669553257744,0.22811584614216188,0.09887101202890675,0.23336168701039312,0.23858136721113127,0.06891619672926387,0.24219124689035246
2026-04-29,MIN,SEA,8.0,3.0,5.0,3.4,5.4,3.7,5.0,5.1,4.65,5.6,5.0,5.1,4.5,4.55,4.4,2026-04-29,Taj Bradley,0.2628084471409519,0.0928204538081835,0.2209569170457781,George Kirby,0.1913536654915965,0.0614969321865873,0.1911914666157919,0.22696892117170755,0.08267940779550684,0.19450324132389346,0.20560496950589827,0.1021411009298006,0.1908832928609787,0.22738324540956115,0.09410910726700199,0.2276474012961074,0.23832096266306788,0.06661899017162173,0.2407848719940074
2026-04-30,MIN,TOR,8.0,7.0,1.0,3.6,5.2,3.9,5.3,4.9,4.75,4.0,2.2,4.8,3.4,3.9,4.5,2026-04-30,Bailey Ober,0.1914433369036949,0.0818109202060608,0.1947990951614139,Kevin Gausman,0.2919674185463659,0.0413888888888888,0.2665971786665808,0.23863558783837419,0.10767940779550685,0.17902705084770296,0.20703706726377252,0.10691074283529091,0.19048613594841257,0.29908305583305583,0.0716760739260739,0.22580354786695161,0.27678638975650277,0.07273296861732671,0.23885039540778458
2026-05-01,MIN,TOR,10.0,3.0,7.0,4.8,4.2,4.2,4.9,5.05,4.7,3.2,3.0,3.9,3.7,3.85,4.15,2026-05-01,Simeon Woods Richardson,0.1077959077959078,0.0934602434602434,0.154444042931977,Patrick Corbin,0.1964285714285713,0.0753968253968253,0.2117063492063492,0.21758295625942684,0.10624400109694225,0.16584770302161603,0.20056715891177962,0.10641069121259715,0.1872508355043725,0.32332548007548007,0.08834274059274058,0.24625809332149706,0.278610484710594,0.0757630879092409,0.2458083005412578
2026-05-03,MIN,TOR,7.0,4.0,3.0,3.6,6.2,4.2,6.1,4.85,5.25,6.0,3.0,4.8,4.0,4.5,4.15,2026-05-03,Joe Ryan,0.2525233538391433,0.0578514467988151,0.2318066161817872,Braydon Fisher,0.2129464285714286,0.0735119047619047,0.2167790542790542,0.16661370492252844,0.09671860002742354,0.14558497724164884,0.19194422443033804,0.10600016926961014,0.1862428417999233,0.3046350038850039,0.08744988344988343,0.2511467356294942,0.2730886371523762,0.07306532500565054,0.24578686083903278
2026-05-13,MIN,MIA,14.0,5.0,9.0,3.8,6.4,4.8,5.7,4.35,5.5,3.8,3.6,3.6,4.2,3.8,4.05,2026-05-13,Simeon Woods Richardson,0.1047358197358197,0.0889840714840714,0.1512638712012503,Tyler Phillips,0.2416844729344729,0.1183291245791245,0.2895965608465609,0.11916096158743217,0.11067537854302556,0.18470234627676896,0.18560387075734805,0.1078289466664457,0.1890754555406946,0.2346039045495567,0.08361111111111111,0.2380714190491314,0.25205728402503397,0.1081458528303703,0.2633547587048678
2026-05-16,MIN,MIL,3.0,1.0,2.0,4.8,3.4,5.0,5.1,4.6,5.6,4.2,2.6,4.2,2.5,5.1,3.0,2026-05-16,Connor Prielipp,0.2692421591062054,0.0862128146453089,0.2145296814898207,Chad Patrick,0.2028125870231133,0.0960874408242829,0.2198811525909909,0.17336550704197762,0.10808699470464171,0.2025897662031694,0.18772178866025613,0.10647444777757187,0.1899580518915701,0.27963732861565677,0.09516683866529065,0.2812650899719314,0.24921797250269925,0.09490074812797819,0.25351665438699494
2026-05-18,MIN,HOU,9.0,6.0,3.0,4.4,3.8,4.1,5.1,4.4,5.1,2.2,5.4,2.5,5.0,3.4,5.45,2026-05-18,Simeon Woods Richardson,0.0986540619873953,0.1013191746525079,0.1647598047041417,Tatsuya Imai,0.1932900432900432,0.2793290043290042,0.2596912955465587,0.16341580761859395,0.11734966186204573,0.1954525113012086,0.1858088716035613,0.10694985904300748,0.19029235654078572,0.19129667815022505,0.08427726926010679,0.2082318614000079,0.21405361520105148,0.11036042375169848,0.2288931467053373
2026-05-20,MIN,HOU,5.0,4.0,1.0,3.0,2.8,4.1,3.4,4.6,4.85,2.2,3.2,1.8,4.5,3.3,4.8,2026-05-20,Joe Ryan,0.2780344636294293,0.1073438388461271,0.2603408724620027,Mike Burrows,0.2182344678327388,0.079603069050056,0.2414813965276538,0.14887985990617567,0.1105849559796928,0.18261082941927903,0.18288165010156107,0.10666028158288217,0.18944411837337283,0.16046334481689167,0.10427726926010679,0.18396715551765494,0.21253908964062848,0.10994600680163055,0.22978644044496693
2026-06-01,MIN,CHW,15.0,9.0,6.0,4.2,9.2,4.4,6.3,4.25,4.85,6.6,1.4,5.6,3.5,5.3,4.4,2026-06-01,Joe Ryan,0.2907862954487668,0.0894531990384392,0.2623761349770769,Brandon Eisert,0.29,0.1041666666666666,0.2873933011433011,0.21813205755223525,0.13372988363919175,0.1996900707179099,0.1959260979728353,0.10944054834525868,0.1956739634516347,0.25815339631129103,0.06379462642620534,0.21565899559377816,0.232555961242743,0.10101341461760867,0.2282213841120488
2026-06-02,MIN,CHW,10.0,6.0,4.0,5.6,7.4,4.9,6.8,4.5,4.85,7.2,3.0,6.0,4.3,5.5,4.45,2026-06-02,Connor Prielipp,0.2410915104548164,0.0998008856132425,0.2124152292495945,Davis Martin,0.2710625672088123,0.0545858950009147,0.2618134263046427,0.20018333960351725,0.13031108022038831,0.1766555879592892,0.19522476557072393,0.10889859048822231,0.19374606406077413,0.23077244393033863,0.055461293092872024,0.21327804321282579,0.23106098093631633,0.09932985770731519,0.22679864675780037
2026-06-03,MIN,CHW,8.0,0.0,8.0,6.4,7.0,4.7,6.6,4.55,4.85,5.0,3.8,6.0,4.4,5.3,4.15,2026-06-03,Taj Bradley,0.2860788304678069,0.0927371065929023,0.2600164301697468,Erick Fedde,0.1433971530861482,0.1010646450837838,0.1559160993708038,0.23297686187072375,0.11695075633374867,0.19377717604861922,0.20085159791319632,0.10837440174125272,0.19813610336368706,0.23506537322326793,0.04712795975953869,0.22530811840079573,0.23025372193437968,0.09770149938424445,0.22739470000335843
2026-06-05,MIN,KCR,8.0,5.0,3.0,4.8,7.0,4.3,7.5,4.45,5.2,6.2,4.6,4.4,6.4,3.5,5.1,2026-06-05,Zebby Matthews,0.2547628458498023,0.0427272727272727,0.2297789476341968,Michael Wacha,0.2181563029026797,0.0826309553302306,0.2020362314679151,0.23059590948977132,0.12498647061946296,0.21190497417641735,0.2000498087126262,0.10918564522338982,0.19797368557499678,0.22385809451985922,0.09694632981397684,0.26813295642243007,0.20877596281698663,0.10459221936719665,0.22847290440539372
2026-06-06,MIN,KCR,5.0,2.0,3.0,5.2,5.8,4.7,7.5,4.25,5.3,5.6,4.2,3.9,6.3,3.4,5.05,2026-06-06,Joe Ryan,0.2940591445168104,0.0825721837277901,0.2557680159969397,Luinder Avila,0.2423074173848167,0.1218746509768181,0.2452729249962451,0.22781813171199355,0.12498647061946296,0.2024846843213449,0.20039625267371367,0.10747961951677436,0.1974845134045541,0.2571914278531925,0.09694632981397684,0.2873637256531993,0.21251673236662882,0.10293202540898717,0.23278285830372078
2026-06-07,MIN,KCR,11.0,5.0,6.0,3.8,5.2,4.7,6.3,4.25,5.3,5.6,3.4,3.9,6.1,3.3,4.85,2026-06-07,Connor Prielipp,0.2433624790553717,0.0965850341708464,0.213641103371173,Noah Cameron,0.2230414915197523,0.0670641574791772,0.2144746963318741,0.22246696114343173,0.11528747396394454,0.1939460964724122,0.1984966653544731,0.1070095188614867,0.19737669305181005,0.2693709150326797,0.09037581699346402,0.3021284904179641,0.21310240842340025,0.10230027501197175,0.2337752557723548
2026-06-12,MIN,STL,17.0,9.0,8.0,3.4,6.8,4.3,6.3,4.35,6.3,6.2,3.0,5.6,3.1,3.95,3.65,2026-06-12,Joe Ryan,0.2867911836447305,0.082168676098882,0.246617413030593,Kyle Leahy,0.1737365173862346,0.0907759488234652,0.1853643441100969,0.24418498168498165,0.10700549450549446,0.21446797327831807,0.20292013909053766,0.10908764199166966,0.19839773299173377,0.26418401773664935,0.03537280701754385,0.22281338752112173,0.2178077003606868,0.0893294057466251,0.21885568009481499
2026-06-13,MIN,STL,15.0,6.0,9.0,4.8,7.8,4.3,6.5,4.6,6.65,6.6,3.8,5.9,3.9,4.15,4.0,2026-06-13,Connor Prielipp,0.2595320801479847,0.0920262032135919,0.206738219831615,Matthew Liberatore,0.2076472764459034,0.0888542121494066,0.2098223697034363,0.24546703296703293,0.11597985347985344,0.22026107672659392,0.20240223234162524,0.10991019948702677,0.1975339230130341,0.2446602082128398,0.04965852130325813,0.2150958177345864,0.215622937242297,0.0901283271960358,0.21701064151486393
2026-06-14,MIN,STL,9.0,5.0,4.0,5.0,8.4,4.3,7.0,4.5,6.8,7.4,4.4,6.7,4.3,4.6,4.2,2026-06-14,Taj Bradley,0.2659352572738971,0.1048171540448099,0.2447252302696607,Michael McGreevy,0.1746108406643523,0.0602071284345531,0.1777265158442763,0.21162087912087907,0.1149542124542124,0.19410723057274779,0.2023683980832925,0.10930113564448649,0.19756865649172378,0.23494360902255637,0.07071115288220549,0.20322484999265092,0.2155479869268143,0.09189888585182165,0.21619122505994895
2026-06-22,MIN,LAD,3.0,1.0,2.0,9.2,4.8,7.0,5.8,5.8,5.95,3.0,4.8,4.0,4.8,5.0,4.4,2026-06-22,Zebby Matthews,0.1969771061696527,0.0506816463959321,0.1993531695362586,Eric Lauer,0.1546865050154523,0.0860363320889636,0.151755170242586,0.2688311688311688,0.11538961038961035,0.23845074428238727,0.2129034352849417,0.10915739403403389,0.20447373101607055,0.24625881743528805,0.08807357130886541,0.22083413662361026,0.260494913491361,0.07658212327468894,0.2515805710406092
2026-06-24,MIN,LAD,7.0,3.0,4.0,5.8,6.6,6.5,5.3,5.4,5.9,4.6,4.8,4.4,3.8,5.2,4.35,2026-06-24,Joe Ryan,0.2936506190224726,0.0781475915865217,0.2448496862686721,Shohei Ohtani,0.2715641672239031,0.076725520207562,0.2799947537854961,0.2831168831168831,0.09158008658008655,0.26248658820253246,0.21249156368853245,0.10761893537365923,0.20565300616172139,0.2193260443260443,0.07025844525844524,0.2244971402866139,0.2584468263683627,0.07600685590710743,0.25149145358999075
2026-06-27,MIN,COL,13.0,5.0,8.0,5.4,5.6,6.2,4.8,5.25,5.9,4.2,4.4,6.3,4.9,5.55,5.8,2026-06-27,Mike Paredes,0.1410837869149889,0.105483638271362,0.1830828825218726,Michael Lorenzen,0.1715586689674722,0.0680825321759498,0.1906444682911718,0.2468542568542568,0.08046897546897544,0.2305385362544805,0.21020364429824798,0.10567159006644261,0.20440648051254415,0.16652379053694838,0.09954545454545452,0.20014180880113214,0.20068802399798744,0.08184449706538897,0.23383819744092604
2026-06-28,MIN,COL,5.0,3.0,2.0,3.2,5.6,6.2,5.2,5.5,5.9,5.4,5.2,4.8,4.5,5.5,5.65,2026-06-28,Connor Prielipp,0.2314586483262066,0.0913780823495822,0.189957533397584,Ryan Feltner,0.1954011857707509,0.0996539306104523,0.2158022376794041,0.22225108225108223,0.0971356421356421,0.23713390167337534,0.20900975835623428,0.10640647050740917,0.20486452583678147,0.17431599832915617,0.0703246753246753,0.20023397469974968,0.20085185159181543,0.08171900398542731,0.23413008079861408
2026-04-24,NYM,COL,7.0,3.0,4.0,4.4,6.2,3.1,5.7,3.75,4.95,5.6,6.4,4.3,5.4,4.1,5.1,2026-04-24,Sean Manaea,0.2128360115976214,0.1134208069192589,0.2178787878787878,Michael Lorenzen,0.1209418600722948,0.044148283278718,0.20734442695887,0.26014312699796566,0.10269035164196452,0.2419005538640882,0.21967634206373451,0.07399032274457133,0.2240917996473618,0.2673676513150197,0.08156098169256062,0.25092537494905587,0.23773200143039994,0.07285168901174131,0.24601161052431425
2026-04-26,NYM,COL,4.0,1.0,3.0,4.2,4.6,2.8,5.0,3.35,4.8,4.6,5.8,4.1,5.0,4.25,5.0,2026-04-26,Huascar Brazob\xc3\xa1n,0.2227272727272727,0.0606060606060606,0.3009358288770053,Jose Quintana,0.0669395711500974,0.1575828460038986,0.1987349778621125,0.26236534922018795,0.10935701830863116,0.2427528265913609,0.22917596993307804,0.07370864366465192,0.22629019196861713,0.24689981505770975,0.08156098169256062,0.2418975971712781,0.23304233882598183,0.07015347830760275,0.24384451383822853
2026-04-28,NYM,WSN,8.0,8.0,0.0,3.4,4.0,2.9,5.1,3.2,4.85,5.4,6.6,4.5,6.5,5.25,6.15,2026-04-28,Clay Holmes,0.1606519084779953,0.0844897453593105,0.2169677440354131,Zack Littell,0.1337380011293054,0.0676453980801806,0.1347838004980862,0.2557802676351063,0.10568568963730249,0.27203854087707524,0.23128777627651953,0.07606112316313082,0.23010960002528053,0.18664502164502159,0.09414141414141411,0.24035814609684744,0.179055943049557,0.10398570295120337,0.22063660747358455
2026-04-29,NYM,WSN,16.0,2.0,14.0,4.4,3.6,3.6,4.9,3.5,4.5,4.6,6.4,4.0,5.7,4.6,6.45,2026-04-29,Sean Manaea,0.2551411207757957,0.1056284502104935,0.2284406565656565,PJ Poulin,0.1317460317460317,0.1466666666666666,0.1458326858326858,0.2835580454128841,0.11013013408174695,0.2971281466118422,0.24055371502560507,0.07688660167474701,0.23750045672938963,0.1848593073593073,0.09711760461760459,0.2336691828861451,0.17725407828123843,0.10468617951949659,0.2161806046157694
2026-04-30,NYM,WSN,9.0,4.0,5.0,2.8,4.8,3.6,5.5,3.1,5.05,5.2,6.0,4.9,5.5,5.2,6.4,2026-04-30,Freddy Peralta,0.2601117454740643,0.0916115607419955,0.2811197784619711,Miles Mikolas,0.1338655462184873,0.0896918767507002,0.180380318509579,0.30439137874621747,0.1159634674150803,0.3182698979422728,0.24364636896919603,0.07765704828558877,0.24090452955539113,0.1848593073593073,0.09711760461760459,0.22321166654627583,0.17740130742759144,0.1013092059866096,0.21300210313860038
2026-05-12,NYM,DET,12.0,10.0,2.0,3.6,4.0,4.1,4.3,3.5,4.7,2.6,5.2,3.8,4.0,4.35,4.9,2026-05-12,Freddy Peralta,0.2310361900579291,0.0956134324612585,0.265540688547333,Jack Flaherty,0.2532461960236559,0.1609329648231249,0.2334938985745437,0.2985526351043592,0.07584887334887334,0.2661237215740321,0.25737293550298684,0.07720500455140991,0.24720932756005137,0.2612650112650113,0.08837887900387899,0.24998765934824166,0.2229261984696767,0.11658153946727645,0.22977921536368873
2026-05-14,NYM,DET,13.0,9.0,4.0,4.8,4.0,4.3,4.5,3.95,4.7,2.4,5.2,3.5,4.8,4.15,5.3,2026-05-14,Nolan McLean,0.3226728382220373,0.0699221208488942,0.2413134183231004,Keider Montero,0.1903116491351785,0.0521691193960101,0.1594936098083226,0.2771240636757878,0.10513458763458763,0.23553892625239467,0.25787218347223234,0.0805013648788938,0.24411655998942977,0.2769316779316779,0.09561697424197423,0.24791695227753455,0.22976684040131967,0.11394983995717056,0.2318825076723544
2026-05-15,NYM,NYY,7.0,2.0,5.0,4.6,3.8,5.0,3.5,4.3,4.5,2.2,4.4,5.1,3.8,5.3,3.4,2026-05-15,Clay Holmes,0.19459450573581,0.0833276526211308,0.194207894526827,Cam Schlittler,0.3026510507584676,0.0410536001840349,0.2683197628929336,0.2980031845549087,0.09744227994227994,0.2390683380171006,0.2585196742220475,0.07862924011426836,0.24391138691170022,0.2631489332222944,0.056769267584989735,0.2323366954026853,0.22918140201154247,0.06937543538284338,0.24982855266472084
2026-05-25,NYM,CIN,9.0,2.0,7.0,1.6,3.8,4.1,4.2,4.1,4.25,4.2,5.6,5.6,5.2,4.45,6.1,2026-05-25,Nolan McLean,0.2992673028356943,0.0731035952966269,0.2183150052715881,Nick Lodolo,0.1643217893217893,0.1307720057720057,0.2126693766937669,0.16117285867285863,0.0703189528189528,0.20888271934042296,0.24015235053352135,0.07706126137930316,0.23730220435108187,0.21137398833051005,0.13506644080557123,0.25060494614019574,0.2282288349624388,0.13616104293313328,0.23214428374171922
2026-05-26,NYM,CIN,9.0,2.0,7.0,1.2,3.6,3.3,4.7,3.8,4.6,5.0,4.0,5.8,5.4,4.45,6.1,2026-05-26,Sean Manaea,0.2555421530653728,0.1000131791153462,0.237630623034228,Chase Burns,0.2866668296530996,0.0787741138427636,0.3138455944543989,0.18950619200619195,0.06920784170784168,0.22318846969105413,0.2440384181162339,0.07748605283524199,0.23854378993878325,0.23564935064935066,0.1307186147186147,0.24810494614019576,0.231784265749311,0.13359196665137604,0.23169502052646668
2026-05-27,NYM,CIN,6.0,4.0,2.0,1.2,4.8,2.6,5.0,3.8,4.25,5.6,3.4,6.1,4.6,4.7,5.55,2026-05-27,Huascar Brazob\xc3\xa1n,0.1922077922077922,0.0792207792207792,0.2695450494247285,Andrew Abbott,0.1528590760648176,0.1053079323653486,0.1892220592202253,0.20151820401820403,0.07221084471084468,0.2255694220720065,0.2476821640494741,0.07809741753116688,0.2398343357494201,0.22655844155844154,0.1216277056277056,0.23810494614019576,0.23085896789873453,0.13111804134301722,0.23110807570190245
2026-05-30,NYM,MIA,7.0,6.0,1.0,1.8,4.8,2.8,4.7,3.8,4.1,3.6,2.6,4.0,4.0,3.9,4.6,2026-05-30,Huascar Brazob\xc3\xa1n,0.1928571428571428,0.0892857142857142,0.2658329619726678,Tyler Phillips,0.2229300213675213,0.1131313131313131,0.2833229617604618,0.20333183753915457,0.069811617921374,0.2219465120059684,0.2447487485605946,0.07957779755944273,0.23843509947202718,0.2958790224112805,0.07352372090275314,0.2356248530505789,0.25615554634853455,0.09987690190945522,0.25064195430180924
2026-06-09,NYM,STL,7.0,0.0,7.0,4.8,3.0,4.8,3.3,4.45,3.75,6.0,4.2,4.4,3.7,3.6,4.0,2026-06-09,Freddy Peralta,0.2368827147088016,0.0970178131047695,0.2560779751809651,Dustin May,0.2126620988977968,0.0668449678975994,0.1960357031938042,0.2401205007578381,0.066572802280175,0.27948389508401844,0.24651883123537624,0.07632439980024505,0.2459342679547429,0.239878323430955,0.04691126855600538,0.20070289467533478,0.2157078402871594,0.09358318697265486,0.2185630934326633
2026-06-10,NYM,STL,11.0,2.0,9.0,4.2,2.8,4.6,3.3,3.95,4.0,6.6,2.8,5.0,3.5,3.65,3.8,2026-06-10,David Peterson,0.209338741115717,0.083361612277296,0.2075971659111193,Andre Pallante,0.1865555137294267,0.0870372984503419,0.2118883646146845,0.23381968774970802,0.04706060715822377,0.2672237671522487,0.24404632369140591,0.07516796950024134,0.24329024224980095,0.249878323430955,0.04691126855600538,0.22070289467533474,0.21702490528267254,0.09212094967620713,0.21827304509777795
2026-06-12,NYM,ATL,12.0,7.0,5.0,3.2,5.2,4.7,3.7,3.75,4.2,3.6,3.4,4.6,3.4,4.9,3.75,2026-06-12,Huascar Brazob\xc3\xa1n,0.2188775510204081,0.0983560090702947,0.2638030212084833,Spencer Strider,0.2868928273063611,0.1328320802005012,0.2717406640537816,0.20420929813931843,0.04822943832705494,0.2524883993209056,0.24254075954922166,0.0748479031704023,0.2432978837012652,0.26314282123105653,0.06750969618616676,0.26049105399090744,0.26171870816459686,0.06269746796688609,0.25789177968598764
2026-06-13,NYM,ATL,4.0,1.0,3.0,4.2,5.6,4.8,4.1,3.8,4.3,4.2,3.4,4.3,3.8,4.75,4.05,2026-06-13,Sean Manaea,0.2618575500375589,0.0974518316098369,0.2385332824218292,Mart\xc3\xadn P\xc3\xa9rez,0.27162471982046,0.0729703201803184,0.2427923111137418,0.2175426314726517,0.041562771660388284,0.2469373789127424,0.24385659395189,0.0737631509505414,0.2430253027189044,0.2678436759319112,0.0730652517417223,0.2578104013102548,0.2619514483039183,0.06259396198991028,0.2576676124792957
2026-06-14,NYM,ATL,9.0,8.0,1.0,3.0,5.6,3.9,4.3,3.55,4.0,3.6,3.0,4.1,3.7,4.9,3.5,2026-06-14,Huascar Brazob\xc3\xa1n,0.2389162561576354,0.0949644225506294,0.2719477446150874,Reynaldo L\xc3\xb3pez,0.2126118326118326,0.1063059163059162,0.2070501466753838,0.21984148204736437,0.03811449579831932,0.25319536103279344,0.24513483308591058,0.07270939165124794,0.2453736185001687,0.2755359836242189,0.07306525174172232,0.2629029939028474,0.2648026913501261,0.06279866363181266,0.257690350290438
2026-06-23,NYM,CHC,15.0,6.0,9.0,4.6,6.2,4.4,5.6,4.5,4.55,7.4,5.0,6.0,3.8,5.2,5.05,2026-06-23,Kodai Senga,0.220546642899584,0.1550861556743909,0.2604305159196463,Edward Cabrera,0.2069046645362434,0.0905009512904249,0.2431743220237902,0.23346273291925462,0.06440476190476188,0.23196485117927607,0.24172874369160918,0.07353605796371954,0.24116606436909055,0.2329831932773109,0.08453664799253033,0.24230853218584683,0.21447260047123307,0.08737961748264814,0.22813759564418074
2026-06-24,NYM,CHC,13.0,3.0,10.0,5.2,7.0,4.5,6.1,4.6,4.9,8.2,5.4,6.7,4.1,5.6,4.75,2026-06-24,Huascar Brazob\xc3\xa1n,0.2451636904761904,0.1042906746031746,0.2701268859816654,Javier Assad,0.138932518836825,0.0441597875808402,0.1132149778159964,0.22631987577639748,0.06678571428571427,0.21336389728420446,0.2404611590655263,0.07381428921082692,0.23946019313497538,0.24474789915966383,0.09630135387488328,0.2718323417096563,0.216247838625071,0.08852180941537435,0.23119566065728955
2026-06-26,NYM,PHI,3.0,1.0,2.0,3.8,10.0,4.5,7.3,4.2,5.8,7.2,4.8,7.4,4.7,6.15,4.75,2026-06-26,Huascar Brazob\xc3\xa1n,0.2579365079365079,0.1011303511303511,0.2720422328711098,Zack Wheeler,0.2690533701403266,0.0717203086768304,0.2375013404357864,0.2536743731308948,0.08085978835978833,0.22215582030827036,0.24492640975530658,0.074581635086943,0.24095940121104337,0.3170763060468943,0.032040998217468794,0.27124831801680077,0.2708404993025374,0.06714649454488282,0.23895946152704234
2026-06-28,NYM,PHI,9.0,4.0,5.0,4.2,6.6,4.4,6.4,4.05,5.55,6.6,5.0,6.3,5.2,5.65,4.6,2026-06-28,Kodai Senga,0.2318971224853577,0.1686452762923351,0.2630932661371055,Jes\xc3\xbas Luzardo,0.2793379381286989,0.0783217265825961,0.2960081772683309,0.22620184565836737,0.08140923890923887,0.23455280668902959,0.24389018486778297,0.07446428336102964,0.2421390774803328,0.29981440128498954,0.047665998217468794,0.2576768894453722,0.2707677345111863,0.06741426297061738,0.23902549092069172
2026-04-19,NYY,KCR,7.0,7.0,0.0,5.4,5.6,4.7,5.2,4.95,3.85,3.4,6.2,2.8,4.9,3.55,4.5,2026-04-19,Ryan Weathers,0.31670653907496,0.0885167464114832,0.2421023965141612,Cole Ragans,0.2666666666666666,0.1571428571428571,0.1951773835920177,0.16817182817182813,0.07057831057831056,0.200872529789948,0.22582730041266083,0.07505220582214536,0.26494842616322667,0.18703802733214497,0.1102279093455564,0.19862061474964698,0.21233058880117703,0.11131383529842911,0.207865531899877
2026-05-02,NYY,BAL,13.0,9.0,4.0,3.6,3.2,5.0,2.6,5.1,3.75,5.0,5.8,5.3,6.9,4.95,5.35,2026-05-02,Ryan Weathers,0.2941657757447231,0.0654214206845785,0.2644456513724584,Kyle Bradish,0.2301546943041984,0.130808099152874,0.2369267874866979,0.21351190476190474,0.05837301587301587,0.2576600985221674,0.21882788613390391,0.07140082753110034,0.25751618545779487,0.18466948084595142,0.07577052032934385,0.25710015249879375,0.2561064430334457,0.08178139010327476,0.291467984914542
2026-05-04,NYY,BAL,13.0,12.0,1.0,6.0,2.8,6.2,3.2,5.95,3.8,4.8,8.2,5.1,7.5,4.85,6.1,2026-05-04,Cam Schlittler,0.3254493101588461,0.0356403430937592,0.2820246768330391,Shane Baz,0.1948627426213632,0.0710027998821102,0.1992145090359375,0.23851190476190473,0.07837301587301586,0.26440613026819915,0.21919095165543898,0.0730831317939768,0.25497321656531957,0.16194220811867868,0.06768971224853576,0.22343096264609325,0.24891420425726563,0.08320957927723543,0.2860356675515448
2026-05-06,NYY,TEX,7.0,1.0,6.0,9.2,2.8,6.5,3.1,6.15,3.3,2.8,4.6,2.4,4.3,3.6,4.0,2026-05-06,Will Warren,0.2993208358858417,0.0542380567787755,0.2239460364973028,Nathan Eovaldi,0.2261807757459931,0.0575346392737696,0.279598180521994,0.2651457971852708,0.07649331662489556,0.27869998456205347,0.2243326149350401,0.0704849461095161,0.257535754594963,0.15744921744921742,0.051444444444444425,0.14633297417343832,0.2031845153716007,0.07763929215410857,0.20404757985023028
2026-05-18,NYY,TOR,13.0,7.0,6.0,3.2,4.0,3.6,4.2,5.3,3.65,5.2,3.8,3.5,3.5,4.15,3.75,2026-05-18,Ryan Weathers,0.2992992800487079,0.0772751752442827,0.2751571551960104,Patrick Corbin,0.1497943050738081,0.0684932734622175,0.1551824605811316,0.20591996336174553,0.072459775907077,0.21042129810954377,0.2239162268120806,0.07176950915158427,0.24747476808515906,0.19368223443223442,0.09318223443223442,0.18438456745858617,0.250392729394977,0.07403213194584372,0.22575766097509978
2026-05-19,NYY,TOR,9.0,5.0,4.0,4.2,4.6,3.6,4.4,5.05,3.75,3.6,5.0,3.8,3.8,4.3,3.75,2026-05-19,Will Warren,0.29593640770919,0.0619663000535257,0.2389950654238281,Dylan Cease,0.3466749121338492,0.0989631678037474,0.3351687880804582,0.23415525747939264,0.07775389355413583,0.2300119413843976,0.22758463875349558,0.07444097771092627,0.25042089560190345,0.18812667887667886,0.08207112332112329,0.19974404458276918,0.24742929070808622,0.07363901329924186,0.22658634653633042
2026-05-20,NYY,TOR,3.0,1.0,2.0,4.0,5.0,4.0,4.2,4.9,3.8,4.2,4.8,4.1,3.8,4.2,3.6,2026-05-20,Cam Schlittler,0.3098859456826208,0.0452815734989647,0.2754877866036402,Trey Yesavage,0.263235294117647,0.0981617647058823,0.2964439326071464,0.23137747970161482,0.08886500466524694,0.2443979062966783,0.22747520168142876,0.07518934778031779,0.2496067205036906,0.19691788766788765,0.09745573870573868,0.2219662668049914,0.24708220612602672,0.0753099953939692,0.22996764950200874
2026-05-24,NYY,TBR,2.0,2.0,0.0,3.0,3.6,3.1,3.8,4.5,3.65,7.0,3.0,6.2,2.9,4.85,2.1,2026-05-24,Ryan Weathers,0.2998602296085133,0.0686890446615846,0.2631026564705278,Drew Rasmussen,0.2347359945758115,0.0481642512077294,0.2003047546715196,0.23908056093410784,0.07187154061295936,0.23579090027587918,0.2325140255160472,0.07085150079299177,0.24920574333345852,0.2179425566382088,0.08692908540734624,0.20077711989724056,0.21721028807655593,0.07496837237458727,0.2331664402960313
2026-06-05,NYY,BOS,8.0,3.0,5.0,5.4,5.8,6.3,3.5,4.7,3.65,6.0,3.6,5.4,4.5,4.25,3.9,2026-06-05,Ryan Weathers,0.29067416422997,0.0760940266546314,0.2609399424701771,Sonny Gray,0.1962257917521075,0.068924584187742,0.1978870474808689,0.15412032412032411,0.07820568320568319,0.25409813635012174,0.21986988012964026,0.07203765924665168,0.24999483898130742,0.25951467649997056,0.08714422832069889,0.26915520243184987,0.24730582047972427,0.08431677174706625,0.24146999581495215
2026-06-07,NYY,BOS,7.0,6.0,1.0,5.2,5.6,6.4,4.0,4.75,3.75,5.2,4.0,5.4,4.2,4.45,3.95,2026-06-07,Cam Schlittler,0.2908343068317492,0.040529985312594,0.2534387325442441,Ranger Suarez,0.2331370769050194,0.0812485109255444,0.2142567961568491,0.17856476856476852,0.06820568320568318,0.27201480301678843,0.22343455575368476,0.07089420433797466,0.25098698439430256,0.24618134316663726,0.0946442283206989,0.2587470391665438,0.2465428233752126,0.08618263026727485,0.23918822168890455
2026-06-16,NYY,CHW,14.0,12.0,2.0,5.4,3.6,4.6,3.9,5.1,3.35,4.4,4.6,5.2,4.9,5.4,4.2,2026-06-16,Gerrit Cole,0.2007811029550159,0.0687699981178241,0.1418730462241339,Davis Martin,0.2539760184074565,0.0554188342315432,0.2535103049123749,0.2742742520637257,0.09297994987468669,0.30225832633570504,0.2270008529151367,0.07565906245770387,0.2541101357779201,0.22561749116896174,0.09683109782374485,0.22456469663544767,0.23028333954097993,0.09897289200966229,0.2264795110260357
2026-06-17,NYY,CHW,15.0,10.0,5.0,7.2,3.6,5.4,3.2,5.65,3.35,3.8,5.2,4.8,5.2,5.4,4.75,2026-06-17,Carlos Rod\xc3\xb3n,0.2652555514959607,0.1491357122559168,0.2448689017837953,Anthony Kay,0.1714895554181268,0.089920191893876,0.1982550476666509,0.2658127136021873,0.09297994987468669,0.28120569475675766,0.22802900991633193,0.07459344185970804,0.2542375690026936,0.23143567298714357,0.10883109782374485,0.23085760281393738,0.2304201939136422,0.09926904846023042,0.2278824327935808
2026-06-18,NYY,CHW,6.0,1.0,5.0,7.6,3.8,6.0,3.2,6.15,3.5,4.4,7.0,4.9,5.6,5.45,5.0,2026-06-18,Ryan Weathers,0.2654816892596787,0.0711919870509603,0.2435414070694716,Bryan Hudson,0.200735294117647,0.0737745098039215,0.1875288926759515,0.2793421253668931,0.08886230281586317,0.26665719977348007,0.2281299141903698,0.07437441529793104,0.25230905575799806,0.2129832920347626,0.11835490734755436,0.21523260281393738,0.22986541608812205,0.09921306299881189,0.2281896212270033
2026-06-19,NYY,CIN,5.0,5.0,0.0,6.8,3.2,5.9,3.6,6.1,3.55,4.6,3.6,3.9,4.5,3.7,5.1,2026-06-19,Cam Schlittler,0.2832998684286864,0.0473516926000683,0.2423629509210609,Rhett Lowder,0.1747864092429309,0.1440552092834701,0.1729427613061952,0.2579746039993718,0.08886230281586317,0.2654071997734801,0.22816606921199808,0.07335558769111007,0.2529623563640529,0.1491062468289551,0.08514413484692121,0.17631583061750566,0.21739801968149045,0.1213332697284107,0.22234135037453362
2026-06-20,NYY,CIN,12.0,2.0,10.0,7.2,3.0,6.1,3.1,6.25,3.55,4.2,4.4,3.4,4.4,3.65,4.95,2026-06-20,Will Warren,0.2433996813250414,0.0772942499931808,0.2143294813229606,Andrew Abbott,0.1680931284440056,0.1049595031349416,0.2006811720131605,0.28888369490846266,0.09886230281586317,0.2796680693386975,0.23048814935778186,0.07371564731690587,0.2544088110077819,0.1461971559198642,0.09132595302873937,0.177149163950839,0.21568870983321478,0.12215063340529952,0.22113853933343633
2026-06-21,NYY,CIN,5.0,1.0,4.0,6.0,4.4,5.7,4.0,6.15,3.9,5.6,3.8,4.1,4.1,3.8,4.95,2026-06-21,Elmer Rodr\xc3\xadguez,0.0777777777777777,0.1388888888888888,0.241053562287682,Chase Burns,0.3010823675011317,0.0814295618357402,0.308753346688207,0.27199480601957376,0.08841785837141872,0.267024391177778,0.22889645551449292,0.07347351276008787,0.25377531421733335,0.1586971559198642,0.09132595302873939,0.1920375014198216,0.21447952703543857,0.12052195829322886,0.22120077816382921
2026-06-29,NYY,DET,10.0,3.0,7.0,2.6,4.2,2.5,4.5,4.25,3.85,4.0,3.6,3.7,3.3,4.65,3.25,2026-06-29,Ryan Weathers,0.2666808672884582,0.0698582302693404,0.2431452994086291,Casey Mize,0.2575564450111984,0.061304005612306,0.2784780728716655,0.22096764346764344,0.08188644688644686,0.28295293634695257,0.22729878900183484,0.07438340205199402,0.2565756792535589,0.2926216295781513,0.05920902768728854,0.2696675108778689,0.22904514177379842,0.09382969553995943,0.2329551966364043
2026-06-30,NYY,DET,12.0,3.0,9.0,2.4,5.0,2.7,4.7,4.3,4.15,4.8,3.4,4.2,3.2,4.65,3.3,2026-06-30,Cam Schlittler,0.3018374798155928,0.0464867875882956,0.2482794344861702,Tarik Skubal,0.2818102622015665,0.0339703774486383,0.2785164379228678,0.20165729864005724,0.07533472274851581,0.26695293634695255,0.2270559052247194,0.07390839439209754,0.2559021592624451,0.28959132654784825,0.06122922970749056,0.2846025758129338,0.23027206167449885,0.09403300631138474,0.23357589180202643
2026-04-28,PHI,SFG,7.0,7.0,0.0,2.4,6.0,2.1,6.7,3.2,5.35,3.8,3.4,3.8,3.4,3.45,4.05,2026-04-28,Jes\xc3\xbas Luzardo,0.2713569023569023,0.0760134680134679,0.3180501852620674,Tyler Mahle,0.2320676765689553,0.1195406256147943,0.2175041783865313,0.1764077589077589,0.08684315684315683,0.17574836625444923,0.23598370377345576,0.07339238745896234,0.2209956640991483,0.23989953886693013,0.08213438735177865,0.2004266739934839,0.2503570264685008,0.10381417134951786,0.2724874568799108
2026-04-30,PHI,SFG,5.0,3.0,2.0,3.6,5.0,2.4,5.7,3.05,5.3,3.2,4.8,3.5,3.3,3.3,3.9,2026-04-30,Cristopher S\xc3\xa1nchez,0.2907661782661783,0.064072039072039,0.2944775496371241,Adrian Houser,0.1059705544053369,0.0648438003220611,0.1731802956802956,0.23807442557442554,0.08184315684315682,0.18685947736556036,0.2508348404249458,0.07086161547761881,0.22295366801910105,0.19864953886693015,0.08463438735177865,0.1862555509988315,0.24818954279717317,0.10454471716505172,0.26917653037492406
2026-05-05,PHI,ATH,10.0,9.0,1.0,3.4,2.6,3.5,3.8,3.45,4.95,5.8,5.6,5.1,4.1,4.7,4.5,2026-05-05,Cristopher S\xc3\xa1nchez,0.2862651898366183,0.0707919065061921,0.2780503539014177,Luis Severino,0.2512298812298812,0.1498423798423798,0.2048952783272274,0.21887573211102623,0.047955182072829124,0.18491727652978146,0.24080959025147589,0.0710548463417197,0.21613117542159227,0.18282521721907907,0.10470882740447955,0.2394224607832494,0.21253229943151394,0.10239649778640457,0.26130427820794555
2026-05-07,PHI,ATH,13.0,1.0,12.0,4.6,2.0,4.4,2.8,3.8,4.75,4.4,7.6,4.6,4.9,4.15,4.95,2026-05-07,Andrew Painter,0.2205388471177944,0.0653216374269005,0.1958317066853652,J.T. Ginn,0.1799430641821945,0.0971920289855072,0.2420478066277986,0.25960167283696695,0.10143503555268259,0.19920007655309555,0.24383087168130402,0.08295505957777762,0.21538792012209823,0.17488870928257114,0.11773403748851316,0.23419516176647673,0.20959516421566418,0.1003259173771692,0.2605175325932184
2026-05-09,PHI,COL,12.0,9.0,3.0,4.8,3.6,4.2,3.5,3.7,5.15,4.0,7.2,4.8,5.9,4.55,5.35,2026-05-09,Aaron Nola,0.2457933370976848,0.0804517221908526,0.2406965427403536,Kyle Freeland,0.2135930735930736,0.0714718614718614,0.237342645722709,0.22784458583794445,0.1097683688860159,0.2087124167255606,0.2449399033513557,0.08083770609515654,0.21930206512332143,0.24170432795432792,0.08345914595914591,0.3105654337557941,0.23246998166634988,0.07500420372628987,0.2610167253749099
2026-05-10,PHI,COL,6.0,6.0,0.0,5.2,3.8,4.9,3.2,3.5,4.95,4.4,7.2,4.8,6.8,4.55,5.7,2026-05-10,Cristopher S\xc3\xa1nchez,0.2935854893829032,0.0662532630205043,0.2942199855896664,Tomoyuki Sugano,0.1458905828471045,0.074483970136144,0.1724878683936611,0.25284458583794445,0.09976836888601591,0.222768641625159,0.2513164057675718,0.07881676344277763,0.22215284682857175,0.24478125103125103,0.08345914595914591,0.30914607891708445,0.23242746289392188,0.07312909863313262,0.2601364685308597
2026-05-19,PHI,CIN,5.0,1.0,4.0,4.2,1.6,4.5,2.7,4.25,2.95,6.6,5.8,4.8,5.8,4.8,6.35,2026-05-19,Jes\xc3\xbas Luzardo,0.2869141495469998,0.0655791408448413,0.3125336143663025,Chase Burns,0.2685186996145552,0.0875267931586263,0.3037437821980093,0.3441170388751033,0.04130036630036628,0.30450719305212426,0.2651683540629634,0.07409235888045605,0.23434946755401864,0.23275648497616458,0.10641714078785017,0.2212615315515362,0.22481825086298832,0.13735628135937922,0.22444622873837397
2026-05-20,PHI,CIN,13.0,4.0,9.0,4.2,1.8,4.0,2.8,4.2,2.8,4.4,5.8,4.9,5.1,4.55,6.0,2026-05-20,Aaron Nola,0.2237202947347874,0.091193090323525,0.2263174612404252,Andrew Abbott,0.1545086200349357,0.1022023619655198,0.1816136528973499,0.34471227697034146,0.05439560439560437,0.31164169597610086,0.2641082990676041,0.07701305378473226,0.23604613434839763,0.2722301691866909,0.11115398289311332,0.2511735550119467,0.23043420492700895,0.13659390827041232,0.22728684373629215
2026-06-02,PHI,SDP,5.0,3.0,2.0,2.8,3.8,2.5,3.2,3.25,3.0,3.2,5.0,2.7,4.0,3.05,3.7,2026-06-02,Aaron Nola,0.2244517450051046,0.0746125284465205,0.2326435793987318,Randy V\xc3\xa1squez,0.1900606968788786,0.0690432755650146,0.2059809478019026,0.2766333666333666,0.0381118881118881,0.2373982527452851,0.2662677934754942,0.07030595625493154,0.23627925820992995,0.21471611721611722,0.10291208791208788,0.24962495813743057,0.25371463848994236,0.0901923694398258,0.29893257205681717
2026-06-03,PHI,SDP,5.0,3.0,2.0,2.6,3.6,2.4,2.5,3.35,2.5,3.0,4.8,2.9,3.9,3.15,3.55,2026-06-03,Cristopher S\xc3\xa1nchez,0.2968176851617943,0.0501212229660505,0.3058561052203127,Walker Buehler,0.1962705752283451,0.0851395016466786,0.190553153603101,0.2783000333000333,0.04477855477855476,0.22778286812990048,0.26627455403805644,0.07024427338055418,0.234882086949527,0.2123351648351648,0.10767399267399265,0.2526552611677336,0.2518356978859966,0.09229564647111203,0.29694758239175556
2026-06-04,PHI,SDP,10.0,6.0,4.0,2.6,4.0,2.7,2.6,3.05,2.45,3.4,4.8,2.4,3.9,3.05,3.6,2026-06-04,Zack Wheeler,0.247943080613888,0.058293404318249,0.2204924039673957,Lucas Giolito,0.102579365079365,0.2126984126984127,0.2161370295244533,0.2833000333000333,0.054778554778554756,0.24111620146323381,0.2668366448040888,0.07074020215754494,0.23652294105592375,0.20789072039072037,0.10100732600732595,0.23735223086470336,0.25134213995826704,0.0907573856965935,0.2944984560185596
2026-06-05,PHI,CHW,14.0,8.0,6.0,3.4,4.0,3.0,3.0,3.05,2.65,5.4,3.4,5.9,4.0,5.4,4.1,2026-06-05,Jes\xc3\xbas Luzardo,0.2741348875225686,0.0700418435563362,0.2951776361451217,Anthony Kay,0.1576829805996472,0.0931825038184687,0.1878774744003138,0.26330003330003326,0.07477855477855476,0.24042654629082,0.2657409621023824,0.07285921523692945,0.23592420431730207,0.24624958374958372,0.041864801864801855,0.23926645173412905,0.23258833932253486,0.0961256687490147,0.23027946290653006
2026-06-06,PHI,CHW,9.0,3.0,6.0,4.2,4.6,3.7,3.3,3.35,2.9,5.2,4.8,6.2,3.8,5.6,4.45,2026-06-06,Andrew Painter,0.1874354274115039,0.0701570731235802,0.1956824067162204,Sean Burke,0.2222219085262563,0.0667474433778781,0.1874897358671627,0.2766333666333666,0.07477855477855476,0.26199517374180037,0.2668311616383655,0.07168406660407575,0.23749531930143158,0.23889664257311316,0.05362950774715479,0.22651282854572327,0.23169758136876914,0.09646727811527685,0.22874063545298726
2026-06-07,PHI,CHW,14.0,9.0,5.0,4.6,4.0,3.7,3.9,3.45,3.05,6.0,5.2,6.3,3.3,5.6,4.35,2026-06-07,Aaron Nola,0.2408351522195915,0.0683948177426438,0.2391825403747633,Bryan Hudson,0.2275,0.0641666666666666,0.2077708402708402,0.28026973026973023,0.07235431235431232,0.26805577980240647,0.2689449527234708,0.07160442533522798,0.2390165576193983,0.2461883092397798,0.06258784108048812,0.23121621837623177,0.23442496290988213,0.09740138314472564,0.2301983426850513
2026-06-15,PHI,MIA,7.0,7.0,0.0,3.6,5.0,4.9,4.8,3.8,3.7,4.8,1.6,4.6,2.5,4.1,3.05,2026-06-15,Zack Wheeler,0.25154832195895,0.0586726478030825,0.2176814558090637,Ryan Gusto,0.2390151515151515,0.040625,0.2261837121212121,0.24862781954887217,0.08068974519632413,0.22128972786399523,0.26423538405334357,0.0721615654487991,0.23434676774279112,0.3160660356096462,0.0994111207701471,0.26975959079283884,0.2639466827697311,0.09976335933301853,0.2554182747494809
2026-06-16,PHI,MIA,10.0,8.0,2.0,4.6,4.4,5.0,4.4,4.0,3.7,3.2,3.0,4.2,3.1,4.0,3.35,2026-06-16,Jes\xc3\xbas Luzardo,0.2631209088817784,0.0767554426250078,0.2935169212070968,Tyler Phillips,0.2139419060471692,0.1102016404647983,0.2701532438785097,0.26196115288220556,0.06068974519632413,0.23462306119732856,0.26520859460658286,0.07114520537205546,0.23574094472293958,0.31527238481599534,0.09544286680189314,0.2614262574595055,0.263256947096342,0.09936982061212342,0.2541856135261085
2026-06-17,PHI,MIA,16.0,4.0,12.0,4.8,4.0,5.0,4.0,4.35,3.65,3.2,4.6,4.4,3.3,3.9,3.7,2026-06-17,Andrew Painter,0.180522284732811,0.0751329080276448,0.2038332828528446,Sandy Alcantara,0.1690234353460159,0.0589862451367827,0.1924933447771909,0.26612781954887216,0.06068974519632413,0.22986115643542382,0.266733475237047,0.0701570775196658,0.23643501890337493,0.32364342553997727,0.09137046861184789,0.27194519154085195,0.2628119098863816,0.09906233097254744,0.25512253176768634
2026-06-18,PHI,NYM,10.0,4.0,6.0,5.6,5.2,5.1,4.6,4.4,4.25,4.2,4.4,4.2,5.0,4.15,4.2,2026-06-18,Aaron Nola,0.2285927504626425,0.0775399962356484,0.2279727897089808,Huascar Brazob\xc3\xa1n,0.2450076804915514,0.0995903737839221,0.2759081051775549,0.24430963773069037,0.06008368459026353,0.20929378054889897,0.26557025203952833,0.07002624167153422,0.2349449443220696,0.2163025210084033,0.05641806722689073,0.21482042762037876,0.24298468766813938,0.07387085310639285,0.24197110159220922
2026-06-20,PHI,NYM,18.0,15.0,3.0,4.6,4.8,4.6,4.7,4.4,4.4,5.2,4.6,4.1,5.1,4.45,4.2,2026-06-20,Cristopher S\xc3\xa1nchez,0.2916079942832816,0.0478918501677122,0.2960905704989247,Freddy Peralta,0.2238697813190566,0.0921773427860384,0.2488082483466291,0.22511459129106184,0.06658523257787963,0.1957832600616343,0.2643662025286603,0.07066976622764228,0.23434401521604423,0.22904761904761903,0.06386904761904759,0.21569762060283493,0.24418933627700862,0.07466368617608539,0.24190271497448854
2026-06-21,PHI,NYM,8.0,6.0,2.0,7.6,4.6,5.6,4.8,5.0,4.55,4.2,7.4,4.4,5.9,4.5,4.6,2026-06-21,Zack Wheeler,0.2655239245456636,0.0658488612836438,0.2264688657837129,David Peterson,0.1898884474284931,0.0891698075634002,0.1982936121657051,0.23900348017995077,0.05547412146676852,0.21955137600366328,0.2641746531616115,0.06972750267794037,0.23527739936098974,0.23810559006211177,0.06386904761904759,0.22938809679331112,0.2432646482138672,0.07368126925271584,0.2414610125844733
2026-06-29,PHI,PIT,18.0,7.0,11.0,4.8,4.0,6.4,4.4,5.75,4.5,7.2,4.2,6.2,4.0,5.05,5.35,2026-06-29,Aaron Nola,0.2305246090357645,0.0764040443252399,0.2247103641219732,Braxton Ashcraft,0.280190312352981,0.0562439771275978,0.2559871644962468,0.2990238874509974,0.06334452259164533,0.2713815202338578,0.26960081052283785,0.06922121527636689,0.23933489322710433,0.27888375513375513,0.08166958041958043,0.267255291005291,0.254425768818859,0.09729665301846052,0.24766832239843586
2026-06-30,PHI,PIT,8.0,8.0,0.0,5.2,5.4,6.7,4.9,5.65,4.8,7.2,5.4,6.1,4.3,5.45,5.4,2026-06-30,Cristopher S\xc3\xa1nchez,0.2836737204460328,0.0470614364224911,0.2921120007076073,Bubba Chandler,0.2103118015660921,0.1320195661746719,0.2166917759385651,0.321376828627468,0.06657981670929239,0.28160219386916563,0.27115318182613735,0.07018286747545775,0.23996998886522533,0.26467920967920966,0.09416958041958043,0.2705886243386243,0.25510899506804885,0.0976225747476551,0.24867614605649352
2026-07-01,PHI,PIT,16.0,10.0,6.0,4.8,4.4,6.0,4.6,5.8,4.7,6.2,6.8,5.8,4.7,5.35,5.65,2026-07-01,Zack Wheeler,0.2632989226286327,0.0690769496204278,0.2405853790596016,Paul Skenes,0.2978143143680228,0.0595296959363455,0.2544121783580936,0.34082127307191246,0.07769092782040352,0.28866741126047,0.27319190256282333,0.07066437622411251,0.2415585772315168,0.2717499167499167,0.10326048951048952,0.2763664021164021,0.25425677630932947,0.0975445109820904,0.24904037691630168
2026-04-27,PIT,STL,6.0,2.0,4.0,3.2,4.0,4.9,3.4,4.9,3.45,3.8,4.8,4.6,5.0,4.05,5.0,2026-04-27,Mason Montgomery,0.425,0.1006944444444444,0.2951388888888889,Dustin May,0.1859787809444559,0.0483253588516746,0.1365927337355908,0.25823989829229677,0.07780518870680118,0.19861263736263732,0.2776514160712797,0.09886234253905728,0.23481202617829464,0.22193153251976777,0.13047374194433015,0.20432625477091415,0.1887383329127395,0.121408717605828,0.2006112274021132
2026-04-28,PIT,STL,18.0,7.0,11.0,3.4,3.8,3.5,3.3,4.6,3.5,3.6,4.6,4.7,4.3,4.15,4.9,2026-04-28,Braxton Ashcraft,0.2861904761904762,0.074,0.2759363738182737,Kyle Leahy,0.1371908083391459,0.1020477408354646,0.1528005319293885,0.26455125874110463,0.07990897552307047,0.19439956230210464,0.27475131162388294,0.09767799034916766,0.23314404865373628,0.23859819918643446,0.12214040861099681,0.21651673096139037,0.1998548210229988,0.11707269197704842,0.20630368356632342
2026-04-29,PIT,STL,9.0,4.0,5.0,3.2,5.2,3.8,3.9,4.55,3.9,5.6,5.2,5.3,4.7,4.55,5.25,2026-04-29,Bubba Chandler,0.1980910774961117,0.1538223027925544,0.2131953071083505,Andre Pallante,0.1787523265784134,0.12700085743564,0.2413678426836321,0.2525947370019742,0.08027129436365017,0.20282061493368359,0.2699407606567101,0.09732060806216641,0.23151293124247138,0.24364021599315713,0.11751855987150102,0.19639173096139037,0.20281549221925008,0.11549875678572163,0.20194838413300192
2026-05-01,PIT,CIN,10.0,9.0,1.0,3.6,7.0,4.0,5.3,4.6,4.35,5.4,5.8,6.0,5.4,4.7,4.95,2026-05-01,Mitch Keller,0.1744144744144743,0.08011433011433,0.2058846528660769,Brady Singer,0.1488028982636825,0.0489337822671155,0.1954141199012836,0.24901362976233035,0.09279549103418831,0.2101961805445433,0.266214304385507,0.09743846688367783,0.23280977575474904,0.18881942094899756,0.13254672641114287,0.1652864831125238,0.23741812224070613,0.136754027762673,0.22645186554360286
2026-05-02,PIT,CIN,24.0,17.0,7.0,5.4,6.2,4.3,5.1,4.65,4.3,3.8,7.2,5.6,5.9,4.65,5.4,2026-05-02,Carmen Mlodzinski,0.2417299286864503,0.0851736829997699,0.1862992816966066,Rhett Lowder,0.1840029897638593,0.072111246241681,0.1980631378887192,0.2573469630956637,0.07404549103418831,0.2101961805445433,0.2682482143536229,0.09448578606902092,0.23080543911571622,0.1881527542823309,0.14543561530003174,0.17106520051914817,0.23499880592068403,0.1399804643950895,0.22591594241978386
2026-05-03,PIT,CIN,1.0,1.0,0.0,8.4,6.8,5.9,5.3,5.5,4.4,4.6,9.0,5.7,7.5,4.8,5.9,2026-05-03,Braxton Ashcraft,0.2915223665223665,0.0843939393939394,0.2799469781818947,Chase Burns,0.2889495470063738,0.088113861235524,0.3107030014278205,0.22679140754010813,0.07404549103418831,0.19686284721121,0.2677115021667516,0.09170679236110854,0.2298993967887834,0.19228033401966677,0.13943186295481597,0.17648784804705886,0.23379041638428488,0.1409123202412102,0.22549792028952412
2026-05-12,PIT,COL,4.0,3.0,1.0,4.0,3.8,5.6,4.2,4.7,4.05,3.2,6.2,4.6,6.7,4.5,5.65,2026-05-12,Paul Skenes,0.276649701445897,0.057397342995169,0.2195995160499877,Michael Lorenzen,0.1261500174543652,0.0567454552961799,0.2030504180874977,0.22337662337662337,0.09303372066529961,0.24957496041895016,0.2587748007620808,0.09525636595301326,0.2368382514803515,0.2087235587235587,0.0911514536514536,0.27477107891708447,0.228634672992194,0.07322163468898492,0.25684045710327774
2026-05-13,PIT,COL,14.0,4.0,10.0,4.6,2.2,5.5,3.8,4.75,4.1,3.0,6.0,3.4,6.8,4.35,5.65,2026-05-13,Mitch Keller,0.1813961400917922,0.0757630051108311,0.2059346536707217,Jose Quintana,0.1120270978280131,0.1106096048201311,0.2095929317651947,0.20909090909090908,0.07874800637958532,0.24033126293995855,0.25261349598203126,0.09298835723984629,0.2346006060369418,0.20667227667227667,0.09679247929247925,0.2709598266484819,0.22636559347650684,0.07465286560908846,0.25483029843661514
2026-05-17,PIT,PHI,6.0,0.0,6.0,5.4,4.4,3.5,3.8,4.7,4.55,3.6,1.0,4.4,2.4,3.95,3.35,2026-05-17,Paul Skenes,0.2870631091041719,0.0510198604401502,0.2322366068592483,Zack Wheeler,0.2389935587761674,0.0692391304347826,0.2418478260869564,0.17174366166199193,0.1192857492040795,0.2564811408058707,0.24607886283237992,0.09485913067969248,0.23313582699422794,0.3660950608531254,0.09184981684981683,0.284299622844554,0.2686508059407313,0.07567595089907461,0.23127971929336155
2026-05-25,PIT,CHC,3.0,2.0,1.0,4.2,2.8,3.5,3.9,4.55,4.05,1.8,5.0,2.8,5.1,3.55,4.3,2026-05-25,Carmen Mlodzinski,0.2003632269078493,0.0785102248374559,0.1751448480950978,Ben Brown,0.2441766381766381,0.0746638176638176,0.2443575378869496,0.2464241200924504,0.10451884943717973,0.2756136308884886,0.24919512010383305,0.09466728613418882,0.2424407879704989,0.22232463958470147,0.06804812834224597,0.22153548809704757,0.21338430515119203,0.08983445130465538,0.2230707963179453
2026-05-27,PIT,CHC,14.0,4.0,10.0,4.4,2.8,4.2,3.0,4.8,3.4,1.8,5.8,2.7,6.1,3.1,4.55,2026-05-27,Bubba Chandler,0.2191118854448373,0.158921079873597,0.2116514674790645,Jameson Taillon,0.19830343569474,0.0747818992601601,0.2382901756387198,0.30056623931623927,0.09019943019943019,0.31141336844043155,0.2543992136385188,0.0930430211838547,0.24682225148003561,0.2098684992338243,0.06775573068142726,0.22912169499359933,0.2121320529064597,0.08752468178352915,0.22264860176992782
2026-05-28,PIT,CHC,9.0,2.0,7.0,4.8,3.6,3.9,3.8,4.55,3.85,3.4,5.8,2.7,6.0,3.5,4.75,2026-05-28,Mason Montgomery,0.323015873015873,0.0813492063492063,0.3153264724693296,Colin Rea,0.1942007655644019,0.0705988455988455,0.200138262096185,0.2864636752136752,0.09461538461538462,0.2998034613196885,0.2532904364718969,0.09481560459678036,0.24504076169520303,0.19875738812271315,0.06997795290364947,0.2076931235650279,0.21429636148551098,0.08834269341834709,0.222499264493424
2026-05-30,PIT,MIN,19.0,10.0,9.0,5.2,4.8,4.7,3.8,4.05,4.1,3.2,7.0,3.9,4.9,4.0,5.0,2026-05-30,Mitch Keller,0.173866614281634,0.0739295684552601,0.1904829553039655,Bailey Ober,0.1621499404492934,0.0680101725498144,0.1873490353541504,0.2825163067926226,0.09165485829959513,0.2585336200498472,0.25508259927958105,0.09426842403899664,0.24265749149626245,0.2660405542842613,0.08830504703788455,0.22870419384968005,0.19873006380011285,0.1053112980062665,0.19759144844903803
2026-06-09,PIT,LAD,15.0,3.0,12.0,4.4,5.4,5.9,5.7,4.9,4.75,4.8,3.6,4.7,3.4,5.35,2.95,2026-06-09,Paul Skenes,0.285413813549265,0.055248978075065,0.2328291327761646,Eric Lauer,0.1452391906339274,0.0917051369682948,0.140375435060334,0.28878264666190356,0.09946217353338097,0.24680325367144781,0.2586680440764434,0.09551963019323499,0.24530780593402798,0.25640661969609335,0.06814286590602378,0.2516609083516104,0.261592514955518,0.07224234208578423,0.2570692971168791
2026-06-10,PIT,LAD,17.0,9.0,8.0,3.2,5.6,6.0,6.2,5.05,5.05,5.8,4.2,5.5,3.5,5.45,3.05,2026-06-10,Carmen Mlodzinski,0.1912117799989653,0.0767888237281829,0.1855373734125815,Shohei Ohtani,0.2866688269777514,0.0780220929591638,0.2941636391831182,0.2754223227752639,0.11059577677224737,0.24535397830912897,0.25595543262639314,0.09811233376095937,0.243917747831184,0.2814066196960933,0.08242858019173807,0.25276384952808095,0.2651508356278237,0.073296294336103,0.25603094939871673
2026-06-11,PIT,LAD,14.0,6.0,8.0,4.0,7.0,6.3,6.5,5.5,5.15,7.0,5.4,6.0,4.0,5.85,3.45,2026-06-11,Mitch Keller,0.1761480047266,0.0751310395290328,0.1910393281621227,Justin Wrobleski,0.158307579868564,0.053514045866987,0.162446495118078,0.25281362712308997,0.12363925503311693,0.2443354597906105,0.2547489269036265,0.09858766389107315,0.2429042515395489,0.26383086212033574,0.09394373170688958,0.23368951572723948,0.26258845702901884,0.07489220444613358,0.2561021055136972
2026-06-12,PIT,MIA,11.0,3.0,8.0,4.6,7.4,5.9,6.4,5.45,5.55,5.6,2.0,4.7,3.3,3.8,3.95,2026-06-12,Braxton Ashcraft,0.2758803236256817,0.0529995802409595,0.2578058807785975,Sandy Alcantara,0.1644298712040647,0.0608185959798862,0.1916656099289145,0.2450041033135662,0.12059163598549787,0.22533545979061048,0.2533757540499507,0.09947769774772426,0.24025346528535257,0.30051118815824696,0.12153382565147268,0.267479693326606,0.2610122818574424,0.10264338583503302,0.2549468871833704
2026-06-13,PIT,MIA,5.0,3.0,2.0,4.6,7.8,5.3,6.9,5.3,5.85,6.4,2.0,5.4,2.6,4.0,3.7,2026-06-13,Mason Montgomery,0.3044871794871795,0.1086538461538461,0.2736455851840467,Lake Bachar,0.2907682264825122,0.0811258846973132,0.3051447746655234,0.2292898175992805,0.13963925503311692,0.20175591433606505,0.25179691674719634,0.10077767621527378,0.23994627292413326,0.3262687639158227,0.10335200746965449,0.2713345686100527,0.26447587197545047,0.10115580053307602,0.2544726166766871
2026-06-14,PIT,MIA,6.0,2.0,4.0,4.8,7.6,4.6,6.5,5.35,5.65,6.0,2.4,4.9,2.6,4.05,3.4,2026-06-14,Paul Skenes,0.2850271125814604,0.0570169082125603,0.2400080042445338,Max Meyer,0.2633170883636722,0.0884453078552457,0.2785608559228218,0.22066236661888833,0.12865886287625417,0.20829000524515595,0.2520063498446537,0.10029723946106804,0.24232859174338361,0.32183526637887694,0.0994111207701471,0.26108612140508375,0.264145921095013,0.10118855018063307,0.25549567867447354
2026-06-23,PIT,SEA,5.0,2.0,3.0,6.0,4.2,4.6,5.4,5.45,5.95,2.4,3.4,3.4,4.5,4.0,4.0,2026-06-23,Mitch Keller,0.1804393818741644,0.0873357898140506,0.1852499574230461,George Kirby,0.2092287627969787,0.0571851269392498,0.2046031927669581,0.23448873348873348,0.08541849816849817,0.2565485955615266,0.2521514662094094,0.09689930931125584,0.2446535264141614,0.31074846206425144,0.09279904306220094,0.27312146537433274,0.23969797556663477,0.08228506981186189,0.24294345373158635
2026-06-24,PIT,SEA,12.0,11.0,1.0,5.2,3.8,4.2,4.9,5.05,5.65,2.4,2.8,3.2,4.0,3.95,4.05,2026-06-24,Carmen Mlodzinski,0.1888082039555992,0.0852328019019363,0.1889382076254709,Bryan Woo,0.2492302368259389,0.0431497967300066,0.2111121712764854,0.26394327894327885,0.07850940725940725,0.2963819288948599,0.254713415428853,0.09682348376186135,0.24735833409668262,0.3289302802460697,0.08370813397129184,0.29212146537433276,0.2424175639081388,0.08239423463587744,0.24543784039321187
2026-06-25,PIT,SEA,6.0,5.0,1.0,5.0,3.2,5.0,4.2,5.15,5.55,2.0,5.0,2.3,4.9,3.55,4.55,2026-06-25,Mason Montgomery,0.3122222222222222,0.1025,0.2807492507492507,Bryce Miller,0.3171878886507369,0.0302078726227333,0.2363831284589326,0.2769302919302919,0.0594617882117882,0.28403073841866944,0.2549385886450833,0.09561319021483808,0.24545683111095026,0.30923331054909997,0.08825358851674639,0.2978906961435635,0.2410918898138325,0.08193248852111079,0.24621602123445055
2026-06-26,PIT,CIN,10.0,4.0,6.0,5.4,2.6,5.2,4.1,4.9,5.3,3.8,3.2,4.2,3.4,3.65,4.7,2026-06-26,Mason Montgomery,0.3182795698924731,0.0991935483870967,0.2788612820870885,Andrew Abbott,0.1738916557423422,0.1065517081020513,0.2045076463813855,0.2690136252636252,0.07154512154512156,0.26904757343550445,0.2541060134766255,0.09674759527391416,0.24562723145846027,0.2061289029168286,0.11136924307202942,0.22790508774379742,0.2172643874124047,0.1199102924779544,0.2242526612428996
2026-06-27,PIT,CIN,16.0,7.0,9.0,6.0,3.4,5.4,4.3,4.65,5.05,5.0,3.0,4.6,3.7,3.85,4.65,2026-06-27,Jared Jones,0.2333333333333333,0.0934523809523809,0.2890725882418389,Chase Burns,0.3032324318899452,0.0855247339038337,0.3045219915001881,0.29937076812076807,0.05904512154512156,0.27440471629264734,0.25623364048997677,0.09556774655106154,0.24720494814799124,0.22168445847238413,0.10692479862758497,0.25040508774379744,0.21788191590308298,0.1192447471553133,0.22551200297736335
2026-06-28,PIT,CIN,13.0,9.0,4.0,5.8,4.0,5.9,4.1,4.75,5.45,4.8,4.0,5.2,3.9,4.0,4.8,2026-06-28,Mitch Keller,0.1787773051224138,0.0842811491045186,0.1874218350841057,Brady Singer,0.1802050154103817,0.0756179927934313,0.2195380205248608,0.3030504218004218,0.06791958041958043,0.275071382959314,0.2558847138247087,0.09605926329579136,0.2474394266843608,0.21244076099339254,0.11070631123262697,0.2419899404787203,0.2169556841370837,0.12041809242852812,0.22487497878601642
2026-04-27,SDP,CHC,16.0,9.0,7.0,5.4,6.4,4.5,5.0,4.85,4.1,4.8,5.6,6.6,4.1,5.6,4.2,2026-04-27,Randy V\xc3\xa1squez,0.2640269151138715,0.0728778467908902,0.2710951150486034,Matthew Boyd,0.391640866873065,0.0529411764705882,0.3500706588941883,0.23211621605163799,0.07628946887679555,0.33662620147742506,0.25232297406423576,0.07810234305582862,0.30913787018491085,0.19792666483842952,0.0863665501165501,0.20547244196001208,0.20700845176407282,0.08290814047624351,0.21255795415869758
2026-04-28,SDP,CHC,11.0,3.0,8.0,7.0,7.8,4.7,5.1,5.2,4.2,4.8,6.6,6.3,4.6,5.65,4.55,2026-04-28,Walker Buehler,0.2197744360902255,0.1054887218045112,0.2318290182218294,Edward Cabrera,0.1807095010252904,0.0959808612440191,0.2419182444631641,0.2310292595298989,0.069495990615926,0.34037620147742503,0.25224001070479873,0.07754511651812046,0.3076210414878307,0.2035946810327615,0.09162970801128693,0.20251677693538156,0.2071297574201211,0.08186412111317884,0.21015447790691985
2026-05-01,SDP,CHW,10.0,2.0,8.0,5.8,7.2,4.9,5.4,5.0,4.45,5.8,5.0,6.2,4.9,4.5,4.0,2026-05-01,Germ\xc3\xa1n M\xc3\xa1rquez,0.1645909645909645,0.0683272283272283,0.1928205128205127,Noah Schultz,0.2844444444444444,0.1385185185185185,0.2494908765070055,0.2001324151462124,0.08841117630742745,0.321911599488606,0.24347823646642464,0.08393844048868275,0.3042339667946678,0.27148478714268187,0.11000184026499812,0.2669897904388862,0.21345227960493923,0.1241297495613946,0.21584331799832412
2026-05-09,SDP,STL,6.0,4.0,2.0,3.6,3.4,3.1,4.5,3.9,4.8,3.4,2.8,5.3,3.4,5.0,3.85,2026-05-09,Randy V\xc3\xa1squez,0.2253401360544217,0.0825939071280685,0.2391880221361659,Dustin May,0.1614134149603256,0.0573752563226247,0.1410041013326229,0.2669628989288432,0.0842565415320833,0.298714174694268,0.2561144549742841,0.0793112809954791,0.30527712917373523,0.2045241686418157,0.08120304532069235,0.22666807521979931,0.2010835967121611,0.10763331127800735,0.21166273400144867
2026-05-19,SDP,LAD,9.0,4.0,5.0,3.8,2.8,3.1,3.1,3.85,4.35,7.2,1.2,4.9,3.5,4.45,3.15,2026-05-19,Griffin Canning,0.2461836409204829,0.1781727044884939,0.2768115942028985,Emmet Sheehan,0.2879312665997448,0.0694283675261936,0.306445932018234,0.2713131553688829,0.11741727828415134,0.3305044953055413,0.2603181814238756,0.08798659322813512,0.30923717638784637,0.21326739926739924,0.0731282051282051,0.2143721642218404,0.25517398895107873,0.07728829404671121,0.2505106323071613
2026-05-20,SDP,LAD,4.0,0.0,4.0,4.4,2.4,3.4,3.4,3.7,4.0,7.2,1.6,5.2,3.2,4.45,3.15,2026-05-20,Randy V\xc3\xa1squez,0.2237493987493987,0.0642397055440533,0.2348810757248011,Shohei Ohtani,0.2931163039858692,0.0644349611740915,0.3012756607019841,0.28359385712326884,0.11882078705608116,0.324130868931915,0.2618393304219893,0.08754242809143786,0.309204991623356,0.2103200308463466,0.0756545209176788,0.22170549755517377,0.25426281194778066,0.07785920963544642,0.25220089151177705
2026-05-22,SDP,ATH,10.0,7.0,3.0,4.0,3.2,3.4,3.2,3.25,3.85,5.0,5.2,4.6,4.3,4.85,4.55,2026-05-22,Walker Buehler,0.2073385593980559,0.0838573706994759,0.1875067534566892,Jeffrey Springs,0.2064392925914664,0.0692028949311557,0.2181652315620591,0.2649664061428767,0.12372274784039487,0.29553238408343013,0.25989703116167656,0.08915720847052415,0.30598683162114776,0.24326004016473793,0.047229883979109974,0.3260793215856842,0.219923277533175,0.08753855118829254,0.27043902655715546
2026-05-25,SDP,PHI,3.0,0.0,3.0,3.0,3.4,3.4,3.1,3.35,3.2,1.8,3.4,3.0,2.5,3.85,2.8,2026-05-25,Griffin Canning,0.2471377306903622,0.1461295283663704,0.2721248246844319,Jes\xc3\xbas Luzardo,0.2799618650270823,0.0677168789342702,0.3003278719772913,0.2771433958198664,0.1362793578970049,0.3127172162875488,0.2625082830268912,0.08907304717597928,0.3078975147452357,0.2795970695970696,0.04010989010989009,0.25757870432707425,0.2649461222162499,0.07108897272436823,0.23278380883212993
2026-05-26,SDP,PHI,7.0,3.0,4.0,2.2,3.0,3.3,2.7,3.35,3.15,2.2,2.6,3.2,2.2,3.7,2.55,2026-05-26,Randy V\xc3\xa1squez,0.2013744588744588,0.0721014492753622,0.2143341446229092,Aaron Nola,0.2230873956960913,0.0820737812911725,0.2259079373386049,0.2675280112044818,0.1372408963585434,0.3088041728092879,0.2622722776867612,0.08975091421039476,0.3058617125802313,0.2826273726273726,0.04920079920079918,0.2548514315998015,0.2668082022430445,0.07146293721841962,0.2335374590943024
2026-05-27,SDP,PHI,3.0,0.0,3.0,2.8,3.0,3.4,3.1,3.3,3.2,2.2,1.4,3.3,2.4,3.9,2.5,2026-05-27,Walker Buehler,0.2047865216400685,0.0936534518113465,0.1903776997326419,Cristopher S\xc3\xa1nchez,0.2934980807825635,0.054677697781146,0.3063884784221593,0.24291262658909715,0.13262551174315879,0.2881922565451977,0.2602643865045277,0.09093786309253843,0.30362696207291556,0.28592407592407587,0.05744255744255742,0.27803983739690297,0.2704143181559226,0.07298855234115544,0.2396796800611551
2026-06-06,SDP,NYM,5.0,3.0,2.0,2.0,4.2,2.4,4.5,2.9,3.8,6.2,2.2,4.0,3.5,4.1,3.8,2026-06-06,Griffin Canning,0.2232902331586541,0.1341260347839295,0.237710876030756,Nolan McLean,0.2829515853150237,0.087807534600736,0.2209916710596567,0.20265889081678554,0.09189078465394253,0.23094912632917097,0.2528551552510677,0.08952752096274753,0.29548648435554786,0.29647670990816494,0.08180156045010964,0.28473070776790205,0.24909272503743302,0.0778136898032407,0.24483053822676762
2026-06-07,SDP,NYM,10.0,3.0,7.0,2.2,3.8,2.7,4.4,3.0,3.55,5.4,2.6,4.1,3.4,4.15,3.85,2026-06-07,Randy V\xc3\xa1squez,0.1867223054723054,0.0632896692679301,0.2023293823319242,Huascar Brazob\xc3\xa1n,0.2269841269841269,0.0834803057025279,0.2735735034754643,0.2043255574834522,0.08605745132060919,0.24057875595880054,0.2530743855909979,0.08916465025963513,0.29549933851333754,0.2639767099081649,0.07180156045010963,0.28762925849253973,0.2471537762087231,0.07659785090006506,0.2462133944003077
2026-06-08,SDP,CIN,8.0,6.0,2.0,2.4,4.6,2.7,4.7,3.05,3.9,3.0,7.0,3.5,5.8,4.65,5.6,2026-06-08,Walker Buehler,0.2007480272926497,0.0815167653983443,0.1892570574695093,Andrew Abbott,0.1564078221972958,0.1037078516025884,0.1906281767804712,0.207122760280655,0.0797637450269029,0.24759215233389908,0.2519610074070476,0.08919190714478288,0.2948715230511943,0.20326087019275874,0.10455131091818397,0.2112924183263166,0.2265467651321758,0.12696698971413703,0.22801187923696717
2026-06-26,SDP,LAD,8.0,7.0,1.0,4.4,3.2,4.1,3.4,3.6,3.95,4.2,4.4,4.1,4.0,5.1,4.25,2026-06-26,Walker Buehler,0.2077845690202669,0.0744486215538846,0.193094166794563,Roki Sasaki,0.2404088850577144,0.0866845566176669,0.269660298790898,0.23798124153967803,0.07968137254901961,0.2747087963292703,0.25289129957240597,0.08817522011507775,0.2941354728284181,0.2621831871831871,0.0845441595441595,0.280497140286614,0.2605471300992648,0.07683216809167577,0.2553002010765341
2026-06-27,SDP,LAD,18.0,3.0,15.0,4.6,3.2,4.5,2.8,3.75,3.55,4.0,5.2,3.8,4.1,4.8,4.6,2026-06-27,Randy V\xc3\xa1squez,0.176136110266545,0.072013252448035,0.1915266531757455,Yoshinobu Yamamoto,0.2484528319621487,0.0490143770423273,0.24639426860148,0.2138740986825352,0.0734313725490196,0.24387546299593693,0.25062301547060806,0.08707302986363927,0.2920212794180629,0.25790968290968286,0.10121082621082618,0.29110320089267455,0.2587247396237995,0.07792771075722443,0.2555127263405675
2026-04-22,SEA,ATH,9.0,5.0,4.0,3.6,4.2,3.9,4.0,3.6,3.65,4.6,6.2,4.4,5.1,3.7,4.45,2026-04-22,Logan Gilbert,0.2768115942028985,0.0416666666666666,0.267563855063855,Aaron Civale,0.1677188552188552,0.0579545454545454,0.2099572837907938,0.19176406926406925,0.07597402597402596,0.22570989084513426,0.24510894198394195,0.06262221574721574,0.24299040090078058,0.2460338302048828,0.10595963685437366,0.2894368519841307,0.22491025035336176,0.10143302711220666,0.2704217021349023
2026-05-01,SEA,KCR,13.0,6.0,7.0,6.0,5.2,4.9,4.5,4.7,4.4,5.8,4.6,5.0,6.2,3.65,4.8,2026-05-01,Bryan Woo,0.1888093443565707,0.0418016516217415,0.2035086346638419,Cole Ragans,0.297487922705314,0.158095238095238,0.2388501800884122,0.2457165787428945,0.07077577393366866,0.23615296568402472,0.2413858778459797,0.0666205281230748,0.2453515839031191,0.200784432958346,0.12190762136414308,0.18957048372555835,0.20860602240026377,0.11473118564220781,0.2019639034565484
2026-05-05,SEA,ATL,5.0,2.0,3.0,4.8,3.8,5.0,4.7,4.45,4.35,6.8,4.6,6.1,3.5,6.35,3.9,2026-05-05,George Kirby,0.1925888561356541,0.0641402275885034,0.194690724886365,Bryce Elder,0.2119840132262492,0.0771616524722114,0.191249637619574,0.24951750004381582,0.0880374011952959,0.263309868923646,0.24571462372214248,0.06968179272690549,0.24677948868453262,0.2678323121666775,0.07758275779947606,0.25830421911049006,0.26616697775431003,0.06018285884126955,0.26347805540796393
2026-05-06,SEA,ATL,4.0,3.0,1.0,3.8,4.2,4.7,4.6,4.25,4.45,7.0,4.0,5.7,3.5,5.85,3.95,2026-05-06,Bryan Woo,0.173265152305632,0.0358299871043499,0.1934835916166264,Mart\xc3\xadn P\xc3\xa9rez,0.1824705995758626,0.079215667373562,0.1789292871216553,0.2722447727710885,0.1005374011952959,0.2666432022569793,0.2527781063965274,0.07121840959560256,0.24918376214699933,0.33014000447436975,0.06989045010716835,0.29825519950264695,0.2778921945717611,0.05855629508880281,0.2687444142708118
2026-05-15,SEA,SDP,2.0,0.0,2.0,4.6,2.8,4.6,3.4,4.8,4.2,2.4,4.4,3.4,3.6,3.95,5.0,2026-05-15,Emerson Hancock,0.2644491140057501,0.0488539608962949,0.2140492340346991,Randy V\xc3\xa1squez,0.234672619047619,0.07226966873706,0.2364634324126234,0.25986741328846585,0.06469482272113848,0.27283066438916764,0.24693983249605253,0.0701320675602972,0.24965082652040768,0.2799888478681048,0.07485892160814758,0.28518600348193446,0.26105001407798895,0.07870673231547647,0.30517741950370647
2026-05-16,SEA,SDP,11.0,4.0,7.0,4.4,2.0,4.5,3.2,4.6,4.0,2.8,3.2,3.2,3.3,4.0,5.0,2026-05-16,Logan Gilbert,0.2578636093967901,0.0467676767676767,0.2658558884721675,Walker Buehler,0.1991649702319038,0.082975905673274,0.1967405521842299,0.23422638764744025,0.06469482272113848,0.24425923581773906,0.24316168237220867,0.06857357717006839,0.24621943249191183,0.2977666256458826,0.08374781049703647,0.31181643826454314,0.2642079683034892,0.08146339749012473,0.3071348496928515
2026-05-18,SEA,CHW,7.0,6.0,1.0,5.0,4.4,4.5,4.0,4.6,4.3,6.2,5.0,5.2,5.1,5.65,4.35,2026-05-18,Bryan Woo,0.224047499412317,0.0477090375890975,0.2021404236768453,Brandon Eisert,0.0972222222222222,0.1527777777777777,0.2316498316498316,0.19306477148582407,0.0869170449433607,0.22025923581773904,0.24049759186937236,0.0730432594654319,0.24283420841424183,0.17900126502213784,0.09152149031655671,0.2416951355847557,0.21930403693319295,0.1105362111086385,0.2225392400001398
2026-05-20,SEA,CHW,9.0,5.0,4.0,2.8,4.0,3.7,3.4,4.25,3.9,4.4,4.4,5.0,4.6,4.9,3.9,2026-05-20,Emerson Hancock,0.2653689094192526,0.0484762480694338,0.2116335071761428,Sean Burke,0.2037417654808958,0.0543741765480895,0.1678038762968819,0.21741049155522835,0.09658303684619471,0.2410765405173967,0.24431951119652512,0.07418278105710972,0.24677259250902314,0.24269443459766035,0.09102052069794003,0.2661962970249415,0.22886294992422443,0.10926921085945378,0.2303848272223562
2026-05-30,SEA,ARI,6.0,5.0,1.0,5.6,3.4,4.5,3.2,4.45,3.35,6.0,2.8,5.7,2.6,4.75,2.85,2026-05-30,Bryan Woo,0.2321797183477706,0.0512516990982303,0.2027220232258383,Ryne Nelson,0.1932788037438848,0.0748401043874043,0.1837402706070378,0.22361111111111107,0.0831196581196581,0.25837826621863647,0.23753505138546688,0.07481104870301546,0.24556123609922334,0.2277303836514363,0.07162087912087911,0.1732285492422792,0.22564434993242363,0.07123295264143978,0.2253066729244071
2026-06-02,SEA,NYM,11.0,8.0,3.0,6.6,2.6,4.7,2.5,4.6,3.25,4.8,3.6,3.2,3.7,4.15,4.0,2026-06-02,Logan Gilbert,0.2534726629558818,0.0561295494628827,0.2558783936692703,Huascar Brazob\xc3\xa1n,0.2251428571428571,0.0857142857142857,0.2751996434937611,0.17456196581196579,0.07987179487179485,0.22781781053807829,0.23510274326063796,0.07482049626786468,0.2447637435334521,0.2507948917263467,0.07992656045010962,0.2561104629975056,0.24935039159233494,0.07847520762673606,0.24406999474473123
2026-06-03,SEA,NYM,8.0,1.0,7.0,7.0,1.6,4.9,2.7,4.85,3.35,5.0,3.8,3.1,3.7,4.1,4.3,2026-06-03,George Kirby,0.1989755670227934,0.0585989610090059,0.1972226670816291,Freddy Peralta,0.2357896076012018,0.0981581864190559,0.2490087155369547,0.16850135975135971,0.08896270396270395,0.22867987950359553,0.23571953882566477,0.07508424372099953,0.2448495838033955,0.2549615583930134,0.08513489378344297,0.26039088092807516,0.24936104091049338,0.07872561405908464,0.2445829836643353
2026-06-16,SEA,BAL,4.0,3.0,1.0,4.2,6.8,3.9,5.6,4.4,4.15,5.2,4.8,5.8,4.7,5.35,4.25,2026-06-16,Logan Gilbert,0.258764258818198,0.0575689757677335,0.2658804598797827,Brandon Young,0.1676685575632943,0.083383509278246,0.2063079612220157,0.2154642957661533,0.1288096578344256,0.2203897144111576,0.23310465036148725,0.08150327007396149,0.2396542551597683,0.19375104427736006,0.05272347535505428,0.23507363426513353,0.21849241479510143,0.07881329851472774,0.2588917192171131
2026-06-17,SEA,BAL,8.0,3.0,5.0,4.4,5.6,4.1,5.0,4.5,4.1,4.0,5.0,5.1,4.8,5.15,4.25,2026-06-17,George Kirby,0.20988796013962,0.0612697788634819,0.2043367541550742,Kyle Bradish,0.2265607600782493,0.1223955246985648,0.2341343906499165,0.20653572433758188,0.1288096578344256,0.18962048364192682,0.233825330297827,0.08038678692226339,0.23742506093734786,0.18263993316624894,0.07772347535505428,0.25402100268618616,0.21553981459516763,0.08112663231858278,0.2607985878763413
2026-06-18,SEA,BAL,3.0,3.0,0.0,4.0,5.2,4.1,4.8,4.4,4.15,3.6,4.6,4.3,4.8,5.35,4.2,2026-06-18,Bryan Woo,0.2413181108849345,0.0433747822107213,0.2094742868539851,Shane Baz,0.1896086630938847,0.0871624065589582,0.193165592530638,0.22320239100424857,0.12047632450109227,0.1976561979276411,0.23517003304155004,0.0815527312431337,0.23614711609842615,0.19121136173767753,0.09200918964076857,0.25643479578963446,0.2164754742100892,0.08194970579243023,0.26132127337132344
2026-06-19,SEA,BOS,8.0,2.0,6.0,2.6,4.8,4.0,4.8,4.45,4.15,2.8,4.4,3.4,4.3,4.4,4.25,2026-06-19,Bryce Miller,0.2971358700925264,0.0352425180598555,0.2229347880801369,Ranger Suarez,0.2391427440032439,0.0754377032246245,0.2192507000892063,0.23643768512189559,0.12194691273638639,0.20826225853370173,0.23536776593432937,0.08379869482655858,0.23663485152014413,0.21474673202614375,0.04764705882352941,0.22436624803911548,0.2421266995767308,0.08083046756675466,0.23712961423754494
2026-06-20,SEA,BOS,6.0,1.0,5.0,2.4,4.4,3.8,4.9,4.55,4.2,2.8,4.2,3.9,3.9,4.4,4.0,2026-06-20,Emerson Hancock,0.2353283743607378,0.0541997896525519,0.2013677433534921,Connelly Early,0.2207687043744578,0.0917262348816777,0.2016970685930355,0.24170084301663244,0.10089428115743901,0.22061519971017232,0.23504090474821285,0.08269608042094596,0.23777820099704625,0.20808006535947712,0.04875816993464053,0.2090067709149325,0.24337610551860211,0.08124527090297873,0.23710447044863417
2026-06-21,SEA,BOS,4.0,3.0,1.0,2.4,3.4,3.3,5.1,4.3,4.05,3.0,3.2,4.3,3.7,4.25,4.05,2026-06-21,Logan Gilbert,0.2681799748969847,0.0563977107165512,0.2717662069989083,Payton Tolle,0.2605641025641025,0.0704282384282384,0.2238069414535951,0.26074846206425145,0.1094657097288676,0.24003875860741544,0.23631742979477288,0.08335370708214582,0.23994682052646002,0.2147467320261438,0.02875816993464052,0.20464169154985315,0.24459174373231468,0.08014736183672225,0.23765410973686585
2026-06-29,SEA,LAA,8.0,6.0,2.0,2.6,5.4,2.5,4.1,3.3,4.45,3.6,3.8,4.2,3.9,4.9,4.1,2026-06-29,George Kirby,0.2077260391962415,0.0582406861351763,0.2002289547574848,Ryan Johnson,0.166048454469507,0.1123361433887749,0.2446980474133981,0.27920771179285103,0.07870766488413546,0.3208658843736243,0.24041261384527635,0.08121403286706248,0.2462326837502355,0.3235120435120435,0.10189976689976687,0.30903026458529304,0.24244699309178472,0.10948940345007323,0.264779356703039
2026-06-30,SEA,LAA,11.0,8.0,3.0,3.6,3.6,2.8,4.3,3.4,4.55,3.8,3.8,3.7,4.5,4.9,4.0,2026-06-30,Bryan Woo,0.2461533470243177,0.0467029344343812,0.2128633127456181,Jos\xc3\xa9 Soriano,0.2503761088457772,0.1175430857598569,0.3011808017828977,0.27920771179285103,0.07870766488413546,0.33359315710089704,0.24052540662356722,0.08319975012744998,0.2480417110002327,0.3193162393162393,0.09910256410256407,0.30903026458529304,0.24231120515780152,0.11000517961746951,0.26493050113414063
2026-04-21,SFG,LAD,4.0,3.0,1.0,3.4,3.6,3.8,3.3,3.4,4.15,7.2,3.8,5.8,3.5,6.0,3.5,2026-04-21,Landen Roupp,0.2708488612836439,0.0784886128364389,0.2239035278745644,Yoshinobu Yamamoto,0.2191558441558441,0.0307088744588744,0.282164902500677,0.30506854256854254,0.08413419913419912,0.3048814117404949,0.27009372538678755,0.10347100068990019,0.2990373349758934,0.349264332159069,0.06348826611984507,0.2841028087354924,0.2733373994192317,0.08240206294315496,0.25641189250792346
2026-04-22,SFG,LAD,3.0,3.0,0.0,3.8,3.4,3.5,3.4,3.55,4.05,5.8,4.0,5.1,3.1,5.9,3.55,2026-04-22,Tyler Mahle,0.2420076726342711,0.1301950127877237,0.2205981717011128,Shohei Ohtani,0.2662494510320597,0.0876701800614843,0.2673731030873887,0.3029852092352092,0.08830086580086578,0.3128814117404949,0.27193747645692723,0.1044070441381654,0.303427016063898,0.3275976654924023,0.08182159945317839,0.2756412702739539,0.2723227298792651,0.08968892977171343,0.25830702761627455
2026-04-23,SFG,LAD,3.0,0.0,3.0,3.8,1.8,3.3,3.4,3.65,3.9,4.4,4.4,4.5,3.1,5.8,3.5,2026-04-23,Logan Webb,0.2058730158730158,0.0847269027269026,0.1797189936309537,Tyler Glasnow,0.3048007246376811,0.0629528985507246,0.2650584795321637,0.2886994949494949,0.0865151515151515,0.2910632299223131,0.26060674827122193,0.10526508396574184,0.29495089039456895,0.293254231148968,0.07273069036226928,0.2606412702739539,0.2656055790972586,0.08595189103122537,0.25587756813226314
2026-04-24,SFG,MIA,13.0,4.0,9.0,3.2,2.4,2.7,3.4,3.5,3.95,3.8,3.4,4.0,4.7,4.7,4.5,2026-04-24,Adrian Houser,0.0998544973544973,0.0701851851851851,0.1651933183183182,Sandy Alcantara,0.1601612903225806,0.0926666666666666,0.2486476308353601,0.2682449494949495,0.08992424242424242,0.2763965632556464,0.26018247834037306,0.10605448060711216,0.2964861881121195,0.28697592440239494,0.10307040182040181,0.2563186619905687,0.29462685657538595,0.10936831874331872,0.29297722087922623
2026-04-25,SFG,MIA,8.0,6.0,2.0,2.0,3.2,2.9,3.7,3.25,4.25,5.2,3.2,4.8,4.5,4.95,4.25,2026-04-25,Robbie Ray,0.2694239094239093,0.098041958041958,0.2654984914338609,Tyler Phillips,0.2781746031746032,0.148015873015873,0.3634353741496599,0.25906620553359677,0.08630105401844532,0.25703486112798685,0.2551921823506932,0.10699218453025,0.2891745262125535,0.2814203688468394,0.10029262404262403,0.2511556185123078,0.28950844897903716,0.10832691932691932,0.2916929146527528
2026-04-26,SFG,MIA,9.0,6.0,3.0,3.2,3.0,3.3,3.3,3.5,4.0,4.6,3.8,4.8,4.3,4.6,4.45,2026-04-26,Landen Roupp,0.2866790890269151,0.1127908902691511,0.2331768763537056,Max Meyer,0.2525879917184264,0.0989648033126293,0.291466935777759,0.2415662055335968,0.08880105401844532,0.2470933406601506,0.2503702496710379,0.10765914065875926,0.2825795849125001,0.24808703551350608,0.10029262404262403,0.22586150086524898,0.28093761119779215,0.11185280704511472,0.28432011024303155
2026-05-05,SFG,SDP,15.0,5.0,10.0,1.2,4.0,2.5,3.7,3.0,3.55,2.4,4.6,4.7,6.2,4.45,4.8,2026-05-05,Logan Webb,0.2034287278129642,0.0809534435642809,0.1927355861217322,Walker Buehler,0.2134483937115515,0.1106345408976987,0.2140241818515245,0.161801886306362,0.08592858548101513,0.1318399067210081,0.23207373775922702,0.10030422485679873,0.24944439342894484,0.20639307158270004,0.08267446133158204,0.2777830627954141,0.2543377749674911,0.08079151131162127,0.30575791187764806
2026-05-08,SFG,PIT,7.0,5.0,2.0,2.0,5.0,2.8,4.9,2.75,4.15,4.6,3.6,5.0,4.9,4.95,4.15,2026-05-08,Robbie Ray,0.2521240664097807,0.0904381332952761,0.2445437403799286,Carmen Mlodzinski,0.2582174898945085,0.0832100956324558,0.2028744673678555,0.14727290079911562,0.08908075939405861,0.1426301802772391,0.2225061013272751,0.10263795653316449,0.24475542149756468,0.22597696054919053,0.0834335109949637,0.23020912050313544,0.2640528751444141,0.09480212371166423,0.23360073521114746
2026-05-09,SFG,PIT,16.0,3.0,13.0,3.0,4.8,2.9,4.2,2.9,3.95,1.6,3.2,5.0,5.0,4.25,4.15,2026-05-09,Landen Roupp,0.2737838903677413,0.10356929245128,0.2385939837202903,Braxton Ashcraft,0.2816223459080602,0.0829196729196729,0.2765845893573749,0.1299652084914233,0.11215768247098168,0.15691589456295335,0.21867496910611198,0.1060098321709557,0.24207388784913256,0.2399554551728465,0.0769818980917379,0.24634766140217743,0.26582929714925824,0.09237130002674976,0.2365295903841058
2026-05-22,SFG,CHW,13.0,4.0,9.0,4.8,5.6,4.3,4.7,3.45,5.0,4.0,5.0,4.6,3.9,4.9,4.1,2026-05-22,Trevor McDonald,0.2264957264957264,0.0384615384615384,0.2558380902957965,Davis Martin,0.2761316380881597,0.0480680752419882,0.2450783627898495,0.22823593073593074,0.09846320346320345,0.2301305498044628,0.21431915426446987,0.10572229801651661,0.23752279017779324,0.23141238331560912,0.08537949505691439,0.26202963035827487,0.227331994902223,0.10860908567707873,0.23078513687087954
2026-05-23,SFG,CHW,13.0,10.0,3.0,4.4,6.6,3.8,5.3,3.35,5.3,4.8,3.8,4.9,4.2,5.1,4.1,2026-05-23,Adrian Houser,0.117718195112042,0.0892661336648114,0.1581471308197397,Erick Fedde,0.1418463115831536,0.095397584871269,0.1589737075098496,0.22406926406926403,0.11512987012987011,0.2448391529496987,0.21420178522660446,0.10691728563710777,0.2374545502368853,0.2516504785537043,0.08656997124739059,0.2395658622423328,0.23111868833751184,0.10810357063020383,0.22950276746679527
2026-05-24,SFG,CHW,13.0,8.0,5.0,4.4,7.0,4.2,5.4,3.85,5.1,3.8,5.2,5.0,5.1,4.85,4.25,2026-05-24,Robbie Ray,0.2194634351156089,0.09708595752074,0.2343584492069389,Brandon Eisert,0.1875,0.173611111111111,0.2783249158249158,0.2392478354978355,0.10709415584415583,0.2584105815211273,0.2184959816645544,0.10606310706716339,0.2389320726224397,0.24887270077592655,0.08934774902516837,0.2362045177045177,0.22931026089734277,0.10761787970281421,0.22780383365091972
2026-05-25,SFG,ARI,8.0,2.0,6.0,5.6,5.6,5.0,5.5,4.15,5.2,4.8,2.4,6.0,2.8,4.6,2.9,2026-05-25,Landen Roupp,0.273955486542443,0.097498504715896,0.2390658874835703,Merrill Kelly,0.1495758005435424,0.0919963369963369,0.250026335815335,0.26702561327561325,0.10431637806637806,0.26859576670631247,0.21961450611952088,0.10511013439713306,0.23914090144088423,0.17083333333333334,0.08476190476190475,0.15022589919615087,0.22336213221769158,0.07335077094815903,0.2271639875360538
2026-05-26,SFG,ARI,12.0,5.0,7.0,5.4,5.8,5.0,5.6,4.25,5.35,4.8,2.2,5.7,2.9,4.9,2.9,2026-05-26,Tyler Mahle,0.2358177645031864,0.0902854643225486,0.1921975191021102,Eduardo Rodr\xc3\xadguez,0.1771763584708885,0.0931200057539468,0.1543028344071854,0.25995490620490613,0.09724567099567097,0.24871999030879693,0.2176051839897355,0.10522126359554006,0.23632267218714806,0.1651190476190476,0.07476190476190475,0.14800367697392866,0.22181395934537335,0.07194017919915598,0.22493220145095874
2026-05-27,SFG,ARI,5.0,2.0,3.0,5.8,6.0,5.3,5.8,4.45,5.45,5.8,3.0,6.2,3.0,5.05,2.75,2026-05-27,Trevor McDonald,0.2254273504273504,0.0427350427350427,0.258545234388514,Michael Soroka,0.2392249007031615,0.0603507973507973,0.2033656729067846,0.24767420445052024,0.11303514467988152,0.2433866569754636,0.21747647729518527,0.10617896310911398,0.23711680542010902,0.18755494505494505,0.0741208791208791,0.13708060005085176,0.2234343055405985,0.07203419613734316,0.22370706557452555
2026-06-08,SFG,WSN,7.0,3.0,4.0,7.2,7.2,7.1,6.8,6.05,6.2,5.0,3.6,4.8,4.1,5.25,3.55,2026-06-08,Logan Webb,0.204791413816901,0.0760152365819532,0.1904173026297101,Miles Mikolas,0.1411960614205196,0.0651783020900667,0.1460554006289331,0.14153138921472475,0.11896923681753399,0.17673011777580444,0.20604155099401,0.10650811119964558,0.22740493145248544,0.1439230494493652,0.12722796485954377,0.16316092013159084,0.1868318412474245,0.09589646502165822,0.20770835510419863
2026-06-09,SFG,WSN,9.0,3.0,6.0,7.4,4.8,6.9,6.5,6.1,6.15,5.2,2.8,5.0,4.1,5.3,3.6,2026-06-09,Adrian Houser,0.1431227011680863,0.0864301197291281,0.1634951719630432,Richard Lovelady,0.1763431013431013,0.1068681318681318,0.2002148492533108,0.14277362523956946,0.11896923681753399,0.18902247657979115,0.20509850012629557,0.10491843789815834,0.22827522032206457,0.15710896263527838,0.12387006150164041,0.16983391190894695,0.1864636370819728,0.09486856296203686,0.206774816823876
2026-06-10,SFG,WSN,21.0,11.0,10.0,7.4,4.4,7.0,6.8,5.95,6.25,6.2,2.6,5.1,3.7,4.95,3.6,2026-06-10,Robbie Ray,0.218750550628741,0.1267347157331314,0.232751848811773,Foster Griffin,0.2302074785991763,0.0698946662157364,0.2130249287567769,0.14932124428718851,0.13027876062705782,0.20166797922529384,0.20514607120286965,0.10643924518396973,0.2284585367988098,0.15538906091537666,0.12485286248444141,0.17382039839543345,0.18505842316766574,0.09481033543184647,0.20630754010587782
2026-06-12,SFG,CHC,6.0,1.0,5.0,9.4,6.4,7.5,7.0,6.0,6.7,4.8,7.4,4.4,5.3,3.55,5.65,2026-06-12,Landen Roupp,0.2640313309878527,0.1054158965028529,0.245134434348787,Javier Assad,0.1383008804061435,0.0486820684189105,0.1184629734431658,0.14932124428718851,0.12333431618261334,0.20030434286165746,0.20458839867335946,0.10570180040674633,0.22659681887418937,0.21633037970178998,0.07266396213657873,0.2441959139520115,0.21381428629698884,0.08611141442971547,0.2262642813256423
2026-06-13,SFG,CHC,7.0,1.0,6.0,7.2,5.6,7.3,6.7,5.95,6.35,4.4,6.4,4.2,5.2,3.65,5.3,2026-06-13,Trevor McDonald,0.2262182262182261,0.074512788798503,0.2549337937615325,Ben Brown,0.2487968721816929,0.0721889132281962,0.2398795861806157,0.1555117204776647,0.10190574475404195,0.19782207335811136,0.20357046916850194,0.10419177468664996,0.2257406738426533,0.21966371303512328,0.05599729546991208,0.24355488831098587,0.213616939349889,0.08488125136643382,0.22660336302099027
2026-06-14,SFG,CHC,6.0,5.0,1.0,3.8,6.2,5.5,6.7,5.85,6.4,5.0,3.0,4.3,4.7,3.8,4.9,2026-06-14,Logan Webb,0.2097430361298426,0.0691047605290483,0.1937677957790753,Colin Rea,0.183812853238319,0.0798317710584791,0.1932812881810007,0.17698540468819102,0.08485311317509459,0.1924794485032914,0.20521032171542444,0.10328766518402109,0.22524399097833697,0.22323514160655183,0.06314015261276922,0.23280220013894284,0.21463239493248615,0.08469177700111181,0.226592138916651
2026-06-23,SFG,ATH,4.0,3.0,1.0,4.2,3.8,4.2,4.7,5.55,5.6,4.2,6.8,5.8,7.1,4.9,6.8,2026-06-23,Robbie Ray,0.2211055496753436,0.1156338550846559,0.2307417277808961,Aaron Civale,0.1487028604782227,0.0680350446654794,0.1833016914750271,0.25038069636456733,0.05839964157706092,0.20559753362384942,0.21187564906908332,0.10017804940720024,0.22453553700134912,0.21942574163082326,0.07542106814339114,0.23729218958450807,0.23558541707098757,0.08280934641825698,0.2652611662222019
2026-06-24,SFG,ATH,3.0,2.0,1.0,3.4,3.6,4.2,4.2,5.6,5.5,3.4,6.2,5.5,7.1,4.9,6.5,2026-06-24,Tyler Mahle,0.2280161495483513,0.0957140584750442,0.1819020508583776,Gage Jump,0.2181428571428571,0.0745238095238095,0.224679368602787,0.25609498207885306,0.07839964157706092,0.21035943838575416,0.21172141986039394,0.10147443837593789,0.22594849539527098,0.22418764639272806,0.09208773481005782,0.23895885625117477,0.23683859548460737,0.08388444026759556,0.2650655102449942
2026-06-25,SFG,ATH,15.0,6.0,9.0,2.4,2.8,3.3,3.3,5.4,5.15,2.8,4.2,5.0,6.9,4.85,6.2,2026-06-25,Landen Roupp,0.264160486856139,0.1006937769691392,0.25032863098107,Jeffrey Springs,0.2032893525556569,0.0761428117474312,0.2102711846045527,0.2583385718224428,0.05756630824372759,0.21485679288310866,0.21196562256435336,0.10017348403778484,0.22671472347628402,0.23339817270851754,0.0887982611258473,0.24565528482260332,0.23700519554176422,0.08440489039079055,0.2653268871496688
2026-06-26,SFG,ATL,4.0,1.0,3.0,3.0,3.8,3.8,3.7,5.55,5.2,2.6,4.0,2.9,5.0,3.75,4.2,2026-06-26,Adrian Houser,0.1668942880760468,0.0842870414004771,0.1824856576009758,Reynaldo L\xc3\xb3pez,0.2113756613756613,0.1158609908609908,0.2075845239388882,0.2566719051557761,0.062010752688172036,0.22152345954977531,0.21118124759518436,0.10017128803730654,0.22595462149135212,0.22502767113061228,0.08504364916129621,0.21728566456845994,0.25727755245919603,0.06543569454325028,0.25255597350324055
2026-06-27,SFG,ATL,5.0,5.0,0.0,2.6,3.2,3.8,3.4,4.65,5.05,2.6,3.8,2.7,4.4,3.5,4.1,2026-06-27,Logan Webb,0.2082441074944822,0.0610373614732973,0.1898364865383384,Grant Holmes,0.2030195063507756,0.1209196725760193,0.2698786733213402,0.26476714325101425,0.06915360983102918,0.22360679288310864,0.21122005342881595,0.09981200407969736,0.2254739387227102,0.19487382497676614,0.09335134146898852,0.21187255915535452,0.2560615830534561,0.06661774836145964,0.25196312639855256
2026-06-28,SFG,ATL,5.0,3.0,2.0,3.4,2.8,3.8,3.3,4.8,4.25,1.8,4.2,2.4,4.8,3.25,4.25,2026-06-28,Robbie Ray,0.2202174873033933,0.1170274287970373,0.2269586676669305,Chris Sale,0.28850711349725,0.0612185667786438,0.2714537212679945,0.24705285753672843,0.07943932411674345,0.21567028494660073,0.21037606687854843,0.10034342554608558,0.22406205196207324,0.19786527796821912,0.06557356369121074,0.20110700891612007,0.2566989994070222,0.06579530702366385,0.25109713942842454
2026-04-25,STL,SEA,20.0,9.0,11.0,3.6,4.0,3.9,5.2,4.3,5.2,3.8,3.8,3.5,4.3,3.5,3.9,2026-04-25,Matthew Liberatore,0.135022397891963,0.0852358366271409,0.1697972203235361,Bryan Woo,0.2154601021167737,0.0501619819460898,0.2242103615966103,0.20203178314633422,0.1438572005909467,0.20664106958572898,0.17983739954575864,0.12845474834762757,0.20325271818687482,0.22459235209235207,0.061529581529581504,0.22533222253643145,0.24529092702169622,0.05994187436495128,0.24246859287393008
2026-04-26,STL,SEA,5.0,2.0,3.0,4.0,5.2,4.7,5.6,4.3,5.4,5.0,5.2,4.5,4.8,4.05,4.1,2026-04-26,Michael McGreevy,0.1432298136645962,0.0464389233954451,0.1259790254471105,Emerson Hancock,0.2590160183066361,0.040274599542334,0.2088095238095237,0.19097915156738682,0.13999755146813966,0.19830773625239567,0.17676673033246024,0.1260782836675906,0.2012045367181489,0.23100260850260845,0.06922188922188918,0.2386655558697648,0.24475308641975305,0.06057080779303,0.24583395363168578
2026-05-01,STL,LAD,9.0,7.0,2.0,6.4,4.2,5.2,4.7,5.0,4.95,5.2,2.6,4.6,2.8,4.75,3.2,2026-05-01,Matthew Liberatore,0.1388344543836534,0.0798017936805121,0.1692754613807245,Emmet Sheehan,0.2657888407888408,0.0836940836940836,0.3023917638337628,0.24406038406038402,0.10920856920856918,0.22024887381853323,0.20125135908068092,0.11675178118152249,0.20704541618586508,0.24468253968253967,0.07928571428571426,0.28806870019348146,0.26645961884027397,0.08082911379375973,0.2664799700610238
2026-05-02,STL,LAD,5.0,3.0,2.0,7.4,4.0,5.6,4.4,5.1,4.9,3.2,3.2,3.6,3.2,4.7,3.35,2026-05-02,Michael McGreevy,0.1648127235083756,0.0386991028295376,0.1448375936696935,Roki Sasaki,0.2041282389108475,0.120641194554238,0.2700676350488615,0.24925518925518922,0.0871306471306471,0.23705559650760888,0.19942653982369535,0.11756757373388563,0.20950381835862825,0.24343253968253964,0.07553571428571426,0.2837208741065249,0.2639921307515154,0.08025632898770474,0.2649459492574864
2026-05-03,STL,LAD,5.0,1.0,4.0,7.2,4.0,5.4,4.3,4.95,4.55,2.4,3.8,3.7,3.2,4.4,3.15,2026-05-03,Dustin May,0.1683156507870466,0.0536044657097288,0.1360495003352146,Justin Wrobleski,0.1237111304291831,0.0794895736072206,0.1374050890773732,0.2603663003663003,0.0771306471306471,0.24557486628448513,0.20348432144519954,0.11602512200457596,0.21464947067586937,0.23093253968253963,0.06303571428571426,0.25372087410652494,0.2597802480014695,0.08161219780625914,0.25691728412847165
2026-05-04,STL,MIL,9.0,6.0,3.0,5.2,3.4,5.4,4.3,4.7,4.7,5.4,2.4,5.1,3.0,4.35,3.45,2026-05-04,Kyle Leahy,0.1650503112971143,0.0850397840295538,0.1648337766078237,Shane Drohan,0.2054824561403508,0.0798245614035087,0.2648065476190476,0.25062271062271063,0.08379731379731375,0.23037018792191205,0.20142105708896818,0.11457340272993155,0.2116042248063177,0.2578431656063235,0.08372927511085404,0.20965464201628953,0.235478229059297,0.09497463741582357,0.2374257146828628
2026-05-06,STL,MIL,8.0,2.0,6.0,5.4,3.2,5.8,4.3,4.85,4.75,5.6,2.4,5.2,3.1,4.4,3.6,2026-05-06,Andre Pallante,0.1906269388153445,0.1058340478630333,0.2455843133474712,Brandon Sproat,0.2154061624649859,0.1392662620603797,0.1923983198373442,0.24700280112044815,0.08017740429505132,0.23404984160156572,0.1990275142813842,0.11466122147546294,0.21205189630535792,0.2533897243107769,0.08130012531328319,0.2253689277305752,0.23629233687334245,0.09372925334322195,0.23926613483924922
2026-05-16,STL,KCR,6.0,4.0,2.0,4.2,3.6,3.5,3.4,4.55,3.9,4.0,5.0,4.1,4.4,4.55,4.95,2026-05-16,Kyle Leahy,0.1785496382347405,0.0975893618316891,0.1864450255504969,Noah Cameron,0.1954401303780185,0.0858213157902598,0.2144755922372201,0.23833459024635495,0.065666163901458,0.2637382938698728,0.20981049644291971,0.10345812117800576,0.22345287686621654,0.2403027769332117,0.12089482980787322,0.2704810600106032,0.2195937605698901,0.11204012287061448,0.22544841748324912
2026-05-20,STL,PIT,7.0,0.0,7.0,3.4,3.6,3.5,3.2,4.45,3.75,2.8,5.0,3.4,4.4,4.3,4.65,2026-05-20,Michael McGreevy,0.1886536169144864,0.0578789970094317,0.1757835511677418,Carmen Mlodzinski,0.2167778544590138,0.0813856299363545,0.1837652783712469,0.20755093230157168,0.07490480250071042,0.2639793679559971,0.20437393376524954,0.10295986922492305,0.22138722965611154,0.19356184348017377,0.09485393102226132,0.26119703682611456,0.24936724354769743,0.09481291690137196,0.23934996471426562
2026-05-21,STL,PIT,8.0,2.0,6.0,2.2,4.2,2.9,3.6,4.35,3.95,3.6,4.8,4.1,3.5,4.6,4.35,2026-05-21,Dustin May,0.1707716874192846,0.0709784757153177,0.1624611845053192,Braxton Ashcraft,0.2645218978552311,0.0644930789375233,0.2547462367817824,0.22275561066414476,0.0854311182901841,0.25842381240044154,0.2055985996188244,0.10300785440554418,0.22140462533457217,0.19147851014684045,0.10110393102226131,0.2558261928363447,0.2506556671487648,0.0941534696176705,0.2404676725172158
2026-05-29,STL,CHC,11.0,6.0,5.0,2.4,4.0,2.3,4.1,3.4,3.6,4.8,5.6,3.1,5.4,3.45,4.65,2026-05-29,Andre Pallante,0.1854608193738628,0.0901935504109416,0.2202053164750028,Shota Imanaga,0.2631279087738418,0.0644685697078041,0.2806690889566153,0.21591488602930248,0.08744707618849493,0.19305193573909118,0.21094093895891652,0.10049311284661487,0.21782307295378592,0.19745868682401188,0.07971821264390921,0.20433395043841288,0.21429617469253212,0.08929908726815051,0.22249440410270116
2026-05-30,STL,CHC,7.0,1.0,6.0,3.2,3.8,2.7,4.0,3.2,3.6,4.8,5.2,3.3,5.1,3.45,4.75,2026-05-30,Kyle Leahy,0.1841730439211257,0.0984048227986846,0.1983463038412072,Ben Brown,0.2471447649572649,0.0752056623931623,0.2465270522341315,0.23864215875657518,0.08744707618849493,0.20523680968867103,0.2112378805646222,0.09866596534031279,0.21867548767013423,0.21069398094165895,0.07383585970273274,0.21214347424793667,0.21491175788748845,0.08775944783249275,0.2227633839991242
2026-06-01,STL,TEX,3.0,1.0,2.0,2.6,4.0,2.4,4.1,3.0,3.75,5.2,3.8,4.5,5.1,4.55,3.9,2026-06-01,Michael McGreevy,0.1826428512199262,0.0632487407190964,0.1827506444286186,Jacob deGrom,0.2863118670233294,0.0488478992826818,0.3244184768913411,0.2394559826138773,0.07028988555304341,0.1983555010312777,0.21052867917728948,0.09722829314213716,0.21734657551140385,0.158344514962162,0.071181074537852,0.17511094109017597,0.19929586237535346,0.08498815107289925,0.21162807848791698
2026-06-02,STL,TEX,11.0,4.0,7.0,2.8,3.2,2.5,4.1,3.0,3.65,5.0,3.2,4.1,4.3,4.5,3.95,2026-06-02,Dustin May,0.1979041078885056,0.06534602558526,0.1916349085346551,Nathan Eovaldi,0.2328221098181572,0.0561415717937456,0.2906088751386256,0.24390942390942386,0.05976356976356974,0.20413327880905544,0.21220391415168638,0.09555194326037617,0.2184268069681038,0.20449836111600814,0.06683324845089547,0.20626013463856308,0.20366657236140526,0.08357168188835093,0.21383011051311837
2026-06-03,STL,TEX,8.0,5.0,3.0,3.4,4.2,2.9,4.1,2.9,3.85,6.2,3.0,4.6,4.2,4.85,4.1,2026-06-03,Andre Pallante,0.1837522600368449,0.0870446417877247,0.2135556352981309,MacKenzie Gore,0.2600690869233068,0.1166251619224764,0.2293533304663965,0.2671237096237096,0.06601356976356973,0.20782646062723725,0.21496316984403066,0.0949917408322342,0.21843228481610202,0.23177108838873545,0.05254753416518121,0.23959346797189637,0.2047987149903539,0.08220165431641074,0.21578917973967926
2026-06-05,STL,CIN,13.0,10.0,3.0,3.2,3.8,3.2,3.8,3.05,3.7,3.0,6.2,4.1,5.1,4.5,5.1,2026-06-05,Kyle Leahy,0.1847460572443134,0.089458929816986,0.1939511853101884,Brady Singer,0.1534062882317877,0.0660217808064698,0.2041792062455184,0.2507600732600732,0.07025599400599399,0.2099487017138247,0.21471378367996347,0.09563076737391919,0.21909282200465086,0.21148231541420395,0.09220166056853363,0.21766544548881747,0.2277346472340945,0.12746095263828752,0.22839947107825187
2026-06-06,STL,CIN,11.0,6.0,5.0,5.0,3.2,3.4,4.0,3.45,3.8,3.0,6.6,3.5,5.7,4.65,5.1,2026-06-06,Matthew Liberatore,0.2090782002767128,0.0843539679237619,0.2097637075295998,Nick Lodolo,0.1800254343357791,0.1060494103597551,0.2225425243614138,0.255066293355767,0.06260049161364947,0.19458284805528814,0.21637076220462326,0.09578867541524407,0.21790017678186369,0.21777602170791024,0.09255131091818396,0.21581622785012616,0.22654289734074062,0.1291272151887866,0.22951072633984937
2026-06-07,STL,CIN,8.0,5.0,3.0,5.2,4.0,3.9,4.0,3.45,4.05,3.6,6.8,3.9,5.5,4.75,5.35,2026-06-07,Michael McGreevy,0.1710458020240628,0.0652243891374326,0.1797165460107865,Chris Paddack,0.1582872650897956,0.0793816941796481,0.1968211359777345,0.2513068948595264,0.053577935222672034,0.20177981775225784,0.21457870407059285,0.09509259321414928,0.2177458728552745,0.20944268837457689,0.09255131091818396,0.21879241832631663,0.22823798362633735,0.12707757685245666,0.22964698843120473
2026-06-17,STL,SDP,7.0,1.0,6.0,5.4,4.4,5.8,3.7,4.6,3.85,3.8,3.6,3.6,3.8,3.1,4.15,2026-06-17,Kyle Leahy,0.1778546873775033,0.087289687025856,0.1856585629623348,Griffin Canning,0.2381913590795169,0.1397940874914559,0.2393942681341781,0.23678426836321567,0.07310584152689412,0.22846006504641436,0.21786671006328526,0.09241292082434419,0.22043099958204565,0.2451727684080625,0.08984694227341285,0.2878341248997251,0.2517881570784281,0.08957188503367326,0.29442365665335024
2026-06-22,STL,ARI,5.0,3.0,2.0,5.4,7.6,5.5,6.3,5.4,4.75,5.4,6.6,4.2,4.5,3.4,5.25,2026-06-22,Andre Pallante,0.1926428212918895,0.0805557796241025,0.2068933235158834,Merrill Kelly,0.1355481033952282,0.0865804223956397,0.2072360251541647,0.18651964511153812,0.10033596320204974,0.212723755840493,0.21290257282711383,0.09323108663915884,0.21752314114409077,0.2906084656084656,0.07089947089947088,0.3220055384049923,0.2294524857799701,0.07188911235265104,0.24257050615517098
2026-06-23,STL,ARI,7.0,3.0,4.0,5.4,7.6,5.4,6.0,5.5,4.55,5.8,5.8,4.4,4.6,3.45,5.15,2026-06-23,Kyle Leahy,0.1859841144695864,0.0840308998573425,0.1898188398239102,Eduardo Rodr\xc3\xadguez,0.1814632513262714,0.1024874112433719,0.1635899533955002,0.16651964511153813,0.10033596320204974,0.20798691373522984,0.21006387185608563,0.09198800548397006,0.21532458698146784,0.28167989417989414,0.07268518518518516,0.3025250189244728,0.23018315850638982,0.0728107750864756,0.24060087738574135
2026-06-26,STL,MIA,4.0,0.0,4.0,5.4,6.2,4.4,5.8,5.55,5.05,4.2,2.8,4.3,3.8,4.6,3.2,2026-06-26,Michael McGreevy,0.1624598300250473,0.060411395367917,0.1648647057261851,Max Meyer,0.2672813343057908,0.0895208555534642,0.2711919468029217,0.15466500852005943,0.12850638926721264,0.19405133950553793,0.2077063231225259,0.09511249110138345,0.2140289139811852,0.2556181318681318,0.04108516483516482,0.21588804554079694,0.26307994744165286,0.09367562701244954,0.250544724532764
2026-06-27,STL,MIA,6.0,1.0,5.0,4.4,5.8,4.0,5.7,5.35,4.9,3.8,2.2,4.3,3.6,4.45,3.05,2026-06-27,Andre Pallante,0.1853555220946524,0.075185394315829,0.2026242448053007,Lake Bachar,0.2754495504495504,0.0911657786657786,0.295341292358051,0.13361237694111205,0.13245375768826528,0.190965785508343,0.205043421544032,0.09709822839495545,0.21295719434820462,0.2591895604395604,0.04108516483516482,0.21231661696936835,0.26335938371662365,0.09251913779007362,0.2500970824309485
2026-06-28,STL,MIA,3.0,2.0,1.0,2.2,4.8,3.8,6.2,5.15,5.0,4.4,2.2,4.8,3.0,4.5,3.05,2026-06-28,Kyle Leahy,0.1819185068382806,0.0839843954224086,0.187975061313127,Tyler Phillips,0.2105732891447176,0.1124613481756338,0.2628021638018217,0.1228431461718813,0.1347614499959576,0.1800683496109071,0.20497958076499356,0.09713495968109526,0.21415637299812995,0.2615705128205128,0.03870421245421244,0.2181499503027017,0.2630512843797775,0.0919715757148172,0.2497910204500833
2026-04-24,TBR,MIN,8.0,6.0,2.0,3.4,6.0,4.8,4.8,4.7,5.5,4.0,4.6,5.9,4.4,5.55,4.7,2026-04-24,Drew Rasmussen,0.2671052631578947,0.0458333333333333,0.196810207336523,Taj Bradley,0.2946804813967285,0.0906948893974065,0.248481633788267,0.2027595417035072,0.09853669319186559,0.24084410377767376,0.20500896610783928,0.08800264914988608,0.25750484592014916,0.22668180632576918,0.09642007072734624,0.21872262483605365,0.20670635556394068,0.10854971327262346,0.20375192612514914
2026-04-25,TBR,MIN,7.0,6.0,1.0,4.4,5.4,4.9,4.7,4.65,5.15,4.2,5.4,5.4,4.6,5.6,4.85,2026-04-25,Shane McClanahan,0.2291630611054489,0.1417754744918562,0.2362295261157636,Bailey Ober,0.2036450477626948,0.0807817998994469,0.2204255808603634,0.21079525598922144,0.09942955033472273,0.24614914356547218,0.2025228931778114,0.0873396860410335,0.2554805141523087,0.25557069521465803,0.09642007072734624,0.21225362214063584,0.21414072650378912,0.10437472430059948,0.2014098190763797
2026-04-26,TBR,MIN,6.0,4.0,2.0,5.0,4.4,5.0,4.4,4.4,4.85,3.6,5.6,4.7,5.0,5.2,4.5,2026-04-26,Griffin Jax,0.25,0.1431818181818182,0.3155798746707837,Simeon Woods Richardson,0.1111732711732711,0.0848795648795648,0.1453328515183725,0.22635081154477704,0.08276288366805606,0.2436153597816884,0.20498996138892125,0.08398046734714759,0.25189134676807234,0.25914212378608664,0.08332483263210816,0.200452379904611,0.21546884774438954,0.10359541352403408,0.19924120143863017
2026-05-01,TBR,SFG,3.0,3.0,0.0,3.0,1.6,3.7,3.5,4.3,3.9,3.6,4.8,3.4,3.6,3.4,3.6,2026-05-01,Shane McClanahan,0.2499971155510258,0.132467998641104,0.2467613986703886,Robbie Ray,0.2562659562659562,0.1055111555111554,0.2656931873059952,0.23424984737484733,0.06541056166056165,0.22488908439945537,0.2097987886778872,0.08595563987342941,0.24911355050070377,0.17590579710144924,0.08858695652173912,0.16939646780698092,0.2430468794470049,0.10200747033532888,0.2614877219636386
2026-05-02,TBR,SFG,6.0,5.0,1.0,2.4,1.4,3.7,2.9,4.1,3.85,2.8,3.6,2.4,3.4,3.3,3.5,2026-05-02,Griffin Jax,0.25,0.1416666666666666,0.3216889591889592,Landen Roupp,0.2759362778927996,0.1063380875699716,0.231351100665125,0.22924984737484735,0.06541056166056165,0.21158859178861794,0.20948269872053601,0.08318287729686717,0.2456859244476857,0.17590579710144924,0.08858695652173912,0.15272980114031426,0.24065999779761935,0.09881973688734985,0.25331623065227493
2026-05-04,TBR,TOR,6.0,5.0,1.0,2.6,1.2,4.1,2.4,4.05,3.7,6.0,3.8,4.8,3.7,4.15,4.15,2026-05-04,Nick Martinez,0.1637004662004662,0.0625135975135974,0.1695272024540317,Eric Lauer,0.1541390626916942,0.1122878583404898,0.1378043051956095,0.2401129426129426,0.04666056166056165,0.2148582343974345,0.21175791755709802,0.07814149079402674,0.24565080072229403,0.2921350038850039,0.07494988344988343,0.24159316420092275,0.2705713242949534,0.07275458015254317,0.24499165904964948
2026-05-05,TBR,TOR,7.0,4.0,3.0,3.0,1.0,4.0,1.3,4.2,3.3,4.6,4.6,4.3,3.4,4.0,4.05,2026-05-05,Drew Rasmussen,0.2614035087719298,0.0444444444444444,0.2140820691616284,Kevin Gausman,0.2626801475739037,0.0478985507246376,0.2529021113309369,0.23030902104431514,0.05254291460173812,0.21549315503235517,0.21245015873621453,0.07757331545925432,0.24514846624726855,0.28013500388500384,0.07094988344988343,0.24105552979232062,0.268555000743669,0.07067587786247051,0.24260019229339222
2026-05-06,TBR,TOR,3.0,3.0,0.0,3.6,1.6,3.8,1.5,4.3,3.15,5.0,4.0,4.1,3.5,4.05,3.85,2026-05-06,Shane McClanahan,0.2499975962925215,0.1103899988675866,0.2626520427516396,Patrick Corbin,0.1919254658385092,0.0690131124913733,0.1843650793650793,0.2326899734252675,0.05373339079221431,0.21980349985994135,0.2111420589627989,0.07773788739851373,0.2452870814973466,0.2619531857031857,0.06185897435897434,0.2238333075700984,0.2661456446624055,0.06871265903295744,0.23725018695190908
2026-05-15,TBR,MIA,9.0,7.0,2.0,4.6,2.4,4.1,2.0,3.9,2.85,4.6,5.2,4.0,4.9,3.9,4.35,2026-05-15,Ian Seymour,0.272089947089947,0.082010582010582,0.3016828687881319,Janson Junk,0.1835601197769233,0.0550727036268611,0.1675867657071819,0.24075442886184567,0.06814943368651807,0.21935656472398976,0.21690098291162874,0.07762294126352531,0.23762004931132386,0.21219810744810746,0.09594444444444443,0.24102383248934975,0.2518065576362727,0.10598403021810503,0.26056523287580197
2026-05-17,TBR,MIA,9.0,6.0,3.0,5.4,2.8,4.7,1.9,4.2,2.7,3.4,5.2,4.2,5.5,3.8,4.65,2026-05-17,Drew Rasmussen,0.2536613272311213,0.0437681159420289,0.2125223361849468,Tyler Phillips,0.2423241288625904,0.1092268842268842,0.2892979242979243,0.23074113061325333,0.07135798983625069,0.21132481869224376,0.2166071977991779,0.07616074145402622,0.2374612736211266,0.22320238095238093,0.10149999999999997,0.23218420468420464,0.25265219211169765,0.10497733257878183,0.2562155964234736
2026-05-18,TBR,BAL,22.0,16.0,6.0,5.0,2.6,5.0,2.2,4.35,2.55,4.2,5.0,3.4,4.2,4.15,5.7,2026-05-18,Shane McClanahan,0.2611093083305023,0.0959869435951344,0.2601867992088653,Trevor Rogers,0.192009058344462,0.0916145333847196,0.2558260729675157,0.23407446394658668,0.06969132316958401,0.20484333721076226,0.21623814895919616,0.07594976201430713,0.23629958276699456,0.20750083250083246,0.08847402597402595,0.28662642007828143,0.23552998833135186,0.08733563927819904,0.28562599426553553
2026-05-19,TBR,BAL,5.0,4.0,1.0,8.2,3.4,6.1,2.7,5.1,2.55,5.0,7.0,3.7,5.4,4.3,6.25,2026-05-19,Griffin Jax,0.2284313725490196,0.1372549019607843,0.298091908091908,Kyle Bradish,0.2513200607530634,0.122919685149535,0.2507011848142958,0.23407446394658668,0.07469132316958402,0.20196977399237145,0.2169721022426919,0.07538563675312653,0.23416113606516334,0.1977106227106227,0.10315934065934065,0.27497228473993557,0.23142439562573072,0.08952255704964683,0.280223698332372
2026-05-20,TBR,BAL,8.0,5.0,3.0,8.2,3.4,6.0,2.7,5.0,2.0,3.8,7.8,3.5,5.4,4.1,6.3,2026-05-20,Steven Matz,0.1930630433991778,0.092883698934119,0.2097250872416727,Shane Baz,0.187069852242266,0.0906918432780501,0.1852021843681416,0.23950432819998033,0.08238363086189171,0.2115391519828021,0.21726565816878848,0.0754183482461042,0.23401457417596255,0.211043956043956,0.09315934065934064,0.2953426551103059,0.2335041698646614,0.08769556608944995,0.28206342633314746
2026-05-29,TBR,LAA,13.0,8.0,5.0,2.4,4.8,5.3,4.1,4.35,2.8,4.8,2.8,4.4,6.0,3.45,5.4,2026-05-29,Nick Martinez,0.1505053569618786,0.0504640432031736,0.1671054039346722,Walbert Ure\xc3\xb1a,0.2102040612719483,0.1355010500700813,0.2490627329922072,0.19475676497415625,0.0757226107226107,0.16875590709986535,0.21142560528637958,0.07579980453385227,0.22373730816132917,0.20099078767809414,0.13187436918087067,0.2542376373626373,0.22923055178642573,0.10935476480188051,0.26476678917488033
2026-05-30,TBR,LAA,17.0,3.0,14.0,3.0,5.2,5.3,4.1,4.7,3.05,4.8,4.0,4.7,5.3,3.7,5.5,2026-05-30,Drew Rasmussen,0.2362623951182303,0.0475144927536231,0.2112266601567486,Reid Detmers,0.2815664806573897,0.0748519493974039,0.2526729089272158,0.192484037701429,0.09996503496503494,0.1679012062451645,0.2121399459292244,0.08056894395606487,0.22457977966261508,0.20099078767809414,0.12418206148856299,0.24542811355311356,0.22793082078745552,0.10879559776948734,0.2627880514304859
2026-05-31,TBR,LAA,7.0,5.0,2.0,2.8,7.6,4.9,5.3,4.8,3.6,7.2,4.4,6.0,4.6,4.2,5.5,2026-05-31,Shane McClanahan,0.2492601174718552,0.0950090165738301,0.2623722055849625,Jack Kochanowicz,0.1657199892773015,0.1107908180240195,0.2269434353068735,0.1831983234157147,0.10758408258408256,0.16447702734928749,0.21023090795129046,0.08170145666335721,0.22324093632741143,0.2179498520055795,0.1414335234768671,0.26185668498168496,0.2278340648795702,0.11165970251539058,0.2625713047960709
2026-06-02,TBR,DET,8.0,0.0,8.0,5.4,8.4,4.1,5.6,5.1,4.15,3.4,5.0,3.5,5.1,3.0,5.2,2026-06-02,Steven Matz,0.1951855624404643,0.0976604513859415,0.2016909408705074,Jack Flaherty,0.2530047739572911,0.1197886432154166,0.2350947438123179,0.16476845916232102,0.10289177489177488,0.17492776021381345,0.20805562325537313,0.08023824765762538,0.22364846646330483,0.20140612383259437,0.09794657956422659,0.22204673853158394,0.21643872924816673,0.10736607766695049,0.22112930187560026
2026-06-08,TBR,BOS,4.0,3.0,1.0,2.4,4.6,3.9,6.5,4.7,4.8,3.6,4.4,4.9,4.1,4.35,4.2,2026-06-08,Ian Seymour,0.2567016317016317,0.0791541791541791,0.299974586816692,Connelly Early,0.2265650987428256,0.0863483475659295,0.2021367978177515,0.24048217527077398,0.1059599567099567,0.24801122360849098,0.21741845242382518,0.08188692269989899,0.22979484641493975,0.24618134316663726,0.10464422832069889,0.2726359280554327,0.24897865157560603,0.08640195359636574,0.24156442275557097
2026-06-09,TBR,BOS,7.0,4.0,3.0,3.0,3.2,4.0,5.5,4.65,4.8,3.4,4.2,4.2,4.4,4.35,4.2,2026-06-09,Nick Martinez,0.1446411083548764,0.0458412481238567,0.1618239477233379,Payton Tolle,0.2765979853479853,0.0716662504162504,0.245517223825541,0.2537544864835886,0.1059599567099567,0.2571021326994001,0.2181444753176826,0.08058713027609106,0.22903331205626104,0.26034800983330386,0.1121442283206989,0.2812493734335839,0.24925502681140388,0.08817692307142252,0.2428123000785866
2026-06-19,TBR,WSN,7.0,5.0,2.0,3.0,4.2,3.3,3.8,3.6,5.25,6.6,3.4,5.6,4.9,5.45,4.4,2026-06-19,Steven Matz,0.1587298649063354,0.0932521073697544,0.163478343679582,Miles Mikolas,0.1389087093265986,0.0564878618113912,0.1348740301385713,0.2136534518113465,0.08902417027417024,0.18048250109225716,0.2164292756111356,0.08140466070613295,0.22227936927293754,0.14579938158885525,0.11411608464240039,0.1865431652453343,0.18194717593815235,0.09674722431423644,0.20285577452440604
2026-06-20,TBR,WSN,7.0,3.0,4.0,4.0,3.0,3.7,3.6,3.8,5.05,5.4,3.8,5.7,4.9,5.25,4.5,2026-06-20,Ian Seymour,0.2578173314780457,0.0827477581941867,0.3003450656385412,Cade Cavalli,0.2381872383726379,0.0833223109182188,0.2316179756409339,0.2029391660970608,0.07027417027417024,0.16595547406523012,0.21540744043399682,0.08027404041854777,0.22092826692192452,0.13920597499544865,0.09653366705998281,0.15519432803603198,0.18056527989848029,0.09598030739512199,0.20079861470049248
2026-06-21,TBR,WSN,7.0,4.0,3.0,3.0,3.2,3.7,3.9,3.85,4.7,4.2,4.2,5.7,4.9,5.35,4.5,2026-06-21,Nick Martinez,0.1487496176471331,0.0425392516386304,0.1645350253551923,Andrew Alvarez,0.2542029151404151,0.0996947496947496,0.2671130612307082,0.20329004329004324,0.07027417027417024,0.17085057896033504,0.21610962161526626,0.0791743960292526,0.22106307464586025,0.15898975877923244,0.10183096435728012,0.16262941851596902,0.18289560093875976,0.09577277093544508,0.2010416482124595
2026-06-22,TBR,KCR,3.0,1.0,2.0,3.2,3.0,3.7,3.9,3.65,4.6,8.0,6.2,6.4,6.0,5.65,5.35,2026-06-22,Drew Rasmussen,0.2717738941709193,0.0448516218081435,0.2216892289922334,Michael Wacha,0.19214838449721,0.0709677174029997,0.1925357112984495,0.24329004329004325,0.07027417027417024,0.18989819800795407,0.21859462672857347,0.07810447175858702,0.22064973837329713,0.17019294431059134,0.0915349356525827,0.21405383022774327,0.20725633182412334,0.10159590152739584,0.23018466816929967
2026-06-23,TBR,KCR,17.0,5.0,12.0,3.4,3.2,3.1,3.6,3.55,4.0,7.6,5.2,6.4,5.7,5.7,4.95,2026-06-23,Steven Matz,0.1592967793177877,0.0865912425576291,0.1518013191310404,Luinder Avila,0.2192959639996348,0.1324933482164795,0.2430538075843154,0.24884559884559881,0.05360750360750359,0.18391529202504808,0.21864299466848877,0.07706307880180586,0.21844848260239388,0.16305008716773423,0.10582064993829698,0.23905383022774326,0.2100937048593452,0.10212489180085414,0.23257546302183002
2026-06-24,TBR,KCR,8.0,5.0,3.0,3.6,4.6,3.3,4.4,3.55,4.5,8.8,5.8,6.8,5.2,6.0,4.85,2026-06-24,Griffin Jax,0.2402668137962255,0.108667911609088,0.3038330303661552,Noah Cameron,0.2164304610733181,0.0579842718817873,0.2203865811315065,0.24394363806128508,0.04805194805194804,0.18391529202504808,0.21731410077579194,0.07604909092283474,0.2175984519608644,0.16628538128538126,0.10405594405594405,0.2320685361100962,0.20933302505099904,0.10209799443628635,0.23112067309526924
2026-06-25,TBR,KCR,15.0,13.0,2.0,3.6,4.8,3.8,3.9,3.35,4.15,6.6,5.6,6.4,4.9,6.0,4.8,2026-06-25,Ian Seymour,0.255196671144947,0.0798943872219734,0.2973775017987886,Seth Lugo,0.1871673479499566,0.0803001464450739,0.1634678130755671,0.25108649520414217,0.038528138528138516,0.1803438634536195,0.21913005865068888,0.07506144039136935,0.21755542939365466,0.15537629037629036,0.10814685314685313,0.2183185361100962,0.20785272587422524,0.10195813314219641,0.2290129146815784
2026-06-26,TBR,ARI,7.0,6.0,1.0,5.6,4.4,4.3,3.8,4.0,3.85,5.0,6.0,5.1,4.9,3.65,5.15,2026-06-26,Nick Martinez,0.1527218653595464,0.0480366348627217,0.1682001700063096,Zac Gallen,0.1482396236486625,0.0670040657283219,0.1912524968883829,0.25539884951649655,0.03106893106893106,0.17056741039847795,0.2207585687468832,0.07508530752639124,0.21770867000041952,0.23584656084656083,0.06851851851851848,0.2764944954613434,0.23068485069610148,0.0720223166454678,0.24195190894247617
2026-06-28,TBR,ARI,6.0,5.0,1.0,6.6,4.0,5.0,3.6,4.1,3.65,3.6,4.0,4.5,5.3,3.65,5.2,2026-06-28,Drew Rasmussen,0.2675445234484136,0.0474170692431561,0.2210943442225384,Merrill Kelly,0.1310384859742935,0.0887961295486378,0.2005255616807674,0.23112612224376927,0.030311355311355297,0.17306741039847792,0.2197812711948778,0.07424984150489812,0.2164673421392979,0.21227513227513226,0.08018518518518516,0.2638350960372381,0.22869263216039526,0.07271312364187599,0.24224965675098703
2026-04-24,TEX,ATH,9.0,1.0,8.0,4.0,4.4,4.8,3.7,3.9,3.65,4.2,5.4,3.7,5.0,3.8,4.45,2026-04-24,Nathan Eovaldi,0.2388069321982365,0.0648561872909698,0.285777075372301,Luis Severino,0.2492602952602952,0.186087024087024,0.2149160677207965,0.2506801119417218,0.08965394254867934,0.2133097718903063,0.221478634540554,0.08811723123797424,0.22713342212094706,0.24549907084659406,0.09686872776346457,0.2914611434821064,0.22297266386863906,0.09737570602771839,0.26883560328027545
2026-04-25,TEX,ATH,7.0,4.0,3.0,3.6,4.6,4.1,4.4,3.8,3.65,5.4,3.8,4.4,5.1,4.2,4.3,2026-04-25,MacKenzie Gore,0.3334515229016507,0.1140432457568007,0.2493894993894993,Jeffrey Springs,0.23232674571805,0.0781878411443628,0.2255356448404982,0.25484677860838845,0.08965394254867935,0.2042188627993972,0.2193704819300199,0.08472810695959063,0.22189402476664488,0.23647129306881629,0.08436872776346457,0.28061584842628506,0.22294380072839226,0.09363048656511384,0.27064152137273445
2026-04-26,TEX,ATH,3.0,1.0,2.0,4.0,4.2,4.4,4.5,3.85,3.55,5.2,3.2,4.6,4.7,4.1,4.4,2026-04-26,Kumar Rocker,0.2116977225672877,0.0890269151138716,0.2301120249574588,J.T. Ginn,0.1871290545203588,0.0814527260179433,0.2356433217499777,0.23176985553146542,0.07426932716406397,0.19235679383388,0.21979265781295362,0.08159002892405022,0.2226157020102813,0.2258652324627557,0.06618690958164639,0.280286901057864,0.22085946242980986,0.09016269076640591,0.27219183539596653
2026-04-27,TEX,NYY,6.0,2.0,4.0,3.2,4.4,4.0,4.1,3.9,3.55,6.4,3.4,6.4,3.4,5.5,4.3,2026-04-27,Jack Leiter,0.266448697501329,0.1008426368952684,0.3057148189622993,Max Fried,0.2014616092627087,0.0666530875976153,0.2195966379953654,0.2117698555314654,0.0676026604973973,0.18790335253833343,0.2167048247958243,0.08105705170057223,0.22153327309233167,0.19815656565656564,0.06776695526695524,0.22310846560846556,0.2166919038809242,0.06840650130538452,0.24841842468666792
2026-04-28,TEX,NYY,5.0,2.0,3.0,2.8,3.6,3.3,3.9,3.95,3.65,6.4,3.6,6.4,2.5,5.25,4.05,2026-04-28,Jacob deGrom,0.3289565217391303,0.0580289855072463,0.3045084156231972,Cam Schlittler,0.3217198473592335,0.027087646652864,0.272362122971879,0.2201031888647987,0.08426932716406396,0.19644225196907344,0.2121058078488419,0.08400910738905824,0.21795098984168335,0.19997474747474747,0.06746392496392495,0.21940476190476188,0.21611632098847855,0.07064535758221034,0.2500693857766551
2026-05-08,TEX,CHC,8.0,1.0,7.0,2.8,5.8,2.7,4.2,3.55,4.35,5.8,3.2,5.3,5.0,6.45,4.6,2026-05-08,Kumar Rocker,0.1889095928226362,0.0726846100759144,0.2153401065474403,Javier Assad,0.1330465587044534,0.0511977058029689,0.1117446393762182,0.1538167388167388,0.09311111111111108,0.14758689266873615,0.2019613283545172,0.08470383492055317,0.2023376454314853,0.24235681114551083,0.12618808049535601,0.25119463143347526,0.21631065160129334,0.09429759837600996,0.22272550080995485
2026-05-09,TEX,CHC,6.0,6.0,0.0,2.8,6.2,2.7,4.7,3.35,4.4,6.0,2.4,5.6,3.9,6.45,4.35,2026-05-09,Jack Leiter,0.2672435751383119,0.0830194659142027,0.285377067766276,Edward Cabrera,0.2114062573461069,0.0848540543277385,0.2587234596294053,0.15298340548340547,0.09894444444444442,0.14740374248558596,0.19993603023992462,0.08576426031738071,0.20202550188003018,0.22630417956656346,0.14092492260061917,0.25229353253237635,0.21204627591920888,0.09700791636636867,0.22095936370831895
2026-05-10,TEX,CHC,3.0,3.0,0.0,3.8,4.8,3.1,4.3,3.2,4.1,5.6,3.6,5.6,3.9,6.1,4.0,2026-05-10,Jacob deGrom,0.3044735136039483,0.0467402806533241,0.2961495898030052,Jameson Taillon,0.2143559339211513,0.081680710593754,0.2347195932722248,0.16465007215007216,0.08894444444444442,0.16526866623286265,0.19993767049018296,0.08527457842890086,0.2044427017368575,0.20399648725887115,0.16400184567754225,0.25146935670820053,0.2086681959443056,0.10035194922644022,0.21811395104418238
2026-05-12,TEX,ARI,11.0,7.0,4.0,2.4,3.4,2.9,4.1,2.95,3.8,2.0,1.4,2.9,3.6,4.3,5.05,2026-05-12,MacKenzie Gore,0.279240535146865,0.1221103619313337,0.2253544004614995,Zac Gallen,0.15627877747729,0.0673645576391571,0.1945461170218035,0.17284920634920634,0.09294444444444441,0.17754821851241492,0.20010331258009273,0.08209045265188131,0.20350086921970034,0.21307692307692308,0.08666666666666664,0.25270694175105934,0.2313640995299377,0.07233175676842658,0.24604312655081015
2026-05-13,TEX,ARI,11.0,6.0,5.0,3.4,2.4,3.1,4.1,3.2,3.75,2.8,2.6,3.2,3.0,4.2,5.25,2026-05-13,Kumar Rocker,0.185732031943212,0.0861106181603075,0.2095772341835202,Ryne Nelson,0.2031032682992064,0.0827438532101003,0.193285743489004,0.15784920634920635,0.13080158730158725,0.17196682316357773,0.19533894799485244,0.09033999969758481,0.20341751519065981,0.2426007326007326,0.07999999999999999,0.26184487278554214,0.2361740343846082,0.07056756757895276,0.2459293749360301
2026-05-25,TEX,HOU,9.0,0.0,9.0,4.8,4.0,4.5,3.8,3.8,3.95,3.6,2.4,3.0,3.5,2.9,4.15,2026-05-25,Kumar Rocker,0.1881090407177363,0.1000437083045778,0.2101694102019416,Tatsuya Imai,0.2101875901875901,0.2234632034632034,0.2941166728008832,0.23874415814070984,0.06945455843506813,0.2515336313060424,0.20368610379213273,0.08632356868556237,0.21267061444361804,0.14650506356388707,0.07796568627450981,0.15462788192199953,0.20652675329833065,0.10636340499061653,0.22433081753315687
2026-05-27,TEX,HOU,7.0,3.0,4.0,3.8,6.4,4.9,4.7,4.2,4.15,6.2,3.4,4.1,3.7,3.35,4.35,2026-05-27,Jacob deGrom,0.2888560972039232,0.0493848631239935,0.3160439980498629,Mike Burrows,0.2038184284568723,0.0827538732561615,0.232888812430444,0.20841199030854202,0.05733334631385602,0.24403011265720354,0.20209917997905968,0.08396815031673682,0.2133880076081158,0.13317173023055376,0.07463235294117647,0.1571320836026718,0.20272222639481882,0.10435042624095166,0.22074577332954173
2026-05-28,TEX,HOU,6.0,1.0,5.0,3.2,5.4,5.1,4.7,4.15,4.0,6.2,3.6,4.1,3.9,3.4,4.1,2026-05-28,Nathan Eovaldi,0.2338820985777507,0.0543483215657128,0.2928404943598053,Spencer Arrighetti,0.2249360301534214,0.1437231689405602,0.2516692475711193,0.20424532364187536,0.053166679647189366,0.24142141700502964,0.20069737670671314,0.08471418394734162,0.21267028098757296,0.17317173023055374,0.06713235294117646,0.19129875026933849,0.20793762593175183,0.10471269946479461,0.22506017496703515
2026-05-29,TEX,KCR,10.0,9.0,1.0,3.0,5.4,4.4,5.2,3.9,4.2,3.4,6.4,2.4,4.8,3.05,4.7,2026-05-29,MacKenzie Gore,0.2723480948254256,0.1234395705820955,0.2393811224135581,Stephen Kolek,0.1472249670619235,0.0513586956521738,0.1553396087117017,0.18519770459425627,0.053166679647189366,0.20906847582855903,0.1996645153879708,0.08320143066256766,0.21202385790271086,0.12297924297924297,0.07683205683205681,0.19769708603230365,0.2020274846443179,0.10563865631814943,0.2204027208558045
2026-05-30,TEX,KCR,13.0,7.0,6.0,4.6,5.2,4.7,4.6,4.25,3.8,2.6,8.2,2.3,5.7,2.85,5.0,2026-05-30,Kumar Rocker,0.1920254093732354,0.0991302465650291,0.2041524691817474,Seth Lugo,0.2037342411650712,0.086517253789981,0.1570737133570144,0.1890938084903602,0.0642056406861504,0.20227109020764403,0.199351421816571,0.08493154910389422,0.21140011632959826,0.15631257631257628,0.07238761238761235,0.24436375269897032,0.20437223194233603,0.10494272793151581,0.22480029131671278
2026-05-31,TEX,KCR,9.0,6.0,3.0,6.0,4.6,4.4,5.2,4.55,3.75,2.2,8.4,2.8,6.1,3.1,5.2,2026-05-31,Jack Leiter,0.2469069364170258,0.1007596932342095,0.2574535516236242,Michael Wacha,0.220506176593133,0.0796533498707411,0.2017551429533433,0.1927336552336552,0.05941636865549906,0.1858206185095308,0.2007036003676263,0.08442506645650906,0.21044925225495,0.15297924297924295,0.06905427905427902,0.23781613365135126,0.20195634483223657,0.10427121808476408,0.2230494090129108
2026-06-15,TEX,MIN,6.0,2.0,4.0,3.4,5.4,4.0,4.4,4.05,4.35,5.2,7.2,4.8,6.6,4.55,6.9,2026-06-15,MacKenzie Gore,0.2531361404397575,0.1164479409884963,0.2357094480920761,Mike Paredes,0.1836098541980894,0.1323278029160381,0.1714975845410627,0.2154026894158473,0.039681656063234996,0.16853913630229417,0.20629223251507128,0.07621292216807614,0.20913424404427292,0.23078754578754576,0.11245421245421242,0.21132334778886497,0.20511328144324675,0.10917195320497972,0.20077702832616412
2026-06-16,TEX,MIN,14.0,2.0,12.0,3.2,5.2,3.5,4.4,4.05,4.3,4.8,6.8,4.6,6.0,4.45,6.75,2026-06-16,Kumar Rocker,0.1831430887952626,0.0970582316234489,0.2060135596559909,Zebby Matthews,0.205997100055071,0.0591285874619207,0.2019664528943426,0.20706935608251395,0.039681656063234996,0.17409469185784973,0.20574187743384342,0.07515440936018619,0.20777281164242345,0.25221611721611714,0.09816849816849813,0.21600744364943142,0.2071958783706387,0.10767644699669232,0.20044406339341247
2026-06-18,TEX,MIN,12.0,3.0,9.0,2.8,7.2,3.4,5.1,4.1,4.8,7.2,5.0,5.3,5.9,5.0,6.7,2026-06-18,Jack Leiter,0.2398368165015762,0.1004105664231521,0.2396850521962317,Joe Ryan,0.2898939936239707,0.0766907643589565,0.2475675565097129,0.17135507036822822,0.036110227491806424,0.16500378276694067,0.20390196913240136,0.07461413369380399,0.20710593626500542,0.2871367521367521,0.11245421245421242,0.2564836341256219,0.2121179417903405,0.10815186180561732,0.20545736755604976
2026-06-19,TEX,SDP,16.0,9.0,7.0,3.2,7.0,3.4,5.8,4.25,4.8,4.4,2.4,4.2,3.4,3.3,3.95,2026-06-19,Jacob deGrom,0.2863316991267301,0.047993032961977,0.3199710467284597,Randy V\xc3\xa1squez,0.1853159004556519,0.0669529745616701,0.1960496192450753,0.17901057276057275,0.035392524142524126,0.17333711610027397,0.20360353957410107,0.07422008520408428,0.20655945964881167,0.22850610174139585,0.09318027560674619,0.27707241979839725,0.24970886725543595,0.08971473592362296,0.29297510307293473
2026-06-21,TEX,SDP,7.0,4.0,3.0,4.4,7.2,4.3,5.9,4.2,4.8,4.0,3.6,4.6,4.1,3.65,4.25,2026-06-21,Nathan Eovaldi,0.221755386580071,0.0584794053798261,0.2743577464169022,Lucas Giolito,0.1370787324591672,0.1790142627099148,0.2260219461347757,0.18503621378621377,0.04539252414252413,0.1763017913017913,0.20123138165008628,0.0735827145408189,0.20564004285862247,0.2382534815545651,0.08111317603964661,0.2752706815513179,0.252607190527956,0.08859218423550094,0.29338392847489597
2026-04-27,TOR,BOS,5.0,0.0,5.0,4.4,4.4,4.3,4.2,3.75,4.7,5.6,4.4,4.8,4.7,4.7,4.7,2026-04-27,Dylan Cease,0.3877470355731224,0.125691699604743,0.3770829685388085,Ranger Suarez,0.1756321456321456,0.0771439671439671,0.1735934000639882,0.25254208046855103,0.08264389695272047,0.20842738475802988,0.27018684015363237,0.0728213738039939,0.2424413665855921,0.2267475107451887,0.0450250626566416,0.21778421191211886,0.24049125772178923,0.08414467726045487,0.23403144251017902
2026-04-29,TOR,BOS,9.0,8.0,1.0,3.6,3.6,4.2,3.9,3.5,4.6,6.0,3.4,4.3,4.1,4.55,4.3,2026-04-29,Eric Lauer,0.1744405594405594,0.1242191142191142,0.1431429440125092,Brayan Bello,0.1382061191626409,0.1175104669887278,0.2932709615242049,0.29130527805527806,0.07612051837051836,0.21844722602787114,0.27675220396266564,0.07332529320566364,0.239952252086531,0.20738660848954962,0.034404761904761896,0.20718897381688076,0.23160136434986042,0.08091598449071027,0.23092934634283374
2026-05-08,TOR,LAA,2.0,2.0,0.0,3.6,4.0,3.7,3.6,4.0,3.9,3.2,4.0,3.6,5.4,4.55,4.8,2026-05-08,Dylan Cease,0.3391314804358282,0.1107548421213017,0.3461322141615043,Reid Detmers,0.2644192844192843,0.0527567670424813,0.2536818962832021,0.24528651903651905,0.0674145299145299,0.21062009435688522,0.2634570236354936,0.0713600646446793,0.23384102273999566,0.24936321425803523,0.07948871940080378,0.2669639252400578,0.23282523989923332,0.10679388277863489,0.2721466012752661
2026-05-09,TOR,LAA,15.0,14.0,1.0,1.8,3.2,3.9,3.1,4.05,3.8,2.6,3.6,2.9,5.3,4.1,4.6,2026-05-09,Braydon Fisher,0.2226190476190476,0.0875661375661375,0.2209111875778542,Jack Kochanowicz,0.1706816762717383,0.1206607034557344,0.2294646527760938,0.23649531024531023,0.05972222222222221,0.2082391419759328,0.2602833425623791,0.06948216820666142,0.23207327652753962,0.28422035711517807,0.05948871940080378,0.2819578052890174,0.2378443729421101,0.10405557809200323,0.2725908854530933
2026-05-10,TOR,LAA,7.0,1.0,6.0,4.0,2.6,5.0,3.2,4.6,3.55,2.6,5.4,2.7,6.1,3.65,4.75,2026-05-10,Eric Lauer,0.1471567905778432,0.1037655327129011,0.1433280599155644,Jos\xc3\xa9 Soriano,0.2833238772097467,0.0956213170887083,0.2988439474173169,0.20149531024531023,0.05138888888888887,0.2055291148756618,0.25745556454795915,0.06770057415008036,0.2311258066478466,0.25619005408487505,0.06365538606747044,0.27547131880253095,0.23398159695189072,0.10249585530636982,0.2691544916951443
2026-05-11,TOR,TBR,13.0,5.0,8.0,4.0,2.8,4.3,3.7,4.55,3.55,3.8,2.0,3.4,1.5,3.75,2.75,2026-05-11,Kevin Gausman,0.2454701291271657,0.0471195652173912,0.2462893474145697,Drew Rasmussen,0.2526315789473684,0.0438095238095237,0.2120703449956815,0.1903841991341991,0.054166666666666655,0.2039883958734608,0.2551858421009269,0.0680913931296617,0.2301348955242036,0.22468379659556126,0.030241327300150823,0.2103977860512015,0.21702252690690133,0.07190152287900804,0.2414713942444392
2026-05-22,TOR,PIT,8.0,6.0,2.0,3.6,2.8,4.2,3.2,3.95,3.4,4.0,3.2,4.6,3.7,4.6,4.45,2026-05-22,Kevin Gausman,0.2399367093623386,0.037695652173913,0.2296981445983224,Bubba Chandler,0.1903175538759062,0.1620862240141416,0.1915953124495052,0.2253651811151811,0.09652981277981275,0.2233051355128274,0.24922170990377768,0.0737790770596919,0.2287689435219284,0.20460982327815355,0.07383120374953404,0.2480880975982495,0.25008699825023395,0.09227040022531709,0.2398249857335381
2026-05-23,TOR,PIT,7.0,5.0,2.0,4.0,3.0,4.6,3.4,4.25,3.25,3.0,4.0,4.4,4.1,4.7,4.5,2026-05-23,Patrick Corbin,0.1498200169395821,0.0786816142794403,0.1632236773987341,Paul Skenes,0.2887915808024504,0.0502657004830917,0.229943178731463,0.24619851444851443,0.10139092389092386,0.23365710238653342,0.25087095742200427,0.07451107772736679,0.2280181052269139,0.2144583081266384,0.09580090071923102,0.25455868583354363,0.25008529240219013,0.09536313747580107,0.24031284645156564
2026-05-24,TOR,PIT,5.0,1.0,4.0,3.8,2.0,3.7,3.5,4.35,3.35,3.4,3.8,4.4,4.1,4.7,4.55,2026-05-24,Dylan Cease,0.351137855703073,0.1064581553711988,0.3421280997486028,Mitch Keller,0.1712532757097974,0.0693225253007861,0.1877921203995795,0.25666005291005284,0.10446784696784692,0.2518262148952686,0.25344296563726154,0.0775160422089411,0.230755648787365,0.23668053034886066,0.09580090071923102,0.2710422023170601,0.24954946412949844,0.09352923098588181,0.24160860532157993
2026-05-25,TOR,MIA,10.0,2.0,8.0,3.2,1.8,3.7,3.3,4.0,3.5,2.8,4.0,3.6,5.0,3.85,4.85,2026-05-25,Trey Yesavage,0.2905882352941176,0.0785294117647058,0.2811551460857172,Lake Bachar,0.2702696608946608,0.0869070165945165,0.2968045112781954,0.2601322751322751,0.1086345136345136,0.262782736634399,0.2528538950067891,0.07919812946286044,0.2309300705083581,0.2757692710515291,0.09337470325373548,0.21172820557495475,0.25632782431839657,0.10360491192294095,0.25135069942281196
2026-05-26,TOR,MIA,9.0,8.0,1.0,3.2,3.2,3.4,3.3,4.05,3.55,4.2,2.6,4.3,4.3,4.15,4.6,2026-05-26,Braydon Fisher,0.2459435626102293,0.0947971781305114,0.2478868867757756,Sandy Alcantara,0.158890977600655,0.0708365708365708,0.2056050087331604,0.25179894179894174,0.1086345136345136,0.24141910027076263,0.2512578352227128,0.07927470731231365,0.22943136549894408,0.2695192710515291,0.09962470325373549,0.22133411690500404,0.2573680497939818,0.10284370985029391,0.25244318327768966
2026-05-27,TOR,MIA,3.0,2.0,1.0,4.4,3.4,4.0,3.1,4.1,3.45,3.8,2.4,4.2,4.4,4.2,4.95,2026-05-27,Kevin Gausman,0.2450603081745166,0.0376357780705606,0.2403563837721299,Eury P\xc3\xa9rez,0.2490680187913389,0.1131343835494032,0.2598971434957677,0.23370370370370366,0.11292022792022789,0.22620170896641484,0.2491137533701786,0.07965153081572612,0.228290189156539,0.2750748266070847,0.08295803658706882,0.22133411690500404,0.25672903474722253,0.1009738242166522,0.2498735092382973
2026-06-05,TOR,BAL,16.0,3.0,13.0,4.6,5.6,4.3,4.4,4.0,3.85,5.6,4.4,5.2,3.7,4.75,4.7,2026-06-05,Trey Yesavage,0.2665199413098573,0.1142934951758481,0.2723658085407062,Brandon Young,0.1653549277233487,0.0942293865978076,0.2026766181941864,0.1441823308270676,0.07688596491228068,0.21847205162757466,0.23560444037508732,0.07883111921673668,0.22895260719394803,0.2007509157509157,0.059750249750249715,0.217119066381309,0.2224196164645842,0.08295454028610448,0.26267236762218926
2026-06-06,TOR,BAL,10.0,6.0,4.0,4.2,7.0,4.4,4.9,3.9,4.1,7.0,4.0,6.4,3.6,5.3,4.55,2026-06-06,Braydon Fisher,0.2517857142857143,0.079985119047619,0.2851962273837273,Kyle Bradish,0.2325748550119259,0.1189852550054685,0.2427335086682888,0.14656328320802,0.07807644110275688,0.22291649607201908,0.23489931147041704,0.07908747821707039,0.22841341715098704,0.1885286935286935,0.05641691641691639,0.21856385482300147,0.22068042106843616,0.0816583755941341,0.26185758556230304
2026-06-07,TOR,BAL,10.0,6.0,4.0,4.4,6.0,4.2,5.2,4.1,4.15,6.0,4.2,6.2,4.1,5.15,4.85,2026-06-07,Kevin Gausman,0.2494566243994161,0.0449925115142506,0.2389622072845143,Shane Baz,0.2081225001052586,0.0915399016692119,0.1874165955410635,0.16656328320802,0.0714097744360902,0.23083999333977862,0.23641368103753885,0.07838356829578212,0.22868246672319129,0.19424297924297923,0.05641691641691639,0.21887733444682592,0.22036226074430637,0.08040209289268588,0.2620730391531217
2026-06-08,TOR,PHI,7.0,2.0,5.0,5.0,6.0,4.6,5.5,4.2,4.3,5.8,4.6,4.2,4.1,3.75,3.25,2026-06-08,Patrick Corbin,0.1578965829953972,0.0694571348721546,0.166444238789426,Cristopher S\xc3\xa1nchez,0.2976541945872184,0.0492243241580111,0.3074123245511916,0.18352756892230573,0.0839097744360902,0.22828571492343128,0.23756650405212157,0.07908987786705815,0.2304422412608232,0.27095798937904203,0.06223285486443379,0.2440921802068554,0.270499266784535,0.07130797461041767,0.24036913320892078
2026-06-09,TOR,PHI,5.0,3.0,2.0,4.8,5.6,4.6,5.9,4.0,4.2,6.2,4.6,4.4,4.3,3.7,3.35,2026-06-09,Dylan Cease,0.3574937444190616,0.1015648302417596,0.3380525722530296,Zack Wheeler,0.256950195537152,0.0660067287784679,0.2179308534714713,0.18186090225563906,0.0889097744360902,0.2194978361355525,0.23775207861850783,0.07865570058546029,0.23016879306470955,0.2534976719187245,0.0733439659755449,0.23409218020685546,0.2680471413126362,0.07192033055658219,0.23769678756980916
2026-06-10,TOR,PHI,11.0,4.0,7.0,4.0,5.6,4.3,5.6,3.95,4.05,5.4,4.4,4.4,4.2,3.5,3.5,2026-06-10,Max Scherzer,0.1208080808080808,0.104570707070707,0.1343237692894442,Jes\xc3\xbas Luzardo,0.2587455941803767,0.0703520151346238,0.2897793564416508,0.2089442355889724,0.08474310776942354,0.22322124039087163,0.23915768530549056,0.07872448930234077,0.23046042846081677,0.2725452909663436,0.0733439659755449,0.2551448117858028,0.26903632604022254,0.07083062857845215,0.2372851137549556
2026-06-12,TOR,NYY,13.0,8.0,5.0,4.2,4.4,4.2,5.7,4.05,4.35,4.4,2.6,5.5,4.3,5.05,3.55,2026-06-12,Braydon Fisher,0.2560924369747899,0.0885154061624649,0.2870474296944885,Ryan Weathers,0.2792718300313186,0.0729579859718737,0.2530838361532179,0.2139880952380952,0.0720238095238095,0.2137373694231297,0.23871095556676364,0.07879128414336964,0.22922420906750904,0.23360439560439555,0.06405916305916305,0.2825913266687054,0.2216723583306438,0.07171501943080347,0.2510389691993408
2026-06-13,TOR,NYY,4.0,1.0,3.0,4.6,4.6,4.5,5.3,4.35,4.6,5.0,4.0,5.2,4.9,5.15,3.65,2026-06-13,Kevin Gausman,0.249495436942315,0.0417787606918041,0.2377664940657791,Cam Schlittler,0.2862941940061048,0.0408817396084476,0.2464470770450521,0.22619047619047614,0.06874999999999998,0.21772233182914474,0.23976508477295272,0.07855855151275007,0.2283985571012385,0.24851667630615,0.07984863674337357,0.27497227904965776,0.22305643355643157,0.07298236821626378,0.25112873225733373
2026-06-14,TOR,NYY,11.0,3.0,8.0,3.6,4.4,4.3,5.2,4.1,4.65,5.0,3.2,5.1,4.4,4.95,3.4,2026-06-14,Patrick Corbin,0.1586274233013363,0.0821875588179935,0.1734072188903072,Will Warren,0.2584597300716563,0.0722509505421067,0.2209963972348741,0.2319047619047619,0.06874999999999998,0.20551995087676378,0.23920501315643225,0.07745209304073951,0.2278644392614491,0.28740556519503885,0.10207085896559578,0.30328396736134605,0.22626495545335928,0.0767555706092648,0.25407680069629196
2026-06-22,TOR,HOU,6.0,4.0,2.0,4.6,5.2,4.2,5.1,4.4,5.5,4.0,3.2,4.2,5.4,4.8,4.7,2026-06-22,Dylan Cease,0.3643676165151257,0.1028139016609356,0.3454675611371789,Hunter Brown,0.3694083694083694,0.1378066378066377,0.2760120585701981,0.18597308221534228,0.09982137942896455,0.20825126838611766,0.23102753363108372,0.08140449004565564,0.22732236128826908,0.2936421911421911,0.047497502497502474,0.3214624487003003,0.23796327168255108,0.09600614548417281,0.24284284347637164
2026-06-24,TOR,HOU,4.0,1.0,3.0,4.2,5.4,4.3,5.1,4.3,5.35,3.6,3.6,4.3,4.8,4.7,4.75,2026-06-24,Trey Yesavage,0.2424742153271565,0.112338779956427,0.2770685781974581,Mike Burrows,0.1969416303672596,0.0816554786570041,0.2215252826381434,0.16513974888200894,0.10294637942896454,0.1997980908502476,0.2293981445940099,0.08184889114154621,0.22549938397671643,0.30121794871794866,0.04876373626373624,0.3316547074219708,0.2359089169437697,0.09561975035757948,0.24279478212000244
2026-06-25,TOR,TEX,11.0,5.0,6.0,3.8,6.0,4.0,4.7,4.1,5.2,4.6,4.6,3.9,5.8,3.9,4.8,2026-06-25,Kevin Gausman,0.2468379190892315,0.0562622979582698,0.2524202455500445,MacKenzie Gore,0.2609466188590229,0.1119563606032595,0.2389688310536306,0.15388974888200896,0.11002971276229787,0.2017028527550095,0.22903066778658476,0.08249244666894355,0.22506159405795984,0.21278971028971022,0.051443903318903306,0.2228291201820613,0.20551640347667285,0.07406945633903048,0.21068250383427206
2026-06-26,TOR,TEX,9.0,4.0,5.0,4.0,6.6,3.7,4.8,4.1,5.05,4.0,4.2,4.2,5.7,3.9,4.9,2026-06-26,Patrick Corbin,0.162156839020193,0.0811607647011373,0.1773282877423634,Nathan Eovaldi,0.2309716941413996,0.057247445021171,0.2782894522113309,0.14298065797291803,0.1463933491259342,0.1909885670407238,0.2273254631337762,0.08596335922409688,0.2233118624440756,0.21695637695637693,0.051443903318903306,0.23697053432347545,0.20760879355720777,0.07315501860644986,0.21257082309108805
2026-06-29,TOR,NYM,3.0,2.0,1.0,3.2,4.8,3.7,5.1,3.95,5.15,3.8,5.8,4.5,6.4,4.0,5.8,2026-06-29,Trey Yesavage,0.2386129230246877,0.12030798177857,0.2741439764689323,Sean Manaea,0.2543042548541665,0.0890039447824716,0.2380692873430485,0.1571193134351029,0.1329493715348978,0.16645059461001194,0.22867854088655704,0.08627097923669055,0.22159737770883622,0.24620184565836736,0.07426638176638174,0.2377728424672049,0.243367682666976,0.07391793985162962,0.24147130883923248
2026-06-30,TOR,NYM,3.0,0.0,3.0,3.4,4.4,3.6,5.2,3.9,4.55,3.4,4.2,3.7,6.5,3.95,5.75,2026-06-30,Kevin Gausman,0.2407214028402851,0.0571544316918169,0.2495545666179068,Nolan McLean,0.2869904747005534,0.0943361403685414,0.2296811180133573,0.1753011316169211,0.14204028062580693,0.1622547904142077,0.22812724254457614,0.08632554525636585,0.22170528186248792,0.252868512325034,0.08093304843304841,0.23908863194088908,0.24521041581207043,0.07540125820631634,0.24157164638230033
2026-07-01,TOR,NYM,12.0,9.0,3.0,2.4,3.8,3.2,5.2,3.6,4.5,3.0,2.2,3.4,6.1,3.75,5.6,2026-07-01,Patrick Corbin,0.1672193989585293,0.078924650228998,0.1736364831936855,Freddy Peralta,0.2159790124125835,0.0868799051414477,0.239972136623649,0.20600288600288597,0.1319525613275613,0.1780521078508694,0.22935056918165475,0.08629075209447012,0.22229856082603194,0.25547720797720797,0.08093304843304841,0.24206482241707955,0.24468471330262775,0.07452449938996382,0.24153122303012522
2026-04-22,WSN,ATL,14.0,6.0,8.0,4.6,5.0,5.1,5.5,5.55,6.0,5.8,3.6,5.8,4.3,5.85,3.4,2026-04-22,Zack Littell,0.1582439299830603,0.0666996047430829,0.1531736281736281,Mart\xc3\xadn P\xc3\xa9rez,0.1308487565066512,0.0712044534412955,0.1657516542597187,0.17670727621192014,0.08427217777062976,0.24079445191515667,0.17637910578805596,0.1035594439760903,0.21492824266327418,0.2577970494417862,0.085778651173388,0.2764030611142293,0.25813978100646057,0.0562120280676782,0.27188448627267114
2026-05-01,WSN,MIL,7.0,1.0,6.0,5.0,5.2,5.4,5.7,5.15,5.95,6.6,3.0,5.9,3.6,4.65,4.15,2026-05-01,Jake Irvin,0.2630521461757159,0.0831027667984189,0.2318384974634974,Jacob Misiorowski,0.3766831477701042,0.0967857504814026,0.3598072654551059,0.16258658008658006,0.09908730158730156,0.21742122536980527,0.1734200165704792,0.09970579329952804,0.21186049329787204,0.2721288798920377,0.07896737034894927,0.26442343009384695,0.2418038297430045,0.09447210115740592,0.2511905826951848
2026-05-02,WSN,MIL,5.0,1.0,4.0,4.8,5.0,5.0,5.3,4.95,5.75,7.8,2.0,6.0,3.5,4.85,3.8,2026-05-02,Foster Griffin,0.2141969141969142,0.0744366744366744,0.2202569925540458,Kyle Harrison,0.3092790800530738,0.0853943682736252,0.2738796515886657,0.16258658008658006,0.08956349206349204,0.20972891767749754,0.17105086743919484,0.09812740706678622,0.20932548223445557,0.2787955465587044,0.08563403701561595,0.2557277779199339,0.24475639437495056,0.09787622692652187,0.2515028079378366
2026-05-05,WSN,MIN,14.0,3.0,11.0,4.8,3.6,4.7,5.0,4.4,5.35,4.2,5.4,3.8,5.4,4.85,4.9,2026-05-05,Cade Cavalli,0.2570135982183363,0.1115063803299097,0.2508250628800164,Taj Bradley,0.2623014203007101,0.0901423995604536,0.232758990120871,0.17715800865800863,0.07483333333333331,0.18447971912009423,0.17156224644266943,0.0955677457105889,0.20825112288096595,0.1563572946661182,0.09415449746332097,0.15051251347353292,0.19232090959313425,0.10443679446996561,0.18854066536754452
2026-05-06,WSN,MIN,17.0,15.0,2.0,2.6,5.4,3.9,5.7,4.5,5.6,5.8,5.0,4.7,5.1,5.05,4.85,2026-05-06,Miles Mikolas,0.1415276110444177,0.0858073229291716,0.1696492955646016,Bailey Ober,0.1759990506793575,0.0820284077956712,0.1941815373492391,0.16168181818181815,0.0778095238095238,0.1755323506990416,0.16911144330074343,0.09638530832973921,0.20802192502316133,0.13453911284793635,0.10324540655423006,0.15622679918781862,0.19202916715494112,0.10406102492660799,0.18885898021844605
2026-05-07,WSN,MIN,12.0,7.0,5.0,4.6,5.0,4.8,5.1,4.9,5.55,4.8,7.8,4.8,6.0,4.75,5.5,2026-05-07,Jake Irvin,0.2540446967220422,0.0940880858272162,0.2272901406829978,Simeon Woods Richardson,0.1038250638250638,0.0858230658230658,0.1411269639125401,0.17168181818181819,0.06447619047619046,0.19111676628345717,0.16904536825657918,0.09378029999650302,0.20854221697585232,0.12953911284793634,0.10991207322089673,0.16825687437578857,0.19224459506967245,0.10530261884751047,0.1908670589892135
2026-05-15,WSN,BAL,5.0,3.0,2.0,4.6,6.8,5.2,5.8,5.1,5.55,3.2,3.0,3.9,4.6,4.5,6.05,2026-05-15,Zack Littell,0.0994516353212005,0.0775882028599419,0.1089583437797723,Shane Baz,0.1937869171058825,0.0895283236878064,0.1965600045839707,0.18798344948769394,0.08480752015386987,0.181998690486202,0.17555711637205385,0.09438514321384796,0.20275627740217794,0.18425407925407924,0.10780303030303032,0.25177234461444986,0.23421872130199597,0.08879899996491608,0.27824854870220506
2026-05-16,WSN,BAL,16.0,13.0,3.0,4.6,6.8,5.4,5.6,5.1,5.65,3.2,2.4,4.0,3.7,4.2,5.9,2026-05-16,PJ Poulin,0.150453514739229,0.144047619047619,0.1433436933436933,Chris Bassitt,0.134984236777715,0.1031025315264445,0.2038354900656523,0.20882555475085182,0.09659699383808037,0.21086773810524964,0.17984298162226553,0.09579646751669811,0.20883259293080675,0.21758741258741257,0.0878030303030303,0.29813598097808625,0.2364212682360257,0.08682568885458461,0.28539858095326714
2026-05-17,WSN,BAL,10.0,3.0,7.0,5.8,5.8,6.4,5.7,5.55,5.35,3.4,4.8,3.4,4.3,3.85,6.4,2026-05-17,Miles Mikolas,0.1415097793503366,0.0806279178338001,0.167765487921837,Brandon Young,0.1525656565656565,0.0974949494949494,0.1884628532909624,0.23382555475085182,0.10076366050474705,0.20665721178946014,0.1831797283985931,0.09733712401995831,0.2077252482332263,0.18758741258741257,0.0928030303030303,0.2787592872111485,0.2323686319700251,0.08819904344470234,0.2834360455242725
2026-05-19,WSN,NYM,15.0,9.0,6.0,6.0,6.2,6.4,5.3,5.15,5.5,5.6,3.8,5.0,3.5,4.4,4.1,2026-05-19,Foster Griffin,0.2264719177762656,0.0853264466791036,0.2107576145112055,Nolan McLean,0.3145980784195887,0.0740577582148901,0.2296523314387155,0.21448436962019302,0.09583175030967896,0.19302586728855042,0.18156899573707438,0.09444691168462788,0.2057269193659056,0.23057762057762057,0.11079514329514326,0.21509373297044082,0.25356085728856054,0.08165570812073396,0.24194330957118865
2026-05-21,WSN,NYM,3.0,1.0,2.0,7.2,4.4,5.9,5.6,5.6,5.25,5.4,5.8,5.1,4.9,4.6,4.6,2026-05-21,Cade Cavalli,0.2357696586129753,0.0956908298673004,0.2392204422333777,Huascar Brazob\xc3\xa1n,0.2114285714285714,0.0871428571428571,0.2964995543672014,0.2495162732004837,0.08402299454931031,0.23882137612753757,0.18760293920429472,0.09209760664581418,0.2119209195143463,0.21057762057762056,0.07829514329514327,0.2170389142259669,0.2483134753584152,0.07832282207498972,0.2410992711322051
2026-05-31,WSN,SDP,6.0,4.0,2.0,6.4,3.8,5.4,3.2,5.9,4.25,2.8,4.8,2.9,4.1,3.0,3.6,2026-05-31,Zack Littell,0.123170212893533,0.0722526997230554,0.1224492250466276,Griffin Canning,0.2393768512189564,0.1419036226930963,0.2602530512369073,0.2229300285397846,0.0998455756992342,0.2290816613681889,0.19071702353338515,0.09376114437041491,0.21255438547873487,0.23266483516483513,0.10188644688644684,0.2528079820101096,0.2554667171679036,0.09042516404538278,0.2993373177250856
2026-06-01,WSN,MIA,10.0,3.0,7.0,5.2,3.8,4.9,2.8,5.35,4.25,2.4,5.6,2.6,4.8,3.6,4.9,2026-06-01,Richard Lovelady,0.1809868875086266,0.1063146997929606,0.2232242395285873,Sandy Alcantara,0.1564027509726434,0.0676216953098673,0.2008826055231275,0.19832685393661,0.10381382966748817,0.20946627675280424,0.18939025832634726,0.09405031048275986,0.2115118123874226,0.2866249028749029,0.07646936396936395,0.2544042879014423,0.2540025004601331,0.10078356206924917,0.2516146587218793
2026-06-02,WSN,MIA,10.0,3.0,7.0,4.6,4.6,4.4,3.1,5.15,4.35,2.2,5.8,3.2,4.2,3.85,4.9,2026-06-02,Miles Mikolas,0.1396290665388962,0.0639431605975723,0.1500966027138645,Lake Bachar,0.2836740420073753,0.0823011864678531,0.3175662467716131,0.18937948551555736,0.09907698756222502,0.19764809493462243,0.18973675107164442,0.093371314883819,0.21102503155841867,0.27519633144633143,0.08408841158841156,0.26784966605270283,0.254531030214369,0.10148478841571405,0.25456393821937184
2026-06-03,WSN,MIA,5.0,1.0,4.0,4.8,5.4,4.6,3.6,5.15,4.6,3.4,4.8,3.6,3.6,3.8,4.7,2026-06-03,Andrew Alvarez,0.257518315018315,0.0896703296703296,0.2676859088623794,Max Meyer,0.2662310475353953,0.0895750813866755,0.2799026689387837,0.1832006237269395,0.09842658105815996,0.18253422329901167,0.1888270185274781,0.09294059475128429,0.20902392656133337,0.25596556221556216,0.07408841158841156,0.24207093350705294,0.2554025265664664,0.09982110335971875,0.25306723933253705
2026-06-12,WSN,SEA,12.0,2.0,10.0,5.4,4.6,5.2,4.4,5.3,3.8,4.2,4.4,4.7,4.1,4.35,3.95,2026-06-12,Zack Littell,0.135799896739872,0.0713393289154598,0.1465596006804797,Bryce Miller,0.3027168902648778,0.0422910216718266,0.2355217456961642,0.14427794980426553,0.11374175137333029,0.17215373172876677,0.18398672299293306,0.09665688451576497,0.20669921826859455,0.2172186817310656,0.11828334204495192,0.21618604701408692,0.22987948907655462,0.08220381444233912,0.23867209764232478
2026-06-14,WSN,SEA,11.0,10.0,1.0,6.0,6.0,5.5,4.8,4.95,3.95,5.2,5.4,4.6,4.9,4.65,3.7,2026-06-14,Miles Mikolas,0.1395139898064488,0.0605227090836334,0.1427657291554379,Emerson Hancock,0.2461045496778642,0.0583690042412098,0.2094134010308078,0.14211420711420705,0.12070081570081566,0.17738570665039685,0.18302935051425887,0.09722054035100164,0.2062870984727818,0.20888534839773226,0.11828334204495192,0.2043419690530674,0.2319400753851109,0.08116862376662663,0.23914428595123663
2026-06-16,WSN,KCR,10.0,6.0,4.0,7.4,5.6,6.8,4.1,5.65,4.05,4.8,5.8,4.9,5.0,4.5,5.4,2026-06-16,Foster Griffin,0.2286450396516161,0.0649021900574695,0.2107958754040201,Michael Wacha,0.1976315108623954,0.0732895873273898,0.1923131068259785,0.1512505094084041,0.09763738790054576,0.17597052042630462,0.18425410237749196,0.09599892497008018,0.204725960310666,0.24636788048552752,0.07904645191409895,0.2610208899711188,0.21399706249317288,0.10104419610982197,0.23299345795618887
2026-06-17,WSN,KCR,8.0,2.0,6.0,6.6,4.2,6.0,4.4,5.85,4.2,5.2,6.2,4.5,5.0,4.45,5.7,2026-06-17,Zack Littell,0.1260999041155955,0.0733865197072127,0.1415855632692367,Luinder Avila,0.2178498659922808,0.1390221405701281,0.238081615268316,0.14886955702745172,0.11192310218626005,0.17314793978114332,0.18369468400559538,0.09663214413071616,0.2032671526517163,0.2102567693744164,0.10404645191409896,0.23959231854254734,0.21220714839509286,0.10308468657407098,0.2337156610761628
2026-06-23,WSN,PHI,23.0,9.0,14.0,3.0,3.8,4.8,4.0,5.0,4.2,6.0,5.4,5.4,4.7,5.05,4.5,2026-06-23,Zack Littell,0.123248799396778,0.0740496406156207,0.1377020812735098,Jes\xc3\xbas Luzardo,0.2670080863848979,0.0764003178785787,0.2921309446417752,0.2187877385772122,0.08051783304414879,0.18162514501169552,0.18839191483904433,0.09461396660796545,0.20352528494493644,0.26343529836176893,0.036724121466768525,0.24671036886584857,0.26725000652301784,0.06791639871227959,0.23778882309485372
2026-06-24,WSN,PHI,9.0,4.0,5.0,4.4,5.4,5.5,4.4,5.25,4.8,8.0,4.8,6.8,5.0,5.7,4.5,2026-06-24,Miles Mikolas,0.1350346073013785,0.0553612166020254,0.1293513799990966,Aaron Nola,0.2300199004317997,0.0751484409310496,0.2267280921004751,0.23045440524387892,0.08066934819566395,0.17994305922532045,0.18916201590355627,0.09428356475263862,0.2035726822977589,0.27801863169510227,0.03568245480010185,0.25029888561226,0.2680972286616116,0.0681140517202418,0.23811406760308435
2026-06-25,WSN,PHI,15.0,5.0,10.0,4.8,5.4,5.1,4.6,5.3,4.7,8.2,4.4,6.4,4.6,5.8,4.6,2026-06-25,Cade Cavalli,0.227206785974348,0.0898334164858301,0.224353390624914,Cristopher S\xc3\xa1nchez,0.2864033279739098,0.0475027761988968,0.2903690007518328,0.22578773857721224,0.06800268152899729,0.17766854942139884,0.18830816385536422,0.09361339728655665,0.20275394426890736,0.29314468211527034,0.032040998217468794,0.253704458367678,0.2684266010463865,0.06799645017203323,0.2377648555548108
