Date,home_team,away_team,total_runs,home_runs,away_runs,home_off_roll5,home_def_roll5,home_off_roll10,home_def_roll10,home_off_roll20,home_def_roll20,away_off_roll5,away_def_roll5,away_off_roll10,away_def_roll10,away_off_roll20,away_def_roll20,pred_home_runs,lambda_home,lambda_away,p_over_poisson,actual_total,actual_over,prob_bucket,p_over_negbin,prob_bucket_nb,lambda_home_cal,lambda_away_cal,p_over_cal
2025-08-12,NYM,ATL,18.0,13.0,5.0,3.0,4.8,3.8,6.1,4.0,4.7,6.2,3.8,4.4,3.9,4.7,5.65,4.255438154054173,4.255438154054173,5.202350548066948,0.6051,18.0,1,"(0.6, 0.65]",0.5543,"(0.55, 0.6]",4.255438154054167,5.20235054806694,0.552
2025-08-12,TOR,CHC,6.0,5.0,1.0,7.4,4.6,7.0,4.6,6.45,5.3,3.6,3.0,3.9,2.8,4.15,4.4,4.291314639023682,4.291314639023682,4.446278449756296,0.5062,6.0,0,"(0.5, 0.55]",0.4873,"(0.45, 0.5]",4.291314639023675,4.446278449756289,0.4762
2025-08-12,STL,COL,3.0,0.0,3.0,3.4,3.2,3.8,4.6,3.5,4.45,3.0,9.6,5.0,10.3,4.3,8.45,5.9482005783969125,5.9482005783969125,4.460932438252056,0.7148,3.0,0,"(0.65, 1.0]",0.6434,"(0.6, 0.65]",5.948200578396904,4.4609324382520485,0.6391
2025-08-12,SFG,SDP,6.0,1.0,5.0,2.4,3.6,4.3,4.3,4.25,4.7,3.4,4.2,4.5,3.4,4.4,3.4,4.170013604702166,4.170013604702166,4.3429580953008875,0.4688,6.0,0,"(0.45, 0.5]",0.4584,"(0.45, 0.5]",4.170013604702159,4.34295809530088,0.4696
2025-08-12,BAL,SEA,1.0,0.0,1.0,2.6,4.4,3.1,5.3,5.15,4.6,6.4,3.6,5.2,3.6,4.35,3.85,4.322913481040923,4.322913481040923,4.778425978643583,0.5501,1.0,0,"(0.55, 0.6]",0.5166,"(0.5, 0.55]",4.322913481040916,4.778425978643576,0.5225
2025-08-12,KCR,WSN,13.0,8.0,5.0,4.4,4.4,5.4,5.3,4.85,4.7,3.2,4.0,3.9,7.5,3.95,6.0,5.302267625727121,5.302267625727121,4.736681968349477,0.6809,13.0,1,"(0.65, 1.0]",0.6067,"(0.6, 0.65]",5.302267625727113,4.73668196834947,0.5976
2025-08-12,ATH,TBR,6.0,6.0,0.0,5.2,3.0,5.4,3.8,5.15,3.4,4.2,4.8,3.3,4.0,3.5,4.9,4.41819888882255,4.41819888882255,4.057176764957827,0.4644,6.0,0,"(0.45, 0.5]",0.4603,"(0.45, 0.5]",4.418198888822543,4.057176764957821,0.4538
2025-08-12,MIL,PIT,14.0,14.0,0.0,5.8,3.4,7.7,3.4,6.35,3.65,4.0,5.0,4.2,5.4,4.9,5.0,4.930890898995169,4.930890898995169,4.025046820791572,0.5403,14.0,1,"(0.5, 0.55]",0.5032,"(0.5, 0.55]",4.930890898995161,4.025046820791566,0.504
2025-08-12,CHW,DET,15.0,9.0,6.0,3.8,5.2,4.3,4.8,5.4,4.7,5.0,5.4,4.5,4.8,4.6,4.85,4.647418536168153,4.647418536168153,4.578031051192158,0.5711,15.0,1,"(0.55, 0.6]",0.5348,"(0.5, 0.55]",4.6474185361681455,4.578031051192151,0.529
2025-08-12,HOU,BOS,15.0,1.0,14.0,5.8,4.2,5.7,4.1,4.5,4.55,5.4,4.8,6.9,3.9,4.8,3.5,4.315215178926572,4.315215178926572,4.297354338172663,0.5008,15.0,1,"(0.5, 0.55]",0.4763,"(0.45, 0.5]",4.3152151789265645,4.2973543381726556,0.4754
2025-08-12,CIN,PHI,7.0,6.0,1.0,3.8,4.6,3.3,3.8,3.75,3.7,4.2,2.2,5.1,2.5,5.3,3.8,3.9153868842709465,3.9153868842709465,4.220576676901034,0.4303,7.0,0,"(0.0, 0.45]",0.4205,"(0.0, 0.45]",3.9153868842709403,4.220576676901028,0.4166
2025-08-12,CLE,MIA,7.0,4.0,3.0,4.6,3.0,5.3,3.6,5.3,3.8,3.8,6.2,3.9,5.3,4.1,4.35,4.7625116295348775,4.7625116295348775,4.032225148730665,0.5158,7.0,0,"(0.5, 0.55]",0.4903,"(0.45, 0.5]",4.76251162953487,4.032225148730658,0.4805
2025-08-12,NYY,MIN,10.0,9.0,1.0,3.0,3.4,4.4,4.8,4.4,5.5,5.2,3.8,4.4,5.5,4.35,5.4,4.695325403617311,4.695325403617311,4.552994085006723,0.5823,10.0,1,"(0.55, 0.6]",0.5304,"(0.5, 0.55]",4.6953254036173036,4.552994085006716,0.5378
2025-08-12,TEX,ARI,5.0,2.0,3.0,1.8,3.8,2.7,4.5,3.7,3.2,6.6,3.4,5.1,4.7,4.3,4.05,4.408053084010219,4.408053084010219,4.4180242004411046,0.5187,5.0,0,"(0.5, 0.55]",0.4851,"(0.45, 0.5]",4.408053084010212,4.4180242004410974,0.4966
2025-08-13,CHW,DET,1.0,0.0,1.0,4.4,4.8,4.3,5.1,5.35,4.8,5.4,5.4,4.7,5.2,4.9,5.15,4.7432354909880425,4.7432354909880425,4.743832843556413,0.6058,1.0,0,"(0.6, 0.65]",0.5528,"(0.55, 0.6]",4.743235490988035,4.743832843556406,0.5607
2025-08-13,BAL,SEA,7.0,4.0,3.0,2.6,3.6,2.3,4.5,4.9,4.15,5.0,3.0,5.2,3.0,4.0,3.65,4.154745050467689,4.154745050467689,4.389045801971215,0.4812,7.0,0,"(0.45, 0.5]",0.468,"(0.45, 0.5]",4.154745050467683,4.389045801971208,0.4655
2025-08-13,MIL,PIT,17.0,12.0,5.0,7.6,2.6,7.5,2.5,6.75,3.4,2.6,7.8,3.7,6.0,4.7,5.2,5.151989983839346,5.151989983839346,3.6735640818793525,0.5223,17.0,1,"(0.5, 0.55]",0.4941,"(0.45, 0.5]",5.151989983839338,3.6735640818793467,0.494
2025-08-13,KCR,WSN,15.0,7.0,8.0,5.6,4.2,5.5,4.8,5.1,4.55,4.2,4.4,3.5,6.7,4.15,6.0,5.1115580155497105,5.1115580155497105,4.533063134497984,0.62,15.0,1,"(0.6, 0.65]",0.5808,"(0.55, 0.6]",5.1115580155497025,4.533063134497977,0.5778
2025-08-13,TOR,CHC,5.0,1.0,4.0,6.4,4.0,7.3,4.4,6.3,5.05,3.6,3.0,3.0,3.0,3.9,4.65,4.32023394860555,4.32023394860555,4.337304356398379,0.4967,5.0,0,"(0.45, 0.5]",0.4764,"(0.45, 0.5]",4.3202339486055426,4.337304356398372,0.4701
2025-08-13,CIN,PHI,8.0,8.0,0.0,5.0,3.4,3.6,3.7,3.95,3.6,4.2,2.4,4.7,2.7,5.1,3.8,3.9804512596178947,3.9804512596178947,4.161682276969721,0.4219,8.0,0,"(0.0, 0.45]",0.4169,"(0.0, 0.45]",3.9804512596178885,4.161682276969715,0.4242
2025-08-13,NYY,MIN,5.0,1.0,4.0,4.8,3.2,4.6,4.4,4.7,5.2,4.2,5.0,4.0,5.6,4.2,5.55,4.760666728635921,4.760666728635921,4.365941135232732,0.5598,5.0,0,"(0.55, 0.6]",0.5267,"(0.5, 0.55]",4.760666728635914,4.365941135232725,0.5254
2025-08-13,SFG,SDP,12.0,1.0,11.0,1.8,4.2,4.3,4.5,4.3,4.75,4.0,3.2,4.3,3.4,4.55,3.25,4.175834607672117,4.175834607672117,4.442318965698352,0.4994,12.0,1,"(0.45, 0.5]",0.4649,"(0.45, 0.5]",4.175834607672111,4.442318965698345,0.4676
2025-08-13,LAA,LAD,11.0,6.0,5.0,5.6,5.6,4.7,4.8,4.5,4.65,5.0,3.8,4.7,3.2,4.5,3.7,4.153672004920329,4.153672004920329,4.567999785548623,0.5095,11.0,1,"(0.5, 0.55]",0.4847,"(0.45, 0.5]",4.153672004920323,4.567999785548616,0.4866
2025-08-13,TEX,ARI,10.0,4.0,6.0,1.8,4.4,2.4,4.0,3.55,3.3,6.0,3.4,5.2,3.7,4.2,4.1,4.156785051755511,4.156785051755511,4.20037103049831,0.4521,10.0,1,"(0.45, 0.5]",0.4386,"(0.0, 0.45]",4.156785051755505,4.200371030498304,0.4473
2025-08-13,CLE,MIA,17.0,4.0,13.0,4.8,3.2,5.1,3.1,5.2,3.85,3.2,5.4,4.0,5.7,4.2,4.45,4.853925797286593,4.853925797286593,3.850433758786963,0.5147,17.0,1,"(0.5, 0.55]",0.4848,"(0.45, 0.5]",4.8539257972865855,3.850433758786957,0.483
2025-08-13,NYM,ATL,17.0,6.0,11.0,5.2,5.2,4.5,5.9,4.55,4.8,5.6,5.2,4.7,4.9,4.6,6.15,4.5633110245797415,4.5633110245797415,5.0915714533004275,0.6239,17.0,1,"(0.6, 0.65]",0.5717,"(0.55, 0.6]",4.563311024579734,5.0915714533004195,0.5807
2025-08-13,ATH,TBR,10.0,2.0,8.0,5.2,3.0,5.5,3.7,5.35,3.05,3.2,5.2,3.3,4.1,3.35,4.95,4.467203235564259,4.467203235564259,4.004952647324491,0.4716,10.0,1,"(0.45, 0.5]",0.4562,"(0.45, 0.5]",4.467203235564252,4.004952647324485,0.4599
2025-08-13,STL,COL,11.0,5.0,6.0,2.4,3.2,3.7,4.5,3.2,4.5,3.4,5.6,3.6,8.7,4.4,8.1,5.405997329819806,5.405997329819806,4.427726121731555,0.6507,11.0,1,"(0.65, 1.0]",0.59,"(0.55, 0.6]",5.405997329819798,4.427726121731548,0.5848
2025-08-13,HOU,BOS,5.0,4.0,1.0,4.6,6.4,5.1,5.1,4.5,4.95,7.0,4.6,7.5,3.5,5.45,3.55,4.222150776816991,4.222150776816991,4.801412325560325,0.5476,5.0,0,"(0.5, 0.55]",0.507,"(0.5, 0.55]",4.222150776816985,4.801412325560318,0.5177
2025-08-14,TOR,CHC,3.0,2.0,1.0,2.6,4.6,6.5,4.0,6.15,5.2,3.2,3.0,3.3,3.1,4.05,4.4,4.325705939046694,4.325705939046694,4.18657297603081,0.4756,3.0,0,"(0.45, 0.5]",0.4661,"(0.45, 0.5]",4.325705939046687,4.186572976030804,0.4661
2025-08-14,NYM,ATL,7.0,3.0,4.0,6.2,6.6,5.0,6.3,4.65,4.95,7.6,5.4,5.4,5.3,4.7,5.85,4.676925193002919,4.676925193002919,5.303892625858877,0.6591,7.0,0,"(0.65, 1.0]",0.6085,"(0.6, 0.65]",4.676925193002912,5.303892625858869,0.6121
2025-08-14,CLE,MIA,13.0,9.0,4.0,4.8,5.6,4.5,4.0,5.0,4.2,4.8,6.0,4.6,5.8,4.65,4.5,4.853298945368752,4.853298945368752,4.2420386466289175,0.5508,13.0,1,"(0.55, 0.6]",0.5288,"(0.5, 0.55]",4.853298945368745,4.242038646628911,0.5194
2025-08-14,BAL,SEA,8.0,5.0,3.0,2.4,4.0,2.7,4.7,4.95,4.0,4.0,2.6,5.1,2.9,3.85,3.8,4.137928830907631,4.137928830907631,4.460014132905075,0.4915,8.0,0,"(0.45, 0.5]",0.4622,"(0.45, 0.5]",4.137928830907625,4.4600141329050675,0.4663
2025-08-14,WSN,PHI,5.0,3.0,2.0,5.8,4.8,4.1,6.6,4.05,5.95,2.4,3.8,4.2,2.8,4.65,3.95,4.013387786706243,4.013387786706243,5.453948841714364,0.6067,5.0,0,"(0.6, 0.65]",0.5566,"(0.55, 0.6]",4.013387786706237,5.453948841714355,0.5538
2025-08-14,COL,ARI,10.0,2.0,8.0,4.4,5.4,3.4,8.7,4.6,8.05,6.8,3.6,5.6,3.4,4.15,4.15,4.210931661715673,4.210931661715673,6.608401581461214,0.7521,10.0,1,"(0.65, 1.0]",0.6689,"(0.65, 1.0]",4.210931661715667,6.608401581461203,0.6742
2025-08-15,KCR,CHW,4.0,3.0,1.0,5.6,5.2,5.3,5.0,5.4,4.8,3.4,3.2,3.7,4.9,5.0,4.75,4.672819068254857,4.672819068254857,4.7085206712462675,0.5945,4.0,0,"(0.55, 0.6]",0.5537,"(0.55, 0.6]",4.67281906825485,4.70852067124626,0.5458
2025-08-15,HOU,BAL,7.0,0.0,7.0,4.6,5.4,4.6,5.1,4.15,4.85,2.8,4.2,2.8,4.7,5.1,4.0,4.463742897153971,4.463742897153971,4.7646905053231565,0.57,7.0,0,"(0.55, 0.6]",0.5247,"(0.5, 0.55]",4.463742897153964,4.764690505323149,0.5321
2025-08-15,CIN,MIL,18.0,8.0,10.0,6.2,2.8,4.2,3.3,3.95,3.1,9.4,3.2,7.9,2.8,7.05,3.65,4.0022064725716335,4.0022064725716335,4.178838173932235,0.4359,18.0,1,"(0.0, 0.45]",0.4232,"(0.0, 0.45]",4.002206472571627,4.1788381739322285,0.4261
2025-08-15,WSN,PHI,8.0,2.0,6.0,5.6,4.8,4.1,5.4,3.9,6.0,2.2,4.0,4.2,3.1,4.65,3.7,4.062517188377575,4.062517188377575,4.856690135779377,0.5453,8.0,0,"(0.5, 0.55]",0.5005,"(0.5, 0.55]",4.062517188377568,4.8566901357793695,0.4968
2025-08-15,STL,NYY,7.0,3.0,4.0,2.4,4.4,3.4,4.6,3.25,4.4,4.4,3.6,4.0,4.4,4.15,4.95,4.282456110865262,4.282456110865262,4.446278449756296,0.5151,7.0,0,"(0.5, 0.55]",0.4773,"(0.45, 0.5]",4.2824561108652555,4.446278449756289,0.4926
2025-08-15,LAD,SDP,5.0,3.0,2.0,5.4,4.0,4.7,3.8,4.5,3.7,5.6,3.0,4.9,3.5,4.7,3.25,4.222150776816991,4.222150776816991,4.165391626693847,0.4591,5.0,0,"(0.45, 0.5]",0.4547,"(0.45, 0.5]",4.222150776816985,4.16539162669384,0.4475
2025-08-15,COL,ARI,7.0,4.0,3.0,3.8,5.8,3.1,8.6,4.3,8.25,7.2,3.8,6.3,3.1,4.05,4.2,4.108107034524543,4.108107034524543,6.530496664042247,0.7273,7.0,0,"(0.65, 1.0]",0.6459,"(0.6, 0.65]",4.1081070345245365,6.5304966640422375,0.6591
2025-08-15,CLE,ATL,2.0,0.0,2.0,4.8,5.4,4.9,4.4,5.35,4.0,7.0,5.8,5.7,5.3,4.8,5.8,4.769159712003646,4.769159712003646,4.423783158826724,0.5688,2.0,0,"(0.55, 0.6]",0.5155,"(0.5, 0.55]",4.769159712003639,4.4237831588267165,0.5289
2025-08-15,ATH,LAA,13.0,10.0,3.0,5.2,4.0,5.5,3.8,5.35,3.15,6.0,5.6,5.0,4.7,4.4,4.8,4.615712913124623,4.615712913124623,4.138070278311594,0.5133,13.0,1,"(0.5, 0.55]",0.478,"(0.45, 0.5]",4.615712913124616,4.138070278311588,0.4902
2025-08-15,SFG,TBR,13.0,6.0,7.0,1.0,6.4,3.8,4.4,4.2,5.0,4.4,5.0,3.7,4.3,3.6,4.65,4.37357190473396,4.37357190473396,4.308855409941193,0.5012,13.0,1,"(0.5, 0.55]",0.4753,"(0.45, 0.5]",4.373571904733953,4.308855409941186,0.4698
2025-08-15,MIN,DET,7.0,0.0,7.0,3.2,4.4,4.3,4.4,4.1,5.1,4.4,4.4,4.1,4.7,4.7,4.75,4.457520557645194,4.457520557645194,4.414089877256685,0.5267,7.0,0,"(0.5, 0.55]",0.492,"(0.45, 0.5]",4.457520557645187,4.414089877256678,0.4983
2025-08-15,CHC,PIT,5.0,2.0,3.0,3.4,2.4,3.1,2.9,3.9,3.9,3.0,9.8,3.3,6.7,4.85,5.45,4.943262550065018,4.943262550065018,3.8309530563101055,0.5146,5.0,0,"(0.5, 0.55]",0.4873,"(0.45, 0.5]",4.94326255006501,3.8309530563100997,0.4814
2025-08-15,BOS,MIA,3.0,2.0,1.0,6.6,4.0,6.3,3.8,5.3,3.7,5.4,6.4,4.8,5.9,4.7,4.85,4.92083866978434,4.92083866978434,4.165391626693847,0.5472,3.0,0,"(0.5, 0.55]",0.5134,"(0.5, 0.55]",4.920838669784332,4.16539162669384,0.518
2025-08-15,NYM,SEA,20.0,9.0,11.0,6.4,6.8,5.3,6.2,4.7,4.9,4.0,3.2,4.8,3.4,3.85,3.5,4.22269610966,4.22269610966,5.15584158662408,0.5881,20.0,1,"(0.55, 0.6]",0.5493,"(0.5, 0.55]",4.222696109659994,5.155841586624072,0.5533
2025-08-15,TOR,TEX,11.0,6.0,5.0,2.8,3.8,6.4,3.2,6.05,5.0,2.2,5.0,2.2,4.3,3.65,3.6,4.605231997161203,4.605231997161203,3.8412058915606497,0.4611,11.0,1,"(0.45, 0.5]",0.4652,"(0.45, 0.5]",4.605231997161196,3.841205891560644,0.4531
2025-08-16,STL,NYY,20.0,8.0,12.0,2.8,3.4,3.4,4.3,3.4,4.3,4.2,3.4,3.2,3.4,4.15,5.0,4.07228886396657,4.07228886396657,4.319206728444499,0.4659,20.0,1,"(0.45, 0.5]",0.452,"(0.45, 0.5]",4.0722888639665635,4.319206728444492,0.4494
2025-08-16,TOR,TEX,16.0,14.0,2.0,3.8,3.0,6.6,3.5,5.95,5.05,3.0,4.4,2.7,4.3,3.7,3.85,4.592401802732053,4.592401802732053,3.958554075331339,0.4828,16.0,1,"(0.45, 0.5]",0.4618,"(0.45, 0.5]",4.592401802732046,3.9585540753313326,0.4666
2025-08-16,WSN,PHI,2.0,2.0,0.0,4.4,6.0,3.6,4.4,4.0,6.05,2.6,4.0,3.5,3.0,4.75,3.75,4.051722252254557,4.051722252254557,4.418933860169854,0.4777,2.0,0,"(0.45, 0.5]",0.4596,"(0.45, 0.5]",4.05172225225455,4.4189338601698465,0.4575
2025-08-16,SFG,TBR,3.0,1.0,2.0,1.8,7.0,3.2,4.7,4.2,4.95,5.0,4.8,4.4,4.6,3.75,4.8,4.4456760170671314,4.4456760170671314,4.450241462942636,0.5309,3.0,0,"(0.5, 0.55]",0.5,"(0.45, 0.5]",4.445676017067124,4.450241462942629,0.5016
2025-08-16,LAD,SDP,6.0,6.0,0.0,5.0,4.2,5.0,3.6,4.4,3.7,5.6,1.6,4.7,3.7,4.7,3.35,4.256537489523576,4.256537489523576,4.085645947354588,0.4522,6.0,0,"(0.45, 0.5]",0.4374,"(0.0, 0.45]",4.25653748952357,4.085645947354582,0.4354
2025-08-16,BOS,MIA,12.0,7.0,5.0,5.0,3.8,5.8,3.6,5.35,3.55,4.4,5.2,4.6,5.4,4.5,4.9,4.795225622217804,4.795225622217804,4.06776083578787,0.5243,12.0,1,"(0.5, 0.55]",0.4963,"(0.45, 0.5]",4.795225622217797,4.067760835787864,0.4945
2025-08-16,ATH,LAA,9.0,7.0,2.0,5.0,4.0,6.1,3.5,5.8,3.2,5.6,6.4,5.3,5.6,4.3,4.95,4.909030853415418,4.909030853415418,4.010998845228862,0.536,9.0,1,"(0.5, 0.55]",0.5051,"(0.5, 0.55]",4.90903085341541,4.010998845228856,0.5019
2025-08-16,NYM,SEA,4.0,3.0,1.0,7.4,7.6,5.0,6.7,5.0,5.35,4.8,4.2,5.5,4.0,4.4,3.65,4.3997480755885565,4.3997480755885565,5.476801078993682,0.654,4.0,0,"(0.65, 1.0]",0.5898,"(0.55, 0.6]",4.399748075588549,5.476801078993673,0.589
2025-08-16,CHC,PIT,4.0,3.0,1.0,2.0,2.8,2.8,2.9,3.7,4.05,3.4,9.8,3.1,6.5,4.85,5.55,4.862460080943258,4.862460080943258,3.8309530563101055,0.4999,4.0,0,"(0.45, 0.5]",0.4762,"(0.45, 0.5]",4.86246008094325,3.8309530563100997,0.4832
2025-08-16,COL,ARI,17.0,10.0,7.0,3.4,3.8,3.4,7.4,4.2,8.4,6.6,3.6,5.9,3.3,3.95,4.25,4.1415649340244265,4.1415649340244265,5.802603405522287,0.6655,17.0,1,"(0.65, 1.0]",0.5999,"(0.55, 0.6]",4.14156493402442,5.802603405522278,0.5955
2025-08-16,CLE,ATL,11.0,1.0,10.0,4.2,5.6,4.4,4.2,4.95,4.0,5.8,4.6,5.7,4.6,4.45,5.55,4.5396782190314795,4.5396782190314795,4.305904695467007,0.5216,11.0,1,"(0.5, 0.55]",0.4975,"(0.45, 0.5]",4.539678219031472,4.3059046954669995,0.4914
2025-08-16,KCR,CHW,8.0,6.0,2.0,5.4,3.6,4.7,4.8,5.4,4.75,3.4,3.2,3.7,5.2,4.65,4.75,4.749856665520685,4.749856665520685,4.583054941689311,0.5801,8.0,0,"(0.55, 0.6]",0.5434,"(0.5, 0.55]",4.749856665520678,4.583054941689304,0.5572
2025-08-16,MIN,DET,13.0,5.0,8.0,1.4,5.0,3.9,4.6,3.75,5.4,5.0,3.0,4.8,4.5,5.0,4.45,4.366347273847616,4.366347273847616,4.529958882038618,0.5375,13.0,1,"(0.5, 0.55]",0.5037,"(0.5, 0.55]",4.366347273847609,4.529958882038611,0.4907
2025-08-17,SFG,TBR,8.0,7.0,1.0,2.0,5.8,2.9,4.4,4.0,4.6,4.8,3.8,4.5,4.2,3.4,4.3,4.325594675398813,4.325594675398813,4.289993188220401,0.4995,8.0,0,"(0.45, 0.5]",0.4678,"(0.45, 0.5]",4.325594675398806,4.289993188220394,0.469
2025-08-17,CHC,PIT,7.0,4.0,3.0,2.2,2.4,2.9,2.7,3.65,3.7,2.0,7.6,3.1,6.0,4.5,5.45,4.725136223179588,4.725136223179588,3.72887145708434,0.4708,7.0,0,"(0.45, 0.5]",0.4457,"(0.0, 0.45]",4.725136223179581,3.728871457084334,0.456
2025-08-17,KCR,CHW,8.0,6.0,2.0,6.2,4.0,5.1,4.6,5.65,4.7,2.6,3.6,3.4,5.0,4.6,4.85,4.731242755829479,4.731242755829479,4.4903854637103136,0.5694,8.0,0,"(0.55, 0.6]",0.53,"(0.5, 0.55]",4.731242755829472,4.4903854637103064,0.5339
2025-08-17,HOU,BAL,12.0,0.0,12.0,3.8,5.8,4.3,5.1,3.85,5.05,3.6,2.0,3.2,4.2,5.25,3.85,4.307530586051533,4.307530586051533,4.780393912259959,0.5541,12.0,1,"(0.55, 0.6]",0.5251,"(0.5, 0.55]",4.307530586051526,4.780393912259952,0.5212
2025-08-17,MIN,DET,9.0,8.0,1.0,2.4,6.2,3.9,5.0,3.9,5.55,4.8,3.0,5.0,4.7,5.2,4.15,4.432717816550795,4.432717816550795,4.729223072621134,0.554,9.0,1,"(0.55, 0.6]",0.5259,"(0.5, 0.55]",4.432717816550788,4.729223072621127,0.5236
2025-08-17,COL,ARI,11.0,6.0,5.0,5.0,4.6,4.0,7.1,4.4,8.5,5.4,4.4,6.0,3.9,4.15,4.45,4.3031929724919395,4.3031929724919395,5.661552525109294,0.666,11.0,1,"(0.65, 1.0]",0.6051,"(0.6, 0.65]",4.3031929724919324,5.661552525109285,0.6007
2025-08-17,TOR,TEX,14.0,4.0,10.0,5.6,2.6,6.5,3.6,6.1,4.95,3.0,6.6,2.6,5.3,3.75,4.45,4.870001859008267,4.870001859008267,4.001386171149169,0.5275,14.0,1,"(0.5, 0.55]",0.4952,"(0.45, 0.5]",4.870001859008259,4.0013861711491625,0.5071
2025-08-17,LAD,SDP,9.0,5.0,4.0,4.4,4.0,5.3,3.6,4.35,3.2,4.4,2.4,4.2,3.5,4.55,3.45,4.2045186788990145,4.2045186788990145,4.0722247602958275,0.441,9.0,1,"(0.0, 0.45]",0.4315,"(0.0, 0.45]",4.204518678899008,4.072224760295821,0.4407
2025-08-17,STL,NYY,12.0,4.0,8.0,3.8,5.4,3.9,5.3,3.35,4.55,6.4,3.6,4.4,4.0,4.7,5.2,4.201804453288041,4.201804453288041,4.815253659184077,0.5513,12.0,1,"(0.55, 0.6]",0.5001,"(0.5, 0.55]",4.201804453288035,4.81525365918407,0.5198
2025-08-17,CLE,ATL,9.0,4.0,5.0,3.6,6.4,4.1,4.7,4.5,4.25,6.4,4.6,6.3,4.2,4.95,5.15,4.386357203518952,4.386357203518952,4.568940324861521,0.5304,9.0,1,"(0.5, 0.55]",0.4945,"(0.45, 0.5]",4.386357203518945,4.568940324861514,0.5033
2025-08-17,NYM,SEA,10.0,7.0,3.0,6.8,6.4,4.9,5.6,4.8,5.15,3.8,4.2,5.1,3.9,4.4,3.8,4.3514836987731425,4.3514836987731425,4.924406075963667,0.57,10.0,1,"(0.55, 0.6]",0.5425,"(0.5, 0.55]",4.351483698773135,4.924406075963659,0.5388
2025-08-17,BOS,MIA,8.0,3.0,5.0,6.0,3.6,5.9,4.0,5.7,3.5,5.2,5.2,4.5,5.7,4.4,5.05,4.922109902567677,4.922109902567677,4.2188392019407255,0.5648,8.0,0,"(0.55, 0.6]",0.5241,"(0.5, 0.55]",4.922109902567669,4.218839201940719,0.5226
2025-08-17,WSN,PHI,20.0,9.0,11.0,4.0,4.6,3.6,4.3,4.1,6.0,1.8,4.2,3.0,3.2,4.15,3.6,4.1075765000910085,4.1075765000910085,4.319206728444499,0.467,20.0,1,"(0.45, 0.5]",0.4491,"(0.0, 0.45]",4.107576500091002,4.319206728444492,0.4522
2025-08-18,DET,HOU,10.0,10.0,0.0,4.6,4.4,4.8,4.9,5.15,4.25,2.4,8.0,4.2,5.7,3.7,5.6,4.847159553137454,4.847159553137454,4.532129980684912,0.5922,10.0,1,"(0.55, 0.6]",0.5479,"(0.5, 0.55]",4.8471595531374465,4.532129980684905,0.5453
2025-08-18,KCR,TEX,7.0,4.0,3.0,6.0,3.6,5.2,4.0,5.6,4.6,4.6,6.6,3.2,5.2,3.9,4.55,4.776433919022033,4.776433919022033,4.172820247632294,0.5319,7.0,0,"(0.5, 0.55]",0.5039,"(0.5, 0.55]",4.7764339190220255,4.172820247632288,0.5044
2025-08-18,SDP,SFG,7.0,3.0,4.0,4.4,3.2,3.9,3.7,4.65,3.55,3.2,5.2,2.8,4.4,3.9,4.65,4.453031906612601,4.453031906612601,4.053563782347171,0.4876,7.0,0,"(0.45, 0.5]",0.454,"(0.45, 0.5]",4.453031906612594,4.053563782347164,0.4527
2025-08-18,CHC,MIL,7.0,0.0,7.0,2.8,2.0,3.2,2.5,3.6,3.25,10.0,4.0,7.5,3.3,7.55,4.0,4.072814840650287,4.072814840650287,3.910555071894429,0.4012,7.0,0,"(0.0, 0.45]",0.3963,"(0.0, 0.45]",4.072814840650281,3.910555071894423,0.4012
2025-08-18,COL,LAD,7.0,4.0,3.0,5.6,5.6,4.5,5.6,4.7,7.85,4.6,3.8,5.6,3.7,4.4,3.25,4.2923128351356254,4.2923128351356254,4.924406075963667,0.5791,7.0,0,"(0.55, 0.6]",0.5311,"(0.5, 0.55]",4.292312835135618,4.924406075963659,0.5344
2025-08-18,BOS,BAL,9.0,3.0,6.0,5.4,3.2,5.4,4.0,5.55,3.7,5.6,1.4,4.1,2.9,5.6,3.55,4.2077780640868685,4.2077780640868685,4.331365997634642,0.4813,9.0,1,"(0.45, 0.5]",0.4599,"(0.45, 0.5]",4.207778064086862,4.331365997634635,0.4554
2025-08-18,ARI,CLE,4.0,1.0,3.0,5.8,5.2,5.9,4.3,4.35,4.6,3.6,6.8,4.2,5.0,4.4,4.35,4.562721703608033,4.562721703608033,4.3429580953008875,0.5307,4.0,0,"(0.5, 0.55]",0.5054,"(0.5, 0.55]",4.562721703608026,4.34295809530088,0.5005
2025-08-18,PHI,SEA,19.0,12.0,7.0,3.8,4.8,4.0,3.6,4.25,3.85,4.2,5.6,4.6,4.3,4.45,3.65,4.379677058687906,4.379677058687906,4.06330180458104,0.4845,19.0,1,"(0.45, 0.5]",0.4567,"(0.45, 0.5]",4.379677058687899,4.063301804581034,0.4517
2025-08-18,LAA,CIN,5.0,1.0,4.0,4.6,7.0,4.7,5.8,4.3,5.15,7.4,4.6,4.7,4.1,4.3,3.3,4.338239721953982,4.338239721953982,5.0095222516530855,0.5936,5.0,0,"(0.55, 0.6]",0.5395,"(0.5, 0.55]",4.338239721953975,5.0095222516530775,0.5356
2025-08-18,PIT,TOR,7.0,5.0,2.0,2.4,7.0,3.2,6.0,4.35,5.6,5.4,4.4,5.9,4.2,6.0,5.35,4.3680393641513175,4.3680393641513175,5.301351817420206,0.6302,7.0,0,"(0.6, 0.65]",0.5816,"(0.55, 0.6]",4.3680393641513104,5.301351817420198,0.5752
2025-08-18,MIA,STL,11.0,3.0,8.0,5.6,5.0,4.4,5.2,4.55,5.05,4.0,6.6,3.7,4.9,3.4,4.95,4.5633110245797415,4.5633110245797415,4.634864535407169,0.5715,11.0,1,"(0.55, 0.6]",0.5285,"(0.5, 0.55]",4.563311024579734,4.634864535407162,0.5292
2025-08-18,ATL,CHW,22.0,9.0,13.0,6.4,2.8,6.0,4.0,5.05,4.9,2.8,4.4,3.3,4.8,4.15,4.7,4.602259091203169,4.602259091203169,4.195766633568069,0.5132,22.0,1,"(0.5, 0.55]",0.4901,"(0.45, 0.5]",4.602259091203162,4.195766633568063,0.496
2025-08-19,ATL,CHW,21.0,11.0,10.0,6.0,4.2,6.8,4.8,5.35,5.15,3.6,5.0,4.0,4.9,4.2,4.9,4.666305282094748,4.666305282094748,4.5380376776039055,0.5648,21.0,1,"(0.55, 0.6]",0.5425,"(0.5, 0.55]",4.666305282094741,4.538037677603898,0.5263
2025-08-19,COL,LAD,15.0,4.0,11.0,5.2,5.2,4.8,5.3,4.85,7.75,4.4,3.2,4.7,3.5,4.3,3.35,4.263580427312762,4.263580427312762,4.773187924731752,0.5601,15.0,1,"(0.55, 0.6]",0.519,"(0.5, 0.55]",4.263580427312756,4.773187924731745,0.515
2025-08-19,LAA,CIN,10.0,4.0,6.0,3.8,6.0,4.3,6.1,4.2,5.05,5.4,3.2,4.6,4.1,4.25,3.35,4.326153369052056,4.326153369052056,5.151250224927277,0.602,10.0,1,"(0.6, 0.65]",0.5512,"(0.55, 0.6]",4.326153369052049,5.151250224927269,0.5545
2025-08-19,PIT,TOR,10.0,3.0,7.0,3.4,4.6,3.0,6.2,4.5,5.7,5.6,4.6,4.1,4.6,5.8,5.55,4.483041034145269,4.483041034145269,5.381166364689434,0.6554,10.0,1,"(0.65, 1.0]",0.58,"(0.55, 0.6]",4.483041034145262,5.381166364689426,0.5842
2025-08-19,MIA,STL,11.0,4.0,7.0,3.6,5.8,4.2,5.9,4.65,5.1,5.6,6.6,4.0,4.9,3.75,4.95,4.576059945558567,4.576059945558567,4.997516537725395,0.612,11.0,1,"(0.6, 0.65]",0.5677,"(0.55, 0.6]",4.57605994555856,4.997516537725387,0.5673
2025-08-19,MIN,ATH,9.0,3.0,6.0,3.6,5.2,4.4,4.5,3.8,5.25,5.8,4.0,5.2,3.0,5.9,3.2,4.029177472772446,4.029177472772446,4.575837963822578,0.4873,9.0,1,"(0.45, 0.5]",0.469,"(0.45, 0.5]",4.02917747277244,4.575837963822571,0.4656
2025-08-19,KCR,TEX,7.0,5.0,2.0,5.2,3.2,5.4,3.7,5.2,4.55,4.8,6.8,3.3,5.6,3.75,4.65,4.827540804381975,4.827540804381975,4.040247983945028,0.5282,7.0,0,"(0.5, 0.55]",0.4955,"(0.45, 0.5]",4.827540804381968,4.040247983945021,0.5013
2025-08-19,TBR,NYY,16.0,3.0,13.0,3.6,4.4,3.9,4.6,3.35,4.3,6.8,4.0,4.9,3.7,4.85,5.2,4.133655677007719,4.133655677007719,4.515078144376143,0.4887,16.0,1,"(0.45, 0.5]",0.478,"(0.45, 0.5]",4.133655677007713,4.515078144376136,0.4834
2025-08-19,WSN,NYM,9.0,1.0,8.0,4.8,5.2,4.5,4.8,4.1,6.4,5.6,6.0,5.4,5.6,5.0,5.2,4.681639528210299,4.681639528210299,4.6183768832756025,0.579,9.0,1,"(0.55, 0.6]",0.5525,"(0.55, 0.6]",4.681639528210292,4.618376883275595,0.5357
2025-08-19,CHC,MIL,5.0,4.0,1.0,3.0,3.6,3.2,3.0,3.35,3.55,9.4,3.8,7.6,3.6,7.55,3.95,4.111185931844134,4.111185931844134,4.10417795357825,0.4439,5.0,0,"(0.0, 0.45]",0.4243,"(0.0, 0.45]",4.111185931844128,4.104177953578244,0.4296
2025-08-19,CHC,MIL,5.0,4.0,1.0,3.0,3.6,3.2,3.0,3.35,3.55,10.0,2.8,7.9,3.2,7.4,3.9,4.022521741335894,4.022521741335894,4.090695889604234,0.4271,5.0,0,"(0.0, 0.45]",0.4119,"(0.0, 0.45]",4.022521741335888,4.090695889604228,0.4074
2025-08-19,CHC,MIL,10.0,6.0,4.0,2.0,3.2,2.6,3.1,3.3,3.55,9.4,3.8,7.6,3.6,7.55,3.95,4.105455047417984,4.105455047417984,4.144038089163975,0.4489,10.0,1,"(0.0, 0.45]",0.4281,"(0.0, 0.45]",4.105455047417978,4.144038089163969,0.4324
2025-08-19,ARI,CLE,11.0,6.0,5.0,4.8,5.0,5.8,4.3,4.25,4.55,3.4,4.4,4.1,5.0,4.4,4.3,4.550009943023664,4.550009943023664,4.3429580953008875,0.5426,11.0,1,"(0.5, 0.55]",0.5095,"(0.5, 0.55]",4.550009943023657,4.34295809530088,0.5067
2025-08-19,PHI,SEA,10.0,6.0,4.0,6.2,4.6,4.3,4.2,4.7,4.0,5.0,7.2,4.5,4.9,4.6,4.15,4.582447756500894,4.582447756500894,4.320096041911958,0.5273,10.0,1,"(0.5, 0.55]",0.4952,"(0.45, 0.5]",4.582447756500887,4.320096041911951,0.5014
2025-08-19,CHC,MIL,10.0,6.0,4.0,2.0,3.2,2.6,3.1,3.3,3.55,10.0,2.8,7.9,3.2,7.4,3.9,4.016914452445671,4.016914452445671,4.130425086204355,0.4278,10.0,1,"(0.0, 0.45]",0.4249,"(0.0, 0.45]",4.016914452445665,4.130425086204348,0.4193
2025-08-19,SDP,SFG,6.0,5.0,1.0,4.0,3.8,4.0,3.5,4.45,3.3,3.8,4.8,2.8,4.5,3.65,4.65,4.452456827448344,4.452456827448344,3.9542147552807276,0.4667,6.0,0,"(0.45, 0.5]",0.4582,"(0.45, 0.5]",4.452456827448337,3.9542147552807214,0.4486
2025-08-20,COL,LAD,11.0,8.0,3.0,5.6,5.8,4.7,5.8,4.65,8.0,5.6,2.8,5.5,3.4,4.75,3.35,4.216809782996015,4.216809782996015,5.059216635473947,0.573,11.0,1,"(0.55, 0.6]",0.5312,"(0.5, 0.55]",4.216809782996009,5.059216635473939,0.538
2025-08-20,SDP,SFG,9.0,8.0,1.0,2.8,3.8,4.2,3.4,4.7,3.2,3.8,3.6,2.4,5.0,3.65,4.5,4.6074931898675695,4.6074931898675695,3.916180467735759,0.4719,9.0,1,"(0.45, 0.5]",0.4584,"(0.45, 0.5]",4.607493189867562,3.9161804677357526,0.4627
2025-08-20,ATL,CHW,1.0,1.0,0.0,7.4,5.6,7.2,5.7,5.85,5.25,5.6,7.0,4.5,5.1,4.65,5.15,4.783719221095091,4.783719221095091,4.999574700986046,0.6398,1.0,0,"(0.6, 0.65]",0.5933,"(0.55, 0.6]",4.783719221095084,4.999574700986038,0.5909
2025-08-20,MIA,STL,8.0,6.0,2.0,3.6,5.4,4.5,5.9,4.6,5.45,6.0,6.2,4.2,5.3,4.0,4.7,4.67040568301354,4.67040568301354,5.024997937927126,0.6356,8.0,0,"(0.6, 0.65]",0.5797,"(0.55, 0.6]",4.6704056830135325,5.024997937927118,0.5854
2025-08-20,DET,HOU,9.0,7.0,2.0,5.4,2.6,5.4,4.0,5.6,3.95,1.0,8.8,3.4,6.5,3.5,5.95,5.127162813856533,5.127162813856533,4.136366768568029,0.5835,9.0,1,"(0.55, 0.6]",0.5272,"(0.5, 0.55]",5.127162813856525,4.136366768568023,0.5348
2025-08-20,LAA,CIN,3.0,2.0,1.0,3.2,6.4,4.4,6.0,4.3,5.15,6.4,3.2,5.1,3.9,4.2,3.45,4.291204259971645,4.291204259971645,5.0961096227013405,0.5828,3.0,0,"(0.55, 0.6]",0.5551,"(0.55, 0.6]",4.291204259971638,5.0961096227013325,0.5485
2025-08-20,WSN,NYM,9.0,5.0,4.0,3.4,5.4,4.6,5.1,3.8,6.7,6.0,4.0,6.1,5.3,5.1,5.1,4.567320921829651,4.567320921829651,4.7646905053231565,0.5898,9.0,1,"(0.55, 0.6]",0.5433,"(0.5, 0.55]",4.567320921829644,4.764690505323149,0.5507
2025-08-20,PHI,SEA,13.0,11.0,2.0,7.0,4.8,4.6,4.4,4.9,3.9,5.2,7.4,4.6,5.3,4.45,4.35,4.709659507952125,4.709659507952125,4.389949495122849,0.5593,13.0,1,"(0.55, 0.6]",0.5198,"(0.5, 0.55]",4.709659507952118,4.389949495122842,0.5204
2025-08-20,PIT,TOR,3.0,2.0,1.0,3.0,3.6,3.0,6.7,4.35,6.05,6.6,5.0,4.7,4.4,5.95,5.2,4.415917008048709,4.415917008048709,5.6662167613407375,0.6798,3.0,0,"(0.65, 1.0]",0.6133,"(0.6, 0.65]",4.415917008048702,5.666216761340729,0.6163
2025-08-20,CHC,MIL,7.0,4.0,3.0,3.4,3.2,2.7,3.0,3.35,3.2,6.8,4.6,7.2,3.6,7.4,3.8,4.111185931844134,4.111185931844134,4.090695889604234,0.4285,7.0,0,"(0.0, 0.45]",0.4242,"(0.0, 0.45]",4.111185931844128,4.090695889604228,0.4265
2025-08-20,KCR,TEX,9.0,3.0,6.0,4.8,2.0,5.2,3.6,5.45,4.35,4.4,6.6,3.3,5.8,3.75,4.85,4.914613840232149,4.914613840232149,4.001386171149169,0.5379,9.0,1,"(0.5, 0.55]",0.4897,"(0.45, 0.5]",4.914613840232141,4.0013861711491625,0.5002
2025-08-21,NYY,BOS,9.0,3.0,6.0,7.6,4.4,6.2,3.8,5.3,4.95,3.2,4.2,5.1,4.4,5.65,3.8,4.5345211579737885,4.5345211579737885,4.253104971835027,0.5216,9.0,1,"(0.5, 0.55]",0.4888,"(0.45, 0.5]",4.534521157973781,4.253104971835021,0.4894
2025-08-21,MIN,ATH,11.0,3.0,8.0,4.0,4.6,4.1,4.8,3.8,5.35,6.2,3.2,5.7,3.1,5.45,3.2,4.0511989995369735,4.0511989995369735,4.664191111047754,0.501,11.0,1,"(0.5, 0.55]",0.4783,"(0.45, 0.5]",4.051198999536967,4.664191111047747,0.4826
2025-08-21,CHC,MIL,5.0,1.0,4.0,3.6,3.6,2.9,3.0,3.4,2.9,5.0,4.4,7.2,3.8,7.4,3.9,4.1620500185002935,4.1620500185002935,4.090695889604234,0.4473,5.0,0,"(0.0, 0.45]",0.4366,"(0.0, 0.45]",4.162050018500287,4.090695889604228,0.4302
2025-08-21,KCR,TEX,10.0,6.0,4.0,4.8,3.0,5.1,3.3,5.2,4.45,4.6,6.0,3.8,5.2,3.65,4.85,4.723427294396786,4.723427294396786,3.87851201945815,0.4911,10.0,1,"(0.45, 0.5]",0.4694,"(0.45, 0.5]",4.723427294396779,3.8785120194581437,0.464
2025-08-21,TBR,STL,11.0,4.0,7.0,4.2,5.8,3.7,5.5,3.4,4.65,5.8,6.6,4.3,5.0,3.75,4.95,4.443379945096324,4.443379945096324,4.807995123914787,0.5771,11.0,1,"(0.55, 0.6]",0.5394,"(0.5, 0.55]",4.443379945096317,4.80799512391478,0.5392
2025-08-21,SDP,SFG,12.0,8.0,4.0,4.0,3.4,4.8,2.5,4.95,3.2,2.8,3.8,2.3,5.4,3.65,4.8,4.742010456079316,4.742010456079316,3.5899194068774896,0.4558,12.0,1,"(0.45, 0.5]",0.4389,"(0.0, 0.45]",4.742010456079309,3.589919406877484,0.4436
2025-08-21,WSN,NYM,12.0,9.0,3.0,3.8,5.8,4.7,5.3,3.95,6.85,6.2,4.2,6.3,5.5,4.9,5.3,4.636746358990149,4.636746358990149,4.836425343654528,0.6052,12.0,1,"(0.6, 0.65]",0.5475,"(0.5, 0.55]",4.636746358990142,4.836425343654521,0.5686
2025-08-21,COL,LAD,14.0,5.0,9.0,6.4,5.8,4.9,4.8,4.85,7.65,5.6,4.0,5.3,4.1,4.75,3.55,4.405320778293889,4.405320778293889,4.593119268251769,0.5436,14.0,1,"(0.5, 0.55]",0.5084,"(0.5, 0.55]",4.4053207782938815,4.593119268251762,0.5137
2025-08-21,BAL,HOU,9.0,2.0,7.0,6.8,1.8,4.7,2.7,5.0,3.7,1.2,7.4,2.9,6.9,3.5,6.05,5.1531883803222955,5.1531883803222955,3.6479663264103723,0.5152,9.0,1,"(0.5, 0.55]",0.4961,"(0.45, 0.5]",5.1531883803222875,3.6479663264103666,0.4994
2025-08-22,MIA,TOR,7.0,2.0,5.0,4.6,5.4,4.5,5.3,4.8,5.55,5.6,4.4,4.7,3.7,5.8,4.75,4.304304644779277,4.304304644779277,4.93285580769064,0.5736,7.0,0,"(0.55, 0.6]",0.5466,"(0.5, 0.55]",4.30430464477927,4.932855807690632,0.5422
2025-08-22,SDP,LAD,3.0,2.0,1.0,5.6,3.0,5.0,2.7,4.9,3.3,6.2,5.0,5.3,4.5,4.95,3.7,4.508707622079347,4.508707622079347,3.765861804686023,0.4461,3.0,0,"(0.0, 0.45]",0.4384,"(0.0, 0.45]",4.50870762207934,3.765861804686017,0.4457
2025-08-22,LAA,CHC,5.0,2.0,3.0,2.4,5.6,4.2,5.6,4.3,4.85,3.0,3.8,2.9,2.9,2.95,2.95,4.063566685298587,4.063566685298587,4.770240777378673,0.5203,5.0,0,"(0.5, 0.55]",0.4887,"(0.45, 0.5]",4.06356668529858,4.770240777378666,0.4921
2025-08-22,MIL,SFG,9.0,5.0,4.0,3.8,3.0,6.9,3.5,7.2,3.75,3.4,5.0,2.7,5.4,3.7,4.95,5.0492199396886255,5.0492199396886255,3.958554075331339,0.5437,9.0,1,"(0.5, 0.55]",0.5081,"(0.5, 0.55]",5.0492199396886175,3.9585540753313326,0.5093
2025-08-22,DET,KCR,12.0,7.0,5.0,6.6,3.0,5.5,3.7,5.45,3.85,4.8,3.4,5.5,3.7,5.3,4.35,4.383072228414304,4.383072228414304,4.179980341883959,0.4898,12.0,1,"(0.45, 0.5]",0.4709,"(0.45, 0.5]",4.383072228414297,4.179980341883953,0.4619
2025-08-22,SEA,ATH,5.0,3.0,2.0,3.4,7.8,4.1,6.0,4.5,4.7,6.6,3.8,5.9,3.4,5.6,3.3,4.199199989569519,4.199199989569519,5.255039561914284,0.5949,5.0,0,"(0.55, 0.6]",0.5539,"(0.55, 0.6]",4.199199989569513,5.255039561914276,0.5644
2025-08-22,ATL,NYM,19.0,7.0,12.0,7.2,5.6,6.5,5.1,5.4,4.9,5.0,3.8,6.2,5.7,4.95,5.7,4.881085357137664,4.881085357137664,4.749038683463642,0.6277,19.0,1,"(0.6, 0.65]",0.5727,"(0.55, 0.6]",4.881085357137656,4.749038683463635,0.5778
2025-08-22,TBR,STL,16.0,10.0,6.0,3.4,6.8,3.9,5.9,3.55,4.9,5.6,5.0,4.7,5.2,4.1,4.9,4.510921420818796,4.510921420818796,5.036032765322045,0.6153,16.0,1,"(0.6, 0.65]",0.5559,"(0.55, 0.6]",4.510921420818789,5.036032765322037,0.5652
2025-08-22,PHI,WSN,9.0,4.0,5.0,8.0,4.8,5.3,4.4,5.15,3.85,5.2,5.2,4.8,5.6,4.2,6.65,4.820811340214921,4.820811340214921,4.365941135232732,0.5631,9.0,1,"(0.55, 0.6]",0.5345,"(0.5, 0.55]",4.820811340214914,4.365941135232725,0.5377
2025-08-22,PIT,COL,9.0,9.0,0.0,2.8,3.4,3.1,6.6,4.15,5.85,5.4,6.2,5.2,5.4,5.1,7.85,4.637345240983693,4.637345240983693,5.508051930484967,0.6856,9.0,1,"(0.65, 1.0]",0.6206,"(0.6, 0.65]",4.637345240983686,5.5080519304849584,0.6215
2025-08-22,TEX,CLE,7.0,4.0,3.0,5.0,4.4,4.0,5.5,3.45,5.1,2.6,4.8,3.7,5.1,4.5,4.4,4.473901802116029,4.473901802116029,4.88774975150743,0.5908,7.0,0,"(0.55, 0.6]",0.5516,"(0.55, 0.6]",4.473901802116022,4.887749751507422,0.5396
2025-08-22,CHW,MIN,16.0,7.0,9.0,5.4,6.6,4.4,4.9,4.45,4.95,3.8,6.0,3.5,5.2,3.9,5.75,4.625620237361248,4.625620237361248,4.5520568283073874,0.5708,16.0,1,"(0.55, 0.6]",0.5253,"(0.5, 0.55]",4.6256202373612405,4.55205682830738,0.534
2025-08-22,NYY,BOS,1.0,0.0,1.0,8.0,4.8,6.2,4.2,5.2,4.65,4.2,4.0,5.4,4.0,5.85,3.7,4.4243663384502145,4.4243663384502145,4.440190890657711,0.5225,1.0,0,"(0.5, 0.55]",0.5004,"(0.5, 0.55]",4.424366338450207,4.440190890657704,0.4951
2025-08-22,BAL,HOU,17.0,7.0,10.0,6.4,2.6,4.4,3.3,4.85,4.0,1.8,7.6,3.2,6.5,3.7,5.4,5.020995686787543,5.020995686787543,3.8827682640007852,0.5339,17.0,1,"(0.5, 0.55]",0.4982,"(0.45, 0.5]",5.020995686787535,3.882768264000779,0.4928
2025-08-23,ARI,CIN,11.0,10.0,1.0,4.4,5.6,5.8,4.7,4.55,4.7,5.4,3.4,5.2,3.4,3.95,3.45,4.205061734380889,4.205061734380889,4.4698082635183525,0.4986,11.0,1,"(0.45, 0.5]",0.4732,"(0.45, 0.5]",4.205061734380883,4.469808263518345,0.489
2025-08-23,DET,KCR,6.0,4.0,2.0,6.6,4.0,5.8,3.5,5.55,4.05,4.6,4.4,5.3,4.0,5.35,4.65,4.46778021937406,4.46778021937406,4.104454618692543,0.4856,6.0,0,"(0.45, 0.5]",0.4676,"(0.45, 0.5]",4.467780219374053,4.104454618692537,0.4687
2025-08-23,BAL,HOU,17.0,8.0,9.0,6.8,4.0,4.8,4.1,4.65,4.3,3.8,7.6,3.8,6.7,4.15,5.5,5.047786038238717,5.047786038238717,4.236516286431993,0.5829,17.0,1,"(0.55, 0.6]",0.5438,"(0.5, 0.55]",5.047786038238709,4.2365162864319865,0.539
2025-08-23,NYY,BOS,13.0,1.0,12.0,7.2,4.4,5.7,3.9,5.0,4.25,4.0,3.8,4.5,3.8,5.7,3.6,4.352045736251717,4.352045736251717,4.2991241485875085,0.4943,13.0,1,"(0.45, 0.5]",0.4806,"(0.45, 0.5]",4.35204573625171,4.299124148587501,0.4763
2025-08-23,CHW,MIN,10.0,7.0,3.0,6.4,7.2,4.5,5.4,4.5,5.3,5.6,6.0,3.5,5.5,4.2,5.65,4.708443144708847,4.708443144708847,4.808985077645647,0.6043,10.0,1,"(0.6, 0.65]",0.5654,"(0.55, 0.6]",4.7084431447088395,4.80898507764564,0.56
2025-08-23,LAA,CHC,13.0,1.0,12.0,2.2,4.2,3.9,5.3,4.2,4.95,3.6,2.8,2.8,3.0,3.05,3.05,4.074393178347316,4.074393178347316,4.6440864297798505,0.5167,13.0,1,"(0.5, 0.55]",0.4787,"(0.45, 0.5]",4.07439317834731,4.644086429779843,0.4899
2025-08-23,MIL,SFG,8.0,1.0,7.0,3.4,3.8,6.7,3.3,7.0,3.8,2.8,5.8,3.0,5.5,3.65,4.9,5.048567866843887,5.048567866843887,3.87851201945815,0.5342,8.0,0,"(0.5, 0.55]",0.5034,"(0.5, 0.55]",5.048567866843879,3.8785120194581437,0.5037
2025-08-23,PIT,COL,6.0,5.0,1.0,4.4,2.8,3.2,5.2,4.45,5.8,4.2,7.0,4.9,6.3,4.25,7.5,4.911441212929968,4.911441212929968,4.722094220249362,0.6272,6.0,0,"(0.6, 0.65]",0.5713,"(0.55, 0.6]",4.91144121292996,4.722094220249355,0.5729
2025-08-23,SDP,LAD,6.0,5.0,1.0,5.2,2.2,4.8,2.7,4.65,3.05,5.4,4.6,5.0,4.2,4.75,3.6,4.404751860701429,4.404751860701429,3.749376563578611,0.4256,6.0,0,"(0.0, 0.45]",0.416,"(0.0, 0.45]",4.404751860701422,3.7493765635786054,0.4207
2025-08-23,PHI,WSN,10.0,6.0,4.0,8.8,5.4,5.3,4.8,5.2,3.65,5.8,6.0,4.9,5.3,4.4,6.4,4.749243253432287,4.749243253432287,4.557990500160199,0.5742,10.0,1,"(0.55, 0.6]",0.5362,"(0.5, 0.55]",4.7492432534322795,4.557990500160192,0.5428
2025-08-23,TEX,CLE,10.0,10.0,0.0,3.8,4.2,4.2,5.4,3.45,4.95,3.2,5.2,3.7,5.4,4.35,4.4,4.547659985389107,4.547659985389107,4.824834470075839,0.5953,10.0,1,"(0.55, 0.6]",0.5475,"(0.5, 0.55]",4.5476599853890995,4.824834470075832,0.5459
2025-08-23,ATL,NYM,11.0,2.0,9.0,6.6,7.8,6.5,6.2,5.45,5.05,6.8,5.0,6.8,5.7,5.3,5.9,4.887898958975426,4.887898958975426,5.322468785282093,0.686,11.0,1,"(0.65, 1.0]",0.6312,"(0.6, 0.65]",4.887898958975418,5.322468785282085,0.625
2025-08-24,PIT,COL,4.0,4.0,0.0,4.8,2.2,3.6,4.6,3.9,5.0,3.6,7.4,4.4,6.3,3.9,7.5,4.836653318632226,4.836653318632226,4.421962030327777,0.5766,4.0,0,"(0.55, 0.6]",0.533,"(0.5, 0.55]",4.8366533186322185,4.42196203032777,0.5385
2025-08-24,BAL,HOU,5.0,3.0,2.0,7.0,5.8,5.3,3.9,4.25,4.55,5.6,6.8,4.0,7.4,4.55,5.55,5.185906191287615,5.185906191287615,4.192030234400947,0.6004,5.0,0,"(0.6, 0.65]",0.5451,"(0.5, 0.55]",5.185906191287607,4.19203023440094,0.5487
2025-08-24,ATL,NYM,7.0,4.0,3.0,6.0,8.8,6.2,5.8,5.45,5.35,7.2,4.8,6.4,5.4,5.45,5.65,4.808622463284302,4.808622463284302,5.137500657374405,0.6643,7.0,0,"(0.65, 1.0]",0.5972,"(0.55, 0.6]",4.808622463284295,5.137500657374397,0.5987
2025-08-24,MIA,TOR,8.0,5.0,3.0,4.0,5.0,4.6,5.1,4.25,5.2,3.8,4.4,4.7,3.5,5.85,4.05,4.192804873348171,4.192804873348171,4.843726799464994,0.5506,8.0,0,"(0.55, 0.6]",0.5094,"(0.5, 0.55]",4.192804873348165,4.843726799464987,0.5134
2025-08-24,SEA,ATH,15.0,11.0,4.0,3.8,7.6,3.8,5.9,4.5,4.75,6.6,2.8,5.9,3.4,5.35,3.4,4.199199989569519,4.199199989569519,5.176030021716917,0.5964,15.0,1,"(0.55, 0.6]",0.5476,"(0.5, 0.55]",4.199199989569513,5.176030021716909,0.5408
2025-08-24,ARI,CIN,7.0,1.0,6.0,5.8,5.0,6.2,4.3,5.05,4.45,4.0,5.4,5.1,4.1,3.9,3.9,4.4299702225454105,4.4299702225454105,4.295585256331547,0.5003,7.0,0,"(0.5, 0.55]",0.4913,"(0.45, 0.5]",4.429970222545403,4.29558525633154,0.4884
2025-08-24,LAA,CHC,7.0,3.0,4.0,2.0,5.2,3.3,6.1,3.95,5.35,4.8,2.2,3.9,2.9,3.5,2.9,4.024080588951088,4.024080588951088,5.067195994614261,0.555,7.0,0,"(0.55, 0.6]",0.5281,"(0.5, 0.55]",4.024080588951081,5.067195994614253,0.5172
2025-08-24,DET,KCR,18.0,8.0,10.0,5.8,3.4,5.3,3.2,5.15,4.05,4.2,4.6,4.7,3.9,5.1,4.35,4.394182422316628,4.394182422316628,3.9653465127232366,0.4633,18.0,1,"(0.45, 0.5]",0.4469,"(0.0, 0.45]",4.394182422316621,3.9653465127232304,0.4372
2025-08-24,NYY,BOS,9.0,7.0,2.0,5.0,5.2,5.7,4.4,4.85,4.7,5.0,3.0,5.5,3.3,6.1,3.5,4.217354425996454,4.217354425996454,4.551749992091697,0.5122,9.0,1,"(0.5, 0.55]",0.481,"(0.45, 0.5]",4.217354425996448,4.55174999209169,0.4762
2025-08-24,MIL,SFG,7.0,3.0,4.0,2.8,4.0,6.1,3.9,6.9,3.65,3.4,5.4,3.6,5.1,3.95,4.8,4.92592557169288,4.92592557169288,4.137218435761779,0.5598,7.0,0,"(0.55, 0.6]",0.5103,"(0.5, 0.55]",4.925925571692872,4.137218435761773,0.5118
2025-08-24,CHW,MIN,8.0,8.0,0.0,7.4,6.6,5.1,5.5,4.7,5.15,5.2,5.8,3.8,6.0,4.25,5.65,4.865601068066945,4.865601068066945,4.86101895307401,0.6421,8.0,0,"(0.6, 0.65]",0.5734,"(0.55, 0.6]",4.865601068066937,4.8610189530740024,0.5786
2025-08-24,SDP,LAD,10.0,2.0,8.0,5.6,1.6,4.8,2.7,4.55,3.05,5.0,4.8,4.7,4.0,4.7,3.6,4.344856664086041,4.344856664086041,3.7452665414366844,0.4149,10.0,1,"(0.0, 0.45]",0.4106,"(0.0, 0.45]",4.344856664086034,3.7452665414366786,0.4143
2025-08-24,TBR,STL,9.0,7.0,2.0,4.0,6.8,4.5,5.8,3.85,5.1,6.0,5.4,5.0,6.0,4.4,5.3,4.751575156409603,4.751575156409603,5.020523094650606,0.6385,9.0,1,"(0.6, 0.65]",0.5937,"(0.55, 0.6]",4.751575156409596,5.020523094650598,0.593
2025-08-24,TEX,CLE,5.0,5.0,0.0,5.2,3.4,5.0,5.1,3.7,4.55,3.0,5.2,3.3,5.8,4.3,4.7,4.680430401684107,4.680430401684107,4.681806093733594,0.5926,5.0,0,"(0.55, 0.6]",0.5506,"(0.55, 0.6]",4.6804304016841,4.681806093733587,0.5449
2025-08-24,PHI,WSN,5.0,3.0,2.0,7.8,4.4,5.8,4.6,5.25,3.65,4.8,5.0,4.8,5.1,4.15,5.9,4.70430934865193,4.70430934865193,4.446278449756296,0.5582,5.0,0,"(0.55, 0.6]",0.5339,"(0.5, 0.55]",4.704309348651923,4.446278449756289,0.5301
2025-08-25,LAD,CIN,7.0,7.0,0.0,4.4,4.4,5.0,3.6,4.85,3.7,3.6,3.6,5.5,4.1,4.1,3.7,4.405320778293889,4.405320778293889,4.032225148730665,0.4626,7.0,0,"(0.45, 0.5]",0.4441,"(0.0, 0.45]",4.4053207782938815,4.032225148730658,0.4525
2025-08-25,MIA,ATL,3.0,2.0,1.0,4.0,5.0,4.8,5.0,4.4,5.35,5.0,6.8,5.5,5.5,5.45,5.4,4.695325403617311,4.695325403617311,4.7552291240110325,0.5987,3.0,0,"(0.55, 0.6]",0.5559,"(0.55, 0.6]",4.6953254036173036,4.755229124011025,0.5543
2025-08-25,MIL,ARI,12.0,7.0,5.0,3.2,4.0,5.0,4.3,6.25,3.4,4.6,4.2,5.0,4.3,5.05,4.5,4.63100002067011,4.63100002067011,4.405324693573074,0.5535,12.0,1,"(0.55, 0.6]",0.5099,"(0.5, 0.55]",4.631000020670103,4.405324693573067,0.5083
2025-08-25,ATH,DET,11.0,8.0,3.0,5.4,4.4,5.2,4.2,5.5,3.8,7.2,3.8,5.9,4.1,5.2,4.45,4.48593692921254,4.48593692921254,4.377330688336311,0.5315,11.0,1,"(0.5, 0.55]",0.496,"(0.45, 0.5]",4.485936929212533,4.377330688336304,0.4951
2025-08-25,SEA,SDP,15.0,9.0,6.0,5.4,7.0,4.8,6.3,5.0,4.65,5.0,3.0,3.9,3.4,4.4,3.45,4.258187025247977,4.258187025247977,5.269103700542829,0.601,15.0,1,"(0.6, 0.65]",0.5598,"(0.55, 0.6]",4.258187025247971,5.269103700542821,0.5691
2025-08-25,BAL,BOS,7.0,3.0,4.0,5.2,6.2,5.4,3.8,4.25,4.55,4.8,3.4,5.1,3.3,6.0,3.6,4.147346224942524,4.147346224942524,4.285883964731007,0.4533,7.0,0,"(0.45, 0.5]",0.4486,"(0.0, 0.45]",4.147346224942518,4.285883964731,0.4459
2025-08-25,NYM,PHI,16.0,13.0,3.0,6.2,5.4,6.1,4.7,5.55,5.5,6.0,3.4,6.1,4.0,5.15,3.4,4.46778021937406,4.46778021937406,4.5890290200308375,0.5524,16.0,1,"(0.55, 0.6]",0.5195,"(0.5, 0.55]",4.467780219374053,4.58902902003083,0.5113
2025-08-25,CLE,TBR,9.0,0.0,9.0,2.2,5.2,2.9,6.0,4.0,4.55,5.0,7.0,4.9,5.4,3.95,4.85,4.617979252014885,4.617979252014885,5.068239317132397,0.6305,9.0,1,"(0.6, 0.65]",0.5794,"(0.55, 0.6]",4.6179792520148775,5.068239317132389,0.5798
2025-08-25,CHW,KCR,7.0,7.0,0.0,6.4,4.8,5.0,4.9,4.65,5.0,5.2,5.8,5.0,3.9,5.15,4.45,4.3333114944344135,4.3333114944344135,4.678599981740549,0.5406,7.0,0,"(0.5, 0.55]",0.514,"(0.5, 0.55]",4.333311494434406,4.6785999817405415,0.512
2025-08-25,STL,PIT,13.0,7.0,6.0,4.8,6.2,5.2,6.4,4.45,5.45,4.6,1.8,4.0,3.2,3.85,4.6,4.147881896032294,4.147881896032294,5.256475879264429,0.5996,13.0,1,"(0.55, 0.6]",0.5504,"(0.55, 0.6]",4.147881896032287,5.256475879264421,0.5515
2025-08-25,TEX,LAA,4.0,0.0,4.0,5.8,2.4,5.1,4.5,3.65,4.4,2.4,5.2,3.1,5.6,3.7,5.3,4.62323122904534,4.62323122904534,4.360257476606359,0.5408,4.0,0,"(0.5, 0.55]",0.5052,"(0.5, 0.55]",4.623231229045333,4.3602574766063515,0.5146
2025-08-25,NYY,WSN,15.0,10.0,5.0,4.8,4.8,5.8,4.4,5.1,4.6,5.0,4.0,4.2,4.7,4.15,5.65,4.583631570522631,4.583631570522631,4.361155242316435,0.5332,15.0,1,"(0.5, 0.55]",0.5062,"(0.5, 0.55]",4.583631570522624,4.3611552423164275,0.4951
2025-08-25,TOR,MIN,14.0,10.0,4.0,3.6,3.4,4.5,3.9,5.9,4.15,3.6,7.2,3.6,6.2,4.0,5.85,5.086399572646237,5.086399572646237,4.14175858242126,0.5704,14.0,1,"(0.55, 0.6]",0.5385,"(0.5, 0.55]",5.086399572646229,4.141758582421254,0.526
2025-08-26,CHW,KCR,9.0,4.0,5.0,5.8,2.6,5.7,4.8,4.7,4.85,4.6,6.0,4.7,4.5,4.7,4.65,4.4836200635645636,4.4836200635645636,4.588084345359146,0.5509,9.0,1,"(0.55, 0.6]",0.5206,"(0.5, 0.55]",4.4836200635645564,4.588084345359139,0.5196
2025-08-26,STL,PIT,11.0,3.0,8.0,4.8,6.6,5.4,6.4,4.4,5.5,5.2,1.8,4.1,2.7,3.7,4.7,4.030738899682854,4.030738899682854,5.239208561695916,0.5707,11.0,1,"(0.55, 0.6]",0.5361,"(0.5, 0.55]",4.030738899682848,5.239208561695908,0.5395
2025-08-26,MIA,ATL,13.0,2.0,11.0,3.8,3.6,3.7,4.7,4.15,5.25,3.0,5.2,5.2,5.4,5.45,5.35,4.637345240983693,4.637345240983693,4.619327795102316,0.5818,13.0,1,"(0.55, 0.6]",0.5417,"(0.5, 0.55]",4.637345240983686,4.619327795102309,0.539
2025-08-26,TEX,LAA,10.0,7.0,3.0,4.6,2.6,4.6,4.3,3.65,4.3,2.4,4.0,2.8,5.2,3.75,5.0,4.52352397638118,4.52352397638118,4.281474426858078,0.518,10.0,1,"(0.5, 0.55]",0.4901,"(0.45, 0.5]",4.523523976381173,4.281474426858072,0.4949
2025-08-26,BAL,BOS,5.0,0.0,5.0,4.6,6.4,5.7,4.1,4.0,4.3,5.0,2.8,4.1,3.5,5.8,3.5,4.163662937500577,4.163662937500577,4.392661691139464,0.4857,5.0,0,"(0.45, 0.5]",0.459,"(0.45, 0.5]",4.163662937500571,4.392661691139457,0.4649
2025-08-26,SFG,CHC,7.0,5.0,2.0,4.0,5.0,3.9,4.3,3.85,4.35,4.8,2.6,4.1,2.9,3.45,2.9,4.012869484627433,4.012869484627433,4.253391676209555,0.4442,7.0,0,"(0.0, 0.45]",0.4357,"(0.0, 0.45]",4.012869484627426,4.2533916762095485,0.4354
2025-08-26,TOR,MIN,12.0,5.0,7.0,5.2,3.2,5.4,3.9,5.95,3.95,3.8,8.0,3.9,6.3,3.95,5.95,5.121338372033115,5.121338372033115,4.137218435761779,0.5803,12.0,1,"(0.55, 0.6]",0.5341,"(0.5, 0.55]",5.121338372033107,4.137218435761773,0.5307
2025-08-26,LAD,CIN,9.0,6.0,3.0,5.2,2.8,5.4,3.4,5.2,3.5,2.8,4.8,4.1,4.0,3.9,3.8,4.4243663384502145,4.4243663384502145,3.9377155886070216,0.4544,9.0,1,"(0.45, 0.5]",0.4408,"(0.0, 0.45]",4.424366338450207,3.9377155886070154,0.4372
2025-08-26,SEA,SDP,13.0,6.0,7.0,5.8,5.8,5.4,6.5,5.25,4.7,4.6,4.6,4.3,4.0,4.5,3.85,4.430542397340583,4.430542397340583,5.383745426291112,0.6382,13.0,1,"(0.6, 0.65]",0.5891,"(0.55, 0.6]",4.4305423973405755,5.383745426291104,0.5839
2025-08-26,CLE,TBR,3.0,3.0,0.0,1.6,6.8,2.5,5.6,3.5,4.8,6.6,5.6,5.1,5.0,4.2,4.5,4.455793804132843,4.455793804132843,4.902849251607543,0.5857,3.0,0,"(0.55, 0.6]",0.5409,"(0.5, 0.55]",4.455793804132836,4.902849251607535,0.5527
2025-08-26,HOU,COL,7.0,1.0,6.0,6.0,5.4,3.5,7.1,4.6,5.6,2.8,6.0,4.2,5.9,3.65,7.25,4.825670712492957,4.825670712492957,5.599796503014891,0.7111,7.0,0,"(0.65, 1.0]",0.6458,"(0.6, 0.65]",4.82567071249295,5.599796503014882,0.6396
2025-08-26,NYY,WSN,6.0,5.0,1.0,4.2,5.2,5.9,4.8,5.25,4.6,5.0,5.2,4.4,5.5,4.25,5.45,4.808001461987791,4.808001461987791,4.54301767972912,0.5837,6.0,0,"(0.55, 0.6]",0.5506,"(0.55, 0.6]",4.808001461987784,4.543017679729113,0.542
2025-08-26,NYM,PHI,11.0,6.0,5.0,8.0,5.0,7.1,4.6,6.2,5.4,5.4,5.2,6.2,5.0,5.2,4.05,4.804400714403197,4.804400714403197,4.549876183784855,0.5946,11.0,1,"(0.55, 0.6]",0.5489,"(0.5, 0.55]",4.80440071440319,4.549876183784848,0.5504
2025-08-26,MIL,ARI,17.0,9.0,8.0,4.0,4.2,4.5,4.3,6.2,3.55,4.6,4.4,5.2,4.8,5.2,4.25,4.75231110625945,4.75231110625945,4.419843707195184,0.5739,17.0,1,"(0.55, 0.6]",0.5281,"(0.5, 0.55]",4.752311106259443,4.419843707195177,0.5302
2025-08-27,CHW,KCR,13.0,1.0,12.0,6.6,3.4,6.0,5.0,4.85,5.1,4.4,6.0,4.6,4.7,4.85,4.65,4.551773208110809,4.551773208110809,4.6930533650936725,0.5678,13.0,1,"(0.55, 0.6]",0.5443,"(0.5, 0.55]",4.551773208110802,4.693053365093665,0.5367
2025-08-27,STL,PIT,3.0,1.0,2.0,5.0,7.0,5.4,6.8,4.4,5.55,6.4,2.2,4.6,2.8,3.85,4.65,4.052768960448359,4.052768960448359,5.463675494618532,0.6169,3.0,0,"(0.6, 0.65]",0.561,"(0.55, 0.6]",4.052768960448353,5.463675494618523,0.5638
2025-08-27,NYM,PHI,6.0,6.0,0.0,8.6,4.2,6.8,4.0,5.9,5.35,4.2,6.0,6.1,5.4,4.8,4.2,4.8693729309750236,4.8693729309750236,4.256019504154759,0.5563,6.0,0,"(0.55, 0.6]",0.5152,"(0.5, 0.55]",4.869372930975016,4.256019504154753,0.528
2025-08-27,SFG,CHC,15.0,12.0,3.0,4.8,3.8,3.8,3.8,3.5,4.25,4.4,3.0,4.0,3.3,3.45,3.0,4.061467962510015,4.061467962510015,4.052729335883972,0.4347,15.0,1,"(0.0, 0.45]",0.4125,"(0.0, 0.45]",4.061467962510009,4.052729335883966,0.4176
2025-08-27,HOU,COL,4.0,4.0,0.0,5.8,5.2,3.5,6.3,4.3,5.7,2.4,5.6,4.4,5.7,3.9,6.55,4.733565820469463,4.733565820469463,5.2116284968588085,0.6598,4.0,0,"(0.65, 1.0]",0.6036,"(0.6, 0.65]",4.7335658204694555,5.2116284968588005,0.5967
2025-08-27,LAD,CIN,6.0,5.0,1.0,4.6,2.4,5.4,3.7,5.35,3.65,2.2,5.2,4.3,4.2,3.8,4.0,4.491618798363202,4.491618798363202,4.044681716094441,0.4774,6.0,0,"(0.45, 0.5]",0.4623,"(0.45, 0.5]",4.491618798363195,4.044681716094435,0.4578
2025-08-27,MIA,ATL,13.0,1.0,12.0,3.4,4.4,3.5,4.9,4.15,5.4,5.0,5.6,6.1,5.6,5.9,5.1,4.688174719742344,4.688174719742344,4.7562082133593115,0.5965,13.0,1,"(0.55, 0.6]",0.5605,"(0.55, 0.6]",4.688174719742337,4.756208213359304,0.5465
2025-08-27,BAL,BOS,5.0,2.0,3.0,4.2,6.0,5.3,4.3,4.0,4.5,4.8,2.2,4.5,3.1,5.4,3.45,4.073866997831886,4.073866997831886,4.4392768550624755,0.4812,5.0,0,"(0.45, 0.5]",0.4635,"(0.45, 0.5]",4.07386699783188,4.439276855062468,0.4577
2025-08-27,SEA,SDP,7.0,4.0,3.0,6.2,6.0,5.7,6.7,5.25,5.05,4.4,5.0,5.0,4.0,4.6,3.75,4.430542397340583,4.430542397340583,5.500881452024648,0.6589,7.0,0,"(0.65, 1.0]",0.6051,"(0.6, 0.65]",4.4305423973405755,5.500881452024639,0.6031
2025-08-27,TOR,MIN,17.0,9.0,8.0,4.8,4.0,5.7,4.5,6.05,3.85,4.6,7.4,4.2,6.7,4.25,5.55,5.248845920218665,5.248845920218665,4.413181214686148,0.6137,17.0,1,"(0.6, 0.65]",0.5754,"(0.55, 0.6]",5.248845920218657,4.413181214686141,0.5692
2025-08-27,ATH,DET,7.0,7.0,0.0,5.6,4.6,5.7,4.3,5.6,3.9,5.8,5.4,5.6,4.0,5.15,4.6,4.4740168805438785,4.4740168805438785,4.4149987269184905,0.5246,7.0,0,"(0.5, 0.55]",0.5061,"(0.5, 0.55]",4.474016880543871,4.414998726918483,0.4965
2025-08-27,NYY,WSN,13.0,11.0,2.0,4.6,4.2,6.3,4.5,5.15,4.45,3.4,5.6,4.3,5.4,3.95,4.9,4.768543807056434,4.768543807056434,4.384234581993136,0.5613,13.0,1,"(0.55, 0.6]",0.529,"(0.5, 0.55]",4.768543807056427,4.3842345819931285,0.5329
2025-08-27,TEX,LAA,23.0,20.0,3.0,5.2,2.0,5.1,3.2,3.85,4.25,2.6,5.2,2.5,5.4,3.75,5.05,4.598694137233623,4.598694137233623,3.8496411276593148,0.4735,23.0,1,"(0.45, 0.5]",0.4447,"(0.0, 0.45]",4.598694137233616,3.849641127659309,0.458
2025-08-27,MIL,ARI,5.0,2.0,3.0,5.0,5.6,4.4,4.3,5.95,3.8,6.0,5.6,5.4,5.3,5.5,4.35,4.84966427416638,4.84966427416638,4.449025446894552,0.575,5.0,0,"(0.55, 0.6]",0.5491,"(0.5, 0.55]",4.849664274166373,4.449025446894545,0.54
2025-08-28,CHW,NYY,14.0,4.0,10.0,5.4,4.0,5.9,5.6,4.65,5.3,6.8,4.4,7.0,4.4,5.1,3.9,4.453031906612601,4.453031906612601,5.000604100455135,0.6077,14.0,1,"(0.6, 0.65]",0.5583,"(0.55, 0.6]",4.453031906612594,5.000604100455127,0.5584
2025-08-28,MIL,ARI,10.0,4.0,6.0,4.4,5.4,3.9,4.6,5.9,3.9,5.4,5.0,4.9,5.3,5.6,4.2,4.842903970467731,4.842903970467731,4.589973889208596,0.6014,10.0,1,"(0.6, 0.65]",0.5616,"(0.55, 0.6]",4.842903970467724,4.589973889208589,0.5515
2025-08-28,SFG,CHC,7.0,4.0,3.0,6.4,2.8,4.9,3.9,3.9,4.15,4.8,4.6,3.9,4.2,3.55,3.35,4.313543551646248,4.313543551646248,4.101075971748884,0.4714,7.0,0,"(0.45, 0.5]",0.4537,"(0.45, 0.5]",4.313543551646241,4.101075971748878,0.451
2025-08-28,STL,PIT,5.0,4.0,1.0,3.8,6.6,4.7,5.8,4.3,5.55,5.0,2.4,4.7,2.6,3.9,4.3,3.997659977831541,3.997659977831541,4.965759399748256,0.5393,5.0,0,"(0.5, 0.55]",0.508,"(0.5, 0.55]",3.997659977831535,4.965759399748248,0.5068
2025-08-28,PHI,ATL,23.0,19.0,4.0,3.4,6.2,6.1,5.8,4.55,4.5,6.0,3.4,6.3,5.6,6.3,4.9,4.740785737560221,4.740785737560221,5.234190120420377,0.6624,23.0,1,"(0.65, 1.0]",0.6034,"(0.6, 0.65]",4.740785737560214,5.234190120420369,0.6083
2025-08-28,HOU,COL,7.0,4.0,3.0,5.2,4.8,3.5,6.2,4.05,5.65,1.4,4.6,3.4,5.4,3.7,6.25,4.624425578931143,4.624425578931143,5.1389048487689,0.6409,7.0,0,"(0.6, 0.65]",0.5854,"(0.55, 0.6]",4.6244255789311355,5.138904848768892,0.5881
2025-08-28,NYM,MIA,11.0,4.0,7.0,7.4,2.8,7.1,3.9,6.0,4.75,2.4,6.4,3.5,5.9,4.05,5.65,5.0178834522125,5.0178834522125,4.146303711397244,0.568,11.0,1,"(0.55, 0.6]",0.53,"(0.5, 0.55]",5.017883452212492,4.146303711397238,0.5168
2025-08-28,BAL,BOS,5.0,2.0,3.0,3.2,4.6,5.0,4.3,3.9,4.5,5.2,2.6,4.6,3.2,5.2,3.4,4.0847209338317665,4.0847209338317665,4.419843707195184,0.4783,5.0,0,"(0.45, 0.5]",0.4588,"(0.45, 0.5]",4.08472093383176,4.419843707195177,0.4607
2025-08-29,BOS,PIT,6.0,2.0,4.0,3.4,2.8,4.2,2.9,5.05,3.45,4.2,3.0,4.5,2.6,3.85,4.3,4.082189043642511,4.082189043642511,3.747833066470352,0.3869,6.0,0,"(0.0, 0.45]",0.3858,"(0.0, 0.45]",4.082189043642504,3.747833066470346,0.3831
2025-08-29,MIN,SDP,11.0,7.0,4.0,4.4,7.8,5.0,6.9,4.45,5.75,4.6,5.6,4.9,3.9,4.4,3.8,4.3091998831276515,4.3091998831276515,5.583700019400674,0.6464,11.0,1,"(0.6, 0.65]",0.5917,"(0.55, 0.6]",4.309199883127644,5.583700019400665,0.6006
2025-08-29,CHW,NYY,12.0,2.0,10.0,4.8,5.4,6.1,6.0,4.7,5.4,8.6,2.8,6.8,4.0,5.6,4.0,4.363077284326168,4.363077284326168,5.255039561914284,0.6238,12.0,1,"(0.6, 0.65]",0.5741,"(0.55, 0.6]",4.3630772843261605,5.255039561914276,0.5729
2025-08-29,WSN,TBR,5.0,1.0,4.0,2.8,7.0,4.3,6.5,3.95,5.4,6.0,3.6,5.1,4.7,4.2,4.4,4.438905533431623,4.438905533431623,5.348432736014784,0.6431,5.0,0,"(0.6, 0.65]",0.5968,"(0.55, 0.6]",4.438905533431616,5.348432736014776,0.5829
2025-08-29,COL,CHC,18.0,7.0,11.0,2.0,3.6,3.1,5.3,3.8,5.45,4.8,5.0,4.2,3.9,3.4,3.5,4.231759849172953,4.231759849172953,4.679878745534613,0.5339,18.0,1,"(0.5, 0.55]",0.5071,"(0.5, 0.55]",4.2317598491729465,4.679878745534606,0.5059
2025-08-29,KCR,DET,8.0,3.0,5.0,5.8,4.8,5.2,4.6,5.2,4.3,4.4,6.4,5.5,4.7,4.8,4.7,4.596437262787278,4.596437262787278,4.510128769238372,0.5557,8.0,0,"(0.55, 0.6]",0.5238,"(0.5, 0.55]",4.596437262787271,4.5101287692383645,0.5228
2025-08-29,TOR,MIL,9.0,2.0,7.0,6.4,5.2,6.0,4.8,6.3,4.15,5.0,5.2,3.9,4.6,5.75,4.1,4.713919254406749,4.713919254406749,4.694986139091196,0.588,9.0,1,"(0.55, 0.6]",0.5485,"(0.5, 0.55]",4.713919254406742,4.694986139091189,0.5465
2025-08-29,HOU,LAA,2.0,2.0,0.0,4.0,4.0,3.9,5.8,4.1,5.45,2.8,8.6,2.5,6.4,3.9,6.0,4.890298942620614,4.890298942620614,4.965759399748256,0.6442,2.0,0,"(0.6, 0.65]",0.5904,"(0.55, 0.6]",4.890298942620606,4.965759399748248,0.5925
2025-08-29,NYM,MIA,28.0,19.0,9.0,6.4,3.8,6.8,4.3,6.1,4.95,3.4,6.2,3.7,5.6,4.1,5.65,4.950290275148083,4.950290275148083,4.31447206523091,0.5781,28.0,1,"(0.55, 0.6]",0.5212,"(0.5, 0.55]",4.950290275148075,4.314472065230903,0.5356
2025-08-29,SFG,BAL,23.0,15.0,8.0,6.4,2.4,4.6,4.1,3.7,4.25,2.0,3.4,4.5,4.6,3.85,4.4,4.384091768118288,4.384091768118288,4.208728422105641,0.4942,23.0,1,"(0.45, 0.5]",0.4677,"(0.45, 0.5]",4.384091768118281,4.208728422105635,0.471
2025-08-29,PHI,ATL,3.0,2.0,1.0,6.0,6.2,6.9,5.3,5.45,4.45,6.4,5.4,6.2,7.1,6.1,5.55,5.275489152221366,5.275489152221366,4.965424677472214,0.7039,3.0,0,"(0.65, 1.0]",0.6288,"(0.6, 0.65]",5.275489152221358,4.965424677472206,0.6256
2025-08-29,CLE,SEA,9.0,5.0,4.0,1.2,5.6,1.9,5.2,3.4,4.8,6.6,4.4,5.0,6.1,5.25,5.05,4.717940139310282,4.717940139310282,4.826821516435779,0.6075,9.0,1,"(0.6, 0.65]",0.5595,"(0.55, 0.6]",4.717940139310275,4.826821516435772,0.5637
2025-08-29,ATH,TEX,7.0,2.0,5.0,5.8,4.0,6.0,3.6,5.7,3.7,8.4,2.0,6.1,3.1,4.65,4.15,4.271738279839905,4.271738279839905,4.0811673107004784,0.4433,7.0,0,"(0.0, 0.45]",0.4397,"(0.0, 0.45]",4.271738279839899,4.081167310700472,0.4481
2025-08-29,LAD,ARI,3.0,0.0,3.0,5.4,2.2,5.4,3.4,5.5,3.55,4.6,5.6,5.2,5.3,5.55,4.3,4.789159692370136,4.789159692370136,4.082848087253401,0.531,3.0,0,"(0.5, 0.55]",0.4961,"(0.45, 0.5]",4.789159692370129,4.082848087253395,0.5043
2025-08-30,NYM,MIA,19.0,8.0,11.0,9.6,4.8,7.9,5.1,7.0,5.2,4.2,9.4,4.1,7.2,4.25,6.2,5.5387307319604835,5.5387307319604835,4.676673953394217,0.6897,19.0,1,"(0.65, 1.0]",0.6199,"(0.6, 0.65]",5.538730731960475,4.67667395339421,0.6226
2025-08-30,WSN,TBR,5.0,1.0,4.0,2.2,6.6,3.5,5.8,4.0,5.3,6.0,2.4,4.7,4.6,4.2,4.45,4.420939181910695,4.420939181910695,4.998545513424007,0.5939,5.0,0,"(0.55, 0.6]",0.5579,"(0.55, 0.6]",4.420939181910688,4.998545513423999,0.5536
2025-08-30,MIN,SDP,15.0,3.0,12.0,5.2,7.2,5.2,6.5,4.55,5.75,4.4,6.8,5.0,4.2,4.5,3.85,4.392480204719754,4.392480204719754,5.383745426291112,0.6515,15.0,1,"(0.65, 1.0]",0.595,"(0.55, 0.6]",4.392480204719747,5.383745426291104,0.5823
2025-08-30,KCR,DET,4.0,3.0,1.0,6.0,5.0,5.1,4.8,5.25,4.25,4.0,6.0,5.3,5.0,5.05,4.75,4.678737641549467,4.678737641549467,4.623445048929507,0.5776,4.0,0,"(0.55, 0.6]",0.536,"(0.5, 0.55]",4.67873764154946,4.6234450489295,0.5378
2025-08-30,BOS,PIT,13.0,3.0,10.0,3.4,2.2,4.1,2.8,4.75,3.4,4.2,3.4,4.4,2.6,3.7,4.4,4.048165026871277,4.048165026871277,3.6995908314699024,0.3754,13.0,1,"(0.0, 0.45]",0.3721,"(0.0, 0.45]",4.0481650268712706,3.6995908314698966,0.3761
2025-08-30,HOU,LAA,5.0,1.0,4.0,2.6,2.4,4.1,4.6,4.15,5.15,2.6,6.6,2.3,5.9,3.5,5.85,4.765465475214763,4.765465475214763,4.383332065285072,0.5676,5.0,0,"(0.55, 0.6]",0.5262,"(0.5, 0.55]",4.765465475214756,4.383332065285065,0.521
2025-08-30,TOR,MIL,5.0,1.0,4.0,5.8,6.2,4.8,5.3,5.65,4.45,5.8,4.8,4.5,4.4,5.85,4.0,4.579015927741855,4.579015927741855,4.938269079715003,0.6092,5.0,0,"(0.6, 0.65]",0.558,"(0.55, 0.6]",4.579015927741848,4.938269079714995,0.5629
2025-08-30,COL,CHC,7.0,3.0,4.0,3.2,4.8,3.4,6.1,4.1,5.7,4.6,6.2,4.7,4.2,3.95,3.6,4.3376794674294334,4.3376794674294334,5.1174625010797845,0.6016,7.0,0,"(0.6, 0.65]",0.56,"(0.55, 0.6]",4.337679467429426,5.1174625010797765,0.5534
2025-08-30,CIN,STL,6.0,2.0,4.0,2.2,5.8,3.8,4.6,3.7,4.15,3.4,4.8,4.7,5.1,4.2,5.0,4.5052151339737625,4.5052151339737625,4.4511577561222095,0.5356,6.0,0,"(0.5, 0.55]",0.5046,"(0.5, 0.55]",4.505215133973755,4.451157756122202,0.5044
2025-08-30,SFG,BAL,12.0,1.0,11.0,8.0,3.8,5.7,4.6,4.25,4.55,3.0,6.0,4.1,6.1,4.1,4.5,4.8311588947379285,4.8311588947379285,4.44140449202818,0.5807,12.0,1,"(0.55, 0.6]",0.5362,"(0.5, 0.55]",4.831158894737921,4.441404492028173,0.527
2025-08-30,CLE,SEA,7.0,4.0,3.0,1.6,5.6,2.4,5.4,3.4,4.8,6.8,5.0,5.3,6.3,5.2,5.1,4.769653010712711,4.769653010712711,4.915639451974515,0.6309,7.0,0,"(0.6, 0.65]",0.5775,"(0.55, 0.6]",4.7696530107127035,4.915639451974507,0.5818
2025-08-30,ATH,TEX,12.0,3.0,9.0,4.6,4.4,5.6,4.1,5.55,3.9,7.4,2.4,6.3,2.9,4.8,4.25,4.2077780640868685,4.2077780640868685,4.297354338172663,0.4698,12.0,1,"(0.45, 0.5]",0.4668,"(0.45, 0.5]",4.207778064086862,4.2973543381726556,0.4641
2025-08-30,LAD,ARI,7.0,1.0,6.0,5.2,1.8,5.1,3.3,4.9,3.4,5.0,4.4,4.8,4.3,5.4,4.1,4.4598239366355505,4.4598239366355505,4.030293527484305,0.4704,7.0,0,"(0.45, 0.5]",0.4566,"(0.45, 0.5]",4.459823936635543,4.030293527484298,0.4631
2025-08-31,MIN,SDP,9.0,7.0,2.0,5.8,8.0,4.7,7.6,4.55,6.05,6.4,5.8,5.7,4.4,4.95,3.9,4.4406257422334185,4.4406257422334185,6.047064360460601,0.7215,9.0,1,"(0.65, 1.0]",0.6422,"(0.6, 0.65]",4.440625742233411,6.047064360460591,0.6377
2025-08-31,PHI,ATL,4.0,1.0,3.0,5.8,6.0,5.9,4.7,5.1,4.45,5.8,5.2,5.4,6.0,6.1,5.4,4.920203176518403,4.920203176518403,4.6856631717195585,0.6194,4.0,0,"(0.6, 0.65]",0.5767,"(0.55, 0.6]",4.920203176518395,4.685663171719551,0.5703
2025-08-31,SFG,BAL,15.0,13.0,2.0,7.4,5.4,5.7,5.2,4.05,5.1,4.6,5.4,4.6,5.9,4.65,4.3,4.752188869686507,4.752188869686507,4.763709669852477,0.6056,15.0,1,"(0.6, 0.65]",0.5623,"(0.55, 0.6]",4.7521888696865,4.76370966985247,0.5622
2025-08-31,TOR,MIL,12.0,8.0,4.0,5.4,6.0,4.5,4.7,5.2,4.45,5.2,4.0,4.6,4.1,5.9,3.95,4.448547775578923,4.448547775578923,4.665151455905189,0.5645,12.0,1,"(0.55, 0.6]",0.5228,"(0.5, 0.55]",4.448547775578916,4.665151455905182,0.5172
2025-08-31,CLE,SEA,6.0,2.0,4.0,2.4,4.2,2.7,4.7,3.4,4.7,5.2,5.0,5.3,6.0,4.95,5.15,4.692294337891212,4.692294337891212,4.568940324861521,0.5765,6.0,0,"(0.55, 0.6]",0.5388,"(0.5, 0.55]",4.692294337891205,4.568940324861514,0.53
2025-08-31,HOU,LAA,3.0,0.0,3.0,2.4,2.6,4.2,4.0,3.8,5.25,2.8,6.0,2.6,5.6,3.45,5.85,4.642619242740482,4.642619242740482,4.131832532350977,0.5171,3.0,0,"(0.5, 0.55]",0.4932,"(0.45, 0.5]",4.642619242740475,4.131832532350971,0.4975
2025-08-31,CHW,NYY,5.0,3.0,2.0,3.6,7.4,5.0,6.1,4.5,5.5,9.2,2.8,7.0,3.8,5.95,3.75,4.291758511760064,4.291758511760064,5.346971291710413,0.6176,5.0,0,"(0.6, 0.65]",0.5767,"(0.55, 0.6]",4.291758511760057,5.346971291710405,0.5645
2025-08-31,KCR,DET,5.0,0.0,5.0,4.6,3.6,4.9,4.7,5.05,4.15,3.4,6.2,4.6,4.8,4.8,4.75,4.602259091203169,4.602259091203169,4.553931534684784,0.5603,5.0,0,"(0.55, 0.6]",0.5315,"(0.5, 0.55]",4.602259091203162,4.553931534684777,0.5286
2025-08-31,LAD,ARI,9.0,5.0,4.0,3.8,2.6,4.1,3.5,4.8,3.45,5.2,3.2,4.9,3.8,5.4,4.05,4.327829883014181,4.327829883014181,4.108958810631013,0.4647,9.0,1,"(0.45, 0.5]",0.4511,"(0.45, 0.5]",4.327829883014174,4.108958810631007,0.4418
2025-08-31,BOS,PIT,7.0,5.0,2.0,3.2,3.6,4.1,3.2,4.6,3.8,5.0,2.6,5.1,2.2,4.05,4.45,3.9443190582630367,3.9443190582630367,3.8750581407406735,0.3827,7.0,0,"(0.0, 0.45]",0.3849,"(0.0, 0.45]",3.9443190582630305,3.8750581407406672,0.3867
2025-08-31,COL,CHC,11.0,6.0,5.0,3.8,4.8,3.3,5.4,4.0,5.6,4.6,6.2,4.7,4.4,3.7,3.7,4.373007087295296,4.373007087295296,4.756528832227167,0.5649,11.0,1,"(0.55, 0.6]",0.5222,"(0.5, 0.55]",4.373007087295289,4.7565288322271595,0.5212
2025-08-31,NYM,MIA,6.0,1.0,5.0,8.6,6.4,8.3,5.7,7.3,5.6,6.0,10.8,4.9,7.2,4.55,6.55,5.5852826551317625,5.5852826551317625,4.988619759577943,0.7257,6.0,0,"(0.65, 1.0]",0.6563,"(0.65, 1.0]",5.585282655131754,4.988619759577935,0.6544
2025-08-31,ATH,TEX,15.0,6.0,9.0,4.8,5.6,5.7,4.2,5.6,4.0,8.2,3.0,7.0,2.7,5.15,4.25,4.167967111314148,4.167967111314148,4.37253231032692,0.4863,15.0,1,"(0.45, 0.5]",0.4645,"(0.45, 0.5]",4.167967111314142,4.372532310326913,0.4713
2025-08-31,CIN,STL,11.0,7.0,4.0,2.4,4.6,3.2,5.0,3.7,4.15,3.8,3.8,4.3,5.0,4.15,4.95,4.480725664149127,4.480725664149127,4.6215417260857725,0.5629,11.0,1,"(0.55, 0.6]",0.5167,"(0.5, 0.55]",4.48072566414912,4.621541726085765,0.5249
2025-08-31,WSN,TBR,11.0,4.0,7.0,2.0,6.8,3.5,5.4,4.05,5.25,4.8,1.4,4.4,4.1,4.4,4.35,4.308086946547643,4.308086946547643,4.830129200446494,0.5648,11.0,1,"(0.55, 0.6]",0.5278,"(0.5, 0.55]",4.308086946547636,4.830129200446487,0.5266
2025-09-01,TBR,SEA,12.0,10.0,2.0,4.8,1.8,4.9,4.4,4.7,4.3,4.2,4.2,5.0,5.0,4.75,4.95,4.6074931898675695,4.6074931898675695,4.418933860169854,0.5464,12.0,1,"(0.5, 0.55]",0.5073,"(0.5, 0.55]",4.607493189867562,4.4189338601698465,0.5084
2025-09-01,BOS,CLE,10.0,6.0,4.0,3.2,4.0,4.0,3.1,4.7,3.55,2.8,4.0,2.5,4.6,3.35,4.8,4.5081253527703575,4.5081253527703575,3.7793059693742834,0.4492,10.0,1,"(0.0, 0.45]",0.434,"(0.0, 0.45]",4.50812535277035,3.7793059693742777,0.4399
2025-09-01,WSN,MIA,2.0,2.0,0.0,1.8,6.2,3.4,5.7,4.05,5.5,6.6,8.8,5.0,6.6,4.75,6.25,4.9370093544472,4.9370093544472,5.010553699297067,0.6621,2.0,0,"(0.65, 1.0]",0.5962,"(0.55, 0.6]",4.937009354447192,5.010553699297059,0.5911
2025-09-01,MIL,PHI,18.0,8.0,10.0,4.2,4.0,4.6,4.8,5.75,4.15,5.4,4.0,5.4,4.6,5.0,4.5,4.642139082428196,4.642139082428196,4.6183768832756025,0.5747,18.0,1,"(0.55, 0.6]",0.5275,"(0.5, 0.55]",4.642139082428189,4.618376883275595,0.5369
2025-09-01,CIN,TOR,9.0,5.0,4.0,2.6,5.2,3.1,4.4,3.9,4.25,5.0,6.0,5.1,4.6,4.6,4.6,4.408622427988564,4.408622427988564,4.404417835359619,0.526,9.0,1,"(0.5, 0.55]",0.4896,"(0.45, 0.5]",4.408622427988557,4.404417835359612,0.4901
2025-09-01,STL,ATH,14.0,3.0,11.0,3.2,4.0,4.0,5.3,4.1,5.3,5.2,5.2,5.3,4.8,5.7,4.15,4.4818831996303015,4.4818831996303015,4.922047059031036,0.591,14.0,1,"(0.55, 0.6]",0.5538,"(0.55, 0.6]",4.481883199630294,4.922047059031028,0.5454
2025-09-01,DET,NYM,18.0,8.0,10.0,2.8,4.2,5.0,4.0,4.9,4.45,7.6,6.4,8.1,5.3,7.15,5.5,4.709659507952125,4.709659507952125,4.481166699559633,0.5712,18.0,1,"(0.55, 0.6]",0.533,"(0.5, 0.55]",4.709659507952118,4.481166699559626,0.5329
2025-09-01,SDP,BAL,7.0,3.0,4.0,5.6,5.4,5.1,5.0,4.95,3.75,5.0,7.0,4.6,6.5,4.5,4.9,5.035023281422465,5.035023281422465,4.657160288150672,0.6251,7.0,0,"(0.6, 0.65]",0.5825,"(0.55, 0.6]",5.035023281422457,4.657160288150665,0.5757
2025-09-01,HOU,LAA,11.0,8.0,3.0,2.2,2.0,4.0,3.6,3.45,5.25,2.6,6.0,2.5,5.0,3.45,5.5,4.4495825454494415,4.4495825454494415,3.9751405559966106,0.4607,11.0,1,"(0.45, 0.5]",0.4569,"(0.45, 0.5]",4.449582545449434,3.9751405559966044,0.4536
2025-09-01,COL,SFG,10.0,2.0,8.0,3.8,5.6,3.1,5.6,4.0,5.2,9.0,5.4,6.9,4.6,4.6,5.0,4.420939181910695,4.420939181910695,4.946057681262971,0.5895,10.0,1,"(0.55, 0.6]",0.5418,"(0.5, 0.55]",4.420939181910688,4.946057681262963,0.5543
2025-09-01,MIN,CHW,11.0,5.0,6.0,6.4,6.4,5.1,7.2,4.6,6.0,2.8,7.8,4.3,5.2,4.4,5.15,4.645018269617792,4.645018269617792,5.747973326367274,0.7095,11.0,1,"(0.65, 1.0]",0.637,"(0.6, 0.65]",4.645018269617785,5.747973326367265,0.6318
2025-09-02,KCR,LAA,6.0,1.0,5.0,4.6,3.2,4.6,4.6,4.85,3.95,2.6,6.2,2.6,5.7,3.4,5.65,4.8067596999788575,4.8067596999788575,4.373727419126272,0.5668,6.0,0,"(0.55, 0.6]",0.5355,"(0.5, 0.55]",4.80675969997885,4.373727419126265,0.5321
2025-09-02,BOS,CLE,18.0,11.0,7.0,3.8,4.4,4.5,3.5,4.5,3.65,3.6,3.4,2.6,5.1,3.35,5.05,4.6068981630659405,4.6068981630659405,3.9282785436133953,0.4737,18.0,1,"(0.45, 0.5]",0.4689,"(0.45, 0.5]",4.606898163065933,3.928278543613389,0.4584
2025-09-02,HOU,NYY,8.0,1.0,7.0,3.0,2.6,4.1,3.7,3.65,5.1,7.6,2.4,5.9,3.8,6.05,3.8,4.191180665350018,4.191180665350018,4.249317511935014,0.4617,8.0,0,"(0.45, 0.5]",0.4442,"(0.0, 0.45]",4.191180665350012,4.249317511935008,0.4582
2025-09-02,ARI,TEX,8.0,5.0,3.0,4.4,2.4,5.2,4.0,5.5,4.15,10.0,3.4,7.3,3.0,5.55,4.1,4.224878145474725,4.224878145474725,4.32661800557431,0.4859,8.0,0,"(0.45, 0.5]",0.4744,"(0.45, 0.5]",4.224878145474719,4.326618005574303,0.4596
2025-09-02,STL,ATH,3.0,2.0,1.0,3.2,4.6,4.1,5.8,4.2,5.4,5.8,5.2,5.7,4.9,5.45,3.95,4.518968860974539,4.518968860974539,5.137500657374405,0.6312,3.0,0,"(0.6, 0.65]",0.5758,"(0.55, 0.6]",4.518968860974532,5.137500657374397,0.5738
2025-09-02,PIT,LAD,16.0,9.0,7.0,3.8,3.0,5.1,2.6,4.1,4.6,3.4,3.4,4.3,3.1,4.8,3.6,4.085248516241182,4.085248516241182,3.7173875031526356,0.3792,16.0,1,"(0.0, 0.45]",0.3864,"(0.0, 0.45]",4.085248516241176,3.71738750315263,0.383
2025-09-02,TBR,SEA,11.0,6.0,5.0,5.0,2.2,5.8,3.9,4.85,4.25,3.4,4.8,4.8,5.4,4.7,5.35,4.728799196326483,4.728799196326483,4.205846274831827,0.5397,11.0,1,"(0.5, 0.55]",0.5042,"(0.5, 0.55]",4.7287991963264755,4.205846274831821,0.5059
2025-09-02,WSN,MIA,7.0,5.0,2.0,2.0,5.2,2.7,5.4,3.75,5.5,6.4,6.8,4.4,6.6,4.45,5.95,4.895860625841148,4.895860625841148,4.835429741207096,0.6405,7.0,0,"(0.6, 0.65]",0.5871,"(0.55, 0.6]",4.89586062584114,4.835429741207089,0.5812
2025-09-02,DET,NYM,17.0,5.0,12.0,3.8,4.6,4.8,5.0,5.1,4.5,8.4,8.0,7.9,5.4,7.35,5.55,4.7618965831428675,4.7618965831428675,4.957605578541004,0.6422,17.0,1,"(0.6, 0.65]",0.5794,"(0.55, 0.6]",4.76189658314286,4.957605578540996,0.5706
2025-09-02,MIN,CHW,15.0,3.0,12.0,6.0,6.6,5.3,7.0,4.4,6.1,3.2,7.8,4.9,5.6,4.65,5.25,4.720987771369202,4.720987771369202,5.668932440635075,0.7052,15.0,1,"(0.65, 1.0]",0.6334,"(0.6, 0.65]",4.720987771369195,5.668932440635066,0.6384
2025-09-02,CIN,TOR,21.0,9.0,12.0,3.6,4.6,3.2,4.7,3.9,4.4,4.8,5.6,4.8,4.8,4.75,4.6,4.4569448988018046,4.4569448988018046,4.548939568921145,0.5494,21.0,1,"(0.5, 0.55]",0.5142,"(0.5, 0.55]",4.4569448988017975,4.548939568921138,0.514
2025-09-02,COL,SFG,11.0,4.0,7.0,4.2,6.4,2.8,5.5,4.0,5.45,8.2,5.2,7.3,4.0,5.0,4.7,4.278696311789233,4.278696311789233,4.941653135582817,0.5736,11.0,1,"(0.55, 0.6]",0.5375,"(0.5, 0.55]",4.2786963117892265,4.941653135582809,0.5321
2025-09-02,CHC,ATL,7.0,4.0,3.0,5.2,6.4,4.8,4.7,3.85,3.85,6.2,5.0,4.6,5.1,5.9,5.4,4.524108234575844,4.524108234575844,4.665151455905189,0.5732,7.0,0,"(0.55, 0.6]",0.533,"(0.5, 0.55]",4.524108234575837,4.665151455905182,0.5303
2025-09-02,SDP,BAL,8.0,2.0,6.0,4.8,5.0,4.6,5.0,4.8,3.85,5.4,7.0,4.3,5.8,4.55,4.95,4.826293995949228,4.826293995949228,4.662271014367628,0.6066,8.0,0,"(0.6, 0.65]",0.5713,"(0.55, 0.6]",4.826293995949221,4.6622710143676205,0.5621
2025-09-03,PIT,LAD,3.0,3.0,0.0,5.2,4.2,5.1,3.3,4.15,4.25,3.6,4.6,4.1,3.5,4.7,4.0,4.1811237025055945,4.1811237025055945,3.968880866384598,0.4199,3.0,0,"(0.0, 0.45]",0.4232,"(0.0, 0.45]",4.181123702505588,3.9688808663845916,0.4201
2025-09-03,WSN,MIA,15.0,10.0,5.0,2.6,3.4,2.7,5.2,3.8,5.25,5.4,7.0,4.4,6.6,4.5,5.85,4.902694852763419,4.902694852763419,4.7480610699991,0.6267,15.0,1,"(0.6, 0.65]",0.5782,"(0.55, 0.6]",4.902694852763411,4.748061069999093,0.5783
2025-09-03,CIN,TOR,22.0,9.0,13.0,4.8,5.8,3.5,5.5,4.3,4.7,5.4,5.8,5.9,5.5,5.3,4.6,4.68224420860397,4.68224420860397,4.974280089167712,0.6232,22.0,1,"(0.6, 0.65]",0.5775,"(0.55, 0.6]",4.682244208603963,4.974280089167704,0.5717
2025-09-03,HOU,NYY,15.0,8.0,7.0,2.4,3.4,3.2,3.7,3.5,5.2,8.0,2.4,6.3,3.3,6.25,3.75,4.061467962510015,4.061467962510015,4.268000891035067,0.4583,15.0,1,"(0.45, 0.5]",0.4434,"(0.0, 0.45]",4.061467962510009,4.268000891035061,0.4423
2025-09-03,TBR,SEA,13.0,9.0,4.0,6.2,2.6,6.1,3.1,4.9,4.3,3.6,5.4,5.1,4.9,4.6,5.45,4.6080882935228376,4.6080882935228376,3.8843673324441332,0.4751,13.0,1,"(0.45, 0.5]",0.4625,"(0.45, 0.5]",4.6080882935228304,3.884367332444127,0.4508
2025-09-03,SDP,BAL,12.0,5.0,7.0,4.6,5.4,4.6,5.5,4.7,4.1,6.2,6.8,4.1,5.1,4.7,4.5,4.632675509406407,4.632675509406407,4.909240186453069,0.6202,12.0,1,"(0.6, 0.65]",0.5623,"(0.55, 0.6]",4.6326755094064,4.909240186453061,0.5669
2025-09-03,COL,SFG,18.0,8.0,10.0,4.4,7.0,3.2,5.3,4.05,5.8,8.8,5.4,7.6,3.9,5.3,4.7,4.2613784028114585,4.2613784028114585,4.879048384568239,0.5671,18.0,1,"(0.55, 0.6]",0.5246,"(0.5, 0.55]",4.261378402811452,4.879048384568231,0.5217
2025-09-03,STL,ATH,6.0,5.0,1.0,3.4,4.4,3.6,5.5,4.15,5.35,4.6,5.6,5.2,4.8,5.45,3.95,4.488139547424133,4.488139547424133,4.990674258814315,0.602,6.0,0,"(0.6, 0.65]",0.5618,"(0.55, 0.6]",4.488139547424126,4.990674258814307,0.5482
2025-09-03,KCR,LAA,7.0,3.0,4.0,3.8,3.4,4.1,4.7,4.8,4.2,3.0,2.4,2.9,5.5,3.4,5.4,4.748016666899413,4.748016666899413,4.416205442719129,0.5544,7.0,0,"(0.55, 0.6]",0.5186,"(0.5, 0.55]",4.748016666899406,4.4162054427191215,0.5269
2025-09-03,BOS,CLE,9.0,1.0,8.0,5.4,5.4,4.4,4.1,4.95,3.7,4.4,5.6,2.8,5.6,3.25,5.35,4.793987159823602,4.793987159823602,4.153698290665675,0.5423,9.0,1,"(0.5, 0.55]",0.5039,"(0.5, 0.55]",4.793987159823595,4.153698290665669,0.5053
2025-09-03,MIN,CHW,7.0,3.0,4.0,5.0,7.2,4.7,7.5,4.1,6.5,5.4,6.0,5.4,5.0,4.95,5.2,4.531008674456073,4.531008674456073,5.9888996428307495,0.7208,7.0,0,"(0.65, 1.0]",0.6529,"(0.65, 1.0]",4.531008674456066,5.988899642830741,0.6478
2025-09-03,DET,NYM,8.0,6.0,2.0,4.8,5.6,4.6,6.0,5.05,4.85,10.0,7.6,8.2,5.7,7.3,5.55,4.833655347587288,4.833655347587288,5.454704090744267,0.6967,8.0,0,"(0.65, 1.0]",0.6321,"(0.6, 0.65]",4.833655347587281,5.454704090744258,0.6302
2025-09-03,CHC,ATL,6.0,1.0,5.0,5.4,4.6,5.1,4.6,4.0,3.75,4.6,5.4,4.8,5.5,5.65,5.3,4.64321888327548,4.64321888327548,4.595010885669809,0.5782,6.0,0,"(0.55, 0.6]",0.5303,"(0.5, 0.55]",4.643218883275473,4.595010885669802,0.5275
2025-09-03,MIL,PHI,9.0,6.0,3.0,5.4,5.4,4.9,5.4,5.8,4.35,6.4,4.4,5.3,5.2,5.3,4.8,4.803159882358945,4.803159882358945,4.9264341296158305,0.6334,9.0,1,"(0.6, 0.65]",0.5773,"(0.55, 0.6]",4.803159882358938,4.9264341296158225,0.5751
2025-09-03,ARI,TEX,2.0,2.0,0.0,4.8,2.6,5.1,3.8,5.45,4.25,9.2,3.8,7.2,2.9,5.6,4.2,4.196055177876093,4.196055177876093,4.248442768583429,0.4696,2.0,0,"(0.45, 0.5]",0.4485,"(0.0, 0.45]",4.196055177876087,4.2484427685834225,0.4501
2025-09-04,HOU,NYY,12.0,4.0,8.0,3.6,4.8,3.1,3.6,3.55,5.5,7.2,3.6,7.0,4.0,6.35,3.95,4.2253151463430045,4.2253151463430045,4.236230719561002,0.4657,12.0,1,"(0.45, 0.5]",0.4452,"(0.0, 0.45]",4.225315146342998,4.236230719560996,0.4591
2025-09-04,TBR,CLE,6.0,4.0,2.0,7.2,3.2,6.6,2.8,5.25,4.35,5.0,5.0,3.3,5.3,3.5,5.35,4.7558728143171916,4.7558728143171916,3.6833956947339614,0.4793,6.0,0,"(0.45, 0.5]",0.4551,"(0.45, 0.5]",4.7558728143171844,3.6833956947339557,0.452
2025-09-04,KCR,LAA,7.0,4.0,3.0,2.0,4.0,3.9,4.4,4.6,4.2,3.8,2.6,3.2,4.6,3.25,5.35,4.495565697833825,4.495565697833825,4.275900728471852,0.5114,7.0,0,"(0.5, 0.55]",0.4862,"(0.45, 0.5]",4.495565697833818,4.2759007284718455,0.4879
2025-09-04,MIL,PHI,2.0,0.0,2.0,5.8,4.8,5.4,5.0,5.75,4.45,7.0,4.4,5.2,5.3,5.25,5.05,4.822679548951687,4.822679548951687,4.734412879895873,0.6158,2.0,0,"(0.6, 0.65]",0.5618,"(0.55, 0.6]",4.82267954895168,4.734412879895866,0.5695
2025-09-04,MIN,CHW,19.0,8.0,11.0,4.2,7.2,4.7,7.2,4.25,6.6,5.4,4.6,5.1,5.0,5.1,5.25,4.550009943023664,4.550009943023664,5.836914856684334,0.7149,19.0,1,"(0.65, 1.0]",0.6365,"(0.6, 0.65]",4.550009943023657,5.836914856684325,0.6346
2025-09-04,PIT,LAD,8.0,5.0,3.0,5.6,3.4,4.9,3.2,4.25,3.9,2.6,5.0,4.0,3.6,4.5,3.9,4.215720707997009,4.215720707997009,3.9134986579996953,0.4233,8.0,0,"(0.0, 0.45]",0.4122,"(0.0, 0.45]",4.2157207079970025,3.913498657999689,0.4171
2025-09-05,ARI,BOS,15.0,10.0,5.0,4.0,1.8,4.3,3.7,5.25,4.0,5.2,6.2,4.3,4.2,4.7,3.75,4.47910513075207,4.47910513075207,4.125326098473484,0.4899,15.0,1,"(0.45, 0.5]",0.4661,"(0.45, 0.5]",4.479105130752063,4.125326098473478,0.4701
2025-09-05,CHC,WSN,16.0,11.0,5.0,5.0,4.8,4.9,4.9,3.85,3.95,4.4,3.6,3.3,5.1,4.05,5.1,4.524108234575844,4.524108234575844,4.567059439850466,0.5635,16.0,1,"(0.55, 0.6]",0.5237,"(0.5, 0.55]",4.524108234575837,4.567059439850459,0.5205
2025-09-05,STL,SFG,10.0,2.0,8.0,3.6,4.4,3.5,4.6,4.25,5.3,7.8,5.4,7.9,4.6,5.75,4.85,4.451881822551702,4.451881822551702,4.605101467323274,0.5467,10.0,1,"(0.5, 0.55]",0.5186,"(0.5, 0.55]",4.4518818225516945,4.605101467323267,0.5199
2025-09-05,COL,SDP,3.0,3.0,0.0,4.6,6.8,3.9,5.8,4.15,6.05,4.8,5.4,4.6,6.1,4.7,4.4,4.817699267084899,4.817699267084899,5.053670782172737,0.6467,3.0,0,"(0.6, 0.65]",0.6007,"(0.6, 0.65]",4.817699267084892,5.053670782172729,0.5876
2025-09-05,ATL,SEA,5.0,4.0,1.0,3.2,5.4,4.6,4.4,5.55,5.3,3.6,6.2,5.2,5.6,4.5,5.75,4.874910815272586,4.874910815272586,4.394766986595692,0.5725,5.0,0,"(0.55, 0.6]",0.5346,"(0.5, 0.55]",4.874910815272578,4.394766986595685,0.5401
2025-09-05,LAA,ATH,14.0,4.0,10.0,3.6,3.2,3.2,4.6,3.15,5.1,4.4,5.6,4.5,5.0,5.2,4.2,4.41249639644144,4.41249639644144,4.549876183784855,0.5343,14.0,1,"(0.5, 0.55]",0.5067,"(0.5, 0.55]",4.4124963964414325,4.549876183784848,0.5089
2025-09-05,DET,CHW,12.0,5.0,7.0,5.0,5.4,4.5,5.7,5.15,4.6,7.2,4.2,5.4,5.8,5.2,5.35,4.873651772592334,4.873651772592334,5.060258315062723,0.6708,12.0,1,"(0.65, 1.0]",0.5981,"(0.55, 0.6]",4.873651772592326,5.060258315062715,0.6075
2025-09-05,CIN,NYM,9.0,4.0,5.0,6.4,7.4,4.3,6.6,4.75,5.0,6.6,7.0,8.1,5.9,7.1,5.3,4.8459076777726215,4.8459076777726215,5.755077939376986,0.7353,9.0,1,"(0.65, 1.0]",0.6551,"(0.65, 1.0]",4.845907677772614,5.755077939376977,0.6625
2025-09-05,MIA,PHI,12.0,3.0,9.0,4.6,5.2,4.4,7.3,4.6,6.15,3.6,3.6,4.8,4.9,5.3,4.75,4.5696810390557,4.5696810390557,5.919516452639155,0.7201,12.0,1,"(0.65, 1.0]",0.6491,"(0.6, 0.65]",4.569681039055693,5.919516452639146,0.649
2025-09-05,NYY,TOR,8.0,1.0,7.0,6.8,3.6,7.7,3.2,6.7,3.8,7.6,6.2,6.7,6.2,5.7,4.85,5.201199976253965,5.201199976253965,4.017881271998013,0.5737,8.0,0,"(0.55, 0.6]",0.5358,"(0.5, 0.55]",5.201199976253957,4.017881271998006,0.5375
2025-09-05,KCR,MIN,3.0,2.0,1.0,2.2,3.6,4.1,4.3,4.4,4.1,5.2,7.0,5.5,7.5,4.55,6.85,5.236116348622166,5.236116348622166,4.357271561874174,0.6201,3.0,0,"(0.6, 0.65]",0.5686,"(0.55, 0.6]",5.236116348622158,4.357271561874167,0.5638
2025-09-05,PIT,MIL,7.0,2.0,5.0,5.8,3.6,5.0,3.5,4.5,3.35,4.4,4.8,5.1,4.8,5.05,4.55,4.532179199879702,4.532179199879702,4.077532964114424,0.4951,7.0,0,"(0.45, 0.5]",0.4678,"(0.45, 0.5]",4.532179199879695,4.077532964114417,0.4736
2025-09-05,TBR,CLE,8.0,1.0,7.0,7.2,3.4,6.0,2.4,5.25,4.1,4.6,5.2,3.5,4.7,3.4,5.25,4.602853518822441,4.602853518822441,3.535944954670003,0.4253,8.0,0,"(0.0, 0.45]",0.4191,"(0.0, 0.45]",4.6028535188224335,3.5359449546699975,0.4272
2025-09-05,BAL,LAD,3.0,2.0,1.0,6.0,4.8,4.5,5.4,4.95,4.6,3.2,5.4,4.2,3.6,4.45,3.8,4.298859726838971,4.298859726838971,4.835429741207096,0.5588,3.0,0,"(0.55, 0.6]",0.5154,"(0.5, 0.55]",4.298859726838964,4.835429741207089,0.5252
2025-09-06,STL,SFG,5.0,3.0,2.0,3.2,5.6,3.5,4.7,4.35,5.55,9.2,3.6,8.3,4.5,6.1,4.4,4.440052265241973,4.440052265241973,4.6856631717195585,0.5579,5.0,0,"(0.55, 0.6]",0.5187,"(0.5, 0.55]",4.440052265241966,4.685663171719551,0.5119
2025-09-06,COL,SDP,18.0,8.0,10.0,4.6,6.0,4.2,5.4,4.2,5.65,2.4,5.4,4.4,5.6,4.15,4.5,4.694719033875156,4.694719033875156,4.8037135252117515,0.6129,18.0,1,"(0.6, 0.65]",0.5621,"(0.55, 0.6]",4.694719033875149,4.803713525211744,0.5727
2025-09-06,LAA,ATH,21.0,4.0,17.0,3.8,5.2,3.2,5.6,3.0,5.4,5.8,4.6,5.3,5.1,5.6,4.25,4.418085246117206,4.418085246117206,5.05575207184067,0.6067,21.0,1,"(0.6, 0.65]",0.5524,"(0.55, 0.6]",4.418085246117199,5.055752071840662,0.5524
2025-09-06,CIN,NYM,9.0,6.0,3.0,6.8,7.6,4.6,6.1,4.85,5.1,6.0,5.6,7.3,6.0,7.2,5.3,4.886005485555329,4.886005485555329,5.495612364106957,0.7024,9.0,1,"(0.65, 1.0]",0.6393,"(0.6, 0.65]",4.886005485555321,5.4956123641069485,0.6376
2025-09-06,NYY,TOR,4.0,3.0,1.0,5.0,4.6,7.1,3.7,6.45,4.05,8.8,5.6,7.1,5.8,5.8,4.85,5.053656817438419,5.053656817438419,4.2260782595866075,0.581,4.0,0,"(0.55, 0.6]",0.5351,"(0.5, 0.55]",5.053656817438411,4.226078259586601,0.5311
2025-09-06,DET,CHW,6.0,6.0,0.0,5.8,6.2,4.6,6.2,4.95,4.7,8.0,4.8,5.4,6.3,5.55,5.55,4.980433249217684,4.980433249217684,5.351737101583881,0.7042,6.0,0,"(0.65, 1.0]",0.6299,"(0.6, 0.65]",4.980433249217676,5.351737101583873,0.6342
2025-09-06,TBR,CLE,5.0,2.0,3.0,6.0,4.0,5.4,2.9,5.15,4.15,5.6,4.6,4.2,4.3,3.55,5.15,4.491038735961026,4.491038735961026,3.7232505392881876,0.4405,5.0,0,"(0.0, 0.45]",0.4334,"(0.0, 0.45]",4.491038735961019,3.723250539288182,0.4298
2025-09-06,ARI,BOS,6.0,5.0,1.0,5.4,2.8,5.2,3.6,5.1,3.95,5.6,6.2,4.4,4.9,4.25,4.2,4.63387229909559,4.63387229909559,4.045514505573589,0.5111,6.0,0,"(0.5, 0.55]",0.478,"(0.45, 0.5]",4.633872299095583,4.045514505573583,0.4748
2025-09-06,PIT,MIL,5.0,1.0,4.0,4.2,4.0,4.6,3.3,4.35,3.0,4.6,5.0,4.9,4.5,4.7,4.4,4.440052265241973,4.440052265241973,3.968880866384598,0.4683,5.0,0,"(0.45, 0.5]",0.457,"(0.45, 0.5]",4.440052265241966,3.9688808663845916,0.4517
2025-09-06,TEX,HOU,11.0,0.0,11.0,5.2,3.6,6.8,2.8,5.5,4.1,4.2,5.6,3.3,4.1,3.4,5.6,4.48593692921254,4.48593692921254,3.6753247314156794,0.4363,11.0,1,"(0.0, 0.45]",0.4161,"(0.0, 0.45]",4.485936929212533,3.6753247314156736,0.4287
2025-09-06,BAL,LAD,7.0,4.0,3.0,4.2,4.8,4.4,5.1,5.05,4.6,3.2,4.6,3.5,3.6,4.25,3.6,4.310869827106369,4.310869827106369,4.676673953394217,0.5478,7.0,0,"(0.5, 0.55]",0.5129,"(0.5, 0.55]",4.3108698271063615,4.67667395339421,0.5119
2025-09-06,CHC,WSN,3.0,1.0,2.0,5.0,4.4,4.8,5.3,4.35,4.1,5.2,5.0,3.6,5.9,3.9,5.3,4.79213006593938,4.79213006593938,4.731489673726874,0.608,3.0,0,"(0.6, 0.65]",0.5625,"(0.55, 0.6]",4.792130065939373,4.731489673726867,0.5648
2025-09-06,MIA,PHI,6.0,2.0,4.0,3.0,5.4,4.5,8.1,4.1,6.4,5.0,4.0,5.4,5.0,5.75,4.5,4.531008674456073,4.531008674456073,6.458826835461858,0.7693,6.0,0,"(0.65, 1.0]",0.6894,"(0.65, 1.0]",4.531008674456066,6.458826835461848,0.685
2025-09-06,KCR,MIN,13.0,11.0,2.0,2.0,3.6,3.3,3.6,4.15,3.75,4.0,7.0,5.2,6.7,4.55,6.5,4.977860989533869,4.977860989533869,4.0722247602958275,0.5482,13.0,1,"(0.5, 0.55]",0.5124,"(0.5, 0.55]",4.977860989533861,4.072224760295821,0.5221
2025-09-06,ATL,SEA,12.0,2.0,10.0,3.2,1.8,4.8,3.6,5.5,4.7,3.2,6.2,4.2,5.6,4.5,5.95,4.86811531856354,4.86811531856354,4.06776083578787,0.5334,12.0,1,"(0.5, 0.55]",0.5108,"(0.5, 0.55]",4.868115318563532,4.067760835787864,0.4943
2025-09-07,PIT,MIL,12.0,2.0,10.0,4.0,3.8,3.9,3.4,4.25,3.1,4.6,3.6,4.4,3.8,4.4,4.05,4.2619288022932365,4.2619288022932365,3.9811417471755637,0.4359,12.0,1,"(0.0, 0.45]",0.4377,"(0.0, 0.45]",4.26192880229323,3.9811417471755575,0.4387
2025-09-07,CIN,NYM,5.0,3.0,2.0,6.6,7.4,4.6,6.3,5.05,5.2,6.4,5.8,7.0,6.1,6.9,5.05,4.940198497916495,4.940198497916495,5.566128459994782,0.7183,5.0,0,"(0.65, 1.0]",0.6542,"(0.65, 1.0]",4.940198497916487,5.566128459994773,0.6493
2025-09-07,COL,SDP,9.0,1.0,8.0,5.0,7.0,4.4,6.3,4.4,6.0,4.0,5.6,4.8,5.5,4.55,4.75,4.695325403617311,4.695325403617311,5.2864695461333016,0.6676,9.0,1,"(0.65, 1.0]",0.6084,"(0.6, 0.65]",4.6953254036173036,5.286469546133294,0.6027
2025-09-07,TBR,CLE,3.0,1.0,2.0,4.4,4.2,4.7,3.2,4.9,4.1,5.4,3.8,4.5,3.6,3.5,4.6,4.292867230107572,4.292867230107572,3.8285876805198145,0.426,3.0,0,"(0.0, 0.45]",0.4192,"(0.0, 0.45]",4.292867230107565,3.8285876805198087,0.4206
2025-09-07,MIA,PHI,9.0,5.0,4.0,2.4,6.0,4.5,7.4,4.0,6.15,5.6,3.8,5.5,3.9,5.85,4.45,4.255438154054173,4.255438154054173,6.04955476656682,0.6942,9.0,1,"(0.65, 1.0]",0.6231,"(0.6, 0.65]",4.255438154054167,6.049554766566811,0.6344
2025-09-07,ARI,BOS,11.0,4.0,7.0,5.2,2.8,5.2,3.0,5.2,3.9,4.8,6.8,4.0,5.4,4.25,4.25,4.775200309958949,4.775200309958949,3.817582495093542,0.4933,11.0,1,"(0.45, 0.5]",0.471,"(0.45, 0.5]",4.775200309958942,3.817582495093536,0.4668
2025-09-07,ATL,SEA,20.0,2.0,18.0,3.4,3.4,4.6,4.3,5.05,4.9,4.4,6.2,4.3,5.2,4.85,5.85,4.70370181869361,4.70370181869361,4.386040172925075,0.5537,20.0,1,"(0.55, 0.6]",0.5222,"(0.5, 0.55]",4.703701818693603,4.3860401729250675,0.5147
2025-09-07,BAL,LAD,7.0,2.0,5.0,4.6,2.8,4.8,4.9,5.05,4.6,2.8,4.6,3.1,4.0,4.25,3.7,4.405889769367724,4.405889769367724,4.587139865153481,0.5515,7.0,0,"(0.55, 0.6]",0.5092,"(0.5, 0.55]",4.405889769367717,4.587139865153474,0.5163
2025-09-07,NYY,TOR,7.0,4.0,3.0,5.2,4.2,6.4,3.3,6.15,4.05,7.4,5.4,6.2,5.7,5.8,4.8,4.984294131188091,4.984294131188091,4.0658121913134915,0.5522,7.0,0,"(0.55, 0.6]",0.5186,"(0.5, 0.55]",4.984294131188083,4.065812191313485,0.5143
2025-09-07,TEX,HOU,6.0,4.0,2.0,4.2,5.4,5.8,3.9,5.4,4.5,6.4,5.0,4.3,3.5,3.9,4.9,4.3295070466756655,4.3295070466756655,4.132683265957245,0.4782,6.0,0,"(0.45, 0.5]",0.459,"(0.45, 0.5]",4.329507046675658,4.132683265957239,0.4553
2025-09-07,STL,SFG,7.0,4.0,3.0,3.0,4.6,3.1,4.3,4.25,5.35,7.0,3.8,8.0,4.6,5.9,4.2,4.451881822551702,4.451881822551702,4.488234362607048,0.535,7.0,0,"(0.5, 0.55]",0.508,"(0.5, 0.55]",4.4518818225516945,4.488234362607041,0.4993
2025-09-07,KCR,MIN,6.0,1.0,5.0,4.2,3.0,4.4,3.1,4.55,3.8,3.4,8.0,4.7,7.3,4.45,7.0,5.201066193585686,5.201066193585686,3.871607337758977,0.558,6.0,0,"(0.55, 0.6]",0.5102,"(0.5, 0.55]",5.201066193585678,3.8716073377589706,0.5169
2025-09-07,DET,CHW,10.0,4.0,6.0,6.0,6.2,4.4,5.2,5.15,4.65,6.8,5.0,5.0,6.4,5.5,5.7,5.035673604849037,5.035673604849037,4.853364262776719,0.6505,10.0,1,"(0.65, 1.0]",0.5885,"(0.55, 0.6]",5.035673604849029,4.8533642627767115,0.5995
2025-09-07,LAA,ATH,7.0,4.0,3.0,4.0,7.0,3.3,6.6,2.9,6.0,8.0,3.6,6.6,4.4,5.9,4.3,4.240843043406733,4.240843043406733,5.605563795377035,0.6481,7.0,0,"(0.6, 0.65]",0.5894,"(0.55, 0.6]",4.240843043406727,5.6055637953770265,0.5868
2025-09-07,CHC,WSN,9.0,3.0,6.0,4.4,4.2,4.5,5.2,4.3,4.05,4.8,3.8,3.3,5.0,3.85,5.25,4.556361390261578,4.556361390261578,4.680842320435318,0.5829,9.0,1,"(0.55, 0.6]",0.5387,"(0.5, 0.55]",4.5563613902615705,4.6808423204353105,0.5347
2025-09-08,TEX,MIL,5.0,5.0,0.0,3.2,5.2,5.7,4.1,5.4,4.3,5.0,2.0,5.2,3.7,4.55,4.15,4.376962341683579,4.376962341683579,4.273852375418688,0.4986,5.0,0,"(0.45, 0.5]",0.4759,"(0.45, 0.5]",4.376962341683572,4.273852375418682,0.4702
2025-09-08,SFG,ARI,16.0,11.0,5.0,6.0,4.2,7.1,4.7,6.0,4.3,5.2,3.2,4.8,2.8,5.1,4.05,4.237776046883743,4.237776046883743,4.583998580819826,0.5201,16.0,1,"(0.5, 0.55]",0.4949,"(0.45, 0.5]",4.237776046883737,4.583998580819819,0.489
2025-09-08,MIA,WSN,22.0,7.0,15.0,3.4,6.4,4.9,6.6,4.2,6.25,5.6,4.4,3.8,4.8,4.05,5.1,4.494404628575344,4.494404628575344,5.382637155255812,0.6581,22.0,1,"(0.65, 1.0]",0.6,"(0.55, 0.6]",4.494404628575337,5.382637155255804,0.5948
2025-09-08,ATH,BOS,7.0,0.0,7.0,6.4,3.8,6.1,4.5,5.9,4.4,5.0,6.8,4.4,5.6,4.5,4.4,4.922745642106283,4.922745642106283,4.437449348309722,0.5918,7.0,0,"(0.55, 0.6]",0.55,"(0.5, 0.55]",4.922745642106275,4.437449348309715,0.5563
2025-09-08,ATL,CHC,5.0,4.0,1.0,3.2,6.8,4.7,5.9,4.95,5.65,4.0,4.2,4.6,5.3,4.3,4.3,4.716233813118022,4.716233813118022,5.0581751703201485,0.6346,5.0,0,"(0.6, 0.65]",0.5814,"(0.55, 0.6]",4.716233813118015,5.0581751703201405,0.5954
2025-09-08,CLE,KCR,12.0,10.0,2.0,4.4,1.8,4.4,3.7,3.15,4.45,4.2,3.0,4.0,3.2,4.3,3.95,4.00013944068092,4.00013944068092,4.089287525125088,0.4189,12.0,1,"(0.0, 0.45]",0.4085,"(0.0, 0.45]",4.000139440680914,4.089287525125082,0.4209
2025-09-08,LAD,COL,4.0,3.0,1.0,2.4,3.2,3.0,3.9,4.2,3.8,4.8,7.0,4.5,6.7,3.95,6.05,4.984809682356216,4.984809682356216,4.137218435761779,0.5635,4.0,0,"(0.55, 0.6]",0.5192,"(0.5, 0.55]",4.984809682356208,4.137218435761773,0.522
2025-09-08,PHI,NYM,1.0,1.0,0.0,4.4,3.2,5.4,3.8,5.75,4.6,4.8,4.8,6.6,6.4,6.85,5.15,5.120676985577186,5.120676985577186,4.366545719709537,0.6162,1.0,0,"(0.6, 0.65]",0.5552,"(0.55, 0.6]",5.120676985577178,4.36654571970953,0.5617
2025-09-08,SEA,STL,6.0,4.0,2.0,7.6,4.6,5.5,4.7,5.6,5.7,3.2,3.0,3.2,3.8,4.3,5.3,4.42550931425421,4.42550931425421,4.50425740462503,0.5389,6.0,0,"(0.5, 0.55]",0.5018,"(0.5, 0.55]",4.425509314254203,4.504257404625023,0.5024
2025-09-08,LAA,MIN,15.0,3.0,12.0,3.8,7.4,3.4,4.9,2.95,5.65,3.8,5.8,4.4,6.5,4.7,6.7,4.7617741000170755,4.7617741000170755,4.632644222185469,0.5953,15.0,1,"(0.55, 0.6]",0.546,"(0.5, 0.55]",4.761774100017068,4.632644222185462,0.5495
2025-09-09,SEA,STL,8.0,5.0,3.0,7.4,3.8,5.5,4.6,5.25,5.35,3.2,3.6,3.3,4.0,4.0,4.9,4.430542397340583,4.430542397340583,4.43167259903931,0.5285,8.0,0,"(0.5, 0.55]",0.4965,"(0.45, 0.5]",4.4305423973405755,4.431672599039303,0.4902
2025-09-09,TEX,MIL,9.0,5.0,4.0,2.4,4.0,6.2,3.7,5.4,4.0,3.8,2.4,4.8,3.6,4.35,4.1,4.353170028996464,4.353170028996464,4.093775072830177,0.47,9.0,1,"(0.45, 0.5]",0.4506,"(0.45, 0.5]",4.353170028996457,4.093775072830171,0.4644
2025-09-09,MIA,WSN,12.0,5.0,7.0,4.4,8.4,4.9,7.7,4.3,6.65,7.6,5.4,5.1,4.4,4.7,5.45,4.4097613365640935,4.4097613365640935,6.072401772603452,0.7183,12.0,1,"(0.65, 1.0]",0.6537,"(0.65, 1.0]",4.409761336564086,6.072401772603442,0.652
2025-09-09,SFG,ARI,8.0,5.0,3.0,6.8,4.4,7.8,4.9,6.2,4.5,5.2,4.8,5.0,3.7,4.95,4.5,4.475750696043967,4.475750696043967,4.658119185379901,0.562,8.0,0,"(0.55, 0.6]",0.5164,"(0.5, 0.55]",4.47575069604396,4.658119185379894,0.5219
2025-09-09,LAA,MIN,14.0,12.0,2.0,3.6,9.2,3.7,5.9,3.0,5.9,5.6,5.6,4.9,6.4,5.05,6.45,4.742500946601255,4.742500946601255,5.142079763941859,0.6563,14.0,1,"(0.65, 1.0]",0.5963,"(0.55, 0.6]",4.742500946601248,5.142079763941851,0.5909
2025-09-09,LAD,COL,9.0,7.0,2.0,3.0,2.8,2.8,3.9,4.1,3.65,4.2,6.2,4.3,6.6,3.7,5.95,4.943901021678816,4.943901021678816,4.114592246266854,0.5546,9.0,1,"(0.55, 0.6]",0.5208,"(0.5, 0.55]",4.943901021678808,4.114592246266848,0.5179
2025-09-09,SDP,CIN,6.0,2.0,4.0,5.0,5.0,4.9,5.0,4.95,4.5,6.2,7.0,4.9,5.8,4.5,4.9,4.846533575034604,4.846533575034604,4.657160288150672,0.6018,6.0,0,"(0.6, 0.65]",0.5503,"(0.55, 0.6]",4.846533575034597,4.657160288150665,0.5698
2025-09-09,ATH,BOS,6.0,0.0,6.0,6.2,4.8,5.4,5.2,5.7,4.4,4.2,5.4,4.8,5.4,4.5,4.15,4.842278541944802,4.842278541944802,4.7480610699991,0.6273,6.0,0,"(0.6, 0.65]",0.5722,"(0.55, 0.6]",4.842278541944795,4.748061069999093,0.5785
2025-09-09,CHW,TBR,9.0,4.0,5.0,5.6,5.2,5.5,5.6,5.7,5.6,3.4,3.6,4.8,3.1,4.95,3.9,4.271738279839905,4.271738279839905,4.984177311667313,0.5823,9.0,1,"(0.55, 0.6]",0.5385,"(0.5, 0.55]",4.271738279839899,4.984177311667305,0.5299
2025-09-09,NYY,DET,14.0,2.0,12.0,4.6,4.6,6.3,3.5,6.3,4.0,5.2,5.4,4.5,5.0,5.05,4.5,4.8178231887269085,4.8178231887269085,4.077532964114424,0.5318,14.0,1,"(0.5, 0.55]",0.5039,"(0.5, 0.55]",4.817823188726901,4.077532964114417,0.4988
2025-09-09,CLE,KCR,2.0,2.0,0.0,4.8,2.0,4.9,3.5,3.65,4.45,4.0,4.2,3.0,4.1,4.1,4.35,4.260277817079914,4.260277817079914,3.993440504940627,0.4443,2.0,0,"(0.0, 0.45]",0.4293,"(0.0, 0.45]",4.260277817079908,3.993440504940621,0.4295
2025-09-09,ATL,CHC,7.0,1.0,6.0,3.4,6.2,4.0,5.8,5.05,5.7,3.4,4.4,4.4,4.5,4.15,4.35,4.527615368803129,4.527615368803129,4.993066167087559,0.6112,7.0,0,"(0.6, 0.65]",0.5585,"(0.55, 0.6]",4.527615368803122,4.993066167087551,0.5599
2025-09-09,PHI,NYM,12.0,9.0,3.0,4.0,2.0,5.5,3.2,5.8,4.5,2.4,4.0,6.2,5.8,6.5,5.05,4.962838251079929,4.962838251079929,4.089011882364814,0.5473,12.0,1,"(0.5, 0.55]",0.5144,"(0.5, 0.55]",4.962838251079921,4.089011882364808,0.5149
2025-09-10,ATH,BOS,9.0,5.0,4.0,6.0,5.0,5.2,5.3,5.4,4.7,5.2,3.8,5.2,5.0,4.65,3.9,4.698358427310829,4.698358427310829,4.809975235205411,0.6043,9.0,1,"(0.6, 0.65]",0.5605,"(0.55, 0.6]",4.698358427310822,4.809975235205404,0.5628
2025-09-10,TEX,MIL,9.0,6.0,3.0,2.8,3.8,6.0,3.8,5.55,3.5,4.6,3.0,4.5,3.9,4.5,4.15,4.443494238436017,4.443494238436017,4.147157424581758,0.4902,9.0,1,"(0.45, 0.5]",0.4581,"(0.45, 0.5]",4.44349423843601,4.147157424581752,0.4701
2025-09-10,MIA,WSN,11.0,8.0,3.0,4.4,7.8,4.5,6.5,4.3,6.85,7.0,5.4,5.7,4.5,4.6,5.15,4.433862949847337,4.433862949847337,5.395568058310307,0.6479,11.0,1,"(0.6, 0.65]",0.5916,"(0.55, 0.6]",4.43386294984733,5.395568058310299,0.5988
2025-09-10,SFG,ARI,8.0,3.0,5.0,5.8,3.4,6.8,4.4,6.25,4.5,5.4,5.8,4.7,3.8,4.95,4.55,4.506494909793066,4.506494909793066,4.438363007626057,0.5361,8.0,0,"(0.5, 0.55]",0.5127,"(0.5, 0.55]",4.506494909793059,4.43836300762605,0.5074
2025-09-10,PHI,NYM,14.0,11.0,3.0,5.4,2.6,4.5,3.1,5.7,4.2,2.6,4.6,4.6,5.8,6.25,5.45,4.949011764223017,4.949011764223017,4.027533572852426,0.5441,14.0,1,"(0.5, 0.55]",0.5113,"(0.5, 0.55]",4.949011764223009,4.02753357285242,0.5128
2025-09-10,CHW,TBR,11.0,6.0,5.0,5.6,5.6,5.5,5.1,5.8,5.55,2.6,3.6,4.9,3.4,4.8,4.0,4.354294612187188,4.354294612187188,4.733438277226451,0.5565,11.0,1,"(0.55, 0.6]",0.5128,"(0.5, 0.55]",4.354294612187181,4.733438277226444,0.5181
2025-09-10,NYY,DET,12.0,1.0,11.0,3.6,5.4,5.4,4.5,6.2,4.45,6.6,3.4,5.7,4.5,5.6,4.6,4.675233700588767,4.675233700588767,4.545824444241574,0.5644,12.0,1,"(0.55, 0.6]",0.5337,"(0.5, 0.55]",4.67523370058876,4.545824444241567,0.5387
2025-09-10,LAD,COL,9.0,9.0,0.0,3.8,2.2,3.5,3.8,4.3,3.55,3.0,5.6,3.8,6.2,3.6,6.15,4.86434442981408,4.86434442981408,4.066086270168582,0.5347,9.0,1,"(0.5, 0.55]",0.4996,"(0.45, 0.5]",4.864344429814072,4.066086270168576,0.4991
2025-09-10,ATL,CHC,5.0,2.0,3.0,2.6,7.2,2.9,6.3,4.6,5.95,4.4,3.6,4.7,4.2,4.45,4.05,4.398611753136838,4.398611753136838,5.274885968009708,0.6295,5.0,0,"(0.6, 0.65]",0.5725,"(0.55, 0.6]",4.398611753136831,5.2748859680097,0.5736
2025-09-10,SDP,CIN,3.0,1.0,2.0,5.0,4.6,4.8,5.0,4.85,4.45,5.2,5.0,5.0,5.4,4.65,4.8,4.728799196326483,4.728799196326483,4.672509298352498,0.5994,3.0,0,"(0.55, 0.6]",0.5466,"(0.5, 0.55]",4.7287991963264755,4.672509298352491,0.545
2025-09-10,LAA,MIN,7.0,4.0,3.0,5.4,8.8,4.5,6.0,3.55,5.8,4.4,5.8,4.8,6.4,4.75,7.0,4.81583298760883,4.81583298760883,5.1579649540309145,0.6609,7.0,0,"(0.65, 1.0]",0.5979,"(0.55, 0.6]",4.815832987608823,5.1579649540309065,0.6041
2025-09-10,TOR,HOU,5.0,2.0,3.0,7.2,5.2,6.0,5.4,5.85,4.95,5.2,5.2,4.1,3.9,3.8,5.05,4.480840918101463,4.480840918101463,4.766974105103087,0.5705,5.0,0,"(0.55, 0.6]",0.5343,"(0.5, 0.55]",4.480840918101456,4.76697410510308,0.5367
2025-09-10,CLE,KCR,7.0,3.0,4.0,4.8,1.2,4.7,3.2,3.7,3.95,3.2,4.0,2.7,3.8,3.9,4.3,4.197031215830981,4.197031215830981,3.8623287263859787,0.4248,7.0,0,"(0.0, 0.45]",0.4125,"(0.0, 0.45]",4.197031215830974,3.8623287263859725,0.4166
2025-09-11,NYY,DET,12.0,9.0,3.0,2.2,6.8,4.5,5.2,5.65,4.6,7.6,3.2,6.3,4.3,5.8,4.65,4.554125291211907,4.554125291211907,4.885408294639657,0.605,12.0,1,"(0.6, 0.65]",0.5597,"(0.55, 0.6]",4.5541252912119,4.885408294639649,0.5514
2025-09-11,PHI,NYM,10.0,6.0,4.0,5.8,2.6,5.4,3.3,5.65,4.0,2.2,6.0,4.1,5.8,6.2,5.75,4.942112972751501,4.942112972751501,4.101643878368309,0.5426,10.0,1,"(0.5, 0.55]",0.5165,"(0.5, 0.55]",4.942112972751493,4.101643878368303,0.5046
2025-09-11,CHW,TBR,6.0,5.0,1.0,4.6,5.0,5.9,4.6,5.45,5.35,2.8,4.4,5.0,3.9,4.7,4.0,4.431114646037831,4.431114646037831,4.500246289354581,0.5276,6.0,0,"(0.5, 0.55]",0.5034,"(0.5, 0.55]",4.431114646037824,4.500246289354574,0.5014
2025-09-11,TOR,HOU,6.0,6.0,0.0,5.2,4.0,5.3,4.9,5.65,4.85,5.6,4.2,4.0,3.8,3.95,4.8,4.431686968646699,4.431686968646699,4.55705221492371,0.5414,6.0,0,"(0.5, 0.55]",0.5133,"(0.5, 0.55]",4.431686968646692,4.5570522149237025,0.5049
2025-09-11,BAL,PIT,5.0,3.0,2.0,4.2,3.2,4.8,5.1,4.9,4.7,2.6,4.4,3.9,4.3,4.3,3.45,4.4598239366355505,4.4598239366355505,4.681806093733594,0.5597,5.0,0,"(0.55, 0.6]",0.5284,"(0.5, 0.55]",4.459823936635543,4.681806093733587,0.5253
2025-09-11,MIA,WSN,5.0,5.0,0.0,5.4,6.6,4.2,6.0,4.55,6.6,6.6,4.8,5.9,4.9,4.7,5.15,4.5633110245797415,4.5633110245797415,5.152310853993516,0.6307,5.0,0,"(0.6, 0.65]",0.5737,"(0.55, 0.6]",4.563311024579734,5.152310853993508,0.5795
2025-09-11,SDP,COL,2.0,2.0,0.0,4.2,3.6,4.5,4.5,4.75,4.35,2.4,7.4,3.5,6.7,3.4,6.05,5.061888479420762,5.061888479420762,4.331657977632179,0.597,2.0,0,"(0.55, 0.6]",0.5441,"(0.5, 0.55]",5.061888479420754,4.3316579776321715,0.5495
2025-09-11,CLE,KCR,5.0,3.0,2.0,4.0,1.8,4.8,3.2,3.65,3.9,3.6,4.4,2.8,4.0,3.85,4.35,4.237119778685882,4.237119778685882,3.858094887422176,0.4226,5.0,0,"(0.0, 0.45]",0.4078,"(0.0, 0.45]",4.237119778685876,3.85809488742217,0.4158
2025-09-12,NYM,TEX,11.0,3.0,8.0,2.4,6.0,4.4,5.9,6.25,5.6,4.0,4.0,4.6,3.8,5.35,3.45,4.506494909793066,4.506494909793066,5.176030021716917,0.6366,11.0,1,"(0.6, 0.65]",0.5674,"(0.55, 0.6]",4.506494909793059,5.176030021716909,0.5828
2025-09-12,SEA,LAA,3.0,2.0,1.0,7.6,2.6,5.6,4.4,5.45,5.35,5.4,7.4,4.6,6.3,3.55,5.65,5.0503944309893365,5.0503944309893365,4.304132093720238,0.5858,3.0,0,"(0.55, 0.6]",0.544,"(0.5, 0.55]",5.0503944309893285,4.304132093720231,0.5445
2025-09-12,ATH,CIN,3.0,3.0,0.0,5.0,5.0,5.4,4.8,5.55,4.5,3.8,2.6,5.1,5.0,4.45,4.8,4.718061494931827,4.718061494931827,4.562992398335159,0.5745,3.0,0,"(0.55, 0.6]",0.54,"(0.5, 0.55]",4.71806149493182,4.562992398335152,0.5474
2025-09-12,PHI,KCR,10.0,8.0,2.0,6.2,3.0,5.9,3.4,5.65,4.0,1.8,4.6,3.0,3.8,3.8,4.2,4.431686968646699,4.431686968646699,3.9290873659811125,0.4521,10.0,1,"(0.45, 0.5]",0.4386,"(0.0, 0.45]",4.431686968646692,3.9290873659811063,0.4421
2025-09-12,MIL,STL,10.0,8.0,2.0,4.2,3.8,4.4,4.4,4.5,4.25,2.8,4.4,3.2,4.4,3.95,4.75,4.434435627427029,4.434435627427029,4.342064075564918,0.5153,10.0,1,"(0.5, 0.55]",0.4937,"(0.45, 0.5]",4.434435627427022,4.3420640755649105,0.4906
2025-09-12,ATL,HOU,14.0,3.0,11.0,2.2,7.6,2.7,4.7,4.45,5.9,4.0,4.0,3.8,4.4,3.95,4.5,4.428254141476917,4.428254141476917,4.4698082635183525,0.5342,14.0,1,"(0.5, 0.55]",0.5033,"(0.5, 0.55]",4.42825414147691,4.469808263518345,0.5019
2025-09-12,WSN,PIT,11.0,6.0,5.0,6.2,5.6,5.5,4.7,4.45,5.2,2.4,5.0,4.0,4.2,4.25,3.4,4.380242737619837,4.380242737619837,4.4993198910539,0.5308,11.0,1,"(0.5, 0.55]",0.4977,"(0.45, 0.5]",4.38024273761983,4.499319891053893,0.5027
2025-09-12,TOR,BAL,7.0,6.0,1.0,3.8,2.2,5.7,4.2,5.25,4.75,3.6,3.2,4.9,5.0,4.7,4.8,4.678737641549467,4.678737641549467,4.329582914292972,0.546,7.0,0,"(0.5, 0.55]",0.5079,"(0.5, 0.55]",4.67873764154946,4.329582914292965,0.515
2025-09-12,MIN,ARI,17.0,9.0,8.0,4.8,6.2,4.4,6.6,4.75,6.9,4.4,5.4,4.9,4.1,4.85,4.2,4.393047537305566,4.393047537305566,5.47792873813675,0.6447,17.0,1,"(0.6, 0.65]",0.5863,"(0.55, 0.6]",4.393047537305559,5.477928738136741,0.5864
2025-09-12,SDP,COL,6.0,2.0,4.0,4.6,3.0,3.5,4.2,4.6,4.3,0.8,5.8,2.9,6.4,3.0,6.0,4.958993989039746,4.958993989039746,4.171102432449878,0.5556,6.0,0,"(0.55, 0.6]",0.5255,"(0.5, 0.55]",4.958993989039738,4.171102432449872,0.536
2025-09-12,CHC,TBR,10.0,6.0,4.0,2.8,3.0,3.9,3.7,4.3,3.95,2.8,4.0,4.4,4.0,4.65,4.2,4.314657897867122,4.314657897867122,4.120803964908107,0.4625,10.0,1,"(0.45, 0.5]",0.4554,"(0.45, 0.5]",4.314657897867115,4.1208039649081005,0.4549
2025-09-12,CLE,CHW,4.0,4.0,0.0,4.0,1.8,4.7,2.8,3.65,3.95,4.2,4.2,6.1,4.5,5.2,4.85,4.354182613195735,4.354182613195735,3.823345823980094,0.4343,4.0,0,"(0.0, 0.45]",0.43,"(0.0, 0.45]",4.354182613195728,3.8233458239800884,0.4273
2025-09-12,BOS,NYY,5.0,1.0,4.0,5.0,2.8,5.3,4.5,4.7,3.85,3.8,6.0,4.4,5.3,5.7,4.55,4.683453803702895,4.683453803702895,4.555807013136021,0.5738,5.0,0,"(0.55, 0.6]",0.538,"(0.5, 0.55]",4.683453803702888,4.555807013136014,0.5433
2025-09-12,MIA,DET,10.0,8.0,2.0,6.0,5.8,4.2,5.9,4.6,6.25,7.2,3.6,6.5,4.9,5.55,4.85,4.5696810390557,4.5696810390557,5.198787965988527,0.6341,10.0,1,"(0.6, 0.65]",0.5783,"(0.55, 0.6]",4.569681039055693,5.198787965988519,0.5848
2025-09-13,ATL,HOU,8.0,2.0,6.0,2.4,7.8,2.9,5.6,4.15,5.8,5.4,3.0,4.8,4.3,4.5,4.15,4.367475261203112,4.367475261203112,4.9352200049924955,0.5915,8.0,0,"(0.55, 0.6]",0.5359,"(0.5, 0.55]",4.367475261203105,4.9352200049924875,0.5401
2025-09-13,CLE,CHW,4.0,3.0,1.0,4.4,1.6,4.4,1.7,3.6,3.65,4.2,3.8,5.5,4.4,5.2,5.0,4.324477504537607,4.324477504537607,3.4377197810473215,0.3741,4.0,0,"(0.0, 0.45]",0.3754,"(0.0, 0.45]",4.3244775045376,3.437719781047316,0.382
2025-09-13,PHI,KCR,14.0,8.0,6.0,7.0,2.4,5.7,2.8,5.5,4.0,2.0,5.2,3.1,4.1,3.6,4.4,4.48593692921254,4.48593692921254,3.691484381778349,0.4409,14.0,1,"(0.0, 0.45]",0.4234,"(0.0, 0.45]",4.485936929212533,3.691484381778343,0.4206
2025-09-13,SEA,LAA,8.0,5.0,3.0,7.8,2.0,5.5,4.1,5.4,5.05,4.8,4.4,4.4,5.7,3.5,5.7,4.881085357137664,4.881085357137664,4.176539524742907,0.551,8.0,0,"(0.55, 0.6]",0.5255,"(0.5, 0.55]",4.881085357137656,4.176539524742901,0.5168
2025-09-13,SDP,COL,14.0,11.0,3.0,3.0,2.2,3.5,3.9,4.3,4.45,1.4,4.6,3.1,5.8,2.95,5.65,4.759437191763363,4.759437191763363,4.047453421862969,0.5144,14.0,1,"(0.5, 0.55]",0.4987,"(0.45, 0.5]",4.759437191763356,4.047453421862963,0.4834
2025-09-13,CHC,TBR,9.0,4.0,5.0,3.8,3.4,4.1,3.8,4.4,4.1,3.2,4.6,3.8,4.4,4.8,4.15,4.422081272354688,4.422081272354688,4.174538770274919,0.5005,9.0,1,"(0.5, 0.55]",0.4654,"(0.45, 0.5]",4.4220812723546805,4.174538770274912,0.4656
2025-09-13,ATH,CIN,16.0,11.0,5.0,2.2,4.2,5.1,3.9,5.2,4.35,3.0,2.2,4.9,4.9,4.05,4.95,4.6468183532761875,4.6468183532761875,4.146303711397244,0.5188,16.0,1,"(0.5, 0.55]",0.4876,"(0.45, 0.5]",4.64681835327618,4.146303711397238,0.4923
2025-09-13,SFG,LAD,20.0,7.0,13.0,4.8,4.0,7.0,3.8,6.35,4.5,5.4,1.8,4.3,3.2,4.2,3.35,4.373684402459916,4.373684402459916,4.119955676715623,0.4755,20.0,1,"(0.45, 0.5]",0.4612,"(0.45, 0.5]",4.373684402459909,4.119955676715617,0.4482
2025-09-13,NYM,TEX,5.0,2.0,3.0,2.6,7.0,3.7,5.9,5.8,5.65,5.6,2.4,4.9,3.9,5.6,3.4,4.47459474440382,4.47459474440382,5.204493069594637,0.6264,5.0,0,"(0.6, 0.65]",0.5835,"(0.55, 0.6]",4.474594744403813,5.204493069594629,0.5772
2025-09-13,BOS,NYY,8.0,3.0,5.0,5.0,2.6,4.9,4.7,4.45,3.9,4.0,6.0,4.6,5.1,5.25,4.45,4.600476268903704,4.600476268903704,4.599106465588401,0.5762,8.0,0,"(0.55, 0.6]",0.532,"(0.5, 0.55]",4.600476268903697,4.5991064655883935,0.535
2025-09-13,WSN,PIT,6.0,1.0,5.0,6.2,6.0,5.9,5.2,4.3,5.3,2.4,5.6,4.1,4.6,4.25,3.6,4.45809629084066,4.45809629084066,4.722094220249362,0.5684,6.0,0,"(0.55, 0.6]",0.5249,"(0.5, 0.55]",4.458096290840653,4.722094220249355,0.5364
2025-09-13,TOR,BAL,9.0,5.0,4.0,3.6,2.2,6.2,3.9,5.35,4.3,2.4,3.4,4.2,4.1,4.15,5.1,4.467203235564259,4.467203235564259,4.155408938174921,0.4965,9.0,1,"(0.45, 0.5]",0.4724,"(0.45, 0.5]",4.467203235564252,4.155408938174915,0.4626
2025-09-14,WSN,PIT,7.0,4.0,3.0,3.4,5.6,5.5,5.5,4.1,5.35,3.0,4.8,3.6,4.4,4.35,3.3,4.38522433952629,4.38522433952629,4.871693684839718,0.5817,7.0,0,"(0.55, 0.6]",0.5468,"(0.5, 0.55]",4.385224339526283,4.87169368483971,0.5246
2025-09-14,MIL,STL,5.0,2.0,3.0,5.0,4.0,4.8,3.8,4.7,4.3,2.8,4.4,3.0,5.0,3.65,5.0,4.6074931898675695,4.6074931898675695,4.070548357023145,0.5021,5.0,0,"(0.5, 0.55]",0.4891,"(0.45, 0.5]",4.607493189867562,4.070548357023139,0.474
2025-09-14,SDP,COL,15.0,9.0,6.0,3.6,2.6,4.3,3.8,4.45,4.4,1.8,6.2,3.0,6.2,3.1,5.75,4.8847435774558035,4.8847435774558035,4.021733539636696,0.537,15.0,1,"(0.5, 0.55]",0.4951,"(0.45, 0.5]",4.8847435774557955,4.02173353963669,0.5107
2025-09-14,ATL,HOU,11.0,8.0,3.0,2.4,5.4,2.8,6.1,3.7,5.6,4.4,3.4,5.4,4.2,4.7,3.9,4.289541934036791,4.289541934036791,5.202350548066948,0.6161,11.0,1,"(0.6, 0.65]",0.5622,"(0.55, 0.6]",4.289541934036784,5.20235054806694,0.5705
2025-09-14,TOR,BAL,13.0,11.0,2.0,4.4,2.4,5.9,3.9,5.5,4.25,2.8,4.2,3.5,4.5,4.05,5.2,4.58481569036687,4.58481569036687,4.146303711397244,0.5072,13.0,1,"(0.5, 0.55]",0.4755,"(0.45, 0.5]",4.584815690366863,4.146303711397238,0.4781
2025-09-14,SFG,LAD,12.0,2.0,10.0,5.8,6.0,6.4,4.9,6.65,4.75,7.4,2.4,5.1,3.5,4.7,3.3,4.483156347653927,4.483156347653927,4.632644222185469,0.5591,12.0,1,"(0.55, 0.6]",0.5169,"(0.5, 0.55]",4.48315634765392,4.632644222185462,0.5251
2025-09-14,PHI,KCR,13.0,3.0,10.0,8.4,3.6,6.2,2.8,5.7,4.05,2.8,4.8,3.4,4.5,3.65,4.45,4.610469476878864,4.610469476878864,3.695535383857327,0.4562,13.0,1,"(0.45, 0.5]",0.4394,"(0.0, 0.45]",4.6104694768788566,3.695535383857321,0.4394
2025-09-14,BOS,NYY,10.0,6.0,4.0,4.2,2.8,4.6,4.8,4.55,4.15,4.2,6.0,4.4,5.3,5.35,4.3,4.663895261048609,4.663895261048609,4.6539710536641445,0.5854,10.0,1,"(0.55, 0.6]",0.5344,"(0.5, 0.55]",4.6638952610486015,4.653971053664137,0.5361
2025-09-14,ATH,CIN,11.0,7.0,4.0,3.8,4.4,5.1,4.1,5.4,4.5,2.8,3.8,4.7,5.6,3.9,5.0,4.854552730168603,4.854552730168603,4.2133470431871665,0.562,11.0,1,"(0.55, 0.6]",0.5159,"(0.5, 0.55]",4.854552730168596,4.21334704318716,0.508
2025-09-14,SEA,LAA,13.0,11.0,2.0,6.8,2.2,5.6,4.2,5.3,4.6,4.6,4.8,4.2,6.1,3.55,5.8,4.974775491746617,4.974775491746617,4.221730252899317,0.5769,13.0,1,"(0.55, 0.6]",0.5244,"(0.5, 0.55]",4.974775491746609,4.22173025289931,0.534
2025-09-14,CLE,CHW,5.0,3.0,2.0,3.0,1.4,3.9,1.7,3.6,3.5,3.2,3.6,4.4,4.4,4.9,4.7,4.324477504537607,4.324477504537607,3.4151713274573523,0.3772,5.0,0,"(0.0, 0.45]",0.3758,"(0.0, 0.45]",4.3244775045376,3.415171327457347,0.3757
2025-09-14,MIA,DET,2.0,0.0,2.0,6.6,5.4,5.0,5.9,4.7,6.25,6.4,5.2,6.2,5.7,5.6,4.85,4.786686220328729,4.786686220328729,5.204493069594637,0.6565,2.0,0,"(0.65, 1.0]",0.6134,"(0.6, 0.65]",4.786686220328722,5.204493069594629,0.6108
2025-09-14,MIN,ARI,10.0,4.0,6.0,6.2,5.6,4.8,6.8,5.05,6.9,5.0,7.0,5.1,4.9,5.0,4.35,4.627412803701338,4.627412803701338,5.60325616599876,0.6882,10.0,1,"(0.65, 1.0]",0.6285,"(0.6, 0.65]",4.627412803701331,5.603256165998751,0.6225
2025-09-14,CHC,TBR,7.0,4.0,3.0,4.0,3.2,4.0,3.7,4.4,4.2,4.0,5.0,3.7,4.3,4.9,3.7,4.39804370196992,4.39804370196992,4.143464312714392,0.4755,7.0,0,"(0.45, 0.5]",0.4649,"(0.45, 0.5]",4.398043701969913,4.143464312714386,0.46
2025-09-15,WSN,ATL,14.0,3.0,11.0,2.8,5.2,4.9,5.3,4.1,5.2,3.2,5.8,3.3,6.0,4.05,5.75,4.7848319546811355,4.7848319546811355,4.7470836577812,0.6119,14.0,1,"(0.6, 0.65]",0.5657,"(0.55, 0.6]",4.784831954681128,4.747083657781193,0.558
2025-09-15,MIN,NYY,7.0,7.0,0.0,6.0,6.6,4.9,6.2,4.8,6.85,4.6,4.8,4.1,5.1,5.55,4.55,4.645618220011015,4.645618220011015,5.351737101583881,0.6687,7.0,0,"(0.65, 1.0]",0.6043,"(0.6, 0.65]",4.645618220011008,5.351737101583873,0.6031
2025-09-15,HOU,TEX,9.0,6.0,3.0,4.6,4.2,4.9,4.7,4.5,4.2,5.4,2.4,4.3,3.8,5.65,3.25,4.291758511760064,4.291758511760064,4.639638033662013,0.5302,9.0,1,"(0.5, 0.55]",0.5071,"(0.5, 0.55]",4.291758511760057,4.639638033662006,0.5086
2025-09-15,PIT,CHC,4.0,0.0,4.0,3.4,4.8,3.7,4.3,4.4,3.45,4.6,3.0,4.0,3.7,4.55,4.15,4.256537489523576,4.256537489523576,4.357271561874174,0.5003,4.0,0,"(0.5, 0.55]",0.4689,"(0.45, 0.5]",4.25653748952357,4.357271561874167,0.4699
2025-09-15,STL,CIN,17.0,6.0,11.0,2.8,4.4,2.9,4.5,3.45,4.9,3.0,4.8,4.6,5.9,3.9,5.3,4.673302401955815,4.673302401955815,4.37942863601736,0.5473,17.0,1,"(0.5, 0.55]",0.508,"(0.5, 0.55]",4.673302401955808,4.379428636017353,0.5149
2025-09-15,ARI,SFG,9.0,8.0,1.0,5.4,6.4,5.3,4.8,5.25,4.4,5.6,7.2,5.8,5.7,6.55,4.85,4.8607014865673355,4.8607014865673355,4.778103883775365,0.6306,9.0,1,"(0.6, 0.65]",0.5773,"(0.55, 0.6]",4.8607014865673275,4.7781038837753576,0.5752
2025-09-15,CHW,BAL,5.0,1.0,4.0,2.8,3.2,4.2,4.4,4.65,4.7,2.4,5.8,3.5,4.3,4.05,5.4,4.428826094623121,4.428826094623121,4.351599189450219,0.5123,5.0,0,"(0.5, 0.55]",0.4852,"(0.45, 0.5]",4.428826094623114,4.351599189450212,0.49
2025-09-16,MIL,LAA,11.0,9.0,2.0,3.4,4.2,4.2,3.1,4.55,4.25,4.4,4.6,4.0,6.9,3.6,5.75,5.088897021118414,5.088897021118414,3.8000884158244626,0.5311,11.0,1,"(0.5, 0.55]",0.4927,"(0.45, 0.5]",5.088897021118406,3.8000884158244568,0.4916
2025-09-16,TBR,TOR,11.0,5.0,6.0,3.6,5.0,3.1,4.3,4.85,3.55,6.0,2.0,6.6,3.6,5.7,4.2,4.286883086758084,4.286883086758084,4.468586900896669,0.5129,11.0,1,"(0.5, 0.55]",0.4897,"(0.45, 0.5]",4.286883086758077,4.468586900896662,0.4818
2025-09-16,HOU,TEX,11.0,6.0,5.0,5.2,4.4,5.4,4.3,4.3,4.0,5.0,3.6,3.7,3.8,5.5,3.4,4.2678781114724424,4.2678781114724424,4.449025446894552,0.508,11.0,1,"(0.5, 0.55]",0.4807,"(0.45, 0.5]",4.267878111472436,4.449025446894545,0.4788
2025-09-16,CHW,BAL,15.0,7.0,8.0,1.8,3.0,3.2,4.0,4.3,4.9,2.8,5.0,3.5,4.1,3.9,4.95,4.338239721953982,4.338239721953982,4.172820247632294,0.4768,15.0,1,"(0.45, 0.5]",0.457,"(0.45, 0.5]",4.338239721953975,4.172820247632288,0.454
2025-09-16,BOS,ATH,3.0,1.0,2.0,4.0,3.6,4.1,4.5,4.25,4.3,5.2,3.8,5.7,4.3,5.45,4.55,4.379677058687906,4.379677058687906,4.530891588828108,0.5357,3.0,0,"(0.5, 0.55]",0.4927,"(0.45, 0.5]",4.379677058687899,4.5308915888281005,0.5064
2025-09-16,MIN,NYY,19.0,9.0,10.0,5.0,6.0,5.3,5.8,5.0,6.5,4.4,4.0,3.3,5.4,5.5,4.3,4.748629920561939,4.748629920561939,5.143138504833955,0.6586,19.0,1,"(0.65, 1.0]",0.5951,"(0.55, 0.6]",4.748629920561932,5.143138504833947,0.5898
2025-09-16,WSN,ATL,9.0,3.0,6.0,2.8,5.8,4.7,5.3,4.15,5.6,5.2,5.2,3.9,6.2,4.25,5.3,4.844030470927491,4.844030470927491,4.767955612712523,0.6203,9.0,1,"(0.6, 0.65]",0.5602,"(0.55, 0.6]",4.844030470927484,4.767955612712516,0.5634
2025-09-16,ARI,SFG,11.0,6.0,5.0,6.0,4.4,5.6,4.6,5.35,4.2,3.6,7.8,5.2,6.1,6.4,5.0,4.981719877462684,4.981719877462684,4.6712325482392885,0.6264,11.0,1,"(0.6, 0.65]",0.575,"(0.55, 0.6]",4.981719877462676,4.671232548239281,0.5685
2025-09-16,KCR,SEA,17.0,5.0,12.0,4.8,5.0,4.0,4.5,4.05,4.4,5.4,2.2,6.5,3.4,5.65,4.4,4.146810623031075,4.146810623031075,4.550812991495137,0.5028,17.0,1,"(0.5, 0.55]",0.4827,"(0.45, 0.5]",4.146810623031069,4.55081299149513,0.4784
2025-09-16,NYM,SDP,11.0,8.0,3.0,3.0,7.4,2.7,5.7,5.45,5.7,5.0,3.0,5.0,3.8,4.8,4.65,4.407027971997488,4.407027971997488,5.016052236295592,0.6019,11.0,1,"(0.6, 0.65]",0.5529,"(0.55, 0.6]",4.407027971997481,5.016052236295584,0.5456
2025-09-16,COL,MIA,11.0,5.0,6.0,2.6,6.6,2.8,6.1,3.35,5.95,5.2,2.8,4.8,5.6,4.6,6.1,4.584697762027367,4.584697762027367,5.190951289360554,0.6368,11.0,1,"(0.6, 0.65]",0.592,"(0.55, 0.6]",4.58469776202736,5.190951289360546,0.5936
2025-09-16,PIT,CHC,5.0,1.0,4.0,3.0,3.6,2.8,4.0,3.95,3.65,4.2,2.8,4.3,3.2,4.6,4.05,4.090422875106118,4.090422875106118,4.237388574151824,0.4579,5.0,0,"(0.45, 0.5]",0.4467,"(0.0, 0.45]",4.090422875106111,4.237388574151818,0.4488
2025-09-16,LAD,PHI,15.0,6.0,9.0,8.4,2.4,5.4,2.8,4.75,3.15,7.2,5.0,6.3,3.8,5.55,4.35,4.32179700265149,4.32179700265149,3.8528126315084883,0.4327,15.0,1,"(0.0, 0.45]",0.4208,"(0.0, 0.45]",4.321797002651483,3.8528126315084825,0.4239
2025-09-16,STL,CIN,3.0,3.0,0.0,3.2,6.0,3.2,4.5,3.65,5.15,4.4,5.6,4.8,5.3,4.15,5.4,4.54824736098983,4.54824736098983,4.403511163827481,0.5429,3.0,0,"(0.5, 0.55]",0.5089,"(0.5, 0.55]",4.548247360989823,4.403511163827474,0.5139
2025-09-17,HOU,TEX,7.0,5.0,2.0,6.4,4.2,5.2,4.1,4.15,3.85,5.0,4.0,3.9,3.9,5.55,3.4,4.273283788226935,4.273283788226935,4.3686384984185525,0.498,7.0,0,"(0.45, 0.5]",0.4846,"(0.45, 0.5]",4.273283788226929,4.368638498418545,0.4885
2025-09-17,STL,CIN,8.0,2.0,6.0,3.4,5.2,3.3,4.4,3.45,4.95,4.0,6.0,3.9,4.3,4.1,5.45,4.283009232743056,4.283009232743056,4.3563745956392195,0.4917,8.0,0,"(0.45, 0.5]",0.4755,"(0.45, 0.5]",4.28300923274305,4.356374595639212,0.4748
2025-09-17,CHW,BAL,4.0,1.0,3.0,2.2,4.4,3.2,4.3,4.3,5.3,3.8,6.0,3.7,4.6,3.9,4.85,4.45809629084066,4.45809629084066,4.295585256331547,0.5183,4.0,0,"(0.5, 0.55]",0.4862,"(0.45, 0.5]",4.458096290840653,4.29558525633154,0.4975
2025-09-17,LAD,PHI,5.0,5.0,0.0,9.0,4.0,6.0,3.4,5.0,3.5,6.8,5.6,6.3,4.1,5.85,4.55,4.42379496125157,4.42379496125157,4.10980483459728,0.4741,5.0,0,"(0.45, 0.5]",0.4605,"(0.45, 0.5]",4.423794961251563,4.1098048345972735,0.4699
2025-09-17,PIT,CHC,12.0,4.0,8.0,2.8,3.8,2.6,4.4,3.75,3.8,4.4,2.6,3.6,2.8,4.2,4.05,3.979937211070356,3.979937211070356,4.365941135232732,0.4586,12.0,1,"(0.45, 0.5]",0.4316,"(0.0, 0.45]",3.9799372110703497,4.365941135232725,0.4428
2025-09-17,MIN,NYY,15.0,5.0,10.0,6.4,5.6,5.4,5.7,5.45,6.6,4.6,5.2,4.2,5.6,5.65,4.65,4.861329294597131,4.861329294597131,5.110455999853614,0.6608,15.0,1,"(0.65, 1.0]",0.6073,"(0.6, 0.65]",4.861329294597123,5.110455999853606,0.6076
2025-09-17,DET,CLE,4.0,0.0,4.0,6.0,4.0,5.6,4.7,5.2,4.85,3.2,1.8,4.0,1.5,3.75,3.1,3.8607491906517537,3.8607491906517537,4.450241462942636,0.4494,4.0,0,"(0.0, 0.45]",0.4436,"(0.0, 0.45]",3.8607491906517475,4.450241462942629,0.4355
2025-09-17,WSN,ATL,13.0,4.0,9.0,3.4,6.0,4.8,5.8,4.05,5.4,6.0,5.2,4.1,6.4,4.45,5.0,4.883481995269143,4.883481995269143,5.026032571974791,0.655,13.0,1,"(0.65, 1.0]",0.5969,"(0.55, 0.6]",4.883481995269135,5.026032571974783,0.6004
2025-09-17,MIL,LAA,11.0,9.0,2.0,5.2,3.6,4.5,3.0,4.95,4.0,2.4,6.0,3.9,7.4,3.55,6.0,5.288178420027114,5.288178420027114,3.7594110744780083,0.5554,11.0,1,"(0.55, 0.6]",0.5106,"(0.5, 0.55]",5.288178420027106,3.7594110744780025,0.5168
2025-09-17,KCR,SEA,12.0,7.0,5.0,5.0,6.8,4.3,5.6,3.8,4.6,7.0,2.8,7.2,3.3,6.15,4.1,4.095603787792581,4.095603787792581,5.117117553095391,0.5653,12.0,1,"(0.55, 0.6]",0.5254,"(0.5, 0.55]",4.095603787792575,5.117117553095383,0.5255
2025-09-17,NYM,SDP,11.0,4.0,7.0,4.0,6.2,3.3,5.4,5.7,5.65,5.4,4.2,4.8,3.9,4.7,5.0,4.462128505873872,4.462128505873872,4.8620198242738235,0.5966,11.0,1,"(0.55, 0.6]",0.5373,"(0.5, 0.55]",4.462128505873865,4.8620198242738155,0.5416
2025-09-17,TBR,TOR,3.0,2.0,1.0,3.6,5.0,3.2,4.7,4.6,3.55,6.8,2.4,6.0,3.2,5.95,4.35,4.165276481555266,4.165276481555266,4.670270951558456,0.511,3.0,0,"(0.5, 0.55]",0.4998,"(0.45, 0.5]",4.16527648155526,4.670270951558449,0.4968
2025-09-17,COL,MIA,12.0,4.0,8.0,3.6,6.0,3.0,6.7,3.6,6.05,5.4,2.4,4.9,5.1,4.65,6.2,4.4926635869182245,4.4926635869182245,5.506918070331462,0.6692,12.0,1,"(0.65, 1.0]",0.606,"(0.6, 0.65]",4.492663586918217,5.506918070331453,0.6164
2025-09-18,BOS,ATH,8.0,3.0,5.0,3.0,4.0,4.1,3.9,4.2,4.05,5.6,2.8,5.8,3.9,5.15,4.45,4.279248948051514,4.279248948051514,4.247568205302156,0.4805,8.0,0,"(0.45, 0.5]",0.4679,"(0.45, 0.5]",4.2792489480515075,4.24756820530215,0.4672
2025-09-18,NYM,SDP,7.0,6.0,1.0,4.2,5.4,3.2,5.7,5.25,5.85,6.4,5.0,5.5,4.0,4.95,4.8,4.430542397340583,4.430542397340583,5.032584078058411,0.5965,7.0,0,"(0.55, 0.6]",0.5598,"(0.55, 0.6]",4.4305423973405755,5.032584078058403,0.5594
2025-09-18,COL,MIA,16.0,7.0,9.0,4.4,7.2,2.6,6.5,3.5,6.4,5.4,2.6,5.4,4.6,4.95,6.35,4.35969760287496,4.35969760287496,5.437152098258612,0.638,16.0,1,"(0.6, 0.65]",0.5845,"(0.55, 0.6]",4.359697602874953,5.437152098258603,0.5799
2025-09-18,TBR,TOR,4.0,4.0,0.0,3.8,4.2,3.3,4.1,4.35,3.5,5.8,2.8,4.8,2.5,5.75,4.35,3.981479555905025,3.981479555905025,4.387846507466543,0.4674,4.0,0,"(0.45, 0.5]",0.451,"(0.45, 0.5]",3.9814795559050187,4.387846507466536,0.4526
2025-09-18,MIL,LAA,7.0,5.0,2.0,6.2,3.0,5.4,3.0,5.25,3.9,2.0,7.2,3.7,7.3,3.45,6.45,5.303637395574127,5.303637395574127,3.75117354818567,0.5536,7.0,0,"(0.55, 0.6]",0.5104,"(0.5, 0.55]",5.303637395574119,3.751173548185664,0.5134
2025-09-18,DET,CLE,4.0,1.0,3.0,3.6,4.4,5.1,3.9,4.85,4.95,3.4,1.0,3.7,1.4,3.95,2.85,3.8024515398513232,3.8024515398513232,4.137218435761779,0.3991,4.0,0,"(0.0, 0.45]",0.3956,"(0.0, 0.45]",3.8024515398513175,4.137218435761773,0.3954
2025-09-18,BAL,NYY,7.0,0.0,7.0,4.2,5.0,3.3,4.2,3.9,4.8,5.8,6.0,4.9,6.0,5.65,4.65,4.758207972443159,4.758207972443159,4.420753741555656,0.5675,7.0,0,"(0.55, 0.6]",0.532,"(0.5, 0.55]",4.758207972443152,4.420753741555649,0.5321
2025-09-18,KCR,SEA,2.0,0.0,2.0,6.0,7.2,3.9,5.9,4.15,4.5,7.0,3.6,7.3,3.1,6.25,4.35,4.090951193978065,4.090951193978065,5.279231651307638,0.5923,2.0,0,"(0.55, 0.6]",0.5443,"(0.5, 0.55]",4.090951193978059,5.27923165130763,0.552
2025-09-18,LAD,SFG,3.0,2.0,1.0,8.6,3.6,6.2,2.9,5.2,3.25,3.6,8.4,4.7,5.9,6.3,5.25,4.9071291939258534,4.9071291939258534,3.95476232493065,0.5246,3.0,0,"(0.5, 0.55]",0.4977,"(0.45, 0.5]",4.9071291939258455,3.954762324930644,0.4977
2025-09-18,CIN,CHC,1.0,1.0,0.0,5.2,5.8,4.1,4.0,4.35,5.05,4.8,2.6,4.3,3.0,4.4,4.1,4.091479581087658,4.091479581087658,4.2188392019407255,0.4513,1.0,0,"(0.45, 0.5]",0.44,"(0.0, 0.45]",4.091479581087651,4.218839201940719,0.4393
2025-09-19,KCR,TOR,21.0,20.0,1.0,5.6,6.0,3.8,5.6,3.9,4.4,4.6,3.4,4.1,2.8,5.6,4.3,3.9966275026286198,3.9966275026286198,5.05575207184067,0.5483,21.0,1,"(0.5, 0.55]",0.5165,"(0.5, 0.55]",3.9966275026286135,5.055752071840662,0.5276
2025-09-19,MIN,CLE,8.0,2.0,6.0,6.8,6.8,5.8,6.5,5.5,6.6,3.4,0.8,3.7,1.3,4.1,2.45,3.850987722420817,3.850987722420817,5.336713385719515,0.5802,8.0,0,"(0.55, 0.6]",0.5378,"(0.5, 0.55]",3.850987722420811,5.336713385719507,0.5299
2025-09-19,ARI,PHI,10.0,2.0,8.0,6.6,4.4,6.0,5.1,5.15,4.4,5.6,5.8,5.9,4.4,5.7,4.15,4.515584572026282,4.515584572026282,4.827815346472049,0.5953,10.0,1,"(0.55, 0.6]",0.5458,"(0.5, 0.55]",4.515584572026275,4.8278153464720415,0.544
2025-09-19,TBR,BOS,18.0,7.0,11.0,3.8,3.0,3.5,3.8,4.1,3.5,2.8,4.0,3.9,3.4,4.15,4.15,4.152599236508325,4.152599236508325,4.115439430142913,0.4447,18.0,1,"(0.0, 0.45]",0.4369,"(0.0, 0.45]",4.152599236508319,4.1154394301429065,0.4401
2025-09-19,BAL,NYY,6.0,4.0,2.0,3.4,5.4,3.1,4.8,3.75,4.95,6.2,5.4,5.2,5.7,5.75,4.6,4.661486484713454,4.661486484713454,4.694986139091196,0.5926,6.0,0,"(0.55, 0.6]",0.5538,"(0.55, 0.6]",4.661486484713447,4.694986139091189,0.543
2025-09-19,LAD,SFG,9.0,6.0,3.0,7.2,3.8,6.3,2.8,4.9,3.2,3.2,7.8,4.0,5.9,6.15,5.2,4.866229508926511,4.866229508926511,3.9038564894607934,0.5136,9.0,1,"(0.5, 0.55]",0.4903,"(0.45, 0.5]",4.866229508926503,3.9038564894607872,0.4883
2025-09-19,CIN,CHC,11.0,7.0,4.0,4.4,3.6,3.6,3.7,4.1,5.0,4.0,1.8,4.0,2.5,4.3,3.9,3.953806428893026,3.953806428893026,4.089287525125088,0.4105,11.0,1,"(0.0, 0.45]",0.413,"(0.0, 0.45]",3.95380642889302,4.089287525125082,0.4147
2025-09-19,COL,LAA,13.0,7.0,6.0,5.0,8.6,3.2,6.6,3.85,6.65,2.2,7.8,3.5,6.1,3.4,6.35,4.7775449579851434,4.7775449579851434,5.306434652044975,0.68,13.0,1,"(0.65, 1.0]",0.6122,"(0.6, 0.65]",4.777544957985136,5.306434652044967,0.6257
2025-09-19,DET,ATL,11.0,1.0,10.0,1.6,4.8,4.6,4.0,4.55,4.85,7.2,3.8,4.8,5.8,4.7,5.05,4.792749017286944,4.792749017286944,4.246693822054127,0.554,11.0,1,"(0.55, 0.6]",0.511,"(0.5, 0.55]",4.792749017286937,4.24669382205412,0.5142
2025-09-19,CHW,SDP,7.0,4.0,3.0,2.4,4.2,3.3,4.0,4.15,5.2,6.2,5.4,4.6,3.8,4.7,4.65,4.250055051913163,4.250055051913163,4.246693822054127,0.4769,7.0,0,"(0.45, 0.5]",0.4675,"(0.45, 0.5]",4.250055051913157,4.24669382205412,0.4646
2025-09-19,STL,MIL,8.0,7.0,1.0,3.2,5.4,3.0,4.9,3.25,4.75,6.6,2.2,5.4,3.0,5.15,3.75,3.967824056152645,3.967824056152645,4.678599981740549,0.509,8.0,0,"(0.5, 0.55]",0.4765,"(0.45, 0.5]",3.967824056152639,4.6785999817405415,0.4754
2025-09-19,HOU,SEA,4.0,0.0,4.0,5.2,4.0,5.3,3.5,4.3,3.8,7.0,3.4,7.4,2.7,5.8,4.15,4.019509245279351,4.019509245279351,4.145170745490725,0.4315,4.0,0,"(0.0, 0.45]",0.4219,"(0.0, 0.45]",4.019509245279345,4.145170745490719,0.4199
2025-09-19,PIT,ATH,7.0,3.0,4.0,2.6,4.2,2.5,4.9,3.75,4.2,5.6,2.6,5.3,3.8,5.3,4.45,4.202889933208972,4.202889933208972,4.6940196526143865,0.5214,7.0,0,"(0.5, 0.55]",0.4986,"(0.45, 0.5]",4.202889933208966,4.694019652614379,0.5028
2025-09-19,NYM,WSN,18.0,12.0,6.0,4.6,4.4,3.5,5.2,5.25,5.65,3.0,6.8,4.6,6.4,4.2,5.6,5.049742206466933,5.049742206466933,4.716917916543295,0.6391,18.0,1,"(0.6, 0.65]",0.5901,"(0.55, 0.6]",5.049742206466925,4.716917916543288,0.5821
2025-09-20,DET,ATL,11.0,5.0,6.0,1.2,5.0,4.2,4.3,4.4,5.25,8.8,2.8,5.6,4.1,5.15,5.0,4.350359841556718,4.350359841556718,4.4149987269184905,0.519,11.0,1,"(0.5, 0.55]",0.4884,"(0.45, 0.5]",4.350359841556711,4.414998726918483,0.4848
2025-09-20,TBR,BOS,9.0,3.0,6.0,4.2,4.4,4.1,4.7,4.45,3.9,4.8,4.6,4.9,3.6,4.45,4.5,4.239309267786747,4.239309267786747,4.5191024794297645,0.5132,9.0,1,"(0.5, 0.55]",0.481,"(0.45, 0.5]",4.239309267786741,4.519102479429757,0.4849
2025-09-20,COL,LAA,3.0,0.0,3.0,5.8,7.6,3.8,6.9,4.05,6.75,2.8,8.2,3.7,6.5,3.55,5.7,4.910172735547929,4.910172735547929,5.480554175580569,0.7164,3.0,0,"(0.65, 1.0]",0.6374,"(0.6, 0.65]",4.910172735547921,5.4805541755805605,0.6461
2025-09-20,LAD,SFG,12.0,7.0,5.0,5.8,3.0,6.6,2.7,4.85,3.35,2.4,6.4,4.1,6.2,6.05,5.4,4.9395605044587745,4.9395605044587745,3.85783482844671,0.5189,12.0,1,"(0.5, 0.55]",0.4814,"(0.45, 0.5]",4.9395605044587665,3.8578348284467037,0.4916
2025-09-20,HOU,SEA,10.0,4.0,6.0,4.0,4.4,4.2,3.9,4.25,3.7,6.8,2.8,6.8,2.5,5.55,3.85,3.9703871382267337,3.9703871382267337,4.285001693991464,0.4517,10.0,1,"(0.45, 0.5]",0.4357,"(0.0, 0.45]",3.9703871382267275,4.2850016939914575,0.4307
2025-09-20,MIN,CLE,6.0,0.0,6.0,5.4,6.4,5.8,6.0,5.25,6.65,4.4,1.0,3.7,1.2,4.3,2.35,3.8034338522941566,3.8034338522941566,5.10730061039263,0.5422,6.0,0,"(0.5, 0.55]",0.5065,"(0.5, 0.55]",3.803433852294151,5.107300610392622,0.5036
2025-09-20,MIN,CLE,8.0,0.0,8.0,4.6,6.4,5.3,6.5,4.85,6.5,3.8,1.2,4.1,1.4,4.25,2.55,3.8024515398513232,3.8024515398513232,5.354302058458573,0.5612,8.0,0,"(0.55, 0.6]",0.5276,"(0.5, 0.55]",3.8024515398513175,5.354302058458565,0.5308
2025-09-20,MIN,CLE,8.0,0.0,8.0,4.6,6.4,5.3,6.5,4.85,6.5,4.4,1.0,3.7,1.2,4.3,2.35,3.7612251263045398,3.7612251263045398,5.360177821844532,0.5575,8.0,0,"(0.55, 0.6]",0.5248,"(0.5, 0.55]",3.761225126304534,5.360177821844524,0.5252
2025-09-20,CHW,SDP,10.0,3.0,7.0,3.0,4.2,3.1,3.9,4.3,4.75,4.6,5.6,4.1,4.1,4.5,4.55,4.338239721953982,4.338239721953982,4.187434980552511,0.4836,10.0,1,"(0.45, 0.5]",0.4583,"(0.45, 0.5]",4.338239721953975,4.187434980552505,0.4701
2025-09-20,CIN,CHC,9.0,6.0,3.0,5.0,3.0,4.0,3.9,4.45,4.85,4.0,2.6,4.3,2.8,4.35,3.65,4.058426299342577,4.058426299342577,4.173679420502873,0.4385,9.0,1,"(0.0, 0.45]",0.4297,"(0.0, 0.45]",4.058426299342571,4.173679420502867,0.4228
2025-09-20,KCR,TOR,3.0,2.0,1.0,8.4,4.6,5.6,4.7,4.3,4.4,3.8,6.6,4.1,4.5,5.15,5.1,4.433862949847337,4.433862949847337,4.5890290200308375,0.5474,3.0,0,"(0.5, 0.55]",0.5115,"(0.5, 0.55]",4.43386294984733,4.58902902003083,0.5043
2025-09-20,TEX,MIA,7.0,3.0,4.0,4.2,4.4,4.1,4.2,5.45,3.5,6.2,4.0,6.1,4.9,5.3,6.15,4.679341947135562,4.679341947135562,4.386943247225481,0.5597,7.0,0,"(0.55, 0.6]",0.5135,"(0.5, 0.55]",4.679341947135555,4.3869432472254735,0.5182
2025-09-20,ARI,PHI,7.0,4.0,3.0,6.0,5.4,5.2,5.4,5.2,4.5,5.6,5.8,6.3,4.1,5.85,3.95,4.448547775578923,4.448547775578923,4.98622998133834,0.6013,7.0,0,"(0.6, 0.65]",0.5599,"(0.55, 0.6]",4.448547775578916,4.986229981338332,0.5536
2025-09-20,MIN,CLE,6.0,0.0,6.0,5.4,6.4,5.8,6.0,5.25,6.65,3.8,1.2,4.1,1.4,4.25,2.55,3.845122911477534,3.845122911477534,5.101702048008127,0.5382,6.0,0,"(0.5, 0.55]",0.5131,"(0.5, 0.55]",3.845122911477528,5.101702048008119,0.5054
2025-09-20,BAL,NYY,7.0,1.0,6.0,3.8,3.6,3.1,4.7,3.95,4.8,5.8,5.0,5.2,4.9,5.3,4.7,4.487559934343848,4.487559934343848,4.604153484057585,0.5513,7.0,0,"(0.55, 0.6]",0.5245,"(0.5, 0.55]",4.487559934343841,4.604153484057578,0.5191
2025-09-20,PIT,ATH,2.0,2.0,0.0,2.2,4.8,2.6,4.8,3.6,4.05,5.8,3.2,4.0,3.7,5.3,4.05,4.162587588731514,4.162587588731514,4.648869425765721,0.5172,2.0,0,"(0.5, 0.55]",0.4895,"(0.45, 0.5]",4.162587588731507,4.648869425765714,0.489
2025-09-21,COL,LAA,4.0,3.0,1.0,4.6,6.4,3.6,6.5,3.7,6.35,3.0,6.0,3.7,5.3,3.7,5.6,4.554596347805256,4.554596347805256,5.29009221391402,0.651,4.0,0,"(0.65, 1.0]",0.5781,"(0.55, 0.6]",4.554596347805249,5.290092213914012,0.5887
2025-09-21,DET,ATL,8.0,2.0,6.0,1.8,4.6,4.1,4.9,4.25,5.05,8.4,3.2,5.8,4.5,4.9,5.15,4.427682262194622,4.427682262194622,4.653013010348665,0.5522,8.0,0,"(0.55, 0.6]",0.5144,"(0.5, 0.55]",4.427682262194615,4.6530130103486576,0.5236
2025-09-21,CIN,CHC,1.0,1.0,0.0,4.0,2.4,4.2,4.0,4.6,4.7,3.8,3.8,4.0,3.3,4.35,3.75,4.18804185938736,4.18804185938736,4.214214560419881,0.459,1.0,0,"(0.45, 0.5]",0.4419,"(0.0, 0.45]",4.188041859387353,4.214214560419875,0.4513
2025-09-21,STL,MIL,6.0,5.0,1.0,4.2,4.0,3.5,4.2,3.5,4.45,5.2,3.2,5.1,3.6,4.75,3.7,4.12842662892394,4.12842662892394,4.334334160017723,0.4715,6.0,0,"(0.45, 0.5]",0.4588,"(0.45, 0.5]",4.1284266289239335,4.334334160017716,0.4602
2025-09-21,LAD,SFG,4.0,1.0,3.0,5.2,3.6,6.8,3.0,4.9,3.45,3.0,5.8,4.3,6.5,5.7,5.6,5.0280045921714365,5.0280045921714365,3.9409596520747785,0.5301,4.0,0,"(0.5, 0.55]",0.5067,"(0.5, 0.55]",5.0280045921714285,3.9409596520747723,0.5042
2025-09-21,NYM,WSN,5.0,2.0,3.0,6.4,4.0,4.5,5.5,5.55,5.95,4.0,8.2,3.7,6.9,4.4,5.65,5.232870772773134,5.232870772773134,4.877039838095261,0.6865,5.0,0,"(0.65, 1.0]",0.6086,"(0.6, 0.65]",5.232870772773126,4.877039838095253,0.6127
2025-09-21,PIT,ATH,11.0,11.0,0.0,2.0,4.0,2.7,4.4,3.3,3.9,3.6,2.6,3.7,3.5,4.9,4.0,4.0831385953706745,4.0831385953706745,4.43349772671177,0.4823,11.0,1,"(0.45, 0.5]",0.4654,"(0.45, 0.5]",4.083138595370668,4.433497726711763,0.4616
2025-09-21,TBR,BOS,10.0,7.0,3.0,4.2,4.8,3.9,4.9,4.4,4.15,5.4,4.2,4.8,3.5,4.6,4.55,4.210387848172106,4.210387848172106,4.622493289545415,0.517,10.0,1,"(0.5, 0.55]",0.4916,"(0.45, 0.5]",4.2103878481720995,4.622493289545408,0.4947
2025-09-21,ARI,PHI,11.0,9.0,2.0,5.2,4.2,5.1,5.6,5.15,4.3,4.6,5.4,6.5,4.5,6.0,3.85,4.540264563707545,4.540264563707545,5.1003080221750166,0.6281,11.0,1,"(0.6, 0.65]",0.5724,"(0.55, 0.6]",4.540264563707538,5.100308022175009,0.5752
2025-09-21,CHW,SDP,5.0,2.0,3.0,3.2,5.0,3.0,4.1,4.25,4.6,4.2,5.0,4.6,4.0,4.7,4.5,4.308643378903255,4.308643378903255,4.287938084231052,0.4831,5.0,0,"(0.45, 0.5]",0.4759,"(0.45, 0.5]",4.308643378903248,4.287938084231045,0.476
2025-09-21,KCR,TOR,13.0,5.0,8.0,6.8,4.2,5.8,4.6,4.25,4.2,1.8,6.6,3.9,4.3,4.95,4.85,4.379677058687906,4.379677058687906,4.524993194812626,0.5367,13.0,1,"(0.5, 0.55]",0.5024,"(0.5, 0.55]",4.379677058687899,4.524993194812619,0.5041
2025-09-21,MIN,CLE,8.0,6.0,2.0,3.2,8.0,4.1,7.0,4.5,6.7,5.4,0.6,4.3,1.2,4.5,2.2,3.724676914050708,3.724676914050708,5.65031021940259,0.5892,8.0,0,"(0.55, 0.6]",0.5456,"(0.5, 0.55]",3.7246769140507023,5.650310219402581,0.5487
2025-09-21,TEX,MIA,6.0,2.0,4.0,3.2,4.6,4.4,3.5,5.1,3.7,5.4,4.2,6.0,4.8,5.45,5.7,4.608683474041674,4.608683474041674,4.113467945429596,0.501,6.0,0,"(0.5, 0.55]",0.4836,"(0.45, 0.5]",4.608683474041667,4.11346794542959,0.4771
2025-09-21,HOU,SEA,10.0,3.0,7.0,4.2,4.0,4.4,4.1,4.25,4.0,5.8,3.2,5.6,2.7,5.55,3.7,4.013906155728933,4.013906155728933,4.3686384984185525,0.4591,10.0,1,"(0.45, 0.5]",0.441,"(0.0, 0.45]",4.013906155728927,4.368638498418545,0.4404
2025-09-22,ATL,WSN,16.0,11.0,5.0,7.4,3.0,6.3,4.1,4.6,5.2,3.8,8.0,3.3,6.6,4.5,5.55,5.013349027651602,5.013349027651602,4.269167429109232,0.5791,16.0,1,"(0.55, 0.6]",0.5346,"(0.5, 0.55]",5.013349027651594,4.269167429109226,0.5444
2025-09-22,SFG,STL,11.0,5.0,6.0,3.4,4.4,3.5,6.1,5.65,5.5,4.6,3.8,3.7,4.1,3.4,4.2,4.504749184604982,4.504749184604982,5.056092883140915,0.6138,11.0,1,"(0.6, 0.65]",0.5637,"(0.55, 0.6]",4.504749184604975,5.056092883140907,0.5661
2025-09-23,CIN,PIT,6.0,2.0,4.0,4.2,1.8,4.1,3.9,4.6,4.45,4.2,3.2,3.6,3.4,3.75,3.85,4.210931661715673,4.210931661715673,4.119107563147524,0.4511,6.0,0,"(0.45, 0.5]",0.442,"(0.0, 0.45]",4.210931661715667,4.119107563147518,0.4423
2025-09-23,LAA,KCR,12.0,4.0,8.0,2.8,4.8,2.6,5.4,3.55,5.7,6.8,3.4,5.9,5.1,4.35,4.55,4.486400932733024,4.486400932733024,4.824834470075839,0.5908,12.0,1,"(0.55, 0.6]",0.5431,"(0.5, 0.55]",4.486400932733017,4.824834470075832,0.5408
2025-09-23,ATH,HOU,6.0,5.0,1.0,2.2,4.0,3.7,3.9,4.55,4.55,3.6,4.8,4.4,4.6,4.2,4.2,4.489298998182783,4.489298998182783,4.159969046929721,0.4896,6.0,0,"(0.45, 0.5]",0.4802,"(0.45, 0.5]",4.489298998182776,4.159969046929715,0.467
2025-09-23,TEX,MIN,5.0,1.0,4.0,3.0,5.0,4.2,3.7,4.95,3.9,2.6,6.4,4.5,6.0,4.65,6.2,4.899655946262899,4.899655946262899,4.120803964908107,0.54,5.0,0,"(0.5, 0.55]",0.5176,"(0.5, 0.55]",4.899655946262891,4.1208039649081005,0.5219
2025-09-23,TOR,BOS,5.0,1.0,4.0,2.2,6.6,4.5,4.5,4.9,4.7,4.8,4.8,4.4,4.2,4.6,4.8,4.435581204497011,4.435581204497011,4.447193926961728,0.528,5.0,0,"(0.5, 0.55]",0.4968,"(0.45, 0.5]",4.435581204497004,4.447193926961721,0.5061
2025-09-23,SEA,COL,7.0,4.0,3.0,4.8,2.8,5.9,2.8,5.7,3.7,4.2,5.4,3.9,5.7,3.7,6.2,4.922109902567677,4.922109902567677,3.6995908314699024,0.5,7.0,0,"(0.45, 0.5]",0.4665,"(0.45, 0.5]",4.922109902567669,3.6995908314698966,0.4733
2025-09-23,BAL,TBR,6.0,6.0,0.0,3.2,4.6,3.0,4.8,3.9,4.95,4.6,4.2,4.1,4.6,4.55,4.25,4.408622427988564,4.408622427988564,4.573012667824212,0.5456,6.0,0,"(0.5, 0.55]",0.5016,"(0.5, 0.55]",4.408622427988557,4.573012667824205,0.5083
2025-09-23,CLE,DET,7.0,5.0,2.0,5.0,1.8,4.2,1.4,4.5,2.3,1.8,5.8,3.9,4.9,4.2,4.95,4.556949889735442,4.556949889735442,3.2670156539190254,0.3888,7.0,0,"(0.0, 0.45]",0.3818,"(0.0, 0.45]",4.556949889735435,3.2670156539190205,0.3833
2025-09-23,SFG,STL,17.0,8.0,9.0,3.4,4.4,3.5,6.4,5.15,5.4,4.6,2.6,3.9,4.3,3.55,4.05,4.491038735961026,4.491038735961026,5.221997966589917,0.6413,17.0,1,"(0.6, 0.65]",0.5826,"(0.55, 0.6]",4.491038735961019,5.2219979665899094,0.5864
2025-09-23,CHC,NYM,16.0,7.0,9.0,3.0,3.8,3.7,3.2,3.8,3.45,6.4,4.0,4.7,5.7,5.45,5.75,4.667993544220721,4.667993544220721,3.9959077300060004,0.5019,16.0,1,"(0.5, 0.55]",0.478,"(0.45, 0.5]",4.667993544220714,3.995907730005994,0.4852
2025-09-23,ARI,LAD,9.0,5.0,4.0,5.8,3.8,5.6,5.1,5.2,3.95,4.2,2.4,6.6,3.2,4.7,3.55,4.235587349650194,4.235587349650194,4.723066487206861,0.5374,9.0,1,"(0.5, 0.55]",0.5001,"(0.5, 0.55]",4.235587349650188,4.723066487206854,0.5061
2025-09-23,NYY,CHW,5.0,3.0,2.0,7.0,3.8,5.7,3.9,5.1,4.55,3.4,4.8,2.6,3.9,4.25,4.25,4.388057048269528,4.388057048269528,4.164534159907248,0.4688,5.0,0,"(0.45, 0.5]",0.4614,"(0.45, 0.5]",4.388057048269521,4.164534159907242,0.4666
2025-09-23,SDP,MIL,7.0,7.0,0.0,4.2,3.8,4.8,4.0,4.65,4.25,5.0,3.6,4.2,3.9,4.7,3.8,4.3333114944344135,4.3333114944344135,4.246693822054127,0.4865,7.0,0,"(0.45, 0.5]",0.4717,"(0.45, 0.5]",4.333311494434406,4.24669382205412,0.4517
2025-09-23,ATL,WSN,5.0,3.0,2.0,8.4,3.4,7.2,4.3,4.95,4.5,4.2,8.0,3.5,6.9,4.7,5.9,5.1460049720495,5.1460049720495,4.371632202590253,0.6106,5.0,0,"(0.6, 0.65]",0.561,"(0.55, 0.6]",5.146004972049492,4.371632202590246,0.5742
2025-09-24,PHI,MIA,12.0,11.0,1.0,4.4,5.2,5.8,5.1,5.15,4.1,6.2,4.2,5.7,3.5,5.3,5.6,4.299414967407217,4.299414967407217,4.785639873958318,0.5541,12.0,1,"(0.55, 0.6]",0.5286,"(0.5, 0.55]",4.29941496740721,4.785639873958311,0.5244
2025-09-24,CLE,DET,6.0,5.0,1.0,5.4,2.0,4.4,1.4,4.55,2.1,2.2,6.0,2.9,5.2,4.3,4.85,4.638543237035503,4.638543237035503,3.2741899760347413,0.3946,6.0,0,"(0.0, 0.45]",0.4,"(0.0, 0.45]",4.6385432370354955,3.2741899760347364,0.4008
2025-09-24,SEA,COL,11.0,9.0,2.0,4.6,2.0,5.8,2.8,5.7,3.6,4.0,4.6,4.2,5.9,3.55,6.15,4.976060658385727,4.976060658385727,3.6874378203598273,0.4944,11.0,1,"(0.45, 0.5]",0.4709,"(0.45, 0.5]",4.976060658385719,3.6874378203598215,0.4753
2025-09-24,TEX,MIN,6.0,4.0,2.0,2.6,4.6,3.8,4.1,5.0,3.9,2.4,4.6,4.6,5.7,4.5,6.15,4.8269173599087685,4.8269173599087685,4.269167429109232,0.5551,6.0,0,"(0.55, 0.6]",0.5197,"(0.5, 0.55]",4.826917359908761,4.269167429109226,0.5201
2025-09-24,SFG,STL,7.0,4.0,3.0,4.8,5.8,4.0,6.8,5.5,5.3,5.8,4.2,4.6,4.7,3.95,4.35,4.635069397959362,4.635069397959362,5.475673651984909,0.675,7.0,0,"(0.65, 1.0]",0.6145,"(0.6, 0.65]",4.635069397959355,5.4756736519849,0.6121
2025-09-24,ATH,HOU,6.0,6.0,0.0,2.8,4.0,4.2,3.4,4.7,4.35,2.6,4.8,4.5,4.5,4.15,4.45,4.4836200635645636,4.4836200635645636,3.9593691313525454,0.4674,6.0,0,"(0.45, 0.5]",0.445,"(0.0, 0.45]",4.4836200635645564,3.959369131352539,0.451
2025-09-24,ATL,WSN,7.0,3.0,4.0,7.2,3.0,7.2,3.4,5.05,4.5,4.0,7.4,3.7,6.7,4.6,5.7,5.104432638904061,5.104432638904061,3.9986460123439387,0.5586,7.0,0,"(0.55, 0.6]",0.5146,"(0.5, 0.55]",5.104432638904053,3.9986460123439325,0.5143
2025-09-24,BAL,TBR,8.0,2.0,6.0,2.8,3.2,3.3,4.6,4.1,4.8,4.2,5.2,4.0,4.7,4.2,4.35,4.457520557645194,4.457520557645194,4.4511577561222095,0.529,8.0,0,"(0.5, 0.55]",0.5054,"(0.5, 0.55]",4.457520557645187,4.451157756122202,0.5023
2025-09-24,LAA,KCR,5.0,3.0,2.0,3.2,4.6,2.6,5.9,3.6,6.1,7.0,3.2,6.5,5.2,4.75,4.5,4.517218303629489,4.517218303629489,5.108352190347178,0.6254,5.0,0,"(0.6, 0.65]",0.5759,"(0.55, 0.6]",4.517218303629482,5.10835219034717,0.5662
2025-09-24,SDP,MIL,4.0,1.0,3.0,4.2,3.0,5.3,4.0,4.4,4.1,3.2,4.6,4.2,4.1,4.5,3.85,4.350359841556718,4.350359841556718,4.228103715672953,0.4852,4.0,0,"(0.45, 0.5]",0.4683,"(0.45, 0.5]",4.350359841556711,4.228103715672947,0.4622
2025-09-24,TOR,BOS,8.0,1.0,7.0,2.2,7.0,4.0,4.9,4.85,4.55,5.4,4.6,4.2,4.3,4.7,4.65,4.453607060054059,4.453607060054059,4.632644222185469,0.5562,8.0,0,"(0.55, 0.6]",0.5251,"(0.5, 0.55]",4.453607060054052,4.632644222185462,0.5245
2025-09-24,CHC,NYM,13.0,10.0,3.0,2.8,4.8,3.8,3.7,3.95,3.75,6.6,4.8,5.3,5.5,4.95,5.65,4.636746358990149,4.636746358990149,4.148011313543606,0.5131,13.0,1,"(0.5, 0.55]",0.4963,"(0.45, 0.5]",4.636746358990142,4.148011313543599,0.476
2025-09-24,NYY,CHW,9.0,8.0,1.0,5.6,2.4,5.1,3.8,4.75,4.55,2.4,3.8,2.3,4.1,4.2,4.3,4.393047537305566,4.393047537305566,4.119955676715623,0.4791,9.0,1,"(0.45, 0.5]",0.4645,"(0.45, 0.5]",4.393047537305559,4.119955676715617,0.4624
2025-09-25,LAA,KCR,13.0,4.0,9.0,3.4,4.0,2.8,5.9,3.6,5.8,7.4,3.4,6.5,4.7,4.8,4.4,4.3957722308074425,4.3957722308074425,5.113958050538649,0.6113,13.0,1,"(0.6, 0.65]",0.5625,"(0.55, 0.6]",4.395772230807435,5.113958050538641,0.5609
2025-09-25,ARI,LAD,8.0,0.0,8.0,5.2,4.4,5.6,4.4,5.3,4.05,4.0,3.4,6.3,3.5,4.9,3.65,4.317445023041359,4.317445023041359,4.43349772671177,0.5137,8.0,0,"(0.5, 0.55]",0.4809,"(0.45, 0.5]",4.317445023041352,4.433497726711763,0.4882
2025-09-25,PHI,MIA,1.0,1.0,0.0,4.8,4.2,5.8,4.9,5.6,4.1,5.2,5.4,5.3,3.9,4.9,5.2,4.449696998333427,4.449696998333427,4.653013010348665,0.558,1.0,0,"(0.55, 0.6]",0.5201,"(0.5, 0.55]",4.44969699833342,4.6530130103486576,0.5303
2025-09-25,CHC,NYM,13.0,5.0,8.0,4.8,5.2,4.4,3.5,4.2,3.6,6.4,5.4,5.3,5.4,4.7,5.6,4.643818601260029,4.643818601260029,4.046347466521929,0.5029,13.0,1,"(0.5, 0.55]",0.4838,"(0.45, 0.5]",4.643818601260022,4.046347466521922,0.4768
2025-09-25,CIN,PIT,3.0,2.0,1.0,3.4,2.2,4.3,4.0,4.6,4.45,4.8,2.8,3.8,3.3,3.9,3.75,4.18804185938736,4.18804185938736,4.172820247632294,0.4487,3.0,0,"(0.0, 0.45]",0.4362,"(0.0, 0.45]",4.188041859387353,4.172820247632288,0.4413
2025-09-25,ATH,HOU,16.0,5.0,11.0,3.0,3.4,4.3,3.0,4.85,3.9,1.6,5.6,3.4,4.8,4.1,4.55,4.576650989297127,4.576650989297127,3.8050418859856774,0.4697,16.0,1,"(0.45, 0.5]",0.4447,"(0.0, 0.45]",4.57665098929712,3.8050418859856716,0.4406
2025-09-25,NYY,CHW,8.0,5.0,3.0,5.2,1.6,5.5,3.8,5.05,4.45,2.4,4.8,2.4,4.5,3.95,4.45,4.527615368803129,4.527615368803129,4.0974238961728595,0.5037,8.0,0,"(0.5, 0.55]",0.479,"(0.45, 0.5]",4.527615368803122,4.097423896172853,0.4659
2025-09-25,SEA,COL,8.0,6.0,2.0,6.0,2.4,6.5,2.9,6.0,3.5,3.0,4.6,4.0,6.6,3.55,6.2,5.213037238718413,5.213037238718413,3.7232505392881876,0.5264,8.0,0,"(0.5, 0.55]",0.509,"(0.5, 0.55]",5.213037238718405,3.723250539288182,0.5051
2025-09-25,TEX,MIN,4.0,0.0,4.0,2.4,3.8,3.7,3.9,4.85,3.85,2.4,4.2,3.9,5.3,4.35,6.05,4.703094367193706,4.703094367193706,4.173679420502873,0.5316,4.0,0,"(0.5, 0.55]",0.5001,"(0.5, 0.55]",4.703094367193699,4.173679420502867,0.4962
2025-09-25,BAL,TBR,11.0,6.0,5.0,2.6,4.2,3.4,4.6,3.8,4.35,4.6,5.6,4.2,4.3,4.0,4.35,4.325036053897103,4.325036053897103,4.43167259903931,0.5005,11.0,1,"(0.5, 0.55]",0.4839,"(0.45, 0.5]",4.325036053897096,4.431672599039303,0.4972
2025-09-25,TOR,BOS,7.0,6.0,1.0,2.4,7.6,3.5,5.5,4.85,4.7,6.2,3.8,4.5,3.9,4.9,4.2,4.3575580193714485,4.3575580193714485,4.930825110441238,0.5834,7.0,0,"(0.55, 0.6]",0.5452,"(0.5, 0.55]",4.357558019371441,4.93082511044123,0.536
2025-09-25,CLE,DET,6.0,2.0,4.0,5.2,1.8,4.5,1.5,4.45,1.6,2.2,6.4,1.9,5.6,4.1,4.95,4.72757788987799,4.72757788987799,3.291517069069571,0.4232,6.0,0,"(0.0, 0.45]",0.403,"(0.0, 0.45]",4.727577889877983,3.291517069069566,0.3998
2025-09-26,PHI,MIN,4.0,3.0,1.0,5.0,3.2,5.3,4.5,5.6,3.95,3.2,3.0,3.9,4.7,4.4,5.45,4.648018796579718,4.648018796579718,4.427726121731555,0.5564,4.0,0,"(0.55, 0.6]",0.5183,"(0.5, 0.55]",4.648018796579711,4.427726121731548,0.5149
2025-09-26,LAA,HOU,7.0,4.0,3.0,3.0,4.4,2.9,6.3,3.55,6.2,3.8,5.8,3.9,5.1,4.65,4.65,4.486400932733024,4.486400932733024,5.298078561637523,0.6336,7.0,0,"(0.6, 0.65]",0.5874,"(0.55, 0.6]",4.486400932733017,5.2980785616375154,0.5851
2025-09-26,MIA,NYM,8.0,6.0,2.0,3.6,4.8,4.5,3.7,4.35,4.85,6.8,6.2,5.7,5.3,5.05,5.6,4.637944200328815,4.637944200328815,4.157120290192462,0.5169,8.0,0,"(0.5, 0.55]",0.4905,"(0.45, 0.5]",4.637944200328808,4.157120290192456,0.4962
2025-09-26,ATH,KCR,7.0,4.0,3.0,3.2,5.0,4.5,4.1,4.8,4.0,5.2,4.0,6.8,4.3,5.1,4.4,4.447398849634053,4.447398849634053,4.325727349527875,0.5168,7.0,0,"(0.5, 0.55]",0.4949,"(0.45, 0.5]",4.4473988496340455,4.325727349527868,0.4869
2025-09-26,SFG,COL,9.0,6.0,3.0,5.0,5.2,3.7,5.8,5.05,5.35,2.0,4.6,3.9,6.1,3.45,6.15,4.940198497916495,4.940198497916495,4.916983003844815,0.649,9.0,1,"(0.6, 0.65]",0.5989,"(0.55, 0.6]",4.940198497916487,4.916983003844807,0.5901
2025-09-26,MIL,CIN,4.0,1.0,3.0,2.0,4.4,4.1,3.7,4.3,3.8,3.6,2.4,4.0,3.0,4.35,4.3,4.0857761667931225,4.0857761667931225,4.093775072830177,0.4411,4.0,0,"(0.0, 0.45]",0.4223,"(0.0, 0.45]",4.085776166793116,4.093775072830171,0.4262
2025-09-26,CLE,TEX,10.0,3.0,7.0,4.4,2.6,4.4,1.8,4.15,1.75,2.0,3.6,3.1,4.0,3.85,3.9,4.296639481529297,4.296639481529297,3.3698233070782373,0.362,10.0,1,"(0.0, 0.45]",0.371,"(0.0, 0.45]",4.29663948152929,3.369823307078232,0.3685
2025-09-26,WSN,CHW,19.0,9.0,10.0,4.0,6.2,3.5,6.5,4.7,5.85,2.2,5.2,2.6,4.7,3.5,4.55,4.532764575982722,4.532764575982722,5.266934580907337,0.641,19.0,1,"(0.6, 0.65]",0.5847,"(0.55, 0.6]",4.532764575982715,5.266934580907329,0.5847
2025-09-26,SEA,LAD,5.0,2.0,3.0,6.4,2.8,6.6,2.8,6.1,3.5,5.2,3.2,6.2,3.5,5.25,3.35,4.414890067246067,4.414890067246067,3.8275415296312,0.447,5.0,0,"(0.0, 0.45]",0.4422,"(0.0, 0.45]",4.41489006724606,3.827541529631194,0.4315
2025-09-26,SDP,ARI,11.0,7.0,4.0,4.2,2.4,5.2,3.9,4.35,3.9,4.0,5.0,5.3,4.7,5.0,4.25,4.4887192353672205,4.4887192353672205,4.233615109962331,0.5109,11.0,1,"(0.5, 0.55]",0.4801,"(0.45, 0.5]",4.488719235367213,4.233615109962325,0.4835
2025-09-26,BOS,DET,7.0,4.0,3.0,4.2,3.6,4.5,4.1,4.7,4.4,2.8,4.8,2.0,4.9,4.25,4.9,4.582447756500894,4.582447756500894,4.245819618802281,0.5168,7.0,0,"(0.5, 0.55]",0.4908,"(0.45, 0.5]",4.582447756500887,4.245819618802275,0.4992
2025-09-26,TOR,TBR,6.0,4.0,2.0,3.4,3.8,3.6,5.2,4.75,4.55,4.2,4.6,4.2,4.5,3.95,4.4,4.489878835880489,4.489878835880489,4.691121386756715,0.5701,6.0,0,"(0.55, 0.6]",0.5308,"(0.5, 0.55]",4.489878835880482,4.691121386756708,0.5287
2025-09-26,NYY,BAL,12.0,8.0,4.0,4.8,2.2,5.5,3.8,4.95,4.55,3.8,3.8,3.6,4.6,3.55,4.55,4.5396782190314795,4.5396782190314795,4.0616290746007335,0.4899,12.0,1,"(0.45, 0.5]",0.4706,"(0.45, 0.5]",4.539678219031472,4.061629074600727,0.4673
2025-09-26,ATL,PIT,12.0,3.0,9.0,5.8,3.6,7.3,3.2,5.05,4.65,4.2,1.6,3.4,2.9,3.75,3.75,4.149489324460906,4.149489324460906,3.8496411276593148,0.4008,12.0,1,"(0.0, 0.45]",0.4053,"(0.0, 0.45]",4.1494893244609,3.849641127659309,0.3973
2025-09-26,CHC,STL,13.0,12.0,1.0,5.0,5.4,4.5,4.0,4.25,3.85,6.0,3.8,4.6,4.6,3.9,4.5,4.451881822551702,4.451881822551702,4.172820247632294,0.4944,13.0,1,"(0.45, 0.5]",0.465,"(0.45, 0.5]",4.4518818225516945,4.172820247632288,0.4676
2025-09-27,MIL,CIN,11.0,4.0,7.0,1.2,4.6,3.9,3.4,4.15,3.9,2.8,1.8,3.9,2.4,4.25,4.15,3.937803503033894,3.937803503033894,3.968063852324963,0.3997,11.0,1,"(0.0, 0.45]",0.3963,"(0.0, 0.45]",3.9378035030338876,3.9680638523249567,0.4006
2025-09-27,MIA,NYM,5.0,0.0,5.0,3.0,3.8,4.6,3.9,4.4,4.9,4.8,6.2,5.6,5.1,4.65,5.5,4.594063326692037,4.594063326692037,4.201235876003654,0.5182,5.0,0,"(0.5, 0.55]",0.4925,"(0.45, 0.5]",4.59406332669203,4.201235876003648,0.4893
2025-09-27,NYY,BAL,7.0,6.0,1.0,6.0,2.2,5.9,3.6,5.0,4.35,3.8,5.0,3.8,4.3,3.65,4.3,4.472283736688928,4.472283736688928,3.9926184351560483,0.4734,7.0,0,"(0.45, 0.5]",0.4603,"(0.45, 0.5]",4.4722837366889205,3.992618435156042,0.4527
2025-09-27,SDP,ARI,6.0,5.0,1.0,5.0,2.4,4.8,4.0,4.55,3.9,4.4,4.8,5.2,5.1,5.05,4.6,4.6133290216749465,4.6133290216749465,4.279423403747112,0.5308,6.0,0,"(0.5, 0.55]",0.5071,"(0.5, 0.55]",4.613329021674939,4.2794234037471055,0.5029
2025-09-27,ATH,KCR,6.0,2.0,4.0,4.0,5.2,3.8,3.9,4.45,4.0,5.4,4.6,6.1,4.4,5.05,4.45,4.428254141476917,4.428254141476917,4.238261041473435,0.4997,6.0,0,"(0.45, 0.5]",0.4827,"(0.45, 0.5]",4.42825414147691,4.238261041473429,0.4788
2025-09-27,LAA,HOU,7.0,1.0,6.0,3.2,5.0,3.1,5.5,3.55,6.2,3.6,5.4,3.9,4.7,4.4,4.7,4.389644640609366,4.389644640609366,4.877039838095261,0.5851,7.0,0,"(0.55, 0.6]",0.5428,"(0.5, 0.55]",4.389644640609359,4.877039838095253,0.5374
2025-09-27,SFG,COL,7.0,4.0,3.0,5.2,4.4,4.1,5.1,4.95,5.4,2.6,5.2,3.6,5.8,3.2,5.95,4.846533575034604,4.846533575034604,4.570189116270806,0.6004,7.0,0,"(0.6, 0.65]",0.5571,"(0.55, 0.6]",4.846533575034597,4.570189116270799,0.5438
2025-09-27,PHI,MIN,5.0,0.0,5.0,4.0,3.0,4.8,4.4,5.25,3.6,3.4,2.0,3.3,5.0,4.3,5.4,4.678737641549467,4.678737641549467,4.375528682817587,0.5583,5.0,0,"(0.55, 0.6]",0.5164,"(0.5, 0.55]",4.67873764154946,4.3755286828175795,0.518
2025-09-27,CLE,TEX,5.0,3.0,2.0,3.4,4.0,4.4,2.3,4.2,1.9,2.8,3.4,3.0,4.0,3.95,3.95,4.302637244019709,4.302637244019709,3.544439482555877,0.3808,5.0,0,"(0.0, 0.45]",0.3905,"(0.0, 0.45]",4.302637244019702,3.544439482555872,0.3825
2025-09-27,CHC,STL,10.0,7.0,3.0,6.8,4.4,5.3,4.1,4.8,3.65,4.8,6.0,4.5,5.0,3.75,5.0,4.620365546424397,4.620365546424397,4.199506363025757,0.5267,10.0,1,"(0.5, 0.55]",0.4869,"(0.45, 0.5]",4.62036554642439,4.199506363025751,0.4937
2025-09-27,BOS,DET,3.0,1.0,2.0,3.8,3.6,4.6,3.9,4.6,4.35,2.4,4.4,2.1,4.5,4.15,5.1,4.471128680459993,4.471128680459993,4.155408938174921,0.4938,3.0,0,"(0.45, 0.5]",0.482,"(0.45, 0.5]",4.4711286804599855,4.155408938174915,0.4755
2025-09-27,TOR,TBR,6.0,5.0,1.0,4.0,3.8,2.9,5.2,4.75,4.4,4.0,4.2,4.1,4.5,3.6,4.4,4.489878835880489,4.489878835880489,4.655243085833016,0.5674,6.0,0,"(0.55, 0.6]",0.5286,"(0.5, 0.55]",4.489878835880482,4.655243085833009,0.5333
2025-09-27,ATL,PIT,4.0,1.0,3.0,5.2,4.4,6.8,3.8,5.05,4.9,5.4,1.4,3.8,3.1,3.7,3.75,4.194971463166669,4.194971463166669,4.075015340532076,0.4516,4.0,0,"(0.45, 0.5]",0.4347,"(0.0, 0.45]",4.194971463166663,4.07501534053207,0.4351
2025-09-27,SEA,LAD,8.0,3.0,5.0,5.6,2.6,5.7,2.9,6.1,3.15,4.6,3.0,5.2,3.0,5.15,3.25,4.29619510398133,4.29619510398133,3.8562466825774218,0.4431,8.0,0,"(0.0, 0.45]",0.4142,"(0.0, 0.45]",4.296195103981323,3.856246682577416,0.42
2025-09-27,WSN,CHW,11.0,6.0,5.0,4.6,5.8,4.3,7.0,4.9,6.25,3.6,5.6,3.4,5.3,3.8,4.85,4.709659507952125,4.709659507952125,5.564212126485526,0.6962,11.0,1,"(0.65, 1.0]",0.6341,"(0.6, 0.65]",4.709659507952118,5.5642121264855176,0.6312
